DATETIME,price
1983-05-12 05:00:00,29.90000000000009
1983-05-13 05:00:00,29.920000000000087
1983-05-16 05:00:00,30.34000000000009
1983-05-17 05:00:00,30.420000000000087
1983-05-18 05:00:00,30.37000000000009
1983-05-19 05:00:00,30.420000000000087
1983-05-20 05:00:00,30.850000000000094
1983-05-23 05:00:00,30.84000000000009
1983-05-24 05:00:00,30.62000000000009
1983-05-25 05:00:00,30.73000000000009
1983-05-26 05:00:00,30.87000000000009
1983-05-27 05:00:00,30.750000000000085
1983-05-31 05:00:00,30.7200000000001
1983-06-01 05:00:00,30.84000000000009
1983-06-02 05:00:00,30.920000000000087
1983-06-03 05:00:00,30.920000000000087
1983-06-06 05:00:00,30.890000000000086
1983-06-07 05:00:00,31.12000000000009
1983-06-08 05:00:00,31.12000000000009
1983-06-09 05:00:00,31.020000000000095
1983-06-10 05:00:00,31.250000000000085
1983-06-13 05:00:00,31.500000000000085
1983-06-14 05:00:00,31.450000000000088
1983-06-15 05:00:00,31.750000000000085
1983-06-16 05:00:00,31.90000000000009
1983-06-17 05:00:00,31.820000000000093
1983-06-20 05:00:00,32.000000000000085
1983-06-21 05:00:00,31.720000000000084
1983-06-22 05:00:00,31.500000000000085
1983-06-23 05:00:00,31.65000000000009
1983-06-24 05:00:00,31.800000000000097
1983-06-27 05:00:00,31.750000000000085
1983-06-28 05:00:00,31.800000000000097
1983-06-29 05:00:00,31.750000000000085
1983-06-30 05:00:00,31.910000000000096
1983-07-01 05:00:00,31.90000000000009
1983-07-05 05:00:00,31.830000000000084
1983-07-06 05:00:00,31.800000000000097
1983-07-07 05:00:00,31.920000000000087
1983-07-08 05:00:00,31.990000000000094
1983-07-11 05:00:00,32.160000000000096
1983-07-12 05:00:00,32.250000000000085
1983-07-13 05:00:00,32.530000000000086
1983-07-14 05:00:00,32.48000000000009
1983-07-15 05:00:00,32.42000000000009
1983-07-18 05:00:00,32.3300000000001
1983-07-19 05:00:00,32.43000000000009
1983-07-20 05:00:00,32.43000000000009
1983-07-21 05:00:00,32.3300000000001
1983-07-22 05:00:00,32.270000000000095
1983-07-25 05:00:00,32.18000000000009
1983-07-26 05:00:00,32.29000000000009
1983-07-27 05:00:00,32.46000000000009
1983-07-28 05:00:00,32.5500000000001
1983-07-29 05:00:00,32.70000000000009
1983-08-01 05:00:00,32.90000000000009
1983-08-02 05:00:00,32.90000000000009
1983-08-03 05:00:00,32.890000000000086
1983-08-04 05:00:00,32.87000000000009
1983-08-05 05:00:00,32.860000000000085
1983-08-08 05:00:00,32.770000000000095
1983-08-09 05:00:00,32.660000000000096
1983-08-10 05:00:00,32.850000000000094
1983-08-11 05:00:00,32.740000000000094
1983-08-12 05:00:00,32.750000000000085
1983-08-15 05:00:00,32.82000000000009
1983-08-16 05:00:00,32.770000000000095
1983-08-17 05:00:00,32.6900000000001
1983-08-18 05:00:00,32.43000000000009
1983-08-19 05:00:00,32.380000000000095
1983-08-22 05:00:00,32.280000000000086
1983-08-23 05:00:00,32.43000000000009
1983-08-24 05:00:00,32.3300000000001
1983-08-25 05:00:00,32.48000000000009
1983-08-26 05:00:00,32.530000000000086
1983-08-29 05:00:00,32.43000000000009
1983-08-30 05:00:00,32.45000000000009
1983-08-31 05:00:00,32.350000000000094
1983-09-01 05:00:00,32.26000000000009
1983-09-02 05:00:00,32.26000000000009
1983-09-06 05:00:00,32.020000000000095
1983-09-07 05:00:00,32.06000000000009
1983-09-08 05:00:00,32.01000000000009
1983-09-09 05:00:00,31.930000000000092
1983-09-12 05:00:00,31.810000000000088
1983-09-13 05:00:00,31.990000000000094
1983-09-14 05:00:00,32.18000000000009
1983-09-15 05:00:00,32.31000000000009
1983-09-16 05:00:00,32.350000000000094
1983-09-19 05:00:00,32.3000000000001
1983-09-20 05:00:00,32.160000000000096
1983-09-21 05:00:00,32.23000000000009
1983-09-22 05:00:00,32.130000000000095
1983-09-23 05:00:00,32.15000000000009
1983-09-26 05:00:00,32.0800000000001
1983-09-27 05:00:00,31.990000000000094
1983-09-28 05:00:00,31.660000000000096
1983-09-29 05:00:00,31.48000000000009
1983-09-30 05:00:00,31.210000000000093
1983-10-03 05:00:00,30.690000000000097
1983-10-04 05:00:00,30.960000000000093
1983-10-05 05:00:00,31.030000000000086
1983-10-06 05:00:00,31.01000000000009
1983-10-07 05:00:00,31.23000000000009
1983-10-10 05:00:00,31.6100000000001
1983-10-11 05:00:00,31.330000000000098
1983-10-12 05:00:00,31.330000000000098
1983-10-13 05:00:00,31.48000000000009
1983-10-14 05:00:00,31.360000000000085
1983-10-17 05:00:00,31.410000000000096
1983-10-18 05:00:00,31.450000000000088
1983-10-19 05:00:00,31.180000000000092
1983-10-20 05:00:00,31.160000000000096
1983-10-21 05:00:00,31.200000000000088
1983-10-24 05:00:00,31.280000000000086
1983-10-25 05:00:00,31.300000000000097
1983-10-26 05:00:00,31.080000000000098
1983-10-27 05:00:00,31.130000000000095
1983-10-28 05:00:00,31.110000000000085
1983-10-31 06:00:00,31.23000000000009
1983-11-01 06:00:00,31.250000000000085
1983-11-02 06:00:00,31.240000000000094
1983-11-03 06:00:00,31.320000000000093
1983-11-04 06:00:00,31.34000000000009
1983-11-07 06:00:00,31.250000000000085
1983-11-08 06:00:00,31.250000000000085
1983-11-09 06:00:00,31.180000000000092
1983-11-10 06:00:00,30.910000000000096
1983-11-11 06:00:00,30.750000000000085
1983-11-14 06:00:00,30.690000000000083
1983-11-15 06:00:00,30.610000000000085
1983-11-16 06:00:00,30.250000000000085
1983-11-17 06:00:00,29.800000000000082
1983-11-18 06:00:00,30.100000000000094
1983-11-21 06:00:00,30.100000000000094
1983-11-22 06:00:00,29.960000000000093
1983-11-23 06:00:00,30.110000000000085
1983-11-28 06:00:00,30.680000000000092
1983-11-29 06:00:00,30.280000000000086
1983-11-30 06:00:00,30.060000000000088
1983-12-01 06:00:00,30.15000000000009
1983-12-02 06:00:00,30.220000000000084
1983-12-05 06:00:00,30.100000000000094
1983-12-06 06:00:00,30.01000000000009
1983-12-07 06:00:00,29.79000000000009
1983-12-08 06:00:00,30.100000000000094
1983-12-09 06:00:00,30.080000000000084
1983-12-12 06:00:00,30.130000000000095
1983-12-13 06:00:00,30.000000000000085
1983-12-14 06:00:00,29.98000000000009
1983-12-15 06:00:00,29.680000000000092
1983-12-16 06:00:00,29.29000000000009
1983-12-19 06:00:00,29.48000000000009
1983-12-20 06:00:00,29.810000000000088
1983-12-21 06:00:00,29.910000000000096
1983-12-22 06:00:00,30.220000000000084
1983-12-23 06:00:00,30.660000000000096
1983-12-27 06:00:00,31.080000000000084
1983-12-28 06:00:00,31.080000000000084
1983-12-29 06:00:00,30.660000000000096
1983-12-30 06:00:00,30.560000000000088
1984-01-03 06:00:00,30.320000000000093
1984-01-04 06:00:00,30.48000000000009
1984-01-05 06:00:00,30.330000000000084
1984-01-06 06:00:00,30.300000000000097
1984-01-09 06:00:00,30.560000000000088
1984-01-10 06:00:00,30.600000000000094
1984-01-11 06:00:00,30.59000000000009
1984-01-12 06:00:00,30.740000000000094
1984-01-13 06:00:00,30.90000000000009
1984-01-16 06:00:00,31.310000000000088
1984-01-17 06:00:00,31.140000000000086
1984-01-18 06:00:00,31.170000000000087
1984-01-19 06:00:00,31.310000000000088
1984-01-20 06:00:00,31.310000000000088
1984-01-23 06:00:00,30.890000000000086
1984-01-24 06:00:00,31.09000000000009
1984-01-25 06:00:00,31.170000000000087
1984-01-26 06:00:00,31.250000000000085
1984-01-27 06:00:00,31.460000000000093
1984-01-30 06:00:00,31.110000000000085
1984-01-31 06:00:00,31.26000000000009
1984-02-01 06:00:00,31.690000000000083
1984-02-02 06:00:00,31.54000000000009
1984-02-03 06:00:00,31.520000000000095
1984-02-06 06:00:00,31.550000000000097
1984-02-07 06:00:00,31.420000000000087
1984-02-08 06:00:00,31.420000000000087
1984-02-09 06:00:00,31.210000000000093
1984-02-10 06:00:00,31.26000000000009
1984-02-13 06:00:00,31.060000000000088
1984-02-14 06:00:00,31.13000000000008
1984-02-15 06:00:00,31.13000000000008
1984-02-16 06:00:00,31.280000000000086
1984-02-17 06:00:00,31.54000000000009
1984-02-21 06:00:00,31.410000000000082
1984-02-22 06:00:00,31.420000000000087
1984-02-23 06:00:00,31.550000000000082
1984-02-24 06:00:00,31.750000000000085
1984-02-27 06:00:00,32.40000000000009
1984-02-28 06:00:00,32.110000000000085
1984-02-29 06:00:00,32.19000000000008
1984-03-01 06:00:00,32.390000000000086
1984-03-02 06:00:00,32.42000000000009
1984-03-05 06:00:00,32.51000000000009
1984-03-06 06:00:00,32.42000000000009
1984-03-07 06:00:00,32.43000000000009
1984-03-08 06:00:00,32.52000000000008
1984-03-09 06:00:00,32.68000000000009
1984-03-12 06:00:00,32.63000000000008
1984-03-13 06:00:00,32.500000000000085
1984-03-14 06:00:00,32.44000000000008
1984-03-15 06:00:00,32.29000000000009
1984-03-16 06:00:00,32.10000000000008
1984-03-19 06:00:00,32.32000000000008
1984-03-20 06:00:00,32.360000000000085
1984-03-21 06:00:00,32.26000000000009
1984-03-22 06:00:00,32.330000000000084
1984-03-23 06:00:00,32.37000000000009
1984-03-26 06:00:00,32.40000000000009
1984-03-27 06:00:00,32.54000000000009
1984-03-28 06:00:00,32.45000000000009
1984-03-29 06:00:00,32.67000000000009
1984-03-30 06:00:00,32.68000000000008
1984-04-02 06:00:00,32.59000000000009
1984-04-03 06:00:00,32.640000000000086
1984-04-04 06:00:00,32.580000000000084
1984-04-05 06:00:00,32.54000000000009
1984-04-06 06:00:00,32.52000000000008
1984-04-09 06:00:00,32.500000000000085
1984-04-10 06:00:00,32.610000000000085
1984-04-11 06:00:00,32.640000000000086
1984-04-12 06:00:00,32.57000000000008
1984-04-13 06:00:00,32.55000000000008
1984-04-16 06:00:00,32.54000000000009
1984-04-17 06:00:00,32.530000000000086
1984-04-18 06:00:00,32.45000000000009
1984-04-19 06:00:00,32.470000000000084
1984-04-23 06:00:00,32.530000000000086
1984-04-24 06:00:00,32.55000000000008
1984-04-25 06:00:00,32.48000000000009
1984-04-26 06:00:00,32.42000000000009
1984-04-27 06:00:00,32.38000000000008
1984-04-30 05:00:00,32.19000000000008
1984-05-01 05:00:00,32.21000000000008
1984-05-02 05:00:00,32.16000000000008
1984-05-03 05:00:00,32.16000000000008
1984-05-04 05:00:00,32.26000000000009
1984-05-07 05:00:00,32.18000000000009
1984-05-08 05:00:00,32.21000000000008
1984-05-09 05:00:00,32.360000000000085
1984-05-10 05:00:00,32.38000000000008
1984-05-11 05:00:00,32.46000000000008
1984-05-14 05:00:00,32.71000000000008
1984-05-15 05:00:00,32.73000000000009
1984-05-16 05:00:00,33.190000000000104
1984-05-17 05:00:00,32.99000000000008
1984-05-18 05:00:00,33.1300000000001
1984-05-21 05:00:00,33.000000000000085
1984-05-22 05:00:00,32.76000000000009
1984-05-23 05:00:00,32.71000000000008
1984-05-24 05:00:00,32.85000000000008
1984-05-25 05:00:00,32.95000000000009
1984-05-29 05:00:00,32.79000000000008
1984-05-30 05:00:00,32.87000000000009
1984-05-31 05:00:00,32.830000000000084
1984-06-01 05:00:00,32.74000000000008
1984-06-04 05:00:00,32.79000000000008
1984-06-05 05:00:00,32.81000000000009
1984-06-06 05:00:00,32.610000000000085
1984-06-07 05:00:00,32.45000000000009
1984-06-08 05:00:00,32.43000000000008
1984-06-11 05:00:00,32.18000000000008
1984-06-12 05:00:00,32.20000000000009
1984-06-13 05:00:00,32.12000000000009
1984-06-14 05:00:00,32.280000000000086
1984-06-15 05:00:00,32.13000000000008
1984-06-18 05:00:00,31.860000000000085
1984-06-19 05:00:00,31.88000000000008
1984-06-20 05:00:00,31.79000000000009
1984-06-21 05:00:00,31.48000000000009
1984-06-22 05:00:00,31.38000000000008
1984-06-25 05:00:00,31.660000000000082
1984-06-26 05:00:00,31.500000000000085
1984-06-27 05:00:00,31.52000000000008
1984-06-28 05:00:00,31.690000000000083
1984-06-29 05:00:00,31.84000000000009
1984-07-02 05:00:00,31.720000000000084
1984-07-03 05:00:00,31.610000000000085
1984-07-05 05:00:00,31.65000000000009
1984-07-06 05:00:00,31.76000000000009
1984-07-09 05:00:00,31.560000000000088
1984-07-10 05:00:00,31.560000000000088
1984-07-11 05:00:00,31.550000000000082
1984-07-12 05:00:00,31.310000000000088
1984-07-13 05:00:00,31.250000000000085
1984-07-16 05:00:00,31.140000000000086
1984-07-17 05:00:00,31.15000000000009
1984-07-18 05:00:00,30.820000000000093
1984-07-19 05:00:00,30.65000000000009
1984-07-20 05:00:00,30.350000000000094
1984-07-23 05:00:00,30.210000000000093
1984-07-24 05:00:00,30.01000000000009
1984-07-25 05:00:00,29.87000000000009
1984-07-26 05:00:00,29.700000000000088
1984-07-27 05:00:00,29.640000000000086
1984-07-30 05:00:00,29.600000000000094
1984-07-31 05:00:00,29.610000000000085
1984-08-01 05:00:00,30.13000000000008
1984-08-02 05:00:00,31.01000000000009
1984-08-03 05:00:00,30.750000000000085
1984-08-06 05:00:00,31.140000000000086
1984-08-07 05:00:00,31.34000000000009
1984-08-08 05:00:00,31.360000000000085
1984-08-09 05:00:00,31.320000000000093
1984-08-10 05:00:00,31.01000000000009
1984-08-13 05:00:00,31.080000000000084
1984-08-14 05:00:00,31.220000000000084
1984-08-15 05:00:00,31.15000000000009
1984-08-16 05:00:00,31.130000000000095
1984-08-17 05:00:00,31.220000000000084
1984-08-20 05:00:00,31.310000000000088
1984-08-21 05:00:00,31.48000000000009
1984-08-22 05:00:00,31.740000000000094
1984-08-23 05:00:00,31.580000000000084
1984-08-24 05:00:00,31.720000000000084
1984-08-27 05:00:00,31.660000000000096
1984-08-28 05:00:00,31.660000000000096
1984-08-29 05:00:00,31.600000000000094
1984-08-30 05:00:00,31.270000000000095
1984-08-31 05:00:00,31.200000000000088
1984-09-04 05:00:00,31.000000000000085
1984-09-05 05:00:00,30.720000000000084
1984-09-06 05:00:00,31.170000000000087
1984-09-07 05:00:00,31.080000000000084
1984-09-10 05:00:00,31.280000000000086
1984-09-11 05:00:00,31.380000000000095
1984-09-12 05:00:00,31.170000000000087
1984-09-13 05:00:00,31.170000000000087
1984-09-14 05:00:00,31.070000000000093
1984-09-17 05:00:00,30.98000000000009
1984-09-18 05:00:00,31.09000000000009
1984-09-19 05:00:00,31.26000000000009
1984-09-20 05:00:00,31.210000000000093
1984-09-21 05:00:00,31.12000000000009
1984-09-24 05:00:00,31.140000000000086
1984-09-25 05:00:00,31.220000000000084
1984-09-26 05:00:00,31.250000000000085
1984-09-27 05:00:00,31.240000000000094
1984-09-28 05:00:00,31.350000000000094
1984-10-01 05:00:00,31.350000000000094
1984-10-02 05:00:00,31.280000000000086
1984-10-03 05:00:00,31.15000000000009
1984-10-04 05:00:00,31.070000000000093
1984-10-05 05:00:00,30.970000000000084
1984-10-08 05:00:00,30.970000000000084
1984-10-09 05:00:00,31.070000000000093
1984-10-10 05:00:00,30.940000000000083
1984-10-11 05:00:00,30.910000000000082
1984-10-12 05:00:00,30.700000000000088
1984-10-15 05:00:00,30.360000000000085
1984-10-16 05:00:00,30.250000000000085
1984-10-17 05:00:00,29.37000000000009
1984-10-18 05:00:00,29.000000000000085
1984-10-19 05:00:00,29.160000000000082
1984-10-22 05:00:00,29.810000000000088
1984-10-23 05:00:00,29.690000000000083
1984-10-24 05:00:00,29.910000000000082
1984-10-25 05:00:00,30.030000000000086
1984-10-26 05:00:00,29.950000000000088
1984-10-29 06:00:00,29.740000000000094
1984-10-30 06:00:00,29.530000000000086
1984-10-31 06:00:00,29.780000000000086
1984-11-01 06:00:00,30.09000000000009
1984-11-02 06:00:00,30.01000000000009
1984-11-05 06:00:00,29.880000000000095
1984-11-06 06:00:00,30.04000000000009
1984-11-07 06:00:00,30.110000000000085
1984-11-08 06:00:00,30.04000000000009
1984-11-09 06:00:00,29.87000000000009
1984-11-12 06:00:00,29.570000000000093
1984-11-13 06:00:00,29.660000000000082
1984-11-14 06:00:00,29.690000000000083
1984-11-15 06:00:00,29.710000000000093
1984-11-16 06:00:00,29.54000000000009
1984-11-19 06:00:00,29.29000000000009
1984-11-20 06:00:00,29.330000000000084
1984-11-21 06:00:00,29.250000000000085
1984-11-26 06:00:00,28.660000000000082
1984-11-27 06:00:00,28.810000000000088
1984-11-28 06:00:00,28.850000000000094
1984-11-29 06:00:00,29.030000000000086
1984-11-30 06:00:00,28.830000000000084
1984-12-03 06:00:00,28.810000000000088
1984-12-04 06:00:00,29.050000000000082
1984-12-05 06:00:00,29.220000000000084
1984-12-06 06:00:00,29.190000000000083
1984-12-07 06:00:00,28.940000000000083
1984-12-10 06:00:00,28.920000000000087
1984-12-11 06:00:00,28.780000000000086
1984-12-12 06:00:00,28.420000000000087
1984-12-13 06:00:00,28.51000000000009
1984-12-14 06:00:00,28.490000000000094
1984-12-17 06:00:00,28.500000000000085
1984-12-18 06:00:00,28.48000000000009
1984-12-19 06:00:00,28.000000000000085
1984-12-20 06:00:00,27.960000000000093
1984-12-21 06:00:00,28.140000000000086
1984-12-26 06:00:00,28.320000000000093
1984-12-27 06:00:00,27.920000000000087
1984-12-28 06:00:00,27.990000000000094
1985-01-02 06:00:00,27.530000000000086
1985-01-03 06:00:00,27.51000000000009
1985-01-04 06:00:00,26.910000000000096
1985-01-07 06:00:00,27.320000000000093
1985-01-08 06:00:00,27.23000000000009
1985-01-09 06:00:00,27.15000000000009
1985-01-10 06:00:00,27.51000000000009
1985-01-11 06:00:00,27.490000000000094
1985-01-14 06:00:00,28.01000000000009
1985-01-15 06:00:00,27.59000000000009
1985-01-16 06:00:00,27.270000000000095
1985-01-17 06:00:00,27.330000000000084
1985-01-18 06:00:00,27.350000000000094
1985-01-21 06:00:00,27.550000000000097
1985-01-22 06:00:00,27.130000000000095
1985-01-23 06:00:00,26.970000000000084
1985-01-24 06:00:00,26.920000000000087
1985-01-25 06:00:00,26.87000000000009
1985-01-28 06:00:00,26.810000000000088
1985-01-29 06:00:00,26.98000000000009
1985-01-30 06:00:00,27.160000000000096
1985-01-31 06:00:00,27.62000000000009
1985-02-01 06:00:00,28.050000000000097
1985-02-04 06:00:00,27.98000000000009
1985-02-05 06:00:00,28.170000000000087
1985-02-06 06:00:00,28.470000000000084
1985-02-07 06:00:00,28.500000000000085
1985-02-08 06:00:00,28.710000000000093
1985-02-11 06:00:00,29.100000000000094
1985-02-12 06:00:00,28.250000000000085
1985-02-13 06:00:00,28.690000000000097
1985-02-14 06:00:00,28.670000000000087
1985-02-15 06:00:00,28.98000000000009
1985-02-19 06:00:00,28.950000000000088
1985-02-20 06:00:00,28.930000000000092
1985-02-21 06:00:00,28.90000000000009
1985-02-22 06:00:00,28.550000000000097
1985-02-25 06:00:00,28.300000000000097
1985-02-26 06:00:00,28.640000000000086
1985-02-27 06:00:00,28.490000000000094
1985-02-28 06:00:00,28.330000000000084
1985-03-01 06:00:00,28.860000000000085
1985-03-04 06:00:00,29.410000000000096
1985-03-05 06:00:00,29.300000000000097
1985-03-06 06:00:00,29.48000000000009
1985-03-07 06:00:00,29.84000000000009
1985-03-08 06:00:00,29.390000000000086
1985-03-11 06:00:00,29.220000000000084
1985-03-12 06:00:00,29.470000000000084
1985-03-13 06:00:00,29.59000000000009
1985-03-14 06:00:00,29.640000000000086
1985-03-15 06:00:00,29.79000000000009
1985-03-18 06:00:00,30.26000000000009
1985-03-19 06:00:00,30.220000000000084
1985-03-20 06:00:00,29.940000000000083
1985-03-21 06:00:00,30.320000000000093
1985-03-22 06:00:00,30.190000000000083
1985-03-25 06:00:00,30.060000000000088
1985-03-26 06:00:00,30.440000000000083
1985-03-27 06:00:00,30.29000000000009
1985-03-28 06:00:00,30.440000000000083
1985-03-29 06:00:00,30.37000000000009
1985-04-01 06:00:00,30.73000000000009
1985-04-02 06:00:00,30.940000000000083
1985-04-03 06:00:00,30.880000000000095
1985-04-04 06:00:00,30.940000000000083
1985-04-08 06:00:00,31.15000000000009
1985-04-09 06:00:00,31.140000000000086
1985-04-10 06:00:00,31.29000000000009
1985-04-11 06:00:00,30.84000000000009
1985-04-12 06:00:00,30.48000000000009
1985-04-15 06:00:00,30.820000000000093
1985-04-16 06:00:00,30.710000000000093
1985-04-17 06:00:00,30.280000000000086
1985-04-18 06:00:00,30.380000000000095
1985-04-19 06:00:00,30.490000000000094
1985-04-22 06:00:00,30.65000000000009
1985-04-23 06:00:00,30.490000000000094
1985-04-24 06:00:00,30.26000000000009
1985-04-25 06:00:00,30.15000000000009
1985-04-26 06:00:00,30.34000000000009
1985-04-29 05:00:00,30.000000000000085
1985-04-30 05:00:00,29.990000000000094
1985-05-01 05:00:00,29.580000000000084
1985-05-02 05:00:00,29.600000000000094
1985-05-03 05:00:00,29.54000000000009
1985-05-06 05:00:00,29.500000000000085
1985-05-07 05:00:00,29.520000000000095
1985-05-08 05:00:00,29.520000000000095
1985-05-09 05:00:00,29.90000000000009
1985-05-10 05:00:00,29.660000000000096
1985-05-13 05:00:00,29.90000000000009
1985-05-14 05:00:00,29.87000000000009
1985-05-15 05:00:00,29.810000000000088
1985-05-16 05:00:00,29.800000000000082
1985-05-17 05:00:00,29.76000000000009
1985-05-20 05:00:00,29.720000000000084
1985-05-21 05:00:00,29.830000000000084
1985-05-22 05:00:00,29.940000000000083
1985-05-23 05:00:00,30.360000000000085
1985-05-24 05:00:00,30.550000000000082
1985-05-28 05:00:00,30.410000000000096
1985-05-29 05:00:00,30.440000000000083
1985-05-30 05:00:00,30.630000000000095
1985-05-31 05:00:00,30.65000000000009
1985-06-03 05:00:00,30.15000000000009
1985-06-04 05:00:00,30.060000000000088
1985-06-05 05:00:00,29.350000000000094
1985-06-06 05:00:00,29.520000000000095
1985-06-07 05:00:00,29.37000000000009
1985-06-10 05:00:00,29.180000000000092
1985-06-11 05:00:00,29.310000000000088
1985-06-12 05:00:00,29.470000000000084
1985-06-13 05:00:00,29.750000000000085
1985-06-14 05:00:00,29.410000000000096
1985-06-17 05:00:00,29.280000000000086
1985-06-18 05:00:00,29.350000000000094
1985-06-19 05:00:00,29.670000000000087
1985-06-20 05:00:00,29.710000000000093
1985-06-21 05:00:00,29.960000000000093
1985-06-24 05:00:00,29.990000000000094
1985-06-25 05:00:00,29.830000000000084
1985-06-26 05:00:00,30.09000000000009
1985-06-27 05:00:00,30.29000000000009
1985-06-28 05:00:00,30.060000000000088
1985-07-01 05:00:00,29.780000000000086
1985-07-02 05:00:00,29.960000000000093
1985-07-03 05:00:00,30.000000000000085
1985-07-08 05:00:00,30.030000000000086
1985-07-09 05:00:00,30.54000000000009
1985-07-10 05:00:00,30.580000000000084
1985-07-11 05:00:00,30.37000000000009
1985-07-12 05:00:00,30.070000000000093
1985-07-15 05:00:00,30.080000000000084
1985-07-16 05:00:00,30.09000000000009
1985-07-17 05:00:00,30.12000000000009
1985-07-18 05:00:00,30.200000000000088
1985-07-19 05:00:00,30.200000000000088
1985-07-22 05:00:00,30.37000000000009
1985-07-23 05:00:00,30.690000000000083
1985-07-24 05:00:00,30.920000000000087
1985-07-25 05:00:00,30.98000000000009
1985-07-26 05:00:00,30.930000000000092
1985-07-29 05:00:00,31.01000000000009
1985-07-30 05:00:00,31.04000000000009
1985-07-31 05:00:00,30.680000000000092
1985-08-01 05:00:00,30.830000000000084
1985-08-02 05:00:00,30.960000000000093
1985-08-05 05:00:00,31.000000000000085
1985-08-06 05:00:00,30.910000000000096
1985-08-07 05:00:00,30.930000000000092
1985-08-08 05:00:00,30.930000000000092
1985-08-09 05:00:00,31.070000000000093
1985-08-12 05:00:00,31.37000000000009
1985-08-13 05:00:00,31.350000000000094
1985-08-14 05:00:00,31.51000000000009
1985-08-15 05:00:00,31.84000000000009
1985-08-16 05:00:00,31.800000000000082
1985-08-19 05:00:00,31.640000000000086
1985-08-20 05:00:00,31.84000000000009
1985-08-21 05:00:00,31.990000000000094
1985-08-22 05:00:00,32.100000000000094
1985-08-23 05:00:00,32.100000000000094
1985-08-26 05:00:00,32.280000000000086
1985-08-27 05:00:00,32.27000000000008
1985-08-28 05:00:00,32.31000000000009
1985-08-29 05:00:00,32.12000000000009
1985-08-30 05:00:00,32.27000000000008
1985-09-03 05:00:00,32.44000000000008
1985-09-04 05:00:00,32.34000000000009
1985-09-05 05:00:00,31.960000000000093
1985-09-06 05:00:00,31.800000000000082
1985-09-09 05:00:00,31.500000000000085
1985-09-10 05:00:00,31.73000000000009
1985-09-11 05:00:00,31.700000000000088
1985-09-12 05:00:00,32.07000000000009
1985-09-13 05:00:00,31.85000000000008
1985-09-16 05:00:00,31.74000000000008
1985-09-17 05:00:00,32.02000000000008
1985-09-18 05:00:00,32.04000000000009
1985-09-19 05:00:00,32.16000000000008
1985-09-20 05:00:00,32.530000000000086
1985-09-23 05:00:00,32.54000000000009
1985-09-24 05:00:00,32.76000000000009
1985-09-25 05:00:00,32.88000000000008
1985-09-26 05:00:00,33.450000000000095
1985-09-27 05:00:00,33.50000000000011
1985-09-30 05:00:00,33.690000000000104
1985-10-01 05:00:00,33.6300000000001
1985-10-02 05:00:00,33.89000000000009
1985-10-03 05:00:00,33.83000000000009
1985-10-04 05:00:00,33.43000000000011
1985-10-07 05:00:00,33.58000000000009
1985-10-08 05:00:00,33.68000000000011
1985-10-09 05:00:00,33.36000000000009
1985-10-10 05:00:00,32.92000000000009
1985-10-11 05:00:00,33.0700000000001
1985-10-14 05:00:00,33.49000000000009
1985-10-15 05:00:00,33.78000000000011
1985-10-16 05:00:00,33.690000000000104
1985-10-17 05:00:00,33.8200000000001
1985-10-18 05:00:00,33.690000000000104
1985-10-21 05:00:00,33.900000000000084
1985-10-22 05:00:00,33.6300000000001
1985-10-23 05:00:00,34.0400000000001
1985-10-24 05:00:00,34.3200000000001
1985-10-25 05:00:00,34.420000000000094
1985-10-28 06:00:00,34.8500000000001
1985-10-29 06:00:00,35.02000000000009
1985-10-30 06:00:00,34.86000000000009
1985-10-31 06:00:00,35.0400000000001
1985-11-01 06:00:00,35.06000000000008
1985-11-04 06:00:00,34.83000000000009
1985-11-05 06:00:00,34.52000000000009
1985-11-06 06:00:00,34.940000000000076
1985-11-07 06:00:00,35.08000000000009
1985-11-08 06:00:00,35.130000000000074
1985-11-11 06:00:00,35.410000000000075
1985-11-12 06:00:00,35.49000000000009
1985-11-13 06:00:00,35.5700000000001
1985-11-14 06:00:00,35.8800000000001
1985-11-15 06:00:00,35.420000000000094
1985-11-18 06:00:00,35.410000000000075
1985-11-19 06:00:00,35.81000000000008
1985-11-20 06:00:00,36.11000000000009
1985-11-21 06:00:00,36.410000000000075
1985-11-22 06:00:00,36.50000000000008
1985-11-25 06:00:00,36.6600000000001
1985-11-26 06:00:00,36.3500000000001
1985-11-27 06:00:00,35.36000000000009
1985-12-02 06:00:00,35.56000000000008
1985-12-03 06:00:00,34.910000000000075
1985-12-04 06:00:00,34.36000000000009
1985-12-05 06:00:00,34.53000000000008
1985-12-06 06:00:00,34.450000000000095
1985-12-09 06:00:00,33.450000000000095
1985-12-10 06:00:00,31.950000000000088
1985-12-11 06:00:00,32.21000000000009
1985-12-12 06:00:00,32.630000000000095
1985-12-13 06:00:00,32.46000000000009
1985-12-16 06:00:00,32.220000000000084
1985-12-17 06:00:00,31.34000000000009
1985-12-18 06:00:00,31.860000000000085
1985-12-19 06:00:00,32.26000000000009
1985-12-20 06:00:00,31.970000000000084
1985-12-23 06:00:00,31.750000000000085
1985-12-26 06:00:00,32.390000000000086
1985-12-27 06:00:00,32.96000000000009
1985-12-30 06:00:00,32.720000000000084
1985-12-31 06:00:00,32.360000000000085
1986-01-02 06:00:00,31.62000000000009
1986-01-03 06:00:00,32.0800000000001
1986-01-06 06:00:00,32.660000000000096
1986-01-07 06:00:00,32.270000000000095
1986-01-08 06:00:00,31.90000000000009
1986-01-09 06:00:00,31.720000000000084
1986-01-10 06:00:00,31.73000000000009
1986-01-13 06:00:00,30.87000000000009
1986-01-14 06:00:00,30.800000000000097
1986-01-15 06:00:00,30.930000000000092
1986-01-16 06:00:00,29.930000000000092
1986-01-17 06:00:00,29.780000000000086
1986-01-20 06:00:00,28.780000000000086
1986-01-21 06:00:00,28.390000000000086
1986-01-22 06:00:00,28.160000000000096
1986-01-23 06:00:00,27.76000000000009
1986-01-24 06:00:00,27.40000000000009
1986-01-27 06:00:00,28.40000000000009
1986-01-28 06:00:00,28.12000000000009
1986-01-29 06:00:00,27.59000000000009
1986-01-30 06:00:00,27.490000000000094
1986-01-31 06:00:00,26.710000000000093
1986-02-03 06:00:00,25.710000000000093
1986-02-04 06:00:00,24.210000000000093
1986-02-05 06:00:00,24.26000000000009
1986-02-06 06:00:00,24.550000000000097
1986-02-07 06:00:00,25.54000000000009
1986-02-10 06:00:00,24.62000000000009
1986-02-11 06:00:00,24.330000000000084
1986-02-12 06:00:00,23.63000000000008
1986-02-13 06:00:00,24.380000000000095
1986-02-14 06:00:00,24.15000000000009
1986-02-18 06:00:00,23.15000000000009
1986-02-19 06:00:00,23.220000000000084
1986-02-20 06:00:00,22.54000000000009
1986-02-21 06:00:00,21.54000000000009
1986-02-24 06:00:00,23.04000000000009
1986-02-25 06:00:00,22.640000000000086
1986-02-26 06:00:00,22.63000000000008
1986-02-27 06:00:00,22.060000000000088
1986-02-28 06:00:00,21.40000000000009
1986-03-03 06:00:00,20.470000000000084
1986-03-04 06:00:00,20.110000000000085
1986-03-05 06:00:00,20.13000000000008
1986-03-06 06:00:00,21.110000000000085
1986-03-07 06:00:00,20.280000000000086
1986-03-10 06:00:00,20.99000000000008
1986-03-11 06:00:00,21.220000000000084
1986-03-12 06:00:00,22.12000000000009
1986-03-13 06:00:00,21.12000000000009
1986-03-14 06:00:00,20.79000000000009
1986-03-17 06:00:00,21.34000000000009
1986-03-18 06:00:00,21.77000000000008
1986-03-19 06:00:00,21.500000000000085
1986-03-20 06:00:00,20.820000000000093
1986-03-21 06:00:00,21.750000000000085
1986-03-24 06:00:00,20.750000000000085
1986-03-25 06:00:00,20.200000000000088
1986-03-26 06:00:00,19.77000000000008
1986-03-27 06:00:00,19.190000000000083
1986-03-31 06:00:00,18.210000000000093
1986-04-01 06:00:00,19.100000000000094
1986-04-02 06:00:00,19.300000000000082
1986-04-03 06:00:00,19.580000000000084
1986-04-04 06:00:00,20.450000000000088
1986-04-07 06:00:00,21.450000000000088
1986-04-08 06:00:00,20.070000000000093
1986-04-09 06:00:00,20.54000000000009
1986-04-10 06:00:00,20.890000000000086
1986-04-11 06:00:00,21.04000000000009
1986-04-14 06:00:00,20.40000000000009
1986-04-15 06:00:00,20.110000000000085
1986-04-16 06:00:00,19.160000000000096
1986-04-17 06:00:00,19.51000000000009
1986-04-18 06:00:00,19.500000000000085
1986-04-21 06:00:00,19.82000000000008
1986-04-22 06:00:00,20.04000000000009
1986-04-23 06:00:00,20.62000000000009
1986-04-24 06:00:00,20.430000000000092
1986-04-25 06:00:00,20.890000000000086
1986-04-28 05:00:00,20.780000000000086
1986-04-29 05:00:00,20.830000000000084
1986-04-30 05:00:00,20.74000000000008
1986-05-01 05:00:00,21.180000000000092
1986-05-02 05:00:00,22.030000000000086
1986-05-05 05:00:00,21.600000000000094
1986-05-06 05:00:00,21.610000000000085
1986-05-07 05:00:00,22.470000000000084
1986-05-08 05:00:00,22.90000000000009
1986-05-09 05:00:00,22.960000000000093
1986-05-12 05:00:00,22.850000000000094
1986-05-13 05:00:00,22.820000000000093
1986-05-14 05:00:00,22.530000000000086
1986-05-15 05:00:00,22.720000000000084
1986-05-16 05:00:00,23.080000000000084
1986-05-19 05:00:00,24.000000000000085
1986-05-20 05:00:00,23.000000000000085
1986-05-21 05:00:00,22.310000000000088
1986-05-22 05:00:00,22.62000000000009
1986-05-23 05:00:00,22.99000000000008
1986-05-27 05:00:00,22.51000000000009
1986-05-28 05:00:00,22.330000000000084
1986-05-29 05:00:00,22.12000000000009
1986-05-30 05:00:00,21.87000000000009
1986-06-02 05:00:00,21.320000000000093
1986-06-03 05:00:00,21.330000000000084
1986-06-04 05:00:00,20.77000000000008
1986-06-05 05:00:00,21.110000000000085
1986-06-06 05:00:00,20.660000000000082
1986-06-09 05:00:00,20.580000000000084
1986-06-10 05:00:00,20.500000000000085
1986-06-11 05:00:00,21.390000000000086
1986-06-12 05:00:00,21.410000000000082
1986-06-13 05:00:00,21.450000000000088
1986-06-16 05:00:00,21.10000000000008
1986-06-17 05:00:00,21.080000000000084
1986-06-18 05:00:00,20.780000000000086
1986-06-19 05:00:00,20.860000000000085
1986-06-20 05:00:00,20.680000000000092
1986-06-23 05:00:00,20.73000000000009
1986-06-24 05:00:00,20.680000000000092
1986-06-25 05:00:00,20.96000000000008
1986-06-26 05:00:00,20.890000000000086
1986-06-27 05:00:00,21.23000000000009
1986-06-30 05:00:00,20.580000000000084
1986-07-01 05:00:00,20.190000000000083
1986-07-02 05:00:00,19.890000000000086
1986-07-07 05:00:00,19.09000000000009
1986-07-08 05:00:00,19.210000000000093
1986-07-09 05:00:00,18.54000000000009
1986-07-10 05:00:00,18.920000000000087
1986-07-11 05:00:00,18.470000000000084
1986-07-14 05:00:00,18.40000000000009
1986-07-15 05:00:00,19.200000000000088
1986-07-16 05:00:00,19.84000000000009
1986-07-17 05:00:00,19.23000000000009
1986-07-18 05:00:00,19.530000000000086
1986-07-21 05:00:00,19.71000000000008
1986-07-22 05:00:00,19.030000000000086
1986-07-23 05:00:00,18.680000000000092
1986-07-24 05:00:00,18.85000000000008
1986-07-25 05:00:00,18.660000000000082
1986-07-28 05:00:00,18.780000000000086
1986-07-29 05:00:00,19.220000000000084
1986-07-30 05:00:00,19.37000000000009
1986-07-31 05:00:00,18.88000000000008
1986-08-01 05:00:00,19.200000000000088
1986-08-04 05:00:00,20.200000000000088
1986-08-05 05:00:00,21.700000000000088
1986-08-06 05:00:00,22.46000000000008
1986-08-07 05:00:00,22.90000000000009
1986-08-08 05:00:00,22.470000000000084
1986-08-11 05:00:00,22.450000000000088
1986-08-12 05:00:00,23.12000000000009
1986-08-13 05:00:00,23.27000000000008
1986-08-14 05:00:00,23.410000000000082
1986-08-15 05:00:00,23.73000000000009
1986-08-18 05:00:00,23.54000000000009
1986-08-19 05:00:00,23.09000000000009
1986-08-20 05:00:00,23.470000000000084
1986-08-21 05:00:00,23.420000000000087
1986-08-22 05:00:00,23.450000000000088
1986-08-25 05:00:00,23.470000000000084
1986-08-26 05:00:00,23.74000000000008
1986-08-27 05:00:00,23.74000000000008
1986-08-28 05:00:00,23.77000000000008
1986-08-29 05:00:00,23.810000000000088
1986-09-02 05:00:00,24.40000000000009
1986-09-03 05:00:00,24.170000000000087
1986-09-04 05:00:00,24.210000000000093
1986-09-05 05:00:00,24.410000000000096
1986-09-08 05:00:00,23.580000000000084
1986-09-09 05:00:00,23.29000000000009
1986-09-10 05:00:00,22.82000000000008
1986-09-11 05:00:00,22.98000000000009
1986-09-12 05:00:00,23.07000000000008
1986-09-15 05:00:00,22.46000000000008
1986-09-16 05:00:00,22.09000000000009
1986-09-17 05:00:00,22.21000000000008
1986-09-18 05:00:00,22.82000000000008
1986-09-19 05:00:00,22.82000000000008
1986-09-22 05:00:00,22.450000000000088
1986-09-23 05:00:00,22.610000000000085
1986-09-24 05:00:00,22.73000000000009
1986-09-25 05:00:00,22.440000000000083
1986-09-26 05:00:00,22.640000000000086
1986-09-29 05:00:00,23.13000000000008
1986-09-30 05:00:00,22.96000000000008
1986-10-01 05:00:00,23.38000000000008
1986-10-02 05:00:00,23.640000000000086
1986-10-03 05:00:00,23.15000000000009
1986-10-06 05:00:00,23.15000000000009
1986-10-07 05:00:00,23.720000000000084
1986-10-08 05:00:00,23.71000000000008
1986-10-09 05:00:00,23.40000000000009
1986-10-10 05:00:00,23.170000000000087
1986-10-13 05:00:00,22.560000000000088
1986-10-14 05:00:00,22.750000000000085
1986-10-15 05:00:00,23.000000000000085
1986-10-16 05:00:00,22.720000000000084
1986-10-17 05:00:00,23.140000000000086
1986-10-20 05:00:00,23.640000000000086
1986-10-21 05:00:00,23.800000000000082
1986-10-22 05:00:00,23.37000000000009
1986-10-23 05:00:00,23.200000000000088
1986-10-24 05:00:00,23.180000000000092
1986-10-27 06:00:00,22.49000000000008
1986-10-28 06:00:00,22.26000000000009
1986-10-29 06:00:00,21.800000000000082
1986-10-30 06:00:00,22.800000000000082
1986-10-31 06:00:00,23.360000000000085
1986-11-03 06:00:00,22.910000000000082
1986-11-04 06:00:00,23.12000000000009
1986-11-05 06:00:00,23.15000000000009
1986-11-06 06:00:00,23.250000000000085
1986-11-07 06:00:00,23.250000000000085
1986-11-10 06:00:00,23.360000000000085
1986-11-11 06:00:00,23.51000000000009
1986-11-12 06:00:00,23.450000000000088
1986-11-13 06:00:00,23.610000000000085
1986-11-14 06:00:00,23.680000000000092
1986-11-17 06:00:00,23.530000000000086
1986-11-18 06:00:00,23.560000000000088
1986-11-19 06:00:00,23.530000000000086
1986-11-20 06:00:00,23.35000000000008
1986-11-21 06:00:00,23.38000000000008
1986-11-24 06:00:00,23.02000000000008
1986-11-25 06:00:00,22.970000000000084
1986-11-26 06:00:00,23.050000000000082
1986-12-01 06:00:00,23.390000000000086
1986-12-02 06:00:00,23.250000000000085
1986-12-03 06:00:00,23.160000000000082
1986-12-04 06:00:00,23.24000000000008
1986-12-05 06:00:00,23.190000000000083
1986-12-08 06:00:00,23.060000000000088
1986-12-09 06:00:00,23.030000000000086
1986-12-10 06:00:00,23.170000000000087
1986-12-11 06:00:00,23.610000000000085
1986-12-12 06:00:00,24.220000000000084
1986-12-15 06:00:00,24.570000000000093
1986-12-16 06:00:00,24.390000000000086
1986-12-17 06:00:00,24.140000000000086
1986-12-18 06:00:00,24.570000000000093
1986-12-19 06:00:00,24.430000000000092
1986-12-22 06:00:00,25.27000000000008
1986-12-23 06:00:00,24.90000000000009
1986-12-24 06:00:00,25.280000000000086
1986-12-29 06:00:00,25.690000000000083
1986-12-30 06:00:00,25.680000000000092
1986-12-31 06:00:00,25.860000000000085
1987-01-02 06:00:00,26.01000000000009
1987-01-05 06:00:00,25.76000000000009
1987-01-06 06:00:00,26.050000000000082
1987-01-07 06:00:00,26.12000000000009
1987-01-08 06:00:00,26.450000000000088
1987-01-09 06:00:00,26.660000000000082
1987-01-12 06:00:00,26.820000000000093
1987-01-13 06:00:00,26.65000000000009
1987-01-14 06:00:00,26.60000000000008
1987-01-15 06:00:00,26.560000000000088
1987-01-16 06:00:00,26.530000000000086
1987-01-19 06:00:00,26.440000000000083
1987-01-20 06:00:00,26.700000000000088
1987-01-21 06:00:00,26.580000000000084
1987-01-22 06:00:00,26.750000000000085
1987-01-23 06:00:00,26.65000000000009
1987-01-26 06:00:00,26.500000000000085
1987-01-27 06:00:00,26.420000000000087
1987-01-28 06:00:00,26.52000000000008
1987-01-29 06:00:00,26.610000000000085
1987-01-30 06:00:00,26.640000000000086
1987-02-02 06:00:00,26.48000000000009
1987-02-03 06:00:00,26.330000000000084
1987-02-04 06:00:00,26.250000000000085
1987-02-05 06:00:00,26.60000000000008
1987-02-06 06:00:00,26.46000000000008
1987-02-09 06:00:00,26.330000000000084
1987-02-10 06:00:00,26.40000000000009
1987-02-11 06:00:00,26.01000000000009
1987-02-12 06:00:00,25.970000000000084
1987-02-13 06:00:00,25.88000000000008
1987-02-17 06:00:00,25.73000000000009
1987-02-18 06:00:00,25.360000000000085
1987-02-19 06:00:00,25.370000000000076
1987-02-20 06:00:00,25.700000000000088
1987-02-23 06:00:00,25.13000000000008
1987-02-24 06:00:00,24.79000000000009
1987-02-25 06:00:00,24.54000000000009
1987-02-26 06:00:00,24.85000000000008
1987-02-27 06:00:00,24.640000000000086
1987-03-02 06:00:00,24.51000000000009
1987-03-03 06:00:00,25.440000000000083
1987-03-04 06:00:00,25.60000000000008
1987-03-05 06:00:00,25.84000000000009
1987-03-06 06:00:00,26.140000000000086
1987-03-09 06:00:00,26.080000000000084
1987-03-10 06:00:00,26.15000000000009
1987-03-11 06:00:00,26.300000000000082
1987-03-12 06:00:00,26.370000000000076
1987-03-13 06:00:00,26.32000000000008
1987-03-16 06:00:00,26.49000000000008
1987-03-17 06:00:00,26.60000000000008
1987-03-18 06:00:00,26.280000000000086
1987-03-19 06:00:00,26.49000000000008
1987-03-20 06:00:00,26.46000000000008
1987-03-23 06:00:00,26.430000000000078
1987-03-24 06:00:00,26.73000000000009
1987-03-25 06:00:00,26.550000000000082
1987-03-26 06:00:00,26.690000000000083
1987-03-27 06:00:00,26.73000000000009
1987-03-30 06:00:00,26.82000000000008
1987-03-31 06:00:00,26.910000000000082
1987-04-01 06:00:00,26.860000000000085
1987-04-02 06:00:00,26.950000000000088
1987-04-03 06:00:00,26.77000000000008
1987-04-06 05:00:00,26.720000000000084
1987-04-07 05:00:00,26.870000000000076
1987-04-08 05:00:00,26.680000000000078
1987-04-09 05:00:00,26.63000000000008
1987-04-10 05:00:00,26.080000000000084
1987-04-13 05:00:00,26.110000000000085
1987-04-14 05:00:00,26.080000000000084
1987-04-15 05:00:00,26.52000000000008
1987-04-16 05:00:00,26.410000000000082
1987-04-20 05:00:00,26.420000000000087
1987-04-21 05:00:00,26.63000000000008
1987-04-22 05:00:00,26.60000000000008
1987-04-23 05:00:00,26.900000000000077
1987-04-24 05:00:00,26.940000000000083
1987-04-27 05:00:00,27.030000000000086
1987-04-28 05:00:00,27.07000000000008
1987-04-29 05:00:00,26.88000000000008
1987-04-30 05:00:00,26.96000000000008
1987-05-01 05:00:00,27.07000000000008
1987-05-04 05:00:00,27.220000000000084
1987-05-05 05:00:00,27.290000000000077
1987-05-06 05:00:00,27.46000000000008
1987-05-07 05:00:00,27.400000000000077
1987-05-08 05:00:00,27.52000000000008
1987-05-11 05:00:00,27.690000000000083
1987-05-12 05:00:00,27.49000000000008
1987-05-13 05:00:00,27.500000000000085
1987-05-14 05:00:00,27.610000000000085
1987-05-15 05:00:00,27.74000000000008
1987-05-18 05:00:00,27.690000000000083
1987-05-19 05:00:00,27.690000000000083
1987-05-20 05:00:00,27.430000000000078
1987-05-21 05:00:00,27.650000000000077
1987-05-22 05:00:00,27.71000000000008
1987-05-26 05:00:00,27.810000000000088
1987-05-27 05:00:00,27.77000000000008
1987-05-28 05:00:00,27.670000000000087
1987-05-29 05:00:00,27.830000000000084
1987-06-01 05:00:00,27.910000000000082
1987-06-02 05:00:00,28.000000000000085
1987-06-03 05:00:00,28.160000000000082
1987-06-04 05:00:00,28.120000000000076
1987-06-05 05:00:00,28.180000000000078
1987-06-08 05:00:00,28.38000000000008
1987-06-09 05:00:00,28.32000000000008
1987-06-10 05:00:00,28.340000000000074
1987-06-11 05:00:00,28.260000000000076
1987-06-12 05:00:00,28.310000000000088
1987-06-15 05:00:00,28.400000000000077
1987-06-16 05:00:00,28.49000000000008
1987-06-17 05:00:00,28.410000000000082
1987-06-18 05:00:00,28.440000000000083
1987-06-19 05:00:00,28.560000000000088
1987-06-22 05:00:00,28.120000000000076
1987-06-23 05:00:00,28.120000000000076
1987-06-24 05:00:00,27.99000000000008
1987-06-25 05:00:00,28.150000000000077
1987-06-26 05:00:00,28.780000000000086
1987-06-29 05:00:00,28.98000000000009
1987-06-30 05:00:00,28.900000000000077
1987-07-01 05:00:00,28.98000000000009
1987-07-02 05:00:00,29.080000000000084
1987-07-06 05:00:00,29.310000000000088
1987-07-07 05:00:00,29.190000000000083
1987-07-08 05:00:00,29.300000000000082
1987-07-09 05:00:00,29.530000000000086
1987-07-10 05:00:00,29.63000000000008
1987-07-13 05:00:00,29.620000000000076
1987-07-14 05:00:00,29.77000000000008
1987-07-15 05:00:00,30.040000000000077
1987-07-16 05:00:00,30.300000000000082
1987-07-17 05:00:00,30.480000000000075
1987-07-20 05:00:00,30.610000000000085
1987-07-21 05:00:00,30.24000000000008
1987-07-22 05:00:00,30.300000000000082
1987-07-23 05:00:00,30.000000000000085
1987-07-24 05:00:00,29.370000000000076
1987-07-27 05:00:00,29.24000000000008
1987-07-28 05:00:00,30.060000000000088
1987-07-29 05:00:00,30.120000000000076
1987-07-30 05:00:00,30.10000000000008
1987-07-31 05:00:00,30.080000000000084
1987-08-03 05:00:00,30.82000000000008
1987-08-04 05:00:00,30.650000000000077
1987-08-05 05:00:00,30.030000000000086
1987-08-06 05:00:00,29.970000000000084
1987-08-07 05:00:00,29.800000000000082
1987-08-10 05:00:00,29.540000000000077
1987-08-11 05:00:00,29.790000000000077
1987-08-12 05:00:00,29.750000000000085
1987-08-13 05:00:00,29.560000000000073
1987-08-14 05:00:00,29.330000000000084
1987-08-17 05:00:00,28.82000000000008
1987-08-18 05:00:00,28.810000000000073
1987-08-19 05:00:00,28.530000000000086
1987-08-20 05:00:00,28.220000000000084
1987-08-21 05:00:00,27.970000000000084
1987-08-24 05:00:00,27.71000000000008
1987-08-25 05:00:00,27.720000000000084
1987-08-26 05:00:00,28.49000000000008
1987-08-27 05:00:00,28.60000000000008
1987-08-28 05:00:00,28.35000000000008
1987-08-31 05:00:00,28.680000000000078
1987-09-01 05:00:00,28.60000000000008
1987-09-02 05:00:00,28.63000000000008
1987-09-03 05:00:00,28.52000000000008
1987-09-04 05:00:00,28.300000000000082
1987-09-08 05:00:00,27.980000000000075
1987-09-09 05:00:00,28.400000000000077
1987-09-10 05:00:00,28.640000000000086
1987-09-11 05:00:00,28.360000000000085
1987-09-14 05:00:00,28.510000000000076
1987-09-15 05:00:00,28.49000000000008
1987-09-16 05:00:00,28.49000000000008
1987-09-17 05:00:00,28.300000000000082
1987-09-18 05:00:00,28.330000000000084
1987-09-21 05:00:00,28.550000000000082
1987-09-22 05:00:00,28.450000000000074
1987-09-23 05:00:00,28.85000000000008
1987-09-24 05:00:00,28.74000000000008
1987-09-25 05:00:00,28.60000000000008
1987-09-28 05:00:00,28.610000000000085
1987-09-29 05:00:00,28.720000000000084
1987-09-30 05:00:00,28.77000000000008
1987-10-01 05:00:00,28.82000000000008
1987-10-02 05:00:00,29.060000000000073
1987-10-05 05:00:00,29.02000000000008
1987-10-06 05:00:00,28.640000000000086
1987-10-07 05:00:00,28.85000000000008
1987-10-08 05:00:00,28.780000000000072
1987-10-09 05:00:00,28.840000000000074
1987-10-12 05:00:00,28.800000000000082
1987-10-13 05:00:00,28.88000000000008
1987-10-14 05:00:00,28.96000000000008
1987-10-15 05:00:00,29.030000000000086
1987-10-16 05:00:00,29.60000000000008
1987-10-19 05:00:00,29.280000000000086
1987-10-20 05:00:00,29.21000000000008
1987-10-21 05:00:00,29.410000000000082
1987-10-22 05:00:00,29.560000000000073
1987-10-23 05:00:00,29.470000000000084
1987-10-26 06:00:00,29.27000000000008
1987-10-27 06:00:00,29.340000000000074
1987-10-28 06:00:00,29.310000000000073
1987-10-29 06:00:00,29.220000000000084
1987-10-30 06:00:00,29.250000000000085
1987-11-02 06:00:00,28.920000000000087
1987-11-03 06:00:00,28.750000000000085
1987-11-04 06:00:00,28.38000000000008
1987-11-05 06:00:00,28.330000000000084
1987-11-06 06:00:00,28.120000000000076
1987-11-09 06:00:00,27.980000000000075
1987-11-10 06:00:00,28.290000000000077
1987-11-11 06:00:00,28.24000000000008
1987-11-12 06:00:00,28.250000000000085
1987-11-13 06:00:00,28.200000000000074
1987-11-16 06:00:00,27.970000000000084
1987-11-17 06:00:00,27.82000000000008
1987-11-18 06:00:00,28.090000000000074
1987-11-19 06:00:00,27.890000000000086
1987-11-20 06:00:00,27.970000000000084
1987-11-23 06:00:00,28.170000000000087
1987-11-24 06:00:00,28.110000000000085
1987-11-25 06:00:00,28.02000000000008
1987-11-30 06:00:00,27.840000000000074
1987-12-01 06:00:00,27.82000000000008
1987-12-02 06:00:00,27.870000000000076
1987-12-03 06:00:00,28.080000000000084
1987-12-04 06:00:00,27.930000000000078
1987-12-07 06:00:00,27.49000000000008
1987-12-08 06:00:00,27.280000000000086
1987-12-09 06:00:00,27.57000000000008
1987-12-10 06:00:00,27.660000000000082
1987-12-11 06:00:00,27.49000000000008
1987-12-14 06:00:00,26.580000000000084
1987-12-15 06:00:00,25.940000000000083
1987-12-16 06:00:00,25.300000000000082
1987-12-17 06:00:00,25.22000000000007
1987-12-18 06:00:00,24.840000000000074
1987-12-21 06:00:00,24.840000000000074
1987-12-22 06:00:00,25.840000000000074
1987-12-23 06:00:00,26.150000000000077
1987-12-24 06:00:00,26.060000000000073
1987-12-28 06:00:00,25.96000000000008
1987-12-29 06:00:00,26.400000000000077
1987-12-30 06:00:00,26.370000000000076
1987-12-31 06:00:00,26.220000000000084
1988-01-04 06:00:00,27.110000000000085
1988-01-05 06:00:00,27.290000000000077
1988-01-06 06:00:00,27.24000000000008
1988-01-07 06:00:00,26.800000000000082
1988-01-08 06:00:00,26.77000000000008
1988-01-11 06:00:00,26.260000000000076
1988-01-12 06:00:00,26.090000000000074
1988-01-13 06:00:00,26.030000000000072
1988-01-14 06:00:00,26.690000000000083
1988-01-15 06:00:00,26.400000000000077
1988-01-18 06:00:00,26.920000000000073
1988-01-19 06:00:00,26.950000000000074
1988-01-20 06:00:00,27.07000000000008
1988-01-21 06:00:00,26.780000000000072
1988-01-22 06:00:00,26.63000000000008
1988-01-25 06:00:00,26.71000000000008
1988-01-26 06:00:00,26.72000000000007
1988-01-27 06:00:00,26.410000000000082
1988-01-28 06:00:00,26.660000000000082
1988-01-29 06:00:00,26.590000000000074
1988-02-01 06:00:00,26.480000000000075
1988-02-02 06:00:00,26.590000000000074
1988-02-03 06:00:00,26.800000000000082
1988-02-04 06:00:00,26.840000000000074
1988-02-05 06:00:00,26.96000000000008
1988-02-08 06:00:00,27.310000000000073
1988-02-09 06:00:00,27.11000000000007
1988-02-10 06:00:00,26.840000000000074
1988-02-11 06:00:00,26.86000000000007
1988-02-12 06:00:00,26.510000000000076
1988-02-16 06:00:00,26.410000000000082
1988-02-17 06:00:00,26.330000000000084
1988-02-18 06:00:00,26.10000000000008
1988-02-19 06:00:00,26.370000000000076
1988-02-22 06:00:00,26.170000000000073
1988-02-23 06:00:00,26.290000000000077
1988-02-24 06:00:00,26.160000000000082
1988-02-25 06:00:00,25.61000000000007
1988-02-26 06:00:00,25.510000000000076
1988-02-29 06:00:00,25.730000000000075
1988-03-01 06:00:00,25.47000000000007
1988-03-02 06:00:00,25.370000000000076
1988-03-03 06:00:00,25.22000000000007
1988-03-04 06:00:00,25.33000000000007
1988-03-07 06:00:00,25.150000000000077
1988-03-08 06:00:00,25.21000000000008
1988-03-09 06:00:00,25.25000000000007
1988-03-10 06:00:00,25.75000000000007
1988-03-11 06:00:00,25.980000000000075
1988-03-14 06:00:00,25.290000000000077
1988-03-15 06:00:00,25.38000000000008
1988-03-16 06:00:00,25.64000000000007
1988-03-17 06:00:00,25.82000000000008
1988-03-18 06:00:00,25.970000000000084
1988-03-21 06:00:00,26.02000000000008
1988-03-22 06:00:00,26.120000000000076
1988-03-23 06:00:00,26.590000000000074
1988-03-24 06:00:00,26.650000000000077
1988-03-25 06:00:00,26.750000000000085
1988-03-28 06:00:00,26.810000000000073
1988-03-29 06:00:00,26.690000000000083
1988-03-30 06:00:00,26.800000000000082
1988-03-31 06:00:00,26.810000000000073
1988-04-04 05:00:00,26.730000000000075
1988-04-05 05:00:00,26.510000000000076
1988-04-06 05:00:00,26.52000000000008
1988-04-07 05:00:00,26.780000000000072
1988-04-08 05:00:00,26.590000000000074
1988-04-11 05:00:00,27.57000000000008
1988-04-12 05:00:00,27.77000000000008
1988-04-13 05:00:00,27.83000000000007
1988-04-14 05:00:00,27.96000000000008
1988-04-15 05:00:00,28.13000000000008
1988-04-18 05:00:00,28.39000000000007
1988-04-19 05:00:00,28.00000000000007
1988-04-20 05:00:00,27.86000000000007
1988-04-21 05:00:00,28.22000000000007
1988-04-22 05:00:00,28.180000000000078
1988-04-25 05:00:00,28.290000000000077
1988-04-26 05:00:00,28.50000000000007
1988-04-27 05:00:00,28.170000000000073
1988-04-28 05:00:00,27.920000000000073
1988-04-29 05:00:00,27.89000000000007
1988-05-02 05:00:00,27.08000000000007
1988-05-03 05:00:00,27.35000000000008
1988-05-04 05:00:00,27.25000000000007
1988-05-05 05:00:00,27.430000000000078
1988-05-06 05:00:00,27.700000000000074
1988-05-09 05:00:00,27.58000000000007
1988-05-10 05:00:00,27.560000000000073
1988-05-11 05:00:00,27.590000000000074
1988-05-12 05:00:00,27.60000000000008
1988-05-13 05:00:00,27.620000000000076
1988-05-16 05:00:00,27.85000000000008
1988-05-17 05:00:00,27.840000000000074
1988-05-18 05:00:00,27.60000000000008
1988-05-19 05:00:00,27.730000000000075
1988-05-20 05:00:00,27.760000000000076
1988-05-23 05:00:00,27.410000000000082
1988-05-24 05:00:00,27.450000000000074
1988-05-25 05:00:00,27.450000000000074
1988-05-26 05:00:00,27.650000000000077
1988-05-27 05:00:00,27.560000000000073
1988-05-31 05:00:00,27.60000000000008
1988-06-01 05:00:00,27.61000000000007
1988-06-02 05:00:00,27.72000000000007
1988-06-03 05:00:00,27.57000000000008
1988-06-06 05:00:00,27.260000000000076
1988-06-07 05:00:00,27.340000000000074
1988-06-08 05:00:00,27.290000000000077
1988-06-09 05:00:00,27.010000000000076
1988-06-10 05:00:00,26.700000000000074
1988-06-13 05:00:00,26.540000000000077
1988-06-14 05:00:00,26.920000000000073
1988-06-15 05:00:00,26.57000000000008
1988-06-16 05:00:00,26.74000000000008
1988-06-17 05:00:00,26.550000000000068
1988-06-20 05:00:00,26.310000000000073
1988-06-21 05:00:00,26.420000000000073
1988-06-22 05:00:00,26.510000000000076
1988-06-23 05:00:00,26.510000000000076
1988-06-24 05:00:00,26.19000000000007
1988-06-27 05:00:00,26.02000000000008
1988-06-28 05:00:00,25.900000000000077
1988-06-29 05:00:00,25.530000000000072
1988-06-30 05:00:00,25.240000000000066
1988-07-01 05:00:00,25.060000000000073
1988-07-05 05:00:00,25.22000000000007
1988-07-06 05:00:00,25.47000000000007
1988-07-07 05:00:00,25.900000000000077
1988-07-08 05:00:00,25.550000000000068
1988-07-11 05:00:00,24.85000000000008
1988-07-12 05:00:00,24.780000000000072
1988-07-13 05:00:00,24.530000000000072
1988-07-14 05:00:00,24.89000000000007
1988-07-15 05:00:00,24.900000000000077
1988-07-18 05:00:00,25.770000000000067
1988-07-19 05:00:00,25.590000000000074
1988-07-20 05:00:00,26.050000000000068
1988-07-21 05:00:00,26.36000000000007
1988-07-22 05:00:00,26.300000000000068
1988-07-25 05:00:00,25.920000000000073
1988-07-26 05:00:00,25.86000000000007
1988-07-27 05:00:00,26.07000000000008
1988-07-28 05:00:00,26.060000000000073
1988-07-29 05:00:00,26.260000000000076
1988-08-01 05:00:00,26.020000000000067
1988-08-02 05:00:00,25.47000000000007
1988-08-03 05:00:00,25.180000000000064
1988-08-04 05:00:00,25.00000000000007
1988-08-05 05:00:00,25.310000000000073
1988-08-08 05:00:00,25.880000000000067
1988-08-09 05:00:00,25.680000000000078
1988-08-10 05:00:00,25.680000000000078
1988-08-11 05:00:00,25.75000000000007
1988-08-12 05:00:00,25.510000000000076
1988-08-15 05:00:00,25.630000000000067
1988-08-16 05:00:00,25.490000000000066
1988-08-17 05:00:00,25.460000000000065
1988-08-18 05:00:00,25.50000000000007
1988-08-19 05:00:00,25.630000000000067
1988-08-22 05:00:00,25.670000000000073
1988-08-23 05:00:00,25.460000000000065
1988-08-24 05:00:00,25.400000000000077
1988-08-25 05:00:00,24.990000000000066
1988-08-26 05:00:00,25.050000000000068
1988-08-29 05:00:00,24.930000000000078
1988-08-30 05:00:00,25.010000000000076
1988-08-31 05:00:00,24.870000000000076
1988-09-01 05:00:00,24.770000000000067
1988-09-02 05:00:00,24.480000000000075
1988-09-06 05:00:00,23.930000000000078
1988-09-07 05:00:00,23.880000000000067
1988-09-08 05:00:00,24.130000000000067
1988-09-09 05:00:00,23.730000000000075
1988-09-12 05:00:00,23.990000000000066
1988-09-13 05:00:00,24.100000000000065
1988-09-14 05:00:00,24.740000000000066
1988-09-15 05:00:00,24.270000000000067
1988-09-16 05:00:00,23.94000000000007
1988-09-19 05:00:00,23.960000000000065
1988-09-20 05:00:00,23.920000000000073
1988-09-21 05:00:00,24.030000000000072
1988-09-22 05:00:00,24.08000000000007
1988-09-23 05:00:00,23.620000000000076
1988-09-26 05:00:00,23.650000000000077
1988-09-27 05:00:00,23.520000000000067
1988-09-28 05:00:00,23.460000000000065
1988-09-29 05:00:00,23.310000000000073
1988-09-30 05:00:00,22.700000000000074
1988-10-03 05:00:00,22.420000000000073
1988-10-04 05:00:00,22.550000000000068
1988-10-05 05:00:00,22.14000000000007
1988-10-06 05:00:00,22.050000000000068
1988-10-07 05:00:00,22.33000000000007
1988-10-10 05:00:00,22.97000000000007
1988-10-11 05:00:00,22.880000000000067
1988-10-12 05:00:00,23.370000000000076
1988-10-13 05:00:00,23.39000000000007
1988-10-14 05:00:00,24.00000000000007
1988-10-17 05:00:00,24.210000000000065
1988-10-18 05:00:00,23.550000000000068
1988-10-19 05:00:00,24.33000000000007
1988-10-20 05:00:00,24.14000000000007
1988-10-21 05:00:00,24.120000000000076
1988-10-24 05:00:00,23.120000000000076
1988-10-25 05:00:00,23.020000000000067
1988-10-26 05:00:00,23.210000000000065
1988-10-27 05:00:00,23.450000000000074
1988-10-28 05:00:00,23.630000000000067
1988-10-31 06:00:00,23.32000000000008
1988-11-01 06:00:00,23.170000000000073
1988-11-02 06:00:00,23.44000000000007
1988-11-03 06:00:00,23.510000000000076
1988-11-04 06:00:00,23.560000000000073
1988-11-07 06:00:00,23.670000000000073
1988-11-08 06:00:00,23.530000000000072
1988-11-09 06:00:00,23.620000000000076
1988-11-10 06:00:00,23.710000000000065
1988-11-11 06:00:00,23.630000000000067
1988-11-14 06:00:00,23.850000000000065
1988-11-15 06:00:00,23.490000000000066
1988-11-16 06:00:00,23.210000000000065
1988-11-17 06:00:00,22.520000000000067
1988-11-18 06:00:00,22.58000000000007
1988-11-21 06:00:00,22.590000000000074
1988-11-22 06:00:00,23.58000000000007
1988-11-23 06:00:00,23.710000000000065
1988-11-28 06:00:00,24.710000000000065
1988-11-29 06:00:00,24.630000000000067
1988-11-30 06:00:00,24.94000000000007
1988-12-01 06:00:00,25.150000000000063
1988-12-02 06:00:00,25.19000000000007
1988-12-05 06:00:00,24.810000000000073
1988-12-06 06:00:00,24.930000000000078
1988-12-07 06:00:00,25.260000000000076
1988-12-08 06:00:00,25.00000000000007
1988-12-09 06:00:00,25.400000000000063
1988-12-12 06:00:00,25.520000000000067
1988-12-13 06:00:00,25.260000000000076
1988-12-14 06:00:00,25.650000000000077
1988-12-15 06:00:00,25.410000000000068
1988-12-16 06:00:00,25.64000000000007
1988-12-19 06:00:00,25.410000000000068
1988-12-20 06:00:00,25.730000000000075
1988-12-21 06:00:00,25.870000000000076
1988-12-22 06:00:00,26.050000000000068
1988-12-23 06:00:00,26.200000000000074
1988-12-27 06:00:00,26.510000000000076
1988-12-28 06:00:00,26.44000000000007
1988-12-29 06:00:00,26.22000000000007
1988-12-30 06:00:00,26.670000000000073
1989-01-03 06:00:00,26.740000000000066
1989-01-04 06:00:00,26.560000000000073
1989-01-05 06:00:00,26.870000000000076
1989-01-06 06:00:00,26.930000000000064
1989-01-09 06:00:00,27.050000000000068
1989-01-10 06:00:00,27.030000000000072
1989-01-11 06:00:00,27.320000000000064
1989-01-12 06:00:00,27.410000000000068
1989-01-13 06:00:00,27.510000000000076
1989-01-16 06:00:00,27.72000000000007
1989-01-17 06:00:00,27.900000000000077
1989-01-18 06:00:00,28.69000000000007
1989-01-19 06:00:00,28.570000000000064
1989-01-20 06:00:00,28.230000000000075
1989-01-23 06:00:00,27.25000000000007
1989-01-24 06:00:00,27.490000000000066
1989-01-25 06:00:00,27.960000000000065
1989-01-26 06:00:00,27.540000000000077
1989-01-27 06:00:00,27.520000000000067
1989-01-30 06:00:00,27.160000000000068
1989-01-31 06:00:00,26.950000000000074
1989-02-01 06:00:00,27.540000000000077
1989-02-02 06:00:00,27.72000000000007
1989-02-03 06:00:00,27.400000000000077
1989-02-06 06:00:00,27.240000000000066
1989-02-07 06:00:00,27.560000000000073
1989-02-08 06:00:00,27.340000000000074
1989-02-09 06:00:00,27.270000000000067
1989-02-10 06:00:00,26.960000000000065
1989-02-13 06:00:00,27.300000000000068
1989-02-14 06:00:00,27.08000000000007
1989-02-15 06:00:00,27.61000000000007
1989-02-16 06:00:00,27.75000000000007
1989-02-17 06:00:00,27.900000000000077
1989-02-21 06:00:00,27.770000000000067
1989-02-22 06:00:00,28.020000000000067
1989-02-23 06:00:00,28.020000000000067
1989-02-24 06:00:00,28.210000000000065
1989-02-27 06:00:00,28.280000000000072
1989-02-28 06:00:00,28.290000000000077
1989-03-01 06:00:00,28.420000000000073
1989-03-02 06:00:00,28.75000000000007
1989-03-03 06:00:00,28.560000000000073
1989-03-06 06:00:00,28.72000000000007
1989-03-07 06:00:00,28.420000000000073
1989-03-08 06:00:00,28.730000000000075
1989-03-09 06:00:00,28.71000000000008
1989-03-10 06:00:00,28.72000000000007
1989-03-13 06:00:00,29.160000000000068
1989-03-14 06:00:00,29.32000000000008
1989-03-15 06:00:00,29.680000000000078
1989-03-16 06:00:00,29.74000000000008
1989-03-17 06:00:00,29.870000000000076
1989-03-20 06:00:00,29.800000000000068
1989-03-21 06:00:00,30.450000000000074
1989-03-22 06:00:00,30.420000000000073
1989-03-23 06:00:00,30.540000000000077
1989-03-27 06:00:00,30.96000000000008
1989-03-28 06:00:00,30.290000000000077
1989-03-29 06:00:00,30.57000000000008
1989-03-30 06:00:00,31.13000000000008
1989-03-31 06:00:00,30.46000000000008
1989-04-03 05:00:00,30.200000000000074
1989-04-04 05:00:00,30.61000000000007
1989-04-05 05:00:00,30.13000000000008
1989-04-06 05:00:00,29.94000000000007
1989-04-07 05:00:00,30.170000000000073
1989-04-10 05:00:00,30.680000000000078
1989-04-11 05:00:00,30.700000000000074
1989-04-12 05:00:00,30.700000000000074
1989-04-13 05:00:00,30.300000000000068
1989-04-14 05:00:00,30.780000000000072
1989-04-17 05:00:00,31.150000000000077
1989-04-18 05:00:00,31.200000000000074
1989-04-19 05:00:00,31.480000000000075
1989-04-20 05:00:00,31.680000000000078
1989-04-21 05:00:00,31.790000000000077
1989-04-24 05:00:00,31.00000000000007
1989-04-25 05:00:00,31.480000000000075
1989-04-26 05:00:00,31.150000000000077
1989-04-27 05:00:00,30.96000000000008
1989-04-28 05:00:00,30.96000000000008
1989-05-01 05:00:00,31.07000000000008
1989-05-02 05:00:00,30.340000000000074
1989-05-03 05:00:00,30.760000000000076
1989-05-04 05:00:00,31.170000000000073
1989-05-05 05:00:00,30.680000000000078
1989-05-08 05:00:00,30.10000000000008
1989-05-09 05:00:00,30.370000000000076
1989-05-10 05:00:00,30.150000000000077
1989-05-11 05:00:00,30.450000000000074
1989-05-12 05:00:00,30.400000000000077
1989-05-15 05:00:00,30.450000000000074
1989-05-16 05:00:00,30.64000000000007
1989-05-17 05:00:00,30.25000000000007
1989-05-18 05:00:00,30.39000000000007
1989-05-19 05:00:00,30.36000000000007
1989-05-22 05:00:00,30.040000000000077
1989-05-23 05:00:00,30.370000000000076
1989-05-24 05:00:00,30.99000000000008
1989-05-25 05:00:00,30.85000000000008
1989-05-26 05:00:00,30.930000000000078
1989-05-30 05:00:00,31.170000000000073
1989-05-31 05:00:00,31.120000000000076
1989-06-01 05:00:00,31.150000000000077
1989-06-02 05:00:00,31.560000000000073
1989-06-05 05:00:00,31.950000000000074
1989-06-06 05:00:00,31.920000000000073
1989-06-07 05:00:00,31.170000000000073
1989-06-08 05:00:00,31.410000000000068
1989-06-09 05:00:00,31.060000000000073
1989-06-12 05:00:00,30.46000000000008
1989-06-13 05:00:00,30.310000000000073
1989-06-14 05:00:00,30.510000000000076
1989-06-15 05:00:00,30.760000000000076
1989-06-16 05:00:00,30.490000000000066
1989-06-19 05:00:00,30.670000000000073
1989-06-20 05:00:00,30.71000000000008
1989-06-21 05:00:00,31.14000000000007
1989-06-22 05:00:00,31.25000000000007
1989-06-23 05:00:00,31.630000000000067
1989-06-26 05:00:00,32.10000000000008
1989-06-27 05:00:00,32.31000000000007
1989-06-28 05:00:00,31.94000000000007
1989-06-29 05:00:00,32.13000000000007
1989-06-30 05:00:00,32.18000000000008
1989-07-05 05:00:00,32.57000000000008
1989-07-06 05:00:00,32.03000000000007
1989-07-07 05:00:00,32.28000000000007
1989-07-10 05:00:00,32.13000000000007
1989-07-11 05:00:00,32.230000000000075
1989-07-12 05:00:00,31.980000000000075
1989-07-13 05:00:00,32.39000000000007
1989-07-14 05:00:00,32.27000000000007
1989-07-17 05:00:00,32.67000000000007
1989-07-18 05:00:00,32.40000000000008
1989-07-19 05:00:00,32.31000000000007
1989-07-20 05:00:00,32.43000000000008
1989-07-21 05:00:00,32.370000000000076
1989-07-24 05:00:00,31.630000000000067
1989-07-25 05:00:00,31.50000000000007
1989-07-26 05:00:00,31.340000000000074
1989-07-27 05:00:00,31.200000000000074
1989-07-28 05:00:00,31.07000000000008
1989-07-31 05:00:00,31.39000000000007
1989-08-01 05:00:00,31.10000000000008
1989-08-02 05:00:00,31.260000000000076
1989-08-03 05:00:00,31.090000000000074
1989-08-04 05:00:00,30.880000000000067
1989-08-07 05:00:00,30.82000000000008
1989-08-08 05:00:00,31.030000000000072
1989-08-09 05:00:00,31.150000000000077
1989-08-10 05:00:00,31.47000000000007
1989-08-11 05:00:00,31.36000000000007
1989-08-14 05:00:00,31.33000000000007
1989-08-15 05:00:00,31.380000000000067
1989-08-16 05:00:00,31.560000000000073
1989-08-17 05:00:00,31.490000000000066
1989-08-18 05:00:00,31.540000000000077
1989-08-21 05:00:00,31.740000000000066
1989-08-22 05:00:00,31.810000000000073
1989-08-23 05:00:00,31.900000000000077
1989-08-24 05:00:00,31.710000000000065
1989-08-25 05:00:00,31.600000000000065
1989-08-28 05:00:00,31.72000000000007
1989-08-29 05:00:00,31.700000000000074
1989-08-30 05:00:00,31.94000000000007
1989-08-31 05:00:00,32.02000000000007
1989-09-01 05:00:00,32.03000000000007
1989-09-05 05:00:00,32.200000000000074
1989-09-06 05:00:00,32.39000000000007
1989-09-07 05:00:00,32.43000000000008
1989-09-08 05:00:00,32.72000000000007
1989-09-11 05:00:00,32.75000000000007
1989-09-12 05:00:00,32.67000000000007
1989-09-13 05:00:00,32.730000000000075
1989-09-14 05:00:00,32.600000000000065
1989-09-15 05:00:00,32.83000000000007
1989-09-18 05:00:00,32.78000000000007
1989-09-19 05:00:00,32.63000000000007
1989-09-20 05:00:00,32.950000000000074
1989-09-21 05:00:00,32.960000000000065
1989-09-22 05:00:00,32.61000000000007
1989-09-25 05:00:00,32.81000000000007
1989-09-26 05:00:00,32.91000000000007
1989-09-27 05:00:00,33.00000000000007
1989-09-28 05:00:00,33.160000000000075
1989-09-29 05:00:00,33.36000000000009
1989-10-02 05:00:00,33.2600000000001
1989-10-03 05:00:00,33.440000000000076
1989-10-04 05:00:00,33.420000000000094
1989-10-05 05:00:00,33.2600000000001
1989-10-06 05:00:00,33.170000000000094
1989-10-09 05:00:00,33.34000000000008
1989-10-10 05:00:00,33.49000000000009
1989-10-11 05:00:00,33.56000000000008
1989-10-12 05:00:00,33.81000000000008
1989-10-13 05:00:00,33.930000000000085
1989-10-16 05:00:00,33.700000000000095
1989-10-17 05:00:00,33.87000000000008
1989-10-18 05:00:00,33.700000000000095
1989-10-19 05:00:00,33.920000000000066
1989-10-20 05:00:00,33.690000000000076
1989-10-23 05:00:00,33.33000000000009
1989-10-24 05:00:00,33.2900000000001
1989-10-25 05:00:00,33.2600000000001
1989-10-26 05:00:00,33.02000000000007
1989-10-27 05:00:00,33.31000000000008
1989-10-30 06:00:00,33.210000000000086
1989-10-31 06:00:00,33.39000000000009
1989-11-01 06:00:00,33.52000000000009
1989-11-02 06:00:00,33.450000000000095
1989-11-03 06:00:00,33.61000000000009
1989-11-06 06:00:00,33.53000000000008
1989-11-07 06:00:00,33.53000000000008
1989-11-08 06:00:00,33.420000000000094
1989-11-09 06:00:00,33.52000000000009
1989-11-10 06:00:00,33.410000000000075
1989-11-13 06:00:00,33.230000000000096
1989-11-14 06:00:00,33.170000000000094
1989-11-15 06:00:00,33.210000000000086
1989-11-16 06:00:00,33.450000000000095
1989-11-17 06:00:00,33.52000000000009
1989-11-20 06:00:00,33.680000000000085
1989-11-21 06:00:00,33.6300000000001
1989-11-22 06:00:00,33.53000000000008
1989-11-24 06:00:00,33.55000000000009
1989-11-27 06:00:00,33.30000000000009
1989-11-28 06:00:00,32.89000000000007
1989-11-29 06:00:00,33.010000000000076
1989-11-30 06:00:00,33.52000000000009
1989-12-01 06:00:00,33.940000000000076
1989-12-04 06:00:00,33.930000000000085
1989-12-05 06:00:00,34.03000000000008
1989-12-06 06:00:00,34.130000000000074
1989-12-07 06:00:00,34.150000000000084
1989-12-08 06:00:00,34.170000000000066
1989-12-11 06:00:00,34.36000000000006
1989-12-12 06:00:00,34.26000000000007
1989-12-13 06:00:00,34.25000000000008
1989-12-14 06:00:00,34.150000000000084
1989-12-15 06:00:00,34.45000000000007
1989-12-18 06:00:00,34.960000000000086
1989-12-19 06:00:00,34.87000000000008
1989-12-20 06:00:00,34.77000000000009
1989-12-21 06:00:00,35.130000000000074
1989-12-22 06:00:00,34.86000000000006
1989-12-26 06:00:00,35.49000000000009
1989-12-27 06:00:00,35.48000000000007
1989-12-28 06:00:00,35.23000000000007
1989-12-29 06:00:00,35.57000000000007
1990-01-02 06:00:00,36.49000000000009
1990-01-03 06:00:00,37.05000000000009
1990-01-04 06:00:00,36.61000000000006
1990-01-05 06:00:00,36.11000000000006
1990-01-08 06:00:00,35.11000000000006
1990-01-09 06:00:00,35.31000000000008
1990-01-10 06:00:00,35.99000000000009
1990-01-11 06:00:00,36.150000000000084
1990-01-12 06:00:00,36.04000000000007
1990-01-15 06:00:00,35.48000000000007
1990-01-16 06:00:00,35.640000000000065
1990-01-17 06:00:00,35.23000000000007
1990-01-18 06:00:00,35.50000000000008
1990-01-19 06:00:00,35.900000000000084
1990-01-22 06:00:00,35.680000000000085
1990-01-23 06:00:00,35.55000000000006
1990-01-24 06:00:00,35.45000000000007
1990-01-25 06:00:00,35.940000000000076
1990-01-26 06:00:00,36.20000000000007
1990-01-29 06:00:00,36.54000000000007
1990-01-30 06:00:00,36.30000000000006
1990-01-31 06:00:00,36.460000000000086
1990-02-01 06:00:00,36.400000000000084
1990-02-02 06:00:00,36.84000000000008
1990-02-05 06:00:00,36.26000000000007
1990-02-06 06:00:00,36.36000000000006
1990-02-07 06:00:00,36.210000000000086
1990-02-08 06:00:00,36.180000000000085
1990-02-09 06:00:00,36.09000000000008
1990-02-12 06:00:00,36.35000000000007
1990-02-13 06:00:00,36.45000000000007
1990-02-14 06:00:00,36.50000000000008
1990-02-15 06:00:00,36.930000000000085
1990-02-16 06:00:00,36.73000000000007
1990-02-20 06:00:00,36.62000000000008
1990-02-21 06:00:00,36.29000000000007
1990-02-22 06:00:00,36.420000000000066
1990-02-23 06:00:00,36.160000000000075
1990-02-26 06:00:00,36.57000000000007
1990-02-27 06:00:00,36.34000000000008
1990-02-28 06:00:00,36.25000000000008
1990-03-01 06:00:00,35.940000000000076
1990-03-02 06:00:00,36.06000000000008
1990-03-05 06:00:00,36.380000000000074
1990-03-06 06:00:00,36.170000000000066
1990-03-07 06:00:00,35.86000000000006
1990-03-08 06:00:00,35.70000000000007
1990-03-09 06:00:00,35.34000000000008
1990-03-12 06:00:00,35.09000000000008
1990-03-13 06:00:00,35.11000000000006
1990-03-14 06:00:00,35.05000000000006
1990-03-15 06:00:00,35.400000000000084
1990-03-16 06:00:00,35.180000000000085
1990-03-19 06:00:00,34.890000000000065
1990-03-20 06:00:00,34.650000000000084
1990-03-21 06:00:00,34.80000000000006
1990-03-22 06:00:00,34.79000000000007
1990-03-23 06:00:00,35.10000000000007
1990-03-26 06:00:00,35.150000000000084
1990-03-27 06:00:00,35.26000000000007
1990-03-28 06:00:00,34.97000000000008
1990-03-29 06:00:00,34.940000000000076
1990-03-30 06:00:00,35.170000000000066
1990-04-02 05:00:00,35.400000000000084
1990-04-03 05:00:00,35.23000000000007
1990-04-04 05:00:00,34.78000000000008
1990-04-05 05:00:00,34.37000000000008
1990-04-06 05:00:00,34.160000000000075
1990-04-09 05:00:00,33.55000000000009
1990-04-10 05:00:00,32.94000000000007
1990-04-11 05:00:00,33.3200000000001
1990-04-12 05:00:00,33.2600000000001
1990-04-16 05:00:00,33.5100000000001
1990-04-17 05:00:00,33.31000000000008
1990-04-18 05:00:00,32.990000000000066
1990-04-19 05:00:00,33.660000000000075
1990-04-20 05:00:00,33.56000000000008
1990-04-23 05:00:00,33.7600000000001
1990-04-24 05:00:00,33.72000000000008
1990-04-25 05:00:00,33.420000000000094
1990-04-26 05:00:00,33.33000000000009
1990-04-27 05:00:00,33.450000000000095
1990-04-30 05:00:00,33.52000000000009
1990-05-01 05:00:00,33.77000000000009
1990-05-02 05:00:00,33.56000000000008
1990-05-03 05:00:00,32.83000000000007
1990-05-04 05:00:00,32.840000000000074
1990-05-07 05:00:00,33.11000000000009
1990-05-08 05:00:00,33.14000000000009
1990-05-09 05:00:00,33.690000000000076
1990-05-10 05:00:00,33.730000000000096
1990-05-11 05:00:00,33.59000000000008
1990-05-14 05:00:00,34.08000000000006
1990-05-15 05:00:00,34.04000000000007
1990-05-16 05:00:00,33.81000000000008
1990-05-17 05:00:00,33.910000000000075
1990-05-18 05:00:00,33.7900000000001
1990-05-21 05:00:00,33.440000000000076
1990-05-22 05:00:00,33.430000000000085
1990-05-23 05:00:00,32.78000000000007
1990-05-24 05:00:00,32.58000000000007
1990-05-25 05:00:00,32.53000000000007
1990-05-29 05:00:00,32.590000000000074
1990-05-30 05:00:00,32.65000000000008
1990-05-31 05:00:00,32.05000000000007
1990-06-01 05:00:00,32.11000000000007
1990-06-04 05:00:00,31.780000000000072
1990-06-05 05:00:00,31.400000000000077
1990-06-06 05:00:00,31.58000000000007
1990-06-07 05:00:00,31.32000000000008
1990-06-08 05:00:00,31.46000000000008
1990-06-11 05:00:00,31.44000000000007
1990-06-12 05:00:00,32.010000000000076
1990-06-13 05:00:00,32.16000000000008
1990-06-14 05:00:00,31.980000000000075
1990-06-15 05:00:00,31.680000000000078
1990-06-18 05:00:00,31.19000000000007
1990-06-19 05:00:00,31.14000000000007
1990-06-20 05:00:00,31.050000000000068
1990-06-21 05:00:00,31.10000000000008
1990-06-22 05:00:00,31.550000000000068
1990-06-25 05:00:00,31.510000000000076
1990-06-26 05:00:00,31.370000000000076
1990-06-27 05:00:00,30.97000000000007
1990-06-28 05:00:00,31.430000000000078
1990-06-29 05:00:00,31.280000000000072
1990-07-02 05:00:00,30.980000000000075
1990-07-03 05:00:00,31.00000000000007
1990-07-05 05:00:00,30.800000000000068
1990-07-06 05:00:00,30.760000000000076
1990-07-09 05:00:00,30.930000000000078
1990-07-10 05:00:00,31.27000000000008
1990-07-11 05:00:00,31.74000000000008
1990-07-12 05:00:00,32.74000000000008
1990-07-13 05:00:00,32.89000000000007
1990-07-16 05:00:00,33.440000000000076
1990-07-17 05:00:00,33.420000000000094
1990-07-18 05:00:00,33.37000000000008
1990-07-19 05:00:00,33.420000000000094
1990-07-20 05:00:00,33.53000000000008
1990-07-23 05:00:00,34.02000000000009
1990-07-24 05:00:00,34.130000000000074
1990-07-25 05:00:00,34.00000000000008
1990-07-26 05:00:00,34.11000000000006
1990-07-27 05:00:00,33.97000000000008
1990-07-30 05:00:00,34.08000000000006
1990-07-31 05:00:00,34.33000000000006
1990-08-01 05:00:00,35.210000000000086
1990-08-02 05:00:00,36.210000000000086
1990-08-03 05:00:00,37.49000000000009
1990-08-06 05:00:00,38.49000000000009
1990-08-07 05:00:00,39.99000000000009
1990-08-08 05:00:00,38.670000000000094
1990-08-09 05:00:00,38.47000000000008
1990-08-10 05:00:00,39.1600000000001
1990-08-14 05:00:00,39.4100000000001
1990-08-15 05:00:00,39.36000000000009
1990-08-16 05:00:00,40.14000000000009
1990-08-17 05:00:00,41.03000000000011
1990-08-20 05:00:00,41.5100000000001
1990-08-21 05:00:00,41.690000000000076
1990-08-22 05:00:00,42.690000000000104
1990-08-23 05:00:00,44.190000000000104
1990-08-24 05:00:00,43.61000000000009
1990-08-27 05:00:00,41.61000000000009
1990-08-28 05:00:00,40.950000000000095
1990-08-29 05:00:00,39.37000000000008
1990-08-30 05:00:00,40.09000000000011
1990-08-31 05:00:00,40.75000000000011
1990-09-04 05:00:00,42.11000000000009
1990-09-05 05:00:00,42.87000000000008
1990-09-06 05:00:00,44.420000000000094
1990-09-07 05:00:00,42.970000000000105
1990-09-10 05:00:00,44.0400000000001
1990-09-11 05:00:00,43.420000000000094
1990-09-12 05:00:00,43.7900000000001
1990-09-13 05:00:00,44.1600000000001
1990-09-14 05:00:00,44.670000000000094
1990-09-17 05:00:00,45.670000000000094
1990-09-18 05:00:00,46.200000000000095
1990-09-19 05:00:00,46.400000000000084
1990-09-20 05:00:00,46.86000000000009
1990-09-21 05:00:00,47.86000000000009
1990-09-24 05:00:00,49.36000000000009
1990-09-25 05:00:00,50.61000000000012
1990-09-26 05:00:00,51.670000000000094
1990-09-27 05:00:00,52.67000000000012
1990-09-28 05:00:00,52.8500000000001
1990-10-01 05:00:00,51.85000000000007
1990-10-02 05:00:00,50.3500000000001
1990-10-03 05:00:00,50.710000000000115
1990-10-04 05:00:00,50.36000000000009
1990-10-05 05:00:00,51.4100000000001
1990-10-08 05:00:00,52.31000000000011
1990-10-09 05:00:00,53.31000000000011
1990-10-10 05:00:00,51.84000000000008
1990-10-11 05:00:00,53.34000000000011
1990-10-12 05:00:00,52.6600000000001
1990-10-15 05:00:00,51.1300000000001
1990-10-16 05:00:00,52.0100000000001
1990-10-17 05:00:00,50.5100000000001
1990-10-18 05:00:00,49.99000000000009
1990-10-19 05:00:00,47.99000000000009
1990-10-22 05:00:00,44.99000000000009
1990-10-23 05:00:00,44.28000000000008
1990-10-24 05:00:00,46.230000000000096
1990-10-25 05:00:00,48.230000000000096
1990-10-26 05:00:00,47.9100000000001
1990-10-29 06:00:00,49.420000000000094
1990-10-30 06:00:00,49.34000000000011
1990-10-31 06:00:00,50.0100000000001
1990-11-01 06:00:00,50.0400000000001
1990-11-02 06:00:00,49.06000000000011
1990-11-05 06:00:00,48.06000000000011
1990-11-06 06:00:00,47.6300000000001
1990-11-07 06:00:00,49.1300000000001
1990-11-08 06:00:00,50.4100000000001
1990-11-09 06:00:00,48.950000000000095
1990-11-12 06:00:00,47.450000000000095
1990-11-13 06:00:00,48.210000000000086
1990-11-14 06:00:00,47.09000000000008
1990-11-15 06:00:00,47.170000000000094
1990-11-16 06:00:00,46.28000000000008
1990-11-19 06:00:00,47.03000000000008
1990-11-20 06:00:00,45.56000000000011
1990-11-21 06:00:00,46.06000000000008
1990-11-23 06:00:00,47.56000000000008
1990-11-26 06:00:00,49.12000000000011
1990-11-27 06:00:00,49.210000000000115
1990-11-28 06:00:00,49.64000000000009
1990-11-29 06:00:00,49.33000000000009
1990-11-30 06:00:00,47.83000000000009
1990-12-03 06:00:00,45.86000000000009
1990-12-04 06:00:00,47.170000000000094
1990-12-05 06:00:00,44.180000000000085
1990-12-06 06:00:00,43.24000000000009
1990-12-07 06:00:00,43.450000000000095
1990-12-10 06:00:00,43.81000000000008
1990-12-11 06:00:00,43.170000000000094
1990-12-12 06:00:00,41.950000000000095
1990-12-13 06:00:00,42.680000000000085
1990-12-14 06:00:00,42.61000000000009
1990-12-17 06:00:00,43.1000000000001
1990-12-18 06:00:00,43.6600000000001
1990-12-19 06:00:00,43.980000000000096
1990-12-20 06:00:00,43.39000000000009
1990-12-21 06:00:00,43.0400000000001
1990-12-26 06:00:00,44.12000000000008
1990-12-27 06:00:00,43.99000000000009
1990-12-28 06:00:00,44.74000000000009
1990-12-31 06:00:00,45.65000000000011
1991-01-02 06:00:00,43.75000000000008
1991-01-03 06:00:00,42.720000000000105
1991-01-04 06:00:00,42.07000000000007
1991-01-07 06:00:00,44.670000000000094
1991-01-08 06:00:00,44.150000000000084
1991-01-09 06:00:00,44.460000000000086
1991-01-10 06:00:00,44.36000000000009
1991-01-11 06:00:00,43.930000000000085
1991-01-14 06:00:00,45.43000000000011
1991-01-15 06:00:00,46.00000000000008
1991-01-16 06:00:00,46.64000000000009
1991-01-17 06:00:00,38.8200000000001
1991-01-18 06:00:00,37.47000000000008
1991-01-21 06:00:00,38.460000000000086
1991-01-22 06:00:00,39.690000000000104
1991-01-23 06:00:00,39.710000000000086
1991-01-24 06:00:00,39.3200000000001
1991-01-25 06:00:00,39.14000000000009
1991-01-28 06:00:00,38.8500000000001
1991-01-29 06:00:00,39.58000000000009
1991-01-30 06:00:00,38.8500000000001
1991-01-31 06:00:00,39.34000000000008
1991-02-01 06:00:00,39.09000000000008
1991-02-04 06:00:00,38.87000000000008
1991-02-05 06:00:00,38.460000000000086
1991-02-06 06:00:00,39.06000000000008
1991-02-07 06:00:00,38.61000000000009
1991-02-08 06:00:00,39.1000000000001
1991-02-11 06:00:00,39.680000000000085
1991-02-12 06:00:00,39.84000000000011
1991-02-13 06:00:00,39.440000000000104
1991-02-14 06:00:00,39.25000000000008
1991-02-15 06:00:00,37.75000000000008
1991-02-19 06:00:00,37.60000000000007
1991-02-20 06:00:00,38.230000000000096
1991-02-21 06:00:00,37.50000000000008
1991-02-22 06:00:00,37.180000000000085
1991-02-25 06:00:00,37.210000000000086
1991-02-26 06:00:00,37.670000000000094
1991-02-27 06:00:00,38.1600000000001
1991-02-28 06:00:00,38.420000000000094
1991-03-01 06:00:00,38.77000000000009
1991-03-04 06:00:00,39.5400000000001
1991-03-05 06:00:00,39.680000000000085
1991-03-06 06:00:00,39.170000000000094
1991-03-07 06:00:00,38.8200000000001
1991-03-08 06:00:00,38.680000000000085
1991-03-11 06:00:00,38.24000000000009
1991-03-12 06:00:00,38.8800000000001
1991-03-13 06:00:00,39.480000000000096
1991-03-14 06:00:00,39.24000000000009
1991-03-15 06:00:00,38.84000000000011
1991-03-18 06:00:00,38.47000000000008
1991-03-19 06:00:00,39.24000000000009
1991-03-20 06:00:00,39.37000000000008
1991-03-21 06:00:00,39.77000000000009
1991-03-22 06:00:00,39.53000000000008
1991-03-25 06:00:00,39.09000000000008
1991-03-26 06:00:00,39.2900000000001
1991-03-27 06:00:00,39.02000000000009
1991-03-28 06:00:00,39.3200000000001
1991-04-01 06:00:00,39.0400000000001
1991-04-02 06:00:00,39.440000000000104
1991-04-03 06:00:00,39.230000000000096
1991-04-04 06:00:00,39.700000000000095
1991-04-05 06:00:00,39.61000000000009
1991-04-08 05:00:00,39.89000000000009
1991-04-09 05:00:00,39.89000000000009
1991-04-10 05:00:00,40.5700000000001
1991-04-11 05:00:00,40.3200000000001
1991-04-12 05:00:00,40.68000000000011
1991-04-15 05:00:00,41.14000000000009
1991-04-16 05:00:00,41.00000000000011
1991-04-17 05:00:00,41.06000000000011
1991-04-18 05:00:00,40.6000000000001
1991-04-19 05:00:00,40.81000000000011
1991-04-22 05:00:00,41.14000000000009
1991-04-23 05:00:00,40.84000000000011
1991-04-24 05:00:00,40.900000000000084
1991-04-25 05:00:00,41.08000000000009
1991-04-26 05:00:00,41.190000000000104
1991-04-29 05:00:00,41.180000000000085
1991-04-30 05:00:00,40.8800000000001
1991-05-01 05:00:00,41.150000000000084
1991-05-02 05:00:00,41.06000000000011
1991-05-03 05:00:00,41.2900000000001
1991-05-06 05:00:00,41.61000000000009
1991-05-07 05:00:00,41.56000000000008
1991-05-08 05:00:00,41.81000000000008
1991-05-09 05:00:00,41.98000000000007
1991-05-10 05:00:00,41.36000000000009
1991-05-13 05:00:00,41.1600000000001
1991-05-14 05:00:00,41.08000000000009
1991-05-15 05:00:00,41.2900000000001
1991-05-16 05:00:00,41.39000000000009
1991-05-17 05:00:00,41.52000000000012
1991-05-20 05:00:00,41.55000000000009
1991-05-21 05:00:00,41.37000000000011
1991-05-22 05:00:00,41.09000000000011
1991-05-23 05:00:00,41.220000000000105
1991-05-24 05:00:00,41.40000000000011
1991-05-28 05:00:00,41.52000000000012
1991-05-29 05:00:00,41.33000000000009
1991-05-30 05:00:00,41.60000000000007
1991-05-31 05:00:00,41.4100000000001
1991-06-03 05:00:00,41.40000000000011
1991-06-04 05:00:00,41.2600000000001
1991-06-05 05:00:00,40.7600000000001
1991-06-06 05:00:00,40.6000000000001
1991-06-07 05:00:00,40.5400000000001
1991-06-10 05:00:00,40.14000000000009
1991-06-11 05:00:00,40.25000000000011
1991-06-12 05:00:00,40.36000000000009
1991-06-13 05:00:00,40.0700000000001
1991-06-14 05:00:00,40.0400000000001
1991-06-17 05:00:00,40.150000000000084
1991-06-18 05:00:00,40.1000000000001
1991-06-19 05:00:00,39.9100000000001
1991-06-20 05:00:00,40.170000000000094
1991-06-21 05:00:00,40.210000000000086
1991-06-24 05:00:00,39.99000000000009
1991-06-25 05:00:00,40.09000000000011
1991-06-26 05:00:00,40.08000000000009
1991-06-27 05:00:00,40.460000000000115
1991-06-28 05:00:00,40.5400000000001
1991-07-01 05:00:00,40.670000000000094
1991-07-02 05:00:00,40.730000000000096
1991-07-03 05:00:00,40.58000000000009
1991-07-05 05:00:00,40.78000000000011
1991-07-08 05:00:00,41.11000000000009
1991-07-09 05:00:00,41.170000000000094
1991-07-10 05:00:00,41.34000000000011
1991-07-11 05:00:00,41.170000000000094
1991-07-12 05:00:00,41.58000000000009
1991-07-15 05:00:00,41.36000000000009
1991-07-16 05:00:00,41.490000000000116
1991-07-17 05:00:00,41.910000000000075
1991-07-18 05:00:00,41.78000000000008
1991-07-19 05:00:00,42.1300000000001
1991-07-22 05:00:00,41.910000000000075
1991-07-23 05:00:00,41.39000000000009
1991-07-24 05:00:00,41.58000000000009
1991-07-25 05:00:00,41.490000000000116
1991-07-26 05:00:00,41.5100000000001
1991-07-29 05:00:00,41.4100000000001
1991-07-30 05:00:00,41.55000000000009
1991-07-31 05:00:00,41.79000000000007
1991-08-01 05:00:00,41.34000000000011
1991-08-02 05:00:00,41.440000000000104
1991-08-05 05:00:00,41.56000000000008
1991-08-06 05:00:00,41.450000000000095
1991-08-07 05:00:00,41.450000000000095
1991-08-08 05:00:00,41.630000000000074
1991-08-09 05:00:00,41.660000000000075
1991-08-12 05:00:00,41.74000000000009
1991-08-13 05:00:00,41.700000000000095
1991-08-14 05:00:00,41.52000000000012
1991-08-15 05:00:00,41.660000000000075
1991-08-16 05:00:00,41.5100000000001
1991-08-19 05:00:00,42.50000000000008
1991-08-20 05:00:00,42.53000000000008
1991-08-21 05:00:00,41.730000000000096
1991-08-22 05:00:00,41.87000000000008
1991-08-23 05:00:00,41.950000000000095
1991-08-26 05:00:00,42.12000000000008
1991-08-27 05:00:00,42.1300000000001
1991-08-28 05:00:00,41.910000000000075
1991-08-29 05:00:00,42.1300000000001
1991-08-30 05:00:00,42.39000000000009
1991-09-03 05:00:00,42.37000000000008
1991-09-04 05:00:00,41.97000000000008
1991-09-05 05:00:00,41.89000000000009
1991-09-06 05:00:00,41.80000000000009
1991-09-09 05:00:00,41.55000000000009
1991-09-10 05:00:00,41.630000000000074
1991-09-11 05:00:00,41.84000000000008
1991-09-12 05:00:00,41.73000000000007
1991-09-13 05:00:00,41.880000000000074
1991-09-16 05:00:00,41.960000000000086
1991-09-17 05:00:00,41.78000000000008
1991-09-18 05:00:00,41.98000000000007
1991-09-19 05:00:00,41.900000000000084
1991-09-20 05:00:00,42.01000000000007
1991-09-23 05:00:00,42.25000000000008
1991-09-24 05:00:00,42.430000000000085
1991-09-25 05:00:00,42.430000000000085
1991-09-26 05:00:00,42.410000000000075
1991-09-27 05:00:00,42.56000000000008
1991-09-30 05:00:00,42.460000000000086
1991-10-01 05:00:00,42.460000000000086
1991-10-02 05:00:00,42.5700000000001
1991-10-03 05:00:00,42.87000000000008
1991-10-04 05:00:00,42.80000000000009
1991-10-07 05:00:00,43.160000000000075
1991-10-08 05:00:00,43.150000000000084
1991-10-09 05:00:00,43.31000000000008
1991-10-10 05:00:00,43.14000000000009
1991-10-11 05:00:00,43.27000000000009
1991-10-14 05:00:00,43.55000000000009
1991-10-15 05:00:00,43.81000000000008
1991-10-16 05:00:00,43.690000000000076
1991-10-17 05:00:00,43.900000000000084
1991-10-18 05:00:00,44.1000000000001
1991-10-21 05:00:00,44.170000000000094
1991-10-22 05:00:00,43.980000000000096
1991-10-23 05:00:00,43.59000000000008
1991-10-24 05:00:00,43.78000000000008
1991-10-25 05:00:00,43.450000000000095
1991-10-28 06:00:00,43.56000000000008
1991-10-29 06:00:00,43.47000000000008
1991-10-30 06:00:00,43.460000000000086
1991-10-31 06:00:00,43.690000000000076
1991-11-01 06:00:00,44.12000000000008
1991-11-04 06:00:00,44.11000000000009
1991-11-05 06:00:00,44.14000000000009
1991-11-06 06:00:00,43.81000000000008
1991-11-07 06:00:00,43.6000000000001
1991-11-08 06:00:00,43.4100000000001
1991-11-11 06:00:00,42.980000000000096
1991-11-12 06:00:00,42.89000000000009
1991-11-13 06:00:00,42.720000000000105
1991-11-14 06:00:00,42.87000000000008
1991-11-15 06:00:00,43.170000000000094
1991-11-18 06:00:00,42.78000000000008
1991-11-19 06:00:00,42.5700000000001
1991-11-20 06:00:00,42.6000000000001
1991-11-21 06:00:00,42.39000000000009
1991-11-22 06:00:00,41.84000000000008
1991-11-25 06:00:00,41.99000000000009
1991-11-26 06:00:00,41.61000000000009
1991-11-27 06:00:00,41.97000000000008
1991-11-29 06:00:00,42.07000000000007
1991-12-02 06:00:00,41.730000000000096
1991-12-03 06:00:00,41.200000000000095
1991-12-04 06:00:00,41.440000000000104
1991-12-05 06:00:00,41.08000000000009
1991-12-06 06:00:00,40.77000000000009
1991-12-09 06:00:00,40.170000000000094
1991-12-10 06:00:00,40.220000000000105
1991-12-11 06:00:00,40.34000000000011
1991-12-12 06:00:00,40.700000000000095
1991-12-13 06:00:00,40.7600000000001
1991-12-16 06:00:00,40.490000000000116
1991-12-17 06:00:00,40.190000000000104
1991-12-18 06:00:00,40.12000000000011
1991-12-19 06:00:00,39.940000000000104
1991-12-20 06:00:00,39.3800000000001
1991-12-23 06:00:00,39.61000000000009
1991-12-24 06:00:00,39.80000000000009
1991-12-26 06:00:00,39.34000000000008
1991-12-27 06:00:00,39.59000000000011
1991-12-30 06:00:00,39.450000000000095
1991-12-31 06:00:00,39.93000000000011
1992-01-02 06:00:00,40.30000000000012
1992-01-03 06:00:00,40.03000000000011
1992-01-06 06:00:00,40.0100000000001
1992-01-07 06:00:00,39.450000000000095
1992-01-08 06:00:00,38.700000000000095
1992-01-09 06:00:00,38.730000000000096
1992-01-10 06:00:00,39.190000000000104
1992-01-13 06:00:00,39.670000000000094
1992-01-14 06:00:00,39.39000000000009
1992-01-15 06:00:00,39.77000000000009
1992-01-16 06:00:00,39.77000000000009
1992-01-17 06:00:00,40.0100000000001
1992-01-20 06:00:00,39.83000000000009
1992-01-21 06:00:00,39.53000000000008
1992-01-22 06:00:00,39.78000000000011
1992-01-23 06:00:00,39.52000000000009
1992-01-24 06:00:00,39.80000000000009
1992-01-27 06:00:00,40.170000000000094
1992-01-28 06:00:00,39.980000000000096
1992-01-29 06:00:00,39.710000000000086
1992-01-30 06:00:00,39.77000000000009
1992-01-31 06:00:00,39.75000000000011
1992-02-03 06:00:00,39.84000000000011
1992-02-04 06:00:00,40.180000000000085
1992-02-05 06:00:00,40.37000000000011
1992-02-06 06:00:00,40.31000000000011
1992-02-07 06:00:00,40.58000000000012
1992-02-10 06:00:00,40.5700000000001
1992-02-11 06:00:00,40.200000000000095
1992-02-12 06:00:00,40.180000000000085
1992-02-13 06:00:00,40.58000000000012
1992-02-14 06:00:00,40.40000000000011
1992-02-18 06:00:00,39.14000000000009
1992-02-19 06:00:00,39.55000000000009
1992-02-20 06:00:00,39.59000000000011
1992-02-21 06:00:00,39.470000000000105
1992-02-24 06:00:00,39.24000000000009
1992-02-25 06:00:00,39.2900000000001
1992-02-26 06:00:00,39.31000000000008
1992-02-27 06:00:00,39.59000000000011
1992-02-28 06:00:00,39.5400000000001
1992-03-02 06:00:00,39.210000000000086
1992-03-03 06:00:00,39.470000000000105
1992-03-04 06:00:00,39.480000000000096
1992-03-05 06:00:00,39.4100000000001
1992-03-06 06:00:00,39.36000000000009
1992-03-09 06:00:00,39.5400000000001
1992-03-10 06:00:00,39.58000000000009
1992-03-11 06:00:00,39.39000000000009
1992-03-12 06:00:00,39.680000000000085
1992-03-13 06:00:00,39.99000000000009
1992-03-16 06:00:00,39.9100000000001
1992-03-17 06:00:00,39.950000000000095
1992-03-18 06:00:00,39.80000000000009
1992-03-19 06:00:00,40.06000000000011
1992-03-20 06:00:00,39.74000000000009
1992-03-23 06:00:00,39.77000000000009
1992-03-24 06:00:00,39.8800000000001
1992-03-25 06:00:00,39.87000000000008
1992-03-26 06:00:00,39.960000000000086
1992-03-27 06:00:00,39.84000000000011
1992-03-30 06:00:00,39.9100000000001
1992-03-31 06:00:00,40.12000000000008
1992-04-01 06:00:00,40.450000000000095
1992-04-02 06:00:00,40.34000000000011
1992-04-03 06:00:00,40.8200000000001
1992-04-06 05:00:00,41.0400000000001
1992-04-07 05:00:00,40.8500000000001
1992-04-08 05:00:00,41.1600000000001
1992-04-09 05:00:00,40.86000000000009
1992-04-10 05:00:00,41.02000000000009
1992-04-13 05:00:00,40.86000000000009
1992-04-14 05:00:00,40.5100000000001
1992-04-15 05:00:00,40.61000000000009
1992-04-16 05:00:00,40.99000000000009
1992-04-20 05:00:00,41.03000000000011
1992-04-21 05:00:00,41.05000000000009
1992-04-22 05:00:00,40.74000000000009
1992-04-23 05:00:00,40.74000000000009
1992-04-24 05:00:00,40.8500000000001
1992-04-27 05:00:00,40.930000000000085
1992-04-28 05:00:00,41.06000000000011
1992-04-29 05:00:00,41.40000000000011
1992-04-30 05:00:00,41.470000000000105
1992-05-01 05:00:00,41.470000000000105
1992-05-04 05:00:00,41.710000000000086
1992-05-05 05:00:00,41.43000000000011
1992-05-06 05:00:00,41.43000000000011
1992-05-07 05:00:00,41.3800000000001
1992-05-08 05:00:00,41.5100000000001
1992-05-11 05:00:00,41.700000000000095
1992-05-12 05:00:00,41.660000000000075
1992-05-13 05:00:00,41.50000000000011
1992-05-14 05:00:00,41.2900000000001
1992-05-15 05:00:00,41.480000000000096
1992-05-18 05:00:00,41.3800000000001
1992-05-19 05:00:00,41.03000000000011
1992-05-20 05:00:00,41.03000000000011
1992-05-21 05:00:00,41.53000000000011
1992-05-22 05:00:00,41.56000000000008
1992-05-26 05:00:00,42.5700000000001
1992-05-27 05:00:00,42.5100000000001
1992-05-28 05:00:00,42.53000000000008
1992-05-29 05:00:00,42.670000000000094
1992-06-01 05:00:00,42.6300000000001
1992-06-02 05:00:00,42.690000000000104
1992-06-03 05:00:00,42.940000000000104
1992-06-04 05:00:00,43.0100000000001
1992-06-05 05:00:00,43.12000000000008
1992-06-08 05:00:00,42.99000000000009
1992-06-09 05:00:00,42.87000000000008
1992-06-10 05:00:00,43.05000000000009
1992-06-11 05:00:00,42.920000000000094
1992-06-12 05:00:00,42.900000000000084
1992-06-15 05:00:00,43.00000000000011
1992-06-16 05:00:00,42.980000000000096
1992-06-17 05:00:00,42.960000000000086
1992-06-18 05:00:00,42.980000000000096
1992-06-19 05:00:00,43.03000000000008
1992-06-22 05:00:00,43.11000000000009
1992-06-23 05:00:00,43.220000000000105
1992-06-24 05:00:00,43.470000000000105
1992-06-25 05:00:00,43.170000000000094
1992-06-26 05:00:00,43.02000000000009
1992-06-29 05:00:00,42.83000000000009
1992-06-30 05:00:00,42.27000000000009
1992-07-01 05:00:00,42.460000000000086
1992-07-02 05:00:00,42.690000000000104
1992-07-06 05:00:00,42.49000000000009
1992-07-07 05:00:00,42.0400000000001
1992-07-08 05:00:00,42.08000000000009
1992-07-09 05:00:00,42.09000000000008
1992-07-10 05:00:00,41.910000000000075
1992-07-13 05:00:00,42.00000000000008
1992-07-14 05:00:00,42.0400000000001
1992-07-15 05:00:00,42.28000000000008
1992-07-16 05:00:00,42.36000000000009
1992-07-17 05:00:00,42.1600000000001
1992-07-20 05:00:00,42.27000000000009
1992-07-21 05:00:00,42.180000000000085
1992-07-22 05:00:00,42.460000000000086
1992-07-23 05:00:00,42.59000000000008
1992-07-24 05:00:00,42.62000000000008
1992-07-27 05:00:00,42.680000000000085
1992-07-28 05:00:00,42.680000000000085
1992-07-29 05:00:00,42.62000000000008
1992-07-30 05:00:00,42.460000000000086
1992-07-31 05:00:00,42.5100000000001
1992-08-03 05:00:00,42.210000000000086
1992-08-04 05:00:00,41.99000000000009
1992-08-05 05:00:00,41.83000000000009
1992-08-06 05:00:00,42.06000000000008
1992-08-07 05:00:00,41.87000000000008
1992-08-10 05:00:00,41.690000000000076
1992-08-11 05:00:00,41.60000000000007
1992-08-12 05:00:00,41.74000000000009
1992-08-13 05:00:00,41.980000000000096
1992-08-14 05:00:00,41.930000000000085
1992-08-17 05:00:00,42.06000000000008
1992-08-18 05:00:00,42.0100000000001
1992-08-19 05:00:00,41.880000000000074
1992-08-20 05:00:00,41.960000000000086
1992-08-21 05:00:00,41.81000000000008
1992-08-24 05:00:00,42.220000000000105
1992-08-25 05:00:00,41.86000000000009
1992-08-26 05:00:00,41.89000000000009
1992-08-27 05:00:00,41.80000000000009
1992-08-28 05:00:00,41.97000000000008
1992-08-31 05:00:00,42.150000000000084
1992-09-01 05:00:00,42.2600000000001
1992-09-02 05:00:00,42.31000000000008
1992-09-03 05:00:00,42.2900000000001
1992-09-04 05:00:00,42.37000000000008
1992-09-07 05:00:00,42.37000000000008
1992-09-08 05:00:00,42.55000000000009
1992-09-09 05:00:00,42.61000000000009
1992-09-10 05:00:00,42.58000000000009
1992-09-11 05:00:00,42.64000000000009
1992-09-14 05:00:00,42.930000000000085
1992-09-15 05:00:00,42.80000000000009
1992-09-16 05:00:00,42.920000000000094
1992-09-17 05:00:00,42.78000000000008
1992-09-18 05:00:00,42.55000000000009
1992-09-21 05:00:00,42.5400000000001
1992-09-22 05:00:00,42.6000000000001
1992-09-23 05:00:00,42.8200000000001
1992-09-24 05:00:00,42.6300000000001
1992-09-25 05:00:00,42.5100000000001
1992-09-28 05:00:00,42.55000000000009
1992-09-29 05:00:00,42.49000000000009
1992-09-30 05:00:00,42.52000000000009
1992-10-01 05:00:00,42.6300000000001
1992-10-02 05:00:00,42.72000000000008
1992-10-05 05:00:00,42.5700000000001
1992-10-06 05:00:00,42.61000000000009
1992-10-07 05:00:00,42.710000000000086
1992-10-08 05:00:00,42.80000000000009
1992-10-09 05:00:00,43.190000000000104
1992-10-12 05:00:00,43.11000000000009
1992-10-13 05:00:00,42.9100000000001
1992-10-14 05:00:00,42.9100000000001
1992-10-15 05:00:00,43.150000000000084
1992-10-16 05:00:00,43.09000000000008
1992-10-19 05:00:00,42.99000000000009
1992-10-20 05:00:00,42.960000000000086
1992-10-21 05:00:00,42.5400000000001
1992-10-22 05:00:00,42.2900000000001
1992-10-23 05:00:00,42.150000000000084
1992-10-26 06:00:00,42.22000000000008
1992-10-27 06:00:00,42.0100000000001
1992-10-28 06:00:00,42.10000000000007
1992-10-29 06:00:00,41.7600000000001
1992-10-30 06:00:00,41.650000000000084
1992-11-02 06:00:00,41.7600000000001
1992-11-03 06:00:00,41.710000000000086
1992-11-04 06:00:00,41.40000000000011
1992-11-05 06:00:00,41.710000000000086
1992-11-06 06:00:00,41.4100000000001
1992-11-09 06:00:00,41.710000000000086
1992-11-10 06:00:00,41.57000000000007
1992-11-11 06:00:00,41.55000000000009
1992-11-12 06:00:00,41.3200000000001
1992-11-13 06:00:00,41.1300000000001
1992-11-16 06:00:00,41.37000000000011
1992-11-17 06:00:00,41.2900000000001
1992-11-18 06:00:00,41.18000000000011
1992-11-19 06:00:00,41.53000000000011
1992-11-20 06:00:00,41.55000000000009
1992-11-23 06:00:00,41.210000000000086
1992-11-24 06:00:00,41.220000000000105
1992-11-25 06:00:00,41.2600000000001
1992-11-30 06:00:00,40.89000000000009
1992-12-01 06:00:00,40.53000000000011
1992-12-02 06:00:00,40.460000000000115
1992-12-03 06:00:00,40.14000000000009
1992-12-04 06:00:00,40.02000000000009
1992-12-07 06:00:00,40.230000000000096
1992-12-08 06:00:00,39.93000000000011
1992-12-09 06:00:00,39.940000000000104
1992-12-10 06:00:00,40.37000000000011
1992-12-11 06:00:00,40.210000000000086
1992-12-14 06:00:00,40.190000000000104
1992-12-15 06:00:00,40.1000000000001
1992-12-16 06:00:00,40.5400000000001
1992-12-17 06:00:00,40.900000000000084
1992-12-18 06:00:00,40.89000000000009
1992-12-21 06:00:00,40.950000000000095
1992-12-22 06:00:00,40.83000000000009
1992-12-23 06:00:00,40.920000000000094
1992-12-24 06:00:00,40.920000000000094
1992-12-28 06:00:00,40.7900000000001
1992-12-29 06:00:00,40.6300000000001
1992-12-30 06:00:00,40.62000000000011
1992-12-31 06:00:00,40.52000000000012
1993-01-04 06:00:00,40.0700000000001
1993-01-05 06:00:00,40.28000000000011
1993-01-06 06:00:00,40.09000000000011
1993-01-07 06:00:00,40.02000000000009
1993-01-08 06:00:00,39.970000000000105
1993-01-11 06:00:00,39.8500000000001
1993-01-12 06:00:00,39.50000000000008
1993-01-13 06:00:00,39.64000000000009
1993-01-14 06:00:00,39.75000000000011
1993-01-15 06:00:00,39.940000000000104
1993-01-18 06:00:00,39.89000000000009
1993-01-19 06:00:00,39.6000000000001
1993-01-20 06:00:00,39.450000000000095
1993-01-21 06:00:00,39.700000000000095
1993-01-22 06:00:00,39.730000000000096
1993-01-25 06:00:00,40.490000000000116
1993-01-26 06:00:00,40.460000000000115
1993-01-27 06:00:00,40.490000000000116
1993-01-28 06:00:00,41.200000000000095
1993-01-29 06:00:00,41.08000000000009
1993-02-01 06:00:00,41.09000000000011
1993-02-02 06:00:00,40.80000000000009
1993-02-03 06:00:00,40.720000000000105
1993-02-04 06:00:00,41.08000000000009
1993-02-05 06:00:00,40.99000000000009
1993-02-08 06:00:00,40.86000000000009
1993-02-09 06:00:00,40.81000000000011
1993-02-10 06:00:00,40.930000000000085
1993-02-11 06:00:00,41.00000000000011
1993-02-12 06:00:00,40.74000000000009
1993-02-16 06:00:00,40.31000000000011
1993-02-17 06:00:00,40.180000000000085
1993-02-18 06:00:00,40.39000000000009
1993-02-19 06:00:00,40.6600000000001
1993-02-22 06:00:00,41.0700000000001
1993-02-23 06:00:00,41.24000000000009
1993-02-24 06:00:00,41.31000000000011
1993-02-25 06:00:00,41.39000000000009
1993-02-26 06:00:00,41.33000000000009
1993-03-01 06:00:00,41.40000000000011
1993-03-02 06:00:00,41.30000000000009
1993-03-03 06:00:00,41.3200000000001
1993-03-04 06:00:00,41.880000000000074
1993-03-05 06:00:00,41.73000000000007
1993-03-08 06:00:00,41.56000000000008
1993-03-09 06:00:00,41.52000000000012
1993-03-10 06:00:00,41.220000000000105
1993-03-11 06:00:00,41.00000000000011
1993-03-12 06:00:00,41.170000000000094
1993-03-15 06:00:00,41.0700000000001
1993-03-16 06:00:00,41.02000000000009
1993-03-17 06:00:00,41.06000000000008
1993-03-18 06:00:00,41.200000000000095
1993-03-19 06:00:00,41.0100000000001
1993-03-22 06:00:00,40.56000000000011
1993-03-23 06:00:00,40.8200000000001
1993-03-24 06:00:00,41.0100000000001
1993-03-25 06:00:00,41.200000000000095
1993-03-26 06:00:00,41.210000000000086
1993-03-29 06:00:00,41.12000000000008
1993-03-30 06:00:00,41.170000000000094
1993-03-31 06:00:00,41.34000000000008
1993-04-01 06:00:00,41.40000000000011
1993-04-02 06:00:00,41.53000000000011
1993-04-05 05:00:00,41.50000000000011
1993-04-06 05:00:00,41.190000000000104
1993-04-07 05:00:00,41.24000000000009
1993-04-08 05:00:00,41.1000000000001
1993-04-12 05:00:00,41.36000000000009
1993-04-13 05:00:00,41.36000000000009
1993-04-14 05:00:00,41.3200000000001
1993-04-15 05:00:00,41.180000000000085
1993-04-16 05:00:00,41.14000000000009
1993-04-19 05:00:00,41.05000000000009
1993-04-20 05:00:00,41.08000000000009
1993-04-21 05:00:00,41.150000000000084
1993-04-22 05:00:00,40.950000000000095
1993-04-23 05:00:00,41.1300000000001
1993-04-26 05:00:00,41.11000000000009
1993-04-27 05:00:00,41.00000000000011
1993-04-28 05:00:00,41.0100000000001
1993-04-29 05:00:00,41.3500000000001
1993-04-30 05:00:00,41.3200000000001
1993-05-03 05:00:00,41.34000000000008
1993-05-04 05:00:00,41.180000000000085
1993-05-05 05:00:00,41.27000000000009
1993-05-06 05:00:00,41.27000000000009
1993-05-07 05:00:00,41.24000000000009
1993-05-10 05:00:00,41.220000000000105
1993-05-11 05:00:00,41.1300000000001
1993-05-12 05:00:00,41.03000000000011
1993-05-13 05:00:00,40.65000000000011
1993-05-14 05:00:00,40.480000000000096
1993-05-17 05:00:00,40.53000000000011
1993-05-18 05:00:00,40.3800000000001
1993-05-19 05:00:00,40.3500000000001
1993-05-20 05:00:00,40.55000000000009
1993-05-21 05:00:00,40.58000000000009
1993-05-24 05:00:00,40.460000000000115
1993-05-25 05:00:00,40.61000000000009
1993-05-26 05:00:00,40.6000000000001
1993-05-27 05:00:00,40.75000000000011
1993-05-28 05:00:00,40.720000000000105
1993-06-01 05:00:00,40.900000000000084
1993-06-02 05:00:00,40.700000000000095
1993-06-03 05:00:00,40.450000000000095
1993-06-04 05:00:00,40.480000000000096
1993-06-07 05:00:00,40.2600000000001
1993-06-08 05:00:00,40.40000000000011
1993-06-09 05:00:00,40.440000000000104
1993-06-10 05:00:00,40.0700000000001
1993-06-11 05:00:00,39.83000000000009
1993-06-14 05:00:00,39.80000000000009
1993-06-15 05:00:00,39.480000000000096
1993-06-16 05:00:00,39.730000000000096
1993-06-17 05:00:00,39.58000000000009
1993-06-18 05:00:00,39.5400000000001
1993-06-21 05:00:00,39.49000000000009
1993-06-22 05:00:00,39.420000000000094
1993-06-23 05:00:00,39.47000000000008
1993-06-24 05:00:00,39.47000000000008
1993-06-25 05:00:00,39.430000000000085
1993-06-28 05:00:00,39.480000000000096
1993-06-29 05:00:00,39.5700000000001
1993-06-30 05:00:00,39.410000000000075
1993-07-01 05:00:00,39.03000000000008
1993-07-02 05:00:00,38.58000000000009
1993-07-06 05:00:00,38.84000000000008
1993-07-07 05:00:00,38.61000000000009
1993-07-08 05:00:00,38.36000000000009
1993-07-09 05:00:00,38.430000000000085
1993-07-12 05:00:00,38.630000000000074
1993-07-13 05:00:00,38.660000000000075
1993-07-14 05:00:00,37.97000000000008
1993-07-15 05:00:00,38.170000000000094
1993-07-16 05:00:00,37.74000000000009
1993-07-19 05:00:00,38.52000000000009
1993-07-20 05:00:00,38.14000000000009
1993-07-21 05:00:00,38.25000000000008
1993-07-22 05:00:00,37.99000000000009
1993-07-23 05:00:00,38.0700000000001
1993-07-26 05:00:00,38.33000000000009
1993-07-27 05:00:00,38.670000000000094
1993-07-28 05:00:00,38.49000000000009
1993-07-29 05:00:00,38.380000000000074
1993-07-30 05:00:00,38.210000000000086
1993-08-02 05:00:00,38.30000000000009
1993-08-03 05:00:00,38.210000000000086
1993-08-04 05:00:00,38.160000000000075
1993-08-05 05:00:00,37.950000000000095
1993-08-06 05:00:00,37.72000000000008
1993-08-09 05:00:00,37.99000000000009
1993-08-10 05:00:00,37.950000000000095
1993-08-11 05:00:00,38.30000000000009
1993-08-12 05:00:00,38.58000000000009
1993-08-13 05:00:00,38.59000000000008
1993-08-16 05:00:00,
1993-08-17 05:00:00,38.440000000000076
1993-08-18 05:00:00,
1993-08-19 05:00:00,38.2600000000001
1993-08-20 05:00:00,38.37000000000008
1993-08-23 05:00:00,38.58000000000009
1993-08-24 05:00:00,38.430000000000085
1993-08-25 05:00:00,38.420000000000094
1993-08-26 05:00:00,38.430000000000085
1993-08-27 05:00:00,38.81000000000011
1993-08-30 05:00:00,38.730000000000096
1993-08-31 05:00:00,38.36000000000009
1993-09-01 05:00:00,38.08000000000009
1993-09-02 05:00:00,38.08000000000009
1993-09-03 05:00:00,37.86000000000009
1993-09-07 05:00:00,37.230000000000096
1993-09-08 05:00:00,37.210000000000086
1993-09-09 05:00:00,37.170000000000094
1993-09-10 05:00:00,36.930000000000085
1993-09-13 05:00:00,37.130000000000074
1993-09-14 05:00:00,37.14000000000009
1993-09-15 05:00:00,37.04000000000007
1993-09-16 05:00:00,37.00000000000008
1993-09-17 05:00:00,37.160000000000075
1993-09-20 05:00:00,37.700000000000095
1993-09-21 05:00:00,37.700000000000095
1993-09-22 05:00:00,37.32000000000007
1993-09-23 05:00:00,37.35000000000007
1993-09-24 05:00:00,37.26000000000007
1993-09-27 05:00:00,37.400000000000084
1993-09-28 05:00:00,37.62000000000008
1993-09-29 05:00:00,38.27000000000009
1993-09-30 05:00:00,38.400000000000084
1993-10-01 05:00:00,38.22000000000008
1993-10-04 05:00:00,38.0700000000001
1993-10-05 05:00:00,38.05000000000009
1993-10-06 05:00:00,38.09000000000008
1993-10-07 05:00:00,38.150000000000084
1993-10-08 05:00:00,38.210000000000086
1993-10-11 05:00:00,38.420000000000094
1993-10-12 05:00:00,38.36000000000009
1993-10-13 05:00:00,38.2600000000001
1993-10-14 05:00:00,38.08000000000009
1993-10-15 05:00:00,37.880000000000074
1993-10-18 05:00:00,37.76000000000007
1993-10-19 05:00:00,37.80000000000009
1993-10-20 05:00:00,37.930000000000085
1993-10-21 05:00:00,37.87000000000008
1993-10-22 05:00:00,37.59000000000008
1993-10-25 05:00:00,37.08000000000009
1993-10-26 05:00:00,37.10000000000007
1993-10-27 05:00:00,37.210000000000086
1993-10-28 05:00:00,36.930000000000085
1993-10-29 05:00:00,36.49000000000009
1993-11-01 06:00:00,36.99000000000009
1993-11-02 06:00:00,36.72000000000008
1993-11-03 06:00:00,37.07000000000007
1993-11-04 06:00:00,36.98000000000007
1993-11-05 06:00:00,36.650000000000084
1993-11-08 06:00:00,36.31000000000008
1993-11-09 06:00:00,36.30000000000006
1993-11-10 06:00:00,36.210000000000086
1993-11-11 06:00:00,36.56000000000008
1993-11-12 06:00:00,36.440000000000076
1993-11-15 06:00:00,36.460000000000086
1993-11-16 06:00:00,36.49000000000009
1993-11-17 06:00:00,36.82000000000007
1993-11-18 06:00:00,36.53000000000008
1993-11-19 06:00:00,36.460000000000086
1993-11-22 06:00:00,36.48000000000007
1993-11-23 06:00:00,36.00000000000008
1993-11-24 06:00:00,35.80000000000006
1993-11-29 06:00:00,34.75000000000008
1993-11-30 06:00:00,34.82000000000007
1993-12-01 06:00:00,34.87000000000008
1993-12-02 06:00:00,34.380000000000074
1993-12-03 06:00:00,34.390000000000065
1993-12-06 06:00:00,34.01000000000007
1993-12-07 06:00:00,34.140000000000065
1993-12-08 06:00:00,34.05000000000006
1993-12-09 06:00:00,34.09000000000008
1993-12-10 06:00:00,34.51000000000007
1993-12-13 06:00:00,34.01000000000007
1993-12-14 06:00:00,34.04000000000007
1993-12-15 06:00:00,33.930000000000085
1993-12-16 06:00:00,33.80000000000006
1993-12-17 06:00:00,33.61000000000009
1993-12-20 06:00:00,33.56000000000008
1993-12-21 06:00:00,33.49000000000009
1993-12-22 06:00:00,33.82000000000007
1993-12-23 06:00:00,33.5700000000001
1993-12-27 06:00:00,33.28000000000008
1993-12-28 06:00:00,33.210000000000086
1993-12-29 06:00:00,33.52000000000009
1993-12-30 06:00:00,33.28000000000008
1994-01-03 06:00:00,33.650000000000084
1994-01-04 06:00:00,33.75000000000008
1994-01-05 06:00:00,34.380000000000074
1994-01-06 06:00:00,34.440000000000076
1994-01-07 06:00:00,34.34000000000008
1994-01-10 06:00:00,33.72000000000008
1994-01-11 06:00:00,33.880000000000074
1994-01-12 06:00:00,33.400000000000084
1994-01-13 06:00:00,33.53000000000008
1994-01-14 06:00:00,33.710000000000086
1994-01-17 06:00:00,33.880000000000074
1994-01-18 06:00:00,33.7600000000001
1994-01-19 06:00:00,33.87000000000008
1994-01-20 06:00:00,33.62000000000008
1994-01-21 06:00:00,33.61000000000009
1994-01-24 06:00:00,33.82000000000007
1994-01-25 06:00:00,33.7600000000001
1994-01-26 06:00:00,34.01000000000007
1994-01-27 06:00:00,33.97000000000008
1994-01-28 06:00:00,33.880000000000074
1994-01-31 06:00:00,33.7600000000001
1994-02-01 06:00:00,34.420000000000066
1994-02-02 06:00:00,34.54000000000007
1994-02-03 06:00:00,34.37000000000008
1994-02-04 06:00:00,34.160000000000075
1994-02-07 06:00:00,33.87000000000008
1994-02-08 06:00:00,33.890000000000065
1994-02-09 06:00:00,33.34000000000008
1994-02-10 06:00:00,33.28000000000008
1994-02-11 06:00:00,33.420000000000094
1994-02-14 06:00:00,32.950000000000074
1994-02-15 06:00:00,32.90000000000008
1994-02-16 06:00:00,32.730000000000075
1994-02-17 06:00:00,32.83000000000007
1994-02-18 06:00:00,32.77000000000007
1994-02-22 06:00:00,32.94000000000007
1994-02-23 06:00:00,32.960000000000065
1994-02-24 06:00:00,33.31000000000008
1994-02-25 06:00:00,33.11000000000009
1994-02-28 06:00:00,33.010000000000076
1994-03-01 06:00:00,33.210000000000086
1994-03-02 06:00:00,33.25000000000008
1994-03-03 06:00:00,33.24000000000009
1994-03-04 06:00:00,33.09000000000008
1994-03-07 06:00:00,32.65000000000008
1994-03-08 06:00:00,32.600000000000065
1994-03-09 06:00:00,32.64000000000007
1994-03-10 06:00:00,32.600000000000065
1994-03-11 06:00:00,32.850000000000065
1994-03-14 06:00:00,32.90000000000008
1994-03-15 06:00:00,33.180000000000085
1994-03-16 06:00:00,33.39000000000009
1994-03-17 06:00:00,33.150000000000084
1994-03-18 06:00:00,33.170000000000094
1994-03-21 06:00:00,33.50000000000008
1994-03-22 06:00:00,33.47000000000008
1994-03-23 06:00:00,33.230000000000096
1994-03-24 06:00:00,33.410000000000075
1994-03-25 06:00:00,33.430000000000085
1994-03-28 06:00:00,32.450000000000074
1994-03-29 06:00:00,32.69000000000007
1994-03-30 06:00:00,32.75000000000007
1994-03-31 06:00:00,33.170000000000094
1994-04-04 05:00:00,34.130000000000074
1994-04-05 05:00:00,34.04000000000007
1994-04-06 05:00:00,34.05000000000006
1994-04-07 05:00:00,33.84000000000008
1994-04-08 05:00:00,33.84000000000008
1994-04-11 05:00:00,34.130000000000074
1994-04-12 05:00:00,33.99000000000006
1994-04-13 05:00:00,34.08000000000006
1994-04-14 05:00:00,34.29000000000007
1994-04-15 05:00:00,34.61000000000009
1994-04-18 05:00:00,34.56000000000008
1994-04-19 05:00:00,34.28000000000008
1994-04-20 05:00:00,34.43000000000006
1994-04-21 05:00:00,34.680000000000085
1994-04-22 05:00:00,35.12000000000008
1994-04-25 05:00:00,35.24000000000006
1994-04-26 05:00:00,34.920000000000066
1994-04-28 05:00:00,34.680000000000085
1994-04-29 05:00:00,34.940000000000076
1994-05-02 05:00:00,35.170000000000066
1994-05-03 05:00:00,34.93000000000006
1994-05-04 05:00:00,34.880000000000074
1994-05-05 05:00:00,35.23000000000007
1994-05-06 05:00:00,35.57000000000007
1994-05-09 05:00:00,35.55000000000006
1994-05-10 05:00:00,35.45000000000007
1994-05-11 05:00:00,35.61000000000006
1994-05-12 05:00:00,35.870000000000054
1994-05-13 05:00:00,35.85000000000007
1994-05-16 05:00:00,35.71000000000006
1994-05-17 05:00:00,35.50000000000008
1994-05-18 05:00:00,35.880000000000074
1994-05-19 05:00:00,36.06000000000008
1994-05-20 05:00:00,36.33000000000006
1994-05-23 05:00:00,36.21000000000006
1994-05-24 05:00:00,36.09000000000005
1994-05-25 05:00:00,35.940000000000076
1994-05-26 05:00:00,35.900000000000055
1994-05-27 05:00:00,36.120000000000054
1994-05-31 05:00:00,36.370000000000054
1994-06-01 05:00:00,36.28000000000008
1994-06-02 05:00:00,36.26000000000007
1994-06-03 05:00:00,36.150000000000055
1994-06-06 05:00:00,36.130000000000074
1994-06-07 05:00:00,35.80000000000006
1994-06-08 05:00:00,36.26000000000007
1994-06-09 05:00:00,36.58000000000006
1994-06-10 05:00:00,36.34000000000005
1994-06-13 05:00:00,36.49000000000006
1994-06-14 05:00:00,36.690000000000076
1994-06-15 05:00:00,37.45000000000007
1994-06-16 05:00:00,37.390000000000065
1994-06-17 05:00:00,37.99000000000009
1994-06-20 05:00:00,37.960000000000086
1994-06-21 05:00:00,37.650000000000084
1994-06-22 05:00:00,37.61000000000006
1994-06-23 05:00:00,37.670000000000066
1994-06-24 05:00:00,37.57000000000007
1994-06-27 05:00:00,37.31000000000008
1994-06-28 05:00:00,37.51000000000007
1994-06-29 05:00:00,37.130000000000074
1994-06-30 05:00:00,37.58000000000006
1994-07-01 05:00:00,37.680000000000085
1994-07-05 05:00:00,37.73000000000007
1994-07-06 05:00:00,37.400000000000084
1994-07-07 05:00:00,37.31000000000008
1994-07-08 05:00:00,37.630000000000074
1994-07-11 05:00:00,38.23000000000007
1994-07-12 05:00:00,38.48000000000007
1994-07-13 05:00:00,38.36000000000009
1994-07-14 05:00:00,38.45000000000007
1994-07-15 05:00:00,38.26000000000007
1994-07-18 05:00:00,38.04000000000007
1994-07-19 05:00:00,38.160000000000075
1994-07-20 05:00:00,38.160000000000075
1994-07-21 05:00:00,38.29000000000007
1994-07-22 05:00:00,38.460000000000086
1994-07-25 05:00:00,38.29000000000007
1994-07-26 05:00:00,38.160000000000075
1994-07-27 05:00:00,38.37000000000008
1994-07-28 05:00:00,38.61000000000009
1994-07-29 05:00:00,39.08000000000009
1994-08-01 05:00:00,39.33000000000009
1994-08-02 05:00:00,38.95000000000007
1994-08-03 05:00:00,38.910000000000075
1994-08-04 05:00:00,38.930000000000085
1994-08-05 05:00:00,38.190000000000076
1994-08-08 05:00:00,38.32000000000007
1994-08-09 05:00:00,38.31000000000008
1994-08-10 05:00:00,38.07000000000007
1994-08-11 05:00:00,37.81000000000008
1994-08-12 05:00:00,37.32000000000007
1994-08-15 05:00:00,37.47000000000008
1994-08-16 05:00:00,37.160000000000075
1994-08-17 05:00:00,37.49000000000009
1994-08-18 05:00:00,37.11000000000006
1994-08-19 05:00:00,37.11000000000006
1994-08-22 05:00:00,36.31000000000005
1994-08-23 05:00:00,36.54000000000007
1994-08-24 05:00:00,36.880000000000074
1994-08-25 05:00:00,36.930000000000085
1994-08-26 05:00:00,36.60000000000007
1994-08-29 05:00:00,37.01000000000007
1994-08-30 05:00:00,36.84000000000008
1994-08-31 05:00:00,36.900000000000084
1994-09-01 05:00:00,36.85000000000007
1994-09-02 05:00:00,36.910000000000075
1994-09-06 05:00:00,37.03000000000008
1994-09-07 05:00:00,37.23000000000007
1994-09-08 05:00:00,37.10000000000007
1994-09-09 05:00:00,37.00000000000008
1994-09-12 05:00:00,36.890000000000065
1994-09-13 05:00:00,36.620000000000054
1994-09-14 05:00:00,36.26000000000007
1994-09-15 05:00:00,36.23000000000007
1994-09-16 05:00:00,36.33000000000006
1994-09-19 05:00:00,36.680000000000085
1994-09-20 05:00:00,36.58000000000006
1994-09-21 05:00:00,36.52000000000006
1994-09-22 05:00:00,36.940000000000076
1994-09-23 05:00:00,37.11000000000006
1994-09-26 05:00:00,36.940000000000076
1994-09-27 05:00:00,36.81000000000008
1994-09-28 05:00:00,36.940000000000076
1994-09-29 05:00:00,37.20000000000007
1994-09-30 05:00:00,37.59000000000008
1994-10-03 05:00:00,37.430000000000085
1994-10-04 05:00:00,37.34000000000008
1994-10-05 05:00:00,37.28000000000008
1994-10-06 05:00:00,37.51000000000007
1994-10-07 05:00:00,37.50000000000008
1994-10-10 05:00:00,37.24000000000009
1994-10-11 05:00:00,36.930000000000085
1994-10-12 05:00:00,36.440000000000076
1994-10-13 05:00:00,36.390000000000065
1994-10-14 05:00:00,36.25000000000005
1994-10-17 05:00:00,36.380000000000074
1994-10-18 05:00:00,36.49000000000006
1994-10-19 05:00:00,36.60000000000007
1994-10-20 05:00:00,36.710000000000086
1994-10-21 05:00:00,36.51000000000007
1994-10-24 05:00:00,36.59000000000005
1994-10-25 05:00:00,36.680000000000085
1994-10-26 05:00:00,36.99000000000009
1994-10-27 05:00:00,37.12000000000008
1994-10-28 05:00:00,37.130000000000074
1994-10-31 06:00:00,37.09000000000008
1994-11-01 06:00:00,37.51000000000007
1994-11-02 06:00:00,37.710000000000086
1994-11-03 06:00:00,37.660000000000075
1994-11-04 06:00:00,37.58000000000006
1994-11-07 06:00:00,37.23000000000007
1994-11-08 06:00:00,37.460000000000086
1994-11-09 06:00:00,37.150000000000084
1994-11-10 06:00:00,37.160000000000075
1994-11-11 06:00:00,37.11000000000006
1994-11-14 06:00:00,36.620000000000054
1994-11-15 06:00:00,36.73000000000007
1994-11-16 06:00:00,36.53000000000005
1994-11-17 06:00:00,36.77000000000006
1994-11-18 06:00:00,36.70000000000007
1994-11-21 06:00:00,36.71000000000006
1994-11-22 06:00:00,36.97000000000008
1994-11-23 06:00:00,37.30000000000006
1994-11-28 06:00:00,37.25000000000008
1994-11-29 06:00:00,37.170000000000066
1994-11-30 06:00:00,37.150000000000084
1994-12-01 06:00:00,36.920000000000066
1994-12-02 06:00:00,36.140000000000065
1994-12-05 06:00:00,36.01000000000007
1994-12-06 06:00:00,36.09000000000005
1994-12-07 06:00:00,36.06000000000005
1994-12-08 06:00:00,36.31000000000005
1994-12-09 06:00:00,36.32000000000007
1994-12-12 06:00:00,36.10000000000007
1994-12-13 06:00:00,36.11000000000006
1994-12-14 06:00:00,36.22000000000005
1994-12-15 06:00:00,36.05000000000006
1994-12-16 06:00:00,36.09000000000005
1994-12-19 06:00:00,36.150000000000055
1994-12-20 06:00:00,36.20000000000007
1994-12-21 06:00:00,36.18000000000006
1994-12-22 06:00:00,36.22000000000005
1994-12-23 06:00:00,36.34000000000005
1994-12-27 06:00:00,36.690000000000076
1994-12-28 06:00:00,36.86000000000006
1994-12-29 06:00:00,36.76000000000007
1994-12-30 06:00:00,36.80000000000006
1995-01-03 06:00:00,36.50000000000005
1995-01-04 06:00:00,36.58000000000006
1995-01-05 06:00:00,36.78000000000008
1995-01-06 06:00:00,36.71000000000006
1995-01-09 06:00:00,36.44000000000005
1995-01-10 06:00:00,36.410000000000046
1995-01-11 06:00:00,36.670000000000066
1995-01-12 06:00:00,36.690000000000076
1995-01-13 06:00:00,36.51000000000007
1995-01-16 06:00:00,36.80000000000006
1995-01-17 06:00:00,37.21000000000006
1995-01-18 06:00:00,37.420000000000066
1995-01-19 06:00:00,37.23000000000007
1995-01-20 06:00:00,37.31000000000008
1995-01-23 06:00:00,37.06000000000008
1995-01-24 06:00:00,37.31000000000008
1995-01-25 06:00:00,37.27000000000006
1995-01-26 06:00:00,37.18000000000006
1995-01-27 06:00:00,36.95000000000007
1995-01-30 06:00:00,37.04000000000007
1995-01-31 06:00:00,37.33000000000006
1995-02-01 06:00:00,37.37000000000008
1995-02-02 06:00:00,37.37000000000008
1995-02-03 06:00:00,37.56000000000008
1995-02-06 06:00:00,37.43000000000006
1995-02-07 06:00:00,37.28000000000008
1995-02-08 06:00:00,37.170000000000066
1995-02-09 06:00:00,37.150000000000055
1995-02-10 06:00:00,37.370000000000054
1995-02-13 06:00:00,37.27000000000006
1995-02-14 06:00:00,37.34000000000008
1995-02-15 06:00:00,37.410000000000075
1995-02-16 06:00:00,37.51000000000007
1995-02-17 06:00:00,37.74000000000006
1995-02-21 06:00:00,37.660000000000075
1995-02-22 06:00:00,37.68000000000006
1995-02-23 06:00:00,37.50000000000008
1995-02-24 06:00:00,37.71000000000006
1995-02-27 06:00:00,37.690000000000076
1995-02-28 06:00:00,37.57000000000007
1995-03-01 06:00:00,37.400000000000055
1995-03-02 06:00:00,37.390000000000065
1995-03-03 06:00:00,37.640000000000065
1995-03-06 06:00:00,37.620000000000054
1995-03-07 06:00:00,37.68000000000006
1995-03-08 06:00:00,37.45000000000007
1995-03-09 06:00:00,37.24000000000006
1995-03-10 06:00:00,37.130000000000074
1995-03-13 06:00:00,37.32000000000007
1995-03-14 06:00:00,37.170000000000066
1995-03-15 06:00:00,37.31000000000008
1995-03-16 06:00:00,37.32000000000007
1995-03-17 06:00:00,37.400000000000084
1995-03-20 06:00:00,37.61000000000006
1995-03-21 06:00:00,37.56000000000008
1995-03-22 06:00:00,38.03000000000008
1995-03-23 06:00:00,38.02000000000006
1995-03-24 06:00:00,37.880000000000074
1995-03-27 06:00:00,38.11000000000006
1995-03-28 06:00:00,38.09000000000008
1995-03-29 06:00:00,38.210000000000086
1995-03-30 06:00:00,38.170000000000066
1995-03-31 06:00:00,38.180000000000085
1995-04-03 05:00:00,38.06000000000008
1995-04-04 05:00:00,38.210000000000086
1995-04-05 05:00:00,38.58000000000006
1995-04-06 05:00:00,38.80000000000009
1995-04-07 05:00:00,38.74000000000009
1995-04-10 05:00:00,38.72000000000008
1995-04-11 05:00:00,38.99000000000009
1995-04-12 05:00:00,38.70000000000007
1995-04-13 05:00:00,38.36000000000006
1995-04-17 05:00:00,38.98000000000007
1995-04-18 05:00:00,39.12000000000008
1995-04-19 05:00:00,39.210000000000086
1995-04-20 05:00:00,39.34000000000008
1995-04-21 05:00:00,39.48000000000007
1995-04-24 05:00:00,39.25000000000008
1995-04-25 05:00:00,39.410000000000075
1995-04-26 05:00:00,39.30000000000006
1995-04-27 05:00:00,39.56000000000008
1995-04-28 05:00:00,39.53000000000008
1995-05-01 05:00:00,39.690000000000076
1995-05-02 05:00:00,39.36000000000006
1995-05-03 05:00:00,39.180000000000085
1995-05-04 05:00:00,39.52000000000006
1995-05-05 05:00:00,39.56000000000008
1995-05-08 05:00:00,39.53000000000008
1995-05-09 05:00:00,38.920000000000066
1995-05-10 05:00:00,39.02000000000006
1995-05-11 05:00:00,38.72000000000008
1995-05-12 05:00:00,38.81000000000008
1995-05-15 05:00:00,39.170000000000066
1995-05-16 05:00:00,39.37000000000008
1995-05-17 05:00:00,39.29000000000007
1995-05-18 05:00:00,39.30000000000006
1995-05-19 05:00:00,39.37000000000008
1995-05-22 05:00:00,39.33000000000006
1995-05-23 05:00:00,39.28000000000008
1995-05-24 05:00:00,38.920000000000066
1995-05-25 05:00:00,38.82000000000007
1995-05-26 05:00:00,38.29000000000007
1995-05-30 05:00:00,38.390000000000065
1995-05-31 05:00:00,38.48000000000007
1995-06-01 05:00:00,38.47000000000008
1995-06-02 05:00:00,38.660000000000075
1995-06-05 05:00:00,38.75000000000008
1995-06-06 05:00:00,38.61000000000006
1995-06-07 05:00:00,38.650000000000084
1995-06-08 05:00:00,38.46000000000006
1995-06-09 05:00:00,38.35000000000007
1995-06-12 05:00:00,38.420000000000066
1995-06-13 05:00:00,38.43000000000006
1995-06-14 05:00:00,38.54000000000007
1995-06-15 05:00:00,38.400000000000084
1995-06-16 05:00:00,38.28000000000008
1995-06-19 05:00:00,37.72000000000008
1995-06-20 05:00:00,37.690000000000076
1995-06-21 05:00:00,37.21000000000006
1995-06-22 05:00:00,37.25000000000008
1995-06-23 05:00:00,37.21000000000006
1995-06-26 05:00:00,37.35000000000007
1995-06-27 05:00:00,37.46000000000006
1995-06-28 05:00:00,37.61000000000006
1995-06-29 05:00:00,37.24000000000006
1995-06-30 05:00:00,37.10000000000007
1995-07-05 05:00:00,36.890000000000065
1995-07-06 05:00:00,37.04000000000007
1995-07-07 05:00:00,36.79000000000007
1995-07-10 05:00:00,37.02000000000006
1995-07-11 05:00:00,36.98000000000007
1995-07-12 05:00:00,37.06000000000008
1995-07-13 05:00:00,36.87000000000008
1995-07-14 05:00:00,36.96000000000006
1995-07-17 05:00:00,36.87000000000008
1995-07-18 05:00:00,37.01000000000007
1995-07-19 05:00:00,36.95000000000007
1995-07-20 05:00:00,36.690000000000076
1995-07-21 05:00:00,36.690000000000076
1995-07-24 05:00:00,36.78000000000008
1995-07-25 05:00:00,36.80000000000006
1995-07-26 05:00:00,37.29000000000007
1995-07-27 05:00:00,37.26000000000007
1995-07-28 05:00:00,37.22000000000008
1995-07-31 05:00:00,37.32000000000007
1995-08-01 05:00:00,37.43000000000006
1995-08-02 05:00:00,37.50000000000008
1995-08-03 05:00:00,37.46000000000006
1995-08-04 05:00:00,37.45000000000007
1995-08-07 05:00:00,37.420000000000066
1995-08-08 05:00:00,37.52000000000006
1995-08-09 05:00:00,37.55000000000006
1995-08-10 05:00:00,37.640000000000065
1995-08-11 05:00:00,37.59000000000008
1995-08-14 05:00:00,37.27000000000006
1995-08-15 05:00:00,37.21000000000006
1995-08-16 05:00:00,37.25000000000008
1995-08-17 05:00:00,37.34000000000008
1995-08-18 05:00:00,37.410000000000075
1995-08-21 05:00:00,37.71000000000006
1995-08-22 05:00:00,37.73000000000007
1995-08-23 05:00:00,37.83000000000006
1995-08-24 05:00:00,37.670000000000066
1995-08-25 05:00:00,37.62000000000008
1995-08-28 05:00:00,37.55000000000006
1995-08-29 05:00:00,37.59000000000008
1995-08-30 05:00:00,37.60000000000007
1995-08-31 05:00:00,37.68000000000006
1995-09-01 05:00:00,37.87000000000008
1995-09-05 05:00:00,38.31000000000008
1995-09-06 05:00:00,38.140000000000065
1995-09-07 05:00:00,38.05000000000006
1995-09-08 05:00:00,38.20000000000007
1995-09-11 05:00:00,38.22000000000008
1995-09-12 05:00:00,38.36000000000006
1995-09-13 05:00:00,38.26000000000007
1995-09-14 05:00:00,38.430000000000085
1995-09-15 05:00:00,38.400000000000084
1995-09-18 05:00:00,38.400000000000084
1995-09-19 05:00:00,38.400000000000084
1995-09-20 05:00:00,38.04000000000007
1995-09-21 05:00:00,37.630000000000074
1995-09-22 05:00:00,37.36000000000006
1995-09-25 05:00:00,37.58000000000006
1995-09-26 05:00:00,37.48000000000007
1995-09-27 05:00:00,37.670000000000066
1995-09-28 05:00:00,37.78000000000008
1995-09-29 05:00:00,37.60000000000007
1995-10-02 05:00:00,37.660000000000075
1995-10-03 05:00:00,37.58000000000006
1995-10-04 05:00:00,37.380000000000074
1995-10-05 05:00:00,36.960000000000086
1995-10-06 05:00:00,37.11000000000006
1995-10-09 05:00:00,37.34000000000008
1995-10-10 05:00:00,37.440000000000076
1995-10-11 05:00:00,37.380000000000074
1995-10-12 05:00:00,37.28000000000008
1995-10-13 05:00:00,37.58000000000006
1995-10-16 05:00:00,37.640000000000065
1995-10-17 05:00:00,37.650000000000084
1995-10-18 05:00:00,37.60000000000007
1995-10-19 05:00:00,37.380000000000074
1995-10-20 05:00:00,37.440000000000076
1995-10-23 05:00:00,37.50000000000008
1995-10-24 05:00:00,37.57000000000007
1995-10-25 05:00:00,37.54000000000007
1995-10-26 05:00:00,37.76000000000007
1995-10-27 05:00:00,37.75000000000008
1995-10-30 06:00:00,37.80000000000006
1995-10-31 06:00:00,37.83000000000006
1995-11-01 06:00:00,37.900000000000084
1995-11-02 06:00:00,38.10000000000007
1995-11-03 06:00:00,38.08000000000006
1995-11-06 06:00:00,37.900000000000084
1995-11-07 06:00:00,37.83000000000006
1995-11-08 06:00:00,37.960000000000086
1995-11-09 06:00:00,37.98000000000007
1995-11-10 06:00:00,37.98000000000007
1995-11-13 06:00:00,37.960000000000086
1995-11-14 06:00:00,37.97000000000008
1995-11-15 06:00:00,38.02000000000009
1995-11-16 06:00:00,38.210000000000086
1995-11-17 06:00:00,38.49000000000009
1995-11-20 06:00:00,38.440000000000076
1995-11-21 06:00:00,38.36000000000006
1995-11-22 06:00:00,38.34000000000008
1995-11-27 06:00:00,38.730000000000096
1995-11-28 06:00:00,38.650000000000084
1995-11-29 06:00:00,38.59000000000008
1995-11-30 06:00:00,38.52000000000009
1995-12-01 06:00:00,38.74000000000009
1995-12-04 06:00:00,38.880000000000074
1995-12-05 06:00:00,38.940000000000076
1995-12-06 06:00:00,38.98000000000007
1995-12-07 06:00:00,38.920000000000066
1995-12-08 06:00:00,39.190000000000076
1995-12-11 06:00:00,38.98000000000007
1995-12-12 06:00:00,39.03000000000008
1995-12-13 06:00:00,39.20000000000007
1995-12-14 06:00:00,39.27000000000009
1995-12-15 06:00:00,39.410000000000075
1995-12-18 06:00:00,39.55000000000009
1995-12-19 06:00:00,39.48000000000007
1995-12-20 06:00:00,39.440000000000076
1995-12-21 06:00:00,39.420000000000066
1995-12-22 06:00:00,39.56000000000008
1995-12-26 06:00:00,39.670000000000094
1995-12-27 06:00:00,39.87000000000008
1995-12-28 06:00:00,39.75000000000008
1995-12-29 06:00:00,39.89000000000009
1996-01-02 06:00:00,40.0700000000001
1996-01-03 06:00:00,40.170000000000094
1996-01-04 06:00:00,40.200000000000095
1996-01-05 06:00:00,40.480000000000096
1996-01-08 06:00:00,40.480000000000096
1996-01-09 06:00:00,40.24000000000009
1996-01-10 06:00:00,40.0100000000001
1996-01-11 06:00:00,39.28000000000008
1996-01-12 06:00:00,38.97000000000008
1996-01-15 06:00:00,39.02000000000009
1996-01-16 06:00:00,38.660000000000075
1996-01-17 06:00:00,39.02000000000009
1996-01-18 06:00:00,39.210000000000086
1996-01-19 06:00:00,39.04000000000007
1996-01-22 06:00:00,38.97000000000008
1996-01-23 06:00:00,38.900000000000084
1996-01-24 06:00:00,39.11000000000006
1996-01-25 06:00:00,38.60000000000007
1996-01-26 06:00:00,38.59000000000008
1996-01-29 06:00:00,38.390000000000065
1996-01-30 06:00:00,38.47000000000008
1996-01-31 06:00:00,38.60000000000007
1996-02-01 06:00:00,38.54000000000007
1996-02-02 06:00:00,38.61000000000006
1996-02-05 06:00:00,38.410000000000075
1996-02-06 06:00:00,38.53000000000008
1996-02-07 06:00:00,38.54000000000007
1996-02-08 06:00:00,38.56000000000008
1996-02-09 06:00:00,38.61000000000006
1996-02-12 06:00:00,38.74000000000009
1996-02-13 06:00:00,39.47000000000008
1996-02-14 06:00:00,39.440000000000076
1996-02-15 06:00:00,39.420000000000066
1996-02-16 06:00:00,39.420000000000066
1996-02-20 06:00:00,40.27000000000009
1996-02-21 06:00:00,40.53000000000008
1996-02-22 06:00:00,40.55000000000009
1996-02-23 06:00:00,39.930000000000085
1996-02-26 06:00:00,40.190000000000076
1996-02-27 06:00:00,40.3800000000001
1996-02-28 06:00:00,40.02000000000009
1996-02-29 06:00:00,40.200000000000095
1996-03-01 06:00:00,40.1000000000001
1996-03-04 06:00:00,39.81000000000008
1996-03-05 06:00:00,40.08000000000009
1996-03-06 06:00:00,40.55000000000009
1996-03-07 06:00:00,40.440000000000104
1996-03-08 06:00:00,40.3500000000001
1996-03-11 06:00:00,40.59000000000008
1996-03-12 06:00:00,40.880000000000074
1996-03-13 06:00:00,41.0400000000001
1996-03-14 06:00:00,41.14000000000009
1996-03-15 06:00:00,41.22000000000008
1996-03-18 06:00:00,41.62000000000008
1996-03-19 06:00:00,41.670000000000066
1996-03-20 06:00:00,41.70000000000007
1996-03-21 06:00:00,41.86000000000006
1996-03-22 06:00:00,42.390000000000065
1996-03-25 06:00:00,42.83000000000006
1996-03-26 06:00:00,42.61000000000006
1996-03-27 06:00:00,42.37000000000008
1996-03-28 06:00:00,42.06000000000008
1996-03-29 06:00:00,42.24000000000009
1996-04-01 06:00:00,42.710000000000086
1996-04-02 06:00:00,42.940000000000076
1996-04-03 06:00:00,42.690000000000076
1996-04-04 06:00:00,42.99000000000009
1996-04-08 05:00:00,43.170000000000066
1996-04-09 05:00:00,43.400000000000084
1996-04-10 05:00:00,44.190000000000076
1996-04-11 05:00:00,44.89000000000009
1996-04-12 05:00:00,44.180000000000085
1996-04-15 05:00:00,44.57000000000007
1996-04-16 05:00:00,43.82000000000007
1996-04-17 05:00:00,43.640000000000065
1996-04-18 05:00:00,43.420000000000066
1996-04-19 05:00:00,43.51000000000007
1996-04-22 05:00:00,43.940000000000076
1996-04-23 05:00:00,44.85000000000007
1996-04-24 05:00:00,44.61000000000009
1996-04-25 05:00:00,44.50000000000008
1996-04-26 05:00:00,44.64000000000009
1996-04-29 05:00:00,44.75000000000008
1996-04-30 05:00:00,44.05000000000009
1996-05-01 05:00:00,43.70000000000007
1996-05-02 05:00:00,43.660000000000075
1996-05-03 05:00:00,43.920000000000066
1996-05-06 05:00:00,43.87000000000008
1996-05-07 05:00:00,43.920000000000066
1996-05-08 05:00:00,43.880000000000074
1996-05-09 05:00:00,43.73000000000007
1996-05-10 05:00:00,43.940000000000076
1996-05-13 05:00:00,44.04000000000007
1996-05-14 05:00:00,44.14000000000009
1996-05-15 05:00:00,44.12000000000008
1996-05-16 05:00:00,43.58000000000009
1996-05-17 05:00:00,43.31000000000008
1996-05-20 05:00:00,44.450000000000095
1996-05-21 05:00:00,44.25000000000008
1996-05-22 05:00:00,44.89000000000009
1996-05-23 05:00:00,44.710000000000086
1996-05-24 05:00:00,44.79000000000007
1996-05-28 05:00:00,44.630000000000074
1996-05-29 05:00:00,44.400000000000084
1996-05-30 05:00:00,43.72000000000008
1996-05-31 05:00:00,43.57000000000007
1996-06-03 05:00:00,43.670000000000066
1996-06-04 05:00:00,44.09000000000008
1996-06-05 05:00:00,43.50000000000008
1996-06-06 05:00:00,43.710000000000086
1996-06-07 05:00:00,43.900000000000084
1996-06-10 05:00:00,43.910000000000075
1996-06-11 05:00:00,43.77000000000009
1996-06-12 05:00:00,43.77000000000009
1996-06-13 05:00:00,43.710000000000086
1996-06-14 05:00:00,43.97000000000008
1996-06-17 05:00:00,44.950000000000095
1996-06-18 05:00:00,44.50000000000008
1996-06-19 05:00:00,44.200000000000095
1996-06-20 05:00:00,44.410000000000075
1996-06-21 05:00:00,44.30000000000009
1996-06-24 05:00:00,44.32000000000007
1996-06-25 05:00:00,44.25000000000008
1996-06-26 05:00:00,44.82000000000007
1996-06-27 05:00:00,45.1000000000001
1996-06-28 05:00:00,45.08000000000009
1996-07-01 05:00:00,45.58000000000009
1996-07-02 05:00:00,45.2600000000001
1996-07-03 05:00:00,45.36000000000009
1996-07-08 05:00:00,45.49000000000009
1996-07-09 05:00:00,45.690000000000104
1996-07-10 05:00:00,45.83000000000009
1996-07-11 05:00:00,46.190000000000076
1996-07-12 05:00:00,46.180000000000085
1996-07-15 05:00:00,46.73000000000007
1996-07-16 05:00:00,46.64000000000009
1996-07-17 05:00:00,46.24000000000009
1996-07-18 05:00:00,46.23000000000007
1996-07-19 05:00:00,45.98000000000007
1996-07-22 05:00:00,45.960000000000086
1996-07-23 05:00:00,46.08000000000009
1996-07-24 05:00:00,45.84000000000008
1996-07-25 05:00:00,45.900000000000084
1996-07-26 05:00:00,45.36000000000009
1996-07-29 05:00:00,45.440000000000104
1996-07-30 05:00:00,45.5100000000001
1996-07-31 05:00:00,45.58000000000009
1996-08-01 05:00:00,46.150000000000084
1996-08-02 05:00:00,46.400000000000084
1996-08-05 05:00:00,46.34000000000008
1996-08-06 05:00:00,46.31000000000008
1996-08-07 05:00:00,46.54000000000007
1996-08-08 05:00:00,46.680000000000085
1996-08-09 05:00:00,46.73000000000007
1996-08-12 05:00:00,47.32000000000007
1996-08-13 05:00:00,47.49000000000009
1996-08-14 05:00:00,47.29000000000007
1996-08-15 05:00:00,47.170000000000094
1996-08-16 05:00:00,47.73000000000007
1996-08-19 05:00:00,48.09000000000008
1996-08-20 05:00:00,47.78000000000008
1996-08-21 05:00:00,47.460000000000086
1996-08-22 05:00:00,47.97000000000008
1996-08-23 05:00:00,47.70000000000007
1996-08-26 05:00:00,47.420000000000094
1996-08-27 05:00:00,47.33000000000009
1996-08-28 05:00:00,47.460000000000086
1996-08-29 05:00:00,47.87000000000008
1996-08-30 05:00:00,47.960000000000086
1996-09-03 05:00:00,48.910000000000075
1996-09-04 05:00:00,48.80000000000009
1996-09-05 05:00:00,49.03000000000008
1996-09-06 05:00:00,49.420000000000094
1996-09-09 05:00:00,49.34000000000008
1996-09-10 05:00:00,49.72000000000008
1996-09-11 05:00:00,50.30000000000009
1996-09-12 05:00:00,50.50000000000008
1996-09-13 05:00:00,50.10000000000007
1996-09-16 05:00:00,49.2600000000001
1996-09-17 05:00:00,49.35000000000007
1996-09-18 05:00:00,49.89000000000009
1996-09-19 05:00:00,49.56000000000008
1996-09-20 05:00:00,49.690000000000076
1996-09-23 05:00:00,49.7900000000001
1996-09-24 05:00:00,50.480000000000096
1996-09-25 05:00:00,50.78000000000008
1996-09-26 05:00:00,50.53000000000008
1996-09-27 05:00:00,50.9100000000001
1996-09-30 05:00:00,50.720000000000105
1996-10-01 05:00:00,50.53000000000008
1996-10-02 05:00:00,50.47000000000008
1996-10-03 05:00:00,51.1600000000001
1996-10-04 05:00:00,51.190000000000104
1996-10-07 05:00:00,51.690000000000104
1996-10-08 05:00:00,52.03000000000008
1996-10-09 05:00:00,51.62000000000008
1996-10-10 05:00:00,50.900000000000084
1996-10-11 05:00:00,51.3200000000001
1996-10-14 05:00:00,52.06000000000008
1996-10-15 05:00:00,51.920000000000094
1996-10-16 05:00:00,51.720000000000105
1996-10-17 05:00:00,51.940000000000104
1996-10-18 05:00:00,52.200000000000095
1996-10-21 05:00:00,52.3500000000001
1996-10-22 05:00:00,52.430000000000085
1996-10-23 05:00:00,51.8500000000001
1996-10-24 05:00:00,51.480000000000096
1996-10-25 05:00:00,51.7900000000001
1996-10-28 06:00:00,51.7600000000001
1996-10-29 06:00:00,51.33000000000009
1996-10-30 06:00:00,51.2900000000001
1996-10-31 06:00:00,50.49000000000009
1996-11-01 06:00:00,50.14000000000009
1996-11-04 06:00:00,49.940000000000076
1996-11-05 06:00:00,49.80000000000009
1996-11-06 06:00:00,49.86000000000009
1996-11-07 06:00:00,50.03000000000008
1996-11-08 06:00:00,50.7900000000001
1996-11-11 06:00:00,50.6600000000001
1996-11-12 06:00:00,50.680000000000085
1996-11-13 06:00:00,51.3800000000001
1996-11-14 06:00:00,51.670000000000094
1996-11-15 06:00:00,51.430000000000085
1996-11-18 06:00:00,51.1000000000001
1996-11-19 06:00:00,51.6000000000001
1996-11-20 06:00:00,50.75000000000011
1996-11-21 06:00:00,51.210000000000086
1996-11-22 06:00:00,51.06000000000008
1996-11-25 06:00:00,50.78000000000011
1996-11-26 06:00:00,50.86000000000009
1996-11-27 06:00:00,51.0700000000001
1996-12-02 06:00:00,52.00000000000011
1996-12-03 06:00:00,52.06000000000008
1996-12-04 06:00:00,51.99000000000009
1996-12-05 06:00:00,52.670000000000094
1996-12-06 06:00:00,52.75000000000011
1996-12-09 06:00:00,52.53000000000011
1996-12-10 06:00:00,51.690000000000104
1996-12-11 06:00:00,50.6600000000001
1996-12-12 06:00:00,50.960000000000086
1996-12-13 06:00:00,51.690000000000104
1996-12-16 06:00:00,52.690000000000104
1996-12-17 06:00:00,52.6000000000001
1996-12-18 06:00:00,52.84000000000008
1996-12-19 06:00:00,52.950000000000095
1996-12-20 06:00:00,52.6300000000001
1996-12-23 06:00:00,52.34000000000008
1996-12-24 06:00:00,52.650000000000084
1996-12-26 06:00:00,52.460000000000086
1996-12-27 06:00:00,52.74000000000009
1996-12-30 06:00:00,52.86000000000009
1996-12-31 06:00:00,53.430000000000085
1997-01-02 06:00:00,53.2600000000001
1997-01-03 06:00:00,53.180000000000085
1997-01-06 06:00:00,53.85000000000007
1997-01-07 06:00:00,53.73000000000007
1997-01-08 06:00:00,54.12000000000008
1997-01-09 06:00:00,53.910000000000075
1997-01-10 06:00:00,53.72000000000008
1997-01-13 06:00:00,53.02000000000009
1997-01-14 06:00:00,52.950000000000095
1997-01-15 06:00:00,53.650000000000084
1997-01-16 06:00:00,53.14000000000009
1997-01-17 06:00:00,52.7600000000001
1997-01-20 06:00:00,52.77000000000009
1997-01-21 06:00:00,52.59000000000008
1997-01-22 06:00:00,52.64000000000009
1997-01-23 06:00:00,52.55000000000009
1997-01-24 06:00:00,52.4100000000001
1997-01-27 06:00:00,52.3200000000001
1997-01-28 06:00:00,52.30000000000009
1997-01-29 06:00:00,52.81000000000008
1997-01-30 06:00:00,53.230000000000096
1997-01-31 06:00:00,52.59000000000008
1997-02-03 06:00:00,52.62000000000008
1997-02-04 06:00:00,52.49000000000009
1997-02-05 06:00:00,52.400000000000084
1997-02-06 06:00:00,51.62000000000008
1997-02-07 06:00:00,50.950000000000095
1997-02-10 06:00:00,51.1300000000001
1997-02-11 06:00:00,51.1000000000001
1997-02-12 06:00:00,50.49000000000009
1997-02-13 06:00:00,50.59000000000008
1997-02-14 06:00:00,50.86000000000009
1997-02-18 06:00:00,50.950000000000095
1997-02-19 06:00:00,51.09000000000008
1997-02-20 06:00:00,50.5400000000001
1997-02-21 06:00:00,50.200000000000095
1997-02-24 06:00:00,49.59000000000008
1997-02-25 06:00:00,49.85000000000007
1997-02-26 06:00:00,49.980000000000096
1997-02-27 06:00:00,49.7900000000001
1997-02-28 06:00:00,49.150000000000084
1997-03-03 06:00:00,49.180000000000085
1997-03-04 06:00:00,49.62000000000008
1997-03-05 06:00:00,49.52000000000009
1997-03-06 06:00:00,49.910000000000075
1997-03-07 06:00:00,50.39000000000009
1997-03-10 06:00:00,49.650000000000084
1997-03-11 06:00:00,49.440000000000076
1997-03-12 06:00:00,49.82000000000007
1997-03-13 06:00:00,49.87000000000008
1997-03-14 06:00:00,50.230000000000096
1997-03-17 06:00:00,49.930000000000085
1997-03-18 06:00:00,50.710000000000086
1997-03-19 06:00:00,50.77000000000009
1997-03-20 06:00:00,50.81000000000008
1997-03-21 06:00:00,50.54000000000007
1997-03-24 06:00:00,50.160000000000075
1997-03-25 06:00:00,50.11000000000009
1997-03-26 06:00:00,49.77000000000009
1997-03-27 06:00:00,49.83000000000009
1997-03-31 06:00:00,49.56000000000008
1997-04-01 06:00:00,49.400000000000084
1997-04-02 06:00:00,48.680000000000085
1997-04-03 06:00:00,48.710000000000086
1997-04-04 06:00:00,48.36000000000006
1997-04-07 05:00:00,48.47000000000008
1997-04-08 05:00:00,48.59000000000008
1997-04-09 05:00:00,48.53000000000008
1997-04-10 05:00:00,48.82000000000007
1997-04-11 05:00:00,48.76000000000007
1997-04-14 05:00:00,49.05000000000009
1997-04-15 05:00:00,48.930000000000085
1997-04-16 05:00:00,48.50000000000008
1997-04-17 05:00:00,48.53000000000008
1997-04-18 05:00:00,48.78000000000008
1997-04-21 05:00:00,49.11000000000009
1997-04-22 05:00:00,48.70000000000007
1997-04-23 05:00:00,48.87000000000008
1997-04-24 05:00:00,49.12000000000008
1997-04-25 05:00:00,49.130000000000074
1997-04-28 05:00:00,49.0400000000001
1997-04-29 05:00:00,49.52000000000009
1997-04-30 05:00:00,49.34000000000008
1997-05-01 05:00:00,49.09000000000008
1997-05-02 05:00:00,48.82000000000007
1997-05-05 05:00:00,48.84000000000008
1997-05-06 05:00:00,48.880000000000074
1997-05-07 05:00:00,48.83000000000009
1997-05-08 05:00:00,49.47000000000008
1997-05-09 05:00:00,49.5400000000001
1997-05-12 05:00:00,50.39000000000009
1997-05-13 05:00:00,50.430000000000085
1997-05-14 05:00:00,50.47000000000008
1997-05-15 05:00:00,50.47000000000008
1997-05-16 05:00:00,51.33000000000009
1997-05-19 05:00:00,51.12000000000008
1997-05-20 05:00:00,50.900000000000084
1997-05-21 05:00:00,51.180000000000085
1997-05-22 05:00:00,51.1600000000001
1997-05-23 05:00:00,50.970000000000105
1997-05-27 05:00:00,50.150000000000084
1997-05-28 05:00:00,50.210000000000086
1997-05-29 05:00:00,50.3800000000001
1997-05-30 05:00:00,50.3200000000001
1997-06-02 05:00:00,50.430000000000085
1997-06-03 05:00:00,49.7600000000001
1997-06-04 05:00:00,49.58000000000009
1997-06-05 05:00:00,49.170000000000094
1997-06-06 05:00:00,48.420000000000094
1997-06-09 05:00:00,48.32000000000007
1997-06-10 05:00:00,48.31000000000008
1997-06-11 05:00:00,48.200000000000095
1997-06-12 05:00:00,48.200000000000095
1997-06-13 05:00:00,48.30000000000009
1997-06-16 05:00:00,48.39000000000009
1997-06-17 05:00:00,48.54000000000007
1997-06-18 05:00:00,48.210000000000086
1997-06-19 05:00:00,48.160000000000075
1997-06-20 05:00:00,48.150000000000084
1997-06-23 05:00:00,48.36000000000009
1997-06-24 05:00:00,48.31000000000008
1997-06-25 05:00:00,48.74000000000009
1997-06-26 05:00:00,48.30000000000009
1997-06-27 05:00:00,48.670000000000094
1997-06-30 05:00:00,48.950000000000095
1997-07-01 05:00:00,49.230000000000096
1997-07-02 05:00:00,49.450000000000095
1997-07-03 05:00:00,48.710000000000086
1997-07-07 05:00:00,48.74000000000009
1997-07-08 05:00:00,48.910000000000075
1997-07-09 05:00:00,48.700000000000095
1997-07-10 05:00:00,48.460000000000086
1997-07-11 05:00:00,48.60000000000007
1997-07-14 05:00:00,48.27000000000009
1997-07-15 05:00:00,48.87000000000008
1997-07-16 05:00:00,48.78000000000008
1997-07-17 05:00:00,49.0400000000001
1997-07-18 05:00:00,48.50000000000008
1997-07-21 05:00:00,48.54000000000007
1997-07-22 05:00:00,48.60000000000007
1997-07-23 05:00:00,48.74000000000009
1997-07-24 05:00:00,48.880000000000074
1997-07-25 05:00:00,48.980000000000096
1997-07-28 05:00:00,48.900000000000084
1997-07-29 05:00:00,48.950000000000095
1997-07-30 05:00:00,49.3500000000001
1997-07-31 05:00:00,49.22000000000008
1997-08-01 05:00:00,49.3500000000001
1997-08-04 05:00:00,49.84000000000008
1997-08-05 05:00:00,49.97000000000008
1997-08-06 05:00:00,49.6000000000001
1997-08-07 05:00:00,49.2900000000001
1997-08-08 05:00:00,48.78000000000008
1997-08-11 05:00:00,48.920000000000094
1997-08-12 05:00:00,49.190000000000076
1997-08-13 05:00:00,49.410000000000075
1997-08-14 05:00:00,49.2600000000001
1997-08-15 05:00:00,49.27000000000009
1997-08-18 05:00:00,49.190000000000076
1997-08-19 05:00:00,49.3500000000001
1997-08-20 05:00:00,49.25000000000008
1997-08-21 05:00:00,48.72000000000008
1997-08-22 05:00:00,48.75000000000008
1997-08-25 05:00:00,48.31000000000008
1997-08-26 05:00:00,48.35000000000007
1997-08-27 05:00:00,48.77000000000009
1997-08-28 05:00:00,48.61000000000009
1997-08-29 05:00:00,48.680000000000085
1997-09-02 05:00:00,48.700000000000095
1997-09-03 05:00:00,48.680000000000085
1997-09-04 05:00:00,48.460000000000086
1997-09-05 05:00:00,48.670000000000094
1997-09-08 05:00:00,48.54000000000007
1997-09-09 05:00:00,48.52000000000009
1997-09-10 05:00:00,48.51000000000007
1997-09-11 05:00:00,48.430000000000085
1997-09-12 05:00:00,48.400000000000084
1997-09-15 05:00:00,48.35000000000007
1997-09-16 05:00:00,48.660000000000075
1997-09-17 05:00:00,48.48000000000007
1997-09-18 05:00:00,48.47000000000008
1997-09-19 05:00:00,48.48000000000007
1997-09-22 05:00:00,48.710000000000086
1997-09-23 05:00:00,48.74000000000009
1997-09-24 05:00:00,48.910000000000075
1997-09-25 05:00:00,49.33000000000009
1997-09-26 05:00:00,49.730000000000096
1997-09-29 05:00:00,50.0400000000001
1997-09-30 05:00:00,49.99000000000009
1997-10-01 05:00:00,49.89000000000009
1997-10-02 05:00:00,50.55000000000009
1997-10-03 05:00:00,51.420000000000094
1997-10-06 05:00:00,50.710000000000086
1997-10-07 05:00:00,50.8200000000001
1997-10-08 05:00:00,51.00000000000011
1997-10-09 05:00:00,50.970000000000105
1997-10-10 05:00:00,51.0100000000001
1997-10-13 05:00:00,50.33000000000009
1997-10-14 05:00:00,49.7600000000001
1997-10-15 05:00:00,49.710000000000086
1997-10-16 05:00:00,50.09000000000008
1997-10-17 05:00:00,49.710000000000086
1997-10-20 05:00:00,49.960000000000086
1997-10-21 05:00:00,49.910000000000075
1997-10-22 05:00:00,50.440000000000076
1997-10-23 05:00:00,50.06000000000008
1997-10-24 05:00:00,50.0700000000001
1997-10-27 06:00:00,50.160000000000075
1997-10-28 06:00:00,49.6300000000001
1997-10-29 06:00:00,49.8500000000001
1997-10-30 06:00:00,50.30000000000009
1997-10-31 06:00:00,50.190000000000076
1997-11-03 06:00:00,50.1000000000001
1997-11-04 06:00:00,49.86000000000009
1997-11-05 06:00:00,49.52000000000009
1997-11-06 06:00:00,49.61000000000009
1997-11-07 06:00:00,49.950000000000095
1997-11-10 06:00:00,49.61000000000009
1997-11-11 06:00:00,49.690000000000076
1997-11-12 06:00:00,49.710000000000086
1997-11-13 06:00:00,49.86000000000009
1997-11-14 06:00:00,50.1300000000001
1997-11-17 06:00:00,49.53000000000008
1997-11-18 06:00:00,49.36000000000009
1997-11-19 06:00:00,49.2600000000001
1997-11-20 06:00:00,48.710000000000086
1997-11-21 06:00:00,48.910000000000075
1997-11-24 06:00:00,48.97000000000008
1997-11-25 06:00:00,48.910000000000075
1997-11-26 06:00:00,48.36000000000009
1997-12-01 06:00:00,47.950000000000095
1997-12-02 06:00:00,48.04000000000007
1997-12-03 06:00:00,48.04000000000007
1997-12-04 06:00:00,47.86000000000009
1997-12-05 06:00:00,47.99000000000009
1997-12-08 06:00:00,48.10000000000007
1997-12-09 06:00:00,47.930000000000085
1997-12-10 06:00:00,47.420000000000094
1997-12-11 06:00:00,47.410000000000075
1997-12-12 06:00:00,47.450000000000095
1997-12-15 06:00:00,47.35000000000007
1997-12-16 06:00:00,47.37000000000008
1997-12-17 06:00:00,47.39000000000009
1997-12-18 06:00:00,47.710000000000086
1997-12-19 06:00:00,47.53000000000008
1997-12-22 06:00:00,47.30000000000009
1997-12-23 06:00:00,47.29000000000007
1997-12-24 06:00:00,47.31000000000008
1997-12-26 06:00:00,47.14000000000009
1997-12-29 06:00:00,46.630000000000074
1997-12-30 06:00:00,46.61000000000009
1997-12-31 06:00:00,46.64000000000009
1998-01-02 06:00:00,46.47000000000008
1998-01-05 06:00:00,45.950000000000095
1998-01-06 06:00:00,45.940000000000076
1998-01-07 06:00:00,45.82000000000007
1998-01-08 06:00:00,45.97000000000008
1998-01-09 06:00:00,45.6600000000001
1998-01-12 06:00:00,45.460000000000086
1998-01-13 06:00:00,45.460000000000086
1998-01-14 06:00:00,45.440000000000104
1998-01-15 06:00:00,45.3200000000001
1998-01-16 06:00:00,45.50000000000011
1998-01-20 06:00:00,45.37000000000011
1998-01-21 06:00:00,45.180000000000085
1998-01-22 06:00:00,44.85000000000007
1998-01-23 06:00:00,44.60000000000007
1998-01-26 06:00:00,45.58000000000009
1998-01-27 06:00:00,45.72000000000008
1998-01-28 06:00:00,46.0400000000001
1998-01-29 06:00:00,46.56000000000008
1998-01-30 06:00:00,45.97000000000008
1998-02-02 06:00:00,45.84000000000008
1998-02-03 06:00:00,45.30000000000009
1998-02-04 06:00:00,45.180000000000085
1998-02-05 06:00:00,45.39000000000009
1998-02-06 06:00:00,45.5100000000001
1998-02-09 06:00:00,45.450000000000095
1998-02-10 06:00:00,45.27000000000009
1998-02-11 06:00:00,45.03000000000008
1998-02-12 06:00:00,44.8500000000001
1998-02-13 06:00:00,44.900000000000084
1998-02-17 06:00:00,44.56000000000008
1998-02-18 06:00:00,45.14000000000009
1998-02-19 06:00:00,45.00000000000008
1998-02-20 06:00:00,44.910000000000075
1998-02-23 06:00:00,44.12000000000008
1998-02-24 06:00:00,44.0700000000001
1998-02-25 06:00:00,44.180000000000085
1998-02-26 06:00:00,44.08000000000009
1998-02-27 06:00:00,44.160000000000075
1998-03-02 06:00:00,44.0700000000001
1998-03-03 06:00:00,44.00000000000008
1998-03-04 06:00:00,44.0400000000001
1998-03-05 06:00:00,44.06000000000008
1998-03-06 06:00:00,43.690000000000076
1998-03-09 06:00:00,43.11000000000009
1998-03-10 06:00:00,43.02000000000009
1998-03-11 06:00:00,42.950000000000095
1998-03-12 06:00:00,42.950000000000095
1998-03-13 06:00:00,42.80000000000009
1998-03-16 06:00:00,42.02000000000009
1998-03-17 06:00:00,41.89000000000009
1998-03-18 06:00:00,42.97000000000008
1998-03-19 06:00:00,42.930000000000085
1998-03-20 06:00:00,42.930000000000085
1998-03-23 06:00:00,44.72000000000008
1998-03-24 06:00:00,44.200000000000095
1998-03-25 06:00:00,44.730000000000096
1998-03-26 06:00:00,45.05000000000009
1998-03-27 06:00:00,44.980000000000096
1998-03-30 06:00:00,44.440000000000076
1998-03-31 06:00:00,43.910000000000075
1998-04-01 06:00:00,43.83000000000009
1998-04-02 06:00:00,44.03000000000008
1998-04-03 06:00:00,44.2600000000001
1998-04-06 05:00:00,43.7600000000001
1998-04-07 05:00:00,43.54000000000007
1998-04-08 05:00:00,43.87000000000008
1998-04-09 05:00:00,43.87000000000008
1998-04-13 05:00:00,43.61000000000009
1998-04-14 05:00:00,43.51000000000007
1998-04-15 05:00:00,43.80000000000009
1998-04-16 05:00:00,44.190000000000076
1998-04-17 05:00:00,43.880000000000074
1998-04-20 05:00:00,43.920000000000094
1998-04-21 05:00:00,43.99000000000009
1998-04-22 05:00:00,43.57000000000007
1998-04-23 05:00:00,43.36000000000009
1998-04-24 05:00:00,43.25000000000008
1998-04-27 05:00:00,43.47000000000008
1998-04-28 05:00:00,43.87000000000008
1998-04-29 05:00:00,43.52000000000009
1998-04-30 05:00:00,43.660000000000075
1998-05-01 05:00:00,44.380000000000074
1998-05-04 05:00:00,44.27000000000009
1998-05-05 05:00:00,43.89000000000009
1998-05-06 05:00:00,43.75000000000008
1998-05-07 05:00:00,43.60000000000007
1998-05-08 05:00:00,43.53000000000008
1998-05-11 05:00:00,43.53000000000008
1998-05-12 05:00:00,43.56000000000008
1998-05-13 05:00:00,43.35000000000007
1998-05-14 05:00:00,43.450000000000095
1998-05-15 05:00:00,43.06000000000008
1998-05-18 05:00:00,42.920000000000094
1998-05-19 05:00:00,42.900000000000084
1998-05-20 05:00:00,42.230000000000096
1998-05-21 05:00:00,42.50000000000008
1998-05-22 05:00:00,42.58000000000009
1998-05-26 05:00:00,42.56000000000008
1998-05-27 05:00:00,42.670000000000094
1998-05-28 05:00:00,42.57000000000007
1998-05-29 05:00:00,42.920000000000094
1998-06-01 05:00:00,42.80000000000009
1998-06-02 05:00:00,42.700000000000095
1998-06-03 05:00:00,42.670000000000094
1998-06-04 05:00:00,42.930000000000085
1998-06-05 05:00:00,42.950000000000095
1998-06-08 05:00:00,42.52000000000009
1998-06-09 05:00:00,41.89000000000009
1998-06-10 05:00:00,41.630000000000074
1998-06-11 05:00:00,41.1600000000001
1998-06-12 05:00:00,41.170000000000094
1998-06-15 05:00:00,40.36000000000009
1998-06-16 05:00:00,40.61000000000009
1998-06-17 05:00:00,40.9100000000001
1998-06-18 05:00:00,40.480000000000096
1998-06-19 05:00:00,40.50000000000011
1998-06-22 05:00:00,40.84000000000008
1998-06-23 05:00:00,41.52000000000009
1998-06-24 05:00:00,41.49000000000009
1998-06-25 05:00:00,41.1000000000001
1998-06-26 05:00:00,41.14000000000009
1998-06-29 05:00:00,41.0700000000001
1998-06-30 05:00:00,41.1300000000001
1998-07-01 05:00:00,41.25000000000011
1998-07-02 05:00:00,41.37000000000011
1998-07-06 05:00:00,40.81000000000008
1998-07-07 05:00:00,40.6000000000001
1998-07-08 05:00:00,40.75000000000011
1998-07-09 05:00:00,40.74000000000009
1998-07-10 05:00:00,40.6600000000001
1998-07-13 05:00:00,40.6600000000001
1998-07-14 05:00:00,41.1300000000001
1998-07-15 05:00:00,41.36000000000009
1998-07-16 05:00:00,41.0700000000001
1998-07-17 05:00:00,40.710000000000086
1998-07-20 05:00:00,40.11000000000009
1998-07-21 05:00:00,40.43000000000011
1998-07-22 05:00:00,40.56000000000011
1998-07-23 05:00:00,40.30000000000009
1998-07-24 05:00:00,40.3200000000001
1998-07-27 05:00:00,40.6000000000001
1998-07-28 05:00:00,40.650000000000084
1998-07-29 05:00:00,40.50000000000011
1998-07-30 05:00:00,40.64000000000009
1998-07-31 05:00:00,40.6300000000001
1998-08-03 05:00:00,40.190000000000104
1998-08-04 05:00:00,40.230000000000096
1998-08-05 05:00:00,40.190000000000104
1998-08-06 05:00:00,40.190000000000104
1998-08-07 05:00:00,40.27000000000009
1998-08-10 05:00:00,39.5400000000001
1998-08-11 05:00:00,39.28000000000008
1998-08-12 05:00:00,39.2600000000001
1998-08-13 05:00:00,39.62000000000008
1998-08-14 05:00:00,39.720000000000105
1998-08-17 05:00:00,39.5400000000001
1998-08-18 05:00:00,39.2600000000001
1998-08-19 05:00:00,39.420000000000094
1998-08-20 05:00:00,39.75000000000011
1998-08-21 05:00:00,39.410000000000075
1998-08-24 05:00:00,39.670000000000094
1998-08-25 05:00:00,39.75000000000011
1998-08-26 05:00:00,39.55000000000009
1998-08-27 05:00:00,39.210000000000086
1998-08-28 05:00:00,39.47000000000008
1998-08-31 05:00:00,39.34000000000008
1998-09-01 05:00:00,39.720000000000105
1998-09-02 05:00:00,39.650000000000084
1998-09-03 05:00:00,40.6000000000001
1998-09-04 05:00:00,40.53000000000011
1998-09-08 05:00:00,40.28000000000011
1998-09-09 05:00:00,40.11000000000009
1998-09-10 05:00:00,40.62000000000011
1998-09-11 05:00:00,40.31000000000011
1998-09-14 05:00:00,40.34000000000011
1998-09-15 05:00:00,40.39000000000009
1998-09-16 05:00:00,40.36000000000009
1998-09-17 05:00:00,40.62000000000011
1998-09-18 05:00:00,41.27000000000009
1998-09-21 05:00:00,41.31000000000011
1998-09-22 05:00:00,41.470000000000105
1998-09-23 05:00:00,41.460000000000086
1998-09-24 05:00:00,41.650000000000084
1998-09-25 05:00:00,41.420000000000094
1998-09-28 05:00:00,41.2900000000001
1998-09-29 05:00:00,41.56000000000008
1998-09-30 05:00:00,41.650000000000084
1998-10-01 05:00:00,41.03000000000011
1998-10-02 05:00:00,41.230000000000096
1998-10-05 05:00:00,41.03000000000011
1998-10-06 05:00:00,41.14000000000009
1998-10-07 05:00:00,40.7600000000001
1998-10-08 05:00:00,40.14000000000009
1998-10-09 05:00:00,40.27000000000009
1998-10-12 05:00:00,40.150000000000084
1998-10-13 05:00:00,39.960000000000086
1998-10-14 05:00:00,39.78000000000011
1998-10-15 05:00:00,39.78000000000011
1998-10-16 05:00:00,39.8800000000001
1998-10-19 05:00:00,39.09000000000008
1998-10-20 05:00:00,39.06000000000008
1998-10-21 05:00:00,39.6000000000001
1998-10-22 05:00:00,39.50000000000008
1998-10-23 05:00:00,39.58000000000009
1998-10-26 06:00:00,39.74000000000009
1998-10-27 06:00:00,39.64000000000009
1998-10-28 06:00:00,39.80000000000009
1998-10-29 06:00:00,39.7600000000001
1998-10-30 06:00:00,39.950000000000095
1998-11-02 06:00:00,39.86000000000009
1998-11-03 06:00:00,39.74000000000009
1998-11-04 06:00:00,39.670000000000094
1998-11-05 06:00:00,39.50000000000008
1998-11-06 06:00:00,39.420000000000094
1998-11-09 06:00:00,38.940000000000076
1998-11-10 06:00:00,39.11000000000009
1998-11-11 06:00:00,39.150000000000084
1998-11-12 06:00:00,39.430000000000085
1998-11-13 06:00:00,39.12000000000008
1998-11-16 06:00:00,38.52000000000009
1998-11-17 06:00:00,38.22000000000008
1998-11-18 06:00:00,38.25000000000008
1998-11-19 06:00:00,38.27000000000009
1998-11-20 06:00:00,38.420000000000094
1998-11-23 06:00:00,37.97000000000008
1998-11-24 06:00:00,37.61000000000009
1998-11-25 06:00:00,37.410000000000075
1998-11-30 06:00:00,36.83000000000009
1998-12-01 06:00:00,36.700000000000095
1998-12-02 06:00:00,36.73000000000007
1998-12-03 06:00:00,36.690000000000076
1998-12-04 06:00:00,36.640000000000065
1998-12-07 06:00:00,36.950000000000095
1998-12-08 06:00:00,36.81000000000008
1998-12-09 06:00:00,36.700000000000095
1998-12-10 06:00:00,36.34000000000008
1998-12-11 06:00:00,36.440000000000076
1998-12-14 06:00:00,36.83000000000009
1998-12-15 06:00:00,37.01000000000007
1998-12-16 06:00:00,37.730000000000096
1998-12-17 06:00:00,36.430000000000085
1998-12-18 06:00:00,36.32000000000007
1998-12-21 06:00:00,36.08000000000006
1998-12-22 06:00:00,36.160000000000075
1998-12-23 06:00:00,36.30000000000006
1998-12-24 06:00:00,36.210000000000086
1998-12-28 06:00:00,36.420000000000066
1998-12-29 06:00:00,36.650000000000084
1998-12-30 06:00:00,36.680000000000085
1998-12-31 06:00:00,36.940000000000076
1999-01-04 06:00:00,37.22000000000008
1999-01-05 06:00:00,36.89000000000009
1999-01-06 06:00:00,37.62000000000008
1999-01-07 06:00:00,37.86000000000009
1999-01-08 06:00:00,37.85000000000007
1999-01-11 06:00:00,38.160000000000075
1999-01-12 06:00:00,37.710000000000086
1999-01-13 06:00:00,37.160000000000075
1999-01-14 06:00:00,36.960000000000086
1999-01-15 06:00:00,36.980000000000096
1999-01-19 06:00:00,36.960000000000086
1999-01-20 06:00:00,36.660000000000075
1999-01-21 06:00:00,37.08000000000009
1999-01-22 06:00:00,37.35000000000007
1999-01-25 06:00:00,37.130000000000074
1999-01-26 06:00:00,36.78000000000008
1999-01-27 06:00:00,37.05000000000009
1999-01-28 06:00:00,37.180000000000085
1999-01-29 06:00:00,37.47000000000008
1999-02-01 06:00:00,37.14000000000009
1999-02-02 06:00:00,37.09000000000008
1999-02-03 06:00:00,37.170000000000094
1999-02-04 06:00:00,36.86000000000009
1999-02-05 06:00:00,36.630000000000074
1999-02-08 06:00:00,36.50000000000008
1999-02-09 06:00:00,36.50000000000008
1999-02-10 06:00:00,36.53000000000008
1999-02-11 06:00:00,36.58000000000006
1999-02-12 06:00:00,36.61000000000006
1999-02-16 06:00:00,36.160000000000075
1999-02-17 06:00:00,36.30000000000006
1999-02-18 06:00:00,36.81000000000008
1999-02-19 06:00:00,36.54000000000007
1999-02-22 06:00:00,36.710000000000086
1999-02-23 06:00:00,37.10000000000007
1999-02-24 06:00:00,37.24000000000009
1999-02-25 06:00:00,37.33000000000009
1999-02-26 06:00:00,36.920000000000094
1999-03-01 06:00:00,36.920000000000094
1999-03-02 06:00:00,37.160000000000075
1999-03-03 06:00:00,37.56000000000008
1999-03-04 06:00:00,37.960000000000086
1999-03-05 06:00:00,37.930000000000085
1999-03-08 06:00:00,38.25000000000008
1999-03-09 06:00:00,38.420000000000094
1999-03-10 06:00:00,39.190000000000076
1999-03-11 06:00:00,38.80000000000009
1999-03-12 06:00:00,38.980000000000096
1999-03-15 06:00:00,39.02000000000009
1999-03-16 06:00:00,39.05000000000009
1999-03-17 06:00:00,39.62000000000008
1999-03-18 06:00:00,39.6300000000001
1999-03-19 06:00:00,39.8800000000001
1999-03-22 06:00:00,40.2900000000001
1999-03-23 06:00:00,40.08000000000009
1999-03-24 06:00:00,39.960000000000086
1999-03-25 06:00:00,40.2600000000001
1999-03-26 06:00:00,40.74000000000009
1999-03-29 06:00:00,40.99000000000009
1999-03-30 06:00:00,41.3200000000001
1999-03-31 06:00:00,41.31000000000011
1999-04-01 06:00:00,41.190000000000104
1999-04-05 05:00:00,41.470000000000105
1999-04-06 05:00:00,41.3800000000001
1999-04-07 05:00:00,40.62000000000011
1999-04-08 05:00:00,40.460000000000115
1999-04-09 05:00:00,41.14000000000009
1999-04-12 05:00:00,41.0400000000001
1999-04-13 05:00:00,41.34000000000008
1999-04-14 05:00:00,41.1600000000001
1999-04-15 05:00:00,41.450000000000095
1999-04-16 05:00:00,41.89000000000009
1999-04-19 05:00:00,42.160000000000075
1999-04-20 05:00:00,41.960000000000086
1999-04-21 05:00:00,42.2900000000001
1999-04-22 05:00:00,42.440000000000076
1999-04-23 05:00:00,42.28000000000008
1999-04-26 05:00:00,42.0400000000001
1999-04-27 05:00:00,42.170000000000094
1999-04-28 05:00:00,42.710000000000086
1999-04-29 05:00:00,42.75000000000008
1999-04-30 05:00:00,42.960000000000086
1999-05-03 05:00:00,43.10000000000007
1999-05-04 05:00:00,43.190000000000076
1999-05-05 05:00:00,43.31000000000008
1999-05-06 05:00:00,42.77000000000009
1999-05-07 05:00:00,42.700000000000095
1999-05-10 05:00:00,42.99000000000009
1999-05-11 05:00:00,42.61000000000009
1999-05-12 05:00:00,42.25000000000008
1999-05-13 05:00:00,42.56000000000008
1999-05-14 05:00:00,42.62000000000008
1999-05-17 05:00:00,42.5100000000001
1999-05-18 05:00:00,41.79000000000007
1999-05-19 05:00:00,41.630000000000074
1999-05-20 05:00:00,41.78000000000008
1999-05-21 05:00:00,42.10000000000007
1999-05-24 05:00:00,41.81000000000008
1999-05-25 05:00:00,41.89000000000009
1999-05-26 05:00:00,42.06000000000008
1999-05-27 05:00:00,41.920000000000094
1999-05-28 05:00:00,41.57000000000007
1999-06-01 05:00:00,41.14000000000009
1999-06-02 05:00:00,41.420000000000094
1999-06-03 05:00:00,41.53000000000011
1999-06-04 05:00:00,42.11000000000009
1999-06-07 05:00:00,42.670000000000094
1999-06-08 05:00:00,42.50000000000008
1999-06-09 05:00:00,42.82000000000007
1999-06-10 05:00:00,42.700000000000095
1999-06-11 05:00:00,43.28000000000008
1999-06-14 05:00:00,43.22000000000008
1999-06-15 05:00:00,43.450000000000095
1999-06-16 05:00:00,42.97000000000008
1999-06-17 05:00:00,43.31000000000008
1999-06-18 05:00:00,43.06000000000008
1999-06-21 05:00:00,42.81000000000008
1999-06-22 05:00:00,42.64000000000009
1999-06-23 05:00:00,43.2600000000001
1999-06-24 05:00:00,43.170000000000094
1999-06-25 05:00:00,43.25000000000008
1999-06-28 05:00:00,43.130000000000074
1999-06-29 05:00:00,43.33000000000009
1999-06-30 05:00:00,44.09000000000008
1999-07-01 05:00:00,44.170000000000094
1999-07-02 05:00:00,44.450000000000095
1999-07-06 05:00:00,44.5700000000001
1999-07-07 05:00:00,44.5700000000001
1999-07-08 05:00:00,44.62000000000008
1999-07-09 05:00:00,44.85000000000007
1999-07-12 05:00:00,44.87000000000008
1999-07-13 05:00:00,45.14000000000009
1999-07-14 05:00:00,45.0100000000001
1999-07-15 05:00:00,45.27000000000009
1999-07-16 05:00:00,45.5100000000001
1999-07-19 05:00:00,45.420000000000094
1999-07-20 05:00:00,44.60000000000007
1999-07-21 05:00:00,44.57000000000007
1999-07-22 05:00:00,44.84000000000008
1999-07-23 05:00:00,45.49000000000009
1999-07-26 05:00:00,45.420000000000094
1999-07-27 05:00:00,45.28000000000011
1999-07-28 05:00:00,45.440000000000104
1999-07-29 05:00:00,45.81000000000008
1999-07-30 05:00:00,45.39000000000009
1999-08-02 05:00:00,45.36000000000009
1999-08-03 05:00:00,45.2600000000001
1999-08-04 05:00:00,45.3800000000001
1999-08-05 05:00:00,45.5100000000001
1999-08-06 05:00:00,45.80000000000009
1999-08-09 05:00:00,46.200000000000095
1999-08-10 05:00:00,46.22000000000008
1999-08-11 05:00:00,46.440000000000076
1999-08-12 05:00:00,46.410000000000075
1999-08-13 05:00:00,46.58000000000009
1999-08-16 05:00:00,46.420000000000094
1999-08-17 05:00:00,46.82000000000007
1999-08-18 05:00:00,46.64000000000009
1999-08-19 05:00:00,46.87000000000008
1999-08-20 05:00:00,46.85000000000007
1999-08-23 05:00:00,46.82000000000007
1999-08-24 05:00:00,46.49000000000009
1999-08-25 05:00:00,45.6300000000001
1999-08-26 05:00:00,45.950000000000095
1999-08-27 05:00:00,46.22000000000008
1999-08-30 05:00:00,46.940000000000076
1999-08-31 05:00:00,47.03000000000008
1999-09-01 05:00:00,46.950000000000095
1999-09-02 05:00:00,46.5100000000001
1999-09-03 05:00:00,46.940000000000076
1999-09-07 05:00:00,47.56000000000008
1999-09-08 05:00:00,47.680000000000085
1999-09-09 05:00:00,48.180000000000085
1999-09-10 05:00:00,48.49000000000009
1999-09-13 05:00:00,48.82000000000007
1999-09-14 05:00:00,48.58000000000009
1999-09-15 05:00:00,48.630000000000074
1999-09-16 05:00:00,48.77000000000009
1999-09-17 05:00:00,48.900000000000084
1999-09-20 05:00:00,48.630000000000074
1999-09-21 05:00:00,48.670000000000094
1999-09-22 05:00:00,48.84000000000008
1999-09-23 05:00:00,49.6000000000001
1999-09-24 05:00:00,49.630000000000074
1999-09-27 05:00:00,49.52000000000009
1999-09-28 05:00:00,49.30000000000009
1999-09-29 05:00:00,49.52000000000009
1999-09-30 05:00:00,49.37000000000008
1999-10-01 05:00:00,49.440000000000076
1999-10-04 05:00:00,48.78000000000008
1999-10-05 05:00:00,48.47000000000008
1999-10-06 05:00:00,48.32000000000007
1999-10-07 05:00:00,47.57000000000007
1999-10-08 05:00:00,46.150000000000084
1999-10-11 05:00:00,46.5100000000001
1999-10-12 05:00:00,47.480000000000096
1999-10-13 05:00:00,48.07000000000007
1999-10-14 05:00:00,47.60000000000007
1999-10-15 05:00:00,48.02000000000009
1999-10-18 05:00:00,47.980000000000096
1999-10-19 05:00:00,47.650000000000084
1999-10-20 05:00:00,47.80000000000009
1999-10-21 05:00:00,47.900000000000084
1999-10-22 05:00:00,48.680000000000085
1999-10-25 05:00:00,48.64000000000009
1999-10-26 05:00:00,48.5100000000001
1999-10-27 05:00:00,48.28000000000008
1999-10-28 05:00:00,47.08000000000009
1999-10-29 05:00:00,47.11000000000009
1999-11-01 06:00:00,47.85000000000007
1999-11-02 06:00:00,47.74000000000009
1999-11-03 06:00:00,47.900000000000084
1999-11-04 06:00:00,48.36000000000009
1999-11-05 06:00:00,48.230000000000096
1999-11-08 06:00:00,48.50000000000008
1999-11-09 06:00:00,49.200000000000095
1999-11-10 06:00:00,49.61000000000009
1999-11-11 06:00:00,49.50000000000008
1999-11-12 06:00:00,50.02000000000009
1999-11-15 06:00:00,50.3800000000001
1999-11-16 06:00:00,50.6600000000001
1999-11-17 06:00:00,51.05000000000009
1999-11-18 06:00:00,50.400000000000084
1999-11-19 06:00:00,51.12000000000008
1999-11-22 06:00:00,51.700000000000095
1999-11-23 06:00:00,51.25000000000011
1999-11-24 06:00:00,51.480000000000096
1999-11-29 06:00:00,50.6600000000001
1999-11-30 06:00:00,49.630000000000074
1999-12-01 06:00:00,49.950000000000095
1999-12-02 06:00:00,50.75000000000011
1999-12-03 06:00:00,50.78000000000011
1999-12-06 06:00:00,51.480000000000096
1999-12-07 06:00:00,51.170000000000094
1999-12-08 06:00:00,51.5700000000001
1999-12-09 06:00:00,51.14000000000009
1999-12-10 06:00:00,50.39000000000009
1999-12-13 06:00:00,50.50000000000008
1999-12-14 06:00:00,50.80000000000009
1999-12-15 06:00:00,51.24000000000009
1999-12-16 06:00:00,51.730000000000096
1999-12-17 06:00:00,51.900000000000084
1999-12-20 06:00:00,51.7900000000001
1999-12-21 06:00:00,51.7900000000001
1999-12-22 06:00:00,51.180000000000085
1999-12-23 06:00:00,51.470000000000105
1999-12-27 06:00:00,51.78000000000011
1999-12-28 06:00:00,52.08000000000009
1999-12-29 06:00:00,51.80000000000009
1999-12-30 06:00:00,51.0400000000001
2000-01-04 06:00:00,51.09000000000008
2000-01-05 06:00:00,50.480000000000096
2000-01-06 06:00:00,50.450000000000095
2000-01-07 06:00:00,50.0100000000001
2000-01-10 06:00:00,50.3800000000001
2000-01-11 06:00:00,51.200000000000095
2000-01-12 06:00:00,51.690000000000104
2000-01-13 06:00:00,51.960000000000086
2000-01-14 06:00:00,53.160000000000075
2000-01-18 06:00:00,53.710000000000086
2000-01-19 06:00:00,53.460000000000086
2000-01-20 06:00:00,53.74000000000009
2000-01-21 06:00:00,53.910000000000075
2000-01-24 06:00:00,53.670000000000066
2000-01-25 06:00:00,54.07000000000007
2000-01-26 06:00:00,53.630000000000074
2000-01-27 06:00:00,53.11000000000009
2000-01-28 06:00:00,53.10000000000007
2000-01-31 06:00:00,53.48000000000007
2000-02-01 06:00:00,54.02000000000009
2000-02-02 06:00:00,53.460000000000086
2000-02-03 06:00:00,53.890000000000065
2000-02-04 06:00:00,54.58000000000009
2000-02-07 06:00:00,54.24000000000009
2000-02-08 06:00:00,53.84000000000008
2000-02-09 06:00:00,54.5100000000001
2000-02-10 06:00:00,55.03000000000011
2000-02-11 06:00:00,55.12000000000008
2000-02-14 06:00:00,55.85000000000007
2000-02-15 06:00:00,55.7900000000001
2000-02-16 06:00:00,56.06000000000008
2000-02-17 06:00:00,55.380000000000074
2000-02-18 06:00:00,55.22000000000008
2000-02-22 06:00:00,55.57000000000007
2000-02-23 06:00:00,55.7600000000001
2000-02-24 06:00:00,56.00000000000008
2000-02-25 06:00:00,56.35000000000007
2000-02-28 06:00:00,56.190000000000076
2000-02-29 06:00:00,56.59000000000008
2000-03-01 06:00:00,57.74000000000006
2000-03-02 06:00:00,57.82000000000007
2000-03-03 06:00:00,57.76000000000007
2000-03-06 06:00:00,58.30000000000006
2000-03-07 06:00:00,60.120000000000054
2000-03-08 06:00:00,57.24000000000006
2000-03-09 06:00:00,57.70000000000007
2000-03-10 06:00:00,57.58000000000006
2000-03-13 06:00:00,57.640000000000065
2000-03-14 06:00:00,57.51000000000007
2000-03-15 06:00:00,56.890000000000065
2000-03-16 06:00:00,57.19000000000005
2000-03-17 06:00:00,57.02000000000006
2000-03-20 06:00:00,55.89000000000009
2000-03-21 06:00:00,56.25000000000008
2000-03-22 06:00:00,55.950000000000095
2000-03-23 06:00:00,55.89000000000009
2000-03-24 06:00:00,56.47000000000008
2000-03-27 06:00:00,56.190000000000076
2000-03-28 06:00:00,55.5400000000001
2000-03-29 06:00:00,55.06000000000008
2000-03-30 06:00:00,55.09000000000008
2000-03-31 06:00:00,55.57000000000007
2000-04-03 05:00:00,55.130000000000074
2000-04-04 05:00:00,54.32000000000007
2000-04-05 05:00:00,54.50000000000008
2000-04-06 05:00:00,54.31000000000008
2000-04-07 05:00:00,53.660000000000075
2000-04-10 05:00:00,52.420000000000094
2000-04-11 05:00:00,52.58000000000009
2000-04-12 05:00:00,53.880000000000074
2000-04-13 05:00:00,53.72000000000008
2000-04-14 05:00:00,53.430000000000085
2000-04-17 05:00:00,53.59000000000008
2000-04-18 05:00:00,53.660000000000075
2000-04-19 05:00:00,54.56000000000008
2000-04-20 05:00:00,54.65000000000011
2000-04-24 05:00:00,54.86000000000009
2000-04-25 05:00:00,54.33000000000009
2000-04-26 05:00:00,53.84000000000008
2000-04-27 05:00:00,54.52000000000009
2000-04-28 05:00:00,54.7900000000001
2000-05-01 05:00:00,54.9100000000001
2000-05-02 05:00:00,55.710000000000086
2000-05-03 05:00:00,55.730000000000096
2000-05-04 05:00:00,55.87000000000008
2000-05-05 05:00:00,56.230000000000096
2000-05-08 05:00:00,57.06000000000005
2000-05-09 05:00:00,57.71000000000006
2000-05-10 05:00:00,57.36000000000006
2000-05-11 05:00:00,58.25000000000005
2000-05-12 05:00:00,58.690000000000076
2000-05-15 05:00:00,59.05000000000006
2000-05-16 05:00:00,59.06000000000008
2000-05-17 05:00:00,58.940000000000076
2000-05-18 05:00:00,59.73000000000007
2000-05-19 05:00:00,59.390000000000065
2000-05-22 05:00:00,58.30000000000006
2000-05-23 05:00:00,58.26000000000007
2000-05-24 05:00:00,59.160000000000075
2000-05-25 05:00:00,59.61000000000006
2000-05-26 05:00:00,59.05000000000006
2000-05-30 05:00:00,59.390000000000065
2000-05-31 05:00:00,58.400000000000055
2000-06-01 05:00:00,59.29000000000007
2000-06-02 05:00:00,59.420000000000066
2000-06-05 05:00:00,58.900000000000055
2000-06-06 05:00:00,58.95000000000007
2000-06-07 05:00:00,59.26000000000007
2000-06-08 05:00:00,59.06000000000008
2000-06-09 05:00:00,59.24000000000009
2000-06-12 05:00:00,60.410000000000046
2000-06-13 05:00:00,61.04000000000008
2000-06-14 05:00:00,60.970000000000056
2000-06-15 05:00:00,60.75000000000005
2000-06-16 05:00:00,59.900000000000055
2000-06-19 05:00:00,59.55000000000006
2000-06-20 05:00:00,60.370000000000054
2000-06-21 05:00:00,60.78000000000005
2000-06-22 05:00:00,61.55000000000007
2000-06-23 05:00:00,61.73000000000005
2000-06-26 05:00:00,61.29000000000008
2000-06-27 05:00:00,61.76000000000005
2000-06-28 05:00:00,61.53000000000006
2000-06-29 05:00:00,62.13000000000005
2000-06-30 05:00:00,62.01000000000005
2000-07-05 05:00:00,60.48000000000004
2000-07-06 05:00:00,59.920000000000066
2000-07-07 05:00:00,60.06000000000005
2000-07-10 05:00:00,59.71000000000006
2000-07-11 05:00:00,59.94000000000005
2000-07-12 05:00:00,60.52000000000006
2000-07-13 05:00:00,61.17000000000007
2000-07-14 05:00:00,61.190000000000055
2000-07-17 05:00:00,60.600000000000044
2000-07-18 05:00:00,61.41000000000005
2000-07-19 05:00:00,61.240000000000066
2000-07-20 05:00:00,60.79000000000004
2000-07-21 05:00:00,59.84000000000005
2000-07-24 05:00:00,59.28000000000008
2000-07-25 05:00:00,59.210000000000086
2000-07-26 05:00:00,59.11000000000006
2000-07-27 05:00:00,59.28000000000008
2000-07-28 05:00:00,59.390000000000065
2000-07-31 05:00:00,58.79000000000007
2000-08-01 05:00:00,59.06000000000008
2000-08-02 05:00:00,59.45000000000007
2000-08-03 05:00:00,59.80000000000006
2000-08-04 05:00:00,60.84000000000005
2000-08-07 05:00:00,60.130000000000074
2000-08-08 05:00:00,60.35000000000007
2000-08-09 05:00:00,61.430000000000064
2000-08-10 05:00:00,62.35000000000005
2000-08-11 05:00:00,62.06000000000006
2000-08-14 05:00:00,62.490000000000066
2000-08-15 05:00:00,62.40000000000006
2000-08-16 05:00:00,62.440000000000055
2000-08-17 05:00:00,62.76000000000005
2000-08-18 05:00:00,63.11000000000004
2000-08-21 05:00:00,63.440000000000055
2000-08-22 05:00:00,62.91000000000005
2000-08-23 05:00:00,63.64000000000004
2000-08-24 05:00:00,63.170000000000044
2000-08-25 05:00:00,63.31000000000006
2000-08-28 05:00:00,64.02000000000007
2000-08-29 05:00:00,63.91000000000005
2000-08-30 05:00:00,64.50000000000006
2000-08-31 05:00:00,64.29000000000005
2000-09-01 05:00:00,64.50000000000006
2000-09-05 05:00:00,65.06000000000006
2000-09-06 05:00:00,66.06000000000006
2000-09-07 05:00:00,66.62000000000006
2000-09-08 05:00:00,64.85000000000005
2000-09-11 05:00:00,66.30000000000007
2000-09-12 05:00:00,65.64000000000004
2000-09-13 05:00:00,64.96000000000006
2000-09-14 05:00:00,65.32000000000005
2000-09-15 05:00:00,66.82000000000005
2000-09-18 05:00:00,67.54000000000005
2000-09-19 05:00:00,66.98000000000005
2000-09-20 05:00:00,67.11000000000007
2000-09-21 05:00:00,66.17000000000004
2000-09-22 05:00:00,65.03000000000006
2000-09-25 05:00:00,64.19000000000005
2000-09-26 05:00:00,64.13000000000005
2000-09-27 05:00:00,64.15000000000006
2000-09-28 05:00:00,63.10000000000005
2000-09-29 05:00:00,63.470000000000056
2000-10-02 05:00:00,64.62000000000006
2000-10-03 05:00:00,64.61000000000004
2000-10-04 05:00:00,64.00000000000006
2000-10-05 05:00:00,63.30000000000004
2000-10-06 05:00:00,63.670000000000044
2000-10-09 05:00:00,64.61000000000004
2000-10-10 05:00:00,65.83000000000004
2000-10-11 05:00:00,66.00000000000006
2000-10-12 05:00:00,68.20000000000007
2000-10-13 05:00:00,66.61000000000007
2000-10-16 05:00:00,65.02000000000007
2000-10-17 05:00:00,65.04000000000005
2000-10-18 05:00:00,64.97000000000006
2000-10-19 05:00:00,64.42000000000007
2000-10-20 05:00:00,65.34000000000006
2000-10-23 05:00:00,66.05000000000007
2000-10-24 05:00:00,65.56000000000006
2000-10-25 05:00:00,65.25000000000006
2000-10-26 05:00:00,65.83000000000007
2000-10-27 05:00:00,64.74000000000007
2000-10-30 06:00:00,64.69000000000005
2000-10-31 06:00:00,64.61000000000007
2000-11-01 06:00:00,65.04000000000005
2000-11-02 06:00:00,64.34000000000006
2000-11-03 06:00:00,64.61000000000007
2000-11-06 06:00:00,64.75000000000006
2000-11-07 06:00:00,65.35000000000005
2000-11-08 06:00:00,65.34000000000006
2000-11-09 06:00:00,66.04000000000005
2000-11-10 06:00:00,66.12000000000006
2000-11-13 06:00:00,66.54000000000008
2000-11-14 06:00:00,66.91000000000008
2000-11-15 06:00:00,67.88000000000008
2000-11-16 06:00:00,67.49000000000007
2000-11-17 06:00:00,68.08000000000007
2000-11-20 06:00:00,68.12000000000006
2000-11-21 06:00:00,68.15000000000006
2000-11-22 06:00:00,68.36000000000007
2000-11-27 06:00:00,68.25000000000006
2000-11-28 06:00:00,67.17000000000007
2000-11-29 06:00:00,67.45000000000007
2000-11-30 06:00:00,66.84000000000006
2000-12-01 06:00:00,65.13000000000005
2000-12-04 06:00:00,64.43000000000006
2000-12-05 06:00:00,62.990000000000066
2000-12-06 06:00:00,63.27000000000007
2000-12-07 06:00:00,62.970000000000056
2000-12-08 06:00:00,62.05000000000007
2000-12-11 06:00:00,63.00000000000006
2000-12-12 06:00:00,63.06000000000006
2000-12-13 06:00:00,62.11000000000007
2000-12-14 06:00:00,61.27000000000007
2000-12-15 06:00:00,61.89000000000007
2000-12-18 06:00:00,62.52000000000007
2000-12-19 06:00:00,61.86000000000007
2000-12-20 06:00:00,59.98000000000007
2000-12-21 06:00:00,60.130000000000074
2000-12-22 06:00:00,60.28000000000008
2000-12-26 06:00:00,60.54000000000007
2000-12-27 06:00:00,60.35000000000007
2000-12-28 06:00:00,59.79000000000007
2000-12-29 06:00:00,60.47000000000005
2001-01-02 06:00:00,61.010000000000076
2001-01-03 06:00:00,61.760000000000076
2001-01-04 06:00:00,62.03000000000006
2001-01-05 06:00:00,61.65000000000006
2001-01-08 06:00:00,61.000000000000085
2001-01-09 06:00:00,61.19000000000008
2001-01-10 06:00:00,62.450000000000074
2001-01-11 06:00:00,62.450000000000074
2001-01-12 06:00:00,62.950000000000074
2001-01-16 06:00:00,62.67000000000007
2001-01-17 06:00:00,62.04000000000008
2001-01-18 06:00:00,62.79000000000008
2001-01-19 06:00:00,64.30000000000007
2001-01-22 06:00:00,63.91000000000005
2001-01-23 06:00:00,63.80000000000007
2001-01-24 06:00:00,63.32000000000005
2001-01-25 06:00:00,63.440000000000055
2001-01-26 06:00:00,63.78000000000006
2001-01-29 06:00:00,63.260000000000076
2001-01-30 06:00:00,63.260000000000076
2001-01-31 06:00:00,62.970000000000056
2001-02-01 06:00:00,64.07000000000008
2001-02-02 06:00:00,65.40000000000006
2001-02-05 06:00:00,64.88000000000005
2001-02-06 06:00:00,64.76000000000008
2001-02-07 06:00:00,65.99000000000007
2001-02-08 06:00:00,66.32000000000008
2001-02-09 06:00:00,65.75000000000006
2001-02-12 06:00:00,65.25000000000006
2001-02-13 06:00:00,65.38000000000005
2001-02-14 06:00:00,64.75000000000006
2001-02-15 06:00:00,63.970000000000056
2001-02-16 06:00:00,64.19000000000005
2001-02-20 06:00:00,64.00000000000006
2001-02-21 06:00:00,63.65000000000006
2001-02-22 06:00:00,63.990000000000066
2001-02-23 06:00:00,64.29000000000008
2001-02-26 06:00:00,63.77000000000007
2001-02-27 06:00:00,63.65000000000006
2001-02-28 06:00:00,63.02000000000007
2001-03-01 06:00:00,63.200000000000074
2001-03-02 06:00:00,63.430000000000064
2001-03-05 06:00:00,64.11000000000007
2001-03-06 06:00:00,63.89000000000007
2001-03-07 06:00:00,64.68000000000006
2001-03-08 06:00:00,64.14000000000007
2001-03-09 06:00:00,63.80000000000007
2001-03-12 06:00:00,63.78000000000006
2001-03-13 06:00:00,63.37000000000006
2001-03-14 06:00:00,62.260000000000076
2001-03-15 06:00:00,62.460000000000065
2001-03-16 06:00:00,62.480000000000075
2001-03-19 06:00:00,62.09000000000006
2001-03-20 06:00:00,61.57000000000008
2001-03-21 06:00:00,62.35000000000005
2001-03-22 06:00:00,62.200000000000074
2001-03-23 06:00:00,62.87000000000006
2001-03-26 06:00:00,63.02000000000007
2001-03-27 06:00:00,63.33000000000007
2001-03-28 06:00:00,61.980000000000075
2001-03-29 06:00:00,61.970000000000056
2001-03-30 06:00:00,62.06000000000006
2001-04-02 05:00:00,61.36000000000007
2001-04-03 05:00:00,61.88000000000005
2001-04-04 05:00:00,62.760000000000076
2001-04-05 05:00:00,62.980000000000075
2001-04-06 05:00:00,62.87000000000006
2001-04-09 05:00:00,63.08000000000007
2001-04-10 05:00:00,64.17000000000007
2001-04-11 05:00:00,63.980000000000075
2001-04-12 05:00:00,63.990000000000066
2001-04-16 05:00:00,64.69000000000005
2001-04-17 05:00:00,64.35000000000008
2001-04-18 05:00:00,64.13000000000005
2001-04-19 05:00:00,63.79000000000005
2001-04-20 05:00:00,63.180000000000064
2001-04-23 05:00:00,63.220000000000056
2001-04-24 05:00:00,62.59000000000006
2001-04-25 05:00:00,63.13000000000005
2001-04-26 05:00:00,64.03000000000006
2001-04-27 05:00:00,64.02000000000007
2001-04-30 05:00:00,64.20000000000007
2001-05-01 05:00:00,64.67000000000007
2001-05-02 05:00:00,63.730000000000075
2001-05-03 05:00:00,64.33000000000007
2001-05-04 05:00:00,64.30000000000007
2001-05-07 05:00:00,63.88000000000005
2001-05-08 05:00:00,63.710000000000065
2001-05-09 05:00:00,64.28000000000006
2001-05-10 05:00:00,64.44000000000005
2001-05-11 05:00:00,64.42000000000007
2001-05-14 05:00:00,64.52000000000007
2001-05-15 05:00:00,64.68000000000006
2001-05-16 05:00:00,64.47000000000006
2001-05-17 05:00:00,64.56000000000006
2001-05-18 05:00:00,65.66000000000005
2001-05-21 05:00:00,65.62000000000006
2001-05-22 05:00:00,65.38000000000005
2001-05-23 05:00:00,65.02000000000007
2001-05-24 05:00:00,63.92000000000007
2001-05-25 05:00:00,63.89000000000007
2001-05-29 05:00:00,64.14000000000007
2001-05-30 05:00:00,64.01000000000008
2001-05-31 05:00:00,63.84000000000006
2001-06-01 05:00:00,63.490000000000066
2001-06-04 05:00:00,63.73000000000005
2001-06-05 05:00:00,63.90000000000006
2001-06-06 05:00:00,63.41000000000005
2001-06-07 05:00:00,63.460000000000065
2001-06-08 05:00:00,64.02000000000007
2001-06-11 05:00:00,64.51000000000008
2001-06-12 05:00:00,64.69000000000005
2001-06-13 05:00:00,64.44000000000005
2001-06-14 05:00:00,64.48000000000008
2001-06-15 05:00:00,63.980000000000075
2001-06-18 05:00:00,63.11000000000007
2001-06-19 05:00:00,63.08000000000007
2001-06-20 05:00:00,61.92000000000007
2001-06-21 05:00:00,61.98000000000005
2001-06-22 05:00:00,62.220000000000056
2001-06-25 05:00:00,62.60000000000005
2001-06-26 05:00:00,62.38000000000005
2001-06-27 05:00:00,61.14000000000007
2001-06-28 05:00:00,61.03000000000006
2001-06-29 05:00:00,61.510000000000076
2001-07-02 05:00:00,61.25000000000006
2001-07-03 05:00:00,61.490000000000066
2001-07-05 05:00:00,62.07000000000005
2001-07-06 05:00:00,63.11000000000007
2001-07-09 05:00:00,62.61000000000007
2001-07-10 05:00:00,62.50000000000006
2001-07-11 05:00:00,62.11000000000007
2001-07-12 05:00:00,61.92000000000007
2001-07-13 05:00:00,61.65000000000006
2001-07-16 05:00:00,61.53000000000006
2001-07-17 05:00:00,61.210000000000065
2001-07-18 05:00:00,60.59000000000005
2001-07-19 05:00:00,60.33000000000006
2001-07-20 05:00:00,61.32000000000008
2001-07-23 05:00:00,61.450000000000074
2001-07-24 05:00:00,61.52000000000007
2001-07-25 05:00:00,62.04000000000005
2001-07-26 05:00:00,61.950000000000045
2001-07-27 05:00:00,62.03000000000006
2001-07-30 05:00:00,61.680000000000064
2001-07-31 05:00:00,61.39000000000007
2001-08-01 05:00:00,61.75000000000006
2001-08-02 05:00:00,62.66000000000005
2001-08-03 05:00:00,62.62000000000006
2001-08-06 05:00:00,62.75000000000006
2001-08-07 05:00:00,62.970000000000056
2001-08-08 05:00:00,62.58000000000007
2001-08-09 05:00:00,62.66000000000005
2001-08-10 05:00:00,62.940000000000055
2001-08-13 05:00:00,62.84000000000006
2001-08-14 05:00:00,62.92000000000007
2001-08-15 05:00:00,62.430000000000064
2001-08-16 05:00:00,62.200000000000074
2001-08-17 05:00:00,61.34000000000006
2001-08-20 05:00:00,61.83000000000007
2001-08-21 05:00:00,62.30000000000007
2001-08-22 05:00:00,62.07000000000005
2001-08-23 05:00:00,62.32000000000005
2001-08-24 05:00:00,62.63000000000005
2001-08-27 05:00:00,62.50000000000006
2001-08-28 05:00:00,62.85000000000005
2001-08-29 05:00:00,62.86000000000007
2001-08-30 05:00:00,62.450000000000074
2001-08-31 05:00:00,63.07000000000005
2001-09-04 05:00:00,62.79000000000005
2001-09-05 05:00:00,62.85000000000005
2001-09-06 05:00:00,63.39000000000007
2001-09-07 05:00:00,63.91000000000005
2001-09-10 05:00:00,63.57000000000005
2001-09-14 05:00:00,65.40000000000006
2001-09-17 05:00:00,64.81000000000006
2001-09-18 05:00:00,63.930000000000064
2001-09-19 05:00:00,62.960000000000065
2001-09-20 05:00:00,62.65000000000006
2001-09-21 05:00:00,61.940000000000055
2001-09-24 05:00:00,58.12000000000008
2001-09-25 05:00:00,57.890000000000065
2001-09-26 05:00:00,58.410000000000075
2001-09-27 05:00:00,58.73000000000007
2001-09-28 05:00:00,59.36000000000009
2001-10-01 05:00:00,59.24000000000009
2001-10-02 05:00:00,58.79000000000007
2001-10-03 05:00:00,58.03000000000008
2001-10-04 05:00:00,58.650000000000084
2001-10-05 05:00:00,58.49000000000006
2001-10-08 05:00:00,58.54000000000007
2001-10-09 05:00:00,58.57000000000007
2001-10-10 05:00:00,58.64000000000009
2001-10-11 05:00:00,59.37000000000008
2001-10-12 05:00:00,58.52000000000009
2001-10-15 05:00:00,58.30000000000006
2001-10-16 05:00:00,57.98000000000007
2001-10-17 05:00:00,57.84000000000008
2001-10-18 05:00:00,57.36000000000006
2001-10-19 05:00:00,58.00000000000008
2001-10-22 05:00:00,58.03000000000008
2001-10-23 05:00:00,57.650000000000055
2001-10-24 05:00:00,58.09000000000008
2001-10-25 05:00:00,57.78000000000008
2001-10-26 05:00:00,57.79000000000007
2001-10-29 06:00:00,57.880000000000074
2001-10-30 06:00:00,57.58000000000006
2001-10-31 06:00:00,56.910000000000075
2001-11-01 06:00:00,56.170000000000094
2001-11-02 06:00:00,55.99000000000009
2001-11-05 06:00:00,55.83000000000009
2001-11-06 06:00:00,55.700000000000095
2001-11-07 06:00:00,55.87000000000008
2001-11-08 06:00:00,56.96000000000006
2001-11-09 06:00:00,58.05000000000006
2001-11-12 06:00:00,57.12000000000008
2001-11-13 06:00:00,57.45000000000007
2001-11-14 06:00:00,55.6300000000001
2001-11-15 06:00:00,53.54000000000007
2001-11-16 06:00:00,54.0700000000001
2001-11-19 06:00:00,54.14000000000009
2001-11-20 06:00:00,54.8500000000001
2001-11-21 06:00:00,54.67000000000012
2001-11-26 06:00:00,54.36000000000009
2001-11-27 06:00:00,55.12000000000011
2001-11-28 06:00:00,54.980000000000096
2001-11-29 06:00:00,54.420000000000094
2001-11-30 06:00:00,55.12000000000011
2001-12-03 06:00:00,55.87000000000008
2001-12-04 06:00:00,55.49000000000009
2001-12-05 06:00:00,55.3200000000001
2001-12-06 06:00:00,54.4100000000001
2001-12-07 06:00:00,54.93000000000011
2001-12-10 06:00:00,54.27000000000009
2001-12-11 06:00:00,53.940000000000104
2001-12-12 06:00:00,54.220000000000105
2001-12-13 06:00:00,54.0100000000001
2001-12-14 06:00:00,54.920000000000094
2001-12-17 06:00:00,54.940000000000104
2001-12-18 06:00:00,55.03000000000011
2001-12-19 06:00:00,55.2900000000001
2001-12-20 06:00:00,54.81000000000011
2001-12-21 06:00:00,55.06000000000011
2001-12-26 06:00:00,56.690000000000104
2001-12-27 06:00:00,56.380000000000074
2001-12-28 06:00:00,55.900000000000084
2001-12-31 06:00:00,55.3500000000001
2002-01-02 06:00:00,56.47000000000008
2002-01-03 06:00:00,55.8800000000001
2002-01-04 06:00:00,57.150000000000055
2002-01-07 06:00:00,57.02000000000006
2002-01-08 06:00:00,56.81000000000008
2002-01-09 06:00:00,55.89000000000009
2002-01-10 06:00:00,56.170000000000094
2002-01-11 06:00:00,55.62000000000008
2002-01-14 06:00:00,54.75000000000011
2002-01-15 06:00:00,54.75000000000011
2002-01-16 06:00:00,54.8500000000001
2002-01-17 06:00:00,54.0400000000001
2002-01-18 06:00:00,54.0700000000001
2002-01-22 06:00:00,54.3500000000001
2002-01-23 06:00:00,54.7600000000001
2002-01-24 06:00:00,54.940000000000104
2002-01-25 06:00:00,55.24000000000009
2002-01-28 06:00:00,55.3500000000001
2002-01-29 06:00:00,54.920000000000094
2002-01-30 06:00:00,54.450000000000095
2002-01-31 06:00:00,54.8200000000001
2002-02-01 06:00:00,55.64000000000009
2002-02-04 06:00:00,55.37000000000008
2002-02-05 06:00:00,55.3800000000001
2002-02-06 06:00:00,55.150000000000084
2002-02-07 06:00:00,55.03000000000011
2002-02-08 06:00:00,55.6300000000001
2002-02-11 06:00:00,56.78000000000011
2002-02-12 06:00:00,56.1000000000001
2002-02-13 06:00:00,56.460000000000086
2002-02-14 06:00:00,56.47000000000008
2002-02-15 06:00:00,56.6600000000001
2002-02-19 06:00:00,56.11000000000009
2002-02-20 06:00:00,55.460000000000086
2002-02-21 06:00:00,55.950000000000095
2002-02-22 06:00:00,56.0400000000001
2002-02-25 06:00:00,55.53000000000011
2002-02-26 06:00:00,56.430000000000085
2002-02-27 06:00:00,56.35000000000007
2002-02-28 06:00:00,56.80000000000009
2002-03-01 06:00:00,57.48000000000007
2002-03-04 06:00:00,57.53000000000008
2002-03-05 06:00:00,58.29000000000007
2002-03-06 06:00:00,58.29000000000007
2002-03-07 06:00:00,58.84000000000008
2002-03-08 06:00:00,58.98000000000007
2002-03-11 06:00:00,59.48000000000007
2002-03-12 06:00:00,59.380000000000074
2002-03-13 06:00:00,59.37000000000008
2002-03-14 06:00:00,59.68000000000006
2002-03-15 06:00:00,59.670000000000066
2002-03-18 06:00:00,60.26000000000007
2002-03-19 06:00:00,60.150000000000055
2002-03-20 06:00:00,59.85000000000007
2002-03-21 06:00:00,60.420000000000066
2002-03-22 06:00:00,60.24000000000006
2002-03-25 06:00:00,59.920000000000066
2002-03-26 06:00:00,60.24000000000006
2002-03-27 06:00:00,60.72000000000005
2002-03-28 06:00:00,61.12000000000006
2002-04-01 06:00:00,61.760000000000076
2002-04-02 06:00:00,62.59000000000006
2002-04-03 06:00:00,62.41000000000005
2002-04-04 06:00:00,61.56000000000006
2002-04-05 06:00:00,61.16000000000008
2002-04-08 05:00:00,61.500000000000085
2002-04-09 05:00:00,60.78000000000005
2002-04-10 05:00:00,61.05000000000007
2002-04-11 05:00:00,59.940000000000076
2002-04-12 05:00:00,58.51000000000007
2002-04-15 05:00:00,59.59000000000008
2002-04-16 05:00:00,59.81000000000008
2002-04-17 05:00:00,60.72000000000005
2002-04-18 05:00:00,60.870000000000054
2002-04-19 05:00:00,61.09000000000006
2002-04-22 05:00:00,61.12000000000006
2002-04-23 05:00:00,61.30000000000007
2002-04-24 05:00:00,61.07000000000008
2002-04-25 05:00:00,61.35000000000008
2002-04-26 05:00:00,61.710000000000065
2002-04-29 05:00:00,62.05000000000007
2002-04-30 05:00:00,61.86000000000007
2002-05-01 05:00:00,61.36000000000007
2002-05-02 05:00:00,60.84000000000005
2002-05-03 05:00:00,61.200000000000074
2002-05-06 05:00:00,60.68000000000006
2002-05-07 05:00:00,61.09000000000006
2002-05-08 05:00:00,61.940000000000055
2002-05-09 05:00:00,61.85000000000005
2002-05-10 05:00:00,62.16000000000005
2002-05-13 05:00:00,62.54000000000005
2002-05-14 05:00:00,63.27000000000007
2002-05-15 05:00:00,62.180000000000064
2002-05-16 05:00:00,62.180000000000064
2002-05-17 05:00:00,62.25000000000006
2002-05-20 05:00:00,62.35000000000005
2002-05-21 05:00:00,61.66000000000005
2002-05-22 05:00:00,61.62000000000006
2002-05-23 05:00:00,61.480000000000075
2002-05-24 05:00:00,61.230000000000075
2002-05-28 05:00:00,60.68000000000006
2002-05-29 05:00:00,61.12000000000006
2002-05-30 05:00:00,60.10000000000007
2002-05-31 05:00:00,60.640000000000065
2002-06-03 05:00:00,60.51000000000007
2002-06-04 05:00:00,60.70000000000007
2002-06-05 05:00:00,60.33000000000006
2002-06-06 05:00:00,60.23000000000007
2002-06-07 05:00:00,60.27000000000006
2002-06-10 05:00:00,59.81000000000008
2002-06-11 05:00:00,59.68000000000006
2002-06-12 05:00:00,60.08000000000006
2002-06-13 05:00:00,61.030000000000086
2002-06-14 05:00:00,61.280000000000086
2002-06-17 05:00:00,61.32000000000008
2002-06-18 05:00:00,60.74000000000006
2002-06-19 05:00:00,60.69000000000005
2002-06-20 05:00:00,61.08000000000007
2002-06-21 05:00:00,60.900000000000055
2002-06-24 05:00:00,61.450000000000074
2002-06-25 05:00:00,61.260000000000076
2002-06-26 05:00:00,61.54000000000008
2002-06-27 05:00:00,61.77000000000007
2002-06-28 05:00:00,61.89000000000007
2002-07-01 05:00:00,61.92000000000007
2002-07-02 05:00:00,61.87000000000006
2002-07-03 05:00:00,61.86000000000007
2002-07-08 05:00:00,61.260000000000076
2002-07-09 05:00:00,61.280000000000086
2002-07-10 05:00:00,61.940000000000055
2002-07-11 05:00:00,62.02000000000007
2002-07-12 05:00:00,62.61000000000007
2002-07-15 05:00:00,62.240000000000066
2002-07-16 05:00:00,62.930000000000064
2002-07-17 05:00:00,63.08000000000007
2002-07-18 05:00:00,62.80000000000007
2002-07-19 05:00:00,62.980000000000075
2002-07-22 05:00:00,61.930000000000064
2002-07-23 05:00:00,61.52000000000007
2002-07-24 05:00:00,61.90000000000006
2002-07-25 05:00:00,61.90000000000006
2002-07-26 05:00:00,61.65000000000006
2002-07-29 05:00:00,61.63000000000005
2002-07-30 05:00:00,62.36000000000007
2002-07-31 05:00:00,62.01000000000005
2002-08-01 05:00:00,61.60000000000005
2002-08-02 05:00:00,61.88000000000005
2002-08-05 05:00:00,61.57000000000008
2002-08-06 05:00:00,62.15000000000006
2002-08-07 05:00:00,61.60000000000005
2002-08-08 05:00:00,61.76000000000005
2002-08-09 05:00:00,61.91000000000005
2002-08-12 05:00:00,62.690000000000055
2002-08-13 05:00:00,62.690000000000055
2002-08-14 05:00:00,62.960000000000065
2002-08-15 05:00:00,63.76000000000005
2002-08-16 05:00:00,63.87000000000006
2002-08-19 05:00:00,64.12000000000006
2002-08-20 05:00:00,64.10000000000005
2002-08-21 05:00:00,64.40000000000006
2002-08-22 05:00:00,64.21000000000006
2002-08-23 05:00:00,64.11000000000007
2002-08-26 05:00:00,64.81000000000006
2002-08-27 05:00:00,64.50000000000006
2002-08-28 05:00:00,64.13000000000005
2002-08-29 05:00:00,64.65000000000006
2002-08-30 05:00:00,64.70000000000007
2002-09-03 05:00:00,63.690000000000055
2002-09-04 05:00:00,64.17000000000007
2002-09-05 05:00:00,64.91000000000005
2002-09-06 05:00:00,65.49000000000007
2002-09-09 05:00:00,65.71000000000006
2002-09-10 05:00:00,65.79000000000005
2002-09-11 05:00:00,65.80000000000007
2002-09-12 05:00:00,64.97000000000006
2002-09-13 05:00:00,65.86000000000007
2002-09-16 05:00:00,65.86000000000007
2002-09-17 05:00:00,65.28000000000006
2002-09-18 05:00:00,65.59000000000006
2002-09-19 05:00:00,65.73000000000005
2002-09-20 05:00:00,65.78000000000006
2002-09-23 05:00:00,66.55000000000007
2002-09-24 05:00:00,66.55000000000007
2002-09-25 05:00:00,66.39000000000007
2002-09-26 05:00:00,66.31000000000006
2002-09-27 05:00:00,66.38000000000008
2002-09-30 05:00:00,66.31000000000006
2002-10-01 05:00:00,66.58000000000007
2002-10-02 05:00:00,66.38000000000008
2002-10-03 05:00:00,65.74000000000007
2002-10-04 05:00:00,65.62000000000006
2002-10-07 05:00:00,65.74000000000007
2002-10-08 05:00:00,65.61000000000007
2002-10-09 05:00:00,65.55000000000007
2002-10-10 05:00:00,65.17000000000007
2002-10-11 05:00:00,65.53000000000006
2002-10-14 05:00:00,65.99000000000007
2002-10-15 05:00:00,65.83000000000007
2002-10-16 05:00:00,65.65000000000006
2002-10-17 05:00:00,65.79000000000005
2002-10-18 05:00:00,65.73000000000005
2002-10-21 05:00:00,64.51000000000008
2002-10-22 05:00:00,64.25000000000006
2002-10-23 05:00:00,64.33000000000007
2002-10-24 05:00:00,64.34000000000006
2002-10-25 05:00:00,63.200000000000045
2002-10-28 06:00:00,63.40000000000006
2002-10-29 06:00:00,63.08000000000007
2002-10-30 06:00:00,63.11000000000007
2002-10-31 06:00:00,63.430000000000064
2002-11-01 06:00:00,63.26000000000005
2002-11-04 06:00:00,62.990000000000066
2002-11-05 06:00:00,62.200000000000045
2002-11-06 06:00:00,61.83000000000007
2002-11-07 06:00:00,61.480000000000075
2002-11-08 06:00:00,61.67000000000007
2002-11-11 06:00:00,61.89000000000007
2002-11-12 06:00:00,61.87000000000006
2002-11-13 06:00:00,61.14000000000007
2002-11-14 06:00:00,61.19000000000008
2002-11-15 06:00:00,61.430000000000064
2002-11-18 06:00:00,62.490000000000066
2002-11-19 06:00:00,62.27000000000007
2002-11-20 06:00:00,62.82000000000005
2002-11-21 06:00:00,63.13000000000005
2002-11-22 06:00:00,63.58000000000007
2002-11-25 06:00:00,62.98000000000005
2002-11-26 06:00:00,63.200000000000045
2002-11-27 06:00:00,63.64000000000007
2002-12-02 06:00:00,63.970000000000056
2002-12-03 06:00:00,64.10000000000005
2002-12-04 06:00:00,63.52000000000007
2002-12-05 06:00:00,64.10000000000005
2002-12-06 06:00:00,63.82000000000005
2002-12-09 06:00:00,64.11000000000007
2002-12-10 06:00:00,64.70000000000005
2002-12-11 06:00:00,64.35000000000005
2002-12-12 06:00:00,64.92000000000004
2002-12-13 06:00:00,65.29000000000005
2002-12-16 06:00:00,66.78000000000006
2002-12-17 06:00:00,66.60000000000005
2002-12-18 06:00:00,66.99000000000007
2002-12-19 06:00:00,66.96000000000006
2002-12-20 06:00:00,66.99000000000007
2002-12-23 06:00:00,68.21000000000006
2002-12-24 06:00:00,68.39000000000007
2002-12-26 06:00:00,68.89000000000007
2002-12-27 06:00:00,69.16000000000005
2002-12-30 06:00:00,68.06000000000006
2002-12-31 06:00:00,67.95000000000007
2003-01-02 06:00:00,68.46000000000006
2003-01-03 06:00:00,69.58000000000007
2003-01-06 06:00:00,68.80000000000007
2003-01-07 06:00:00,67.91000000000005
2003-01-08 06:00:00,67.42000000000007
2003-01-09 06:00:00,68.64000000000007
2003-01-10 06:00:00,68.32000000000005
2003-01-13 06:00:00,68.96000000000006
2003-01-14 06:00:00,69.28000000000006
2003-01-15 06:00:00,69.84000000000006
2003-01-16 06:00:00,70.15000000000006
2003-01-17 06:00:00,70.28000000000006
2003-01-21 06:00:00,70.33000000000007
2003-01-22 06:00:00,70.11000000000007
2003-01-23 06:00:00,69.71000000000006
2003-01-24 06:00:00,70.48000000000005
2003-01-27 06:00:00,69.71000000000006
2003-01-28 06:00:00,70.14000000000007
2003-01-29 06:00:00,71.03000000000006
2003-01-30 06:00:00,71.28000000000006
2003-01-31 06:00:00,71.06000000000006
2003-02-03 06:00:00,70.48000000000005
2003-02-04 06:00:00,71.23000000000008
2003-02-05 06:00:00,71.50000000000006
2003-02-06 06:00:00,71.65000000000006
2003-02-07 06:00:00,72.57000000000008
2003-02-10 06:00:00,72.02000000000007
2003-02-11 06:00:00,72.69000000000008
2003-02-12 06:00:00,72.77000000000007
2003-02-13 06:00:00,73.34000000000006
2003-02-14 06:00:00,73.46000000000006
2003-02-18 06:00:00,73.54000000000008
2003-02-19 06:00:00,73.63000000000008
2003-02-20 06:00:00,72.88000000000008
2003-02-21 06:00:00,73.75000000000006
2003-02-24 06:00:00,74.46000000000006
2003-02-25 06:00:00,73.84000000000006
2003-02-26 06:00:00,74.76000000000008
2003-02-27 06:00:00,74.61000000000007
2003-02-28 06:00:00,74.25000000000006
2003-03-03 06:00:00,73.66000000000008
2003-03-04 06:00:00,74.33000000000007
2003-03-05 06:00:00,74.38000000000008
2003-03-06 06:00:00,74.96000000000006
2003-03-07 06:00:00,75.77000000000007
2003-03-10 06:00:00,75.70000000000005
2003-03-11 06:00:00,75.16000000000005
2003-03-12 06:00:00,75.77000000000007
2003-03-13 06:00:00,74.27000000000007
2003-03-14 06:00:00,73.06000000000006
2003-03-17 06:00:00,72.19000000000005
2003-03-18 06:00:00,70.07000000000005
2003-03-19 06:00:00,69.64000000000007
2003-03-20 06:00:00,68.37000000000006
2003-03-21 06:00:00,67.28000000000006
2003-03-24 06:00:00,68.64000000000007
2003-03-25 06:00:00,67.56000000000006
2003-03-26 06:00:00,67.93000000000006
2003-03-27 06:00:00,69.55000000000007
2003-03-28 06:00:00,69.46000000000006
2003-03-31 06:00:00,70.29000000000008
2003-04-01 06:00:00,69.33000000000007
2003-04-02 06:00:00,68.31000000000006
2003-04-03 06:00:00,68.36000000000007
2003-04-04 06:00:00,67.96000000000006
2003-04-07 05:00:00,67.61000000000007
2003-04-08 05:00:00,67.83000000000007
2003-04-09 05:00:00,68.83000000000007
2003-04-10 05:00:00,67.84000000000006
2003-04-11 05:00:00,68.21000000000006
2003-04-14 05:00:00,68.09000000000006
2003-04-15 05:00:00,68.48000000000008
2003-04-16 05:00:00,68.56000000000006
2003-04-17 05:00:00,69.47000000000006
2003-04-21 05:00:00,69.65000000000006
2003-04-22 05:00:00,68.96000000000006
2003-04-23 05:00:00,67.81000000000006
2003-04-24 05:00:00,67.83000000000007
2003-04-25 05:00:00,67.58000000000007
2003-04-28 05:00:00,66.88000000000005
2003-04-29 05:00:00,66.59000000000006
2003-04-30 05:00:00,66.94000000000005
2003-05-01 05:00:00,67.32000000000008
2003-05-02 05:00:00,66.95000000000007
2003-05-05 05:00:00,67.78000000000006
2003-05-06 05:00:00,67.10000000000008
2003-05-07 05:00:00,67.60000000000005
2003-05-08 05:00:00,68.23000000000008
2003-05-09 05:00:00,68.81000000000006
2003-05-12 05:00:00,68.57000000000008
2003-05-13 05:00:00,69.45000000000007
2003-05-14 05:00:00,70.11000000000007
2003-05-15 05:00:00,69.79000000000005
2003-05-16 05:00:00,70.03000000000006
2003-05-19 05:00:00,69.57000000000005
2003-05-20 05:00:00,69.59000000000006
2003-05-21 05:00:00,70.08000000000007
2003-05-22 05:00:00,69.91000000000005
2003-05-23 05:00:00,70.18000000000006
2003-05-27 05:00:00,70.32000000000005
2003-05-28 05:00:00,69.58000000000007
2003-05-29 05:00:00,70.02000000000007
2003-05-30 05:00:00,70.42000000000007
2003-06-02 05:00:00,71.52000000000007
2003-06-03 05:00:00,71.43000000000006
2003-06-04 05:00:00,70.88000000000005
2003-06-05 05:00:00,71.61000000000007
2003-06-06 05:00:00,72.19000000000005
2003-06-09 05:00:00,72.41000000000005
2003-06-10 05:00:00,72.55000000000007
2003-06-11 05:00:00,72.98000000000008
2003-06-12 05:00:00,72.35000000000008
2003-06-13 05:00:00,71.48000000000008
2003-06-16 05:00:00,71.78000000000006
2003-06-17 05:00:00,71.65000000000006
2003-06-18 05:00:00,71.06000000000006
2003-06-19 05:00:00,70.89000000000007
2003-06-20 05:00:00,71.78000000000006
2003-06-23 05:00:00,71.58000000000007
2003-06-24 05:00:00,71.16000000000005
2003-06-25 05:00:00,72.14000000000007
2003-06-26 05:00:00,71.35000000000008
2003-06-27 05:00:00,71.70000000000007
2003-06-30 05:00:00,72.57000000000008
2003-07-01 05:00:00,72.85000000000008
2003-07-02 05:00:00,72.61000000000007
2003-07-03 05:00:00,72.82000000000008
2003-07-07 05:00:00,72.52000000000007
2003-07-08 05:00:00,72.72000000000006
2003-07-09 05:00:00,73.43000000000006
2003-07-10 05:00:00,73.57000000000008
2003-07-11 05:00:00,73.85000000000008
2003-07-14 05:00:00,73.85000000000008
2003-07-15 05:00:00,73.90000000000006
2003-07-16 05:00:00,73.25000000000006
2003-07-17 05:00:00,73.56000000000006
2003-07-18 05:00:00,73.89000000000007
2003-07-21 05:00:00,73.80000000000007
2003-07-22 05:00:00,72.53000000000006
2003-07-23 05:00:00,72.72000000000006
2003-07-24 05:00:00,73.22000000000006
2003-07-25 05:00:00,73.23000000000008
2003-07-28 05:00:00,73.13000000000008
2003-07-29 05:00:00,73.23000000000008
2003-07-30 05:00:00,73.71000000000006
2003-07-31 05:00:00,73.65000000000006
2003-08-01 05:00:00,75.35000000000005
2003-08-04 05:00:00,74.93000000000006
2003-08-05 05:00:00,75.31000000000006
2003-08-06 05:00:00,74.86000000000007
2003-08-07 05:00:00,75.63000000000005
2003-08-08 05:00:00,75.47000000000006
2003-08-11 05:00:00,75.30000000000007
2003-08-12 05:00:00,75.23000000000008
2003-08-13 05:00:00,74.33000000000007
2003-08-14 05:00:00,74.51000000000008
2003-08-15 05:00:00,74.52000000000007
2003-08-18 05:00:00,74.42000000000007
2003-08-19 05:00:00,74.31000000000006
2003-08-20 05:00:00,74.63000000000005
2003-08-21 05:00:00,75.49000000000007
2003-08-22 05:00:00,75.48000000000008
2003-08-25 05:00:00,75.24000000000007
2003-08-26 05:00:00,75.42000000000007
2003-08-27 05:00:00,74.81000000000006
2003-08-28 05:00:00,75.13000000000005
2003-08-29 05:00:00,75.19000000000005
2003-09-02 05:00:00,73.23000000000008
2003-09-03 05:00:00,73.34000000000006
2003-09-04 05:00:00,72.85000000000005
2003-09-05 05:00:00,72.74000000000007
2003-09-08 05:00:00,72.80000000000007
2003-09-09 05:00:00,73.11000000000007
2003-09-10 05:00:00,73.31000000000006
2003-09-11 05:00:00,72.83000000000007
2003-09-12 05:00:00,72.30000000000007
2003-09-15 05:00:00,72.16000000000005
2003-09-16 05:00:00,71.61000000000007
2003-09-17 05:00:00,71.11000000000007
2003-09-18 05:00:00,71.12000000000006
2003-09-19 05:00:00,70.96000000000006
2003-09-22 05:00:00,71.14000000000007
2003-09-23 05:00:00,71.03000000000006
2003-09-24 05:00:00,72.10000000000005
2003-09-25 05:00:00,72.22000000000006
2003-09-26 05:00:00,72.06000000000006
2003-09-29 05:00:00,72.31000000000006
2003-09-30 05:00:00,73.06000000000006
2003-10-01 05:00:00,73.31000000000006
2003-10-02 05:00:00,73.71000000000006
2003-10-03 05:00:00,74.24000000000007
2003-10-06 05:00:00,74.45000000000007
2003-10-07 05:00:00,74.52000000000007
2003-10-08 05:00:00,74.04000000000005
2003-10-09 05:00:00,75.23000000000005
2003-10-10 05:00:00,76.13000000000005
2003-10-13 05:00:00,76.18000000000006
2003-10-14 05:00:00,76.04000000000005
2003-10-15 05:00:00,76.06000000000006
2003-10-16 05:00:00,75.89000000000004
2003-10-17 05:00:00,75.00000000000006
2003-10-20 05:00:00,74.67000000000007
2003-10-21 05:00:00,74.53000000000006
2003-10-22 05:00:00,74.20000000000007
2003-10-23 05:00:00,74.55000000000007
2003-10-24 05:00:00,74.45000000000007
2003-10-27 06:00:00,74.28000000000006
2003-10-28 06:00:00,73.95000000000007
2003-10-29 06:00:00,73.30000000000007
2003-10-30 06:00:00,72.85000000000005
2003-10-31 06:00:00,73.43000000000006
2003-11-03 06:00:00,73.32000000000005
2003-11-04 06:00:00,73.21000000000006
2003-11-05 06:00:00,74.71000000000006
2003-11-06 06:00:00,74.55000000000007
2003-11-07 06:00:00,75.14000000000007
2003-11-10 06:00:00,75.20000000000005
2003-11-11 06:00:00,75.48000000000005
2003-11-12 06:00:00,75.47000000000006
2003-11-13 06:00:00,75.97000000000006
2003-11-14 06:00:00,76.30000000000004
2003-11-17 06:00:00,75.88000000000005
2003-11-18 06:00:00,77.24000000000007
2003-11-19 06:00:00,76.61000000000004
2003-11-20 06:00:00,76.39000000000004
2003-11-21 06:00:00,76.18000000000006
2003-11-24 06:00:00,74.46000000000006
2003-11-25 06:00:00,74.53000000000006
2003-11-26 06:00:00,75.19000000000005
2003-12-01 06:00:00,74.77000000000007
2003-12-02 06:00:00,75.59000000000006
2003-12-03 06:00:00,75.90000000000006
2003-12-04 06:00:00,76.10000000000005
2003-12-05 06:00:00,75.61000000000004
2003-12-08 06:00:00,76.97000000000006
2003-12-09 06:00:00,76.57000000000005
2003-12-10 06:00:00,76.73000000000005
2003-12-11 06:00:00,76.72000000000006
2003-12-12 06:00:00,77.92000000000007
2003-12-15 06:00:00,78.18000000000006
2003-12-16 06:00:00,77.92000000000007
2003-12-17 06:00:00,78.41000000000005
2003-12-18 06:00:00,78.80000000000007
2003-12-19 06:00:00,78.11000000000004
2003-12-22 06:00:00,77.08000000000007
2003-12-23 06:00:00,77.13000000000005
2003-12-24 06:00:00,77.98000000000005
2003-12-29 06:00:00,77.58000000000007
2003-12-30 06:00:00,77.96000000000006
2003-12-31 06:00:00,77.84000000000006
2004-01-05 06:00:00,79.07000000000005
2004-01-06 06:00:00,79.04000000000005
2004-01-07 06:00:00,78.96000000000006
2004-01-08 06:00:00,79.29000000000005
2004-01-09 06:00:00,79.59000000000006
2004-01-12 06:00:00,79.93000000000006
2004-01-13 06:00:00,79.56000000000006
2004-01-14 06:00:00,79.35000000000008
2004-01-15 06:00:00,78.15000000000006
2004-01-16 06:00:00,79.55000000000007
2004-01-20 06:00:00,80.35000000000005
2004-01-21 06:00:00,80.04000000000005
2004-01-22 06:00:00,80.34000000000006
2004-01-23 06:00:00,80.07000000000005
2004-01-26 06:00:00,79.68000000000006
2004-01-27 06:00:00,79.30000000000007
2004-01-28 06:00:00,78.85000000000008
2004-01-29 06:00:00,78.16000000000005
2004-01-30 06:00:00,78.14000000000007
2004-02-02 06:00:00,79.52000000000007
2004-02-03 06:00:00,78.86000000000007
2004-02-04 06:00:00,78.03000000000006
2004-02-05 06:00:00,78.21000000000006
2004-02-06 06:00:00,77.78000000000006
2004-02-09 06:00:00,78.07000000000005
2004-02-10 06:00:00,79.05000000000007
2004-02-11 06:00:00,79.28000000000006
2004-02-12 06:00:00,79.53000000000006
2004-02-13 06:00:00,80.17000000000007
2004-02-17 06:00:00,80.98000000000008
2004-02-18 06:00:00,80.57000000000005
2004-02-19 06:00:00,80.70000000000007
2004-02-20 06:00:00,80.24000000000007
2004-02-23 06:00:00,80.11000000000007
2004-02-24 06:00:00,80.09000000000006
2004-02-25 06:00:00,80.97000000000006
2004-02-26 06:00:00,81.19000000000005
2004-02-27 06:00:00,81.88000000000005
2004-03-01 06:00:00,82.82000000000005
2004-03-02 06:00:00,82.63000000000005
2004-03-03 06:00:00,81.69000000000005
2004-03-04 06:00:00,82.45000000000005
2004-03-05 06:00:00,83.08000000000004
2004-03-08 06:00:00,82.46000000000006
2004-03-09 06:00:00,82.09000000000006
2004-03-10 06:00:00,82.00000000000006
2004-03-11 06:00:00,82.78000000000006
2004-03-12 06:00:00,82.29000000000005
2004-03-15 06:00:00,83.34000000000006
2004-03-16 06:00:00,83.30000000000004
2004-03-17 06:00:00,84.22000000000006
2004-03-18 06:00:00,84.04000000000005
2004-03-19 06:00:00,84.23000000000005
2004-03-22 06:00:00,83.77000000000004
2004-03-23 06:00:00,84.15000000000003
2004-03-24 06:00:00,83.79000000000005
2004-03-25 06:00:00,82.30000000000004
2004-03-26 06:00:00,82.37000000000006
2004-03-29 06:00:00,82.15000000000006
2004-03-30 06:00:00,83.00000000000006
2004-03-31 06:00:00,82.58000000000004
2004-04-01 06:00:00,81.25000000000006
2004-04-02 06:00:00,81.37000000000006
2004-04-05 05:00:00,81.36000000000007
2004-04-06 05:00:00,81.88000000000005
2004-04-07 05:00:00,83.10000000000005
2004-04-08 05:00:00,84.09000000000006
2004-04-12 05:00:00,84.74000000000004
2004-04-13 05:00:00,84.28000000000006
2004-04-14 05:00:00,84.11000000000004
2004-04-15 05:00:00,84.76000000000005
2004-04-16 05:00:00,84.65000000000006
2004-04-19 05:00:00,84.42000000000004
2004-04-20 05:00:00,84.08000000000004
2004-04-21 05:00:00,83.36000000000004
2004-04-22 05:00:00,84.30000000000004
2004-04-23 05:00:00,84.03000000000006
2004-04-26 05:00:00,84.62000000000006
2004-04-27 05:00:00,85.25000000000006
2004-04-28 05:00:00,85.19000000000005
2004-04-29 05:00:00,85.07000000000005
2004-04-30 05:00:00,85.10000000000005
2004-05-03 05:00:00,86.01000000000005
2004-05-04 05:00:00,86.77000000000004
2004-05-05 05:00:00,87.38000000000005
2004-05-06 05:00:00,87.19000000000005
2004-05-07 05:00:00,87.73000000000005
2004-05-10 05:00:00,86.77000000000004
2004-05-11 05:00:00,87.99000000000004
2004-05-12 05:00:00,88.65000000000003
2004-05-13 05:00:00,89.03000000000003
2004-05-14 05:00:00,89.37000000000003
2004-05-17 05:00:00,89.58000000000004
2004-05-18 05:00:00,88.53000000000003
2004-05-19 05:00:00,89.61000000000004
2004-05-20 05:00:00,89.01000000000005
2004-05-21 05:00:00,88.17000000000004
2004-05-24 05:00:00,89.85000000000005
2004-05-25 05:00:00,89.29000000000005
2004-05-26 05:00:00,88.99000000000004
2004-05-27 05:00:00,87.89000000000004
2004-05-28 05:00:00,88.32000000000005
2004-06-01 05:00:00,90.80000000000004
2004-06-02 05:00:00,88.54000000000005
2004-06-03 05:00:00,87.84000000000003
2004-06-04 05:00:00,87.14000000000004
2004-06-07 05:00:00,87.36000000000004
2004-06-08 05:00:00,86.04000000000005
2004-06-09 05:00:00,86.35000000000005
2004-06-10 05:00:00,87.26000000000005
2004-06-14 05:00:00,86.54000000000005
2004-06-15 05:00:00,86.15000000000003
2004-06-16 05:00:00,86.34000000000003
2004-06-17 05:00:00,87.53000000000003
2004-06-18 05:00:00,87.72000000000003
2004-06-21 05:00:00,86.51000000000005
2004-06-22 05:00:00,86.96000000000004
2004-06-23 05:00:00,86.35000000000005
2004-06-24 05:00:00,86.73000000000005
2004-06-25 05:00:00,86.31000000000003
2004-06-28 05:00:00,85.02000000000004
2004-06-29 05:00:00,84.46000000000004
2004-06-30 05:00:00,85.85000000000005
2004-07-01 05:00:00,87.54000000000005
2004-07-02 05:00:00,87.17000000000004
2004-07-06 05:00:00,88.43000000000004
2004-07-07 05:00:00,87.91000000000005
2004-07-08 05:00:00,89.24000000000004
2004-07-09 05:00:00,88.85000000000005
2004-07-12 05:00:00,88.35000000000005
2004-07-13 05:00:00,88.25000000000003
2004-07-14 05:00:00,89.72000000000003
2004-07-15 05:00:00,89.56000000000003
2004-07-16 05:00:00,89.97000000000003
2004-07-19 05:00:00,90.03000000000003
2004-07-20 05:00:00,89.03000000000003
2004-07-21 05:00:00,89.24000000000004
2004-07-22 05:00:00,90.03000000000003
2004-07-23 05:00:00,90.42000000000004
2004-07-26 05:00:00,90.12000000000003
2004-07-27 05:00:00,90.41000000000003
2004-07-28 05:00:00,91.43000000000004
2004-07-29 05:00:00,91.28000000000003
2004-07-30 05:00:00,92.20000000000002
2004-08-02 05:00:00,92.31000000000003
2004-08-03 05:00:00,92.81000000000003
2004-08-04 05:00:00,91.45000000000005
2004-08-05 05:00:00,92.95000000000002
2004-08-06 05:00:00,92.67000000000004
2004-08-09 05:00:00,93.59000000000003
2004-08-10 05:00:00,93.21000000000004
2004-08-11 05:00:00,93.50000000000003
2004-08-12 05:00:00,94.11000000000001
2004-08-13 05:00:00,95.22000000000006
2004-08-16 05:00:00,94.90000000000003
2004-08-17 05:00:00,95.42000000000004
2004-08-18 05:00:00,95.54000000000005
2004-08-19 05:00:00,96.84000000000006
2004-08-20 05:00:00,95.95000000000005
2004-08-23 05:00:00,95.32000000000005
2004-08-24 05:00:00,94.47000000000006
2004-08-25 05:00:00,92.76000000000002
2004-08-26 05:00:00,92.36000000000004
2004-08-27 05:00:00,92.59000000000003
2004-08-30 05:00:00,91.72000000000003
2004-08-31 05:00:00,91.65000000000003
2004-09-01 05:00:00,93.57000000000002
2004-09-02 05:00:00,93.62000000000003
2004-09-03 05:00:00,93.57000000000002
2004-09-07 05:00:00,92.92000000000004
2004-09-08 05:00:00,92.45000000000005
2004-09-09 05:00:00,94.24000000000004
2004-09-10 05:00:00,92.45000000000005
2004-09-13 05:00:00,93.37000000000003
2004-09-14 05:00:00,93.88000000000002
2004-09-15 05:00:00,93.11000000000004
2004-09-16 05:00:00,93.53000000000003
2004-09-17 05:00:00,95.03000000000006
2004-09-20 05:00:00,95.60000000000005
2004-09-21 05:00:00,96.17000000000004
2004-09-22 05:00:00,97.59000000000006
2004-09-23 05:00:00,97.74000000000007
2004-09-24 05:00:00,98.09000000000003
2004-09-27 05:00:00,98.94000000000005
2004-09-28 05:00:00,99.20000000000005
2004-09-29 05:00:00,98.92000000000007
2004-09-30 05:00:00,99.22000000000008
2004-10-01 05:00:00,99.70000000000005
2004-10-04 05:00:00,99.52000000000004
2004-10-05 05:00:00,100.65000000000003
2004-10-06 05:00:00,101.54000000000008
2004-10-07 05:00:00,102.25000000000006
2004-10-08 05:00:00,102.95000000000005
2004-10-11 05:00:00,103.35000000000005
2004-10-12 05:00:00,102.23000000000008
2004-10-13 05:00:00,103.18000000000004
2004-10-14 05:00:00,104.03000000000003
2004-10-15 05:00:00,103.96000000000004
2004-10-18 05:00:00,102.87000000000006
2004-10-19 05:00:00,102.70000000000005
2004-10-20 05:00:00,104.49000000000007
2004-10-21 05:00:00,104.61000000000007
2004-10-22 05:00:00,105.25000000000006
2004-10-25 05:00:00,104.73000000000008
2004-10-26 05:00:00,105.32000000000005
2004-10-27 05:00:00,102.73000000000002
2004-10-28 05:00:00,101.30000000000007
2004-10-29 05:00:00,102.16000000000008
2004-11-01 06:00:00,100.57000000000005
2004-11-02 06:00:00,100.15000000000009
2004-11-03 06:00:00,101.38000000000005
2004-11-04 06:00:00,99.40000000000009
2004-11-05 06:00:00,100.18000000000006
2004-11-08 06:00:00,99.73000000000008
2004-11-09 06:00:00,98.13000000000005
2004-11-10 06:00:00,99.48000000000008
2004-11-11 06:00:00,98.16000000000008
2004-11-12 06:00:00,98.01000000000005
2004-11-15 06:00:00,97.60000000000008
2004-11-16 06:00:00,96.87000000000006
2004-11-17 06:00:00,97.81000000000006
2004-11-18 06:00:00,97.05000000000007
2004-11-19 06:00:00,99.43000000000006
2004-11-22 06:00:00,99.39000000000004
2004-11-23 06:00:00,99.70000000000005
2004-11-24 06:00:00,100.03000000000009
2004-11-29 06:00:00,100.4600000000001
2004-11-30 06:00:00,99.84000000000009
2004-12-01 06:00:00,96.28000000000006
2004-12-02 06:00:00,94.06000000000003
2004-12-03 06:00:00,93.33000000000004
2004-12-06 06:00:00,93.82000000000005
2004-12-07 06:00:00,92.39000000000004
2004-12-08 06:00:00,92.89000000000004
2004-12-09 06:00:00,93.55000000000004
2004-12-10 06:00:00,91.94000000000005
2004-12-13 06:00:00,92.41000000000005
2004-12-14 06:00:00,92.95000000000005
2004-12-15 06:00:00,95.10000000000005
2004-12-16 06:00:00,94.95000000000005
2004-12-17 06:00:00,96.90000000000006
2004-12-20 06:00:00,96.08000000000007
2004-12-21 06:00:00,96.06000000000006
2004-12-22 06:00:00,94.60000000000005
2004-12-23 06:00:00,94.53000000000006
2004-12-27 06:00:00,91.82000000000005
2004-12-28 06:00:00,92.28000000000003
2004-12-29 06:00:00,94.07000000000002
2004-12-30 06:00:00,93.90000000000003
2005-01-03 06:00:00,92.61000000000004
2005-01-04 06:00:00,94.35000000000002
2005-01-05 06:00:00,93.88000000000002
2005-01-06 06:00:00,96.05000000000007
2005-01-07 06:00:00,95.92000000000007
2005-01-10 06:00:00,95.84000000000006
2005-01-11 06:00:00,96.14000000000007
2005-01-12 06:00:00,96.75000000000006
2005-01-13 06:00:00,98.32000000000005
2005-01-14 06:00:00,98.68000000000006
2005-01-18 06:00:00,98.78000000000009
2005-01-19 06:00:00,98.21000000000004
2005-01-20 06:00:00,97.76000000000008
2005-01-21 06:00:00,99.10000000000008
2005-01-24 06:00:00,99.43000000000006
2005-01-25 06:00:00,100.30000000000007
2005-01-26 06:00:00,99.44000000000005
2005-01-27 06:00:00,99.52000000000004
2005-01-28 06:00:00,97.94000000000005
2005-01-31 06:00:00,98.95000000000005
2005-02-01 06:00:00,98.07000000000005
2005-02-02 06:00:00,97.65000000000006
2005-02-03 06:00:00,97.38000000000005
2005-02-04 06:00:00,97.45000000000007
2005-02-07 06:00:00,96.46000000000006
2005-02-08 06:00:00,96.56000000000006
2005-02-09 06:00:00,96.58000000000007
2005-02-10 06:00:00,98.14000000000004
2005-02-11 06:00:00,98.27000000000004
2005-02-14 06:00:00,98.47000000000003
2005-02-15 06:00:00,98.26000000000005
2005-02-16 06:00:00,99.33000000000004
2005-02-17 06:00:00,98.78000000000009
2005-02-18 06:00:00,99.61000000000007
2005-02-22 06:00:00,101.94000000000005
2005-02-23 06:00:00,101.81000000000006
2005-02-24 06:00:00,102.07000000000005
2005-02-25 06:00:00,102.17000000000007
2005-02-28 06:00:00,102.55000000000007
2005-03-01 06:00:00,102.53000000000009
2005-03-02 06:00:00,103.84000000000012
2005-03-03 06:00:00,104.38000000000005
2005-03-04 06:00:00,104.50000000000006
2005-03-07 06:00:00,104.76000000000005
2005-03-08 06:00:00,105.45000000000005
2005-03-09 06:00:00,105.60000000000008
2005-03-10 06:00:00,104.48000000000008
2005-03-11 06:00:00,105.34000000000003
2005-03-14 06:00:00,105.94000000000005
2005-03-15 06:00:00,105.99000000000007
2005-03-16 06:00:00,107.41000000000008
2005-03-17 06:00:00,107.41000000000008
2005-03-18 06:00:00,107.82000000000005
2005-03-21 06:00:00,108.05000000000007
2005-03-22 06:00:00,106.71000000000004
2005-03-23 06:00:00,104.73000000000008
2005-03-24 06:00:00,105.64000000000004
2005-03-28 06:00:00,104.77000000000004
2005-03-29 06:00:00,104.94000000000005
2005-03-30 06:00:00,104.78000000000003
2005-03-31 06:00:00,106.41000000000008
2005-04-01 06:00:00,108.28000000000003
2005-04-04 05:00:00,108.09000000000003
2005-04-05 05:00:00,107.09000000000003
2005-04-06 05:00:00,106.88000000000005
2005-04-07 05:00:00,105.32000000000005
2005-04-08 05:00:00,104.64000000000004
2005-04-11 05:00:00,105.09000000000003
2005-04-12 05:00:00,103.64000000000007
2005-04-13 05:00:00,102.39000000000004
2005-04-14 05:00:00,102.93
2005-04-15 05:00:00,102.27000000000004
2005-04-18 05:00:00,101.57000000000005
2005-04-19 05:00:00,103.73000000000005
2005-04-20 05:00:00,104.40000000000003
2005-04-21 05:00:00,104.82000000000005
2005-04-22 05:00:00,105.81000000000006
2005-04-25 05:00:00,105.18000000000006
2005-04-26 05:00:00,104.92000000000007
2005-04-27 05:00:00,102.46000000000004
2005-04-28 05:00:00,102.52000000000004
2005-04-29 05:00:00,100.72000000000008
2005-05-02 05:00:00,101.91000000000003
2005-05-03 05:00:00,100.50000000000006
2005-05-04 05:00:00,101.17000000000007
2005-05-05 05:00:00,101.76000000000005
2005-05-06 05:00:00,101.94000000000005
2005-05-09 05:00:00,102.65000000000003
2005-05-10 05:00:00,102.76000000000005
2005-05-11 05:00:00,101.22000000000003
2005-05-12 05:00:00,99.65000000000003
2005-05-13 05:00:00,99.71000000000004
2005-05-16 05:00:00,99.46000000000004
2005-05-17 05:00:00,99.85000000000008
2005-05-18 05:00:00,98.60000000000008
2005-05-19 05:00:00,98.29000000000008
2005-05-20 05:00:00,98.34000000000003
2005-05-23 05:00:00,98.69000000000005
2005-05-24 05:00:00,99.11000000000007
2005-05-25 05:00:00,100.30000000000007
2005-05-26 05:00:00,100.35000000000008
2005-05-27 05:00:00,101.00000000000006
2005-05-31 05:00:00,101.39000000000004
2005-06-01 05:00:00,104.06000000000006
2005-06-02 05:00:00,103.26000000000008
2005-06-03 05:00:00,104.62000000000006
2005-06-06 05:00:00,104.33000000000004
2005-06-07 05:00:00,103.58000000000007
2005-06-08 05:00:00,102.49000000000007
2005-06-09 05:00:00,104.21000000000004
2005-06-10 05:00:00,103.32000000000008
2005-06-13 05:00:00,105.48000000000008
2005-06-14 05:00:00,104.61000000000007
2005-06-15 05:00:00,104.90000000000003
2005-06-16 05:00:00,105.86000000000007
2005-06-17 05:00:00,107.55000000000007
2005-06-20 05:00:00,108.32000000000005
2005-06-21 05:00:00,107.45000000000005
2005-06-22 05:00:00,106.56000000000006
2005-06-23 05:00:00,107.87000000000006
2005-06-24 05:00:00,108.31000000000006
2005-06-27 05:00:00,109.15000000000003
2005-06-28 05:00:00,106.93000000000006
2005-06-29 05:00:00,106.05000000000007
2005-06-30 05:00:00,105.46000000000004
2005-07-01 05:00:00,107.63000000000005
2005-07-05 05:00:00,108.56000000000006
2005-07-06 05:00:00,109.95000000000005
2005-07-07 05:00:00,109.50000000000006
2005-07-08 05:00:00,108.46000000000004
2005-07-11 05:00:00,107.90000000000003
2005-07-12 05:00:00,109.30000000000007
2005-07-13 05:00:00,108.66000000000003
2005-07-14 05:00:00,106.50000000000006
2005-07-15 05:00:00,106.94000000000005
2005-07-18 05:00:00,106.30000000000007
2005-07-19 05:00:00,106.51000000000005
2005-07-20 05:00:00,105.87000000000006
2005-07-21 05:00:00,105.03000000000003
2005-07-22 05:00:00,106.43000000000006
2005-07-25 05:00:00,106.92000000000007
2005-07-26 05:00:00,107.18000000000006
2005-07-27 05:00:00,107.29000000000008
2005-07-28 05:00:00,108.15000000000003
2005-07-29 05:00:00,108.82000000000005
2005-08-01 05:00:00,109.87000000000006
2005-08-02 05:00:00,110.04000000000002
2005-08-03 05:00:00,109.04000000000002
2005-08-04 05:00:00,109.48000000000002
2005-08-05 05:00:00,110.45000000000005
2005-08-08 05:00:00,112.07
2005-08-09 05:00:00,111.33000000000001
2005-08-10 05:00:00,113.22999999999999
2005-08-11 05:00:00,113.91999999999999
2005-08-12 05:00:00,114.18999999999997
2005-08-15 05:00:00,114.16999999999999
2005-08-16 05:00:00,113.86999999999998
2005-08-17 05:00:00,111.12000000000003
2005-08-18 05:00:00,111.03
2005-08-19 05:00:00,112.94999999999996
2005-08-22 05:00:00,112.91999999999999
2005-08-23 05:00:00,113.11999999999998
2005-08-24 05:00:00,114.65
2005-08-25 05:00:00,114.82999999999996
2005-08-26 05:00:00,113.53
2005-08-29 05:00:00,114.37999999999997
2005-08-30 05:00:00,116.51000000000002
2005-08-31 05:00:00,116.04999999999998
2005-09-01 05:00:00,116.62000000000003
2005-09-02 05:00:00,114.79999999999998
2005-09-06 05:00:00,113.35
2005-09-07 05:00:00,111.66999999999999
2005-09-08 05:00:00,111.90999999999997
2005-09-09 05:00:00,111.53999999999999
2005-09-12 05:00:00,110.65000000000003
2005-09-13 05:00:00,110.40000000000003
2005-09-14 05:00:00,112.30000000000001
2005-09-15 05:00:00,111.80000000000004
2005-09-16 05:00:00,109.93000000000006
2005-09-19 05:00:00,113.72999999999999
2005-09-20 05:00:00,112.41
2005-09-21 05:00:00,112.80999999999997
2005-09-22 05:00:00,112.66999999999999
2005-09-23 05:00:00,110.54000000000002
2005-09-26 05:00:00,112.05000000000001
2005-09-27 05:00:00,111.37000000000003
2005-09-28 05:00:00,112.47999999999999
2005-09-29 05:00:00,112.31
2005-09-30 05:00:00,112.25
2005-10-03 05:00:00,111.31000000000003
2005-10-04 05:00:00,109.78000000000003
2005-10-05 05:00:00,108.71000000000004
2005-10-06 05:00:00,107.08000000000004
2005-10-07 05:00:00,107.64000000000004
2005-10-10 05:00:00,107.59000000000009
2005-10-11 05:00:00,109.07000000000005
2005-10-12 05:00:00,109.48000000000008
2005-10-13 05:00:00,108.53000000000003
2005-10-14 05:00:00,107.65000000000003
2005-10-17 05:00:00,109.02000000000004
2005-10-18 05:00:00,107.78000000000009
2005-10-19 05:00:00,106.93000000000006
2005-10-20 05:00:00,105.67000000000007
2005-10-21 05:00:00,106.42000000000007
2005-10-24 05:00:00,106.15000000000003
2005-10-25 05:00:00,108.42000000000007
2005-10-26 05:00:00,106.80000000000007
2005-10-27 05:00:00,107.12000000000006
2005-10-28 05:00:00,107.13000000000005
2005-10-31 06:00:00,105.99000000000007
2005-11-01 06:00:00,106.14000000000004
2005-11-02 06:00:00,106.09000000000003
2005-11-03 06:00:00,108.15000000000003
2005-11-04 06:00:00,107.10000000000008
2005-11-07 06:00:00,106.13000000000005
2005-11-08 06:00:00,106.33000000000004
2005-11-09 06:00:00,105.36000000000007
2005-11-10 06:00:00,104.34000000000009
2005-11-11 06:00:00,104.08000000000004
2005-11-14 06:00:00,104.07000000000005
2005-11-15 06:00:00,103.21000000000006
2005-11-16 06:00:00,104.06
2005-11-17 06:00:00,102.84000000000003
2005-11-18 06:00:00,103.01000000000005
2005-11-21 06:00:00,103.52000000000007
2005-11-22 06:00:00,104.54000000000002
2005-11-23 06:00:00,104.38000000000005
2005-11-28 06:00:00,103.12000000000003
2005-11-29 06:00:00,102.42000000000007
2005-11-30 06:00:00,103.36000000000004
2005-12-01 06:00:00,104.48000000000008
2005-12-02 06:00:00,105.34000000000003
2005-12-05 06:00:00,105.98000000000008
2005-12-06 06:00:00,105.98000000000008
2005-12-07 06:00:00,105.31000000000006
2005-12-08 06:00:00,106.74000000000007
2005-12-09 06:00:00,105.51000000000005
2005-12-12 06:00:00,107.39000000000004
2005-12-13 06:00:00,107.42000000000007
2005-12-14 06:00:00,107.05000000000007
2005-12-15 06:00:00,106.31000000000006
2005-12-16 06:00:00,104.29000000000008
2005-12-19 06:00:00,103.24000000000004
2005-12-20 06:00:00,103.22000000000006
2005-12-21 06:00:00,103.67000000000004
2005-12-22 06:00:00,103.39000000000007
2005-12-23 06:00:00,103.53000000000006
2005-12-27 06:00:00,103.21000000000006
2005-12-28 06:00:00,104.89000000000004
2005-12-29 06:00:00,105.45000000000005
2005-12-30 06:00:00,106.43000000000006
2006-01-03 06:00:00,108.52000000000004
2006-01-04 06:00:00,108.73000000000008
2006-01-05 06:00:00,108.12000000000006
2006-01-06 06:00:00,109.50000000000006
2006-01-09 06:00:00,108.88000000000005
2006-01-10 06:00:00,108.67000000000007
2006-01-11 06:00:00,108.92000000000007
2006-01-12 06:00:00,108.96000000000004
2006-01-13 06:00:00,109.11000000000007
2006-01-17 06:00:00,111.4
2006-01-18 06:00:00,110.70000000000005
2006-01-19 06:00:00,111.66
2006-01-20 06:00:00,112.92999999999998
2006-01-23 06:00:00,112.64000000000001
2006-01-24 06:00:00,111.62000000000003
2006-01-25 06:00:00,110.45000000000005
2006-01-26 06:00:00,110.96000000000001
2006-01-27 06:00:00,112.49000000000004
2006-01-30 06:00:00,113.06999999999996
2006-01-31 06:00:00,112.71000000000001
2006-02-01 06:00:00,111.39000000000001
2006-02-02 06:00:00,109.46000000000004
2006-02-03 06:00:00,110.19000000000005
2006-02-06 06:00:00,110.05000000000007
2006-02-07 06:00:00,108.11000000000007
2006-02-08 06:00:00,107.50000000000006
2006-02-09 06:00:00,107.56000000000006
2006-02-10 06:00:00,106.92000000000007
2006-02-13 06:00:00,106.37000000000006
2006-02-14 06:00:00,105.10000000000002
2006-02-15 06:00:00,103.50000000000003
2006-02-16 06:00:00,104.37000000000006
2006-02-17 06:00:00,105.52000000000004
2006-02-21 06:00:00,106.90000000000003
2006-02-22 06:00:00,105.42000000000007
2006-02-23 06:00:00,105.21000000000004
2006-02-24 06:00:00,107.31000000000006
2006-02-27 06:00:00,105.52000000000004
2006-02-28 06:00:00,106.18000000000006
2006-03-01 06:00:00,106.79000000000008
2006-03-02 06:00:00,108.24000000000007
2006-03-03 06:00:00,108.53000000000003
2006-03-06 06:00:00,107.22000000000003
2006-03-07 06:00:00,106.49000000000007
2006-03-08 06:00:00,104.96000000000004
2006-03-09 06:00:00,105.59000000000003
2006-03-10 06:00:00,105.01000000000005
2006-03-13 06:00:00,106.75000000000006
2006-03-14 06:00:00,108.19000000000005
2006-03-15 06:00:00,106.87000000000006
2006-03-16 06:00:00,108.16000000000003
2006-03-17 06:00:00,107.26000000000005
2006-03-20 06:00:00,105.26000000000005
2006-03-21 06:00:00,105.81000000000006
2006-03-22 06:00:00,105.20000000000005
2006-03-23 06:00:00,107.09000000000003
2006-03-24 06:00:00,107.40000000000003
2006-03-27 06:00:00,107.35000000000008
2006-03-28 06:00:00,109.12000000000006
2006-03-29 06:00:00,109.67000000000007
2006-03-30 06:00:00,110.53000000000003
2006-03-31 06:00:00,110.13000000000005
2006-04-03 05:00:00,110.24000000000007
2006-04-04 05:00:00,109.86000000000007
2006-04-05 05:00:00,110.56000000000006
2006-04-06 05:00:00,111.26000000000002
2006-04-07 05:00:00,110.84
2006-04-10 05:00:00,112.31
2006-04-11 05:00:00,112.58000000000001
2006-04-12 05:00:00,112.41
2006-04-13 05:00:00,113.16
2006-04-17 05:00:00,114.28
2006-04-18 05:00:00,115.30999999999997
2006-04-19 05:00:00,116.42000000000004
2006-04-20 05:00:00,115.94000000000003
2006-04-21 05:00:00,117.41
2006-04-24 05:00:00,115.9
2006-04-25 05:00:00,115.82000000000002
2006-04-26 05:00:00,114.82000000000002
2006-04-27 05:00:00,113.80999999999997
2006-04-28 05:00:00,114.84
2006-05-01 05:00:00,116.56000000000003
2006-05-02 05:00:00,117.4
2006-05-03 05:00:00,115.24999999999997
2006-05-04 05:00:00,112.93999999999997
2006-05-05 05:00:00,113.23999999999998
2006-05-08 05:00:00,112.65
2006-05-09 05:00:00,113.55999999999997
2006-05-10 05:00:00,114.91
2006-05-11 05:00:00,116.02000000000001
2006-05-12 05:00:00,114.6
2006-05-15 05:00:00,111.84
2006-05-16 05:00:00,111.67000000000004
2006-05-17 05:00:00,110.82000000000002
2006-05-18 05:00:00,111.53000000000006
2006-05-19 05:00:00,110.63000000000005
2006-05-22 05:00:00,111.25000000000003
2006-05-23 05:00:00,112.97999999999999
2006-05-24 05:00:00,111.10000000000005
2006-05-25 05:00:00,112.58000000000001
2006-05-26 05:00:00,112.65
2006-05-30 05:00:00,113.35999999999999
2006-05-31 05:00:00,112.78
2006-06-01 05:00:00,111.72000000000006
2006-06-02 05:00:00,113.52000000000001
2006-06-05 05:00:00,113.83000000000001
2006-06-06 05:00:00,113.6
2006-06-07 05:00:00,111.99000000000001
2006-06-08 05:00:00,111.62000000000003
2006-06-09 05:00:00,112.79999999999998
2006-06-12 05:00:00,111.58000000000001
2006-06-13 05:00:00,109.73000000000008
2006-06-14 05:00:00,109.95000000000005
2006-06-15 05:00:00,110.18000000000006
2006-06-16 05:00:00,110.51000000000005
2006-06-19 05:00:00,109.89000000000004
2006-06-20 05:00:00,109.63000000000005
2006-06-21 05:00:00,110.65000000000009
2006-06-22 05:00:00,111.35000000000005
2006-06-23 05:00:00,111.39000000000001
2006-06-26 05:00:00,112.36000000000001
2006-06-27 05:00:00,112.42000000000004
2006-06-28 05:00:00,112.76000000000002
2006-06-29 05:00:00,114.13000000000002
2006-06-30 05:00:00,114.43000000000004
2006-07-05 05:00:00,115.78000000000006
2006-07-06 05:00:00,115.82000000000002
2006-07-07 05:00:00,114.85
2006-07-10 05:00:00,114.33000000000001
2006-07-11 05:00:00,114.85
2006-07-12 05:00:00,115.68000000000004
2006-07-13 05:00:00,117.84000000000006
2006-07-14 05:00:00,118.31000000000003
2006-07-17 05:00:00,116.67000000000004
2006-07-18 05:00:00,115.13000000000002
2006-07-19 05:00:00,114.72999999999999
2006-07-20 05:00:00,114.16
2006-07-21 05:00:00,114.34
2006-07-24 05:00:00,114.97
2006-07-25 05:00:00,113.70000000000002
2006-07-26 05:00:00,113.97999999999999
2006-07-27 05:00:00,114.69000000000003
2006-07-28 05:00:00,113.38000000000002
2006-07-31 05:00:00,114.67000000000004
2006-08-01 05:00:00,115.17000000000004
2006-08-02 05:00:00,115.89000000000007
2006-08-03 05:00:00,115.72999999999999
2006-08-04 05:00:00,115.15
2006-08-07 05:00:00,117.41000000000005
2006-08-08 05:00:00,116.71000000000006
2006-08-09 05:00:00,116.52000000000007
2006-08-10 05:00:00,114.49000000000004
2006-08-11 05:00:00,114.97999999999999
2006-08-14 05:00:00,113.94000000000003
2006-08-15 05:00:00,113.31000000000003
2006-08-16 05:00:00,112.31
2006-08-17 05:00:00,110.68000000000006
2006-08-18 05:00:00,111.22000000000006
2006-08-21 05:00:00,112.34000000000003
2006-08-22 05:00:00,112.16000000000003
2006-08-23 05:00:00,110.98000000000005
2006-08-24 05:00:00,111.44000000000003
2006-08-25 05:00:00,111.56000000000003
2006-08-28 05:00:00,109.85000000000008
2006-08-29 05:00:00,108.98000000000008
2006-08-30 05:00:00,109.2100000000001
2006-08-31 05:00:00,109.59000000000009
2006-09-01 05:00:00,108.49000000000007
2006-09-05 05:00:00,107.89000000000004
2006-09-06 05:00:00,106.82000000000005
2006-09-07 05:00:00,106.62000000000006
2006-09-08 05:00:00,105.50000000000006
2006-09-11 05:00:00,104.7100000000001
2006-09-12 05:00:00,103.08000000000004
2006-09-13 05:00:00,103.19000000000008
2006-09-14 05:00:00,102.40000000000009
2006-09-15 05:00:00,102.22000000000008
2006-09-18 05:00:00,102.64000000000004
2006-09-19 05:00:00,100.45000000000005
2006-09-20 05:00:00,98.92000000000007
2006-09-21 05:00:00,99.73000000000008
2006-09-22 05:00:00,98.74000000000007
2006-09-25 05:00:00,99.53000000000009
2006-09-26 05:00:00,99.12000000000006
2006-09-27 05:00:00,101.06000000000006
2006-09-28 05:00:00,100.97000000000008
2006-09-29 05:00:00,101.35000000000008
2006-10-02 05:00:00,99.5200000000001
2006-10-03 05:00:00,97.25000000000006
2006-10-04 05:00:00,97.94000000000005
2006-10-05 05:00:00,98.54000000000008
2006-10-06 05:00:00,98.37000000000006
2006-10-09 05:00:00,98.69000000000005
2006-10-10 05:00:00,97.46000000000006
2006-10-11 05:00:00,96.65000000000006
2006-10-12 05:00:00,96.95000000000007
2006-10-13 05:00:00,97.56000000000006
2006-10-16 05:00:00,98.80000000000007
2006-10-17 05:00:00,98.00000000000006
2006-10-18 05:00:00,96.64000000000007
2006-10-19 05:00:00,97.75000000000009
2006-10-20 05:00:00,96.78000000000006
2006-10-23 05:00:00,96.35000000000008
2006-10-24 05:00:00,96.94000000000008
2006-10-25 05:00:00,98.94000000000005
2006-10-26 05:00:00,97.86000000000007
2006-10-27 05:00:00,98.40000000000009
2006-10-30 06:00:00,96.11000000000007
2006-10-31 06:00:00,96.48000000000008
2006-11-01 06:00:00,96.42000000000007
2006-11-02 06:00:00,95.49000000000007
2006-11-03 06:00:00,96.75000000000009
2006-11-06 06:00:00,97.62000000000009
2006-11-07 06:00:00,96.49000000000007
2006-11-08 06:00:00,97.42000000000007
2006-11-09 06:00:00,98.93000000000006
2006-11-10 06:00:00,97.41000000000008
2006-11-13 06:00:00,96.57000000000008
2006-11-14 06:00:00,96.15000000000006
2006-11-15 06:00:00,96.67000000000007
2006-11-16 06:00:00,94.62000000000006
2006-11-17 06:00:00,95.07000000000005
2006-11-20 06:00:00,94.81000000000006
2006-11-21 06:00:00,96.07000000000008
2006-11-22 06:00:00,95.27000000000007
2006-11-24 06:00:00,95.88000000000008
2006-11-27 06:00:00,96.22000000000006
2006-11-28 06:00:00,96.92000000000007
2006-11-29 06:00:00,98.35000000000008
2006-11-30 06:00:00,99.15000000000009
2006-12-01 06:00:00,99.54000000000008
2006-12-04 06:00:00,98.56000000000006
2006-12-05 06:00:00,98.45000000000005
2006-12-06 06:00:00,98.05000000000007
2006-12-07 06:00:00,97.91000000000008
2006-12-08 06:00:00,97.62000000000009
2006-12-11 06:00:00,96.89000000000007
2006-12-12 06:00:00,96.52000000000007
2006-12-13 06:00:00,96.65000000000006
2006-12-14 06:00:00,97.82000000000008
2006-12-15 06:00:00,98.49000000000007
2006-12-18 06:00:00,97.21000000000006
2006-12-19 06:00:00,97.89000000000004
2006-12-20 06:00:00,98.37000000000006
2006-12-21 06:00:00,97.38000000000008
2006-12-22 06:00:00,97.13000000000008
2006-12-26 06:00:00,95.83000000000007
2006-12-27 06:00:00,95.16000000000005
2006-12-28 06:00:00,95.38000000000005
2006-12-29 06:00:00,95.98000000000008
2007-01-03 06:00:00,93.01000000000005
2007-01-04 06:00:00,90.24000000000007
2007-01-05 06:00:00,90.99000000000007
2007-01-08 06:00:00,90.96000000000006
2007-01-09 06:00:00,90.34000000000006
2007-01-10 06:00:00,88.43000000000006
2007-01-11 06:00:00,86.17000000000004
2007-01-12 06:00:00,87.21000000000006
2007-01-16 06:00:00,85.22000000000006
2007-01-17 06:00:00,86.32000000000005
2007-01-18 06:00:00,85.21000000000006
2007-01-19 06:00:00,86.85000000000005
2007-01-22 06:00:00,86.08000000000007
2007-01-23 06:00:00,88.46000000000006
2007-01-24 06:00:00,88.71000000000006
2007-01-25 06:00:00,87.67000000000004
2007-01-26 06:00:00,88.80000000000007
2007-01-29 06:00:00,87.32000000000005
2007-01-30 06:00:00,90.21000000000006
2007-01-31 06:00:00,91.40000000000006
2007-02-01 06:00:00,90.57000000000005
2007-02-02 06:00:00,92.28000000000006
2007-02-05 06:00:00,91.94000000000005
2007-02-06 06:00:00,91.99000000000004
2007-02-07 06:00:00,90.90000000000006
2007-02-08 06:00:00,92.98000000000005
2007-02-09 06:00:00,93.18000000000004
2007-02-12 06:00:00,91.22000000000006
2007-02-13 06:00:00,92.46000000000006
2007-02-14 06:00:00,91.10000000000005
2007-02-15 06:00:00,91.01000000000005
2007-02-16 06:00:00,92.35000000000005
2007-02-20 06:00:00,91.49000000000007
2007-02-21 06:00:00,92.74000000000007
2007-02-22 06:00:00,93.90000000000003
2007-02-23 06:00:00,94.20000000000005
2007-02-26 06:00:00,94.38000000000005
2007-02-27 06:00:00,94.47000000000006
2007-02-28 06:00:00,94.91000000000008
2007-03-01 06:00:00,95.03000000000006
2007-03-02 06:00:00,94.62000000000006
2007-03-05 06:00:00,93.15000000000003
2007-03-06 06:00:00,93.91000000000005
2007-03-07 06:00:00,95.13000000000008
2007-03-08 06:00:00,95.07000000000008
2007-03-09 06:00:00,93.62000000000006
2007-03-12 05:00:00,92.62000000000006
2007-03-13 05:00:00,92.19000000000005
2007-03-14 05:00:00,92.41000000000005
2007-03-15 05:00:00,91.90000000000006
2007-03-16 05:00:00,91.61000000000007
2007-03-19 05:00:00,91.72000000000006
2007-03-20 05:00:00,91.30000000000007
2007-03-21 05:00:00,91.78000000000006
2007-03-22 05:00:00,93.69000000000005
2007-03-23 05:00:00,94.19000000000005
2007-03-26 05:00:00,95.19000000000005
2007-03-27 05:00:00,95.32000000000008
2007-03-28 05:00:00,96.35000000000008
2007-03-29 05:00:00,97.95000000000005
2007-03-30 05:00:00,98.14000000000004
2007-04-02 05:00:00,98.22000000000003
2007-04-03 05:00:00,96.96000000000006
2007-04-04 05:00:00,96.96000000000006
2007-04-05 05:00:00,97.04000000000008
2007-04-09 05:00:00,94.98000000000008
2007-04-10 05:00:00,95.55000000000007
2007-04-11 05:00:00,95.51000000000008
2007-04-12 05:00:00,96.89000000000007
2007-04-13 05:00:00,96.90000000000006
2007-04-16 05:00:00,95.86000000000007
2007-04-17 05:00:00,94.69000000000008
2007-04-18 05:00:00,94.71000000000006
2007-04-19 05:00:00,93.87000000000006
2007-04-20 05:00:00,94.51000000000008
2007-04-23 05:00:00,96.12000000000006
2007-04-24 05:00:00,94.90000000000006
2007-04-25 05:00:00,96.21000000000006
2007-04-26 05:00:00,95.42000000000007
2007-04-27 05:00:00,96.85000000000008
2007-04-30 05:00:00,96.22000000000006
2007-05-01 05:00:00,95.12000000000006
2007-05-02 05:00:00,94.36000000000004
2007-05-03 05:00:00,93.96000000000006
2007-05-04 05:00:00,92.87000000000006
2007-05-07 05:00:00,92.38000000000005
2007-05-08 05:00:00,93.00000000000006
2007-05-09 05:00:00,92.17000000000004
2007-05-10 05:00:00,92.44000000000005
2007-05-11 05:00:00,93.13000000000005
2007-05-14 05:00:00,92.88000000000005
2007-05-15 05:00:00,93.62000000000006
2007-05-16 05:00:00,93.06000000000006
2007-05-17 05:00:00,94.91000000000008
2007-05-18 05:00:00,94.91000000000008
2007-05-21 05:00:00,95.82000000000008
2007-05-22 05:00:00,94.46000000000006
2007-05-23 05:00:00,94.88000000000008
2007-05-24 05:00:00,93.49000000000007
2007-05-25 05:00:00,94.38000000000005
2007-05-29 05:00:00,92.24000000000007
2007-05-30 05:00:00,92.51000000000008
2007-05-31 05:00:00,92.85000000000005
2007-06-01 05:00:00,93.98000000000008
2007-06-04 05:00:00,95.15000000000009
2007-06-05 05:00:00,94.60000000000008
2007-06-06 05:00:00,94.85000000000008
2007-06-07 05:00:00,95.60000000000008
2007-06-08 05:00:00,93.31000000000006
2007-06-11 05:00:00,94.50000000000009
2007-06-12 05:00:00,93.97000000000006
2007-06-13 05:00:00,94.82000000000008
2007-06-14 05:00:00,95.90000000000006
2007-06-15 05:00:00,96.35000000000008
2007-06-18 05:00:00,97.31000000000006
2007-06-19 05:00:00,97.22000000000008
2007-06-20 05:00:00,96.50000000000009
2007-06-21 05:00:00,96.19000000000008
2007-06-22 05:00:00,96.79000000000008
2007-06-25 05:00:00,96.76000000000008
2007-06-26 05:00:00,95.24000000000007
2007-06-27 05:00:00,96.27000000000007
2007-06-28 05:00:00,96.85000000000008
2007-06-29 05:00:00,97.97000000000008
2007-07-02 05:00:00,98.55000000000007
2007-07-03 05:00:00,98.86000000000007
2007-07-05 05:00:00,99.14000000000004
2007-07-06 05:00:00,100.14000000000004
2007-07-09 05:00:00,99.60000000000008
2007-07-10 05:00:00,100.18000000000006
2007-07-11 05:00:00,99.93000000000006
2007-07-12 05:00:00,99.86000000000007
2007-07-13 05:00:00,100.93000000000006
2007-07-16 05:00:00,100.90000000000003
2007-07-17 05:00:00,100.73000000000008
2007-07-18 05:00:00,101.97000000000008
2007-07-19 05:00:00,102.67000000000007
2007-07-20 05:00:00,102.48000000000008
2007-07-23 05:00:00,101.71000000000004
2007-07-24 05:00:00,100.32000000000005
2007-07-25 05:00:00,102.39000000000004
2007-07-26 05:00:00,101.40000000000003
2007-07-27 05:00:00,103.24000000000004
2007-07-30 05:00:00,103.14000000000007
2007-07-31 05:00:00,104.53000000000003
2007-08-01 05:00:00,103.14000000000007
2007-08-02 05:00:00,103.48000000000005
2007-08-03 05:00:00,102.30000000000007
2007-08-06 05:00:00,98.90000000000003
2007-08-07 05:00:00,99.31000000000006
2007-08-08 05:00:00,98.87000000000006
2007-08-09 05:00:00,98.33000000000004
2007-08-10 05:00:00,98.18000000000006
2007-08-13 05:00:00,98.11000000000007
2007-08-14 05:00:00,98.72000000000008
2007-08-15 05:00:00,99.96000000000004
2007-08-16 05:00:00,97.73000000000008
2007-08-17 05:00:00,98.59000000000003
2007-08-20 05:00:00,97.80000000000007
2007-08-21 05:00:00,96.47000000000008
2007-08-22 05:00:00,96.16000000000008
2007-08-23 05:00:00,96.69000000000008
2007-08-24 05:00:00,97.82000000000008
2007-08-27 05:00:00,98.51000000000005
2007-08-28 05:00:00,98.27000000000004
2007-08-29 05:00:00,99.91000000000008
2007-08-30 05:00:00,99.74000000000007
2007-08-31 05:00:00,100.45000000000005
2007-09-04 05:00:00,101.39000000000004
2007-09-05 05:00:00,101.80000000000007
2007-09-06 05:00:00,102.44000000000005
2007-09-07 05:00:00,102.75000000000006
2007-09-10 05:00:00,103.39000000000007
2007-09-11 05:00:00,104.13000000000005
2007-09-12 05:00:00,105.65000000000009
2007-09-13 05:00:00,105.99000000000007
2007-09-14 05:00:00,105.53000000000009
2007-09-17 05:00:00,106.52000000000004
2007-09-18 05:00:00,107.31000000000006
2007-09-19 05:00:00,108.06000000000006
2007-09-20 05:00:00,109.00000000000006
2007-09-21 05:00:00,109.00000000000006
2007-09-24 05:00:00,108.51000000000005
2007-09-25 05:00:00,106.97000000000008
2007-09-26 05:00:00,107.22000000000008
2007-09-27 05:00:00,109.87000000000006
2007-09-28 05:00:00,108.84000000000009
2007-10-01 05:00:00,107.64000000000004
2007-10-02 05:00:00,107.40000000000009
2007-10-03 05:00:00,107.38000000000005
2007-10-04 05:00:00,109.00000000000006
2007-10-05 05:00:00,108.98000000000008
2007-10-08 05:00:00,106.76000000000005
2007-10-09 05:00:00,107.90000000000009
2007-10-10 05:00:00,108.97000000000008
2007-10-11 05:00:00,110.62000000000006
2007-10-12 05:00:00,111.06000000000003
2007-10-15 05:00:00,113.38000000000002
2007-10-16 05:00:00,114.71000000000001
2007-10-17 05:00:00,114.25000000000003
2007-10-18 05:00:00,116.02000000000007
2007-10-19 05:00:00,115.05000000000004
2007-10-22 05:00:00,114.34
2007-10-23 05:00:00,113.59
2007-10-24 05:00:00,115.26000000000002
2007-10-25 05:00:00,118.37000000000003
2007-10-26 05:00:00,119.87000000000003
2007-10-29 05:00:00,121.76000000000013
2007-10-30 05:00:00,118.72000000000011
2007-10-31 05:00:00,122.40000000000012
2007-11-01 05:00:00,121.58000000000013
2007-11-02 05:00:00,123.94000000000008
2007-11-05 06:00:00,122.25000000000009
2007-11-06 06:00:00,124.93000000000009
2007-11-07 06:00:00,124.73000000000005
2007-11-08 06:00:00,123.79000000000002
2007-11-09 06:00:00,124.43000000000009
2007-11-12 06:00:00,122.65000000000012
2007-11-13 06:00:00,119.40000000000012
2007-11-14 06:00:00,121.74000000000015
2007-11-15 06:00:00,120.99000000000007
2007-11-16 06:00:00,122.70000000000005
2007-11-19 06:00:00,123.56000000000006
2007-11-20 06:00:00,126.87000000000003
2007-11-21 06:00:00,126.16000000000005
2007-11-23 06:00:00,127.11000000000004
2007-11-26 06:00:00,126.74000000000004
2007-11-27 06:00:00,123.61000000000001
2007-11-28 06:00:00,120.00999999999999
2007-11-29 06:00:00,120.33000000000004
2007-11-30 06:00:00,118.24000000000004
2007-12-03 06:00:00,119.02000000000012
2007-12-04 06:00:00,118.09000000000006
2007-12-05 06:00:00,117.27000000000007
2007-12-06 06:00:00,119.91999999999999
2007-12-07 06:00:00,118.13000000000002
2007-12-10 06:00:00,117.75000000000003
2007-12-11 06:00:00,119.9
2007-12-12 06:00:00,124.26000000000008
2007-12-13 06:00:00,122.58000000000007
2007-12-14 06:00:00,121.7900000000001
2007-12-17 06:00:00,121.37000000000015
2007-12-18 06:00:00,120.31000000000006
2007-12-19 06:00:00,121.40000000000012
2007-12-20 06:00:00,121.18000000000006
2007-12-21 06:00:00,123.22000000000003
2007-12-24 06:00:00,123.96000000000006
2007-12-26 06:00:00,125.66000000000005
2007-12-27 06:00:00,126.49000000000004
2007-12-28 06:00:00,125.98000000000005
2007-12-31 06:00:00,126.00000000000003
2008-01-02 06:00:00,129.55000000000004
2008-01-03 06:00:00,129.16000000000005
2008-01-04 06:00:00,127.91000000000005
2008-01-07 06:00:00,125.12000000000009
2008-01-08 06:00:00,126.30000000000004
2008-01-09 06:00:00,125.45000000000002
2008-01-10 06:00:00,123.43
2008-01-11 06:00:00,122.45000000000007
2008-01-14 06:00:00,124.16000000000005
2008-01-15 06:00:00,122.1700000000001
2008-01-16 06:00:00,120.73000000000008
2008-01-17 06:00:00,119.96999999999997
2008-01-18 06:00:00,120.24000000000007
2008-01-22 06:00:00,119.51000000000008
2008-01-23 06:00:00,117.37000000000003
2008-01-24 06:00:00,119.74000000000004
2008-01-25 06:00:00,121.22000000000008
2008-01-28 06:00:00,121.5400000000001
2008-01-29 06:00:00,122.1700000000001
2008-01-30 06:00:00,122.91000000000003
2008-01-31 06:00:00,122.43000000000009
2008-02-01 06:00:00,119.75000000000003
2008-02-04 06:00:00,120.82000000000005
2008-02-05 06:00:00,119.20000000000007
2008-02-06 06:00:00,117.97
2008-02-07 06:00:00,118.95000000000007
2008-02-08 06:00:00,122.52000000000007
2008-02-11 06:00:00,124.36000000000004
2008-02-12 06:00:00,123.66000000000003
2008-02-13 06:00:00,124.22000000000006
2008-02-14 06:00:00,126.33000000000001
2008-02-15 06:00:00,126.1
2008-02-19 06:00:00,130.25000000000003
2008-02-20 06:00:00,130.20000000000002
2008-02-21 06:00:00,128.75000000000003
2008-02-22 06:00:00,129.36000000000004
2008-02-25 06:00:00,129.82000000000002
2008-02-26 06:00:00,131.51000000000002
2008-02-27 06:00:00,130.32000000000002
2008-02-28 06:00:00,133.19000000000003
2008-02-29 06:00:00,132.36000000000004
2008-03-03 06:00:00,132.95000000000002
2008-03-04 06:00:00,129.91
2008-03-05 06:00:00,134.63000000000002
2008-03-06 06:00:00,135.61000000000004
2008-03-07 06:00:00,135.22
2008-03-10 05:00:00,137.67999999999998
2008-03-11 05:00:00,138.46
2008-03-12 05:00:00,139.44000000000003
2008-03-13 05:00:00,140.18000000000004
2008-03-14 05:00:00,139.77
2008-03-17 05:00:00,135.24000000000004
2008-03-18 05:00:00,139.59
2008-03-19 05:00:00,133.87000000000003
2008-03-20 05:00:00,133.30000000000004
2008-03-24 05:00:00,132.48
2008-03-25 05:00:00,133.07000000000002
2008-03-26 05:00:00,137.37999999999997
2008-03-27 05:00:00,138.83
2008-03-28 05:00:00,137.15
2008-03-31 05:00:00,133.33
2008-04-01 05:00:00,132.74000000000004
2008-04-02 05:00:00,136.52
2008-04-03 05:00:00,135.50000000000003
2008-04-04 05:00:00,137.99999999999997
2008-04-07 05:00:00,140.79
2008-04-08 05:00:00,140.1
2008-04-09 05:00:00,142.43000000000004
2008-04-10 05:00:00,141.81000000000003
2008-04-11 05:00:00,141.95000000000002
2008-04-14 05:00:00,143.21000000000006
2008-04-15 05:00:00,145.2400000000001
2008-04-16 05:00:00,146.5600000000001
2008-04-17 05:00:00,146.58000000000007
2008-04-18 05:00:00,148.1700000000001
2008-04-21 05:00:00,148.5600000000001
2008-04-22 05:00:00,150.02000000000012
2008-04-23 05:00:00,150.3500000000001
2008-04-24 05:00:00,147.9800000000001
2008-04-25 05:00:00,150.2900000000001
2008-04-28 05:00:00,150.58000000000013
2008-04-29 05:00:00,147.58000000000007
2008-04-30 05:00:00,145.4900000000001
2008-05-01 05:00:00,144.5600000000001
2008-05-02 05:00:00,148.5500000000001
2008-05-05 05:00:00,152.2300000000001
2008-05-06 05:00:00,154.1000000000001
2008-05-07 05:00:00,155.96000000000012
2008-05-08 05:00:00,156.37000000000015
2008-05-09 05:00:00,158.76000000000013
2008-05-12 05:00:00,156.8600000000001
2008-05-13 05:00:00,158.31000000000014
2008-05-14 05:00:00,157.01000000000013
2008-05-15 05:00:00,156.6700000000001
2008-05-16 05:00:00,158.90000000000012
2008-05-19 05:00:00,159.64000000000013
2008-05-20 05:00:00,162.25000000000014
2008-05-21 05:00:00,166.5400000000001
2008-05-22 05:00:00,163.90000000000012
2008-05-23 05:00:00,165.24000000000015
2008-05-27 05:00:00,161.94000000000014
2008-05-28 05:00:00,163.99000000000015
2008-05-29 05:00:00,159.81000000000014
2008-05-30 05:00:00,160.50000000000014
2008-06-02 05:00:00,161.05000000000015
2008-06-03 05:00:00,157.70000000000013
2008-06-04 05:00:00,155.68000000000015
2008-06-05 05:00:00,161.18000000000015
2008-06-06 05:00:00,171.70000000000013
2008-06-09 05:00:00,167.75000000000014
2008-06-10 05:00:00,164.86000000000016
2008-06-11 05:00:00,169.9800000000001
2008-06-12 05:00:00,170.34000000000012
2008-06-13 05:00:00,168.46000000000012
2008-06-16 05:00:00,168.5400000000001
2008-06-17 05:00:00,167.68000000000015
2008-06-18 05:00:00,170.1700000000001
2008-06-19 05:00:00,165.68000000000015
2008-06-20 05:00:00,168.32000000000014
2008-06-23 05:00:00,169.8000000000001
2008-06-24 05:00:00,170.18000000000015
2008-06-25 05:00:00,167.74000000000015
2008-06-26 05:00:00,172.82000000000014
2008-06-27 05:00:00,173.4100000000001
2008-06-30 05:00:00,173.24000000000015
2008-07-01 05:00:00,174.24000000000015
2008-07-02 05:00:00,176.8000000000001
2008-07-03 05:00:00,178.52000000000012
2008-07-07 05:00:00,174.69000000000014
2008-07-08 05:00:00,169.39000000000013
2008-07-09 05:00:00,169.38000000000014
2008-07-10 05:00:00,174.99000000000015
2008-07-11 05:00:00,178.32000000000014
2008-07-14 05:00:00,178.4900000000001
2008-07-15 05:00:00,172.19000000000014
2008-07-16 05:00:00,168.19000000000014
2008-07-17 05:00:00,163.0400000000001
2008-07-18 05:00:00,162.33000000000013
2008-07-21 05:00:00,164.6200000000001
2008-07-22 05:00:00,161.33000000000013
2008-07-23 05:00:00,157.40000000000012
2008-07-24 05:00:00,158.33000000000013
2008-07-25 05:00:00,156.1800000000001
2008-07-28 05:00:00,157.65000000000012
2008-07-29 05:00:00,155.1000000000001
2008-07-30 05:00:00,159.5600000000001
2008-07-31 05:00:00,156.8700000000001
2008-08-01 05:00:00,157.8600000000001
2008-08-04 05:00:00,154.0500000000001
2008-08-05 05:00:00,151.58000000000013
2008-08-06 05:00:00,150.8000000000001
2008-08-07 05:00:00,152.14000000000013
2008-08-08 05:00:00,147.76000000000008
2008-08-11 05:00:00,147.02000000000007
2008-08-12 05:00:00,145.50000000000009
2008-08-13 05:00:00,148.25000000000009
2008-08-14 05:00:00,147.35000000000005
2008-08-15 05:00:00,146.39000000000007
2008-08-18 05:00:00,145.30000000000004
2008-08-19 05:00:00,146.91000000000005
2008-08-20 05:00:00,148.01000000000008
2008-08-21 05:00:00,153.70000000000007
2008-08-22 05:00:00,147.1200000000001
2008-08-25 05:00:00,147.69000000000008
2008-08-26 05:00:00,148.6800000000001
2008-08-27 05:00:00,150.4200000000001
2008-08-28 05:00:00,147.97000000000006
2008-08-29 05:00:00,147.83000000000007
2008-09-02 05:00:00,142.28
2008-09-03 05:00:00,141.85
2008-09-04 05:00:00,140.42
2008-09-05 05:00:00,138.67
2008-09-08 05:00:00,138.59
2008-09-09 05:00:00,135.34
2008-09-10 05:00:00,134.6
2008-09-11 05:00:00,132.91
2008-09-12 05:00:00,133.28
2008-09-15 05:00:00,127.70000000000002
2008-09-16 05:00:00,122.82999999999998
2008-09-17 05:00:00,128.60999999999999
2008-09-18 05:00:00,129.25999999999996
2008-09-19 05:00:00,134.20000000000002
2008-09-22 05:00:00,140.53
2008-09-23 05:00:00,137.12999999999997
2008-09-24 05:00:00,136.67999999999998
2008-09-25 05:00:00,138.86999999999998
2008-09-26 05:00:00,137.83999999999995
2008-09-29 05:00:00,127.74999999999997
2008-09-30 05:00:00,131.92
2008-10-01 05:00:00,129.58
2008-10-02 05:00:00,124.95000000000002
2008-10-03 05:00:00,124.67000000000004
2008-10-06 05:00:00,118.36999999999998
2008-10-07 05:00:00,120.37
2008-10-08 05:00:00,120.09000000000003
2008-10-09 05:00:00,118.28
2008-10-10 05:00:00,109.65000000000003
2008-10-13 05:00:00,113.34999999999994
2008-10-14 05:00:00,110.63999999999999
2008-10-15 05:00:00,106.55000000000001
2008-10-16 05:00:00,102.0
2008-10-17 05:00:00,103.79999999999998
2008-10-20 05:00:00,106.0
2008-10-21 05:00:00,103.94999999999999
2008-10-22 05:00:00,98.47000000000003
2008-10-23 05:00:00,99.55000000000001
2008-10-24 05:00:00,95.89000000000001
2008-10-27 05:00:00,95.02000000000001
2008-10-28 05:00:00,94.52000000000001
2008-10-29 05:00:00,99.30000000000001
2008-10-30 05:00:00,97.85000000000002
2008-10-31 05:00:00,99.79000000000002
2008-11-03 06:00:00,95.90000000000003
2008-11-04 06:00:00,102.5
2008-11-05 06:00:00,97.32000000000002
2008-11-06 06:00:00,92.78
2008-11-07 06:00:00,93.18
2008-11-10 06:00:00,94.58000000000001
2008-11-11 06:00:00,91.53000000000003
2008-11-12 06:00:00,88.36000000000001
2008-11-13 06:00:00,90.41000000000003
2008-11-14 06:00:00,88.81000000000003
2008-11-17 06:00:00,86.69000000000003
2008-11-18 06:00:00,85.99000000000004
2008-11-19 06:00:00,85.36000000000004
2008-11-20 06:00:00,80.82000000000005
2008-11-21 06:00:00,81.37000000000003
2008-11-24 06:00:00,86.03000000000003
2008-11-25 06:00:00,82.42000000000004
2008-11-26 06:00:00,86.11000000000001
2008-11-28 06:00:00,86.23000000000002
2008-12-01 06:00:00,81.09000000000003
2008-12-02 06:00:00,78.84000000000006
2008-12-03 06:00:00,78.73000000000005
2008-12-04 06:00:00,75.62000000000003
2008-12-05 06:00:00,73.34000000000006
2008-12-08 06:00:00,76.77000000000004
2008-12-09 06:00:00,75.07000000000005
2008-12-10 06:00:00,76.43000000000004
2008-12-11 06:00:00,81.25000000000006
2008-12-12 06:00:00,79.53000000000006
2008-12-15 06:00:00,77.99000000000004
2008-12-16 06:00:00,77.16000000000005
2008-12-17 06:00:00,75.26000000000005
2008-12-18 06:00:00,72.38000000000005
2008-12-19 06:00:00,73.15000000000003
2008-12-22 06:00:00,70.87000000000006
2008-12-23 06:00:00,70.02000000000004
2008-12-24 06:00:00,66.22000000000003
2008-12-26 06:00:00,68.52000000000004
2008-12-29 06:00:00,71.02000000000004
2008-12-30 06:00:00,70.75000000000006
2008-12-31 06:00:00,76.58000000000004
2009-01-02 06:00:00,78.20000000000005
2009-01-05 06:00:00,80.68000000000004
2009-01-06 06:00:00,81.12000000000003
2009-01-07 06:00:00,75.38000000000005
2009-01-08 06:00:00,74.50000000000006
2009-01-09 06:00:00,74.06000000000006
2009-01-12 06:00:00,71.92000000000004
2009-01-13 06:00:00,73.32000000000005
2009-01-14 06:00:00,73.23000000000005
2009-01-15 06:00:00,73.06000000000006
2009-01-16 06:00:00,71.97000000000006
2009-01-20 06:00:00,69.20000000000005
2009-01-21 06:00:00,70.50000000000003
2009-01-22 06:00:00,70.78000000000006
2009-01-23 06:00:00,74.16000000000005
2009-01-26 06:00:00,73.44000000000005
2009-01-27 06:00:00,69.85000000000005
2009-01-28 06:00:00,71.02000000000004
2009-01-29 06:00:00,70.99000000000004
2009-01-30 06:00:00,71.08000000000004
2009-02-02 06:00:00,68.87000000000006
2009-02-03 06:00:00,68.99000000000004
2009-02-04 06:00:00,69.19000000000005
2009-02-05 06:00:00,70.71000000000004
2009-02-06 06:00:00,71.10000000000005
2009-02-09 06:00:00,70.79000000000005
2009-02-10 06:00:00,68.86000000000004
2009-02-11 06:00:00,68.05000000000004
2009-02-12 06:00:00,68.02000000000004
2009-02-13 06:00:00,67.04000000000005
2009-02-17 06:00:00,63.33000000000004
2009-02-18 06:00:00,61.82000000000005
2009-02-19 06:00:00,64.61000000000004
2009-02-20 06:00:00,64.27000000000004
2009-02-23 06:00:00,63.37000000000006
2009-02-24 06:00:00,64.86000000000004
2009-02-25 06:00:00,66.76000000000005
2009-02-26 06:00:00,69.57000000000005
2009-02-27 06:00:00,68.99000000000007
2009-03-02 06:00:00,64.55000000000004
2009-03-03 06:00:00,66.01000000000005
2009-03-04 06:00:00,69.30000000000004
2009-03-05 06:00:00,67.76000000000005
2009-03-06 06:00:00,69.82000000000005
2009-03-09 05:00:00,70.16000000000005
2009-03-10 05:00:00,69.08000000000004
2009-03-11 05:00:00,66.09000000000006
2009-03-12 05:00:00,69.81000000000006
2009-03-13 05:00:00,68.91000000000005
2009-03-16 05:00:00,69.91000000000005
2009-03-17 05:00:00,72.01000000000005
2009-03-18 05:00:00,71.15000000000006
2009-03-19 05:00:00,74.33000000000007
2009-03-20 05:00:00,74.60000000000005
2009-03-23 05:00:00,76.53000000000006
2009-03-24 05:00:00,76.43000000000006
2009-03-25 05:00:00,74.99000000000007
2009-03-26 05:00:00,76.58000000000004
2009-03-27 05:00:00,74.82000000000005
2009-03-30 05:00:00,71.00000000000006
2009-03-31 05:00:00,72.17000000000004
2009-04-01 05:00:00,71.00000000000006
2009-04-02 05:00:00,75.32000000000005
2009-04-03 05:00:00,75.48000000000005
2009-04-06 05:00:00,74.18000000000006
2009-04-07 05:00:00,72.71000000000006
2009-04-08 05:00:00,72.87000000000006
2009-04-09 05:00:00,75.49000000000004
2009-04-13 05:00:00,73.92000000000004
2009-04-14 05:00:00,73.52000000000007
2009-04-15 05:00:00,72.68000000000006
2009-04-16 05:00:00,72.95000000000005
2009-04-17 05:00:00,73.15000000000006
2009-04-20 05:00:00,69.36000000000004
2009-04-21 05:00:00,69.20000000000005
2009-04-22 05:00:00,69.29000000000005
2009-04-23 05:00:00,69.66000000000005
2009-04-24 05:00:00,71.53000000000006
2009-04-27 05:00:00,70.11000000000004
2009-04-28 05:00:00,69.68000000000006
2009-04-29 05:00:00,70.80000000000007
2009-04-30 05:00:00,70.87000000000006
2009-05-01 05:00:00,73.13000000000005
2009-05-04 05:00:00,74.77000000000007
2009-05-05 05:00:00,74.03000000000006
2009-05-06 05:00:00,76.18000000000006
2009-05-07 05:00:00,76.61000000000004
2009-05-08 05:00:00,78.33000000000004
2009-05-11 05:00:00,78.00000000000006
2009-05-12 05:00:00,78.36000000000004
2009-05-13 05:00:00,77.65000000000006
2009-05-14 05:00:00,78.04000000000005
2009-05-15 05:00:00,75.55000000000004
2009-05-18 05:00:00,78.06000000000006
2009-05-19 05:00:00,78.58000000000007
2009-05-20 05:00:00,80.39000000000004
2009-05-21 05:00:00,79.58000000000007
2009-05-22 05:00:00,80.15000000000006
2009-05-26 05:00:00,80.87000000000006
2009-05-27 05:00:00,81.93000000000004
2009-05-28 05:00:00,83.64000000000004
2009-05-29 05:00:00,84.84000000000003
2009-06-01 05:00:00,87.14000000000004
2009-06-02 05:00:00,87.20000000000005
2009-06-03 05:00:00,84.86000000000004
2009-06-04 05:00:00,87.46000000000004
2009-06-05 05:00:00,87.12000000000003
2009-06-08 05:00:00,86.80000000000004
2009-06-09 05:00:00,88.51000000000005
2009-06-10 05:00:00,89.80000000000004
2009-06-11 05:00:00,91.25000000000006
2009-06-12 05:00:00,90.50000000000006
2009-06-15 05:00:00,89.09000000000006
2009-06-16 05:00:00,88.90000000000003
2009-06-17 05:00:00,89.55000000000004
2009-06-18 05:00:00,89.63000000000005
2009-06-19 05:00:00,87.82000000000005
2009-06-22 05:00:00,85.26000000000005
2009-06-23 05:00:00,86.97000000000006
2009-06-24 05:00:00,86.44000000000005
2009-06-25 05:00:00,88.02000000000004
2009-06-26 05:00:00,86.96000000000004
2009-06-29 05:00:00,89.32000000000005
2009-06-30 05:00:00,87.78000000000006
2009-07-01 05:00:00,87.21000000000004
2009-07-02 05:00:00,84.68000000000004
2009-07-06 05:00:00,81.91000000000005
2009-07-07 05:00:00,80.80000000000004
2009-07-08 05:00:00,78.10000000000005
2009-07-09 05:00:00,78.43000000000006
2009-07-10 05:00:00,77.82000000000005
2009-07-13 05:00:00,77.50000000000006
2009-07-14 05:00:00,77.38000000000005
2009-07-15 05:00:00,79.64000000000007
2009-07-16 05:00:00,80.21000000000006
2009-07-17 05:00:00,81.73000000000005
2009-07-20 05:00:00,82.65000000000006
2009-07-21 05:00:00,82.85000000000005
2009-07-22 05:00:00,82.92000000000007
2009-07-23 05:00:00,84.75000000000006
2009-07-24 05:00:00,85.67000000000007
2009-07-27 05:00:00,85.93000000000006
2009-07-28 05:00:00,84.86000000000007
2009-07-29 05:00:00,81.11000000000007
2009-07-30 05:00:00,84.80000000000007
2009-07-31 05:00:00,87.03000000000006
2009-08-03 05:00:00,89.06000000000006
2009-08-04 05:00:00,89.18000000000006
2009-08-05 05:00:00,89.81000000000006
2009-08-06 05:00:00,89.75000000000006
2009-08-07 05:00:00,88.66000000000005
2009-08-10 05:00:00,88.49000000000007
2009-08-11 05:00:00,87.23000000000005
2009-08-12 05:00:00,87.82000000000005
2009-08-13 05:00:00,88.33000000000007
2009-08-14 05:00:00,85.52000000000007
2009-08-17 05:00:00,84.70000000000005
2009-08-18 05:00:00,86.76000000000005
2009-08-19 05:00:00,89.25000000000006
2009-08-20 05:00:00,88.23000000000005
2009-08-21 05:00:00,89.28000000000006
2009-08-24 05:00:00,89.54000000000005
2009-08-25 05:00:00,87.24000000000007
2009-08-26 05:00:00,86.65000000000006
2009-08-27 05:00:00,87.60000000000005
2009-08-28 05:00:00,87.92000000000004
2009-08-31 05:00:00,85.12000000000006
2009-09-01 05:00:00,83.18000000000006
2009-09-02 05:00:00,83.14000000000007
2009-09-03 05:00:00,83.01000000000005
2009-09-04 05:00:00,83.01000000000005
2009-09-08 05:00:00,86.05000000000007
2009-09-09 05:00:00,86.28000000000006
2009-09-10 05:00:00,86.73000000000005
2009-09-11 05:00:00,84.18000000000006
2009-09-14 05:00:00,83.84000000000006
2009-09-15 05:00:00,85.67000000000004
2009-09-16 05:00:00,87.23000000000005
2009-09-17 05:00:00,87.41000000000005
2009-09-18 05:00:00,87.02000000000007
2009-09-21 05:00:00,84.39000000000004
2009-09-22 05:00:00,86.20000000000005
2009-09-23 05:00:00,83.49000000000007
2009-09-24 05:00:00,80.36000000000004
2009-09-25 05:00:00,80.40000000000006
2009-09-28 05:00:00,81.15000000000006
2009-09-29 05:00:00,81.06000000000006
2009-09-30 05:00:00,84.92000000000004
2009-10-01 05:00:00,85.18000000000006
2009-10-02 05:00:00,84.31000000000006
2009-10-05 05:00:00,84.59000000000006
2009-10-06 05:00:00,85.12000000000006
2009-10-07 05:00:00,83.86000000000004
2009-10-08 05:00:00,86.12000000000006
2009-10-09 05:00:00,86.23000000000005
2009-10-12 05:00:00,87.72000000000006
2009-10-13 05:00:00,88.73000000000005
2009-10-14 05:00:00,89.56000000000006
2009-10-15 05:00:00,92.03000000000006
2009-10-16 05:00:00,92.94000000000005
2009-10-19 05:00:00,93.87000000000006
2009-10-20 05:00:00,93.12000000000006
2009-10-21 05:00:00,95.40000000000003
2009-10-22 05:00:00,95.28000000000006
2009-10-23 05:00:00,94.63000000000005
2009-10-26 05:00:00,92.81000000000006
2009-10-27 05:00:00,93.59000000000006
2009-10-28 05:00:00,91.50000000000006
2009-10-29 05:00:00,93.84000000000006
2009-10-30 05:00:00,91.08000000000004
2009-11-02 06:00:00,92.26000000000005
2009-11-03 06:00:00,93.70000000000005
2009-11-04 06:00:00,94.51000000000005
2009-11-05 06:00:00,93.72000000000006
2009-11-06 06:00:00,91.53000000000006
2009-11-09 06:00:00,93.51000000000005
2009-11-10 06:00:00,93.08000000000004
2009-11-11 06:00:00,93.36000000000004
2009-11-12 06:00:00,91.16000000000005
2009-11-13 06:00:00,90.52000000000004
2009-11-16 06:00:00,92.99000000000004
2009-11-17 06:00:00,93.21000000000004
2009-11-18 06:00:00,93.59000000000003
2009-11-19 06:00:00,91.61000000000004
2009-11-20 06:00:00,91.07000000000005
2009-11-23 06:00:00,91.27000000000004
2009-11-24 06:00:00,89.96000000000004
2009-11-25 06:00:00,91.96000000000004
2009-11-27 06:00:00,90.13000000000005
2009-11-30 06:00:00,91.43000000000004
2009-12-01 06:00:00,92.54000000000005
2009-12-02 06:00:00,90.94000000000005
2009-12-03 06:00:00,90.98000000000005
2009-12-04 06:00:00,90.02000000000004
2009-12-07 06:00:00,88.68000000000004
2009-12-08 06:00:00,87.39000000000004
2009-12-09 06:00:00,85.32000000000005
2009-12-10 06:00:00,85.09000000000003
2009-12-11 06:00:00,84.72000000000006
2009-12-14 06:00:00,84.64000000000004
2009-12-15 06:00:00,85.11000000000004
2009-12-16 06:00:00,86.50000000000003
2009-12-17 06:00:00,86.07000000000005
2009-12-18 06:00:00,86.41000000000005
2009-12-21 06:00:00,85.73000000000005
2009-12-22 06:00:00,86.24000000000004
2009-12-23 06:00:00,88.43000000000004
2009-12-24 06:00:00,89.84000000000003
2009-12-28 06:00:00,90.63000000000005
2009-12-29 06:00:00,90.77000000000004
2009-12-30 06:00:00,91.21000000000004
2009-12-31 06:00:00,91.20000000000005
2010-01-04 06:00:00,93.30000000000004
2010-01-05 06:00:00,93.59000000000003
2010-01-06 06:00:00,94.93000000000004
2010-01-07 06:00:00,94.37000000000003
2010-01-08 06:00:00,94.48000000000005
2010-01-11 06:00:00,94.16000000000003
2010-01-12 06:00:00,92.31000000000003
2010-01-13 06:00:00,91.21000000000004
2010-01-14 06:00:00,91.08000000000004
2010-01-15 06:00:00,89.58000000000004
2010-01-19 06:00:00,90.42000000000004
2010-01-20 06:00:00,88.84000000000003
2010-01-21 06:00:00,87.14000000000004
2010-01-22 06:00:00,85.53000000000003
2010-01-25 06:00:00,86.30000000000004
2010-01-26 06:00:00,85.76000000000005
2010-01-27 06:00:00,84.76000000000005
2010-01-28 06:00:00,84.68000000000004
2010-01-29 06:00:00,83.96000000000004
2010-02-01 06:00:00,85.52000000000004
2010-02-02 06:00:00,88.33000000000004
2010-02-03 06:00:00,88.04000000000005
2010-02-04 06:00:00,84.15000000000003
2010-02-05 06:00:00,82.13000000000002
2010-02-08 06:00:00,82.90000000000003
2010-02-09 06:00:00,84.81000000000003
2010-02-10 06:00:00,85.44000000000005
2010-02-11 06:00:00,86.33000000000004
2010-02-12 06:00:00,85.13000000000005
2010-02-16 06:00:00,88.02000000000004
2010-02-17 06:00:00,88.32000000000005
2010-02-18 06:00:00,89.95000000000005
2010-02-19 06:00:00,90.55000000000004
2010-02-22 06:00:00,90.82000000000005
2010-02-23 06:00:00,89.39000000000004
2010-02-24 06:00:00,90.48000000000005
2010-02-25 06:00:00,88.63000000000005
2010-02-26 06:00:00,90.11000000000004
2010-03-01 06:00:00,89.18000000000004
2010-03-02 06:00:00,90.16000000000005
2010-03-03 06:00:00,91.36000000000004
2010-03-04 06:00:00,90.73000000000005
2010-03-05 06:00:00,92.02000000000004
2010-03-08 06:00:00,92.41000000000005
2010-03-09 06:00:00,91.96000000000004
2010-03-10 06:00:00,92.53000000000006
2010-03-11 06:00:00,92.53000000000006
2010-03-12 06:00:00,91.63000000000005
2010-03-15 05:00:00,90.18000000000006
2010-03-16 05:00:00,92.06000000000006
2010-03-17 05:00:00,93.31000000000006
2010-03-18 05:00:00,92.69000000000005
2010-03-19 05:00:00,91.11000000000004
2010-03-22 05:00:00,91.72000000000006
2010-03-23 05:00:00,92.00000000000006
2010-03-24 05:00:00,90.76000000000005
2010-03-25 05:00:00,90.74000000000004
2010-03-26 05:00:00,90.22000000000006
2010-03-29 05:00:00,92.34000000000006
2010-03-30 05:00:00,92.52000000000004
2010-03-31 05:00:00,93.93000000000006
2010-04-01 05:00:00,95.09000000000006
2010-04-05 05:00:00,96.88000000000005
2010-04-06 05:00:00,97.14000000000004
2010-04-07 05:00:00,96.26000000000005
2010-04-08 05:00:00,95.78000000000006
2010-04-09 05:00:00,95.38000000000005
2010-04-12 05:00:00,95.03000000000006
2010-04-13 05:00:00,94.78000000000006
2010-04-14 05:00:00,96.33000000000004
2010-04-15 05:00:00,96.69000000000005
2010-04-16 05:00:00,94.84000000000006
2010-04-19 05:00:00,93.24000000000007
2010-04-20 05:00:00,93.87000000000006
2010-04-21 05:00:00,94.25000000000006
2010-04-22 05:00:00,94.26000000000005
2010-04-23 05:00:00,95.66000000000005
2010-04-26 05:00:00,95.09000000000006
2010-04-27 05:00:00,93.62000000000006
2010-04-28 05:00:00,94.29000000000005
2010-04-29 05:00:00,95.87000000000006
2010-04-30 05:00:00,96.98000000000005
2010-05-03 05:00:00,97.77000000000007
2010-05-04 05:00:00,94.38000000000005
2010-05-05 05:00:00,91.61000000000004
2010-05-06 05:00:00,88.80000000000007
2010-05-07 05:00:00,87.13000000000005
2010-05-10 05:00:00,89.14000000000004
2010-05-11 05:00:00,88.84000000000006
2010-05-12 05:00:00,89.21000000000004
2010-05-13 05:00:00,88.09000000000006
2010-05-14 05:00:00,84.33000000000004
2010-05-17 05:00:00,81.72000000000006
2010-05-18 05:00:00,81.05000000000004
2010-05-19 05:00:00,80.44000000000005
2010-05-20 05:00:00,78.62000000000003
2010-05-21 05:00:00,78.33000000000004
2010-05-24 05:00:00,78.28000000000006
2010-05-25 05:00:00,76.76000000000005
2010-05-26 05:00:00,79.20000000000005
2010-05-27 05:00:00,82.28000000000006
2010-05-28 05:00:00,81.82000000000005
2010-06-01 05:00:00,80.56000000000006
2010-06-02 05:00:00,81.16000000000005
2010-06-03 05:00:00,82.71000000000004
2010-06-04 05:00:00,79.46000000000004
2010-06-07 05:00:00,79.43000000000004
2010-06-08 05:00:00,79.72000000000006
2010-06-09 05:00:00,82.10000000000005
2010-06-10 05:00:00,83.34000000000006
2010-06-11 05:00:00,82.00000000000006
2010-06-14 05:00:00,82.65000000000003
2010-06-15 05:00:00,84.20000000000005
2010-06-16 05:00:00,85.09000000000003
2010-06-17 05:00:00,84.61000000000004
2010-06-18 05:00:00,84.67000000000004
2010-06-21 05:00:00,84.97000000000006
2010-06-22 05:00:00,84.15000000000003
2010-06-23 05:00:00,82.52000000000004
2010-06-24 05:00:00,82.64000000000004
2010-06-25 05:00:00,84.92000000000004
2010-06-28 05:00:00,84.39000000000004
2010-06-29 05:00:00,82.06000000000003
2010-06-30 05:00:00,81.65000000000003
2010-07-01 05:00:00,78.95000000000005
2010-07-02 05:00:00,78.09000000000003
2010-07-06 05:00:00,78.00000000000006
2010-07-07 05:00:00,80.13000000000005
2010-07-08 05:00:00,81.52000000000004
2010-07-09 05:00:00,82.12000000000003
2010-07-12 05:00:00,80.93000000000004
2010-07-13 05:00:00,83.04000000000005
2010-07-14 05:00:00,82.85000000000005
2010-07-15 05:00:00,82.44000000000003
2010-07-16 05:00:00,81.86000000000004
2010-07-19 05:00:00,82.35000000000005
2010-07-20 05:00:00,82.98000000000005
2010-07-21 05:00:00,82.06000000000003
2010-07-22 05:00:00,84.70000000000005
2010-07-23 05:00:00,84.40000000000003
2010-07-26 05:00:00,84.43000000000004
2010-07-27 05:00:00,82.96000000000004
2010-07-28 05:00:00,82.50000000000003
2010-07-29 05:00:00,83.89000000000004
2010-07-30 05:00:00,84.45000000000005
2010-08-02 05:00:00,86.82000000000005
2010-08-03 05:00:00,88.05000000000004
2010-08-04 05:00:00,87.97000000000003
2010-08-05 05:00:00,87.51000000000005
2010-08-06 05:00:00,86.24000000000004
2010-08-09 05:00:00,87.01000000000005
2010-08-10 05:00:00,85.77000000000004
2010-08-11 05:00:00,83.55000000000004
2010-08-12 05:00:00,81.15000000000003
2010-08-13 05:00:00,80.78000000000003
2010-08-16 05:00:00,80.67000000000004
2010-08-17 05:00:00,81.37000000000003
2010-08-18 05:00:00,80.93000000000004
2010-08-19 05:00:00,79.84000000000003
2010-08-20 05:00:00,78.88000000000002
2010-08-23 05:00:00,78.15000000000003
2010-08-24 05:00:00,76.78000000000003
2010-08-25 05:00:00,77.66000000000003
2010-08-26 05:00:00,78.64000000000004
2010-08-27 05:00:00,80.63000000000002
2010-08-30 05:00:00,80.33000000000004
2010-08-31 05:00:00,77.96000000000004
2010-09-01 05:00:00,79.78000000000003
2010-09-02 05:00:00,80.66000000000003
2010-09-03 05:00:00,80.39000000000004
2010-09-07 05:00:00,80.27000000000004
2010-09-08 05:00:00,80.79000000000005
2010-09-09 05:00:00,80.21000000000004
2010-09-10 05:00:00,81.79000000000005
2010-09-13 05:00:00,82.40000000000003
2010-09-14 05:00:00,82.36000000000004
2010-09-15 05:00:00,81.93000000000004
2010-09-16 05:00:00,80.72000000000003
2010-09-17 05:00:00,80.20000000000005
2010-09-20 05:00:00,81.33000000000004
2010-09-21 05:00:00,80.18000000000004
2010-09-22 05:00:00,79.83000000000004
2010-09-23 05:00:00,80.07000000000005
2010-09-24 05:00:00,81.18000000000004
2010-09-27 05:00:00,81.03000000000003
2010-09-28 05:00:00,80.94000000000003
2010-09-29 05:00:00,82.62000000000003
2010-09-30 05:00:00,84.48000000000005
2010-10-01 05:00:00,86.03000000000003
2010-10-04 05:00:00,85.73000000000005
2010-10-05 05:00:00,87.17000000000004
2010-10-06 05:00:00,87.52000000000004
2010-10-07 05:00:00,85.91000000000003
2010-10-08 05:00:00,86.88000000000002
2010-10-11 05:00:00,86.54000000000005
2010-10-12 05:00:00,85.98000000000005
2010-10-13 05:00:00,87.15000000000003
2010-10-14 05:00:00,86.70000000000005
2010-10-15 05:00:00,85.27000000000004
2010-10-18 05:00:00,87.15000000000003
2010-10-19 05:00:00,83.54000000000005
2010-10-20 05:00:00,85.92000000000004
2010-10-21 05:00:00,83.99000000000004
2010-10-22 05:00:00,85.11000000000004
2010-10-25 05:00:00,85.87000000000003
2010-10-26 05:00:00,85.86000000000004
2010-10-27 05:00:00,85.33000000000004
2010-10-28 05:00:00,85.60000000000005
2010-10-29 05:00:00,84.81000000000006
2010-11-01 05:00:00,86.33000000000004
2010-11-02 05:00:00,87.22000000000006
2010-11-03 05:00:00,88.01000000000005
2010-11-04 05:00:00,89.82000000000005
2010-11-05 05:00:00,90.14000000000004
2010-11-08 06:00:00,90.37000000000003
2010-11-09 06:00:00,90.01000000000005
2010-11-10 06:00:00,90.95000000000005
2010-11-11 06:00:00,90.94000000000005
2010-11-12 06:00:00,88.05000000000004
2010-11-15 06:00:00,88.09000000000006
2010-11-16 06:00:00,85.69000000000005
2010-11-17 06:00:00,83.96000000000004
2010-11-18 06:00:00,85.33000000000004
2010-11-19 06:00:00,84.83000000000004
2010-11-22 06:00:00,84.58000000000004
2010-11-23 06:00:00,84.08000000000004
2010-11-24 06:00:00,86.68000000000006
2010-11-26 06:00:00,86.60000000000005
2010-11-29 06:00:00,88.52000000000004
2010-11-30 06:00:00,86.90000000000006
2010-12-01 06:00:00,89.50000000000006
2010-12-02 06:00:00,90.67000000000004
2010-12-03 06:00:00,91.84000000000006
2010-12-06 06:00:00,91.99000000000004
2010-12-07 06:00:00,91.47000000000006
2010-12-08 06:00:00,91.07000000000005
2010-12-09 06:00:00,91.13000000000005
2010-12-10 06:00:00,90.56000000000006
2010-12-13 06:00:00,91.39000000000004
2010-12-14 06:00:00,91.19000000000005
2010-12-15 06:00:00,91.65000000000006
2010-12-16 06:00:00,90.94000000000005
2010-12-17 06:00:00,91.13000000000005
2010-12-20 06:00:00,91.92000000000004
2010-12-21 06:00:00,92.40000000000006
2010-12-22 06:00:00,92.97000000000006
2010-12-23 06:00:00,93.92000000000004
2010-12-27 06:00:00,93.50000000000006
2010-12-28 06:00:00,93.99000000000007
2010-12-29 06:00:00,93.66000000000005
2010-12-30 06:00:00,92.45000000000005
2010-12-31 06:00:00,93.98000000000005
2011-01-03 06:00:00,94.19000000000005
2011-01-04 06:00:00,92.18000000000006
2011-01-05 06:00:00,93.18000000000006
2011-01-06 06:00:00,91.51000000000005
2011-01-07 06:00:00,90.98000000000005
2011-01-10 06:00:00,92.34000000000006
2011-01-11 06:00:00,94.05000000000004
2011-01-12 06:00:00,94.41000000000005
2011-01-13 06:00:00,93.88000000000005
2011-01-14 06:00:00,94.23000000000005
2011-01-18 06:00:00,94.00000000000006
2011-01-19 06:00:00,93.65000000000006
2011-01-20 06:00:00,91.63000000000005
2011-01-21 06:00:00,91.30000000000004
2011-01-24 06:00:00,90.20000000000005
2011-01-25 06:00:00,88.55000000000004
2011-01-26 06:00:00,90.02000000000004
2011-01-27 06:00:00,88.96000000000006
2011-01-28 06:00:00,92.35000000000005
2011-01-31 06:00:00,94.95000000000005
2011-02-01 06:00:00,94.17000000000004
2011-02-02 06:00:00,94.35000000000005
2011-02-03 06:00:00,93.91000000000005
2011-02-04 06:00:00,92.52000000000004
2011-02-07 06:00:00,91.31000000000006
2011-02-08 06:00:00,90.91000000000005
2011-02-09 06:00:00,90.77000000000004
2011-02-10 06:00:00,90.50000000000006
2011-02-11 06:00:00,89.93000000000004
2011-02-14 06:00:00,89.84000000000006
2011-02-15 06:00:00,88.44000000000005
2011-02-16 06:00:00,88.54000000000005
2011-02-17 06:00:00,88.76000000000005
2011-02-18 06:00:00,89.89000000000004
2011-02-22 06:00:00,94.38000000000005
2011-02-23 06:00:00,97.40000000000003
2011-02-24 06:00:00,96.32000000000005
2011-02-25 06:00:00,96.94000000000005
2011-02-28 06:00:00,96.22000000000006
2011-03-01 06:00:00,98.98000000000002
2011-03-02 06:00:00,101.06000000000006
2011-03-03 06:00:00,100.67000000000002
2011-03-04 06:00:00,103.19000000000003
2011-03-07 06:00:00,104.31000000000006
2011-03-08 06:00:00,103.53000000000006
2011-03-09 06:00:00,103.19000000000003
2011-03-10 06:00:00,101.50000000000006
2011-03-11 06:00:00,99.93
2011-03-14 05:00:00,99.77000000000004
2011-03-15 05:00:00,95.56000000000003
2011-03-16 05:00:00,96.56000000000003
2011-03-17 05:00:00,100.04000000000002
2011-03-18 05:00:00,99.42000000000002
2011-03-21 05:00:00,100.70000000000005
2011-03-22 05:00:00,102.5
2011-03-23 05:00:00,103.19000000000003
2011-03-24 05:00:00,103.08999999999997
2011-03-25 05:00:00,102.92000000000002
2011-03-28 05:00:00,101.54000000000002
2011-03-29 05:00:00,102.30000000000001
2011-03-30 05:00:00,101.82000000000005
2011-03-31 05:00:00,104.21999999999997
2011-04-01 05:00:00,105.48000000000002
2011-04-04 05:00:00,106.03000000000003
2011-04-05 05:00:00,105.97000000000003
2011-04-06 05:00:00,106.46000000000004
2011-04-07 05:00:00,107.86000000000001
2011-04-08 05:00:00,110.35000000000002
2011-04-11 05:00:00,107.55000000000001
2011-04-12 05:00:00,104.01999999999998
2011-04-13 05:00:00,104.62
2011-04-14 05:00:00,105.57
2011-04-15 05:00:00,107.06
2011-04-18 05:00:00,104.53000000000003
2011-04-19 05:00:00,105.11000000000001
2011-04-20 05:00:00,108.29000000000002
2011-04-21 05:00:00,109.13
2011-04-25 05:00:00,109.13
2011-04-26 05:00:00,109.09000000000003
2011-04-27 05:00:00,109.66000000000003
2011-04-28 05:00:00,109.72000000000003
2011-04-29 05:00:00,110.80999999999997
2011-05-02 05:00:00,110.42000000000002
2011-05-03 05:00:00,107.94
2011-05-04 05:00:00,106.11000000000001
2011-05-05 05:00:00,96.72000000000003
2011-05-06 05:00:00,94.15000000000003
2011-05-09 05:00:00,99.48000000000002
2011-05-10 05:00:00,100.85000000000002
2011-05-11 05:00:00,95.15000000000003
2011-05-12 05:00:00,95.88000000000002
2011-05-13 05:00:00,96.51000000000002
2011-05-16 05:00:00,94.28000000000003
2011-05-17 05:00:00,93.87000000000003
2011-05-18 05:00:00,96.92000000000002
2011-05-19 05:00:00,95.35000000000002
2011-05-20 05:00:00,96.51000000000002
2011-05-23 05:00:00,94.17000000000002
2011-05-24 05:00:00,96.09000000000003
2011-05-25 05:00:00,97.85000000000002
2011-05-26 05:00:00,96.85000000000002
2011-05-27 05:00:00,97.19000000000003
2011-05-31 05:00:00,99.30000000000001
2011-06-01 05:00:00,96.89000000000001
2011-06-02 05:00:00,97.03000000000003
2011-06-03 05:00:00,96.83000000000001
2011-06-06 05:00:00,95.63000000000002
2011-06-07 05:00:00,95.72000000000003
2011-06-08 05:00:00,97.32000000000002
2011-06-09 05:00:00,98.48000000000002
2011-06-10 05:00:00,95.88000000000002
2011-06-13 05:00:00,93.84
2011-06-14 05:00:00,95.79000000000002
2011-06-15 05:00:00,91.19
2011-06-16 05:00:00,91.25
2011-06-17 05:00:00,89.32000000000002
2011-06-20 05:00:00,89.55000000000001
2011-06-21 05:00:00,90.08000000000001
2011-06-22 05:00:00,91.4
2011-06-23 05:00:00,87.02000000000001
2011-06-24 05:00:00,87.19
2011-06-27 05:00:00,86.65
2011-06-28 05:00:00,88.94
2011-06-29 05:00:00,90.80000000000001
2011-06-30 05:00:00,91.44
2011-07-01 05:00:00,90.99000000000001
2011-07-05 05:00:00,92.86000000000001
2011-07-06 05:00:00,92.61000000000001
2011-07-07 05:00:00,94.62
2011-07-08 05:00:00,92.18
2011-07-11 05:00:00,91.10000000000002
2011-07-12 05:00:00,93.33000000000001
2011-07-13 05:00:00,93.96000000000001
2011-07-14 05:00:00,91.61000000000001
2011-07-15 05:00:00,93.05000000000001
2011-07-18 05:00:00,91.71000000000001
2011-07-19 05:00:00,93.30000000000001
2011-07-20 05:00:00,93.84
2011-07-21 05:00:00,94.52000000000001
2011-07-22 05:00:00,95.26000000000002
2011-07-25 05:00:00,94.66
2011-07-26 05:00:00,95.07000000000002
2011-07-27 05:00:00,92.9
2011-07-28 05:00:00,92.93
2011-07-29 05:00:00,91.19
2011-08-01 05:00:00,90.39000000000001
2011-08-02 05:00:00,89.26000000000002
2011-08-03 05:00:00,87.39000000000001
2011-08-04 05:00:00,82.10000000000002
2011-08-05 05:00:00,82.36000000000001
2011-08-08 05:00:00,76.76000000000002
2011-08-09 05:00:00,74.73000000000002
2011-08-10 05:00:00,78.31
2011-08-11 05:00:00,81.10000000000002
2011-08-12 05:00:00,80.72
2011-08-15 05:00:00,83.14000000000001
2011-08-16 05:00:00,81.85000000000002
2011-08-17 05:00:00,82.72
2011-08-18 05:00:00,77.5
2011-08-19 05:00:00,77.44
2011-08-22 05:00:00,79.36000000000001
2011-08-23 05:00:00,80.41
2011-08-24 05:00:00,80.20000000000002
2011-08-25 05:00:00,80.31
2011-08-26 05:00:00,80.37
2011-08-29 05:00:00,82.24000000000001
2011-08-30 05:00:00,83.86000000000001
2011-08-31 05:00:00,83.83000000000001
2011-09-01 05:00:00,83.91
2011-09-02 05:00:00,81.41
2011-09-06 05:00:00,80.98000000000002
2011-09-07 05:00:00,84.22
2011-09-08 05:00:00,83.9
2011-09-09 05:00:00,82.08000000000001
2011-09-12 05:00:00,82.98000000000002
2011-09-13 05:00:00,84.91000000000003
2011-09-14 05:00:00,83.68
2011-09-15 05:00:00,84.33000000000001
2011-09-16 05:00:00,82.96000000000001
2011-09-19 05:00:00,80.55000000000001
2011-09-20 05:00:00,81.69000000000003
2011-09-21 05:00:00,80.70000000000002
2011-09-22 05:00:00,75.27000000000001
2011-09-23 05:00:00,74.64000000000001
2011-09-26 05:00:00,75.00000000000003
2011-09-27 05:00:00,79.20000000000002
2011-09-28 05:00:00,75.98000000000002
2011-09-29 05:00:00,76.86000000000001
2011-09-30 05:00:00,73.85000000000002
2011-10-03 05:00:00,72.35000000000002
2011-10-04 05:00:00,70.39000000000001
2011-10-05 05:00:00,74.35000000000002
2011-10-06 05:00:00,77.32000000000002
2011-10-07 05:00:00,77.69000000000003
2011-10-10 05:00:00,80.11000000000001
2011-10-11 05:00:00,80.53000000000003
2011-10-12 05:00:00,80.32000000000002
2011-10-13 05:00:00,79.00000000000003
2011-10-14 05:00:00,81.47000000000003
2011-10-17 05:00:00,81.17000000000002
2011-10-18 05:00:00,83.05000000000004
2011-10-19 05:00:00,80.80000000000004
2011-10-20 05:00:00,80.58000000000001
2011-10-21 05:00:00,81.84000000000003
2011-10-24 05:00:00,85.51000000000002
2011-10-25 05:00:00,87.30000000000004
2011-10-26 05:00:00,84.55000000000004
2011-10-27 05:00:00,88.19000000000003
2011-10-28 05:00:00,87.61000000000001
2011-10-31 05:00:00,87.45000000000002
2011-11-01 05:00:00,86.42000000000002
2011-11-02 05:00:00,86.72000000000003
2011-11-03 05:00:00,88.28000000000003
2011-11-04 05:00:00,88.56000000000003
2011-11-07 06:00:00,89.82000000000002
2011-11-08 06:00:00,91.07000000000002
2011-11-09 06:00:00,90.01000000000002
2011-11-10 06:00:00,92.05000000000004
2011-11-11 06:00:00,93.26000000000002
2011-11-14 06:00:00,92.67000000000004
2011-11-15 06:00:00,93.87000000000003
2011-11-16 06:00:00,97.00000000000003
2011-11-17 06:00:00,93.42000000000004
2011-11-18 06:00:00,92.15000000000003
2011-11-21 06:00:00,91.51000000000002
2011-11-22 06:00:00,92.71000000000004
2011-11-23 06:00:00,90.89000000000004
2011-11-25 06:00:00,91.43000000000004
2011-11-28 06:00:00,92.85000000000002
2011-11-29 06:00:00,94.40000000000003
2011-11-30 06:00:00,94.98000000000002
2011-12-01 06:00:00,94.85000000000002
2011-12-02 06:00:00,95.61000000000004
2011-12-05 06:00:00,95.65000000000003
2011-12-06 06:00:00,95.97000000000003
2011-12-07 06:00:00,95.20000000000005
2011-12-08 06:00:00,93.06000000000003
2011-12-09 06:00:00,94.12000000000003
2011-12-12 06:00:00,92.51000000000002
2011-12-13 06:00:00,94.81000000000003
2011-12-14 06:00:00,89.70000000000002
2011-12-15 06:00:00,88.64000000000001
2011-12-16 06:00:00,88.31000000000003
2011-12-19 06:00:00,88.58000000000001
2011-12-20 06:00:00,91.75000000000003
2011-12-21 06:00:00,93.18
2011-12-22 06:00:00,94.03000000000003
2011-12-23 06:00:00,94.16000000000003
2011-12-27 06:00:00,95.79000000000002
2011-12-28 06:00:00,93.84000000000003
2011-12-29 06:00:00,94.15
2011-12-30 06:00:00,93.33000000000001
2012-01-03 06:00:00,97.47000000000003
2012-01-04 06:00:00,97.73000000000002
2012-01-05 06:00:00,96.33000000000001
2012-01-06 06:00:00,96.11000000000001
2012-01-09 06:00:00,95.85000000000002
2012-01-10 06:00:00,96.77000000000001
2012-01-11 06:00:00,95.46000000000001
2012-01-12 06:00:00,93.69000000000003
2012-01-13 06:00:00,93.25000000000003
2012-01-17 06:00:00,95.27000000000001
2012-01-18 06:00:00,95.11000000000001
2012-01-19 06:00:00,94.93
2012-01-20 06:00:00,92.78000000000003
2012-01-23 06:00:00,93.99000000000001
2012-01-24 06:00:00,93.42000000000002
2012-01-25 06:00:00,93.86000000000001
2012-01-26 06:00:00,94.17000000000002
2012-01-27 06:00:00,94.04000000000002
2012-01-30 06:00:00,93.25000000000003
2012-01-31 06:00:00,92.98000000000002
2012-02-01 06:00:00,92.12
2012-02-02 06:00:00,90.87
2012-02-03 06:00:00,92.36000000000001
2012-02-06 06:00:00,91.54000000000002
2012-02-07 06:00:00,92.95000000000002
2012-02-08 06:00:00,93.23000000000002
2012-02-09 06:00:00,94.37
2012-02-10 06:00:00,93.16000000000003
2012-02-13 06:00:00,95.37000000000003
2012-02-14 06:00:00,95.13000000000002
2012-02-15 06:00:00,96.15000000000003
2012-02-16 06:00:00,96.71000000000004
2012-02-17 06:00:00,97.59000000000003
2012-02-21 06:00:00,100.28000000000003
2012-02-22 06:00:00,100.31
2012-02-23 06:00:00,101.78000000000003
2012-02-24 06:00:00,103.71000000000001
2012-02-27 06:00:00,102.55000000000001
2012-02-28 06:00:00,100.53000000000003
2012-02-29 06:00:00,101.05000000000001
2012-03-01 06:00:00,102.79999999999995
2012-03-02 06:00:00,100.69999999999999
2012-03-05 06:00:00,100.71000000000004
2012-03-06 06:00:00,98.74000000000001
2012-03-07 06:00:00,100.18
2012-03-08 06:00:00,100.59000000000003
2012-03-09 06:00:00,101.40000000000003
2012-03-12 05:00:00,100.37
2012-03-13 05:00:00,100.81
2012-03-14 05:00:00,99.50999999999999
2012-03-15 05:00:00,99.25
2012-03-16 05:00:00,101.10000000000002
2012-03-19 05:00:00,102.03000000000003
2012-03-20 05:00:00,99.62
2012-03-21 05:00:00,100.78000000000003
2012-03-22 05:00:00,98.87
2012-03-23 05:00:00,100.38
2012-03-26 05:00:00,100.57999999999998
2012-03-27 05:00:00,100.88
2012-03-28 05:00:00,98.99000000000001
2012-03-29 05:00:00,96.34000000000003
2012-03-30 05:00:00,96.57000000000002
2012-04-02 05:00:00,98.79000000000002
2012-04-03 05:00:00,97.58000000000001
2012-04-04 05:00:00,95.06000000000003
2012-04-05 05:00:00,96.86000000000001
2012-04-09 05:00:00,96.01000000000002
2012-04-10 05:00:00,94.59000000000003
2012-04-11 05:00:00,96.21000000000004
2012-04-12 05:00:00,97.12000000000003
2012-04-13 05:00:00,96.35000000000002
2012-04-16 05:00:00,96.36000000000004
2012-04-17 05:00:00,97.63000000000002
2012-04-18 05:00:00,96.13000000000002
2012-04-19 05:00:00,95.70000000000005
2012-04-20 05:00:00,96.84000000000003
2012-04-23 05:00:00,96.10000000000002
2012-04-24 05:00:00,96.51000000000002
2012-04-25 05:00:00,97.05000000000004
2012-04-26 05:00:00,97.49000000000004
2012-04-27 05:00:00,97.87000000000003
2012-04-30 05:00:00,97.81000000000003
2012-05-01 05:00:00,99.05000000000001
2012-05-02 05:00:00,98.13
2012-05-03 05:00:00,95.47000000000003
2012-05-04 05:00:00,91.43000000000004
2012-05-07 05:00:00,90.86000000000004
2012-05-08 05:00:00,89.92000000000004
2012-05-09 05:00:00,89.70000000000005
2012-05-10 05:00:00,89.96000000000004
2012-05-11 05:00:00,89.04000000000002
2012-05-14 05:00:00,87.68000000000004
2012-05-15 05:00:00,86.92000000000002
2012-05-16 05:00:00,85.77000000000004
2012-05-17 05:00:00,85.48000000000002
2012-05-18 05:00:00,84.37000000000003
2012-05-21 05:00:00,85.43000000000004
2012-05-22 05:00:00,84.44000000000003
2012-05-23 05:00:00,82.49000000000004
2012-05-24 05:00:00,83.23000000000002
2012-05-25 05:00:00,83.44000000000003
2012-05-29 05:00:00,83.38000000000002
2012-05-30 05:00:00,80.43000000000004
2012-05-31 05:00:00,79.14000000000001
2012-06-01 05:00:00,75.85000000000002
2012-06-04 05:00:00,76.56000000000003
2012-06-05 05:00:00,76.86000000000001
2012-06-06 05:00:00,77.62000000000003
2012-06-07 05:00:00,77.42000000000002
2012-06-08 05:00:00,76.68000000000004
2012-06-11 05:00:00,75.29000000000002
2012-06-12 05:00:00,75.89000000000001
2012-06-13 05:00:00,75.19000000000003
2012-06-14 05:00:00,76.50000000000003
2012-06-15 05:00:00,76.63000000000002
2012-06-18 05:00:00,75.93000000000004
2012-06-19 05:00:00,76.68000000000004
2012-06-20 05:00:00,73.84000000000003
2012-06-21 05:00:00,70.56000000000003
2012-06-22 05:00:00,72.14000000000001
2012-06-25 05:00:00,71.62000000000003
2012-06-26 05:00:00,71.77000000000001
2012-06-27 05:00:00,72.61000000000001
2012-06-28 05:00:00,70.10000000000002
2012-06-29 05:00:00,77.37000000000003
2012-07-02 05:00:00,76.15000000000003
2012-07-03 05:00:00,80.03000000000003
2012-07-05 05:00:00,79.57000000000002
2012-07-06 05:00:00,76.83000000000001
2012-07-09 05:00:00,78.37000000000003
2012-07-10 05:00:00,76.30000000000001
2012-07-11 05:00:00,78.19000000000003
2012-07-12 05:00:00,78.46000000000001
2012-07-13 05:00:00,79.51000000000002
2012-07-16 05:00:00,80.82000000000002
2012-07-17 05:00:00,81.53000000000003
2012-07-18 05:00:00,82.13000000000002
2012-07-19 05:00:00,84.89000000000001
2012-07-20 05:00:00,83.76000000000002
2012-07-23 05:00:00,80.09000000000003
2012-07-24 05:00:00,80.44000000000003
2012-07-25 05:00:00,80.91000000000003
2012-07-26 05:00:00,81.33000000000001
2012-07-27 05:00:00,82.08000000000001
2012-07-30 05:00:00,81.72000000000003
2012-07-31 05:00:00,80.00000000000003
2012-08-01 05:00:00,80.83000000000001
2012-08-02 05:00:00,79.07000000000002
2012-08-03 05:00:00,83.30000000000001
2012-08-06 05:00:00,84.12
2012-08-07 05:00:00,85.60000000000002
2012-08-08 05:00:00,85.29000000000002
2012-08-09 05:00:00,85.29000000000002
2012-08-10 05:00:00,84.81000000000003
2012-08-13 05:00:00,84.72000000000003
2012-08-14 05:00:00,85.45000000000002
2012-08-15 05:00:00,86.29000000000002
2012-08-16 05:00:00,87.55000000000001
2012-08-17 05:00:00,87.96000000000001
2012-08-20 05:00:00,87.94000000000003
2012-08-21 05:00:00,88.55000000000001
2012-08-22 05:00:00,88.93
2012-08-23 05:00:00,87.98000000000002
2012-08-24 05:00:00,87.83000000000001
2012-08-27 05:00:00,87.17000000000002
2012-08-28 05:00:00,88.01000000000002
2012-08-29 05:00:00,87.19000000000003
2012-08-30 05:00:00,86.34
2012-08-31 05:00:00,88.14000000000001
2012-09-04 05:00:00,87.02000000000001
2012-09-05 05:00:00,87.07000000000002
2012-09-06 05:00:00,87.23000000000002
2012-09-07 05:00:00,88.13000000000002
2012-09-10 05:00:00,88.26000000000002
2012-09-11 05:00:00,88.88000000000002
2012-09-12 05:00:00,88.72000000000003
2012-09-13 05:00:00,89.98000000000002
2012-09-14 05:00:00,90.69000000000003
2012-09-17 05:00:00,88.31000000000003
2012-09-18 05:00:00,86.98000000000002
2012-09-19 05:00:00,83.65000000000003
2012-09-20 05:00:00,83.80000000000001
2012-09-21 05:00:00,84.27000000000001
2012-09-24 05:00:00,83.31000000000003
2012-09-25 05:00:00,82.77000000000001
2012-09-26 05:00:00,81.40000000000003
2012-09-27 05:00:00,83.27000000000001
2012-09-28 05:00:00,83.62000000000003
2012-10-01 05:00:00,83.91000000000003
2012-10-02 05:00:00,83.33000000000001
2012-10-03 05:00:00,79.58000000000001
2012-10-04 05:00:00,83.13000000000002
2012-10-05 05:00:00,81.33000000000001
2012-10-08 05:00:00,80.79000000000002
2012-10-09 05:00:00,83.84000000000003
2012-10-10 05:00:00,82.70000000000002
2012-10-11 05:00:00,83.56000000000003
2012-10-12 05:00:00,83.33000000000004
2012-10-15 05:00:00,83.40000000000003
2012-10-16 05:00:00,83.61000000000004
2012-10-17 05:00:00,83.65000000000003
2012-10-18 05:00:00,83.59000000000003
2012-10-19 05:00:00,81.54000000000002
2012-10-22 05:00:00,79.75000000000003
2012-10-23 05:00:00,77.80000000000004
2012-10-24 05:00:00,76.86000000000004
2012-10-25 05:00:00,77.17000000000002
2012-10-26 05:00:00,77.37000000000003
2012-10-29 05:00:00,76.62000000000003
2012-10-30 05:00:00,76.76000000000002
2012-10-31 05:00:00,77.30000000000004
2012-11-01 05:00:00,78.14000000000001
2012-11-02 05:00:00,75.97000000000003
2012-11-05 06:00:00,76.71000000000004
2012-11-06 06:00:00,79.74000000000004
2012-11-07 06:00:00,75.48000000000002
2012-11-08 06:00:00,76.13000000000002
2012-11-09 06:00:00,77.12000000000003
2012-11-12 06:00:00,76.64000000000001
2012-11-13 06:00:00,76.42000000000002
2012-11-14 06:00:00,77.25000000000003
2012-11-15 06:00:00,76.38000000000002
2012-11-16 06:00:00,77.41000000000003
2012-11-19 06:00:00,79.74000000000001
2012-11-20 06:00:00,77.29000000000002
2012-11-21 06:00:00,77.92000000000002
2012-11-23 06:00:00,78.84000000000003
2012-11-26 06:00:00,78.31000000000003
2012-11-27 06:00:00,77.75000000000003
2012-11-28 06:00:00,77.07000000000002
2012-11-29 06:00:00,78.60000000000002
2012-11-30 06:00:00,79.43
2012-12-03 06:00:00,79.63000000000002
2012-12-04 06:00:00,79.02000000000001
2012-12-05 06:00:00,78.41000000000003
2012-12-06 06:00:00,76.79000000000002
2012-12-07 06:00:00,76.44000000000003
2012-12-10 06:00:00,76.04000000000002
2012-12-11 06:00:00,76.26000000000002
2012-12-12 06:00:00,77.25000000000003
2012-12-13 06:00:00,76.38000000000002
2012-12-14 06:00:00,77.18
2012-12-17 06:00:00,77.53000000000003
2012-12-18 06:00:00,78.28000000000003
2012-12-19 06:00:00,79.82000000000002
2012-12-20 06:00:00,80.05000000000001
2012-12-21 06:00:00,78.59000000000003
2012-12-24 06:00:00,78.53000000000003
2012-12-26 06:00:00,80.85000000000002
2012-12-27 06:00:00,80.73000000000002
2012-12-28 06:00:00,80.66000000000003
2012-12-31 06:00:00,81.63000000000002
2013-01-02 06:00:00,82.91000000000003
2013-01-03 06:00:00,82.70000000000002
2013-01-04 06:00:00,82.87000000000003
2013-01-07 06:00:00,82.99000000000001
2013-01-08 06:00:00,82.96000000000001
2013-01-09 06:00:00,82.92000000000002
2013-01-10 06:00:00,83.58000000000004
2013-01-11 06:00:00,83.28000000000003
2013-01-14 06:00:00,83.90000000000003
2013-01-15 06:00:00,83.02000000000004
2013-01-16 06:00:00,83.98000000000002
2013-01-17 06:00:00,85.24000000000004
2013-01-18 06:00:00,85.36000000000004
2013-01-22 06:00:00,86.00000000000003
2013-01-23 06:00:00,84.68000000000004
2013-01-24 06:00:00,85.38000000000002
2013-01-25 06:00:00,85.26000000000002
2013-01-28 06:00:00,85.80000000000004
2013-01-29 06:00:00,86.92000000000002
2013-01-30 06:00:00,87.31000000000003
2013-01-31 06:00:00,86.89000000000001
2013-02-01 06:00:00,87.17000000000002
2013-02-04 06:00:00,85.59000000000003
2013-02-05 06:00:00,86.04000000000002
2013-02-06 06:00:00,86.02000000000004
2013-02-07 06:00:00,85.28000000000003
2013-02-08 06:00:00,85.20000000000002
2013-02-11 06:00:00,86.48000000000002
2013-02-12 06:00:00,86.96000000000004
2013-02-13 06:00:00,86.51000000000002
2013-02-14 06:00:00,86.78000000000003
2013-02-15 06:00:00,85.29000000000002
2013-02-19 06:00:00,85.91000000000003
2013-02-20 06:00:00,84.02000000000004
2013-02-21 06:00:00,81.64000000000001
2013-02-22 06:00:00,81.94000000000003
2013-02-25 06:00:00,81.90000000000003
2013-02-26 06:00:00,81.42000000000002
2013-02-27 06:00:00,81.52000000000004
2013-02-28 06:00:00,80.83000000000001
2013-03-01 06:00:00,79.51000000000002
2013-03-04 06:00:00,78.95000000000002
2013-03-05 06:00:00,79.65000000000003
2013-03-06 06:00:00,79.27000000000004
2013-03-07 06:00:00,80.40000000000003
2013-03-08 06:00:00,80.80000000000004
2013-03-11 05:00:00,80.89000000000001
2013-03-12 05:00:00,81.22000000000003
2013-03-13 05:00:00,81.15
2013-03-14 05:00:00,81.64000000000001
2013-03-15 05:00:00,82.11000000000001
2013-03-18 05:00:00,82.38000000000002
2013-03-19 05:00:00,80.82000000000002
2013-03-20 05:00:00,81.79000000000002
2013-03-21 05:00:00,80.79000000000002
2013-03-22 05:00:00,81.98000000000002
2013-03-25 05:00:00,83.11000000000001
2013-03-26 05:00:00,84.63000000000002
2013-03-27 05:00:00,84.86000000000001
2013-03-28 05:00:00,85.51000000000002
2013-04-01 05:00:00,85.4
2013-04-02 05:00:00,85.52000000000001
2013-04-03 05:00:00,82.79000000000002
2013-04-04 05:00:00,81.58000000000001
2013-04-05 05:00:00,81.03000000000003
2013-04-08 05:00:00,81.70000000000002
2013-04-09 05:00:00,82.53000000000003
2013-04-10 05:00:00,82.99000000000001
2013-04-11 05:00:00,81.87
2013-04-12 05:00:00,79.64000000000001
2013-04-15 05:00:00,77.05000000000001
2013-04-16 05:00:00,77.05000000000001
2013-04-17 05:00:00,74.95000000000002
2013-04-18 05:00:00,75.96000000000001
2013-04-19 05:00:00,76.24000000000001
2013-04-22 05:00:00,77.21000000000001
2013-04-23 05:00:00,77.22
2013-04-24 05:00:00,79.45000000000002
2013-04-25 05:00:00,81.67000000000002
2013-04-26 05:00:00,81.01000000000002
2013-04-29 05:00:00,82.48000000000002
2013-04-30 05:00:00,81.44000000000003
2013-05-01 05:00:00,79.0
2013-05-02 05:00:00,81.96000000000001
2013-05-03 05:00:00,83.58000000000001
2013-05-06 05:00:00,84.15
2013-05-07 05:00:00,83.62
2013-05-08 05:00:00,84.61000000000001
2013-05-09 05:00:00,84.42000000000002
2013-05-10 05:00:00,84.05000000000001
2013-05-13 05:00:00,83.20000000000002
2013-05-14 05:00:00,82.32000000000002
2013-05-15 05:00:00,82.41000000000003
2013-05-16 05:00:00,83.33000000000001
2013-05-17 05:00:00,84.18
2013-05-20 05:00:00,84.81000000000003
2013-05-21 05:00:00,84.09
2013-05-22 05:00:00,82.23000000000002
2013-05-23 05:00:00,82.19000000000003
2013-05-24 05:00:00,82.11000000000001
2013-05-28 05:00:00,82.97000000000003
2013-05-29 05:00:00,81.12
2013-05-30 05:00:00,81.57000000000002
2013-05-31 05:00:00,79.98000000000002
2013-06-03 05:00:00,81.44000000000003
2013-06-04 05:00:00,81.32000000000002
2013-06-05 05:00:00,81.73000000000002
2013-06-06 05:00:00,82.75000000000003
2013-06-07 05:00:00,84.04000000000002
2013-06-10 05:00:00,83.77000000000001
2013-06-11 05:00:00,83.37
2013-06-12 05:00:00,83.84
2013-06-13 05:00:00,84.66000000000003
2013-06-14 05:00:00,85.82000000000002
2013-06-17 05:00:00,85.82000000000002
2013-06-18 05:00:00,86.43
2013-06-19 05:00:00,86.26000000000002
2013-06-20 05:00:00,82.86000000000001
2013-06-21 05:00:00,81.34
2013-06-24 05:00:00,82.75000000000003
2013-06-25 05:00:00,82.92000000000002
2013-06-26 05:00:00,83.12
2013-06-27 05:00:00,84.60000000000002
2013-06-28 05:00:00,84.15
2013-07-01 05:00:00,85.59
2013-07-02 05:00:00,87.13000000000002
2013-07-03 05:00:00,88.82000000000002
2013-07-05 05:00:00,90.76000000000002
2013-07-08 05:00:00,90.73000000000002
2013-07-09 05:00:00,91.02000000000001
2013-07-10 05:00:00,93.33000000000001
2013-07-11 05:00:00,92.09
2013-07-12 05:00:00,93.26000000000002
2013-07-15 05:00:00,93.61000000000001
2013-07-16 05:00:00,93.51000000000002
2013-07-17 05:00:00,94.17000000000002
2013-07-18 05:00:00,95.41000000000003
2013-07-19 05:00:00,95.24000000000001
2013-07-22 05:00:00,94.63000000000002
2013-07-23 05:00:00,94.91000000000003
2013-07-24 05:00:00,93.22
2013-07-25 05:00:00,93.59
2013-07-26 05:00:00,93.13000000000002
2013-07-29 05:00:00,93.02000000000001
2013-07-30 05:00:00,91.62
2013-07-31 05:00:00,93.34
2013-08-01 05:00:00,96.05000000000001
2013-08-02 05:00:00,95.36000000000001
2013-08-05 05:00:00,95.02000000000001
2013-08-06 05:00:00,93.88000000000002
2013-08-07 05:00:00,93.03
2013-08-08 05:00:00,91.99000000000001
2013-08-09 05:00:00,94.28
2013-08-12 05:00:00,94.64000000000001
2013-08-13 05:00:00,95.50999999999999
2013-08-14 05:00:00,95.71000000000001
2013-08-15 05:00:00,96.39000000000001
2013-08-16 05:00:00,96.78999999999999
2013-08-19 05:00:00,96.33000000000001
2013-08-20 05:00:00,94.87
2013-08-21 05:00:00,93.67000000000002
2013-08-22 05:00:00,94.63
2013-08-23 05:00:00,96.02000000000001
2013-08-26 05:00:00,95.65
2013-08-27 05:00:00,98.59999999999997
2013-08-28 05:00:00,99.67000000000002
2013-08-29 05:00:00,98.44999999999999
2013-08-30 05:00:00,97.38
2013-09-03 05:00:00,98.14999999999998
2013-09-04 05:00:00,96.89000000000001
2013-09-05 05:00:00,97.96999999999997
2013-09-06 05:00:00,99.82
2013-09-09 05:00:00,98.76999999999998
2013-09-10 05:00:00,96.78999999999999
2013-09-11 05:00:00,96.94
2013-09-12 05:00:00,97.99000000000001
2013-09-13 05:00:00,97.81
2013-09-16 05:00:00,96.66999999999999
2013-09-17 05:00:00,95.31
2013-09-18 05:00:00,97.72999999999999
2013-09-19 05:00:00,96.37
2013-09-20 05:00:00,95.56
2013-09-23 05:00:00,94.57
2013-09-24 05:00:00,94.33000000000001
2013-09-25 05:00:00,93.9
2013-09-26 05:00:00,94.37
2013-09-27 05:00:00,94.19
2013-09-30 05:00:00,93.75
2013-10-01 05:00:00,93.53999999999999
2013-10-02 05:00:00,95.49000000000001
2013-10-03 05:00:00,94.82
2013-10-04 05:00:00,95.38
2013-10-07 05:00:00,94.68
2013-10-08 05:00:00,95.16
2013-10-09 05:00:00,93.28
2013-10-10 05:00:00,94.74000000000001
2013-10-11 05:00:00,93.91
2013-10-14 05:00:00,94.29000000000002
2013-10-15 05:00:00,93.30000000000001
2013-10-16 05:00:00,94.39000000000001
2013-10-17 05:00:00,92.68
2013-10-18 05:00:00,93.05000000000001
2013-10-21 05:00:00,91.82000000000002
2013-10-22 05:00:00,90.53
2013-10-23 05:00:00,89.06
2013-10-24 05:00:00,89.30000000000001
2013-10-25 05:00:00,90.01000000000002
2013-10-28 05:00:00,90.92000000000002
2013-10-29 05:00:00,90.44
2013-10-30 05:00:00,89.12
2013-10-31 05:00:00,88.71000000000001
2013-11-01 05:00:00,87.02000000000001
2013-11-04 06:00:00,87.04000000000002
2013-11-05 06:00:00,85.79000000000002
2013-11-06 06:00:00,87.19
2013-11-07 06:00:00,86.60000000000002
2013-11-08 06:00:00,87.01000000000002
2013-11-11 06:00:00,87.53
2013-11-12 06:00:00,85.69
2013-11-13 06:00:00,86.66
2013-11-14 06:00:00,86.68
2013-11-15 06:00:00,86.74000000000001
2013-11-18 06:00:00,85.92000000000002
2013-11-19 06:00:00,86.06
2013-11-20 06:00:00,86.03
2013-11-21 06:00:00,87.6
2013-11-22 06:00:00,87.06
2013-11-25 06:00:00,86.31
2013-11-26 06:00:00,85.91
2013-11-27 06:00:00,84.53999999999999
2013-11-29 06:00:00,84.92000000000002
2013-12-02 06:00:00,86.00999999999999
2013-12-03 06:00:00,88.18
2013-12-04 06:00:00,89.34
2013-12-05 06:00:00,89.52000000000001
2013-12-06 06:00:00,89.81
2013-12-09 06:00:00,89.47
2013-12-10 06:00:00,90.57
2013-12-11 06:00:00,89.63
2013-12-12 06:00:00,89.72999999999999
2013-12-13 06:00:00,88.87
2013-12-16 06:00:00,89.66
2013-12-17 06:00:00,89.32
2013-12-18 06:00:00,89.88
2013-12-19 06:00:00,90.9
2013-12-20 06:00:00,91.22
2013-12-23 06:00:00,90.85
2013-12-24 06:00:00,91.30000000000001
2013-12-26 06:00:00,91.58000000000001
2013-12-27 06:00:00,92.35
2013-12-30 06:00:00,91.39000000000001
2013-12-31 06:00:00,90.50999999999999
2014-01-02 06:00:00,87.58000000000001
2014-01-03 06:00:00,86.1
2014-01-06 06:00:00,85.53999999999999
2014-01-07 06:00:00,85.80000000000001
2014-01-08 06:00:00,84.49000000000001
2014-01-09 06:00:00,83.85
2014-01-10 06:00:00,84.88
2014-01-13 06:00:00,83.93
2014-01-14 06:00:00,84.62
2014-01-15 06:00:00,86.16
2014-01-16 06:00:00,85.88
2014-01-17 06:00:00,86.4
2014-01-21 06:00:00,86.75999999999999
2014-01-22 06:00:00,88.33000000000001
2014-01-23 06:00:00,88.72
2014-01-24 06:00:00,88.18
2014-01-27 06:00:00,87.32
2014-01-28 06:00:00,88.91999999999999
2014-01-29 06:00:00,88.84
2014-01-30 06:00:00,89.62
2014-01-31 06:00:00,88.66999999999999
2014-02-03 06:00:00,87.68
2014-02-04 06:00:00,88.41999999999999
2014-02-05 06:00:00,88.72
2014-02-06 06:00:00,89.28
2014-02-07 06:00:00,91.31
2014-02-10 06:00:00,91.4
2014-02-11 06:00:00,91.44999999999999
2014-02-12 06:00:00,91.91999999999999
2014-02-13 06:00:00,92.06
2014-02-14 06:00:00,92.22
2014-02-18 06:00:00,93.95999999999998
2014-02-19 06:00:00,94.56
2014-02-20 06:00:00,94.6
2014-02-21 06:00:00,94.12
2014-02-24 06:00:00,94.81
2014-02-25 06:00:00,93.87
2014-02-26 06:00:00,94.51999999999998
2014-02-27 06:00:00,94.37
2014-02-28 06:00:00,94.63999999999999
2014-03-03 06:00:00,96.97
2014-03-04 06:00:00,95.43
2014-03-05 06:00:00,93.63
2014-03-06 06:00:00,93.76999999999998
2014-03-07 06:00:00,94.73999999999998
2014-03-10 05:00:00,93.34
2014-03-11 05:00:00,92.34
2014-03-12 05:00:00,90.58000000000001
2014-03-13 05:00:00,90.85
2014-03-14 05:00:00,91.47999999999999
2014-03-17 05:00:00,90.44
2014-03-18 05:00:00,91.5
2014-03-19 05:00:00,91.64000000000001
2014-03-20 05:00:00,91.53999999999999
2014-03-21 05:00:00,92.14000000000001
2014-03-24 05:00:00,92.32
2014-03-25 05:00:00,92.02000000000001
2014-03-26 05:00:00,93.02000000000001
2014-03-27 05:00:00,94.02000000000001
2014-03-28 05:00:00,94.38
2014-03-31 05:00:00,94.31
2014-04-01 05:00:00,92.53999999999999
2014-04-02 05:00:00,92.39000000000001
2014-04-03 05:00:00,93.12
2014-04-04 05:00:00,93.94999999999999
2014-04-07 05:00:00,93.27000000000001
2014-04-08 05:00:00,95.30000000000001
2014-04-09 05:00:00,96.14000000000001
2014-04-10 05:00:00,95.87
2014-04-11 05:00:00,96.11000000000001
2014-04-14 05:00:00,96.85
2014-04-15 05:00:00,96.66
2014-04-16 05:00:00,96.75
2014-04-17 05:00:00,96.95000000000002
2014-04-21 05:00:00,97.28999999999999
2014-04-22 05:00:00,95.67000000000002
2014-04-23 05:00:00,95.4
2014-04-24 05:00:00,95.9
2014-04-25 05:00:00,94.58000000000001
2014-04-28 05:00:00,94.66
2014-04-29 05:00:00,95.14000000000001
2014-04-30 05:00:00,93.66
2014-05-01 05:00:00,93.30000000000001
2014-05-02 05:00:00,93.59
2014-05-05 05:00:00,93.28
2014-05-06 05:00:00,93.20000000000002
2014-05-07 05:00:00,94.50999999999999
2014-05-08 05:00:00,94.09
2014-05-09 05:00:00,93.86000000000001
2014-05-12 05:00:00,94.49000000000001
2014-05-13 05:00:00,95.56
2014-05-14 05:00:00,96.25
2014-05-15 05:00:00,95.78
2014-05-16 05:00:00,96.16
2014-05-19 05:00:00,96.59
2014-05-20 05:00:00,96.9
2014-05-21 05:00:00,98.56
2014-05-22 05:00:00,98.26999999999998
2014-05-23 05:00:00,98.82999999999998
2014-05-27 05:00:00,98.57999999999998
2014-05-28 05:00:00,97.38999999999999
2014-05-29 05:00:00,98.18
2014-05-30 05:00:00,97.38
2014-06-02 05:00:00,97.19
2014-06-03 05:00:00,97.37
2014-06-04 05:00:00,97.33000000000001
2014-06-05 05:00:00,97.21000000000001
2014-06-06 05:00:00,97.34
2014-06-09 05:00:00,98.99000000000001
2014-06-10 05:00:00,98.88999999999999
2014-06-11 05:00:00,99.01999999999998
2014-06-12 05:00:00,101.14999999999998
2014-06-13 05:00:00,101.39999999999998
2014-06-16 05:00:00,101.65999999999997
2014-06-17 05:00:00,101.34999999999997
2014-06-18 05:00:00,101.17000000000002
2014-06-19 05:00:00,101.63
2014-06-20 05:00:00,102.30000000000001
2014-06-23 05:00:00,101.75
2014-06-24 05:00:00,101.64999999999998
2014-06-25 05:00:00,102.05000000000001
2014-06-26 05:00:00,101.44
2014-06-27 05:00:00,101.37
2014-06-30 05:00:00,101.06
2014-07-01 05:00:00,101.07
2014-07-02 05:00:00,100.24000000000001
2014-07-03 05:00:00,99.83999999999997
2014-07-07 05:00:00,99.36000000000001
2014-07-08 05:00:00,99.12
2014-07-09 05:00:00,98.07999999999998
2014-07-10 05:00:00,98.73000000000002
2014-07-11 05:00:00,96.63
2014-07-14 05:00:00,96.92000000000002
2014-07-15 05:00:00,95.97
2014-07-16 05:00:00,96.89000000000001
2014-07-17 05:00:00,98.21999999999997
2014-07-18 05:00:00,97.93
2014-07-21 05:00:00,98.71999999999997
2014-07-22 05:00:00,98.21999999999997
2014-07-23 05:00:00,98.63999999999999
2014-07-24 05:00:00,97.71000000000001
2014-07-25 05:00:00,97.86000000000001
2014-07-28 05:00:00,97.31
2014-07-29 05:00:00,96.72
2014-07-30 05:00:00,96.03
2014-07-31 05:00:00,94.31
2014-08-01 05:00:00,93.93
2014-08-04 05:00:00,94.35
2014-08-05 05:00:00,93.56
2014-08-06 05:00:00,93.22999999999999
2014-08-07 05:00:00,93.68
2014-08-08 05:00:00,93.83000000000001
2014-08-11 05:00:00,94.19999999999999
2014-08-12 05:00:00,93.47999999999999
2014-08-13 05:00:00,93.75
2014-08-14 05:00:00,91.06
2014-08-15 05:00:00,92.20999999999998
2014-08-18 05:00:00,90.59
2014-08-19 05:00:00,89.81
2014-08-20 05:00:00,90.35
2014-08-21 05:00:00,90.85
2014-08-22 05:00:00,90.63999999999999
2014-08-25 05:00:00,90.35
2014-08-26 05:00:00,90.82999999999998
2014-08-27 05:00:00,90.81
2014-08-28 05:00:00,91.29999999999998
2014-08-29 05:00:00,92.48999999999998
2014-09-02 05:00:00,89.57
2014-09-03 05:00:00,92.15
2014-09-04 05:00:00,91.17999999999998
2014-09-05 05:00:00,90.17999999999998
2014-09-08 05:00:00,89.51999999999998
2014-09-09 05:00:00,89.35999999999999
2014-09-10 05:00:00,88.31
2014-09-11 05:00:00,89.32999999999998
2014-09-12 05:00:00,88.73999999999998
2014-09-15 05:00:00,89.34
2014-09-16 05:00:00,91.07
2014-09-17 05:00:00,90.47
2014-09-18 05:00:00,89.35999999999999
2014-09-19 05:00:00,89.10999999999999
2014-09-22 05:00:00,88.31
2014-09-23 05:00:00,88.88
2014-09-24 05:00:00,90.03999999999999
2014-09-25 05:00:00,89.75
2014-09-26 05:00:00,90.59
2014-09-29 05:00:00,91.45999999999998
2014-09-30 05:00:00,88.23999999999998
2014-10-01 05:00:00,87.70999999999998
2014-10-02 05:00:00,87.85
2014-10-03 05:00:00,86.63999999999999
2014-10-06 05:00:00,87.31
2014-10-07 05:00:00,85.94999999999999
2014-10-08 05:00:00,84.56
2014-10-09 05:00:00,83.01999999999998
2014-10-10 05:00:00,83.07999999999998
2014-10-13 05:00:00,82.88
2014-10-14 05:00:00,79.08999999999997
2014-10-15 05:00:00,78.70999999999998
2014-10-16 05:00:00,79.85
2014-10-17 05:00:00,79.97
2014-10-20 05:00:00,79.72999999999999
2014-10-21 05:00:00,80.30999999999997
2014-10-22 05:00:00,78.47999999999999
2014-10-23 05:00:00,80.1
2014-10-24 05:00:00,79.14999999999998
2014-10-27 05:00:00,79.04999999999998
2014-10-28 05:00:00,79.47
2014-10-29 05:00:00,80.30999999999997
2014-10-30 05:00:00,79.25
2014-10-31 05:00:00,78.76999999999998
2014-11-03 06:00:00,77.19
2014-11-04 06:00:00,75.53999999999999
2014-11-05 06:00:00,76.94999999999999
2014-11-06 06:00:00,76.22
2014-11-07 06:00:00,76.94999999999999
2014-11-10 06:00:00,75.72999999999999
2014-11-11 06:00:00,76.22
2014-11-12 06:00:00,75.50999999999999
2014-11-13 06:00:00,72.47
2014-11-14 06:00:00,74.18
2014-11-17 06:00:00,74.1
2014-11-18 06:00:00,73.12
2014-11-19 06:00:00,72.82
2014-11-20 06:00:00,74.23999999999998
2014-11-21 06:00:00,74.97999999999999
2014-11-24 06:00:00,74.25999999999999
2014-11-25 06:00:00,72.56
2014-11-26 06:00:00,72.15
2014-11-28 06:00:00,64.65
2014-12-01 06:00:00,67.48999999999998
2014-12-02 06:00:00,65.38999999999999
2014-12-03 06:00:00,65.85
2014-12-04 06:00:00,65.28999999999999
2014-12-05 06:00:00,64.35
2014-12-08 06:00:00,61.599999999999994
2014-12-09 06:00:00,62.370000000000005
2014-12-10 06:00:00,59.550000000000004
2014-12-11 06:00:00,58.580000000000005
2014-12-12 06:00:00,56.47000000000002
2014-12-15 06:00:00,54.70000000000004
2014-12-16 06:00:00,54.610000000000035
2014-12-17 06:00:00,55.19000000000002
2014-12-18 06:00:00,52.76000000000004
2014-12-19 06:00:00,55.54000000000001
2014-12-22 06:00:00,53.69000000000002
2014-12-23 06:00:00,55.54000000000001
2014-12-24 06:00:00,54.28000000000002
2014-12-26 06:00:00,53.19000000000002
2014-12-29 06:00:00,52.090000000000025
2014-12-30 06:00:00,52.590000000000025
2014-12-31 06:00:00,51.76000000000004
2015-01-02 06:00:00,51.17000000000004
2015-01-05 06:00:00,48.580000000000034
2015-01-06 06:00:00,46.52000000000003
2015-01-07 06:00:00,47.14000000000001
2015-01-08 06:00:00,47.340000000000025
2015-01-09 06:00:00,47.05000000000003
2015-01-12 06:00:00,44.850000000000016
2015-01-13 06:00:00,44.560000000000024
2015-01-14 06:00:00,46.94000000000002
2015-01-15 06:00:00,44.79000000000001
2015-01-16 06:00:00,47.16000000000002
2015-01-20 06:00:00,44.49000000000003
2015-01-21 06:00:00,45.75000000000002
2015-01-22 06:00:00,44.30000000000003
2015-01-23 06:00:00,43.640000000000036
2015-01-26 06:00:00,43.20000000000004
2015-01-27 06:00:00,44.27000000000003
2015-01-28 06:00:00,42.55000000000003
2015-01-29 06:00:00,42.620000000000026
2015-01-30 06:00:00,46.310000000000024
2015-02-02 06:00:00,47.77000000000003
2015-02-03 06:00:00,51.18000000000003
2015-02-04 06:00:00,46.620000000000026
2015-02-05 06:00:00,48.63000000000002
2015-02-06 06:00:00,49.820000000000014
2015-02-09 06:00:00,50.99000000000003
2015-02-10 06:00:00,48.44000000000002
2015-02-11 06:00:00,47.360000000000035
2015-02-12 06:00:00,49.78000000000002
2015-02-13 06:00:00,51.24000000000003
2015-02-17 06:00:00,51.80000000000003
2015-02-18 06:00:00,50.25000000000002
2015-02-19 06:00:00,49.28000000000002
2015-02-20 06:00:00,48.370000000000026
2015-02-23 06:00:00,47.29000000000001
2015-02-24 06:00:00,47.110000000000035
2015-02-25 06:00:00,49.04000000000001
2015-02-26 06:00:00,46.67000000000004
2015-02-27 06:00:00,48.42000000000004
2015-03-02 06:00:00,47.80000000000003
2015-03-03 06:00:00,48.78000000000002
2015-03-04 06:00:00,49.51000000000001
2015-03-05 06:00:00,48.830000000000034
2015-03-06 06:00:00,47.75000000000002
2015-03-09 05:00:00,47.94000000000002
2015-03-10 05:00:00,46.350000000000016
2015-03-11 05:00:00,46.30000000000003
2015-03-12 05:00:00,45.580000000000034
2015-03-13 05:00:00,43.55000000000003
2015-03-16 05:00:00,42.69000000000002
2015-03-17 05:00:00,41.77000000000003
2015-03-18 05:00:00,43.40000000000003
2015-03-19 05:00:00,42.110000000000035
2015-03-20 05:00:00,43.140000000000036
2015-03-23 05:00:00,43.860000000000035
2015-03-24 05:00:00,43.840000000000025
2015-03-25 05:00:00,45.49000000000003
2015-03-26 05:00:00,47.75000000000002
2015-03-27 05:00:00,45.21000000000003
2015-03-30 05:00:00,45.120000000000026
2015-03-31 05:00:00,44.05000000000003
2015-04-01 05:00:00,46.46000000000003
2015-04-02 05:00:00,45.310000000000024
2015-04-06 05:00:00,48.28000000000002
2015-04-07 05:00:00,49.94000000000002
2015-04-08 05:00:00,46.580000000000034
2015-04-09 05:00:00,47.20000000000004
2015-04-10 05:00:00,48.22000000000002
2015-04-13 05:00:00,48.42000000000004
2015-04-14 05:00:00,49.47000000000002
2015-04-15 05:00:00,52.16000000000002
2015-04-16 05:00:00,52.66000000000002
2015-04-17 05:00:00,51.90000000000003
2015-04-20 05:00:00,52.48000000000004
2015-04-21 05:00:00,51.310000000000024
2015-04-22 05:00:00,51.00000000000002
2015-04-23 05:00:00,52.69000000000002
2015-04-24 05:00:00,52.330000000000034
2015-04-27 05:00:00,52.05000000000003
2015-04-28 05:00:00,51.96000000000003
2015-04-29 05:00:00,53.29000000000001
2015-04-30 05:00:00,54.140000000000036
2015-05-01 05:00:00,53.79000000000001
2015-05-04 05:00:00,53.590000000000025
2015-05-05 05:00:00,54.93000000000003
2015-05-06 05:00:00,55.43000000000003
2015-05-07 05:00:00,53.350000000000016
2015-05-08 05:00:00,53.78000000000002
2015-05-11 05:00:00,53.72000000000002
2015-05-12 05:00:00,55.140000000000036
2015-05-13 05:00:00,54.880000000000045
2015-05-14 05:00:00,54.25000000000002
2015-05-15 05:00:00,53.90000000000003
2015-05-18 05:00:00,53.53000000000002
2015-05-19 05:00:00,51.360000000000035
2015-05-20 05:00:00,52.360000000000035
2015-05-21 05:00:00,54.04000000000001
2015-05-22 05:00:00,53.04000000000001
2015-05-26 05:00:00,51.370000000000026
2015-05-27 05:00:00,50.75000000000002
2015-05-28 05:00:00,50.910000000000046
2015-05-29 05:00:00,53.49000000000003
2015-06-01 05:00:00,53.370000000000026
2015-06-02 05:00:00,54.41000000000002
2015-06-03 05:00:00,52.82000000000004
2015-06-04 05:00:00,51.23000000000004
2015-06-05 05:00:00,52.45000000000004
2015-06-08 05:00:00,51.50000000000002
2015-06-09 05:00:00,53.50000000000002
2015-06-10 05:00:00,54.71000000000003
2015-06-11 05:00:00,54.110000000000035
2015-06-12 05:00:00,53.28000000000002
2015-06-15 05:00:00,52.90000000000003
2015-06-16 05:00:00,53.350000000000016
2015-06-17 05:00:00,53.23000000000001
2015-06-18 05:00:00,53.68000000000003
2015-06-19 05:00:00,52.80000000000003
2015-06-22 05:00:00,53.25000000000002
2015-06-23 05:00:00,53.840000000000025
2015-06-24 05:00:00,53.090000000000025
2015-06-25 05:00:00,52.51000000000004
2015-06-26 05:00:00,52.48000000000004
2015-06-29 05:00:00,51.19000000000002
2015-06-30 05:00:00,52.340000000000025
2015-07-01 05:00:00,49.88000000000002
2015-07-02 05:00:00,49.810000000000024
2015-07-06 05:00:00,45.350000000000044
2015-07-07 05:00:00,45.22000000000002
2015-07-08 05:00:00,44.600000000000016
2015-07-09 05:00:00,45.74000000000003
2015-07-10 05:00:00,45.73000000000001
2015-07-13 05:00:00,45.22000000000002
2015-07-14 05:00:00,45.97000000000002
2015-07-15 05:00:00,44.28000000000002
2015-07-16 05:00:00,43.71000000000003
2015-07-17 05:00:00,43.67000000000001
2015-07-20 05:00:00,42.96000000000003
2015-07-21 05:00:00,43.39000000000001
2015-07-22 05:00:00,41.76000000000001
2015-07-23 05:00:00,41.01000000000004
2015-07-24 05:00:00,40.70000000000004
2015-07-27 05:00:00,39.94000000000002
2015-07-28 05:00:00,40.50000000000002
2015-07-29 05:00:00,41.25000000000002
2015-07-30 05:00:00,41.00000000000002
2015-07-31 05:00:00,39.620000000000026
2015-08-03 05:00:00,37.65000000000003
2015-08-04 05:00:00,38.22000000000002
2015-08-05 05:00:00,37.64000000000001
2015-08-06 05:00:00,37.18000000000003
2015-08-07 05:00:00,36.45000000000001
2015-08-10 05:00:00,37.75000000000002
2015-08-11 05:00:00,35.96
2015-08-12 05:00:00,36.17000000000001
2015-08-13 05:00:00,35.309999999999995
2015-08-14 05:00:00,35.44000000000002
2015-08-17 05:00:00,34.69000000000002
2015-08-18 05:00:00,35.22000000000002
2015-08-19 05:00:00,33.310000000000024
2015-08-20 05:00:00,33.22000000000002
2015-08-21 05:00:00,32.32000000000001
2015-08-24 05:00:00,30.060000000000002
2015-08-25 05:00:00,31.080000000000013
2015-08-26 05:00:00,30.5
2015-08-27 05:00:00,34.49999999999999
2015-08-28 05:00:00,37.11000000000001
2015-08-31 05:00:00,41.060000000000024
2015-09-01 05:00:00,37.15000000000003
2015-09-02 05:00:00,37.99000000000003
2015-09-03 05:00:00,38.45000000000001
2015-09-04 05:00:00,37.76000000000001
2015-09-08 05:00:00,37.72000000000002
2015-09-09 05:00:00,35.93
2015-09-10 05:00:00,37.570000000000014
2015-09-11 05:00:00,36.29000000000001
2015-09-14 05:00:00,35.39000000000001
2015-09-15 05:00:00,36.02
2015-09-16 05:00:00,38.46000000000003
2015-09-17 05:00:00,38.15000000000003
2015-09-18 05:00:00,36.050000000000004
2015-09-21 05:00:00,37.92000000000001
2015-09-22 05:00:00,37.41000000000002
2015-09-23 05:00:00,35.589999999999996
2015-09-24 05:00:00,35.96999999999999
2015-09-25 05:00:00,36.68
2015-09-28 05:00:00,35.36000000000001
2015-09-29 05:00:00,36.13000000000002
2015-09-30 05:00:00,36.050000000000004
2015-10-01 05:00:00,35.71
2015-10-02 05:00:00,36.49
2015-10-05 05:00:00,37.24
2015-10-06 05:00:00,39.51000000000001
2015-10-07 05:00:00,38.89000000000001
2015-10-08 05:00:00,40.49000000000003
2015-10-09 05:00:00,40.630000000000045
2015-10-12 05:00:00,38.100000000000016
2015-10-13 05:00:00,37.68
2015-10-14 05:00:00,37.74
2015-10-15 05:00:00,37.47000000000002
2015-10-16 05:00:00,38.28000000000002
2015-10-19 05:00:00,36.77
2015-10-20 05:00:00,36.78000000000002
2015-10-21 05:00:00,35.70000000000001
2015-10-22 05:00:00,35.9
2015-10-23 05:00:00,35.24999999999999
2015-10-26 05:00:00,34.68000000000003
2015-10-27 05:00:00,33.9
2015-10-28 05:00:00,36.600000000000016
2015-10-29 05:00:00,36.68
2015-10-30 05:00:00,37.25000000000002
2015-11-02 06:00:00,36.820000000000014
2015-11-03 06:00:00,38.580000000000005
2015-11-04 06:00:00,36.99
2015-11-05 06:00:00,36.02
2015-11-06 06:00:00,35.24999999999999
2015-11-09 06:00:00,34.9
2015-11-10 06:00:00,35.21999999999999
2015-11-11 06:00:00,33.98000000000001
2015-11-12 06:00:00,32.85000000000001
2015-11-13 06:00:00,31.870000000000005
2015-11-16 06:00:00,32.620000000000005
2015-11-17 06:00:00,31.590000000000003
2015-11-18 06:00:00,31.940000000000012
2015-11-19 06:00:00,31.74000000000001
2015-11-20 06:00:00,32.040000000000006
2015-11-23 06:00:00,32.0
2015-11-24 06:00:00,33.18000000000003
2015-11-25 06:00:00,33.24000000000003
2015-11-27 06:00:00,31.91000000000001
2015-11-30 06:00:00,31.810000000000002
2015-12-01 06:00:00,31.980000000000004
2015-12-02 06:00:00,30.230000000000004
2015-12-03 06:00:00,31.35000000000001
2015-12-04 06:00:00,30.24000000000001
2015-12-07 06:00:00,28.150000000000006
2015-12-08 06:00:00,27.86
2015-12-09 06:00:00,27.570000000000007
2015-12-10 06:00:00,27.28
2015-12-11 06:00:00,26.10000000000001
2015-12-14 06:00:00,26.28
2015-12-15 06:00:00,27.090000000000003
2015-12-16 06:00:00,25.430000000000007
2015-12-17 06:00:00,24.99000000000001
2015-12-18 06:00:00,24.74000000000001
2015-12-21 06:00:00,24.400000000000006
2015-12-22 06:00:00,24.590000000000003
2015-12-23 06:00:00,25.950000000000003
2015-12-24 06:00:00,26.64
2015-12-28 06:00:00,25.35000000000001
2015-12-29 06:00:00,26.39
2015-12-30 06:00:00,25.17
2015-12-31 06:00:00,25.700000000000003
2016-01-04 06:00:00,25.480000000000004
2016-01-05 06:00:00,24.710000000000008
2016-01-06 06:00:00,22.730000000000004
2016-01-07 06:00:00,22.02000000000001
2016-01-08 06:00:00,21.85000000000001
2016-01-11 06:00:00,20.05000000000001
2016-01-12 06:00:00,19.000000000000014
2016-01-13 06:00:00,18.710000000000008
2016-01-14 06:00:00,19.480000000000004
2016-01-15 06:00:00,17.74000000000001
2016-01-19 06:00:00,17.030000000000015
2016-01-20 06:00:00,16.05000000000001
2016-01-21 06:00:00,17.190000000000012
2016-01-22 06:00:00,19.870000000000005
2016-01-25 06:00:00,18.16000000000001
2016-01-26 06:00:00,19.260000000000005
2016-01-27 06:00:00,20.120000000000005
2016-01-28 06:00:00,21.070000000000007
2016-01-29 06:00:00,21.640000000000015
2016-02-01 06:00:00,19.720000000000013
2016-02-02 06:00:00,17.970000000000013
2016-02-03 06:00:00,20.220000000000013
2016-02-04 06:00:00,19.74000000000001
2016-02-05 06:00:00,19.080000000000013
2016-02-08 06:00:00,18.000000000000014
2016-02-09 06:00:00,16.10000000000001
2016-02-10 06:00:00,16.02000000000001
2016-02-11 06:00:00,15.260000000000005
2016-02-12 06:00:00,18.35000000000001
2016-02-16 06:00:00,17.140000000000015
2016-02-17 06:00:00,19.190000000000012
2016-02-18 06:00:00,19.05000000000001
2016-02-19 06:00:00,17.890000000000015
2016-02-22 06:00:00,19.540000000000006
2016-02-23 06:00:00,18.10000000000001
2016-02-24 06:00:00,18.570000000000007
2016-02-25 06:00:00,19.330000000000013
2016-02-26 06:00:00,19.080000000000013
2016-02-29 06:00:00,20.080000000000013
2016-03-01 06:00:00,20.650000000000006
2016-03-02 06:00:00,20.80000000000001
2016-03-03 06:00:00,20.830000000000013
2016-03-04 06:00:00,22.250000000000014
2016-03-07 06:00:00,24.320000000000007
2016-03-08 06:00:00,22.920000000000016
2016-03-09 06:00:00,24.570000000000007
2016-03-10 06:00:00,23.900000000000006
2016-03-11 06:00:00,24.590000000000018
2016-03-14 05:00:00,23.41000000000001
2016-03-15 05:00:00,22.65000000000002
2016-03-16 05:00:00,24.41000000000001
2016-03-17 05:00:00,26.000000000000014
2016-03-18 05:00:00,25.66000000000001
2016-03-21 05:00:00,26.030000000000015
2016-03-22 05:00:00,26.05000000000001
2016-03-23 05:00:00,24.480000000000018
2016-03-24 05:00:00,24.240000000000023
2016-03-28 05:00:00,24.140000000000015
2016-03-29 05:00:00,23.12000000000002
2016-03-30 05:00:00,23.27000000000001
2016-03-31 05:00:00,23.360000000000014
2016-04-01 05:00:00,21.810000000000016
2016-04-04 05:00:00,20.640000000000015
2016-04-05 05:00:00,20.720000000000013
2016-04-06 05:00:00,22.590000000000018
2016-04-07 05:00:00,22.100000000000023
2016-04-08 05:00:00,24.600000000000023
2016-04-11 05:00:00,25.360000000000014
2016-04-12 05:00:00,27.050000000000026
2016-04-13 05:00:00,26.54000000000002
2016-04-14 05:00:00,26.15000000000002
2016-04-15 05:00:00,25.240000000000023
2016-04-18 05:00:00,24.76000000000002
2016-04-19 05:00:00,26.020000000000024
2016-04-20 05:00:00,27.720000000000027
2016-04-21 05:00:00,26.68000000000002
2016-04-22 05:00:00,27.240000000000023
2016-04-25 05:00:00,26.29000000000002
2016-04-26 05:00:00,27.590000000000018
2016-04-27 05:00:00,28.90000000000002
2016-04-28 05:00:00,29.57000000000002
2016-04-29 05:00:00,29.390000000000015
2016-05-02 05:00:00,28.18000000000002
2016-05-03 05:00:00,27.110000000000014
2016-05-04 05:00:00,27.12000000000002
2016-05-05 05:00:00,27.610000000000014
2016-05-06 05:00:00,28.020000000000024
2016-05-09 05:00:00,26.730000000000018
2016-05-10 05:00:00,28.050000000000026
2016-05-11 05:00:00,29.710000000000022
2016-05-12 05:00:00,30.130000000000024
2016-05-13 05:00:00,29.62000000000002
2016-05-16 05:00:00,31.080000000000027
2016-05-17 05:00:00,31.65000000000002
2016-05-18 05:00:00,31.450000000000017
2016-05-19 05:00:00,31.310000000000016
2016-05-20 05:00:00,31.100000000000023
2016-05-23 05:00:00,30.800000000000026
2016-05-24 05:00:00,31.29000000000002
2016-05-25 05:00:00,32.190000000000026
2016-05-26 05:00:00,32.11000000000003
2016-05-27 05:00:00,31.970000000000027
2016-05-31 05:00:00,31.76000000000002
2016-06-01 05:00:00,31.720000000000027
2016-06-02 05:00:00,31.890000000000015
2016-06-03 05:00:00,31.340000000000018
2016-06-06 05:00:00,32.40000000000002
2016-06-07 05:00:00,33.15000000000003
2016-06-08 05:00:00,34.070000000000014
2016-06-09 05:00:00,33.45000000000004
2016-06-10 05:00:00,31.950000000000017
2016-06-13 05:00:00,31.750000000000014
2016-06-14 05:00:00,31.270000000000024
2016-06-15 05:00:00,30.660000000000025
2016-06-16 05:00:00,28.960000000000022
2016-06-17 05:00:00,30.800000000000026
2016-06-20 05:00:00,32.21000000000002
2016-06-21 05:00:00,32.160000000000025
2016-06-22 05:00:00,31.490000000000023
2016-06-23 05:00:00,32.47000000000001
2016-06-24 05:00:00,30.020000000000024
2016-06-27 05:00:00,28.730000000000018
2016-06-28 05:00:00,30.300000000000026
2016-06-29 05:00:00,32.29000000000002
2016-06-30 05:00:00,30.720000000000013
2016-07-01 05:00:00,31.360000000000014
2016-07-05 05:00:00,29.000000000000014
2016-07-06 05:00:00,29.850000000000023
2016-07-07 05:00:00,27.550000000000026
2016-07-08 05:00:00,27.830000000000013
2016-07-11 05:00:00,27.230000000000018
2016-07-12 05:00:00,29.280000000000015
2016-07-13 05:00:00,27.110000000000014
2016-07-14 05:00:00,28.100000000000023
2016-07-15 05:00:00,28.27000000000001
2016-07-18 05:00:00,27.580000000000013
2016-07-19 05:00:00,27.18000000000002
2016-07-20 05:00:00,27.490000000000023
2016-07-21 05:00:00,26.490000000000023
2016-07-22 05:00:00,25.920000000000016
2016-07-25 05:00:00,24.91000000000001
2016-07-26 05:00:00,24.720000000000013
2016-07-27 05:00:00,23.65000000000002
2016-07-28 05:00:00,22.90000000000002
2016-07-29 05:00:00,23.37000000000002
2016-08-01 05:00:00,21.880000000000024
2016-08-02 05:00:00,21.340000000000018
2016-08-03 05:00:00,22.62000000000002
2016-08-04 05:00:00,23.730000000000018
2016-08-05 05:00:00,23.610000000000014
2016-08-08 05:00:00,24.80000000000001
2016-08-09 05:00:00,24.54000000000002
2016-08-10 05:00:00,23.500000000000014
2016-08-11 05:00:00,25.27000000000001
2016-08-12 05:00:00,26.170000000000016
2016-08-15 05:00:00,27.38000000000001
2016-08-16 05:00:00,28.200000000000017
2016-08-17 05:00:00,28.55000000000001
2016-08-18 05:00:00,29.840000000000018
2016-08-19 05:00:00,30.010000000000005
2016-08-22 05:00:00,28.310000000000016
2016-08-23 05:00:00,29.030000000000015
2016-08-24 05:00:00,27.760000000000005
2016-08-25 05:00:00,28.310000000000016
2016-08-26 05:00:00,28.610000000000014
2016-08-29 05:00:00,27.930000000000007
2016-08-30 05:00:00,27.27000000000001
2016-08-31 05:00:00,25.590000000000018
2016-09-01 05:00:00,24.030000000000015
2016-09-02 05:00:00,25.320000000000007
2016-09-06 05:00:00,25.74000000000001
2016-09-07 05:00:00,26.430000000000007
2016-09-08 05:00:00,28.540000000000006
2016-09-09 05:00:00,26.74000000000001
2016-09-12 05:00:00,27.12000000000002
2016-09-13 05:00:00,25.80000000000001
2016-09-14 05:00:00,24.460000000000022
2016-09-15 05:00:00,24.91000000000001
2016-09-16 05:00:00,24.04000000000002
2016-09-19 05:00:00,24.240000000000023
2016-09-20 05:00:00,24.380000000000024
2016-09-21 05:00:00,25.580000000000013
2016-09-22 05:00:00,26.560000000000016
2016-09-23 05:00:00,24.750000000000014
2016-09-26 05:00:00,26.170000000000016
2016-09-27 05:00:00,24.920000000000016
2016-09-28 05:00:00,27.330000000000013
2016-09-29 05:00:00,28.080000000000013
2016-09-30 05:00:00,28.500000000000014
2016-10-03 05:00:00,29.080000000000013
2016-10-04 05:00:00,28.980000000000018
2016-10-05 05:00:00,30.060000000000016
2016-10-06 05:00:00,30.66000000000001
2016-10-07 05:00:00,30.060000000000016
2016-10-10 05:00:00,31.55000000000001
2016-10-11 05:00:00,30.920000000000016
2016-10-12 05:00:00,30.340000000000018
2016-10-13 05:00:00,30.550000000000026
2016-10-14 05:00:00,30.43000000000002
2016-10-17 05:00:00,30.080000000000013
2016-10-18 05:00:00,30.310000000000016
2016-10-19 05:00:00,31.450000000000017
2016-10-20 05:00:00,30.310000000000016
2016-10-21 05:00:00,30.600000000000023
2016-10-24 05:00:00,30.330000000000013
2016-10-25 05:00:00,29.770000000000024
2016-10-26 05:00:00,29.000000000000014
2016-10-27 05:00:00,29.51000000000002
2016-10-28 05:00:00,28.500000000000014
2016-10-31 05:00:00,26.630000000000024
2016-11-01 05:00:00,26.410000000000025
2016-11-02 05:00:00,25.100000000000023
2016-11-03 05:00:00,24.420000000000016
2016-11-04 05:00:00,23.82000000000002
2016-11-07 06:00:00,24.640000000000015
2016-11-08 06:00:00,24.780000000000015
2016-11-09 06:00:00,25.110000000000014
2016-11-10 06:00:00,24.530000000000015
2016-11-11 06:00:00,23.32000000000002
2016-11-14 06:00:00,23.05000000000001
2016-11-15 06:00:00,25.460000000000022
2016-11-16 06:00:00,25.170000000000016
2016-11-17 06:00:00,25.110000000000014
2016-11-18 06:00:00,25.51000000000002
2016-11-21 06:00:00,27.43000000000002
2016-11-22 06:00:00,27.330000000000013
2016-11-23 06:00:00,27.26000000000002
2016-11-25 06:00:00,25.40000000000002
2016-11-28 06:00:00,26.390000000000015
2016-11-29 06:00:00,24.530000000000015
2016-11-30 06:00:00,28.740000000000023
2016-12-01 06:00:00,30.360000000000014
2016-12-02 06:00:00,31.05000000000001
2016-12-05 06:00:00,31.230000000000018
2016-12-06 06:00:00,30.37000000000002
2016-12-07 06:00:00,29.340000000000018
2016-12-08 06:00:00,30.280000000000015
2016-12-09 06:00:00,30.840000000000018
2016-12-12 06:00:00,32.15000000000002
2016-12-13 06:00:00,32.37000000000002
2016-12-14 06:00:00,30.610000000000014
2016-12-15 06:00:00,30.470000000000013
2016-12-16 06:00:00,31.430000000000007
2016-12-19 06:00:00,31.460000000000008
2016-12-20 06:00:00,31.750000000000014
2016-12-21 06:00:00,30.940000000000012
2016-12-22 06:00:00,31.420000000000016
2016-12-23 06:00:00,31.480000000000018
2016-12-27 06:00:00,32.35000000000001
2016-12-28 06:00:00,32.51000000000002
2016-12-29 06:00:00,32.280000000000015
2016-12-30 06:00:00,32.22000000000001
2017-01-03 06:00:00,30.85000000000001
2017-01-04 06:00:00,31.780000000000015
2017-01-05 06:00:00,32.24000000000001
2017-01-06 06:00:00,32.43000000000001
2017-01-09 06:00:00,30.430000000000007
2017-01-10 06:00:00,29.24000000000001
2017-01-11 06:00:00,30.580000000000013
2017-01-12 06:00:00,31.360000000000014
2017-01-13 06:00:00,30.66000000000001
2017-01-17 06:00:00,30.74000000000001
2017-01-18 06:00:00,29.370000000000005
2017-01-19 06:00:00,29.55000000000001
2017-01-20 06:00:00,30.670000000000016
2017-01-23 06:00:00,30.210000000000008
2017-01-24 06:00:00,30.570000000000007
2017-01-25 06:00:00,30.10000000000001
2017-01-26 06:00:00,31.090000000000018
2017-01-27 06:00:00,30.460000000000008
2017-01-30 06:00:00,29.950000000000017
2017-01-31 06:00:00,30.13000000000001
2017-02-01 06:00:00,31.200000000000017
2017-02-02 06:00:00,30.88000000000001
2017-02-03 06:00:00,31.180000000000007
2017-02-06 06:00:00,30.340000000000018
2017-02-07 06:00:00,29.49000000000001
2017-02-08 06:00:00,29.620000000000005
2017-02-09 06:00:00,30.170000000000016
2017-02-10 06:00:00,31.070000000000007
2017-02-13 06:00:00,30.150000000000006
2017-02-14 06:00:00,30.41000000000001
2017-02-15 06:00:00,30.280000000000015
2017-02-16 06:00:00,30.360000000000014
2017-02-17 06:00:00,30.41000000000001
2017-02-21 06:00:00,30.900000000000006
2017-02-22 06:00:00,30.220000000000013
2017-02-23 06:00:00,31.05000000000001
2017-02-24 06:00:00,30.610000000000014
2017-02-27 06:00:00,30.710000000000008
2017-02-28 06:00:00,30.720000000000013
2017-03-01 06:00:00,30.570000000000007
2017-03-02 06:00:00,29.360000000000014
2017-03-03 06:00:00,30.070000000000007
2017-03-06 06:00:00,30.000000000000014
2017-03-07 06:00:00,29.930000000000007
2017-03-08 06:00:00,27.120000000000005
2017-03-09 06:00:00,26.120000000000005
2017-03-10 06:00:00,25.320000000000007
2017-03-13 05:00:00,25.24000000000001
2017-03-14 05:00:00,24.700000000000003
2017-03-15 05:00:00,25.650000000000006
2017-03-16 05:00:00,25.500000000000014
2017-03-17 05:00:00,25.60000000000001
2017-03-20 05:00:00,25.310000000000002
2017-03-21 05:00:00,24.690000000000012
2017-03-22 05:00:00,24.450000000000003
2017-03-23 05:00:00,24.13000000000001
2017-03-24 05:00:00,24.38000000000001
2017-03-27 05:00:00,24.17
2017-03-28 05:00:00,24.77000000000001
2017-03-29 05:00:00,25.870000000000005
2017-03-30 05:00:00,26.650000000000006
2017-03-31 05:00:00,26.940000000000012
2017-04-03 05:00:00,26.580000000000013
2017-04-04 05:00:00,27.38000000000001
2017-04-05 05:00:00,27.470000000000013
2017-04-06 05:00:00,28.000000000000014
2017-04-07 05:00:00,28.510000000000005
2017-04-10 05:00:00,29.35000000000001
2017-04-11 05:00:00,29.66000000000001
2017-04-12 05:00:00,29.400000000000006
2017-04-13 05:00:00,29.480000000000004
2017-04-17 05:00:00,29.02000000000001
2017-04-18 05:00:00,28.750000000000014
2017-04-19 05:00:00,26.750000000000014
2017-04-20 05:00:00,26.620000000000005
2017-04-21 05:00:00,25.52000000000001
2017-04-24 05:00:00,25.13000000000001
2017-04-25 05:00:00,25.450000000000003
2017-04-26 05:00:00,25.510000000000005
2017-04-27 05:00:00,24.860000000000014
2017-04-28 05:00:00,25.17
2017-05-01 05:00:00,24.710000000000008
2017-05-02 05:00:00,23.540000000000006
2017-05-03 05:00:00,23.730000000000004
2017-05-04 05:00:00,21.450000000000003
2017-05-05 05:00:00,22.150000000000006
2017-05-08 05:00:00,22.390000000000015
2017-05-09 05:00:00,21.820000000000007
2017-05-10 05:00:00,23.250000000000014
2017-05-11 05:00:00,23.750000000000014
2017-05-12 05:00:00,23.680000000000007
2017-05-15 05:00:00,24.640000000000015
2017-05-16 05:00:00,24.530000000000015
2017-05-17 05:00:00,24.940000000000012
2017-05-18 05:00:00,25.150000000000006
2017-05-19 05:00:00,26.16000000000001
2017-05-22 05:00:00,26.640000000000015
2017-05-23 05:00:00,26.960000000000008
2017-05-24 05:00:00,26.830000000000013
2017-05-25 05:00:00,24.38000000000001
2017-05-26 05:00:00,25.290000000000006
2017-05-30 05:00:00,25.150000000000006
2017-05-31 05:00:00,23.80000000000001
2017-06-01 05:00:00,23.840000000000018
2017-06-02 05:00:00,23.110000000000014
2017-06-05 05:00:00,22.820000000000007
2017-06-06 05:00:00,23.580000000000013
2017-06-07 05:00:00,21.220000000000013
2017-06-08 05:00:00,21.13000000000001
2017-06-09 05:00:00,21.310000000000016
2017-06-12 05:00:00,21.560000000000016
2017-06-13 05:00:00,21.890000000000015
2017-06-14 05:00:00,20.140000000000015
2017-06-15 05:00:00,19.91000000000001
2017-06-16 05:00:00,20.200000000000017
2017-06-19 05:00:00,19.690000000000012
2017-06-20 05:00:00,18.77000000000001
2017-06-21 05:00:00,17.750000000000014
2017-06-22 05:00:00,17.970000000000013
2017-06-23 05:00:00,18.27000000000001
2017-06-26 05:00:00,18.610000000000014
2017-06-27 05:00:00,19.49000000000001
2017-06-28 05:00:00,19.99000000000001
2017-06-29 05:00:00,20.200000000000017
2017-06-30 05:00:00,21.290000000000006
2017-07-03 05:00:00,22.290000000000006
2017-07-05 05:00:00,20.340000000000018
2017-07-06 05:00:00,20.700000000000017
2017-07-07 05:00:00,19.390000000000015
2017-07-10 05:00:00,19.60000000000001
2017-07-11 05:00:00,20.230000000000004
2017-07-12 05:00:00,20.66000000000001
2017-07-13 05:00:00,21.25
2017-07-14 05:00:00,21.77000000000001
2017-07-17 05:00:00,21.260000000000005
2017-07-18 05:00:00,21.61
2017-07-19 05:00:00,22.35000000000001
2017-07-20 05:00:00,21.950000000000003
2017-07-21 05:00:00,20.80000000000001
2017-07-24 05:00:00,21.36
2017-07-25 05:00:00,22.870000000000005
2017-07-26 05:00:00,23.700000000000003
2017-07-27 05:00:00,24.02000000000001
2017-07-28 05:00:00,24.66000000000001
2017-07-31 05:00:00,25.11
2017-08-01 05:00:00,24.14
2017-08-02 05:00:00,24.58
2017-08-03 05:00:00,24.040000000000006
2017-08-04 05:00:00,24.58
2017-08-07 05:00:00,24.42
2017-08-08 05:00:00,24.200000000000003
2017-08-09 05:00:00,24.570000000000007
2017-08-10 05:00:00,23.60000000000001
2017-08-11 05:00:00,23.820000000000007
2017-08-14 05:00:00,22.590000000000003
2017-08-15 05:00:00,22.55000000000001
2017-08-16 05:00:00,21.810000000000002
2017-08-17 05:00:00,22.11
2017-08-18 05:00:00,23.53
2017-08-21 05:00:00,22.39
2017-08-22 05:00:00,22.730000000000004
2017-08-23 05:00:00,23.33
2017-08-24 05:00:00,22.41000000000001
2017-08-25 05:00:00,22.83
2017-08-28 05:00:00,21.67
2017-08-29 05:00:00,21.710000000000008
2017-08-30 05:00:00,21.22
2017-08-31 05:00:00,22.67
2017-09-01 05:00:00,22.700000000000003
2017-09-05 05:00:00,23.85000000000001
2017-09-06 05:00:00,24.33
2017-09-07 05:00:00,24.24000000000001
2017-09-08 05:00:00,22.77000000000001
2017-09-11 05:00:00,23.33
2017-09-12 05:00:00,23.430000000000007
2017-09-13 05:00:00,24.36
2017-09-14 05:00:00,24.92
2017-09-15 05:00:00,25.070000000000007
2017-09-18 05:00:00,24.92
2017-09-19 05:00:00,24.5
2017-09-20 05:00:00,25.299999999999997
2017-09-21 05:00:00,25.189999999999998
2017-09-22 05:00:00,25.290000000000006
2017-09-25 05:00:00,26.78
2017-09-26 05:00:00,26.450000000000003
2017-09-27 05:00:00,26.689999999999998
2017-09-28 05:00:00,26.129999999999995
2017-09-29 05:00:00,26.210000000000008
2017-10-02 05:00:00,25.159999999999997
2017-10-03 05:00:00,25.0
2017-10-04 05:00:00,24.58
2017-10-05 05:00:00,25.409999999999997
2017-10-06 05:00:00,23.909999999999997
2017-10-09 05:00:00,24.189999999999998
2017-10-10 05:00:00,25.489999999999995
2017-10-11 05:00:00,25.86
2017-10-12 05:00:00,25.210000000000008
2017-10-13 05:00:00,26.0
2017-10-16 05:00:00,26.400000000000006
2017-10-17 05:00:00,26.340000000000003
2017-10-18 05:00:00,26.510000000000005
2017-10-19 05:00:00,25.790000000000006
2017-10-20 05:00:00,26.10000000000001
2017-10-23 05:00:00,26.14
2017-10-24 05:00:00,26.730000000000004
2017-10-25 05:00:00,26.49000000000001
2017-10-26 05:00:00,26.92
2017-10-27 05:00:00,28.150000000000006
2017-10-30 05:00:00,28.430000000000007
2017-10-31 05:00:00,28.650000000000006
2017-11-01 05:00:00,28.570000000000007
2017-11-02 05:00:00,28.830000000000013
2017-11-03 05:00:00,29.92
2017-11-06 06:00:00,31.63000000000001
2017-11-07 06:00:00,31.49000000000001
2017-11-08 06:00:00,31.11
2017-11-09 06:00:00,31.450000000000003
2017-11-10 06:00:00,31.040000000000006
2017-11-13 06:00:00,31.010000000000005
2017-11-14 06:00:00,29.91000000000001
2017-11-15 06:00:00,29.540000000000006
2017-11-16 06:00:00,29.370000000000005
2017-11-17 06:00:00,30.690000000000012
2017-11-20 06:00:00,30.41000000000001
2017-11-21 06:00:00,30.80000000000001
2017-11-22 06:00:00,31.900000000000006
2017-11-24 06:00:00,32.790000000000006
2017-11-27 06:00:00,32.040000000000006
2017-11-28 06:00:00,31.930000000000007
2017-11-29 06:00:00,31.24000000000001
2017-11-30 06:00:00,31.330000000000013
2017-12-01 06:00:00,32.260000000000005
2017-12-04 06:00:00,31.370000000000005
2017-12-05 06:00:00,31.55000000000001
2017-12-06 06:00:00,29.91000000000001
2017-12-07 06:00:00,30.63000000000001
2017-12-08 06:00:00,31.320000000000007
2017-12-11 06:00:00,31.930000000000007
2017-12-12 06:00:00,31.040000000000006
2017-12-13 06:00:00,30.409999999999997
2017-12-14 06:00:00,30.92
2017-12-15 06:00:00,31.150000000000006
2017-12-18 06:00:00,31.14
2017-12-19 06:00:00,31.489999999999995
2017-12-20 06:00:00,32.040000000000006
2017-12-21 06:00:00,32.31
2017-12-22 06:00:00,32.45
2017-12-26 06:00:00,33.90999999999999
2017-12-27 06:00:00,33.600000000000016
2017-12-28 06:00:00,33.78000000000002
2017-12-29 06:00:00,34.34999999999999
2018-01-02 06:00:00,34.29000000000001
2018-01-03 06:00:00,35.46
2018-01-04 06:00:00,35.809999999999995
2018-01-05 06:00:00,35.319999999999986
2018-01-08 06:00:00,35.62999999999999
2018-01-09 06:00:00,36.779999999999994
2018-01-10 06:00:00,37.29000000000001
2018-01-11 06:00:00,37.54000000000001
2018-01-12 06:00:00,38.11000000000001
2018-01-16 06:00:00,37.570000000000014
2018-01-17 06:00:00,37.820000000000014
2018-01-18 06:00:00,37.79000000000001
2018-01-19 06:00:00,37.24
2018-01-22 06:00:00,37.51000000000001
2018-01-23 06:00:00,38.39000000000001
2018-01-24 06:00:00,39.43999999999999
2018-01-25 06:00:00,39.45000000000001
2018-01-26 06:00:00,40.050000000000004
2018-01-29 06:00:00,39.46999999999999
2018-01-30 06:00:00,38.43
2018-01-31 06:00:00,38.64000000000001
2018-02-01 06:00:00,39.62999999999999
2018-02-02 06:00:00,39.15
2018-02-05 06:00:00,37.90999999999999
2018-02-06 06:00:00,37.18999999999999
2018-02-07 06:00:00,35.62999999999999
2018-02-08 06:00:00,35.02
2018-02-09 06:00:00,33.069999999999986
2018-02-12 06:00:00,33.13000000000002
2018-02-13 06:00:00,33.15
2018-02-14 06:00:00,34.67000000000001
2018-02-15 06:00:00,35.18
2018-02-16 06:00:00,35.59999999999999
2018-02-20 06:00:00,35.96
2018-02-21 06:00:00,35.92000000000001
2018-02-22 06:00:00,36.99999999999999
2018-02-23 06:00:00,37.809999999999995
2018-02-26 06:00:00,38.17000000000001
2018-02-27 06:00:00,37.300000000000004
2018-02-28 06:00:00,35.87
2018-03-01 06:00:00,35.19999999999998
2018-03-02 06:00:00,35.49
2018-03-05 06:00:00,36.79000000000001
2018-03-06 06:00:00,36.850000000000016
2018-03-07 06:00:00,35.42000000000001
2018-03-08 06:00:00,34.46
2018-03-09 06:00:00,36.319999999999986
2018-03-12 05:00:00,35.72999999999998
2018-03-13 05:00:00,35.21999999999999
2018-03-14 05:00:00,35.47999999999998
2018-03-15 05:00:00,35.70000000000001
2018-03-16 05:00:00,36.820000000000014
2018-03-19 05:00:00,36.529999999999994
2018-03-20 05:00:00,37.88000000000002
2018-03-21 05:00:00,39.52
2018-03-22 05:00:00,38.75000000000002
2018-03-23 05:00:00,40.279999999999994
2018-03-26 05:00:00,39.98000000000001
2018-03-27 05:00:00,39.75000000000002
2018-03-28 05:00:00,38.92000000000001
2018-03-29 05:00:00,39.44000000000002
2018-04-02 05:00:00,37.559999999999995
2018-04-03 05:00:00,38.029999999999994
2018-04-04 05:00:00,37.9
2018-04-05 05:00:00,38.11000000000001
2018-04-06 05:00:00,36.67000000000001
2018-04-09 05:00:00,37.99999999999999
2018-04-10 05:00:00,40.01000000000001
2018-04-11 05:00:00,41.309999999999995
2018-04-12 05:00:00,41.45000000000001
2018-04-13 05:00:00,41.87
2018-04-16 05:00:00,40.809999999999995
2018-04-17 05:00:00,41.11000000000001
2018-04-18 05:00:00,43.02
2018-04-19 05:00:00,42.95000000000001
2018-04-20 05:00:00,43.050000000000004
2018-04-23 05:00:00,43.339999999999996
2018-04-24 05:00:00,42.43999999999999
2018-04-25 05:00:00,42.79000000000001
2018-04-26 05:00:00,42.95000000000001
2018-04-27 05:00:00,42.850000000000016
2018-04-30 05:00:00,43.350000000000016
2018-05-01 05:00:00,41.99999999999999
2018-05-02 05:00:00,42.64000000000001
2018-05-03 05:00:00,43.13000000000002
2018-05-04 05:00:00,44.45000000000001
2018-05-07 05:00:00,45.49
2018-05-08 05:00:00,43.839999999999996
2018-05-09 05:00:00,45.92000000000001
2018-05-10 05:00:00,46.18
2018-05-11 05:00:00,45.550000000000004
2018-05-14 05:00:00,45.89000000000001
2018-05-15 05:00:00,46.23000000000001
2018-05-16 05:00:00,46.43
2018-05-17 05:00:00,46.41000000000002
2018-05-18 05:00:00,46.19000000000002
2018-05-21 05:00:00,47.16000000000002
2018-05-22 05:00:00,47.100000000000016
2018-05-23 05:00:00,46.79000000000001
2018-05-24 05:00:00,45.66000000000002
2018-05-25 05:00:00,42.86000000000001
2018-05-29 05:00:00,41.70000000000001
2018-05-30 05:00:00,43.16000000000002
2018-05-31 05:00:00,41.99
2018-06-01 05:00:00,40.850000000000016
2018-06-04 05:00:00,39.76000000000001
2018-06-05 05:00:00,40.54000000000001
2018-06-06 05:00:00,39.78000000000002
2018-06-07 05:00:00,40.97000000000002
2018-06-08 05:00:00,40.75000000000002
2018-06-11 05:00:00,41.11000000000001
2018-06-12 05:00:00,41.350000000000016
2018-06-13 05:00:00,41.590000000000025
2018-06-14 05:00:00,41.64000000000001
2018-06-15 05:00:00,39.77000000000003
2018-06-18 05:00:00,40.65000000000003
2018-06-19 05:00:00,39.93000000000003
2018-06-20 05:00:00,40.61000000000001
2018-06-21 05:00:00,40.23000000000001
2018-06-22 05:00:00,43.00000000000002
2018-06-25 05:00:00,42.41000000000002
2018-06-26 05:00:00,44.65000000000003
2018-06-27 05:00:00,46.63000000000002
2018-06-28 05:00:00,47.18000000000003
2018-06-29 05:00:00,47.830000000000005
2018-07-02 05:00:00,46.99000000000003
2018-07-03 05:00:00,46.96000000000003
2018-07-05 05:00:00,46.00000000000002
2018-07-06 05:00:00,46.94000000000002
2018-07-09 05:00:00,47.350000000000016
2018-07-10 05:00:00,47.93000000000003
2018-07-11 05:00:00,44.23000000000001
2018-07-12 05:00:00,44.72000000000002
2018-07-13 05:00:00,45.20000000000001
2018-07-16 05:00:00,42.310000000000024
2018-07-17 05:00:00,42.49000000000003
2018-07-18 05:00:00,43.03000000000002
2018-07-19 05:00:00,43.18000000000003
2018-07-20 05:00:00,43.29000000000001
2018-07-23 05:00:00,43.40000000000003
2018-07-24 05:00:00,43.840000000000025
2018-07-25 05:00:00,44.66000000000002
2018-07-26 05:00:00,45.080000000000034
2018-07-27 05:00:00,44.38000000000002
2018-07-30 05:00:00,45.600000000000016
2018-07-31 05:00:00,44.28000000000002
2018-08-01 05:00:00,43.15000000000003
2018-08-02 05:00:00,44.310000000000024
2018-08-03 05:00:00,44.00000000000002
2018-08-06 05:00:00,44.590000000000025
2018-08-07 05:00:00,44.98000000000001
2018-08-08 05:00:00,42.90000000000003
2018-08-09 05:00:00,42.79000000000001
2018-08-10 05:00:00,43.590000000000025
2018-08-13 05:00:00,43.26000000000001
2018-08-14 05:00:00,43.050000000000004
2018-08-15 05:00:00,41.29000000000001
2018-08-16 05:00:00,41.71
2018-08-17 05:00:00,41.99
2018-08-20 05:00:00,42.15
2018-08-21 05:00:00,42.54000000000001
2018-08-22 05:00:00,44.560000000000024
2018-08-23 05:00:00,44.580000000000005
2018-08-24 05:00:00,45.41000000000002
2018-08-27 05:00:00,45.590000000000025
2018-08-28 05:00:00,45.27
2018-08-29 05:00:00,46.22000000000002
2018-08-30 05:00:00,46.86000000000001
2018-08-31 05:00:00,46.42000000000001
2018-09-04 05:00:00,46.61000000000001
2018-09-05 05:00:00,45.47000000000002
2018-09-06 05:00:00,44.570000000000014
2018-09-07 05:00:00,44.600000000000016
2018-09-10 05:00:00,44.46
2018-09-11 05:00:00,46.090000000000025
2018-09-12 05:00:00,47.24000000000003
2018-09-13 05:00:00,45.550000000000004
2018-09-14 05:00:00,45.870000000000026
2018-09-17 05:00:00,45.79000000000001
2018-09-18 05:00:00,46.65000000000003
2018-09-19 05:00:00,47.72000000000002
2018-09-20 05:00:00,47.26000000000001
2018-09-21 05:00:00,47.570000000000014
2018-09-24 05:00:00,48.96000000000003
2018-09-25 05:00:00,49.300000000000004
2018-09-26 05:00:00,48.61000000000001
2018-09-27 05:00:00,49.16000000000002
2018-09-28 05:00:00,50.26000000000001
2018-10-01 05:00:00,52.340000000000025
2018-10-02 05:00:00,52.24000000000003
2018-10-03 05:00:00,53.44000000000002
2018-10-04 05:00:00,51.45000000000001
2018-10-05 05:00:00,51.46000000000003
2018-10-08 05:00:00,51.370000000000026
2018-10-09 05:00:00,52.01000000000001
2018-10-10 05:00:00,50.23000000000001
2018-10-11 05:00:00,48.01000000000001
2018-10-12 05:00:00,48.40000000000003
2018-10-15 05:00:00,48.850000000000016
2018-10-16 05:00:00,49.02000000000003
2018-10-17 05:00:00,47.04000000000001
2018-10-18 05:00:00,46.070000000000014
2018-10-19 05:00:00,46.67000000000001
2018-10-22 05:00:00,46.810000000000024
2018-10-23 05:00:00,43.94000000000002
2018-10-24 05:00:00,44.28000000000002
2018-10-25 05:00:00,44.76000000000001
2018-10-26 05:00:00,45.070000000000014
2018-10-29 05:00:00,44.53000000000002
2018-10-30 05:00:00,43.63000000000002
2018-10-31 05:00:00,42.76000000000001
2018-11-01 05:00:00,41.13000000000002
2018-11-02 05:00:00,40.600000000000016
2018-11-05 06:00:00,40.53000000000002
2018-11-06 06:00:00,39.66000000000002
2018-11-07 06:00:00,39.14000000000001
2018-11-08 06:00:00,38.18000000000003
2018-11-09 06:00:00,37.68000000000003
2018-11-12 06:00:00,37.40000000000003
2018-11-13 06:00:00,33.17000000000001
2018-11-14 06:00:00,33.79000000000001
2018-11-15 06:00:00,34.02
2018-11-16 06:00:00,34.00000000000002
2018-11-19 06:00:00,34.44000000000002
2018-11-20 06:00:00,30.690000000000012
2018-11-21 06:00:00,31.92
2018-11-23 06:00:00,27.710000000000008
2018-11-26 06:00:00,28.92
2018-11-27 06:00:00,28.85000000000001
2018-11-28 06:00:00,27.610000000000014
2018-11-29 06:00:00,28.74000000000001
2018-11-30 06:00:00,28.210000000000008
2018-12-03 06:00:00,30.260000000000005
2018-12-04 06:00:00,30.580000000000013
2018-12-05 06:00:00,30.24000000000001
2018-12-06 06:00:00,28.820000000000007
2018-12-07 06:00:00,29.930000000000007
2018-12-10 06:00:00,28.320000000000007
2018-12-11 06:00:00,28.960000000000008
2018-12-12 06:00:00,28.480000000000004
2018-12-13 06:00:00,29.960000000000008
2018-12-14 06:00:00,28.650000000000006
2018-12-17 06:00:00,27.439999999999998
2018-12-18 06:00:00,23.83
2018-12-19 06:00:00,25.38000000000001
2018-12-20 06:00:00,23.08
2018-12-21 06:00:00,22.78
2018-12-24 06:00:00,19.710000000000008
2018-12-26 06:00:00,23.430000000000007
2018-12-27 06:00:00,21.790000000000006
2018-12-28 06:00:00,22.49000000000001
2018-12-31 06:00:00,22.61
2019-01-02 06:00:00,23.75
2019-01-03 06:00:00,24.290000000000006
2019-01-04 06:00:00,25.17
2019-01-07 06:00:00,25.710000000000008
2019-01-08 06:00:00,27.0
2019-01-09 06:00:00,29.58
2019-01-10 06:00:00,29.790000000000006
2019-01-11 06:00:00,28.78
2019-01-14 06:00:00,27.650000000000006
2019-01-15 06:00:00,29.210000000000008
2019-01-16 06:00:00,29.439999999999998
2019-01-17 06:00:00,29.200000000000003
2019-01-18 06:00:00,30.810000000000002
2019-01-22 06:00:00,29.810000000000002
2019-01-23 06:00:00,29.430000000000007
2019-01-24 06:00:00,29.930000000000007
2019-01-25 06:00:00,30.489999999999995
2019-01-28 06:00:00,28.799999999999997
2019-01-29 06:00:00,30.11
2019-01-30 06:00:00,30.980000000000004
2019-01-31 06:00:00,30.549999999999997
2019-02-01 06:00:00,32.06
2019-02-04 06:00:00,31.400000000000006
2019-02-05 06:00:00,30.510000000000005
2019-02-06 06:00:00,30.85000000000001
2019-02-07 06:00:00,29.510000000000005
2019-02-08 06:00:00,29.60000000000001
2019-02-11 06:00:00,29.330000000000013
2019-02-12 06:00:00,30.05000000000001
2019-02-13 06:00:00,30.930000000000007
2019-02-14 06:00:00,31.400000000000006
2019-02-15 06:00:00,32.59
2019-02-19 06:00:00,33.000000000000014
2019-02-20 06:00:00,33.69000000000002
2019-02-21 06:00:00,33.51000000000001
2019-02-22 06:00:00,33.800000000000004
2019-02-25 06:00:00,31.970000000000013
2019-02-26 06:00:00,32.02000000000001
2019-02-27 06:00:00,33.42000000000001
2019-02-28 06:00:00,33.66000000000002
2019-03-01 06:00:00,32.24000000000001
2019-03-04 06:00:00,33.02000000000001
2019-03-05 06:00:00,32.99000000000001
2019-03-06 06:00:00,32.67
2019-03-07 06:00:00,33.080000000000005
2019-03-08 06:00:00,32.480000000000004
2019-03-11 05:00:00,33.17000000000001
2019-03-12 05:00:00,33.25000000000002
2019-03-13 05:00:00,34.570000000000014
2019-03-14 05:00:00,34.839999999999996
2019-03-15 05:00:00,34.74999999999999
2019-03-18 05:00:00,35.279999999999994
2019-03-19 05:00:00,35.21
2019-03-20 05:00:00,36.11000000000001
2019-03-21 05:00:00,35.830000000000005
2019-03-22 05:00:00,34.92000000000001
2019-03-25 05:00:00,34.71000000000003
2019-03-26 05:00:00,35.73000000000001
2019-03-27 05:00:00,35.24
2019-03-28 05:00:00,35.11000000000001
2019-03-29 05:00:00,35.91000000000002
2019-04-01 05:00:00,37.340000000000025
2019-04-02 05:00:00,38.24
2019-04-03 05:00:00,38.15000000000003
2019-04-04 05:00:00,37.820000000000014
2019-04-05 05:00:00,38.78000000000002
2019-04-08 05:00:00,39.96
2019-04-09 05:00:00,39.590000000000025
2019-04-10 05:00:00,40.28000000000002
2019-04-11 05:00:00,39.300000000000004
2019-04-12 05:00:00,39.67000000000001
2019-04-15 05:00:00,39.24000000000003
2019-04-16 05:00:00,39.830000000000034
2019-04-17 05:00:00,39.51000000000001
2019-04-18 05:00:00,39.69000000000002
2019-04-22 05:00:00,41.080000000000034
2019-04-23 05:00:00,41.810000000000024
2019-04-24 05:00:00,41.46000000000003
2019-04-25 05:00:00,40.850000000000016
2019-04-26 05:00:00,38.95000000000001
2019-04-29 05:00:00,39.14000000000001
2019-04-30 05:00:00,39.550000000000004
2019-05-01 05:00:00,39.26000000000001
2019-05-02 05:00:00,37.47000000000002
2019-05-03 05:00:00,37.61000000000001
2019-05-06 05:00:00,37.94000000000002
2019-05-07 05:00:00,37.080000000000005
2019-05-08 05:00:00,37.79000000000001
2019-05-09 05:00:00,37.38000000000002
2019-05-10 05:00:00,37.370000000000026
2019-05-13 05:00:00,36.810000000000024
2019-05-14 05:00:00,37.590000000000025
2019-05-15 05:00:00,37.90000000000003
2019-05-16 05:00:00,38.68000000000003
2019-05-17 05:00:00,38.50000000000002
2019-05-20 05:00:00,38.77
2019-05-21 05:00:00,38.72000000000002
2019-05-22 05:00:00,37.01000000000001
2019-05-23 05:00:00,33.50000000000002
2019-05-24 05:00:00,34.22000000000002
2019-05-28 05:00:00,34.86000000000001
2019-05-29 05:00:00,34.46
2019-05-30 05:00:00,32.250000000000014
2019-05-31 05:00:00,29.150000000000006
2019-06-03 05:00:00,28.890000000000015
2019-06-04 05:00:00,29.140000000000015
2019-06-05 05:00:00,27.340000000000003
2019-06-06 05:00:00,28.24000000000001
2019-06-07 05:00:00,29.67
2019-06-10 05:00:00,28.99000000000001
2019-06-11 05:00:00,29.030000000000015
2019-06-12 05:00:00,26.890000000000015
2019-06-13 05:00:00,28.070000000000007
2019-06-14 05:00:00,28.30000000000001
2019-06-17 05:00:00,27.66000000000001
2019-06-18 05:00:00,29.540000000000006
2019-06-19 05:00:00,29.38000000000001
2019-06-20 05:00:00,32.48000000000002
2019-06-21 05:00:00,32.85000000000001
2019-06-24 05:00:00,33.28000000000002
2019-06-25 05:00:00,33.24000000000003
2019-06-26 05:00:00,34.78000000000002
2019-06-27 05:00:00,34.840000000000025
2019-06-28 05:00:00,33.870000000000026
2019-07-01 05:00:00,34.49
2019-07-02 05:00:00,31.690000000000012
2019-07-03 05:00:00,32.790000000000006
2019-07-05 05:00:00,32.94000000000001
2019-07-08 05:00:00,33.110000000000035
2019-07-09 05:00:00,33.29000000000001
2019-07-10 05:00:00,35.870000000000026
2019-07-11 05:00:00,35.63000000000002
2019-07-12 05:00:00,35.65
2019-07-15 05:00:00,35.02
2019-07-16 05:00:00,33.089999999999996
2019-07-17 05:00:00,32.33000000000001
2019-07-18 05:00:00,30.820000000000007
2019-07-19 05:00:00,31.200000000000003
2019-07-22 05:00:00,31.67
2019-07-23 05:00:00,32.230000000000004
2019-07-24 05:00:00,31.38000000000001
2019-07-25 05:00:00,31.540000000000006
2019-07-26 05:00:00,31.710000000000008
2019-07-29 05:00:00,32.34
2019-07-30 05:00:00,33.49000000000003
2019-07-31 05:00:00,34.01000000000001
2019-08-01 05:00:00,29.39
2019-08-02 05:00:00,31.05000000000001
2019-08-05 05:00:00,29.960000000000008
2019-08-06 05:00:00,28.970000000000013
2019-08-07 05:00:00,26.41000000000001
2019-08-08 05:00:00,27.840000000000003
2019-08-09 05:00:00,29.75
2019-08-12 05:00:00,30.230000000000004
2019-08-13 05:00:00,32.56
2019-08-14 05:00:00,30.680000000000007
2019-08-15 05:00:00,29.780000000000015
2019-08-16 05:00:00,30.110000000000014
2019-08-19 05:00:00,31.400000000000006
2019-08-20 05:00:00,31.49000000000001
2019-08-21 05:00:00,31.180000000000007
2019-08-22 05:00:00,30.85000000000001
2019-08-23 05:00:00,29.710000000000008
2019-08-26 05:00:00,29.190000000000012
2019-08-27 05:00:00,30.460000000000008
2019-08-28 05:00:00,31.290000000000006
2019-08-29 05:00:00,32.140000000000015
2019-08-30 05:00:00,30.580000000000013
2019-09-03 05:00:00,29.450000000000003
2019-09-04 05:00:00,31.790000000000006
2019-09-05 05:00:00,31.85000000000001
2019-09-06 05:00:00,32.120000000000005
2019-09-09 05:00:00,33.42000000000001
2019-09-10 05:00:00,32.980000000000004
2019-09-11 05:00:00,31.360000000000014
2019-09-12 05:00:00,30.780000000000015
2019-09-13 05:00:00,30.51000000000002
2019-09-16 05:00:00,37.94000000000002
2019-09-17 05:00:00,34.49
2019-09-18 05:00:00,33.54000000000001
2019-09-19 05:00:00,33.830000000000005
2019-09-20 05:00:00,33.76000000000004
2019-09-23 05:00:00,34.340000000000025
2019-09-24 05:00:00,33.000000000000014
2019-09-25 05:00:00,32.24000000000001
2019-09-26 05:00:00,32.20000000000002
2019-09-27 05:00:00,31.710000000000008
2019-09-30 05:00:00,29.900000000000006
2019-10-01 05:00:00,29.420000000000016
2019-10-02 05:00:00,28.430000000000007
2019-10-03 05:00:00,28.280000000000015
2019-10-04 05:00:00,28.66000000000001
2019-10-07 05:00:00,28.63000000000001
2019-10-08 05:00:00,28.540000000000006
2019-10-09 05:00:00,28.530000000000015
2019-10-10 05:00:00,29.480000000000018
2019-10-11 05:00:00,30.700000000000017
2019-10-14 05:00:00,29.640000000000015
2019-10-15 05:00:00,28.890000000000015
2019-10-16 05:00:00,29.450000000000017
2019-10-17 05:00:00,29.99000000000001
2019-10-18 05:00:00,29.80000000000001
2019-10-21 05:00:00,29.52000000000001
2019-10-22 05:00:00,30.480000000000018
2019-10-23 05:00:00,31.970000000000013
2019-10-24 05:00:00,32.250000000000014
2019-10-25 05:00:00,32.69000000000001
2019-10-28 05:00:00,31.88000000000001
2019-10-29 05:00:00,31.66000000000001
2019-10-30 05:00:00,31.080000000000013
2019-10-31 05:00:00,30.230000000000018
2019-11-01 05:00:00,32.250000000000014
2019-11-04 06:00:00,32.58000000000001
2019-11-05 06:00:00,33.27000000000003
2019-11-06 06:00:00,32.360000000000014
2019-11-07 06:00:00,33.13000000000002
2019-11-08 06:00:00,33.24000000000003
2019-11-11 06:00:00,32.88000000000001
2019-11-12 06:00:00,32.85000000000001
2019-11-13 06:00:00,33.20000000000004
2019-11-14 06:00:00,32.88000000000001
2019-11-15 06:00:00,33.800000000000004
2019-11-18 06:00:00,33.110000000000035
2019-11-19 06:00:00,31.370000000000005
2019-11-20 06:00:00,32.99000000000001
2019-11-21 06:00:00,34.52
2019-11-22 06:00:00,33.77000000000003
2019-11-25 06:00:00,34.02
2019-11-26 06:00:00,34.43
2019-11-27 06:00:00,34.16000000000002
2019-11-29 06:00:00,31.250000000000014
2019-12-02 06:00:00,32.02000000000001
2019-12-03 06:00:00,32.140000000000015
2019-12-04 06:00:00,34.45000000000001
2019-12-05 06:00:00,34.45000000000001
2019-12-06 06:00:00,35.21
2019-12-09 06:00:00,35.03000000000002
2019-12-10 06:00:00,35.25000000000002
2019-12-11 06:00:00,34.76000000000001
2019-12-12 06:00:00,35.17000000000001
2019-12-13 06:00:00,36.080000000000005
2019-12-16 06:00:00,36.26000000000001
2019-12-17 06:00:00,36.94000000000002
2019-12-18 06:00:00,36.97000000000002
2019-12-19 06:00:00,37.29000000000001
2019-12-20 06:00:00,36.66000000000002
2019-12-23 06:00:00,36.76000000000001
2019-12-24 06:00:00,37.350000000000016
2019-12-26 06:00:00,37.89000000000001
2019-12-27 06:00:00,37.94000000000002
2019-12-30 06:00:00,37.850000000000016
2019-12-31 06:00:00,37.18000000000003
2020-01-02 06:00:00,37.360000000000035
2020-01-03 06:00:00,39.23000000000001
2020-01-06 06:00:00,39.45000000000001
2020-01-07 06:00:00,38.92000000000001
2020-01-08 06:00:00,35.870000000000026
2020-01-09 06:00:00,35.850000000000016
2020-01-10 06:00:00,35.40000000000003
2020-01-13 06:00:00,34.54000000000001
2020-01-14 06:00:00,34.74
2020-01-15 06:00:00,34.320000000000014
2020-01-16 06:00:00,34.98000000000001
2020-01-17 06:00:00,35.060000000000024
2020-01-21 06:00:00,34.89000000000001
2020-01-22 06:00:00,33.310000000000024
2020-01-23 06:00:00,32.16000000000001
2020-01-24 06:00:00,30.750000000000014
2020-01-27 06:00:00,29.730000000000018
2020-01-28 06:00:00,30.07000000000002
2020-01-29 06:00:00,29.960000000000008
2020-01-30 06:00:00,28.780000000000015
2020-01-31 06:00:00,28.230000000000018
2020-02-03 06:00:00,26.830000000000013
2020-02-04 06:00:00,26.35000000000001
2020-02-05 06:00:00,27.470000000000013
2020-02-06 06:00:00,27.690000000000012
2020-02-07 06:00:00,27.10000000000001
2020-02-10 06:00:00,26.330000000000013
2020-02-11 06:00:00,26.750000000000014
2020-02-12 06:00:00,27.980000000000018
2020-02-13 06:00:00,28.230000000000018
2020-02-14 06:00:00,28.90000000000002
2020-02-18 06:00:00,28.88000000000001
2020-02-19 06:00:00,30.04000000000002
2020-02-20 06:00:00,30.360000000000014
2020-02-21 06:00:00,29.80000000000001
2020-02-24 06:00:00,27.88000000000001
2020-02-25 06:00:00,26.360000000000014
2020-02-26 06:00:00,25.18000000000002
2020-02-27 06:00:00,23.590000000000018
2020-02-28 06:00:00,21.24000000000001
2020-03-02 06:00:00,23.220000000000013
2020-03-03 06:00:00,23.63000000000001
2020-03-04 06:00:00,23.250000000000014
2020-03-05 06:00:00,22.360000000000014
2020-03-06 06:00:00,17.810000000000016
2020-03-09 05:00:00,7.77000000000001
2020-03-10 05:00:00,11.030000000000015
2020-03-11 05:00:00,9.690000000000012
2020-03-12 05:00:00,8.340000000000018
2020-03-13 05:00:00,8.420000000000016
2020-03-16 05:00:00,5.380000000000024
2020-03-17 05:00:00,3.8800000000000168
2020-03-18 05:00:00,-2.2399999999999842
2020-03-19 05:00:00,2.6200000000000117
2020-03-20 05:00:00,0.1900000000000155
2020-03-23 05:00:00,1.3100000000000165
2020-03-24 05:00:00,2.0300000000000153
2020-03-25 05:00:00,2.990000000000016
2020-03-26 05:00:00,1.5400000000000205
2020-03-27 05:00:00,0.9800000000000182
2020-03-30 05:00:00,-0.07999999999998408
2020-03-31 05:00:00,0.3400000000000176
2020-04-01 05:00:00,-0.4299999999999855
2020-04-02 05:00:00,3.8800000000000168
2020-04-03 05:00:00,6.730000000000018
2020-04-06 05:00:00,5.8100000000000165
2020-04-07 05:00:00,4.520000000000017
2020-04-08 05:00:00,6.000000000000014
2020-04-09 05:00:00,4.65000000000002
2020-04-13 05:00:00,5.610000000000014
2020-04-14 05:00:00,4.520000000000017
2020-04-15 05:00:00,2.6100000000000207
2020-04-16 05:00:00,2.200000000000017
2020-04-17 05:00:00,2.0700000000000145
2020-04-20 05:00:00,-1.0699999999999825
2020-04-21 05:00:00,-8.659999999999982
2020-04-22 05:00:00,-6.659999999999982
2020-04-23 05:00:00,-5.909999999999982
2020-04-24 05:00:00,-6.129999999999985
2020-04-27 05:00:00,-9.269999999999985
2020-04-28 05:00:00,-9.749999999999982
2020-04-29 05:00:00,-8.229999999999983
2020-04-30 05:00:00,-5.499999999999982
2020-05-01 05:00:00,-5.0599999999999845
2020-05-04 05:00:00,-4.5699999999999825
2020-05-05 05:00:00,-0.8599999999999852
2020-05-06 05:00:00,-1.7299999999999827
2020-05-07 05:00:00,-2.5199999999999854
2020-05-08 05:00:00,-1.179999999999982
2020-05-11 05:00:00,-2.2699999999999854
2020-05-12 05:00:00,-1.5999999999999872
2020-05-13 05:00:00,-2.229999999999986
2020-05-14 05:00:00,-0.3699999999999868
2020-05-15 05:00:00,1.0900000000000176
2020-05-18 05:00:00,3.240000000000016
2020-05-19 05:00:00,3.440000000000012
2020-05-20 05:00:00,4.910000000000011
2020-05-21 05:00:00,5.3100000000000165
2020-05-22 05:00:00,4.620000000000012
2020-05-26 05:00:00,5.740000000000016
2020-05-27 05:00:00,4.20000000000001
2020-05-28 05:00:00,5.030000000000015
2020-05-29 05:00:00,6.8100000000000165
2020-06-01 05:00:00,6.760000000000012
2020-06-02 05:00:00,8.030000000000015
2020-06-03 05:00:00,8.560000000000016
2020-06-04 05:00:00,8.690000000000012
2020-06-05 05:00:00,10.77000000000001
2020-06-08 05:00:00,9.400000000000013
2020-06-09 05:00:00,10.13000000000001
2020-06-10 05:00:00,10.750000000000014
2020-06-11 05:00:00,7.540000000000013
2020-06-12 05:00:00,7.510000000000012
2020-06-15 05:00:00,8.440000000000012
2020-06-16 05:00:00,9.600000000000009
2020-06-17 05:00:00,9.13000000000001
2020-06-18 05:00:00,9.960000000000008
2020-06-19 05:00:00,10.66000000000001
2020-06-22 05:00:00,11.580000000000013
2020-06-23 05:00:00,11.240000000000009
2020-06-24 05:00:00,8.940000000000012
2020-06-25 05:00:00,9.640000000000008
2020-06-26 05:00:00,9.38000000000001
2020-06-29 05:00:00,10.540000000000013
2020-06-30 05:00:00,10.070000000000014
2020-07-01 05:00:00,10.650000000000013
2020-07-02 05:00:00,11.490000000000009
2020-07-06 05:00:00,11.460000000000008
2020-07-07 05:00:00,11.430000000000014
2020-07-08 05:00:00,11.77000000000001
2020-07-09 05:00:00,10.56000000000001
2020-07-10 05:00:00,11.490000000000009
2020-07-13 05:00:00,11.050000000000011
2020-07-14 05:00:00,11.290000000000006
2020-07-15 05:00:00,12.13000000000001
2020-07-16 05:00:00,11.66000000000001
2020-07-17 05:00:00,11.500000000000007
2020-07-20 05:00:00,11.650000000000013
2020-07-21 05:00:00,12.620000000000012
2020-07-22 05:00:00,12.600000000000009
2020-07-23 05:00:00,11.77000000000001
2020-07-24 05:00:00,12.010000000000012
2020-07-27 05:00:00,12.360000000000007
2020-07-28 05:00:00,11.84000000000001
2020-07-29 05:00:00,12.100000000000009
2020-07-30 05:00:00,10.800000000000011
2020-07-31 05:00:00,11.13000000000001
2020-08-03 05:00:00,11.870000000000012
2020-08-04 05:00:00,12.470000000000006
2020-08-05 05:00:00,12.990000000000009
2020-08-06 05:00:00,12.760000000000012
2020-08-07 05:00:00,12.050000000000011
2020-08-10 05:00:00,12.730000000000011
2020-08-11 05:00:00,12.430000000000007
2020-08-12 05:00:00,13.480000000000004
2020-08-13 05:00:00,13.070000000000007
2020-08-14 05:00:00,12.900000000000006
2020-08-17 05:00:00,13.71
2020-08-18 05:00:00,13.670000000000002
2020-08-19 05:00:00,13.620000000000005
2020-08-20 05:00:00,13.320000000000007
2020-08-21 05:00:00,12.850000000000001
2020-08-24 05:00:00,13.160000000000004
2020-08-25 05:00:00,13.880000000000003
2020-08-26 05:00:00,13.920000000000002
2020-08-27 05:00:00,13.540000000000006
2020-08-28 05:00:00,13.520000000000003
2020-08-31 05:00:00,13.130000000000003
2020-09-01 05:00:00,13.310000000000002
2020-09-02 05:00:00,12.080000000000005
2020-09-03 05:00:00,11.950000000000003
2020-09-04 05:00:00,10.380000000000003
2020-09-08 05:00:00,7.420000000000002
2020-09-09 05:00:00,8.64
2020-09-10 05:00:00,7.890000000000001
2020-09-11 05:00:00,7.880000000000003
2020-09-14 05:00:00,7.790000000000006
2020-09-15 05:00:00,8.730000000000004
2020-09-16 05:00:00,10.520000000000003
2020-09-17 05:00:00,11.330000000000005
2020-09-18 05:00:00,11.410000000000004
2020-09-21 05:00:00,9.650000000000006
2020-09-22 05:00:00,9.890000000000008
2020-09-23 05:00:00,10.020000000000003
2020-09-24 05:00:00,10.380000000000003
2020-09-25 05:00:00,10.310000000000002
2020-09-28 05:00:00,10.670000000000002
2020-09-29 05:00:00,9.360000000000007
2020-09-30 05:00:00,10.270000000000003
2020-10-01 05:00:00,8.810000000000002
2020-10-02 05:00:00,7.140000000000008
2020-10-05 05:00:00,9.300000000000004
2020-10-06 05:00:00,10.730000000000004
2020-10-07 05:00:00,10.030000000000001
2020-10-08 05:00:00,11.270000000000003
2020-10-09 05:00:00,10.71
2020-10-12 05:00:00,9.530000000000001
2020-10-13 05:00:00,10.270000000000003
2020-10-14 05:00:00,11.079999999999998
2020-10-15 05:00:00,10.969999999999999
2020-10-16 05:00:00,10.840000000000003
2020-10-19 05:00:00,10.760000000000005
2020-10-20 05:00:00,11.39
2020-10-21 05:00:00,9.730000000000004
2020-10-22 05:00:00,10.36
2020-10-23 05:00:00,9.57
2020-10-26 05:00:00,8.310000000000002
2020-10-27 05:00:00,9.29
2020-10-28 05:00:00,7.140000000000001
2020-10-29 05:00:00,5.93
2020-10-30 05:00:00,5.57
2020-11-02 06:00:00,6.600000000000001
2020-11-03 06:00:00,7.410000000000004
2020-11-04 06:00:00,8.89
2020-11-05 06:00:00,8.530000000000001
2020-11-06 06:00:00,6.910000000000004
2020-11-09 06:00:00,10.04
2020-11-10 06:00:00,11.090000000000003
2020-11-11 06:00:00,11.160000000000004
2020-11-12 06:00:00,10.840000000000003
2020-11-13 06:00:00,9.800000000000004
2020-11-16 06:00:00,10.920000000000002
2020-11-17 06:00:00,11.0
2020-11-18 06:00:00,11.340000000000003
2020-11-19 06:00:00,11.21
2020-11-20 06:00:00,11.740000000000002
2020-11-23 06:00:00,12.380000000000003
2020-11-24 06:00:00,14.21
2020-11-25 06:00:00,15.009999999999998
2020-11-27 06:00:00,14.840000000000003
2020-11-30 06:00:00,14.61
2020-12-01 06:00:00,13.829999999999998
2020-12-02 06:00:00,14.54
2020-12-03 06:00:00,14.89
2020-12-04 06:00:00,15.520000000000003
2020-12-07 06:00:00,15.050000000000004
2020-12-08 06:00:00,14.899999999999999
2020-12-09 06:00:00,14.82
2020-12-10 06:00:00,16.060000000000002
2020-12-11 06:00:00,15.850000000000001
2020-12-14 06:00:00,16.250000000000007
2020-12-15 06:00:00,16.860000000000007
2020-12-16 06:00:00,17.1
2020-12-17 06:00:00,17.630000000000003
2020-12-18 06:00:00,18.320000000000007
2020-12-21 06:00:00,17.070000000000007
2020-12-22 06:00:00,16.14
2020-12-23 06:00:00,17.220000000000006
2020-12-24 06:00:00,17.330000000000005
2020-12-28 06:00:00,16.750000000000007
2020-12-29 06:00:00,17.120000000000005
2020-12-30 06:00:00,17.480000000000004
2020-12-31 06:00:00,17.610000000000007
2021-01-04 06:00:00,16.740000000000002
2021-01-05 06:00:00,18.990000000000002
2021-01-06 06:00:00,19.67
2021-01-07 06:00:00,19.85
2021-01-08 06:00:00,21.240000000000002
2021-01-11 06:00:00,21.250000000000007
2021-01-12 06:00:00,22.21
2021-01-13 06:00:00,21.970000000000006
2021-01-14 06:00:00,22.580000000000005
2021-01-15 06:00:00,21.410000000000004
2021-01-19 06:00:00,21.950000000000003
2021-01-20 06:00:00,22.250000000000007
2021-01-21 06:00:00,22.1
2021-01-22 06:00:00,21.240000000000002
2021-01-25 06:00:00,21.720000000000006
2021-01-26 06:00:00,21.570000000000007
2021-01-27 06:00:00,21.78
2021-01-28 06:00:00,21.290000000000006
2021-01-29 06:00:00,21.130000000000003
2021-02-01 06:00:00,22.470000000000006
2021-02-02 06:00:00,23.67
2021-02-03 06:00:00,24.590000000000003
2021-02-04 06:00:00,25.010000000000005
2021-02-05 06:00:00,25.750000000000007
2021-02-08 06:00:00,26.880000000000003
2021-02-09 06:00:00,27.300000000000004
2021-02-10 06:00:00,27.640000000000008
2021-02-11 06:00:00,27.210000000000008
2021-02-12 06:00:00,28.390000000000008
2021-02-16 06:00:00,29.110000000000007
2021-02-17 06:00:00,30.090000000000003
2021-02-18 06:00:00,29.520000000000003
2021-02-19 06:00:00,28.390000000000008
2021-02-22 06:00:00,30.730000000000004
2021-02-23 06:00:00,30.760000000000005
2021-02-24 06:00:00,32.330000000000005
2021-02-25 06:00:00,32.550000000000004
2021-02-26 06:00:00,30.560000000000002
2021-03-01 06:00:00,29.750000000000007
2021-03-02 06:00:00,28.900000000000006
2021-03-03 06:00:00,30.430000000000007
2021-03-04 06:00:00,32.95
2021-03-05 06:00:00,35.25000000000001
2021-03-08 06:00:00,34.26000000000001
2021-03-09 06:00:00,33.32000000000001
2021-03-10 06:00:00,33.75000000000001
2021-03-11 06:00:00,35.330000000000005
2021-03-12 06:00:00,35.03000000000001
2021-03-15 05:00:00,34.87000000000001
2021-03-16 05:00:00,34.350000000000016
2021-03-17 05:00:00,34.12000000000001
2021-03-18 05:00:00,29.610000000000007
2021-03-19 05:00:00,30.98000000000001
2021-03-22 05:00:00,31.16000000000001
2021-03-23 05:00:00,27.45000000000001
2021-03-24 05:00:00,30.830000000000005
2021-03-25 05:00:00,28.24000000000001
2021-03-26 05:00:00,30.63000000000001
2021-03-29 05:00:00,31.20000000000001
2021-03-30 05:00:00,30.23000000000001
2021-03-31 05:00:00,28.85000000000001
2021-04-01 05:00:00,31.150000000000006
2021-04-05 05:00:00,28.35000000000001
2021-04-06 05:00:00,29.040000000000006
2021-04-07 05:00:00,29.48000000000001
2021-04-08 05:00:00,29.30000000000001
2021-04-09 05:00:00,29.02000000000001
2021-04-12 05:00:00,29.42000000000001
2021-04-13 05:00:00,29.92000000000001
2021-04-14 05:00:00,32.85000000000001
2021-04-15 05:00:00,33.13000000000001
2021-04-16 05:00:00,32.820000000000014
2021-04-19 05:00:00,33.04000000000001
2021-04-20 05:00:00,32.33000000000001
2021-04-21 05:00:00,31.000000000000014
2021-04-22 05:00:00,31.070000000000014
2021-04-23 05:00:00,31.750000000000014
2021-04-26 05:00:00,31.53000000000001
2021-04-27 05:00:00,32.53000000000001
2021-04-28 05:00:00,33.48000000000001
2021-04-29 05:00:00,34.61000000000001
2021-04-30 05:00:00,33.21000000000001
2021-05-03 05:00:00,34.14000000000001
2021-05-04 05:00:00,35.34000000000001
2021-05-05 05:00:00,35.320000000000014
2021-05-06 05:00:00,34.40000000000001
2021-05-07 05:00:00,34.61000000000001
2021-05-10 05:00:00,34.66000000000002
2021-05-11 05:00:00,35.03000000000001
2021-05-12 05:00:00,35.830000000000005
2021-05-13 05:00:00,33.57
2021-05-14 05:00:00,35.04
2021-05-17 05:00:00,35.949999999999996
2021-05-18 05:00:00,35.21
2021-05-19 05:00:00,33.06
2021-05-20 05:00:00,31.67
2021-05-21 05:00:00,33.24
2021-05-24 05:00:00,35.660000000000004
2021-05-25 05:00:00,35.67000000000001
2021-05-26 05:00:00,35.839999999999996
2021-05-27 05:00:00,36.48
2021-05-28 05:00:00,35.98
2021-06-01 05:00:00,37.4
2021-06-02 05:00:00,38.51
2021-06-03 05:00:00,38.48
2021-06-04 05:00:00,39.27
2021-06-07 05:00:00,38.92000000000001
2021-06-08 05:00:00,39.75000000000001
2021-06-09 05:00:00,39.67000000000001
2021-06-10 05:00:00,39.970000000000006
2021-06-11 05:00:00,40.48
2021-06-14 05:00:00,40.559999999999995
2021-06-15 05:00:00,41.699999999999996
2021-06-16 05:00:00,41.82999999999999
2021-06-17 05:00:00,40.589999999999996
2021-06-18 05:00:00,41.01
2021-06-21 05:00:00,42.589999999999996
2021-06-22 05:00:00,42.60999999999999
2021-06-23 05:00:00,42.919999999999995
2021-06-24 05:00:00,43.18999999999999
2021-06-25 05:00:00,43.88999999999999
2021-06-28 05:00:00,42.76
2021-06-29 05:00:00,42.87
2021-06-30 05:00:00,43.32999999999999
2021-07-01 05:00:00,44.88999999999999
2021-07-02 05:00:00,44.919999999999995
2021-07-06 05:00:00,43.13999999999999
2021-07-07 05:00:00,42.059999999999995
2021-07-08 05:00:00,42.779999999999994
2021-07-09 05:00:00,44.37
2021-07-12 05:00:00,43.99999999999999
2021-07-13 05:00:00,45.32999999999999
2021-07-14 05:00:00,43.449999999999996
2021-07-15 05:00:00,42.279999999999994
2021-07-16 05:00:00,42.45999999999999
2021-07-19 05:00:00,37.4
2021-07-20 05:00:00,38.26
2021-07-21 05:00:00,41.20999999999999
2021-07-22 05:00:00,42.779999999999994
2021-07-23 05:00:00,43.01999999999999
2021-07-26 05:00:00,42.98
2021-07-27 05:00:00,42.779999999999994
2021-07-28 05:00:00,43.43
2021-07-29 05:00:00,44.62
2021-07-30 05:00:00,44.87
2021-08-02 05:00:00,42.24999999999999
2021-08-03 05:00:00,41.669999999999995
2021-08-04 05:00:00,39.43
2021-08-05 05:00:00,40.37999999999999
2021-08-06 05:00:00,39.73999999999999
2021-08-09 05:00:00,37.93999999999999
2021-08-10 05:00:00,39.699999999999996
2021-08-11 05:00:00,40.65999999999999
2021-08-12 05:00:00,40.55999999999998
2021-08-13 05:00:00,39.84999999999999
2021-08-16 05:00:00,38.70999999999999
2021-08-17 05:00:00,37.99999999999998
2021-08-18 05:00:00,36.87999999999999
2021-08-19 05:00:00,35.15999999999998
2021-08-20 05:00:00,33.84999999999999
2021-08-23 05:00:00,37.34999999999999
2021-08-24 05:00:00,39.259999999999984
2021-08-25 05:00:00,40.069999999999986
2021-08-26 05:00:00,39.10999999999998
2021-08-27 05:00:00,40.48999999999999
2021-08-30 05:00:00,40.93999999999999
2021-08-31 05:00:00,40.26999999999999
2021-09-01 05:00:00,40.32999999999998
2021-09-02 05:00:00,41.73999999999999
2021-09-03 05:00:00,41.07999999999998
2021-09-07 05:00:00,40.13999999999998
2021-09-08 05:00:00,41.05999999999998
2021-09-09 05:00:00,39.929999999999986
2021-09-10 05:00:00,41.47999999999998
2021-09-13 00:00:00,
2021-09-13 05:00:00,42.15999999999999
2021-09-13 06:00:00,
2021-09-13 07:00:00,
2021-09-13 08:00:00,
2021-09-13 09:00:00,
2021-09-13 10:00:00,
2021-09-13 11:00:00,
2021-09-13 12:00:00,
2021-09-13 13:00:00,
2021-09-13 14:00:00,
2021-09-13 15:00:00,
2021-09-13 16:00:00,
2021-09-13 17:00:00,
2021-09-13 18:00:00,
2021-09-13 19:00:00,
2021-09-13 20:00:00,
2021-09-13 22:00:00,
2021-09-13 23:00:00,
2021-09-14 00:00:00,
2021-09-14 01:00:00,
2021-09-14 02:00:00,
2021-09-14 03:00:00,
2021-09-14 04:00:00,
2021-09-14 05:00:00,42.179999999999986
2021-09-14 06:00:00,
2021-09-14 07:00:00,
2021-09-14 08:00:00,
2021-09-14 09:00:00,
2021-09-14 10:00:00,
2021-09-14 11:00:00,
2021-09-14 12:00:00,
2021-09-14 13:00:00,
2021-09-14 14:00:00,
2021-09-14 15:00:00,
2021-09-14 16:00:00,
2021-09-14 17:00:00,
2021-09-14 18:00:00,
2021-09-14 19:00:00,
2021-09-14 20:00:00,
2021-09-14 22:00:00,
2021-09-14 23:00:00,
2021-09-15 00:00:00,
2021-09-15 01:00:00,
2021-09-15 02:00:00,
2021-09-15 03:00:00,
2021-09-15 04:00:00,
2021-09-15 05:00:00,44.18999999999999
2021-09-15 06:00:00,
2021-09-15 07:00:00,
2021-09-15 08:00:00,
2021-09-15 09:00:00,
2021-09-15 10:00:00,
2021-09-15 11:00:00,
2021-09-15 12:00:00,
2021-09-15 13:00:00,
2021-09-15 14:00:00,
2021-09-15 15:00:00,
2021-09-15 16:00:00,
2021-09-15 17:00:00,
2021-09-15 18:00:00,
2021-09-15 19:00:00,
2021-09-15 20:00:00,
2021-09-15 22:00:00,
2021-09-15 23:00:00,
2021-09-16 00:00:00,
2021-09-16 01:00:00,
2021-09-16 02:00:00,
2021-09-16 03:00:00,
2021-09-16 04:00:00,
2021-09-16 05:00:00,44.259999999999984
2021-09-16 06:00:00,
2021-09-16 07:00:00,
2021-09-16 08:00:00,
2021-09-16 09:00:00,
2021-09-16 10:00:00,
2021-09-16 11:00:00,
2021-09-16 12:00:00,
2021-09-16 13:00:00,
2021-09-16 14:00:00,
2021-09-16 15:00:00,
2021-09-16 16:00:00,
2021-09-16 17:00:00,
2021-09-16 18:00:00,
2021-09-16 19:00:00,
2021-09-16 20:00:00,
2021-09-16 22:00:00,
2021-09-16 23:00:00,
2021-09-17 00:00:00,
2021-09-17 01:00:00,
2021-09-17 02:00:00,
2021-09-17 03:00:00,
2021-09-17 04:00:00,
2021-09-17 05:00:00,43.72999999999998
2021-09-17 06:00:00,
2021-09-17 07:00:00,
2021-09-17 08:00:00,
2021-09-17 09:00:00,
2021-09-17 10:00:00,
2021-09-17 11:00:00,
2021-09-17 12:00:00,
2021-09-17 13:00:00,
2021-09-17 14:00:00,
2021-09-17 15:00:00,
2021-09-17 16:00:00,
2021-09-17 17:00:00,
2021-09-17 18:00:00,
2021-09-17 19:00:00,
2021-09-17 20:00:00,
2021-09-19 22:00:00,
2021-09-19 23:00:00,
2021-09-20 00:00:00,
2021-09-20 01:00:00,
2021-09-20 02:00:00,
2021-09-20 03:00:00,
2021-09-20 04:00:00,
2021-09-20 05:00:00,42.07999999999999
2021-09-20 06:00:00,
2021-09-20 07:00:00,
2021-09-20 08:00:00,
2021-09-20 09:00:00,
2021-09-20 10:00:00,
2021-09-20 11:00:00,
2021-09-20 12:00:00,
2021-09-20 13:00:00,
2021-09-20 14:00:00,
2021-09-20 15:00:00,
2021-09-20 16:00:00,
2021-09-20 17:00:00,
2021-09-20 18:00:00,
2021-09-20 19:00:00,
2021-09-20 20:00:00,
2021-09-20 22:00:00,
2021-09-20 23:00:00,
2021-09-21 00:00:00,
2021-09-21 01:00:00,
2021-09-21 02:00:00,
2021-09-21 03:00:00,
2021-09-21 04:00:00,
2021-09-21 05:00:00,42.48999999999999
2021-09-21 06:00:00,
2021-09-21 07:00:00,
2021-09-21 08:00:00,
2021-09-21 09:00:00,
2021-09-21 10:00:00,
2021-09-21 11:00:00,
2021-09-21 12:00:00,
2021-09-21 13:00:00,
2021-09-21 14:00:00,
2021-09-21 15:00:00,
2021-09-21 16:00:00,
2021-09-21 17:00:00,
2021-09-21 18:00:00,
2021-09-21 19:00:00,
2021-09-21 20:00:00,
2021-09-21 22:00:00,
2021-09-21 23:00:00,
2021-09-22 00:00:00,
2021-09-22 01:00:00,
2021-09-22 02:00:00,
2021-09-22 03:00:00,
2021-09-22 04:00:00,
2021-09-22 05:00:00,44.23999999999999
2021-09-22 06:00:00,
2021-09-22 07:00:00,
2021-09-22 08:00:00,
2021-09-22 09:00:00,
2021-09-22 10:00:00,
2021-09-22 11:00:00,
2021-09-22 12:00:00,
2021-09-22 13:00:00,
2021-09-22 14:00:00,
2021-09-22 15:00:00,
2021-09-22 16:00:00,
2021-09-22 17:00:00,
2021-09-22 18:00:00,
2021-09-22 19:00:00,
2021-09-22 20:00:00,
2021-09-22 22:00:00,
2021-09-22 23:00:00,
2021-09-23 00:00:00,
2021-09-23 01:00:00,
2021-09-23 02:00:00,
2021-09-23 03:00:00,
2021-09-23 04:00:00,
2021-09-23 05:00:00,45.29999999999999
2021-09-23 06:00:00,
2021-09-23 07:00:00,
2021-09-23 08:00:00,
2021-09-23 09:00:00,
2021-09-23 10:00:00,
2021-09-23 11:00:00,
2021-09-23 12:00:00,
2021-09-23 13:00:00,
2021-09-23 14:00:00,
2021-09-23 15:00:00,
2021-09-23 16:00:00,
2021-09-23 17:00:00,
2021-09-23 18:00:00,
2021-09-23 19:00:00,
2021-09-23 20:00:00,
2021-09-23 22:00:00,
2021-09-23 23:00:00,
2021-09-24 00:00:00,
2021-09-24 01:00:00,
2021-09-24 02:00:00,
2021-09-24 03:00:00,
2021-09-24 04:00:00,
2021-09-24 05:00:00,45.95999999999999
2021-09-24 06:00:00,
2021-09-24 07:00:00,
2021-09-24 08:00:00,
2021-09-24 09:00:00,
2021-09-24 10:00:00,
2021-09-24 11:00:00,
2021-09-24 12:00:00,
2021-09-24 13:00:00,
2021-09-24 14:00:00,
2021-09-24 15:00:00,
2021-09-24 16:00:00,
2021-09-24 17:00:00,
2021-09-24 18:00:00,
2021-09-24 19:00:00,
2021-09-24 20:00:00,
2021-09-26 22:00:00,
2021-09-26 23:00:00,
2021-09-27 00:00:00,
2021-09-27 01:00:00,
2021-09-27 02:00:00,
2021-09-27 03:00:00,
2021-09-27 04:00:00,
2021-09-27 05:00:00,47.429999999999986
2021-09-27 06:00:00,
2021-09-27 07:00:00,
2021-09-27 08:00:00,
2021-09-27 09:00:00,
2021-09-27 10:00:00,
2021-09-27 11:00:00,
2021-09-27 12:00:00,
2021-09-27 13:00:00,
2021-09-27 14:00:00,
2021-09-27 15:00:00,
2021-09-27 16:00:00,
2021-09-27 17:00:00,
2021-09-27 18:00:00,
2021-09-27 19:00:00,
2021-09-27 20:00:00,
2021-09-27 22:00:00,
2021-09-27 23:00:00,
2021-09-28 00:00:00,
2021-09-28 01:00:00,
2021-09-28 02:00:00,
2021-09-28 03:00:00,
2021-09-28 04:00:00,
2021-09-28 05:00:00,47.24999999999999
2021-09-28 06:00:00,
2021-09-28 07:00:00,
2021-09-28 08:00:00,
2021-09-28 09:00:00,
2021-09-28 10:00:00,
2021-09-28 11:00:00,
2021-09-28 12:00:00,
2021-09-28 13:00:00,
2021-09-28 14:00:00,
2021-09-28 15:00:00,
2021-09-28 16:00:00,
2021-09-28 17:00:00,
2021-09-28 18:00:00,
2021-09-28 19:00:00,
2021-09-28 20:00:00,
2021-09-28 22:00:00,
2021-09-28 23:00:00,
2021-09-29 00:00:00,
2021-09-29 01:00:00,
2021-09-29 02:00:00,
2021-09-29 03:00:00,
2021-09-29 04:00:00,
2021-09-29 05:00:00,46.84999999999999
2021-09-29 06:00:00,
2021-09-29 07:00:00,
2021-09-29 08:00:00,
2021-09-29 09:00:00,
2021-09-29 10:00:00,
2021-09-29 11:00:00,
2021-09-29 12:00:00,
2021-09-29 13:00:00,
2021-09-29 14:00:00,
2021-09-29 15:00:00,
2021-09-29 16:00:00,
2021-09-29 17:00:00,
2021-09-29 18:00:00,
2021-09-29 19:00:00,
2021-09-29 20:00:00,
2021-09-29 22:00:00,
2021-09-29 23:00:00,
2021-09-30 00:00:00,
2021-09-30 01:00:00,
2021-09-30 02:00:00,
2021-09-30 03:00:00,
2021-09-30 04:00:00,
2021-09-30 05:00:00,47.04999999999999
2021-09-30 06:00:00,
2021-09-30 07:00:00,
2021-09-30 08:00:00,
2021-09-30 09:00:00,
2021-09-30 10:00:00,
2021-09-30 11:00:00,
2021-09-30 12:00:00,
2021-09-30 13:00:00,
2021-09-30 14:00:00,
2021-09-30 15:00:00,
2021-09-30 16:00:00,
2021-09-30 17:00:00,
2021-09-30 18:00:00,
2021-09-30 19:00:00,
2021-09-30 20:00:00,
2021-09-30 22:00:00,
2021-09-30 23:00:00,
2021-10-01 00:00:00,
2021-10-01 01:00:00,
2021-10-01 02:00:00,
2021-10-01 03:00:00,
2021-10-01 04:00:00,
2021-10-01 05:00:00,47.929999999999986
2021-10-01 06:00:00,
2021-10-01 07:00:00,
2021-10-01 08:00:00,
2021-10-01 09:00:00,
2021-10-01 10:00:00,
2021-10-01 11:00:00,
2021-10-01 12:00:00,
2021-10-01 13:00:00,
2021-10-01 14:00:00,
2021-10-01 15:00:00,
2021-10-01 16:00:00,
2021-10-01 17:00:00,
2021-10-01 18:00:00,
2021-10-01 19:00:00,
2021-10-01 20:00:00,
2021-10-03 22:00:00,
2021-10-03 23:00:00,
2021-10-04 00:00:00,
2021-10-04 01:00:00,
2021-10-04 02:00:00,
2021-10-04 03:00:00,
2021-10-04 04:00:00,
2021-10-04 05:00:00,49.679999999999986
2021-10-04 06:00:00,
2021-10-04 07:00:00,
2021-10-04 08:00:00,
2021-10-04 09:00:00,
2021-10-04 10:00:00,
2021-10-04 11:00:00,
2021-10-04 12:00:00,
2021-10-04 13:00:00,
2021-10-04 14:00:00,
2021-10-04 15:00:00,
2021-10-04 16:00:00,
2021-10-04 17:00:00,
2021-10-04 18:00:00,
2021-10-04 19:00:00,
2021-10-04 20:00:00,
2021-10-04 22:00:00,
2021-10-04 23:00:00,
2021-10-05 00:00:00,
2021-10-05 01:00:00,
2021-10-05 02:00:00,
2021-10-05 03:00:00,
2021-10-05 04:00:00,
2021-10-05 05:00:00,50.91999999999998
2021-10-05 06:00:00,
2021-10-05 07:00:00,
2021-10-05 08:00:00,
2021-10-05 09:00:00,
2021-10-05 10:00:00,
2021-10-05 11:00:00,
2021-10-05 12:00:00,
2021-10-05 13:00:00,
2021-10-05 14:00:00,
2021-10-05 15:00:00,
2021-10-05 16:00:00,
2021-10-05 17:00:00,
2021-10-05 18:00:00,
2021-10-05 19:00:00,
2021-10-05 20:00:00,
2021-10-05 22:00:00,
2021-10-05 23:00:00,
2021-10-06 00:00:00,
2021-10-06 01:00:00,
2021-10-06 02:00:00,
2021-10-06 03:00:00,
2021-10-06 04:00:00,
2021-10-06 05:00:00,49.40999999999999
2021-10-06 06:00:00,
2021-10-06 07:00:00,
2021-10-06 08:00:00,
2021-10-06 09:00:00,
2021-10-06 10:00:00,
2021-10-06 11:00:00,
2021-10-06 12:00:00,
2021-10-06 13:00:00,
2021-10-06 14:00:00,
2021-10-06 15:00:00,
2021-10-06 16:00:00,
2021-10-06 17:00:00,
2021-10-06 18:00:00,
2021-10-06 19:00:00,
2021-10-06 20:00:00,
2021-10-06 22:00:00,
2021-10-06 23:00:00,
2021-10-07 00:00:00,
2021-10-07 01:00:00,
2021-10-07 02:00:00,
2021-10-07 03:00:00,
2021-10-07 04:00:00,
2021-10-07 05:00:00,50.30999999999998
2021-10-07 06:00:00,
2021-10-07 07:00:00,
2021-10-07 08:00:00,
2021-10-07 09:00:00,
2021-10-07 10:00:00,
2021-10-07 11:00:00,
2021-10-07 12:00:00,
2021-10-07 13:00:00,
2021-10-07 14:00:00,
2021-10-07 15:00:00,
2021-10-07 16:00:00,
2021-10-07 17:00:00,
2021-10-07 18:00:00,
2021-10-07 19:00:00,
2021-10-07 20:00:00,
2021-10-07 22:00:00,
2021-10-07 23:00:00,
2021-10-08 00:00:00,
2021-10-08 01:00:00,
2021-10-08 02:00:00,
2021-10-08 03:00:00,
2021-10-08 04:00:00,
2021-10-08 05:00:00,51.10999999999999
2021-10-08 06:00:00,
2021-10-08 07:00:00,
2021-10-08 08:00:00,
2021-10-08 09:00:00,
2021-10-08 10:00:00,
2021-10-08 11:00:00,
2021-10-08 12:00:00,
2021-10-08 13:00:00,
2021-10-08 14:00:00,
2021-10-08 15:00:00,
2021-10-08 16:00:00,
2021-10-08 17:00:00,
2021-10-08 18:00:00,
2021-10-08 19:00:00,
2021-10-08 20:00:00,
2021-10-10 22:00:00,
2021-10-10 23:00:00,
2021-10-11 00:00:00,
2021-10-11 01:00:00,
2021-10-11 02:00:00,
2021-10-11 03:00:00,
2021-10-11 04:00:00,
2021-10-11 05:00:00,52.26999999999999
2021-10-11 06:00:00,52.21999999999999
2021-10-11 07:00:00,52.38999999999999
2021-10-11 08:00:00,52.779999999999994
2021-10-11 09:00:00,52.62999999999999
2021-10-11 10:00:00,52.649999999999984
2021-10-11 11:00:00,53.01999999999999
2021-10-11 12:00:00,52.669999999999995
2021-10-11 13:00:00,52.74999999999999
2021-10-11 14:00:00,52.429999999999986
2021-10-11 15:00:00,52.65999999999999
2021-10-11 16:00:00,52.589999999999996
2021-10-11 17:00:00,52.45999999999999
2021-10-11 18:00:00,52.13999999999999
2021-10-11 19:00:00,52.07999999999999
2021-10-11 20:00:00,52.09999999999999
2021-10-11 22:00:00,52.009999999999984
2021-10-11 23:00:00,51.99999999999999
2021-10-12 00:00:00,51.809999999999995
2021-10-12 01:00:00,51.82999999999999
2021-10-12 02:00:00,52.089999999999996
2021-10-12 03:00:00,52.04999999999999
2021-10-12 04:00:00,52.10999999999999
2021-10-12 05:00:00,52.51999999999999
2021-10-12 06:00:00,52.029999999999994
2021-10-12 07:00:00,52.279999999999994
2021-10-12 08:00:00,52.21999999999999
2021-10-12 09:00:00,52.26999999999999
2021-10-12 10:00:00,52.569999999999986
2021-10-12 11:00:00,52.399999999999984
2021-10-12 12:00:00,51.90999999999999
2021-10-12 13:00:00,52.51999999999999
2021-10-12 14:00:00,52.13999999999999
2021-10-12 15:00:00,52.179999999999986
2021-10-12 16:00:00,51.97999999999998
2021-10-12 17:00:00,52.199999999999996
2021-10-12 18:00:00,52.01999999999999
2021-10-12 19:00:00,51.96999999999999
2021-10-12 20:00:00,51.96999999999999
2021-10-12 22:00:00,51.819999999999986
2021-10-12 23:00:00,51.71999999999999
2021-10-13 00:00:00,52.029999999999994
2021-10-13 01:00:00,52.009999999999984
2021-10-13 02:00:00,51.589999999999996
2021-10-13 03:00:00,51.789999999999985
2021-10-13 04:00:00,51.93999999999999
2021-10-13 05:00:00,52.089999999999996
2021-10-13 06:00:00,51.88999999999999
2021-10-13 07:00:00,51.87999999999999
2021-10-13 08:00:00,51.569999999999986
2021-10-13 09:00:00,51.649999999999984
2021-10-13 10:00:00,51.569999999999986
2021-10-13 11:00:00,51.36999999999998
2021-10-13 12:00:00,51.38999999999999
2021-10-13 13:00:00,51.26999999999999
2021-10-13 14:00:00,51.62999999999999
2021-10-13 15:00:00,52.069999999999986
2021-10-13 16:00:00,52.039999999999985
2021-10-13 17:00:00,52.01999999999999
2021-10-13 18:00:00,52.009999999999984
2021-10-13 19:00:00,52.07999999999999
2021-10-13 20:00:00,52.15999999999999
2021-10-13 22:00:00,52.289999999999985
2021-10-13 23:00:00,52.32999999999999
2021-10-14 00:00:00,52.309999999999995
2021-10-14 01:00:00,52.10999999999999
2021-10-14 02:00:00,52.18999999999999
2021-10-14 03:00:00,52.48999999999999
2021-10-14 04:00:00,52.529999999999994
2021-10-14 05:00:00,52.649999999999984
2021-10-14 06:00:00,52.699999999999996
2021-10-14 07:00:00,52.789999999999985
2021-10-14 08:00:00,52.79999999999999
2021-10-14 09:00:00,52.949999999999996
2021-10-14 10:00:00,53.01999999999999
2021-10-14 11:00:00,52.96999999999999
2021-10-14 12:00:00,53.179999999999986
2021-10-14 13:00:00,52.57999999999999
2021-10-14 14:00:00,52.90999999999999
2021-10-14 15:00:00,52.54999999999999
2021-10-14 16:00:00,52.63999999999999
2021-10-14 17:00:00,52.99999999999999
2021-10-14 18:00:00,53.059999999999995
2021-10-14 19:00:00,53.069999999999986
2021-10-14 20:00:00,53.089999999999996
2021-10-14 22:00:00,53.15999999999999
2021-10-14 23:00:00,53.24999999999999
2021-10-15 00:00:00,53.32999999999999
2021-10-15 01:00:00,53.279999999999994
2021-10-15 02:00:00,53.449999999999996
2021-10-15 03:00:00,53.45999999999999
2021-10-15 04:00:00,53.49999999999999
2021-10-15 05:00:00,53.65999999999999
2021-10-15 06:00:00,53.649999999999984
2021-10-15 07:00:00,53.759999999999984
2021-10-15 08:00:00,53.589999999999996
2021-10-15 09:00:00,53.589999999999996
2021-10-15 10:00:00,53.559999999999995
2021-10-15 11:00:00,53.71999999999999
2021-10-15 12:00:00,53.51999999999999
2021-10-15 13:00:00,53.88999999999999
2021-10-15 14:00:00,53.71999999999999
2021-10-15 15:00:00,53.789999999999985
2021-10-15 16:00:00,53.60999999999999
2021-10-15 17:00:00,53.85999999999999
2021-10-15 18:00:00,53.72999999999998
2021-10-15 19:00:00,53.71999999999999
2021-10-15 20:00:00,53.87999999999999
2021-10-17 22:00:00,54.149999999999984
2021-10-17 23:00:00,54.259999999999984
2021-10-18 00:00:00,53.649999999999984
2021-10-18 01:00:00,54.62999999999999
2021-10-18 02:00:00,54.789999999999985
2021-10-18 03:00:00,54.779999999999994
2021-10-18 04:00:00,54.789999999999985
2021-10-18 05:00:00,54.70999999999999
2021-10-18 06:00:00,54.589999999999996
2021-10-18 07:00:00,54.529999999999994
2021-10-18 08:00:00,54.49999999999999
2021-10-18 09:00:00,54.51999999999999
2021-10-18 10:00:00,54.839999999999996
2021-10-18 11:00:00,54.71999999999999
2021-10-18 12:00:00,54.74999999999999
2021-10-18 13:00:00,54.449999999999996
2021-10-18 14:00:00,53.84999999999999
2021-10-18 15:00:00,53.70999999999999
2021-10-18 16:00:00,53.49999999999999
2021-10-18 17:00:00,53.34999999999999
2021-10-18 18:00:00,53.589999999999996
2021-10-18 19:00:00,53.46999999999999
2021-10-18 20:00:00,53.40999999999999
2021-10-18 22:00:00,53.43999999999999
2021-10-18 23:00:00,53.49999999999999
2021-10-19 00:00:00,54.40999999999999
2021-10-19 01:00:00,53.57999999999999
2021-10-19 02:00:00,53.68999999999999
2021-10-19 03:00:00,53.63999999999999
2021-10-19 04:00:00,53.789999999999985
2021-10-19 05:00:00,54.009999999999984
2021-10-19 06:00:00,54.04999999999999
2021-10-19 07:00:00,54.29999999999999
2021-10-19 08:00:00,54.36999999999998
2021-10-19 09:00:00,54.449999999999996
2021-10-19 10:00:00,54.59999999999999
2021-10-19 11:00:00,54.419999999999995
2021-10-19 12:00:00,54.01999999999999
2021-10-19 13:00:00,53.759999999999984
2021-10-19 14:00:00,54.029999999999994
2021-10-19 15:00:00,54.40999999999999
2021-10-19 16:00:00,54.779999999999994
2021-10-19 17:00:00,54.649999999999984
2021-10-19 18:00:00,54.29999999999999
2021-10-19 19:00:00,54.20999999999999
2021-10-19 20:00:00,54.43999999999999
2021-10-19 22:00:00,54.35999999999999
2021-10-19 23:00:00,54.45999999999999
2021-10-20 00:00:00,55.289999999999985
2021-10-20 01:00:00,53.97999999999998
2021-10-20 02:00:00,53.76999999999999
2021-10-20 03:00:00,53.96999999999999
2021-10-20 04:00:00,53.96999999999999
2021-10-20 05:00:00,54.10999999999999
2021-10-20 06:00:00,53.699999999999996
2021-10-20 07:00:00,53.61999999999998
2021-10-20 08:00:00,53.649999999999984
2021-10-20 09:00:00,53.669999999999995
2021-10-20 10:00:00,53.47999999999998
2021-10-20 11:00:00,53.61999999999998
2021-10-20 12:00:00,53.47999999999998
2021-10-20 13:00:00,53.57999999999999
2021-10-20 14:00:00,54.429999999999986
2021-10-20 15:00:00,54.60999999999999
2021-10-20 16:00:00,54.759999999999984
2021-10-20 17:00:00,54.949999999999996
2021-10-20 18:00:00,55.319999999999986
2021-10-20 19:00:00,55.23999999999999
2021-10-20 20:00:00,55.34999999999999
2021-10-20 22:00:00,55.34999999999999
2021-10-20 23:00:00,55.35999999999999
2021-10-21 00:00:00,54.26999999999999
2021-10-21 01:00:00,55.49999999999999
2021-10-21 02:00:00,55.24999999999999
2021-10-21 03:00:00,55.199999999999996
2021-10-21 04:00:00,55.13999999999999
2021-10-21 05:00:00,54.949999999999996
2021-10-21 06:00:00,54.72999999999998
2021-10-21 07:00:00,54.68999999999999
2021-10-21 08:00:00,54.819999999999986
2021-10-21 09:00:00,54.559999999999995
2021-10-21 10:00:00,54.49999999999999
2021-10-21 11:00:00,54.649999999999984
2021-10-21 12:00:00,54.839999999999996
2021-10-21 13:00:00,54.789999999999985
2021-10-21 14:00:00,53.529999999999994
2021-10-21 15:00:00,53.21999999999999
2021-10-21 16:00:00,53.429999999999986
2021-10-21 17:00:00,53.65999999999999
2021-10-21 18:00:00,54.37999999999999
2021-10-21 19:00:00,54.419999999999995
2021-10-21 20:00:00,54.399999999999984
2021-10-21 22:00:00,54.199999999999996
2021-10-21 23:00:00,54.089999999999996
2021-10-22 00:00:00,54.449999999999996
2021-10-22 01:00:00,54.399999999999984
2021-10-22 02:00:00,53.97999999999998
2021-10-22 03:00:00,53.96999999999999
2021-10-22 04:00:00,53.88999999999999
2021-10-22 05:00:00,53.669999999999995
2021-10-22 06:00:00,53.65999999999999
2021-10-22 07:00:00,54.22999999999998
2021-10-22 08:00:00,54.539999999999985
2021-10-22 09:00:00,54.61999999999998
2021-10-22 10:00:00,54.79999999999999
2021-10-22 11:00:00,54.97999999999998
2021-10-22 12:00:00,54.99999999999999
2021-10-22 13:00:00,55.069999999999986
2021-10-22 14:00:00,54.38999999999999
2021-10-22 15:00:00,54.63999999999999
2021-10-22 16:00:00,55.059999999999995
2021-10-22 17:00:00,55.169999999999995
2021-10-22 18:00:00,55.49999999999999
2021-10-22 19:00:00,55.70999999999999
2021-10-22 20:00:00,55.59999999999999
2021-10-24 22:00:00,55.59999999999999
2021-10-24 23:00:00,55.54999999999999
2021-10-25 00:00:00,55.70999999999999
2021-10-25 01:00:00,56.069999999999986
2021-10-25 02:00:00,56.199999999999996
2021-10-25 03:00:00,56.089999999999996
2021-10-25 04:00:00,56.11999999999998
2021-10-25 05:00:00,56.069999999999986
2021-10-25 06:00:00,55.899999999999984
2021-10-25 07:00:00,55.95999999999999
2021-10-25 08:00:00,56.13999999999999
2021-10-25 09:00:00,55.929999999999986
2021-10-25 10:00:00,55.93999999999999
2021-10-25 11:00:00,56.309999999999995
2021-10-25 12:00:00,56.49999999999999
2021-10-25 13:00:00,56.45999999999999
2021-10-25 14:00:00,56.309999999999995
2021-10-25 15:00:00,55.84999999999999
2021-10-25 16:00:00,55.36999999999998
2021-10-25 17:00:00,55.59999999999999
2021-10-25 18:00:00,55.289999999999985
2021-10-25 19:00:00,55.20999999999999
2021-10-25 20:00:00,55.48999999999999
2021-10-25 22:00:00,55.40999999999999
2021-10-25 23:00:00,55.61999999999998
2021-10-26 00:00:00,56.26999999999999
2021-10-26 01:00:00,55.449999999999996
2021-10-26 02:00:00,55.73999999999999
2021-10-26 03:00:00,55.589999999999996
2021-10-26 04:00:00,55.70999999999999
2021-10-26 05:00:00,55.51999999999999
2021-10-26 06:00:00,55.37999999999999
2021-10-26 07:00:00,55.15999999999999
2021-10-26 08:00:00,55.149999999999984
2021-10-26 09:00:00,55.199999999999996
2021-10-26 10:00:00,55.569999999999986
2021-10-26 11:00:00,55.809999999999995
2021-10-26 12:00:00,55.93999999999999
2021-10-26 13:00:00,55.509999999999984
2021-10-26 14:00:00,55.98999999999999
2021-10-26 15:00:00,56.22999999999998
2021-10-26 16:00:00,56.279999999999994
2021-10-26 17:00:00,56.29999999999999
2021-10-26 18:00:00,56.21999999999999
2021-10-26 19:00:00,56.22999999999998
2021-10-26 20:00:00,56.07999999999999
2021-10-26 22:00:00,55.86999999999998
2021-10-26 23:00:00,55.86999999999998
2021-10-27 00:00:00,54.38999999999999
2021-10-27 01:00:00,55.60999999999999
2021-10-27 02:00:00,55.85999999999999
2021-10-27 03:00:00,55.679999999999986
2021-10-27 04:00:00,55.759999999999984
2021-10-27 05:00:00,55.539999999999985
2021-10-27 06:00:00,55.32999999999999
2021-10-27 07:00:00,55.069999999999986
2021-10-27 08:00:00,55.11999999999998
2021-10-27 09:00:00,55.21999999999999
2021-10-27 10:00:00,55.149999999999984
2021-10-27 11:00:00,55.279999999999994
2021-10-27 12:00:00,55.21999999999999
2021-10-27 13:00:00,55.419999999999995
2021-10-27 14:00:00,54.919999999999995
2021-10-27 15:00:00,54.539999999999985
2021-10-27 16:00:00,54.419999999999995
2021-10-27 17:00:00,54.60999999999999
2021-10-27 18:00:00,54.38999999999999
2021-10-27 19:00:00,53.82999999999999
2021-10-27 20:00:00,53.76999999999999
2021-10-27 22:00:00,53.88999999999999
2021-10-27 23:00:00,53.97999999999998
2021-10-28 00:00:00,54.36999999999998
2021-10-28 01:00:00,52.68999999999999
2021-10-28 02:00:00,52.529999999999994
2021-10-28 03:00:00,52.70999999999999
2021-10-28 04:00:00,53.009999999999984
2021-10-28 05:00:00,53.539999999999985
2021-10-28 06:00:00,53.47999999999998
2021-10-28 07:00:00,53.70999999999999
2021-10-28 08:00:00,53.949999999999996
2021-10-28 09:00:00,53.29999999999999
2021-10-28 10:00:00,52.82999999999999
2021-10-28 11:00:00,52.87999999999999
2021-10-28 12:00:00,53.48999999999999
2021-10-28 13:00:00,54.11999999999998
2021-10-28 14:00:00,53.98999999999999
2021-10-28 15:00:00,53.47999999999998
2021-10-28 16:00:00,53.54999999999999
2021-10-28 17:00:00,54.01999999999999
2021-10-28 18:00:00,54.09999999999999
2021-10-28 19:00:00,54.71999999999999
2021-10-28 20:00:00,54.60999999999999
2021-10-28 22:00:00,54.46999999999999
2021-10-28 23:00:00,54.319999999999986
2021-10-29 00:00:00,54.68999999999999
2021-10-29 01:00:00,54.49999999999999
2021-10-29 02:00:00,54.35999999999999
2021-10-29 03:00:00,54.46999999999999
2021-10-29 04:00:00,54.47999999999998
2021-10-29 05:00:00,54.539999999999985
2021-10-29 06:00:00,54.569999999999986
2021-10-29 07:00:00,54.65999999999999
2021-10-29 08:00:00,54.36999999999998
2021-10-29 09:00:00,54.54999999999999
2021-10-29 10:00:00,54.62999999999999
2021-10-29 11:00:00,54.449999999999996
2021-10-29 12:00:00,53.65999999999999
2021-10-29 13:00:00,54.04999999999999
2021-10-29 14:00:00,53.899999999999984
2021-10-29 15:00:00,54.40999999999999
2021-10-29 16:00:00,54.419999999999995
2021-10-29 17:00:00,54.63999999999999
2021-10-29 18:00:00,54.62999999999999
2021-10-29 19:00:00,54.60999999999999
2021-10-29 20:00:00,54.47999999999998
2021-10-31 22:00:00,54.21999999999999
2021-10-31 23:00:00,54.21999999999999
2021-11-01 00:00:00,54.29999999999999
2021-11-01 01:00:00,54.569999999999986
2021-11-01 02:00:00,54.309999999999995
2021-11-01 03:00:00,54.309999999999995
2021-11-01 04:00:00,54.429999999999986
2021-11-01 05:00:00,54.40999999999999
2021-11-01 06:00:00,54.29999999999999
2021-11-01 07:00:00,54.09999999999999
2021-11-01 08:00:00,54.79999999999999
2021-11-01 09:00:00,55.259999999999984
2021-11-01 10:00:00,55.15999999999999
2021-11-01 11:00:00,55.059999999999995
2021-11-01 12:00:00,55.419999999999995
2021-11-01 13:00:00,55.70999999999999
2021-11-01 14:00:00,55.529999999999994
2021-11-01 15:00:00,55.509999999999984
2021-11-01 16:00:00,55.38999999999999
2021-11-01 17:00:00,55.169999999999995
2021-11-01 18:00:00,55.34999999999999
2021-11-01 19:00:00,55.23999999999999
2021-11-01 20:00:00,55.169999999999995
2021-11-01 22:00:00,55.23999999999999
2021-11-01 23:00:00,55.21999999999999
2021-11-02 00:00:00,55.34999999999999
2021-11-02 01:00:00,55.65999999999999
2021-11-02 02:00:00,55.529999999999994
2021-11-02 03:00:00,55.40999999999999
2021-11-02 04:00:00,55.319999999999986
2021-11-02 05:00:00,55.48999999999999
2021-11-02 06:00:00,55.65999999999999
2021-11-02 07:00:00,55.46999999999999
2021-11-02 08:00:00,55.539999999999985
2021-11-02 09:00:00,55.419999999999995
2021-11-02 10:00:00,55.34999999999999
2021-11-02 11:00:00,54.669999999999995
2021-11-02 12:00:00,55.47999999999998
2021-11-02 13:00:00,54.70999999999999
2021-11-02 14:00:00,54.76999999999999
2021-11-02 15:00:00,54.57999999999999
2021-11-02 16:00:00,55.09999999999999
2021-11-02 17:00:00,55.18999999999999
2021-11-02 18:00:00,54.96999999999999
2021-11-02 19:00:00,55.009999999999984
2021-11-02 20:00:00,54.509999999999984
2021-11-02 22:00:00,54.449999999999996
2021-11-02 23:00:00,54.48999999999999
2021-11-03 00:00:00,52.47999999999998
2021-11-03 01:00:00,53.84999999999999
2021-11-03 02:00:00,53.949999999999996
2021-11-03 03:00:00,54.149999999999984
2021-11-03 04:00:00,54.399999999999984
2021-11-03 05:00:00,54.13999999999999
2021-11-03 06:00:00,54.289999999999985
2021-11-03 07:00:00,53.93999999999999
2021-11-03 08:00:00,53.899999999999984
2021-11-03 09:00:00,53.84999999999999
2021-11-03 10:00:00,53.61999999999998
2021-11-03 11:00:00,53.49999999999999
2021-11-03 12:00:00,53.259999999999984
2021-11-03 13:00:00,53.37999999999999
2021-11-03 14:00:00,52.93999999999999
2021-11-03 15:00:00,52.49999999999999
2021-11-03 16:00:00,52.779999999999994
2021-11-03 17:00:00,52.449999999999996
2021-11-03 18:00:00,51.649999999999984
2021-11-03 19:00:00,51.59999999999999
2021-11-03 20:00:00,51.789999999999985
2021-11-03 22:00:00,51.919999999999995
2021-11-03 23:00:00,52.029999999999994
2021-11-04 00:00:00,51.72999999999998
2021-11-04 01:00:00,51.54999999999999
2021-11-04 02:00:00,51.61999999999998
2021-11-04 03:00:00,51.65999999999999
2021-11-04 04:00:00,51.699999999999996
2021-11-04 05:00:00,51.88999999999999
2021-11-04 06:00:00,51.87999999999999
2021-11-04 07:00:00,52.589999999999996
2021-11-04 08:00:00,53.04999999999999
2021-11-04 09:00:00,53.259999999999984
2021-11-04 10:00:00,53.93999999999999
2021-11-04 11:00:00,54.15999999999999
2021-11-04 12:00:00,54.35999999999999
2021-11-04 13:00:00,54.279999999999994
2021-11-04 14:00:00,53.029999999999994
2021-11-04 15:00:00,52.43999999999999
2021-11-04 16:00:00,51.99999999999999
2021-11-04 17:00:00,51.419999999999995
2021-11-04 18:00:00,50.539999999999985
2021-11-04 19:00:00,50.86999999999998
2021-11-04 20:00:00,51.11999999999998
2021-11-04 22:00:00,51.399999999999984
2021-11-04 23:00:00,51.529999999999994
2021-11-05 00:00:00,51.71999999999999
2021-11-05 01:00:00,51.279999999999994
2021-11-05 02:00:00,51.339999999999996
2021-11-05 03:00:00,51.45999999999999
2021-11-05 04:00:00,51.38999999999999
2021-11-05 05:00:00,50.929999999999986
2021-11-05 06:00:00,51.38999999999999
2021-11-05 07:00:00,50.99999999999999
2021-11-05 08:00:00,51.289999999999985
2021-11-05 09:00:00,51.539999999999985
2021-11-05 10:00:00,51.199999999999996
2021-11-05 11:00:00,51.259999999999984
2021-11-05 12:00:00,51.529999999999994
2021-11-05 13:00:00,51.15999999999999
2021-11-05 14:00:00,52.24999999999999
2021-11-05 15:00:00,53.11999999999998
2021-11-05 16:00:00,53.01999999999999
2021-11-05 17:00:00,53.259999999999984
2021-11-05 18:00:00,53.149999999999984
2021-11-05 19:00:00,53.20999999999999
2021-11-05 20:00:00,52.88999999999999
2021-11-07 23:00:00,53.26999999999999
2021-11-08 00:00:00,53.569999999999986
2021-11-08 01:00:00,53.86999999999998
2021-11-08 02:00:00,53.97999999999998
2021-11-08 03:00:00,53.93999999999999
2021-11-08 04:00:00,53.929999999999986
2021-11-08 05:00:00,53.95999999999999
2021-11-08 06:00:00,53.95999999999999
2021-11-08 07:00:00,53.949999999999996
2021-11-08 08:00:00,53.819999999999986
2021-11-08 09:00:00,54.149999999999984
2021-11-08 10:00:00,54.12999999999999
2021-11-08 11:00:00,54.22999999999998
2021-11-08 12:00:00,53.679999999999986
2021-11-08 13:00:00,53.38999999999999
2021-11-08 14:00:00,53.47999999999998
2021-11-08 15:00:00,53.40999999999999
2021-11-08 16:00:00,53.809999999999995
2021-11-08 17:00:00,53.569999999999986
2021-11-08 18:00:00,53.32999999999999
2021-11-08 19:00:00,53.86999999999998
2021-11-08 20:00:00,53.919999999999995
2021-11-08 21:00:00,53.86999999999998
2021-11-08 23:00:00,53.759999999999984
2021-11-09 00:00:00,53.65999999999999
2021-11-09 01:00:00,53.76999999999999
2021-11-09 02:00:00,53.70999999999999
2021-11-09 03:00:00,53.589999999999996
2021-11-09 04:00:00,53.569999999999986
2021-11-09 05:00:00,53.70999999999999
2021-11-09 06:00:00,53.65999999999999
2021-11-09 07:00:00,53.72999999999998
2021-11-09 08:00:00,54.01999999999999
2021-11-09 09:00:00,54.37999999999999
2021-11-09 10:00:00,54.039999999999985
2021-11-09 11:00:00,54.039999999999985
2021-11-09 12:00:00,53.95999999999999
2021-11-09 13:00:00,53.559999999999995
2021-11-09 14:00:00,54.259999999999984
2021-11-09 15:00:00,54.20999999999999
2021-11-09 16:00:00,54.029999999999994
2021-11-09 17:00:00,54.87999999999999
2021-11-09 18:00:00,55.24999999999999
2021-11-09 19:00:00,55.43999999999999
2021-11-09 20:00:00,55.63999999999999
2021-11-09 21:00:00,55.86999999999998
2021-11-09 23:00:00,55.899999999999984
2021-11-10 00:00:00,55.68999999999999
2021-11-10 01:00:00,55.96999999999999
2021-11-10 02:00:00,55.529999999999994
2021-11-10 03:00:00,55.61999999999998
2021-11-10 04:00:00,55.57999999999999
2021-11-10 05:00:00,55.74999999999999
2021-11-10 06:00:00,55.76999999999999
2021-11-10 07:00:00,55.62999999999999
2021-11-10 08:00:00,55.539999999999985
2021-11-10 09:00:00,55.23999999999999
2021-11-10 10:00:00,55.149999999999984
2021-11-10 11:00:00,55.18999999999999
2021-11-10 12:00:00,55.089999999999996
2021-11-10 13:00:00,55.74999999999999
2021-11-10 14:00:00,55.37999999999999
2021-11-10 15:00:00,54.11999999999998
2021-11-10 16:00:00,53.679999999999986
2021-11-10 17:00:00,53.13999999999999
2021-11-10 18:00:00,53.09999999999999
2021-11-10 19:00:00,52.789999999999985
2021-11-10 20:00:00,52.95999999999999
2021-11-10 21:00:00,52.88999999999999
2021-11-10 23:00:00,53.12999999999999
2021-11-11 00:00:00,53.169999999999995
2021-11-11 01:00:00,52.95999999999999
2021-11-11 02:00:00,53.199999999999996
2021-11-11 03:00:00,53.029999999999994
2021-11-11 04:00:00,53.12999999999999
2021-11-11 05:00:00,53.11999999999998
2021-11-11 06:00:00,52.919999999999995
2021-11-11 07:00:00,53.12999999999999
2021-11-11 08:00:00,53.029999999999994
2021-11-11 09:00:00,53.71999999999999
2021-11-11 10:00:00,52.59999999999999
2021-11-11 11:00:00,52.32999999999999
2021-11-11 12:00:00,52.539999999999985
2021-11-11 13:00:00,52.85999999999999
2021-11-11 14:00:00,53.62999999999999
2021-11-11 15:00:00,53.48999999999999
2021-11-11 16:00:00,52.76999999999999
2021-11-11 17:00:00,52.57999999999999
2021-11-11 18:00:00,53.149999999999984
2021-11-11 19:00:00,53.029999999999994
2021-11-11 20:00:00,52.919999999999995
2021-11-11 21:00:00,52.98999999999999
2021-11-11 23:00:00,53.13999999999999
2021-11-12 00:00:00,52.70999999999999
2021-11-12 01:00:00,53.08999999999998
2021-11-12 02:00:00,52.99999999999999
2021-11-12 03:00:00,52.76999999999999
2021-11-12 04:00:00,52.74999999999999
2021-11-12 05:00:00,52.61999999999998
2021-11-12 06:00:00,52.74999999999999
2021-11-12 07:00:00,52.759999999999984
2021-11-12 08:00:00,52.40999999999999
2021-11-12 09:00:00,52.37999999999999
2021-11-12 10:00:00,52.08999999999998
2021-11-12 11:00:00,51.84999999999999
2021-11-12 12:00:00,52.059999999999995
2021-11-12 13:00:00,52.059999999999995
2021-11-12 14:00:00,52.65999999999999
2021-11-12 15:00:00,52.63999999999999
2021-11-12 16:00:00,52.68999999999999
2021-11-12 17:00:00,52.49999999999999
2021-11-12 18:00:00,52.29999999999999
2021-11-12 19:00:00,52.76999999999999
2021-11-12 20:00:00,52.63999999999999
2021-11-12 21:00:00,52.529999999999994
2021-11-14 23:00:00,52.86999999999998
2021-11-15 00:00:00,52.74999999999999
2021-11-15 01:00:00,52.13999999999999
2021-11-15 02:00:00,52.029999999999994
2021-11-15 03:00:00,51.96999999999999
2021-11-15 04:00:00,52.149999999999984
2021-11-15 05:00:00,52.23999999999999
2021-11-15 06:00:00,51.96999999999999
2021-11-15 07:00:00,52.179999999999986
2021-11-15 08:00:00,52.26999999999999
2021-11-15 09:00:00,51.82999999999999
2021-11-15 10:00:00,51.82999999999999
2021-11-15 11:00:00,51.60999999999999
2021-11-15 12:00:00,51.70999999999999
2021-11-15 13:00:00,51.72999999999998
2021-11-15 14:00:00,51.74999999999999
2021-11-15 15:00:00,51.97999999999998
2021-11-15 16:00:00,51.83999999999998
2021-11-15 17:00:00,52.01999999999999
2021-11-15 18:00:00,52.51999999999999
2021-11-15 19:00:00,52.819999999999986
2021-11-15 20:00:00,52.72999999999998
2021-11-15 21:00:00,52.809999999999995
2021-11-15 23:00:00,52.669999999999995
2021-11-16 00:00:00,52.809999999999995
2021-11-16 01:00:00,53.289999999999985
2021-11-16 02:00:00,53.32999999999999
2021-11-16 03:00:00,53.33999999999998
2021-11-16 04:00:00,53.22999999999998
2021-11-16 05:00:00,53.37999999999999
2021-11-16 06:00:00,53.38999999999999
2021-11-16 07:00:00,53.23999999999999
2021-11-16 08:00:00,53.22999999999998
2021-11-16 09:00:00,53.23999999999999
2021-11-16 10:00:00,53.199999999999996
2021-11-16 11:00:00,53.169999999999995
2021-11-16 12:00:00,53.37999999999999
2021-11-16 13:00:00,53.13999999999999
2021-11-16 14:00:00,52.60999999999999
2021-11-16 15:00:00,52.46999999999999
2021-11-16 16:00:00,52.95999999999999
2021-11-16 17:00:00,53.13999999999999
2021-11-16 18:00:00,52.96999999999999
2021-11-16 19:00:00,52.819999999999986
2021-11-16 20:00:00,52.86999999999998
2021-11-16 21:00:00,52.74999999999999
2021-11-16 23:00:00,52.649999999999984
2021-11-17 00:00:00,52.51999999999999
2021-11-17 01:00:00,52.08999999999998
2021-11-17 02:00:00,52.419999999999995
2021-11-17 03:00:00,52.259999999999984
2021-11-17 04:00:00,52.21999999999999
2021-11-17 05:00:00,52.15999999999999
2021-11-17 06:00:00,52.399999999999984
2021-11-17 07:00:00,52.45999999999999
2021-11-17 08:00:00,52.559999999999995
2021-11-17 09:00:00,52.11999999999998
2021-11-17 10:00:00,51.949999999999996
2021-11-17 11:00:00,52.149999999999984
2021-11-17 12:00:00,52.22999999999998
2021-11-17 13:00:00,52.059999999999995
2021-11-17 14:00:00,52.07999999999999
2021-11-17 15:00:00,51.76999999999999
2021-11-17 16:00:00,51.36999999999998
2021-11-17 17:00:00,51.11999999999998
2021-11-17 18:00:00,50.34999999999999
2021-11-17 19:00:00,50.86999999999998
2021-11-17 20:00:00,51.039999999999985
2021-11-17 21:00:00,50.79999999999999
2021-11-17 23:00:00,50.82999999999999
2021-11-18 00:00:00,50.63999999999999
2021-11-18 01:00:00,50.47999999999998
2021-11-18 02:00:00,50.419999999999995
2021-11-18 03:00:00,50.33999999999998
2021-11-18 04:00:00,50.45999999999999
2021-11-18 05:00:00,50.57999999999999
2021-11-18 06:00:00,50.35999999999999
2021-11-18 07:00:00,49.93999999999999
2021-11-18 08:00:00,50.399999999999984
2021-11-18 09:00:00,50.54999999999999
2021-11-18 10:00:00,50.62999999999999
2021-11-18 11:00:00,50.65999999999999
2021-11-18 12:00:00,50.83999999999998
2021-11-18 13:00:00,51.069999999999986
2021-11-18 14:00:00,51.279999999999994
2021-11-18 15:00:00,50.86999999999998
2021-11-18 16:00:00,51.38999999999999
2021-11-18 17:00:00,51.45999999999999
2021-11-18 18:00:00,52.04999999999999
2021-11-18 19:00:00,51.72999999999998
2021-11-18 20:00:00,51.71999999999999
2021-11-18 21:00:00,51.68999999999999
2021-11-18 23:00:00,51.68999999999999
2021-11-19 00:00:00,49.49999999999999
2021-11-19 01:00:00,51.87999999999999
2021-11-19 02:00:00,52.49999999999999
2021-11-19 03:00:00,52.32999999999999
2021-11-19 04:00:00,52.35999999999999
2021-11-19 05:00:00,52.37999999999999
2021-11-19 06:00:00,52.449999999999996
2021-11-19 07:00:00,52.449999999999996
2021-11-19 08:00:00,52.21999999999999
2021-11-19 09:00:00,51.07999999999999
2021-11-19 10:00:00,50.51999999999999
2021-11-19 11:00:00,49.539999999999985
2021-11-19 12:00:00,49.22999999999998
2021-11-19 13:00:00,49.88999999999999
2021-11-19 14:00:00,50.039999999999985
2021-11-19 15:00:00,49.809999999999995
2021-11-19 16:00:00,49.029999999999994
2021-11-19 17:00:00,49.539999999999985
2021-11-19 18:00:00,49.60999999999999
2021-11-19 19:00:00,49.259999999999984
2021-11-19 20:00:00,49.169999999999995
2021-11-19 21:00:00,49.259999999999984
2021-11-21 23:00:00,49.08999999999998
2021-11-22 00:00:00,50.38999999999999
2021-11-22 01:00:00,48.98999999999999
2021-11-22 02:00:00,49.10999999999999
2021-11-22 03:00:00,49.45999999999999
2021-11-22 04:00:00,49.43999999999999
2021-11-22 05:00:00,49.289999999999985
2021-11-22 06:00:00,49.309999999999995
2021-11-22 07:00:00,49.46999999999999
2021-11-22 08:00:00,50.009999999999984
2021-11-22 09:00:00,49.68999999999999
2021-11-22 10:00:00,49.51999999999999
2021-11-22 11:00:00,48.949999999999996
2021-11-22 12:00:00,49.279999999999994
2021-11-22 13:00:00,49.43999999999999
2021-11-22 14:00:00,49.419999999999995
2021-11-22 15:00:00,50.35999999999999
2021-11-22 16:00:00,49.99999999999999
2021-11-22 17:00:00,49.899999999999984
2021-11-22 18:00:00,50.36999999999998
2021-11-22 19:00:00,50.309999999999995
2021-11-22 20:00:00,49.96999999999999
2021-11-22 21:00:00,50.10999999999999
2021-11-22 23:00:00,50.09999999999999
2021-11-23 00:00:00,52.20999999999999
2021-11-23 01:00:00,50.059999999999995
2021-11-23 02:00:00,50.029999999999994
2021-11-23 03:00:00,49.87999999999999
2021-11-23 04:00:00,49.929999999999986
2021-11-23 05:00:00,49.58999999999998
2021-11-23 06:00:00,49.669999999999995
2021-11-23 07:00:00,49.699999999999996
2021-11-23 08:00:00,49.23999999999999
2021-11-23 09:00:00,49.34999999999999
2021-11-23 10:00:00,49.509999999999984
2021-11-23 11:00:00,49.45999999999999
2021-11-23 12:00:00,50.15999999999999
2021-11-23 13:00:00,50.93999999999999
2021-11-23 14:00:00,51.71999999999999
2021-11-23 15:00:00,51.88999999999999
2021-11-23 16:00:00,51.87999999999999
2021-11-23 17:00:00,52.22999999999998
2021-11-23 18:00:00,52.429999999999986
2021-11-23 19:00:00,52.20999999999999
2021-11-23 20:00:00,52.419999999999995
2021-11-23 21:00:00,52.199999999999996
2021-11-23 23:00:00,51.949999999999996
2021-11-24 00:00:00,52.07999999999999
2021-11-24 01:00:00,52.26999999999999
2021-11-24 02:00:00,52.40999999999999
2021-11-24 03:00:00,52.259999999999984
2021-11-24 04:00:00,52.23999999999999
2021-11-24 05:00:00,52.399999999999984
2021-11-24 06:00:00,52.539999999999985
2021-11-24 07:00:00,52.509999999999984
2021-11-24 08:00:00,52.72999999999998
2021-11-24 09:00:00,52.009999999999984
2021-11-24 10:00:00,51.82999999999999
2021-11-24 11:00:00,52.20999999999999
2021-11-24 12:00:00,52.009999999999984
2021-11-24 13:00:00,52.01999999999999
2021-11-24 14:00:00,52.279999999999994
2021-11-24 15:00:00,52.23999999999999
2021-11-24 16:00:00,52.07999999999999
2021-11-24 17:00:00,51.98999999999999
2021-11-24 18:00:00,51.96999999999999
2021-11-24 19:00:00,51.98999999999999
2021-11-24 20:00:00,51.919999999999995
2021-11-24 21:00:00,51.98999999999999
2021-11-24 23:00:00,52.039999999999985
2021-11-25 00:00:00,52.059999999999995
2021-11-25 01:00:00,52.009999999999984
2021-11-25 02:00:00,52.11999999999998
2021-11-25 03:00:00,51.99999999999999
2021-11-25 04:00:00,51.99999999999999
2021-11-25 05:00:00,52.12999999999999
2021-11-25 06:00:00,51.819999999999986
2021-11-25 07:00:00,51.949999999999996
2021-11-25 08:00:00,51.97999999999998
2021-11-25 09:00:00,51.70999999999999
2021-11-25 10:00:00,51.699999999999996
2021-11-25 11:00:00,51.87999999999999
2021-11-25 12:00:00,51.96999999999999
2021-11-25 13:00:00,51.84999999999999
2021-11-25 14:00:00,51.789999999999985
2021-11-25 15:00:00,51.58999999999998
2021-11-25 16:00:00,51.779999999999994
2021-11-25 17:00:00,51.74999999999999
2021-11-25 23:00:00,51.069999999999986
2021-11-26 00:00:00,50.79999999999999
2021-11-26 01:00:00,50.649999999999984
2021-11-26 02:00:00,50.34999999999999
2021-11-26 03:00:00,50.09999999999999
2021-11-26 04:00:00,49.79999999999999
2021-11-26 05:00:00,49.79999999999999
2021-11-26 06:00:00,49.49999999999999
2021-11-26 07:00:00,48.49999999999999
2021-11-26 08:00:00,47.809999999999995
2021-11-26 09:00:00,46.93999999999999
2021-11-26 10:00:00,47.039999999999985
2021-11-26 11:00:00,47.15999999999999
2021-11-26 12:00:00,47.38999999999999
2021-11-26 13:00:00,47.74999999999999
2021-11-26 14:00:00,46.10999999999999
2021-11-26 15:00:00,42.919999999999995
2021-11-26 16:00:00,42.449999999999996
2021-11-26 17:00:00,42.789999999999985
2021-11-26 18:00:00,42.13999999999999
2021-11-28 23:00:00,45.289999999999985
2021-11-29 00:00:00,43.88999999999999
2021-11-29 01:00:00,45.57999999999999
2021-11-29 02:00:00,45.63999999999999
2021-11-29 03:00:00,45.62999999999999
2021-11-29 04:00:00,44.98999999999999
2021-11-29 05:00:00,45.169999999999995
2021-11-29 06:00:00,45.509999999999984
2021-11-29 07:00:00,45.429999999999986
2021-11-29 08:00:00,45.07999999999999
2021-11-29 09:00:00,45.33999999999998
2021-11-29 10:00:00,45.46999999999999
2021-11-29 11:00:00,45.449999999999996
2021-11-29 12:00:00,45.58999999999998
2021-11-29 13:00:00,46.33999999999998
2021-11-29 14:00:00,45.87999999999999
2021-11-29 15:00:00,44.85999999999999
2021-11-29 16:00:00,44.82999999999999
2021-11-29 17:00:00,45.13999999999999
2021-11-29 18:00:00,44.71999999999999
2021-11-29 19:00:00,43.07999999999999
2021-11-29 20:00:00,43.569999999999986
2021-11-29 21:00:00,43.949999999999996
2021-11-29 23:00:00,44.72999999999998
2021-11-30 00:00:00,40.11999999999998
2021-11-30 01:00:00,44.809999999999995
2021-11-30 02:00:00,44.79999999999999
2021-11-30 03:00:00,44.569999999999986
2021-11-30 04:00:00,44.48999999999999
2021-11-30 05:00:00,42.46999999999999
2021-11-30 06:00:00,41.309999999999995
2021-11-30 07:00:00,42.12999999999999
2021-11-30 08:00:00,42.069999999999986
2021-11-30 09:00:00,42.35999999999999
2021-11-30 10:00:00,41.82999999999999
2021-11-30 11:00:00,41.86999999999998
2021-11-30 12:00:00,41.88999999999999
2021-11-30 13:00:00,41.70999999999999
2021-11-30 14:00:00,41.449999999999996
2021-11-30 15:00:00,41.15999999999999
2021-11-30 16:00:00,40.10999999999999
2021-11-30 17:00:00,39.63999999999999
2021-11-30 18:00:00,39.679999999999986
2021-11-30 19:00:00,40.22999999999998
2021-11-30 20:00:00,40.40999999999999
2021-11-30 21:00:00,40.95999999999999
2021-11-30 23:00:00,40.87999999999999
2021-12-01 00:00:00,40.46999999999999
2021-12-01 01:00:00,41.509999999999984
2021-12-01 02:00:00,41.45999999999999
2021-12-01 03:00:00,41.60999999999999
2021-12-01 04:00:00,41.85999999999999
2021-12-01 05:00:00,42.34999999999999
2021-12-01 06:00:00,42.13999999999999
2021-12-01 07:00:00,42.43999999999999
2021-12-01 08:00:00,42.399999999999984
2021-12-01 09:00:00,43.15999999999999
2021-12-01 10:00:00,43.259999999999984
2021-12-01 11:00:00,43.149999999999984
2021-12-01 12:00:00,42.86999999999998
2021-12-01 13:00:00,41.789999999999985
2021-12-01 14:00:00,41.97999999999998
2021-12-01 15:00:00,42.65999999999999
2021-12-01 16:00:00,41.289999999999985
2021-12-01 17:00:00,40.57999999999999
2021-12-01 18:00:00,40.419999999999995
2021-12-01 19:00:00,39.699999999999996
2021-12-01 20:00:00,39.18999999999999
2021-12-01 21:00:00,39.649999999999984
2021-12-01 23:00:00,40.199999999999996
2021-12-02 00:00:00,40.539999999999985
2021-12-02 01:00:00,40.24999999999999
2021-12-02 02:00:00,40.29999999999999
2021-12-02 03:00:00,40.36999999999998
2021-12-02 04:00:00,40.32999999999999
2021-12-02 05:00:00,40.539999999999985
2021-12-02 06:00:00,40.569999999999986
2021-12-02 07:00:00,40.73999999999999
2021-12-02 08:00:00,40.48999999999999
2021-12-02 09:00:00,41.26999999999999
2021-12-02 10:00:00,41.04999999999999
2021-12-02 11:00:00,40.509999999999984
2021-12-02 12:00:00,39.46999999999999
2021-12-02 13:00:00,38.49999999999999
2021-12-02 14:00:00,39.029999999999994
2021-12-02 15:00:00,40.699999999999996
2021-12-02 16:00:00,40.49999999999999
2021-12-02 17:00:00,40.21999999999999
2021-12-02 18:00:00,40.32999999999999
2021-12-02 19:00:00,41.179999999999986
2021-12-02 20:00:00,40.90999999999999
2021-12-02 21:00:00,41.40999999999999
2021-12-02 23:00:00,41.399999999999984
2021-12-03 00:00:00,41.169999999999995
2021-12-03 01:00:00,41.01999999999999
2021-12-03 02:00:00,41.199999999999996
2021-12-03 03:00:00,41.759999999999984
2021-12-03 04:00:00,41.72999999999998
2021-12-03 05:00:00,41.54999999999999
2021-12-03 06:00:00,41.70999999999999
2021-12-03 07:00:00,41.899999999999984
2021-12-03 08:00:00,42.33999999999998
2021-12-03 09:00:00,42.309999999999995
2021-12-03 10:00:00,42.15999999999999
2021-12-03 11:00:00,42.309999999999995
2021-12-03 12:00:00,42.429999999999986
2021-12-03 13:00:00,42.679999999999986
2021-12-03 14:00:00,42.649999999999984
2021-12-03 15:00:00,42.18999999999999
2021-12-03 16:00:00,41.35999999999999
2021-12-03 17:00:00,41.069999999999986
2021-12-03 18:00:00,40.279999999999994
2021-12-03 19:00:00,39.95999999999999
2021-12-03 20:00:00,40.35999999999999
2021-12-03 21:00:00,40.32999999999999
2021-12-05 23:00:00,41.59999999999999
2021-12-06 00:00:00,42.23999999999999
2021-12-06 01:00:00,41.82999999999999
2021-12-06 02:00:00,41.97999999999998
2021-12-06 03:00:00,41.759999999999984
2021-12-06 04:00:00,41.779999999999994
2021-12-06 05:00:00,41.899999999999984
2021-12-06 06:00:00,41.99999999999999
2021-12-06 07:00:00,41.98999999999999
2021-12-06 08:00:00,41.779999999999994
2021-12-06 09:00:00,41.97999999999998
2021-12-06 10:00:00,42.039999999999985
2021-12-06 11:00:00,42.63999999999999
2021-12-06 12:00:00,42.29999999999999
2021-12-06 13:00:00,42.569999999999986
2021-12-06 14:00:00,41.97999999999998
2021-12-06 15:00:00,42.309999999999995
2021-12-06 16:00:00,42.289999999999985
2021-12-06 17:00:00,42.97999999999998
2021-12-06 18:00:00,43.18999999999999
2021-12-06 19:00:00,43.86999999999998
2021-12-06 20:00:00,43.87999999999999
2021-12-06 21:00:00,44.09999999999999
2021-12-06 23:00:00,43.82999999999999
2021-12-07 00:00:00,44.15999999999999
2021-12-07 01:00:00,44.319999999999986
2021-12-07 02:00:00,44.13999999999999
2021-12-07 03:00:00,44.15999999999999
2021-12-07 04:00:00,44.259999999999984
2021-12-07 05:00:00,44.62999999999999
2021-12-07 06:00:00,44.38999999999999
2021-12-07 07:00:00,44.71999999999999
2021-12-07 08:00:00,45.179999999999986
2021-12-07 09:00:00,45.36999999999998
2021-12-07 10:00:00,45.63999999999999
2021-12-07 11:00:00,45.82999999999999
2021-12-07 12:00:00,45.65999999999999
2021-12-07 13:00:00,45.46999999999999
2021-12-07 14:00:00,46.15999999999999
2021-12-07 15:00:00,46.63999999999999
2021-12-07 16:00:00,46.70999999999999
2021-12-07 17:00:00,46.59999999999999
2021-12-07 18:00:00,46.38999999999999
2021-12-07 19:00:00,45.95999999999999
2021-12-07 20:00:00,45.449999999999996
2021-12-07 21:00:00,45.79999999999999
2021-12-07 23:00:00,45.919999999999995
2021-12-08 00:00:00,46.10999999999999
2021-12-08 01:00:00,45.679999999999986
2021-12-08 02:00:00,45.929999999999986
2021-12-08 03:00:00,45.79999999999999
2021-12-08 04:00:00,45.899999999999984
2021-12-08 05:00:00,45.929999999999986
2021-12-08 06:00:00,45.649999999999984
2021-12-08 07:00:00,45.559999999999995
2021-12-08 08:00:00,45.82999999999999
2021-12-08 09:00:00,46.36999999999998
2021-12-08 10:00:00,45.399999999999984
2021-12-08 11:00:00,46.759999999999984
2021-12-08 12:00:00,46.32999999999999
2021-12-08 13:00:00,46.49999999999999
2021-12-08 14:00:00,45.919999999999995
2021-12-08 15:00:00,46.169999999999995
2021-12-08 16:00:00,46.699999999999996
2021-12-08 17:00:00,46.509999999999984
2021-12-08 18:00:00,46.84999999999999
2021-12-08 19:00:00,46.51999999999999
2021-12-08 20:00:00,46.669999999999995
2021-12-08 21:00:00,46.70999999999999
2021-12-08 23:00:00,46.669999999999995
2021-12-09 00:00:00,45.059999999999995
2021-12-09 01:00:00,46.73999999999999
2021-12-09 02:00:00,47.26999999999999
2021-12-09 03:00:00,47.01999999999999
2021-12-09 04:00:00,47.179999999999986
2021-12-09 05:00:00,46.97999999999998
2021-12-09 06:00:00,47.01999999999999
2021-12-09 07:00:00,46.699999999999996
2021-12-09 08:00:00,46.319999999999986
2021-12-09 09:00:00,46.259999999999984
2021-12-09 10:00:00,46.21999999999999
2021-12-09 11:00:00,46.009999999999984
2021-12-09 12:00:00,45.679999999999986
2021-12-09 13:00:00,45.62999999999999
2021-12-09 14:00:00,45.63999999999999
2021-12-09 15:00:00,45.809999999999995
2021-12-09 16:00:00,45.62999999999999
2021-12-09 17:00:00,45.569999999999986
2021-12-09 18:00:00,45.36999999999998
2021-12-09 19:00:00,44.759999999999984
2021-12-09 20:00:00,44.60999999999999
2021-12-09 21:00:00,44.72999999999998
2021-12-09 23:00:00,44.65999999999999
2021-12-10 00:00:00,45.74999999999999
2021-12-10 01:00:00,44.96999999999999
2021-12-10 02:00:00,45.12999999999999
2021-12-10 03:00:00,45.11999999999998
2021-12-10 04:00:00,44.899999999999984
2021-12-10 05:00:00,44.73999999999999
2021-12-10 06:00:00,44.70999999999999
2021-12-10 07:00:00,44.85999999999999
2021-12-10 08:00:00,45.45999999999999
2021-12-10 09:00:00,45.49999999999999
2021-12-10 10:00:00,45.45999999999999
2021-12-10 11:00:00,45.73999999999999
2021-12-10 12:00:00,45.83999999999998
2021-12-10 13:00:00,46.20999999999999
2021-12-10 14:00:00,45.279999999999994
2021-12-10 15:00:00,45.559999999999995
2021-12-10 16:00:00,45.15999999999999
2021-12-10 17:00:00,45.449999999999996
2021-12-10 18:00:00,45.63999999999999
2021-12-10 19:00:00,45.85999999999999
2021-12-10 20:00:00,46.059999999999995
2021-12-10 21:00:00,46.07999999999999
2021-12-12 23:00:00,46.58999999999998
2021-12-13 00:00:00,45.32999999999998
2021-12-13 01:00:00,46.77999999999998
2021-12-13 02:00:00,46.77999999999998
2021-12-13 03:00:00,46.679999999999986
2021-12-13 04:00:00,46.789999999999985
2021-12-13 05:00:00,46.82999999999998
2021-12-13 06:00:00,46.989999999999974
2021-12-13 07:00:00,46.549999999999976
2021-12-13 08:00:00,46.149999999999984
2021-12-13 09:00:00,45.95999999999999
2021-12-13 10:00:00,45.909999999999975
2021-12-13 11:00:00,45.519999999999975
2021-12-13 12:00:00,45.13999999999998
2021-12-13 13:00:00,45.70999999999999
2021-12-13 14:00:00,45.379999999999974
2021-12-13 15:00:00,45.71999999999998
2021-12-13 16:00:00,45.60999999999998
2021-12-13 17:00:00,45.799999999999976
2021-12-13 18:00:00,45.30999999999998
2021-12-13 19:00:00,45.44999999999998
2021-12-13 20:00:00,45.239999999999974
2021-12-13 21:00:00,45.189999999999976
2021-12-13 23:00:00,45.20999999999999
2021-12-14 00:00:00,45.399999999999984
2021-12-14 01:00:00,45.11999999999998
2021-12-14 02:00:00,44.789999999999985
2021-12-14 03:00:00,44.929999999999986
2021-12-14 04:00:00,44.97999999999998
2021-12-14 05:00:00,45.299999999999976
2021-12-14 06:00:00,45.45999999999999
2021-12-14 07:00:00,45.509999999999984
2021-12-14 08:00:00,45.899999999999984
2021-12-14 09:00:00,45.13999999999998
2021-12-14 10:00:00,45.30999999999998
2021-12-14 11:00:00,45.379999999999974
2021-12-14 12:00:00,45.24999999999998
2021-12-14 13:00:00,44.36999999999998
2021-12-14 14:00:00,44.549999999999976
2021-12-14 15:00:00,44.399999999999984
2021-12-14 16:00:00,43.679999999999986
2021-12-14 17:00:00,44.049999999999976
2021-12-14 18:00:00,44.57999999999998
2021-12-14 19:00:00,44.489999999999974
2021-12-14 20:00:00,44.44999999999998
2021-12-14 21:00:00,44.60999999999998
2021-12-14 23:00:00,44.299999999999976
2021-12-15 00:00:00,44.299999999999976
2021-12-15 01:00:00,44.22999999999998
2021-12-15 02:00:00,43.97999999999998
2021-12-15 03:00:00,43.94999999999998
2021-12-15 04:00:00,43.96999999999998
2021-12-15 05:00:00,43.80999999999998
2021-12-15 06:00:00,43.909999999999975
2021-12-15 07:00:00,44.05999999999998
2021-12-15 08:00:00,44.35999999999998
2021-12-15 09:00:00,44.11999999999998
2021-12-15 10:00:00,44.08999999999998
2021-12-15 11:00:00,43.83999999999998
2021-12-15 12:00:00,43.99999999999998
2021-12-15 13:00:00,44.16999999999998
2021-12-15 14:00:00,43.799999999999976
2021-12-15 15:00:00,44.069999999999986
2021-12-15 16:00:00,44.05999999999998
2021-12-15 17:00:00,44.629999999999974
2021-12-15 18:00:00,44.539999999999985
2021-12-15 19:00:00,45.05999999999998
2021-12-15 20:00:00,45.55999999999998
2021-12-15 21:00:00,45.489999999999974
2021-12-15 23:00:00,45.649999999999984
2021-12-16 00:00:00,45.66999999999998
2021-12-16 01:00:00,45.549999999999976
2021-12-16 02:00:00,45.72999999999998
2021-12-16 03:00:00,45.70999999999999
2021-12-16 04:00:00,45.549999999999976
2021-12-16 05:00:00,45.61999999999998
2021-12-16 06:00:00,45.71999999999998
2021-12-16 07:00:00,45.649999999999984
2021-12-16 08:00:00,45.47999999999998
2021-12-16 09:00:00,45.60999999999998
2021-12-16 10:00:00,45.71999999999998
2021-12-16 11:00:00,45.97999999999998
2021-12-16 12:00:00,45.21999999999998
2021-12-16 13:00:00,45.519999999999975
2021-12-16 14:00:00,45.439999999999976
2021-12-16 15:00:00,46.129999999999974
2021-12-16 16:00:00,46.61999999999998
2021-12-16 17:00:00,46.24999999999998
2021-12-16 18:00:00,46.47999999999998
2021-12-16 19:00:00,45.91999999999998
2021-12-16 20:00:00,45.989999999999974
2021-12-16 21:00:00,45.899999999999984
2021-12-16 23:00:00,45.789999999999985
2021-12-17 00:00:00,44.879999999999974
2021-12-17 01:00:00,46.13999999999998
2021-12-17 02:00:00,46.019999999999975
2021-12-17 03:00:00,45.60999999999998
2021-12-17 04:00:00,45.61999999999998
2021-12-17 05:00:00,45.629999999999974
2021-12-17 06:00:00,45.69999999999998
2021-12-17 07:00:00,45.72999999999998
2021-12-17 08:00:00,45.45999999999999
2021-12-17 09:00:00,45.239999999999974
2021-12-17 10:00:00,44.939999999999976
2021-12-17 11:00:00,45.069999999999986
2021-12-17 12:00:00,44.83999999999998
2021-12-17 13:00:00,45.289999999999985
2021-12-17 14:00:00,44.879999999999974
2021-12-17 15:00:00,44.96999999999998
2021-12-17 16:00:00,44.86999999999998
2021-12-17 17:00:00,44.96999999999998
2021-12-17 18:00:00,44.70999999999999
2021-12-17 19:00:00,44.86999999999998
2021-12-17 20:00:00,44.509999999999984
2021-12-17 21:00:00,44.27999999999998
2021-12-19 23:00:00,43.34999999999997
2021-12-20 00:00:00,42.88999999999998
2021-12-20 01:00:00,43.19999999999998
2021-12-20 02:00:00,43.10999999999998
2021-12-20 03:00:00,42.99999999999998
2021-12-20 04:00:00,42.66999999999998
2021-12-20 05:00:00,42.33999999999998
2021-12-20 06:00:00,42.509999999999984
2021-12-20 07:00:00,42.60999999999998
2021-12-20 08:00:00,41.489999999999974
2021-12-20 09:00:00,41.759999999999984
2021-12-20 10:00:00,42.519999999999975
2021-12-20 11:00:00,42.879999999999974
2021-12-20 12:00:00,41.399999999999984
2021-12-20 13:00:00,42.11999999999998
2021-12-20 14:00:00,41.55999999999998
2021-12-20 15:00:00,40.80999999999998
2021-12-20 16:00:00,41.159999999999975
2021-12-20 17:00:00,41.88999999999998
2021-12-20 18:00:00,42.159999999999975
2021-12-20 19:00:00,43.24999999999998
2021-12-20 20:00:00,43.24999999999998
2021-12-20 21:00:00,43.509999999999984
2021-12-20 23:00:00,43.509999999999984
2021-12-21 00:00:00,43.33999999999998
2021-12-21 01:00:00,43.52999999999998
2021-12-21 02:00:00,43.539999999999985
2021-12-21 03:00:00,43.569999999999986
2021-12-21 04:00:00,43.549999999999976
2021-12-21 05:00:00,43.88999999999998
2021-12-21 06:00:00,43.679999999999986
2021-12-21 07:00:00,43.32999999999998
2021-12-21 08:00:00,43.159999999999975
2021-12-21 09:00:00,43.039999999999985
2021-12-21 10:00:00,43.86999999999998
2021-12-21 11:00:00,44.009999999999984
2021-12-21 12:00:00,43.899999999999984
2021-12-21 13:00:00,43.769999999999975
2021-12-21 14:00:00,44.45999999999999
2021-12-21 15:00:00,44.52999999999998
2021-12-21 16:00:00,45.039999999999985
2021-12-21 17:00:00,45.55999999999998
2021-12-21 18:00:00,45.44999999999998
2021-12-21 19:00:00,45.58999999999998
2021-12-21 20:00:00,45.679999999999986
2021-12-21 21:00:00,45.46999999999998
2021-12-21 23:00:00,45.519999999999975
2021-12-22 00:00:00,46.85999999999998
2021-12-22 01:00:00,45.85999999999998
2021-12-22 02:00:00,45.61999999999998
2021-12-22 03:00:00,45.57999999999998
2021-12-22 04:00:00,45.55999999999998
2021-12-22 05:00:00,45.44999999999998
2021-12-22 06:00:00,45.429999999999986
2021-12-22 07:00:00,45.41999999999998
2021-12-22 08:00:00,45.55999999999998
2021-12-22 09:00:00,45.60999999999998
2021-12-22 10:00:00,45.77999999999998
2021-12-22 11:00:00,45.60999999999998
2021-12-22 12:00:00,45.379999999999974
2021-12-22 13:00:00,45.55999999999998
2021-12-22 14:00:00,45.47999999999998
2021-12-22 15:00:00,45.759999999999984
2021-12-22 16:00:00,46.08999999999998
2021-12-22 17:00:00,46.299999999999976
2021-12-22 18:00:00,46.629999999999974
2021-12-22 19:00:00,46.97999999999998
2021-12-22 20:00:00,47.049999999999976
2021-12-22 21:00:00,47.11999999999998
2021-12-22 23:00:00,47.19999999999998
2021-12-23 00:00:00,47.049999999999976
2021-12-23 01:00:00,47.159999999999975
2021-12-23 02:00:00,47.21999999999998
2021-12-23 03:00:00,46.97999999999998
2021-12-23 04:00:00,47.049999999999976
2021-12-23 05:00:00,47.019999999999975
2021-12-23 06:00:00,46.939999999999976
2021-12-23 07:00:00,46.86999999999998
2021-12-23 08:00:00,46.59999999999997
2021-12-23 09:00:00,46.679999999999986
2021-12-23 10:00:00,46.86999999999998
2021-12-23 11:00:00,47.02999999999998
2021-12-23 12:00:00,47.09999999999997
2021-12-23 13:00:00,47.189999999999976
2021-12-23 14:00:00,47.07999999999998
2021-12-23 15:00:00,47.19999999999998
2021-12-23 16:00:00,47.77999999999998
2021-12-23 17:00:00,47.789999999999985
2021-12-23 18:00:00,47.77999999999998
2021-12-23 19:00:00,47.96999999999998
2021-12-23 20:00:00,47.97999999999998
2021-12-23 21:00:00,47.879999999999974
2021-12-26 23:00:00,47.52999999999998
2021-12-27 00:00:00,49.70999999999999
2021-12-27 01:00:00,47.38999999999998
2021-12-27 02:00:00,47.539999999999985
2021-12-27 03:00:00,47.46999999999998
2021-12-27 04:00:00,47.299999999999976
2021-12-27 05:00:00,47.189999999999976
2021-12-27 06:00:00,47.05999999999998
2021-12-27 07:00:00,47.10999999999998
2021-12-27 08:00:00,47.129999999999974
2021-12-27 09:00:00,47.159999999999975
2021-12-27 10:00:00,47.159999999999975
2021-12-27 11:00:00,46.96999999999998
2021-12-27 12:00:00,46.939999999999976
2021-12-27 13:00:00,47.58999999999998
2021-12-27 14:00:00,47.71999999999998
2021-12-27 15:00:00,49.94999999999998
2021-12-27 16:00:00,49.96999999999998
2021-12-27 17:00:00,49.71999999999998
2021-12-27 18:00:00,49.83999999999998
2021-12-27 19:00:00,49.659999999999975
2021-12-27 20:00:00,49.929999999999986
2021-12-27 21:00:00,50.049999999999976
2021-12-27 23:00:00,49.95999999999999
2021-12-28 00:00:00,49.88999999999998
2021-12-28 01:00:00,49.85999999999998
2021-12-28 02:00:00,49.939999999999976
2021-12-28 03:00:00,49.899999999999984
2021-12-28 04:00:00,49.929999999999986
2021-12-28 05:00:00,49.989999999999974
2021-12-28 06:00:00,50.289999999999985
2021-12-28 07:00:00,49.72999999999998
2021-12-28 08:00:00,50.039999999999985
2021-12-28 09:00:00,50.269999999999975
2021-12-28 10:00:00,50.86999999999998
2021-12-28 11:00:00,50.80999999999998
2021-12-28 12:00:00,50.769999999999975
2021-12-28 13:00:00,50.399999999999984
2021-12-28 14:00:00,50.33999999999998
2021-12-28 15:00:00,50.189999999999976
2021-12-28 16:00:00,50.259999999999984
2021-12-28 17:00:00,50.11999999999998
2021-12-28 18:00:00,50.149999999999984
2021-12-28 19:00:00,50.069999999999986
2021-12-28 20:00:00,50.10999999999998
2021-12-28 21:00:00,50.149999999999984
2021-12-28 23:00:00,50.27999999999998
2021-12-29 00:00:00,50.38999999999998
2021-12-29 01:00:00,50.259999999999984
2021-12-29 02:00:00,50.08999999999998
2021-12-29 03:00:00,50.13999999999998
2021-12-29 04:00:00,50.09999999999997
2021-12-29 05:00:00,50.08999999999998
2021-12-29 06:00:00,50.27999999999998
2021-12-29 07:00:00,50.30999999999998
2021-12-29 08:00:00,50.27999999999998
2021-12-29 09:00:00,50.16999999999998
2021-12-29 10:00:00,50.009999999999984
2021-12-29 11:00:00,49.72999999999998
2021-12-29 12:00:00,49.659999999999975
2021-12-29 13:00:00,49.929999999999986
2021-12-29 14:00:00,50.019999999999975
2021-12-29 15:00:00,51.21999999999998
2021-12-29 16:00:00,49.91999999999998
2021-12-29 17:00:00,50.489999999999974
2021-12-29 18:00:00,50.659999999999975
2021-12-29 19:00:00,50.59999999999997
2021-12-29 20:00:00,50.649999999999984
2021-12-29 21:00:00,50.74999999999998
2021-12-29 23:00:00,50.759999999999984
2021-12-30 00:00:00,51.13999999999998
2021-12-30 01:00:00,50.97999999999998
2021-12-30 02:00:00,51.07999999999998
2021-12-30 03:00:00,50.96999999999998
2021-12-30 04:00:00,50.97999999999998
2021-12-30 05:00:00,50.71999999999998
2021-12-30 06:00:00,50.88999999999998
2021-12-30 07:00:00,50.399999999999984
2021-12-30 08:00:00,50.55999999999998
2021-12-30 09:00:00,50.47999999999998
2021-12-30 10:00:00,50.049999999999976
2021-12-30 11:00:00,50.299999999999976
2021-12-30 12:00:00,50.409999999999975
2021-12-30 13:00:00,50.41999999999998
2021-12-30 14:00:00,51.20999999999999
2021-12-30 15:00:00,51.08999999999998
2021-12-30 16:00:00,51.11999999999998
2021-12-30 17:00:00,51.09999999999997
2021-12-30 18:00:00,51.05999999999998
2021-12-30 19:00:00,50.83999999999998
2021-12-30 20:00:00,50.689999999999976
2021-12-30 21:00:00,50.61999999999998
2021-12-30 23:00:00,50.49999999999998
2021-12-31 00:00:00,50.41999999999998
2021-12-31 01:00:00,50.60999999999998
2021-12-31 02:00:00,50.46999999999998
2021-12-31 03:00:00,50.769999999999975
2021-12-31 04:00:00,50.71999999999998
2021-12-31 05:00:00,50.85999999999998
2021-12-31 06:00:00,51.09999999999997
2021-12-31 07:00:00,51.10999999999998
2021-12-31 08:00:00,50.659999999999975
2021-12-31 09:00:00,50.689999999999976
2021-12-31 10:00:00,50.409999999999975
2021-12-31 11:00:00,50.08999999999998
2021-12-31 12:00:00,49.929999999999986
2021-12-31 13:00:00,49.74999999999998
2021-12-31 14:00:00,50.36999999999998
2021-12-31 15:00:00,50.399999999999984
2021-12-31 16:00:00,49.86999999999998
2021-12-31 17:00:00,49.769999999999975
2021-12-31 18:00:00,49.429999999999986
2021-12-31 19:00:00,49.55999999999998
2021-12-31 20:00:00,49.629999999999974
2021-12-31 21:00:00,49.679999999999986
2022-01-02 23:00:00,50.009999999999984
2022-01-03 00:00:00,50.10999999999998
2022-01-03 01:00:00,49.82999999999998
2022-01-03 02:00:00,49.679999999999986
2022-01-03 03:00:00,50.009999999999984
2022-01-03 04:00:00,49.97999999999998
2022-01-03 05:00:00,50.049999999999976
2022-01-03 06:00:00,50.039999999999985
2022-01-03 07:00:00,50.189999999999976
2022-01-03 08:00:00,50.409999999999975
2022-01-03 09:00:00,50.439999999999976
2022-01-03 10:00:00,50.429999999999986
2022-01-03 11:00:00,50.039999999999985
2022-01-03 12:00:00,49.63999999999998
2022-01-03 13:00:00,48.94999999999998
2022-01-03 14:00:00,49.55999999999998
2022-01-03 15:00:00,49.94999999999998
2022-01-03 16:00:00,50.379999999999974
2022-01-03 17:00:00,50.60999999999998
2022-01-03 18:00:00,50.13999999999998
2022-01-03 19:00:00,50.379999999999974
2022-01-03 20:00:00,50.24999999999998
2022-01-03 21:00:00,50.289999999999985
2022-01-03 23:00:00,50.22999999999998
2022-01-04 00:00:00,51.269999999999975
2022-01-04 01:00:00,50.399999999999984
2022-01-04 02:00:00,50.30999999999998
2022-01-04 03:00:00,50.49999999999998
2022-01-04 04:00:00,50.69999999999998
2022-01-04 05:00:00,50.569999999999986
2022-01-04 06:00:00,50.45999999999999
2022-01-04 07:00:00,50.289999999999985
2022-01-04 08:00:00,50.55999999999998
2022-01-04 09:00:00,50.739999999999974
2022-01-04 10:00:00,50.939999999999976
2022-01-04 11:00:00,50.57999999999998
2022-01-04 12:00:00,50.789999999999985
2022-01-04 13:00:00,51.16999999999998
2022-01-04 14:00:00,51.679999999999986
2022-01-04 15:00:00,51.46999999999998
2022-01-04 16:00:00,51.45999999999999
2022-01-04 17:00:00,51.409999999999975
2022-01-04 18:00:00,51.46999999999998
2022-01-04 19:00:00,51.239999999999974
2022-01-04 20:00:00,51.22999999999998
2022-01-04 21:00:00,51.409999999999975
2022-01-04 23:00:00,51.299999999999976
2022-01-05 00:00:00,51.99999999999998
2022-01-05 01:00:00,51.049999999999976
2022-01-05 02:00:00,50.97999999999998
2022-01-05 03:00:00,51.10999999999998
2022-01-05 04:00:00,51.09999999999997
2022-01-05 05:00:00,51.129999999999974
2022-01-05 06:00:00,51.35999999999998
2022-01-05 07:00:00,51.239999999999974
2022-01-05 08:00:00,50.97999999999998
2022-01-05 09:00:00,51.189999999999976
2022-01-05 10:00:00,51.20999999999999
2022-01-05 11:00:00,51.259999999999984
2022-01-05 12:00:00,51.45999999999999
2022-01-05 13:00:00,52.20999999999999
2022-01-05 14:00:00,52.289999999999985
2022-01-05 15:00:00,52.41999999999998
2022-01-05 16:00:00,52.45999999999999
2022-01-05 17:00:00,52.539999999999985
2022-01-05 18:00:00,52.41999999999998
2022-01-05 19:00:00,51.77999999999998
2022-01-05 20:00:00,51.189999999999976
2022-01-05 21:00:00,51.27999999999998
2022-01-05 23:00:00,51.299999999999976
2022-01-06 00:00:00,51.33999999999998
2022-01-06 01:00:00,51.009999999999984
2022-01-06 02:00:00,51.129999999999974
2022-01-06 03:00:00,50.879999999999974
2022-01-06 04:00:00,50.939999999999976
2022-01-06 05:00:00,51.22999999999998
2022-01-06 06:00:00,51.24999999999998
2022-01-06 07:00:00,51.519999999999975
2022-01-06 08:00:00,51.909999999999975
2022-01-06 09:00:00,52.189999999999976
2022-01-06 10:00:00,53.019999999999975
2022-01-06 11:00:00,52.799999999999976
2022-01-06 12:00:00,53.08999999999998
2022-01-06 13:00:00,53.74999999999998
2022-01-06 14:00:00,53.59999999999997
2022-01-06 15:00:00,53.44999999999998
2022-01-06 16:00:00,53.88999999999998
2022-01-06 17:00:00,53.30999999999998
2022-01-06 18:00:00,53.239999999999974
2022-01-06 19:00:00,53.59999999999997
2022-01-06 20:00:00,53.399999999999984
2022-01-06 21:00:00,53.549999999999976
2022-01-06 23:00:00,53.399999999999984
2022-01-07 00:00:00,52.96999999999998
2022-01-07 01:00:00,54.009999999999984
2022-01-07 02:00:00,54.02999999999998
2022-01-07 03:00:00,53.99999999999998
2022-01-07 04:00:00,53.97999999999998
2022-01-07 05:00:00,54.10999999999998
2022-01-07 06:00:00,54.299999999999976
2022-01-07 07:00:00,53.99999999999998
2022-01-07 08:00:00,53.899999999999984
2022-01-07 09:00:00,54.10999999999998
2022-01-07 10:00:00,54.149999999999984
2022-01-07 11:00:00,53.82999999999998
2022-01-07 12:00:00,53.909999999999975
2022-01-07 13:00:00,53.85999999999998
2022-01-07 14:00:00,53.47999999999998
2022-01-07 15:00:00,52.939999999999976
2022-01-07 16:00:00,53.05999999999998
2022-01-07 17:00:00,52.789999999999985
2022-01-07 18:00:00,52.789999999999985
2022-01-07 19:00:00,52.799999999999976
2022-01-07 20:00:00,53.09999999999997
2022-01-07 21:00:00,53.05999999999998
2022-01-09 23:00:00,52.58999999999998
2022-01-10 00:00:00,52.65999999999999
2022-01-10 01:00:00,52.84999999999999
2022-01-10 02:00:00,53.08999999999998
2022-01-10 03:00:00,53.05999999999998
2022-01-10 04:00:00,53.069999999999986
2022-01-10 05:00:00,52.97999999999998
2022-01-10 06:00:00,53.039999999999985
2022-01-10 07:00:00,53.22999999999998
2022-01-10 08:00:00,52.899999999999984
2022-01-10 09:00:00,53.09999999999999
2022-01-10 10:00:00,52.82999999999999
2022-01-10 11:00:00,52.789999999999985
2022-01-10 12:00:00,52.46999999999999
2022-01-10 13:00:00,52.819999999999986
2022-01-10 14:00:00,52.54999999999999
2022-01-10 15:00:00,52.63999999999999
2022-01-10 16:00:00,52.36999999999998
2022-01-10 17:00:00,52.26999999999999
2022-01-10 18:00:00,52.44999999999998
2022-01-10 19:00:00,52.10999999999999
2022-01-10 20:00:00,52.34999999999999
2022-01-10 21:00:00,52.35999999999999
2022-01-10 23:00:00,52.47999999999998
2022-01-11 00:00:00,52.57999999999999
2022-01-11 01:00:00,52.529999999999994
2022-01-11 02:00:00,52.759999999999984
2022-01-11 03:00:00,52.68999999999999
2022-01-11 04:00:00,52.63999999999999
2022-01-11 05:00:00,52.71999999999999
2022-01-11 06:00:00,52.65999999999999
2022-01-11 07:00:00,52.88999999999999
2022-01-11 08:00:00,53.11999999999998
2022-01-11 09:00:00,53.33999999999998
2022-01-11 10:00:00,53.29999999999999
2022-01-11 11:00:00,53.37999999999999
2022-01-11 12:00:00,53.399999999999984
2022-01-11 13:00:00,53.319999999999986
2022-01-11 14:00:00,53.039999999999985
2022-01-11 15:00:00,53.819999999999986
2022-01-11 16:00:00,54.83999999999998
2022-01-11 17:00:00,55.12999999999999
2022-01-11 18:00:00,54.94999999999998
2022-01-11 19:00:00,55.22999999999998
2022-01-11 20:00:00,55.16999999999998
2022-01-11 21:00:00,55.05999999999998
2022-01-11 23:00:00,55.05999999999998
2022-01-12 00:00:00,56.279999999999994
2022-01-12 01:00:00,55.09999999999999
2022-01-12 02:00:00,55.20999999999999
2022-01-12 03:00:00,54.99999999999999
2022-01-12 04:00:00,54.96999999999999
2022-01-12 05:00:00,55.15999999999999
2022-01-12 06:00:00,54.93999999999999
2022-01-12 07:00:00,55.069999999999986
2022-01-12 08:00:00,55.46999999999999
2022-01-12 09:00:00,55.179999999999986
2022-01-12 10:00:00,55.34999999999999
2022-01-12 11:00:00,55.57999999999999
2022-01-12 12:00:00,55.22999999999998
2022-01-12 13:00:00,55.76999999999999
2022-01-12 14:00:00,55.73999999999999
2022-01-12 15:00:00,55.97999999999998
2022-01-12 16:00:00,56.44999999999998
2022-01-12 17:00:00,56.43999999999999
2022-01-12 18:00:00,56.34999999999999
2022-01-12 19:00:00,56.12999999999999
2022-01-12 20:00:00,56.29999999999999
2022-01-12 21:00:00,56.34999999999999
2022-01-12 23:00:00,56.399999999999984
2022-01-13 00:00:00,56.40999999999999
2022-01-13 01:00:00,56.24999999999999
2022-01-13 02:00:00,56.289999999999985
2022-01-13 03:00:00,56.08999999999998
2022-01-13 04:00:00,56.09999999999999
2022-01-13 05:00:00,55.929999999999986
2022-01-13 06:00:00,56.069999999999986
2022-01-13 07:00:00,56.009999999999984
2022-01-13 08:00:00,56.30999999999998
2022-01-13 09:00:00,56.399999999999984
2022-01-13 10:00:00,56.279999999999994
2022-01-13 11:00:00,56.26999999999999
2022-01-13 12:00:00,55.93999999999999
2022-01-13 13:00:00,56.12999999999999
2022-01-13 14:00:00,56.40999999999999
2022-01-13 15:00:00,55.70999999999999
2022-01-13 16:00:00,56.45999999999999
2022-01-13 17:00:00,56.09999999999999
2022-01-13 18:00:00,56.259999999999984
2022-01-13 19:00:00,55.59999999999999
2022-01-13 20:00:00,55.36999999999998
2022-01-13 21:00:00,55.55999999999998
2022-01-13 23:00:00,55.66999999999998
2022-01-14 00:00:00,55.60999999999999
2022-01-14 01:00:00,55.62999999999999
2022-01-14 02:00:00,55.79999999999999
2022-01-14 03:00:00,55.70999999999999
2022-01-14 04:00:00,55.73999999999999
2022-01-14 05:00:00,55.899999999999984
2022-01-14 06:00:00,56.08999999999998
2022-01-14 07:00:00,56.11999999999998
2022-01-14 08:00:00,56.47999999999998
2022-01-14 09:00:00,56.539999999999985
2022-01-14 10:00:00,56.88999999999999
2022-01-14 11:00:00,56.54999999999999
2022-01-14 12:00:00,56.22999999999998
2022-01-14 13:00:00,56.16999999999998
2022-01-14 14:00:00,56.84999999999999
2022-01-14 15:00:00,56.74999999999999
2022-01-14 16:00:00,56.60999999999999
2022-01-14 17:00:00,57.59999999999999
2022-01-14 18:00:00,57.60999999999999
2022-01-14 19:00:00,57.51999999999999
2022-01-14 20:00:00,57.84999999999999
2022-01-14 21:00:00,57.79999999999999
2022-01-16 23:00:00,57.97999999999998
2022-01-17 00:00:00,57.85999999999999
2022-01-17 01:00:00,57.99999999999999
2022-01-17 02:00:00,57.69999999999998
2022-01-17 03:00:00,57.679999999999986
2022-01-17 04:00:00,57.58999999999998
2022-01-17 05:00:00,57.66999999999998
2022-01-17 06:00:00,57.80999999999998
2022-01-17 07:00:00,57.90999999999999
2022-01-17 08:00:00,57.679999999999986
2022-01-17 09:00:00,57.60999999999999
2022-01-17 10:00:00,57.36999999999998
2022-01-17 11:00:00,57.34999999999999
2022-01-17 12:00:00,57.40999999999999
2022-01-17 13:00:00,57.319999999999986
2022-01-17 14:00:00,57.45999999999999
2022-01-17 15:00:00,57.45999999999999
2022-01-17 16:00:00,57.82999999999999
2022-01-17 17:00:00,57.899999999999984
2022-01-17 18:00:00,57.79999999999999
2022-01-17 19:00:00,57.929999999999986
2022-01-17 23:00:00,57.84999999999999
2022-01-18 00:00:00,57.84999999999999
2022-01-18 01:00:00,58.05999999999998
2022-01-18 02:00:00,58.68999999999999
2022-01-18 03:00:00,58.44999999999998
2022-01-18 04:00:00,58.55999999999998
2022-01-18 05:00:00,58.76999999999999
2022-01-18 06:00:00,58.97999999999998
2022-01-18 07:00:00,59.259999999999984
2022-01-18 08:00:00,58.66999999999998
2022-01-18 09:00:00,58.65999999999999
2022-01-18 10:00:00,58.95999999999999
2022-01-18 11:00:00,58.45999999999999
2022-01-18 12:00:00,58.509999999999984
2022-01-18 13:00:00,58.96999999999999
2022-01-18 14:00:00,58.649999999999984
2022-01-18 15:00:00,58.65999999999999
2022-01-18 16:00:00,58.70999999999999
2022-01-18 17:00:00,58.36999999999998
2022-01-18 18:00:00,58.84999999999999
2022-01-18 19:00:00,59.33999999999998
2022-01-18 20:00:00,59.33999999999998
2022-01-18 21:00:00,59.96999999999999
2022-01-18 23:00:00,60.149999999999984
2022-01-19 00:00:00,59.88999999999999
2022-01-19 01:00:00,60.259999999999984
2022-01-19 02:00:00,60.13999999999999
2022-01-19 03:00:00,60.01999999999999
2022-01-19 04:00:00,59.90999999999999
2022-01-19 05:00:00,59.96999999999999
2022-01-19 06:00:00,59.51999999999999
2022-01-19 07:00:00,59.49999999999999
2022-01-19 08:00:00,59.33999999999998
2022-01-19 09:00:00,59.91999999999998
2022-01-19 10:00:00,60.12999999999999
2022-01-19 11:00:00,59.779999999999994
2022-01-19 12:00:00,59.44999999999998
2022-01-19 13:00:00,59.58999999999998
2022-01-19 14:00:00,59.90999999999999
2022-01-19 15:00:00,60.18999999999999
2022-01-19 16:00:00,60.569999999999986
2022-01-19 17:00:00,60.259999999999984
2022-01-19 18:00:00,59.819999999999986
2022-01-19 19:00:00,59.649999999999984
2022-01-19 20:00:00,59.47999999999998
2022-01-19 21:00:00,59.07999999999999
2022-01-19 23:00:00,59.04999999999999
2022-01-20 00:00:00,59.74999999999999
2022-01-20 01:00:00,59.08999999999998
2022-01-20 02:00:00,59.63999999999999
2022-01-20 03:00:00,59.79999999999999
2022-01-20 04:00:00,59.779999999999994
2022-01-20 05:00:00,59.76999999999999
2022-01-20 06:00:00,59.68999999999999
2022-01-20 07:00:00,59.36999999999998
2022-01-20 08:00:00,59.19999999999998
2022-01-20 09:00:00,59.399999999999984
2022-01-20 10:00:00,59.51999999999999
2022-01-20 11:00:00,59.70999999999999
2022-01-20 12:00:00,59.38999999999999
2022-01-20 13:00:00,59.66999999999998
2022-01-20 14:00:00,59.71999999999999
2022-01-20 15:00:00,60.21999999999999
2022-01-20 16:00:00,60.48999999999999
2022-01-20 17:00:00,60.32999999999999
2022-01-20 18:00:00,60.15999999999999
2022-01-20 19:00:00,59.57999999999999
2022-01-20 20:00:00,58.789999999999985
2022-01-20 21:00:00,58.679999999999986
2022-01-20 23:00:00,58.259999999999984
2022-01-21 00:00:00,57.87999999999999
2022-01-21 01:00:00,57.49999999999999
2022-01-21 02:00:00,57.85999999999999
2022-01-21 03:00:00,58.07999999999999
2022-01-21 04:00:00,57.95999999999999
2022-01-21 05:00:00,58.32999999999999
2022-01-21 06:00:00,58.22999999999998
2022-01-21 07:00:00,58.51999999999999
2022-01-21 08:00:00,58.33999999999998
2022-01-21 09:00:00,58.16999999999998
2022-01-21 10:00:00,58.529999999999994
2022-01-21 11:00:00,58.41999999999998
2022-01-21 12:00:00,58.279999999999994
2022-01-21 13:00:00,59.20999999999999
2022-01-21 14:00:00,58.49999999999999
2022-01-21 15:00:00,59.21999999999999
2022-01-21 16:00:00,59.039999999999985
2022-01-21 17:00:00,59.069999999999986
2022-01-21 18:00:00,59.11999999999998
2022-01-21 19:00:00,59.08999999999998
2022-01-21 20:00:00,58.99999999999999
2022-01-21 21:00:00,58.96999999999999
2022-01-23 23:00:00,59.95999999999999
2022-01-24 00:00:00,59.96999999999999
2022-01-24 01:00:00,60.12999999999999
2022-01-24 02:00:00,59.91999999999998
2022-01-24 03:00:00,59.91999999999998
2022-01-24 04:00:00,59.94999999999998
2022-01-24 05:00:00,59.899999999999984
2022-01-24 06:00:00,59.74999999999999
2022-01-24 07:00:00,59.80999999999998
2022-01-24 08:00:00,59.539999999999985
2022-01-24 09:00:00,59.539999999999985
2022-01-24 10:00:00,59.05999999999998
2022-01-24 11:00:00,59.46999999999999
2022-01-24 12:00:00,59.149999999999984
2022-01-24 13:00:00,57.80999999999998
2022-01-24 14:00:00,57.05999999999998
2022-01-24 15:00:00,57.29999999999999
2022-01-24 16:00:00,56.66999999999998
2022-01-24 17:00:00,57.41999999999998
2022-01-24 18:00:00,57.71999999999999
2022-01-24 19:00:00,57.289999999999985
2022-01-24 20:00:00,57.99999999999999
2022-01-24 21:00:00,58.32999999999999
2022-01-24 23:00:00,58.46999999999999
2022-01-25 00:00:00,57.86999999999998
2022-01-25 01:00:00,58.009999999999984
2022-01-25 02:00:00,58.11999999999998
2022-01-25 03:00:00,57.94999999999998
2022-01-25 04:00:00,57.929999999999986
2022-01-25 05:00:00,57.96999999999999
2022-01-25 06:00:00,58.19999999999998
2022-01-25 07:00:00,58.11999999999998
2022-01-25 08:00:00,57.929999999999986
2022-01-25 09:00:00,58.59999999999999
2022-01-25 10:00:00,58.23999999999999
2022-01-25 11:00:00,58.069999999999986
2022-01-25 12:00:00,57.58999999999998
2022-01-25 13:00:00,57.98999999999999
2022-01-25 14:00:00,58.08999999999998
2022-01-25 15:00:00,58.65999999999999
2022-01-25 16:00:00,58.97999999999998
2022-01-25 17:00:00,59.09999999999999
2022-01-25 18:00:00,59.15999999999999
2022-01-25 19:00:00,59.29999999999999
2022-01-25 20:00:00,59.34999999999999
2022-01-25 21:00:00,59.10999999999999
2022-01-25 23:00:00,59.279999999999994
2022-01-26 00:00:00,61.059999999999974
2022-01-26 01:00:00,59.15999999999999
2022-01-26 02:00:00,59.009999999999984
2022-01-26 03:00:00,59.13999999999999
2022-01-26 04:00:00,59.15999999999999
2022-01-26 05:00:00,59.22999999999998
2022-01-26 06:00:00,59.44999999999998
2022-01-26 07:00:00,59.65999999999999
2022-01-26 08:00:00,59.789999999999985
2022-01-26 09:00:00,60.009999999999984
2022-01-26 10:00:00,59.97999999999998
2022-01-26 11:00:00,60.009999999999984
2022-01-26 12:00:00,60.279999999999994
2022-01-26 13:00:00,60.69999999999998
2022-01-26 14:00:00,61.059999999999974
2022-01-26 15:00:00,61.25
2022-01-26 16:00:00,61.379999999999995
2022-01-26 17:00:00,61.47
2022-01-26 18:00:00,60.90999999999999
2022-01-26 19:00:00,60.74999999999999
2022-01-26 20:00:00,60.45999999999999
2022-01-26 21:00:00,60.88999999999999
2022-01-26 23:00:00,61.089999999999975
2022-01-27 00:00:00,60.87999999999999
2022-01-27 01:00:00,60.62999999999999
2022-01-27 02:00:00,60.509999999999984
2022-01-27 03:00:00,60.22999999999998
2022-01-27 04:00:00,60.35999999999999
2022-01-27 05:00:00,60.36999999999998
2022-01-27 06:00:00,60.38999999999999
2022-01-27 07:00:00,60.63999999999999
2022-01-27 08:00:00,60.789999999999985
2022-01-27 09:00:00,61.109999999999985
2022-01-27 10:00:00,61.00999999999999
2022-01-27 11:00:00,61.91
2022-01-27 12:00:00,61.809999999999974
2022-01-27 13:00:00,61.94
2022-01-27 14:00:00,61.53
2022-01-27 15:00:00,61.059999999999974
2022-01-27 16:00:00,61.16
2022-01-27 17:00:00,60.91999999999999
2022-01-27 18:00:00,60.84999999999999
2022-01-27 19:00:00,60.05999999999998
2022-01-27 20:00:00,60.70999999999999
2022-01-27 21:00:00,61.00999999999999
2022-01-27 23:00:00,61.089999999999975
2022-01-28 00:00:00,61.00999999999999
2022-01-28 01:00:00,60.759999999999984
2022-01-28 02:00:00,60.95999999999998
2022-01-28 03:00:00,60.85999999999999
2022-01-28 04:00:00,60.789999999999985
2022-01-28 05:00:00,61.06999999999999
2022-01-28 06:00:00,60.84999999999999
2022-01-28 07:00:00,61.109999999999985
2022-01-28 08:00:00,60.68999999999999
2022-01-28 09:00:00,60.76999999999999
2022-01-28 10:00:00,60.59999999999999
2022-01-28 11:00:00,60.95999999999998
2022-01-28 12:00:00,61.01999999999998
2022-01-28 13:00:00,61.879999999999995
2022-01-28 14:00:00,62.369999999999976
2022-01-28 15:00:00,61.359999999999985
2022-01-28 16:00:00,61.44
2022-01-28 17:00:00,60.62999999999999
2022-01-28 18:00:00,60.789999999999985
2022-01-28 19:00:00,60.679999999999986
2022-01-28 20:00:00,60.94999999999999
2022-01-28 21:00:00,61.04999999999998
2022-01-30 23:00:00,61.389999999999986
2022-01-31 00:00:00,61.51999999999998
2022-01-31 01:00:00,61.64999999999998
2022-01-31 02:00:00,61.629999999999995
2022-01-31 03:00:00,61.51999999999998
2022-01-31 04:00:00,61.45999999999998
2022-01-31 05:00:00,61.45999999999998
2022-01-31 06:00:00,61.559999999999974
2022-01-31 07:00:00,61.369999999999976
2022-01-31 08:00:00,61.41
2022-01-31 09:00:00,61.109999999999985
2022-01-31 10:00:00,61.329999999999984
2022-01-31 11:00:00,60.80999999999998
2022-01-31 12:00:00,60.95999999999998
2022-01-31 13:00:00,61.19
2022-01-31 14:00:00,60.54999999999999
2022-01-31 15:00:00,60.95999999999998
2022-01-31 16:00:00,60.98999999999998
2022-01-31 17:00:00,61.41999999999999
2022-01-31 18:00:00,61.379999999999995
2022-01-31 19:00:00,61.589999999999975
2022-01-31 20:00:00,61.72999999999999
2022-01-31 21:00:00,61.53999999999999
2022-01-31 23:00:00,61.78
2022-02-01 00:00:00,61.559999999999974
2022-02-01 01:00:00,61.599999999999994
2022-02-01 02:00:00,61.69
2022-02-01 03:00:00,61.78
2022-02-01 04:00:00,61.859999999999985
2022-02-01 05:00:00,61.849999999999994
2022-02-01 06:00:00,61.66
2022-02-01 07:00:00,61.42999999999998
2022-02-01 08:00:00,61.53999999999999
2022-02-01 09:00:00,60.63999999999999
2022-02-01 10:00:00,61.29999999999998
2022-02-01 11:00:00,61.22
2022-02-01 12:00:00,61.099999999999994
2022-02-01 13:00:00,60.679999999999986
2022-02-01 14:00:00,60.94999999999999
2022-02-01 15:00:00,61.609999999999985
2022-02-01 16:00:00,61.379999999999995
2022-02-01 17:00:00,61.42999999999998
2022-02-01 18:00:00,61.309999999999974
2022-02-01 19:00:00,61.329999999999984
2022-02-01 20:00:00,61.81999999999999
2022-02-01 21:00:00,61.70999999999998
2022-02-01 23:00:00,61.69
2022-02-02 00:00:00,61.78999999999999
2022-02-02 01:00:00,61.91
2022-02-02 02:00:00,61.70999999999998
2022-02-02 03:00:00,61.75999999999999
2022-02-02 04:00:00,61.889999999999986
2022-02-02 05:00:00,61.81999999999999
2022-02-02 06:00:00,61.69999999999999
2022-02-02 07:00:00,61.66
2022-02-02 08:00:00,61.75999999999999
2022-02-02 09:00:00,61.559999999999974
2022-02-02 10:00:00,61.78999999999999
2022-02-02 11:00:00,61.56999999999999
2022-02-02 12:00:00,62.53999999999999
2022-02-02 13:00:00,62.70999999999998
2022-02-02 14:00:00,61.19
2022-02-02 15:00:00,61.51999999999998
2022-02-02 16:00:00,61.329999999999984
2022-02-02 17:00:00,61.22
2022-02-02 18:00:00,61.849999999999994
2022-02-02 19:00:00,61.809999999999974
2022-02-02 20:00:00,61.839999999999975
2022-02-02 21:00:00,61.54999999999998
2022-02-02 23:00:00,61.22999999999999
2022-02-03 00:00:00,61.309999999999974
2022-02-03 01:00:00,61.23999999999998
2022-02-03 02:00:00,61.31999999999999
2022-02-03 03:00:00,61.41999999999999
2022-02-03 04:00:00,61.47
2022-02-03 05:00:00,61.349999999999994
2022-02-03 06:00:00,61.359999999999985
2022-02-03 07:00:00,61.559999999999974
2022-02-03 08:00:00,61.31999999999999
2022-02-03 09:00:00,60.94
2022-02-03 10:00:00,60.46999999999999
2022-02-03 11:00:00,60.649999999999984
2022-02-03 12:00:00,60.83999999999998
2022-02-03 13:00:00,60.94
2022-02-03 14:00:00,60.92999999999998
2022-02-03 15:00:00,62.01999999999998
2022-02-03 16:00:00,62.26999999999998
2022-02-03 17:00:00,62.139999999999986
2022-02-03 18:00:00,63.42999999999998
2022-02-03 19:00:00,63.47
2022-02-03 20:00:00,63.28
2022-02-03 21:00:00,63.41999999999999
2022-02-03 23:00:00,63.369999999999976
2022-02-04 00:00:00,63.78999999999999
2022-02-04 01:00:00,63.879999999999995
2022-02-04 02:00:00,64.1
2022-02-04 03:00:00,64.01999999999998
2022-02-04 04:00:00,64.07
2022-02-04 05:00:00,64.00999999999999
2022-02-04 06:00:00,63.879999999999995
2022-02-04 07:00:00,63.97
2022-02-04 08:00:00,64.72999999999999
2022-02-04 09:00:00,64.69999999999999
2022-02-04 10:00:00,64.80999999999997
2022-02-04 11:00:00,65.26999999999998
2022-02-04 12:00:00,65.16
2022-02-04 13:00:00,65.32999999999998
2022-02-04 14:00:00,65.83999999999997
2022-02-04 15:00:00,65.64999999999998
2022-02-04 16:00:00,65.69999999999999
2022-02-04 17:00:00,65.38
2022-02-04 18:00:00,65.67999999999998
2022-02-04 19:00:00,65.53999999999999
2022-02-04 20:00:00,65.35999999999999
2022-02-04 21:00:00,65.07
2022-02-06 23:00:00,65.16
2022-02-07 00:00:00,64.86999999999998
2022-02-07 01:00:00,65.89999999999998
2022-02-07 02:00:00,65.19
2022-02-07 03:00:00,65.47999999999999
2022-02-07 04:00:00,65.61999999999998
2022-02-07 05:00:00,65.51999999999998
2022-02-07 06:00:00,65.64999999999998
2022-02-07 07:00:00,65.23999999999998
2022-02-07 08:00:00,64.73999999999998
2022-02-07 09:00:00,64.5
2022-02-07 10:00:00,64.66
2022-02-07 11:00:00,64.92999999999998
2022-02-07 12:00:00,64.78999999999999
2022-02-07 13:00:00,65.5
2022-02-07 14:00:00,64.73999999999998
2022-02-07 15:00:00,65.10999999999999
2022-02-07 16:00:00,64.91
2022-02-07 17:00:00,64.73999999999998
2022-02-07 18:00:00,64.72999999999999
2022-02-07 19:00:00,64.91999999999999
2022-02-07 20:00:00,64.89999999999998
2022-02-07 21:00:00,65.14999999999998
2022-02-07 23:00:00,64.88999999999999
2022-02-08 00:00:00,63.0
2022-02-08 01:00:00,64.69999999999999
2022-02-08 02:00:00,64.83999999999997
2022-02-08 03:00:00,64.78
2022-02-08 04:00:00,64.75999999999999
2022-02-08 05:00:00,65.01999999999998
2022-02-08 06:00:00,64.88999999999999
2022-02-08 07:00:00,64.38
2022-02-08 08:00:00,64.22999999999999
2022-02-08 09:00:00,64.29999999999998
2022-02-08 10:00:00,63.26999999999998
2022-02-08 11:00:00,63.41
2022-02-08 12:00:00,63.14999999999998
2022-02-08 13:00:00,63.26999999999998
2022-02-08 14:00:00,62.91
2022-02-08 15:00:00,62.48999999999998
2022-02-08 16:00:00,62.56999999999999
2022-02-08 17:00:00,63.329999999999984
2022-02-08 18:00:00,63.39999999999998
2022-02-08 19:00:00,62.92999999999998
2022-02-08 20:00:00,63.309999999999974
2022-02-08 21:00:00,63.369999999999976
2022-02-08 23:00:00,63.44
2022-02-09 00:00:00,63.629999999999995
2022-02-09 01:00:00,63.44
2022-02-09 02:00:00,63.44
2022-02-09 03:00:00,63.66999999999999
2022-02-09 04:00:00,63.72999999999999
2022-02-09 05:00:00,63.47
2022-02-09 06:00:00,63.19
2022-02-09 07:00:00,62.76999999999998
2022-02-09 08:00:00,63.56
2022-02-09 09:00:00,63.099999999999994
2022-02-09 10:00:00,62.94
2022-02-09 11:00:00,63.06999999999999
2022-02-09 12:00:00,63.22
2022-02-09 13:00:00,63.47999999999999
2022-02-09 14:00:00,63.94
2022-02-09 15:00:00,64.21000000000001
2022-02-09 16:00:00,63.47
2022-02-09 17:00:00,63.71000000000001
2022-02-09 18:00:00,63.98999999999998
2022-02-09 19:00:00,63.94
2022-02-09 20:00:00,64.35999999999999
2022-02-09 21:00:00,64.25
2022-02-09 23:00:00,64.31
2022-02-10 00:00:00,64.32999999999998
2022-02-10 01:00:00,64.13
2022-02-10 02:00:00,64.00999999999999
2022-02-10 03:00:00,64.03999999999999
2022-02-10 04:00:00,64.15
2022-02-10 05:00:00,63.84
2022-02-10 06:00:00,63.900000000000006
2022-02-10 07:00:00,64.23999999999998
2022-02-10 08:00:00,64.22999999999999
2022-02-10 09:00:00,64.32999999999998
2022-02-10 10:00:00,64.56
2022-02-10 11:00:00,64.66999999999999
2022-02-10 12:00:00,64.69999999999999
2022-02-10 13:00:00,64.41999999999999
2022-02-10 14:00:00,64.97999999999999
2022-02-10 15:00:00,65.31
2022-02-10 16:00:00,65.56
2022-02-10 17:00:00,64.82999999999998
2022-02-10 18:00:00,64.04999999999998
2022-02-10 19:00:00,64.0
2022-02-10 20:00:00,64.10999999999999
2022-02-10 21:00:00,64.00999999999999
2022-02-10 23:00:00,63.94999999999999
2022-02-11 00:00:00,66.47999999999999
2022-02-11 01:00:00,63.59
2022-02-11 02:00:00,64.06
2022-02-11 03:00:00,63.76999999999998
2022-02-11 04:00:00,63.71000000000001
2022-02-11 05:00:00,63.50999999999999
2022-02-11 06:00:00,63.26999999999998
2022-02-11 07:00:00,63.84
2022-02-11 08:00:00,63.91999999999999
2022-02-11 09:00:00,64.29999999999998
2022-02-11 10:00:00,64.53
2022-02-11 11:00:00,64.71000000000001
2022-02-11 12:00:00,64.93
2022-02-11 13:00:00,65.0
2022-02-11 14:00:00,64.81
2022-02-11 15:00:00,65.44
2022-02-11 16:00:00,65.28999999999999
2022-02-11 17:00:00,65.69
2022-02-11 18:00:00,67.1
2022-02-11 19:00:00,66.75999999999999
2022-02-11 20:00:00,66.9
2022-02-11 21:00:00,66.87
2022-02-13 23:00:00,67.44
2022-02-14 00:00:00,67.68
2022-02-14 01:00:00,67.69
2022-02-14 02:00:00,67.79999999999998
2022-02-14 03:00:00,67.53
2022-02-14 04:00:00,67.53
2022-02-14 05:00:00,67.51999999999998
2022-02-14 06:00:00,67.57
2022-02-14 07:00:00,67.56
2022-02-14 08:00:00,66.32999999999998
2022-02-14 09:00:00,66.12
2022-02-14 10:00:00,66.57999999999998
2022-02-14 11:00:00,66.03999999999999
2022-02-14 12:00:00,65.71000000000001
2022-02-14 13:00:00,66.0
2022-02-14 14:00:00,66.5
2022-02-14 15:00:00,66.63999999999999
2022-02-14 16:00:00,66.73999999999998
2022-02-14 17:00:00,67.04999999999998
2022-02-14 18:00:00,67.97
2022-02-14 19:00:00,67.65
2022-02-14 20:00:00,67.87
2022-02-14 21:00:00,67.66999999999999
2022-02-14 23:00:00,67.54999999999998
2022-02-15 00:00:00,67.63
2022-02-15 01:00:00,67.87
2022-02-15 02:00:00,67.82
2022-02-15 03:00:00,67.54999999999998
2022-02-15 04:00:00,67.56
2022-02-15 05:00:00,67.66999999999999
2022-02-15 06:00:00,67.75
2022-02-15 07:00:00,67.38
2022-02-15 08:00:00,66.60999999999999
2022-02-15 09:00:00,66.03
2022-02-15 10:00:00,65.72
2022-02-15 11:00:00,65.16
2022-02-15 12:00:00,65.65
2022-02-15 13:00:00,65.81
2022-02-15 14:00:00,64.41
2022-02-15 15:00:00,64.07999999999998
2022-02-15 16:00:00,64.91999999999999
2022-02-15 17:00:00,65.06
2022-02-15 18:00:00,64.91999999999999
2022-02-15 19:00:00,64.9
2022-02-15 20:00:00,65.04999999999998
2022-02-15 21:00:00,65.15
2022-02-15 23:00:00,65.34
2022-02-16 00:00:00,66.59
2022-02-16 01:00:00,64.69
2022-02-16 02:00:00,64.79999999999998
2022-02-16 03:00:00,64.88
2022-02-16 04:00:00,64.91999999999999
2022-02-16 05:00:00,65.16
2022-02-16 06:00:00,65.28
2022-02-16 07:00:00,65.66
2022-02-16 08:00:00,66.13
2022-02-16 09:00:00,65.59
2022-02-16 10:00:00,66.13999999999999
2022-02-16 11:00:00,66.21000000000001
2022-02-16 12:00:00,66.19
2022-02-16 13:00:00,66.48999999999998
2022-02-16 14:00:00,66.82999999999998
2022-02-16 15:00:00,67.32
2022-02-16 16:00:00,67.31
2022-02-16 17:00:00,67.00999999999999
2022-02-16 18:00:00,66.69
2022-02-16 19:00:00,66.00999999999999
2022-02-16 20:00:00,63.94999999999999
2022-02-16 21:00:00,63.859999999999985
2022-02-16 23:00:00,64.57999999999998
2022-02-17 00:00:00,64.35
2022-02-17 01:00:00,64.65
2022-02-17 02:00:00,64.60999999999999
2022-02-17 03:00:00,65.51999999999998
2022-02-17 04:00:00,65.46000000000001
2022-02-17 05:00:00,65.12
2022-02-17 06:00:00,65.25999999999999
2022-02-17 07:00:00,65.81
2022-02-17 08:00:00,65.65
2022-02-17 09:00:00,65.03999999999999
2022-02-17 10:00:00,64.62
2022-02-17 11:00:00,65.10999999999999
2022-02-17 12:00:00,65.25999999999999
2022-02-17 13:00:00,65.56
2022-02-17 14:00:00,64.87
2022-02-17 15:00:00,64.1
2022-02-17 16:00:00,64.85
2022-02-17 17:00:00,64.41999999999999
2022-02-17 18:00:00,64.53999999999999
2022-02-17 19:00:00,64.75
2022-02-17 20:00:00,64.97999999999999
2022-02-17 21:00:00,64.97999999999999
2022-02-17 23:00:00,64.91
2022-02-18 00:00:00,64.73999999999998
2022-02-18 01:00:00,64.54999999999998
2022-02-18 02:00:00,64.35999999999999
2022-02-18 03:00:00,64.25
2022-02-18 04:00:00,64.34
2022-02-18 05:00:00,64.59
2022-02-18 06:00:00,64.53
2022-02-18 07:00:00,64.29999999999998
2022-02-18 08:00:00,64.13999999999999
2022-02-18 09:00:00,63.389999999999986
2022-02-18 10:00:00,62.97
2022-02-18 11:00:00,63.50999999999999
2022-02-18 12:00:00,63.28
2022-02-18 13:00:00,63.389999999999986
2022-02-18 14:00:00,64.03999999999999
2022-02-18 15:00:00,64.63
2022-02-18 16:00:00,64.19
2022-02-18 17:00:00,64.94
2022-02-18 18:00:00,65.07
2022-02-18 19:00:00,65.54999999999998
2022-02-18 20:00:00,65.60999999999999
2022-02-18 21:00:00,65.68
2022-02-20 23:00:00,66.63999999999999
2022-02-21 00:00:00,65.82999999999998
2022-02-21 01:00:00,64.68
2022-02-21 02:00:00,64.97
2022-02-21 03:00:00,65.07
2022-02-21 04:00:00,64.91999999999999
2022-02-21 05:00:00,64.76999999999998
2022-02-21 06:00:00,65.03999999999999
2022-02-21 07:00:00,64.69999999999999
2022-02-21 08:00:00,65.41
2022-02-21 09:00:00,65.37
2022-02-21 10:00:00,65.19999999999999
2022-02-21 11:00:00,65.72
2022-02-21 12:00:00,65.57999999999998
2022-02-21 13:00:00,65.98999999999998
2022-02-21 14:00:00,66.35
2022-02-21 15:00:00,66.56
2022-02-21 16:00:00,66.19999999999999
2022-02-21 17:00:00,66.85999999999999
2022-02-21 18:00:00,67.75999999999999
2022-02-21 19:00:00,67.96000000000001
2022-02-21 23:00:00,67.75999999999999
2022-02-22 00:00:00,67.16999999999999
2022-02-22 01:00:00,68.07999999999998
2022-02-22 02:00:00,67.97999999999999
2022-02-22 03:00:00,67.82999999999998
2022-02-22 04:00:00,67.84
2022-02-22 05:00:00,68.47
2022-02-22 06:00:00,68.53999999999999
2022-02-22 07:00:00,68.69999999999999
2022-02-22 08:00:00,69.63999999999999
2022-02-22 09:00:00,69.38999999999999
2022-02-22 10:00:00,69.00999999999999
2022-02-22 11:00:00,68.6
2022-02-22 12:00:00,68.06
2022-02-22 13:00:00,68.15
2022-02-22 14:00:00,67.65
2022-02-22 15:00:00,67.16999999999999
2022-02-22 16:00:00,67.28999999999999
2022-02-22 17:00:00,67.68
2022-02-22 18:00:00,67.23999999999998
2022-02-22 19:00:00,67.00999999999999
2022-02-22 20:00:00,66.75999999999999
2022-02-22 21:00:00,66.88999999999999
2022-02-22 23:00:00,66.96000000000001
2022-02-23 00:00:00,67.47
2022-02-23 01:00:00,67.23999999999998
2022-02-23 02:00:00,67.38
2022-02-23 03:00:00,67.47
2022-02-23 04:00:00,67.47
2022-02-23 05:00:00,67.35999999999999
2022-02-23 06:00:00,67.0
2022-02-23 07:00:00,67.28
2022-02-23 08:00:00,66.75
2022-02-23 09:00:00,66.16999999999999
2022-02-23 10:00:00,66.69
2022-02-23 11:00:00,66.97
2022-02-23 12:00:00,67.18
2022-02-23 13:00:00,67.26999999999998
2022-02-23 14:00:00,67.91
2022-02-23 15:00:00,68.23999999999998
2022-02-23 16:00:00,67.10999999999999
2022-02-23 17:00:00,67.44
2022-02-23 18:00:00,67.44
2022-02-23 19:00:00,66.94999999999999
2022-02-23 20:00:00,67.54999999999998
2022-02-23 21:00:00,67.66999999999999
2022-02-23 23:00:00,68.13
2022-02-24 00:00:00,68.60999999999999
2022-02-24 01:00:00,68.48999999999998
2022-02-24 02:00:00,69.41
2022-02-24 03:00:00,70.04999999999998
2022-02-24 04:00:00,71.37
2022-02-24 05:00:00,72.00999999999999
2022-02-24 06:00:00,72.01999999999998
2022-02-24 07:00:00,72.18
2022-02-24 08:00:00,72.88999999999999
2022-02-24 09:00:00,73.41
2022-02-24 10:00:00,74.44
2022-02-24 11:00:00,74.32999999999998
2022-02-24 12:00:00,74.41999999999999
2022-02-24 13:00:00,74.01999999999998
2022-02-24 14:00:00,71.88999999999999
2022-02-24 15:00:00,71.98999999999998
2022-02-24 16:00:00,71.16
2022-02-24 17:00:00,71.03
2022-02-24 18:00:00,68.84
2022-02-24 19:00:00,67.82
2022-02-24 20:00:00,68.18
2022-02-24 21:00:00,67.91999999999999
2022-02-24 23:00:00,69.69999999999999
2022-02-25 00:00:00,69.47999999999999
2022-02-25 01:00:00,69.65
2022-02-25 02:00:00,70.09
2022-02-25 03:00:00,70.31
2022-02-25 04:00:00,69.76999999999998
2022-02-25 05:00:00,69.32999999999998
2022-02-25 06:00:00,69.57
2022-02-25 07:00:00,69.62
2022-02-25 08:00:00,69.18
2022-02-25 09:00:00,68.37
2022-02-25 10:00:00,67.84
2022-02-25 11:00:00,67.88
2022-02-25 12:00:00,67.76999999999998
2022-02-25 13:00:00,66.97999999999999
2022-02-25 14:00:00,67.13999999999999
2022-02-25 15:00:00,66.63999999999999
2022-02-25 16:00:00,66.43
2022-02-25 17:00:00,65.82
2022-02-25 18:00:00,66.29999999999998
2022-02-25 19:00:00,66.88
2022-02-25 20:00:00,67.35999999999999
2022-02-25 21:00:00,66.94
2022-02-27 23:00:00,71.47999999999999
2022-02-28 00:00:00,71.29999999999998
2022-02-28 01:00:00,71.16
2022-02-28 02:00:00,70.75
2022-02-28 03:00:00,71.41999999999999
2022-02-28 04:00:00,71.93
2022-02-28 05:00:00,71.22
2022-02-28 06:00:00,71.62
2022-02-28 07:00:00,70.16
2022-02-28 08:00:00,70.04999999999998
2022-02-28 09:00:00,71.13999999999999
2022-02-28 10:00:00,70.32999999999998
2022-02-28 11:00:00,70.76999999999998
2022-02-28 12:00:00,69.97999999999999
2022-02-28 13:00:00,70.60999999999999
2022-02-28 14:00:00,69.57
2022-02-28 15:00:00,70.29999999999998
2022-02-28 16:00:00,70.16
2022-02-28 17:00:00,70.85
2022-02-28 18:00:00,71.06
2022-02-28 19:00:00,70.22999999999999
2022-02-28 20:00:00,70.46000000000001
2022-02-28 21:00:00,70.41999999999999
2022-02-28 23:00:00,70.54999999999998
2022-03-01 00:00:00,70.66999999999999
2022-03-01 01:00:00,70.97999999999999
2022-03-01 02:00:00,70.97
2022-03-01 03:00:00,71.07999999999998
2022-03-01 04:00:00,71.16
2022-03-01 05:00:00,71.23999999999998
2022-03-01 06:00:00,71.81
2022-03-01 07:00:00,71.66
2022-03-01 08:00:00,72.88999999999999
2022-03-01 09:00:00,73.23999999999998
2022-03-01 10:00:00,72.85
2022-03-01 11:00:00,73.85999999999999
2022-03-01 12:00:00,74.82999999999998
2022-03-01 13:00:00,74.76999999999998
2022-03-01 14:00:00,75.88999999999999
2022-03-01 15:00:00,77.63
2022-03-01 16:00:00,78.69
2022-03-01 17:00:00,77.94
2022-03-01 18:00:00,77.53
2022-03-01 19:00:00,77.53
2022-03-01 20:00:00,78.31
2022-03-01 21:00:00,79.6
2022-03-01 23:00:00,79.65
2022-03-02 00:00:00,83.84
2022-03-02 01:00:00,81.62
2022-03-02 02:00:00,82.09
2022-03-02 03:00:00,81.5
2022-03-02 04:00:00,81.63
2022-03-02 05:00:00,81.21000000000001
2022-03-02 06:00:00,82.88
2022-03-02 07:00:00,84.0
2022-03-02 08:00:00,83.22999999999999
2022-03-02 09:00:00,82.22999999999999
2022-03-02 10:00:00,80.9
2022-03-02 11:00:00,82.91
2022-03-02 12:00:00,83.41
2022-03-02 13:00:00,83.59
2022-03-02 14:00:00,81.69
2022-03-02 15:00:00,79.23999999999998
2022-03-02 16:00:00,81.75999999999999
2022-03-02 17:00:00,82.23999999999998
2022-03-02 18:00:00,82.94999999999999
2022-03-02 19:00:00,85.07999999999998
2022-03-02 20:00:00,84.54999999999998
2022-03-02 21:00:00,84.63
2022-03-02 23:00:00,84.01999999999998
2022-03-03 00:00:00,81.38999999999999
2022-03-03 01:00:00,87.48999999999998
2022-03-03 02:00:00,86.22999999999999
2022-03-03 03:00:00,86.4
2022-03-03 04:00:00,87.46000000000001
2022-03-03 05:00:00,87.28
2022-03-03 06:00:00,87.62
2022-03-03 07:00:00,88.88
2022-03-03 08:00:00,87.57999999999998
2022-03-03 09:00:00,86.25999999999999
2022-03-03 10:00:00,86.04999999999998
2022-03-03 11:00:00,86.0
2022-03-03 12:00:00,87.22
2022-03-03 13:00:00,80.71000000000001
2022-03-03 14:00:00,83.65
2022-03-03 15:00:00,83.0
2022-03-03 16:00:00,83.16999999999999
2022-03-03 17:00:00,83.13999999999999
2022-03-03 18:00:00,83.00999999999999
2022-03-03 19:00:00,81.44
2022-03-03 20:00:00,81.93
2022-03-03 21:00:00,81.69
2022-03-03 23:00:00,82.81
2022-03-04 00:00:00,88.88999999999999
2022-03-04 01:00:00,82.72999999999999
2022-03-04 02:00:00,83.41999999999999
2022-03-04 03:00:00,83.22
2022-03-04 04:00:00,83.5
2022-03-04 05:00:00,81.96000000000001
2022-03-04 06:00:00,82.98999999999998
2022-03-04 07:00:00,82.29999999999998
2022-03-04 08:00:00,81.94999999999999
2022-03-04 09:00:00,82.79999999999998
2022-03-04 10:00:00,84.13
2022-03-04 11:00:00,83.35
2022-03-04 12:00:00,84.75999999999999
2022-03-04 13:00:00,84.47
2022-03-04 14:00:00,86.00999999999999
2022-03-04 15:00:00,86.13
2022-03-04 16:00:00,84.31
2022-03-04 17:00:00,85.31
2022-03-04 18:00:00,86.0
2022-03-04 19:00:00,88.78
2022-03-04 20:00:00,88.72999999999999
2022-03-04 21:00:00,88.37
2022-03-06 23:00:00,99.5
2022-03-07 00:00:00,92.57999999999998
2022-03-07 01:00:00,96.71000000000001
2022-03-07 02:00:00,98.25999999999999
2022-03-07 03:00:00,97.04999999999998
2022-03-07 04:00:00,98.73999999999998
2022-03-07 05:00:00,98.53
2022-03-07 06:00:00,98.25999999999999
2022-03-07 07:00:00,98.03
2022-03-07 08:00:00,96.57999999999998
2022-03-07 09:00:00,96.10999999999999
2022-03-07 10:00:00,95.5
2022-03-07 11:00:00,96.44
2022-03-07 12:00:00,93.87
2022-03-07 13:00:00,92.13999999999999
2022-03-07 14:00:00,90.60999999999999
2022-03-07 15:00:00,92.13999999999999
2022-03-07 16:00:00,91.84
2022-03-07 17:00:00,92.94999999999999
2022-03-07 18:00:00,92.69999999999999
2022-03-07 19:00:00,92.15
2022-03-07 20:00:00,92.97999999999999
2022-03-07 21:00:00,93.54999999999998
2022-03-07 23:00:00,94.23999999999998
2022-03-08 00:00:00,96.43
2022-03-08 01:00:00,91.53
2022-03-08 02:00:00,94.46000000000001
2022-03-08 03:00:00,94.63
2022-03-08 04:00:00,94.68
2022-03-08 05:00:00,95.98999999999998
2022-03-08 06:00:00,95.32
2022-03-08 07:00:00,95.13999999999999
2022-03-08 08:00:00,95.18
2022-03-08 09:00:00,95.47
2022-03-08 10:00:00,95.71000000000001
2022-03-08 11:00:00,95.81
2022-03-08 12:00:00,94.76999999999998
2022-03-08 13:00:00,98.4
2022-03-08 14:00:00,100.97999999999999
2022-03-08 15:00:00,99.94999999999999
2022-03-08 16:00:00,100.41999999999999
2022-03-08 17:00:00,94.68
2022-03-08 18:00:00,98.16999999999999
2022-03-08 19:00:00,96.91
2022-03-08 20:00:00,97.81
2022-03-08 21:00:00,97.59
2022-03-08 23:00:00,98.09
2022-03-09 00:00:00,98.46000000000001
2022-03-09 01:00:00,97.75999999999999
2022-03-09 02:00:00,98.72999999999999
2022-03-09 03:00:00,99.03999999999999
2022-03-09 04:00:00,98.62
2022-03-09 05:00:00,98.29999999999998
2022-03-09 06:00:00,98.85
2022-03-09 07:00:00,97.56
2022-03-09 08:00:00,96.98999999999998
2022-03-09 09:00:00,94.15
2022-03-09 10:00:00,94.38999999999999
2022-03-09 11:00:00,93.1
2022-03-09 12:00:00,92.35
2022-03-09 13:00:00,90.43
2022-03-09 14:00:00,90.73999999999998
2022-03-09 15:00:00,90.75999999999999
2022-03-09 16:00:00,89.57999999999998
2022-03-09 17:00:00,84.38
2022-03-09 18:00:00,81.63999999999999
2022-03-09 19:00:00,82.75
2022-03-09 20:00:00,83.35
2022-03-09 21:00:00,82.82999999999998
2022-03-09 23:00:00,84.03999999999999
2022-03-10 00:00:00,83.03999999999999
2022-03-10 01:00:00,83.06
2022-03-10 02:00:00,81.56
2022-03-10 03:00:00,83.94
2022-03-10 04:00:00,83.87
2022-03-10 05:00:00,82.13
2022-03-10 06:00:00,83.48999999999998
2022-03-10 07:00:00,84.22
2022-03-10 08:00:00,85.07999999999998
2022-03-10 09:00:00,86.03999999999999
2022-03-10 10:00:00,86.13999999999999
2022-03-10 11:00:00,86.28
2022-03-10 12:00:00,85.73999999999998
2022-03-10 13:00:00,87.4
2022-03-10 14:00:00,83.71000000000001
2022-03-10 15:00:00,82.85999999999999
2022-03-10 16:00:00,81.51999999999998
2022-03-10 17:00:00,79.91
2022-03-10 18:00:00,80.88999999999999
2022-03-10 19:00:00,80.0
2022-03-10 20:00:00,80.04999999999998
2022-03-10 21:00:00,79.57
2022-03-10 23:00:00,81.07999999999998
2022-03-11 00:00:00,80.69999999999999
2022-03-11 01:00:00,79.38999999999999
2022-03-11 02:00:00,79.66999999999999
2022-03-11 03:00:00,79.03
2022-03-11 04:00:00,80.09
2022-03-11 05:00:00,80.29999999999998
2022-03-11 06:00:00,81.06
2022-03-11 07:00:00,82.26999999999998
2022-03-11 08:00:00,82.44999999999999
2022-03-11 09:00:00,82.03
2022-03-11 10:00:00,83.32999999999998
2022-03-11 11:00:00,81.28999999999999
2022-03-11 12:00:00,80.91999999999999
2022-03-11 13:00:00,80.38
2022-03-11 14:00:00,81.01999999999998
2022-03-11 15:00:00,82.51999999999998
2022-03-11 16:00:00,81.91999999999999
2022-03-11 17:00:00,82.4
2022-03-11 18:00:00,82.75999999999999
2022-03-11 19:00:00,83.18
2022-03-11 20:00:00,83.26999999999998
2022-03-11 21:00:00,83.1
2022-03-13 22:00:00,81.91999999999999
2022-03-13 23:00:00,81.69
2022-03-14 00:00:00,81.44999999999999
2022-03-14 01:00:00,80.04999999999998
2022-03-14 02:00:00,80.25999999999999
2022-03-14 03:00:00,80.75
2022-03-14 04:00:00,81.23999999999998
2022-03-14 05:00:00,80.82999999999998
2022-03-14 06:00:00,80.82
2022-03-14 07:00:00,79.84
2022-03-14 08:00:00,79.94999999999999
2022-03-14 09:00:00,78.72999999999999
2022-03-14 10:00:00,79.28
2022-03-14 11:00:00,79.48999999999998
2022-03-14 12:00:00,79.60999999999999
2022-03-14 13:00:00,77.81
2022-03-14 14:00:00,76.66999999999999
2022-03-14 15:00:00,77.25999999999999
2022-03-14 16:00:00,77.66999999999999
2022-03-14 17:00:00,77.63999999999999
2022-03-14 18:00:00,77.22999999999999
2022-03-14 19:00:00,78.06
2022-03-14 20:00:00,77.97
2022-03-14 22:00:00,78.38
2022-03-14 23:00:00,77.34
2022-03-15 00:00:00,76.50999999999999
2022-03-15 01:00:00,73.73999999999998
2022-03-15 02:00:00,75.4
2022-03-15 03:00:00,75.07999999999998
2022-03-15 04:00:00,74.44
2022-03-15 05:00:00,74.63999999999999
2022-03-15 06:00:00,73.47999999999999
2022-03-15 07:00:00,73.70999999999998
2022-03-15 08:00:00,73.75
2022-03-15 09:00:00,73.28999999999999
2022-03-15 10:00:00,73.37
2022-03-15 11:00:00,72.34
2022-03-15 12:00:00,73.29999999999998
2022-03-15 13:00:00,72.62
2022-03-15 14:00:00,72.34
2022-03-15 15:00:00,72.88999999999999
2022-03-15 16:00:00,74.23999999999998
2022-03-15 17:00:00,73.23999999999998
2022-03-15 18:00:00,72.20999999999998
2022-03-15 19:00:00,72.03
2022-03-15 20:00:00,71.97999999999999
2022-03-15 22:00:00,72.32999999999998
2022-03-15 23:00:00,72.53999999999999
2022-03-16 00:00:00,72.53
2022-03-16 01:00:00,73.28999999999999
2022-03-16 02:00:00,73.9
2022-03-16 03:00:00,73.69999999999999
2022-03-16 04:00:00,73.50999999999999
2022-03-16 05:00:00,74.32999999999998
2022-03-16 06:00:00,74.79999999999998
2022-03-16 07:00:00,75.16999999999999
2022-03-16 08:00:00,75.1
2022-03-16 09:00:00,74.13999999999999
2022-03-16 10:00:00,72.78
2022-03-16 11:00:00,73.12
2022-03-16 12:00:00,74.93
2022-03-16 13:00:00,73.82999999999998
2022-03-16 14:00:00,72.12
2022-03-16 15:00:00,73.57
2022-03-16 16:00:00,72.79999999999998
2022-03-16 17:00:00,72.41999999999999
2022-03-16 18:00:00,71.26999999999998
2022-03-16 19:00:00,71.6
2022-03-16 20:00:00,71.94999999999999
2022-03-16 22:00:00,72.57
2022-03-16 23:00:00,72.68
2022-03-17 00:00:00,79.51999999999998
2022-03-17 01:00:00,72.75
2022-03-17 02:00:00,72.88
2022-03-17 03:00:00,73.28999999999999
2022-03-17 04:00:00,73.13999999999999
2022-03-17 05:00:00,73.26999999999998
2022-03-17 06:00:00,73.69999999999999
2022-03-17 07:00:00,74.54999999999998
2022-03-17 08:00:00,74.72999999999999
2022-03-17 09:00:00,75.37
2022-03-17 10:00:00,75.78999999999999
2022-03-17 11:00:00,76.9
2022-03-17 12:00:00,77.07
2022-03-17 13:00:00,78.07999999999998
2022-03-17 14:00:00,79.07
2022-03-17 15:00:00,79.81
2022-03-17 16:00:00,78.69999999999999
2022-03-17 17:00:00,79.31
2022-03-17 18:00:00,80.12
2022-03-17 19:00:00,79.47
2022-03-17 20:00:00,79.87
2022-03-17 22:00:00,79.81
2022-03-17 23:00:00,79.66999999999999
2022-03-18 00:00:00,80.78999999999999
2022-03-18 01:00:00,81.63999999999999
2022-03-18 02:00:00,81.88
2022-03-18 03:00:00,82.12
2022-03-18 04:00:00,81.9
2022-03-18 05:00:00,81.59
2022-03-18 06:00:00,82.35999999999999
2022-03-18 07:00:00,80.95999999999998
2022-03-18 08:00:00,80.28
2022-03-18 09:00:00,80.75
2022-03-18 10:00:00,80.82999999999998
2022-03-18 11:00:00,80.43
2022-03-18 12:00:00,79.66
2022-03-18 13:00:00,79.23999999999998
2022-03-18 14:00:00,79.97
2022-03-18 15:00:00,80.18
2022-03-18 16:00:00,80.5
2022-03-18 17:00:00,80.62
2022-03-18 18:00:00,80.87
2022-03-18 19:00:00,80.63999999999999
2022-03-18 20:00:00,80.87
2022-03-20 22:00:00,81.98999999999998
2022-03-20 23:00:00,82.28
2022-03-21 00:00:00,82.82
2022-03-21 01:00:00,83.72999999999999
2022-03-21 02:00:00,83.91999999999999
2022-03-21 03:00:00,83.84
2022-03-21 04:00:00,84.04999999999998
2022-03-21 05:00:00,84.07
2022-03-21 06:00:00,83.84
2022-03-21 07:00:00,84.78999999999999
2022-03-21 08:00:00,85.35
2022-03-21 09:00:00,84.44999999999999
2022-03-21 10:00:00,85.25
2022-03-21 11:00:00,84.75
2022-03-21 12:00:00,85.12
2022-03-21 13:00:00,86.04999999999998
2022-03-21 14:00:00,86.03999999999999
2022-03-21 15:00:00,86.20999999999998
2022-03-21 16:00:00,85.70999999999998
2022-03-21 17:00:00,86.53
2022-03-21 18:00:00,87.5
2022-03-21 19:00:00,88.04999999999998
2022-03-21 20:00:00,88.16999999999999
2022-03-21 22:00:00,87.84
2022-03-21 23:00:00,89.37
2022-03-22 00:00:00,86.69
2022-03-22 01:00:00,90.10999999999999
2022-03-22 02:00:00,89.66
2022-03-22 03:00:00,89.29999999999998
2022-03-22 04:00:00,89.95999999999998
2022-03-22 05:00:00,90.22999999999999
2022-03-22 06:00:00,89.63999999999999
2022-03-22 07:00:00,88.78999999999999
2022-03-22 08:00:00,86.44999999999999
2022-03-22 09:00:00,85.47
2022-03-22 10:00:00,86.72999999999999
2022-03-22 11:00:00,87.16999999999999
2022-03-22 12:00:00,87.72999999999999
2022-03-22 13:00:00,86.25
2022-03-22 14:00:00,86.5
2022-03-22 15:00:00,85.95999999999998
2022-03-22 16:00:00,85.68
2022-03-22 17:00:00,87.03
2022-03-22 18:00:00,86.68
2022-03-22 19:00:00,86.53999999999999
2022-03-22 20:00:00,86.06
2022-03-22 22:00:00,86.78
2022-03-22 23:00:00,86.16
2022-03-23 00:00:00,86.44
2022-03-23 01:00:00,87.28
2022-03-23 02:00:00,87.84
2022-03-23 03:00:00,87.95999999999998
2022-03-23 04:00:00,87.88999999999999
2022-03-23 05:00:00,87.63999999999999
2022-03-23 06:00:00,86.75
2022-03-23 07:00:00,87.84
2022-03-23 08:00:00,87.57999999999998
2022-03-23 09:00:00,88.4
2022-03-23 10:00:00,89.35
2022-03-23 11:00:00,89.38
2022-03-23 12:00:00,90.31
2022-03-23 13:00:00,90.88999999999999
2022-03-23 14:00:00,92.22
2022-03-23 15:00:00,91.73999999999998
2022-03-23 16:00:00,91.12
2022-03-23 17:00:00,90.98999999999998
2022-03-23 18:00:00,92.13999999999999
2022-03-23 19:00:00,91.65
2022-03-23 20:00:00,91.54999999999998
2022-03-23 22:00:00,91.84
2022-03-23 23:00:00,91.76999999999998
2022-03-24 00:00:00,89.57
2022-03-24 01:00:00,93.13999999999999
2022-03-24 02:00:00,91.78
2022-03-24 03:00:00,91.1
2022-03-24 04:00:00,91.13
2022-03-24 05:00:00,91.95999999999998
2022-03-24 06:00:00,90.38
2022-03-24 07:00:00,91.9
2022-03-24 08:00:00,92.59
2022-03-24 09:00:00,91.70999999999998
2022-03-24 10:00:00,91.94
2022-03-24 11:00:00,92.13999999999999
2022-03-24 12:00:00,91.94999999999999
2022-03-24 13:00:00,90.29999999999998
2022-03-24 14:00:00,91.43
2022-03-24 15:00:00,89.29999999999998
2022-03-24 16:00:00,90.20999999999998
2022-03-24 17:00:00,90.66
2022-03-24 18:00:00,88.44
2022-03-24 19:00:00,88.57
2022-03-24 20:00:00,88.5
2022-03-24 22:00:00,88.87
2022-03-24 23:00:00,89.25999999999999
2022-03-25 00:00:00,91.19999999999999
2022-03-25 01:00:00,89.28
2022-03-25 02:00:00,89.38999999999999
2022-03-25 03:00:00,89.72999999999999
2022-03-25 04:00:00,89.35
2022-03-25 05:00:00,89.47
2022-03-25 06:00:00,89.57
2022-03-25 07:00:00,87.98999999999998
2022-03-25 08:00:00,86.82999999999998
2022-03-25 09:00:00,88.0
2022-03-25 10:00:00,87.65
2022-03-25 11:00:00,87.25
2022-03-25 12:00:00,86.84
2022-03-25 13:00:00,87.41999999999999
2022-03-25 14:00:00,88.44999999999999
2022-03-25 15:00:00,90.44999999999999
2022-03-25 16:00:00,90.50999999999999
2022-03-25 17:00:00,90.07
2022-03-25 18:00:00,90.53
2022-03-25 19:00:00,90.12
2022-03-25 20:00:00,89.82999999999998
2022-03-27 22:00:00,88.53999999999999
2022-03-27 23:00:00,88.22
2022-03-28 00:00:00,87.59
2022-03-28 01:00:00,88.12
2022-03-28 02:00:00,88.38
2022-03-28 03:00:00,87.88999999999999
2022-03-28 04:00:00,87.94999999999999
2022-03-28 05:00:00,87.07
2022-03-28 06:00:00,86.75999999999999
2022-03-28 07:00:00,86.95999999999998
2022-03-28 08:00:00,87.07
2022-03-28 09:00:00,87.03
2022-03-28 10:00:00,86.47
2022-03-28 11:00:00,85.44
2022-03-28 12:00:00,85.41
2022-03-28 13:00:00,82.94999999999999
2022-03-28 14:00:00,82.57
2022-03-28 15:00:00,85.07999999999998
2022-03-28 16:00:00,84.66999999999999
2022-03-28 17:00:00,83.88999999999999
2022-03-28 18:00:00,82.51999999999998
2022-03-28 19:00:00,81.13999999999999
2022-03-28 20:00:00,81.18
2022-03-28 22:00:00,81.78999999999999
2022-03-28 23:00:00,81.81
2022-03-29 00:00:00,82.72999999999999
2022-03-29 01:00:00,82.48999999999998
2022-03-29 02:00:00,82.78999999999999
2022-03-29 03:00:00,82.47
2022-03-29 04:00:00,82.16
2022-03-29 05:00:00,83.31
2022-03-29 06:00:00,82.82999999999998
2022-03-29 07:00:00,84.15
2022-03-29 08:00:00,84.82999999999998
2022-03-29 09:00:00,84.13
2022-03-29 10:00:00,84.54999999999998
2022-03-29 11:00:00,81.18
2022-03-29 12:00:00,78.22
2022-03-29 13:00:00,79.18
2022-03-29 14:00:00,80.82999999999998
2022-03-29 15:00:00,80.23999999999998
2022-03-29 16:00:00,80.82
2022-03-29 17:00:00,82.50999999999999
2022-03-29 18:00:00,82.32
2022-03-29 19:00:00,82.94999999999999
2022-03-29 20:00:00,83.0
2022-03-29 22:00:00,84.53999999999999
2022-03-29 23:00:00,84.22
2022-03-30 00:00:00,85.82
2022-03-30 01:00:00,82.88
2022-03-30 02:00:00,82.88
2022-03-30 03:00:00,82.97999999999999
2022-03-30 04:00:00,83.09
2022-03-30 05:00:00,83.15
2022-03-30 06:00:00,84.91999999999999
2022-03-30 07:00:00,84.16
2022-03-30 08:00:00,84.47999999999999
2022-03-30 09:00:00,84.16999999999999
2022-03-30 10:00:00,84.69
2022-03-30 11:00:00,84.31
2022-03-30 12:00:00,85.66
2022-03-30 13:00:00,86.22999999999999
2022-03-30 14:00:00,86.19
2022-03-30 15:00:00,85.87
2022-03-30 16:00:00,84.70999999999998
2022-03-30 17:00:00,85.28999999999999
2022-03-30 18:00:00,85.53
2022-03-30 19:00:00,85.16
2022-03-30 20:00:00,85.38999999999999
2022-03-30 22:00:00,85.44
2022-03-30 23:00:00,85.53
2022-03-31 00:00:00,81.79999999999998
2022-03-31 01:00:00,81.59
2022-03-31 02:00:00,79.68
2022-03-31 03:00:00,80.35
2022-03-31 04:00:00,79.82
2022-03-31 05:00:00,80.66
2022-03-31 06:00:00,81.45999999999998
2022-03-31 07:00:00,81.1
2022-03-31 08:00:00,80.43
2022-03-31 09:00:00,79.68
2022-03-31 10:00:00,79.26999999999998
2022-03-31 11:00:00,79.84
2022-03-31 12:00:00,80.1
2022-03-31 13:00:00,82.43
2022-03-31 14:00:00,81.07
2022-03-31 15:00:00,81.82999999999998
2022-03-31 16:00:00,81.63
2022-03-31 17:00:00,80.51999999999998
2022-03-31 18:00:00,79.28999999999999
2022-03-31 19:00:00,79.00999999999999
2022-03-31 20:00:00,79.69
2022-03-31 22:00:00,79.41
2022-03-31 23:00:00,79.41999999999999
2022-04-01 00:00:00,78.03999999999999
2022-04-01 01:00:00,78.66999999999999
2022-04-01 02:00:00,78.12
2022-04-01 03:00:00,78.50999999999999
2022-04-01 04:00:00,78.19999999999999
2022-04-01 05:00:00,77.32999999999998
2022-04-01 06:00:00,77.37
2022-04-01 07:00:00,77.38
2022-04-01 08:00:00,78.25999999999999
2022-04-01 09:00:00,79.01999999999998
2022-04-01 10:00:00,78.50999999999999
2022-04-01 11:00:00,77.12
2022-04-01 12:00:00,77.82999999999998
2022-04-01 13:00:00,79.10999999999999
2022-04-01 14:00:00,78.56
2022-04-01 15:00:00,78.4
2022-04-01 16:00:00,78.26999999999998
2022-04-01 17:00:00,77.93
2022-04-01 18:00:00,78.18
2022-04-01 19:00:00,78.32999999999998
2022-04-01 20:00:00,78.32
2022-04-03 22:00:00,77.5
2022-04-03 23:00:00,77.37
2022-04-04 00:00:00,81.97999999999999
2022-04-04 01:00:00,77.59
2022-04-04 02:00:00,77.69999999999999
2022-04-04 03:00:00,78.35999999999999
2022-04-04 04:00:00,78.29999999999998
2022-04-04 05:00:00,78.88999999999999
2022-04-04 06:00:00,78.98999999999998
2022-04-04 07:00:00,78.78
2022-04-04 08:00:00,78.97
2022-04-04 09:00:00,77.5
2022-04-04 10:00:00,78.22
2022-04-04 11:00:00,79.35
2022-04-04 12:00:00,81.13
2022-04-04 13:00:00,81.95999999999998
2022-04-04 14:00:00,81.73999999999998
2022-04-04 15:00:00,80.57
2022-04-04 16:00:00,80.48999999999998
2022-04-04 17:00:00,81.12
2022-04-04 18:00:00,82.06
2022-04-04 19:00:00,82.15
2022-04-04 20:00:00,82.32999999999998
2022-04-04 22:00:00,83.44999999999999
2022-04-04 23:00:00,82.97999999999999
2022-04-05 00:00:00,83.78
2022-04-05 01:00:00,83.6
2022-04-05 02:00:00,83.5
2022-04-05 03:00:00,83.4
2022-04-05 04:00:00,83.28
2022-04-05 05:00:00,83.37
2022-04-05 06:00:00,83.57999999999998
2022-04-05 07:00:00,82.88
2022-04-05 08:00:00,83.57999999999998
2022-04-05 09:00:00,82.57
2022-04-05 10:00:00,83.28
2022-04-05 11:00:00,82.98999999999998
2022-04-05 12:00:00,83.72999999999999
2022-04-05 13:00:00,82.9
2022-04-05 14:00:00,81.22
2022-04-05 15:00:00,81.43
2022-04-05 16:00:00,81.65
2022-04-05 17:00:00,81.79999999999998
2022-04-05 18:00:00,80.6
2022-04-05 19:00:00,79.09
2022-04-05 20:00:00,80.10999999999999
2022-04-05 22:00:00,79.66
2022-04-05 23:00:00,79.97
2022-04-06 00:00:00,79.97
2022-04-06 01:00:00,80.41
2022-04-06 02:00:00,80.68
2022-04-06 03:00:00,80.76999999999998
2022-04-06 04:00:00,80.82999999999998
2022-04-06 05:00:00,81.03
2022-04-06 06:00:00,81.0
2022-04-06 07:00:00,81.63999999999999
2022-04-06 08:00:00,81.88
2022-04-06 09:00:00,82.32
2022-04-06 10:00:00,82.6
2022-04-06 11:00:00,81.9
2022-04-06 12:00:00,81.85
2022-04-06 13:00:00,80.29999999999998
2022-04-06 14:00:00,80.34
2022-04-06 15:00:00,78.60999999999999
2022-04-06 16:00:00,78.62
2022-04-06 17:00:00,76.03999999999999
2022-04-06 18:00:00,76.56
2022-04-06 19:00:00,76.4
2022-04-06 20:00:00,76.28999999999999
2022-04-06 22:00:00,77.00999999999999
2022-04-06 23:00:00,76.01999999999998
2022-04-07 00:00:00,76.75999999999999
2022-04-07 01:00:00,77.01999999999998
2022-04-07 02:00:00,77.59
2022-04-07 03:00:00,77.03
2022-04-07 04:00:00,77.0
2022-04-07 05:00:00,77.00999999999999
2022-04-07 06:00:00,77.01999999999998
2022-04-07 07:00:00,75.95999999999998
2022-04-07 08:00:00,75.97
2022-04-07 09:00:00,76.53
2022-04-07 10:00:00,76.97
2022-04-07 11:00:00,77.63
2022-04-07 12:00:00,76.48999999999998
2022-04-07 13:00:00,76.53999999999999
2022-04-07 14:00:00,75.75
2022-04-07 15:00:00,74.0
2022-04-07 16:00:00,74.84
2022-04-07 17:00:00,74.98999999999998
2022-04-07 18:00:00,75.66
2022-04-07 19:00:00,76.32
2022-04-07 20:00:00,76.6
2022-04-07 22:00:00,76.12
2022-04-07 23:00:00,76.45999999999998
2022-04-08 00:00:00,76.13
2022-04-08 01:00:00,76.10999999999999
2022-04-08 02:00:00,75.41
2022-04-08 03:00:00,75.26999999999998
2022-04-08 04:00:00,75.19999999999999
2022-04-08 05:00:00,75.85999999999999
2022-04-08 06:00:00,76.4
2022-04-08 07:00:00,76.72
2022-04-08 08:00:00,76.20999999999998
2022-04-08 09:00:00,76.32999999999998
2022-04-08 10:00:00,75.69
2022-04-08 11:00:00,75.95999999999998
2022-04-08 12:00:00,76.79999999999998
2022-04-08 13:00:00,75.95999999999998
2022-04-08 14:00:00,75.37
2022-04-08 15:00:00,76.15
2022-04-08 16:00:00,76.32
2022-04-08 17:00:00,76.54999999999998
2022-04-08 18:00:00,77.72999999999999
2022-04-08 19:00:00,77.48999999999998
2022-04-08 20:00:00,77.59
2022-04-10 22:00:00,77.57
2022-04-10 23:00:00,76.44
2022-04-11 00:00:00,74.06
2022-04-11 01:00:00,75.58000000000001
2022-04-11 02:00:00,75.47999999999999
2022-04-11 03:00:00,75.41999999999999
2022-04-11 04:00:00,75.59
2022-04-11 05:00:00,75.86000000000001
2022-04-11 06:00:00,75.78
2022-04-11 07:00:00,75.75
2022-04-11 08:00:00,75.63
2022-04-11 09:00:00,75.33000000000001
2022-04-11 10:00:00,74.53
2022-04-11 11:00:00,72.87
2022-04-11 12:00:00,73.77000000000001
2022-04-11 13:00:00,74.03999999999999
2022-04-11 14:00:00,74.93
2022-04-11 15:00:00,74.38
2022-04-11 16:00:00,73.78
2022-04-11 17:00:00,73.86000000000001
2022-04-11 18:00:00,74.0
2022-04-11 19:00:00,74.66
2022-04-11 20:00:00,74.96000000000001
2022-04-11 22:00:00,74.89000000000001
2022-04-11 23:00:00,75.1
2022-04-12 00:00:00,80.0
2022-04-12 01:00:00,75.44
2022-04-12 02:00:00,76.03999999999999
2022-04-12 03:00:00,75.91
2022-04-12 04:00:00,75.69
2022-04-12 05:00:00,76.28999999999999
2022-04-12 06:00:00,77.06
2022-04-12 07:00:00,76.25999999999999
2022-04-12 08:00:00,76.96000000000001
2022-04-12 09:00:00,76.74000000000001
2022-04-12 10:00:00,77.68
2022-04-12 11:00:00,77.82
2022-04-12 12:00:00,77.53999999999999
2022-04-12 13:00:00,79.19999999999999
2022-04-12 14:00:00,79.89000000000001
2022-04-12 15:00:00,80.44999999999999
2022-04-12 16:00:00,80.03999999999999
2022-04-12 17:00:00,79.85
2022-04-12 18:00:00,80.05000000000001
2022-04-12 19:00:00,79.96000000000001
2022-04-12 20:00:00,80.28999999999999
2022-04-12 22:00:00,80.91
2022-04-12 23:00:00,81.03
2022-04-13 00:00:00,80.50999999999999
2022-04-13 01:00:00,80.52000000000001
2022-04-13 02:00:00,80.55000000000001
2022-04-13 03:00:00,79.93
2022-04-13 04:00:00,79.6
2022-04-13 05:00:00,80.44
2022-04-13 06:00:00,80.14000000000001
2022-04-13 07:00:00,79.89000000000001
2022-04-13 08:00:00,80.25
2022-04-13 09:00:00,80.4
2022-04-13 10:00:00,81.28
2022-04-13 11:00:00,81.25
2022-04-13 12:00:00,81.71000000000001
2022-04-13 13:00:00,81.37
2022-04-13 14:00:00,81.47999999999999
2022-04-13 15:00:00,82.38
2022-04-13 16:00:00,82.32
2022-04-13 17:00:00,83.33000000000001
2022-04-13 18:00:00,83.6
2022-04-13 19:00:00,83.47999999999999
2022-04-13 20:00:00,83.31
2022-04-13 22:00:00,83.00999999999999
2022-04-13 23:00:00,82.93
2022-04-14 00:00:00,83.1
2022-04-14 01:00:00,82.6
2022-04-14 02:00:00,82.66
2022-04-14 03:00:00,82.82
2022-04-14 04:00:00,82.99000000000001
2022-04-14 05:00:00,82.34
2022-04-14 06:00:00,82.19999999999999
2022-04-14 07:00:00,82.22
2022-04-14 08:00:00,82.74000000000001
2022-04-14 09:00:00,82.50999999999999
2022-04-14 10:00:00,82.34
2022-04-14 11:00:00,82.16999999999999
2022-04-14 12:00:00,81.65
2022-04-14 13:00:00,82.09
2022-04-14 14:00:00,82.41999999999999
2022-04-14 15:00:00,82.75
2022-04-14 16:00:00,84.43
2022-04-14 17:00:00,85.46000000000001
2022-04-14 18:00:00,85.62
2022-04-14 19:00:00,85.41999999999999
2022-04-14 20:00:00,85.58000000000001
2022-04-17 22:00:00,87.15
2022-04-17 23:00:00,87.09
2022-04-18 00:00:00,87.22
2022-04-18 01:00:00,87.31
2022-04-18 02:00:00,86.66999999999999
2022-04-18 03:00:00,87.03
2022-04-18 04:00:00,86.91999999999999
2022-04-18 05:00:00,86.06
2022-04-18 06:00:00,86.33000000000001
2022-04-18 07:00:00,85.33000000000001
2022-04-18 08:00:00,85.64000000000001
2022-04-18 09:00:00,85.59
2022-04-18 10:00:00,85.66
2022-04-18 11:00:00,85.88
2022-04-18 12:00:00,86.49000000000001
2022-04-18 13:00:00,87.22999999999999
2022-04-18 14:00:00,86.87
2022-04-18 15:00:00,86.74000000000001
2022-04-18 16:00:00,88.12
2022-04-18 17:00:00,88.00999999999999
2022-04-18 18:00:00,86.97999999999999
2022-04-18 19:00:00,86.75
2022-04-18 20:00:00,86.38
2022-04-18 22:00:00,86.34
2022-04-18 23:00:00,86.75
2022-04-19 00:00:00,86.77000000000001
2022-04-19 01:00:00,86.96000000000001
2022-04-19 02:00:00,87.39000000000001
2022-04-19 03:00:00,87.15
2022-04-19 04:00:00,86.94999999999999
2022-04-19 05:00:00,86.52000000000001
2022-04-19 06:00:00,86.24000000000001
2022-04-19 07:00:00,85.87
2022-04-19 08:00:00,85.52000000000001
2022-04-19 09:00:00,85.47999999999999
2022-04-19 10:00:00,85.47
2022-04-19 11:00:00,85.41999999999999
2022-04-19 12:00:00,84.19
2022-04-19 13:00:00,83.14000000000001
2022-04-19 14:00:00,82.77000000000001
2022-04-19 15:00:00,81.62
2022-04-19 16:00:00,81.85
2022-04-19 17:00:00,82.43
2022-04-19 18:00:00,81.66
2022-04-19 19:00:00,81.89000000000001
2022-04-19 20:00:00,82.09
2022-04-19 22:00:00,82.4
2022-04-19 23:00:00,82.89000000000001
2022-04-20 00:00:00,81.96000000000001
2022-04-20 01:00:00,82.03
2022-04-20 02:00:00,82.89000000000001
2022-04-20 03:00:00,82.77000000000001
2022-04-20 04:00:00,82.64000000000001
2022-04-20 05:00:00,82.58000000000001
2022-04-20 06:00:00,82.78
2022-04-20 07:00:00,83.02000000000001
2022-04-20 08:00:00,82.72
2022-04-20 09:00:00,82.6
2022-04-20 10:00:00,82.68
2022-04-20 11:00:00,83.46000000000001
2022-04-20 12:00:00,82.82
2022-04-20 13:00:00,82.69999999999999
2022-04-20 14:00:00,82.72
2022-04-20 15:00:00,80.36000000000001
2022-04-20 16:00:00,81.66999999999999
2022-04-20 17:00:00,82.36000000000001
2022-04-20 18:00:00,82.0
2022-04-20 19:00:00,82.31
2022-04-20 20:00:00,82.25
2022-04-20 22:00:00,82.05000000000001
2022-04-20 23:00:00,82.16
2022-04-21 00:00:00,82.28
2022-04-21 01:00:00,82.9
2022-04-21 02:00:00,82.9
2022-04-21 03:00:00,82.86000000000001
2022-04-21 04:00:00,82.83000000000001
2022-04-21 05:00:00,83.39000000000001
2022-04-21 06:00:00,83.4
2022-04-21 07:00:00,83.80000000000001
2022-04-21 08:00:00,83.12
2022-04-21 09:00:00,83.0
2022-04-21 10:00:00,82.78999999999999
2022-04-21 11:00:00,82.87
2022-04-21 12:00:00,82.16
2022-04-21 13:00:00,84.44999999999999
2022-04-21 14:00:00,83.50999999999999
2022-04-21 15:00:00,83.96000000000001
2022-04-21 16:00:00,82.65
2022-04-21 17:00:00,82.75999999999999
2022-04-21 18:00:00,83.58000000000001
2022-04-21 19:00:00,83.52000000000001
2022-04-21 20:00:00,83.85
2022-04-21 22:00:00,83.34
2022-04-21 23:00:00,83.41
2022-04-22 00:00:00,81.65
2022-04-22 01:00:00,82.89000000000001
2022-04-22 02:00:00,82.6
2022-04-22 03:00:00,82.58000000000001
2022-04-22 04:00:00,82.53999999999999
2022-04-22 05:00:00,82.47
2022-04-22 06:00:00,82.77000000000001
2022-04-22 07:00:00,83.24000000000001
2022-04-22 08:00:00,81.69999999999999
2022-04-22 09:00:00,81.83000000000001
2022-04-22 10:00:00,82.08000000000001
2022-04-22 11:00:00,82.28999999999999
2022-04-22 12:00:00,82.64000000000001
2022-04-22 13:00:00,82.28999999999999
2022-04-22 14:00:00,81.57
2022-04-22 15:00:00,81.63
2022-04-22 16:00:00,81.94
2022-04-22 17:00:00,81.80000000000001
2022-04-22 18:00:00,81.31
2022-04-22 19:00:00,81.21000000000001
2022-04-22 20:00:00,81.35
2022-04-24 22:00:00,80.21000000000001
2022-04-24 23:00:00,80.19999999999999
2022-04-25 00:00:00,78.27000000000001
2022-04-25 01:00:00,78.97999999999999
2022-04-25 02:00:00,78.78
2022-04-25 03:00:00,78.83000000000001
2022-04-25 04:00:00,78.59
2022-04-25 05:00:00,78.66999999999999
2022-04-25 06:00:00,77.9
2022-04-25 07:00:00,77.63
2022-04-25 08:00:00,76.78999999999999
2022-04-25 09:00:00,77.43
2022-04-25 10:00:00,77.46000000000001
2022-04-25 11:00:00,76.58000000000001
2022-04-25 12:00:00,77.12
2022-04-25 13:00:00,76.64000000000001
2022-04-25 14:00:00,75.84
2022-04-25 15:00:00,75.69999999999999
2022-04-25 16:00:00,76.68
2022-04-25 17:00:00,76.82
2022-04-25 18:00:00,78.75999999999999
2022-04-25 19:00:00,78.78
2022-04-25 20:00:00,78.37
2022-04-25 22:00:00,78.49000000000001
2022-04-25 23:00:00,78.37
2022-04-26 00:00:00,81.00999999999999
2022-04-26 01:00:00,78.69999999999999
2022-04-26 02:00:00,79.25999999999999
2022-04-26 03:00:00,79.24000000000001
2022-04-26 04:00:00,79.28
2022-04-26 05:00:00,79.27000000000001
2022-04-26 06:00:00,78.72
2022-04-26 07:00:00,77.65
2022-04-26 08:00:00,77.56
2022-04-26 09:00:00,77.66999999999999
2022-04-26 10:00:00,78.78999999999999
2022-04-26 11:00:00,78.99000000000001
2022-04-26 12:00:00,79.12
2022-04-26 13:00:00,79.33000000000001
2022-04-26 14:00:00,79.55000000000001
2022-04-26 15:00:00,80.75999999999999
2022-04-26 16:00:00,80.82
2022-04-26 17:00:00,81.71000000000001
2022-04-26 18:00:00,80.84
2022-04-26 19:00:00,81.44999999999999
2022-04-26 20:00:00,81.05000000000001
2022-04-26 22:00:00,81.18
2022-04-26 23:00:00,81.33000000000001
2022-04-27 00:00:00,81.88
2022-04-27 01:00:00,81.97
2022-04-27 02:00:00,81.80000000000001
2022-04-27 03:00:00,81.13
2022-04-27 04:00:00,81.19999999999999
2022-04-27 05:00:00,81.28999999999999
2022-04-27 06:00:00,81.96000000000001
2022-04-27 07:00:00,81.14000000000001
2022-04-27 08:00:00,81.69999999999999
2022-04-27 09:00:00,81.74000000000001
2022-04-27 10:00:00,81.27000000000001
2022-04-27 11:00:00,80.96000000000001
2022-04-27 12:00:00,80.28999999999999
2022-04-27 13:00:00,79.75
2022-04-27 14:00:00,80.93
2022-04-27 15:00:00,80.18
2022-04-27 16:00:00,80.32
2022-04-27 17:00:00,81.6
2022-04-27 18:00:00,81.05000000000001
2022-04-27 19:00:00,81.33000000000001
2022-04-27 20:00:00,81.27000000000001
2022-04-27 22:00:00,81.03999999999999
2022-04-27 23:00:00,81.0
2022-04-28 00:00:00,81.09
2022-04-28 01:00:00,80.59
2022-04-28 02:00:00,79.84
2022-04-28 03:00:00,79.77000000000001
2022-04-28 04:00:00,79.96000000000001
2022-04-28 05:00:00,79.75999999999999
2022-04-28 06:00:00,80.64000000000001
2022-04-28 07:00:00,81.32
2022-04-28 08:00:00,82.00999999999999
2022-04-28 09:00:00,81.47
2022-04-28 10:00:00,80.78999999999999
2022-04-28 11:00:00,80.31
2022-04-28 12:00:00,80.91
2022-04-28 13:00:00,81.6
2022-04-28 14:00:00,83.0
2022-04-28 15:00:00,82.86000000000001
2022-04-28 16:00:00,83.18
2022-04-28 17:00:00,83.52000000000001
2022-04-28 18:00:00,84.18
2022-04-28 19:00:00,84.18
2022-04-28 20:00:00,83.83000000000001
2022-04-28 22:00:00,83.69
2022-04-28 23:00:00,83.68
2022-04-29 00:00:00,83.53999999999999
2022-04-29 01:00:00,83.41999999999999
2022-04-29 02:00:00,83.71000000000001
2022-04-29 03:00:00,83.94
2022-04-29 04:00:00,84.63
2022-04-29 05:00:00,84.75
2022-04-29 06:00:00,84.53
2022-04-29 07:00:00,84.87
2022-04-29 08:00:00,84.89000000000001
2022-04-29 09:00:00,85.47999999999999
2022-04-29 10:00:00,85.16999999999999
2022-04-29 11:00:00,85.05000000000001
2022-04-29 12:00:00,85.12
2022-04-29 13:00:00,85.65
2022-04-29 14:00:00,86.13
2022-04-29 15:00:00,85.19
2022-04-29 16:00:00,85.53999999999999
2022-04-29 17:00:00,84.41999999999999
2022-04-29 18:00:00,83.38
2022-04-29 19:00:00,83.1
2022-04-29 20:00:00,83.11000000000001
2022-05-01 22:00:00,83.55000000000001
2022-05-01 23:00:00,83.52000000000001
2022-05-02 00:00:00,84.02000000000001
2022-05-02 01:00:00,82.69
2022-05-02 02:00:00,82.66999999999999
2022-05-02 03:00:00,82.85
2022-05-02 04:00:00,82.91
2022-05-02 05:00:00,82.86000000000001
2022-05-02 06:00:00,82.91999999999999
2022-05-02 07:00:00,82.94
2022-05-02 08:00:00,81.09
2022-05-02 09:00:00,80.82
2022-05-02 10:00:00,80.66999999999999
2022-05-02 11:00:00,79.97
2022-05-02 12:00:00,79.81
2022-05-02 13:00:00,80.21000000000001
2022-05-02 14:00:00,80.37
2022-05-02 15:00:00,83.24000000000001
2022-05-02 16:00:00,83.34
2022-05-02 17:00:00,84.49000000000001
2022-05-02 18:00:00,83.82
2022-05-02 19:00:00,84.66
2022-05-02 20:00:00,83.94
2022-05-02 22:00:00,84.16
2022-05-02 23:00:00,84.02000000000001
2022-05-03 00:00:00,84.65
2022-05-03 01:00:00,84.22
2022-05-03 02:00:00,84.32
2022-05-03 03:00:00,83.74000000000001
2022-05-03 04:00:00,83.78
2022-05-03 05:00:00,83.94999999999999
2022-05-03 06:00:00,83.46000000000001
2022-05-03 07:00:00,83.62
2022-05-03 08:00:00,83.1
2022-05-03 09:00:00,82.80000000000001
2022-05-03 10:00:00,82.49000000000001
2022-05-03 11:00:00,83.30000000000001
2022-05-03 12:00:00,83.02000000000001
2022-05-03 13:00:00,83.74000000000001
2022-05-03 14:00:00,83.28
2022-05-03 15:00:00,82.72999999999999
2022-05-03 16:00:00,82.58000000000001
2022-05-03 17:00:00,82.0
2022-05-03 18:00:00,82.05000000000001
2022-05-03 19:00:00,81.97
2022-05-03 20:00:00,82.57
2022-05-03 22:00:00,82.50999999999999
2022-05-03 23:00:00,82.47999999999999
2022-05-04 00:00:00,86.82
2022-05-04 01:00:00,82.38
2022-05-04 02:00:00,82.44
2022-05-04 03:00:00,82.53999999999999
2022-05-04 04:00:00,82.55000000000001
2022-05-04 05:00:00,82.75999999999999
2022-05-04 06:00:00,83.5
2022-05-04 07:00:00,84.16
2022-05-04 08:00:00,84.94
2022-05-04 09:00:00,85.08000000000001
2022-05-04 10:00:00,85.16
2022-05-04 11:00:00,85.72
2022-05-04 12:00:00,85.66999999999999
2022-05-04 13:00:00,85.21000000000001
2022-05-04 14:00:00,85.38
2022-05-04 15:00:00,85.34
2022-05-04 16:00:00,86.03999999999999
2022-05-04 17:00:00,86.81
2022-05-04 18:00:00,87.31
2022-05-04 19:00:00,86.93
2022-05-04 20:00:00,86.56
2022-05-04 22:00:00,86.97
2022-05-04 23:00:00,87.16999999999999
2022-05-05 00:00:00,87.34
2022-05-05 01:00:00,86.87
2022-05-05 02:00:00,87.03999999999999
2022-05-05 03:00:00,87.07
2022-05-05 04:00:00,87.19999999999999
2022-05-05 05:00:00,87.58000000000001
2022-05-05 06:00:00,87.36000000000001
2022-05-05 07:00:00,86.99000000000001
2022-05-05 08:00:00,86.59
2022-05-05 09:00:00,87.08000000000001
2022-05-05 10:00:00,87.19999999999999
2022-05-05 11:00:00,88.38
2022-05-05 12:00:00,88.37
2022-05-05 13:00:00,89.59
2022-05-05 14:00:00,87.55000000000001
2022-05-05 15:00:00,85.99000000000001
2022-05-05 16:00:00,86.47
2022-05-05 17:00:00,87.13
2022-05-05 18:00:00,87.34
2022-05-05 19:00:00,87.32
2022-05-05 20:00:00,87.65
2022-05-05 22:00:00,87.89000000000001
2022-05-05 23:00:00,87.78
2022-05-06 00:00:00,87.06
2022-05-06 01:00:00,87.64000000000001
2022-05-06 02:00:00,88.02000000000001
2022-05-06 03:00:00,87.99000000000001
2022-05-06 04:00:00,87.63
2022-05-06 05:00:00,87.69
2022-05-06 06:00:00,88.02000000000001
2022-05-06 07:00:00,87.56
2022-05-06 08:00:00,88.97999999999999
2022-05-06 09:00:00,89.78999999999999
2022-05-06 10:00:00,89.72
2022-05-06 11:00:00,88.96000000000001
2022-05-06 12:00:00,88.47
2022-05-06 13:00:00,87.71000000000001
2022-05-06 14:00:00,89.46000000000001
2022-05-06 15:00:00,89.65
2022-05-06 16:00:00,89.46000000000001
2022-05-06 17:00:00,88.6
2022-05-06 18:00:00,89.38
2022-05-06 19:00:00,89.62
2022-05-06 20:00:00,89.72
2022-05-08 22:00:00,88.28999999999999
2022-05-08 23:00:00,88.38
2022-05-09 00:00:00,88.06
2022-05-09 01:00:00,88.5
2022-05-09 02:00:00,89.24000000000001
2022-05-09 03:00:00,89.03999999999999
2022-05-09 04:00:00,88.94
2022-05-09 05:00:00,88.47999999999999
2022-05-09 06:00:00,87.9
2022-05-09 07:00:00,88.09
2022-05-09 08:00:00,87.66999999999999
2022-05-09 09:00:00,86.94
2022-05-09 10:00:00,86.41999999999999
2022-05-09 11:00:00,85.89000000000001
2022-05-09 12:00:00,86.38
2022-05-09 13:00:00,85.85
2022-05-09 14:00:00,83.94999999999999
2022-05-09 15:00:00,83.41999999999999
2022-05-09 16:00:00,82.77000000000001
2022-05-09 17:00:00,82.28999999999999
2022-05-09 18:00:00,82.03999999999999
2022-05-09 19:00:00,81.6
2022-05-09 20:00:00,81.58000000000001
2022-05-09 22:00:00,81.91999999999999
2022-05-09 23:00:00,81.97999999999999
2022-05-10 00:00:00,79.05000000000001
2022-05-10 01:00:00,80.30000000000001
2022-05-10 02:00:00,80.58000000000001
2022-05-10 03:00:00,80.97
2022-05-10 04:00:00,81.19999999999999
2022-05-10 05:00:00,80.91
2022-05-10 06:00:00,81.77000000000001
2022-05-10 07:00:00,82.77000000000001
2022-05-10 08:00:00,82.96000000000001
2022-05-10 09:00:00,80.66999999999999
2022-05-10 10:00:00,80.66999999999999
2022-05-10 11:00:00,81.30000000000001
2022-05-10 12:00:00,82.47
2022-05-10 13:00:00,81.87
2022-05-10 14:00:00,81.30000000000001
2022-05-10 15:00:00,79.33000000000001
2022-05-10 16:00:00,78.69999999999999
2022-05-10 17:00:00,79.96000000000001
2022-05-10 18:00:00,79.27000000000001
2022-05-10 19:00:00,78.84
2022-05-10 20:00:00,78.68
2022-05-10 22:00:00,78.58000000000001
2022-05-10 23:00:00,78.12
2022-05-11 00:00:00,78.14000000000001
2022-05-11 01:00:00,74.22
2022-05-11 02:00:00,74.74000000000001
2022-05-11 03:00:00,74.59
2022-05-11 04:00:00,74.6
2022-05-11 05:00:00,74.97
2022-05-11 06:00:00,75.03
2022-05-11 07:00:00,75.03
2022-05-11 08:00:00,76.00999999999999
2022-05-11 09:00:00,75.88
2022-05-11 10:00:00,76.05000000000001
2022-05-11 11:00:00,76.56
2022-05-11 12:00:00,75.5
2022-05-11 13:00:00,77.25
2022-05-11 14:00:00,77.78999999999999
2022-05-11 15:00:00,77.81
2022-05-11 16:00:00,78.19
2022-05-11 17:00:00,77.99000000000001
2022-05-11 18:00:00,77.64000000000001
2022-05-11 19:00:00,77.48000000000002
2022-05-11 20:00:00,78.0
2022-05-11 22:00:00,77.99000000000001
2022-05-11 23:00:00,78.15
2022-05-12 00:00:00,78.36000000000001
2022-05-12 01:00:00,77.53
2022-05-12 02:00:00,76.89000000000001
2022-05-12 03:00:00,76.83000000000001
2022-05-12 04:00:00,76.78999999999999
2022-05-12 05:00:00,76.78999999999999
2022-05-12 06:00:00,76.65
2022-05-12 07:00:00,76.25999999999999
2022-05-12 08:00:00,75.64000000000001
2022-05-12 09:00:00,76.44
2022-05-12 10:00:00,76.75999999999999
2022-05-12 11:00:00,76.33000000000001
2022-05-12 12:00:00,76.4
2022-05-12 13:00:00,77.87
2022-05-12 14:00:00,79.1
2022-05-12 15:00:00,78.35
2022-05-12 16:00:00,78.4
2022-05-12 17:00:00,77.98000000000002
2022-05-12 18:00:00,78.56
2022-05-12 19:00:00,79.09
2022-05-12 20:00:00,78.84
2022-05-12 22:00:00,78.94
2022-05-12 23:00:00,79.25
2022-05-13 00:00:00,82.21000000000001
2022-05-13 01:00:00,79.48000000000002
2022-05-13 02:00:00,79.22
2022-05-13 03:00:00,79.94
2022-05-13 04:00:00,80.18
2022-05-13 05:00:00,79.87
2022-05-13 06:00:00,79.14000000000001
2022-05-13 07:00:00,79.16
2022-05-13 08:00:00,79.15
2022-05-13 09:00:00,79.9
2022-05-13 10:00:00,80.25
2022-05-13 11:00:00,79.86000000000001
2022-05-13 12:00:00,80.96000000000001
2022-05-13 13:00:00,80.46000000000001
2022-05-13 14:00:00,81.70000000000002
2022-05-13 15:00:00,81.81
2022-05-13 16:00:00,82.03999999999999
2022-05-13 17:00:00,81.89000000000001
2022-05-13 18:00:00,82.13
2022-05-13 19:00:00,82.13
2022-05-13 20:00:00,81.87
2022-05-15 22:00:00,82.92000000000002
2022-05-15 23:00:00,83.05000000000001
2022-05-16 00:00:00,84.85
2022-05-16 01:00:00,81.23000000000002
2022-05-16 02:00:00,80.85
2022-05-16 03:00:00,80.57
2022-05-16 04:00:00,80.08000000000001
2022-05-16 05:00:00,80.75
2022-05-16 06:00:00,81.14000000000001
2022-05-16 07:00:00,80.80000000000001
2022-05-16 08:00:00,81.4
2022-05-16 09:00:00,81.44
2022-05-16 10:00:00,81.02000000000001
2022-05-16 11:00:00,81.28999999999999
2022-05-16 12:00:00,81.88
2022-05-16 13:00:00,82.11000000000001
2022-05-16 14:00:00,82.78
2022-05-16 15:00:00,83.6
2022-05-16 16:00:00,84.35
2022-05-16 17:00:00,85.02000000000001
2022-05-16 18:00:00,84.46000000000001
2022-05-16 19:00:00,85.09
2022-05-16 20:00:00,84.62
2022-05-16 22:00:00,84.96000000000001
2022-05-16 23:00:00,84.78
2022-05-17 00:00:00,84.78
2022-05-17 01:00:00,84.99000000000001
2022-05-17 02:00:00,84.43
2022-05-17 03:00:00,84.38
2022-05-17 04:00:00,84.5
2022-05-17 05:00:00,84.94
2022-05-17 06:00:00,85.03
2022-05-17 07:00:00,84.74000000000001
2022-05-17 08:00:00,85.25
2022-05-17 09:00:00,85.55000000000001
2022-05-17 10:00:00,85.53999999999999
2022-05-17 11:00:00,85.89000000000001
2022-05-17 12:00:00,85.20000000000002
2022-05-17 13:00:00,85.69
2022-05-17 14:00:00,85.37
2022-05-17 15:00:00,84.31
2022-05-17 16:00:00,84.5
2022-05-17 17:00:00,84.32
2022-05-17 18:00:00,82.70000000000002
2022-05-17 19:00:00,82.27000000000001
2022-05-17 20:00:00,83.48000000000002
2022-05-17 22:00:00,83.91
2022-05-17 23:00:00,83.64000000000001
2022-05-18 00:00:00,83.81
2022-05-18 01:00:00,83.27000000000001
2022-05-18 02:00:00,83.52000000000001
2022-05-18 03:00:00,83.28999999999999
2022-05-18 04:00:00,83.16
2022-05-18 05:00:00,83.85
2022-05-18 06:00:00,83.1
2022-05-18 07:00:00,84.24000000000001
2022-05-18 08:00:00,84.19
2022-05-18 09:00:00,83.91
2022-05-18 10:00:00,83.62
2022-05-18 11:00:00,84.53
2022-05-18 12:00:00,84.19
2022-05-18 13:00:00,82.46000000000001
2022-05-18 14:00:00,81.65
2022-05-18 15:00:00,80.64000000000001
2022-05-18 16:00:00,80.42000000000002
2022-05-18 17:00:00,79.72
2022-05-18 18:00:00,79.44
2022-05-18 19:00:00,79.96000000000001
2022-05-18 20:00:00,79.94
2022-05-18 22:00:00,79.78
2022-05-18 23:00:00,78.71000000000001
2022-05-19 00:00:00,79.85
2022-05-19 01:00:00,80.75999999999999
2022-05-19 02:00:00,80.96000000000001
2022-05-19 03:00:00,81.05000000000001
2022-05-19 04:00:00,81.19
2022-05-19 05:00:00,80.67000000000002
2022-05-19 06:00:00,80.93
2022-05-19 07:00:00,80.44
2022-05-19 08:00:00,78.99000000000001
2022-05-19 09:00:00,77.69
2022-05-19 10:00:00,78.78
2022-05-19 11:00:00,78.68
2022-05-19 12:00:00,76.69
2022-05-19 13:00:00,78.91
2022-05-19 14:00:00,80.08000000000001
2022-05-19 15:00:00,80.87
2022-05-19 16:00:00,80.96000000000001
2022-05-19 17:00:00,82.33000000000001
2022-05-19 18:00:00,82.74000000000001
2022-05-19 19:00:00,81.93
2022-05-19 20:00:00,82.09
2022-05-19 21:00:00,82.09
2022-05-19 22:00:00,81.97
2022-05-19 23:00:00,82.03999999999999
2022-05-20 00:00:00,81.86000000000001
2022-05-20 01:00:00,82.19
2022-05-20 02:00:00,81.41
2022-05-20 03:00:00,81.42000000000002
2022-05-20 04:00:00,81.87
2022-05-20 05:00:00,82.03999999999999
2022-05-20 06:00:00,82.06
2022-05-20 07:00:00,82.44
2022-05-20 08:00:00,82.55000000000001
2022-05-20 09:00:00,82.44
2022-05-20 10:00:00,82.92000000000002
2022-05-20 11:00:00,83.07
2022-05-20 12:00:00,82.5
2022-05-20 13:00:00,83.23000000000002
2022-05-20 14:00:00,82.83000000000001
2022-05-20 15:00:00,83.00999999999999
2022-05-20 16:00:00,82.59
2022-05-20 17:00:00,83.69
2022-05-20 18:00:00,83.30000000000001
2022-05-20 19:00:00,83.48000000000002
2022-05-20 20:00:00,83.17000000000002
2022-05-20 21:00:00,83.17000000000002
2022-05-22 22:00:00,82.62
2022-05-22 23:00:00,83.25999999999999
2022-05-23 00:00:00,83.35
2022-05-23 01:00:00,83.62
2022-05-23 02:00:00,83.58000000000001
2022-05-23 03:00:00,83.67000000000002
2022-05-23 04:00:00,83.67000000000002
2022-05-23 05:00:00,84.05000000000001
2022-05-23 06:00:00,83.80000000000001
2022-05-23 07:00:00,84.27000000000001
2022-05-23 08:00:00,83.71000000000001
2022-05-23 09:00:00,84.38
2022-05-23 10:00:00,84.39000000000001
2022-05-23 11:00:00,83.95000000000002
2022-05-23 12:00:00,83.89000000000001
2022-05-23 13:00:00,83.39000000000001
2022-05-23 14:00:00,82.77000000000001
2022-05-23 15:00:00,83.41
2022-05-23 16:00:00,83.03
2022-05-23 17:00:00,83.08000000000001
2022-05-23 18:00:00,83.56
2022-05-23 19:00:00,83.74000000000001
2022-05-23 20:00:00,83.82
2022-05-23 21:00:00,83.82
2022-05-23 22:00:00,83.06
2022-05-23 23:00:00,83.02000000000001
2022-05-24 00:00:00,83.00999999999999
2022-05-24 01:00:00,82.73000000000002
2022-05-24 02:00:00,82.99000000000001
2022-05-24 03:00:00,82.96000000000001
2022-05-24 04:00:00,82.75999999999999
2022-05-24 05:00:00,82.27000000000001
2022-05-24 06:00:00,82.23000000000002
2022-05-24 07:00:00,82.71000000000001
2022-05-24 08:00:00,83.05000000000001
2022-05-24 09:00:00,83.08000000000001
2022-05-24 10:00:00,83.91
2022-05-24 11:00:00,83.83000000000001
2022-05-24 12:00:00,83.87
2022-05-24 13:00:00,84.27000000000001
2022-05-24 14:00:00,83.97
2022-05-24 15:00:00,83.31
2022-05-24 16:00:00,83.25
2022-05-24 17:00:00,83.16
2022-05-24 18:00:00,83.55000000000001
2022-05-24 19:00:00,83.42000000000002
2022-05-24 20:00:00,83.64000000000001
2022-05-24 21:00:00,83.64000000000001
2022-05-24 22:00:00,83.84
2022-05-24 23:00:00,83.89000000000001
2022-05-25 00:00:00,83.80000000000001
2022-05-25 01:00:00,84.34
2022-05-25 02:00:00,84.35
2022-05-25 03:00:00,84.4
2022-05-25 04:00:00,84.43
2022-05-25 05:00:00,84.0
2022-05-25 06:00:00,84.16
2022-05-25 07:00:00,84.1
2022-05-25 08:00:00,84.25
2022-05-25 09:00:00,84.63
2022-05-25 10:00:00,84.45000000000002
2022-05-25 11:00:00,84.38
2022-05-25 12:00:00,84.46000000000001
2022-05-25 13:00:00,83.9
2022-05-25 14:00:00,83.53
2022-05-25 15:00:00,82.75999999999999
2022-05-25 16:00:00,83.5
2022-05-25 17:00:00,83.42000000000002
2022-05-25 18:00:00,83.83000000000001
2022-05-25 19:00:00,84.1
2022-05-25 20:00:00,84.02000000000001
2022-05-25 21:00:00,84.02000000000001
2022-05-25 22:00:00,84.12
2022-05-25 23:00:00,83.99000000000001
2022-05-26 00:00:00,84.24000000000001
2022-05-26 01:00:00,83.55000000000001
2022-05-26 02:00:00,84.22
2022-05-26 03:00:00,84.18
2022-05-26 04:00:00,84.05000000000001
2022-05-26 05:00:00,84.00999999999999
2022-05-26 06:00:00,84.12
2022-05-26 07:00:00,84.42000000000002
2022-05-26 08:00:00,84.16
2022-05-26 09:00:00,84.5
2022-05-26 10:00:00,84.53
2022-05-26 11:00:00,84.44
2022-05-26 12:00:00,84.41
2022-05-26 13:00:00,85.93
2022-05-26 14:00:00,87.17000000000002
2022-05-26 15:00:00,87.36000000000001
2022-05-26 16:00:00,87.19
2022-05-26 17:00:00,87.41
2022-05-26 18:00:00,87.30000000000001
2022-05-26 19:00:00,87.05000000000001
2022-05-26 20:00:00,87.37
2022-05-26 21:00:00,87.37
2022-05-26 22:00:00,87.24000000000001
2022-05-26 23:00:00,87.19
2022-05-27 00:00:00,87.05000000000001
2022-05-27 01:00:00,87.4
2022-05-27 02:00:00,87.03
2022-05-27 03:00:00,87.24000000000001
2022-05-27 04:00:00,87.30000000000001
2022-05-27 05:00:00,87.0
2022-05-27 06:00:00,86.91
2022-05-27 07:00:00,87.27000000000001
2022-05-27 08:00:00,87.45000000000002
2022-05-27 09:00:00,87.44
2022-05-27 10:00:00,86.80000000000001
2022-05-27 11:00:00,86.59
2022-05-27 12:00:00,86.93
2022-05-27 13:00:00,87.22
2022-05-27 14:00:00,86.84
2022-05-27 15:00:00,87.57
2022-05-27 16:00:00,87.64000000000001
2022-05-27 17:00:00,87.85
2022-05-27 18:00:00,87.99000000000001
2022-05-27 19:00:00,88.24000000000001
2022-05-27 20:00:00,88.16
2022-05-27 23:00:00,88.17000000000002
2022-05-29 22:00:00,88.43
2022-05-29 23:00:00,88.69
2022-05-30 00:00:00,88.74000000000001
2022-05-30 01:00:00,88.99000000000001
2022-05-30 02:00:00,89.30000000000001
2022-05-30 03:00:00,89.03999999999999
2022-05-30 04:00:00,89.08000000000001
2022-05-30 05:00:00,89.00999999999999
2022-05-30 06:00:00,88.84
2022-05-30 07:00:00,88.94
2022-05-30 08:00:00,88.59
2022-05-30 09:00:00,88.70000000000002
2022-05-30 10:00:00,88.78999999999999
2022-05-30 11:00:00,88.88
2022-05-30 12:00:00,88.82
2022-05-30 13:00:00,88.96000000000001
2022-05-30 14:00:00,88.97
2022-05-30 15:00:00,89.36000000000001
2022-05-30 16:00:00,90.17000000000002
2022-05-30 17:00:00,90.20000000000002
2022-05-30 18:00:00,90.25
2022-05-30 22:00:00,90.59
2022-05-30 23:00:00,90.72
2022-05-31 00:00:00,90.39000000000001
2022-05-31 01:00:00,90.75999999999999
2022-05-31 02:00:00,91.20000000000002
2022-05-31 03:00:00,91.39000000000001
2022-05-31 04:00:00,91.94
2022-05-31 05:00:00,91.87
2022-05-31 06:00:00,92.08000000000001
2022-05-31 07:00:00,92.23000000000002
2022-05-31 08:00:00,92.07
2022-05-31 09:00:00,92.1
2022-05-31 10:00:00,91.53999999999999
2022-05-31 11:00:00,91.88
2022-05-31 12:00:00,92.17000000000002
2022-05-31 13:00:00,91.81
2022-05-31 14:00:00,90.78999999999999
2022-05-31 15:00:00,90.05000000000001
2022-05-31 16:00:00,90.81
2022-05-31 17:00:00,87.86000000000001
2022-05-31 18:00:00,88.4
2022-05-31 19:00:00,88.34
2022-05-31 20:00:00,88.47
2022-05-31 21:00:00,88.47
2022-05-31 22:00:00,88.38
2022-05-31 23:00:00,88.25999999999999
2022-06-01 00:00:00,88.89000000000001
2022-06-01 01:00:00,88.75
2022-06-01 02:00:00,88.39000000000001
2022-06-01 03:00:00,88.31
2022-06-01 04:00:00,88.24000000000001
2022-06-01 05:00:00,87.95000000000002
2022-06-01 06:00:00,89.22
2022-06-01 07:00:00,89.78
2022-06-01 08:00:00,89.28999999999999
2022-06-01 09:00:00,89.77000000000001
2022-06-01 10:00:00,89.03999999999999
2022-06-01 11:00:00,88.74000000000001
2022-06-01 12:00:00,89.44
2022-06-01 13:00:00,90.4
2022-06-01 14:00:00,89.46000000000001
2022-06-01 15:00:00,89.57
2022-06-01 16:00:00,90.08000000000001
2022-06-01 17:00:00,89.1
2022-06-01 18:00:00,88.78999999999999
2022-06-01 19:00:00,88.24000000000001
2022-06-01 20:00:00,88.21000000000001
2022-06-01 21:00:00,88.21000000000001
2022-06-01 22:00:00,86.91
2022-06-01 23:00:00,86.69
2022-06-02 00:00:00,85.53
2022-06-02 01:00:00,86.09
2022-06-02 02:00:00,86.25999999999999
2022-06-02 03:00:00,86.50999999999999
2022-06-02 04:00:00,86.65
2022-06-02 05:00:00,87.00999999999999
2022-06-02 06:00:00,86.75
2022-06-02 07:00:00,86.32
2022-06-02 08:00:00,86.63
2022-06-02 09:00:00,86.23000000000002
2022-06-02 10:00:00,85.64000000000001
2022-06-02 11:00:00,85.75999999999999
2022-06-02 12:00:00,87.91
2022-06-02 13:00:00,89.65
2022-06-02 14:00:00,88.31
2022-06-02 15:00:00,90.16
2022-06-02 16:00:00,90.31
2022-06-02 17:00:00,90.30000000000001
2022-06-02 18:00:00,90.16
2022-06-02 19:00:00,90.53
2022-06-02 20:00:00,90.81
2022-06-02 21:00:00,90.81
2022-06-02 22:00:00,90.59
2022-06-02 23:00:00,90.75999999999999
2022-06-03 00:00:00,90.30000000000001
2022-06-03 01:00:00,89.93
2022-06-03 02:00:00,90.03999999999999
2022-06-03 03:00:00,89.98000000000002
2022-06-03 04:00:00,89.66
2022-06-03 05:00:00,89.83000000000001
2022-06-03 06:00:00,90.12
2022-06-03 07:00:00,88.99000000000001
2022-06-03 08:00:00,89.25999999999999
2022-06-03 09:00:00,89.55000000000001
2022-06-03 10:00:00,89.44
2022-06-03 11:00:00,89.64000000000001
2022-06-03 12:00:00,90.94
2022-06-03 13:00:00,91.05000000000001
2022-06-03 14:00:00,92.12
2022-06-03 15:00:00,91.85
2022-06-03 16:00:00,92.11000000000001
2022-06-03 17:00:00,92.02000000000001
2022-06-03 18:00:00,92.85
2022-06-03 19:00:00,93.58000000000001
2022-06-03 20:00:00,93.57
2022-06-03 21:00:00,93.57
2022-06-05 22:00:00,93.70000000000002
2022-06-05 23:00:00,93.53999999999999
2022-06-06 00:00:00,93.19
2022-06-06 01:00:00,92.88
2022-06-06 02:00:00,93.15
2022-06-06 03:00:00,93.12
2022-06-06 04:00:00,92.91
2022-06-06 05:00:00,92.98000000000002
2022-06-06 06:00:00,92.77000000000001
2022-06-06 07:00:00,92.87
2022-06-06 08:00:00,92.53999999999999
2022-06-06 09:00:00,93.1
2022-06-06 10:00:00,92.75
2022-06-06 11:00:00,92.46000000000001
2022-06-06 12:00:00,92.1
2022-06-06 13:00:00,91.99000000000001
2022-06-06 14:00:00,92.19
2022-06-06 15:00:00,92.03
2022-06-06 16:00:00,91.92000000000002
2022-06-06 17:00:00,92.18
2022-06-06 18:00:00,91.77000000000001
2022-06-06 19:00:00,91.85
2022-06-06 20:00:00,92.87
2022-06-06 21:00:00,92.87
2022-06-06 22:00:00,92.39000000000001
2022-06-06 23:00:00,92.45000000000002
2022-06-07 00:00:00,92.22
2022-06-07 01:00:00,92.84
2022-06-07 02:00:00,92.75
2022-06-07 03:00:00,92.85
2022-06-07 04:00:00,92.89000000000001
2022-06-07 05:00:00,92.38
2022-06-07 06:00:00,92.97
2022-06-07 07:00:00,92.68
2022-06-07 08:00:00,92.16
2022-06-07 09:00:00,91.73000000000002
2022-06-07 10:00:00,92.00999999999999
2022-06-07 11:00:00,91.86000000000001
2022-06-07 12:00:00,92.12
2022-06-07 13:00:00,93.36000000000001
2022-06-07 14:00:00,92.99000000000001
2022-06-07 15:00:00,93.19
2022-06-07 16:00:00,93.03999999999999
2022-06-07 17:00:00,91.92000000000002
2022-06-07 18:00:00,93.68
2022-06-07 19:00:00,93.78
2022-06-07 20:00:00,93.49000000000001
2022-06-07 22:00:00,93.18
2022-06-07 23:00:00,93.15
2022-06-08 00:00:00,93.38
2022-06-08 01:00:00,93.22
2022-06-08 02:00:00,93.59
2022-06-08 03:00:00,93.33000000000001
2022-06-08 04:00:00,93.58000000000001
2022-06-08 05:00:00,93.85
2022-06-08 06:00:00,93.85
2022-06-08 07:00:00,93.83000000000001
2022-06-08 08:00:00,93.96000000000001
2022-06-08 09:00:00,94.83000000000001
2022-06-08 10:00:00,94.35
2022-06-08 11:00:00,94.28
2022-06-08 12:00:00,94.36000000000001
2022-06-08 13:00:00,93.64000000000001
2022-06-08 14:00:00,94.35
2022-06-08 15:00:00,95.37
2022-06-08 16:00:00,96.16
2022-06-08 17:00:00,96.13
2022-06-08 18:00:00,96.1
2022-06-08 19:00:00,96.28
2022-06-08 20:00:00,96.03
2022-06-08 21:00:00,96.03
2022-06-08 22:00:00,96.02000000000001
2022-06-08 23:00:00,95.75
2022-06-09 00:00:00,95.59
2022-06-09 01:00:00,96.00999999999999
2022-06-09 02:00:00,96.15
2022-06-09 03:00:00,96.00999999999999
2022-06-09 04:00:00,95.98000000000002
2022-06-09 05:00:00,95.89000000000001
2022-06-09 06:00:00,95.20000000000002
2022-06-09 07:00:00,95.38
2022-06-09 08:00:00,95.59
2022-06-09 09:00:00,95.46000000000001
2022-06-09 10:00:00,95.59
2022-06-09 11:00:00,95.50999999999999
2022-06-09 12:00:00,95.31
2022-06-09 13:00:00,95.28
2022-06-09 14:00:00,95.38
2022-06-09 15:00:00,95.38
2022-06-09 16:00:00,95.27000000000001
2022-06-09 17:00:00,95.45000000000002
2022-06-09 18:00:00,95.08000000000001
2022-06-09 19:00:00,94.95000000000002
2022-06-09 20:00:00,95.0
2022-06-09 21:00:00,95.0
2022-06-09 22:00:00,94.74000000000001
2022-06-09 23:00:00,94.84
2022-06-10 00:00:00,94.81
2022-06-10 01:00:00,94.01000000000002
2022-06-10 02:00:00,94.34
2022-06-10 03:00:00,94.30000000000001
2022-06-10 04:00:00,94.35
2022-06-10 05:00:00,94.68
2022-06-10 06:00:00,94.59
2022-06-10 07:00:00,94.30000000000001
2022-06-10 08:00:00,95.07000000000002
2022-06-10 09:00:00,95.39000000000001
2022-06-10 10:00:00,95.6
2022-06-10 11:00:00,95.58000000000001
2022-06-10 12:00:00,94.75
2022-06-10 13:00:00,94.71000000000001
2022-06-10 14:00:00,92.70000000000002
2022-06-10 15:00:00,92.91
2022-06-10 16:00:00,93.39000000000001
2022-06-10 17:00:00,93.53
2022-06-10 18:00:00,93.78
2022-06-10 19:00:00,93.73000000000002
2022-06-10 20:00:00,93.54000000000002
2022-06-10 23:00:00,93.87
2022-06-12 22:00:00,92.09
2022-06-12 23:00:00,92.07000000000002
2022-06-13 00:00:00,91.71000000000001
2022-06-13 01:00:00,91.49000000000001
2022-06-13 02:00:00,92.21000000000001
2022-06-13 03:00:00,92.11000000000001
2022-06-13 04:00:00,91.9
2022-06-13 05:00:00,92.04000000000002
2022-06-13 06:00:00,91.81
2022-06-13 07:00:00,91.74000000000001
2022-06-13 08:00:00,91.59
2022-06-13 09:00:00,91.85
2022-06-13 10:00:00,92.11000000000001
2022-06-13 11:00:00,91.83000000000001
2022-06-13 12:00:00,92.09
2022-06-13 13:00:00,92.9
2022-06-13 14:00:00,90.92000000000002
2022-06-13 15:00:00,94.20000000000002
2022-06-13 16:00:00,94.70000000000002
2022-06-13 17:00:00,94.17000000000002
2022-06-13 18:00:00,93.51000000000002
2022-06-13 19:00:00,94.03
2022-06-13 20:00:00,93.97
2022-06-13 22:00:00,93.73000000000002
2022-06-13 23:00:00,93.56
2022-06-14 00:00:00,93.94
2022-06-14 01:00:00,93.78
2022-06-14 02:00:00,94.1
2022-06-14 03:00:00,93.67000000000002
2022-06-14 04:00:00,93.74000000000001
2022-06-14 05:00:00,94.33000000000001
2022-06-14 06:00:00,94.59
2022-06-14 07:00:00,94.93
2022-06-14 08:00:00,94.68
2022-06-14 09:00:00,94.70000000000002
2022-06-14 10:00:00,94.89000000000001
2022-06-14 11:00:00,94.26000000000002
2022-06-14 12:00:00,95.23000000000002
2022-06-14 13:00:00,96.05000000000001
2022-06-14 14:00:00,96.06
2022-06-14 15:00:00,95.27000000000001
2022-06-14 16:00:00,94.78
2022-06-14 17:00:00,93.41
2022-06-14 18:00:00,91.51000000000002
2022-06-14 19:00:00,91.64000000000001
2022-06-14 20:00:00,92.08000000000001
2022-06-14 21:00:00,92.08000000000001
2022-06-14 22:00:00,91.78
2022-06-14 23:00:00,91.75
2022-06-15 00:00:00,91.87
2022-06-15 01:00:00,92.24000000000001
2022-06-15 02:00:00,92.17000000000002
2022-06-15 03:00:00,92.14000000000001
2022-06-15 04:00:00,92.13
2022-06-15 05:00:00,92.47
2022-06-15 06:00:00,92.24000000000001
2022-06-15 07:00:00,92.13
2022-06-15 08:00:00,91.31
2022-06-15 09:00:00,90.69
2022-06-15 10:00:00,90.52000000000001
2022-06-15 11:00:00,91.54000000000002
2022-06-15 12:00:00,91.66
2022-06-15 13:00:00,91.49000000000001
2022-06-15 14:00:00,90.88
2022-06-15 15:00:00,90.82000000000002
2022-06-15 16:00:00,90.75
2022-06-15 17:00:00,91.12
2022-06-15 18:00:00,89.65
2022-06-15 19:00:00,89.49000000000001
2022-06-15 20:00:00,89.71000000000001
2022-06-15 21:00:00,89.71000000000001
2022-06-15 22:00:00,90.02000000000001
2022-06-15 23:00:00,90.41
2022-06-16 00:00:00,90.35
2022-06-16 01:00:00,90.39000000000001
2022-06-16 02:00:00,90.11000000000001
2022-06-16 03:00:00,90.13
2022-06-16 04:00:00,89.9
2022-06-16 05:00:00,89.76000000000002
2022-06-16 06:00:00,90.24000000000001
2022-06-16 07:00:00,89.82000000000002
2022-06-16 08:00:00,89.38
2022-06-16 09:00:00,89.59
2022-06-16 10:00:00,88.49000000000001
2022-06-16 11:00:00,88.02000000000001
2022-06-16 12:00:00,88.91
2022-06-16 13:00:00,87.53
2022-06-16 14:00:00,89.22
2022-06-16 15:00:00,89.58000000000001
2022-06-16 16:00:00,90.48000000000002
2022-06-16 17:00:00,91.22
2022-06-16 18:00:00,91.43
2022-06-16 19:00:00,90.52000000000001
2022-06-16 20:00:00,90.56
2022-06-16 21:00:00,90.56
2022-06-16 22:00:00,90.49000000000001
2022-06-16 23:00:00,90.49000000000001
2022-06-17 00:00:00,90.17000000000002
2022-06-17 01:00:00,90.6
2022-06-17 02:00:00,90.41
2022-06-17 03:00:00,90.23000000000002
2022-06-17 04:00:00,90.42000000000002
2022-06-17 05:00:00,90.85
2022-06-17 06:00:00,91.25
2022-06-17 07:00:00,91.74000000000001
2022-06-17 08:00:00,91.82000000000002
2022-06-17 09:00:00,92.20000000000002
2022-06-17 10:00:00,91.53
2022-06-17 11:00:00,90.94
2022-06-17 12:00:00,90.11000000000001
2022-06-17 13:00:00,88.04000000000002
2022-06-17 14:00:00,85.34
2022-06-17 15:00:00,85.57000000000002
2022-06-17 16:00:00,84.37
2022-06-17 17:00:00,83.14000000000001
2022-06-17 18:00:00,84.24000000000001
2022-06-17 19:00:00,84.74000000000001
2022-06-17 20:00:00,85.11000000000001
2022-06-17 23:00:00,84.31
2022-06-19 22:00:00,85.53
2022-06-19 23:00:00,85.30000000000001
2022-06-20 00:00:00,85.01000000000002
2022-06-20 01:00:00,83.78
2022-06-20 02:00:00,84.02000000000001
2022-06-20 03:00:00,84.01000000000002
2022-06-20 04:00:00,84.20000000000002
2022-06-20 05:00:00,85.07000000000002
2022-06-20 06:00:00,84.43
2022-06-20 07:00:00,84.46000000000001
2022-06-20 08:00:00,83.96000000000001
2022-06-20 09:00:00,84.57000000000002
2022-06-20 10:00:00,84.44
2022-06-20 11:00:00,84.89000000000001
2022-06-20 12:00:00,84.44
2022-06-20 13:00:00,83.76000000000002
2022-06-20 14:00:00,84.34
2022-06-20 15:00:00,84.80000000000001
2022-06-20 16:00:00,85.26000000000002
2022-06-20 17:00:00,85.08000000000001
2022-06-20 18:00:00,85.30000000000001
2022-06-20 22:00:00,85.43
2022-06-20 23:00:00,85.25
2022-06-21 00:00:00,86.15
2022-06-21 01:00:00,86.76000000000002
2022-06-21 02:00:00,86.48000000000002
2022-06-21 03:00:00,86.36000000000001
2022-06-21 04:00:00,86.65
2022-06-21 05:00:00,86.21000000000001
2022-06-21 06:00:00,85.82000000000002
2022-06-21 07:00:00,86.59
2022-06-21 08:00:00,86.62
2022-06-21 09:00:00,86.89000000000001
2022-06-21 10:00:00,86.29000000000002
2022-06-21 11:00:00,86.6
2022-06-21 12:00:00,86.44
2022-06-21 13:00:00,86.57000000000002
2022-06-21 14:00:00,86.97
2022-06-21 15:00:00,85.72
2022-06-21 16:00:00,85.83000000000001
2022-06-21 17:00:00,85.64000000000001
2022-06-21 18:00:00,85.58000000000001
2022-06-21 19:00:00,85.83000000000001
2022-06-21 20:00:00,86.0
2022-06-21 21:00:00,86.0
2022-06-21 22:00:00,85.46000000000001
2022-06-21 23:00:00,85.5
2022-06-22 00:00:00,84.41
2022-06-22 01:00:00,83.09
2022-06-22 02:00:00,81.79000000000002
2022-06-22 03:00:00,82.14000000000001
2022-06-22 04:00:00,82.20000000000002
2022-06-22 05:00:00,81.72
2022-06-22 06:00:00,80.46000000000001
2022-06-22 07:00:00,80.76000000000002
2022-06-22 08:00:00,80.88
2022-06-22 09:00:00,80.81
2022-06-22 10:00:00,81.03
2022-06-22 11:00:00,80.34
2022-06-22 12:00:00,79.35
2022-06-22 13:00:00,79.47
2022-06-22 14:00:00,81.15
2022-06-22 15:00:00,82.23000000000002
2022-06-22 16:00:00,82.86000000000001
2022-06-22 17:00:00,83.36000000000001
2022-06-22 18:00:00,82.48000000000002
2022-06-22 19:00:00,81.61000000000001
2022-06-22 20:00:00,80.64000000000001
2022-06-22 21:00:00,80.64000000000001
2022-06-22 22:00:00,80.73000000000002
2022-06-22 23:00:00,80.26000000000002
2022-06-23 00:00:00,80.87
2022-06-23 01:00:00,79.33000000000001
2022-06-23 02:00:00,79.71000000000001
2022-06-23 03:00:00,79.77000000000001
2022-06-23 04:00:00,80.28
2022-06-23 05:00:00,81.16
2022-06-23 06:00:00,81.24000000000001
2022-06-23 07:00:00,80.65
2022-06-23 08:00:00,79.86000000000001
2022-06-23 09:00:00,81.33000000000001
2022-06-23 10:00:00,81.93
2022-06-23 11:00:00,82.4
2022-06-23 12:00:00,81.94
2022-06-23 13:00:00,81.68
2022-06-23 14:00:00,81.5
2022-06-23 15:00:00,81.28
2022-06-23 16:00:00,79.72
2022-06-23 17:00:00,80.71000000000001
2022-06-23 18:00:00,79.98000000000002
2022-06-23 19:00:00,79.69
2022-06-23 20:00:00,79.83000000000001
2022-06-23 21:00:00,79.83000000000001
2022-06-23 22:00:00,80.26000000000002
2022-06-23 23:00:00,80.20000000000002
2022-06-24 00:00:00,80.99000000000001
2022-06-24 01:00:00,79.93
2022-06-24 02:00:00,80.09
2022-06-24 03:00:00,79.97
2022-06-24 04:00:00,80.17000000000002
2022-06-24 05:00:00,80.48000000000002
2022-06-24 06:00:00,79.93
2022-06-24 07:00:00,80.18
2022-06-24 08:00:00,80.88
2022-06-24 09:00:00,81.30000000000001
2022-06-24 10:00:00,81.34
2022-06-24 11:00:00,81.6
2022-06-24 12:00:00,82.1
2022-06-24 13:00:00,80.81
2022-06-24 14:00:00,83.83000000000001
2022-06-24 15:00:00,83.13
2022-06-24 16:00:00,82.38
2022-06-24 17:00:00,82.36000000000001
2022-06-24 18:00:00,82.80000000000001
2022-06-24 19:00:00,82.92000000000002
2022-06-24 20:00:00,82.43
2022-06-24 21:00:00,82.43
2022-06-26 22:00:00,81.81
2022-06-26 23:00:00,81.89000000000001
2022-06-27 00:00:00,81.26000000000002
2022-06-27 01:00:00,82.99000000000001
2022-06-27 02:00:00,83.5
2022-06-27 03:00:00,83.04000000000002
2022-06-27 04:00:00,83.01000000000002
2022-06-27 05:00:00,82.89000000000001
2022-06-27 06:00:00,82.93
2022-06-27 07:00:00,83.52000000000001
2022-06-27 08:00:00,82.33000000000001
2022-06-27 09:00:00,83.26000000000002
2022-06-27 10:00:00,83.24000000000001
2022-06-27 11:00:00,83.53
2022-06-27 12:00:00,83.25
2022-06-27 13:00:00,82.23000000000002
2022-06-27 14:00:00,84.68
2022-06-27 15:00:00,84.38
2022-06-27 16:00:00,85.61000000000001
2022-06-27 17:00:00,85.51000000000002
2022-06-27 18:00:00,84.64000000000001
2022-06-27 19:00:00,85.18
2022-06-27 20:00:00,85.18
2022-06-27 21:00:00,85.18
2022-06-27 22:00:00,85.38
2022-06-27 23:00:00,85.63
2022-06-28 00:00:00,85.70000000000002
2022-06-28 01:00:00,85.98000000000002
2022-06-28 02:00:00,86.28
2022-06-28 03:00:00,86.16
2022-06-28 04:00:00,86.13
2022-06-28 05:00:00,86.01000000000002
2022-06-28 06:00:00,86.78
2022-06-28 07:00:00,86.24000000000001
2022-06-28 08:00:00,86.41
2022-06-28 09:00:00,86.68
2022-06-28 10:00:00,86.99000000000001
2022-06-28 11:00:00,86.79000000000002
2022-06-28 12:00:00,86.78
2022-06-28 13:00:00,86.28
2022-06-28 14:00:00,86.01000000000002
2022-06-28 15:00:00,86.65
2022-06-28 16:00:00,87.6
2022-06-28 17:00:00,87.46000000000001
2022-06-28 18:00:00,87.47
2022-06-28 19:00:00,87.32000000000002
2022-06-28 20:00:00,87.57000000000002
2022-06-28 21:00:00,87.57000000000002
2022-06-28 22:00:00,87.54000000000002
2022-06-28 23:00:00,87.49000000000001
2022-06-29 00:00:00,87.6
2022-06-29 01:00:00,86.92000000000002
2022-06-29 02:00:00,86.83000000000001
2022-06-29 03:00:00,86.68
2022-06-29 04:00:00,86.80000000000001
2022-06-29 05:00:00,86.99000000000001
2022-06-29 06:00:00,86.66
2022-06-29 07:00:00,87.42000000000002
2022-06-29 08:00:00,87.15
2022-06-29 09:00:00,87.76000000000002
2022-06-29 10:00:00,88.20000000000002
2022-06-29 11:00:00,88.78
2022-06-29 12:00:00,89.30000000000001
2022-06-29 13:00:00,89.32000000000002
2022-06-29 14:00:00,88.6
2022-06-29 15:00:00,87.72
2022-06-29 16:00:00,87.43
2022-06-29 17:00:00,86.76000000000002
2022-06-29 18:00:00,85.36000000000001
2022-06-29 19:00:00,85.0
2022-06-29 20:00:00,85.42000000000002
2022-06-29 21:00:00,85.42000000000002
2022-06-29 22:00:00,85.48000000000002
2022-06-29 23:00:00,85.51000000000002
2022-06-30 00:00:00,85.26000000000002
2022-06-30 01:00:00,85.78
2022-06-30 02:00:00,86.21000000000001
2022-06-30 03:00:00,85.80000000000001
2022-06-30 04:00:00,85.69
2022-06-30 05:00:00,85.72
2022-06-30 06:00:00,85.15
2022-06-30 07:00:00,85.37
2022-06-30 08:00:00,85.67000000000002
2022-06-30 09:00:00,85.48000000000002
2022-06-30 10:00:00,84.81
2022-06-30 11:00:00,84.34
2022-06-30 12:00:00,85.18
2022-06-30 13:00:00,83.53
2022-06-30 14:00:00,82.1
2022-06-30 15:00:00,83.05000000000001
2022-06-30 16:00:00,83.11000000000001
2022-06-30 17:00:00,81.93
2022-06-30 18:00:00,81.62
2022-06-30 19:00:00,81.83000000000001
2022-06-30 20:00:00,81.92000000000002
2022-06-30 21:00:00,81.92000000000002
2022-06-30 22:00:00,81.78
2022-06-30 23:00:00,82.1
2022-07-01 00:00:00,82.5
2022-07-01 01:00:00,82.22
2022-07-01 02:00:00,81.75
2022-07-01 03:00:00,81.53
2022-07-01 04:00:00,81.33000000000001
2022-07-01 05:00:00,80.62
2022-07-01 06:00:00,80.93
2022-07-01 07:00:00,81.25
2022-07-01 08:00:00,82.82000000000002
2022-07-01 09:00:00,83.5
2022-07-01 10:00:00,83.82000000000002
2022-07-01 11:00:00,84.37
2022-07-01 12:00:00,84.01000000000002
2022-07-01 13:00:00,83.27000000000001
2022-07-01 14:00:00,83.18
2022-07-01 15:00:00,83.42000000000002
2022-07-01 16:00:00,83.64000000000001
2022-07-01 17:00:00,84.41
2022-07-01 18:00:00,83.87
2022-07-01 19:00:00,83.79000000000002
2022-07-01 20:00:00,83.98000000000002
2022-07-01 23:00:00,83.92000000000002
2022-07-03 22:00:00,83.92000000000002
2022-07-03 23:00:00,83.72
2022-07-04 00:00:00,83.36000000000001
2022-07-04 01:00:00,83.61000000000001
2022-07-04 02:00:00,83.6
2022-07-04 03:00:00,83.74000000000001
2022-07-04 04:00:00,83.9
2022-07-04 05:00:00,84.44
2022-07-04 06:00:00,84.26000000000002
2022-07-04 07:00:00,84.0
2022-07-04 08:00:00,83.23000000000002
2022-07-04 09:00:00,83.59
2022-07-04 10:00:00,84.14000000000001
2022-07-04 11:00:00,84.83000000000001
2022-07-04 12:00:00,85.35
2022-07-04 13:00:00,85.16
2022-07-04 14:00:00,85.76000000000002
2022-07-04 15:00:00,85.87
2022-07-04 16:00:00,85.70000000000002
2022-07-04 17:00:00,85.75
2022-07-04 18:00:00,86.03
2022-07-04 22:00:00,85.96000000000001
2022-07-04 23:00:00,85.80000000000001
2022-07-05 00:00:00,86.01000000000002
2022-07-05 01:00:00,86.75
2022-07-05 02:00:00,85.67000000000002
2022-07-05 03:00:00,85.54000000000002
2022-07-05 04:00:00,85.75
2022-07-05 05:00:00,85.51000000000002
2022-07-05 06:00:00,85.07000000000002
2022-07-05 07:00:00,85.75
2022-07-05 08:00:00,85.05000000000001
2022-07-05 09:00:00,84.12
2022-07-05 10:00:00,83.67000000000002
2022-07-05 11:00:00,83.73000000000002
2022-07-05 12:00:00,83.58000000000001
2022-07-05 13:00:00,78.71000000000001
2022-07-05 14:00:00,76.89000000000001
2022-07-05 15:00:00,75.38
2022-07-05 16:00:00,74.05000000000001
2022-07-05 17:00:00,73.39000000000001
2022-07-05 18:00:00,74.71000000000001
2022-07-05 19:00:00,75.15
2022-07-05 20:00:00,75.20000000000002
2022-07-05 21:00:00,75.20000000000002
2022-07-05 22:00:00,76.36000000000001
2022-07-05 23:00:00,76.72
2022-07-06 00:00:00,76.91
2022-07-06 01:00:00,75.6
2022-07-06 02:00:00,75.28
2022-07-06 03:00:00,75.62
2022-07-06 04:00:00,76.04000000000002
2022-07-06 05:00:00,74.93
2022-07-06 06:00:00,76.52000000000001
2022-07-06 07:00:00,76.84
2022-07-06 08:00:00,76.48000000000002
2022-07-06 09:00:00,75.79000000000002
2022-07-06 10:00:00,75.54000000000002
2022-07-06 11:00:00,75.97
2022-07-06 12:00:00,75.74000000000001
2022-07-06 13:00:00,73.34
2022-07-06 14:00:00,71.88
2022-07-06 15:00:00,71.67000000000002
2022-07-06 16:00:00,71.98000000000002
2022-07-06 17:00:00,73.25
2022-07-06 18:00:00,73.65
2022-07-06 19:00:00,73.57000000000002
2022-07-06 20:00:00,73.05000000000001
2022-07-06 22:00:00,73.14000000000001
2022-07-06 23:00:00,73.17000000000002
2022-07-07 00:00:00,73.17000000000002
2022-07-07 01:00:00,72.18
2022-07-07 02:00:00,73.37
2022-07-07 03:00:00,74.01000000000002
2022-07-07 04:00:00,73.73000000000002
2022-07-07 05:00:00,73.73000000000002
2022-07-07 06:00:00,72.94
2022-07-07 07:00:00,73.96000000000001
2022-07-07 08:00:00,73.55000000000001
2022-07-07 09:00:00,74.29000000000002
2022-07-07 10:00:00,74.18
2022-07-07 11:00:00,74.58000000000001
2022-07-07 12:00:00,74.54000000000002
2022-07-07 13:00:00,78.41
2022-07-07 14:00:00,78.15
2022-07-07 15:00:00,78.98000000000002
2022-07-07 16:00:00,78.63
2022-07-07 17:00:00,78.34
2022-07-07 18:00:00,78.06
2022-07-07 19:00:00,77.36000000000001
2022-07-07 20:00:00,77.19
2022-07-07 21:00:00,77.19
2022-07-07 22:00:00,77.56
2022-07-07 23:00:00,77.93
2022-07-08 00:00:00,77.79000000000002
2022-07-08 01:00:00,77.26000000000002
2022-07-08 02:00:00,77.46000000000001
2022-07-08 03:00:00,77.87
2022-07-08 04:00:00,78.28
2022-07-08 05:00:00,77.96000000000001
2022-07-08 06:00:00,77.83000000000001
2022-07-08 07:00:00,77.73000000000002
2022-07-08 08:00:00,77.43
2022-07-08 09:00:00,77.64000000000001
2022-07-08 10:00:00,77.71000000000001
2022-07-08 11:00:00,77.97
2022-07-08 12:00:00,78.63
2022-07-08 13:00:00,78.12
2022-07-08 14:00:00,79.46000000000001
2022-07-08 15:00:00,80.11000000000001
2022-07-08 16:00:00,79.85
2022-07-08 17:00:00,79.93
2022-07-08 18:00:00,80.19
2022-07-08 19:00:00,79.89000000000001
2022-07-08 20:00:00,80.20000000000002
2022-07-08 21:00:00,80.20000000000002
2022-07-10 22:00:00,79.64000000000001
2022-07-10 23:00:00,79.85
2022-07-11 00:00:00,80.23000000000002
2022-07-11 01:00:00,79.54000000000002
2022-07-11 02:00:00,79.20000000000002
2022-07-11 03:00:00,79.53
2022-07-11 04:00:00,79.4
2022-07-11 05:00:00,78.83000000000001
2022-07-11 06:00:00,78.5
2022-07-11 07:00:00,77.41
2022-07-11 08:00:00,78.43
2022-07-11 09:00:00,77.79000000000002
2022-07-11 10:00:00,78.0
2022-07-11 11:00:00,77.53
2022-07-11 12:00:00,76.81
2022-07-11 13:00:00,78.33000000000001
2022-07-11 14:00:00,77.79000000000002
2022-07-11 15:00:00,79.25
2022-07-11 16:00:00,79.31
2022-07-11 17:00:00,79.43
2022-07-11 18:00:00,79.37
2022-07-11 19:00:00,79.1
2022-07-11 20:00:00,79.09
2022-07-11 21:00:00,79.09
2022-07-11 22:00:00,78.48000000000002
2022-07-11 23:00:00,78.85
2022-07-12 00:00:00,78.18
2022-07-12 01:00:00,78.90000000000003
2022-07-12 02:00:00,78.25000000000003
2022-07-12 03:00:00,78.17000000000002
2022-07-12 04:00:00,77.91000000000003
2022-07-12 05:00:00,77.54000000000002
2022-07-12 06:00:00,77.48000000000002
2022-07-12 07:00:00,77.41000000000003
2022-07-12 08:00:00,77.28000000000003
2022-07-12 09:00:00,77.27000000000001
2022-07-12 10:00:00,75.13000000000002
2022-07-12 11:00:00,75.33000000000001
2022-07-12 12:00:00,75.37000000000003
2022-07-12 13:00:00,73.54000000000002
2022-07-12 14:00:00,72.64000000000001
2022-07-12 15:00:00,72.55000000000001
2022-07-12 16:00:00,72.19000000000003
2022-07-12 17:00:00,72.65000000000003
2022-07-12 18:00:00,71.94000000000003
2022-07-12 19:00:00,72.00000000000003
2022-07-12 20:00:00,71.87000000000003
2022-07-12 21:00:00,71.87000000000003
2022-07-12 22:00:00,71.93
2022-07-12 23:00:00,70.69000000000003
2022-07-13 00:00:00,71.20000000000002
2022-07-13 01:00:00,72.01000000000002
2022-07-13 02:00:00,72.30000000000001
2022-07-13 03:00:00,72.21000000000001
2022-07-13 04:00:00,72.03000000000003
2022-07-13 05:00:00,71.89000000000001
2022-07-13 06:00:00,73.50000000000003
2022-07-13 07:00:00,72.97000000000003
2022-07-13 08:00:00,73.65000000000003
2022-07-13 09:00:00,72.79000000000002
2022-07-13 10:00:00,72.82000000000002
2022-07-13 11:00:00,72.75000000000003
2022-07-13 12:00:00,71.73000000000002
2022-07-13 13:00:00,72.58000000000001
2022-07-13 14:00:00,73.33000000000001
2022-07-13 15:00:00,71.96000000000001
2022-07-13 16:00:00,72.52000000000001
2022-07-13 17:00:00,73.08000000000001
2022-07-13 18:00:00,72.99000000000001
2022-07-13 19:00:00,72.32000000000002
2022-07-13 20:00:00,72.93
2022-07-13 21:00:00,72.93
2022-07-13 22:00:00,72.58000000000001
2022-07-13 23:00:00,72.40000000000003
2022-07-14 00:00:00,72.37000000000003
2022-07-14 01:00:00,72.73000000000002
2022-07-14 02:00:00,73.07000000000002
2022-07-14 03:00:00,73.39000000000001
2022-07-14 04:00:00,73.35000000000002
2022-07-14 05:00:00,72.56000000000003
2022-07-14 06:00:00,72.41000000000003
2022-07-14 07:00:00,72.19000000000003
2022-07-14 08:00:00,70.47000000000003
2022-07-14 09:00:00,70.67000000000002
2022-07-14 10:00:00,70.43
2022-07-14 11:00:00,70.87000000000003
2022-07-14 12:00:00,71.68
2022-07-14 13:00:00,68.72000000000003
2022-07-14 14:00:00,69.73000000000002
2022-07-14 15:00:00,70.62000000000003
2022-07-14 16:00:00,70.56000000000003
2022-07-14 17:00:00,71.24000000000001
2022-07-14 18:00:00,72.35000000000002
2022-07-14 19:00:00,72.09000000000003
2022-07-14 20:00:00,72.29000000000002
2022-07-14 21:00:00,72.29000000000002
2022-07-14 22:00:00,72.27000000000001
2022-07-14 23:00:00,72.43
2022-07-15 00:00:00,72.01000000000002
2022-07-15 01:00:00,72.06000000000003
2022-07-15 02:00:00,72.45000000000002
2022-07-15 03:00:00,72.32000000000002
2022-07-15 04:00:00,72.21000000000001
2022-07-15 05:00:00,72.14000000000001
2022-07-15 06:00:00,71.36000000000001
2022-07-15 07:00:00,71.20000000000002
2022-07-15 08:00:00,71.81000000000003
2022-07-15 09:00:00,71.59000000000003
2022-07-15 10:00:00,73.16000000000003
2022-07-15 11:00:00,72.94000000000003
2022-07-15 12:00:00,74.00000000000003
2022-07-15 13:00:00,72.80000000000001
2022-07-15 14:00:00,73.89000000000001
2022-07-15 15:00:00,73.64000000000001
2022-07-15 16:00:00,73.78000000000003
2022-07-15 17:00:00,73.38000000000002
2022-07-15 18:00:00,73.47000000000003
2022-07-15 19:00:00,73.22000000000003
2022-07-15 20:00:00,73.17000000000002
2022-07-15 21:00:00,73.17000000000002
2022-07-17 22:00:00,73.21000000000001
2022-07-17 23:00:00,72.98000000000002
2022-07-18 00:00:00,71.88000000000002
2022-07-18 01:00:00,72.79000000000002
2022-07-18 02:00:00,73.74000000000001
2022-07-18 03:00:00,73.89000000000001
2022-07-18 04:00:00,73.81000000000003
2022-07-18 05:00:00,74.36000000000001
2022-07-18 06:00:00,75.41000000000003
2022-07-18 07:00:00,75.54000000000002
2022-07-18 08:00:00,75.44000000000003
2022-07-18 09:00:00,75.03000000000003
2022-07-18 10:00:00,75.09000000000003
2022-07-18 11:00:00,74.90000000000003
2022-07-18 12:00:00,75.78000000000003
2022-07-18 13:00:00,77.88000000000002
2022-07-18 14:00:00,77.52000000000001
2022-07-18 15:00:00,77.74000000000001
2022-07-18 16:00:00,77.20000000000002
2022-07-18 17:00:00,77.14000000000001
2022-07-18 18:00:00,77.62000000000003
2022-07-18 19:00:00,77.37000000000003
2022-07-18 20:00:00,77.20000000000002
2022-07-18 21:00:00,77.20000000000002
2022-07-18 22:00:00,77.30000000000001
2022-07-18 23:00:00,77.30000000000001
2022-07-19 00:00:00,77.37000000000003
2022-07-19 01:00:00,77.61000000000001
2022-07-19 02:00:00,77.46000000000001
2022-07-19 03:00:00,77.31000000000003
2022-07-19 04:00:00,77.27000000000001
2022-07-19 05:00:00,77.37000000000003
2022-07-19 06:00:00,77.80000000000001
2022-07-19 07:00:00,78.20000000000002
2022-07-19 08:00:00,77.02000000000001
2022-07-19 09:00:00,77.23000000000002
2022-07-19 10:00:00,76.23000000000002
2022-07-19 11:00:00,76.11000000000001
2022-07-19 12:00:00,76.25000000000003
2022-07-19 13:00:00,76.71000000000001
2022-07-19 14:00:00,77.38000000000002
2022-07-19 15:00:00,77.93
2022-07-19 16:00:00,78.89000000000001
2022-07-19 17:00:00,78.92000000000002
2022-07-19 18:00:00,78.93
2022-07-19 19:00:00,78.87000000000003
2022-07-19 20:00:00,78.70000000000002
2022-07-19 21:00:00,78.70000000000002
2022-07-19 22:00:00,78.50000000000003
2022-07-19 23:00:00,78.61000000000001
2022-07-20 00:00:00,78.42000000000002
2022-07-20 01:00:00,78.25000000000003
2022-07-20 02:00:00,78.77000000000001
2022-07-20 03:00:00,78.47000000000003
2022-07-20 04:00:00,78.28000000000003
2022-07-20 05:00:00,77.62000000000003
2022-07-20 06:00:00,77.68
2022-07-20 07:00:00,77.29000000000002
2022-07-20 08:00:00,77.86000000000001
2022-07-20 09:00:00,77.80000000000001
2022-07-20 10:00:00,77.56000000000003
2022-07-20 11:00:00,77.64000000000001
2022-07-20 12:00:00,77.38000000000002
2022-07-20 13:00:00,77.37000000000003
2022-07-20 14:00:00,78.38000000000002
2022-07-20 15:00:00,78.28000000000003
2022-07-20 16:00:00,78.85000000000002
2022-07-20 17:00:00,77.89000000000001
2022-07-20 18:00:00,78.23000000000002
2022-07-20 19:00:00,78.14000000000001
2022-07-20 20:00:00,78.22000000000003
2022-07-20 21:00:00,78.22000000000003
2022-07-20 22:00:00,78.09000000000003
2022-07-20 23:00:00,78.02000000000001
2022-07-21 00:00:00,78.14000000000001
2022-07-21 01:00:00,77.45000000000002
2022-07-21 02:00:00,77.57000000000002
2022-07-21 03:00:00,77.60000000000002
2022-07-21 04:00:00,77.38000000000002
2022-07-21 05:00:00,77.84000000000003
2022-07-21 06:00:00,77.36000000000001
2022-07-21 07:00:00,76.15000000000003
2022-07-21 08:00:00,75.42000000000002
2022-07-21 09:00:00,74.27000000000001
2022-07-21 10:00:00,73.95000000000002
2022-07-21 11:00:00,74.41000000000003
2022-07-21 12:00:00,74.96000000000001
2022-07-21 13:00:00,75.90000000000003
2022-07-21 14:00:00,75.34000000000003
2022-07-21 15:00:00,75.80000000000001
2022-07-21 16:00:00,75.96000000000001
2022-07-21 17:00:00,75.70000000000002
2022-07-21 18:00:00,75.21000000000001
2022-07-21 19:00:00,75.22000000000003
2022-07-21 20:00:00,75.40000000000003
2022-07-21 21:00:00,75.40000000000003
2022-07-21 22:00:00,75.29000000000002
2022-07-21 23:00:00,74.89000000000001
2022-07-22 00:00:00,75.23000000000002
2022-07-22 01:00:00,76.49000000000001
2022-07-22 02:00:00,76.31000000000003
2022-07-22 03:00:00,76.04000000000002
2022-07-22 04:00:00,76.05000000000001
2022-07-22 05:00:00,76.11000000000001
2022-07-22 06:00:00,76.71000000000001
2022-07-22 07:00:00,74.82000000000002
2022-07-22 08:00:00,75.43
2022-07-22 09:00:00,74.72000000000003
2022-07-22 10:00:00,74.05000000000001
2022-07-22 11:00:00,74.49000000000001
2022-07-22 12:00:00,74.41000000000003
2022-07-22 13:00:00,75.07000000000002
2022-07-22 14:00:00,75.85000000000002
2022-07-22 15:00:00,76.18
2022-07-22 16:00:00,75.45000000000002
2022-07-22 17:00:00,74.65000000000003
2022-07-22 18:00:00,74.00000000000003
2022-07-22 19:00:00,73.78000000000003
2022-07-22 20:00:00,74.32000000000002
2022-07-22 21:00:00,74.32000000000002
2022-07-24 22:00:00,74.60000000000002
2022-07-24 23:00:00,74.12000000000003
2022-07-25 00:00:00,74.29000000000002
2022-07-25 01:00:00,73.12000000000003
2022-07-25 02:00:00,73.18
2022-07-25 03:00:00,73.22000000000003
2022-07-25 04:00:00,73.13000000000002
2022-07-25 05:00:00,73.11000000000001
2022-07-25 06:00:00,72.85000000000002
2022-07-25 07:00:00,72.53000000000003
2022-07-25 08:00:00,73.78000000000003
2022-07-25 09:00:00,75.06000000000003
2022-07-25 10:00:00,75.03000000000003
2022-07-25 11:00:00,74.81000000000003
2022-07-25 12:00:00,75.26000000000002
2022-07-25 13:00:00,74.73000000000002
2022-07-25 14:00:00,75.03000000000003
2022-07-25 15:00:00,75.50000000000003
2022-07-25 16:00:00,75.38000000000002
2022-07-25 17:00:00,75.58000000000001
2022-07-25 18:00:00,75.67000000000002
2022-07-25 19:00:00,75.88000000000002
2022-07-25 20:00:00,75.58000000000001
2022-07-25 21:00:00,75.58000000000001
2022-07-25 22:00:00,75.38000000000002
2022-07-25 23:00:00,75.37000000000003
2022-07-26 00:00:00,75.20000000000002
2022-07-26 01:00:00,76.60000000000002
2022-07-26 02:00:00,77.50000000000003
2022-07-26 03:00:00,77.18
2022-07-26 04:00:00,77.04000000000002
2022-07-26 05:00:00,77.30000000000001
2022-07-26 06:00:00,77.34000000000003
2022-07-26 07:00:00,77.26000000000002
2022-07-26 08:00:00,77.67000000000002
2022-07-26 09:00:00,77.57000000000002
2022-07-26 10:00:00,77.32000000000002
2022-07-26 11:00:00,77.55000000000001
2022-07-26 12:00:00,77.41000000000003
2022-07-26 13:00:00,76.96000000000001
2022-07-26 14:00:00,76.29000000000002
2022-07-26 15:00:00,74.72000000000003
2022-07-26 16:00:00,75.06000000000003
2022-07-26 17:00:00,75.04000000000002
2022-07-26 18:00:00,74.30000000000001
2022-07-26 19:00:00,74.31000000000003
2022-07-26 20:00:00,74.78000000000003
2022-07-26 21:00:00,74.78000000000003
2022-07-26 22:00:00,74.92000000000002
2022-07-26 23:00:00,74.82000000000002
2022-07-27 00:00:00,74.97000000000003
2022-07-27 01:00:00,74.20000000000002
2022-07-27 02:00:00,74.48000000000002
2022-07-27 03:00:00,74.54000000000002
2022-07-27 04:00:00,74.61000000000001
2022-07-27 05:00:00,75.11000000000001
2022-07-27 06:00:00,74.84000000000003
2022-07-27 07:00:00,75.44000000000003
2022-07-27 08:00:00,75.26000000000002
2022-07-27 09:00:00,74.65000000000003
2022-07-27 10:00:00,75.40000000000003
2022-07-27 11:00:00,75.41000000000003
2022-07-27 12:00:00,75.49000000000001
2022-07-27 13:00:00,75.34000000000003
2022-07-27 14:00:00,76.55000000000001
2022-07-27 15:00:00,76.85000000000002
2022-07-27 16:00:00,76.47000000000003
2022-07-27 17:00:00,76.98000000000002
2022-07-27 18:00:00,77.15000000000003
2022-07-27 19:00:00,77.63000000000002
2022-07-27 20:00:00,77.53000000000003
2022-07-27 21:00:00,77.53000000000003
2022-07-27 22:00:00,77.58000000000001
2022-07-27 23:00:00,77.51000000000002
2022-07-28 00:00:00,77.14000000000001
2022-07-28 01:00:00,78.29000000000002
2022-07-28 02:00:00,78.26000000000002
2022-07-28 03:00:00,77.99000000000001
2022-07-28 04:00:00,77.76000000000002
2022-07-28 05:00:00,78.05000000000001
2022-07-28 06:00:00,78.31000000000003
2022-07-28 07:00:00,78.16000000000003
2022-07-28 08:00:00,78.44000000000003
2022-07-28 09:00:00,78.61000000000001
2022-07-28 10:00:00,78.42000000000002
2022-07-28 11:00:00,79.05000000000001
2022-07-28 12:00:00,78.09000000000003
2022-07-28 13:00:00,77.05000000000001
2022-07-28 14:00:00,76.88000000000002
2022-07-28 15:00:00,77.52000000000001
2022-07-28 16:00:00,76.66000000000003
2022-07-28 17:00:00,76.42000000000002
2022-07-28 18:00:00,76.68
2022-07-28 19:00:00,76.66000000000003
2022-07-28 20:00:00,76.98000000000002
2022-07-28 21:00:00,76.98000000000002
2022-07-28 22:00:00,76.95000000000002
2022-07-28 23:00:00,77.03000000000003
2022-07-29 00:00:00,77.15000000000003
2022-07-29 01:00:00,76.95000000000002
2022-07-29 02:00:00,76.67000000000002
2022-07-29 03:00:00,76.19000000000003
2022-07-29 04:00:00,76.30000000000001
2022-07-29 05:00:00,76.41000000000003
2022-07-29 06:00:00,76.96000000000001
2022-07-29 07:00:00,77.91000000000003
2022-07-29 08:00:00,78.02000000000001
2022-07-29 09:00:00,78.04000000000002
2022-07-29 10:00:00,78.27000000000001
2022-07-29 11:00:00,78.22000000000003
2022-07-29 12:00:00,78.45000000000002
2022-07-29 13:00:00,79.18
2022-07-29 14:00:00,80.96000000000001
2022-07-29 15:00:00,79.60000000000002
2022-07-29 16:00:00,78.92000000000002
2022-07-29 17:00:00,78.17000000000002
2022-07-29 18:00:00,78.38000000000002
2022-07-29 19:00:00,77.73000000000002
2022-07-29 20:00:00,77.88000000000002
2022-07-29 21:00:00,77.88000000000002
2022-07-31 22:00:00,77.63000000000002
2022-07-31 23:00:00,77.52000000000001
2022-08-01 00:00:00,77.41000000000003
2022-08-01 01:00:00,77.16000000000003
2022-08-01 02:00:00,77.30000000000001
2022-08-01 03:00:00,76.99000000000001
2022-08-01 04:00:00,77.01000000000002
2022-08-01 05:00:00,77.22000000000003
2022-08-01 06:00:00,77.32000000000002
2022-08-01 07:00:00,77.67000000000002
2022-08-01 08:00:00,76.21000000000001
2022-08-01 09:00:00,76.56000000000003
2022-08-01 10:00:00,76.65000000000003
2022-08-01 11:00:00,75.44000000000003
2022-08-01 12:00:00,75.23000000000002
2022-08-01 13:00:00,73.72000000000003
2022-08-01 14:00:00,73.95000000000002
2022-08-01 15:00:00,73.58000000000001
2022-08-01 16:00:00,73.87000000000003
2022-08-01 17:00:00,73.38000000000002
2022-08-01 18:00:00,73.85000000000002
2022-08-01 19:00:00,73.62000000000003
2022-08-01 20:00:00,74.05000000000001
2022-08-01 21:00:00,74.05000000000001
2022-08-01 22:00:00,73.74000000000001
2022-08-01 23:00:00,73.68
2022-08-02 00:00:00,73.65000000000003
2022-08-02 01:00:00,73.20000000000002
2022-08-02 02:00:00,72.95000000000002
2022-08-02 03:00:00,73.25000000000003
2022-08-02 04:00:00,73.18
2022-08-02 05:00:00,73.15000000000003
2022-08-02 06:00:00,74.26000000000002
2022-08-02 07:00:00,73.87000000000003
2022-08-02 08:00:00,73.64000000000001
2022-08-02 09:00:00,73.30000000000001
2022-08-02 10:00:00,73.39000000000001
2022-08-02 11:00:00,74.43
2022-08-02 12:00:00,74.26000000000002
2022-08-02 13:00:00,74.49000000000001
2022-08-02 14:00:00,73.81000000000003
2022-08-02 15:00:00,74.95000000000002
2022-08-02 16:00:00,75.90000000000003
2022-08-02 17:00:00,75.45000000000002
2022-08-02 18:00:00,74.78000000000003
2022-08-02 19:00:00,74.50000000000003
2022-08-02 20:00:00,74.12000000000003
2022-08-02 22:00:00,74.07000000000002
2022-08-02 23:00:00,74.12000000000003
2022-08-03 00:00:00,73.93
2022-08-03 01:00:00,74.98000000000002
2022-08-03 02:00:00,74.43
2022-08-03 03:00:00,74.34000000000003
2022-08-03 04:00:00,74.28000000000003
2022-08-03 05:00:00,74.76000000000002
2022-08-03 06:00:00,74.24000000000001
2022-08-03 07:00:00,73.86000000000001
2022-08-03 08:00:00,73.63000000000002
2022-08-03 09:00:00,74.00000000000003
2022-08-03 10:00:00,73.85000000000002
2022-08-03 11:00:00,76.03000000000003
2022-08-03 12:00:00,76.48000000000002
2022-08-03 13:00:00,74.81000000000003
2022-08-03 14:00:00,72.98000000000002
2022-08-03 15:00:00,72.31000000000003
2022-08-03 16:00:00,72.06000000000003
2022-08-03 17:00:00,71.99000000000001
2022-08-03 18:00:00,71.37000000000003
2022-08-03 19:00:00,71.23000000000002
2022-08-03 20:00:00,71.48000000000002
2022-08-03 21:00:00,71.48000000000002
2022-08-03 22:00:00,71.70000000000002
2022-08-03 23:00:00,71.63000000000002
2022-08-04 00:00:00,71.79000000000002
2022-08-04 01:00:00,71.91000000000003
2022-08-04 02:00:00,71.71000000000001
2022-08-04 03:00:00,71.45000000000002
2022-08-04 04:00:00,71.51000000000002
2022-08-04 05:00:00,71.26000000000002
2022-08-04 06:00:00,71.31000000000003
2022-08-04 07:00:00,71.30000000000001
2022-08-04 08:00:00,71.35000000000002
2022-08-04 09:00:00,72.02000000000001
2022-08-04 10:00:00,71.88000000000002
2022-08-04 11:00:00,71.55000000000001
2022-08-04 12:00:00,71.40000000000003
2022-08-04 13:00:00,70.32000000000002
2022-08-04 14:00:00,69.61000000000001
2022-08-04 15:00:00,68.52000000000001
2022-08-04 16:00:00,68.45000000000002
2022-08-04 17:00:00,68.90000000000003
2022-08-04 18:00:00,68.85000000000002
2022-08-04 19:00:00,68.91000000000003
2022-08-04 20:00:00,68.26000000000002
2022-08-04 21:00:00,68.26000000000002
2022-08-04 22:00:00,68.45000000000002
2022-08-04 23:00:00,68.47000000000003
2022-08-05 00:00:00,68.90000000000003
2022-08-05 01:00:00,69.46000000000001
2022-08-05 02:00:00,69.36000000000001
2022-08-05 03:00:00,69.28000000000003
2022-08-05 04:00:00,69.53000000000003
2022-08-05 05:00:00,69.60000000000002
2022-08-05 06:00:00,69.64000000000001
2022-08-05 07:00:00,69.82000000000002
2022-08-05 08:00:00,69.28000000000003
2022-08-05 09:00:00,69.23000000000002
2022-08-05 10:00:00,68.74000000000001
2022-08-05 11:00:00,68.52000000000001
2022-08-05 12:00:00,68.35000000000002
2022-08-05 13:00:00,69.59000000000003
2022-08-05 14:00:00,70.96000000000001
2022-08-05 15:00:00,70.13000000000002
2022-08-05 16:00:00,70.08000000000001
2022-08-05 17:00:00,69.71000000000001
2022-08-05 18:00:00,69.16000000000003
2022-08-05 19:00:00,68.96000000000001
2022-08-05 20:00:00,69.10000000000002
2022-08-05 21:00:00,69.10000000000002
2022-08-07 22:00:00,68.71000000000001
2022-08-07 23:00:00,68.65000000000003
2022-08-08 00:00:00,68.94000000000003
2022-08-08 01:00:00,69.59000000000003
2022-08-08 02:00:00,69.67000000000002
2022-08-08 03:00:00,69.96000000000001
2022-08-08 04:00:00,69.78000000000003
2022-08-08 05:00:00,70.15000000000003
2022-08-08 06:00:00,70.29000000000002
2022-08-08 07:00:00,69.79000000000002
2022-08-08 08:00:00,68.97000000000003
2022-08-08 09:00:00,68.69000000000003
2022-08-08 10:00:00,68.72000000000003
2022-08-08 11:00:00,68.73000000000002
2022-08-08 12:00:00,68.45000000000002
2022-08-08 13:00:00,69.73000000000002
2022-08-08 14:00:00,70.20000000000002
2022-08-08 15:00:00,70.46000000000001
2022-08-08 16:00:00,70.39000000000001
2022-08-08 17:00:00,70.76000000000002
2022-08-08 18:00:00,71.11000000000001
2022-08-08 19:00:00,71.21000000000001
2022-08-08 20:00:00,71.12000000000003
2022-08-08 21:00:00,71.12000000000003
2022-08-08 22:00:00,71.08000000000001
2022-08-08 23:00:00,71.06000000000003
2022-08-09 00:00:00,71.07000000000002
2022-08-09 01:00:00,70.81000000000003
2022-08-09 02:00:00,71.09000000000003
2022-08-09 03:00:00,71.26000000000002
2022-08-09 04:00:00,71.25000000000003
2022-08-09 05:00:00,71.49000000000001
2022-08-09 06:00:00,70.89000000000001
2022-08-09 07:00:00,70.38000000000002
2022-08-09 08:00:00,70.16000000000003
2022-08-09 09:00:00,70.70000000000002
2022-08-09 10:00:00,72.25000000000003
2022-08-09 11:00:00,72.40000000000003
2022-08-09 12:00:00,72.65000000000003
2022-08-09 13:00:00,72.48000000000002
2022-08-09 14:00:00,72.31000000000003
2022-08-09 15:00:00,71.02000000000001
2022-08-09 16:00:00,70.50000000000003
2022-08-09 17:00:00,71.44000000000003
2022-08-09 18:00:00,71.26000000000002
2022-08-09 19:00:00,71.24000000000001
2022-08-09 20:00:00,71.19000000000003
2022-08-09 21:00:00,71.19000000000003
2022-08-09 22:00:00,71.23000000000002
2022-08-09 23:00:00,71.11000000000001
2022-08-10 00:00:00,70.83000000000001
2022-08-10 01:00:00,71.08000000000001
2022-08-10 02:00:00,70.89000000000001
2022-08-10 03:00:00,70.82000000000002
2022-08-10 04:00:00,70.85000000000002
2022-08-10 05:00:00,70.41000000000003
2022-08-10 06:00:00,70.33000000000001
2022-08-10 07:00:00,70.49000000000001
2022-08-10 08:00:00,70.68
2022-08-10 09:00:00,70.34000000000003
2022-08-10 10:00:00,70.01000000000002
2022-08-10 11:00:00,69.72000000000003
2022-08-10 12:00:00,71.23000000000002
2022-08-10 13:00:00,69.54000000000002
2022-08-10 14:00:00,69.70000000000002
2022-08-10 15:00:00,71.40000000000003
2022-08-10 16:00:00,72.35000000000002
2022-08-10 17:00:00,72.84000000000003
2022-08-10 18:00:00,72.37000000000003
2022-08-10 19:00:00,72.23000000000002
2022-08-10 20:00:00,72.30000000000001
2022-08-10 21:00:00,72.30000000000001
2022-08-10 22:00:00,72.11000000000001
2022-08-10 23:00:00,72.31000000000003
2022-08-11 00:00:00,72.34000000000003
2022-08-11 01:00:00,72.37000000000003
2022-08-11 02:00:00,72.41000000000003
2022-08-11 03:00:00,72.50000000000003
2022-08-11 04:00:00,72.31000000000003
2022-08-11 05:00:00,72.59000000000003
2022-08-11 06:00:00,72.54000000000002
2022-08-11 07:00:00,72.43000000000004
2022-08-11 08:00:00,73.13000000000002
2022-08-11 09:00:00,73.73000000000002
2022-08-11 10:00:00,73.49000000000004
2022-08-11 11:00:00,73.70000000000002
2022-08-11 12:00:00,74.06000000000003
2022-08-11 13:00:00,73.72000000000003
2022-08-11 14:00:00,73.79000000000002
2022-08-11 15:00:00,74.22000000000003
2022-08-11 16:00:00,74.96000000000004
2022-08-11 17:00:00,75.35000000000002
2022-08-11 18:00:00,74.78000000000003
2022-08-11 19:00:00,74.65000000000003
2022-08-11 20:00:00,74.57000000000002
2022-08-11 21:00:00,74.57000000000002
2022-08-11 22:00:00,74.61000000000004
2022-08-11 23:00:00,74.60000000000002
2022-08-12 00:00:00,74.56000000000003
2022-08-12 01:00:00,74.37000000000003
2022-08-12 02:00:00,74.53000000000003
2022-08-12 03:00:00,74.46000000000004
2022-08-12 04:00:00,74.37000000000003
2022-08-12 05:00:00,74.48000000000002
2022-08-12 06:00:00,74.59000000000003
2022-08-12 07:00:00,74.97000000000003
2022-08-12 08:00:00,74.64000000000001
2022-08-12 09:00:00,75.20000000000002
2022-08-12 10:00:00,73.83000000000004
2022-08-12 11:00:00,73.73000000000002
2022-08-12 12:00:00,73.36000000000004
2022-08-12 13:00:00,73.27000000000004
2022-08-12 14:00:00,72.86000000000004
2022-08-12 15:00:00,73.42000000000002
2022-08-12 16:00:00,73.16000000000003
2022-08-12 17:00:00,73.39000000000001
2022-08-12 18:00:00,72.95000000000002
2022-08-12 19:00:00,72.96000000000004
2022-08-12 20:00:00,72.85000000000002
2022-08-12 21:00:00,72.85000000000002
2022-08-14 22:00:00,72.70000000000002
2022-08-14 23:00:00,72.55000000000004
2022-08-15 00:00:00,72.82000000000002
2022-08-15 01:00:00,72.58000000000004
2022-08-15 02:00:00,72.10000000000002
2022-08-15 03:00:00,72.21000000000004
2022-08-15 04:00:00,72.12000000000003
2022-08-15 05:00:00,72.02000000000004
2022-08-15 06:00:00,72.28000000000003
2022-08-15 07:00:00,71.44000000000003
2022-08-15 08:00:00,71.05000000000004
2022-08-15 09:00:00,69.41000000000003
2022-08-15 10:00:00,68.90000000000003
2022-08-15 11:00:00,68.75000000000003
2022-08-15 12:00:00,68.39000000000001
2022-08-15 13:00:00,69.03000000000003
2022-08-15 14:00:00,69.44000000000003
2022-08-15 15:00:00,69.71000000000004
2022-08-15 16:00:00,70.39000000000001
2022-08-15 17:00:00,70.31000000000003
2022-08-15 18:00:00,70.56000000000003
2022-08-15 19:00:00,70.15000000000003
2022-08-15 20:00:00,69.11000000000004
2022-08-15 21:00:00,69.11000000000004
2022-08-15 22:00:00,69.54000000000002
2022-08-15 23:00:00,69.58000000000004
2022-08-16 00:00:00,69.79000000000002
2022-08-16 01:00:00,69.74000000000004
2022-08-16 02:00:00,70.04000000000002
2022-08-16 03:00:00,70.05000000000004
2022-08-16 04:00:00,70.08000000000004
2022-08-16 05:00:00,69.95000000000002
2022-08-16 06:00:00,69.85000000000002
2022-08-16 07:00:00,69.91000000000003
2022-08-16 08:00:00,69.85000000000002
2022-08-16 09:00:00,70.14000000000001
2022-08-16 10:00:00,70.03000000000003
2022-08-16 11:00:00,71.30000000000004
2022-08-16 12:00:00,70.64000000000001
2022-08-16 13:00:00,70.87000000000003
2022-08-16 14:00:00,69.41000000000003
2022-08-16 15:00:00,68.48000000000002
2022-08-16 16:00:00,68.38000000000002
2022-08-16 17:00:00,67.52000000000004
2022-08-16 18:00:00,67.58000000000004
2022-08-16 19:00:00,68.00000000000003
2022-08-16 20:00:00,68.64000000000001
2022-08-16 21:00:00,68.64000000000001
2022-08-16 22:00:00,68.35000000000002
2022-08-16 23:00:00,68.45000000000002
2022-08-17 00:00:00,68.28000000000003
2022-08-17 01:00:00,68.05000000000004
2022-08-17 02:00:00,68.58000000000004
2022-08-17 03:00:00,68.60000000000002
2022-08-17 04:00:00,68.87000000000003
2022-08-17 05:00:00,69.15000000000003
2022-08-17 06:00:00,68.70000000000002
2022-08-17 07:00:00,68.24000000000004
2022-08-17 08:00:00,68.29000000000002
2022-08-17 09:00:00,68.31000000000003
2022-08-17 10:00:00,68.10000000000002
2022-08-17 11:00:00,67.87000000000003
2022-08-17 12:00:00,68.37000000000003
2022-08-17 13:00:00,68.46000000000004
2022-08-17 14:00:00,69.44000000000003
2022-08-17 15:00:00,68.08000000000004
2022-08-17 16:00:00,68.86000000000004
2022-08-17 17:00:00,69.16000000000003
2022-08-17 18:00:00,69.12000000000003
2022-08-17 19:00:00,69.05000000000004
2022-08-17 20:00:00,68.72000000000003
2022-08-17 21:00:00,68.72000000000003
2022-08-17 22:00:00,69.04000000000002
2022-08-17 23:00:00,69.15000000000003
2022-08-18 00:00:00,68.95000000000002
2022-08-18 01:00:00,69.57000000000002
2022-08-18 02:00:00,69.47000000000003
2022-08-18 03:00:00,69.47000000000003
2022-08-18 04:00:00,69.51000000000002
2022-08-18 05:00:00,69.65000000000003
2022-08-18 06:00:00,69.20000000000002
2022-08-18 07:00:00,69.45000000000002
2022-08-18 08:00:00,70.58000000000004
2022-08-18 09:00:00,70.61000000000004
2022-08-18 10:00:00,70.57000000000002
2022-08-18 11:00:00,70.62000000000003
2022-08-18 12:00:00,70.61000000000004
2022-08-18 13:00:00,71.19000000000003
2022-08-18 14:00:00,71.62000000000003
2022-08-18 15:00:00,71.43000000000004
2022-08-18 16:00:00,71.35000000000002
2022-08-18 17:00:00,72.54000000000002
2022-08-18 18:00:00,71.89000000000001
2022-08-18 19:00:00,71.95000000000002
2022-08-18 20:00:00,71.71000000000004
2022-08-18 21:00:00,71.71000000000004
2022-08-18 22:00:00,71.88000000000002
2022-08-18 23:00:00,72.06000000000003
2022-08-19 00:00:00,71.97000000000003
2022-08-19 01:00:00,71.60000000000002
2022-08-19 02:00:00,71.64000000000001
2022-08-19 03:00:00,71.52000000000004
2022-08-19 04:00:00,71.46000000000004
2022-08-19 05:00:00,71.35000000000002
2022-08-19 06:00:00,71.09000000000003
2022-08-19 07:00:00,71.30000000000004
2022-08-19 08:00:00,70.65000000000003
2022-08-19 09:00:00,70.83000000000004
2022-08-19 10:00:00,70.19000000000003
2022-08-19 11:00:00,70.02000000000004
2022-08-19 12:00:00,70.64000000000001
2022-08-19 13:00:00,71.63000000000002
2022-08-19 14:00:00,72.12000000000003
2022-08-19 15:00:00,73.23000000000002
2022-08-19 16:00:00,72.82000000000002
2022-08-19 17:00:00,71.83000000000004
2022-08-19 18:00:00,71.98000000000002
2022-08-19 19:00:00,71.67000000000002
2022-08-19 20:00:00,71.44000000000003
2022-08-19 21:00:00,71.44000000000003
2022-08-22 21:00:00,72.35000000000002
2022-08-23 21:00:00,75.48000000000002
2022-08-24 21:00:00,77.07000000000002
2022-08-25 21:00:00,74.81000000000003
2022-08-26 21:00:00,74.47000000000003
2022-08-29 21:00:00,78.29000000000002
2022-08-30 21:00:00,74.00000000000003
2022-08-31 21:00:00,70.55000000000004
2022-09-01 21:00:00,68.10000000000002
2022-09-02 23:00:00,69.04000000000002
2022-09-06 21:00:00,68.78000000000003
2022-09-07 21:00:00,63.52000000000004
2022-09-08 21:00:00,64.45000000000002
2022-09-09 21:00:00,67.82000000000002
2022-09-12 21:00:00,69.88000000000002
2022-09-13 05:00:00,
2022-09-13 21:00:00,69.25000000000003
2022-09-14 05:00:00,
2022-09-14 21:00:00,70.57000000000002
2022-09-15 05:00:00,
2022-09-15 21:00:00,66.65000000000003
2022-09-16 05:00:00,
2022-09-16 21:00:00,67.03000000000003
2022-09-19 05:00:00,
2022-09-19 21:00:00,67.06000000000003
2022-09-20 05:00:00,
2022-09-20 21:00:00,66.38000000000002
2022-09-21 05:00:00,
2022-09-21 21:00:00,65.31000000000003
2022-09-22 05:00:00,
2022-09-22 20:00:00,65.73000000000005
2022-09-22 23:00:00,65.81000000000003
2022-09-23 05:00:00,
2022-09-23 23:00:00,61.74000000000004
2022-09-26 05:00:00,
2022-09-26 23:00:00,58.48000000000004
2022-09-27 05:00:00,
2022-09-27 23:00:00,59.96000000000003
2022-09-28 05:00:00,
2022-09-28 23:00:00,63.72000000000003
2022-09-29 05:00:00,
2022-09-29 23:00:00,63.50000000000003
2022-09-30 05:00:00,
2022-09-30 23:00:00,61.650000000000034
2022-10-03 05:00:00,
2022-10-03 23:00:00,65.17000000000004
2022-10-04 05:00:00,
2022-10-04 23:00:00,68.09000000000003
2022-10-05 05:00:00,
2022-10-05 23:00:00,69.83000000000004
2022-10-06 05:00:00,
2022-10-06 23:00:00,70.84000000000003
2022-10-07 05:00:00,
2022-10-07 23:00:00,74.65000000000003
2022-10-10 05:00:00,
2022-10-10 23:00:00,72.33000000000004
2022-10-11 05:00:00,
2022-10-11 23:00:00,69.99000000000004
2022-10-12 05:00:00,68.17000000000002
2022-10-12 23:00:00,
2022-10-13 05:00:00,70.08000000000004
2022-10-13 23:00:00,
2022-10-14 05:00:00,66.98000000000002
2022-10-14 23:00:00,
2022-10-17 05:00:00,66.94000000000003
2022-10-17 23:00:00,
2022-10-18 05:00:00,64.72000000000003
2022-10-18 23:00:00,
2022-10-19 05:00:00,66.85000000000002
2022-10-19 23:00:00,
2022-10-20 05:00:00,66.73000000000002
2022-10-20 23:00:00,
2022-10-21 05:00:00,67.38000000000002
2022-10-21 23:00:00,
2022-10-24 05:00:00,67.02000000000004
2022-10-24 23:00:00,
2022-10-25 05:00:00,67.74000000000004
2022-10-25 23:00:00,
2022-10-26 05:00:00,70.11000000000004
2022-10-26 23:00:00,
2022-10-27 05:00:00,71.26000000000002
2022-10-27 23:00:00,
2022-10-28 05:00:00,70.04000000000002
2022-10-28 23:00:00,
2022-10-31 05:00:00,68.83000000000004
2022-10-31 23:00:00,
2022-11-01 05:00:00,70.62000000000003
2022-11-01 23:00:00,
2022-11-02 05:00:00,72.29000000000002
2022-11-02 23:00:00,
2022-11-03 05:00:00,70.61000000000004
2022-11-03 23:00:00,
2022-11-04 05:00:00,74.88000000000002
2022-11-04 23:00:00,
2022-11-07 06:00:00,74.16000000000003
2022-11-07 23:00:00,
2022-11-08 06:00:00,71.43000000000004
2022-11-08 23:00:00,
2022-11-09 06:00:00,68.43000000000004
2022-11-09 23:00:00,
2022-11-10 06:00:00,69.09000000000003
2022-11-10 23:00:00,
2022-11-11 06:00:00,71.59000000000003
2022-11-14 06:00:00,68.78000000000003
2022-11-15 06:00:00,69.94000000000003
2022-11-16 06:00:00,68.68000000000004
2022-11-17 06:00:00,65.51000000000002
2022-11-18 06:00:00,64.25000000000003
2022-11-21 06:00:00,64.33000000000001
2022-11-22 06:00:00,65.15000000000003
2022-11-23 06:00:00,62.49000000000001
2022-11-25 06:00:00,60.85000000000003
2022-11-28 06:00:00,61.75000000000003
2022-11-29 06:00:00,62.70000000000002
2022-11-30 06:00:00,65.08000000000001
2022-12-01 06:00:00,65.56000000000003
2022-12-02 06:00:00,64.47000000000003
2022-12-05 06:00:00,61.50000000000003
2022-12-06 06:00:00,58.88000000000002
2022-12-07 06:00:00,56.700000000000024
2022-12-08 06:00:00,56.00000000000002
2022-12-09 06:00:00,55.63000000000002
2022-12-12 06:00:00,57.700000000000024
2022-12-13 06:00:00,59.82000000000003
2022-12-14 06:00:00,61.57000000000002
2022-12-15 06:00:00,60.360000000000035
2022-12-16 06:00:00,58.78000000000004
2022-12-19 06:00:00,59.68000000000003
2022-12-20 06:00:00,60.470000000000034
2022-12-21 06:00:00,62.48000000000002
2022-12-22 06:00:00,61.660000000000025
2022-12-23 06:00:00,63.880000000000024
2022-12-27 06:00:00,63.880000000000024
2022-12-28 06:00:00,63.32000000000002
2022-12-29 06:00:00,62.74000000000004
2022-12-30 06:00:00,64.69000000000003
2023-01-03 06:00:00,61.36000000000004
2023-01-04 06:00:00,57.340000000000025
2023-01-05 06:00:00,58.16000000000003
2023-01-06 06:00:00,58.28000000000004
2023-01-09 06:00:00,59.16000000000003
2023-01-10 06:00:00,59.590000000000025
2023-01-11 06:00:00,61.89000000000004
2023-01-12 06:00:00,62.87000000000003
2023-01-13 06:00:00,64.29000000000002
2023-01-17 06:00:00,64.64000000000004
2023-01-18 06:00:00,64.02000000000004
2023-01-19 06:00:00,64.84000000000003
2023-01-20 06:00:00,65.88000000000002
2023-01-23 06:00:00,65.92000000000004
2023-01-24 06:00:00,64.43000000000004
2023-01-25 06:00:00,64.43000000000004
2023-01-26 06:00:00,65.27000000000004
2023-01-27 06:00:00,63.95000000000002
2023-01-30 06:00:00,62.170000000000044
2023-01-31 06:00:00,63.160000000000025
2023-02-01 06:00:00,60.720000000000034
2023-02-02 06:00:00,60.19000000000003
2023-02-03 06:00:00,57.730000000000025
2023-02-06 06:00:00,58.46000000000003
2023-02-07 06:00:00,61.380000000000024
2023-02-08 06:00:00,62.680000000000035
2023-02-09 06:00:00,62.26000000000002
2023-02-10 06:00:00,63.910000000000025
2023-02-13 06:00:00,64.32000000000002
2023-02-14 06:00:00,63.27000000000004
2023-02-15 06:00:00,62.890000000000015
2023-02-16 06:00:00,62.77000000000004
2023-02-17 06:00:00,60.57000000000003
2023-02-21 06:00:00,60.40000000000003
2023-02-22 06:00:00,58.060000000000024
2023-02-23 06:00:00,59.47000000000002
2023-02-24 06:00:00,60.340000000000025
2023-02-27 06:00:00,59.68000000000003
2023-02-28 06:00:00,61.06000000000003
2023-03-01 06:00:00,61.70000000000002
2023-03-02 06:00:00,62.180000000000035
2023-03-03 06:00:00,63.660000000000025
2023-03-06 06:00:00,64.43000000000004
2023-03-07 06:00:00,61.59000000000003
2023-03-08 06:00:00,60.68000000000003
2023-03-09 06:00:00,59.71000000000003
2023-03-10 06:00:00,60.65000000000003
2023-03-13 05:00:00,58.80000000000003
2023-03-14 05:00:00,55.42000000000002
2023-03-15 05:00:00,51.67000000000002
2023-03-16 05:00:00,52.480000000000025
2023-03-17 05:00:00,50.970000000000034
2023-03-20 05:00:00,51.840000000000025
2023-03-21 05:00:00,53.620000000000026
2023-03-22 05:00:00,54.870000000000026
2023-03-23 05:00:00,53.970000000000034
2023-03-24 05:00:00,53.260000000000026
2023-03-27 05:00:00,56.78000000000004
2023-03-28 05:00:00,57.19000000000003
2023-03-29 05:00:00,56.970000000000034
2023-03-30 05:00:00,58.340000000000025
2023-03-31 05:00:00,59.65000000000003
2023-04-03 05:00:00,64.29000000000002
2023-04-04 05:00:00,64.57000000000002
2023-04-05 05:00:00,64.48000000000002
2023-04-06 05:00:00,64.53000000000003
2023-04-10 05:00:00,63.62000000000003
2023-04-11 05:00:00,65.34000000000003
2023-04-12 05:00:00,66.85000000000002
2023-04-13 05:00:00,65.88000000000002
2023-04-14 05:00:00,66.26000000000002
2023-04-17 05:00:00,64.76000000000002
2023-04-18 05:00:00,64.81000000000003
2023-04-19 05:00:00,63.160000000000025
2023-04-20 05:00:00,61.31000000000003
2023-04-21 05:00:00,61.910000000000025
2023-04-24 05:00:00,62.80000000000001
2023-04-25 05:00:00,61.07000000000002
2023-04-26 05:00:00,58.39000000000002
2023-04-27 05:00:00,58.78000000000002
2023-04-28 05:00:00,60.810000000000024
2023-05-01 05:00:00,59.71000000000003
2023-05-02 05:00:00,55.75000000000002
2023-05-03 05:00:00,52.75000000000002
2023-05-04 05:00:00,52.71000000000003
2023-05-05 05:00:00,55.47000000000002
2023-05-08 05:00:00,57.27000000000002
2023-05-09 05:00:00,57.82000000000003
2023-05-10 05:00:00,56.72000000000002
2023-05-11 05:00:00,55.08000000000002
2023-05-12 05:00:00,54.200000000000024
2023-05-15 05:00:00,55.28000000000002
2023-05-16 05:00:00,55.03000000000002
2023-05-17 05:00:00,57.14000000000002
2023-05-18 05:00:00,56.230000000000025
2023-05-19 05:00:00,55.96000000000003
2023-05-22 05:00:00,56.340000000000025
2023-05-23 05:00:00,57.22000000000002
2023-05-24 05:00:00,58.66000000000003
2023-05-25 05:00:00,56.30000000000003
2023-05-26 05:00:00,57.13000000000003
2023-05-30 05:00:00,53.97000000000002
2023-05-31 05:00:00,52.61000000000002
2023-06-01 05:00:00,54.57000000000003
2023-06-02 05:00:00,56.21000000000003
2023-06-05 05:00:00,56.63000000000003
2023-06-06 05:00:00,56.22000000000002
2023-06-07 05:00:00,57.010000000000026
2023-06-08 05:00:00,55.810000000000024
2023-06-09 05:00:00,54.700000000000024
2023-06-12 05:00:00,51.66000000000003
2023-06-12 06:00:00,
2023-06-12 07:00:00,
2023-06-12 08:00:00,
2023-06-12 09:00:00,
2023-06-12 10:00:00,
2023-06-12 11:00:00,
2023-06-12 12:00:00,
2023-06-12 13:00:00,
2023-06-12 14:00:00,
2023-06-12 15:00:00,
2023-06-12 16:00:00,
2023-06-12 17:00:00,
2023-06-12 18:00:00,
2023-06-12 19:00:00,
2023-06-12 20:00:00,
2023-06-12 22:00:00,
2023-06-12 23:00:00,
2023-06-13 00:00:00,
2023-06-13 01:00:00,
2023-06-13 02:00:00,
2023-06-13 03:00:00,
2023-06-13 04:00:00,
2023-06-13 05:00:00,53.95000000000004
2023-06-13 06:00:00,
2023-06-13 07:00:00,
2023-06-13 08:00:00,
2023-06-13 09:00:00,
2023-06-13 10:00:00,
2023-06-13 11:00:00,
2023-06-13 12:00:00,
2023-06-13 13:00:00,
2023-06-13 14:00:00,
2023-06-13 15:00:00,
2023-06-13 16:00:00,
2023-06-13 17:00:00,
2023-06-13 18:00:00,
2023-06-13 19:00:00,
2023-06-13 20:00:00,
2023-06-13 22:00:00,
2023-06-13 23:00:00,
2023-06-14 00:00:00,
2023-06-14 01:00:00,
2023-06-14 02:00:00,
2023-06-14 03:00:00,
2023-06-14 04:00:00,
2023-06-14 05:00:00,52.85000000000003
2023-06-14 06:00:00,
2023-06-14 07:00:00,
2023-06-14 08:00:00,
2023-06-14 09:00:00,
2023-06-14 10:00:00,
2023-06-14 11:00:00,
2023-06-14 12:00:00,
2023-06-14 13:00:00,
2023-06-14 14:00:00,
2023-06-14 15:00:00,
2023-06-14 16:00:00,
2023-06-14 17:00:00,
2023-06-14 18:00:00,
2023-06-14 19:00:00,
2023-06-14 20:00:00,
2023-06-14 22:00:00,
2023-06-14 23:00:00,
2023-06-15 00:00:00,
2023-06-15 01:00:00,
2023-06-15 02:00:00,
2023-06-15 03:00:00,
2023-06-15 04:00:00,
2023-06-15 05:00:00,55.21000000000003
2023-06-15 06:00:00,
2023-06-15 07:00:00,
2023-06-15 08:00:00,
2023-06-15 09:00:00,
2023-06-15 10:00:00,
2023-06-15 11:00:00,
2023-06-15 12:00:00,
2023-06-15 13:00:00,
2023-06-15 14:00:00,
2023-06-15 15:00:00,
2023-06-15 16:00:00,
2023-06-15 17:00:00,
2023-06-15 18:00:00,
2023-06-15 19:00:00,
2023-06-15 20:00:00,
2023-06-15 22:00:00,
2023-06-15 23:00:00,
2023-06-16 00:00:00,
2023-06-16 01:00:00,
2023-06-16 02:00:00,
2023-06-16 03:00:00,
2023-06-16 04:00:00,
2023-06-16 05:00:00,56.28000000000004
2023-06-16 06:00:00,
2023-06-16 07:00:00,
2023-06-16 08:00:00,
2023-06-16 09:00:00,
2023-06-16 10:00:00,
2023-06-16 11:00:00,
2023-06-16 12:00:00,
2023-06-16 13:00:00,
2023-06-16 14:00:00,
2023-06-16 15:00:00,
2023-06-16 16:00:00,
2023-06-16 17:00:00,
2023-06-16 18:00:00,
2023-06-16 19:00:00,
2023-06-16 20:00:00,
2023-06-18 22:00:00,
2023-06-18 23:00:00,
2023-06-19 00:00:00,
2023-06-19 01:00:00,
2023-06-19 02:00:00,
2023-06-19 03:00:00,
2023-06-19 04:00:00,
2023-06-19 05:00:00,
2023-06-19 06:00:00,
2023-06-19 07:00:00,
2023-06-19 08:00:00,
2023-06-19 09:00:00,
2023-06-19 10:00:00,
2023-06-19 11:00:00,
2023-06-19 12:00:00,
2023-06-19 13:00:00,
2023-06-19 14:00:00,
2023-06-19 15:00:00,
2023-06-19 16:00:00,
2023-06-19 17:00:00,
2023-06-19 18:00:00,
2023-06-19 22:00:00,
2023-06-19 23:00:00,
2023-06-20 00:00:00,
2023-06-20 01:00:00,
2023-06-20 02:00:00,
2023-06-20 03:00:00,
2023-06-20 05:00:00,55.54000000000004
2023-06-20 06:00:00,
2023-06-20 07:00:00,
2023-06-20 08:00:00,
2023-06-20 09:00:00,
2023-06-20 10:00:00,
2023-06-20 11:00:00,
2023-06-20 12:00:00,
2023-06-20 13:00:00,
2023-06-20 14:00:00,
2023-06-20 15:00:00,
2023-06-20 16:00:00,
2023-06-20 17:00:00,
2023-06-20 18:00:00,
2023-06-20 19:00:00,
2023-06-20 20:00:00,
2023-06-20 22:00:00,
2023-06-20 23:00:00,
2023-06-21 00:00:00,
2023-06-21 01:00:00,
2023-06-21 02:00:00,
2023-06-21 03:00:00,
2023-06-21 04:00:00,
2023-06-21 05:00:00,56.88000000000003
2023-06-21 06:00:00,
2023-06-21 07:00:00,
2023-06-21 08:00:00,
2023-06-21 09:00:00,
2023-06-21 10:00:00,
2023-06-21 11:00:00,
2023-06-21 12:00:00,
2023-06-21 13:00:00,
2023-06-21 14:00:00,
2023-06-21 15:00:00,
2023-06-21 16:00:00,
2023-06-21 17:00:00,
2023-06-21 18:00:00,
2023-06-21 19:00:00,
2023-06-21 20:00:00,
2023-06-21 22:00:00,
2023-06-21 23:00:00,
2023-06-22 00:00:00,
2023-06-22 01:00:00,
2023-06-22 02:00:00,
2023-06-22 03:00:00,
2023-06-22 04:00:00,
2023-06-22 05:00:00,53.99000000000003
2023-06-22 06:00:00,
2023-06-22 07:00:00,
2023-06-22 08:00:00,
2023-06-22 09:00:00,
2023-06-22 10:00:00,
2023-06-22 11:00:00,
2023-06-22 12:00:00,
2023-06-22 13:00:00,
2023-06-22 14:00:00,
2023-06-22 15:00:00,
2023-06-22 16:00:00,
2023-06-22 17:00:00,
2023-06-22 18:00:00,
2023-06-22 19:00:00,
2023-06-22 20:00:00,
2023-06-22 22:00:00,
2023-06-22 23:00:00,
2023-06-23 00:00:00,
2023-06-23 01:00:00,
2023-06-23 02:00:00,
2023-06-23 03:00:00,
2023-06-23 04:00:00,
2023-06-23 05:00:00,53.68000000000003
2023-06-23 06:00:00,
2023-06-23 07:00:00,
2023-06-23 08:00:00,
2023-06-23 09:00:00,
2023-06-23 10:00:00,
2023-06-23 11:00:00,
2023-06-23 12:00:00,
2023-06-23 13:00:00,
2023-06-23 14:00:00,
2023-06-23 15:00:00,
2023-06-23 16:00:00,
2023-06-23 17:00:00,
2023-06-23 18:00:00,
2023-06-23 19:00:00,
2023-06-23 20:00:00,
2023-06-25 22:00:00,
2023-06-25 23:00:00,
2023-06-26 00:00:00,
2023-06-26 01:00:00,
2023-06-26 02:00:00,
2023-06-26 03:00:00,
2023-06-26 04:00:00,
2023-06-26 05:00:00,53.90000000000004
2023-06-26 06:00:00,
2023-06-26 07:00:00,
2023-06-26 08:00:00,
2023-06-26 09:00:00,
2023-06-26 10:00:00,
2023-06-26 11:00:00,
2023-06-26 12:00:00,
2023-06-26 13:00:00,
2023-06-26 14:00:00,
2023-06-26 15:00:00,
2023-06-26 16:00:00,
2023-06-26 17:00:00,
2023-06-26 18:00:00,
2023-06-26 19:00:00,
2023-06-26 20:00:00,
2023-06-26 22:00:00,
2023-06-26 23:00:00,
2023-06-27 00:00:00,
2023-06-27 01:00:00,
2023-06-27 02:00:00,
2023-06-27 03:00:00,
2023-06-27 04:00:00,
2023-06-27 05:00:00,52.26000000000004
2023-06-27 06:00:00,
2023-06-27 07:00:00,
2023-06-27 08:00:00,
2023-06-27 09:00:00,
2023-06-27 10:00:00,
2023-06-27 11:00:00,
2023-06-27 12:00:00,
2023-06-27 13:00:00,
2023-06-27 14:00:00,
2023-06-27 15:00:00,
2023-06-27 16:00:00,
2023-06-27 17:00:00,
2023-06-27 18:00:00,
2023-06-27 19:00:00,
2023-06-27 20:00:00,
2023-06-27 22:00:00,
2023-06-27 23:00:00,
2023-06-28 00:00:00,
2023-06-28 01:00:00,
2023-06-28 02:00:00,
2023-06-28 03:00:00,
2023-06-28 04:00:00,
2023-06-28 05:00:00,54.09000000000004
2023-06-28 06:00:00,
2023-06-28 07:00:00,
2023-06-28 08:00:00,
2023-06-28 09:00:00,
2023-06-28 10:00:00,
2023-06-28 11:00:00,
2023-06-28 12:00:00,
2023-06-28 13:00:00,
2023-06-28 14:00:00,
2023-06-28 15:00:00,
2023-06-28 16:00:00,
2023-06-28 17:00:00,
2023-06-28 18:00:00,
2023-06-28 19:00:00,
2023-06-28 20:00:00,
2023-06-28 22:00:00,
2023-06-28 23:00:00,
2023-06-29 00:00:00,
2023-06-29 01:00:00,
2023-06-29 02:00:00,
2023-06-29 03:00:00,
2023-06-29 04:00:00,
2023-06-29 05:00:00,54.38000000000003
2023-06-29 06:00:00,
2023-06-29 07:00:00,
2023-06-29 08:00:00,
2023-06-29 09:00:00,
2023-06-29 10:00:00,
2023-06-29 11:00:00,
2023-06-29 12:00:00,
2023-06-29 13:00:00,
2023-06-29 14:00:00,
2023-06-29 15:00:00,
2023-06-29 16:00:00,
2023-06-29 17:00:00,
2023-06-29 18:00:00,
2023-06-29 19:00:00,
2023-06-29 20:00:00,
2023-06-29 22:00:00,
2023-06-29 23:00:00,
2023-06-30 00:00:00,
2023-06-30 01:00:00,
2023-06-30 02:00:00,
2023-06-30 03:00:00,
2023-06-30 04:00:00,
2023-06-30 05:00:00,55.140000000000036
2023-06-30 06:00:00,
2023-06-30 07:00:00,
2023-06-30 08:00:00,
2023-06-30 09:00:00,
2023-06-30 10:00:00,
2023-06-30 11:00:00,
2023-06-30 12:00:00,
2023-06-30 13:00:00,
2023-06-30 14:00:00,
2023-06-30 15:00:00,
2023-06-30 16:00:00,
2023-06-30 17:00:00,
2023-06-30 18:00:00,
2023-06-30 19:00:00,
2023-06-30 20:00:00,
2023-07-02 22:00:00,
2023-07-02 23:00:00,
2023-07-03 00:00:00,
2023-07-03 01:00:00,
2023-07-03 02:00:00,
2023-07-03 03:00:00,
2023-07-03 04:00:00,
2023-07-03 05:00:00,54.27000000000003
2023-07-03 06:00:00,
2023-07-03 07:00:00,
2023-07-03 08:00:00,
2023-07-03 09:00:00,
2023-07-03 10:00:00,
2023-07-03 11:00:00,
2023-07-03 12:00:00,
2023-07-03 13:00:00,
2023-07-03 14:00:00,
2023-07-03 15:00:00,
2023-07-03 16:00:00,
2023-07-03 17:00:00,
2023-07-03 18:00:00,
2023-07-03 19:00:00,
2023-07-03 20:00:00,
2023-07-03 22:00:00,
2023-07-03 23:00:00,
2023-07-04 00:00:00,
2023-07-04 01:00:00,
2023-07-04 02:00:00,
2023-07-04 03:00:00,
2023-07-04 04:00:00,
2023-07-04 05:00:00,
2023-07-04 06:00:00,
2023-07-04 07:00:00,
2023-07-04 08:00:00,
2023-07-04 09:00:00,
2023-07-04 10:00:00,
2023-07-04 11:00:00,
2023-07-04 12:00:00,
2023-07-04 13:00:00,
2023-07-04 14:00:00,
2023-07-04 15:00:00,
2023-07-04 16:00:00,
2023-07-04 17:00:00,
2023-07-04 18:00:00,
2023-07-04 22:00:00,
2023-07-04 23:00:00,
2023-07-05 00:00:00,
2023-07-05 01:00:00,
2023-07-05 02:00:00,
2023-07-05 03:00:00,
2023-07-05 04:00:00,
2023-07-05 05:00:00,56.24000000000003
2023-07-05 06:00:00,
2023-07-05 07:00:00,
2023-07-05 08:00:00,
2023-07-05 09:00:00,
2023-07-05 10:00:00,
2023-07-05 11:00:00,
2023-07-05 12:00:00,
2023-07-05 13:00:00,
2023-07-05 14:00:00,
2023-07-05 15:00:00,
2023-07-05 16:00:00,
2023-07-05 17:00:00,
2023-07-05 18:00:00,
2023-07-05 19:00:00,
2023-07-05 20:00:00,
2023-07-05 22:00:00,
2023-07-05 23:00:00,
2023-07-06 00:00:00,
2023-07-06 01:00:00,
2023-07-06 02:00:00,
2023-07-06 03:00:00,
2023-07-06 04:00:00,
2023-07-06 05:00:00,56.15000000000004
2023-07-06 06:00:00,
2023-07-06 07:00:00,
2023-07-06 08:00:00,
2023-07-06 09:00:00,
2023-07-06 10:00:00,
2023-07-06 11:00:00,
2023-07-06 12:00:00,
2023-07-06 13:00:00,
2023-07-06 14:00:00,
2023-07-06 15:00:00,
2023-07-06 16:00:00,
2023-07-06 17:00:00,
2023-07-06 18:00:00,
2023-07-06 19:00:00,
2023-07-06 20:00:00,
2023-07-06 22:00:00,
2023-07-06 23:00:00,
2023-07-07 00:00:00,
2023-07-07 01:00:00,
2023-07-07 02:00:00,
2023-07-07 03:00:00,
2023-07-07 04:00:00,
2023-07-07 05:00:00,58.13000000000003
2023-07-07 06:00:00,
2023-07-07 07:00:00,
2023-07-07 08:00:00,
2023-07-07 09:00:00,
2023-07-07 10:00:00,
2023-07-07 11:00:00,
2023-07-07 12:00:00,
2023-07-07 13:00:00,
2023-07-07 14:00:00,
2023-07-07 15:00:00,
2023-07-07 16:00:00,
2023-07-07 17:00:00,
2023-07-07 18:00:00,
2023-07-07 19:00:00,
2023-07-07 20:00:00,
2023-07-09 22:00:00,
2023-07-09 23:00:00,
2023-07-10 00:00:00,
2023-07-10 01:00:00,
2023-07-10 02:00:00,
2023-07-10 03:00:00,
2023-07-10 04:00:00,
2023-07-10 05:00:00,57.31000000000004
2023-07-10 06:00:00,
2023-07-10 07:00:00,
2023-07-10 08:00:00,
2023-07-10 09:00:00,
2023-07-10 10:00:00,
2023-07-10 11:00:00,
2023-07-10 12:00:00,
2023-07-10 13:00:00,
2023-07-10 14:00:00,
2023-07-10 15:00:00,
2023-07-10 16:00:00,
2023-07-10 17:00:00,
2023-07-10 18:00:00,
2023-07-10 19:00:00,
2023-07-10 20:00:00,
2023-07-10 22:00:00,
2023-07-10 23:00:00,
2023-07-11 00:00:00,
2023-07-11 01:00:00,
2023-07-11 02:00:00,
2023-07-11 03:00:00,
2023-07-11 04:00:00,
2023-07-11 05:00:00,59.07000000000003
2023-07-11 06:00:00,
2023-07-11 07:00:00,
2023-07-11 08:00:00,
2023-07-11 09:00:00,
2023-07-11 10:00:00,
2023-07-11 11:00:00,
2023-07-11 12:00:00,
2023-07-11 13:00:00,
2023-07-11 14:00:00,
2023-07-11 15:00:00,
2023-07-11 16:00:00,
2023-07-11 17:00:00,
2023-07-11 18:00:00,
2023-07-11 19:00:00,
2023-07-11 20:00:00,
2023-07-11 22:00:00,
2023-07-11 23:00:00,
2023-07-12 00:00:00,
2023-07-12 01:00:00,
2023-07-12 02:00:00,
2023-07-12 03:00:00,
2023-07-12 04:00:00,
2023-07-12 05:00:00,59.90000000000004
2023-07-12 06:00:00,59.87000000000004
2023-07-12 07:00:00,60.160000000000046
2023-07-12 08:00:00,60.240000000000045
2023-07-12 09:00:00,60.20000000000005
2023-07-12 10:00:00,60.04000000000004
2023-07-12 11:00:00,60.240000000000045
2023-07-12 12:00:00,60.53000000000005
2023-07-12 13:00:00,60.90000000000004
2023-07-12 14:00:00,60.91000000000005
2023-07-12 15:00:00,60.850000000000044
2023-07-12 16:00:00,60.53000000000005
2023-07-12 17:00:00,60.76000000000004
2023-07-12 18:00:00,61.03000000000006
2023-07-12 19:00:00,61.00000000000006
2023-07-12 20:00:00,60.90000000000004
2023-07-12 22:00:00,60.87000000000004
2023-07-12 23:00:00,60.89000000000005
2023-07-13 00:00:00,60.83000000000005
2023-07-13 01:00:00,60.970000000000056
2023-07-13 02:00:00,61.01000000000005
2023-07-13 03:00:00,61.07000000000005
2023-07-13 04:00:00,60.960000000000036
2023-07-13 05:00:00,62.02000000000004
2023-07-13 06:00:00,60.98000000000005
2023-07-13 07:00:00,61.05000000000004
2023-07-13 08:00:00,60.89000000000005
2023-07-13 09:00:00,60.86000000000005
2023-07-13 10:00:00,60.960000000000036
2023-07-13 11:00:00,60.950000000000045
2023-07-13 12:00:00,60.71000000000004
2023-07-13 13:00:00,61.50000000000006
2023-07-13 14:00:00,61.73000000000005
2023-07-13 15:00:00,61.23000000000005
2023-07-13 16:00:00,61.13000000000005
2023-07-13 17:00:00,61.39000000000004
2023-07-13 18:00:00,62.220000000000056
2023-07-13 19:00:00,62.36000000000004
2023-07-13 20:00:00,62.28000000000006
2023-07-13 22:00:00,62.25000000000006
2023-07-13 23:00:00,62.28000000000006
2023-07-14 00:00:00,62.16000000000005
2023-07-14 01:00:00,62.180000000000035
2023-07-14 02:00:00,62.12000000000003
2023-07-14 03:00:00,62.04000000000005
2023-07-14 04:00:00,62.06000000000006
2023-07-14 05:00:00,62.150000000000034
2023-07-14 06:00:00,61.76000000000005
2023-07-14 07:00:00,61.960000000000036
2023-07-14 08:00:00,61.87000000000003
2023-07-14 09:00:00,62.01000000000005
2023-07-14 10:00:00,61.89000000000004
2023-07-14 11:00:00,61.900000000000034
2023-07-14 12:00:00,61.98000000000005
2023-07-14 13:00:00,61.650000000000034
2023-07-14 14:00:00,60.59000000000005
2023-07-14 15:00:00,61.08000000000004
2023-07-14 16:00:00,60.65000000000004
2023-07-14 17:00:00,60.70000000000005
2023-07-14 18:00:00,60.54000000000004
2023-07-14 19:00:00,60.51000000000004
2023-07-14 20:00:00,60.480000000000054
2023-07-16 22:00:00,60.11000000000005
2023-07-16 23:00:00,60.130000000000045
2023-07-17 00:00:00,60.11000000000005
2023-07-17 01:00:00,59.95000000000005
2023-07-17 02:00:00,59.990000000000045
2023-07-17 03:00:00,59.990000000000045
2023-07-17 04:00:00,59.93000000000004
2023-07-17 05:00:00,59.87000000000004
2023-07-17 06:00:00,59.67000000000005
2023-07-17 07:00:00,59.62000000000004
2023-07-17 08:00:00,59.42000000000005
2023-07-17 09:00:00,59.34000000000005
2023-07-17 10:00:00,59.59000000000005
2023-07-17 11:00:00,59.770000000000046
2023-07-17 12:00:00,59.70000000000005
2023-07-17 13:00:00,59.94000000000005
2023-07-17 14:00:00,60.21000000000004
2023-07-17 15:00:00,59.55000000000005
2023-07-17 16:00:00,59.53000000000005
2023-07-17 17:00:00,59.36000000000005
2023-07-17 18:00:00,59.39000000000005
2023-07-17 19:00:00,59.42000000000005
2023-07-17 20:00:00,59.410000000000046
2023-07-17 22:00:00,59.40000000000004
2023-07-17 23:00:00,59.50000000000005
2023-07-18 00:00:00,59.58000000000005
2023-07-18 01:00:00,59.600000000000044
2023-07-18 02:00:00,59.62000000000004
2023-07-18 03:00:00,59.69000000000005
2023-07-18 04:00:00,59.68000000000004
2023-07-18 05:00:00,60.970000000000056
2023-07-18 06:00:00,59.51000000000004
2023-07-18 07:00:00,59.410000000000046
2023-07-18 08:00:00,59.630000000000045
2023-07-18 09:00:00,59.97000000000005
2023-07-18 10:00:00,59.84000000000005
2023-07-18 11:00:00,59.71000000000004
2023-07-18 12:00:00,59.46000000000004
2023-07-18 13:00:00,60.42000000000005
2023-07-18 14:00:00,60.50000000000005
2023-07-18 15:00:00,60.600000000000044
2023-07-18 16:00:00,60.87000000000004
2023-07-18 17:00:00,61.10000000000005
2023-07-18 18:00:00,60.920000000000044
2023-07-18 19:00:00,60.970000000000056
2023-07-18 20:00:00,61.04000000000005
2023-07-18 22:00:00,61.09000000000006
2023-07-18 23:00:00,61.06000000000006
2023-07-19 00:00:00,60.91000000000005
2023-07-19 01:00:00,60.940000000000055
2023-07-19 02:00:00,60.67000000000005
2023-07-19 03:00:00,60.67000000000005
2023-07-19 04:00:00,60.67000000000005
2023-07-19 05:00:00,60.930000000000035
2023-07-19 06:00:00,60.98000000000005
2023-07-19 07:00:00,60.84000000000005
2023-07-19 08:00:00,61.38000000000005
2023-07-19 09:00:00,61.190000000000055
2023-07-19 10:00:00,61.10000000000005
2023-07-19 11:00:00,61.10000000000005
2023-07-19 12:00:00,61.470000000000056
2023-07-19 13:00:00,62.03000000000006
2023-07-19 14:00:00,61.420000000000044
2023-07-19 15:00:00,61.31000000000006
2023-07-19 16:00:00,61.190000000000055
2023-07-19 17:00:00,60.56000000000005
2023-07-19 18:00:00,60.730000000000054
2023-07-19 19:00:00,60.65000000000004
2023-07-19 20:00:00,60.75000000000005
2023-07-19 22:00:00,60.61000000000005
2023-07-19 23:00:00,60.58000000000005
2023-07-20 00:00:00,60.62000000000004
2023-07-20 01:00:00,60.80000000000005
2023-07-20 02:00:00,60.79000000000004
2023-07-20 03:00:00,60.75000000000005
2023-07-20 04:00:00,60.68000000000004
2023-07-20 05:00:00,60.98000000000005
2023-07-20 06:00:00,60.75000000000005
2023-07-20 07:00:00,60.600000000000044
2023-07-20 08:00:00,61.03000000000006
2023-07-20 09:00:00,60.770000000000046
2023-07-20 10:00:00,60.98000000000005
2023-07-20 11:00:00,61.03000000000006
2023-07-20 12:00:00,61.00000000000006
2023-07-20 13:00:00,61.25000000000006
2023-07-20 14:00:00,60.950000000000045
2023-07-20 15:00:00,60.480000000000054
2023-07-20 16:00:00,61.07000000000005
2023-07-20 17:00:00,60.950000000000045
2023-07-20 18:00:00,61.10000000000005
2023-07-20 19:00:00,61.05000000000004
2023-07-20 20:00:00,61.02000000000004
2023-07-20 22:00:00,61.08000000000004
2023-07-20 23:00:00,61.13000000000005
2023-07-21 00:00:00,61.08000000000004
2023-07-21 01:00:00,61.430000000000035
2023-07-21 02:00:00,61.64000000000004
2023-07-21 03:00:00,61.53000000000006
2023-07-21 04:00:00,61.59000000000006
2023-07-21 05:00:00,62.33000000000004
2023-07-21 06:00:00,61.66000000000005
2023-07-21 07:00:00,61.720000000000056
2023-07-21 08:00:00,61.450000000000045
2023-07-21 09:00:00,61.81000000000006
2023-07-21 10:00:00,61.720000000000056
2023-07-21 11:00:00,61.720000000000056
2023-07-21 12:00:00,61.98000000000005
2023-07-21 13:00:00,61.24000000000004
2023-07-21 14:00:00,61.59000000000006
2023-07-21 15:00:00,61.900000000000034
2023-07-21 16:00:00,62.27000000000004
2023-07-21 17:00:00,62.02000000000004
2023-07-21 18:00:00,62.34000000000006
2023-07-21 19:00:00,62.170000000000044
2023-07-21 20:00:00,62.06000000000006
2023-07-23 22:00:00,61.89000000000004
2023-07-23 23:00:00,61.83000000000004
2023-07-24 00:00:00,61.970000000000056
2023-07-24 01:00:00,61.89000000000004
2023-07-24 02:00:00,62.150000000000034
2023-07-24 03:00:00,62.200000000000045
2023-07-24 04:00:00,62.16000000000005
2023-07-24 05:00:00,63.950000000000045
2023-07-24 06:00:00,61.99000000000004
2023-07-24 07:00:00,61.89000000000004
2023-07-24 08:00:00,62.25000000000006
2023-07-24 09:00:00,62.900000000000034
2023-07-24 10:00:00,62.74000000000004
2023-07-24 11:00:00,62.700000000000045
2023-07-24 12:00:00,63.01000000000005
2023-07-24 13:00:00,63.27000000000004
2023-07-24 14:00:00,63.81000000000006
2023-07-24 15:00:00,64.23000000000005
2023-07-24 16:00:00,64.33000000000004
2023-07-24 17:00:00,64.05000000000004
2023-07-24 18:00:00,64.12000000000003
2023-07-24 19:00:00,64.12000000000003
2023-07-24 20:00:00,64.11000000000004
2023-07-24 22:00:00,64.03000000000006
2023-07-24 23:00:00,64.05000000000004
2023-07-25 00:00:00,64.12000000000003
2023-07-25 01:00:00,64.04000000000005
2023-07-25 02:00:00,64.15000000000003
2023-07-25 03:00:00,64.16000000000005
2023-07-25 04:00:00,64.17000000000004
2023-07-25 05:00:00,64.18000000000004
2023-07-25 06:00:00,64.15000000000003
2023-07-25 07:00:00,63.82000000000005
2023-07-25 08:00:00,63.710000000000036
2023-07-25 09:00:00,63.81000000000006
2023-07-25 10:00:00,64.02000000000004
2023-07-25 11:00:00,63.91000000000005
2023-07-25 12:00:00,63.690000000000055
2023-07-25 13:00:00,63.83000000000004
2023-07-25 14:00:00,64.20000000000005
2023-07-25 15:00:00,64.87000000000003
2023-07-25 16:00:00,64.60000000000005
2023-07-25 17:00:00,64.93000000000004
2023-07-25 18:00:00,64.68000000000004
2023-07-25 19:00:00,64.70000000000005
2023-07-25 20:00:00,64.44000000000005
2023-07-25 22:00:00,64.38000000000005
2023-07-25 23:00:00,64.42000000000004
2023-07-26 00:00:00,64.41000000000005
2023-07-26 01:00:00,64.52000000000004
2023-07-26 02:00:00,64.47000000000006
2023-07-26 03:00:00,64.40000000000003
2023-07-26 04:00:00,64.29000000000005
2023-07-26 05:00:00,64.26000000000005
2023-07-26 06:00:00,64.38000000000005
2023-07-26 07:00:00,64.59000000000006
2023-07-26 08:00:00,64.30000000000004
2023-07-26 09:00:00,63.930000000000035
2023-07-26 10:00:00,63.970000000000056
2023-07-26 11:00:00,63.79000000000005
2023-07-26 12:00:00,63.920000000000044
2023-07-26 13:00:00,64.32000000000005
2023-07-26 14:00:00,64.42000000000004
2023-07-26 15:00:00,64.04000000000005
2023-07-26 16:00:00,64.41000000000005
2023-07-26 17:00:00,64.05000000000004
2023-07-26 18:00:00,63.98000000000005
2023-07-26 19:00:00,64.06000000000006
2023-07-26 20:00:00,64.07000000000005
2023-07-26 22:00:00,64.09000000000006
2023-07-26 23:00:00,64.15000000000003
2023-07-27 00:00:00,64.31000000000006
2023-07-27 01:00:00,64.65000000000003
2023-07-27 02:00:00,64.71000000000004
2023-07-27 03:00:00,64.76000000000005
2023-07-27 04:00:00,64.74000000000004
2023-07-27 05:00:00,65.18000000000004
2023-07-27 06:00:00,64.49000000000004
2023-07-27 07:00:00,64.54000000000005
2023-07-27 08:00:00,64.66000000000005
2023-07-27 09:00:00,64.72000000000006
2023-07-27 10:00:00,64.63000000000005
2023-07-27 11:00:00,64.70000000000005
2023-07-27 12:00:00,64.93000000000004
2023-07-27 13:00:00,64.42000000000004
2023-07-27 14:00:00,64.96000000000004
2023-07-27 15:00:00,65.09000000000006
2023-07-27 16:00:00,65.58000000000004
2023-07-27 17:00:00,64.81000000000006
2023-07-27 18:00:00,64.86000000000004
2023-07-27 19:00:00,64.92000000000004
2023-07-27 20:00:00,64.87000000000003
2023-07-27 22:00:00,64.83000000000004
2023-07-27 23:00:00,64.70000000000005
2023-07-28 00:00:00,64.75000000000006
2023-07-28 01:00:00,64.90000000000003
2023-07-28 02:00:00,64.82000000000005
2023-07-28 03:00:00,64.83000000000004
2023-07-28 04:00:00,64.76000000000005
2023-07-28 05:00:00,64.94000000000005
2023-07-28 06:00:00,64.98000000000005
2023-07-28 07:00:00,65.06000000000006
2023-07-28 08:00:00,65.04000000000005
2023-07-28 09:00:00,64.96000000000004
2023-07-28 10:00:00,64.87000000000003
2023-07-28 11:00:00,64.94000000000005
2023-07-28 12:00:00,65.24000000000004
2023-07-28 13:00:00,64.82000000000005
2023-07-28 14:00:00,64.97000000000006
2023-07-28 15:00:00,65.02000000000004
2023-07-28 16:00:00,64.74000000000004
2023-07-28 17:00:00,65.27000000000004
2023-07-28 18:00:00,65.52000000000004
2023-07-28 19:00:00,65.63000000000005
2023-07-28 20:00:00,65.79000000000005
2023-07-30 22:00:00,65.59000000000006
2023-07-30 23:00:00,65.55000000000004
2023-07-31 00:00:00,65.48000000000005
2023-07-31 01:00:00,65.55000000000004
2023-07-31 02:00:00,65.52000000000004
2023-07-31 03:00:00,65.30000000000004
2023-07-31 04:00:00,65.37000000000003
2023-07-31 05:00:00,66.87000000000003
2023-07-31 06:00:00,65.61000000000004
2023-07-31 07:00:00,65.54000000000005
2023-07-31 08:00:00,65.84000000000006
2023-07-31 09:00:00,66.25000000000006
2023-07-31 10:00:00,66.42000000000004
2023-07-31 11:00:00,66.40000000000003
2023-07-31 12:00:00,66.37000000000003
2023-07-31 13:00:00,66.53000000000006
2023-07-31 14:00:00,66.40000000000003
2023-07-31 15:00:00,66.76000000000005
2023-07-31 16:00:00,66.26000000000005
2023-07-31 17:00:00,66.66000000000005
2023-07-31 18:00:00,66.94000000000005
2023-07-31 19:00:00,66.93000000000004
2023-07-31 20:00:00,66.81000000000006
2023-07-31 22:00:00,66.81000000000006
2023-07-31 23:00:00,66.72000000000006
2023-08-01 00:00:00,66.72000000000006
2023-08-01 01:00:00,66.73000000000005
2023-08-01 02:00:00,66.58000000000004
2023-08-01 03:00:00,66.69000000000005
2023-08-01 04:00:00,66.68000000000004
2023-08-01 05:00:00,66.47000000000006
2023-08-01 06:00:00,66.62000000000003
2023-08-01 07:00:00,66.34000000000006
2023-08-01 08:00:00,66.62000000000003
2023-08-01 09:00:00,66.44000000000005
2023-08-01 10:00:00,66.65000000000003
2023-08-01 11:00:00,66.69000000000005
2023-08-01 12:00:00,66.26000000000005
2023-08-01 13:00:00,66.33000000000004
2023-08-01 14:00:00,66.27000000000004
2023-08-01 15:00:00,66.25000000000006
2023-08-01 16:00:00,66.55000000000004
2023-08-01 17:00:00,66.62000000000003
2023-08-01 18:00:00,66.42000000000004
2023-08-01 19:00:00,66.70000000000005
2023-08-01 20:00:00,67.24000000000004
2023-08-01 22:00:00,67.36000000000004
2023-08-01 23:00:00,67.32000000000005
2023-08-02 00:00:00,67.28000000000006
2023-08-02 01:00:00,67.48000000000005
2023-08-02 02:00:00,67.30000000000004
2023-08-02 03:00:00,67.16000000000005
2023-08-02 04:00:00,67.12000000000003
2023-08-02 05:00:00,64.68000000000004
2023-08-02 06:00:00,67.14000000000004
2023-08-02 07:00:00,66.81000000000006
2023-08-02 08:00:00,67.02000000000004
2023-08-02 09:00:00,66.91000000000005
2023-08-02 10:00:00,67.14000000000004
2023-08-02 11:00:00,66.92000000000004
2023-08-02 12:00:00,66.95000000000005
2023-08-02 13:00:00,65.95000000000005
2023-08-02 14:00:00,64.64000000000004
2023-08-02 15:00:00,64.42000000000004
2023-08-02 16:00:00,64.61000000000004
2023-08-02 17:00:00,64.31000000000006
2023-08-02 18:00:00,64.99000000000004
2023-08-02 19:00:00,64.98000000000005
2023-08-02 20:00:00,64.91000000000005
2023-08-02 22:00:00,64.87000000000003
2023-08-02 23:00:00,64.92000000000004
2023-08-03 00:00:00,64.77000000000004
2023-08-03 01:00:00,64.98000000000005
2023-08-03 02:00:00,64.82000000000005
2023-08-03 03:00:00,64.74000000000004
2023-08-03 04:00:00,64.71000000000004
2023-08-03 05:00:00,64.70000000000005
2023-08-03 06:00:00,64.37000000000003
2023-08-03 07:00:00,63.950000000000045
2023-08-03 08:00:00,64.47000000000006
2023-08-03 09:00:00,64.64000000000004
2023-08-03 10:00:00,64.47000000000006
2023-08-03 11:00:00,64.57000000000005
2023-08-03 12:00:00,65.89000000000004
2023-08-03 13:00:00,65.47000000000006
2023-08-03 14:00:00,65.73000000000005
2023-08-03 15:00:00,66.40000000000003
2023-08-03 16:00:00,66.75000000000006
2023-08-03 17:00:00,66.65000000000003
2023-08-03 18:00:00,66.73000000000005
2023-08-03 19:00:00,66.80000000000004
2023-08-03 20:00:00,66.79000000000005
2023-08-03 22:00:00,66.81000000000006
2023-08-03 23:00:00,66.83000000000004
2023-08-04 00:00:00,66.99000000000004
2023-08-04 01:00:00,66.74000000000004
2023-08-04 02:00:00,66.71000000000004
2023-08-04 03:00:00,66.77000000000004
2023-08-04 04:00:00,66.78000000000006
2023-08-04 05:00:00,67.82000000000005
2023-08-04 06:00:00,66.74000000000004
2023-08-04 07:00:00,67.09000000000006
2023-08-04 08:00:00,66.99000000000004
2023-08-04 09:00:00,67.18000000000004
2023-08-04 10:00:00,66.94000000000005
2023-08-04 11:00:00,66.98000000000005
2023-08-04 12:00:00,67.04000000000005
2023-08-04 13:00:00,66.87000000000003
2023-08-04 14:00:00,67.18000000000004
2023-08-04 15:00:00,67.51000000000005
2023-08-04 16:00:00,68.14000000000004
2023-08-04 17:00:00,68.00000000000006
2023-08-04 18:00:00,67.61000000000004
2023-08-04 19:00:00,67.62000000000003
2023-08-04 20:00:00,67.60000000000005
2023-08-06 22:00:00,67.95000000000005
2023-08-06 23:00:00,67.95000000000005
2023-08-07 00:00:00,68.22000000000006
2023-08-07 01:00:00,67.92000000000004
2023-08-07 02:00:00,67.76000000000005
2023-08-07 03:00:00,67.77000000000004
2023-08-07 04:00:00,67.74000000000004
2023-08-07 05:00:00,67.70000000000005
2023-08-07 06:00:00,67.65000000000003
2023-08-07 07:00:00,67.63000000000005
2023-08-07 08:00:00,67.20000000000005
2023-08-07 09:00:00,67.09000000000006
2023-08-07 10:00:00,67.02000000000004
2023-08-07 11:00:00,67.15000000000003
2023-08-07 12:00:00,67.30000000000004
2023-08-07 13:00:00,66.91000000000005
2023-08-07 14:00:00,66.83000000000004
2023-08-07 15:00:00,67.02000000000004
2023-08-07 16:00:00,67.26000000000005
2023-08-07 17:00:00,67.19000000000005
2023-08-07 18:00:00,67.36000000000004
2023-08-07 19:00:00,67.54000000000005
2023-08-07 20:00:00,67.59000000000006
2023-08-07 22:00:00,67.49000000000004
2023-08-07 23:00:00,67.50000000000006
2023-08-08 00:00:00,67.41000000000005
2023-08-08 01:00:00,67.02000000000004
2023-08-08 02:00:00,67.32000000000005
2023-08-08 03:00:00,67.18000000000004
2023-08-08 04:00:00,67.12000000000003
2023-08-08 05:00:00,67.91000000000005
2023-08-08 06:00:00,66.46000000000004
2023-08-08 07:00:00,66.30000000000004
2023-08-08 08:00:00,66.22000000000006
2023-08-08 09:00:00,65.81000000000006
2023-08-08 10:00:00,65.77000000000004
2023-08-08 11:00:00,65.29000000000005
2023-08-08 12:00:00,65.57000000000005
2023-08-08 13:00:00,65.82000000000005
2023-08-08 14:00:00,66.42000000000004
2023-08-08 15:00:00,66.59000000000006
2023-08-08 16:00:00,67.23000000000005
2023-08-08 17:00:00,67.72000000000006
2023-08-08 18:00:00,67.98000000000005
2023-08-08 19:00:00,67.79000000000005
2023-08-08 20:00:00,67.82000000000005
2023-08-08 22:00:00,67.73000000000005
2023-08-08 23:00:00,67.72000000000006
2023-08-09 00:00:00,67.69000000000005
2023-08-09 01:00:00,67.80000000000004
2023-08-09 02:00:00,67.72000000000006
2023-08-09 03:00:00,67.71000000000004
2023-08-09 04:00:00,67.76000000000005
2023-08-09 05:00:00,67.68000000000004
2023-08-09 06:00:00,67.73000000000005
2023-08-09 07:00:00,68.16000000000005
2023-08-09 08:00:00,68.26000000000005
2023-08-09 09:00:00,68.54000000000005
2023-08-09 10:00:00,68.34000000000006
2023-08-09 11:00:00,68.64000000000004
2023-08-09 12:00:00,68.64000000000004
2023-08-09 13:00:00,68.94000000000005
2023-08-09 14:00:00,68.82000000000005
2023-08-09 15:00:00,68.51000000000005
2023-08-09 16:00:00,68.39000000000004
2023-08-09 17:00:00,68.67000000000004
2023-08-09 18:00:00,69.11000000000004
2023-08-09 19:00:00,69.09000000000006
2023-08-09 20:00:00,69.07000000000005
2023-08-09 22:00:00,69.07000000000005
2023-08-09 23:00:00,69.08000000000004
2023-08-10 00:00:00,69.13000000000005
2023-08-10 01:00:00,69.03000000000006
2023-08-10 02:00:00,69.09000000000006
2023-08-10 03:00:00,69.10000000000005
2023-08-10 04:00:00,69.16000000000005
2023-08-10 05:00:00,67.84000000000006
2023-08-10 06:00:00,69.23000000000005
2023-08-10 07:00:00,69.36000000000004
2023-08-10 08:00:00,69.42000000000004
2023-08-10 09:00:00,69.03000000000006
2023-08-10 10:00:00,68.92000000000004
2023-08-10 11:00:00,68.77000000000004
2023-08-10 12:00:00,68.87000000000003
2023-08-10 13:00:00,68.85000000000005
2023-08-10 14:00:00,68.45000000000005
2023-08-10 15:00:00,68.52000000000004
2023-08-10 16:00:00,68.11000000000004
2023-08-10 17:00:00,67.78000000000006
2023-08-10 18:00:00,68.03000000000006
2023-08-10 19:00:00,67.88000000000005
2023-08-10 20:00:00,67.87000000000003
2023-08-10 22:00:00,67.86000000000004
2023-08-10 23:00:00,67.88000000000005
2023-08-11 00:00:00,67.99000000000004
2023-08-11 01:00:00,68.05000000000004
2023-08-11 02:00:00,67.73000000000005
2023-08-11 03:00:00,67.79000000000005
2023-08-11 04:00:00,67.69000000000005
2023-08-11 05:00:00,68.12000000000003
2023-08-11 06:00:00,67.91000000000005
2023-08-11 07:00:00,68.31000000000003
2023-08-11 08:00:00,68.28000000000003
2023-08-11 09:00:00,68.09000000000003
2023-08-11 10:00:00,68.54000000000005
2023-08-11 11:00:00,68.62000000000003
2023-08-11 12:00:00,68.78000000000003
2023-08-11 13:00:00,68.30000000000004
2023-08-11 14:00:00,68.47000000000006
2023-08-11 15:00:00,68.80000000000004
2023-08-11 16:00:00,68.86000000000004
2023-08-11 17:00:00,68.91000000000005
2023-08-11 18:00:00,68.39000000000004
2023-08-11 19:00:00,68.34000000000003
2023-08-11 20:00:00,68.26000000000005
2023-08-13 22:00:00,68.07000000000005
2023-08-13 23:00:00,68.12000000000003
2023-08-14 00:00:00,68.16000000000005
2023-08-14 01:00:00,68.29000000000005
2023-08-14 02:00:00,67.86000000000004
2023-08-14 03:00:00,67.73000000000005
2023-08-14 04:00:00,67.61000000000004
2023-08-14 05:00:00,67.80000000000004
2023-08-14 06:00:00,67.43000000000004
2023-08-14 07:00:00,68.11000000000004
2023-08-14 08:00:00,68.05000000000004
2023-08-14 09:00:00,68.20000000000005
2023-08-14 10:00:00,68.17000000000004
2023-08-14 11:00:00,68.02000000000004
2023-08-14 12:00:00,67.27000000000004
2023-08-14 13:00:00,67.56000000000003
2023-08-14 14:00:00,68.03000000000003
2023-08-14 15:00:00,67.78000000000003
2023-08-14 16:00:00,67.74000000000004
2023-08-14 17:00:00,68.02000000000004
2023-08-14 18:00:00,67.73000000000005
2023-08-14 19:00:00,67.84000000000003
2023-08-14 20:00:00,67.74000000000004
2023-08-14 22:00:00,67.68000000000004
2023-08-14 23:00:00,67.69000000000005
2023-08-15 00:00:00,67.72000000000006
2023-08-15 01:00:00,67.94000000000005
2023-08-15 02:00:00,67.87000000000003
2023-08-15 03:00:00,67.90000000000003
2023-08-15 04:00:00,67.82000000000005
2023-08-15 05:00:00,67.86000000000004
2023-08-15 06:00:00,68.04000000000005
2023-08-15 07:00:00,67.46000000000004
2023-08-15 08:00:00,67.70000000000005
2023-08-15 09:00:00,67.26000000000005
2023-08-15 10:00:00,67.04000000000005
2023-08-15 11:00:00,67.02000000000004
2023-08-15 12:00:00,66.77000000000004
2023-08-15 13:00:00,66.47000000000006
2023-08-15 14:00:00,66.39000000000004
2023-08-15 15:00:00,66.01000000000005
2023-08-15 16:00:00,66.21000000000004
2023-08-15 17:00:00,66.13000000000005
2023-08-15 18:00:00,66.49000000000004
2023-08-15 19:00:00,66.48000000000005
2023-08-15 20:00:00,66.57000000000005
2023-08-15 22:00:00,66.48000000000005
2023-08-15 23:00:00,66.55000000000004
2023-08-16 00:00:00,66.48000000000005
2023-08-16 01:00:00,66.45000000000005
2023-08-16 02:00:00,66.30000000000004
2023-08-16 03:00:00,66.31000000000003
2023-08-16 04:00:00,66.26000000000005
2023-08-16 05:00:00,65.16000000000005
2023-08-16 06:00:00,66.09000000000003
2023-08-16 07:00:00,66.34000000000003
2023-08-16 08:00:00,66.53000000000003
2023-08-16 09:00:00,66.40000000000003
2023-08-16 10:00:00,66.51000000000005
2023-08-16 11:00:00,66.84000000000003
2023-08-16 12:00:00,66.69000000000005
2023-08-16 13:00:00,66.53000000000003
2023-08-16 14:00:00,66.49000000000004
2023-08-16 15:00:00,66.44000000000005
2023-08-16 16:00:00,65.54000000000005
2023-08-16 17:00:00,65.62000000000003
2023-08-16 18:00:00,65.17000000000004
2023-08-16 19:00:00,64.91000000000005
2023-08-16 20:00:00,65.03000000000003
2023-08-16 22:00:00,64.97000000000006
2023-08-16 23:00:00,64.91000000000005
2023-08-17 00:00:00,64.77000000000004
2023-08-17 01:00:00,65.20000000000005
2023-08-17 02:00:00,65.20000000000005
2023-08-17 03:00:00,65.14000000000004
2023-08-17 04:00:00,65.05000000000004
2023-08-17 05:00:00,65.94000000000005
2023-08-17 06:00:00,65.42000000000004
2023-08-17 07:00:00,65.61000000000004
2023-08-17 08:00:00,65.19000000000005
2023-08-17 09:00:00,65.53000000000003
2023-08-17 10:00:00,65.84000000000003
2023-08-17 11:00:00,65.85000000000005
2023-08-17 12:00:00,65.92000000000004
2023-08-17 13:00:00,66.05000000000004
2023-08-17 14:00:00,66.42000000000004
2023-08-17 15:00:00,66.19000000000005
2023-08-17 16:00:00,66.25000000000003
2023-08-17 17:00:00,65.85000000000005
2023-08-17 18:00:00,65.74000000000004
2023-08-17 19:00:00,65.62000000000003
2023-08-17 20:00:00,65.62000000000003
2023-08-17 22:00:00,65.58000000000004
2023-08-17 23:00:00,65.65000000000003
2023-08-18 00:00:00,65.84000000000003
2023-08-18 01:00:00,66.12000000000003
2023-08-18 02:00:00,66.13000000000005
2023-08-18 03:00:00,65.99000000000004
2023-08-18 04:00:00,65.84000000000003
2023-08-18 05:00:00,66.03000000000003
2023-08-18 06:00:00,66.05000000000004
2023-08-18 07:00:00,65.87000000000003
2023-08-18 08:00:00,65.94000000000005
2023-08-18 09:00:00,65.64000000000004
2023-08-18 10:00:00,65.89000000000004
2023-08-18 11:00:00,65.30000000000004
2023-08-18 12:00:00,65.15000000000003
2023-08-18 13:00:00,65.87000000000003
2023-08-18 14:00:00,65.82000000000005
2023-08-18 15:00:00,66.07000000000005
2023-08-18 16:00:00,66.71000000000004
2023-08-18 17:00:00,66.83000000000004
2023-08-18 18:00:00,66.65000000000003
2023-08-18 19:00:00,66.59000000000003
2023-08-18 20:00:00,66.65000000000003
2023-08-20 22:00:00,66.61000000000004
2023-08-20 23:00:00,66.54000000000005
2023-08-21 00:00:00,66.56000000000003
2023-08-21 01:00:00,67.32000000000005
2023-08-21 02:00:00,67.37000000000003
2023-08-21 03:00:00,67.20000000000005
2023-08-21 04:00:00,67.13000000000005
2023-08-21 05:00:00,66.19000000000005
2023-08-21 06:00:00,67.20000000000005
2023-08-21 07:00:00,67.18000000000004
2023-08-21 08:00:00,67.00000000000003
2023-08-21 09:00:00,67.16000000000005
2023-08-21 10:00:00,67.35000000000005
2023-08-21 11:00:00,67.56000000000003
2023-08-21 12:00:00,67.55000000000004
2023-08-21 13:00:00,66.83000000000004
2023-08-21 14:00:00,66.58000000000004
2023-08-21 15:00:00,66.91000000000005
2023-08-21 16:00:00,66.52000000000004
2023-08-21 17:00:00,66.22000000000006
2023-08-21 18:00:00,66.20000000000005
2023-08-21 19:00:00,66.20000000000005
2023-08-21 20:00:00,66.27000000000004
2023-08-21 22:00:00,66.24000000000004
2023-08-21 23:00:00,66.16000000000005
2023-08-22 00:00:00,66.34000000000003
2023-08-22 01:00:00,66.03000000000003
2023-08-22 02:00:00,66.09000000000003
2023-08-22 03:00:00,66.08000000000004
2023-08-22 04:00:00,66.08000000000004
2023-08-22 05:00:00,66.02000000000004
2023-08-22 06:00:00,66.11000000000004
2023-08-22 07:00:00,65.79000000000005
2023-08-22 08:00:00,66.06000000000003
2023-08-22 09:00:00,66.00000000000003
2023-08-22 10:00:00,65.97000000000006
2023-08-22 11:00:00,65.82000000000005
2023-08-22 12:00:00,66.02000000000004
2023-08-22 13:00:00,66.29000000000005
2023-08-22 14:00:00,65.97000000000006
2023-08-22 15:00:00,65.98000000000005
2023-08-22 16:00:00,66.03000000000003
2023-08-22 17:00:00,65.93000000000004
2023-08-22 18:00:00,65.78000000000003
2023-08-22 19:00:00,65.89000000000004
2023-08-22 20:00:00,65.77000000000004
2023-08-22 22:00:00,65.76000000000005
2023-08-22 23:00:00,65.77000000000004
2023-08-23 00:00:00,65.68000000000004
2023-08-23 01:00:00,65.88000000000005
2023-08-23 02:00:00,65.95000000000005
2023-08-23 03:00:00,65.93000000000004
2023-08-23 04:00:00,65.89000000000004
2023-08-23 05:00:00,65.95000000000005
2023-08-23 06:00:00,65.58000000000004
2023-08-23 07:00:00,65.33000000000004
2023-08-23 08:00:00,65.36000000000004
2023-08-23 09:00:00,64.96000000000004
2023-08-23 10:00:00,64.65000000000003
2023-08-23 11:00:00,64.69000000000005
2023-08-23 12:00:00,64.59000000000003
2023-08-23 13:00:00,64.32000000000005
2023-08-23 14:00:00,65.23000000000005
2023-08-23 15:00:00,65.13000000000005
2023-08-23 16:00:00,65.09000000000003
2023-08-23 17:00:00,65.09000000000003
2023-08-23 18:00:00,64.95000000000005
2023-08-23 19:00:00,64.78000000000003
2023-08-23 20:00:00,64.69000000000005
2023-08-23 22:00:00,64.78000000000003
2023-08-23 23:00:00,64.74000000000004
2023-08-24 00:00:00,64.75000000000003
2023-08-24 01:00:00,64.52000000000004
2023-08-24 02:00:00,64.61000000000004
2023-08-24 03:00:00,64.71000000000004
2023-08-24 04:00:00,64.96000000000004
2023-08-24 05:00:00,65.09000000000003
2023-08-24 06:00:00,64.53000000000003
2023-08-24 07:00:00,64.41000000000005
2023-08-24 08:00:00,65.11000000000004
2023-08-24 09:00:00,65.34000000000003
2023-08-24 10:00:00,65.26000000000005
2023-08-24 11:00:00,65.07000000000005
2023-08-24 12:00:00,64.58000000000004
2023-08-24 13:00:00,64.68000000000004
2023-08-24 14:00:00,64.59000000000003
2023-08-24 15:00:00,64.79000000000005
2023-08-24 16:00:00,65.15000000000003
2023-08-24 17:00:00,64.91000000000005
2023-08-24 18:00:00,65.13000000000005
2023-08-24 19:00:00,64.95000000000005
2023-08-24 20:00:00,64.91000000000005
2023-08-24 22:00:00,64.98000000000005
2023-08-24 23:00:00,64.96000000000004
2023-08-25 00:00:00,65.04000000000005
2023-08-25 01:00:00,65.45000000000005
2023-08-25 02:00:00,65.35000000000005
2023-08-25 03:00:00,65.26000000000005
2023-08-25 04:00:00,65.35000000000005
2023-08-25 05:00:00,65.92000000000004
2023-08-25 06:00:00,65.43000000000004
2023-08-25 07:00:00,65.70000000000005
2023-08-25 08:00:00,66.08000000000004
2023-08-25 09:00:00,66.11000000000004
2023-08-25 10:00:00,65.93000000000004
2023-08-25 11:00:00,66.13000000000005
2023-08-25 12:00:00,66.07000000000005
2023-08-25 13:00:00,65.91000000000005
2023-08-25 14:00:00,65.83000000000004
2023-08-25 15:00:00,65.63000000000005
2023-08-25 16:00:00,65.52000000000004
2023-08-25 17:00:00,65.23000000000005
2023-08-25 18:00:00,66.11000000000004
2023-08-25 19:00:00,66.10000000000005
2023-08-25 20:00:00,66.12000000000003
2023-08-27 22:00:00,66.25000000000003
2023-08-27 23:00:00,66.25000000000003
2023-08-28 00:00:00,66.10000000000005
2023-08-28 01:00:00,65.83000000000004
2023-08-28 02:00:00,65.85000000000005
2023-08-28 03:00:00,65.81000000000003
2023-08-28 04:00:00,65.82000000000005
2023-08-28 05:00:00,66.10000000000005
2023-08-28 06:00:00,66.17000000000004
2023-08-28 07:00:00,66.28000000000003
2023-08-28 08:00:00,66.21000000000004
2023-08-28 09:00:00,66.22000000000006
2023-08-28 10:00:00,65.91000000000005
2023-08-28 11:00:00,65.92000000000004
2023-08-28 12:00:00,65.93000000000004
2023-08-28 13:00:00,66.76000000000005
2023-08-28 14:00:00,66.56000000000003
2023-08-28 15:00:00,66.20000000000005
2023-08-28 16:00:00,66.01000000000005
2023-08-28 17:00:00,66.01000000000005
2023-08-28 18:00:00,66.14000000000004
2023-08-28 19:00:00,66.12000000000003
2023-08-28 20:00:00,65.96000000000004
2023-08-28 22:00:00,66.00000000000003
2023-08-28 23:00:00,66.01000000000005
2023-08-29 00:00:00,66.01000000000005
2023-08-29 01:00:00,65.89000000000004
2023-08-29 02:00:00,66.11000000000004
2023-08-29 03:00:00,66.02000000000004
2023-08-29 04:00:00,66.05000000000004
2023-08-29 05:00:00,67.11000000000004
2023-08-29 06:00:00,65.82000000000005
2023-08-29 07:00:00,66.28000000000003
2023-08-29 08:00:00,66.43000000000004
2023-08-29 09:00:00,66.61000000000004
2023-08-29 10:00:00,66.65000000000003
2023-08-29 11:00:00,66.61000000000004
2023-08-29 12:00:00,66.44000000000005
2023-08-29 13:00:00,65.76000000000005
2023-08-29 14:00:00,66.31000000000003
2023-08-29 15:00:00,66.40000000000003
2023-08-29 16:00:00,66.62000000000003
2023-08-29 17:00:00,67.16000000000005
2023-08-29 18:00:00,67.18000000000004
2023-08-29 19:00:00,67.16000000000005
2023-08-29 20:00:00,67.25000000000003
2023-08-29 22:00:00,67.30000000000004
2023-08-29 23:00:00,67.31000000000003
2023-08-30 00:00:00,67.31000000000003
2023-08-30 01:00:00,67.53000000000003
2023-08-30 02:00:00,67.37000000000003
2023-08-30 03:00:00,67.44000000000005
2023-08-30 04:00:00,67.41000000000005
2023-08-30 05:00:00,67.46000000000004
2023-08-30 06:00:00,67.49000000000004
2023-08-30 07:00:00,67.59000000000003
2023-08-30 08:00:00,67.51000000000005
2023-08-30 09:00:00,67.70000000000005
2023-08-30 10:00:00,67.66000000000005
2023-08-30 11:00:00,67.61000000000004
2023-08-30 12:00:00,67.39000000000004
2023-08-30 13:00:00,67.82000000000005
2023-08-30 14:00:00,67.36000000000004
2023-08-30 15:00:00,67.27000000000004
2023-08-30 16:00:00,67.36000000000004
2023-08-30 17:00:00,67.32000000000005
2023-08-30 18:00:00,67.53000000000003
2023-08-30 19:00:00,67.61000000000004
2023-08-30 20:00:00,67.63000000000005
2023-08-30 22:00:00,67.56000000000003
2023-08-30 23:00:00,67.56000000000003
2023-08-31 00:00:00,67.66000000000005
2023-08-31 01:00:00,67.58000000000004
2023-08-31 02:00:00,67.46000000000004
2023-08-31 03:00:00,67.55000000000004
2023-08-31 04:00:00,67.56000000000003
2023-08-31 05:00:00,69.39000000000004
2023-08-31 06:00:00,67.50000000000003
2023-08-31 07:00:00,67.83000000000004
2023-08-31 08:00:00,67.81000000000003
2023-08-31 09:00:00,67.84000000000003
2023-08-31 10:00:00,68.05000000000004
2023-08-31 11:00:00,68.18000000000004
2023-08-31 12:00:00,68.51000000000005
2023-08-31 13:00:00,68.63000000000005
2023-08-31 14:00:00,68.74000000000004
2023-08-31 15:00:00,68.16000000000005
2023-08-31 16:00:00,68.41000000000005
2023-08-31 17:00:00,69.04000000000005
2023-08-31 18:00:00,69.13000000000005
2023-08-31 19:00:00,69.31000000000003
2023-08-31 20:00:00,69.35000000000005
2023-08-31 22:00:00,69.28000000000003
2023-08-31 23:00:00,69.36000000000004
2023-09-01 00:00:00,69.39000000000004
2023-09-01 01:00:00,69.51000000000005
2023-09-01 02:00:00,69.46000000000004
2023-09-01 03:00:00,69.56000000000003
2023-09-01 04:00:00,69.53000000000003
2023-09-01 05:00:00,69.54000000000005
2023-09-01 06:00:00,69.53000000000003
2023-09-01 07:00:00,69.72000000000006
2023-09-01 08:00:00,69.76000000000005
2023-09-01 09:00:00,70.23000000000005
2023-09-01 10:00:00,70.42000000000004
2023-09-01 11:00:00,70.30000000000004
2023-09-01 12:00:00,70.55000000000004
2023-09-01 13:00:00,70.90000000000003
2023-09-01 14:00:00,70.94000000000005
2023-09-01 15:00:00,70.81000000000003
2023-09-01 16:00:00,71.09000000000003
2023-09-01 17:00:00,71.20000000000005
2023-09-01 18:00:00,71.37000000000003
2023-09-01 19:00:00,71.50000000000003
2023-09-01 20:00:00,71.58000000000004
2023-09-03 22:00:00,71.54000000000005
2023-09-03 23:00:00,71.44000000000005
2023-09-04 00:00:00,71.47000000000006
2023-09-04 01:00:00,71.24000000000004
2023-09-04 02:00:00,71.25000000000003
2023-09-04 03:00:00,71.24000000000004
2023-09-04 04:00:00,71.22000000000006
2023-09-04 05:00:00,71.13000000000005
2023-09-04 06:00:00,71.13000000000005
2023-09-04 07:00:00,71.33000000000004
2023-09-04 08:00:00,71.07000000000005
2023-09-04 09:00:00,71.20000000000005
2023-09-04 10:00:00,71.25000000000003
2023-09-04 11:00:00,71.16000000000005
2023-09-04 12:00:00,71.13000000000005
2023-09-04 13:00:00,71.53000000000003
2023-09-04 14:00:00,71.50000000000003
2023-09-04 15:00:00,71.53000000000003
2023-09-04 16:00:00,71.56000000000003
2023-09-04 17:00:00,71.58000000000004
2023-09-04 18:00:00,71.60000000000005
2023-09-04 22:00:00,71.44000000000005
2023-09-04 23:00:00,71.47000000000006
2023-09-05 00:00:00,71.50000000000003
2023-09-05 01:00:00,71.39000000000004
2023-09-05 02:00:00,71.43000000000004
2023-09-05 03:00:00,71.56000000000003
2023-09-05 04:00:00,71.57000000000005
2023-09-05 05:00:00,71.44000000000005
2023-09-05 06:00:00,71.37000000000003
2023-09-05 07:00:00,70.96000000000004
2023-09-05 08:00:00,71.04000000000005
2023-09-05 09:00:00,71.14000000000004
2023-09-05 10:00:00,70.92000000000004
2023-09-05 11:00:00,71.02000000000004
2023-09-05 12:00:00,71.19000000000005
2023-09-05 13:00:00,72.87000000000003
2023-09-05 14:00:00,72.39000000000004
2023-09-05 15:00:00,73.40000000000003
2023-09-05 16:00:00,73.03000000000003
2023-09-05 17:00:00,72.45000000000005
2023-09-05 18:00:00,72.34000000000003
2023-09-05 19:00:00,72.46000000000004
2023-09-05 20:00:00,72.46000000000004
2023-09-05 22:00:00,72.55000000000004
2023-09-05 23:00:00,72.57000000000005
2023-09-06 00:00:00,72.57000000000005
2023-09-06 01:00:00,72.54000000000005
2023-09-06 02:00:00,72.57000000000005
2023-09-06 03:00:00,72.50000000000003
2023-09-06 04:00:00,72.41000000000005
2023-09-06 05:00:00,73.22000000000006
2023-09-06 06:00:00,72.34000000000003
2023-09-06 07:00:00,72.12000000000003
2023-09-06 08:00:00,71.77000000000004
2023-09-06 09:00:00,72.01000000000005
2023-09-06 10:00:00,72.08000000000004
2023-09-06 11:00:00,72.13000000000005
2023-09-06 12:00:00,72.22000000000006
2023-09-06 13:00:00,72.82000000000005
2023-09-06 14:00:00,72.14000000000004
2023-09-06 15:00:00,72.89000000000004
2023-09-06 16:00:00,73.18000000000004
2023-09-06 17:00:00,73.49000000000004
2023-09-06 18:00:00,73.33000000000004
2023-09-06 19:00:00,73.39000000000004
2023-09-06 20:00:00,73.25000000000003
2023-09-06 22:00:00,73.32000000000005
2023-09-06 23:00:00,73.36000000000004
2023-09-07 00:00:00,73.35000000000005
2023-09-07 01:00:00,73.20000000000005
2023-09-07 02:00:00,73.05000000000004
2023-09-07 03:00:00,72.99000000000004
2023-09-07 04:00:00,72.91000000000005
2023-09-07 05:00:00,72.58000000000004
2023-09-07 06:00:00,72.92000000000004
2023-09-07 07:00:00,72.95000000000005
2023-09-07 08:00:00,72.89000000000004
2023-09-07 09:00:00,72.68000000000004
2023-09-07 10:00:00,72.81000000000003
2023-09-07 11:00:00,72.76000000000005
2023-09-07 12:00:00,73.07000000000005
2023-09-07 13:00:00,72.88000000000005
2023-09-07 14:00:00,73.21000000000004
2023-09-07 15:00:00,73.13000000000005
2023-09-07 16:00:00,72.18000000000004
2023-09-07 17:00:00,72.62000000000003
2023-09-07 18:00:00,72.64000000000004
2023-09-07 19:00:00,72.72000000000006
2023-09-07 20:00:00,72.44000000000005
2023-09-07 22:00:00,72.42000000000004
2023-09-07 23:00:00,72.42000000000004
2023-09-08 00:00:00,72.28000000000003
2023-09-08 01:00:00,72.13000000000005
2023-09-08 02:00:00,72.11000000000004
2023-09-08 03:00:00,72.02000000000004
2023-09-08 04:00:00,71.95000000000005
2023-09-08 05:00:00,73.24000000000004
2023-09-08 06:00:00,72.30000000000004
2023-09-08 07:00:00,72.33000000000004
2023-09-08 08:00:00,72.46000000000004
2023-09-08 09:00:00,72.96000000000004
2023-09-08 10:00:00,73.12000000000003
2023-09-08 11:00:00,73.18000000000004
2023-09-08 12:00:00,73.31000000000003
2023-09-08 13:00:00,72.82000000000005
2023-09-08 14:00:00,73.34000000000003
2023-09-08 15:00:00,73.33000000000004
2023-09-08 16:00:00,73.24000000000004
2023-09-08 17:00:00,73.36000000000004
2023-09-08 18:00:00,73.09000000000003
2023-09-08 19:00:00,73.04000000000005
2023-09-08 20:00:00,72.97000000000006
2023-09-10 22:00:00,72.91000000000005
2023-09-10 23:00:00,72.80000000000004
2023-09-11 00:00:00,72.70000000000005
2023-09-11 01:00:00,72.74000000000004
2023-09-11 02:00:00,72.89000000000004
2023-09-11 03:00:00,72.85000000000005
2023-09-11 04:00:00,72.92000000000004
2023-09-11 05:00:00,73.09000000000003
2023-09-11 06:00:00,
2023-09-11 07:00:00,
2023-09-11 08:00:00,
2023-09-11 09:00:00,
2023-09-11 10:00:00,
2023-09-11 11:00:00,
2023-09-11 12:00:00,
2023-09-11 13:00:00,
2023-09-11 14:00:00,
2023-09-11 15:00:00,
2023-09-11 16:00:00,
2023-09-11 17:00:00,
2023-09-11 18:00:00,
2023-09-11 19:00:00,
2023-09-11 20:00:00,
2023-09-11 22:00:00,
2023-09-11 23:00:00,
2023-09-12 00:00:00,
2023-09-12 01:00:00,
2023-09-12 02:00:00,
2023-09-12 03:00:00,
2023-09-12 04:00:00,
2023-09-12 05:00:00,74.51000000000005
2023-09-12 06:00:00,
2023-09-12 07:00:00,
2023-09-12 08:00:00,
2023-09-12 09:00:00,
2023-09-12 10:00:00,
2023-09-12 11:00:00,
2023-09-12 12:00:00,
2023-09-12 13:00:00,
2023-09-12 14:00:00,
2023-09-12 15:00:00,
2023-09-12 16:00:00,
2023-09-12 17:00:00,
2023-09-12 18:00:00,
2023-09-12 19:00:00,
2023-09-12 20:00:00,
2023-09-12 22:00:00,
2023-09-12 23:00:00,
2023-09-13 00:00:00,
2023-09-13 01:00:00,
2023-09-13 02:00:00,
2023-09-13 03:00:00,
2023-09-13 04:00:00,
2023-09-13 05:00:00,74.26000000000005
2023-09-13 06:00:00,
2023-09-13 07:00:00,
2023-09-13 08:00:00,
2023-09-13 09:00:00,
2023-09-13 10:00:00,
2023-09-13 11:00:00,
2023-09-13 12:00:00,
2023-09-13 13:00:00,
2023-09-13 14:00:00,
2023-09-13 15:00:00,
2023-09-13 16:00:00,
2023-09-13 17:00:00,
2023-09-13 18:00:00,
2023-09-13 19:00:00,
2023-09-13 20:00:00,
2023-09-13 22:00:00,
2023-09-13 23:00:00,
2023-09-14 00:00:00,
2023-09-14 01:00:00,
2023-09-14 02:00:00,
2023-09-14 03:00:00,
2023-09-14 04:00:00,
2023-09-14 05:00:00,75.96000000000004
2023-09-14 06:00:00,
2023-09-14 07:00:00,
2023-09-14 08:00:00,
2023-09-14 09:00:00,
2023-09-14 10:00:00,
2023-09-14 11:00:00,
2023-09-14 12:00:00,
2023-09-14 13:00:00,
2023-09-14 14:00:00,
2023-09-14 15:00:00,
2023-09-14 16:00:00,
2023-09-14 17:00:00,
2023-09-14 18:00:00,
2023-09-14 19:00:00,
2023-09-14 20:00:00,
2023-09-14 22:00:00,
2023-09-14 23:00:00,
2023-09-15 00:00:00,
2023-09-15 01:00:00,
2023-09-15 02:00:00,
2023-09-15 03:00:00,
2023-09-15 04:00:00,
2023-09-15 05:00:00,76.12000000000003
2023-09-15 06:00:00,
2023-09-15 07:00:00,
2023-09-15 08:00:00,
2023-09-15 09:00:00,
2023-09-15 10:00:00,
2023-09-15 11:00:00,
2023-09-15 12:00:00,
2023-09-15 13:00:00,
2023-09-15 14:00:00,
2023-09-15 15:00:00,
2023-09-15 16:00:00,
2023-09-15 17:00:00,
2023-09-15 18:00:00,
2023-09-15 19:00:00,
2023-09-15 20:00:00,
2023-09-17 22:00:00,
2023-09-17 23:00:00,
2023-09-18 00:00:00,
2023-09-18 01:00:00,
2023-09-18 02:00:00,
2023-09-18 03:00:00,
2023-09-18 04:00:00,
2023-09-18 05:00:00,76.41000000000005
2023-09-18 06:00:00,
2023-09-18 07:00:00,
2023-09-18 08:00:00,
2023-09-18 09:00:00,
2023-09-18 10:00:00,
2023-09-18 11:00:00,
2023-09-18 12:00:00,
2023-09-18 13:00:00,
2023-09-18 14:00:00,
2023-09-18 15:00:00,
2023-09-18 16:00:00,
2023-09-18 17:00:00,
2023-09-18 18:00:00,
2023-09-18 19:00:00,
2023-09-18 20:00:00,
2023-09-18 22:00:00,
2023-09-18 23:00:00,
2023-09-19 00:00:00,
2023-09-19 01:00:00,
2023-09-19 02:00:00,
2023-09-19 03:00:00,
2023-09-19 04:00:00,
2023-09-19 05:00:00,76.32000000000005
2023-09-19 06:00:00,
2023-09-19 07:00:00,
2023-09-19 08:00:00,
2023-09-19 09:00:00,
2023-09-19 10:00:00,
2023-09-19 11:00:00,
2023-09-19 12:00:00,
2023-09-19 13:00:00,
2023-09-19 14:00:00,
2023-09-19 15:00:00,
2023-09-19 16:00:00,
2023-09-19 17:00:00,
2023-09-19 18:00:00,
2023-09-19 19:00:00,
2023-09-19 20:00:00,
2023-09-19 22:00:00,
2023-09-19 23:00:00,
2023-09-20 00:00:00,
2023-09-20 01:00:00,
2023-09-20 02:00:00,
2023-09-20 03:00:00,
2023-09-20 04:00:00,
2023-09-20 05:00:00,75.49000000000004
2023-09-20 06:00:00,
2023-09-20 07:00:00,
2023-09-20 08:00:00,
2023-09-20 09:00:00,
2023-09-20 10:00:00,
2023-09-20 11:00:00,
2023-09-20 12:00:00,
2023-09-20 13:00:00,
2023-09-20 14:00:00,
2023-09-20 15:00:00,
2023-09-20 16:00:00,
2023-09-20 17:00:00,
2023-09-20 18:00:00,
2023-09-20 19:00:00,
2023-09-20 20:00:00,
2023-09-20 22:00:00,
2023-09-20 23:00:00,
2023-09-21 00:00:00,
2023-09-21 01:00:00,
2023-09-21 02:00:00,
2023-09-21 03:00:00,
2023-09-21 04:00:00,
2023-09-21 05:00:00,75.47000000000003
2023-09-21 06:00:00,
2023-09-21 07:00:00,
2023-09-21 08:00:00,
2023-09-21 09:00:00,
2023-09-21 10:00:00,
2023-09-21 11:00:00,
2023-09-21 12:00:00,
2023-09-21 13:00:00,
2023-09-21 14:00:00,
2023-09-21 15:00:00,
2023-09-21 16:00:00,
2023-09-21 17:00:00,
2023-09-21 18:00:00,
2023-09-21 19:00:00,
2023-09-21 20:00:00,
2023-09-21 22:00:00,
2023-09-21 23:00:00,
2023-09-22 00:00:00,
2023-09-22 01:00:00,
2023-09-22 02:00:00,
2023-09-22 03:00:00,
2023-09-22 04:00:00,
2023-09-22 05:00:00,75.50000000000003
2023-09-22 06:00:00,
2023-09-22 07:00:00,
2023-09-22 08:00:00,
2023-09-22 09:00:00,
2023-09-22 10:00:00,
2023-09-22 11:00:00,
2023-09-22 12:00:00,
2023-09-22 13:00:00,
2023-09-22 14:00:00,
2023-09-22 15:00:00,
2023-09-22 16:00:00,
2023-09-22 17:00:00,
2023-09-22 18:00:00,
2023-09-22 19:00:00,
2023-09-22 20:00:00,
2023-09-24 22:00:00,
2023-09-24 23:00:00,
2023-09-25 00:00:00,
2023-09-25 01:00:00,
2023-09-25 02:00:00,
2023-09-25 03:00:00,
2023-09-25 04:00:00,
2023-09-25 05:00:00,75.32000000000005
2023-09-25 06:00:00,
2023-09-25 07:00:00,
2023-09-25 08:00:00,
2023-09-25 09:00:00,
2023-09-25 10:00:00,
2023-09-25 11:00:00,
2023-09-25 12:00:00,
2023-09-25 13:00:00,
2023-09-25 14:00:00,
2023-09-25 15:00:00,
2023-09-25 16:00:00,
2023-09-25 17:00:00,
2023-09-25 18:00:00,
2023-09-25 19:00:00,
2023-09-25 20:00:00,
2023-09-25 22:00:00,
2023-09-25 23:00:00,
2023-09-26 00:00:00,
2023-09-26 01:00:00,
2023-09-26 02:00:00,
2023-09-26 03:00:00,
2023-09-26 04:00:00,
2023-09-26 05:00:00,75.93000000000004
2023-09-26 06:00:00,
2023-09-26 07:00:00,
2023-09-26 08:00:00,
2023-09-26 09:00:00,
2023-09-26 10:00:00,
2023-09-26 11:00:00,
2023-09-26 12:00:00,
2023-09-26 13:00:00,
2023-09-26 14:00:00,
2023-09-26 15:00:00,
2023-09-26 16:00:00,
2023-09-26 17:00:00,
2023-09-26 18:00:00,
2023-09-26 19:00:00,
2023-09-26 20:00:00,
2023-09-26 22:00:00,
2023-09-26 23:00:00,
2023-09-27 00:00:00,
2023-09-27 01:00:00,
2023-09-27 02:00:00,
2023-09-27 03:00:00,
2023-09-27 04:00:00,
2023-09-27 05:00:00,78.45000000000005
2023-09-27 06:00:00,
2023-09-27 07:00:00,
2023-09-27 08:00:00,
2023-09-27 09:00:00,
2023-09-27 10:00:00,
2023-09-27 11:00:00,
2023-09-27 12:00:00,
2023-09-27 13:00:00,
2023-09-27 14:00:00,
2023-09-27 15:00:00,
2023-09-27 16:00:00,
2023-09-27 17:00:00,
2023-09-27 18:00:00,
2023-09-27 19:00:00,
2023-09-27 20:00:00,
2023-09-27 22:00:00,
2023-09-27 23:00:00,
2023-09-28 00:00:00,
2023-09-28 01:00:00,
2023-09-28 02:00:00,
2023-09-28 03:00:00,
2023-09-28 04:00:00,
2023-09-28 05:00:00,76.74000000000004
2023-09-28 06:00:00,
2023-09-28 07:00:00,
2023-09-28 08:00:00,
2023-09-28 09:00:00,
2023-09-28 10:00:00,
2023-09-28 11:00:00,
2023-09-28 12:00:00,
2023-09-28 13:00:00,
2023-09-28 14:00:00,
2023-09-28 15:00:00,
2023-09-28 16:00:00,
2023-09-28 17:00:00,
2023-09-28 18:00:00,
2023-09-28 19:00:00,
2023-09-28 20:00:00,
2023-09-28 22:00:00,
2023-09-28 23:00:00,
2023-09-29 00:00:00,
2023-09-29 01:00:00,
2023-09-29 02:00:00,
2023-09-29 03:00:00,
2023-09-29 04:00:00,
2023-09-29 05:00:00,75.95000000000005
2023-09-29 06:00:00,
2023-09-29 07:00:00,
2023-09-29 08:00:00,
2023-09-29 09:00:00,
2023-09-29 10:00:00,
2023-09-29 11:00:00,
2023-09-29 12:00:00,
2023-09-29 13:00:00,
2023-09-29 14:00:00,
2023-09-29 15:00:00,
2023-09-29 16:00:00,
2023-09-29 17:00:00,
2023-09-29 18:00:00,
2023-09-29 19:00:00,
2023-09-29 20:00:00,
2023-10-01 22:00:00,
2023-10-01 23:00:00,
2023-10-02 00:00:00,
2023-10-02 01:00:00,
2023-10-02 02:00:00,
2023-10-02 03:00:00,
2023-10-02 04:00:00,
2023-10-02 05:00:00,74.32000000000005
2023-10-02 06:00:00,
2023-10-02 07:00:00,
2023-10-02 08:00:00,
2023-10-02 09:00:00,
2023-10-02 10:00:00,
2023-10-02 11:00:00,
2023-10-02 12:00:00,
2023-10-02 13:00:00,
2023-10-02 14:00:00,
2023-10-02 15:00:00,
2023-10-02 16:00:00,
2023-10-02 17:00:00,
2023-10-02 18:00:00,
2023-10-02 19:00:00,
2023-10-02 20:00:00,
2023-10-02 22:00:00,
2023-10-02 23:00:00,
2023-10-03 00:00:00,
2023-10-03 01:00:00,
2023-10-03 02:00:00,
2023-10-03 03:00:00,
2023-10-03 04:00:00,
2023-10-03 05:00:00,74.59000000000003
2023-10-03 06:00:00,
2023-10-03 07:00:00,
2023-10-03 08:00:00,
2023-10-03 09:00:00,
2023-10-03 10:00:00,
2023-10-03 11:00:00,
2023-10-03 12:00:00,
2023-10-03 13:00:00,
2023-10-03 14:00:00,
2023-10-03 15:00:00,
2023-10-03 16:00:00,
2023-10-03 17:00:00,
2023-10-03 18:00:00,
2023-10-03 19:00:00,
2023-10-03 20:00:00,
2023-10-03 22:00:00,
2023-10-03 23:00:00,
2023-10-04 00:00:00,
2023-10-04 01:00:00,
2023-10-04 02:00:00,
2023-10-04 03:00:00,
2023-10-04 04:00:00,
2023-10-04 05:00:00,69.70000000000005
2023-10-04 06:00:00,
2023-10-04 07:00:00,
2023-10-04 08:00:00,
2023-10-04 09:00:00,
2023-10-04 10:00:00,
2023-10-04 11:00:00,
2023-10-04 12:00:00,
2023-10-04 13:00:00,
2023-10-04 14:00:00,
2023-10-04 15:00:00,
2023-10-04 16:00:00,
2023-10-04 17:00:00,
2023-10-04 18:00:00,
2023-10-04 19:00:00,
2023-10-04 20:00:00,
2023-10-04 22:00:00,
2023-10-04 23:00:00,
2023-10-05 00:00:00,
2023-10-05 01:00:00,
2023-10-05 02:00:00,
2023-10-05 03:00:00,
2023-10-05 04:00:00,
2023-10-05 05:00:00,67.96000000000004
2023-10-05 06:00:00,
2023-10-05 07:00:00,
2023-10-05 08:00:00,
2023-10-05 09:00:00,
2023-10-05 10:00:00,
2023-10-05 11:00:00,
2023-10-05 12:00:00,
2023-10-05 13:00:00,
2023-10-05 14:00:00,
2023-10-05 15:00:00,
2023-10-05 16:00:00,
2023-10-05 17:00:00,
2023-10-05 18:00:00,
2023-10-05 19:00:00,
2023-10-05 20:00:00,
2023-10-05 22:00:00,
2023-10-05 23:00:00,
2023-10-06 00:00:00,
2023-10-06 01:00:00,
2023-10-06 02:00:00,
2023-10-06 03:00:00,
2023-10-06 04:00:00,
2023-10-06 05:00:00,68.43000000000004
2023-10-06 06:00:00,
2023-10-06 07:00:00,
2023-10-06 08:00:00,
2023-10-06 09:00:00,
2023-10-06 10:00:00,
2023-10-06 11:00:00,
2023-10-06 12:00:00,
2023-10-06 13:00:00,
2023-10-06 14:00:00,
2023-10-06 15:00:00,
2023-10-06 16:00:00,
2023-10-06 17:00:00,
2023-10-06 18:00:00,
2023-10-06 19:00:00,
2023-10-06 20:00:00,
2023-10-08 22:00:00,
2023-10-08 23:00:00,
2023-10-09 00:00:00,
2023-10-09 01:00:00,
2023-10-09 02:00:00,
2023-10-09 03:00:00,
2023-10-09 04:00:00,
2023-10-09 05:00:00,71.75000000000003
2023-10-09 06:00:00,
2023-10-09 07:00:00,
2023-10-09 08:00:00,
2023-10-09 09:00:00,
2023-10-09 10:00:00,
2023-10-09 11:00:00,
2023-10-09 12:00:00,
2023-10-09 13:00:00,
2023-10-09 14:00:00,
2023-10-09 15:00:00,
2023-10-09 16:00:00,
2023-10-09 17:00:00,
2023-10-09 18:00:00,
2023-10-09 19:00:00,
2023-10-09 20:00:00,
2023-10-09 22:00:00,
2023-10-09 23:00:00,
2023-10-10 00:00:00,
2023-10-10 01:00:00,
2023-10-10 02:00:00,
2023-10-10 03:00:00,
2023-10-10 04:00:00,
2023-10-10 05:00:00,71.28000000000003
2023-10-10 06:00:00,
2023-10-10 07:00:00,
2023-10-10 08:00:00,
2023-10-10 09:00:00,
2023-10-10 10:00:00,
2023-10-10 11:00:00,
2023-10-10 12:00:00,
2023-10-10 13:00:00,
2023-10-10 14:00:00,
2023-10-10 15:00:00,
2023-10-10 16:00:00,
2023-10-10 17:00:00,
2023-10-10 18:00:00,
2023-10-10 19:00:00,
2023-10-10 20:00:00,
2023-10-10 22:00:00,
2023-10-10 23:00:00,
2023-10-11 00:00:00,
2023-10-11 01:00:00,
2023-10-11 02:00:00,
2023-10-11 03:00:00,
2023-10-11 04:00:00,
2023-10-11 05:00:00,69.22000000000003
2023-10-11 06:00:00,71.33000000000004
2023-10-11 07:00:00,71.22000000000003
2023-10-11 08:00:00,70.92000000000004
2023-10-11 09:00:00,70.50000000000003
2023-10-11 10:00:00,70.77000000000004
2023-10-11 11:00:00,70.52000000000004
2023-10-11 12:00:00,70.22000000000003
2023-10-11 13:00:00,70.01000000000002
2023-10-11 14:00:00,69.18000000000004
2023-10-11 15:00:00,69.26000000000002
2023-10-11 16:00:00,69.89000000000004
2023-10-11 17:00:00,69.72000000000003
2023-10-11 18:00:00,69.61000000000004
2023-10-11 19:00:00,69.70000000000005
2023-10-11 20:00:00,69.16000000000003
2023-10-11 22:00:00,69.08000000000004
2023-10-11 23:00:00,69.03000000000003
2023-10-12 00:00:00,69.15000000000003
2023-10-12 01:00:00,68.92000000000004
2023-10-12 02:00:00,68.79000000000002
2023-10-12 03:00:00,68.98000000000005
2023-10-12 04:00:00,69.04000000000002
2023-10-12 05:00:00,69.03000000000003
2023-10-12 06:00:00,69.10000000000002
2023-10-12 07:00:00,69.79000000000002
2023-10-12 08:00:00,70.02000000000004
2023-10-12 09:00:00,70.02000000000004
2023-10-12 10:00:00,70.00000000000003
2023-10-12 11:00:00,70.45000000000005
2023-10-12 12:00:00,70.59000000000003
2023-10-12 13:00:00,70.30000000000004
2023-10-12 14:00:00,70.33000000000004
2023-10-12 15:00:00,69.66000000000003
2023-10-12 16:00:00,69.06000000000003
2023-10-12 17:00:00,68.83000000000004
2023-10-12 18:00:00,69.37000000000003
2023-10-12 19:00:00,69.47000000000003
2023-10-12 20:00:00,69.45000000000005
2023-10-12 22:00:00,69.39000000000004
2023-10-12 23:00:00,69.41000000000003
2023-10-13 00:00:00,69.43000000000004
2023-10-13 01:00:00,69.48000000000005
2023-10-13 02:00:00,69.65000000000003
2023-10-13 03:00:00,69.54000000000002
2023-10-13 04:00:00,69.60000000000002
2023-10-13 05:00:00,73.38000000000002
2023-10-13 06:00:00,70.06000000000003
2023-10-13 07:00:00,70.75000000000003
2023-10-13 08:00:00,71.14000000000004
2023-10-13 09:00:00,71.86000000000004
2023-10-13 10:00:00,71.94000000000003
2023-10-13 11:00:00,72.23000000000005
2023-10-13 12:00:00,72.52000000000004
2023-10-13 13:00:00,71.59000000000003
2023-10-13 14:00:00,71.96000000000004
2023-10-13 15:00:00,72.40000000000003
2023-10-13 16:00:00,72.70000000000005
2023-10-13 17:00:00,72.99000000000004
2023-10-13 18:00:00,73.30000000000004
2023-10-13 19:00:00,73.30000000000004
2023-10-13 20:00:00,73.36000000000004
2023-10-15 22:00:00,73.31000000000003
2023-10-15 23:00:00,73.29000000000002
2023-10-16 00:00:00,73.14000000000004
2023-10-16 01:00:00,73.34000000000003
2023-10-16 02:00:00,73.37000000000003
2023-10-16 03:00:00,73.44000000000003
2023-10-16 04:00:00,73.41000000000003
2023-10-16 05:00:00,72.32000000000002
2023-10-16 06:00:00,72.99000000000004
2023-10-16 07:00:00,73.20000000000005
2023-10-16 08:00:00,73.08000000000004
2023-10-16 09:00:00,73.42000000000004
2023-10-16 10:00:00,73.35000000000002
2023-10-16 11:00:00,73.22000000000003
2023-10-16 12:00:00,73.71000000000004
2023-10-16 13:00:00,72.70000000000005
2023-10-16 14:00:00,72.74000000000004
2023-10-16 15:00:00,72.53000000000003
2023-10-16 16:00:00,72.90000000000003
2023-10-16 17:00:00,72.59000000000003
2023-10-16 18:00:00,72.35000000000002
2023-10-16 19:00:00,72.65000000000003
2023-10-16 20:00:00,72.73000000000005
2023-10-16 22:00:00,72.63000000000002
2023-10-16 23:00:00,72.54000000000002
2023-10-17 00:00:00,72.46000000000004
2023-10-17 01:00:00,72.23000000000005
2023-10-17 02:00:00,72.05000000000004
2023-10-17 03:00:00,72.26000000000002
2023-10-17 04:00:00,72.18000000000004
2023-10-17 05:00:00,72.60000000000002
2023-10-17 06:00:00,72.37000000000003
2023-10-17 07:00:00,72.48000000000005
2023-10-17 08:00:00,72.42000000000004
2023-10-17 09:00:00,72.68000000000004
2023-10-17 10:00:00,72.58000000000004
2023-10-17 11:00:00,72.56000000000003
2023-10-17 12:00:00,72.53000000000003
2023-10-17 13:00:00,72.65000000000003
2023-10-17 14:00:00,72.71000000000004
2023-10-17 15:00:00,72.19000000000003
2023-10-17 16:00:00,72.19000000000003
2023-10-17 17:00:00,72.28000000000003
2023-10-17 18:00:00,72.66000000000003
2023-10-17 19:00:00,73.06000000000003
2023-10-17 20:00:00,73.48000000000005
2023-10-17 22:00:00,73.78000000000003
2023-10-17 23:00:00,74.05000000000004
2023-10-18 00:00:00,74.01000000000002
2023-10-18 01:00:00,74.58000000000004
2023-10-18 02:00:00,74.26000000000002
2023-10-18 03:00:00,74.26000000000002
2023-10-18 04:00:00,74.35000000000002
2023-10-18 05:00:00,74.24000000000004
2023-10-18 06:00:00,74.04000000000002
2023-10-18 07:00:00,74.18000000000004
2023-10-18 08:00:00,74.55000000000004
2023-10-18 09:00:00,75.08000000000004
2023-10-18 10:00:00,74.95000000000005
2023-10-18 11:00:00,74.39000000000004
2023-10-18 12:00:00,73.94000000000003
2023-10-18 13:00:00,74.05000000000004
2023-10-18 14:00:00,74.29000000000002
2023-10-18 15:00:00,74.15000000000003
2023-10-18 16:00:00,74.39000000000004
2023-10-18 17:00:00,74.24000000000004
2023-10-18 18:00:00,74.46000000000004
2023-10-18 19:00:00,74.28000000000003
2023-10-18 20:00:00,74.26000000000002
2023-10-18 22:00:00,74.32000000000002
2023-10-18 23:00:00,74.20000000000005
2023-10-19 00:00:00,73.94000000000003
2023-10-19 01:00:00,74.05000000000004
2023-10-19 02:00:00,74.04000000000002
2023-10-19 03:00:00,74.05000000000004
2023-10-19 04:00:00,74.23000000000005
2023-10-19 05:00:00,75.36000000000004
2023-10-19 06:00:00,74.06000000000003
2023-10-19 07:00:00,73.45000000000005
2023-10-19 08:00:00,72.89000000000004
2023-10-19 09:00:00,72.98000000000005
2023-10-19 10:00:00,73.32000000000002
2023-10-19 11:00:00,73.70000000000005
2023-10-19 12:00:00,73.66000000000003
2023-10-19 13:00:00,73.80000000000004
2023-10-19 14:00:00,74.13000000000002
2023-10-19 15:00:00,74.55000000000004
2023-10-19 16:00:00,74.92000000000004
2023-10-19 17:00:00,75.28000000000003
2023-10-19 18:00:00,75.85000000000002
2023-10-19 19:00:00,76.22000000000003
2023-10-19 20:00:00,76.05000000000004
2023-10-19 22:00:00,76.13000000000002
2023-10-19 23:00:00,76.02000000000004
2023-10-20 00:00:00,76.03000000000003
2023-10-20 01:00:00,76.08000000000004
2023-10-20 02:00:00,76.37000000000003
2023-10-20 03:00:00,76.21000000000004
2023-10-20 04:00:00,76.22000000000003
2023-10-20 05:00:00,75.12000000000003
2023-10-20 06:00:00,76.06000000000003
2023-10-20 07:00:00,75.92000000000004
2023-10-20 08:00:00,76.55000000000004
2023-10-20 09:00:00,76.46000000000004
2023-10-20 10:00:00,76.48000000000005
2023-10-20 11:00:00,76.39000000000004
2023-10-20 12:00:00,76.42000000000004
2023-10-20 13:00:00,76.27000000000004
2023-10-20 14:00:00,76.17000000000004
2023-10-20 15:00:00,76.09000000000003
2023-10-20 16:00:00,75.47000000000003
2023-10-20 17:00:00,75.34000000000003
2023-10-20 18:00:00,75.21000000000004
2023-10-20 19:00:00,75.19000000000003
2023-10-20 20:00:00,75.28000000000003
2023-10-22 22:00:00,74.93000000000004
2023-10-22 23:00:00,74.84000000000003
2023-10-23 00:00:00,74.56000000000003
2023-10-23 01:00:00,74.38000000000002
2023-10-23 02:00:00,74.24000000000004
2023-10-23 03:00:00,74.24000000000004
2023-10-23 04:00:00,74.13000000000002
2023-10-23 05:00:00,72.72000000000003
2023-10-23 06:00:00,74.23000000000005
2023-10-23 07:00:00,74.67000000000004
2023-10-23 08:00:00,75.19000000000003
2023-10-23 09:00:00,74.75000000000003
2023-10-23 10:00:00,74.52000000000004
2023-10-23 11:00:00,74.74000000000004
2023-10-23 12:00:00,74.60000000000002
2023-10-23 13:00:00,74.39000000000004
2023-10-23 14:00:00,74.42000000000004
2023-10-23 15:00:00,73.84000000000003
2023-10-23 16:00:00,73.08000000000004
2023-10-23 17:00:00,72.99000000000004
2023-10-23 18:00:00,73.00000000000003
2023-10-23 19:00:00,73.19000000000003
2023-10-23 20:00:00,73.32000000000002
2023-10-23 22:00:00,73.27000000000004
2023-10-23 23:00:00,73.37000000000003
2023-10-24 00:00:00,73.26000000000002
2023-10-24 01:00:00,73.30000000000004
2023-10-24 02:00:00,73.32000000000002
2023-10-24 03:00:00,73.21000000000004
2023-10-24 04:00:00,73.10000000000002
2023-10-24 05:00:00,71.27000000000004
2023-10-24 06:00:00,73.15000000000003
2023-10-24 07:00:00,73.39000000000004
2023-10-24 08:00:00,72.93000000000004
2023-10-24 09:00:00,73.24000000000004
2023-10-24 10:00:00,73.10000000000002
2023-10-24 11:00:00,72.97000000000003
2023-10-24 12:00:00,72.93000000000004
2023-10-24 13:00:00,72.25000000000003
2023-10-24 14:00:00,71.39000000000004
2023-10-24 15:00:00,70.74000000000004
2023-10-24 16:00:00,71.22000000000003
2023-10-24 17:00:00,71.42000000000004
2023-10-24 18:00:00,71.21000000000004
2023-10-24 19:00:00,71.18000000000004
2023-10-24 20:00:00,71.28000000000003
2023-10-24 22:00:00,71.36000000000004
2023-10-24 23:00:00,71.28000000000003
2023-10-25 00:00:00,71.16000000000003
2023-10-25 01:00:00,71.25000000000003
2023-10-25 02:00:00,71.22000000000003
2023-10-25 03:00:00,71.34000000000003
2023-10-25 04:00:00,71.14000000000004
2023-10-25 05:00:00,72.99000000000004
2023-10-25 06:00:00,70.82000000000002
2023-10-25 07:00:00,70.94000000000003
2023-10-25 08:00:00,71.48000000000005
2023-10-25 09:00:00,71.41000000000003
2023-10-25 10:00:00,71.09000000000003
2023-10-25 11:00:00,71.53000000000003
2023-10-25 12:00:00,71.52000000000004
2023-10-25 13:00:00,71.18000000000004
2023-10-25 14:00:00,70.87000000000003
2023-10-25 15:00:00,71.58000000000004
2023-10-25 16:00:00,72.01000000000002
2023-10-25 17:00:00,72.44000000000003
2023-10-25 18:00:00,72.98000000000005
2023-10-25 19:00:00,72.82000000000002
2023-10-25 20:00:00,72.84000000000003
2023-10-25 22:00:00,72.79000000000002
2023-10-25 23:00:00,72.78000000000003
2023-10-26 00:00:00,73.03000000000003
2023-10-26 01:00:00,72.77000000000004
2023-10-26 02:00:00,72.76000000000002
2023-10-26 03:00:00,72.76000000000002
2023-10-26 04:00:00,72.74000000000004
2023-10-26 05:00:00,70.84000000000003
2023-10-26 06:00:00,72.23000000000005
2023-10-26 07:00:00,72.76000000000002
2023-10-26 08:00:00,72.43000000000004
2023-10-26 09:00:00,72.33000000000004
2023-10-26 10:00:00,71.75000000000003
2023-10-26 11:00:00,71.36000000000004
2023-10-26 12:00:00,70.95000000000005
2023-10-26 13:00:00,71.47000000000003
2023-10-26 14:00:00,71.69000000000003
2023-10-26 15:00:00,71.79000000000002
2023-10-26 16:00:00,71.30000000000004
2023-10-26 17:00:00,70.94000000000003
2023-10-26 18:00:00,70.96000000000004
2023-10-26 19:00:00,71.12000000000003
2023-10-26 20:00:00,71.14000000000004
2023-10-26 22:00:00,71.14000000000004
2023-10-26 23:00:00,71.28000000000003
2023-10-27 00:00:00,71.24000000000004
2023-10-27 01:00:00,71.53000000000003
2023-10-27 02:00:00,71.88000000000002
2023-10-27 03:00:00,71.88000000000002
2023-10-27 04:00:00,72.14000000000004
2023-10-27 05:00:00,72.25000000000003
2023-10-27 06:00:00,72.22000000000003
2023-10-27 07:00:00,72.00000000000003
2023-10-27 08:00:00,72.50000000000003
2023-10-27 09:00:00,72.78000000000003
2023-10-27 10:00:00,72.57000000000002
2023-10-27 11:00:00,71.97000000000003
2023-10-27 12:00:00,72.14000000000004
2023-10-27 13:00:00,71.06000000000003
2023-10-27 14:00:00,71.34000000000003
2023-10-27 15:00:00,71.64000000000004
2023-10-27 16:00:00,72.13000000000002
2023-10-27 17:00:00,73.17000000000004
2023-10-27 18:00:00,72.45000000000005
2023-10-27 19:00:00,72.63000000000002
2023-10-27 20:00:00,72.63000000000002
2023-10-29 22:00:00,71.88000000000002
2023-10-29 23:00:00,72.08000000000004
2023-10-30 00:00:00,72.31000000000003
2023-10-30 01:00:00,72.19000000000003
2023-10-30 02:00:00,72.08000000000004
2023-10-30 03:00:00,71.78000000000003
2023-10-30 04:00:00,71.75000000000003
2023-10-30 05:00:00,69.98000000000005
2023-10-30 06:00:00,71.92000000000004
2023-10-30 07:00:00,71.72000000000003
2023-10-30 08:00:00,71.48000000000005
2023-10-30 09:00:00,72.06000000000003
2023-10-30 10:00:00,72.12000000000003
2023-10-30 11:00:00,71.98000000000005
2023-10-30 12:00:00,71.59000000000003
2023-10-30 13:00:00,71.65000000000003
2023-10-30 14:00:00,70.56000000000003
2023-10-30 15:00:00,70.22000000000003
2023-10-30 16:00:00,70.21000000000004
2023-10-30 17:00:00,70.35000000000002
2023-10-30 18:00:00,70.15000000000003
2023-10-30 19:00:00,70.20000000000005
2023-10-30 20:00:00,70.24000000000004
2023-10-30 22:00:00,70.35000000000002
2023-10-30 23:00:00,70.30000000000004
2023-10-31 00:00:00,70.52000000000004
2023-10-31 01:00:00,70.30000000000004
2023-10-31 02:00:00,70.32000000000002
2023-10-31 03:00:00,70.26000000000002
2023-10-31 04:00:00,70.38000000000002
2023-10-31 05:00:00,68.80000000000004
2023-10-31 06:00:00,70.54000000000002
2023-10-31 07:00:00,70.20000000000005
2023-10-31 08:00:00,70.43000000000004
2023-10-31 09:00:00,70.57000000000002
2023-10-31 10:00:00,70.70000000000005
2023-10-31 11:00:00,70.68000000000004
2023-10-31 12:00:00,70.60000000000002
2023-10-31 13:00:00,70.11000000000004
2023-10-31 14:00:00,70.56000000000003
2023-10-31 15:00:00,70.51000000000002
2023-10-31 16:00:00,69.81000000000003
2023-10-31 17:00:00,69.01000000000002
2023-10-31 18:00:00,68.97000000000003
2023-10-31 19:00:00,69.08000000000004
2023-10-31 20:00:00,69.20000000000005
2023-10-31 22:00:00,69.27000000000004
2023-10-31 23:00:00,69.17000000000004
2023-11-01 00:00:00,69.01000000000002
2023-11-01 01:00:00,68.99000000000004
2023-11-01 02:00:00,69.08000000000004
2023-11-01 03:00:00,68.95000000000005
2023-11-01 04:00:00,68.99000000000004
2023-11-01 05:00:00,68.40000000000003
2023-11-01 06:00:00,69.17000000000004
2023-11-01 07:00:00,69.30000000000004
2023-11-01 08:00:00,69.21000000000004
2023-11-01 09:00:00,69.76000000000002
2023-11-01 10:00:00,70.16000000000003
2023-11-01 11:00:00,70.49000000000004
2023-11-01 12:00:00,70.58000000000004
2023-11-01 13:00:00,70.68000000000004
2023-11-01 14:00:00,70.77000000000004
2023-11-01 15:00:00,70.11000000000004
2023-11-01 16:00:00,69.55000000000004
2023-11-01 17:00:00,68.97000000000003
2023-11-01 18:00:00,68.54000000000002
2023-11-01 19:00:00,68.82000000000002
2023-11-01 20:00:00,68.84000000000003
2023-11-01 22:00:00,68.85000000000002
2023-11-01 23:00:00,68.85000000000002
2023-11-02 00:00:00,69.03000000000003
2023-11-02 01:00:00,69.23000000000005
2023-11-02 02:00:00,69.28000000000003
2023-11-02 03:00:00,69.23000000000005
2023-11-02 04:00:00,69.28000000000003
2023-11-02 05:00:00,69.17000000000004
2023-11-02 06:00:00,69.29000000000002
2023-11-02 07:00:00,69.39000000000004
2023-11-02 08:00:00,69.61000000000004
2023-11-02 09:00:00,69.60000000000002
2023-11-02 10:00:00,69.48000000000005
2023-11-02 11:00:00,69.34000000000003
2023-11-02 12:00:00,69.03000000000003
2023-11-02 13:00:00,69.50000000000003
2023-11-02 14:00:00,69.42000000000004
2023-11-02 15:00:00,70.07000000000002
2023-11-02 16:00:00,70.06000000000003
2023-11-02 17:00:00,70.67000000000004
2023-11-02 18:00:00,70.54000000000002
2023-11-02 19:00:00,70.34000000000003
2023-11-02 20:00:00,70.45000000000005
2023-11-02 22:00:00,70.58000000000004
2023-11-02 23:00:00,70.51000000000002
2023-11-03 00:00:00,70.50000000000003
2023-11-03 01:00:00,70.37000000000003
2023-11-03 02:00:00,70.72000000000003
2023-11-03 03:00:00,70.61000000000004
2023-11-03 04:00:00,70.75000000000003
2023-11-03 05:00:00,68.53000000000003
2023-11-03 06:00:00,70.71000000000004
2023-11-03 07:00:00,70.92000000000004
2023-11-03 08:00:00,70.87000000000003
2023-11-03 09:00:00,70.38000000000002
2023-11-03 10:00:00,70.61000000000004
2023-11-03 11:00:00,71.10000000000002
2023-11-03 12:00:00,71.23000000000005
2023-11-03 13:00:00,70.36000000000004
2023-11-03 14:00:00,69.17000000000004
2023-11-03 15:00:00,69.80000000000004
2023-11-03 16:00:00,68.77000000000004
2023-11-03 17:00:00,68.36000000000004
2023-11-03 18:00:00,68.99000000000004
2023-11-03 19:00:00,68.88000000000002
2023-11-03 20:00:00,68.83000000000004
2023-11-05 23:00:00,69.04000000000002
2023-11-06 00:00:00,69.06000000000003
2023-11-06 01:00:00,69.00000000000003
2023-11-06 02:00:00,69.00000000000003
2023-11-06 03:00:00,68.92000000000004
2023-11-06 04:00:00,68.99000000000004
2023-11-06 05:00:00,68.89000000000004
2023-11-06 06:00:00,68.90000000000003
2023-11-06 07:00:00,69.22000000000003
2023-11-06 08:00:00,69.58000000000004
2023-11-06 09:00:00,69.79000000000002
2023-11-06 10:00:00,69.93000000000004
2023-11-06 11:00:00,69.57000000000002
2023-11-06 12:00:00,69.51000000000002
2023-11-06 13:00:00,69.39000000000004
2023-11-06 14:00:00,69.89000000000004
2023-11-06 15:00:00,69.56000000000003
2023-11-06 16:00:00,69.81000000000003
2023-11-06 17:00:00,69.96000000000004
2023-11-06 18:00:00,69.50000000000003
2023-11-06 19:00:00,69.18000000000004
2023-11-06 20:00:00,68.92000000000004
2023-11-06 21:00:00,68.96000000000004
2023-11-06 23:00:00,68.97000000000003
2023-11-07 00:00:00,68.85000000000002
2023-11-07 01:00:00,68.59000000000003
2023-11-07 02:00:00,68.69000000000003
2023-11-07 03:00:00,68.54000000000002
2023-11-07 04:00:00,68.50000000000003
2023-11-07 05:00:00,68.44000000000003
2023-11-07 06:00:00,65.51000000000002
2023-11-07 07:00:00,68.07000000000002
2023-11-07 08:00:00,67.39000000000004
2023-11-07 09:00:00,67.24000000000004
2023-11-07 10:00:00,67.49000000000004
2023-11-07 11:00:00,67.50000000000003
2023-11-07 12:00:00,67.34000000000003
2023-11-07 13:00:00,67.52000000000004
2023-11-07 14:00:00,66.58000000000004
2023-11-07 15:00:00,66.43000000000004
2023-11-07 16:00:00,66.09000000000003
2023-11-07 17:00:00,65.99000000000004
2023-11-07 18:00:00,65.81000000000003
2023-11-07 19:00:00,65.51000000000002
2023-11-07 20:00:00,65.58000000000004
2023-11-07 21:00:00,65.33000000000004
2023-11-07 23:00:00,65.26000000000002
2023-11-08 00:00:00,65.16000000000003
2023-11-08 01:00:00,65.29000000000002
2023-11-08 02:00:00,65.53000000000003
2023-11-08 03:00:00,65.43000000000004
2023-11-08 04:00:00,65.37000000000003
2023-11-08 05:00:00,65.27000000000004
2023-11-08 06:00:00,65.54000000000002
2023-11-08 07:00:00,65.55000000000004
2023-11-08 08:00:00,65.65000000000003
2023-11-08 09:00:00,65.37000000000003
2023-11-08 10:00:00,65.03000000000003
2023-11-08 11:00:00,64.96000000000004
2023-11-08 12:00:00,64.24000000000004
2023-11-08 13:00:00,65.01000000000002
2023-11-08 14:00:00,64.89000000000004
2023-11-08 15:00:00,63.81000000000003
2023-11-08 16:00:00,63.960000000000036
2023-11-08 17:00:00,63.39000000000004
2023-11-08 18:00:00,63.660000000000025
2023-11-08 19:00:00,63.82000000000002
2023-11-08 20:00:00,63.85000000000002
2023-11-08 21:00:00,63.87000000000003
2023-11-08 23:00:00,63.81000000000003
2023-11-09 00:00:00,63.82000000000002
2023-11-09 01:00:00,64.07000000000002
2023-11-09 02:00:00,63.87000000000003
2023-11-09 03:00:00,63.79000000000002
2023-11-09 04:00:00,63.660000000000025
2023-11-09 05:00:00,63.75000000000003
2023-11-09 06:00:00,64.04000000000002
2023-11-09 07:00:00,64.05000000000004
2023-11-09 08:00:00,64.31000000000003
2023-11-09 09:00:00,64.23000000000005
2023-11-09 10:00:00,64.23000000000005
2023-11-09 11:00:00,64.04000000000002
2023-11-09 12:00:00,64.25000000000003
2023-11-09 13:00:00,64.51000000000002
2023-11-09 14:00:00,64.49000000000004
2023-11-09 15:00:00,65.09000000000003
2023-11-09 16:00:00,64.45000000000005
2023-11-09 17:00:00,64.39000000000004
2023-11-09 18:00:00,64.40000000000003
2023-11-09 19:00:00,63.79000000000002
2023-11-09 20:00:00,63.89000000000004
2023-11-09 21:00:00,63.950000000000045
2023-11-09 23:00:00,63.85000000000002
2023-11-10 00:00:00,63.84000000000003
2023-11-10 01:00:00,64.07000000000002
2023-11-10 02:00:00,64.29000000000002
2023-11-10 03:00:00,64.30000000000004
2023-11-10 04:00:00,64.48000000000005
2023-11-10 05:00:00,64.43000000000004
2023-11-10 06:00:00,64.40000000000003
2023-11-10 07:00:00,64.29000000000002
2023-11-10 08:00:00,64.55000000000001
2023-11-10 09:00:00,64.77000000000001
2023-11-10 10:00:00,64.78000000000003
2023-11-10 11:00:00,64.88000000000002
2023-11-10 12:00:00,64.89000000000001
2023-11-10 13:00:00,64.99000000000001
2023-11-10 14:00:00,65.09000000000003
2023-11-10 15:00:00,65.13000000000002
2023-11-10 16:00:00,65.49000000000001
2023-11-10 17:00:00,65.76000000000002
2023-11-10 18:00:00,65.61000000000001
2023-11-10 19:00:00,65.36000000000001
2023-11-10 20:00:00,65.46000000000001
2023-11-10 21:00:00,65.58000000000001
2023-11-12 23:00:00,65.12000000000003
2023-11-13 00:00:00,65.06000000000003
2023-11-13 01:00:00,64.92000000000002
2023-11-13 02:00:00,64.68
2023-11-13 03:00:00,64.74000000000001
2023-11-13 04:00:00,64.62000000000003
2023-11-13 05:00:00,64.89000000000001
2023-11-13 06:00:00,64.90000000000003
2023-11-13 07:00:00,64.83000000000001
2023-11-13 08:00:00,65.01000000000002
2023-11-13 09:00:00,65.37000000000003
2023-11-13 10:00:00,65.52000000000001
2023-11-13 11:00:00,65.52000000000001
2023-11-13 12:00:00,65.48000000000002
2023-11-13 13:00:00,65.31000000000003
2023-11-13 14:00:00,66.06000000000003
2023-11-13 15:00:00,66.02000000000001
2023-11-13 16:00:00,66.62000000000003
2023-11-13 17:00:00,66.59000000000003
2023-11-13 18:00:00,66.58000000000001
2023-11-13 19:00:00,66.63000000000002
2023-11-13 20:00:00,66.68
2023-11-13 21:00:00,66.71000000000001
2023-11-13 23:00:00,66.71000000000001
2023-11-14 00:00:00,66.64000000000001
2023-11-14 01:00:00,66.67000000000002
2023-11-14 02:00:00,66.71000000000001
2023-11-14 03:00:00,66.74000000000001
2023-11-14 04:00:00,66.73000000000002
2023-11-14 05:00:00,66.58000000000001
2023-11-14 06:00:00,66.45000000000002
2023-11-14 07:00:00,66.60000000000002
2023-11-14 08:00:00,66.65000000000003
2023-11-14 09:00:00,66.43
2023-11-14 10:00:00,66.67000000000002
2023-11-14 11:00:00,66.28000000000003
2023-11-14 12:00:00,66.39000000000001
2023-11-14 13:00:00,66.99000000000001
2023-11-14 14:00:00,67.52000000000001
2023-11-14 15:00:00,67.59000000000003
2023-11-14 16:00:00,67.24000000000001
2023-11-14 17:00:00,66.56000000000003
2023-11-14 18:00:00,66.70000000000002
2023-11-14 19:00:00,66.44000000000003
2023-11-14 20:00:00,66.44000000000003
2023-11-14 21:00:00,66.43
2023-11-14 23:00:00,66.33000000000001
2023-11-15 00:00:00,66.29000000000002
2023-11-15 01:00:00,66.45000000000002
2023-11-15 02:00:00,66.68
2023-11-15 03:00:00,66.67000000000002
2023-11-15 04:00:00,66.59000000000003
2023-11-15 05:00:00,66.82000000000002
2023-11-15 06:00:00,65.27000000000001
2023-11-15 07:00:00,66.56000000000003
2023-11-15 08:00:00,66.42000000000002
2023-11-15 09:00:00,66.12000000000003
2023-11-15 10:00:00,66.13000000000002
2023-11-15 11:00:00,66.24000000000001
2023-11-15 12:00:00,66.29000000000002
2023-11-15 13:00:00,65.81000000000003
2023-11-15 14:00:00,65.68
2023-11-15 15:00:00,65.68
2023-11-15 16:00:00,65.83000000000001
2023-11-15 17:00:00,65.80000000000001
2023-11-15 18:00:00,65.13000000000002
2023-11-15 19:00:00,65.09000000000003
2023-11-15 20:00:00,65.16000000000003
2023-11-15 21:00:00,65.17000000000002
2023-11-15 23:00:00,65.02000000000001
2023-11-16 00:00:00,65.02000000000001
2023-11-16 01:00:00,64.62000000000003
2023-11-16 02:00:00,64.62000000000003
2023-11-16 03:00:00,64.66000000000003
2023-11-16 04:00:00,64.72000000000003
2023-11-16 05:00:00,64.67000000000002
2023-11-16 06:00:00,61.660000000000025
2023-11-16 07:00:00,64.70000000000002
2023-11-16 08:00:00,64.96000000000001
2023-11-16 09:00:00,65.05000000000001
2023-11-16 10:00:00,65.09000000000003
2023-11-16 11:00:00,65.16000000000003
2023-11-16 12:00:00,64.71000000000001
2023-11-16 13:00:00,64.83000000000001
2023-11-16 14:00:00,62.60000000000002
2023-11-16 15:00:00,62.420000000000016
2023-11-16 16:00:00,61.900000000000034
2023-11-16 17:00:00,61.12000000000003
2023-11-16 18:00:00,61.23000000000002
2023-11-16 19:00:00,61.660000000000025
2023-11-16 20:00:00,61.630000000000024
2023-11-16 21:00:00,61.71000000000001
2023-11-16 23:00:00,61.79000000000002
2023-11-17 00:00:00,61.83000000000001
2023-11-17 01:00:00,61.73000000000002
2023-11-17 02:00:00,61.75000000000003
2023-11-17 03:00:00,61.81000000000003
2023-11-17 04:00:00,61.77000000000001
2023-11-17 05:00:00,61.78000000000003
2023-11-17 06:00:00,61.73000000000002
2023-11-17 07:00:00,61.81000000000003
2023-11-17 08:00:00,62.190000000000026
2023-11-17 09:00:00,62.29000000000002
2023-11-17 10:00:00,62.420000000000016
2023-11-17 11:00:00,62.640000000000015
2023-11-17 12:00:00,62.60000000000002
2023-11-17 13:00:00,62.58000000000001
2023-11-17 14:00:00,63.05000000000001
2023-11-17 15:00:00,63.76000000000002
2023-11-17 16:00:00,64.04000000000002
2023-11-17 17:00:00,64.49000000000001
2023-11-17 18:00:00,64.59000000000003
2023-11-17 19:00:00,64.43
2023-11-17 20:00:00,64.48000000000002
2023-11-17 21:00:00,64.62000000000003
2023-11-19 23:00:00,64.77000000000001
2023-11-20 00:00:00,64.59000000000003
2023-11-20 01:00:00,64.81000000000003
2023-11-20 02:00:00,65.09000000000003
2023-11-20 03:00:00,65.09000000000003
2023-11-20 04:00:00,65.11000000000001
2023-11-20 05:00:00,65.17000000000002
2023-11-20 06:00:00,66.37000000000003
2023-11-20 07:00:00,65.02000000000001
2023-11-20 08:00:00,64.82000000000002
2023-11-20 09:00:00,65.16000000000003
2023-11-20 10:00:00,65.50000000000003
2023-11-20 11:00:00,65.76000000000002
2023-11-20 12:00:00,66.02000000000001
2023-11-20 13:00:00,66.42000000000002
2023-11-20 14:00:00,66.17000000000002
2023-11-20 15:00:00,66.60000000000002
2023-11-20 16:00:00,66.79000000000002
2023-11-20 17:00:00,66.84000000000003
2023-11-20 18:00:00,66.88000000000002
2023-11-20 19:00:00,66.29000000000002
2023-11-20 20:00:00,66.16000000000003
2023-11-20 21:00:00,66.11000000000001
2023-11-20 23:00:00,66.14000000000001
2023-11-21 00:00:00,66.28000000000003
2023-11-21 01:00:00,66.30000000000001
2023-11-21 02:00:00,66.21000000000001
2023-11-21 03:00:00,65.97000000000003
2023-11-21 04:00:00,66.10000000000002
2023-11-21 05:00:00,65.90000000000003
2023-11-21 06:00:00,66.39000000000001
2023-11-21 07:00:00,65.94000000000003
2023-11-21 08:00:00,65.69000000000003
2023-11-21 09:00:00,65.74000000000001
2023-11-21 10:00:00,66.14000000000001
2023-11-21 11:00:00,66.02000000000001
2023-11-21 12:00:00,65.97000000000003
2023-11-21 13:00:00,65.72000000000003
2023-11-21 14:00:00,65.96000000000001
2023-11-21 15:00:00,66.19000000000003
2023-11-21 16:00:00,66.00000000000003
2023-11-21 17:00:00,66.05000000000001
2023-11-21 18:00:00,66.35000000000002
2023-11-21 19:00:00,66.51000000000002
2023-11-21 20:00:00,66.48000000000002
2023-11-21 21:00:00,66.42000000000002
2023-11-21 23:00:00,66.29000000000002
2023-11-22 00:00:00,66.38000000000002
2023-11-22 01:00:00,66.30000000000001
2023-11-22 02:00:00,66.23000000000002
2023-11-22 03:00:00,66.28000000000003
2023-11-22 04:00:00,66.39000000000001
2023-11-22 05:00:00,66.27000000000001
2023-11-22 06:00:00,65.72000000000003
2023-11-22 07:00:00,66.48000000000002
2023-11-22 08:00:00,66.24000000000001
2023-11-22 09:00:00,65.76000000000002
2023-11-22 10:00:00,65.76000000000002
2023-11-22 11:00:00,65.47000000000003
2023-11-22 12:00:00,64.74000000000001
2023-11-22 13:00:00,63.28000000000003
2023-11-22 14:00:00,63.01000000000002
2023-11-22 15:00:00,63.24000000000001
2023-11-22 16:00:00,63.420000000000016
2023-11-22 17:00:00,64.63000000000002
2023-11-22 18:00:00,65.46000000000001
2023-11-22 19:00:00,65.47000000000003
2023-11-22 20:00:00,65.40000000000003
2023-11-22 21:00:00,65.41000000000003
2023-11-22 23:00:00,65.33000000000001
2023-11-23 00:00:00,65.27000000000001
2023-11-23 01:00:00,64.74000000000001
2023-11-23 02:00:00,64.83000000000001
2023-11-23 03:00:00,64.81000000000003
2023-11-23 04:00:00,64.87000000000003
2023-11-23 05:00:00,64.81000000000003
2023-11-23 06:00:00,64.88000000000002
2023-11-23 07:00:00,65.18
2023-11-23 08:00:00,65.15000000000003
2023-11-23 09:00:00,64.50000000000003
2023-11-23 10:00:00,64.98000000000002
2023-11-23 11:00:00,65.00000000000003
2023-11-23 12:00:00,65.01000000000002
2023-11-23 13:00:00,64.62000000000003
2023-11-23 14:00:00,64.24000000000001
2023-11-23 15:00:00,64.60000000000002
2023-11-23 16:00:00,64.76000000000002
2023-11-23 17:00:00,65.18
2023-11-23 18:00:00,64.85000000000002
2023-11-23 19:00:00,65.03000000000003
2023-11-23 23:00:00,64.97000000000003
2023-11-24 00:00:00,65.09000000000003
2023-11-24 01:00:00,65.41000000000003
2023-11-24 02:00:00,65.14000000000001
2023-11-24 03:00:00,65.06000000000003
2023-11-24 04:00:00,65.05000000000001
2023-11-24 05:00:00,65.16000000000003
2023-11-24 06:00:00,64.24000000000001
2023-11-24 07:00:00,65.17000000000002
2023-11-24 08:00:00,65.18
2023-11-24 09:00:00,65.22000000000003
2023-11-24 10:00:00,65.35000000000002
2023-11-24 11:00:00,65.42000000000002
2023-11-24 12:00:00,65.19000000000003
2023-11-24 13:00:00,64.74000000000001
2023-11-24 14:00:00,65.36000000000001
2023-11-24 15:00:00,65.69000000000003
2023-11-24 16:00:00,64.89000000000001
2023-11-24 17:00:00,64.60000000000002
2023-11-24 18:00:00,63.920000000000016
2023-11-26 23:00:00,64.44000000000003
2023-11-27 00:00:00,64.33000000000001
2023-11-27 01:00:00,63.940000000000026
2023-11-27 02:00:00,63.70000000000002
2023-11-27 03:00:00,63.610000000000014
2023-11-27 04:00:00,63.51000000000002
2023-11-27 05:00:00,63.68000000000001
2023-11-27 06:00:00,63.56000000000003
2023-11-27 07:00:00,63.68000000000001
2023-11-27 08:00:00,63.76000000000002
2023-11-27 09:00:00,63.30000000000001
2023-11-27 10:00:00,63.00000000000003
2023-11-27 11:00:00,63.34000000000003
2023-11-27 12:00:00,63.56000000000003
2023-11-27 13:00:00,63.49000000000001
2023-11-27 14:00:00,64.01000000000002
2023-11-27 15:00:00,64.06000000000003
2023-11-27 16:00:00,63.910000000000025
2023-11-27 17:00:00,63.360000000000014
2023-11-27 18:00:00,64.02000000000001
2023-11-27 19:00:00,63.650000000000034
2023-11-27 20:00:00,63.690000000000026
2023-11-27 21:00:00,63.75000000000003
2023-11-27 23:00:00,63.900000000000034
2023-11-28 00:00:00,63.900000000000034
2023-11-28 01:00:00,64.03000000000003
2023-11-28 02:00:00,63.77000000000001
2023-11-28 03:00:00,63.84000000000003
2023-11-28 04:00:00,63.70000000000002
2023-11-28 05:00:00,63.48000000000002
2023-11-28 06:00:00,65.06000000000003
2023-11-28 07:00:00,63.68000000000001
2023-11-28 08:00:00,64.25000000000003
2023-11-28 09:00:00,64.49000000000001
2023-11-28 10:00:00,64.39000000000001
2023-11-28 11:00:00,64.25000000000003
2023-11-28 12:00:00,64.26000000000002
2023-11-28 13:00:00,63.93000000000001
2023-11-28 14:00:00,64.02000000000001
2023-11-28 15:00:00,65.30000000000001
2023-11-28 16:00:00,65.38000000000002
2023-11-28 17:00:00,65.53000000000003
2023-11-28 18:00:00,65.19000000000003
2023-11-28 19:00:00,65.06000000000003
2023-11-28 20:00:00,64.99000000000001
2023-11-28 21:00:00,65.15000000000003
2023-11-28 23:00:00,65.24000000000001
2023-11-29 00:00:00,65.26000000000002
2023-11-29 01:00:00,65.19000000000003
2023-11-29 02:00:00,65.05000000000001
2023-11-29 03:00:00,65.14000000000001
2023-11-29 04:00:00,65.13000000000002
2023-11-29 05:00:00,65.12000000000003
2023-11-29 06:00:00,66.46000000000001
2023-11-29 07:00:00,65.13000000000002
2023-11-29 08:00:00,65.47000000000003
2023-11-29 09:00:00,65.87000000000003
2023-11-29 10:00:00,66.05000000000001
2023-11-29 11:00:00,66.32000000000002
2023-11-29 12:00:00,66.35000000000002
2023-11-29 13:00:00,65.98000000000002
2023-11-29 14:00:00,65.08000000000001
2023-11-29 15:00:00,65.22000000000003
2023-11-29 16:00:00,65.83000000000001
2023-11-29 17:00:00,66.28000000000003
2023-11-29 18:00:00,66.26000000000002
2023-11-29 19:00:00,66.49000000000001
2023-11-29 20:00:00,66.32000000000002
2023-11-29 21:00:00,66.27000000000001
2023-11-29 23:00:00,66.30000000000001
2023-11-30 00:00:00,66.25000000000003
2023-11-30 01:00:00,66.08000000000001
2023-11-30 02:00:00,66.44000000000003
2023-11-30 03:00:00,66.35000000000002
2023-11-30 04:00:00,66.64000000000001
2023-11-30 05:00:00,66.82000000000002
2023-11-30 06:00:00,64.52000000000001
2023-11-30 07:00:00,66.86000000000001
2023-11-30 08:00:00,66.67000000000002
2023-11-30 09:00:00,67.14000000000001
2023-11-30 10:00:00,67.90000000000003
2023-11-30 11:00:00,67.11000000000001
2023-11-30 12:00:00,67.26000000000002
2023-11-30 13:00:00,67.52000000000001
2023-11-30 14:00:00,67.41000000000003
2023-11-30 15:00:00,65.43
2023-11-30 16:00:00,63.99000000000001
2023-11-30 17:00:00,64.94000000000003
2023-11-30 18:00:00,64.45000000000002
2023-11-30 19:00:00,64.68
2023-11-30 20:00:00,63.77000000000001
2023-11-30 21:00:00,64.18
2023-11-30 23:00:00,64.21000000000001
2023-12-01 00:00:00,64.39000000000001
2023-12-01 01:00:00,64.41000000000003
2023-12-01 02:00:00,64.27000000000001
2023-12-01 03:00:00,64.31000000000003
2023-12-01 04:00:00,64.48000000000002
2023-12-01 05:00:00,64.50000000000003
2023-12-01 06:00:00,64.30000000000001
2023-12-01 07:00:00,64.34000000000003
2023-12-01 08:00:00,64.24000000000001
2023-12-01 09:00:00,64.36000000000001
2023-12-01 10:00:00,64.73000000000002
2023-12-01 11:00:00,64.73000000000002
2023-12-01 12:00:00,64.48000000000002
2023-12-01 13:00:00,64.57000000000002
2023-12-01 14:00:00,64.87000000000003
2023-12-01 15:00:00,64.86000000000001
2023-12-01 16:00:00,64.80000000000001
2023-12-01 17:00:00,64.97000000000003
2023-12-01 18:00:00,62.95000000000002
2023-12-01 19:00:00,63.01000000000002
2023-12-01 20:00:00,62.860000000000014
2023-12-01 21:00:00,63.04000000000002
2023-12-03 23:00:00,63.48000000000002
2023-12-04 00:00:00,63.31000000000003
2023-12-04 01:00:00,62.54000000000002
2023-12-04 02:00:00,62.440000000000026
2023-12-04 03:00:00,62.360000000000014
2023-12-04 04:00:00,62.21000000000001
2023-12-04 05:00:00,62.110000000000014
2023-12-04 06:00:00,62.07000000000002
2023-12-04 07:00:00,62.05000000000001
2023-12-04 08:00:00,61.78000000000003
2023-12-04 09:00:00,62.33000000000001
2023-12-04 10:00:00,62.20000000000002
2023-12-04 11:00:00,62.390000000000015
2023-12-04 12:00:00,62.190000000000026
2023-12-04 13:00:00,61.85000000000002
2023-12-04 14:00:00,61.62000000000003
2023-12-04 15:00:00,62.43000000000001
2023-12-04 16:00:00,62.18000000000001
2023-12-04 17:00:00,62.53000000000003
2023-12-04 18:00:00,61.900000000000034
2023-12-04 19:00:00,62.01000000000002
2023-12-04 20:00:00,62.02000000000001
2023-12-04 21:00:00,62.02000000000001
2023-12-04 23:00:00,61.96000000000001
2023-12-05 00:00:00,61.900000000000034
2023-12-05 01:00:00,61.93000000000001
2023-12-05 02:00:00,61.910000000000025
2023-12-05 03:00:00,61.81000000000003
2023-12-05 04:00:00,61.84000000000003
2023-12-05 05:00:00,61.98000000000002
2023-12-05 06:00:00,61.93000000000001
2023-12-05 07:00:00,62.130000000000024
2023-12-05 08:00:00,62.640000000000015
2023-12-05 09:00:00,62.37000000000003
2023-12-05 10:00:00,62.160000000000025
2023-12-05 11:00:00,61.71000000000001
2023-12-05 12:00:00,61.71000000000001
2023-12-05 13:00:00,61.420000000000016
2023-12-05 14:00:00,62.54000000000002
2023-12-05 15:00:00,62.130000000000024
2023-12-05 16:00:00,62.47000000000003
2023-12-05 17:00:00,61.54000000000002
2023-12-05 18:00:00,60.98000000000002
2023-12-05 19:00:00,61.21000000000001
2023-12-05 20:00:00,61.02000000000001
2023-12-05 21:00:00,60.760000000000026
2023-12-05 23:00:00,60.83000000000002
2023-12-06 00:00:00,60.910000000000025
2023-12-06 01:00:00,61.05000000000001
2023-12-06 02:00:00,61.21000000000001
2023-12-06 03:00:00,61.04000000000002
2023-12-06 04:00:00,60.97000000000003
2023-12-06 05:00:00,60.940000000000026
2023-12-06 06:00:00,58.120000000000026
2023-12-06 07:00:00,61.08000000000001
2023-12-06 08:00:00,60.86000000000002
2023-12-06 09:00:00,60.77000000000002
2023-12-06 10:00:00,60.52000000000002
2023-12-06 11:00:00,60.33000000000002
2023-12-06 12:00:00,60.310000000000024
2023-12-06 13:00:00,59.980000000000025
2023-12-06 14:00:00,59.22000000000002
2023-12-06 15:00:00,58.950000000000024
2023-12-06 16:00:00,58.090000000000025
2023-12-06 17:00:00,58.370000000000026
2023-12-06 18:00:00,58.460000000000015
2023-12-06 19:00:00,58.11000000000002
2023-12-06 20:00:00,58.02000000000002
2023-12-06 21:00:00,58.00000000000002
2023-12-06 23:00:00,58.22000000000002
2023-12-07 00:00:00,58.28000000000002
2023-12-07 01:00:00,58.39000000000002
2023-12-07 02:00:00,58.44000000000002
2023-12-07 03:00:00,58.480000000000025
2023-12-07 04:00:00,58.480000000000025
2023-12-07 05:00:00,58.29000000000001
2023-12-07 06:00:00,58.060000000000024
2023-12-07 07:00:00,58.67000000000002
2023-12-07 08:00:00,58.69000000000002
2023-12-07 09:00:00,58.72000000000002
2023-12-07 10:00:00,58.66000000000002
2023-12-07 11:00:00,58.50000000000002
2023-12-07 12:00:00,58.600000000000016
2023-12-07 13:00:00,58.78000000000002
2023-12-07 14:00:00,58.730000000000025
2023-12-07 15:00:00,58.47000000000002
2023-12-07 16:00:00,58.120000000000026
2023-12-07 17:00:00,58.11000000000002
2023-12-07 18:00:00,58.17000000000002
2023-12-07 19:00:00,58.240000000000016
2023-12-07 20:00:00,58.39000000000002
2023-12-07 21:00:00,58.370000000000026
2023-12-07 23:00:00,58.490000000000016
2023-12-08 00:00:00,58.600000000000016
2023-12-08 01:00:00,59.010000000000026
2023-12-08 02:00:00,59.02000000000002
2023-12-08 03:00:00,59.210000000000015
2023-12-08 04:00:00,59.090000000000025
2023-12-08 05:00:00,59.340000000000025
2023-12-08 06:00:00,59.42000000000002
2023-12-08 07:00:00,59.430000000000014
2023-12-08 08:00:00,59.700000000000024
2023-12-08 09:00:00,59.54000000000001
2023-12-08 10:00:00,59.240000000000016
2023-12-08 11:00:00,59.200000000000024
2023-12-08 12:00:00,59.430000000000014
2023-12-08 13:00:00,59.450000000000024
2023-12-08 14:00:00,59.430000000000014
2023-12-08 15:00:00,59.80000000000002
2023-12-08 16:00:00,59.740000000000016
2023-12-08 17:00:00,59.41000000000002
2023-12-08 18:00:00,59.870000000000026
2023-12-08 19:00:00,59.960000000000015
2023-12-08 20:00:00,59.870000000000026
2023-12-08 21:00:00,60.00000000000002
2023-12-10 23:00:00,59.930000000000014
2023-12-11 00:00:00,60.13000000000002
2023-12-11 01:00:00,60.070000000000014
2023-12-11 02:00:00,60.100000000000016
2023-12-11 03:00:00,60.320000000000014
2023-12-11 04:00:00,60.30000000000002
2023-12-11 05:00:00,60.430000000000014
2023-12-11 06:00:00,60.47000000000002
2023-12-11 07:00:00,60.350000000000016
2023-12-11 08:00:00,60.16000000000002
2023-12-11 09:00:00,59.53000000000002
2023-12-11 10:00:00,59.310000000000024
2023-12-11 11:00:00,59.52000000000002
2023-12-11 12:00:00,59.83000000000002
2023-12-11 13:00:00,59.700000000000024
2023-12-11 14:00:00,59.88000000000002
2023-12-11 15:00:00,59.75000000000002
2023-12-11 16:00:00,59.83000000000002
2023-12-11 17:00:00,59.94000000000002
2023-12-11 18:00:00,60.33000000000002
2023-12-11 19:00:00,60.060000000000024
2023-12-11 20:00:00,60.16000000000002
2023-12-11 21:00:00,60.100000000000016
2023-12-11 23:00:00,60.120000000000026
2023-12-12 00:00:00,60.13000000000002
2023-12-12 01:00:00,60.180000000000014
2023-12-12 02:00:00,60.20000000000001
2023-12-12 03:00:00,60.320000000000014
2023-12-12 04:00:00,60.54000000000001
2023-12-12 05:00:00,60.55000000000002
2023-12-12 06:00:00,57.350000000000016
2023-12-12 07:00:00,60.460000000000015
2023-12-12 08:00:00,60.28000000000001
2023-12-12 09:00:00,60.330000000000005
2023-12-12 10:00:00,59.820000000000014
2023-12-12 11:00:00,59.930000000000014
2023-12-12 12:00:00,59.56000000000001
2023-12-12 13:00:00,58.65000000000001
2023-12-12 14:00:00,57.81000000000001
2023-12-12 15:00:00,57.73000000000001
2023-12-12 16:00:00,57.27000000000002
2023-12-12 17:00:00,57.080000000000005
2023-12-12 18:00:00,57.11000000000001
2023-12-12 19:00:00,57.45000000000001
2023-12-12 20:00:00,57.44000000000002
2023-12-12 21:00:00,57.51000000000001
2023-12-12 23:00:00,57.470000000000006
2023-12-13 00:00:00,57.39000000000001
2023-12-13 01:00:00,57.330000000000005
2023-12-13 02:00:00,57.50000000000001
2023-12-13 03:00:00,57.09000000000001
2023-12-13 04:00:00,57.210000000000015
2023-12-13 05:00:00,57.210000000000015
2023-12-13 06:00:00,56.75000000000001
2023-12-13 07:00:00,56.87000000000001
2023-12-13 08:00:00,56.90000000000001
2023-12-13 09:00:00,57.28000000000001
2023-12-13 10:00:00,57.50000000000001
2023-12-13 11:00:00,57.570000000000014
2023-12-13 12:00:00,57.64000000000001
2023-12-13 13:00:00,57.84000000000001
2023-12-13 14:00:00,58.00000000000001
2023-12-13 15:00:00,58.25000000000001
2023-12-13 16:00:00,58.37000000000001
2023-12-13 17:00:00,57.970000000000006
2023-12-13 18:00:00,58.20000000000001
2023-12-13 19:00:00,58.27000000000002
2023-12-13 20:00:00,58.61000000000001
2023-12-13 21:00:00,58.67000000000001
2023-12-13 23:00:00,58.69000000000002
2023-12-14 00:00:00,58.70000000000001
2023-12-14 01:00:00,58.680000000000014
2023-12-14 02:00:00,58.53000000000001
2023-12-14 03:00:00,58.39000000000001
2023-12-14 04:00:00,58.53000000000001
2023-12-14 05:00:00,58.63000000000002
2023-12-14 06:00:00,60.470000000000006
2023-12-14 07:00:00,58.64000000000001
2023-12-14 08:00:00,59.09000000000001
2023-12-14 09:00:00,59.52000000000002
2023-12-14 10:00:00,59.62000000000001
2023-12-14 11:00:00,59.430000000000014
2023-12-14 12:00:00,59.75000000000001
2023-12-14 13:00:00,60.26000000000001
2023-12-14 14:00:00,60.70000000000001
2023-12-14 15:00:00,60.66000000000002
2023-12-14 16:00:00,60.84000000000001
2023-12-14 17:00:00,61.08000000000001
2023-12-14 18:00:00,61.08000000000001
2023-12-14 19:00:00,60.40000000000001
2023-12-14 20:00:00,60.59000000000001
2023-12-14 21:00:00,60.490000000000016
2023-12-14 23:00:00,60.44000000000002
2023-12-15 00:00:00,60.50000000000001
2023-12-15 01:00:00,60.62000000000001
2023-12-15 02:00:00,60.820000000000014
2023-12-15 03:00:00,60.850000000000016
2023-12-15 04:00:00,60.75000000000001
2023-12-15 05:00:00,60.62000000000001
2023-12-15 06:00:00,60.680000000000014
2023-12-15 07:00:00,60.51000000000001
2023-12-15 08:00:00,60.820000000000014
2023-12-15 09:00:00,60.63000000000002
2023-12-15 10:00:00,60.86000000000001
2023-12-15 11:00:00,60.70000000000001
2023-12-15 12:00:00,61.0
2023-12-15 13:00:00,60.86000000000001
2023-12-15 14:00:00,60.03000000000001
2023-12-15 15:00:00,60.06000000000001
2023-12-15 16:00:00,60.42000000000001
2023-12-15 17:00:00,60.73000000000001
2023-12-15 18:00:00,60.50000000000001
2023-12-15 19:00:00,60.350000000000016
2023-12-15 20:00:00,60.53000000000001
2023-12-15 21:00:00,60.67000000000001
2023-12-17 23:00:00,61.04000000000002
2023-12-18 00:00:00,60.80000000000002
2023-12-18 01:00:00,60.62000000000001
2023-12-18 02:00:00,60.64000000000001
2023-12-18 03:00:00,60.61000000000001
2023-12-18 04:00:00,60.65000000000001
2023-12-18 05:00:00,60.81000000000001
2023-12-18 06:00:00,61.360000000000014
2023-12-18 07:00:00,60.740000000000016
2023-12-18 08:00:00,60.76000000000001
2023-12-18 09:00:00,60.00000000000001
2023-12-18 10:00:00,59.89000000000001
2023-12-18 11:00:00,61.02000000000001
2023-12-18 12:00:00,61.140000000000015
2023-12-18 13:00:00,62.10000000000002
2023-12-18 14:00:00,62.96000000000001
2023-12-18 15:00:00,62.31
2023-12-18 16:00:00,62.18000000000001
2023-12-18 17:00:00,62.18000000000001
2023-12-18 18:00:00,61.57000000000002
2023-12-18 19:00:00,61.47
2023-12-18 20:00:00,61.55000000000001
2023-12-18 21:00:00,61.43000000000001
2023-12-18 23:00:00,61.34
2023-12-19 00:00:00,61.48000000000002
2023-12-19 01:00:00,61.48000000000002
2023-12-19 02:00:00,61.370000000000005
2023-12-19 03:00:00,61.33000000000001
2023-12-19 04:00:00,61.370000000000005
2023-12-19 05:00:00,61.26000000000002
2023-12-19 06:00:00,61.34
2023-12-19 07:00:00,61.170000000000016
2023-12-19 08:00:00,61.130000000000024
2023-12-19 09:00:00,61.06
2023-12-19 10:00:00,61.43000000000001
2023-12-19 11:00:00,61.360000000000014
2023-12-19 12:00:00,61.08000000000001
2023-12-19 13:00:00,61.380000000000024
2023-12-19 14:00:00,62.24000000000001
2023-12-19 15:00:00,62.59
2023-12-19 16:00:00,62.72
2023-12-19 17:00:00,62.670000000000016
2023-12-19 18:00:00,62.46000000000001
2023-12-19 19:00:00,62.660000000000025
2023-12-19 20:00:00,62.870000000000005
2023-12-19 21:00:00,62.660000000000025
2023-12-19 23:00:00,62.630000000000024
2023-12-20 00:00:00,62.53
2023-12-20 01:00:00,62.640000000000015
2023-12-20 02:00:00,62.59
2023-12-20 03:00:00,62.45000000000002
2023-12-20 04:00:00,62.420000000000016
2023-12-20 05:00:00,62.59
2023-12-20 06:00:00,62.610000000000014
2023-12-20 07:00:00,62.72
2023-12-20 08:00:00,63.110000000000014
2023-12-20 09:00:00,63.120000000000005
2023-12-20 10:00:00,63.34
2023-12-20 11:00:00,63.390000000000015
2023-12-20 12:00:00,63.360000000000014
2023-12-20 13:00:00,63.46000000000001
2023-12-20 14:00:00,63.57000000000002
2023-12-20 15:00:00,63.06
2023-12-20 16:00:00,63.110000000000014
2023-12-20 17:00:00,62.34
2023-12-20 18:00:00,62.360000000000014
2023-12-20 19:00:00,62.390000000000015
2023-12-20 20:00:00,62.25
2023-12-20 21:00:00,62.28
2023-12-20 23:00:00,62.09
2023-12-21 00:00:00,62.150000000000006
2023-12-21 01:00:00,62.28
2023-12-21 02:00:00,62.420000000000016
2023-12-21 03:00:00,62.370000000000005
2023-12-21 04:00:00,62.27000000000001
2023-12-21 05:00:00,62.640000000000015
2023-12-21 06:00:00,62.650000000000006
2023-12-21 07:00:00,62.660000000000025
2023-12-21 08:00:00,63.01000000000002
2023-12-21 09:00:00,62.95000000000002
2023-12-21 10:00:00,62.43000000000001
2023-12-21 11:00:00,62.410000000000025
2023-12-21 12:00:00,61.870000000000005
2023-12-21 13:00:00,61.46000000000001
2023-12-21 14:00:00,61.93000000000001
2023-12-21 15:00:00,62.160000000000025
2023-12-21 16:00:00,61.75
2023-12-21 17:00:00,61.870000000000005
2023-12-21 18:00:00,62.01000000000002
2023-12-21 19:00:00,62.22
2023-12-21 20:00:00,62.43000000000001
2023-12-21 21:00:00,62.360000000000014
2023-12-21 23:00:00,62.28
2023-12-22 00:00:00,62.33000000000001
2023-12-22 01:00:00,62.85000000000002
2023-12-22 02:00:00,62.98000000000002
2023-12-22 03:00:00,63.05000000000001
2023-12-22 04:00:00,62.93000000000001
2023-12-22 05:00:00,62.75
2023-12-22 06:00:00,61.99000000000001
2023-12-22 07:00:00,63.0
2023-12-22 08:00:00,63.170000000000016
2023-12-22 09:00:00,62.900000000000006
2023-12-22 10:00:00,62.99000000000001
2023-12-22 11:00:00,62.890000000000015
2023-12-22 12:00:00,62.79000000000002
2023-12-22 13:00:00,63.10000000000002
2023-12-22 14:00:00,63.120000000000005
2023-12-22 15:00:00,62.160000000000025
2023-12-22 16:00:00,62.29000000000002
2023-12-22 17:00:00,62.35000000000002
2023-12-22 18:00:00,62.370000000000005
2023-12-22 19:00:00,62.09
2023-12-22 20:00:00,62.01000000000002
2023-12-22 21:00:00,61.920000000000016
2023-12-25 23:00:00,62.190000000000026
2023-12-26 00:00:00,62.01000000000002
2023-12-26 01:00:00,62.10000000000002
2023-12-26 02:00:00,62.02000000000001
2023-12-26 03:00:00,62.08000000000001
2023-12-26 04:00:00,62.21000000000001
2023-12-26 05:00:00,62.27000000000001
2023-12-26 06:00:00,63.97
2023-12-26 07:00:00,62.130000000000024
2023-12-26 08:00:00,62.01000000000002
2023-12-26 09:00:00,61.83000000000001
2023-12-26 10:00:00,61.96000000000001
2023-12-26 11:00:00,62.05000000000001
2023-12-26 12:00:00,62.55000000000001
2023-12-26 13:00:00,63.49000000000001
2023-12-26 14:00:00,63.890000000000015
2023-12-26 15:00:00,63.890000000000015
2023-12-26 16:00:00,64.42000000000002
2023-12-26 17:00:00,64.31
2023-12-26 18:00:00,64.46000000000001
2023-12-26 19:00:00,63.84
2023-12-26 20:00:00,63.620000000000005
2023-12-26 21:00:00,63.83000000000001
2023-12-26 23:00:00,63.68000000000001
2023-12-27 00:00:00,63.670000000000016
2023-12-27 01:00:00,63.77000000000001
2023-12-27 02:00:00,63.77000000000001
2023-12-27 03:00:00,63.84
2023-12-27 04:00:00,63.84
2023-12-27 05:00:00,63.83000000000001
2023-12-27 06:00:00,62.60000000000002
2023-12-27 07:00:00,63.85000000000002
2023-12-27 08:00:00,63.97
2023-12-27 09:00:00,63.76000000000002
2023-12-27 10:00:00,63.51000000000002
2023-12-27 11:00:00,63.51000000000002
2023-12-27 12:00:00,63.610000000000014
2023-12-27 13:00:00,63.47
2023-12-27 14:00:00,63.35000000000002
2023-12-27 15:00:00,63.370000000000005
2023-12-27 16:00:00,62.860000000000014
2023-12-27 17:00:00,62.79000000000002
2023-12-27 18:00:00,62.660000000000025
2023-12-27 19:00:00,62.56
2023-12-27 20:00:00,62.35000000000002
2023-12-27 21:00:00,62.32000000000002
2023-12-27 23:00:00,62.53
2023-12-28 00:00:00,62.640000000000015
2023-12-28 01:00:00,62.81
2023-12-28 02:00:00,62.640000000000015
2023-12-28 03:00:00,62.57000000000002
2023-12-28 04:00:00,62.5
2023-12-28 05:00:00,62.690000000000026
2023-12-28 06:00:00,62.75
2023-12-28 07:00:00,62.47
2023-12-28 08:00:00,62.25
2023-12-28 09:00:00,62.18000000000001
2023-12-28 10:00:00,61.77000000000001
2023-12-28 11:00:00,61.860000000000014
2023-12-28 12:00:00,61.870000000000005
2023-12-28 13:00:00,62.140000000000015
2023-12-28 14:00:00,62.08000000000001
2023-12-28 15:00:00,61.660000000000025
2023-12-28 16:00:00,61.43000000000001
2023-12-28 17:00:00,61.18000000000001
2023-12-28 18:00:00,60.470000000000006
2023-12-28 19:00:00,60.48000000000001
2023-12-28 20:00:00,60.40000000000001
2023-12-28 21:00:00,60.490000000000016
2023-12-28 23:00:00,60.50000000000001
2023-12-29 00:00:00,60.45000000000001
2023-12-29 01:00:00,60.42000000000001
2023-12-29 02:00:00,60.44000000000002
2023-12-29 03:00:00,60.320000000000014
2023-12-29 04:00:00,60.580000000000005
2023-12-29 05:00:00,60.54000000000001
2023-12-29 06:00:00,60.38000000000002
2023-12-29 07:00:00,60.44000000000002
2023-12-29 08:00:00,60.710000000000015
2023-12-29 09:00:00,60.680000000000014
2023-12-29 10:00:00,60.63000000000002
2023-12-29 11:00:00,60.53000000000001
2023-12-29 12:00:00,60.61000000000001
2023-12-29 13:00:00,60.73000000000001
2023-12-29 14:00:00,60.78000000000001
2023-12-29 15:00:00,60.17000000000001
2023-12-29 16:00:00,60.12000000000001
2023-12-29 17:00:00,60.430000000000014
2023-12-29 18:00:00,60.29000000000001
2023-12-29 19:00:00,60.070000000000014
2023-12-29 20:00:00,59.850000000000016
2023-12-29 21:00:00,59.80000000000002
2024-01-01 23:00:00,60.430000000000014
2024-01-02 00:00:00,60.430000000000014
2024-01-02 01:00:00,60.93000000000001
2024-01-02 02:00:00,61.130000000000024
2024-01-02 03:00:00,61.160000000000025
2024-01-02 04:00:00,61.25
2024-01-02 05:00:00,61.370000000000005
2024-01-02 06:00:00,58.88000000000002
2024-01-02 07:00:00,61.160000000000025
2024-01-02 08:00:00,61.370000000000005
2024-01-02 09:00:00,61.55000000000001
2024-01-02 10:00:00,61.920000000000016
2024-01-02 11:00:00,61.68000000000001
2024-01-02 12:00:00,61.59
2024-01-02 13:00:00,61.940000000000026
2024-01-02 14:00:00,60.16000000000002
2024-01-02 15:00:00,60.04000000000001
2024-01-02 16:00:00,59.37000000000001
2024-01-02 17:00:00,59.710000000000015
2024-01-02 18:00:00,58.78000000000001
2024-01-02 19:00:00,58.990000000000016
2024-01-02 20:00:00,58.91000000000002
2024-01-02 21:00:00,58.98000000000001
2024-01-02 23:00:00,58.98000000000001
2024-01-03 00:00:00,58.990000000000016
2024-01-03 01:00:00,58.79000000000001
2024-01-03 02:00:00,58.92000000000001
2024-01-03 03:00:00,58.86000000000001
2024-01-03 04:00:00,58.84000000000001
2024-01-03 05:00:00,58.78000000000001
2024-01-03 06:00:00,61.150000000000006
2024-01-03 07:00:00,58.570000000000014
2024-01-03 08:00:00,58.50000000000001
2024-01-03 09:00:00,58.470000000000006
2024-01-03 10:00:00,58.320000000000014
2024-01-03 11:00:00,58.92000000000001
2024-01-03 12:00:00,59.45000000000001
2024-01-03 13:00:00,59.15000000000001
2024-01-03 14:00:00,60.51000000000001
2024-01-03 15:00:00,61.26000000000002
2024-01-03 16:00:00,60.830000000000005
2024-01-03 17:00:00,61.01000000000002
2024-01-03 18:00:00,61.150000000000006
2024-01-03 19:00:00,61.27000000000001
2024-01-03 20:00:00,61.440000000000026
2024-01-03 21:00:00,61.410000000000025
2024-01-03 23:00:00,61.45000000000002
2024-01-04 00:00:00,61.53
2024-01-04 01:00:00,61.51000000000002
2024-01-04 02:00:00,61.33000000000001
2024-01-04 03:00:00,61.46000000000001
2024-01-04 04:00:00,61.59
2024-01-04 05:00:00,61.79000000000002
2024-01-04 06:00:00,60.62000000000001
2024-01-04 07:00:00,61.690000000000026
2024-01-04 08:00:00,62.120000000000005
2024-01-04 09:00:00,61.84
2024-01-04 10:00:00,61.80000000000001
2024-01-04 11:00:00,61.93000000000001
2024-01-04 12:00:00,61.74000000000001
2024-01-04 13:00:00,61.78
2024-01-04 14:00:00,61.30000000000001
2024-01-04 15:00:00,60.67000000000001
2024-01-04 16:00:00,59.76000000000001
2024-01-04 17:00:00,60.59000000000001
2024-01-04 18:00:00,60.64000000000001
2024-01-04 19:00:00,60.48000000000001
2024-01-04 20:00:00,60.73000000000001
2024-01-04 21:00:00,60.77000000000002
2024-01-04 23:00:00,60.66000000000002
2024-01-05 00:00:00,60.78000000000001
2024-01-05 01:00:00,60.99000000000001
2024-01-05 02:00:00,61.07000000000002
2024-01-05 03:00:00,60.96000000000001
2024-01-05 04:00:00,61.08000000000001
2024-01-05 05:00:00,61.0
2024-01-05 06:00:00,61.09
2024-01-05 07:00:00,61.05000000000001
2024-01-05 08:00:00,61.20000000000002
2024-01-05 09:00:00,61.370000000000005
2024-01-05 10:00:00,60.97
2024-01-05 11:00:00,61.08000000000001
2024-01-05 12:00:00,61.21000000000001
2024-01-05 13:00:00,61.80000000000001
2024-01-05 14:00:00,62.28
2024-01-05 15:00:00,61.890000000000015
2024-01-05 16:00:00,62.27000000000001
2024-01-05 17:00:00,61.920000000000016
2024-01-05 18:00:00,62.23000000000002
2024-01-05 19:00:00,61.99000000000001
2024-01-05 20:00:00,62.21000000000001
2024-01-05 21:00:00,62.26000000000002
2024-01-07 23:00:00,62.08000000000001
2024-01-08 00:00:00,62.0
2024-01-08 01:00:00,61.630000000000024
2024-01-08 02:00:00,61.26000000000002
2024-01-08 03:00:00,61.31
2024-01-08 04:00:00,61.190000000000026
2024-01-08 05:00:00,61.0
2024-01-08 06:00:00,59.180000000000014
2024-01-08 07:00:00,61.34
2024-01-08 08:00:00,61.43000000000001
2024-01-08 09:00:00,61.23000000000002
2024-01-08 10:00:00,60.180000000000014
2024-01-08 11:00:00,60.15000000000001
2024-01-08 12:00:00,60.17000000000001
2024-01-08 13:00:00,59.69000000000002
2024-01-08 14:00:00,58.89000000000001
2024-01-08 15:00:00,59.13000000000002
2024-01-08 16:00:00,58.720000000000006
2024-01-08 17:00:00,58.79000000000001
2024-01-08 18:00:00,58.94000000000002
2024-01-08 19:00:00,59.45000000000001
2024-01-08 20:00:00,59.430000000000014
2024-01-08 21:00:00,59.34000000000001
2024-01-08 23:00:00,59.16000000000002
2024-01-09 00:00:00,59.330000000000005
2024-01-09 01:00:00,59.330000000000005
2024-01-09 02:00:00,59.34000000000001
2024-01-09 03:00:00,59.320000000000014
2024-01-09 04:00:00,59.240000000000016
2024-01-09 05:00:00,58.98000000000001
2024-01-09 06:00:00,59.02000000000002
2024-01-09 07:00:00,59.36000000000001
2024-01-09 08:00:00,59.89000000000001
2024-01-09 09:00:00,60.38000000000002
2024-01-09 10:00:00,60.50000000000001
2024-01-09 11:00:00,60.820000000000014
2024-01-09 12:00:00,60.850000000000016
2024-01-09 13:00:00,60.34000000000001
2024-01-09 14:00:00,60.15000000000001
2024-01-09 15:00:00,60.01000000000001
2024-01-09 16:00:00,60.98000000000002
2024-01-09 17:00:00,60.97
2024-01-09 18:00:00,61.01000000000002
2024-01-09 19:00:00,60.51000000000001
2024-01-09 20:00:00,60.470000000000006
2024-01-09 21:00:00,60.52000000000002
2024-01-09 23:00:00,60.45000000000001
2024-01-10 00:00:00,60.52000000000002
2024-01-10 01:00:00,60.77000000000002
2024-01-10 02:00:00,60.940000000000026
2024-01-10 03:00:00,60.740000000000016
2024-01-10 04:00:00,60.84000000000001
2024-01-10 05:00:00,60.88000000000002
2024-01-10 06:00:00,60.86000000000002
2024-01-10 07:00:00,60.66000000000002
2024-01-10 08:00:00,60.38000000000002
2024-01-10 09:00:00,60.11000000000002
2024-01-10 10:00:00,60.51000000000001
2024-01-10 11:00:00,60.75000000000002
2024-01-10 12:00:00,61.28
2024-01-10 13:00:00,61.51000000000002
2024-01-10 14:00:00,61.440000000000026
2024-01-10 15:00:00,60.45000000000001
2024-01-10 16:00:00,60.48000000000001
2024-01-10 17:00:00,59.56000000000001
2024-01-10 18:00:00,59.69000000000002
2024-01-10 19:00:00,59.66000000000002
2024-01-10 20:00:00,59.62000000000001
2024-01-10 21:00:00,59.66000000000002
2024-01-10 23:00:00,59.58000000000002
2024-01-11 00:00:00,59.55000000000002
2024-01-11 01:00:00,59.90000000000001
2024-01-11 02:00:00,59.820000000000014
2024-01-11 03:00:00,60.00000000000002
2024-01-11 04:00:00,60.01000000000001
2024-01-11 05:00:00,60.240000000000016
2024-01-11 06:00:00,60.38000000000002
2024-01-11 07:00:00,60.11000000000002
2024-01-11 08:00:00,60.13000000000002
2024-01-11 09:00:00,60.940000000000026
2024-01-11 10:00:00,60.83000000000002
2024-01-11 11:00:00,61.06
2024-01-11 12:00:00,61.03
2024-01-11 13:00:00,60.850000000000016
2024-01-11 14:00:00,61.440000000000026
2024-01-11 15:00:00,61.890000000000015
2024-01-11 16:00:00,61.49000000000001
2024-01-11 17:00:00,60.680000000000014
2024-01-11 18:00:00,60.36000000000002
2024-01-11 19:00:00,60.48000000000001
2024-01-11 20:00:00,60.76000000000001
2024-01-11 21:00:00,61.190000000000026
2024-01-11 23:00:00,61.68000000000001
2024-01-12 00:00:00,61.640000000000015
2024-01-12 01:00:00,62.110000000000014
2024-01-12 02:00:00,62.09
2024-01-12 03:00:00,61.72000000000003
2024-01-12 04:00:00,61.68000000000001
2024-01-12 05:00:00,61.860000000000014
2024-01-12 06:00:00,61.09
2024-01-12 07:00:00,61.97000000000003
2024-01-12 08:00:00,62.190000000000026
2024-01-12 09:00:00,62.53
2024-01-12 10:00:00,63.18000000000001
2024-01-12 11:00:00,63.110000000000014
2024-01-12 12:00:00,62.85000000000002
2024-01-12 13:00:00,62.55000000000001
2024-01-12 14:00:00,62.54000000000002
2024-01-12 15:00:00,61.97000000000003
2024-01-12 16:00:00,61.32000000000002
2024-01-12 17:00:00,60.97000000000003
2024-01-12 18:00:00,61.45000000000002
2024-01-12 19:00:00,61.04000000000002
2024-01-12 20:00:00,61.160000000000025
2024-01-12 21:00:00,61.18000000000001
2024-01-14 23:00:00,60.95000000000002
2024-01-15 00:00:00,61.01000000000002
2024-01-15 01:00:00,60.96000000000001
2024-01-15 02:00:00,61.29000000000002
2024-01-15 03:00:00,61.190000000000026
2024-01-15 04:00:00,61.23000000000002
2024-01-15 05:00:00,61.130000000000024
2024-01-15 06:00:00,61.08000000000001
2024-01-15 07:00:00,61.22000000000003
2024-01-15 08:00:00,60.86000000000002
2024-01-15 09:00:00,60.56000000000001
2024-01-15 10:00:00,60.53000000000001
2024-01-15 11:00:00,60.36000000000002
2024-01-15 12:00:00,59.930000000000014
2024-01-15 13:00:00,60.22000000000002
2024-01-15 14:00:00,60.460000000000015
2024-01-15 15:00:00,60.36000000000002
2024-01-15 16:00:00,60.83000000000002
2024-01-15 17:00:00,60.87000000000001
2024-01-15 18:00:00,60.89000000000002
2024-01-15 19:00:00,60.86000000000002
2024-01-15 23:00:00,61.09
2024-01-16 00:00:00,61.04000000000002
2024-01-16 01:00:00,60.710000000000015
2024-01-16 02:00:00,60.69000000000002
2024-01-16 03:00:00,60.97000000000003
2024-01-16 04:00:00,60.98000000000002
2024-01-16 05:00:00,60.79000000000001
2024-01-16 06:00:00,60.79000000000001
2024-01-16 07:00:00,60.81000000000001
2024-01-16 08:00:00,61.25000000000003
2024-01-16 09:00:00,61.120000000000005
2024-01-16 10:00:00,61.43000000000001
2024-01-16 11:00:00,61.35000000000002
2024-01-16 12:00:00,61.410000000000025
2024-01-16 13:00:00,61.07000000000002
2024-01-16 14:00:00,60.62000000000001
2024-01-16 15:00:00,60.50000000000002
2024-01-16 16:00:00,61.07000000000002
2024-01-16 17:00:00,60.52000000000002
2024-01-16 18:00:00,60.53000000000001
2024-01-16 19:00:00,60.66000000000002
2024-01-16 20:00:00,60.27000000000002
2024-01-16 21:00:00,60.27000000000002
2024-01-16 23:00:00,60.29000000000001
2024-01-17 00:00:00,60.30000000000002
2024-01-17 01:00:00,60.19000000000002
2024-01-17 02:00:00,60.210000000000015
2024-01-17 03:00:00,60.23000000000001
2024-01-17 04:00:00,60.210000000000015
2024-01-17 05:00:00,60.30000000000002
2024-01-17 06:00:00,60.67000000000001
2024-01-17 07:00:00,60.070000000000014
2024-01-17 08:00:00,59.570000000000014
2024-01-17 09:00:00,59.19000000000002
2024-01-17 10:00:00,59.350000000000016
2024-01-17 11:00:00,59.56000000000001
2024-01-17 12:00:00,59.30000000000002
2024-01-17 13:00:00,59.20000000000001
2024-01-17 14:00:00,59.50000000000002
2024-01-17 15:00:00,59.94000000000002
2024-01-17 16:00:00,59.91000000000002
2024-01-17 17:00:00,59.89000000000002
2024-01-17 18:00:00,60.48000000000001
2024-01-17 19:00:00,60.87000000000001
2024-01-17 20:00:00,60.910000000000025
2024-01-17 21:00:00,60.88000000000002
2024-01-17 23:00:00,60.96000000000001
2024-01-18 00:00:00,60.93000000000001
2024-01-18 01:00:00,60.940000000000026
2024-01-18 02:00:00,60.69000000000002
2024-01-18 03:00:00,60.89000000000002
2024-01-18 04:00:00,60.99000000000001
2024-01-18 05:00:00,61.05000000000001
2024-01-18 06:00:00,62.04000000000002
2024-01-18 07:00:00,61.170000000000016
2024-01-18 08:00:00,61.120000000000005
2024-01-18 09:00:00,61.21000000000001
2024-01-18 10:00:00,61.25000000000003
2024-01-18 11:00:00,60.850000000000016
2024-01-18 12:00:00,60.740000000000016
2024-01-18 13:00:00,60.78000000000001
2024-01-18 14:00:00,60.95000000000002
2024-01-18 15:00:00,61.28
2024-01-18 16:00:00,61.870000000000005
2024-01-18 17:00:00,62.08000000000001
2024-01-18 18:00:00,62.24000000000001
2024-01-18 19:00:00,62.00000000000003
2024-01-18 20:00:00,61.96000000000001
2024-01-18 21:00:00,61.95000000000002
2024-01-18 23:00:00,61.900000000000006
2024-01-19 00:00:00,62.09
2024-01-19 01:00:00,62.02000000000001
2024-01-19 02:00:00,61.870000000000005
2024-01-19 03:00:00,61.900000000000006
2024-01-19 04:00:00,62.04000000000002
2024-01-19 05:00:00,62.00000000000003
2024-01-19 06:00:00,61.33000000000001
2024-01-19 07:00:00,62.110000000000014
2024-01-19 08:00:00,62.190000000000026
2024-01-19 09:00:00,62.50000000000003
2024-01-19 10:00:00,62.28
2024-01-19 11:00:00,61.900000000000006
2024-01-19 12:00:00,61.80000000000001
2024-01-19 13:00:00,62.02000000000001
2024-01-19 14:00:00,62.55000000000001
2024-01-19 15:00:00,62.07000000000002
2024-01-19 16:00:00,61.49000000000001
2024-01-19 17:00:00,61.29000000000002
2024-01-19 18:00:00,61.23000000000002
2024-01-19 19:00:00,61.660000000000025
2024-01-19 20:00:00,61.670000000000016
2024-01-19 21:00:00,61.50000000000003
2024-01-21 23:00:00,61.27000000000001
2024-01-22 00:00:00,61.150000000000006
2024-01-22 01:00:00,61.120000000000005
2024-01-22 02:00:00,61.26000000000002
2024-01-22 03:00:00,61.33000000000001
2024-01-22 04:00:00,61.08000000000001
2024-01-22 05:00:00,61.21000000000001
2024-01-22 06:00:00,62.860000000000014
2024-01-22 07:00:00,61.06
2024-01-22 08:00:00,60.84000000000001
2024-01-22 09:00:00,61.390000000000015
2024-01-22 10:00:00,61.54000000000002
2024-01-22 11:00:00,61.76000000000002
2024-01-22 12:00:00,61.46000000000001
2024-01-22 13:00:00,61.59
2024-01-22 14:00:00,62.110000000000014
2024-01-22 15:00:00,62.49000000000001
2024-01-22 16:00:00,62.76000000000002
2024-01-22 17:00:00,63.150000000000006
2024-01-22 18:00:00,63.34
2024-01-22 19:00:00,62.82000000000002
2024-01-22 20:00:00,62.670000000000016
2024-01-22 21:00:00,62.75000000000003
2024-01-22 23:00:00,62.74000000000001
2024-01-23 00:00:00,62.78
2024-01-23 01:00:00,62.72000000000003
2024-01-23 02:00:00,62.79000000000002
2024-01-23 03:00:00,62.85000000000002
2024-01-23 04:00:00,62.73000000000002
2024-01-23 05:00:00,62.96000000000001
2024-01-23 06:00:00,62.48000000000002
2024-01-23 07:00:00,63.18000000000001
2024-01-23 08:00:00,62.910000000000025
2024-01-23 09:00:00,62.33000000000001
2024-01-23 10:00:00,62.33000000000001
2024-01-23 11:00:00,61.97000000000003
2024-01-23 12:00:00,62.33000000000001
2024-01-23 13:00:00,61.73000000000002
2024-01-23 14:00:00,62.56
2024-01-23 15:00:00,62.93000000000001
2024-01-23 16:00:00,62.74000000000001
2024-01-23 17:00:00,62.43000000000001
2024-01-23 18:00:00,62.30000000000001
2024-01-23 19:00:00,62.57000000000002
2024-01-23 20:00:00,62.620000000000005
2024-01-23 21:00:00,62.620000000000005
2024-01-23 23:00:00,62.55000000000001
2024-01-24 00:00:00,62.50000000000003
2024-01-24 01:00:00,62.610000000000014
2024-01-24 02:00:00,62.48000000000002
2024-01-24 03:00:00,62.420000000000016
2024-01-24 04:00:00,62.390000000000015
2024-01-24 05:00:00,62.60000000000002
2024-01-24 06:00:00,62.70000000000002
2024-01-24 07:00:00,62.85000000000002
2024-01-24 08:00:00,62.68000000000001
2024-01-24 09:00:00,62.84
2024-01-24 10:00:00,62.53
2024-01-24 11:00:00,62.35000000000002
2024-01-24 12:00:00,62.390000000000015
2024-01-24 13:00:00,63.160000000000025
2024-01-24 14:00:00,62.80000000000001
2024-01-24 15:00:00,63.160000000000025
2024-01-24 16:00:00,63.85000000000002
2024-01-24 17:00:00,63.420000000000016
2024-01-24 18:00:00,63.03
2024-01-24 19:00:00,63.26000000000002
2024-01-24 20:00:00,63.57000000000002
2024-01-24 21:00:00,63.45000000000002
2024-01-24 23:00:00,63.52000000000001
2024-01-25 00:00:00,63.50000000000003
2024-01-25 01:00:00,63.30000000000001
2024-01-25 02:00:00,63.45000000000002
2024-01-25 03:00:00,63.49000000000001
2024-01-25 04:00:00,63.47000000000003
2024-01-25 05:00:00,63.60000000000002
2024-01-25 06:00:00,63.51000000000002
2024-01-25 07:00:00,63.73000000000002
2024-01-25 08:00:00,63.900000000000006
2024-01-25 09:00:00,64.26000000000002
2024-01-25 10:00:00,64.34
2024-01-25 11:00:00,64.08000000000001
2024-01-25 12:00:00,63.79000000000002
2024-01-25 13:00:00,64.23000000000002
2024-01-25 14:00:00,64.68
2024-01-25 15:00:00,64.14000000000001
2024-01-25 16:00:00,64.53
2024-01-25 17:00:00,64.65
2024-01-25 18:00:00,64.92000000000002
2024-01-25 19:00:00,65.45000000000002
2024-01-25 20:00:00,65.26000000000002
2024-01-25 21:00:00,65.15
2024-01-25 23:00:00,65.16000000000003
2024-01-26 00:00:00,65.31
2024-01-26 01:00:00,64.88000000000002
2024-01-26 02:00:00,65.13000000000002
2024-01-26 03:00:00,64.94000000000003
2024-01-26 04:00:00,64.9
2024-01-26 05:00:00,65.08000000000001
2024-01-26 06:00:00,64.82000000000002
2024-01-26 07:00:00,64.86000000000001
2024-01-26 08:00:00,64.84
2024-01-26 09:00:00,64.64000000000001
2024-01-26 10:00:00,64.76000000000002
2024-01-26 11:00:00,64.83000000000001
2024-01-26 12:00:00,64.70000000000002
2024-01-26 13:00:00,64.68
2024-01-26 14:00:00,65.22000000000003
2024-01-26 15:00:00,65.24000000000001
2024-01-26 16:00:00,64.42000000000002
2024-01-26 17:00:00,64.70000000000002
2024-01-26 18:00:00,65.61000000000001
2024-01-26 19:00:00,66.10000000000002
2024-01-26 20:00:00,66.19000000000003
2024-01-26 21:00:00,66.28
2024-01-28 23:00:00,66.9
2024-01-29 00:00:00,66.43
2024-01-29 01:00:00,66.35000000000002
2024-01-29 02:00:00,66.38000000000002
2024-01-29 03:00:00,66.45000000000002
2024-01-29 04:00:00,66.53
2024-01-29 05:00:00,66.35000000000002
2024-01-29 06:00:00,66.28
2024-01-29 07:00:00,66.25000000000003
2024-01-29 08:00:00,66.11000000000001
2024-01-29 09:00:00,65.77000000000001
2024-01-29 10:00:00,66.12
2024-01-29 11:00:00,66.12
2024-01-29 12:00:00,66.05000000000001
2024-01-29 13:00:00,65.51000000000002
2024-01-29 14:00:00,65.14000000000001
2024-01-29 15:00:00,65.28
2024-01-29 16:00:00,65.02000000000001
2024-01-29 17:00:00,64.92000000000002
2024-01-29 18:00:00,65.04000000000002
2024-01-29 19:00:00,65.02000000000001
2024-01-29 20:00:00,65.10000000000002
2024-01-29 21:00:00,65.07000000000002
2024-01-29 23:00:00,65.09
2024-01-30 00:00:00,65.15
2024-01-30 01:00:00,65.28
2024-01-30 02:00:00,65.13000000000002
2024-01-30 03:00:00,65.05000000000001
2024-01-30 04:00:00,65.16000000000003
2024-01-30 05:00:00,65.33000000000001
2024-01-30 06:00:00,65.86000000000001
2024-01-30 07:00:00,64.93
2024-01-30 08:00:00,64.84
2024-01-30 09:00:00,65.16000000000003
2024-01-30 10:00:00,65.11000000000001
2024-01-30 11:00:00,64.88000000000002
2024-01-30 12:00:00,64.45000000000002
2024-01-30 13:00:00,64.28
2024-01-30 14:00:00,65.10000000000002
2024-01-30 15:00:00,65.62
2024-01-30 16:00:00,65.94000000000003
2024-01-30 17:00:00,65.95000000000002
2024-01-30 18:00:00,65.97000000000003
2024-01-30 19:00:00,65.83000000000001
2024-01-30 20:00:00,65.85000000000002
2024-01-30 21:00:00,65.80000000000001
2024-01-30 23:00:00,65.82000000000002
2024-01-31 00:00:00,66.00000000000003
2024-01-31 01:00:00,65.61000000000001
2024-01-31 02:00:00,65.63000000000002
2024-01-31 03:00:00,65.49000000000001
2024-01-31 04:00:00,65.63000000000002
2024-01-31 05:00:00,65.69000000000003
2024-01-31 06:00:00,63.920000000000016
2024-01-31 07:00:00,65.38000000000002
2024-01-31 08:00:00,65.38000000000002
2024-01-31 09:00:00,65.00000000000003
2024-01-31 10:00:00,65.00000000000003
2024-01-31 11:00:00,64.95000000000002
2024-01-31 12:00:00,64.86000000000001
2024-01-31 13:00:00,65.33000000000001
2024-01-31 14:00:00,64.79000000000002
2024-01-31 15:00:00,64.96000000000001
2024-01-31 16:00:00,64.13000000000002
2024-01-31 17:00:00,64.20000000000002
2024-01-31 18:00:00,63.95000000000002
2024-01-31 19:00:00,64.03
2024-01-31 20:00:00,63.84
2024-01-31 21:00:00,63.910000000000025
2024-01-31 23:00:00,63.93000000000001
2024-02-01 00:00:00,63.900000000000006
2024-02-01 01:00:00,64.42000000000002
2024-02-01 02:00:00,64.49000000000001
2024-02-01 03:00:00,64.43
2024-02-01 04:00:00,64.21000000000001
2024-02-01 05:00:00,64.04000000000002
2024-02-01 06:00:00,62.00000000000003
2024-02-01 07:00:00,64.06
2024-02-01 08:00:00,64.05000000000001
2024-02-01 09:00:00,64.57000000000002
2024-02-01 10:00:00,64.43
2024-02-01 11:00:00,64.50000000000003
2024-02-01 12:00:00,64.23000000000002
2024-02-01 13:00:00,64.74000000000001
2024-02-01 14:00:00,64.45000000000002
2024-02-01 15:00:00,64.33000000000001
2024-02-01 16:00:00,64.67000000000002
2024-02-01 17:00:00,62.34
2024-02-01 18:00:00,62.74000000000001
2024-02-01 19:00:00,62.29000000000002
2024-02-01 20:00:00,62.01000000000002
2024-02-01 21:00:00,62.09
2024-02-01 23:00:00,62.440000000000026
2024-02-02 00:00:00,62.440000000000026
2024-02-02 01:00:00,62.52000000000001
2024-02-02 02:00:00,62.46000000000001
2024-02-02 03:00:00,62.35000000000002
2024-02-02 04:00:00,62.33000000000001
2024-02-02 05:00:00,62.21000000000001
2024-02-02 06:00:00,62.27000000000001
2024-02-02 07:00:00,62.33000000000001
2024-02-02 08:00:00,61.97000000000003
2024-02-02 09:00:00,62.380000000000024
2024-02-02 10:00:00,62.33000000000001
2024-02-02 11:00:00,62.190000000000026
2024-02-02 12:00:00,61.870000000000005
2024-02-02 13:00:00,61.49000000000001
2024-02-02 14:00:00,60.40000000000001
2024-02-02 15:00:00,60.41000000000002
2024-02-02 16:00:00,60.320000000000014
2024-02-02 17:00:00,60.58000000000002
2024-02-02 18:00:00,60.710000000000015
2024-02-02 19:00:00,60.29000000000001
2024-02-02 20:00:00,60.38000000000002
2024-02-02 21:00:00,60.66000000000002
2024-02-04 23:00:00,61.02000000000001
2024-02-05 00:00:00,60.69000000000002
2024-02-05 01:00:00,60.65000000000001
2024-02-05 02:00:00,60.51000000000001
2024-02-05 03:00:00,60.72000000000002
2024-02-05 04:00:00,60.81000000000001
2024-02-05 05:00:00,60.90000000000001
2024-02-05 06:00:00,60.73000000000001
2024-02-05 07:00:00,60.53000000000001
2024-02-05 08:00:00,60.51000000000001
2024-02-05 09:00:00,60.36000000000002
2024-02-05 10:00:00,60.11000000000002
2024-02-05 11:00:00,59.97000000000002
2024-02-05 12:00:00,60.41000000000002
2024-02-05 13:00:00,60.63000000000002
2024-02-05 14:00:00,59.89000000000002
2024-02-05 15:00:00,60.08000000000002
2024-02-05 16:00:00,60.63000000000002
2024-02-05 17:00:00,61.23000000000002
2024-02-05 18:00:00,61.190000000000026
2024-02-05 19:00:00,61.05000000000001
2024-02-05 20:00:00,61.130000000000024
2024-02-05 21:00:00,61.08000000000001
2024-02-05 23:00:00,60.940000000000026
2024-02-06 00:00:00,60.99000000000001
2024-02-06 01:00:00,61.20000000000002
2024-02-06 02:00:00,61.05000000000001
2024-02-06 03:00:00,61.10000000000002
2024-02-06 04:00:00,61.24000000000001
2024-02-06 05:00:00,61.160000000000025
2024-02-06 06:00:00,61.18000000000001
2024-02-06 07:00:00,61.360000000000014
2024-02-06 08:00:00,60.98000000000002
2024-02-06 09:00:00,60.820000000000014
2024-02-06 10:00:00,61.140000000000015
2024-02-06 11:00:00,61.45000000000002
2024-02-06 12:00:00,61.56
2024-02-06 13:00:00,61.660000000000025
2024-02-06 14:00:00,61.640000000000015
2024-02-06 15:00:00,61.370000000000005
2024-02-06 16:00:00,61.79000000000002
2024-02-06 17:00:00,61.56
2024-02-06 18:00:00,61.59
2024-02-06 19:00:00,61.81
2024-02-06 20:00:00,61.73000000000002
2024-02-06 21:00:00,61.70000000000002
2024-02-06 23:00:00,61.670000000000016
2024-02-07 00:00:00,61.76000000000002
2024-02-07 01:00:00,61.83000000000001
2024-02-07 02:00:00,61.75000000000003
2024-02-07 03:00:00,61.72000000000003
2024-02-07 04:00:00,61.71000000000001
2024-02-07 05:00:00,61.670000000000016
2024-02-07 06:00:00,61.640000000000015
2024-02-07 07:00:00,61.610000000000014
2024-02-07 08:00:00,61.920000000000016
2024-02-07 09:00:00,62.140000000000015
2024-02-07 10:00:00,62.110000000000014
2024-02-07 11:00:00,62.150000000000006
2024-02-07 12:00:00,62.09
2024-02-07 13:00:00,62.08000000000001
2024-02-07 14:00:00,61.77000000000001
2024-02-07 15:00:00,61.870000000000005
2024-02-07 16:00:00,61.82000000000002
2024-02-07 17:00:00,61.99000000000001
2024-02-07 18:00:00,61.860000000000014
2024-02-07 19:00:00,62.10000000000002
2024-02-07 20:00:00,62.410000000000025
2024-02-07 21:00:00,62.34
2024-02-07 23:00:00,62.25000000000003
2024-02-08 00:00:00,62.25000000000003
2024-02-08 01:00:00,62.370000000000005
2024-02-08 02:00:00,62.46000000000001
2024-02-08 03:00:00,62.410000000000025
2024-02-08 04:00:00,62.420000000000016
2024-02-08 05:00:00,62.49000000000001
2024-02-08 06:00:00,64.4
2024-02-08 07:00:00,62.360000000000014
2024-02-08 08:00:00,62.150000000000006
2024-02-08 09:00:00,62.190000000000026
2024-02-08 10:00:00,62.72000000000003
2024-02-08 11:00:00,62.880000000000024
2024-02-08 12:00:00,63.120000000000005
2024-02-08 13:00:00,62.99000000000001
2024-02-08 14:00:00,63.54000000000002
2024-02-08 15:00:00,63.56
2024-02-08 16:00:00,64.11000000000001
2024-02-08 17:00:00,64.32000000000002
2024-02-08 18:00:00,64.19000000000003
2024-02-08 19:00:00,64.66000000000003
2024-02-08 20:00:00,64.58000000000001
2024-02-08 21:00:00,64.57000000000002
2024-02-08 23:00:00,64.57000000000002
2024-02-09 00:00:00,64.48000000000002
2024-02-09 01:00:00,64.39000000000001
2024-02-09 02:00:00,64.43
2024-02-09 03:00:00,64.53
2024-02-09 04:00:00,64.35000000000002
2024-02-09 05:00:00,64.29000000000002
2024-02-09 06:00:00,65.04000000000002
2024-02-09 07:00:00,64.47000000000003
2024-02-09 08:00:00,64.66000000000003
2024-02-09 09:00:00,64.68
2024-02-09 10:00:00,64.58000000000001
2024-02-09 11:00:00,64.4
2024-02-09 12:00:00,64.27000000000001
2024-02-09 13:00:00,64.68
2024-02-09 14:00:00,65.17000000000002
2024-02-09 15:00:00,64.62
2024-02-09 16:00:00,64.92000000000002
2024-02-09 17:00:00,64.91000000000003
2024-02-09 18:00:00,64.92000000000002
2024-02-09 19:00:00,64.81
2024-02-09 20:00:00,64.80000000000001
2024-02-09 21:00:00,64.84
2024-02-11 23:00:00,64.67000000000002
2024-02-12 00:00:00,
2024-02-12 01:00:00,64.65
2024-02-12 02:00:00,64.69000000000003
2024-02-12 03:00:00,64.65
2024-02-12 04:00:00,64.73000000000002
2024-02-12 05:00:00,64.81
2024-02-12 06:00:00,65.08000000000001
2024-02-12 07:00:00,64.72000000000003
2024-02-12 08:00:00,64.60000000000002
2024-02-12 09:00:00,64.70000000000002
2024-02-12 10:00:00,64.43
2024-02-12 11:00:00,64.16000000000003
2024-02-12 12:00:00,64.39000000000001
2024-02-12 13:00:00,64.15
2024-02-12 14:00:00,64.95000000000002
2024-02-12 15:00:00,64.83000000000001
2024-02-12 16:00:00,64.94000000000003
2024-02-12 17:00:00,64.99000000000001
2024-02-12 18:00:00,64.81
2024-02-12 19:00:00,65.09
2024-02-12 20:00:00,65.19000000000003
2024-02-12 21:00:00,65.07000000000002
2024-02-12 23:00:00,65.13000000000002
2024-02-13 00:00:00,65.10000000000002
2024-02-13 01:00:00,65.15
2024-02-13 02:00:00,65.18
2024-02-13 03:00:00,65.19000000000003
2024-02-13 04:00:00,65.18
2024-02-13 05:00:00,65.20000000000002
2024-02-13 06:00:00,65.42000000000002
2024-02-13 07:00:00,65.30000000000001
2024-02-13 08:00:00,65.08000000000001
2024-02-13 09:00:00,65.65
2024-02-13 10:00:00,65.64000000000001
2024-02-13 11:00:00,65.57000000000002
2024-02-13 12:00:00,65.63000000000002
2024-02-13 13:00:00,65.27000000000001
2024-02-13 14:00:00,65.28
2024-02-13 15:00:00,65.51000000000002
2024-02-13 16:00:00,65.75
2024-02-13 17:00:00,65.88000000000002
2024-02-13 18:00:00,65.81
2024-02-13 19:00:00,65.53
2024-02-13 20:00:00,65.57000000000002
2024-02-13 21:00:00,65.51000000000002
2024-02-13 23:00:00,65.49000000000001
2024-02-14 00:00:00,65.44000000000003
2024-02-14 01:00:00,65.4
2024-02-14 02:00:00,65.46000000000001
2024-02-14 03:00:00,65.58000000000001
2024-02-14 04:00:00,65.56
2024-02-14 05:00:00,65.55000000000001
2024-02-14 06:00:00,65.48000000000002
2024-02-14 07:00:00,65.67000000000002
2024-02-14 08:00:00,65.61000000000001
2024-02-14 09:00:00,65.69000000000003
2024-02-14 10:00:00,65.89000000000001
2024-02-14 11:00:00,65.64000000000001
2024-02-14 12:00:00,65.82000000000002
2024-02-14 13:00:00,65.96000000000001
2024-02-14 14:00:00,66.36000000000001
2024-02-14 15:00:00,65.73000000000002
2024-02-14 16:00:00,65.31
2024-02-14 17:00:00,64.71000000000001
2024-02-14 18:00:00,64.83000000000001
2024-02-14 19:00:00,64.45000000000002
2024-02-14 20:00:00,64.49000000000001
2024-02-14 21:00:00,64.45000000000002
2024-02-14 23:00:00,64.42000000000002
2024-02-15 00:00:00,64.33000000000001
2024-02-15 01:00:00,64.17000000000002
2024-02-15 02:00:00,64.26000000000002
2024-02-15 03:00:00,64.15
2024-02-15 04:00:00,64.16000000000003
2024-02-15 05:00:00,64.21000000000001
2024-02-15 06:00:00,64.32000000000002
2024-02-15 07:00:00,64.10000000000002
2024-02-15 08:00:00,64.43
2024-02-15 09:00:00,64.13000000000002
2024-02-15 10:00:00,64.03
2024-02-15 11:00:00,64.03
2024-02-15 12:00:00,64.27000000000001
2024-02-15 13:00:00,64.58000000000001
2024-02-15 14:00:00,64.95000000000002
2024-02-15 15:00:00,65.54000000000002
2024-02-15 16:00:00,66.11000000000001
2024-02-15 17:00:00,65.83000000000001
2024-02-15 18:00:00,65.68
2024-02-15 19:00:00,65.78
2024-02-15 20:00:00,65.71000000000001
2024-02-15 21:00:00,65.61000000000001
2024-02-15 23:00:00,65.69000000000003
2024-02-16 00:00:00,65.63000000000002
2024-02-16 01:00:00,65.61000000000001
2024-02-16 02:00:00,65.71000000000001
2024-02-16 03:00:00,65.57000000000002
2024-02-16 04:00:00,65.63000000000002
2024-02-16 05:00:00,65.67000000000002
2024-02-16 06:00:00,66.41000000000003
2024-02-16 07:00:00,65.59
2024-02-16 08:00:00,65.24000000000001
2024-02-16 09:00:00,64.93
2024-02-16 10:00:00,64.95000000000002
2024-02-16 11:00:00,64.96000000000001
2024-02-16 12:00:00,65.01000000000002
2024-02-16 13:00:00,65.67000000000002
2024-02-16 14:00:00,65.49000000000001
2024-02-16 15:00:00,65.71000000000001
2024-02-16 16:00:00,66.02000000000001
2024-02-16 17:00:00,66.0
2024-02-16 18:00:00,66.18
2024-02-16 19:00:00,66.30000000000001
2024-02-16 20:00:00,66.23000000000002
2024-02-16 21:00:00,66.21000000000001
2024-02-18 23:00:00,66.14000000000001
2024-02-19 00:00:00,66.05000000000001
2024-02-19 01:00:00,65.94000000000003
2024-02-19 02:00:00,65.86000000000001
2024-02-19 03:00:00,65.85000000000002
2024-02-19 04:00:00,65.82000000000002
2024-02-19 05:00:00,65.79000000000002
2024-02-19 06:00:00,65.75
2024-02-19 07:00:00,65.91000000000003
2024-02-19 08:00:00,65.67000000000002
2024-02-19 09:00:00,65.81
2024-02-19 10:00:00,65.80000000000001
2024-02-19 11:00:00,66.17000000000002
2024-02-19 12:00:00,66.36000000000001
2024-02-19 13:00:00,66.23000000000002
2024-02-19 14:00:00,66.28
2024-02-19 15:00:00,66.45000000000002
2024-02-19 16:00:00,66.29000000000002
2024-02-19 17:00:00,66.42000000000002
2024-02-19 18:00:00,66.22000000000003
2024-02-19 19:00:00,66.21000000000001
2024-02-19 23:00:00,66.09
2024-02-20 00:00:00,66.11000000000001
2024-02-20 01:00:00,66.37
2024-02-20 02:00:00,66.29000000000002
2024-02-20 03:00:00,66.34
2024-02-20 04:00:00,66.31
2024-02-20 05:00:00,66.41000000000003
2024-02-20 06:00:00,65.05000000000001
2024-02-20 07:00:00,66.34
2024-02-20 08:00:00,66.05000000000001
2024-02-20 09:00:00,65.60000000000002
2024-02-20 10:00:00,65.78
2024-02-20 11:00:00,65.68
2024-02-20 12:00:00,65.60000000000002
2024-02-20 13:00:00,66.0
2024-02-20 14:00:00,65.9
2024-02-20 15:00:00,65.10000000000002
2024-02-20 16:00:00,65.20000000000002
2024-02-20 17:00:00,65.44000000000003
2024-02-20 18:00:00,65.45000000000002
2024-02-20 19:00:00,65.30000000000001
2024-02-20 20:00:00,65.21000000000001
2024-02-20 21:00:00,65.21000000000001
2024-02-20 23:00:00,65.23000000000002
2024-02-21 00:00:00,65.18
2024-02-21 01:00:00,65.27000000000001
2024-02-21 02:00:00,65.25
2024-02-21 03:00:00,65.34
2024-02-21 04:00:00,65.34
2024-02-21 05:00:00,65.32000000000002
2024-02-21 06:00:00,65.20000000000002
2024-02-21 07:00:00,65.09
2024-02-21 08:00:00,64.43
2024-02-21 09:00:00,64.71000000000001
2024-02-21 10:00:00,64.72000000000003
2024-02-21 11:00:00,64.67000000000002
2024-02-21 12:00:00,64.91000000000003
2024-02-21 13:00:00,64.93
2024-02-21 14:00:00,65.27000000000001
2024-02-21 15:00:00,65.5
2024-02-21 16:00:00,65.75
2024-02-21 17:00:00,65.66000000000003
2024-02-21 18:00:00,65.61000000000001
2024-02-21 19:00:00,65.79000000000002
2024-02-21 20:00:00,65.85000000000002
2024-02-21 21:00:00,65.88000000000002
2024-02-21 23:00:00,65.93
2024-02-22 00:00:00,65.94000000000003
2024-02-22 01:00:00,65.80000000000001
2024-02-22 02:00:00,65.92000000000002
2024-02-22 03:00:00,65.91000000000003
2024-02-22 04:00:00,65.96000000000001
2024-02-22 05:00:00,65.99000000000001
2024-02-22 06:00:00,66.36000000000001
2024-02-22 07:00:00,66.01000000000002
2024-02-22 08:00:00,65.92000000000002
2024-02-22 09:00:00,66.02000000000001
2024-02-22 10:00:00,65.89000000000001
2024-02-22 11:00:00,65.66000000000003
2024-02-22 12:00:00,65.54000000000002
2024-02-22 13:00:00,65.15
2024-02-22 14:00:00,65.73000000000002
2024-02-22 15:00:00,65.9
2024-02-22 16:00:00,66.46000000000001
2024-02-22 17:00:00,66.55000000000001
2024-02-22 18:00:00,66.4
2024-02-22 19:00:00,66.31
2024-02-22 20:00:00,66.20000000000002
2024-02-22 21:00:00,66.13000000000002
2024-02-22 23:00:00,66.06
2024-02-23 00:00:00,66.11000000000001
2024-02-23 01:00:00,66.16000000000003
2024-02-23 02:00:00,66.08000000000001
2024-02-23 03:00:00,65.95000000000002
2024-02-23 04:00:00,66.01000000000002
2024-02-23 05:00:00,65.9
2024-02-23 06:00:00,65.93
2024-02-23 07:00:00,65.98000000000002
2024-02-23 08:00:00,65.65
2024-02-23 09:00:00,65.29000000000002
2024-02-23 10:00:00,65.36000000000001
2024-02-23 11:00:00,65.19000000000003
2024-02-23 12:00:00,65.12
2024-02-23 13:00:00,65.34
2024-02-23 14:00:00,64.84
2024-02-23 15:00:00,65.20000000000002
2024-02-23 16:00:00,64.70000000000002
2024-02-23 17:00:00,64.43
2024-02-23 18:00:00,64.66000000000003
2024-02-23 19:00:00,64.72000000000003
2024-02-23 20:00:00,64.59
2024-02-23 21:00:00,64.60000000000002
2024-02-25 23:00:00,64.48000000000002
2024-02-26 00:00:00,64.28
2024-02-26 01:00:00,64.16000000000003
2024-02-26 02:00:00,64.20000000000002
2024-02-26 03:00:00,64.12
2024-02-26 04:00:00,64.22000000000003
2024-02-26 05:00:00,64.18
2024-02-26 06:00:00,65.52000000000001
2024-02-26 07:00:00,64.15
2024-02-26 08:00:00,64.20000000000002
2024-02-26 09:00:00,64.25
2024-02-26 10:00:00,64.41000000000003
2024-02-26 11:00:00,64.23000000000002
2024-02-26 12:00:00,64.11000000000001
2024-02-26 13:00:00,64.36000000000001
2024-02-26 14:00:00,64.94000000000003
2024-02-26 15:00:00,65.10000000000002
2024-02-26 16:00:00,65.24000000000001
2024-02-26 17:00:00,65.85000000000002
2024-02-26 18:00:00,65.66000000000003
2024-02-26 19:00:00,65.65
2024-02-26 20:00:00,65.52000000000001
2024-02-26 21:00:00,65.55000000000001
2024-02-26 23:00:00,65.58000000000001
2024-02-27 00:00:00,65.61000000000001
2024-02-27 01:00:00,65.54000000000002
2024-02-27 02:00:00,65.46000000000001
2024-02-27 03:00:00,65.44000000000003
2024-02-27 04:00:00,65.5
2024-02-27 05:00:00,65.64000000000001
2024-02-27 06:00:00,66.66000000000003
2024-02-27 07:00:00,65.77000000000001
2024-02-27 08:00:00,65.49000000000001
2024-02-27 09:00:00,65.68
2024-02-27 10:00:00,65.33000000000001
2024-02-27 11:00:00,65.24000000000001
2024-02-27 12:00:00,65.33000000000001
2024-02-27 13:00:00,65.60000000000002
2024-02-27 14:00:00,66.14000000000001
2024-02-27 15:00:00,66.17000000000002
2024-02-27 16:00:00,66.17000000000002
2024-02-27 17:00:00,66.24000000000001
2024-02-27 18:00:00,66.63000000000002
2024-02-27 19:00:00,66.52000000000001
2024-02-27 20:00:00,66.43
2024-02-27 21:00:00,66.31
2024-02-27 23:00:00,66.21000000000001
2024-02-28 00:00:00,66.34
2024-02-28 01:00:00,66.38000000000002
2024-02-28 02:00:00,66.39000000000001
2024-02-28 03:00:00,66.4
2024-02-28 04:00:00,66.34
2024-02-28 05:00:00,66.37
2024-02-28 06:00:00,66.20000000000002
2024-02-28 07:00:00,66.23000000000002
2024-02-28 08:00:00,65.80000000000001
2024-02-28 09:00:00,65.83000000000001
2024-02-28 10:00:00,65.83000000000001
2024-02-28 11:00:00,65.83000000000001
2024-02-28 12:00:00,65.94000000000003
2024-02-28 13:00:00,66.68
2024-02-28 14:00:00,67.18
2024-02-28 15:00:00,66.79000000000002
2024-02-28 16:00:00,66.02000000000001
2024-02-28 17:00:00,66.4
2024-02-28 18:00:00,66.07000000000002
2024-02-28 19:00:00,66.10000000000002
2024-02-28 20:00:00,66.13000000000002
2024-02-28 21:00:00,65.99000000000001
2024-02-28 23:00:00,65.86000000000001
2024-02-29 00:00:00,65.86000000000001
2024-02-29 01:00:00,66.15
2024-02-29 02:00:00,66.11000000000001
2024-02-29 03:00:00,66.19000000000003
2024-02-29 04:00:00,66.21000000000001
2024-02-29 05:00:00,66.20000000000002
2024-02-29 06:00:00,65.88000000000002
2024-02-29 07:00:00,65.87
2024-02-29 08:00:00,65.78
2024-02-29 09:00:00,66.22000000000003
2024-02-29 10:00:00,66.04000000000002
2024-02-29 11:00:00,65.88000000000002
2024-02-29 12:00:00,66.14000000000001
2024-02-29 13:00:00,66.35000000000002
2024-02-29 14:00:00,66.13000000000002
2024-02-29 15:00:00,66.17000000000002
2024-02-29 16:00:00,66.68
2024-02-29 17:00:00,66.04000000000002
2024-02-29 18:00:00,66.12
2024-02-29 19:00:00,65.72000000000003
2024-02-29 20:00:00,65.81
2024-02-29 21:00:00,65.95000000000002
2024-02-29 23:00:00,65.91000000000003
2024-03-01 00:00:00,66.04000000000002
2024-03-01 01:00:00,66.14000000000001
2024-03-01 02:00:00,66.14000000000001
2024-03-01 03:00:00,66.15
2024-03-01 04:00:00,66.15
2024-03-01 05:00:00,66.20000000000002
2024-03-01 06:00:00,67.52000000000001
2024-03-01 07:00:00,66.11000000000001
2024-03-01 08:00:00,65.98000000000002
2024-03-01 09:00:00,66.84
2024-03-01 10:00:00,66.75
2024-03-01 11:00:00,67.02000000000001
2024-03-01 12:00:00,67.18
2024-03-01 13:00:00,67.23000000000002
2024-03-01 14:00:00,67.25
2024-03-01 15:00:00,67.84
2024-03-01 16:00:00,68.23000000000002
2024-03-01 17:00:00,67.75
2024-03-01 18:00:00,67.61000000000001
2024-03-01 19:00:00,67.52000000000001
2024-03-01 20:00:00,67.36000000000001
2024-03-01 21:00:00,67.35000000000002
2024-03-03 23:00:00,67.51000000000002
2024-03-04 00:00:00,67.71000000000001
2024-03-04 01:00:00,67.67000000000002
2024-03-04 02:00:00,67.59
2024-03-04 03:00:00,67.53
2024-03-04 04:00:00,67.51000000000002
2024-03-04 05:00:00,67.45000000000002
2024-03-04 06:00:00,66.60000000000002
2024-03-04 07:00:00,67.63000000000002
2024-03-04 08:00:00,67.77000000000001
2024-03-04 09:00:00,67.36000000000001
2024-03-04 10:00:00,67.30000000000001
2024-03-04 11:00:00,67.07000000000002
2024-03-04 12:00:00,67.24000000000001
2024-03-04 13:00:00,67.66000000000003
2024-03-04 14:00:00,67.45000000000002
2024-03-04 15:00:00,66.96000000000001
2024-03-04 16:00:00,66.74000000000001
2024-03-04 17:00:00,66.54000000000002
2024-03-04 18:00:00,66.56
2024-03-04 19:00:00,66.68
2024-03-04 20:00:00,66.59
2024-03-04 21:00:00,66.61000000000001
2024-03-04 23:00:00,66.56
2024-03-05 00:00:00,66.46000000000001
2024-03-05 01:00:00,66.52000000000001
2024-03-05 02:00:00,66.38000000000002
2024-03-05 03:00:00,66.4
2024-03-05 04:00:00,66.34
2024-03-05 05:00:00,66.28
2024-03-05 06:00:00,66.19000000000003
2024-03-05 07:00:00,66.19000000000003
2024-03-05 08:00:00,66.56
2024-03-05 09:00:00,66.46000000000001
2024-03-05 10:00:00,66.61000000000001
2024-03-05 11:00:00,66.4
2024-03-05 12:00:00,65.89000000000001
2024-03-05 13:00:00,66.0
2024-03-05 14:00:00,66.44000000000003
2024-03-05 15:00:00,66.9
2024-03-05 16:00:00,66.16000000000003
2024-03-05 17:00:00,65.96000000000001
2024-03-05 18:00:00,65.62
2024-03-05 19:00:00,65.82000000000002
2024-03-05 20:00:00,65.86000000000001
2024-03-05 21:00:00,65.80000000000001
2024-03-05 23:00:00,65.9
2024-03-06 00:00:00,65.81
2024-03-06 01:00:00,65.73000000000002
2024-03-06 02:00:00,65.9
2024-03-06 03:00:00,65.95000000000002
2024-03-06 04:00:00,65.99000000000001
2024-03-06 05:00:00,66.07000000000002
2024-03-06 06:00:00,66.07000000000002
2024-03-06 07:00:00,66.11000000000001
2024-03-06 08:00:00,66.34
2024-03-06 09:00:00,66.56
2024-03-06 10:00:00,66.41000000000003
2024-03-06 11:00:00,66.52000000000001
2024-03-06 12:00:00,66.42000000000002
2024-03-06 13:00:00,66.78
2024-03-06 14:00:00,67.21000000000001
2024-03-06 15:00:00,67.75
2024-03-06 16:00:00,67.49000000000001
2024-03-06 17:00:00,67.5
2024-03-06 18:00:00,67.08000000000001
2024-03-06 19:00:00,66.66000000000003
2024-03-06 20:00:00,66.80000000000001
2024-03-06 21:00:00,66.80000000000001
2024-03-06 23:00:00,66.77000000000001
2024-03-07 00:00:00,66.89000000000001
2024-03-07 01:00:00,66.88000000000002
2024-03-07 02:00:00,66.88000000000002
2024-03-07 03:00:00,66.79000000000002
2024-03-07 04:00:00,66.79000000000002
2024-03-07 05:00:00,66.78
2024-03-07 06:00:00,66.75
2024-03-07 07:00:00,66.76000000000002
2024-03-07 08:00:00,66.43
2024-03-07 09:00:00,66.24000000000001
2024-03-07 10:00:00,66.38000000000002
2024-03-07 11:00:00,66.28
2024-03-07 12:00:00,66.49000000000001
2024-03-07 13:00:00,66.65
2024-03-07 14:00:00,66.15
2024-03-07 15:00:00,66.38000000000002
2024-03-07 16:00:00,66.70000000000002
2024-03-07 17:00:00,67.08000000000001
2024-03-07 18:00:00,66.92000000000002
2024-03-07 19:00:00,66.69000000000003
2024-03-07 20:00:00,66.70000000000002
2024-03-07 21:00:00,67.17000000000002
2024-03-07 23:00:00,67.0
2024-03-08 00:00:00,67.07000000000002
2024-03-08 01:00:00,67.17000000000002
2024-03-08 02:00:00,67.08000000000001
2024-03-08 03:00:00,67.17000000000002
2024-03-08 04:00:00,67.26000000000002
2024-03-08 05:00:00,67.33000000000001
2024-03-08 06:00:00,65.93
2024-03-08 07:00:00,67.25
2024-03-08 08:00:00,67.63000000000002
2024-03-08 09:00:00,67.03
2024-03-08 10:00:00,66.42000000000002
2024-03-08 11:00:00,66.25
2024-03-08 12:00:00,66.31
2024-03-08 13:00:00,66.41000000000003
2024-03-08 14:00:00,66.31
2024-03-08 15:00:00,66.37
2024-03-08 16:00:00,66.10000000000002
2024-03-08 17:00:00,65.95000000000002
2024-03-08 18:00:00,65.72000000000003
2024-03-08 19:00:00,65.86000000000001
2024-03-08 20:00:00,65.83000000000001
2024-03-08 21:00:00,65.77000000000001
2024-03-10 22:00:00,65.69000000000003
2024-03-10 23:00:00,65.71000000000001
2024-03-11 00:00:00,65.51000000000002
2024-03-11 01:00:00,65.28
2024-03-11 02:00:00,65.27000000000001
2024-03-11 03:00:00,65.35000000000002
2024-03-11 04:00:00,65.35000000000002
2024-03-11 05:00:00,66.01000000000002
2024-03-11 06:00:00,65.61000000000001
2024-03-11 07:00:00,65.94
2024-03-11 08:00:00,65.83000000000001
2024-03-11 09:00:00,66.12
2024-03-11 10:00:00,65.81
2024-03-11 11:00:00,65.63000000000002
2024-03-11 12:00:00,65.72
2024-03-11 13:00:00,65.28
2024-03-11 14:00:00,65.43
2024-03-11 15:00:00,66.17000000000002
2024-03-11 16:00:00,66.04000000000002
2024-03-11 17:00:00,65.98000000000002
2024-03-11 18:00:00,66.16000000000003
2024-03-11 19:00:00,66.21000000000001
2024-03-11 20:00:00,66.26000000000002
2024-03-11 22:00:00,66.21000000000001
2024-03-11 23:00:00,66.26000000000002
2024-03-12 00:00:00,66.14000000000001
2024-03-12 01:00:00,66.32000000000002
2024-03-12 02:00:00,66.23000000000002
2024-03-12 03:00:00,66.27000000000001
2024-03-12 04:00:00,66.22
2024-03-12 05:00:00,65.77000000000001
2024-03-12 06:00:00,66.38000000000002
2024-03-12 07:00:00,66.52000000000001
2024-03-12 08:00:00,66.37
2024-03-12 09:00:00,66.62
2024-03-12 10:00:00,66.53
2024-03-12 11:00:00,66.05000000000001
2024-03-12 12:00:00,65.79000000000002
2024-03-12 13:00:00,66.22
2024-03-12 14:00:00,66.58000000000001
2024-03-12 15:00:00,66.48000000000002
2024-03-12 16:00:00,66.34
2024-03-12 17:00:00,65.96000000000001
2024-03-12 18:00:00,65.80000000000001
2024-03-12 19:00:00,65.96000000000001
2024-03-12 20:00:00,66.19
2024-03-12 22:00:00,66.13000000000002
2024-03-12 23:00:00,66.17000000000002
2024-03-13 00:00:00,66.10000000000002
2024-03-13 01:00:00,66.20000000000002
2024-03-13 02:00:00,66.18
2024-03-13 03:00:00,66.20000000000002
2024-03-13 04:00:00,66.24000000000001
2024-03-13 05:00:00,67.71000000000001
2024-03-13 06:00:00,66.31
2024-03-13 07:00:00,66.05000000000001
2024-03-13 08:00:00,66.41000000000003
2024-03-13 09:00:00,66.74000000000001
2024-03-13 10:00:00,66.83000000000001
2024-03-13 11:00:00,66.9
2024-03-13 12:00:00,67.23000000000002
2024-03-13 13:00:00,67.61000000000001
2024-03-13 14:00:00,67.15
2024-03-13 15:00:00,67.12
2024-03-13 16:00:00,67.63000000000002
2024-03-13 17:00:00,67.61000000000001
2024-03-13 18:00:00,67.81
2024-03-13 19:00:00,67.71000000000001
2024-03-13 20:00:00,67.58000000000001
2024-03-13 22:00:00,67.63000000000002
2024-03-13 23:00:00,67.68
2024-03-14 00:00:00,67.77000000000001
2024-03-14 01:00:00,67.85000000000002
2024-03-14 02:00:00,67.76000000000002
2024-03-14 03:00:00,67.84
2024-03-14 04:00:00,67.74000000000001
2024-03-14 05:00:00,69.06
2024-03-14 06:00:00,67.74000000000001
2024-03-14 07:00:00,67.95000000000002
2024-03-14 08:00:00,68.19
2024-03-14 09:00:00,68.23000000000002
2024-03-14 10:00:00,68.17000000000002
2024-03-14 11:00:00,68.29000000000002
2024-03-14 12:00:00,68.26000000000002
2024-03-14 13:00:00,68.43
2024-03-14 14:00:00,68.96000000000001
2024-03-14 15:00:00,68.88000000000002
2024-03-14 16:00:00,69.16000000000003
2024-03-14 17:00:00,69.05000000000001
2024-03-14 18:00:00,68.91000000000003
2024-03-14 19:00:00,68.83000000000001
2024-03-14 20:00:00,68.75
2024-03-14 22:00:00,68.78
2024-03-14 23:00:00,68.79000000000002
2024-03-15 00:00:00,68.84
2024-03-15 01:00:00,68.91000000000003
2024-03-15 02:00:00,68.87
2024-03-15 03:00:00,68.91000000000003
2024-03-15 04:00:00,68.86000000000001
2024-03-15 05:00:00,69.01000000000002
2024-03-15 06:00:00,68.89000000000001
2024-03-15 07:00:00,68.71000000000001
2024-03-15 08:00:00,68.47
2024-03-15 09:00:00,68.69
2024-03-15 10:00:00,68.77000000000001
2024-03-15 11:00:00,68.64000000000001
2024-03-15 12:00:00,68.80000000000001
2024-03-15 13:00:00,68.47
2024-03-15 14:00:00,68.96000000000001
2024-03-15 15:00:00,68.98000000000002
2024-03-15 16:00:00,69.15
2024-03-15 17:00:00,69.07000000000002
2024-03-15 18:00:00,68.95000000000002
2024-03-15 19:00:00,68.95000000000002
2024-03-15 20:00:00,68.98000000000002
2024-03-17 22:00:00,69.12
2024-03-17 23:00:00,69.02000000000001
2024-03-18 00:00:00,69.11000000000001
2024-03-18 01:00:00,69.26000000000002
2024-03-18 02:00:00,69.30000000000001
2024-03-18 03:00:00,69.34
2024-03-18 04:00:00,69.34
2024-03-18 05:00:00,69.35000000000002
2024-03-18 06:00:00,69.41000000000003
2024-03-18 07:00:00,69.54000000000002
2024-03-18 08:00:00,69.47
2024-03-18 09:00:00,69.86000000000001
2024-03-18 10:00:00,69.64000000000001
2024-03-18 11:00:00,69.55000000000001
2024-03-18 12:00:00,69.34
2024-03-18 13:00:00,69.62
2024-03-18 14:00:00,69.69
2024-03-18 15:00:00,70.18
2024-03-18 16:00:00,70.19
2024-03-18 17:00:00,70.42000000000002
2024-03-18 18:00:00,70.57000000000002
2024-03-18 19:00:00,70.54000000000002
2024-03-18 20:00:00,70.45000000000002
2024-03-18 22:00:00,70.41000000000003
2024-03-18 23:00:00,70.47
2024-03-19 00:00:00,70.36000000000001
2024-03-19 01:00:00,70.33000000000001
2024-03-19 02:00:00,70.31
2024-03-19 03:00:00,70.31
2024-03-19 04:00:00,70.34
2024-03-19 05:00:00,70.26000000000002
2024-03-19 06:00:00,70.30000000000001
2024-03-19 07:00:00,70.23000000000002
2024-03-19 08:00:00,70.42000000000002
2024-03-19 09:00:00,70.31
2024-03-19 10:00:00,70.28
2024-03-19 11:00:00,70.39000000000001
2024-03-19 12:00:00,70.44
2024-03-19 13:00:00,70.65
2024-03-19 14:00:00,71.03
2024-03-19 15:00:00,71.12
2024-03-19 16:00:00,71.17000000000002
2024-03-19 17:00:00,71.12
2024-03-19 18:00:00,70.97
2024-03-19 19:00:00,70.98000000000002
2024-03-19 20:00:00,70.77000000000001
2024-03-19 22:00:00,70.77000000000001
2024-03-19 23:00:00,70.74000000000001
2024-03-20 00:00:00,70.76000000000002
2024-03-20 01:00:00,70.77000000000001
2024-03-20 02:00:00,70.72
2024-03-20 03:00:00,70.80000000000001
2024-03-20 04:00:00,70.78
2024-03-20 05:00:00,70.82000000000002
2024-03-20 06:00:00,70.72
2024-03-20 07:00:00,70.56
2024-03-20 08:00:00,70.51000000000002
2024-03-20 09:00:00,70.36000000000001
2024-03-20 10:00:00,70.02000000000001
2024-03-20 11:00:00,70.36000000000001
2024-03-20 12:00:00,69.95000000000002
2024-03-20 13:00:00,69.82000000000002
2024-03-20 14:00:00,69.69
2024-03-20 15:00:00,69.51000000000002
2024-03-20 16:00:00,69.31
2024-03-20 17:00:00,69.34
2024-03-20 18:00:00,69.62
2024-03-20 19:00:00,69.84
2024-03-20 20:00:00,69.78
2024-03-20 22:00:00,69.92000000000002
2024-03-20 23:00:00,70.0
2024-03-21 00:00:00,70.01000000000002
2024-03-21 01:00:00,70.11000000000001
2024-03-21 02:00:00,70.0
2024-03-21 03:00:00,70.10000000000002
2024-03-21 04:00:00,70.17000000000002
2024-03-21 05:00:00,70.10000000000002
2024-03-21 06:00:00,70.03
2024-03-21 07:00:00,70.03
2024-03-21 08:00:00,69.56
2024-03-21 09:00:00,69.43
2024-03-21 10:00:00,69.53
2024-03-21 11:00:00,69.17000000000002
2024-03-21 12:00:00,69.46000000000001
2024-03-21 13:00:00,69.46000000000001
2024-03-21 14:00:00,68.86000000000001
2024-03-21 15:00:00,69.02000000000001
2024-03-21 16:00:00,69.10000000000002
2024-03-21 17:00:00,69.38000000000002
2024-03-21 18:00:00,69.38000000000002
2024-03-21 19:00:00,69.48000000000002
2024-03-21 20:00:00,69.24000000000001
2024-03-21 22:00:00,69.31
2024-03-21 23:00:00,69.36000000000001
2024-03-22 00:00:00,69.28
2024-03-22 01:00:00,69.02000000000001
2024-03-22 02:00:00,68.92000000000002
2024-03-22 03:00:00,68.91000000000003
2024-03-22 04:00:00,68.91000000000003
2024-03-22 05:00:00,69.04000000000002
2024-03-22 06:00:00,69.0
2024-03-22 07:00:00,69.17000000000002
2024-03-22 08:00:00,69.49000000000001
2024-03-22 09:00:00,69.47
2024-03-22 10:00:00,69.61000000000001
2024-03-22 11:00:00,69.42000000000002
2024-03-22 12:00:00,69.67000000000002
2024-03-22 13:00:00,69.29000000000002
2024-03-22 14:00:00,69.31
2024-03-22 15:00:00,69.21000000000001
2024-03-22 16:00:00,68.97
2024-03-22 17:00:00,69.11000000000001
2024-03-22 18:00:00,69.09
2024-03-22 19:00:00,69.19
2024-03-22 20:00:00,69.17000000000002
2024-03-24 22:00:00,69.19
2024-03-24 23:00:00,69.26000000000002
2024-03-25 00:00:00,69.30000000000001
2024-03-25 01:00:00,69.52000000000001
2024-03-25 02:00:00,69.57000000000002
2024-03-25 03:00:00,69.57000000000002
2024-03-25 04:00:00,69.53
2024-03-25 05:00:00,69.52000000000001
2024-03-25 06:00:00,69.36000000000001
2024-03-25 07:00:00,69.39000000000001
2024-03-25 08:00:00,69.47
2024-03-25 09:00:00,69.53
2024-03-25 10:00:00,69.53
2024-03-25 11:00:00,69.31
2024-03-25 12:00:00,69.4
2024-03-25 13:00:00,70.06
2024-03-25 14:00:00,70.41000000000003
2024-03-25 15:00:00,70.29000000000002
2024-03-25 16:00:00,70.13000000000002
2024-03-25 17:00:00,70.10000000000002
2024-03-25 18:00:00,70.44
2024-03-25 19:00:00,70.28
2024-03-25 20:00:00,70.30000000000001
2024-03-25 22:00:00,70.31
2024-03-25 23:00:00,70.34
2024-03-26 00:00:00,70.41000000000003
2024-03-26 01:00:00,70.52000000000001
2024-03-26 02:00:00,70.32000000000002
2024-03-26 03:00:00,70.25
2024-03-26 04:00:00,70.33000000000001
2024-03-26 05:00:00,69.91000000000003
2024-03-26 06:00:00,70.18
2024-03-26 07:00:00,70.06
2024-03-26 08:00:00,70.24000000000001
2024-03-26 09:00:00,70.20000000000002
2024-03-26 10:00:00,70.19
2024-03-26 11:00:00,70.45000000000002
2024-03-26 12:00:00,70.51000000000002
2024-03-26 13:00:00,70.33000000000001
2024-03-26 14:00:00,70.09
2024-03-26 15:00:00,70.32000000000002
2024-03-26 16:00:00,70.27000000000001
2024-03-26 17:00:00,69.96000000000001
2024-03-26 18:00:00,69.81
2024-03-26 19:00:00,69.77000000000001
2024-03-26 20:00:00,69.57000000000002
2024-03-26 22:00:00,69.54000000000002
2024-03-26 23:00:00,69.58000000000001
2024-03-27 00:00:00,69.52000000000001
2024-03-27 01:00:00,69.29000000000002
2024-03-27 02:00:00,69.15
2024-03-27 03:00:00,69.29000000000002
2024-03-27 04:00:00,69.32000000000002
2024-03-27 05:00:00,69.65
2024-03-27 06:00:00,69.17000000000002
2024-03-27 07:00:00,69.23000000000002
2024-03-27 08:00:00,68.93
2024-03-27 09:00:00,69.29000000000002
2024-03-27 10:00:00,69.37
2024-03-27 11:00:00,69.59
2024-03-27 12:00:00,69.37
2024-03-27 13:00:00,69.51000000000002
2024-03-27 14:00:00,69.64000000000001
2024-03-27 15:00:00,69.67000000000002
2024-03-27 16:00:00,69.44
2024-03-27 17:00:00,69.56
2024-03-27 18:00:00,69.89000000000001
2024-03-27 19:00:00,69.99000000000001
2024-03-27 20:00:00,69.97
2024-03-27 22:00:00,69.99000000000001
2024-03-27 23:00:00,69.98000000000002
2024-03-28 00:00:00,70.09
2024-03-28 01:00:00,70.04000000000002
2024-03-28 02:00:00,70.20000000000002
2024-03-28 03:00:00,69.95000000000002
2024-03-28 04:00:00,69.99000000000001
2024-03-28 05:00:00,71.29000000000002
2024-03-28 06:00:00,70.06
2024-03-28 07:00:00,70.08000000000001
2024-03-28 08:00:00,70.11000000000001
2024-03-28 09:00:00,70.18
2024-03-28 10:00:00,70.46000000000001
2024-03-28 11:00:00,70.63000000000002
2024-03-28 12:00:00,70.86000000000001
2024-03-28 13:00:00,70.61000000000001
2024-03-28 14:00:00,70.87
2024-03-28 15:00:00,70.79000000000002
2024-03-28 16:00:00,70.96000000000001
2024-03-28 17:00:00,71.17000000000002
2024-03-28 18:00:00,71.15
2024-03-28 19:00:00,71.09
2024-03-28 20:00:00,71.23000000000002
2024-03-31 22:00:00,71.20000000000002
2024-03-31 23:00:00,71.25
2024-04-01 00:00:00,71.04000000000002
2024-04-01 01:00:00,71.5
2024-04-01 02:00:00,71.57000000000002
2024-04-01 03:00:00,71.58000000000001
2024-04-01 04:00:00,71.53
2024-04-01 05:00:00,71.58000000000001
2024-04-01 06:00:00,71.58000000000001
2024-04-01 07:00:00,71.66000000000003
2024-04-01 08:00:00,71.17000000000002
2024-04-01 09:00:00,71.17000000000002
2024-04-01 10:00:00,71.10000000000002
2024-04-01 11:00:00,70.92000000000002
2024-04-01 12:00:00,71.39000000000001
2024-04-01 13:00:00,71.26000000000002
2024-04-01 14:00:00,71.88000000000002
2024-04-01 15:00:00,72.11000000000001
2024-04-01 16:00:00,72.25
2024-04-01 17:00:00,71.78
2024-04-01 18:00:00,71.81
2024-04-01 19:00:00,71.85000000000002
2024-04-01 20:00:00,71.95000000000002
2024-04-01 22:00:00,71.89000000000001
2024-04-01 23:00:00,71.84
2024-04-02 00:00:00,72.0
2024-04-02 01:00:00,71.98000000000002
2024-04-02 02:00:00,72.03
2024-04-02 03:00:00,72.05000000000001
2024-04-02 04:00:00,72.09
2024-04-02 05:00:00,73.09
2024-04-02 06:00:00,72.24000000000001
2024-04-02 07:00:00,72.65
2024-04-02 08:00:00,72.84
2024-04-02 09:00:00,73.20000000000002
2024-04-02 10:00:00,73.07000000000002
2024-04-02 11:00:00,72.93
2024-04-02 12:00:00,72.9
2024-04-02 13:00:00,72.54000000000002
2024-04-02 14:00:00,72.65
2024-04-02 15:00:00,72.94
2024-04-02 16:00:00,72.49000000000001
2024-04-02 17:00:00,72.93
2024-04-02 18:00:00,73.17000000000002
2024-04-02 19:00:00,73.11000000000001
2024-04-02 20:00:00,73.4
2024-04-02 22:00:00,73.5
2024-04-02 23:00:00,73.41000000000003
2024-04-03 00:00:00,73.10000000000002
2024-04-03 01:00:00,73.07000000000002
2024-04-03 02:00:00,73.16000000000003
2024-04-03 03:00:00,73.14000000000001
2024-04-03 04:00:00,73.11000000000001
2024-04-03 05:00:00,73.20000000000002
2024-04-03 06:00:00,73.27000000000001
2024-04-03 07:00:00,73.16000000000003
2024-04-03 08:00:00,73.19
2024-04-03 09:00:00,73.39000000000001
2024-04-03 10:00:00,73.74000000000001
2024-04-03 11:00:00,73.96000000000001
2024-04-03 12:00:00,73.77000000000001
2024-04-03 13:00:00,73.74000000000001
2024-04-03 14:00:00,73.76000000000002
2024-04-03 15:00:00,73.76000000000002
2024-04-03 16:00:00,73.72
2024-04-03 17:00:00,73.74000000000001
2024-04-03 18:00:00,73.53
2024-04-03 19:00:00,73.59
2024-04-03 20:00:00,73.67000000000002
2024-04-03 22:00:00,73.65
2024-04-03 23:00:00,73.60000000000002
2024-04-04 00:00:00,73.80000000000001
2024-04-04 01:00:00,73.67000000000002
2024-04-04 02:00:00,73.72
2024-04-04 03:00:00,73.71000000000001
2024-04-04 04:00:00,73.74000000000001
2024-04-04 05:00:00,73.68
2024-04-04 06:00:00,73.49000000000001
2024-04-04 07:00:00,73.39000000000001
2024-04-04 08:00:00,73.33000000000001
2024-04-04 09:00:00,73.42000000000002
2024-04-04 10:00:00,73.46000000000001
2024-04-04 11:00:00,73.56
2024-04-04 12:00:00,73.4
2024-04-04 13:00:00,73.5
2024-04-04 14:00:00,73.35000000000002
2024-04-04 15:00:00,73.16000000000003
2024-04-04 16:00:00,73.27000000000001
2024-04-04 17:00:00,73.93
2024-04-04 18:00:00,74.73000000000002
2024-04-04 19:00:00,74.70000000000002
2024-04-04 20:00:00,74.94
2024-04-04 22:00:00,74.92000000000002
2024-04-04 23:00:00,75.07000000000002
2024-04-05 00:00:00,75.06
2024-04-05 01:00:00,74.78
2024-04-05 02:00:00,74.81
2024-04-05 03:00:00,74.89000000000001
2024-04-05 04:00:00,74.75
2024-04-05 05:00:00,74.97
2024-04-05 06:00:00,75.02000000000001
2024-04-05 07:00:00,74.67000000000002
2024-04-05 08:00:00,74.68
2024-04-05 09:00:00,74.73000000000002
2024-04-05 10:00:00,74.96000000000001
2024-04-05 11:00:00,74.77000000000001
2024-04-05 12:00:00,75.04000000000002
2024-04-05 13:00:00,74.72
2024-04-05 14:00:00,75.12
2024-04-05 15:00:00,75.44
2024-04-05 16:00:00,75.42000000000002
2024-04-05 17:00:00,75.54000000000002
2024-04-05 18:00:00,74.86000000000001
2024-04-05 19:00:00,74.76000000000002
2024-04-05 20:00:00,74.75
2024-04-07 22:00:00,74.10000000000002
2024-04-07 23:00:00,73.99000000000001
2024-04-08 00:00:00,73.38000000000002
2024-04-08 01:00:00,73.51000000000002
2024-04-08 02:00:00,73.75
2024-04-08 03:00:00,73.66000000000003
2024-04-08 04:00:00,73.80000000000001
2024-04-08 05:00:00,73.51000000000002
2024-04-08 06:00:00,73.59
2024-04-08 07:00:00,73.98000000000002
2024-04-08 08:00:00,74.34
2024-04-08 09:00:00,74.21000000000001
2024-04-08 10:00:00,74.31
2024-04-08 11:00:00,74.46000000000001
2024-04-08 12:00:00,74.15
2024-04-08 13:00:00,74.29000000000002
2024-04-08 14:00:00,74.17000000000002
2024-04-08 15:00:00,73.54000000000002
2024-04-08 16:00:00,74.09
2024-04-08 17:00:00,74.21000000000001
2024-04-08 18:00:00,74.58000000000001
2024-04-08 19:00:00,74.52000000000001
2024-04-08 20:00:00,74.55000000000001
2024-04-08 22:00:00,74.63000000000002
2024-04-08 23:00:00,74.64000000000001
2024-04-09 00:00:00,74.88000000000002
2024-04-09 01:00:00,74.56
2024-04-09 02:00:00,74.68
2024-04-09 03:00:00,74.54000000000002
2024-04-09 04:00:00,74.55000000000001
2024-04-09 05:00:00,73.33000000000001
2024-04-09 06:00:00,74.51000000000002
2024-04-09 07:00:00,74.74000000000001
2024-04-09 08:00:00,74.81
2024-04-09 09:00:00,74.65
2024-04-09 10:00:00,74.53
2024-04-09 11:00:00,74.41000000000003
2024-04-09 12:00:00,74.19
2024-04-09 13:00:00,74.28
2024-04-09 14:00:00,73.72
2024-04-09 15:00:00,73.74000000000001
2024-04-09 16:00:00,73.22
2024-04-09 17:00:00,73.32000000000002
2024-04-09 18:00:00,73.38000000000002
2024-04-09 19:00:00,73.45000000000002
2024-04-09 20:00:00,73.42000000000002
2024-04-09 22:00:00,73.45000000000002
2024-04-09 23:00:00,73.41000000000003
2024-04-10 00:00:00,73.35000000000002
2024-04-10 01:00:00,73.51000000000002
2024-04-10 02:00:00,73.41000000000003
2024-04-10 03:00:00,73.36000000000001
2024-04-10 04:00:00,73.4
2024-04-10 05:00:00,74.31
2024-04-10 06:00:00,73.65
2024-04-10 07:00:00,73.71000000000001
2024-04-10 08:00:00,73.58000000000001
2024-04-10 09:00:00,73.59
2024-04-10 10:00:00,73.82000000000002
2024-04-10 11:00:00,73.70000000000002
2024-04-10 12:00:00,73.95000000000002
2024-04-10 13:00:00,73.5
2024-04-10 14:00:00,73.30000000000001
2024-04-10 15:00:00,73.47
2024-04-10 16:00:00,73.41000000000003
2024-04-10 17:00:00,74.21000000000001
2024-04-10 18:00:00,74.23000000000002
2024-04-10 19:00:00,74.42000000000002
2024-04-10 20:00:00,74.36000000000001
2024-04-10 22:00:00,74.43
2024-04-10 23:00:00,74.38000000000002
2024-04-11 00:00:00,74.4
2024-04-11 01:00:00,74.43
2024-04-11 02:00:00,74.59
2024-04-11 03:00:00,74.60000000000002
2024-04-11 04:00:00,74.48000000000002
2024-04-11 05:00:00,73.48000000000002
2024-04-11 06:00:00,74.30000000000001
2024-04-11 07:00:00,74.59
2024-04-11 08:00:00,74.71000000000001
2024-04-11 09:00:00,74.34
2024-04-11 10:00:00,73.93
2024-04-11 11:00:00,74.07000000000002
2024-04-11 12:00:00,73.73000000000002
2024-04-11 13:00:00,73.75000000000003
2024-04-11 14:00:00,73.57000000000002
2024-04-11 15:00:00,73.87
2024-04-11 16:00:00,73.74000000000001
2024-04-11 17:00:00,73.52000000000001
2024-04-11 18:00:00,73.74000000000001
2024-04-11 19:00:00,74.00000000000003
2024-04-11 20:00:00,74.00000000000003
2024-04-11 22:00:00,73.91000000000003
2024-04-11 23:00:00,73.89000000000001
2024-04-12 00:00:00,73.87
2024-04-12 01:00:00,74.22000000000003
2024-04-12 02:00:00,74.11000000000001
2024-04-12 03:00:00,74.05000000000001
2024-04-12 04:00:00,74.02000000000001
2024-04-12 05:00:00,74.11000000000001
2024-04-12 06:00:00,74.24000000000001
2024-04-12 07:00:00,74.17000000000002
2024-04-12 08:00:00,74.38000000000002
2024-04-12 09:00:00,74.41000000000003
2024-04-12 10:00:00,74.56
2024-04-12 11:00:00,74.56
2024-04-12 12:00:00,74.94000000000003
2024-04-12 13:00:00,75.45000000000002
2024-04-12 14:00:00,75.52000000000001
2024-04-12 15:00:00,74.81
2024-04-12 16:00:00,74.22000000000003
2024-04-12 17:00:00,74.39000000000001
2024-04-12 18:00:00,73.97000000000003
2024-04-12 19:00:00,74.04000000000002
2024-04-12 20:00:00,73.91000000000003
2024-04-14 22:00:00,73.89000000000001
2024-04-14 23:00:00,74.10000000000002
2024-04-15 00:00:00,73.89000000000001
2024-04-15 01:00:00,74.02000000000001
2024-04-15 02:00:00,73.82000000000002
2024-04-15 03:00:00,73.91000000000003
2024-04-15 04:00:00,73.85000000000002
2024-04-15 05:00:00,73.91000000000003
2024-04-15 06:00:00,73.58000000000001
2024-04-15 07:00:00,72.97000000000003
2024-04-15 08:00:00,73.26000000000002
2024-04-15 09:00:00,73.24000000000001
2024-04-15 10:00:00,73.56
2024-04-15 11:00:00,73.50000000000003
2024-04-15 12:00:00,73.37
2024-04-15 13:00:00,73.23000000000002
2024-04-15 14:00:00,73.26000000000002
2024-04-15 15:00:00,73.06
2024-04-15 16:00:00,73.29000000000002
2024-04-15 17:00:00,73.96000000000001
2024-04-15 18:00:00,74.12
2024-04-15 19:00:00,74.13000000000002
2024-04-15 20:00:00,74.16000000000003
2024-04-15 22:00:00,74.30000000000001
2024-04-15 23:00:00,74.27000000000001
2024-04-16 00:00:00,74.4
2024-04-16 01:00:00,74.51000000000002
2024-04-16 02:00:00,74.57000000000002
2024-04-16 03:00:00,74.36000000000001
2024-04-16 04:00:00,74.39000000000001
2024-04-16 05:00:00,73.93
2024-04-16 06:00:00,74.11000000000001
2024-04-16 07:00:00,74.00000000000003
2024-04-16 08:00:00,73.89000000000001
2024-04-16 09:00:00,73.63000000000002
2024-04-16 10:00:00,73.59
2024-04-16 11:00:00,73.61000000000001
2024-04-16 12:00:00,73.34
2024-04-16 13:00:00,73.78
2024-04-16 14:00:00,74.14000000000001
2024-04-16 15:00:00,74.03
2024-04-16 16:00:00,73.89000000000001
2024-04-16 17:00:00,73.88000000000002
2024-04-16 18:00:00,74.03
2024-04-16 19:00:00,73.88000000000002
2024-04-16 20:00:00,73.84
2024-04-16 22:00:00,73.88000000000002
2024-04-16 23:00:00,74.04000000000002
2024-04-17 00:00:00,73.81
2024-04-17 01:00:00,73.49000000000001
2024-04-17 02:00:00,73.41000000000003
2024-04-17 03:00:00,73.47000000000003
2024-04-17 04:00:00,73.53
2024-04-17 05:00:00,73.50000000000003
2024-04-17 06:00:00,73.68
2024-04-17 07:00:00,73.66000000000003
2024-04-17 08:00:00,73.62
2024-04-17 09:00:00,73.18
2024-04-17 10:00:00,73.47000000000003
2024-04-17 11:00:00,73.54000000000002
2024-04-17 12:00:00,73.06
2024-04-17 13:00:00,73.26000000000002
2024-04-17 14:00:00,73.31
2024-04-17 15:00:00,71.98000000000002
2024-04-17 16:00:00,71.60000000000002
2024-04-17 17:00:00,71.43
2024-04-17 18:00:00,71.35000000000002
2024-04-17 19:00:00,71.43
2024-04-17 20:00:00,71.53
2024-04-17 22:00:00,71.53
2024-04-17 23:00:00,71.53
2024-04-18 00:00:00,71.44000000000003
2024-04-18 01:00:00,71.48000000000002
2024-04-18 02:00:00,71.58000000000001
2024-04-18 03:00:00,71.61000000000001
2024-04-18 04:00:00,71.51000000000002
2024-04-18 05:00:00,71.51000000000002
2024-04-18 06:00:00,71.4
2024-04-18 07:00:00,70.94000000000003
2024-04-18 08:00:00,70.74000000000001
2024-04-18 09:00:00,70.61000000000001
2024-04-18 10:00:00,70.57000000000002
2024-04-18 11:00:00,70.81
2024-04-18 12:00:00,71.48000000000002
2024-04-18 13:00:00,71.51000000000002
2024-04-18 14:00:00,70.94000000000003
2024-04-18 15:00:00,71.22000000000003
2024-04-18 16:00:00,71.67000000000002
2024-04-18 17:00:00,71.41000000000003
2024-04-18 18:00:00,71.30000000000001
2024-04-18 19:00:00,71.20000000000002
2024-04-18 20:00:00,71.01000000000002
2024-04-18 22:00:00,71.09
2024-04-18 23:00:00,71.15
2024-04-19 00:00:00,71.49000000000001
2024-04-19 01:00:00,73.64000000000001
2024-04-19 02:00:00,73.82000000000002
2024-04-19 03:00:00,73.31
2024-04-19 04:00:00,72.9
2024-04-19 05:00:00,72.70000000000002
2024-04-19 06:00:00,72.34
2024-04-19 07:00:00,71.91000000000003
2024-04-19 08:00:00,71.47000000000003
2024-04-19 09:00:00,71.07000000000002
2024-04-19 10:00:00,70.79000000000002
2024-04-19 11:00:00,70.64000000000001
2024-04-19 12:00:00,70.73000000000002
2024-04-19 13:00:00,71.21000000000001
2024-04-19 14:00:00,71.64000000000001
2024-04-19 15:00:00,71.32000000000002
2024-04-19 16:00:00,71.75000000000003
2024-04-19 17:00:00,71.53
2024-04-19 18:00:00,71.43
2024-04-19 19:00:00,71.17000000000002
2024-04-19 20:00:00,71.15
2024-04-21 22:00:00,70.94000000000003
2024-04-21 23:00:00,70.98000000000002
2024-04-22 00:00:00,70.82000000000002
2024-04-22 01:00:00,70.54000000000002
2024-04-22 02:00:00,70.71000000000001
2024-04-22 03:00:00,70.63000000000002
2024-04-22 04:00:00,70.58000000000001
2024-04-22 05:00:00,70.92000000000002
2024-04-22 06:00:00,70.06
2024-04-22 07:00:00,69.92000000000002
2024-04-22 08:00:00,70.32000000000002
2024-04-22 09:00:00,70.71000000000001
2024-04-22 10:00:00,70.84
2024-04-22 11:00:00,70.44000000000003
2024-04-22 12:00:00,70.37
2024-04-22 13:00:00,70.47000000000003
2024-04-22 14:00:00,70.78
2024-04-22 15:00:00,71.13000000000002
2024-04-22 16:00:00,71.01000000000002
2024-04-22 17:00:00,70.69000000000003
2024-04-22 18:00:00,71.05000000000001
2024-04-22 19:00:00,71.09
2024-04-22 20:00:00,71.14000000000001
2024-04-22 22:00:00,71.11000000000001
2024-04-22 23:00:00,71.12
2024-04-23 00:00:00,71.39000000000001
2024-04-23 01:00:00,71.02000000000001
2024-04-23 02:00:00,71.24000000000001
2024-04-23 03:00:00,71.25000000000003
2024-04-23 04:00:00,71.37
2024-04-23 05:00:00,72.27000000000001
2024-04-23 06:00:00,71.06
2024-04-23 07:00:00,71.54000000000002
2024-04-23 08:00:00,71.34
2024-04-23 09:00:00,71.00000000000003
2024-04-23 10:00:00,70.69000000000003
2024-04-23 11:00:00,70.36000000000001
2024-04-23 12:00:00,70.15
2024-04-23 13:00:00,70.97000000000003
2024-04-23 14:00:00,71.34
2024-04-23 15:00:00,71.81
2024-04-23 16:00:00,71.93
2024-04-23 17:00:00,72.18
2024-04-23 18:00:00,72.29000000000002
2024-04-23 19:00:00,72.22000000000003
2024-04-23 20:00:00,72.30000000000001
2024-04-23 22:00:00,72.34
2024-04-23 23:00:00,72.33000000000001
2024-04-24 00:00:00,72.34
2024-04-24 01:00:00,72.21000000000001
2024-04-24 02:00:00,72.27000000000001
2024-04-24 03:00:00,72.32000000000002
2024-04-24 04:00:00,72.33000000000001
2024-04-24 05:00:00,72.41000000000003
2024-04-24 06:00:00,72.49000000000001
2024-04-24 07:00:00,72.31
2024-04-24 08:00:00,71.94000000000003
2024-04-24 09:00:00,71.88000000000002
2024-04-24 10:00:00,71.71000000000001
2024-04-24 11:00:00,72.05000000000001
2024-04-24 12:00:00,72.15
2024-04-24 13:00:00,71.88000000000002
2024-04-24 14:00:00,71.67000000000002
2024-04-24 15:00:00,71.79000000000002
2024-04-24 16:00:00,71.68
2024-04-24 17:00:00,71.52000000000001
2024-04-24 18:00:00,71.83000000000001
2024-04-24 19:00:00,71.91000000000003
2024-04-24 20:00:00,71.82000000000002
2024-04-24 22:00:00,71.79000000000002
2024-04-24 23:00:00,71.66000000000003
2024-04-25 00:00:00,71.73000000000002
2024-04-25 01:00:00,71.60000000000002
2024-04-25 02:00:00,71.86000000000001
2024-04-25 03:00:00,71.88000000000002
2024-04-25 04:00:00,71.93
2024-04-25 05:00:00,72.46000000000001
2024-04-25 06:00:00,72.05000000000001
2024-04-25 07:00:00,72.11000000000001
2024-04-25 08:00:00,71.96000000000001
2024-04-25 09:00:00,71.74000000000001
2024-04-25 10:00:00,71.89000000000001
2024-04-25 11:00:00,71.96000000000001
2024-04-25 12:00:00,71.84
2024-04-25 13:00:00,71.41000000000003
2024-04-25 14:00:00,71.17000000000002
2024-04-25 15:00:00,71.48000000000002
2024-04-25 16:00:00,71.42000000000002
2024-04-25 17:00:00,71.94000000000003
2024-04-25 18:00:00,72.60000000000002
2024-04-25 19:00:00,72.66000000000003
2024-04-25 20:00:00,72.67000000000002
2024-04-25 22:00:00,72.71000000000001
2024-04-25 23:00:00,72.65
2024-04-26 00:00:00,72.74000000000001
2024-04-26 01:00:00,72.70000000000002
2024-04-26 02:00:00,72.67000000000002
2024-04-26 03:00:00,72.71000000000001
2024-04-26 04:00:00,72.73000000000002
2024-04-26 05:00:00,72.89000000000001
2024-04-26 06:00:00,72.86000000000001
2024-04-26 07:00:00,72.88000000000002
2024-04-26 08:00:00,72.55000000000001
2024-04-26 09:00:00,72.85000000000002
2024-04-26 10:00:00,72.97000000000003
2024-04-26 11:00:00,73.04000000000002
2024-04-26 12:00:00,73.24000000000001
2024-04-26 13:00:00,72.87
2024-04-26 14:00:00,72.52000000000001
2024-04-26 15:00:00,73.00000000000003
2024-04-26 16:00:00,72.84
2024-04-26 17:00:00,72.83000000000001
2024-04-26 18:00:00,72.73000000000002
2024-04-26 19:00:00,72.66000000000003
2024-04-26 20:00:00,72.66000000000003
2024-04-28 22:00:00,72.47000000000003
2024-04-28 23:00:00,72.23000000000002
2024-04-29 00:00:00,72.30000000000001
2024-04-29 01:00:00,72.10000000000002
2024-04-29 02:00:00,72.16000000000003
2024-04-29 03:00:00,72.19000000000003
2024-04-29 04:00:00,72.19000000000003
2024-04-29 05:00:00,71.74000000000001
2024-04-29 06:00:00,72.11000000000001
2024-04-29 07:00:00,72.35000000000002
2024-04-29 08:00:00,72.57000000000002
2024-04-29 09:00:00,72.57000000000002
2024-04-29 10:00:00,72.69000000000003
2024-04-29 11:00:00,72.75000000000003
2024-04-29 12:00:00,72.31
2024-04-29 13:00:00,72.48000000000002
2024-04-29 14:00:00,71.73000000000002
2024-04-29 15:00:00,72.11000000000001
2024-04-29 16:00:00,72.10000000000002
2024-04-29 17:00:00,71.62
2024-04-29 18:00:00,71.81
2024-04-29 19:00:00,71.80000000000001
2024-04-29 20:00:00,71.85000000000002
2024-04-29 22:00:00,71.75000000000003
2024-04-29 23:00:00,71.71000000000001
2024-04-30 00:00:00,71.59
2024-04-30 01:00:00,71.61000000000001
2024-04-30 02:00:00,71.68
2024-04-30 03:00:00,71.67000000000002
2024-04-30 04:00:00,71.56
2024-04-30 05:00:00,71.49000000000001
2024-04-30 06:00:00,71.57000000000002
2024-04-30 07:00:00,71.93
2024-04-30 08:00:00,72.03
2024-04-30 09:00:00,71.89000000000001
2024-04-30 10:00:00,72.11000000000001
2024-04-30 11:00:00,72.05000000000001
2024-04-30 12:00:00,72.04000000000002
2024-04-30 13:00:00,70.44000000000003
2024-04-30 14:00:00,70.49000000000001
2024-04-30 15:00:00,70.82000000000002
2024-04-30 16:00:00,70.62
2024-04-30 17:00:00,70.95000000000002
2024-04-30 18:00:00,70.81
2024-04-30 19:00:00,70.63000000000002
2024-04-30 20:00:00,70.57000000000002
2024-04-30 22:00:00,70.33000000000001
2024-04-30 23:00:00,70.42000000000002
2024-05-01 00:00:00,70.19000000000003
2024-05-01 01:00:00,70.25000000000003
2024-05-01 02:00:00,70.23000000000002
2024-05-01 03:00:00,70.20000000000002
2024-05-01 04:00:00,70.28
2024-05-01 05:00:00,70.30000000000001
2024-05-01 06:00:00,70.16000000000003
2024-05-01 07:00:00,69.92000000000002
2024-05-01 08:00:00,69.76000000000002
2024-05-01 09:00:00,69.56
2024-05-01 10:00:00,69.87
2024-05-01 11:00:00,69.63000000000002
2024-05-01 12:00:00,69.74000000000001
2024-05-01 13:00:00,70.30000000000001
2024-05-01 14:00:00,69.24000000000001
2024-05-01 15:00:00,68.27000000000001
2024-05-01 16:00:00,68.37
2024-05-01 17:00:00,68.27000000000001
2024-05-01 18:00:00,68.37
2024-05-01 19:00:00,68.18
2024-05-01 20:00:00,68.27000000000001
2024-05-01 22:00:00,68.22000000000003
2024-05-01 23:00:00,68.27000000000001
2024-05-02 00:00:00,68.36000000000001
2024-05-02 01:00:00,68.41000000000003
2024-05-02 02:00:00,68.55000000000001
2024-05-02 03:00:00,68.61000000000001
2024-05-02 04:00:00,68.64000000000001
2024-05-02 05:00:00,68.19000000000003
2024-05-02 06:00:00,68.61000000000001
2024-05-02 07:00:00,68.82000000000002
2024-05-02 08:00:00,68.83000000000001
2024-05-02 09:00:00,68.86000000000001
2024-05-02 10:00:00,68.56
2024-05-02 11:00:00,68.91000000000003
2024-05-02 12:00:00,68.33000000000001
2024-05-02 13:00:00,68.06
2024-05-02 14:00:00,67.91000000000003
2024-05-02 15:00:00,67.77000000000001
2024-05-02 16:00:00,68.26000000000002
2024-05-02 17:00:00,68.10000000000002
2024-05-02 18:00:00,68.34
2024-05-02 19:00:00,68.19000000000003
2024-05-02 20:00:00,68.32000000000002
2024-05-02 22:00:00,68.44000000000003
2024-05-02 23:00:00,68.46000000000001
2024-05-03 00:00:00,68.58000000000001
2024-05-03 01:00:00,68.45000000000002
2024-05-03 02:00:00,68.37
2024-05-03 03:00:00,68.48000000000002
2024-05-03 04:00:00,68.39000000000001
2024-05-03 05:00:00,68.45000000000002
2024-05-03 06:00:00,68.46000000000001
2024-05-03 07:00:00,68.52000000000001
2024-05-03 08:00:00,68.4
2024-05-03 09:00:00,68.21000000000001
2024-05-03 10:00:00,68.46000000000001
2024-05-03 11:00:00,68.57000000000002
2024-05-03 12:00:00,68.36000000000001
2024-05-03 13:00:00,67.96000000000001
2024-05-03 14:00:00,67.77000000000001
2024-05-03 15:00:00,67.67000000000002
2024-05-03 16:00:00,67.73000000000002
2024-05-03 17:00:00,67.64000000000001
2024-05-03 18:00:00,67.4
2024-05-03 19:00:00,67.47000000000003
2024-05-03 20:00:00,67.33000000000001
2024-05-05 22:00:00,67.86000000000001
2024-05-05 23:00:00,67.74000000000001
2024-05-06 00:00:00,67.61000000000001
2024-05-06 01:00:00,67.73000000000002
2024-05-06 02:00:00,67.68
2024-05-06 03:00:00,67.74000000000001
2024-05-06 04:00:00,67.73000000000002
2024-05-06 05:00:00,67.91000000000003
2024-05-06 06:00:00,68.10000000000002
2024-05-06 07:00:00,68.10000000000002
2024-05-06 08:00:00,68.23000000000002
2024-05-06 09:00:00,68.22000000000003
2024-05-06 10:00:00,68.28
2024-05-06 11:00:00,68.36000000000001
2024-05-06 12:00:00,67.94000000000003
2024-05-06 13:00:00,68.13000000000002
2024-05-06 14:00:00,67.95000000000002
2024-05-06 15:00:00,68.03
2024-05-06 16:00:00,67.77000000000001
2024-05-06 17:00:00,67.55000000000001
2024-05-06 18:00:00,68.07000000000002
2024-05-06 19:00:00,67.98000000000002
2024-05-06 20:00:00,68.04000000000002
2024-05-06 22:00:00,68.11000000000001
2024-05-06 23:00:00,68.24000000000001
2024-05-07 00:00:00,68.25000000000003
2024-05-07 01:00:00,68.05000000000001
2024-05-07 02:00:00,68.07000000000002
2024-05-07 03:00:00,68.08000000000001
2024-05-07 04:00:00,67.97000000000003
2024-05-07 05:00:00,68.05000000000001
2024-05-07 06:00:00,67.97000000000003
2024-05-07 07:00:00,67.79000000000002
2024-05-07 08:00:00,68.05000000000001
2024-05-07 09:00:00,67.72000000000003
2024-05-07 10:00:00,67.62
2024-05-07 11:00:00,67.63000000000002
2024-05-07 12:00:00,67.35000000000002
2024-05-07 13:00:00,67.39000000000001
2024-05-07 14:00:00,67.4
2024-05-07 15:00:00,67.78
2024-05-07 16:00:00,68.09
2024-05-07 17:00:00,68.05000000000001
2024-05-07 18:00:00,67.88000000000002
2024-05-07 19:00:00,67.84
2024-05-07 20:00:00,67.72000000000003
2024-05-07 22:00:00,67.77000000000001
2024-05-07 23:00:00,67.71000000000001
2024-05-08 00:00:00,67.63000000000002
2024-05-08 01:00:00,67.44000000000003
2024-05-08 02:00:00,67.47000000000003
2024-05-08 03:00:00,67.49000000000001
2024-05-08 04:00:00,67.37
2024-05-08 05:00:00,67.32000000000002
2024-05-08 06:00:00,67.08000000000001
2024-05-08 07:00:00,66.76000000000002
2024-05-08 08:00:00,66.66000000000003
2024-05-08 09:00:00,66.77000000000001
2024-05-08 10:00:00,67.07000000000002
2024-05-08 11:00:00,66.85000000000002
2024-05-08 12:00:00,66.96000000000001
2024-05-08 13:00:00,67.26000000000002
2024-05-08 14:00:00,67.9
2024-05-08 15:00:00,68.37
2024-05-08 16:00:00,68.10000000000002
2024-05-08 17:00:00,68.16000000000003
2024-05-08 18:00:00,68.36000000000001
2024-05-08 19:00:00,68.46000000000001
2024-05-08 20:00:00,68.49000000000001
2024-05-08 22:00:00,68.45000000000002
2024-05-08 23:00:00,68.51000000000002
2024-05-09 00:00:00,68.58000000000001
2024-05-09 01:00:00,68.57000000000002
2024-05-09 02:00:00,68.68
2024-05-09 03:00:00,68.69000000000003
2024-05-09 04:00:00,68.69000000000003
2024-05-09 05:00:00,68.51000000000002
2024-05-09 06:00:00,68.57000000000002
2024-05-09 07:00:00,68.83000000000001
2024-05-09 08:00:00,68.88000000000002
2024-05-09 09:00:00,68.72000000000003
2024-05-09 10:00:00,69.01000000000002
2024-05-09 11:00:00,68.79000000000002
2024-05-09 12:00:00,68.76000000000002
2024-05-09 13:00:00,68.73000000000002
2024-05-09 14:00:00,68.55000000000001
2024-05-09 15:00:00,68.21000000000001
2024-05-09 16:00:00,68.36000000000001
2024-05-09 17:00:00,68.29000000000002
2024-05-09 18:00:00,68.68
2024-05-09 19:00:00,68.84
2024-05-09 20:00:00,68.79000000000002
2024-05-09 22:00:00,68.89000000000001
2024-05-09 23:00:00,68.86000000000001
2024-05-10 00:00:00,68.91000000000003
2024-05-10 01:00:00,69.02000000000001
2024-05-10 02:00:00,68.94000000000003
2024-05-10 03:00:00,68.99000000000001
2024-05-10 04:00:00,69.03000000000003
2024-05-10 05:00:00,67.65
2024-05-10 06:00:00,69.16000000000003
2024-05-10 07:00:00,69.09
2024-05-10 08:00:00,68.92000000000002
2024-05-10 09:00:00,69.09
2024-05-10 10:00:00,69.11000000000001
2024-05-10 11:00:00,69.00000000000003
2024-05-10 12:00:00,68.88000000000002
2024-05-10 13:00:00,68.94000000000003
2024-05-10 14:00:00,68.58000000000001
2024-05-10 15:00:00,68.07000000000002
2024-05-10 16:00:00,67.74000000000001
2024-05-10 17:00:00,67.65
2024-05-10 18:00:00,67.66000000000003
2024-05-10 19:00:00,67.69000000000003
2024-05-10 20:00:00,67.58000000000001
2024-05-12 22:00:00,67.42000000000002
2024-05-12 23:00:00,67.46000000000001
2024-05-13 00:00:00,67.41000000000003
2024-05-13 01:00:00,67.15
2024-05-13 02:00:00,67.45000000000002
2024-05-13 03:00:00,67.38000000000002
2024-05-13 04:00:00,67.42000000000002
2024-05-13 05:00:00,67.41000000000003
2024-05-13 06:00:00,67.60000000000002
2024-05-13 07:00:00,67.82000000000002
2024-05-13 08:00:00,67.94000000000003
2024-05-13 09:00:00,67.80000000000001
2024-05-13 10:00:00,68.02000000000001
2024-05-13 11:00:00,68.17000000000002
2024-05-13 12:00:00,68.11000000000001
2024-05-13 13:00:00,68.47000000000003
2024-05-13 14:00:00,68.33000000000001
2024-05-13 15:00:00,68.16000000000003
2024-05-13 16:00:00,68.03000000000003
2024-05-13 17:00:00,68.28000000000003
2024-05-13 18:00:00,68.42000000000002
2024-05-13 19:00:00,68.43
2024-05-13 20:00:00,68.41000000000003
2024-05-13 22:00:00,68.38000000000002
2024-05-13 23:00:00,68.36000000000001
2024-05-14 00:00:00,68.55000000000001
2024-05-14 01:00:00,68.37
2024-05-14 02:00:00,68.31
2024-05-14 03:00:00,68.44000000000003
2024-05-14 04:00:00,68.46000000000001
2024-05-14 05:00:00,68.46000000000001
2024-05-14 06:00:00,68.38000000000002
2024-05-14 07:00:00,68.28000000000003
2024-05-14 08:00:00,68.18
2024-05-14 09:00:00,68.33000000000001
2024-05-14 10:00:00,68.26000000000002
2024-05-14 11:00:00,68.12
2024-05-14 12:00:00,67.83000000000001
2024-05-14 13:00:00,68.10000000000002
2024-05-14 14:00:00,67.57000000000002
2024-05-14 15:00:00,67.26000000000002
2024-05-14 16:00:00,67.53000000000003
2024-05-14 17:00:00,67.29000000000002
2024-05-14 18:00:00,67.47000000000003
2024-05-14 19:00:00,67.51000000000002
2024-05-14 20:00:00,67.79000000000002
2024-05-14 22:00:00,67.78000000000003
2024-05-14 23:00:00,67.76000000000002
2024-05-15 00:00:00,67.67000000000002
2024-05-15 01:00:00,67.89000000000001
2024-05-15 02:00:00,67.94000000000003
2024-05-15 03:00:00,67.96000000000001
2024-05-15 04:00:00,67.93
2024-05-15 05:00:00,67.92000000000002
2024-05-15 06:00:00,67.93
2024-05-15 07:00:00,67.86000000000001
2024-05-15 08:00:00,67.93
2024-05-15 09:00:00,67.63000000000002
2024-05-15 10:00:00,67.36000000000001
2024-05-15 11:00:00,67.10000000000002
2024-05-15 12:00:00,67.18
2024-05-15 13:00:00,66.52000000000001
2024-05-15 14:00:00,66.91000000000003
2024-05-15 15:00:00,67.63000000000002
2024-05-15 16:00:00,67.83000000000001
2024-05-15 17:00:00,67.84
2024-05-15 18:00:00,68.01000000000002
2024-05-15 19:00:00,68.13000000000002
2024-05-15 20:00:00,68.09
2024-05-15 22:00:00,68.08000000000001
2024-05-15 23:00:00,68.20000000000002
2024-05-16 00:00:00,68.35000000000002
2024-05-16 01:00:00,68.20000000000002
2024-05-16 02:00:00,68.27000000000001
2024-05-16 03:00:00,68.25000000000003
2024-05-16 04:00:00,68.33000000000001
2024-05-16 05:00:00,68.51000000000002
2024-05-16 06:00:00,68.33000000000001
2024-05-16 07:00:00,68.18
2024-05-16 08:00:00,67.95000000000002
2024-05-16 09:00:00,67.65
2024-05-16 10:00:00,67.80000000000001
2024-05-16 11:00:00,68.01000000000002
2024-05-16 12:00:00,68.28000000000003
2024-05-16 13:00:00,68.68
2024-05-16 14:00:00,68.44000000000003
2024-05-16 15:00:00,68.59
2024-05-16 16:00:00,68.30000000000001
2024-05-16 17:00:00,68.50000000000003
2024-05-16 18:00:00,68.66000000000003
2024-05-16 19:00:00,68.59
2024-05-16 20:00:00,68.66000000000003
2024-05-16 22:00:00,68.72000000000003
2024-05-16 23:00:00,68.72000000000003
2024-05-17 00:00:00,68.64000000000001
2024-05-17 01:00:00,68.85000000000002
2024-05-17 02:00:00,68.69000000000003
2024-05-17 03:00:00,68.73000000000002
2024-05-17 04:00:00,68.76000000000002
2024-05-17 05:00:00,69.36000000000001
2024-05-17 06:00:00,69.03000000000003
2024-05-17 07:00:00,68.83000000000001
2024-05-17 08:00:00,68.68
2024-05-17 09:00:00,68.69000000000003
2024-05-17 10:00:00,68.74000000000001
2024-05-17 11:00:00,68.57000000000002
2024-05-17 12:00:00,69.09
2024-05-17 13:00:00,68.88000000000002
2024-05-17 14:00:00,68.75000000000003
2024-05-17 15:00:00,68.92000000000002
2024-05-17 16:00:00,68.97000000000003
2024-05-17 17:00:00,69.29000000000002
2024-05-17 18:00:00,69.39000000000001
2024-05-17 19:00:00,69.32000000000002
2024-05-17 20:00:00,69.31
2024-05-19 22:00:00,69.34
2024-05-19 23:00:00,69.16000000000003
2024-05-20 00:00:00,69.34
2024-05-20 01:00:00,69.51000000000002
2024-05-20 02:00:00,69.42000000000002
2024-05-20 03:00:00,69.47000000000003
2024-05-20 04:00:00,69.4
2024-05-20 05:00:00,69.14000000000001
2024-05-20 06:00:00,69.71000000000001
2024-05-20 07:00:00,69.73000000000002
2024-05-20 08:00:00,69.36000000000001
2024-05-20 09:00:00,69.10000000000002
2024-05-20 10:00:00,69.16000000000003
2024-05-20 11:00:00,69.16000000000003
2024-05-20 12:00:00,68.85000000000002
2024-05-20 13:00:00,69.37
2024-05-20 14:00:00,69.37
2024-05-20 15:00:00,69.13000000000002
2024-05-20 16:00:00,68.88000000000002
2024-05-20 17:00:00,68.77000000000001
2024-05-20 18:00:00,69.13000000000002
2024-05-20 19:00:00,69.09
2024-05-20 20:00:00,69.05000000000001
2024-05-20 22:00:00,69.09
2024-05-20 23:00:00,69.13000000000002
2024-05-21 00:00:00,69.01000000000002
2024-05-21 01:00:00,68.92000000000002
2024-05-21 02:00:00,68.62
2024-05-21 03:00:00,68.73000000000002
2024-05-21 04:00:00,68.64000000000001
2024-05-21 05:00:00,68.68
2024-05-21 06:00:00,68.58000000000001
2024-05-21 07:00:00,68.56
2024-05-21 08:00:00,68.63000000000002
2024-05-21 09:00:00,68.45000000000002
2024-05-21 10:00:00,68.06
2024-05-21 11:00:00,67.80000000000001
2024-05-21 12:00:00,68.11000000000001
2024-05-21 13:00:00,68.27000000000001
2024-05-21 14:00:00,68.61000000000001
2024-05-21 15:00:00,68.01000000000002
2024-05-21 16:00:00,68.38000000000002
2024-05-21 17:00:00,68.57000000000002
2024-05-21 18:00:00,68.51000000000002
2024-05-21 19:00:00,68.50000000000003
2024-05-21 20:00:00,68.14000000000001
2024-05-21 22:00:00,68.17000000000002
2024-05-21 23:00:00,68.20000000000002
2024-05-22 00:00:00,67.99000000000001
2024-05-22 01:00:00,67.96000000000001
2024-05-22 02:00:00,67.9
2024-05-22 03:00:00,67.95000000000002
2024-05-22 04:00:00,67.94000000000003
2024-05-22 05:00:00,67.96000000000001
2024-05-22 06:00:00,67.74000000000001
2024-05-22 07:00:00,67.46000000000001
2024-05-22 08:00:00,67.78000000000003
2024-05-22 09:00:00,67.88000000000002
2024-05-22 10:00:00,68.13000000000002
2024-05-22 11:00:00,67.64000000000001
2024-05-22 12:00:00,67.77000000000001
2024-05-22 13:00:00,67.55000000000001
2024-05-22 14:00:00,68.06
2024-05-22 15:00:00,67.66000000000003
2024-05-22 16:00:00,67.92000000000002
2024-05-22 17:00:00,67.54000000000002
2024-05-22 18:00:00,67.17000000000002
2024-05-22 19:00:00,67.16000000000003
2024-05-22 20:00:00,67.09
2024-05-22 22:00:00,67.04000000000002
2024-05-22 23:00:00,67.02000000000001
2024-05-23 00:00:00,66.97000000000003
2024-05-23 01:00:00,66.80000000000001
2024-05-23 02:00:00,66.89000000000001
2024-05-23 03:00:00,67.01000000000002
2024-05-23 04:00:00,66.95000000000002
2024-05-23 05:00:00,66.70000000000002
2024-05-23 06:00:00,67.15
2024-05-23 07:00:00,67.19000000000003
2024-05-23 08:00:00,67.45000000000002
2024-05-23 09:00:00,67.89000000000001
2024-05-23 10:00:00,68.01000000000002
2024-05-23 11:00:00,67.9
2024-05-23 12:00:00,68.23000000000002
2024-05-23 13:00:00,68.08000000000001
2024-05-23 14:00:00,67.27000000000001
2024-05-23 15:00:00,66.81
2024-05-23 16:00:00,66.71000000000001
2024-05-23 17:00:00,66.44000000000003
2024-05-23 18:00:00,66.72000000000003
2024-05-23 19:00:00,66.69000000000003
2024-05-23 20:00:00,66.79000000000002
2024-05-23 22:00:00,66.75000000000003
2024-05-23 23:00:00,66.67000000000002
2024-05-24 00:00:00,66.66000000000003
2024-05-24 01:00:00,66.78000000000003
2024-05-24 02:00:00,66.76000000000002
2024-05-24 03:00:00,66.70000000000002
2024-05-24 04:00:00,66.68
2024-05-24 05:00:00,67.47000000000003
2024-05-24 06:00:00,66.63000000000002
2024-05-24 07:00:00,66.56
2024-05-24 08:00:00,66.43
2024-05-24 09:00:00,66.10000000000002
2024-05-24 10:00:00,66.22000000000003
2024-05-24 11:00:00,66.48000000000002
2024-05-24 12:00:00,66.61000000000001
2024-05-24 13:00:00,67.13000000000002
2024-05-24 14:00:00,67.21000000000001
2024-05-24 15:00:00,67.53000000000003
2024-05-24 16:00:00,67.52000000000001
2024-05-24 17:00:00,67.55000000000001
2024-05-24 18:00:00,67.56
2024-05-24 19:00:00,67.53000000000003
2024-05-24 20:00:00,67.60000000000002
2024-05-26 22:00:00,67.60000000000002
2024-05-26 23:00:00,67.59
2024-05-27 00:00:00,67.62
2024-05-27 01:00:00,67.67000000000002
2024-05-27 02:00:00,67.68
2024-05-27 03:00:00,67.74000000000001
2024-05-27 04:00:00,67.77000000000001
2024-05-27 05:00:00,67.79000000000002
2024-05-27 06:00:00,67.76000000000002
2024-05-27 07:00:00,67.63000000000002
2024-05-27 08:00:00,67.70000000000002
2024-05-27 09:00:00,67.92000000000002
2024-05-27 10:00:00,68.03000000000003
2024-05-27 11:00:00,68.03000000000003
2024-05-27 12:00:00,68.06
2024-05-27 13:00:00,68.22000000000003
2024-05-27 14:00:00,68.20000000000002
2024-05-27 15:00:00,68.47000000000003
2024-05-27 16:00:00,68.46000000000001
2024-05-27 17:00:00,68.43
2024-05-27 18:00:00,68.32000000000002
2024-05-27 22:00:00,68.29000000000002
2024-05-27 23:00:00,68.41000000000003
2024-05-28 00:00:00,68.46000000000001
2024-05-28 01:00:00,68.52000000000001
2024-05-28 02:00:00,68.64000000000001
2024-05-28 03:00:00,68.68
2024-05-28 04:00:00,68.64000000000001
2024-05-28 05:00:00,69.59
2024-05-28 06:00:00,68.45000000000002
2024-05-28 07:00:00,68.56
2024-05-28 08:00:00,68.59
2024-05-28 09:00:00,68.62
2024-05-28 10:00:00,68.68
2024-05-28 11:00:00,68.59
2024-05-28 12:00:00,68.74000000000001
2024-05-28 13:00:00,68.97000000000003
2024-05-28 14:00:00,69.16000000000003
2024-05-28 15:00:00,69.52000000000001
2024-05-28 16:00:00,69.59
2024-05-28 17:00:00,69.45000000000002
2024-05-28 18:00:00,69.88000000000002
2024-05-28 19:00:00,69.92000000000002
2024-05-28 20:00:00,70.02000000000001
2024-05-28 22:00:00,69.99000000000001
2024-05-28 23:00:00,69.98000000000002
2024-05-29 00:00:00,69.91000000000003
2024-05-29 01:00:00,69.82000000000002
2024-05-29 02:00:00,69.84
2024-05-29 03:00:00,69.86000000000001
2024-05-29 04:00:00,69.88000000000002
2024-05-29 05:00:00,69.04000000000002
2024-05-29 06:00:00,69.93
2024-05-29 07:00:00,69.97000000000003
2024-05-29 08:00:00,70.22000000000003
2024-05-29 09:00:00,70.29000000000002
2024-05-29 10:00:00,70.20000000000002
2024-05-29 11:00:00,70.16000000000003
2024-05-29 12:00:00,69.81
2024-05-29 13:00:00,69.53000000000003
2024-05-29 14:00:00,69.28000000000003
2024-05-29 15:00:00,69.04000000000002
2024-05-29 16:00:00,69.01000000000002
2024-05-29 17:00:00,69.14000000000001
2024-05-29 18:00:00,68.92000000000002
2024-05-29 19:00:00,68.82000000000002
2024-05-29 20:00:00,69.05000000000001
2024-05-29 22:00:00,69.07000000000002
2024-05-29 23:00:00,69.03000000000003
2024-05-30 00:00:00,68.97000000000003
2024-05-30 01:00:00,69.15
2024-05-30 02:00:00,69.00000000000003
2024-05-30 03:00:00,69.02000000000001
2024-05-30 04:00:00,68.96000000000001
2024-05-30 05:00:00,67.78000000000003
2024-05-30 06:00:00,68.79000000000002
2024-05-30 07:00:00,68.66000000000003
2024-05-30 08:00:00,69.03000000000003
2024-05-30 09:00:00,68.75000000000003
2024-05-30 10:00:00,68.85000000000002
2024-05-30 11:00:00,68.88000000000002
2024-05-30 12:00:00,68.66000000000003
2024-05-30 13:00:00,68.87
2024-05-30 14:00:00,68.70000000000002
2024-05-30 15:00:00,68.22000000000003
2024-05-30 16:00:00,67.83000000000001
2024-05-30 17:00:00,67.61000000000001
2024-05-30 18:00:00,67.91000000000003
2024-05-30 19:00:00,67.78000000000003
2024-05-30 20:00:00,67.76000000000002
2024-05-30 22:00:00,67.65
2024-05-30 23:00:00,67.64000000000001
2024-05-31 00:00:00,67.61000000000001
2024-05-31 01:00:00,67.50000000000003
2024-05-31 02:00:00,67.41000000000003
2024-05-31 03:00:00,67.51000000000002
2024-05-31 04:00:00,67.56
2024-05-31 05:00:00,66.97000000000003
2024-05-31 06:00:00,67.65
2024-05-31 07:00:00,67.62
2024-05-31 08:00:00,67.92000000000002
2024-05-31 09:00:00,67.9
2024-05-31 10:00:00,67.84
2024-05-31 11:00:00,67.83000000000001
2024-05-31 12:00:00,68.39000000000001
2024-05-31 13:00:00,67.76000000000002
2024-05-31 14:00:00,67.20000000000002
2024-05-31 15:00:00,66.86000000000001
2024-05-31 16:00:00,67.31
2024-05-31 17:00:00,67.05000000000001
2024-05-31 18:00:00,67.06
2024-05-31 19:00:00,67.12
2024-05-31 20:00:00,67.11000000000001
2024-06-02 22:00:00,66.67000000000002
2024-06-02 23:00:00,66.74000000000001
2024-06-03 00:00:00,66.99000000000001
2024-06-03 01:00:00,67.31
2024-06-03 02:00:00,67.31
2024-06-03 03:00:00,66.9
2024-06-03 04:00:00,66.89000000000001
2024-06-03 05:00:00,64.33000000000001
2024-06-03 06:00:00,66.81
2024-06-03 07:00:00,67.18
2024-06-03 08:00:00,67.17000000000002
2024-06-03 09:00:00,66.82000000000002
2024-06-03 10:00:00,66.99000000000001
2024-06-03 11:00:00,66.94000000000003
2024-06-03 12:00:00,66.72000000000003
2024-06-03 13:00:00,65.05000000000001
2024-06-03 14:00:00,64.61000000000001
2024-06-03 15:00:00,64.39000000000001
2024-06-03 16:00:00,64.29000000000002
2024-06-03 17:00:00,64.19000000000003
2024-06-03 18:00:00,64.23000000000002
2024-06-03 19:00:00,64.16000000000003
2024-06-03 20:00:00,64.13000000000002
2024-06-03 22:00:00,64.16000000000003
2024-06-03 23:00:00,64.19000000000003
2024-06-04 00:00:00,64.06
2024-06-04 01:00:00,63.890000000000015
2024-06-04 02:00:00,63.84
2024-06-04 03:00:00,63.73000000000002
2024-06-04 04:00:00,63.73000000000002
2024-06-04 05:00:00,63.30000000000001
2024-06-04 06:00:00,63.52000000000001
2024-06-04 07:00:00,63.110000000000014
2024-06-04 08:00:00,62.96000000000001
2024-06-04 09:00:00,62.95000000000002
2024-06-04 10:00:00,63.04000000000002
2024-06-04 11:00:00,63.02000000000001
2024-06-04 12:00:00,62.98000000000002
2024-06-04 13:00:00,62.71000000000001
2024-06-04 14:00:00,62.99000000000001
2024-06-04 15:00:00,63.07000000000002
2024-06-04 16:00:00,63.25000000000003
2024-06-04 17:00:00,63.68000000000001
2024-06-04 18:00:00,63.45000000000002
2024-06-04 19:00:00,63.34
2024-06-04 20:00:00,63.01000000000002
2024-06-04 22:00:00,63.02000000000001
2024-06-04 23:00:00,63.08000000000001
2024-06-05 00:00:00,63.21000000000001
2024-06-05 01:00:00,63.33000000000001
2024-06-05 02:00:00,63.420000000000016
2024-06-05 03:00:00,63.28000000000003
2024-06-05 04:00:00,63.27000000000001
2024-06-05 05:00:00,64.06
2024-06-05 06:00:00,63.26000000000002
2024-06-05 07:00:00,63.51000000000002
2024-06-05 08:00:00,63.160000000000025
2024-06-05 09:00:00,63.28000000000003
2024-06-05 10:00:00,63.52000000000001
2024-06-05 11:00:00,63.58000000000001
2024-06-05 12:00:00,63.690000000000026
2024-06-05 13:00:00,63.68000000000001
2024-06-05 14:00:00,63.56
2024-06-05 15:00:00,63.660000000000025
2024-06-05 16:00:00,64.02000000000001
2024-06-05 17:00:00,64.17000000000002
2024-06-05 18:00:00,64.16000000000003
2024-06-05 19:00:00,64.11000000000001
2024-06-05 20:00:00,64.28000000000003
2024-06-05 22:00:00,64.37
2024-06-05 23:00:00,64.4
2024-06-06 00:00:00,64.49000000000001
2024-06-06 01:00:00,64.46000000000001
2024-06-06 02:00:00,64.48000000000002
2024-06-06 03:00:00,64.39000000000001
2024-06-06 04:00:00,64.50000000000003
2024-06-06 05:00:00,64.43
2024-06-06 06:00:00,64.53000000000003
2024-06-06 07:00:00,64.73000000000002
2024-06-06 08:00:00,64.47000000000003
2024-06-06 09:00:00,64.39000000000001
2024-06-06 10:00:00,64.4
2024-06-06 11:00:00,64.69000000000003
2024-06-06 12:00:00,64.23000000000002
2024-06-06 13:00:00,64.33000000000001
2024-06-06 14:00:00,64.64000000000001
2024-06-06 15:00:00,65.61000000000001
2024-06-06 16:00:00,65.44000000000003
2024-06-06 17:00:00,65.67000000000002
2024-06-06 18:00:00,65.56
2024-06-06 19:00:00,65.53000000000003
2024-06-06 20:00:00,65.61000000000001
2024-06-06 22:00:00,65.59
2024-06-06 23:00:00,65.64000000000001
2024-06-07 00:00:00,65.68
2024-06-07 01:00:00,65.43
2024-06-07 02:00:00,65.53000000000003
2024-06-07 03:00:00,65.69000000000003
2024-06-07 04:00:00,65.71000000000001
2024-06-07 05:00:00,65.46000000000001
2024-06-07 06:00:00,65.64000000000001
2024-06-07 07:00:00,65.56
2024-06-07 08:00:00,65.27000000000001
2024-06-07 09:00:00,65.53000000000003
2024-06-07 10:00:00,65.85000000000002
2024-06-07 11:00:00,65.98000000000002
2024-06-07 12:00:00,65.53000000000003
2024-06-07 13:00:00,65.89000000000001
2024-06-07 14:00:00,65.78000000000003
2024-06-07 15:00:00,65.34
2024-06-07 16:00:00,65.65
2024-06-07 17:00:00,65.56
2024-06-07 18:00:00,65.31
2024-06-07 19:00:00,65.25000000000003
2024-06-07 20:00:00,65.33000000000001
2024-06-09 22:00:00,65.27000000000001
2024-06-09 23:00:00,65.30000000000001
2024-06-10 00:00:00,65.54000000000002
2024-06-10 01:00:00,65.61000000000001
2024-06-10 02:00:00,65.68
2024-06-10 03:00:00,65.73000000000002
2024-06-10 04:00:00,65.70000000000002
2024-06-10 05:00:00,65.66000000000003
2024-06-10 06:00:00,65.59
2024-06-10 07:00:00,65.84
2024-06-10 08:00:00,65.34
2024-06-10 09:00:00,65.45000000000002
2024-06-10 10:00:00,65.57000000000002
2024-06-10 11:00:00,66.00000000000003
2024-06-10 12:00:00,66.02000000000001
2024-06-10 13:00:00,66.35000000000002
2024-06-10 14:00:00,66.52000000000001
2024-06-10 15:00:00,67.36000000000001
2024-06-10 16:00:00,67.51000000000002
2024-06-10 17:00:00,67.50000000000003
2024-06-10 18:00:00,67.73000000000002
2024-06-10 19:00:00,67.69000000000003
2024-06-10 20:00:00,68.04000000000002
2024-06-10 22:00:00,67.9
2024-06-10 23:00:00,67.88000000000002
2024-06-11 00:00:00,67.77000000000001
2024-06-11 01:00:00,67.60000000000002
2024-06-11 02:00:00,67.41000000000003
2024-06-11 03:00:00,67.45000000000002
2024-06-11 04:00:00,67.55000000000001
2024-06-11 05:00:00,67.46000000000001
2024-06-11 06:00:00,67.69000000000003
2024-06-11 07:00:00,67.53
2024-06-11 08:00:00,67.47
2024-06-11 09:00:00,67.48000000000002
2024-06-11 10:00:00,67.39000000000001
2024-06-11 11:00:00,67.4
2024-06-11 12:00:00,67.61000000000001
2024-06-11 13:00:00,67.30000000000001
2024-06-11 14:00:00,67.39000000000001
2024-06-11 15:00:00,67.99000000000001
2024-06-11 16:00:00,68.18
2024-06-11 17:00:00,67.96000000000001
2024-06-11 18:00:00,67.85000000000002
2024-06-11 19:00:00,67.80000000000001
2024-06-11 20:00:00,68.04000000000002
2024-06-11 22:00:00,68.07000000000002
2024-06-11 23:00:00,68.01000000000002
2024-06-12 00:00:00,68.04000000000002
2024-06-12 01:00:00,68.18
2024-06-12 02:00:00,68.22
2024-06-12 03:00:00,68.22
2024-06-12 04:00:00,68.20000000000002
2024-06-12 05:00:00,68.44000000000003
2024-06-12 06:00:00,68.34
2024-06-12 07:00:00,68.38000000000002
2024-06-12 08:00:00,68.53
2024-06-12 09:00:00,68.77000000000001
2024-06-12 10:00:00,68.70000000000002
2024-06-12 11:00:00,68.68
2024-06-12 12:00:00,68.94000000000003
2024-06-12 13:00:00,69.17000000000002
2024-06-12 14:00:00,68.20000000000002
2024-06-12 15:00:00,68.24000000000001
2024-06-12 16:00:00,68.67000000000002
2024-06-12 17:00:00,68.71000000000001
2024-06-12 18:00:00,68.38000000000002
2024-06-12 19:00:00,68.26000000000002
2024-06-12 20:00:00,68.24000000000001
2024-06-12 22:00:00,68.29000000000002
2024-06-12 23:00:00,68.22
2024-06-13 00:00:00,68.25
2024-06-13 01:00:00,68.05000000000001
2024-06-13 02:00:00,68.11000000000001
2024-06-13 03:00:00,68.20000000000002
2024-06-13 04:00:00,68.21000000000001
2024-06-13 05:00:00,68.58000000000001
2024-06-13 06:00:00,68.11000000000001
2024-06-13 07:00:00,68.24000000000001
2024-06-13 08:00:00,68.04000000000002
2024-06-13 09:00:00,67.75
2024-06-13 10:00:00,67.81
2024-06-13 11:00:00,67.76000000000002
2024-06-13 12:00:00,68.25
2024-06-13 13:00:00,68.60000000000002
2024-06-13 14:00:00,68.67000000000002
2024-06-13 15:00:00,68.21000000000001
2024-06-13 16:00:00,68.56
2024-06-13 17:00:00,68.54000000000002
2024-06-13 18:00:00,68.39000000000001
2024-06-13 19:00:00,68.13000000000002
2024-06-13 20:00:00,68.03
2024-06-13 22:00:00,67.91000000000003
2024-06-13 23:00:00,67.96000000000001
2024-06-14 00:00:00,67.97
2024-06-14 01:00:00,68.26000000000002
2024-06-14 02:00:00,68.25
2024-06-14 03:00:00,68.26000000000002
2024-06-14 04:00:00,68.21000000000001
2024-06-14 05:00:00,68.23000000000002
2024-06-14 06:00:00,68.18
2024-06-14 07:00:00,68.16000000000003
2024-06-14 08:00:00,68.32000000000002
2024-06-14 09:00:00,68.44000000000003
2024-06-14 10:00:00,68.73000000000002
2024-06-14 11:00:00,69.07000000000002
2024-06-14 12:00:00,68.97
2024-06-14 13:00:00,69.0
2024-06-14 14:00:00,68.53
2024-06-14 15:00:00,68.47
2024-06-14 16:00:00,68.60000000000002
2024-06-14 17:00:00,68.5
2024-06-14 18:00:00,68.42000000000002
2024-06-14 19:00:00,68.28
2024-06-14 20:00:00,68.29000000000002
2024-06-16 22:00:00,68.28
2024-06-16 23:00:00,68.12
2024-06-17 00:00:00,68.17000000000002
2024-06-17 01:00:00,68.16000000000003
2024-06-17 02:00:00,68.07000000000002
2024-06-17 03:00:00,68.01000000000002
2024-06-17 04:00:00,68.01000000000002
2024-06-17 05:00:00,69.78
2024-06-17 06:00:00,67.91000000000003
2024-06-17 07:00:00,68.21000000000001
2024-06-17 08:00:00,68.46000000000001
2024-06-17 09:00:00,68.21000000000001
2024-06-17 10:00:00,68.16000000000003
2024-06-17 11:00:00,68.57000000000002
2024-06-17 12:00:00,68.45000000000002
2024-06-17 13:00:00,68.87
2024-06-17 14:00:00,68.9
2024-06-17 15:00:00,68.97
2024-06-17 16:00:00,69.31
2024-06-17 17:00:00,69.52000000000001
2024-06-17 18:00:00,69.85000000000002
2024-06-17 19:00:00,69.88000000000002
2024-06-17 20:00:00,69.98000000000002
2024-06-17 22:00:00,69.92000000000002
2024-06-17 23:00:00,69.87
2024-06-18 00:00:00,69.87
2024-06-18 01:00:00,69.72
2024-06-18 02:00:00,69.59
2024-06-18 03:00:00,69.62
2024-06-18 04:00:00,69.62
2024-06-18 05:00:00,70.75
2024-06-18 06:00:00,69.58000000000001
2024-06-18 07:00:00,69.61000000000001
2024-06-18 08:00:00,69.48000000000002
2024-06-18 09:00:00,69.65
2024-06-18 10:00:00,69.65
2024-06-18 11:00:00,69.79000000000002
2024-06-18 12:00:00,69.77000000000001
2024-06-18 13:00:00,70.29000000000002
2024-06-18 14:00:00,70.55000000000001
2024-06-18 15:00:00,70.28
2024-06-18 16:00:00,70.24000000000001
2024-06-18 17:00:00,70.39000000000001
2024-06-18 18:00:00,70.76000000000002
2024-06-18 19:00:00,70.72
2024-06-18 20:00:00,70.81
2024-06-18 22:00:00,70.78
2024-06-18 23:00:00,70.81
2024-06-19 00:00:00,70.86000000000001
2024-06-19 01:00:00,70.82000000000002
2024-06-19 02:00:00,70.84
2024-06-19 03:00:00,70.78
2024-06-19 04:00:00,70.80000000000001
2024-06-19 05:00:00,70.83000000000001
2024-06-19 06:00:00,70.52000000000001
2024-06-19 07:00:00,70.56
2024-06-19 08:00:00,70.52000000000001
2024-06-19 09:00:00,70.64000000000001
2024-06-19 10:00:00,70.82000000000002
2024-06-19 11:00:00,70.95000000000002
2024-06-19 12:00:00,71.10000000000002
2024-06-19 13:00:00,70.89000000000001
2024-06-19 14:00:00,71.11000000000001
2024-06-19 15:00:00,70.59
2024-06-19 16:00:00,70.54000000000002
2024-06-19 17:00:00,70.68
2024-06-19 18:00:00,70.69000000000003
2024-06-19 22:00:00,70.60000000000002
2024-06-19 23:00:00,70.67000000000002
2024-06-20 00:00:00,70.57000000000002
2024-06-20 01:00:00,70.60000000000002
2024-06-20 02:00:00,70.65
2024-06-20 03:00:00,70.57000000000002
2024-06-20 04:00:00,70.62
2024-06-20 05:00:00,70.61000000000001
2024-06-20 06:00:00,70.68
2024-06-20 07:00:00,70.62
2024-06-20 08:00:00,70.76000000000002
2024-06-20 09:00:00,70.75
2024-06-20 10:00:00,70.80000000000001
2024-06-20 11:00:00,70.92000000000002
2024-06-20 12:00:00,71.10000000000002
2024-06-20 13:00:00,71.27000000000001
2024-06-20 14:00:00,71.17000000000002
2024-06-20 15:00:00,70.96000000000001
2024-06-20 16:00:00,71.19000000000003
2024-06-20 17:00:00,71.19000000000003
2024-06-20 18:00:00,71.41000000000003
2024-06-20 19:00:00,71.32000000000002
2024-06-20 20:00:00,71.13000000000002
2024-06-20 22:00:00,71.21000000000001
2024-06-20 23:00:00,71.18
2024-06-21 00:00:00,71.12
2024-06-21 01:00:00,71.15
2024-06-21 02:00:00,71.13000000000002
2024-06-21 03:00:00,71.08000000000001
2024-06-21 04:00:00,71.16000000000003
2024-06-21 05:00:00,71.19000000000003
2024-06-21 06:00:00,71.07000000000002
2024-06-21 07:00:00,71.06
2024-06-21 08:00:00,70.99000000000001
2024-06-21 09:00:00,71.23000000000002
2024-06-21 10:00:00,71.16000000000003
2024-06-21 11:00:00,71.06
2024-06-21 12:00:00,71.26000000000002
2024-06-21 13:00:00,71.19000000000003
2024-06-21 14:00:00,71.63000000000002
2024-06-21 15:00:00,71.06
2024-06-21 16:00:00,70.58000000000001
2024-06-21 17:00:00,70.66000000000003
2024-06-21 18:00:00,70.59
2024-06-21 19:00:00,70.65
2024-06-21 20:00:00,70.62
2024-06-23 22:00:00,70.51000000000002
2024-06-23 23:00:00,70.29000000000002
2024-06-24 00:00:00,70.46000000000001
2024-06-24 01:00:00,70.55000000000001
2024-06-24 02:00:00,70.58000000000001
2024-06-24 03:00:00,70.70000000000002
2024-06-24 04:00:00,70.69000000000003
2024-06-24 05:00:00,71.62
2024-06-24 06:00:00,70.69000000000003
2024-06-24 07:00:00,70.89000000000001
2024-06-24 08:00:00,70.93
2024-06-24 09:00:00,71.08000000000001
2024-06-24 10:00:00,71.03
2024-06-24 11:00:00,71.13000000000002
2024-06-24 12:00:00,70.81
2024-06-24 13:00:00,71.03
2024-06-24 14:00:00,70.98000000000002
2024-06-24 15:00:00,71.53
2024-06-24 16:00:00,71.65
2024-06-24 17:00:00,71.73000000000002
2024-06-24 18:00:00,71.59
2024-06-24 19:00:00,71.66000000000003
2024-06-24 20:00:00,71.73000000000002
2024-06-24 22:00:00,71.67000000000002
2024-06-24 23:00:00,71.67000000000002
2024-06-25 00:00:00,71.77000000000001
2024-06-25 01:00:00,71.65
2024-06-25 02:00:00,71.55000000000001
2024-06-25 03:00:00,71.63000000000002
2024-06-25 04:00:00,71.67000000000002
2024-06-25 05:00:00,71.65
2024-06-25 06:00:00,71.58000000000001
2024-06-25 07:00:00,71.52000000000001
2024-06-25 08:00:00,71.35000000000002
2024-06-25 09:00:00,71.25
2024-06-25 10:00:00,71.18
2024-06-25 11:00:00,70.96000000000001
2024-06-25 12:00:00,71.39000000000001
2024-06-25 13:00:00,71.31
2024-06-25 14:00:00,71.64000000000001
2024-06-25 15:00:00,71.15
2024-06-25 16:00:00,71.01000000000002
2024-06-25 17:00:00,71.14000000000001
2024-06-25 18:00:00,70.80000000000001
2024-06-25 19:00:00,70.84
2024-06-25 20:00:00,70.76000000000002
2024-06-25 22:00:00,70.75
2024-06-25 23:00:00,70.74000000000001
2024-06-26 00:00:00,70.78
2024-06-26 01:00:00,70.94000000000003
2024-06-26 02:00:00,71.14000000000001
2024-06-26 03:00:00,71.21000000000001
2024-06-26 04:00:00,71.24000000000001
2024-06-26 05:00:00,70.95000000000002
2024-06-26 06:00:00,71.37
2024-06-26 07:00:00,71.10000000000002
2024-06-26 08:00:00,71.11000000000001
2024-06-26 09:00:00,71.56
2024-06-26 10:00:00,71.46000000000001
2024-06-26 11:00:00,71.25
2024-06-26 12:00:00,71.13000000000002
2024-06-26 13:00:00,71.10000000000002
2024-06-26 14:00:00,70.79000000000002
2024-06-26 15:00:00,70.75
2024-06-26 16:00:00,71.05000000000001
2024-06-26 17:00:00,71.36000000000001
2024-06-26 18:00:00,70.88000000000002
2024-06-26 19:00:00,70.69000000000003
2024-06-26 20:00:00,70.9
2024-06-26 22:00:00,70.75
2024-06-26 23:00:00,70.69000000000003
2024-06-27 00:00:00,70.63000000000002
2024-06-27 01:00:00,70.60000000000002
2024-06-27 02:00:00,70.60000000000002
2024-06-27 03:00:00,70.73000000000002
2024-06-27 04:00:00,70.75
2024-06-27 05:00:00,71.59
2024-06-27 06:00:00,70.76000000000002
2024-06-27 07:00:00,71.19000000000003
2024-06-27 08:00:00,71.4
2024-06-27 09:00:00,71.37
2024-06-27 10:00:00,71.24000000000001
2024-06-27 11:00:00,71.43
2024-06-27 12:00:00,71.63000000000002
2024-06-27 13:00:00,71.59
2024-06-27 14:00:00,71.66000000000003
2024-06-27 15:00:00,71.39000000000001
2024-06-27 16:00:00,71.37
2024-06-27 17:00:00,71.46000000000001
2024-06-27 18:00:00,71.63000000000002
2024-06-27 19:00:00,71.71000000000001
2024-06-27 20:00:00,71.65
2024-06-27 22:00:00,71.72
2024-06-27 23:00:00,71.73000000000002
2024-06-28 00:00:00,71.74000000000001
2024-06-28 01:00:00,71.93
2024-06-28 02:00:00,72.0
2024-06-28 03:00:00,72.04000000000002
2024-06-28 04:00:00,72.04000000000002
2024-06-28 05:00:00,71.4
2024-06-28 06:00:00,72.17000000000002
2024-06-28 07:00:00,72.27000000000001
2024-06-28 08:00:00,72.22
2024-06-28 09:00:00,72.39000000000001
2024-06-28 10:00:00,72.20000000000002
2024-06-28 11:00:00,71.98000000000002
2024-06-28 12:00:00,71.96000000000001
2024-06-28 13:00:00,71.33000000000001
2024-06-28 14:00:00,71.29000000000002
2024-06-28 15:00:00,71.49000000000001
2024-06-28 16:00:00,71.29000000000002
2024-06-28 17:00:00,71.39000000000001
2024-06-28 18:00:00,71.18
2024-06-28 19:00:00,71.36000000000001
2024-06-28 20:00:00,71.34
2024-06-30 22:00:00,71.33000000000001
2024-06-30 23:00:00,71.59
2024-07-01 00:00:00,71.56
2024-07-01 01:00:00,71.70000000000002
2024-07-01 02:00:00,71.76000000000002
2024-07-01 03:00:00,71.78
2024-07-01 04:00:00,71.74000000000001
2024-07-01 05:00:00,71.85000000000002
2024-07-01 06:00:00,72.04000000000002
2024-07-01 07:00:00,72.02000000000001
2024-07-01 08:00:00,71.72
2024-07-01 09:00:00,71.67000000000002
2024-07-01 10:00:00,71.86000000000001
2024-07-01 11:00:00,71.99000000000001
2024-07-01 12:00:00,72.01000000000002
2024-07-01 13:00:00,72.16000000000003
2024-07-01 14:00:00,72.21000000000001
2024-07-01 15:00:00,72.74000000000001
2024-07-01 16:00:00,72.87
2024-07-01 17:00:00,73.03
2024-07-01 18:00:00,73.13000000000002
2024-07-01 19:00:00,73.20000000000002
2024-07-01 20:00:00,73.12
2024-07-01 22:00:00,73.14000000000001
2024-07-01 23:00:00,73.15
2024-07-02 00:00:00,73.17000000000002
2024-07-02 01:00:00,73.29000000000002
2024-07-02 02:00:00,73.30000000000001
2024-07-02 03:00:00,73.24000000000001
2024-07-02 04:00:00,73.27000000000001
2024-07-02 05:00:00,73.24000000000001
2024-07-02 06:00:00,73.25
2024-07-02 07:00:00,73.37
2024-07-02 08:00:00,73.54000000000002
2024-07-02 09:00:00,73.61000000000001
2024-07-02 10:00:00,73.71000000000001
2024-07-02 11:00:00,73.71000000000001
2024-07-02 12:00:00,73.9
2024-07-02 13:00:00,73.51000000000002
2024-07-02 14:00:00,73.0
2024-07-02 15:00:00,72.94000000000003
2024-07-02 16:00:00,73.19000000000003
2024-07-02 17:00:00,73.05000000000001
2024-07-02 18:00:00,72.77000000000001
2024-07-02 19:00:00,72.88000000000002
2024-07-02 20:00:00,73.0
2024-07-02 22:00:00,72.93
2024-07-02 23:00:00,72.89000000000001
2024-07-03 00:00:00,72.87
2024-07-03 01:00:00,72.97
2024-07-03 02:00:00,73.03
2024-07-03 03:00:00,73.09
2024-07-03 04:00:00,73.07000000000002
2024-07-03 05:00:00,73.78
2024-07-03 06:00:00,73.15
2024-07-03 07:00:00,72.98000000000002
2024-07-03 08:00:00,72.85000000000002
2024-07-03 09:00:00,72.75
2024-07-03 10:00:00,72.75
2024-07-03 11:00:00,72.80000000000001
2024-07-03 12:00:00,72.99000000000001
2024-07-03 13:00:00,73.04000000000002
2024-07-03 14:00:00,72.48000000000002
2024-07-03 15:00:00,72.89000000000001
2024-07-03 16:00:00,73.09
2024-07-03 17:00:00,73.27000000000001
2024-07-03 18:00:00,73.64000000000001
2024-07-03 19:00:00,73.65
2024-07-03 20:00:00,73.51000000000002
2024-07-03 22:00:00,73.58000000000001
2024-07-03 23:00:00,73.55000000000001
2024-07-04 00:00:00,73.49000000000001
2024-07-04 01:00:00,73.41000000000003
2024-07-04 02:00:00,73.35000000000002
2024-07-04 03:00:00,73.26000000000002
2024-07-04 04:00:00,73.32000000000002
2024-07-04 05:00:00,73.26000000000002
2024-07-04 06:00:00,73.20000000000002
2024-07-04 07:00:00,72.99000000000001
2024-07-04 08:00:00,73.38000000000002
2024-07-04 09:00:00,73.29000000000002
2024-07-04 10:00:00,73.42000000000002
2024-07-04 11:00:00,73.26000000000002
2024-07-04 12:00:00,73.28
2024-07-04 13:00:00,73.63000000000002
2024-07-04 14:00:00,73.63000000000002
2024-07-04 15:00:00,73.87
2024-07-04 16:00:00,73.83000000000001
2024-07-04 17:00:00,73.99000000000001
2024-07-04 18:00:00,73.91000000000003
2024-07-04 22:00:00,73.83000000000001
2024-07-04 23:00:00,73.78
2024-07-05 00:00:00,73.87
2024-07-05 01:00:00,73.71000000000001
2024-07-05 02:00:00,73.56
2024-07-05 03:00:00,73.57000000000002
2024-07-05 04:00:00,73.57000000000002
2024-07-05 05:00:00,73.55000000000001
2024-07-05 06:00:00,73.61000000000001
2024-07-05 07:00:00,73.91000000000003
2024-07-05 08:00:00,73.78
2024-07-05 09:00:00,73.70000000000002
2024-07-05 10:00:00,73.69000000000003
2024-07-05 11:00:00,73.81
2024-07-05 12:00:00,73.88000000000002
2024-07-05 13:00:00,73.95000000000002
2024-07-05 14:00:00,74.01000000000002
2024-07-05 15:00:00,74.07000000000002
2024-07-05 16:00:00,73.83000000000001
2024-07-05 17:00:00,73.25
2024-07-05 18:00:00,73.17000000000002
2024-07-05 19:00:00,73.08000000000001
2024-07-05 20:00:00,73.36000000000001
2024-07-07 22:00:00,73.14000000000001
2024-07-07 23:00:00,73.12
2024-07-08 00:00:00,72.82000000000002
2024-07-08 01:00:00,72.69000000000003
2024-07-08 02:00:00,72.74000000000001
2024-07-08 03:00:00,72.87
2024-07-08 04:00:00,72.86000000000001
2024-07-08 05:00:00,72.67000000000002
2024-07-08 06:00:00,72.55000000000001
2024-07-08 07:00:00,72.65
2024-07-08 08:00:00,72.37
2024-07-08 09:00:00,72.13000000000002
2024-07-08 10:00:00,72.25
2024-07-08 11:00:00,72.42000000000002
2024-07-08 12:00:00,72.65
2024-07-08 13:00:00,72.55000000000001
2024-07-08 14:00:00,72.62
2024-07-08 15:00:00,72.25
2024-07-08 16:00:00,72.44000000000003
2024-07-08 17:00:00,72.31
2024-07-08 18:00:00,72.11000000000001
2024-07-08 19:00:00,72.20000000000002
2024-07-08 20:00:00,72.17000000000002
2024-07-08 22:00:00,72.16000000000003
2024-07-08 23:00:00,72.21000000000001
2024-07-09 00:00:00,72.24000000000001
2024-07-09 01:00:00,72.13000000000002
2024-07-09 02:00:00,72.04000000000002
2024-07-09 03:00:00,72.04000000000002
2024-07-09 04:00:00,72.06
2024-07-09 05:00:00,71.32000000000002
2024-07-09 06:00:00,72.24000000000001
2024-07-09 07:00:00,71.91000000000003
2024-07-09 08:00:00,71.76000000000002
2024-07-09 09:00:00,71.88000000000002
2024-07-09 10:00:00,71.88000000000002
2024-07-09 11:00:00,71.95000000000002
2024-07-09 12:00:00,71.86000000000001
2024-07-09 13:00:00,71.72
2024-07-09 14:00:00,72.25
2024-07-09 15:00:00,71.54000000000002
2024-07-09 16:00:00,71.67000000000002
2024-07-09 17:00:00,71.59
2024-07-09 18:00:00,71.5
2024-07-09 19:00:00,71.47
2024-07-09 20:00:00,71.70000000000002
2024-07-09 22:00:00,71.52000000000001
2024-07-09 23:00:00,71.56
2024-07-10 00:00:00,71.55000000000001
2024-07-10 01:00:00,71.37
2024-07-10 02:00:00,71.21000000000001
2024-07-10 03:00:00,71.18
2024-07-10 04:00:00,71.13000000000002
2024-07-10 05:00:00,71.83000000000001
2024-07-10 06:00:00,70.84
2024-07-10 07:00:00,71.08000000000001
2024-07-10 08:00:00,71.57000000000002
2024-07-10 09:00:00,71.49000000000001
2024-07-10 10:00:00,71.18
2024-07-10 11:00:00,71.22
2024-07-10 12:00:00,71.14000000000001
2024-07-10 13:00:00,71.20000000000002
2024-07-10 14:00:00,71.59
2024-07-10 15:00:00,72.31
2024-07-10 16:00:00,71.86000000000001
2024-07-10 17:00:00,71.99000000000001
2024-07-10 18:00:00,72.0
2024-07-10 19:00:00,72.12
2024-07-10 20:00:00,72.11000000000001
2024-07-10 22:00:00,72.09
2024-07-10 23:00:00,72.16000000000003
2024-07-11 00:00:00,72.27000000000001
2024-07-11 01:00:00,72.52000000000001
2024-07-11 02:00:00,72.52000000000001
2024-07-11 03:00:00,72.46000000000001
2024-07-11 04:00:00,72.48000000000002
2024-07-11 05:00:00,72.5
2024-07-11 06:00:00,72.39000000000001
2024-07-11 07:00:00,72.09
2024-07-11 08:00:00,71.97
2024-07-11 09:00:00,71.99000000000001
2024-07-11 10:00:00,72.06
2024-07-11 11:00:00,71.83000000000001
2024-07-11 12:00:00,72.03
2024-07-11 13:00:00,71.67000000000002
2024-07-11 14:00:00,72.23000000000002
2024-07-11 15:00:00,72.13000000000002
2024-07-11 16:00:00,71.65
2024-07-11 17:00:00,72.15
2024-07-11 18:00:00,72.41000000000003
2024-07-11 19:00:00,72.51000000000002
2024-07-11 20:00:00,72.25
2024-07-11 22:00:00,72.37
2024-07-11 23:00:00,72.42000000000002
2024-07-12 00:00:00,72.48000000000002
2024-07-12 01:00:00,72.33000000000001
2024-07-12 02:00:00,72.47000000000003
2024-07-12 03:00:00,72.28
2024-07-12 04:00:00,72.31
2024-07-12 05:00:00,71.89000000000001
2024-07-12 06:00:00,72.55000000000001
2024-07-12 07:00:00,72.72000000000003
2024-07-12 08:00:00,72.88000000000002
2024-07-12 09:00:00,72.82000000000002
2024-07-12 10:00:00,72.61000000000001
2024-07-12 11:00:00,72.73000000000002
2024-07-12 12:00:00,72.68
2024-07-12 13:00:00,72.33000000000001
2024-07-12 14:00:00,72.41000000000003
2024-07-12 14:30:00,
2024-07-12 15:00:00,72.11000000000001
2024-07-12 16:00:00,72.29000000000002
2024-07-12 17:00:00,72.12
2024-07-12 18:00:00,71.88000000000002
2024-07-12 19:00:00,71.9
2024-07-12 20:00:00,71.86000000000001
2024-07-12 21:00:00,
2024-07-12 23:00:00,
2024-07-14 22:00:00,72.06
2024-07-14 23:00:00,71.94000000000003
2024-07-15 00:00:00,71.48000000000002
2024-07-15 01:00:00,71.99000000000001
2024-07-15 02:00:00,71.95000000000002
2024-07-15 03:00:00,71.99000000000001
2024-07-15 04:00:00,71.99000000000001
2024-07-15 05:00:00,71.70000000000002
2024-07-15 06:00:00,71.74000000000001
2024-07-15 07:00:00,71.63000000000002
2024-07-15 08:00:00,71.97000000000003
2024-07-15 09:00:00,71.92000000000002
2024-07-15 10:00:00,71.81
2024-07-15 11:00:00,71.73000000000002
2024-07-15 12:00:00,71.9
2024-07-15 13:00:00,71.59
2024-07-15 14:00:00,71.65
2024-07-15 14:30:00,
2024-07-15 15:00:00,71.71000000000001
2024-07-15 16:00:00,71.81
2024-07-15 17:00:00,71.67000000000002
2024-07-15 18:00:00,71.72000000000003
2024-07-15 19:00:00,71.77000000000001
2024-07-15 20:00:00,71.77000000000001
2024-07-15 21:00:00,
2024-07-15 22:00:00,71.68
2024-07-15 23:00:00,71.65
2024-07-16 00:00:00,71.66000000000003
2024-07-16 01:00:00,71.54000000000002
2024-07-16 02:00:00,71.55000000000001
2024-07-16 03:00:00,71.55000000000001
2024-07-16 04:00:00,71.49000000000001
2024-07-16 05:00:00,71.37
2024-07-16 06:00:00,71.21000000000001
2024-07-16 07:00:00,71.15
2024-07-16 08:00:00,71.09
2024-07-16 09:00:00,71.13000000000002
2024-07-16 10:00:00,70.98000000000002
2024-07-16 11:00:00,70.32000000000002
2024-07-16 12:00:00,70.34
2024-07-16 13:00:00,70.51000000000002
2024-07-16 14:00:00,71.02000000000001
2024-07-16 14:30:00,
2024-07-16 15:00:00,70.83000000000001
2024-07-16 16:00:00,70.75
2024-07-16 17:00:00,70.92000000000002
2024-07-16 18:00:00,70.65
2024-07-16 19:00:00,70.71000000000001
2024-07-16 20:00:00,70.65
2024-07-16 21:00:00,
2024-07-16 22:00:00,70.67000000000002
2024-07-16 23:00:00,70.58000000000001
2024-07-17 00:00:00,70.52000000000001
2024-07-17 01:00:00,70.61000000000001
2024-07-17 02:00:00,70.68
2024-07-17 03:00:00,70.64000000000001
2024-07-17 04:00:00,70.51000000000002
2024-07-17 05:00:00,70.5
2024-07-17 06:00:00,70.59
2024-07-17 07:00:00,70.91000000000003
2024-07-17 08:00:00,70.62
2024-07-17 09:00:00,70.59
2024-07-17 10:00:00,70.88000000000002
2024-07-17 11:00:00,70.96000000000001
2024-07-17 12:00:00,71.23000000000002
2024-07-17 13:00:00,71.76000000000002
2024-07-17 14:00:00,71.9
2024-07-17 14:30:00,
2024-07-17 15:00:00,72.01000000000002
2024-07-17 16:00:00,72.01000000000002
2024-07-17 17:00:00,72.0
2024-07-17 18:00:00,71.95000000000002
2024-07-17 19:00:00,71.97000000000003
2024-07-17 20:00:00,72.15
2024-07-17 21:00:00,
2024-07-17 22:00:00,72.18
2024-07-17 23:00:00,72.18
2024-07-18 00:00:00,72.23000000000002
2024-07-18 01:00:00,72.43
2024-07-18 02:00:00,72.33000000000001
2024-07-18 03:00:00,72.39000000000001
2024-07-18 04:00:00,72.39000000000001
2024-07-18 05:00:00,71.89000000000001
2024-07-18 06:00:00,72.73000000000002
2024-07-18 07:00:00,72.5
2024-07-18 08:00:00,72.20000000000002
2024-07-18 09:00:00,72.04000000000002
2024-07-18 10:00:00,71.99000000000001
2024-07-18 11:00:00,71.85000000000002
2024-07-18 12:00:00,71.63000000000002
2024-07-18 13:00:00,71.53
2024-07-18 14:00:00,71.54000000000002
2024-07-18 14:30:00,
2024-07-18 15:00:00,72.05000000000001
2024-07-18 16:00:00,72.24000000000001
2024-07-18 17:00:00,72.29000000000002
2024-07-18 18:00:00,71.70000000000002
2024-07-18 19:00:00,71.36000000000001
2024-07-18 20:00:00,71.48000000000002
2024-07-18 21:00:00,
2024-07-18 22:00:00,71.44000000000003
2024-07-18 23:00:00,71.45000000000002
2024-07-19 00:00:00,71.41000000000003
2024-07-19 01:00:00,71.29000000000002
2024-07-19 02:00:00,71.36000000000001
2024-07-19 03:00:00,71.47000000000003
2024-07-19 04:00:00,71.44000000000003
2024-07-19 05:00:00,69.41000000000003
2024-07-19 06:00:00,71.37
2024-07-19 07:00:00,71.48000000000002
2024-07-19 08:00:00,71.98000000000002
2024-07-19 09:00:00,71.81
2024-07-19 10:00:00,71.61000000000001
2024-07-19 11:00:00,71.73000000000002
2024-07-19 12:00:00,71.79000000000002
2024-07-19 13:00:00,71.54000000000002
2024-07-19 14:00:00,71.16000000000003
2024-07-19 14:30:00,
2024-07-19 15:00:00,70.65
2024-07-19 16:00:00,69.85000000000002
2024-07-19 17:00:00,69.54000000000002
2024-07-19 18:00:00,69.56
2024-07-19 19:00:00,69.55000000000001
2024-07-19 20:00:00,69.43
2024-07-19 21:00:00,
2024-07-19 23:00:00,
2024-07-21 22:00:00,69.81
2024-07-21 23:00:00,69.83000000000001
2024-07-22 00:00:00,69.86000000000001
2024-07-22 01:00:00,69.60000000000002
2024-07-22 02:00:00,69.83000000000001
2024-07-22 03:00:00,69.9
2024-07-22 04:00:00,69.82000000000002
2024-07-22 05:00:00,69.26000000000002
2024-07-22 06:00:00,69.63000000000002
2024-07-22 07:00:00,69.66000000000003
2024-07-22 08:00:00,69.51000000000002
2024-07-22 09:00:00,69.36000000000001
2024-07-22 10:00:00,69.15
2024-07-22 11:00:00,69.03
2024-07-22 12:00:00,68.83000000000001
2024-07-22 13:00:00,68.59
2024-07-22 14:00:00,69.08000000000001
2024-07-22 14:30:00,
2024-07-22 15:00:00,69.0
2024-07-22 16:00:00,69.17000000000002
2024-07-22 17:00:00,69.07000000000002
2024-07-22 18:00:00,69.25
2024-07-22 19:00:00,69.17000000000002
2024-07-22 20:00:00,69.10000000000002
2024-07-22 21:00:00,
2024-07-22 22:00:00,69.09
2024-07-22 23:00:00,69.11000000000001
2024-07-23 00:00:00,69.15
2024-07-23 01:00:00,69.37
2024-07-23 02:00:00,69.30000000000001
2024-07-23 03:00:00,69.26000000000002
2024-07-23 04:00:00,69.21000000000001
2024-07-23 05:00:00,69.13000000000002
2024-07-23 06:00:00,69.24000000000001
2024-07-23 07:00:00,69.21000000000001
2024-07-23 08:00:00,69.27000000000001
2024-07-23 09:00:00,69.4
2024-07-23 10:00:00,69.11000000000001
2024-07-23 11:00:00,69.0
2024-07-23 12:00:00,68.55000000000001
2024-07-23 13:00:00,68.42000000000002
2024-07-23 14:00:00,68.09
2024-07-23 14:30:00,
2024-07-23 15:00:00,67.47000000000003
2024-07-23 16:00:00,67.95000000000002
2024-07-23 17:00:00,67.80000000000001
2024-07-23 18:00:00,68.13000000000002
2024-07-23 19:00:00,68.18
2024-07-23 20:00:00,68.31
2024-07-23 21:00:00,
2024-07-23 22:00:00,68.26000000000002
2024-07-23 23:00:00,68.19000000000003
2024-07-24 00:00:00,68.13000000000002
2024-07-24 01:00:00,68.11000000000001
2024-07-24 02:00:00,68.18
2024-07-24 03:00:00,68.10000000000002
2024-07-24 04:00:00,67.97000000000003
2024-07-24 05:00:00,68.51000000000002
2024-07-24 06:00:00,68.17000000000002
2024-07-24 07:00:00,68.21000000000001
2024-07-24 08:00:00,68.29000000000002
2024-07-24 09:00:00,68.48000000000002
2024-07-24 10:00:00,68.48000000000002
2024-07-24 11:00:00,68.70000000000002
2024-07-24 12:00:00,68.56
2024-07-24 13:00:00,68.26000000000002
2024-07-24 14:00:00,68.03
2024-07-24 14:30:00,
2024-07-24 15:00:00,68.67000000000002
2024-07-24 16:00:00,68.72000000000003
2024-07-24 17:00:00,68.49000000000001
2024-07-24 18:00:00,68.49000000000001
2024-07-24 19:00:00,68.4
2024-07-24 20:00:00,68.35000000000002
2024-07-24 21:00:00,
2024-07-24 22:00:00,68.38000000000002
2024-07-24 23:00:00,68.35000000000002
2024-07-25 00:00:00,68.22000000000003
2024-07-25 01:00:00,68.07000000000002
2024-07-25 02:00:00,67.82000000000002
2024-07-25 03:00:00,67.87
2024-07-25 04:00:00,67.87
2024-07-25 05:00:00,67.89000000000001
2024-07-25 06:00:00,67.97000000000003
2024-07-25 07:00:00,68.03
2024-07-25 08:00:00,67.70000000000002
2024-07-25 09:00:00,67.13000000000002
2024-07-25 10:00:00,67.54000000000002
2024-07-25 11:00:00,67.04000000000002
2024-07-25 12:00:00,67.39000000000001
2024-07-25 13:00:00,67.21000000000001
2024-07-25 14:00:00,68.08000000000001
2024-07-25 14:30:00,
2024-07-25 15:00:00,68.84
2024-07-25 16:00:00,68.89000000000001
2024-07-25 17:00:00,69.02000000000001
2024-07-25 18:00:00,68.99000000000001
2024-07-25 19:00:00,68.94000000000003
2024-07-25 20:00:00,69.11000000000001
2024-07-25 21:00:00,
2024-07-25 22:00:00,69.05000000000001
2024-07-25 23:00:00,69.04000000000002
2024-07-26 00:00:00,69.01000000000002
2024-07-26 01:00:00,69.32000000000002
2024-07-26 02:00:00,69.23000000000002
2024-07-26 03:00:00,69.19000000000003
2024-07-26 04:00:00,69.18
2024-07-26 05:00:00,69.10000000000002
2024-07-26 06:00:00,69.17000000000002
2024-07-26 07:00:00,68.96000000000001
2024-07-26 08:00:00,68.96000000000001
2024-07-26 09:00:00,68.66000000000003
2024-07-26 10:00:00,68.62
2024-07-26 11:00:00,68.65
2024-07-26 12:00:00,68.41000000000003
2024-07-26 13:00:00,68.03
2024-07-26 14:00:00,67.07000000000002
2024-07-26 14:30:00,
2024-07-26 15:00:00,67.67000000000002
2024-07-26 16:00:00,68.16000000000003
2024-07-26 17:00:00,67.98000000000002
2024-07-26 18:00:00,67.32000000000002
2024-07-26 19:00:00,67.58000000000001
2024-07-26 20:00:00,67.25
2024-07-26 21:00:00,
2024-07-26 23:00:00,
2024-07-28 22:00:00,68.12
2024-07-28 23:00:00,68.07000000000002
2024-07-29 00:00:00,68.18
2024-07-29 01:00:00,68.02000000000001
2024-07-29 02:00:00,67.94000000000003
2024-07-29 03:00:00,68.15
2024-07-29 04:00:00,68.16000000000003
2024-07-29 05:00:00,66.73000000000002
2024-07-29 06:00:00,68.10000000000002
2024-07-29 07:00:00,68.03
2024-07-29 08:00:00,67.78
2024-07-29 09:00:00,67.95000000000002
2024-07-29 10:00:00,67.54000000000002
2024-07-29 11:00:00,67.37
2024-07-29 12:00:00,67.68
2024-07-29 13:00:00,67.95000000000002
2024-07-29 14:00:00,66.70000000000002
2024-07-29 14:30:00,
2024-07-29 15:00:00,66.54000000000002
2024-07-29 16:00:00,66.42000000000002
2024-07-29 17:00:00,66.57000000000002
2024-07-29 18:00:00,66.75
2024-07-29 19:00:00,66.72000000000003
2024-07-29 20:00:00,66.79000000000002
2024-07-29 21:00:00,
2024-07-29 22:00:00,66.66000000000003
2024-07-29 23:00:00,66.55000000000001
2024-07-30 00:00:00,66.52000000000001
2024-07-30 01:00:00,66.34
2024-07-30 02:00:00,66.35000000000002
2024-07-30 03:00:00,66.29000000000002
2024-07-30 04:00:00,66.38000000000002
2024-07-30 05:00:00,65.81
2024-07-30 06:00:00,66.31
2024-07-30 07:00:00,66.71000000000001
2024-07-30 08:00:00,66.61000000000001
2024-07-30 09:00:00,66.66000000000003
2024-07-30 10:00:00,66.64000000000001
2024-07-30 11:00:00,66.20000000000002
2024-07-30 12:00:00,66.02000000000001
2024-07-30 13:00:00,65.87
2024-07-30 14:00:00,66.01000000000002
2024-07-30 14:30:00,
2024-07-30 15:00:00,65.72000000000003
2024-07-30 16:00:00,66.32000000000002
2024-07-30 17:00:00,66.0
2024-07-30 18:00:00,66.02000000000001
2024-07-30 19:00:00,66.12
2024-07-30 20:00:00,66.28
2024-07-30 21:00:00,
2024-07-30 22:00:00,66.28
2024-07-30 23:00:00,66.31
2024-07-31 00:00:00,66.34
2024-07-31 01:00:00,66.49000000000001
2024-07-31 02:00:00,66.64000000000001
2024-07-31 03:00:00,66.86000000000001
2024-07-31 04:00:00,67.0
2024-07-31 05:00:00,68.77000000000001
2024-07-31 06:00:00,67.35000000000002
2024-07-31 07:00:00,67.12
2024-07-31 08:00:00,67.77000000000001
2024-07-31 09:00:00,67.71000000000001
2024-07-31 10:00:00,67.88000000000002
2024-07-31 11:00:00,68.26000000000002
2024-07-31 12:00:00,68.01000000000002
2024-07-31 13:00:00,68.06
2024-07-31 14:00:00,67.92000000000002
2024-07-31 14:30:00,
2024-07-31 15:00:00,68.26000000000002
2024-07-31 16:00:00,68.62
2024-07-31 17:00:00,68.82000000000002
2024-07-31 18:00:00,68.89000000000001
2024-07-31 19:00:00,69.23000000000002
2024-07-31 20:00:00,69.44000000000003
2024-07-31 21:00:00,
2024-07-31 22:00:00,69.30000000000001
2024-07-31 23:00:00,69.33000000000001
2024-08-01 00:00:00,69.44000000000003
2024-08-01 01:00:00,69.28
2024-08-01 02:00:00,69.24000000000001
2024-08-01 03:00:00,69.31
2024-08-01 04:00:00,69.48000000000002
2024-08-01 05:00:00,67.33000000000001
2024-08-01 06:00:00,69.34
2024-08-01 07:00:00,69.39000000000001
2024-08-01 08:00:00,69.22000000000003
2024-08-01 09:00:00,69.32000000000002
2024-08-01 10:00:00,69.46000000000001
2024-08-01 11:00:00,69.21000000000001
2024-08-01 12:00:00,69.38000000000002
2024-08-01 13:00:00,69.25
2024-08-01 14:00:00,68.15
2024-08-01 14:30:00,
2024-08-01 15:00:00,68.04000000000002
2024-08-01 16:00:00,68.17000000000002
2024-08-01 17:00:00,67.71000000000001
2024-08-01 18:00:00,67.63000000000002
2024-08-01 19:00:00,67.93
2024-08-01 20:00:00,67.89000000000001
2024-08-01 21:00:00,
2024-08-01 22:00:00,67.75
2024-08-01 23:00:00,67.77000000000001
2024-08-02 00:00:00,67.56
2024-08-02 01:00:00,67.78
2024-08-02 02:00:00,67.76000000000002
2024-08-02 03:00:00,67.9
2024-08-02 04:00:00,67.75
2024-08-02 05:00:00,68.0
2024-08-02 06:00:00,67.87
2024-08-02 07:00:00,68.17000000000002
2024-08-02 08:00:00,67.74000000000001
2024-08-02 09:00:00,67.53
2024-08-02 10:00:00,67.35000000000002
2024-08-02 11:00:00,66.80000000000001
2024-08-02 12:00:00,65.76000000000002
2024-08-02 13:00:00,65.04000000000002
2024-08-02 14:00:00,64.85000000000002
2024-08-02 14:30:00,
2024-08-02 15:00:00,64.70000000000002
2024-08-02 16:00:00,64.33000000000001
2024-08-02 17:00:00,64.07000000000002
2024-08-02 18:00:00,64.63000000000002
2024-08-02 19:00:00,64.94000000000003
2024-08-02 20:00:00,65.12
2024-08-02 21:00:00,
2024-08-02 23:00:00,
2024-08-04 22:00:00,64.9
2024-08-04 23:00:00,64.99000000000001
2024-08-05 00:00:00,64.30000000000001
2024-08-05 01:00:00,64.69000000000003
2024-08-05 02:00:00,64.96000000000001
2024-08-05 03:00:00,64.72000000000003
2024-08-05 04:00:00,64.34
2024-08-05 05:00:00,64.13000000000002
2024-08-05 06:00:00,63.78
2024-08-05 07:00:00,64.01000000000002
2024-08-05 08:00:00,63.18000000000001
2024-08-05 09:00:00,62.98000000000002
2024-08-05 10:00:00,63.380000000000024
2024-08-05 11:00:00,62.860000000000014
2024-08-05 12:00:00,63.54000000000002
2024-08-05 13:00:00,63.870000000000005
2024-08-05 14:00:00,63.84
2024-08-05 14:30:00,
2024-08-05 15:00:00,64.20000000000002
2024-08-05 16:00:00,63.910000000000025
2024-08-05 17:00:00,64.05000000000001
2024-08-05 18:00:00,64.52000000000001
2024-08-05 19:00:00,64.91000000000003
2024-08-05 20:00:00,65.10000000000002
2024-08-05 21:00:00,
2024-08-05 22:00:00,65.23000000000002
2024-08-05 23:00:00,65.32000000000002
2024-08-06 00:00:00,65.55000000000001
2024-08-06 01:00:00,65.38000000000002
2024-08-06 02:00:00,65.21000000000001
2024-08-06 03:00:00,65.14000000000001
2024-08-06 04:00:00,65.23000000000002
2024-08-06 05:00:00,64.27000000000001
2024-08-06 06:00:00,64.82000000000002
2024-08-06 07:00:00,64.24000000000001
2024-08-06 08:00:00,64.21000000000001
2024-08-06 09:00:00,64.44000000000003
2024-08-06 10:00:00,64.69000000000003
2024-08-06 11:00:00,64.04000000000002
2024-08-06 12:00:00,63.60000000000002
2024-08-06 13:00:00,64.41000000000003
2024-08-06 14:00:00,64.9
2024-08-06 14:30:00,
2024-08-06 15:00:00,64.66000000000003
2024-08-06 16:00:00,64.39000000000001
2024-08-06 17:00:00,64.54000000000002
2024-08-06 18:00:00,64.27000000000001
2024-08-06 19:00:00,64.10000000000002
2024-08-06 20:00:00,64.10000000000002
2024-08-06 21:00:00,
2024-08-06 22:00:00,63.97000000000003
2024-08-06 23:00:00,63.93000000000001
2024-08-07 00:00:00,64.04000000000002
2024-08-07 01:00:00,64.10000000000002
2024-08-07 02:00:00,64.25
2024-08-07 03:00:00,64.36000000000001
2024-08-07 04:00:00,64.53
2024-08-07 05:00:00,66.10000000000002
2024-08-07 06:00:00,64.33000000000001
2024-08-07 07:00:00,64.5
2024-08-07 08:00:00,64.54000000000002
2024-08-07 09:00:00,65.03
2024-08-07 10:00:00,65.33000000000001
2024-08-07 11:00:00,65.86000000000001
2024-08-07 12:00:00,65.83000000000001
2024-08-07 13:00:00,65.47000000000003
2024-08-07 14:00:00,66.14000000000001
2024-08-07 14:30:00,
2024-08-07 15:00:00,66.62
2024-08-07 16:00:00,65.93
2024-08-07 17:00:00,66.04000000000002
2024-08-07 18:00:00,66.04000000000002
2024-08-07 19:00:00,66.19000000000003
2024-08-07 20:00:00,66.30000000000001
2024-08-07 21:00:00,
2024-08-07 22:00:00,66.28
2024-08-07 23:00:00,66.30000000000001
2024-08-08 00:00:00,66.28
2024-08-08 01:00:00,66.14000000000001
2024-08-08 02:00:00,66.35000000000002
2024-08-08 03:00:00,66.39000000000001
2024-08-08 04:00:00,66.18
2024-08-08 05:00:00,66.97000000000003
2024-08-08 06:00:00,65.86000000000001
2024-08-08 07:00:00,65.85000000000002
2024-08-08 08:00:00,65.93
2024-08-08 09:00:00,65.57000000000002
2024-08-08 10:00:00,66.03
2024-08-08 11:00:00,66.13000000000002
2024-08-08 12:00:00,66.41000000000003
2024-08-08 13:00:00,66.15
2024-08-08 14:00:00,66.69000000000003
2024-08-08 14:30:00,
2024-08-08 15:00:00,66.52000000000001
2024-08-08 16:00:00,66.76000000000002
2024-08-08 17:00:00,67.14000000000001
2024-08-08 18:00:00,66.83000000000001
2024-08-08 19:00:00,66.84
2024-08-08 20:00:00,66.83000000000001
2024-08-08 21:00:00,
2024-08-08 22:00:00,66.82000000000002
2024-08-08 23:00:00,66.88000000000002
2024-08-09 00:00:00,66.84
2024-08-09 01:00:00,67.03
2024-08-09 02:00:00,67.06
2024-08-09 03:00:00,67.09
2024-08-09 04:00:00,67.04000000000002
2024-08-09 05:00:00,67.54000000000002
2024-08-09 06:00:00,67.01000000000002
2024-08-09 07:00:00,66.87
2024-08-09 08:00:00,66.99000000000001
2024-08-09 09:00:00,67.12
2024-08-09 10:00:00,67.18
2024-08-09 11:00:00,67.4
2024-08-09 12:00:00,67.28
2024-08-09 13:00:00,66.77000000000001
2024-08-09 14:00:00,67.38000000000002
2024-08-09 14:30:00,
2024-08-09 15:00:00,67.41000000000003
2024-08-09 16:00:00,67.65
2024-08-09 17:00:00,67.4
2024-08-09 18:00:00,67.44000000000003
2024-08-09 19:00:00,67.62
2024-08-09 20:00:00,67.63000000000002
2024-08-09 21:00:00,
2024-08-09 23:00:00,
2024-08-11 22:00:00,67.64000000000001
2024-08-11 23:00:00,67.44000000000003
2024-08-12 00:00:00,67.64000000000001
2024-08-12 01:00:00,67.72000000000003
2024-08-12 02:00:00,67.76000000000002
2024-08-12 03:00:00,67.71000000000001
2024-08-12 04:00:00,67.81
2024-08-12 05:00:00,70.39000000000001
2024-08-12 06:00:00,67.97000000000003
2024-08-12 07:00:00,68.09
2024-08-12 08:00:00,68.20000000000002
2024-08-12 09:00:00,68.32000000000002
2024-08-12 10:00:00,68.30000000000001
2024-08-12 11:00:00,68.38000000000002
2024-08-12 12:00:00,68.59
2024-08-12 13:00:00,68.53
2024-08-12 14:00:00,68.88000000000002
2024-08-12 14:30:00,
2024-08-12 15:00:00,69.28
2024-08-12 16:00:00,69.67000000000002
2024-08-12 17:00:00,69.94000000000003
2024-08-12 18:00:00,70.25000000000003
2024-08-12 19:00:00,70.47000000000003
2024-08-12 20:00:00,70.21000000000001
2024-08-12 21:00:00,70.26000000000002
2024-08-12 22:00:00,
2024-08-12 23:00:00,70.26000000000002
2024-08-13 00:00:00,
2024-08-13 01:00:00,
2024-08-13 02:00:00,
2024-08-13 03:00:00,
2024-08-13 04:00:00,
2024-08-13 05:00:00,
2024-08-13 06:00:00,
2024-08-13 07:00:00,
2024-08-13 08:00:00,
2024-08-13 09:00:00,
2024-08-13 10:00:00,
2024-08-13 11:00:00,
2024-08-13 12:00:00,
2024-08-13 13:00:00,
2024-08-13 14:00:00,
2024-08-13 14:30:00,69.87
2024-08-13 15:00:00,69.61000000000001
2024-08-13 16:00:00,69.23000000000002
2024-08-13 17:00:00,69.36000000000001
2024-08-13 18:00:00,69.26000000000002
2024-08-13 19:00:00,69.16000000000003
2024-08-13 20:00:00,69.29000000000002
2024-08-13 21:00:00,69.37
2024-08-13 22:00:00,
2024-08-13 23:00:00,69.37
2024-08-14 00:00:00,
2024-08-14 01:00:00,
2024-08-14 02:00:00,
2024-08-14 03:00:00,
2024-08-14 04:00:00,
2024-08-14 05:00:00,
2024-08-14 06:00:00,
2024-08-14 07:00:00,
2024-08-14 08:00:00,
2024-08-14 09:00:00,
2024-08-14 10:00:00,
2024-08-14 11:00:00,
2024-08-14 12:00:00,
2024-08-14 13:00:00,
2024-08-14 14:00:00,
2024-08-14 14:30:00,69.23000000000002
2024-08-14 15:00:00,68.74000000000001
2024-08-14 16:00:00,68.9
2024-08-14 17:00:00,68.86000000000001
2024-08-14 18:00:00,68.49000000000001
2024-08-14 19:00:00,68.51000000000002
2024-08-14 20:00:00,68.4
2024-08-14 21:00:00,68.44000000000003
2024-08-14 22:00:00,
2024-08-14 23:00:00,68.44000000000003
2024-08-15 00:00:00,
2024-08-15 01:00:00,
2024-08-15 02:00:00,
2024-08-15 03:00:00,
2024-08-15 04:00:00,
2024-08-15 05:00:00,
2024-08-15 06:00:00,
2024-08-15 07:00:00,
2024-08-15 08:00:00,
2024-08-15 09:00:00,
2024-08-15 10:00:00,
2024-08-15 11:00:00,
2024-08-15 12:00:00,
2024-08-15 13:00:00,
2024-08-15 14:00:00,
2024-08-15 14:30:00,69.29000000000002
2024-08-15 15:00:00,69.57000000000002
2024-08-15 16:00:00,69.63000000000002
2024-08-15 17:00:00,69.58000000000001
2024-08-15 18:00:00,69.22000000000003
2024-08-15 19:00:00,69.35000000000002
2024-08-15 20:00:00,69.24000000000001
2024-08-15 21:00:00,69.33000000000001
2024-08-15 22:00:00,
2024-08-15 23:00:00,69.33000000000001
2024-08-16 00:00:00,
2024-08-16 01:00:00,
2024-08-16 02:00:00,
2024-08-16 03:00:00,
2024-08-16 04:00:00,
2024-08-16 05:00:00,
2024-08-16 06:00:00,
2024-08-16 07:00:00,
2024-08-16 08:00:00,
2024-08-16 09:00:00,
2024-08-16 10:00:00,
2024-08-16 11:00:00,
2024-08-16 12:00:00,
2024-08-16 13:00:00,
2024-08-16 14:00:00,
2024-08-16 14:30:00,68.22000000000003
2024-08-16 15:00:00,67.97000000000003
2024-08-16 16:00:00,68.14000000000001
2024-08-16 17:00:00,68.02000000000001
2024-08-16 18:00:00,68.14000000000001
2024-08-16 19:00:00,67.94000000000003
2024-08-16 20:00:00,68.07000000000002
2024-08-16 21:00:00,67.94000000000003
2024-08-16 23:00:00,67.94000000000003
2024-08-18 22:00:00,
2024-08-18 23:00:00,
2024-08-19 00:00:00,
2024-08-19 01:00:00,
2024-08-19 02:00:00,
2024-08-19 03:00:00,
2024-08-19 04:00:00,
2024-08-19 05:00:00,
2024-08-19 06:00:00,
2024-08-19 07:00:00,
2024-08-19 08:00:00,
2024-08-19 09:00:00,
2024-08-19 10:00:00,
2024-08-19 11:00:00,
2024-08-19 12:00:00,
2024-08-19 13:00:00,
2024-08-19 14:00:00,
2024-08-19 14:30:00,67.84
2024-08-19 15:00:00,67.76000000000002
2024-08-19 16:00:00,67.37
2024-08-19 17:00:00,66.4
2024-08-19 18:00:00,66.21000000000001
2024-08-19 19:00:00,66.44000000000003
2024-08-19 20:00:00,66.41000000000003
2024-08-19 21:00:00,66.48000000000002
2024-08-19 22:00:00,
2024-08-19 23:00:00,66.48000000000002
2024-08-20 00:00:00,
2024-08-20 01:00:00,
2024-08-20 02:00:00,
2024-08-20 03:00:00,
2024-08-20 04:00:00,
2024-08-20 05:00:00,
2024-08-20 06:00:00,
2024-08-20 07:00:00,
2024-08-20 08:00:00,
2024-08-20 09:00:00,
2024-08-20 10:00:00,
2024-08-20 11:00:00,
2024-08-20 12:00:00,
2024-08-20 13:00:00,
2024-08-20 14:00:00,
2024-08-20 14:30:00,66.82000000000002
2024-08-20 15:00:00,66.11000000000001
2024-08-20 16:00:00,65.84
2024-08-20 17:00:00,65.93
2024-08-20 18:00:00,65.85000000000002
2024-08-20 19:00:00,65.89000000000001
2024-08-20 20:00:00,65.78
2024-08-20 21:00:00,65.70000000000002
2024-08-20 22:00:00,
2024-08-20 23:00:00,65.70000000000002
2024-08-21 00:00:00,
2024-08-21 01:00:00,
2024-08-21 02:00:00,
2024-08-21 03:00:00,
2024-08-21 04:00:00,
2024-08-21 05:00:00,
2024-08-21 06:00:00,
2024-08-21 07:00:00,
2024-08-21 08:00:00,
2024-08-21 09:00:00,
2024-08-21 10:00:00,
2024-08-21 11:00:00,
2024-08-21 12:00:00,
2024-08-21 13:00:00,
2024-08-21 14:00:00,
2024-08-21 14:30:00,66.26000000000002
2024-08-21 15:00:00,65.96000000000001
2024-08-21 16:00:00,65.10000000000002
2024-08-21 17:00:00,64.72000000000003
2024-08-21 18:00:00,64.26000000000002
2024-08-21 19:00:00,64.64000000000001
2024-08-21 20:00:00,64.66000000000003
2024-08-21 21:00:00,64.65
2024-08-21 22:00:00,
2024-08-21 23:00:00,64.65
2024-08-22 00:00:00,
2024-08-22 01:00:00,
2024-08-22 02:00:00,
2024-08-22 03:00:00,
2024-08-22 04:00:00,
2024-08-22 05:00:00,
2024-08-22 06:00:00,
2024-08-22 07:00:00,
2024-08-22 08:00:00,
2024-08-22 09:00:00,
2024-08-22 10:00:00,
2024-08-22 11:00:00,
2024-08-22 12:00:00,
2024-08-22 13:00:00,
2024-08-22 14:00:00,
2024-08-22 14:30:00,65.18
2024-08-22 15:00:00,65.64000000000001
2024-08-22 16:00:00,65.81
2024-08-22 17:00:00,65.9
2024-08-22 18:00:00,65.68
2024-08-22 19:00:00,65.41000000000003
2024-08-22 20:00:00,65.46000000000001
2024-08-22 21:00:00,65.54000000000002
2024-08-22 22:00:00,
2024-08-22 23:00:00,65.54000000000002
2024-08-23 00:00:00,
2024-08-23 01:00:00,
2024-08-23 02:00:00,
2024-08-23 03:00:00,
2024-08-23 04:00:00,
2024-08-23 05:00:00,
2024-08-23 06:00:00,
2024-08-23 07:00:00,
2024-08-23 08:00:00,
2024-08-23 09:00:00,
2024-08-23 10:00:00,
2024-08-23 11:00:00,
2024-08-23 12:00:00,
2024-08-23 13:00:00,
2024-08-23 14:00:00,
2024-08-23 14:30:00,66.73000000000002
2024-08-23 15:00:00,66.85000000000002
2024-08-23 16:00:00,67.20000000000002
2024-08-23 17:00:00,67.26000000000002
2024-08-23 18:00:00,67.35000000000002
2024-08-23 19:00:00,67.34
2024-08-23 20:00:00,67.29000000000002
2024-08-23 21:00:00,67.36000000000001
2024-08-23 23:00:00,67.36000000000001
2024-08-25 22:00:00,
2024-08-25 23:00:00,
2024-08-26 00:00:00,
2024-08-26 01:00:00,
2024-08-26 02:00:00,
2024-08-26 03:00:00,
2024-08-26 04:00:00,
2024-08-26 05:00:00,
2024-08-26 06:00:00,
2024-08-26 07:00:00,
2024-08-26 08:00:00,
2024-08-26 09:00:00,
2024-08-26 10:00:00,
2024-08-26 11:00:00,
2024-08-26 12:00:00,
2024-08-26 13:00:00,
2024-08-26 14:00:00,
2024-08-26 14:30:00,69.67000000000002
2024-08-26 15:00:00,69.30000000000001
2024-08-26 16:00:00,69.18
2024-08-26 17:00:00,69.22000000000003
2024-08-26 18:00:00,69.33000000000001
2024-08-26 19:00:00,69.46000000000001
2024-08-26 20:00:00,69.16000000000003
2024-08-26 21:00:00,69.21000000000001
2024-08-26 22:00:00,
2024-08-26 23:00:00,69.21000000000001
2024-08-27 00:00:00,
2024-08-27 01:00:00,
2024-08-27 02:00:00,
2024-08-27 03:00:00,
2024-08-27 04:00:00,
2024-08-27 05:00:00,
2024-08-27 06:00:00,
2024-08-27 07:00:00,
2024-08-27 08:00:00,
2024-08-27 09:00:00,
2024-08-27 10:00:00,
2024-08-27 11:00:00,
2024-08-27 12:00:00,
2024-08-27 13:00:00,
2024-08-27 14:00:00,
2024-08-27 14:30:00,68.79000000000002
2024-08-27 15:00:00,68.43
2024-08-27 16:00:00,68.13000000000002
2024-08-27 17:00:00,67.71000000000001
2024-08-27 18:00:00,67.79000000000002
2024-08-27 19:00:00,67.85000000000002
2024-08-27 20:00:00,67.95000000000002
2024-08-27 21:00:00,68.01000000000002
2024-08-27 22:00:00,
2024-08-27 23:00:00,68.01000000000002
2024-08-28 00:00:00,
2024-08-28 01:00:00,
2024-08-28 02:00:00,
2024-08-28 03:00:00,
2024-08-28 04:00:00,
2024-08-28 05:00:00,
2024-08-28 06:00:00,
2024-08-28 07:00:00,
2024-08-28 08:00:00,
2024-08-28 09:00:00,
2024-08-28 10:00:00,
2024-08-28 11:00:00,
2024-08-28 12:00:00,
2024-08-28 13:00:00,
2024-08-28 14:00:00,
2024-08-28 14:30:00,66.98000000000002
2024-08-28 15:00:00,67.42000000000002
2024-08-28 16:00:00,67.06
2024-08-28 17:00:00,67.32000000000002
2024-08-28 18:00:00,66.96000000000001
2024-08-28 19:00:00,66.85000000000002
2024-08-28 20:00:00,66.92000000000002
2024-08-28 21:00:00,66.60000000000002
2024-08-28 22:00:00,
2024-08-28 23:00:00,66.60000000000002
2024-08-29 00:00:00,
2024-08-29 01:00:00,
2024-08-29 02:00:00,
2024-08-29 03:00:00,
2024-08-29 04:00:00,
2024-08-29 05:00:00,
2024-08-29 06:00:00,
2024-08-29 07:00:00,
2024-08-29 08:00:00,
2024-08-29 09:00:00,
2024-08-29 10:00:00,
2024-08-29 11:00:00,
2024-08-29 12:00:00,
2024-08-29 13:00:00,
2024-08-29 14:00:00,
2024-08-29 14:30:00,68.65
2024-08-29 15:00:00,68.29000000000002
2024-08-29 16:00:00,67.76000000000002
2024-08-29 17:00:00,67.75000000000003
2024-08-29 18:00:00,67.75000000000003
2024-08-29 19:00:00,68.06
2024-08-29 20:00:00,68.14000000000001
2024-08-29 21:00:00,68.15
2024-08-29 22:00:00,
2024-08-29 23:00:00,68.15
2024-08-30 00:00:00,
2024-08-30 01:00:00,
2024-08-30 02:00:00,
2024-08-30 03:00:00,
2024-08-30 04:00:00,
2024-08-30 05:00:00,
2024-08-30 06:00:00,
2024-08-30 07:00:00,
2024-08-30 08:00:00,
2024-08-30 09:00:00,
2024-08-30 10:00:00,
2024-08-30 11:00:00,
2024-08-30 12:00:00,
2024-08-30 13:00:00,
2024-08-30 14:00:00,
2024-08-30 14:30:00,66.12
2024-08-30 15:00:00,66.18
2024-08-30 16:00:00,66.32000000000002
2024-08-30 17:00:00,66.06
2024-08-30 18:00:00,66.10000000000002
2024-08-30 19:00:00,65.89000000000001
2024-08-30 20:00:00,65.98000000000002
2024-08-30 21:00:00,66.06
2024-08-30 23:00:00,66.06
2024-09-01 22:00:00,
2024-09-01 23:00:00,
2024-09-02 00:00:00,
2024-09-02 01:00:00,
2024-09-02 02:00:00,
2024-09-02 03:00:00,
2024-09-02 04:00:00,
2024-09-02 05:00:00,
2024-09-02 06:00:00,
2024-09-02 07:00:00,
2024-09-02 08:00:00,
2024-09-02 09:00:00,
2024-09-02 10:00:00,
2024-09-02 11:00:00,
2024-09-02 12:00:00,
2024-09-02 13:00:00,
2024-09-02 14:00:00,
2024-09-02 15:00:00,
2024-09-02 16:00:00,
2024-09-02 17:00:00,
2024-09-02 18:00:00,
2024-09-02 22:00:00,
2024-09-02 23:00:00,
2024-09-03 00:00:00,
2024-09-03 01:00:00,
2024-09-03 02:00:00,
2024-09-03 03:00:00,
2024-09-03 04:00:00,
2024-09-03 05:00:00,
2024-09-03 06:00:00,
2024-09-03 07:00:00,
2024-09-03 08:00:00,
2024-09-03 09:00:00,
2024-09-03 10:00:00,
2024-09-03 11:00:00,
2024-09-03 12:00:00,
2024-09-03 13:00:00,
2024-09-03 14:00:00,
2024-09-03 14:30:00,63.380000000000024
2024-09-03 15:00:00,63.150000000000006
2024-09-03 16:00:00,63.20000000000002
2024-09-03 17:00:00,62.920000000000016
2024-09-03 18:00:00,62.74000000000001
2024-09-03 19:00:00,62.81
2024-09-03 20:00:00,62.940000000000026
2024-09-03 21:00:00,62.81
2024-09-03 22:00:00,
2024-09-03 23:00:00,62.81
2024-09-04 00:00:00,
2024-09-04 01:00:00,
2024-09-04 02:00:00,
2024-09-04 03:00:00,
2024-09-04 04:00:00,
2024-09-04 05:00:00,
2024-09-04 06:00:00,
2024-09-04 07:00:00,
2024-09-04 08:00:00,
2024-09-04 09:00:00,
2024-09-04 10:00:00,
2024-09-04 11:00:00,
2024-09-04 12:00:00,
2024-09-04 13:00:00,
2024-09-04 14:00:00,
2024-09-04 14:30:00,62.420000000000016
2024-09-04 15:00:00,62.34
2024-09-04 16:00:00,62.47000000000003
2024-09-04 17:00:00,62.370000000000005
2024-09-04 18:00:00,61.96000000000001
2024-09-04 19:00:00,61.70000000000002
2024-09-04 20:00:00,61.55000000000001
2024-09-04 21:00:00,61.83000000000001
2024-09-04 22:00:00,
2024-09-04 23:00:00,61.83000000000001
2024-09-05 00:00:00,
2024-09-05 01:00:00,
2024-09-05 02:00:00,
2024-09-05 03:00:00,
2024-09-05 04:00:00,
2024-09-05 05:00:00,
2024-09-05 06:00:00,
2024-09-05 07:00:00,
2024-09-05 08:00:00,
2024-09-05 09:00:00,
2024-09-05 10:00:00,
2024-09-05 11:00:00,
2024-09-05 12:00:00,
2024-09-05 13:00:00,
2024-09-05 14:00:00,
2024-09-05 14:30:00,62.370000000000005
2024-09-05 15:00:00,63.08000000000001
2024-09-05 16:00:00,62.08000000000001
2024-09-05 17:00:00,61.890000000000015
2024-09-05 18:00:00,61.58000000000001
2024-09-05 19:00:00,61.95000000000002
2024-09-05 20:00:00,61.84
2024-09-05 21:00:00,61.97000000000003
2024-09-05 22:00:00,
2024-09-05 23:00:00,61.97000000000003
2024-09-06 00:00:00,
2024-09-06 01:00:00,
2024-09-06 02:00:00,
2024-09-06 03:00:00,
2024-09-06 04:00:00,
2024-09-06 05:00:00,
2024-09-06 06:00:00,
2024-09-06 07:00:00,
2024-09-06 08:00:00,
2024-09-06 09:00:00,
2024-09-06 10:00:00,
2024-09-06 11:00:00,
2024-09-06 12:00:00,
2024-09-06 13:00:00,
2024-09-06 14:00:00,
2024-09-06 14:30:00,62.630000000000024
2024-09-06 15:00:00,60.75000000000002
2024-09-06 16:00:00,60.28000000000001
2024-09-06 17:00:00,60.180000000000014
2024-09-06 18:00:00,60.26000000000001
2024-09-06 19:00:00,60.61000000000002
2024-09-06 20:00:00,60.78000000000001
2024-09-06 21:00:00,60.75000000000002
2024-09-06 23:00:00,60.75000000000002
2024-09-08 22:00:00,
2024-09-08 23:00:00,
2024-09-09 00:00:00,
2024-09-09 01:00:00,
2024-09-09 02:00:00,
2024-09-09 03:00:00,
2024-09-09 04:00:00,
2024-09-09 05:00:00,
2024-09-09 06:00:00,
2024-09-09 07:00:00,
2024-09-09 08:00:00,
2024-09-09 09:00:00,
2024-09-09 10:00:00,
2024-09-09 11:00:00,
2024-09-09 12:00:00,
2024-09-09 13:00:00,
2024-09-09 14:00:00,
2024-09-09 14:30:00,60.26000000000001
2024-09-09 15:00:00,61.04000000000002
2024-09-09 16:00:00,60.86000000000002
2024-09-09 17:00:00,61.35000000000002
2024-09-09 18:00:00,61.20000000000002
2024-09-09 19:00:00,61.24000000000001
2024-09-09 20:00:00,61.07000000000002
2024-09-09 21:00:00,61.32000000000002
2024-09-09 22:00:00,
2024-09-09 23:00:00,61.32000000000002
2024-09-10 00:00:00,
2024-09-10 01:00:00,
2024-09-10 02:00:00,
2024-09-10 03:00:00,
2024-09-10 04:00:00,
2024-09-10 05:00:00,
2024-09-10 06:00:00,
2024-09-10 07:00:00,
2024-09-10 08:00:00,
2024-09-10 09:00:00,
2024-09-10 10:00:00,
2024-09-10 11:00:00,
2024-09-10 12:00:00,
2024-09-10 13:00:00,
2024-09-10 14:00:00,
2024-09-10 14:30:00,60.320000000000014
2024-09-10 15:00:00,58.88000000000002
2024-09-10 16:00:00,58.19000000000002
2024-09-10 17:00:00,58.29000000000001
2024-09-10 18:00:00,58.350000000000016
2024-09-10 19:00:00,58.75000000000002
2024-09-10 20:00:00,58.87000000000001
2024-09-10 21:00:00,58.960000000000015
2024-09-10 22:00:00,
2024-09-10 23:00:00,58.960000000000015
2024-09-11 00:00:00,
2024-09-11 01:00:00,
2024-09-11 02:00:00,
2024-09-11 03:00:00,
2024-09-11 04:00:00,
2024-09-11 05:00:00,
2024-09-11 06:00:00,
2024-09-11 07:00:00,
2024-09-11 08:00:00,
2024-09-11 09:00:00,
2024-09-11 10:00:00,
2024-09-11 11:00:00,
2024-09-11 12:00:00,
2024-09-11 13:00:00,
2024-09-11 14:00:00,
2024-09-11 14:30:00,59.27000000000002
2024-09-11 15:00:00,58.86000000000002
2024-09-11 16:00:00,59.810000000000024
2024-09-11 17:00:00,60.17000000000002
2024-09-11 18:00:00,60.11000000000002
2024-09-11 19:00:00,59.83000000000002
2024-09-11 20:00:00,59.75000000000002
2024-09-11 21:00:00,60.02000000000003
2024-09-11 23:00:00,60.02000000000003
2024-09-12 14:30:00,60.310000000000024
2024-09-12 15:00:00,61.34000000000003
2024-09-12 16:00:00,61.630000000000024
2024-09-12 17:00:00,61.660000000000025
2024-09-12 18:00:00,61.45000000000002
2024-09-12 19:00:00,61.47000000000003
2024-09-12 20:00:00,61.59000000000003
2024-09-12 21:00:00,61.54000000000002
2024-09-12 23:00:00,61.54000000000002
2024-09-13 14:30:00,62.210000000000036
2024-09-13 15:00:00,62.140000000000015
2024-09-13 16:00:00,61.60000000000002
2024-09-13 17:00:00,61.26000000000002
2024-09-13 18:00:00,61.02000000000004
2024-09-13 19:00:00,61.20000000000002
2024-09-13 20:00:00,61.45000000000002
2024-09-13 21:00:00,61.430000000000035
2024-09-13 23:00:00,61.430000000000035
2024-09-16 14:30:00,62.35000000000002
2024-09-16 15:00:00,62.12000000000003
2024-09-16 16:00:00,61.98000000000002
2024-09-16 17:00:00,61.920000000000016
2024-09-16 18:00:00,62.26000000000002
2024-09-16 19:00:00,62.23000000000002
2024-09-16 20:00:00,62.37000000000003
2024-09-16 21:00:00,62.400000000000034
2024-09-16 23:00:00,62.400000000000034
2024-09-17 14:30:00,62.70000000000002
2024-09-17 15:00:00,62.83000000000001
2024-09-17 16:00:00,63.190000000000026
2024-09-17 17:00:00,63.430000000000035
2024-09-17 18:00:00,63.160000000000025
2024-09-17 19:00:00,63.160000000000025
2024-09-17 20:00:00,63.140000000000015
2024-09-17 21:00:00,63.03000000000003
2024-09-17 23:00:00,63.03000000000003
2024-09-18 14:30:00,62.75000000000003
2024-09-18 15:00:00,62.78000000000003
2024-09-18 16:00:00,62.430000000000035
2024-09-18 17:00:00,62.640000000000015
2024-09-18 18:00:00,62.640000000000015
2024-09-18 19:00:00,62.62000000000003
2024-09-18 20:00:00,62.12000000000003
2024-09-18 21:00:00,62.23000000000002
2024-09-18 23:00:00,62.23000000000002
2024-09-19 14:30:00,63.52000000000004
2024-09-19 15:00:00,63.56000000000003
2024-09-19 16:00:00,64.23000000000002
2024-09-19 17:00:00,64.17000000000002
2024-09-19 18:00:00,64.04000000000002
2024-09-19 19:00:00,63.95000000000002
2024-09-19 20:00:00,64.00000000000003
2024-09-19 21:00:00,64.05000000000001
2024-09-19 23:00:00,64.05000000000001
2024-09-20 14:30:00,63.45000000000002
2024-09-20 15:00:00,63.87000000000003
2024-09-20 16:00:00,63.890000000000015
2024-09-20 17:00:00,64.22000000000003
2024-09-20 18:00:00,64.30000000000001
2024-09-20 19:00:00,64.07000000000002
2024-09-20 20:00:00,64.14000000000001
2024-09-20 21:00:00,64.17000000000002
2024-09-20 23:00:00,64.17000000000002
2024-09-23 14:30:00,64.64000000000001
2024-09-23 15:00:00,64.12000000000003
2024-09-23 16:00:00,63.06000000000003
2024-09-23 17:00:00,63.07000000000002
2024-09-23 18:00:00,63.460000000000036
2024-09-23 19:00:00,63.410000000000025
2024-09-23 20:00:00,63.62000000000003
2024-09-23 21:00:00,63.79000000000002
2024-09-23 23:00:00,63.79000000000002
2024-09-24 14:30:00,64.90000000000003
2024-09-24 15:00:00,64.73000000000002
2024-09-24 16:00:00,64.59000000000003
2024-09-24 17:00:00,64.46000000000004
2024-09-24 18:00:00,64.47000000000003
2024-09-24 19:00:00,64.70000000000002
2024-09-24 20:00:00,64.65000000000003
2024-09-24 21:00:00,64.69000000000003
2024-09-24 23:00:00,64.69000000000003
2024-09-25 14:30:00,63.99000000000004
2024-09-25 15:00:00,63.900000000000034
2024-09-25 16:00:00,63.440000000000026
2024-09-25 17:00:00,63.10000000000002
2024-09-25 18:00:00,62.860000000000014
2024-09-25 19:00:00,63.00000000000003
2024-09-25 20:00:00,63.05000000000001
2024-09-25 21:00:00,63.110000000000014
2024-09-25 23:00:00,63.110000000000014
2024-09-26 14:30:00,60.78000000000002
2024-09-26 15:00:00,61.430000000000035
2024-09-26 16:00:00,61.59000000000003
2024-09-26 17:00:00,61.00000000000003
2024-09-26 18:00:00,60.840000000000025
2024-09-26 19:00:00,60.870000000000026
2024-09-26 20:00:00,60.67000000000002
2024-09-26 21:00:00,60.810000000000024
2024-09-26 23:00:00,60.810000000000024
2024-09-27 14:30:00,60.74000000000003
2024-09-27 15:00:00,61.27000000000004
2024-09-27 16:00:00,61.400000000000034
2024-09-27 17:00:00,61.60000000000002
2024-09-27 18:00:00,61.06000000000003
2024-09-27 19:00:00,61.630000000000024
2024-09-27 20:00:00,61.87000000000003
2024-09-27 21:00:00,61.95000000000002
2024-09-27 23:00:00,61.95000000000002
2024-09-30 14:30:00,61.31000000000003
2024-09-30 15:00:00,62.170000000000016
2024-09-30 16:00:00,62.34000000000003
2024-09-30 17:00:00,61.82000000000002
2024-09-30 18:00:00,61.73000000000002
2024-09-30 19:00:00,61.76000000000002
2024-09-30 20:00:00,61.680000000000035
2024-09-30 21:00:00,61.75000000000003
2024-09-30 23:00:00,61.75000000000003
2024-10-01 14:30:00,63.430000000000035
2024-10-01 15:00:00,63.930000000000035
2024-10-01 16:00:00,64.15000000000003
2024-10-01 17:00:00,64.69000000000003
2024-10-01 18:00:00,63.45000000000002
2024-10-01 19:00:00,63.56000000000003
2024-10-01 20:00:00,63.74000000000004
2024-10-01 21:00:00,64.09000000000003
2024-10-01 23:00:00,64.09000000000003
2024-10-02 14:30:00,65.49000000000004
2024-10-02 15:00:00,64.26000000000002
2024-10-02 16:00:00,63.35000000000002
2024-10-02 17:00:00,63.49000000000004
2024-10-02 18:00:00,63.73000000000002
2024-10-02 19:00:00,63.82000000000002
2024-10-02 20:00:00,64.31000000000003
2024-10-02 21:00:00,64.35000000000002
2024-10-02 23:00:00,64.35000000000002
2024-10-03 14:30:00,65.29000000000002
2024-10-03 15:00:00,66.14000000000001
2024-10-03 16:00:00,66.40000000000003
2024-10-03 17:00:00,66.93000000000004
2024-10-03 18:00:00,66.69000000000003
2024-10-03 19:00:00,67.12000000000003
2024-10-03 20:00:00,67.15000000000003
2024-10-03 21:00:00,66.99000000000004
2024-10-03 23:00:00,66.99000000000004
2024-10-04 14:30:00,67.38000000000002
2024-10-04 15:00:00,67.54000000000002
2024-10-04 16:00:00,68.04000000000002
2024-10-04 17:00:00,68.26000000000002
2024-10-04 18:00:00,68.59000000000003
2024-10-04 19:00:00,67.52000000000004
2024-10-04 20:00:00,67.65000000000003
2024-10-04 21:00:00,67.62000000000003
2024-10-04 23:00:00,67.62000000000003
2024-10-07 14:30:00,68.70000000000002
2024-10-07 15:00:00,69.21000000000004
2024-10-07 16:00:00,70.24000000000004
2024-10-07 17:00:00,70.18000000000004
2024-10-07 18:00:00,70.11000000000001
2024-10-07 19:00:00,70.46000000000004
2024-10-07 20:00:00,70.44000000000003
2024-10-07 21:00:00,70.42000000000002
2024-10-07 23:00:00,70.42000000000002
2024-10-08 14:30:00,67.65000000000003
2024-10-08 15:00:00,66.91000000000003
2024-10-08 16:00:00,66.76000000000002
2024-10-08 17:00:00,66.17000000000002
2024-10-08 18:00:00,67.26000000000002
2024-10-08 19:00:00,67.02000000000004
2024-10-08 20:00:00,67.14000000000001
2024-10-08 21:00:00,67.15000000000003
2024-10-08 23:00:00,67.15000000000003
2024-10-09 14:30:00,65.39000000000001
2024-10-09 15:00:00,65.84000000000003
2024-10-09 16:00:00,66.45000000000002
2024-10-09 17:00:00,66.16000000000003
2024-10-09 18:00:00,66.37000000000003
2024-10-09 19:00:00,66.46000000000004
2024-10-09 20:00:00,66.58000000000001
2024-10-09 21:00:00,66.52000000000004
2024-10-09 23:00:00,66.52000000000004
2024-10-10 14:30:00,67.40000000000003
2024-10-10 15:00:00,68.08000000000001
2024-10-10 16:00:00,68.50000000000003
2024-10-10 17:00:00,68.90000000000003
2024-10-10 18:00:00,69.08000000000001
2024-10-10 19:00:00,68.99000000000004
2024-10-10 20:00:00,69.00000000000003
2024-10-10 21:00:00,68.66000000000003
2024-10-10 23:00:00,68.66000000000003
2024-10-11 14:30:00,68.34000000000003
2024-10-11 15:00:00,69.06000000000003
2024-10-11 16:00:00,68.61000000000001
2024-10-11 17:00:00,68.54000000000002
2024-10-11 18:00:00,68.84000000000003
2024-10-11 19:00:00,68.59000000000003
2024-10-11 20:00:00,68.69000000000003
2024-10-11 21:00:00,68.60000000000002
2024-10-11 23:00:00,68.60000000000002
2024-10-14 14:30:00,67.75000000000003
2024-10-14 15:00:00,67.55000000000004
2024-10-14 16:00:00,67.11000000000001
2024-10-14 17:00:00,67.32000000000002
2024-10-14 18:00:00,67.44000000000003
2024-10-14 19:00:00,67.27000000000004
2024-10-14 20:00:00,67.34000000000003
2024-10-14 21:00:00,65.30000000000004
2024-10-14 23:00:00,65.30000000000004
2024-10-15 14:30:00,63.880000000000024
2024-10-15 15:00:00,63.57000000000002
2024-10-15 16:00:00,63.35000000000002
2024-10-15 17:00:00,64.03000000000003
2024-10-15 18:00:00,63.81000000000003
2024-10-15 19:00:00,64.39000000000001
2024-10-15 20:00:00,64.33000000000004
2024-10-15 21:00:00,64.43000000000004
2024-10-15 23:00:00,64.43000000000004
2024-10-16 14:30:00,63.70000000000002
2024-10-16 15:00:00,63.75000000000003
2024-10-16 16:00:00,63.83000000000004
2024-10-16 17:00:00,63.76000000000002
2024-10-16 18:00:00,63.87000000000003
2024-10-16 19:00:00,63.80000000000004
2024-10-16 20:00:00,63.940000000000026
2024-10-16 21:00:00,64.11000000000001
2024-10-16 23:00:00,64.11000000000001
2024-10-17 14:30:00,64.10000000000002
2024-10-17 15:00:00,63.930000000000035
2024-10-17 16:00:00,63.940000000000026
2024-10-17 17:00:00,63.62000000000003
2024-10-17 18:00:00,63.70000000000002
2024-10-17 19:00:00,63.95000000000002
2024-10-17 20:00:00,64.13000000000002
2024-10-17 21:00:00,64.15000000000003
2024-10-17 23:00:00,64.15000000000003
2024-10-18 14:30:00,63.10000000000002
2024-10-18 15:00:00,62.640000000000015
2024-10-18 16:00:00,62.60000000000002
2024-10-18 17:00:00,63.07000000000002
2024-10-18 18:00:00,63.170000000000016
2024-10-18 19:00:00,62.75000000000003
2024-10-18 20:00:00,62.73000000000002
2024-10-18 21:00:00,62.87000000000003
2024-10-18 23:00:00,62.87000000000003
2024-10-21 14:30:00,63.930000000000035
2024-10-21 15:00:00,63.430000000000035
2024-10-21 16:00:00,63.87000000000003
2024-10-21 17:00:00,63.98000000000002
2024-10-21 18:00:00,64.19000000000003
2024-10-21 19:00:00,64.00000000000003
2024-10-21 20:00:00,64.03000000000003
2024-10-21 21:00:00,63.73000000000002
2024-10-21 23:00:00,63.73000000000002
2024-10-22 14:30:00,65.16000000000003
2024-10-22 15:00:00,65.26000000000002
2024-10-22 16:00:00,65.72000000000003
2024-10-22 17:00:00,65.74000000000004
2024-10-22 18:00:00,65.56000000000003
2024-10-22 19:00:00,65.67000000000002
2024-10-22 20:00:00,65.65000000000003
2024-10-22 21:00:00,65.32000000000002
2024-10-22 23:00:00,65.32000000000002
2024-10-23 14:30:00,65.17000000000002
2024-10-23 15:00:00,64.77000000000004
2024-10-23 16:00:00,64.70000000000002
2024-10-23 17:00:00,64.67000000000002
2024-10-23 18:00:00,64.84000000000003
2024-10-23 19:00:00,64.80000000000004
2024-10-23 20:00:00,64.97000000000003
2024-10-23 21:00:00,65.02000000000004
2024-10-23 23:00:00,65.02000000000004
2024-10-24 14:30:00,65.21000000000004
2024-10-24 15:00:00,64.28000000000003
2024-10-24 16:00:00,64.07000000000002
2024-10-24 17:00:00,63.960000000000036
2024-10-24 18:00:00,64.15000000000003
2024-10-24 19:00:00,64.36000000000001
2024-10-24 20:00:00,64.57000000000002
2024-10-24 21:00:00,64.40000000000003
2024-10-24 23:00:00,64.40000000000003
2024-10-25 14:30:00,65.21000000000004
2024-10-25 15:00:00,64.97000000000003
2024-10-25 16:00:00,65.61000000000001
2024-10-25 17:00:00,65.68000000000004
2024-10-25 18:00:00,65.63000000000002
2024-10-25 19:00:00,65.74000000000004
2024-10-25 20:00:00,65.78000000000003
2024-10-25 21:00:00,65.71000000000004
2024-10-25 23:00:00,65.71000000000004
2024-10-28 13:30:00,61.84000000000003
2024-10-28 14:00:00,62.10000000000002
2024-10-28 15:00:00,61.95000000000002
2024-10-28 16:00:00,61.62000000000003
2024-10-28 17:00:00,61.74000000000004
2024-10-28 18:00:00,61.62000000000003
2024-10-28 19:00:00,61.940000000000026
2024-10-28 20:00:00,61.940000000000026
2024-10-28 23:00:00,61.97000000000003
2024-10-29 13:30:00,61.58000000000004
2024-10-29 14:00:00,61.54000000000002
2024-10-29 15:00:00,61.160000000000025
2024-10-29 16:00:00,61.22000000000003
2024-10-29 17:00:00,61.24000000000004
2024-10-29 18:00:00,61.180000000000035
2024-10-29 19:00:00,61.24000000000004
2024-10-29 20:00:00,61.400000000000034
2024-10-29 23:00:00,61.460000000000036
2024-10-30 13:30:00,62.130000000000024
2024-10-30 14:00:00,62.430000000000035
2024-10-30 15:00:00,62.81000000000003
2024-10-30 16:00:00,62.57000000000002
2024-10-30 17:00:00,62.30000000000004
2024-10-30 18:00:00,62.73000000000002
2024-10-30 19:00:00,62.85000000000002
2024-10-30 20:00:00,62.960000000000036
2024-10-30 23:00:00,63.02000000000004
2024-10-31 13:30:00,63.34000000000003
2024-10-31 14:00:00,63.45000000000002
2024-10-31 15:00:00,63.380000000000024
2024-10-31 16:00:00,63.07000000000002
2024-10-31 17:00:00,63.160000000000025
2024-10-31 18:00:00,64.40000000000003
2024-10-31 19:00:00,64.46000000000004
2024-10-31 20:00:00,64.44000000000003
2024-10-31 23:00:00,64.44000000000003
2024-11-01 13:30:00,64.97000000000003
2024-11-01 14:00:00,64.30000000000004
2024-11-01 15:00:00,64.17000000000002
2024-11-01 16:00:00,63.99000000000004
2024-11-01 17:00:00,63.690000000000026
2024-11-01 18:00:00,63.460000000000036
2024-11-01 19:00:00,63.430000000000035
2024-11-01 20:00:00,63.47000000000003
2024-11-01 23:00:00,63.30000000000004
2024-11-04 14:30:00,65.18000000000004
2024-11-04 15:00:00,64.80000000000004
2024-11-04 16:00:00,65.22000000000003
2024-11-04 17:00:00,65.43000000000004
2024-11-04 18:00:00,65.48000000000002
2024-11-04 19:00:00,65.45000000000002
2024-11-04 20:00:00,65.48000000000002
2024-11-04 21:00:00,65.65000000000003
2024-11-04 23:00:00,65.65000000000003
2024-11-05 14:30:00,66.10000000000002
2024-11-05 15:00:00,66.35000000000002
2024-11-05 16:00:00,66.47000000000003
2024-11-05 17:00:00,65.88000000000002
2024-11-05 18:00:00,65.60000000000002
2024-11-05 19:00:00,66.05000000000004
2024-11-05 20:00:00,66.05000000000004
2024-11-05 21:00:00,65.95000000000002
2024-11-05 23:00:00,65.95000000000002
2024-11-06 14:30:00,65.32000000000002
2024-11-06 15:00:00,66.43000000000004
2024-11-06 16:00:00,65.90000000000003
2024-11-06 17:00:00,66.00000000000003
2024-11-06 18:00:00,65.64000000000001
2024-11-06 19:00:00,65.69000000000003
2024-11-06 20:00:00,65.68000000000004
2024-11-06 21:00:00,65.84000000000003
2024-11-06 23:00:00,65.84000000000003
2024-11-07 14:30:00,65.28000000000003
2024-11-07 15:00:00,65.60000000000002
2024-11-07 16:00:00,65.86000000000001
2024-11-07 17:00:00,66.51000000000002
2024-11-07 18:00:00,66.55000000000004
2024-11-07 19:00:00,66.22000000000003
2024-11-07 20:00:00,66.29000000000002
2024-11-07 21:00:00,66.21000000000004
2024-11-07 23:00:00,66.21000000000004
2024-11-08 14:30:00,64.88000000000002
2024-11-08 15:00:00,64.47000000000003
2024-11-08 16:00:00,64.12000000000003
2024-11-08 17:00:00,64.64000000000001
2024-11-08 18:00:00,64.37000000000003
2024-11-08 19:00:00,64.65000000000003
2024-11-08 20:00:00,64.55000000000004
2024-11-08 21:00:00,64.57000000000002
2024-11-08 23:00:00,64.57000000000002
2024-11-11 14:30:00,62.87000000000003
2024-11-11 15:00:00,62.45000000000002
2024-11-11 16:00:00,62.380000000000024
2024-11-11 17:00:00,62.420000000000016
2024-11-11 18:00:00,62.52000000000001
2024-11-11 19:00:00,62.56000000000003
2024-11-11 20:00:00,62.58000000000001
2024-11-11 21:00:00,62.49000000000001
2024-11-11 23:00:00,62.49000000000001
2024-11-12 14:30:00,63.150000000000034
2024-11-12 15:00:00,62.610000000000014
2024-11-12 16:00:00,62.72000000000003
2024-11-12 17:00:00,62.80000000000001
2024-11-12 18:00:00,62.420000000000016
2024-11-12 19:00:00,62.610000000000014
2024-11-12 20:00:00,62.34000000000003
2024-11-12 21:00:00,62.27000000000001
2024-11-12 23:00:00,62.27000000000001
2024-11-13 14:30:00,61.34000000000003
2024-11-13 15:00:00,62.150000000000034
2024-11-13 16:00:00,62.640000000000015
2024-11-13 17:00:00,62.82000000000002
2024-11-13 18:00:00,62.87000000000003
2024-11-13 19:00:00,62.57000000000002
2024-11-13 20:00:00,62.460000000000036
2024-11-13 21:00:00,62.33000000000001
2024-11-13 23:00:00,62.33000000000001
2024-11-14 14:30:00,63.48000000000002
2024-11-14 15:00:00,63.04000000000002
2024-11-14 16:00:00,62.920000000000016
2024-11-14 17:00:00,62.54000000000002
2024-11-14 18:00:00,62.83000000000001
2024-11-14 19:00:00,62.880000000000024
2024-11-14 20:00:00,62.87000000000003
2024-11-14 21:00:00,62.82000000000002
2024-11-14 23:00:00,62.82000000000002
2024-11-15 14:30:00,62.47000000000003
2024-11-15 15:00:00,62.650000000000034
2024-11-15 16:00:00,61.95000000000002
2024-11-15 17:00:00,61.47000000000003
2024-11-15 18:00:00,61.30000000000001
2024-11-15 19:00:00,61.47000000000003
2024-11-15 20:00:00,61.45000000000002
2024-11-15 21:00:00,61.35000000000002
2024-11-15 23:00:00,61.35000000000002
2024-11-18 14:30:00,62.77000000000001
2024-11-18 15:00:00,63.27000000000001
2024-11-18 16:00:00,63.37000000000003
2024-11-18 17:00:00,63.34000000000003
2024-11-18 18:00:00,63.610000000000014
2024-11-18 19:00:00,63.610000000000014
2024-11-18 20:00:00,63.640000000000015
2024-11-18 21:00:00,63.610000000000014
2024-11-18 23:00:00,63.610000000000014
2024-11-19 14:30:00,64.03000000000003
2024-11-19 15:00:00,63.76000000000002
2024-11-19 16:00:00,63.58000000000001
2024-11-19 17:00:00,63.860000000000014
2024-11-19 18:00:00,63.680000000000035
2024-11-19 19:00:00,63.82000000000002
2024-11-19 20:00:00,63.860000000000014
2024-11-19 21:00:00,63.690000000000026
2024-11-19 23:00:00,63.690000000000026
2024-11-20 14:30:00,64.02000000000001
2024-11-20 15:00:00,63.930000000000035
2024-11-20 16:00:00,63.670000000000016
2024-11-20 17:00:00,63.31000000000003
2024-11-20 18:00:00,63.31000000000003
2024-11-20 19:00:00,63.390000000000015
2024-11-20 20:00:00,63.51000000000002
2024-11-20 21:00:00,63.45000000000002
2024-11-20 23:00:00,63.45000000000002
2024-11-21 14:30:00,64.28000000000003
2024-11-21 15:00:00,64.34000000000003
2024-11-21 16:00:00,64.08000000000001
2024-11-21 17:00:00,63.920000000000016
2024-11-21 18:00:00,64.17000000000002
2024-11-21 19:00:00,64.54000000000002
2024-11-21 20:00:00,64.56000000000003
2024-11-21 21:00:00,64.46000000000004
2024-11-21 23:00:00,64.46000000000004
2024-11-22 14:30:00,64.83000000000001
2024-11-22 15:00:00,65.22000000000003
2024-11-22 16:00:00,65.11000000000001
2024-11-22 17:00:00,65.37000000000003
2024-11-22 18:00:00,65.54000000000002
2024-11-22 19:00:00,65.47000000000003
2024-11-22 20:00:00,65.42000000000002
2024-11-22 21:00:00,65.37000000000003
2024-11-22 23:00:00,65.37000000000003
2024-11-25 14:30:00,63.98000000000002
2024-11-25 15:00:00,63.31000000000003
2024-11-25 16:00:00,63.31000000000003
2024-11-25 17:00:00,63.30000000000001
2024-11-25 18:00:00,63.190000000000026
2024-11-25 19:00:00,63.34000000000003
2024-11-25 20:00:00,63.31000000000003
2024-11-25 21:00:00,63.37000000000003
2024-11-25 23:00:00,63.37000000000003
2024-11-26 14:30:00,63.890000000000015
2024-11-26 15:00:00,63.960000000000036
2024-11-26 16:00:00,63.49000000000001
2024-11-26 17:00:00,62.610000000000014
2024-11-26 18:00:00,62.75000000000003
2024-11-26 19:00:00,62.99000000000001
2024-11-26 20:00:00,62.960000000000036
2024-11-26 21:00:00,63.28000000000003
2024-11-26 23:00:00,63.28000000000003
2024-11-27 14:30:00,63.47000000000003
2024-11-27 15:00:00,63.20000000000002
2024-11-27 16:00:00,62.74000000000001
2024-11-27 17:00:00,62.55000000000001
2024-11-27 18:00:00,62.640000000000015
2024-11-27 19:00:00,63.08000000000001
2024-11-27 20:00:00,63.05000000000001
2024-11-27 21:00:00,63.07000000000002
2024-11-27 23:00:00,63.07000000000002
2024-11-29 14:30:00,63.80000000000001
2024-11-29 15:00:00,63.76000000000002
2024-11-29 16:00:00,63.140000000000015
2024-11-29 17:00:00,62.99000000000001
2024-11-29 23:00:00,62.99000000000001
2024-12-02 14:30:00,62.690000000000026
2024-12-02 15:00:00,62.880000000000024
2024-12-02 16:00:00,62.180000000000035
2024-12-02 17:00:00,62.400000000000034
2024-12-02 18:00:00,62.420000000000016
2024-12-02 19:00:00,62.50000000000003
2024-12-02 20:00:00,62.51000000000002
2024-12-02 21:00:00,62.58000000000001
2024-12-02 23:00:00,62.58000000000001
2024-12-03 14:30:00,63.35000000000002
2024-12-03 15:00:00,64.02000000000001
2024-12-03 16:00:00,64.35000000000002
2024-12-03 17:00:00,64.23000000000002
2024-12-03 18:00:00,64.35000000000002
2024-12-03 19:00:00,64.28000000000003
2024-12-03 20:00:00,64.27000000000001
2024-12-03 21:00:00,64.21000000000004
2024-12-03 23:00:00,64.21000000000004
2024-12-04 14:30:00,64.30000000000001
2024-12-04 15:00:00,64.17000000000002
2024-12-04 16:00:00,63.76000000000002
2024-12-04 17:00:00,63.10000000000002
2024-12-04 18:00:00,62.97000000000003
2024-12-04 19:00:00,63.130000000000024
2024-12-04 20:00:00,63.180000000000035
2024-12-04 21:00:00,63.06000000000003
2024-12-04 23:00:00,63.06000000000003
2024-12-05 14:30:00,63.390000000000015
2024-12-05 15:00:00,63.170000000000016
2024-12-05 16:00:00,62.920000000000016
2024-12-05 17:00:00,62.60000000000002
2024-12-05 18:00:00,62.900000000000034
2024-12-05 19:00:00,62.82000000000002
2024-12-05 20:00:00,62.960000000000036
2024-12-05 21:00:00,62.77000000000001
2024-12-05 23:00:00,62.77000000000001
2024-12-06 14:30:00,61.710000000000036
2024-12-06 15:00:00,61.72000000000003
2024-12-06 16:00:00,61.84000000000003
2024-12-06 17:00:00,61.85000000000002
2024-12-06 18:00:00,62.00000000000003
2024-12-06 19:00:00,61.53000000000003
2024-12-06 20:00:00,61.56000000000003
2024-12-06 21:00:00,61.630000000000024
2024-12-06 23:00:00,61.630000000000024
2024-12-09 14:30:00,62.78000000000003
2024-12-09 15:00:00,63.02000000000001
2024-12-09 16:00:00,62.920000000000016
2024-12-09 17:00:00,62.95000000000002
2024-12-09 18:00:00,62.890000000000015
2024-12-09 19:00:00,62.710000000000036
2024-12-09 20:00:00,62.640000000000015
2024-12-09 21:00:00,62.53000000000003
2024-12-09 23:00:00,62.53000000000003
2024-12-10 14:30:00,62.77000000000001
2024-12-10 15:00:00,63.22000000000003
2024-12-10 16:00:00,63.33000000000001
2024-12-10 17:00:00,63.26000000000002
2024-12-10 18:00:00,63.08000000000001
2024-12-10 19:00:00,62.73000000000002
2024-12-10 20:00:00,62.77000000000001
2024-12-10 21:00:00,62.79000000000002
2024-12-10 23:00:00,62.79000000000002
2024-12-11 14:30:00,63.75000000000003
2024-12-11 15:00:00,63.78000000000003
2024-12-11 16:00:00,64.20000000000002
2024-12-11 17:00:00,64.26000000000002
2024-12-11 18:00:00,64.37000000000003
2024-12-11 19:00:00,64.69000000000003
2024-12-11 20:00:00,64.69000000000003
2024-12-11 21:00:00,64.59000000000003
2024-12-11 23:00:00,64.59000000000003
2024-12-12 14:30:00,63.890000000000015
2024-12-12 15:00:00,63.53
2024-12-12 16:00:00,63.910000000000025
2024-12-12 17:00:00,64.4
2024-12-12 18:00:00,64.36000000000001
2024-12-12 19:00:00,64.51000000000002
2024-12-12 20:00:00,64.45000000000002
2024-12-12 21:00:00,64.31
2024-12-12 23:00:00,64.31
2024-12-13 14:30:00,64.84
2024-12-13 15:00:00,65.00000000000003
2024-12-13 16:00:00,65.21000000000001
2024-12-13 17:00:00,65.30000000000001
2024-12-13 18:00:00,65.31
2024-12-13 19:00:00,65.28
2024-12-13 20:00:00,65.26000000000002
2024-12-13 21:00:00,65.14000000000001
2024-12-13 23:00:00,65.14000000000001
2024-12-16 14:30:00,64.97000000000003
2024-12-16 15:00:00,65.04000000000002
2024-12-16 16:00:00,64.76000000000002
2024-12-16 17:00:00,65.01000000000002
2024-12-16 18:00:00,64.77000000000001
2024-12-16 19:00:00,64.76000000000002
2024-12-16 20:00:00,64.67000000000002
2024-12-16 21:00:00,64.84
2024-12-16 23:00:00,64.84
2024-12-17 14:30:00,63.860000000000014
2024-12-17 15:00:00,63.52000000000001
2024-12-17 16:00:00,63.85000000000002
2024-12-17 17:00:00,64.05000000000001
2024-12-17 18:00:00,64.23000000000002
2024-12-17 19:00:00,64.30000000000001
2024-12-17 20:00:00,64.29000000000002
2024-12-17 21:00:00,64.36000000000001
2024-12-17 23:00:00,64.36000000000001
2024-12-18 14:30:00,64.80000000000001
2024-12-18 15:00:00,65.07000000000002
2024-12-18 16:00:00,65.14000000000001
2024-12-18 17:00:00,64.69000000000003
2024-12-18 18:00:00,64.68
2024-12-18 19:00:00,64.30000000000001
2024-12-18 20:00:00,64.20000000000002
2024-12-18 21:00:00,63.99000000000001
2024-12-18 23:00:00,63.99000000000001
2024-12-19 14:30:00,64.82000000000002
2024-12-19 15:00:00,64.18
2024-12-19 16:00:00,63.84
2024-12-19 17:00:00,63.84
2024-12-19 18:00:00,63.97000000000003
2024-12-19 19:00:00,63.80000000000001
2024-12-19 20:00:00,63.74000000000001
2024-12-19 21:00:00,63.76000000000002
2024-12-19 23:00:00,63.76000000000002
2024-12-20 14:30:00,63.110000000000014
2024-12-20 15:00:00,63.610000000000014
2024-12-20 16:00:00,63.84
2024-12-20 17:00:00,64.09
2024-12-20 18:00:00,64.13000000000002
2024-12-20 19:00:00,64.03
2024-12-20 20:00:00,64.02000000000001
2024-12-20 21:00:00,64.08000000000001
2024-12-20 23:00:00,64.08000000000001
2024-12-23 14:30:00,63.620000000000005
2024-12-23 15:00:00,63.26000000000002
2024-12-23 16:00:00,63.23000000000002
2024-12-23 17:00:00,63.610000000000014
2024-12-23 18:00:00,63.940000000000026
2024-12-23 19:00:00,63.940000000000026
2024-12-23 20:00:00,64.03
2024-12-23 21:00:00,64.09
2024-12-23 23:00:00,64.09
2024-12-24 14:30:00,64.53
2024-12-24 15:00:00,64.64000000000001
2024-12-24 16:00:00,64.69000000000003
2024-12-24 17:00:00,64.54000000000002
2024-12-24 18:00:00,64.69000000000003
2024-12-24 23:00:00,64.69000000000003
2024-12-26 14:30:00,64.86000000000001
2024-12-26 15:00:00,64.66000000000003
2024-12-26 16:00:00,64.55000000000001
2024-12-26 17:00:00,64.41000000000003
2024-12-26 18:00:00,64.32000000000002
2024-12-26 19:00:00,64.14000000000001
2024-12-26 20:00:00,64.10000000000002
2024-12-26 21:00:00,64.21000000000001
2024-12-26 23:00:00,64.21000000000001
2024-12-27 14:30:00,64.94000000000003
2024-12-27 15:00:00,64.82000000000002
2024-12-27 16:00:00,64.84
2024-12-27 17:00:00,64.85000000000002
2024-12-27 18:00:00,65.19000000000003
2024-12-27 19:00:00,64.99000000000001
2024-12-27 20:00:00,64.89000000000001
2024-12-27 21:00:00,64.83000000000001
2024-12-27 23:00:00,64.83000000000001
2024-12-30 14:30:00,65.70000000000002
2024-12-30 15:00:00,65.77000000000001
2024-12-30 16:00:00,65.72000000000003
2024-12-30 17:00:00,65.74000000000001
2024-12-30 18:00:00,65.58000000000001
2024-12-30 19:00:00,65.54000000000002
2024-12-30 20:00:00,65.63000000000002
2024-12-30 21:00:00,65.62
2024-12-30 23:00:00,65.62
2024-12-31 14:30:00,66.04000000000002
2024-12-31 15:00:00,66.20000000000002
2024-12-31 16:00:00,66.19000000000003
2024-12-31 17:00:00,66.26000000000002
2024-12-31 18:00:00,66.35000000000002
2024-12-31 19:00:00,66.38000000000002
2024-12-31 20:00:00,66.37
2024-12-31 21:00:00,66.36000000000001
2024-12-31 23:00:00,66.36000000000001
2025-01-02 14:30:00,67.74000000000001
2025-01-02 15:00:00,67.86000000000001
2025-01-02 16:00:00,67.96000000000001
2025-01-02 17:00:00,67.70000000000002
2025-01-02 18:00:00,67.56
2025-01-02 19:00:00,67.58000000000001
2025-01-02 20:00:00,67.44000000000003
2025-01-02 21:00:00,67.45000000000002
2025-01-02 23:00:00,67.45000000000002
2025-01-03 14:30:00,67.68
2025-01-03 15:00:00,68.03
2025-01-03 16:00:00,68.20000000000002
2025-01-03 17:00:00,68.39000000000001
2025-01-03 18:00:00,68.25000000000003
2025-01-03 19:00:00,68.31
2025-01-03 20:00:00,68.32000000000002
2025-01-03 21:00:00,68.28
2025-01-03 23:00:00,68.28
2025-01-06 14:30:00,68.99000000000001
2025-01-06 15:00:00,68.33000000000001
2025-01-06 16:00:00,68.46000000000001
2025-01-06 17:00:00,67.87
2025-01-06 18:00:00,67.64000000000001
2025-01-06 19:00:00,67.83000000000001
2025-01-06 20:00:00,67.78
2025-01-06 21:00:00,67.77000000000001
2025-01-06 23:00:00,67.77000000000001
2025-01-07 14:30:00,68.54000000000002
2025-01-07 15:00:00,68.55000000000001
2025-01-07 16:00:00,68.36000000000001
2025-01-07 17:00:00,68.60000000000002
2025-01-07 18:00:00,68.52000000000001
2025-01-07 19:00:00,68.68
2025-01-07 20:00:00,68.66000000000003
2025-01-07 21:00:00,68.66000000000003
2025-01-07 23:00:00,68.66000000000003
2025-01-08 14:30:00,68.66000000000003
2025-01-08 15:00:00,68.25000000000003
2025-01-08 16:00:00,67.66000000000003
2025-01-08 17:00:00,67.61000000000001
2025-01-08 18:00:00,67.52000000000001
2025-01-08 19:00:00,67.74000000000001
2025-01-08 20:00:00,67.76000000000002
2025-01-08 21:00:00,67.61000000000001
2025-01-08 23:00:00,67.61000000000001
2025-01-09 14:30:00,67.98000000000002
2025-01-09 15:00:00,68.28
2025-01-09 16:00:00,68.32000000000002
2025-01-09 17:00:00,68.38000000000002
2025-01-09 18:00:00,68.18
2025-01-09 19:00:00,68.31
2025-01-09 20:00:00,68.42000000000002
2025-01-09 21:00:00,68.46000000000001
2025-01-09 23:00:00,68.46000000000001
2025-01-10 14:30:00,70.86000000000001
2025-01-10 15:00:00,69.86000000000001
2025-01-10 16:00:00,69.98000000000002
2025-01-10 17:00:00,70.04000000000002
2025-01-10 18:00:00,70.12
2025-01-10 19:00:00,70.4
2025-01-10 20:00:00,70.36000000000001
2025-01-10 21:00:00,70.38000000000002
2025-01-10 23:00:00,70.38000000000002
2025-01-13 14:30:00,71.06
2025-01-13 15:00:00,71.44000000000003
2025-01-13 16:00:00,71.63000000000002
2025-01-13 17:00:00,71.47000000000003
2025-01-13 18:00:00,71.30000000000001
2025-01-13 19:00:00,71.44000000000003
2025-01-13 20:00:00,71.33000000000001
2025-01-13 21:00:00,71.15
2025-01-13 23:00:00,71.15
2025-01-14 14:30:00,70.56
2025-01-14 15:00:00,70.93
2025-01-14 16:00:00,70.65
2025-01-14 17:00:00,70.84
2025-01-14 18:00:00,70.81
2025-01-14 19:00:00,70.71000000000001
2025-01-14 20:00:00,70.72000000000003
2025-01-14 21:00:00,71.07000000000002
2025-01-14 23:00:00,71.07000000000002
2025-01-15 14:30:00,71.89000000000001
2025-01-15 15:00:00,71.66000000000003
2025-01-15 16:00:00,72.31
2025-01-15 17:00:00,72.42000000000002
2025-01-15 18:00:00,72.49000000000001
2025-01-15 19:00:00,73.07000000000002
2025-01-15 20:00:00,73.19000000000003
2025-01-15 21:00:00,73.09
2025-01-15 23:00:00,73.09
2025-01-16 14:30:00,72.18
2025-01-16 15:00:00,71.95000000000002
2025-01-16 16:00:00,71.58000000000001
2025-01-16 17:00:00,72.00000000000003
2025-01-16 18:00:00,71.65
2025-01-16 19:00:00,71.91000000000003
2025-01-16 20:00:00,71.92000000000002
2025-01-16 21:00:00,71.98000000000002
2025-01-16 23:00:00,71.98000000000002
2025-01-17 14:30:00,71.85000000000002
2025-01-17 15:00:00,71.45000000000002
2025-01-17 16:00:00,71.98000000000002
2025-01-17 17:00:00,71.73000000000002
2025-01-17 18:00:00,71.67000000000002
2025-01-17 19:00:00,71.55000000000001
2025-01-17 20:00:00,71.51000000000002
2025-01-17 21:00:00,71.59
2025-01-17 23:00:00,71.59
2025-01-21 14:30:00,70.33000000000001
2025-01-21 15:00:00,70.61000000000001
2025-01-21 16:00:00,70.56
2025-01-21 17:00:00,70.32000000000002
2025-01-21 18:00:00,70.38000000000002
2025-01-21 19:00:00,70.66000000000003
2025-01-21 20:00:00,70.71000000000001
2025-01-21 21:00:00,70.55000000000001
2025-01-21 23:00:00,70.55000000000001
2025-01-22 14:30:00,70.10000000000002
2025-01-22 15:00:00,70.29000000000002
2025-01-22 16:00:00,70.46000000000001
2025-01-22 17:00:00,70.46000000000001
2025-01-22 18:00:00,70.30000000000001
2025-01-22 19:00:00,70.15
2025-01-22 20:00:00,70.16000000000003
2025-01-22 21:00:00,70.14000000000001
2025-01-22 23:00:00,70.14000000000001
2025-01-23 14:30:00,70.68
2025-01-23 15:00:00,70.45000000000002
2025-01-23 16:00:00,69.68
2025-01-23 17:00:00,69.88000000000002
2025-01-23 18:00:00,69.55000000000001
2025-01-23 19:00:00,69.36000000000001
2025-01-23 20:00:00,69.36000000000001
2025-01-23 21:00:00,69.19000000000003
2025-01-23 23:00:00,69.19000000000003
2025-01-24 14:30:00,69.22000000000003
2025-01-24 15:00:00,69.10000000000002
2025-01-24 16:00:00,68.97000000000003
2025-01-24 17:00:00,69.19000000000003
2025-01-24 18:00:00,69.57000000000002
2025-01-24 19:00:00,69.4
2025-01-24 20:00:00,69.35000000000002
2025-01-24 21:00:00,69.30000000000001
2025-01-24 23:00:00,69.30000000000001
2025-01-27 14:30:00,69.16000000000003
2025-01-27 15:00:00,68.28
2025-01-27 16:00:00,67.53
2025-01-27 17:00:00,67.49000000000001
2025-01-27 18:00:00,67.75000000000003
2025-01-27 19:00:00,67.78
2025-01-27 20:00:00,67.88000000000002
2025-01-27 21:00:00,67.9
2025-01-27 23:00:00,67.9
2025-01-28 14:30:00,68.18
2025-01-28 15:00:00,67.96000000000001
2025-01-28 16:00:00,67.80000000000001
2025-01-28 17:00:00,67.86000000000001
2025-01-28 18:00:00,68.45000000000002
2025-01-28 19:00:00,68.42000000000002
2025-01-28 20:00:00,68.46000000000001
2025-01-28 21:00:00,68.51000000000002
2025-01-28 23:00:00,68.54000000000002
2025-01-29 14:30:00,67.98000000000002
2025-01-29 15:00:00,68.19000000000003
2025-01-29 16:00:00,68.15
2025-01-29 17:00:00,67.38000000000002
2025-01-29 18:00:00,67.70000000000002
2025-01-29 19:00:00,67.77000000000001
2025-01-29 20:00:00,67.64000000000001
2025-01-29 21:00:00,67.78
2025-01-29 23:00:00,67.78
2025-01-30 14:30:00,67.76000000000002
2025-01-30 15:00:00,68.16000000000003
2025-01-30 16:00:00,67.65
2025-01-30 17:00:00,67.62
2025-01-30 18:00:00,67.66000000000003
2025-01-30 19:00:00,67.73000000000002
2025-01-30 20:00:00,67.78
2025-01-30 21:00:00,68.09
2025-01-30 23:00:00,68.09
2025-01-31 14:30:00,66.94000000000003
2025-01-31 15:00:00,67.44000000000003
2025-01-31 16:00:00,67.72000000000003
2025-01-31 17:00:00,67.16000000000003
2025-01-31 18:00:00,68.02000000000001
2025-01-31 19:00:00,67.30000000000001
2025-01-31 20:00:00,67.38000000000002
2025-01-31 21:00:00,68.53
2025-01-31 23:00:00,68.53
2025-02-03 14:30:00,67.85000000000002
2025-02-03 15:00:00,67.38000000000002
2025-02-03 16:00:00,67.35000000000002
2025-02-03 17:00:00,67.34
2025-02-03 18:00:00,67.72000000000003
2025-02-03 19:00:00,67.83000000000001
2025-02-03 20:00:00,67.72000000000003
2025-02-03 21:00:00,67.20000000000002
2025-02-03 23:00:00,67.20000000000002
2025-02-04 14:30:00,67.67000000000002
2025-02-04 15:00:00,67.68
2025-02-04 16:00:00,67.92000000000002
2025-02-04 17:00:00,67.71000000000001
2025-02-04 18:00:00,68.08000000000001
2025-02-04 19:00:00,67.59
2025-02-04 20:00:00,67.59
2025-02-04 21:00:00,67.78
2025-02-04 23:00:00,67.78
2025-02-05 14:30:00,67.10000000000002
2025-02-05 15:00:00,66.71000000000001
2025-02-05 16:00:00,66.30000000000001
2025-02-05 17:00:00,66.44000000000003
2025-02-05 18:00:00,66.28
2025-02-05 19:00:00,66.31
2025-02-05 20:00:00,66.4
2025-02-05 21:00:00,66.26000000000002
2025-02-05 23:00:00,66.26000000000002
2025-02-06 14:30:00,65.91000000000003
2025-02-06 15:00:00,66.48000000000002
2025-02-06 16:00:00,66.29000000000002
2025-02-06 17:00:00,65.88000000000002
2025-02-06 18:00:00,65.68
2025-02-06 19:00:00,65.76000000000002
2025-02-06 20:00:00,65.71000000000001
2025-02-06 21:00:00,65.76000000000002
2025-02-06 23:00:00,65.76000000000002
2025-02-07 14:30:00,66.41000000000003
2025-02-07 15:00:00,66.16000000000003
2025-02-07 16:00:00,65.86000000000001
2025-02-07 17:00:00,66.14000000000001
2025-02-07 18:00:00,66.15
2025-02-07 19:00:00,66.16000000000003
2025-02-07 20:00:00,66.19000000000003
2025-02-07 21:00:00,66.26000000000002
2025-02-07 23:00:00,66.26000000000002
2025-02-10 14:30:00,67.17000000000002
2025-02-10 15:00:00,67.37
2025-02-10 16:00:00,67.50000000000003
2025-02-10 17:00:00,67.56
2025-02-10 18:00:00,67.41000000000003
2025-02-10 19:00:00,67.61000000000001
2025-02-10 20:00:00,67.60000000000002
2025-02-10 21:00:00,67.58000000000001
2025-02-10 23:00:00,67.58000000000001
2025-02-11 14:30:00,68.45000000000002
2025-02-11 15:00:00,68.29000000000002
2025-02-11 16:00:00,68.45000000000002
2025-02-11 17:00:00,68.42000000000002
2025-02-11 18:00:00,68.58000000000001
2025-02-11 19:00:00,68.54000000000002
2025-02-11 20:00:00,68.56
2025-02-11 21:00:00,68.49000000000001
2025-02-11 23:00:00,68.49000000000001
2025-02-12 14:30:00,67.68
2025-02-12 15:00:00,67.43
2025-02-12 16:00:00,67.4
2025-02-12 17:00:00,67.11000000000001
2025-02-12 18:00:00,66.9
2025-02-12 19:00:00,66.82000000000002
2025-02-12 20:00:00,66.77000000000001
2025-02-12 21:00:00,66.67000000000002
2025-02-12 23:00:00,66.67000000000002
2025-02-13 14:30:00,66.54000000000002
2025-02-13 15:00:00,66.46000000000001
2025-02-13 16:00:00,66.68
2025-02-13 17:00:00,66.62
2025-02-13 18:00:00,66.63000000000002
2025-02-13 19:00:00,66.70000000000002
2025-02-13 20:00:00,66.76000000000002
2025-02-13 21:00:00,66.94000000000003
2025-02-13 23:00:00,66.94000000000003
2025-02-14 14:30:00,66.97000000000003
2025-02-14 15:00:00,66.66000000000003
2025-02-14 16:00:00,66.57000000000002
2025-02-14 17:00:00,66.53
2025-02-14 18:00:00,66.4
2025-02-14 19:00:00,66.31
2025-02-14 20:00:00,66.30000000000001
2025-02-14 21:00:00,66.19000000000003
2025-02-14 23:00:00,66.19000000000003
2025-02-18 14:30:00,67.00000000000003
2025-02-18 15:00:00,67.08000000000001
2025-02-18 16:00:00,67.34
2025-02-18 17:00:00,67.05000000000001
2025-02-18 18:00:00,67.45000000000002
2025-02-18 19:00:00,67.31
2025-02-18 20:00:00,67.33000000000001
2025-02-18 21:00:00,67.39000000000001
2025-02-18 23:00:00,67.39000000000001
2025-02-19 14:30:00,68.34
2025-02-19 15:00:00,67.77000000000001
2025-02-19 16:00:00,67.89000000000001
2025-02-19 17:00:00,67.83000000000001
2025-02-19 18:00:00,67.58000000000001
2025-02-19 19:00:00,67.69000000000003
2025-02-19 20:00:00,67.74000000000001
2025-02-19 21:00:00,67.71000000000001
2025-02-19 23:00:00,67.71000000000001
2025-02-20 14:30:00,68.10000000000002
2025-02-20 15:00:00,68.11000000000001
2025-02-20 16:00:00,68.33000000000001
2025-02-20 17:00:00,68.41000000000003
2025-02-20 18:00:00,68.52000000000001
2025-02-20 19:00:00,68.13000000000002
2025-02-20 20:00:00,68.10000000000002
2025-02-20 21:00:00,68.21000000000001
2025-02-20 23:00:00,68.21000000000001
2025-02-21 14:30:00,66.99000000000001
2025-02-21 15:00:00,66.65
2025-02-21 16:00:00,66.61000000000001
2025-02-21 17:00:00,66.59
2025-02-21 18:00:00,66.18
2025-02-21 19:00:00,66.03
2025-02-21 20:00:00,65.94000000000003
2025-02-21 21:00:00,65.89000000000001
2025-02-21 23:00:00,65.89000000000001
2025-02-24 14:30:00,65.98000000000002
2025-02-24 15:00:00,66.04000000000002
2025-02-24 16:00:00,66.26000000000002
2025-02-24 17:00:00,66.25000000000003
2025-02-24 18:00:00,66.35000000000002
2025-02-24 19:00:00,66.29000000000002
2025-02-24 20:00:00,66.20000000000002
2025-02-24 21:00:00,66.46000000000001
2025-02-24 23:00:00,66.46000000000001
2025-02-25 14:30:00,65.71000000000001
2025-02-25 15:00:00,64.45000000000002
2025-02-25 16:00:00,64.47000000000003
2025-02-25 17:00:00,64.42000000000002
2025-02-25 18:00:00,64.50000000000003
2025-02-25 19:00:00,64.62
2025-02-25 20:00:00,64.67000000000002
2025-02-25 21:00:00,64.67000000000002
2025-02-25 23:00:00,64.67000000000002
2025-02-26 14:30:00,64.49000000000001
2025-02-26 15:00:00,64.24000000000001
2025-02-26 16:00:00,64.28
2025-02-26 17:00:00,64.30000000000001
2025-02-26 18:00:00,64.05000000000001
2025-02-26 19:00:00,64.34
2025-02-26 20:00:00,64.31
2025-02-26 21:00:00,64.34
2025-02-26 23:00:00,64.34
2025-02-27 14:30:00,65.04000000000002
2025-02-27 15:00:00,65.52000000000001
2025-02-27 16:00:00,65.51000000000002
2025-02-27 17:00:00,65.54000000000002
2025-02-27 18:00:00,65.75000000000003
2025-02-27 19:00:00,65.76000000000002
2025-02-27 20:00:00,65.62
2025-02-27 21:00:00,65.53
2025-02-27 23:00:00,65.53
2025-02-28 14:30:00,64.65
2025-02-28 15:00:00,65.22000000000003
2025-02-28 16:00:00,65.12
2025-02-28 17:00:00,65.26000000000002
2025-02-28 18:00:00,65.42000000000002
2025-02-28 19:00:00,65.16000000000003
2025-02-28 20:00:00,65.48000000000002
2025-02-28 21:00:00,65.41000000000003
2025-02-28 23:00:00,65.41000000000003
2025-03-03 14:30:00,65.22000000000003
2025-03-03 15:00:00,65.00000000000003
2025-03-03 16:00:00,64.99000000000001
2025-03-03 17:00:00,64.93
2025-03-03 18:00:00,63.72000000000003
2025-03-03 19:00:00,63.71000000000001
2025-03-03 20:00:00,63.690000000000026
2025-03-03 21:00:00,63.870000000000005
2025-03-03 23:00:00,63.870000000000005
2025-03-04 14:30:00,62.26000000000002
2025-03-04 15:00:00,62.670000000000016
2025-03-04 16:00:00,63.150000000000006
2025-03-04 17:00:00,63.33000000000001
2025-03-04 18:00:00,63.52000000000001
2025-03-04 19:00:00,63.650000000000006
2025-03-04 20:00:00,63.640000000000015
2025-03-04 21:00:00,63.48000000000002
2025-03-04 23:00:00,63.48000000000002
2025-03-05 14:30:00,61.400000000000006
2025-03-05 15:00:00,61.22000000000003
2025-03-05 16:00:00,60.88000000000002
2025-03-05 17:00:00,61.60000000000002
2025-03-05 18:00:00,61.81
2025-03-05 19:00:00,61.80000000000001
2025-03-05 20:00:00,61.80000000000001
2025-03-05 21:00:00,61.79000000000002
2025-03-05 23:00:00,61.79000000000002
2025-03-06 14:30:00,62.05000000000001
2025-03-06 15:00:00,61.23000000000002
2025-03-06 16:00:00,61.140000000000015
2025-03-06 17:00:00,61.75000000000003
2025-03-06 18:00:00,61.80000000000001
2025-03-06 19:00:00,61.940000000000026
2025-03-06 20:00:00,61.900000000000006
2025-03-06 21:00:00,61.76000000000002
2025-03-06 23:00:00,61.76000000000002
2025-03-07 14:30:00,63.35000000000002
2025-03-07 15:00:00,63.08000000000001
2025-03-07 16:00:00,62.58000000000001
2025-03-07 17:00:00,62.49000000000001
2025-03-07 18:00:00,62.57000000000002
2025-03-07 19:00:00,62.51000000000002
2025-03-07 20:00:00,62.57000000000002
2025-03-07 21:00:00,62.59
2025-03-07 23:00:00,62.59
2025-03-10 13:30:00,62.110000000000014
2025-03-10 14:00:00,61.910000000000025
2025-03-10 15:00:00,62.130000000000024
2025-03-10 16:00:00,61.870000000000005
2025-03-10 17:00:00,61.51000000000002
2025-03-10 18:00:00,61.34
2025-03-10 19:00:00,61.43000000000001
2025-03-10 20:00:00,61.43000000000001
2025-03-10 23:00:00,61.390000000000015
2025-03-11 13:30:00,62.34
2025-03-11 14:00:00,61.96000000000001
2025-03-11 15:00:00,62.34
2025-03-11 16:00:00,61.71000000000001
2025-03-11 17:00:00,61.74000000000001
2025-03-11 18:00:00,61.84
2025-03-11 19:00:00,61.91
2025-03-11 20:00:00,61.920000000000016
2025-03-11 23:00:00,61.97
2025-03-12 13:30:00,62.610000000000014
2025-03-12 14:00:00,62.99000000000001
2025-03-12 15:00:00,63.02000000000001
2025-03-12 16:00:00,63.08000000000001
2025-03-12 17:00:00,63.099999999999994
2025-03-12 18:00:00,63.110000000000014
2025-03-12 19:00:00,63.22999999999999
2025-03-12 20:00:00,63.110000000000014
2025-03-12 23:00:00,63.20000000000002
2025-03-13 13:30:00,62.53999999999999
2025-03-13 14:00:00,62.78
2025-03-13 15:00:00,62.360000000000014
2025-03-13 16:00:00,62.16
2025-03-13 17:00:00,61.93000000000001
2025-03-13 18:00:00,62.05000000000001
2025-03-13 19:00:00,62.390000000000015
2025-03-13 20:00:00,62.06
2025-03-13 23:00:00,62.28999999999999
2025-03-14 13:30:00,62.43000000000001
2025-03-14 14:00:00,62.46000000000001
2025-03-14 15:00:00,62.50999999999999
2025-03-14 16:00:00,62.58000000000001
2025-03-14 17:00:00,62.52000000000001
2025-03-14 18:00:00,62.68000000000001
2025-03-14 19:00:00,62.68000000000001
2025-03-14 20:00:00,62.68000000000001
2025-03-14 23:00:00,62.52000000000001
2025-03-17 13:30:00,63.41
2025-03-17 14:00:00,62.920000000000016
2025-03-17 15:00:00,63.16
2025-03-17 16:00:00,63.06
2025-03-17 17:00:00,63.30000000000001
2025-03-17 18:00:00,63.140000000000015
2025-03-17 19:00:00,63.16
2025-03-17 20:00:00,63.129999999999995
2025-03-17 23:00:00,63.099999999999994
2025-03-18 13:30:00,63.59
2025-03-18 14:00:00,63.41
2025-03-18 15:00:00,62.95000000000002
2025-03-18 16:00:00,62.5
2025-03-18 17:00:00,62.74000000000001
2025-03-18 18:00:00,62.620000000000005
2025-03-18 19:00:00,62.66
2025-03-18 20:00:00,62.620000000000005
2025-03-18 23:00:00,62.47999999999999
2025-03-19 13:30:00,62.620000000000005
2025-03-19 14:00:00,62.81999999999999
2025-03-19 15:00:00,62.91
2025-03-19 16:00:00,63.170000000000016
2025-03-19 17:00:00,62.81999999999999
2025-03-19 18:00:00,62.84
2025-03-19 19:00:00,62.95000000000002
2025-03-19 20:00:00,62.91
2025-03-19 23:00:00,62.920000000000016
2025-03-20 13:30:00,62.75
2025-03-20 14:00:00,63.70000000000002
2025-03-20 15:00:00,63.78
2025-03-20 16:00:00,63.849999999999994
2025-03-20 17:00:00,63.91
2025-03-20 18:00:00,63.96000000000001
2025-03-20 19:00:00,64.0
2025-03-20 20:00:00,64.03999999999999
2025-03-20 23:00:00,64.14000000000001
2025-03-21 13:30:00,63.670000000000016
2025-03-21 14:00:00,64.08000000000001
2025-03-21 15:00:00,63.71000000000001
2025-03-21 16:00:00,64.14000000000001
2025-03-21 17:00:00,64.05000000000001
2025-03-21 18:00:00,64.11000000000001
2025-03-21 19:00:00,64.00999999999999
2025-03-21 20:00:00,64.07
2025-03-21 23:00:00,64.09
2025-03-24 13:30:00,64.43
2025-03-24 14:00:00,64.71000000000001
2025-03-24 15:00:00,64.85
2025-03-24 16:00:00,64.81
2025-03-24 17:00:00,64.69
2025-03-24 18:00:00,64.88
2025-03-24 19:00:00,64.95000000000002
2025-03-24 20:00:00,64.92000000000002
2025-03-24 23:00:00,64.84
2025-03-25 13:30:00,65.27000000000001
2025-03-25 14:00:00,64.84
2025-03-25 15:00:00,64.72999999999999
2025-03-25 16:00:00,64.57
2025-03-25 17:00:00,64.65
2025-03-25 18:00:00,64.72999999999999
2025-03-25 19:00:00,64.88
2025-03-25 20:00:00,64.86000000000001
2025-03-25 23:00:00,64.89000000000001
2025-03-26 13:30:00,65.58000000000001
2025-03-26 14:00:00,65.64000000000001
2025-03-26 15:00:00,65.72999999999999
2025-03-26 16:00:00,65.53
2025-03-26 17:00:00,65.28
2025-03-26 18:00:00,65.38
2025-03-26 19:00:00,65.43
2025-03-26 20:00:00,65.52000000000001
2025-03-26 23:00:00,65.66
2025-03-27 13:30:00,65.31
2025-03-27 14:00:00,65.6
2025-03-27 15:00:00,65.32
2025-03-27 16:00:00,65.4
2025-03-27 17:00:00,65.5
2025-03-27 18:00:00,65.65
2025-03-27 19:00:00,65.55000000000001
2025-03-27 20:00:00,65.59
2025-03-27 23:00:00,65.68
2025-03-28 13:30:00,65.37
2025-03-28 14:00:00,65.13
2025-03-28 15:00:00,64.89000000000001
2025-03-28 16:00:00,64.94
2025-03-28 17:00:00,64.99000000000001
2025-03-28 18:00:00,64.97999999999999
2025-03-28 19:00:00,64.83000000000001
2025-03-28 20:00:00,64.85
2025-03-28 23:00:00,64.77000000000001
2025-03-31 14:30:00,66.05000000000001
2025-03-31 15:00:00,66.57
2025-03-31 16:00:00,67.03
2025-03-31 17:00:00,67.28
2025-03-31 18:00:00,67.09
2025-03-31 19:00:00,67.17000000000002
2025-03-31 20:00:00,67.16
2025-03-31 21:00:00,67.05000000000001
2025-03-31 23:00:00,67.05000000000001
2025-04-01 14:30:00,67.28
2025-04-01 15:00:00,67.15
2025-04-01 16:00:00,67.02000000000001
2025-04-01 17:00:00,66.96000000000001
2025-04-01 18:00:00,66.96000000000001
2025-04-01 19:00:00,66.78
2025-04-01 20:00:00,66.89000000000001
2025-04-01 21:00:00,66.86000000000001
2025-04-01 23:00:00,66.86000000000001
2025-04-02 14:30:00,66.81
2025-04-02 15:00:00,66.97999999999999
2025-04-02 16:00:00,67.05000000000001
2025-04-02 17:00:00,67.31
2025-04-02 18:00:00,67.53
2025-04-02 19:00:00,67.44
2025-04-02 20:00:00,67.46000000000001
2025-04-02 21:00:00,66.30000000000001
2025-04-02 23:00:00,66.30000000000001
2025-04-03 14:30:00,62.33000000000001
2025-04-03 15:00:00,61.849999999999994
2025-04-03 16:00:00,62.31999999999999
2025-04-03 17:00:00,62.47
2025-04-03 18:00:00,62.69
2025-04-03 19:00:00,62.56999999999999
2025-04-03 20:00:00,62.420000000000016
2025-04-03 21:00:00,62.31999999999999
2025-04-03 23:00:00,62.31999999999999
2025-04-04 14:30:00,57.370000000000005
2025-04-04 15:00:00,57.11000000000001
2025-04-04 16:00:00,57.52
2025-04-04 17:00:00,57.74
2025-04-04 18:00:00,57.95
2025-04-04 19:00:00,58.120000000000005
2025-04-04 20:00:00,58.370000000000005
2025-04-04 21:00:00,58.120000000000005
2025-04-04 23:00:00,58.120000000000005
2025-04-07 14:30:00,57.2
2025-04-07 15:00:00,57.010000000000005
2025-04-07 16:00:00,56.800000000000004
2025-04-07 17:00:00,56.67
2025-04-07 18:00:00,57.150000000000006
2025-04-07 19:00:00,56.68000000000001
2025-04-07 20:00:00,56.89
2025-04-07 21:00:00,56.78
2025-04-07 23:00:00,56.78
2025-04-08 14:30:00,57.00000000000001
2025-04-08 15:00:00,56.64
2025-04-08 16:00:00,57.11000000000001
2025-04-08 17:00:00,55.53
2025-04-08 18:00:00,55.7
2025-04-08 19:00:00,54.78
2025-04-08 20:00:00,54.32
2025-04-08 21:00:00,53.980000000000004
2025-04-08 23:00:00,53.980000000000004
2025-04-09 14:30:00,53.080000000000005
2025-04-09 15:00:00,51.830000000000005
2025-04-09 16:00:00,52.900000000000006
2025-04-09 17:00:00,52.95
2025-04-09 18:00:00,57.300000000000004
2025-04-09 19:00:00,57.17
2025-04-09 20:00:00,58.09
2025-04-09 21:00:00,58.32
2025-04-09 23:00:00,58.32
2025-04-10 14:30:00,54.85
2025-04-10 15:00:00,54.870000000000005
2025-04-10 16:00:00,55.28
2025-04-10 17:00:00,55.34
2025-04-10 18:00:00,55.830000000000005
2025-04-10 19:00:00,56.09
2025-04-10 20:00:00,55.96
2025-04-10 21:00:00,55.92
2025-04-10 23:00:00,55.92
2025-04-11 14:30:00,55.74
2025-04-11 15:00:00,55.449999999999996
2025-04-11 16:00:00,55.94
2025-04-11 17:00:00,56.28
2025-04-11 18:00:00,56.839999999999996
2025-04-11 19:00:00,56.89
2025-04-11 20:00:00,56.91
2025-04-11 21:00:00,56.65
2025-04-11 23:00:00,56.65
2025-04-14 14:30:00,57.0
2025-04-14 15:00:00,57.21
2025-04-14 16:00:00,56.54
2025-04-14 17:00:00,56.49
2025-04-14 18:00:00,56.6
2025-04-14 19:00:00,57.01
2025-04-14 20:00:00,57.03
2025-04-14 21:00:00,57.08
2025-04-14 23:00:00,57.08
2025-04-15 14:30:00,57.04
2025-04-15 15:00:00,56.769999999999996
2025-04-15 16:00:00,56.39
2025-04-15 17:00:00,56.53
2025-04-15 18:00:00,56.62
2025-04-15 19:00:00,
2025-04-15 20:00:00,56.76
2025-04-15 21:00:00,56.89
2025-04-15 23:00:00,56.89
2025-04-16 14:30:00,57.37
2025-04-16 15:00:00,57.68
2025-04-16 16:00:00,57.67
2025-04-16 17:00:00,57.73
2025-04-16 18:00:00,57.47
2025-04-16 19:00:00,57.85
2025-04-16 20:00:00,57.85
2025-04-16 21:00:00,57.79
2025-04-16 23:00:00,57.79
2025-04-17 14:30:00,58.36
2025-04-17 15:00:00,58.69
2025-04-17 16:00:00,59.46
2025-04-17 17:00:00,59.809999999999995
2025-04-17 18:00:00,59.66
2025-04-17 19:00:00,59.62
2025-04-17 20:00:00,59.57
2025-04-17 21:00:00,59.48
2025-04-17 23:00:00,59.48
2025-04-21 14:30:00,57.76
2025-04-21 15:00:00,57.94
2025-04-21 16:00:00,57.8
2025-04-21 17:00:00,57.9
2025-04-21 18:00:00,58.089999999999996
2025-04-21 19:00:00,58.339999999999996
2025-04-21 20:00:00,58.55
2025-04-21 21:00:00,58.4
2025-04-21 23:00:00,58.4
2025-04-22 14:30:00,58.699999999999996
2025-04-22 15:00:00,58.96
2025-04-22 16:00:00,59.809999999999995
2025-04-22 17:00:00,59.87
2025-04-22 18:00:00,59.309999999999995
2025-04-22 19:00:00,59.19
2025-04-22 20:00:00,59.129999999999995
2025-04-22 21:00:00,59.22
2025-04-22 23:00:00,59.22
2025-04-23 14:30:00,59.15
2025-04-23 15:00:00,58.15
2025-04-23 16:00:00,57.589999999999996
2025-04-23 17:00:00,57.85
2025-04-23 18:00:00,57.85
2025-04-23 19:00:00,57.99
2025-04-23 20:00:00,57.879999999999995
2025-04-23 21:00:00,58.0
2025-04-23 23:00:00,58.0
2025-04-24 14:30:00,58.62
2025-04-24 15:00:00,58.44
2025-04-24 16:00:00,58.089999999999996
2025-04-24 17:00:00,58.65
2025-04-24 18:00:00,58.629999999999995
2025-04-24 19:00:00,58.4
2025-04-24 20:00:00,58.32
2025-04-24 21:00:00,58.54
2025-04-24 23:00:00,58.54
2025-04-25 14:30:00,58.23
2025-04-25 15:00:00,58.14
2025-04-25 16:00:00,58.65
2025-04-25 17:00:00,58.72
2025-04-25 18:00:00,58.54
2025-04-25 19:00:00,58.769999999999996
2025-04-25 20:00:00,58.92
2025-04-25 21:00:00,58.82
2025-04-25 23:00:00,58.82
2025-04-28 14:30:00,58.089999999999996
2025-04-28 15:00:00,57.9
2025-04-28 16:00:00,57.55
2025-04-28 17:00:00,57.339999999999996
2025-04-28 18:00:00,57.53
2025-04-28 19:00:00,57.69
2025-04-28 20:00:00,57.699999999999996
2025-04-28 20:00:01,57.699999999999996
2025-04-28 21:00:00,
2025-04-28 23:00:00,57.72
2025-04-29 14:30:00,56.68
2025-04-29 15:00:00,56.559999999999995
2025-04-29 16:00:00,56.459999999999994
2025-04-29 17:00:00,56.22
2025-04-29 18:00:00,56.489999999999995
2025-04-29 19:00:00,56.25
2025-04-29 20:00:00,56.22
2025-04-29 21:00:00,56.08
2025-04-29 23:00:00,56.08
2025-04-30 14:30:00,55.11
2025-04-30 15:00:00,55.36
2025-04-30 16:00:00,54.19
2025-04-30 17:00:00,54.12
2025-04-30 18:00:00,54.099999999999994
2025-04-30 19:00:00,54.11
2025-04-30 20:00:00,53.959999999999994
2025-04-30 21:00:00,54.15
2025-04-30 23:00:00,54.15
2025-05-01 14:30:00,54.41
2025-05-01 15:00:00,54.61
2025-05-01 16:00:00,54.12
2025-05-01 17:00:00,54.209999999999994
2025-05-01 18:00:00,54.41
2025-05-01 19:00:00,55.04
2025-05-01 20:00:00,55.08
2025-05-01 21:00:00,54.91
2025-05-01 23:00:00,54.91
2025-05-02 14:30:00,54.209999999999994
2025-05-02 15:00:00,54.3
2025-05-02 16:00:00,54.519999999999996
2025-05-02 17:00:00,54.18
2025-05-02 18:00:00,54.37
2025-05-02 19:00:00,54.26
2025-05-02 20:00:00,54.22
2025-05-02 21:00:00,54.54
2025-05-02 23:00:00,54.54
2025-05-05 14:30:00,53.699999999999996
2025-05-05 15:00:00,52.88999999999999
2025-05-05 16:00:00,53.05
2025-05-05 17:00:00,53.239999999999995
2025-05-05 18:00:00,53.449999999999996
2025-05-05 19:00:00,53.36
2025-05-05 20:00:00,53.379999999999995
2025-05-05 21:00:00,53.489999999999995
2025-05-05 23:00:00,53.489999999999995
2025-05-06 14:30:00,55.36
2025-05-06 15:00:00,55.41
2025-05-06 16:00:00,55.669999999999995
2025-05-06 17:00:00,55.199999999999996
2025-05-06 18:00:00,55.41
2025-05-06 19:00:00,55.13999999999999
2025-05-06 20:00:00,55.08
2025-05-06 21:00:00,55.089999999999996
2025-05-06 23:00:00,55.089999999999996
2025-05-07 14:30:00,55.059999999999995
2025-05-07 15:00:00,54.66
2025-05-07 16:00:00,54.529999999999994
2025-05-07 17:00:00,54.54
2025-05-07 18:00:00,54.29
2025-05-07 19:00:00,54.33
2025-05-07 20:00:00,54.13999999999999
2025-05-07 21:00:00,54.129999999999995
2025-05-07 23:00:00,54.129999999999995
2025-05-08 14:30:00,55.66
2025-05-08 15:00:00,55.739999999999995
2025-05-08 16:00:00,56.01
2025-05-08 17:00:00,56.029999999999994
2025-05-08 18:00:00,56.029999999999994
2025-05-08 19:00:00,55.989999999999995
2025-05-08 20:00:00,55.989999999999995
2025-05-08 21:00:00,56.31999999999999
2025-05-08 23:00:00,56.31999999999999
2025-05-09 14:30:00,56.48
2025-05-09 15:00:00,56.58
2025-05-09 16:00:00,56.709999999999994
2025-05-09 17:00:00,56.76
2025-05-09 18:00:00,56.839999999999996
2025-05-09 19:00:00,56.989999999999995
2025-05-09 20:00:00,57.019999999999996
2025-05-09 21:00:00,56.69
2025-05-09 23:00:00,56.69
2025-05-12 14:30:00,58.809999999999995
2025-05-12 15:00:00,58.459999999999994
2025-05-12 16:00:00,58.279999999999994
2025-05-12 17:00:00,58.33
2025-05-12 18:00:00,58.23
2025-05-12 19:00:00,57.919999999999995
2025-05-12 20:00:00,57.91
2025-05-12 21:00:00,58.239999999999995
2025-05-12 23:00:00,58.239999999999995
2025-05-13 14:30:00,58.69
2025-05-13 15:00:00,58.98
2025-05-13 16:00:00,59.61
2025-05-13 17:00:00,59.79
2025-05-13 18:00:00,59.68
2025-05-13 19:00:00,59.65
2025-05-13 20:00:00,59.629999999999995
2025-05-13 21:00:00,59.589999999999996
2025-05-13 23:00:00,59.589999999999996
2025-05-14 14:30:00,59.379999999999995
2025-05-14 15:00:00,59.19
2025-05-14 16:00:00,59.089999999999996
2025-05-14 17:00:00,59.25
2025-05-14 18:00:00,59.37
2025-05-14 19:00:00,58.87
2025-05-14 20:00:00,58.87
2025-05-14 21:00:00,59.05
2025-05-14 23:00:00,59.05
2025-05-15 14:30:00,57.709999999999994
2025-05-15 15:00:00,57.239999999999995
2025-05-15 16:00:00,57.51
2025-05-15 17:00:00,57.56999999999999
2025-05-15 18:00:00,57.62
2025-05-15 19:00:00,57.629999999999995
2025-05-15 20:00:00,57.73
2025-05-15 21:00:00,57.62
2025-05-15 23:00:00,57.62
2025-05-16 14:30:00,57.79
2025-05-16 15:00:00,57.93
2025-05-16 16:00:00,58.36
2025-05-16 17:00:00,58.25
2025-05-16 18:00:00,58.419999999999995
2025-05-16 19:00:00,58.31999999999999
2025-05-16 20:00:00,58.22
2025-05-16 21:00:00,58.269999999999996
2025-05-16 23:00:00,58.269999999999996
2025-05-19 14:30:00,58.029999999999994
2025-05-19 15:00:00,58.019999999999996
2025-05-19 16:00:00,58.739999999999995
2025-05-19 17:00:00,58.5
2025-05-19 18:00:00,58.0
2025-05-19 19:00:00,58.15
2025-05-19 20:00:00,58.129999999999995
2025-05-19 21:00:00,58.41
2025-05-19 23:00:00,58.41
2025-05-20 14:30:00,57.98
2025-05-20 15:00:00,58.04
2025-05-20 16:00:00,57.97
2025-05-20 17:00:00,58.51
2025-05-20 18:00:00,58.349999999999994
2025-05-20 19:00:00,58.519999999999996
2025-05-20 20:00:00,58.559999999999995
2025-05-20 21:00:00,58.47
2025-05-20 23:00:00,58.47
2025-05-21 14:30:00,58.79
2025-05-21 15:00:00,58.269999999999996
2025-05-21 16:00:00,58.099999999999994
2025-05-21 17:00:00,58.31999999999999
2025-05-21 18:00:00,58.0
2025-05-21 19:00:00,57.9
2025-05-21 20:00:00,57.8
2025-05-21 21:00:00,57.709999999999994
2025-05-21 23:00:00,57.709999999999994
2025-05-22 14:30:00,56.93
2025-05-22 15:00:00,57.199999999999996
2025-05-22 16:00:00,57.04
2025-05-22 17:00:00,57.54
2025-05-22 18:00:00,57.33
2025-05-22 19:00:00,57.51
2025-05-22 20:00:00,57.489999999999995
2025-05-22 21:00:00,57.15
2025-05-22 23:00:00,57.15
2025-05-23 14:30:00,57.43
2025-05-23 15:00:00,57.739999999999995
2025-05-23 16:00:00,57.87
2025-05-23 17:00:00,57.709999999999994
2025-05-23 18:00:00,57.86
2025-05-23 19:00:00,58.01
2025-05-23 20:00:00,58.05
2025-05-23 21:00:00,58.08
2025-05-23 23:00:00,58.08
2025-05-27 14:30:00,57.37
2025-05-27 15:00:00,56.86
2025-05-27 16:00:00,56.83
2025-05-27 17:00:00,57.089999999999996
2025-05-27 18:00:00,57.08
2025-05-27 19:00:00,57.279999999999994
2025-05-27 20:00:00,57.279999999999994
2025-05-27 21:00:00,57.41
2025-05-27 23:00:00,57.41
2025-05-28 14:30:00,58.11
2025-05-28 15:00:00,57.959999999999994
2025-05-28 16:00:00,58.61
2025-05-28 17:00:00,58.43
2025-05-28 18:00:00,58.22
2025-05-28 19:00:00,57.87
2025-05-28 20:00:00,57.809999999999995
2025-05-28 21:00:00,58.089999999999996
2025-05-28 23:00:00,58.089999999999996
2025-05-29 14:30:00,57.26
2025-05-29 15:00:00,57.4
2025-05-29 16:00:00,57.239999999999995
2025-05-29 17:00:00,57.15
2025-05-29 18:00:00,57.05
2025-05-29 19:00:00,57.099999999999994
2025-05-29 20:00:00,57.089999999999996
2025-05-29 21:00:00,57.059999999999995
2025-05-29 23:00:00,57.059999999999995
2025-05-30 14:30:00,56.31999999999999
2025-05-30 15:00:00,56.55
2025-05-30 16:00:00,56.23
2025-05-30 17:00:00,56.29
2025-05-30 18:00:00,56.519999999999996
2025-05-30 19:00:00,56.589999999999996
2025-05-30 20:00:00,56.519999999999996
2025-05-30 21:00:00,56.699999999999996
2025-05-30 23:00:00,56.699999999999996
2025-06-02 14:30:00,58.5
2025-06-02 15:00:00,58.669999999999995
2025-06-02 16:00:00,58.76
2025-06-02 17:00:00,59.0
2025-06-02 18:00:00,58.839999999999996
2025-06-02 19:00:00,58.769999999999996
2025-06-02 20:00:00,58.81999999999999
2025-06-02 21:00:00,58.94
2025-06-02 23:00:00,58.94
2025-06-03 14:30:00,58.98
2025-06-03 15:00:00,59.58
2025-06-03 16:00:00,59.559999999999995
2025-06-03 17:00:00,59.58
2025-06-03 18:00:00,59.48
2025-06-03 19:00:00,59.47
2025-06-03 20:00:00,59.459999999999994
2025-06-03 21:00:00,59.37
2025-06-03 23:00:00,59.37
2025-06-04 14:30:00,59.61
2025-06-04 15:00:00,59.18
2025-06-04 16:00:00,58.58
2025-06-04 17:00:00,58.589999999999996
2025-06-04 18:00:00,58.63999999999999
2025-06-04 19:00:00,58.919999999999995
2025-06-04 20:00:00,58.87
2025-06-04 20:00:01,58.87
2025-06-04 21:00:00,
2025-06-04 23:00:00,58.85
2025-06-05 14:30:00,59.74
2025-06-05 15:00:00,59.69
2025-06-05 16:00:00,59.49
2025-06-05 17:00:00,59.29
2025-06-05 18:00:00,59.36
2025-06-05 19:00:00,59.37
2025-06-05 20:00:00,59.4
2025-06-05 21:00:00,59.22
2025-06-05 23:00:00,59.22
2025-06-06 14:30:00,60.39
2025-06-06 15:00:00,60.339999999999996
2025-06-06 16:00:00,60.519999999999996
2025-06-06 17:00:00,60.54
2025-06-06 18:00:00,60.32
2025-06-06 19:00:00,60.54
2025-06-06 20:00:00,60.55
2025-06-06 21:00:00,60.71
2025-06-06 23:00:00,60.71
2025-06-09 14:30:00,60.339999999999996
2025-06-09 15:00:00,60.82
2025-06-09 16:00:00,60.79
2025-06-09 17:00:00,60.65
2025-06-09 18:00:00,60.72
2025-06-09 19:00:00,60.96
2025-06-09 20:00:00,61.01
2025-06-09 21:00:00,61.01
2025-06-09 23:00:00,61.01
2025-06-10 14:30:00,61.41
2025-06-10 15:00:00,61.48
2025-06-10 16:00:00,61.29
2025-06-10 17:00:00,61.04
2025-06-10 18:00:00,60.82
2025-06-10 19:00:00,60.339999999999996
2025-06-10 20:00:00,60.379999999999995
2025-06-10 21:00:00,60.42
2025-06-10 23:00:00,60.42
2025-06-11 14:30:00,61.900000000000006
2025-06-11 15:00:00,61.75
2025-06-11 16:00:00,62.17
2025-06-11 17:00:00,62.16
2025-06-11 18:00:00,62.739999999999995
2025-06-11 19:00:00,63.33
2025-06-11 20:00:00,63.36
2025-06-11 21:00:00,63.53
2025-06-11 23:00:00,63.53
2025-06-12 14:30:00,62.760000000000005
2025-06-12 15:00:00,62.94
2025-06-12 16:00:00,63.44
2025-06-12 17:00:00,63.260000000000005
2025-06-12 18:00:00,63.22
2025-06-12 19:00:00,63.099999999999994
2025-06-12 20:00:00,63.2
2025-06-12 21:00:00,63.84
2025-06-12 23:00:00,63.84
2025-06-13 14:30:00,66.92
2025-06-13 15:00:00,66.34
2025-06-13 16:00:00,66.52
2025-06-13 17:00:00,66.56
2025-06-13 18:00:00,67.47
2025-06-13 19:00:00,68.03999999999999
2025-06-13 20:00:00,68.02
2025-06-13 21:00:00,67.49
2025-06-13 23:00:00,67.49
2025-06-16 14:30:00,64.76
2025-06-16 15:00:00,64.88
2025-06-16 16:00:00,65.8
2025-06-16 17:00:00,66.32
2025-06-16 18:00:00,66.1
2025-06-16 19:00:00,66.11
2025-06-16 20:00:00,66.1
2025-06-16 21:00:00,66.21
2025-06-16 23:00:00,66.21
2025-06-17 14:30:00,68.32
2025-06-17 15:00:00,68.09
2025-06-17 16:00:00,68.1
2025-06-17 17:00:00,68.4
2025-06-17 18:00:00,68.77
2025-06-17 19:00:00,69.39
2025-06-17 20:00:00,69.36
2025-06-17 21:00:00,69.62
2025-06-17 23:00:00,69.62
2025-06-18 14:30:00,70.08
2025-06-18 15:00:00,68.13
2025-06-18 16:00:00,68.45
2025-06-18 17:00:00,68.8
2025-06-18 18:00:00,69.07
2025-06-18 19:00:00,69.58
2025-06-18 20:00:00,69.26
2025-06-18 21:00:00,69.05
2025-06-18 23:00:00,69.05
2025-06-20 14:30:00,69.2
2025-06-20 15:00:00,69.65
2025-06-20 16:00:00,69.59
2025-06-20 17:00:00,69.55
2025-06-20 18:00:00,69.92999999999999
2025-06-20 19:00:00,69.77
2025-06-20 20:00:00,69.82
2025-06-20 21:00:00,69.95
2025-06-20 23:00:00,69.95
2025-06-23 14:30:00,69.72
2025-06-23 15:00:00,69.13
2025-06-23 16:00:00,69.84
2025-06-23 17:00:00,68.42999999999999
2025-06-23 18:00:00,65.72
2025-06-23 19:00:00,65.03
2025-06-23 20:00:00,65.16
2025-06-23 21:00:00,63.83
2025-06-23 23:00:00,63.83
2025-06-24 14:30:00,62.06999999999999
2025-06-24 15:00:00,61.739999999999995
2025-06-24 16:00:00,61.1
2025-06-24 17:00:00,60.78
2025-06-24 18:00:00,61.37
2025-06-24 19:00:00,61.17
2025-06-24 20:00:00,61.18
2025-06-24 21:00:00,61.47
2025-06-24 23:00:00,61.47
2025-06-25 14:30:00,61.31
2025-06-25 15:00:00,61.61
2025-06-25 16:00:00,61.84
2025-06-25 17:00:00,61.92
2025-06-25 18:00:00,61.61
2025-06-25 19:00:00,61.519999999999996
2025-06-25 20:00:00,61.35
2025-06-25 21:00:00,61.199999999999996
2025-06-25 23:00:00,61.199999999999996
2025-06-26 14:30:00,61.730000000000004
2025-06-26 15:00:00,62.33
2025-06-26 16:00:00,62.099999999999994
2025-06-26 17:00:00,62.31999999999999
2025-06-26 18:00:00,61.769999999999996
2025-06-26 19:00:00,61.55
2025-06-26 20:00:00,61.71
2025-06-26 21:00:00,61.51
2025-06-26 23:00:00,61.51
2025-06-27 14:30:00,62.03999999999999
2025-06-27 15:00:00,62.019999999999996
2025-06-27 16:00:00,61.449999999999996
2025-06-27 17:00:00,61.46
2025-06-27 18:00:00,61.78
2025-06-27 19:00:00,61.61
2025-06-27 20:00:00,61.48
2025-06-27 21:00:00,61.36
2025-06-27 23:00:00,61.36
2025-06-30 14:30:00,61.69
2025-06-30 15:00:00,61.31
2025-06-30 16:00:00,61.31
2025-06-30 17:00:00,61.56
2025-06-30 18:00:00,61.379999999999995
2025-06-30 19:00:00,61.46
2025-06-30 20:00:00,61.4
2025-06-30 21:00:00,61.36
2025-06-30 23:00:00,61.36
2025-07-01 14:30:00,61.769999999999996
2025-07-01 15:00:00,61.65
2025-07-01 16:00:00,62.05
2025-07-01 17:00:00,62.03
2025-07-01 18:00:00,61.900000000000006
2025-07-01 19:00:00,61.97
2025-07-01 20:00:00,62.06
2025-07-01 21:00:00,61.94
2025-07-01 23:00:00,61.94
2025-07-02 14:30:00,62.16
2025-07-02 15:00:00,62.17
2025-07-02 16:00:00,62.879999999999995
2025-07-02 17:00:00,63.150000000000006
2025-07-02 18:00:00,63.769999999999996
2025-07-02 19:00:00,63.56999999999999
2025-07-02 20:00:00,63.61
2025-07-02 20:00:01,63.61
2025-07-02 21:00:00,63.64
2025-07-02 23:00:00,63.64
2025-07-03 14:30:00,63.28
2025-07-03 15:00:00,63.129999999999995
2025-07-03 16:00:00,63.2
2025-07-03 17:00:00,63.09
2025-07-03 23:00:00,63.09
2025-07-07 14:30:00,63.45
2025-07-07 15:00:00,63.709999999999994
2025-07-07 16:00:00,63.730000000000004
2025-07-07 17:00:00,64.03
2025-07-07 18:00:00,63.78999999999999
2025-07-07 19:00:00,64.32
2025-07-07 20:00:00,64.28
2025-07-07 21:00:00,64.16
2025-07-07 23:00:00,64.16
2025-07-08 14:30:00,
2025-07-08 15:00:00,64.42999999999999
2025-07-08 16:00:00,64.64
2025-07-08 17:00:00,64.96
2025-07-08 18:00:00,64.86
2025-07-08 19:00:00,64.64
2025-07-08 20:00:00,64.64999999999999
2025-07-08 21:00:00,64.53999999999999
2025-07-08 23:00:00,64.53999999999999
2025-07-09 14:30:00,64.23
2025-07-09 15:00:00,64.55
2025-07-09 16:00:00,64.83
2025-07-09 17:00:00,64.89
2025-07-09 18:00:00,64.71
2025-07-09 19:00:00,64.59
2025-07-09 20:00:00,64.53
2025-07-09 21:00:00,64.52
2025-07-09 23:00:00,64.52
2025-07-10 14:30:00,63.489999999999995
2025-07-10 15:00:00,63.45
2025-07-10 16:00:00,63.14999999999999
2025-07-10 17:00:00,63.31999999999999
2025-07-10 18:00:00,63.14
2025-07-10 19:00:00,63.53999999999999
2025-07-10 20:00:00,63.39999999999999
2025-07-10 21:00:00,63.379999999999995
2025-07-10 23:00:00,63.379999999999995
2025-07-11 14:30:00,64.25999999999999
2025-07-11 15:00:00,64.52
2025-07-11 16:00:00,64.89999999999999
2025-07-11 17:00:00,64.72
2025-07-11 18:00:00,64.74
2025-07-11 19:00:00,64.84
2025-07-11 20:00:00,64.89
2025-07-11 21:00:00,64.91
2025-07-11 23:00:00,64.91
2025-07-14 14:30:00,64.67
2025-07-14 15:00:00,64.48
2025-07-14 16:00:00,63.870000000000005
2025-07-14 17:00:00,63.989999999999995
2025-07-14 18:00:00,63.66
2025-07-14 19:00:00,63.64999999999999
2025-07-14 20:00:00,63.849999999999994
2025-07-14 21:00:00,63.58
2025-07-14 23:00:00,63.58
2025-07-15 14:30:00,63.55
2025-07-15 15:00:00,63.620000000000005
2025-07-15 16:00:00,63.44
2025-07-15 17:00:00,63.25999999999999
2025-07-15 18:00:00,63.230000000000004
2025-07-15 19:00:00,63.379999999999995
2025-07-15 20:00:00,63.45
2025-07-15 21:00:00,63.370000000000005
2025-07-15 23:00:00,63.370000000000005
2025-07-16 14:30:00,62.71
2025-07-16 15:00:00,62.68
2025-07-16 16:00:00,62.9
2025-07-16 17:00:00,63.120000000000005
2025-07-16 18:00:00,63.31
2025-07-16 19:00:00,63.379999999999995
2025-07-16 20:00:00,63.379999999999995
2025-07-16 21:00:00,63.239999999999995
2025-07-16 23:00:00,63.239999999999995
2025-07-17 14:30:00,63.3
2025-07-17 15:00:00,63.55
2025-07-17 16:00:00,63.64999999999999
2025-07-17 17:00:00,63.97
2025-07-17 18:00:00,63.78
2025-07-17 19:00:00,64.17999999999999
2025-07-17 20:00:00,64.16
2025-07-17 21:00:00,64.14
2025-07-17 23:00:00,64.14
2025-07-18 14:30:00,64.73
2025-07-18 15:00:00,64.98
2025-07-18 16:00:00,64.33
2025-07-18 17:00:00,63.989999999999995
2025-07-18 18:00:00,63.91
2025-07-18 19:00:00,64.07
2025-07-18 20:00:00,64.09
2025-07-18 21:00:00,63.959999999999994
2025-07-18 23:00:00,63.959999999999994
2025-07-21 14:30:00,63.56
2025-07-21 15:00:00,63.67
2025-07-21 16:00:00,63.55
2025-07-21 17:00:00,63.620000000000005
2025-07-21 18:00:00,63.959999999999994
2025-07-21 19:00:00,63.81
2025-07-21 20:00:00,63.81999999999999
2025-07-21 21:00:00,63.78
2025-07-21 23:00:00,63.78
2025-07-22 14:30:00,63.14
2025-07-22 15:00:00,63.099999999999994
2025-07-22 16:00:00,63.129999999999995
2025-07-22 17:00:00,63.239999999999995
2025-07-22 18:00:00,63.17999999999999
2025-07-22 19:00:00,63.53999999999999
2025-07-22 20:00:00,63.56999999999999
2025-07-22 21:00:00,63.53
2025-07-22 23:00:00,63.53
2025-07-23 14:30:00,63.05
2025-07-23 15:00:00,63.099999999999994
2025-07-23 16:00:00,63.3
2025-07-23 17:00:00,63.28999999999999
2025-07-23 18:00:00,63.379999999999995
2025-07-23 19:00:00,63.56
2025-07-23 20:00:00,63.56
2025-07-23 21:00:00,63.56
2025-07-23 23:00:00,63.56
2025-07-24 14:30:00,64.02
2025-07-24 15:00:00,64.3
2025-07-24 16:00:00,64.38
2025-07-24 17:00:00,63.53
2025-07-24 18:00:00,63.480000000000004
2025-07-24 19:00:00,64.12
2025-07-24 20:00:00,64.21
2025-07-24 21:00:00,64.22
2025-07-24 23:00:00,64.22
2025-07-25 14:30:00,63.92
2025-07-25 15:00:00,63.72
2025-07-25 16:00:00,63.45
2025-07-25 17:00:00,63.459999999999994
2025-07-25 18:00:00,63.25999999999999
2025-07-25 19:00:00,63.25
2025-07-25 20:00:00,63.209999999999994
2025-07-25 21:00:00,63.16
2025-07-25 23:00:00,63.16
2025-07-28 14:30:00,64.89
2025-07-28 15:00:00,64.62
2025-07-28 16:00:00,64.56
2025-07-28 17:00:00,64.66
2025-07-28 18:00:00,64.73
2025-07-28 19:00:00,65.02
2025-07-28 20:00:00,64.96
2025-07-28 21:00:00,65.09
2025-07-28 23:00:00,65.09
2025-07-29 14:30:00,65.6
2025-07-29 15:00:00,65.6
2025-07-29 16:00:00,65.8
2025-07-29 17:00:00,65.78999999999999
2025-07-29 18:00:00,66.98
2025-07-29 19:00:00,67.45
2025-07-29 20:00:00,67.34
2025-07-29 21:00:00,67.25999999999999
2025-07-29 23:00:00,67.25999999999999
2025-07-30 14:30:00,67.46
2025-07-30 15:00:00,67.56
2025-07-30 16:00:00,68.03
2025-07-30 17:00:00,68.07
2025-07-30 18:00:00,68.17
2025-07-30 19:00:00,68.00999999999999
2025-07-30 20:00:00,68.0
2025-07-30 21:00:00,68.12
2025-07-30 23:00:00,68.12
2025-07-31 14:30:00,67.32
2025-07-31 15:00:00,66.99
2025-07-31 16:00:00,66.61
2025-07-31 17:00:00,67.14999999999999
2025-07-31 18:00:00,66.92
2025-07-31 19:00:00,67.1
2025-07-31 20:00:00,66.94
2025-07-31 21:00:00,67.24
2025-07-31 23:00:00,67.24
2025-08-01 14:30:00,66.21
2025-08-01 15:00:00,65.06
2025-08-01 16:00:00,65.23
2025-08-01 17:00:00,65.31
2025-08-01 18:00:00,65.13
2025-08-01 19:00:00,65.06
2025-08-01 20:00:00,65.03
2025-08-01 21:00:00,64.98
2025-08-01 23:00:00,64.98
2025-08-04 14:30:00,63.61
2025-08-04 15:00:00,64.75
2025-08-04 16:00:00,64.64999999999999
2025-08-04 17:00:00,64.24
2025-08-04 18:00:00,64.22
2025-08-04 19:00:00,64.11
2025-08-04 20:00:00,64.1
2025-08-04 21:00:00,64.2
2025-08-04 23:00:00,64.2
2025-08-05 14:30:00,63.55
2025-08-05 15:00:00,63.45
2025-08-05 16:00:00,63.370000000000005
2025-08-05 17:00:00,63.25999999999999
2025-08-05 18:00:00,63.28
2025-08-05 19:00:00,63.11
2025-08-05 20:00:00,63.120000000000005
2025-08-05 20:00:01,63.120000000000005
2025-08-05 21:00:00,63.080000000000005
2025-08-05 23:00:00,63.080000000000005
2025-08-06 14:30:00,64.38000000000001
2025-08-06 15:00:00,63.760000000000005
2025-08-06 16:00:00,62.89
2025-08-06 17:00:00,63.260000000000005
2025-08-06 18:00:00,62.86000000000001
2025-08-06 19:00:00,62.17
2025-08-06 20:00:00,62.11000000000001
2025-08-06 21:00:00,62.24
2025-08-06 23:00:00,62.24
2025-08-07 14:30:00,62.57
2025-08-07 15:00:00,62.38
2025-08-07 16:00:00,62.290000000000006
2025-08-07 17:00:00,62.400000000000006
2025-08-07 18:00:00,62.290000000000006
2025-08-07 19:00:00,62.050000000000004
2025-08-07 20:00:00,62.040000000000006
2025-08-07 21:00:00,62.06
2025-08-07 23:00:00,62.06
2025-08-08 14:30:00,62.59
2025-08-08 15:00:00,61.78
2025-08-08 16:00:00,62.370000000000005
2025-08-08 17:00:00,62.230000000000004
2025-08-08 18:00:00,62.14
2025-08-08 19:00:00,61.870000000000005
2025-08-08 20:00:00,61.900000000000006
2025-08-08 21:00:00,61.540000000000006
2025-08-08 23:00:00,61.540000000000006
2025-08-11 14:30:00,62.2
2025-08-11 15:00:00,61.95
2025-08-11 16:00:00,61.89
2025-08-11 17:00:00,62.21
2025-08-11 18:00:00,62.09
2025-08-11 19:00:00,62.2
2025-08-11 20:00:00,62.25
2025-08-11 21:00:00,62.13
2025-08-11 23:00:00,62.13
2025-08-12 14:30:00,61.790000000000006
2025-08-12 15:00:00,61.86000000000001
2025-08-12 16:00:00,61.660000000000004
2025-08-12 17:00:00,61.6
2025-08-12 18:00:00,61.660000000000004
2025-08-12 19:00:00,61.620000000000005
2025-08-12 20:00:00,61.56
2025-08-12 21:00:00,61.53
2025-08-12 23:00:00,61.53
2025-08-13 14:30:00,61.27
2025-08-13 15:00:00,60.760000000000005
2025-08-13 16:00:00,60.470000000000006
2025-08-13 17:00:00,60.75
2025-08-13 18:00:00,61.0
2025-08-13 19:00:00,60.940000000000005
2025-08-13 20:00:00,60.99
2025-08-13 21:00:00,61.290000000000006
2025-08-13 23:00:00,61.290000000000006
2025-08-14 14:30:00,61.77
2025-08-14 15:00:00,61.660000000000004
2025-08-14 16:00:00,61.93000000000001
2025-08-14 17:00:00,61.910000000000004
2025-08-14 18:00:00,61.95
2025-08-14 19:00:00,62.1
2025-08-14 20:00:00,62.09
2025-08-14 21:00:00,62.040000000000006
2025-08-14 23:00:00,62.040000000000006
2025-08-15 14:30:00,61.32
2025-08-15 15:00:00,61.540000000000006
2025-08-15 16:00:00,61.39
2025-08-15 17:00:00,61.36000000000001
2025-08-15 18:00:00,61.31
2025-08-15 19:00:00,61.17
2025-08-15 20:00:00,61.07
2025-08-15 21:00:00,61.38
2025-08-15 23:00:00,61.38
2025-08-18 14:30:00,60.84
2025-08-18 15:00:00,61.230000000000004
2025-08-18 16:00:00,61.36000000000001
2025-08-18 17:00:00,61.42
2025-08-18 18:00:00,61.730000000000004
2025-08-18 19:00:00,61.800000000000004
2025-08-18 20:00:00,61.620000000000005
2025-08-18 21:00:00,61.650000000000006
2025-08-18 23:00:00,61.650000000000006
2025-08-19 14:30:00,61.080000000000005
2025-08-19 15:00:00,61.190000000000005
2025-08-19 16:00:00,60.940000000000005
2025-08-19 17:00:00,60.95
2025-08-19 18:00:00,60.88
2025-08-19 19:00:00,61.11000000000001
2025-08-19 20:00:00,61.02
2025-08-19 21:00:00,61.160000000000004
2025-08-19 23:00:00,61.160000000000004
2025-08-20 14:30:00,61.650000000000006
2025-08-20 15:00:00,61.49
2025-08-20 16:00:00,62.050000000000004
2025-08-20 17:00:00,61.99
2025-08-20 18:00:00,61.870000000000005
2025-08-20 19:00:00,62.03
2025-08-20 20:00:00,62.03
2025-08-20 21:00:00,62.0
2025-08-20 23:00:00,62.0
2025-08-21 14:30:00,61.89
2025-08-21 15:00:00,62.220000000000006
2025-08-21 16:00:00,62.46
2025-08-21 17:00:00,62.650000000000006
2025-08-21 18:00:00,62.690000000000005
2025-08-21 19:00:00,62.620000000000005
2025-08-21 20:00:00,62.6
2025-08-21 21:00:00,
2025-08-21 23:00:00,62.6
2025-08-22 14:30:00,62.82
2025-08-22 15:00:00,62.910000000000004
2025-08-22 16:00:00,62.790000000000006
2025-08-22 17:00:00,62.800000000000004
2025-08-22 18:00:00,62.800000000000004
2025-08-22 19:00:00,62.95
2025-08-22 20:00:00,62.96
2025-08-22 21:00:00,62.93000000000001
2025-08-22 23:00:00,62.93000000000001
2025-08-25 14:30:00,63.66
2025-08-25 15:00:00,63.8
2025-08-25 16:00:00,64.05
2025-08-25 17:00:00,64.15
2025-08-25 18:00:00,64.07000000000001
2025-08-25 19:00:00,63.900000000000006
2025-08-25 20:00:00,63.89
2025-08-25 21:00:00,63.84
2025-08-25 23:00:00,63.84
2025-08-26 14:30:00,62.970000000000006
2025-08-26 15:00:00,62.95
2025-08-26 16:00:00,62.580000000000005
2025-08-26 17:00:00,62.510000000000005
2025-08-26 18:00:00,62.49
2025-08-26 19:00:00,62.39
2025-08-26 20:00:00,62.46
2025-08-26 21:00:00,62.43000000000001
2025-08-26 23:00:00,62.43000000000001
2025-08-27 14:30:00,62.75
2025-08-27 15:00:00,62.86000000000001
2025-08-27 16:00:00,62.89
2025-08-27 17:00:00,62.940000000000005
2025-08-27 18:00:00,63.02
2025-08-27 19:00:00,63.13
2025-08-27 20:00:00,62.93000000000001
2025-08-27 21:00:00,62.93000000000001
2025-08-27 23:00:00,62.93000000000001
2025-08-28 14:30:00,62.82
2025-08-28 15:00:00,62.81
2025-08-28 16:00:00,62.760000000000005
2025-08-28 17:00:00,62.690000000000005
2025-08-28 18:00:00,63.39
2025-08-28 19:00:00,63.39
2025-08-28 20:00:00,63.39
2025-08-28 21:00:00,63.35
2025-08-28 23:00:00,63.35
2025-08-29 14:30:00,63.410000000000004
2025-08-29 15:00:00,63.150000000000006
2025-08-29 16:00:00,63.260000000000005
2025-08-29 17:00:00,63.050000000000004
2025-08-29 18:00:00,63.050000000000004
2025-08-29 19:00:00,62.99
2025-08-29 19:00:01,62.99
2025-08-29 20:00:00,62.95
2025-08-29 21:00:00,63.03
2025-08-29 23:00:00,63.03
2025-09-02 14:30:00,64.0
2025-09-02 15:00:00,64.27
2025-09-02 16:00:00,64.49
2025-09-02 17:00:00,64.76
2025-09-02 18:00:00,64.76
2025-09-02 19:00:00,64.54
2025-09-02 20:00:00,64.61
2025-09-02 21:00:00,64.55
2025-09-02 23:00:00,64.55
2025-09-03 14:30:00,63.44
2025-09-03 15:00:00,63.23
2025-09-03 16:00:00,63.85
2025-09-03 17:00:00,63.27
2025-09-03 18:00:00,63.05
2025-09-03 19:00:00,63.18
2025-09-03 20:00:00,63.14
2025-09-03 21:00:00,63.03
2025-09-03 23:00:00,63.03
2025-09-04 14:30:00,62.38
2025-09-04 15:00:00,62.75
2025-09-04 16:00:00,62.64
2025-09-04 17:00:00,62.81
2025-09-04 19:00:00,62.65
2025-09-04 20:00:00,62.54
2025-09-04 21:00:00,62.48
2025-09-04 23:00:00,62.48
2025-09-05 14:30:00,61.47
2025-09-05 15:00:00,61.1
2025-09-05 16:00:00,60.87
2025-09-05 17:00:00,61.1
2025-09-05 18:00:00,60.98
2025-09-05 19:00:00,61.34
2025-09-05 20:00:00,61.29
2025-09-05 21:00:00,61.23
2025-09-05 23:00:00,61.23
2025-09-08 14:30:00,61.4
2025-09-08 15:00:00,61.69
2025-09-08 16:00:00,61.8
2025-09-08 17:00:00,61.59
2025-09-08 18:00:00,61.59
2025-09-08 19:00:00,61.7
2025-09-08 20:00:00,61.72
2025-09-08 21:00:00,61.8
2025-09-08 23:00:00,61.8
2025-09-09 14:30:00,62.65
2025-09-09 15:00:00,62.7
2025-09-09 16:00:00,62.36
2025-09-09 17:00:00,62.2
2025-09-09 18:00:00,62.13
2025-09-09 19:00:00,62.0
2025-09-09 20:00:00,62.05
2025-09-09 21:00:00,62.16
2025-09-09 23:00:00,62.16
2025-09-10 14:30:00,62.58
2025-09-10 15:00:00,62.69
2025-09-10 16:00:00,63.27
2025-09-10 17:00:00,63.34
2025-09-10 18:00:00,63.2
2025-09-10 19:00:00,63.16
2025-09-10 20:00:00,63.2
2025-09-10 21:00:00,63.15
2025-09-10 23:00:00,63.15
2025-09-11 14:30:00,62.09
2025-09-11 15:00:00,61.91
2025-09-11 16:00:00,61.97
2025-09-11 17:00:00,61.93
2025-09-11 18:00:00,61.93
2025-09-11 19:00:00,61.76
2025-09-11 20:00:00,61.75
2025-09-11 21:00:00,61.75
2025-09-11 23:00:00,61.75
2025-09-12 14:30:00,62.76
2025-09-12 15:00:00,62.65
2025-09-12 16:00:00,62.7
2025-09-12 17:00:00,62.1
2025-09-12 18:00:00,62.1
2025-09-12 19:00:00,62.09
2025-09-12 20:00:00,62.07
2025-09-12 21:00:00,62.11
2025-09-12 23:00:00,62.11
2025-09-15 14:30:00,62.83
2025-09-15 15:00:00,62.92
2025-09-15 16:00:00,62.59
2025-09-15 17:00:00,62.67
2025-09-15 18:00:00,62.85
2025-09-15 19:00:00,62.8
2025-09-15 20:00:00,62.75
2025-09-15 21:00:00,62.75
2025-09-15 23:00:00,62.75
2025-09-16 14:30:00,63.44
2025-09-16 15:00:00,63.6
2025-09-16 16:00:00,63.8
2025-09-16 17:00:00,63.82
2025-09-16 18:00:00,64.03
2025-09-16 19:00:00,63.87
2025-09-16 20:00:00,63.82
2025-09-16 21:00:00,63.83
2025-09-16 23:00:00,63.83
2025-09-17 14:30:00,63.7
2025-09-17 15:00:00,63.59
2025-09-17 16:00:00,63.63
2025-09-17 17:00:00,63.47
2025-09-17 18:00:00,63.57
2025-09-17 19:00:00,63.19
2025-09-17 20:00:00,63.21
2025-09-17 21:00:00,63.33
2025-09-17 23:00:00,63.33
2025-09-18 14:30:00,63.36
2025-09-18 15:00:00,63.4
2025-09-18 16:00:00,63.01
2025-09-18 17:00:00,62.9
2025-09-18 18:00:00,62.71
2025-09-18 19:00:00,62.95
2025-09-18 20:00:00,62.98
2025-09-18 21:00:00,62.94
2025-09-18 23:00:00,62.94
2025-09-19 14:30:00,62.37
2025-09-19 15:00:00,62.34
2025-09-19 16:00:00,62.06
2025-09-19 17:00:00,62.02
2025-09-19 18:00:00,62.11
2025-09-19 19:00:00,61.99
2025-09-19 20:00:00,61.92
2025-09-19 21:00:00,61.93
2025-09-19 23:00:00,61.93
2025-09-22 14:30:00,61.58
2025-09-22 15:00:00,61.82
2025-09-22 16:00:00,61.83
2025-09-22 17:00:00,61.77
2025-09-22 18:00:00,61.97
2025-09-22 19:00:00,61.91
2025-09-22 20:00:00,61.88
2025-09-22 21:00:00,61.96
2025-09-22 23:00:00,61.96
2025-09-23 14:30:00,62.87
2025-09-23 15:00:00,63.09
2025-09-23 16:00:00,63.15
2025-09-23 17:00:00,62.87
2025-09-23 18:00:00,62.83
2025-09-23 19:00:00,63.02
