DATETIME,price
1979-12-18 00:00:00,0.10739999999999994
1979-12-19 00:00:00,0.08740000000000014
1979-12-20 00:00:00,0.057399999999999896
1979-12-21 00:00:00,0.04739999999999989
1979-12-26 00:00:00,0.007399999999999851
1979-12-27 00:00:00,0.017400000000000082
1979-12-28 00:00:00,-0.0025999999999999357
1980-01-02 00:00:00,-0.022599999999999953
1980-01-03 00:00:00,-0.04259999999999997
1980-01-04 00:00:00,-0.022599999999999953
1980-01-07 00:00:00,-0.04259999999999997
1980-01-08 00:00:00,-0.06259999999999999
1980-01-09 00:00:00,-0.0826
1980-01-10 00:00:00,-0.07260000000000022
1980-01-11 00:00:00,-0.09260000000000024
1980-01-14 00:00:00,-0.11260000000000003
1980-01-15 00:00:00,-0.13260000000000027
1980-01-16 00:00:00,-0.16260000000000052
1980-01-17 00:00:00,-0.1526000000000003
1980-01-18 00:00:00,-0.14260000000000006
1980-01-21 00:00:00,-0.13260000000000027
1980-01-22 00:00:00,-0.11260000000000003
1980-01-23 00:00:00,-0.11260000000000003
1980-01-24 00:00:00,-0.11260000000000003
1980-01-25 00:00:00,-0.11260000000000003
1980-01-28 00:00:00,-0.11260000000000003
1980-01-29 00:00:00,-0.09260000000000024
1980-01-30 00:00:00,-0.07260000000000022
1980-01-31 00:00:00,-0.07260000000000022
1980-02-01 00:00:00,-0.07260000000000022
1980-02-04 00:00:00,-0.09260000000000024
1980-02-05 00:00:00,-0.09260000000000024
1980-02-06 00:00:00,-0.11260000000000003
1980-02-07 00:00:00,-0.11260000000000003
1980-02-08 00:00:00,-0.13260000000000027
1980-02-11 00:00:00,-0.13260000000000027
1980-02-12 00:00:00,-0.14260000000000006
1980-02-13 00:00:00,-0.14260000000000006
1980-02-14 00:00:00,-0.1526000000000003
1980-02-15 00:00:00,-0.1526000000000003
1980-02-19 00:00:00,-0.1726000000000003
1980-02-20 00:00:00,-0.1726000000000003
1980-02-21 00:00:00,-0.1526000000000003
1980-02-22 00:00:00,-0.1726000000000003
1980-02-25 00:00:00,-0.16260000000000052
1980-02-26 00:00:00,-0.16260000000000052
1980-02-27 00:00:00,-0.16260000000000052
1980-02-28 00:00:00,-0.1526000000000003
1980-02-29 00:00:00,-0.16260000000000052
1980-03-03 00:00:00,-0.16260000000000052
1980-03-04 00:00:00,-0.16260000000000052
1980-03-05 00:00:00,-0.16260000000000052
1980-03-06 00:00:00,-0.1726000000000003
1980-03-07 00:00:00,-0.18260000000000054
1980-03-10 00:00:00,-0.18260000000000054
1980-03-11 00:00:00,-0.20260000000000056
1980-03-12 00:00:00,-0.19260000000000033
1980-03-13 00:00:00,-0.19260000000000033
1980-03-14 00:00:00,-0.18260000000000054
1980-03-17 00:00:00,-0.1726000000000003
1980-03-18 00:00:00,-0.18260000000000054
1980-03-19 00:00:00,-0.18260000000000054
1980-03-20 00:00:00,-0.18260000000000054
1980-03-21 00:00:00,-0.18260000000000054
1980-03-24 00:00:00,-0.18260000000000054
1980-03-25 00:00:00,-0.19260000000000033
1980-03-26 00:00:00,-0.18260000000000054
1980-03-27 00:00:00,-0.1726000000000003
1980-03-28 00:00:00,-0.18260000000000054
1980-03-31 00:00:00,-0.18260000000000054
1980-04-01 00:00:00,-0.1726000000000003
1980-04-02 00:00:00,-0.16260000000000052
1980-04-03 00:00:00,-0.14260000000000006
1980-04-07 00:00:00,-0.1526000000000003
1980-04-08 00:00:00,-0.1526000000000003
1980-04-09 00:00:00,-0.1526000000000003
1980-04-10 00:00:00,-0.1526000000000003
1980-04-11 00:00:00,-0.1526000000000003
1980-04-14 00:00:00,-0.16260000000000052
1980-04-15 00:00:00,-0.16260000000000052
1980-04-16 00:00:00,-0.16260000000000052
1980-04-17 00:00:00,-0.16260000000000052
1980-04-18 00:00:00,-0.16260000000000052
1980-04-21 00:00:00,-0.16260000000000052
1980-04-22 00:00:00,-0.16260000000000052
1980-04-23 00:00:00,-0.16260000000000052
1980-04-24 00:00:00,-0.1726000000000003
1980-04-25 00:00:00,-0.16260000000000052
1980-04-28 00:00:00,-0.1726000000000003
1980-04-29 00:00:00,-0.1726000000000003
1980-04-30 00:00:00,-0.1726000000000003
1980-05-01 00:00:00,-0.1726000000000003
1980-05-02 00:00:00,-0.1726000000000003
1980-05-05 00:00:00,-0.16260000000000052
1980-05-06 00:00:00,-0.16260000000000052
1980-05-07 00:00:00,-0.16260000000000052
1980-05-08 00:00:00,-0.16260000000000052
1980-05-09 00:00:00,-0.16260000000000052
1980-05-12 00:00:00,-0.16260000000000052
1980-05-13 00:00:00,-0.1726000000000003
1980-05-14 00:00:00,-0.16260000000000052
1980-05-15 00:00:00,-0.16260000000000052
1980-05-16 00:00:00,-0.16260000000000052
1980-05-19 00:00:00,-0.16260000000000052
1980-05-20 00:00:00,-0.1526000000000003
1980-05-21 00:00:00,-0.1526000000000003
1980-05-22 00:00:00,-0.1526000000000003
1980-05-23 00:00:00,-0.1526000000000003
1980-05-27 00:00:00,-0.1526000000000003
1980-05-28 00:00:00,-0.1526000000000003
1980-05-29 00:00:00,-0.1526000000000003
1980-05-30 00:00:00,-0.16260000000000052
1980-06-02 00:00:00,-0.16260000000000052
1980-06-03 00:00:00,-0.16260000000000052
1980-06-04 00:00:00,-0.1726000000000003
1980-06-05 00:00:00,-0.1726000000000003
1980-06-06 00:00:00,-0.18260000000000054
1980-06-09 00:00:00,-0.1726000000000003
1980-06-10 00:00:00,-0.18260000000000054
1980-06-11 00:00:00,-0.18260000000000054
1980-06-12 00:00:00,-0.18260000000000054
1980-06-13 00:00:00,-0.18260000000000054
1980-06-16 00:00:00,-0.19260000000000033
1980-06-17 00:00:00,-0.20260000000000056
1980-06-18 00:00:00,-0.20260000000000056
1980-06-19 00:00:00,-0.20260000000000056
1980-06-20 00:00:00,-0.21260000000000034
1980-06-23 00:00:00,-0.21260000000000034
1980-06-24 00:00:00,-0.20260000000000056
1980-06-25 00:00:00,-0.20260000000000056
1980-06-26 00:00:00,-0.20260000000000056
1980-06-27 00:00:00,-0.21260000000000034
1980-06-30 00:00:00,-0.21260000000000034
1980-07-01 00:00:00,-0.21260000000000034
1980-07-02 00:00:00,-0.21260000000000034
1980-07-03 00:00:00,-0.21260000000000034
1980-07-07 00:00:00,-0.21260000000000034
1980-07-08 00:00:00,-0.21260000000000034
1980-07-09 00:00:00,-0.20260000000000056
1980-07-10 00:00:00,-0.20260000000000056
1980-07-11 00:00:00,-0.20260000000000056
1980-07-14 00:00:00,-0.20260000000000056
1980-07-15 00:00:00,-0.20260000000000056
1980-07-16 00:00:00,-0.20260000000000056
1980-07-17 00:00:00,-0.21260000000000034
1980-07-18 00:00:00,-0.20260000000000056
1980-07-21 00:00:00,-0.20260000000000056
1980-07-22 00:00:00,-0.21260000000000034
1980-07-23 00:00:00,-0.21260000000000034
1980-07-24 00:00:00,-0.21260000000000034
1980-07-25 00:00:00,-0.21260000000000034
1980-07-28 00:00:00,-0.21260000000000034
1980-07-29 00:00:00,-0.22260000000000035
1980-07-30 00:00:00,-0.22260000000000035
1980-07-31 00:00:00,-0.22260000000000035
1980-08-01 00:00:00,-0.22260000000000035
1980-08-04 00:00:00,-0.23260000000000036
1980-08-05 00:00:00,-0.23260000000000036
1980-08-06 00:00:00,-0.23260000000000036
1980-08-07 00:00:00,-0.2526000000000004
1980-08-08 00:00:00,-0.2526000000000004
1980-08-11 00:00:00,-0.2526000000000004
1980-08-12 00:00:00,-0.2526000000000004
1980-08-13 00:00:00,-0.2626000000000004
1980-08-14 00:00:00,-0.2526000000000004
1980-08-15 00:00:00,-0.2526000000000004
1980-08-18 00:00:00,-0.24260000000000037
1980-08-19 00:00:00,-0.2526000000000004
1980-08-20 00:00:00,-0.2626000000000004
1980-08-21 00:00:00,-0.2626000000000004
1980-08-22 00:00:00,-0.2626000000000004
1980-08-25 00:00:00,-0.2726000000000004
1980-08-26 00:00:00,-0.2626000000000004
1980-08-27 00:00:00,-0.2626000000000004
1980-08-28 00:00:00,-0.2626000000000004
1980-08-29 00:00:00,-0.2626000000000004
1980-09-02 00:00:00,-0.2526000000000004
1980-09-03 00:00:00,-0.2526000000000004
1980-09-04 00:00:00,-0.2526000000000004
1980-09-05 00:00:00,-0.2526000000000004
1980-09-08 00:00:00,-0.2526000000000004
1980-09-09 00:00:00,-0.24260000000000037
1980-09-10 00:00:00,-0.24260000000000037
1980-09-11 00:00:00,-0.2526000000000004
1980-09-12 00:00:00,-0.2526000000000004
1980-09-15 00:00:00,-0.2526000000000004
1980-09-16 00:00:00,-0.2526000000000004
1980-09-17 00:00:00,-0.2626000000000004
1980-09-18 00:00:00,-0.2626000000000004
1980-09-19 00:00:00,-0.2626000000000004
1980-09-22 00:00:00,-0.2526000000000004
1980-09-23 00:00:00,-0.22260000000000058
1980-09-24 00:00:00,-0.20260000000000056
1980-09-25 00:00:00,-0.21260000000000034
1980-09-26 00:00:00,-0.23260000000000058
1980-09-29 00:00:00,-0.23260000000000058
1980-09-30 00:00:00,-0.22260000000000058
1980-10-01 00:00:00,-0.22260000000000058
1980-10-02 00:00:00,-0.23260000000000058
1980-10-03 00:00:00,-0.23260000000000058
1980-10-06 00:00:00,-0.23260000000000058
1980-10-07 00:00:00,-0.23260000000000058
1980-10-08 00:00:00,-0.23260000000000058
1980-10-09 00:00:00,-0.23260000000000058
1980-10-10 00:00:00,-0.22260000000000058
1980-10-13 00:00:00,-0.22260000000000058
1980-10-14 00:00:00,-0.22260000000000058
1980-10-15 00:00:00,-0.22260000000000058
1980-10-16 00:00:00,-0.21260000000000034
1980-10-17 00:00:00,-0.21260000000000034
1980-10-20 00:00:00,-0.20260000000000056
1980-10-21 00:00:00,-0.19260000000000033
1980-10-22 00:00:00,-0.20260000000000056
1980-10-23 00:00:00,-0.20260000000000056
1980-10-24 00:00:00,-0.19260000000000033
1980-10-27 00:00:00,-0.19260000000000033
1980-10-28 00:00:00,-0.19260000000000033
1980-10-29 00:00:00,-0.18260000000000054
1980-10-30 00:00:00,-0.1726000000000003
1980-10-31 00:00:00,-0.1726000000000003
1980-11-03 00:00:00,-0.1726000000000003
1980-11-05 00:00:00,-0.1726000000000003
1980-11-06 00:00:00,-0.1726000000000003
1980-11-07 00:00:00,-0.1726000000000003
1980-11-10 00:00:00,-0.1726000000000003
1980-11-11 00:00:00,-0.16260000000000052
1980-11-12 00:00:00,-0.1526000000000003
1980-11-13 00:00:00,-0.1426000000000005
1980-11-14 00:00:00,-0.13260000000000027
1980-11-17 00:00:00,-0.11260000000000003
1980-11-18 00:00:00,-0.09260000000000024
1980-11-19 00:00:00,-0.11260000000000003
1980-11-20 00:00:00,-0.11260000000000003
1980-11-21 00:00:00,-0.13260000000000027
1980-11-24 00:00:00,-0.15260000000000074
1980-11-25 00:00:00,-0.1426000000000005
1980-11-26 00:00:00,-0.12260000000000026
1980-11-28 00:00:00,-0.11260000000000003
1980-12-01 00:00:00,-0.10260000000000047
1980-12-02 00:00:00,-0.12260000000000026
1980-12-03 00:00:00,-0.13260000000000027
1980-12-04 00:00:00,-0.12260000000000026
1980-12-05 00:00:00,-0.13260000000000027
1980-12-08 00:00:00,-0.15260000000000074
1980-12-09 00:00:00,-0.1726000000000003
1980-12-10 00:00:00,-0.16260000000000052
1980-12-11 00:00:00,-0.18260000000000054
1980-12-12 00:00:00,-0.1726000000000003
1980-12-15 00:00:00,-0.16260000000000052
1980-12-16 00:00:00,-0.16260000000000052
1980-12-17 00:00:00,-0.15260000000000074
1980-12-18 00:00:00,-0.1426000000000005
1980-12-19 00:00:00,-0.13260000000000027
1980-12-22 00:00:00,-0.13260000000000027
1980-12-23 00:00:00,-0.1426000000000005
1980-12-24 00:00:00,-0.13260000000000027
1980-12-29 00:00:00,-0.11260000000000003
1980-12-30 00:00:00,-0.11260000000000003
1980-12-31 00:00:00,-0.10260000000000047
1981-01-05 00:00:00,-0.08260000000000045
1981-01-06 00:00:00,-0.08260000000000045
1981-01-07 00:00:00,-0.07260000000000022
1981-01-08 00:00:00,-0.07260000000000022
1981-01-09 00:00:00,-0.08260000000000045
1981-01-12 00:00:00,-0.06260000000000043
1981-01-13 00:00:00,-0.06260000000000043
1981-01-14 00:00:00,-0.08260000000000045
1981-01-15 00:00:00,-0.09260000000000024
1981-01-16 00:00:00,-0.08260000000000045
1981-01-19 00:00:00,-0.08260000000000045
1981-01-20 00:00:00,-0.08260000000000045
1981-01-21 00:00:00,-0.09260000000000024
1981-01-22 00:00:00,-0.09260000000000024
1981-01-23 00:00:00,-0.09260000000000024
1981-01-26 00:00:00,-0.10260000000000047
1981-01-27 00:00:00,-0.08260000000000045
1981-01-28 00:00:00,-0.08260000000000045
1981-01-29 00:00:00,-0.08260000000000045
1981-01-30 00:00:00,-0.08260000000000045
1981-02-02 00:00:00,-0.08260000000000045
1981-02-03 00:00:00,-0.07260000000000022
1981-02-04 00:00:00,-0.07260000000000022
1981-02-05 00:00:00,-0.07260000000000022
1981-02-06 00:00:00,-0.08260000000000045
1981-02-09 00:00:00,-0.10260000000000047
1981-02-10 00:00:00,-0.10260000000000047
1981-02-11 00:00:00,-0.12260000000000026
1981-02-12 00:00:00,-0.13260000000000027
1981-02-13 00:00:00,-0.12260000000000026
1981-02-17 00:00:00,-0.13260000000000027
1981-02-18 00:00:00,-0.1426000000000005
1981-02-19 00:00:00,-0.13260000000000027
1981-02-20 00:00:00,-0.13260000000000027
1981-02-23 00:00:00,-0.1426000000000005
1981-02-24 00:00:00,-0.1426000000000005
1981-02-25 00:00:00,-0.1426000000000005
1981-02-26 00:00:00,-0.1426000000000005
1981-02-27 00:00:00,-0.1426000000000005
1981-03-02 00:00:00,-0.15260000000000074
1981-03-03 00:00:00,-0.15260000000000074
1981-03-04 00:00:00,-0.15260000000000074
1981-03-05 00:00:00,-0.15260000000000074
1981-03-06 00:00:00,-0.15260000000000074
1981-03-09 00:00:00,-0.15260000000000074
1981-03-10 00:00:00,-0.16260000000000052
1981-03-11 00:00:00,-0.16260000000000052
1981-03-12 00:00:00,-0.16260000000000052
1981-03-13 00:00:00,-0.1726000000000003
1981-03-16 00:00:00,-0.1726000000000003
1981-03-17 00:00:00,-0.16260000000000052
1981-03-18 00:00:00,-0.15260000000000074
1981-03-19 00:00:00,-0.16260000000000052
1981-03-20 00:00:00,-0.1726000000000003
1981-03-23 00:00:00,-0.18260000000000054
1981-03-24 00:00:00,-0.18260000000000054
1981-03-25 00:00:00,-0.18260000000000054
1981-03-26 00:00:00,-0.18260000000000054
1981-03-27 00:00:00,-0.18260000000000054
1981-03-30 00:00:00,-0.1726000000000003
1981-03-31 00:00:00,-0.18260000000000054
1981-04-01 00:00:00,-0.18260000000000054
1981-04-02 00:00:00,-0.18260000000000054
1981-04-03 00:00:00,-0.1726000000000003
1981-04-06 00:00:00,-0.16260000000000052
1981-04-07 00:00:00,-0.16260000000000052
1981-04-08 00:00:00,-0.15260000000000074
1981-04-09 00:00:00,-0.16260000000000052
1981-04-10 00:00:00,-0.1726000000000003
1981-04-13 00:00:00,-0.1726000000000003
1981-04-14 00:00:00,-0.1726000000000003
1981-04-15 00:00:00,-0.1726000000000003
1981-04-16 00:00:00,-0.1726000000000003
1981-04-20 00:00:00,-0.18260000000000054
1981-04-21 00:00:00,-0.19260000000000033
1981-04-22 00:00:00,-0.19260000000000033
1981-04-23 00:00:00,-0.20260000000000056
1981-04-24 00:00:00,-0.20260000000000056
1981-04-27 00:00:00,-0.21260000000000034
1981-04-28 00:00:00,-0.21260000000000034
1981-04-29 00:00:00,-0.22260000000000058
1981-04-30 00:00:00,-0.21260000000000034
1981-05-01 00:00:00,-0.22260000000000058
1981-05-04 00:00:00,-0.23260000000000058
1981-05-05 00:00:00,-0.23260000000000058
1981-05-06 00:00:00,-0.23260000000000058
1981-05-07 00:00:00,-0.21260000000000034
1981-05-08 00:00:00,-0.21260000000000034
1981-05-11 00:00:00,-0.21260000000000034
1981-05-12 00:00:00,-0.21260000000000034
1981-05-13 00:00:00,-0.21260000000000034
1981-05-14 00:00:00,-0.21260000000000034
1981-05-15 00:00:00,-0.21260000000000034
1981-05-18 00:00:00,-0.21260000000000034
1981-05-19 00:00:00,-0.21260000000000034
1981-05-20 00:00:00,-0.22260000000000035
1981-05-21 00:00:00,-0.22260000000000035
1981-05-22 00:00:00,-0.22260000000000035
1981-05-26 00:00:00,-0.22260000000000035
1981-05-27 00:00:00,-0.23260000000000036
1981-05-28 00:00:00,-0.23260000000000036
1981-05-29 00:00:00,-0.23260000000000036
1981-06-01 00:00:00,-0.23260000000000036
1981-06-02 00:00:00,-0.23260000000000036
1981-06-03 00:00:00,-0.23260000000000036
1981-06-04 00:00:00,-0.23260000000000036
1981-06-05 00:00:00,-0.24260000000000037
1981-06-08 00:00:00,-0.2526000000000004
1981-06-09 00:00:00,-0.24260000000000037
1981-06-10 00:00:00,-0.24260000000000037
1981-06-11 00:00:00,-0.23260000000000036
1981-06-12 00:00:00,-0.23260000000000036
1981-06-15 00:00:00,-0.23260000000000036
1981-06-16 00:00:00,-0.23260000000000036
1981-06-17 00:00:00,-0.24260000000000037
1981-06-18 00:00:00,-0.24260000000000037
1981-06-19 00:00:00,-0.23260000000000036
1981-06-22 00:00:00,-0.23260000000000036
1981-06-23 00:00:00,-0.23260000000000036
1981-06-24 00:00:00,-0.24260000000000037
1981-06-25 00:00:00,-0.23260000000000036
1981-06-26 00:00:00,-0.23260000000000036
1981-06-29 00:00:00,-0.22260000000000058
1981-06-30 00:00:00,-0.23260000000000036
1981-07-01 00:00:00,-0.23260000000000036
1981-07-02 00:00:00,-0.23260000000000036
1981-07-06 00:00:00,-0.22260000000000058
1981-07-07 00:00:00,-0.23260000000000036
1981-07-08 00:00:00,-0.23260000000000036
1981-07-09 00:00:00,-0.22260000000000058
1981-07-10 00:00:00,-0.21260000000000034
1981-07-13 00:00:00,-0.21260000000000034
1981-07-14 00:00:00,-0.21260000000000034
1981-07-15 00:00:00,-0.21260000000000034
1981-07-16 00:00:00,-0.21260000000000034
1981-07-17 00:00:00,-0.20260000000000056
1981-07-20 00:00:00,-0.18260000000000054
1981-07-21 00:00:00,-0.19260000000000033
1981-07-22 00:00:00,-0.20260000000000056
1981-07-23 00:00:00,-0.20260000000000056
1981-07-24 00:00:00,-0.20260000000000056
1981-07-27 00:00:00,-0.21260000000000034
1981-07-28 00:00:00,-0.21260000000000034
1981-07-29 00:00:00,-0.20260000000000056
1981-07-30 00:00:00,-0.20260000000000056
1981-07-31 00:00:00,-0.20260000000000056
1981-08-03 00:00:00,-0.21260000000000034
1981-08-04 00:00:00,-0.20260000000000056
1981-08-05 00:00:00,-0.20260000000000056
1981-08-06 00:00:00,-0.20260000000000056
1981-08-07 00:00:00,-0.20260000000000056
1981-08-10 00:00:00,-0.21260000000000034
1981-08-11 00:00:00,-0.20260000000000056
1981-08-12 00:00:00,-0.21260000000000034
1981-08-13 00:00:00,-0.21260000000000034
1981-08-14 00:00:00,-0.20260000000000056
1981-08-17 00:00:00,-0.19260000000000033
1981-08-18 00:00:00,-0.19260000000000033
1981-08-19 00:00:00,-0.19260000000000033
1981-08-20 00:00:00,-0.19260000000000033
1981-08-21 00:00:00,-0.20260000000000056
1981-08-24 00:00:00,-0.21260000000000034
1981-08-25 00:00:00,-0.22260000000000058
1981-08-26 00:00:00,-0.22260000000000058
1981-08-27 00:00:00,-0.22260000000000058
1981-08-28 00:00:00,-0.22260000000000058
1981-08-31 00:00:00,-0.23260000000000058
1981-09-01 00:00:00,-0.23260000000000058
1981-09-02 00:00:00,-0.22260000000000058
1981-09-03 00:00:00,-0.22260000000000058
1981-09-04 00:00:00,-0.22260000000000058
1981-09-08 00:00:00,-0.23260000000000058
1981-09-09 00:00:00,-0.23260000000000058
1981-09-10 00:00:00,-0.23260000000000058
1981-09-11 00:00:00,-0.23260000000000058
1981-09-14 00:00:00,-0.23260000000000058
1981-09-15 00:00:00,-0.22260000000000058
1981-09-16 00:00:00,-0.22260000000000058
1981-09-17 00:00:00,-0.22260000000000058
1981-09-18 00:00:00,-0.22260000000000058
1981-09-21 00:00:00,-0.22260000000000058
1981-09-22 00:00:00,-0.22260000000000058
1981-09-23 00:00:00,-0.21260000000000034
1981-09-24 00:00:00,-0.21260000000000034
1981-09-25 00:00:00,-0.21260000000000034
1981-09-28 00:00:00,-0.21260000000000034
1981-09-29 00:00:00,-0.21260000000000034
1981-09-30 00:00:00,-0.21260000000000034
1981-10-01 00:00:00,-0.21260000000000034
1981-10-02 00:00:00,-0.21260000000000034
1981-10-05 00:00:00,-0.20260000000000056
1981-10-06 00:00:00,-0.20260000000000056
1981-10-07 00:00:00,-0.20260000000000056
1981-10-08 00:00:00,-0.19260000000000033
1981-10-09 00:00:00,-0.19260000000000033
1981-10-12 00:00:00,-0.20260000000000056
1981-10-13 00:00:00,-0.20260000000000056
1981-10-14 00:00:00,-0.19260000000000033
1981-10-15 00:00:00,-0.19260000000000033
1981-10-16 00:00:00,-0.19260000000000033
1981-10-19 00:00:00,-0.19260000000000033
1981-10-20 00:00:00,-0.18260000000000054
1981-10-21 00:00:00,-0.18260000000000054
1981-10-22 00:00:00,-0.20260000000000056
1981-10-23 00:00:00,-0.19260000000000033
1981-10-26 00:00:00,-0.19260000000000033
1981-10-27 00:00:00,-0.19260000000000033
1981-10-28 00:00:00,-0.19260000000000033
1981-10-29 00:00:00,-0.18260000000000054
1981-10-30 00:00:00,-0.18260000000000054
1981-11-02 00:00:00,-0.18260000000000054
1981-11-03 00:00:00,-0.18260000000000054
1981-11-04 00:00:00,-0.18260000000000054
1981-11-05 00:00:00,-0.18260000000000054
1981-11-06 00:00:00,-0.18260000000000054
1981-11-09 00:00:00,-0.1726000000000003
1981-11-10 00:00:00,-0.1726000000000003
1981-11-11 00:00:00,-0.1726000000000003
1981-11-12 00:00:00,-0.18260000000000054
1981-11-13 00:00:00,-0.18260000000000054
1981-11-16 00:00:00,-0.18260000000000054
1981-11-17 00:00:00,-0.18260000000000054
1981-11-18 00:00:00,-0.19260000000000033
1981-11-19 00:00:00,-0.18260000000000054
1981-11-20 00:00:00,-0.18260000000000054
1981-11-23 00:00:00,-0.18260000000000054
1981-11-24 00:00:00,-0.18260000000000054
1981-11-25 00:00:00,-0.18260000000000054
1981-11-27 00:00:00,-0.18260000000000054
1981-11-30 00:00:00,-0.19260000000000033
1981-12-01 00:00:00,-0.19260000000000033
1981-12-02 00:00:00,-0.19260000000000033
1981-12-03 00:00:00,-0.19260000000000033
1981-12-04 00:00:00,-0.19260000000000033
1981-12-07 00:00:00,-0.20260000000000056
1981-12-08 00:00:00,-0.20260000000000056
1981-12-09 00:00:00,-0.21260000000000034
1981-12-10 00:00:00,-0.23260000000000058
1981-12-11 00:00:00,-0.23260000000000058
1981-12-14 00:00:00,-0.22260000000000058
1981-12-15 00:00:00,-0.21260000000000034
1981-12-16 00:00:00,-0.22260000000000058
1981-12-17 00:00:00,-0.22260000000000058
1981-12-18 00:00:00,-0.21260000000000034
1981-12-21 00:00:00,-0.21260000000000034
1981-12-22 00:00:00,-0.22260000000000058
1981-12-23 00:00:00,-0.23260000000000058
1981-12-28 00:00:00,-0.2426000000000006
1981-12-29 00:00:00,-0.2526000000000006
1981-12-30 00:00:00,-0.2526000000000006
1981-12-31 00:00:00,-0.2526000000000006
1982-01-04 00:00:00,-0.2726000000000004
1982-01-05 00:00:00,-0.2726000000000004
1982-01-06 00:00:00,-0.2726000000000004
1982-01-07 00:00:00,-0.2726000000000004
1982-01-08 00:00:00,-0.2826000000000004
1982-01-11 00:00:00,-0.2826000000000004
1982-01-12 00:00:00,-0.2826000000000004
1982-01-13 00:00:00,-0.2726000000000004
1982-01-14 00:00:00,-0.2826000000000004
1982-01-15 00:00:00,-0.2626000000000004
1982-01-18 00:00:00,-0.2526000000000004
1982-01-19 00:00:00,-0.2726000000000004
1982-01-20 00:00:00,-0.2726000000000004
1982-01-21 00:00:00,-0.2826000000000004
1982-01-22 00:00:00,-0.2926000000000004
1982-01-25 00:00:00,-0.2726000000000004
1982-01-26 00:00:00,-0.2926000000000004
1982-01-27 00:00:00,-0.3026000000000004
1982-01-28 00:00:00,-0.32260000000000066
1982-01-29 00:00:00,-0.33260000000000045
1982-02-01 00:00:00,-0.35260000000000047
1982-02-02 00:00:00,-0.34260000000000046
1982-02-03 00:00:00,-0.35260000000000047
1982-02-04 00:00:00,-0.35260000000000047
1982-02-05 00:00:00,-0.34260000000000046
1982-02-08 00:00:00,-0.3626000000000005
1982-02-09 00:00:00,-0.3926000000000005
1982-02-10 00:00:00,-0.3726000000000005
1982-02-11 00:00:00,-0.35260000000000047
1982-02-12 00:00:00,-0.3726000000000005
1982-02-16 00:00:00,-0.3626000000000005
1982-02-17 00:00:00,-0.3726000000000005
1982-02-18 00:00:00,-0.3826000000000005
1982-02-19 00:00:00,-0.3826000000000005
1982-02-22 00:00:00,-0.3926000000000005
1982-02-23 00:00:00,-0.4026000000000005
1982-02-24 00:00:00,-0.4026000000000005
1982-02-25 00:00:00,-0.3926000000000005
1982-02-26 00:00:00,-0.4126000000000005
1982-03-01 00:00:00,-0.42260000000000053
1982-03-02 00:00:00,-0.42260000000000053
1982-03-03 00:00:00,-0.44260000000000055
1982-03-04 00:00:00,-0.45260000000000056
1982-03-05 00:00:00,-0.4726000000000006
1982-03-08 00:00:00,-0.5026000000000004
1982-03-09 00:00:00,-0.4726000000000006
1982-03-10 00:00:00,-0.44260000000000055
1982-03-11 00:00:00,-0.4726000000000006
1982-03-12 00:00:00,-0.45260000000000056
1982-03-15 00:00:00,-0.4726000000000006
1982-03-16 00:00:00,-0.4726000000000006
1982-03-17 00:00:00,-0.46260000000000057
1982-03-18 00:00:00,-0.45260000000000056
1982-03-19 00:00:00,-0.4726000000000006
1982-03-22 00:00:00,-0.45260000000000056
1982-03-23 00:00:00,-0.45260000000000056
1982-03-24 00:00:00,-0.45260000000000056
1982-03-25 00:00:00,-0.43260000000000054
1982-03-26 00:00:00,-0.42260000000000053
1982-03-29 00:00:00,-0.42260000000000053
1982-03-30 00:00:00,-0.4026000000000005
1982-03-31 00:00:00,-0.3826000000000005
1982-04-01 00:00:00,-0.3826000000000005
1982-04-02 00:00:00,-0.3826000000000005
1982-04-05 00:00:00,-0.3626000000000005
1982-04-06 00:00:00,-0.33260000000000045
1982-04-07 00:00:00,-0.3026000000000004
1982-04-08 00:00:00,-0.3026000000000004
1982-04-12 00:00:00,-0.31260000000000043
1982-04-13 00:00:00,-0.2926000000000004
1982-04-14 00:00:00,-0.2926000000000004
1982-04-15 00:00:00,-0.2926000000000004
1982-04-16 00:00:00,-0.3026000000000004
1982-04-19 00:00:00,-0.32260000000000066
1982-04-20 00:00:00,-0.31260000000000043
1982-04-21 00:00:00,-0.3026000000000004
1982-04-22 00:00:00,-0.2726000000000004
1982-04-23 00:00:00,-0.2626000000000004
1982-04-26 00:00:00,-0.2626000000000004
1982-04-27 00:00:00,-0.2826000000000004
1982-04-28 00:00:00,-0.2726000000000004
1982-04-29 00:00:00,-0.2826000000000004
1982-04-30 00:00:00,-0.2826000000000004
1982-05-03 00:00:00,-0.2826000000000004
1982-05-04 00:00:00,-0.2826000000000004
1982-05-05 00:00:00,-0.2826000000000004
1982-05-06 00:00:00,-0.2726000000000004
1982-05-07 00:00:00,-0.2526000000000004
1982-05-10 00:00:00,-0.23260000000000036
1982-05-11 00:00:00,-0.23260000000000036
1982-05-12 00:00:00,-0.23260000000000036
1982-05-13 00:00:00,-0.23260000000000036
1982-05-14 00:00:00,-0.22260000000000058
1982-05-17 00:00:00,-0.23260000000000036
1982-05-18 00:00:00,-0.2526000000000004
1982-05-19 00:00:00,-0.24260000000000037
1982-05-20 00:00:00,-0.24260000000000037
1982-05-21 00:00:00,-0.23260000000000036
1982-05-24 00:00:00,-0.22260000000000035
1982-05-25 00:00:00,-0.23260000000000036
1982-05-26 00:00:00,-0.22260000000000035
1982-05-27 00:00:00,-0.24260000000000037
1982-05-28 00:00:00,-0.2526000000000004
1982-06-01 00:00:00,-0.2726000000000004
1982-06-02 00:00:00,-0.2726000000000004
1982-06-03 00:00:00,-0.2726000000000004
1982-06-04 00:00:00,-0.2626000000000004
1982-06-07 00:00:00,-0.24260000000000037
1982-06-08 00:00:00,-0.21260000000000034
1982-06-09 00:00:00,-0.22260000000000035
1982-06-10 00:00:00,-0.22260000000000035
1982-06-11 00:00:00,-0.24260000000000037
1982-06-14 00:00:00,-0.24260000000000037
1982-06-15 00:00:00,-0.2526000000000004
1982-06-16 00:00:00,-0.2626000000000004
1982-06-17 00:00:00,-0.2826000000000004
1982-06-18 00:00:00,-0.2826000000000004
1982-06-21 00:00:00,-0.2926000000000004
1982-06-22 00:00:00,-0.31260000000000043
1982-06-23 00:00:00,-0.3026000000000004
1982-06-24 00:00:00,-0.3026000000000004
1982-06-25 00:00:00,-0.2926000000000004
1982-06-28 00:00:00,-0.2726000000000004
1982-06-29 00:00:00,-0.2826000000000004
1982-06-30 00:00:00,-0.2926000000000004
1982-07-01 00:00:00,-0.2926000000000004
1982-07-02 00:00:00,-0.2826000000000004
1982-07-06 00:00:00,-0.2826000000000004
1982-07-07 00:00:00,-0.2926000000000004
1982-07-08 00:00:00,-0.2926000000000004
1982-07-09 00:00:00,-0.2826000000000004
1982-07-12 00:00:00,-0.3026000000000004
1982-07-13 00:00:00,-0.3026000000000004
1982-07-14 00:00:00,-0.3026000000000004
1982-07-15 00:00:00,-0.2926000000000004
1982-07-16 00:00:00,-0.2726000000000004
1982-07-19 00:00:00,-0.3026000000000004
1982-07-20 00:00:00,-0.2926000000000004
1982-07-21 00:00:00,-0.3026000000000004
1982-07-22 00:00:00,-0.2826000000000004
1982-07-23 00:00:00,-0.2926000000000004
1982-07-26 00:00:00,-0.31260000000000043
1982-07-27 00:00:00,-0.31260000000000043
1982-07-28 00:00:00,-0.3026000000000004
1982-07-29 00:00:00,-0.2926000000000004
1982-07-30 00:00:00,-0.2926000000000004
1982-08-02 00:00:00,-0.2926000000000004
1982-08-03 00:00:00,-0.3026000000000004
1982-08-04 00:00:00,-0.2926000000000004
1982-08-05 00:00:00,-0.2726000000000004
1982-08-06 00:00:00,-0.2826000000000004
1982-08-09 00:00:00,-0.2626000000000004
1982-08-10 00:00:00,-0.2526000000000004
1982-08-11 00:00:00,-0.2626000000000004
1982-08-12 00:00:00,-0.2826000000000004
1982-08-13 00:00:00,-0.2826000000000004
1982-08-16 00:00:00,-0.2926000000000004
1982-08-17 00:00:00,-0.2926000000000004
1982-08-18 00:00:00,-0.2826000000000004
1982-08-19 00:00:00,-0.2826000000000004
1982-08-20 00:00:00,-0.2726000000000004
1982-08-23 00:00:00,-0.2626000000000004
1982-08-24 00:00:00,-0.2726000000000004
1982-08-25 00:00:00,-0.2626000000000004
1982-08-26 00:00:00,-0.2526000000000004
1982-08-27 00:00:00,-0.2626000000000004
1982-08-30 00:00:00,-0.2526000000000004
1982-08-31 00:00:00,-0.24260000000000037
1982-09-01 00:00:00,-0.24260000000000037
1982-09-02 00:00:00,-0.24260000000000037
1982-09-03 00:00:00,-0.23260000000000036
1982-09-07 00:00:00,-0.22260000000000035
1982-09-08 00:00:00,-0.22260000000000035
1982-09-09 00:00:00,-0.22260000000000035
1982-09-10 00:00:00,-0.23260000000000036
1982-09-13 00:00:00,-0.23260000000000036
1982-09-14 00:00:00,-0.22260000000000035
1982-09-15 00:00:00,-0.22260000000000035
1982-09-16 00:00:00,-0.21260000000000034
1982-09-17 00:00:00,-0.21260000000000034
1982-09-20 00:00:00,-0.21260000000000034
1982-09-21 00:00:00,-0.21260000000000034
1982-09-22 00:00:00,-0.19260000000000033
1982-09-23 00:00:00,-0.1826000000000001
1982-09-24 00:00:00,-0.19260000000000033
1982-09-27 00:00:00,-0.19260000000000033
1982-09-28 00:00:00,-0.1826000000000001
1982-09-29 00:00:00,-0.19260000000000033
1982-09-30 00:00:00,-0.2026000000000001
1982-10-01 00:00:00,-0.19260000000000033
1982-10-04 00:00:00,-0.1826000000000001
1982-10-05 00:00:00,-0.19260000000000033
1982-10-06 00:00:00,-0.19260000000000033
1982-10-07 00:00:00,-0.19260000000000033
1982-10-08 00:00:00,-0.19260000000000033
1982-10-11 00:00:00,-0.19260000000000033
1982-10-12 00:00:00,-0.19260000000000033
1982-10-13 00:00:00,-0.1726000000000003
1982-10-14 00:00:00,-0.16260000000000008
1982-10-15 00:00:00,-0.16260000000000008
1982-10-18 00:00:00,-0.16260000000000008
1982-10-19 00:00:00,-0.16260000000000008
1982-10-20 00:00:00,-0.16260000000000008
1982-10-21 00:00:00,-0.1826000000000001
1982-10-22 00:00:00,-0.1826000000000001
1982-10-25 00:00:00,-0.19260000000000033
1982-10-26 00:00:00,-0.19260000000000033
1982-10-27 00:00:00,-0.21260000000000034
1982-10-28 00:00:00,-0.21260000000000034
1982-10-29 00:00:00,-0.21260000000000034
1982-11-01 00:00:00,-0.21260000000000034
1982-11-03 00:00:00,-0.23260000000000036
1982-11-04 00:00:00,-0.21260000000000034
1982-11-05 00:00:00,-0.21260000000000034
1982-11-08 00:00:00,-0.22260000000000035
1982-11-09 00:00:00,-0.22260000000000035
1982-11-10 00:00:00,-0.21260000000000034
1982-11-11 00:00:00,-0.23260000000000036
1982-11-12 00:00:00,-0.23260000000000036
1982-11-15 00:00:00,-0.2526000000000004
1982-11-16 00:00:00,-0.2626000000000004
1982-11-17 00:00:00,-0.2626000000000004
1982-11-18 00:00:00,-0.2626000000000004
1982-11-19 00:00:00,-0.2826000000000004
1982-11-22 00:00:00,-0.2926000000000004
1982-11-23 00:00:00,-0.31260000000000043
1982-11-24 00:00:00,-0.32260000000000066
1982-11-26 00:00:00,-0.34260000000000046
1982-11-29 00:00:00,-0.31260000000000043
1982-11-30 00:00:00,-0.33260000000000045
1982-12-01 00:00:00,-0.34260000000000046
1982-12-02 00:00:00,-0.3626000000000005
1982-12-03 00:00:00,-0.3626000000000005
1982-12-06 00:00:00,-0.37260000000000026
1982-12-07 00:00:00,-0.35260000000000047
1982-12-08 00:00:00,-0.33260000000000045
1982-12-09 00:00:00,-0.3026000000000004
1982-12-10 00:00:00,-0.3026000000000004
1982-12-13 00:00:00,-0.2926000000000004
1982-12-14 00:00:00,-0.31260000000000043
1982-12-15 00:00:00,-0.32260000000000066
1982-12-16 00:00:00,-0.31260000000000043
1982-12-17 00:00:00,-0.3026000000000004
1982-12-20 00:00:00,-0.32260000000000066
1982-12-21 00:00:00,-0.35260000000000025
1982-12-22 00:00:00,-0.34260000000000046
1982-12-23 00:00:00,-0.35260000000000025
1982-12-27 00:00:00,-0.37260000000000026
1982-12-28 00:00:00,-0.35260000000000025
1982-12-29 00:00:00,-0.33260000000000045
1982-12-30 00:00:00,-0.34260000000000046
1983-01-03 00:00:00,-0.36260000000000026
1983-01-04 00:00:00,-0.35260000000000025
1983-01-05 00:00:00,-0.34260000000000046
1983-01-06 00:00:00,-0.35260000000000025
1983-01-07 00:00:00,-0.35260000000000025
1983-01-10 00:00:00,-0.35260000000000025
1983-01-11 00:00:00,-0.36260000000000026
1983-01-12 00:00:00,-0.36260000000000026
1983-01-13 00:00:00,-0.36260000000000026
1983-01-14 00:00:00,-0.35260000000000025
1983-01-17 00:00:00,-0.34260000000000024
1983-01-18 00:00:00,-0.35260000000000025
1983-01-19 00:00:00,-0.33260000000000023
1983-01-20 00:00:00,-0.31260000000000043
1983-01-21 00:00:00,-0.33260000000000023
1983-01-24 00:00:00,-0.35260000000000025
1983-01-25 00:00:00,-0.3826000000000003
1983-01-26 00:00:00,-0.3926000000000003
1983-01-27 00:00:00,-0.4126000000000003
1983-01-28 00:00:00,-0.4126000000000003
1983-01-31 00:00:00,-0.4326000000000003
1983-02-01 00:00:00,-0.4226000000000003
1983-02-02 00:00:00,-0.4226000000000003
1983-02-03 00:00:00,-0.4226000000000003
1983-02-04 00:00:00,-0.4026000000000003
1983-02-07 00:00:00,-0.3926000000000003
1983-02-08 00:00:00,-0.4126000000000003
1983-02-09 00:00:00,-0.4126000000000003
1983-02-10 00:00:00,-0.4126000000000003
1983-02-11 00:00:00,-0.4026000000000003
1983-02-14 00:00:00,-0.4026000000000003
1983-02-15 00:00:00,-0.4026000000000003
1983-02-16 00:00:00,-0.4126000000000003
1983-02-17 00:00:00,-0.4326000000000003
1983-02-18 00:00:00,-0.4326000000000003
1983-02-22 00:00:00,-0.45260000000000034
1983-02-23 00:00:00,-0.4326000000000003
1983-02-24 00:00:00,-0.4226000000000003
1983-02-25 00:00:00,-0.4226000000000003
1983-02-28 00:00:00,-0.4326000000000003
1983-03-01 00:00:00,-0.4126000000000003
1983-03-02 00:00:00,-0.4126000000000003
1983-03-03 00:00:00,-0.4126000000000003
1983-03-04 00:00:00,-0.4226000000000003
1983-03-07 00:00:00,-0.4326000000000003
1983-03-08 00:00:00,-0.4326000000000003
1983-03-09 00:00:00,-0.4226000000000003
1983-03-10 00:00:00,-0.4326000000000003
1983-03-11 00:00:00,-0.4226000000000003
1983-03-14 00:00:00,-0.4026000000000003
1983-03-15 00:00:00,-0.3926000000000003
1983-03-16 00:00:00,-0.4026000000000003
1983-03-17 00:00:00,-0.4126000000000003
1983-03-18 00:00:00,-0.4026000000000003
1983-03-21 00:00:00,-0.4126000000000003
1983-03-22 00:00:00,-0.3926000000000003
1983-03-23 00:00:00,-0.3926000000000003
1983-03-24 00:00:00,-0.37260000000000026
1983-03-25 00:00:00,-0.3826000000000003
1983-03-28 00:00:00,-0.36260000000000026
1983-03-29 00:00:00,-0.37260000000000026
1983-03-30 00:00:00,-0.37260000000000026
1983-03-31 00:00:00,-0.3826000000000003
1983-04-04 00:00:00,-0.36260000000000026
1983-04-05 00:00:00,-0.35260000000000025
1983-04-06 00:00:00,-0.35260000000000025
1983-04-07 00:00:00,-0.34260000000000024
1983-04-08 00:00:00,-0.33260000000000023
1983-04-11 00:00:00,-0.33260000000000023
1983-04-12 00:00:00,-0.3226000000000002
1983-04-13 00:00:00,-0.3226000000000002
1983-04-14 00:00:00,-0.33260000000000023
1983-04-15 00:00:00,-0.34260000000000024
1983-04-18 00:00:00,-0.3226000000000002
1983-04-19 00:00:00,-0.3126000000000002
1983-04-20 00:00:00,-0.3026000000000002
1983-04-21 00:00:00,-0.3126000000000002
1983-04-22 00:00:00,-0.3026000000000002
1983-04-25 00:00:00,-0.3126000000000002
1983-04-26 00:00:00,-0.3126000000000002
1983-04-27 00:00:00,-0.3126000000000002
1983-04-28 00:00:00,-0.3226000000000002
1983-04-29 00:00:00,-0.33260000000000023
1983-05-02 00:00:00,-0.34260000000000024
1983-05-03 00:00:00,-0.35260000000000025
1983-05-04 00:00:00,-0.35260000000000025
1983-05-05 00:00:00,-0.35260000000000025
1983-05-06 00:00:00,-0.34260000000000024
1983-05-09 00:00:00,-0.36260000000000026
1983-05-10 00:00:00,-0.36260000000000026
1983-05-11 00:00:00,-0.36260000000000026
1983-05-12 00:00:00,-0.37260000000000026
1983-05-13 00:00:00,-0.37260000000000026
1983-05-16 00:00:00,-0.35260000000000025
1983-05-17 00:00:00,-0.35260000000000025
1983-05-18 00:00:00,-0.35260000000000025
1983-05-19 00:00:00,-0.35260000000000025
1983-05-20 00:00:00,-0.33260000000000023
1983-05-23 00:00:00,-0.33260000000000023
1983-05-24 00:00:00,-0.34260000000000024
1983-05-25 00:00:00,-0.34260000000000024
1983-05-26 00:00:00,-0.3226000000000002
1983-05-27 00:00:00,-0.33260000000000023
1983-05-31 00:00:00,-0.34260000000000024
1983-06-01 00:00:00,-0.34260000000000024
1983-06-02 00:00:00,-0.33260000000000023
1983-06-03 00:00:00,-0.33260000000000023
1983-06-06 00:00:00,-0.33260000000000023
1983-06-07 00:00:00,-0.3226000000000002
1983-06-08 00:00:00,-0.3226000000000002
1983-06-09 00:00:00,-0.3226000000000002
1983-06-10 00:00:00,-0.3226000000000002
1983-06-13 00:00:00,-0.3026000000000004
1983-06-14 00:00:00,-0.3126000000000002
1983-06-15 00:00:00,-0.3026000000000004
1983-06-16 00:00:00,-0.2926000000000004
1983-06-17 00:00:00,-0.2926000000000004
1983-06-20 00:00:00,-0.2926000000000004
1983-06-21 00:00:00,-0.3026000000000004
1983-06-22 00:00:00,-0.3226000000000002
1983-06-23 00:00:00,-0.3026000000000004
1983-06-24 00:00:00,-0.3026000000000004
1983-06-27 00:00:00,-0.3026000000000004
1983-06-28 00:00:00,-0.3026000000000004
1983-06-29 00:00:00,-0.31260000000000043
1983-06-30 00:00:00,-0.3026000000000004
1983-07-01 00:00:00,-0.3026000000000004
1983-07-05 00:00:00,-0.31260000000000043
1983-07-06 00:00:00,-0.3226000000000002
1983-07-07 00:00:00,-0.3026000000000004
1983-07-08 00:00:00,-0.3026000000000004
1983-07-11 00:00:00,-0.3026000000000004
1983-07-12 00:00:00,-0.2926000000000004
1983-07-13 00:00:00,-0.2826000000000004
1983-07-14 00:00:00,-0.2926000000000004
1983-07-15 00:00:00,-0.2926000000000004
1983-07-18 00:00:00,-0.2926000000000004
1983-07-19 00:00:00,-0.2926000000000004
1983-07-20 00:00:00,-0.2926000000000004
1983-07-21 00:00:00,-0.2926000000000004
1983-07-22 00:00:00,-0.2926000000000004
1983-07-25 00:00:00,-0.3026000000000004
1983-07-26 00:00:00,-0.2926000000000004
1983-07-27 00:00:00,-0.2826000000000004
1983-07-28 00:00:00,-0.2826000000000004
1983-07-29 00:00:00,-0.2826000000000004
1983-08-01 00:00:00,-0.2726000000000004
1983-08-02 00:00:00,-0.2726000000000004
1983-08-03 00:00:00,-0.2826000000000004
1983-08-04 00:00:00,-0.2726000000000004
1983-08-05 00:00:00,-0.2726000000000004
1983-08-08 00:00:00,-0.2826000000000004
1983-08-09 00:00:00,-0.2826000000000004
1983-08-10 00:00:00,-0.2726000000000004
1983-08-11 00:00:00,-0.2726000000000004
1983-08-12 00:00:00,-0.2726000000000004
1983-08-15 00:00:00,-0.2726000000000004
1983-08-16 00:00:00,-0.2726000000000004
1983-08-17 00:00:00,-0.2726000000000004
1983-08-18 00:00:00,-0.2726000000000004
1983-08-19 00:00:00,-0.2726000000000004
1983-08-22 00:00:00,-0.2826000000000004
1983-08-23 00:00:00,-0.2826000000000004
1983-08-24 00:00:00,-0.2926000000000004
1983-08-25 00:00:00,-0.2826000000000004
1983-08-26 00:00:00,-0.2826000000000004
1983-08-29 00:00:00,-0.2926000000000004
1983-08-30 00:00:00,-0.2826000000000004
1983-08-31 00:00:00,-0.2926000000000004
1983-09-01 00:00:00,-0.2926000000000004
1983-09-02 00:00:00,-0.3026000000000004
1983-09-06 00:00:00,-0.3026000000000004
1983-09-07 00:00:00,-0.3026000000000004
1983-09-08 00:00:00,-0.31260000000000043
1983-09-09 00:00:00,-0.31260000000000043
1983-09-12 00:00:00,-0.31260000000000043
1983-09-13 00:00:00,-0.31260000000000043
1983-09-14 00:00:00,-0.3026000000000004
1983-09-15 00:00:00,-0.2926000000000004
1983-09-16 00:00:00,-0.2926000000000004
1983-09-19 00:00:00,-0.2926000000000004
1983-09-20 00:00:00,-0.2926000000000004
1983-09-21 00:00:00,-0.2826000000000004
1983-09-22 00:00:00,-0.2926000000000004
1983-09-23 00:00:00,-0.2926000000000004
1983-09-26 00:00:00,-0.3026000000000004
1983-09-27 00:00:00,-0.3026000000000004
1983-09-28 00:00:00,-0.31260000000000043
1983-09-29 00:00:00,-0.32260000000000066
1983-09-30 00:00:00,-0.34260000000000046
1983-10-03 00:00:00,-0.36260000000000026
1983-10-04 00:00:00,-0.34260000000000046
1983-10-05 00:00:00,-0.34260000000000046
1983-10-06 00:00:00,-0.34260000000000046
1983-10-07 00:00:00,-0.33260000000000045
1983-10-10 00:00:00,-0.32260000000000066
1983-10-11 00:00:00,-0.33260000000000045
1983-10-12 00:00:00,-0.33260000000000045
1983-10-13 00:00:00,-0.33260000000000045
1983-10-14 00:00:00,-0.33260000000000045
1983-10-17 00:00:00,-0.33260000000000045
1983-10-18 00:00:00,-0.33260000000000045
1983-10-19 00:00:00,-0.34260000000000046
1983-10-20 00:00:00,-0.34260000000000046
1983-10-21 00:00:00,-0.34260000000000046
1983-10-24 00:00:00,-0.34260000000000046
1983-10-25 00:00:00,-0.34260000000000046
1983-10-26 00:00:00,-0.35260000000000025
1983-10-27 00:00:00,-0.34260000000000046
1983-10-28 00:00:00,-0.34260000000000046
1983-10-31 00:00:00,-0.34260000000000046
1983-11-01 00:00:00,-0.34260000000000046
1983-11-02 00:00:00,-0.33260000000000045
1983-11-03 00:00:00,-0.32260000000000066
1983-11-04 00:00:00,-0.32260000000000066
1983-11-07 00:00:00,-0.33260000000000045
1983-11-08 00:00:00,-0.33260000000000045
1983-11-09 00:00:00,-0.33260000000000045
1983-11-10 00:00:00,-0.34260000000000046
1983-11-11 00:00:00,-0.34260000000000046
1983-11-14 00:00:00,-0.34260000000000046
1983-11-15 00:00:00,-0.35260000000000025
1983-11-16 00:00:00,-0.35260000000000025
1983-11-17 00:00:00,-0.37260000000000026
1983-11-18 00:00:00,-0.36260000000000026
1983-11-21 00:00:00,-0.36260000000000026
1983-11-22 00:00:00,-0.37260000000000026
1983-11-23 00:00:00,-0.37260000000000026
1983-11-28 00:00:00,-0.35260000000000025
1983-11-29 00:00:00,-0.36260000000000026
1983-11-30 00:00:00,-0.3826000000000003
1983-12-01 00:00:00,-0.37260000000000026
1983-12-02 00:00:00,-0.36260000000000026
1983-12-05 00:00:00,-0.36260000000000026
1983-12-06 00:00:00,-0.36260000000000026
1983-12-07 00:00:00,-0.37260000000000026
1983-12-08 00:00:00,-0.36260000000000026
1983-12-09 00:00:00,-0.36260000000000026
1983-12-12 00:00:00,-0.36260000000000026
1983-12-13 00:00:00,-0.36260000000000026
1983-12-14 00:00:00,-0.36260000000000026
1983-12-15 00:00:00,-0.3826000000000003
1983-12-16 00:00:00,-0.3926000000000003
1983-12-19 00:00:00,-0.3826000000000003
1983-12-20 00:00:00,-0.36260000000000026
1983-12-21 00:00:00,-0.35260000000000025
1983-12-22 00:00:00,-0.34260000000000024
1983-12-23 00:00:00,-0.3226000000000002
1983-12-27 00:00:00,-0.3026000000000004
1983-12-28 00:00:00,-0.3026000000000004
1983-12-29 00:00:00,-0.3226000000000002
1983-12-30 00:00:00,-0.33260000000000023
1984-01-03 00:00:00,-0.34260000000000024
1984-01-04 00:00:00,-0.34260000000000024
1984-01-05 00:00:00,-0.35260000000000025
1984-01-06 00:00:00,-0.35260000000000025
1984-01-09 00:00:00,-0.33260000000000023
1984-01-10 00:00:00,-0.33260000000000023
1984-01-11 00:00:00,-0.3226000000000002
1984-01-12 00:00:00,-0.3226000000000002
1984-01-13 00:00:00,-0.3126000000000002
1984-01-16 00:00:00,-0.2926000000000004
1984-01-17 00:00:00,-0.3026000000000004
1984-01-18 00:00:00,-0.2926000000000004
1984-01-19 00:00:00,-0.2826000000000004
1984-01-20 00:00:00,-0.2926000000000004
1984-01-23 00:00:00,-0.31260000000000043
1984-01-24 00:00:00,-0.3026000000000004
1984-01-25 00:00:00,-0.2926000000000004
1984-01-26 00:00:00,-0.2926000000000004
1984-01-27 00:00:00,-0.2926000000000004
1984-01-30 00:00:00,-0.31260000000000043
1984-01-31 00:00:00,-0.2926000000000004
1984-02-01 00:00:00,-0.2726000000000004
1984-02-02 00:00:00,-0.2826000000000004
1984-02-03 00:00:00,-0.2826000000000004
1984-02-06 00:00:00,-0.2826000000000004
1984-02-07 00:00:00,-0.2926000000000004
1984-02-08 00:00:00,-0.2926000000000004
1984-02-09 00:00:00,-0.3026000000000004
1984-02-10 00:00:00,-0.3026000000000004
1984-02-13 00:00:00,-0.32260000000000066
1984-02-14 00:00:00,-0.31260000000000043
1984-02-15 00:00:00,-0.31260000000000043
1984-02-16 00:00:00,-0.31260000000000043
1984-02-17 00:00:00,-0.31260000000000043
1984-02-21 00:00:00,-0.31260000000000043
1984-02-22 00:00:00,-0.31260000000000043
1984-02-23 00:00:00,-0.31260000000000043
1984-02-24 00:00:00,-0.3026000000000004
1984-02-27 00:00:00,-0.2826000000000004
1984-02-28 00:00:00,-0.2926000000000004
1984-02-29 00:00:00,-0.2926000000000004
1984-03-01 00:00:00,-0.2826000000000004
1984-03-02 00:00:00,-0.2826000000000004
1984-03-05 00:00:00,-0.2726000000000004
1984-03-06 00:00:00,-0.2826000000000004
1984-03-07 00:00:00,-0.2826000000000004
1984-03-08 00:00:00,-0.2826000000000004
1984-03-09 00:00:00,-0.2826000000000004
1984-03-12 00:00:00,-0.2826000000000004
1984-03-13 00:00:00,-0.2826000000000004
1984-03-14 00:00:00,-0.2926000000000004
1984-03-15 00:00:00,-0.2926000000000004
1984-03-16 00:00:00,-0.3026000000000004
1984-03-19 00:00:00,-0.2926000000000004
1984-03-20 00:00:00,-0.2926000000000004
1984-03-21 00:00:00,-0.3026000000000004
1984-03-22 00:00:00,-0.3026000000000004
1984-03-23 00:00:00,-0.2926000000000004
1984-03-26 00:00:00,-0.2926000000000004
1984-03-27 00:00:00,-0.2926000000000004
1984-03-28 00:00:00,-0.2926000000000004
1984-03-29 00:00:00,-0.2826000000000004
1984-03-30 00:00:00,-0.2826000000000004
1984-04-02 00:00:00,-0.2926000000000004
1984-04-03 00:00:00,-0.2826000000000004
1984-04-04 00:00:00,-0.2826000000000004
1984-04-05 00:00:00,-0.2926000000000004
1984-04-06 00:00:00,-0.2926000000000004
1984-04-09 00:00:00,-0.2926000000000004
1984-04-10 00:00:00,-0.2826000000000004
1984-04-11 00:00:00,-0.2826000000000004
1984-04-12 00:00:00,-0.2826000000000004
1984-04-13 00:00:00,-0.2826000000000004
1984-04-16 00:00:00,-0.2826000000000004
1984-04-17 00:00:00,-0.2826000000000004
1984-04-18 00:00:00,-0.2826000000000004
1984-04-19 00:00:00,-0.2826000000000004
1984-04-23 00:00:00,-0.2726000000000004
1984-04-24 00:00:00,-0.2726000000000004
1984-04-25 00:00:00,-0.2826000000000004
1984-04-26 00:00:00,-0.2826000000000004
1984-04-27 00:00:00,-0.2926000000000004
1984-04-30 00:00:00,-0.2926000000000004
1984-05-01 00:00:00,-0.2826000000000004
1984-05-02 00:00:00,-0.2826000000000004
1984-05-03 00:00:00,-0.2826000000000004
1984-05-04 00:00:00,-0.2726000000000004
1984-05-07 00:00:00,-0.2826000000000004
1984-05-08 00:00:00,-0.2826000000000004
1984-05-09 00:00:00,-0.2626000000000004
1984-05-10 00:00:00,-0.2526000000000004
1984-05-11 00:00:00,-0.2626000000000004
1984-05-14 00:00:00,-0.2526000000000004
1984-05-15 00:00:00,-0.2626000000000004
1984-05-16 00:00:00,-0.24260000000000037
1984-05-17 00:00:00,-0.24260000000000037
1984-05-18 00:00:00,-0.24260000000000037
1984-05-21 00:00:00,-0.24260000000000037
1984-05-22 00:00:00,-0.24260000000000037
1984-05-23 00:00:00,-0.2526000000000004
1984-05-24 00:00:00,-0.24260000000000037
1984-05-25 00:00:00,-0.24260000000000037
1984-05-29 00:00:00,-0.2526000000000004
1984-05-30 00:00:00,-0.2526000000000004
1984-05-31 00:00:00,-0.24260000000000037
1984-06-01 00:00:00,-0.2526000000000004
1984-06-04 00:00:00,-0.24260000000000037
1984-06-05 00:00:00,-0.24260000000000037
1984-06-06 00:00:00,-0.2526000000000004
1984-06-07 00:00:00,-0.2726000000000004
1984-06-08 00:00:00,-0.2726000000000004
1984-06-11 00:00:00,-0.2826000000000004
1984-06-12 00:00:00,-0.2926000000000004
1984-06-13 00:00:00,-0.2926000000000004
1984-06-14 00:00:00,-0.2926000000000004
1984-06-15 00:00:00,-0.3026000000000004
1984-06-18 00:00:00,-0.3026000000000004
1984-06-19 00:00:00,-0.3026000000000004
1984-06-20 00:00:00,-0.3026000000000004
1984-06-21 00:00:00,-0.31260000000000043
1984-06-22 00:00:00,-0.31260000000000043
1984-06-25 00:00:00,-0.2926000000000004
1984-06-26 00:00:00,-0.3026000000000004
1984-06-27 00:00:00,-0.31260000000000043
1984-06-28 00:00:00,-0.31260000000000043
1984-06-29 00:00:00,-0.3026000000000004
1984-07-02 00:00:00,-0.31260000000000043
1984-07-03 00:00:00,-0.31260000000000043
1984-07-05 00:00:00,-0.31260000000000043
1984-07-06 00:00:00,-0.31260000000000043
1984-07-09 00:00:00,-0.31260000000000043
1984-07-10 00:00:00,-0.31260000000000043
1984-07-11 00:00:00,-0.31260000000000043
1984-07-12 00:00:00,-0.32260000000000066
1984-07-13 00:00:00,-0.32260000000000066
1984-07-16 00:00:00,-0.32260000000000066
1984-07-17 00:00:00,-0.32260000000000066
1984-07-18 00:00:00,-0.32260000000000066
1984-07-19 00:00:00,-0.33260000000000045
1984-07-20 00:00:00,-0.33260000000000045
1984-07-23 00:00:00,-0.34260000000000046
1984-07-24 00:00:00,-0.35260000000000047
1984-07-25 00:00:00,-0.35260000000000047
1984-07-26 00:00:00,-0.3626000000000005
1984-07-27 00:00:00,-0.3626000000000005
1984-07-30 00:00:00,-0.3726000000000005
1984-07-31 00:00:00,-0.3726000000000005
1984-08-01 00:00:00,-0.35260000000000047
1984-08-02 00:00:00,-0.32260000000000066
1984-08-03 00:00:00,-0.33260000000000045
1984-08-06 00:00:00,-0.32260000000000066
1984-08-07 00:00:00,-0.31260000000000043
1984-08-08 00:00:00,-0.32260000000000066
1984-08-09 00:00:00,-0.32260000000000066
1984-08-10 00:00:00,-0.33260000000000045
1984-08-13 00:00:00,-0.33260000000000045
1984-08-14 00:00:00,-0.32260000000000066
1984-08-15 00:00:00,-0.32260000000000066
1984-08-16 00:00:00,-0.32260000000000066
1984-08-17 00:00:00,-0.32260000000000066
1984-08-20 00:00:00,-0.32260000000000066
1984-08-21 00:00:00,-0.31260000000000043
1984-08-22 00:00:00,-0.3026000000000004
1984-08-23 00:00:00,-0.31260000000000043
1984-08-24 00:00:00,-0.3026000000000004
1984-08-27 00:00:00,-0.3026000000000004
1984-08-28 00:00:00,-0.3026000000000004
1984-08-29 00:00:00,-0.31260000000000043
1984-08-30 00:00:00,-0.32260000000000066
1984-08-31 00:00:00,-0.32260000000000066
1984-09-04 00:00:00,-0.32260000000000066
1984-09-05 00:00:00,-0.33260000000000045
1984-09-06 00:00:00,-0.32260000000000066
1984-09-07 00:00:00,-0.32260000000000066
1984-09-10 00:00:00,-0.31260000000000043
1984-09-11 00:00:00,-0.3026000000000004
1984-09-12 00:00:00,-0.31260000000000043
1984-09-13 00:00:00,-0.31260000000000043
1984-09-14 00:00:00,-0.31260000000000043
1984-09-17 00:00:00,-0.31260000000000043
1984-09-18 00:00:00,-0.3026000000000004
1984-09-19 00:00:00,-0.2926000000000004
1984-09-20 00:00:00,-0.2926000000000004
1984-09-21 00:00:00,-0.2926000000000004
1984-09-24 00:00:00,-0.2926000000000004
1984-09-25 00:00:00,-0.2926000000000004
1984-09-26 00:00:00,-0.2826000000000004
1984-09-27 00:00:00,-0.2926000000000004
1984-09-28 00:00:00,-0.2926000000000004
1984-10-01 00:00:00,-0.2826000000000004
1984-10-02 00:00:00,-0.2926000000000004
1984-10-03 00:00:00,-0.2926000000000004
1984-10-04 00:00:00,-0.2926000000000004
1984-10-05 00:00:00,-0.3026000000000004
1984-10-08 00:00:00,-0.31260000000000043
1984-10-09 00:00:00,-0.3026000000000004
1984-10-10 00:00:00,-0.31260000000000043
1984-10-11 00:00:00,-0.3226000000000002
1984-10-12 00:00:00,-0.33260000000000023
1984-10-15 00:00:00,-0.34260000000000024
1984-10-16 00:00:00,-0.34260000000000024
1984-10-17 00:00:00,-0.36260000000000026
1984-10-18 00:00:00,-0.37260000000000026
1984-10-19 00:00:00,-0.37260000000000026
1984-10-22 00:00:00,-0.35260000000000025
1984-10-23 00:00:00,-0.35260000000000025
1984-10-24 00:00:00,-0.34260000000000024
1984-10-25 00:00:00,-0.33260000000000023
1984-10-26 00:00:00,-0.34260000000000024
1984-10-29 00:00:00,-0.35260000000000025
1984-10-30 00:00:00,-0.36260000000000026
1984-10-31 00:00:00,-0.34260000000000024
1984-11-01 00:00:00,-0.33260000000000023
1984-11-02 00:00:00,-0.34260000000000024
1984-11-05 00:00:00,-0.35260000000000025
1984-11-06 00:00:00,-0.34260000000000024
1984-11-07 00:00:00,-0.33260000000000023
1984-11-08 00:00:00,-0.34260000000000024
1984-11-09 00:00:00,-0.34260000000000024
1984-11-12 00:00:00,-0.35260000000000025
1984-11-13 00:00:00,-0.34260000000000024
1984-11-14 00:00:00,-0.34260000000000024
1984-11-15 00:00:00,-0.34260000000000024
1984-11-16 00:00:00,-0.35260000000000025
1984-11-19 00:00:00,-0.36260000000000026
1984-11-20 00:00:00,-0.35260000000000025
1984-11-21 00:00:00,-0.36260000000000026
1984-11-26 00:00:00,-0.3826000000000003
1984-11-27 00:00:00,-0.37260000000000026
1984-11-28 00:00:00,-0.37260000000000026
1984-11-29 00:00:00,-0.36260000000000026
1984-11-30 00:00:00,-0.37260000000000026
1984-12-03 00:00:00,-0.37260000000000026
1984-12-04 00:00:00,-0.36260000000000026
1984-12-05 00:00:00,-0.35260000000000025
1984-12-06 00:00:00,-0.36260000000000026
1984-12-07 00:00:00,-0.36260000000000026
1984-12-10 00:00:00,-0.37260000000000026
1984-12-11 00:00:00,-0.37260000000000026
1984-12-12 00:00:00,-0.3826000000000003
1984-12-13 00:00:00,-0.3826000000000003
1984-12-14 00:00:00,-0.3826000000000003
1984-12-17 00:00:00,-0.3926000000000003
1984-12-18 00:00:00,-0.3926000000000003
1984-12-19 00:00:00,-0.4026000000000003
1984-12-20 00:00:00,-0.4026000000000003
1984-12-21 00:00:00,-0.3926000000000003
1984-12-26 00:00:00,-0.3826000000000003
1984-12-27 00:00:00,-0.4026000000000003
1984-12-28 00:00:00,-0.4026000000000003
1985-01-02 00:00:00,-0.4226000000000003
1985-01-03 00:00:00,-0.4226000000000003
1985-01-04 00:00:00,-0.4326000000000003
1985-01-07 00:00:00,-0.4126000000000003
1985-01-08 00:00:00,-0.4226000000000003
1985-01-09 00:00:00,-0.4226000000000003
1985-01-10 00:00:00,-0.4126000000000003
1985-01-11 00:00:00,-0.4026000000000003
1985-01-14 00:00:00,-0.3926000000000003
1985-01-15 00:00:00,-0.3926000000000003
1985-01-16 00:00:00,-0.4026000000000003
1985-01-17 00:00:00,-0.4026000000000003
1985-01-18 00:00:00,-0.4026000000000003
1985-01-21 00:00:00,-0.4026000000000003
1985-01-22 00:00:00,-0.4126000000000003
1985-01-23 00:00:00,-0.4126000000000003
1985-01-24 00:00:00,-0.4126000000000003
1985-01-25 00:00:00,-0.4126000000000003
1985-01-28 00:00:00,-0.4226000000000003
1985-01-29 00:00:00,-0.4126000000000003
1985-01-30 00:00:00,-0.4126000000000003
1985-01-31 00:00:00,-0.3926000000000003
1985-02-01 00:00:00,-0.3826000000000003
1985-02-04 00:00:00,-0.3826000000000003
1985-02-05 00:00:00,-0.3826000000000003
1985-02-06 00:00:00,-0.3826000000000003
1985-02-07 00:00:00,-0.3826000000000003
1985-02-08 00:00:00,-0.37260000000000026
1985-02-11 00:00:00,-0.36260000000000026
1985-02-12 00:00:00,-0.3826000000000003
1985-02-13 00:00:00,-0.37260000000000026
1985-02-14 00:00:00,-0.37260000000000026
1985-02-15 00:00:00,-0.36260000000000026
1985-02-19 00:00:00,-0.36260000000000026
1985-02-20 00:00:00,-0.37260000000000026
1985-02-21 00:00:00,-0.37260000000000026
1985-02-22 00:00:00,-0.3826000000000003
1985-02-25 00:00:00,-0.3926000000000003
1985-02-26 00:00:00,-0.37260000000000026
1985-02-27 00:00:00,-0.37260000000000026
1985-02-28 00:00:00,-0.37260000000000026
1985-03-01 00:00:00,-0.36260000000000026
1985-03-04 00:00:00,-0.35260000000000025
1985-03-05 00:00:00,-0.35260000000000025
1985-03-06 00:00:00,-0.34260000000000024
1985-03-07 00:00:00,-0.33260000000000023
1985-03-08 00:00:00,-0.34260000000000024
1985-03-11 00:00:00,-0.35260000000000025
1985-03-12 00:00:00,-0.34260000000000024
1985-03-13 00:00:00,-0.33260000000000023
1985-03-14 00:00:00,-0.33260000000000023
1985-03-15 00:00:00,-0.3226000000000002
1985-03-18 00:00:00,-0.3126000000000002
1985-03-19 00:00:00,-0.3126000000000002
1985-03-20 00:00:00,-0.3226000000000002
1985-03-21 00:00:00,-0.3026000000000002
1985-03-22 00:00:00,-0.3126000000000002
1985-03-25 00:00:00,-0.3026000000000002
1985-03-26 00:00:00,-0.3026000000000002
1985-03-27 00:00:00,-0.3026000000000002
1985-03-28 00:00:00,-0.3026000000000002
1985-03-29 00:00:00,-0.3126000000000002
1985-04-01 00:00:00,-0.3026000000000002
1985-04-02 00:00:00,-0.2926000000000002
1985-04-03 00:00:00,-0.2926000000000002
1985-04-04 00:00:00,-0.2926000000000002
1985-04-08 00:00:00,-0.2926000000000002
1985-04-09 00:00:00,-0.2926000000000002
1985-04-10 00:00:00,-0.2826000000000002
1985-04-11 00:00:00,-0.3026000000000002
1985-04-12 00:00:00,-0.3226000000000002
1985-04-15 00:00:00,-0.3026000000000002
1985-04-16 00:00:00,-0.3126000000000002
1985-04-17 00:00:00,-0.3226000000000002
1985-04-18 00:00:00,-0.3226000000000002
1985-04-19 00:00:00,-0.3226000000000002
1985-04-22 00:00:00,-0.3126000000000002
1985-04-23 00:00:00,-0.3126000000000002
1985-04-24 00:00:00,-0.3226000000000002
1985-04-25 00:00:00,-0.3226000000000002
1985-04-26 00:00:00,-0.3226000000000002
1985-04-29 00:00:00,-0.33260000000000023
1985-04-30 00:00:00,-0.3226000000000002
1985-05-01 00:00:00,-0.33260000000000023
1985-05-02 00:00:00,-0.33260000000000023
1985-05-03 00:00:00,-0.33260000000000023
1985-05-06 00:00:00,-0.34260000000000024
1985-05-07 00:00:00,-0.34260000000000024
1985-05-08 00:00:00,-0.34260000000000024
1985-05-09 00:00:00,-0.33260000000000023
1985-05-10 00:00:00,-0.34260000000000024
1985-05-13 00:00:00,-0.33260000000000023
1985-05-14 00:00:00,-0.34260000000000024
1985-05-15 00:00:00,-0.34260000000000024
1985-05-16 00:00:00,-0.34260000000000024
1985-05-17 00:00:00,-0.34260000000000024
1985-05-20 00:00:00,-0.34260000000000024
1985-05-21 00:00:00,-0.34260000000000024
1985-05-22 00:00:00,-0.35260000000000025
1985-05-23 00:00:00,-0.34260000000000024
1985-05-24 00:00:00,-0.3226000000000002
1985-05-28 00:00:00,-0.33260000000000023
1985-05-29 00:00:00,-0.33260000000000023
1985-05-30 00:00:00,-0.3226000000000002
1985-05-31 00:00:00,-0.3226000000000002
1985-06-03 00:00:00,-0.33260000000000023
1985-06-04 00:00:00,-0.33260000000000023
1985-06-05 00:00:00,-0.35260000000000025
1985-06-06 00:00:00,-0.36260000000000026
1985-06-07 00:00:00,-0.36260000000000026
1985-06-10 00:00:00,-0.37260000000000026
1985-06-11 00:00:00,-0.37260000000000026
1985-06-12 00:00:00,-0.36260000000000026
1985-06-13 00:00:00,-0.36260000000000026
1985-06-14 00:00:00,-0.37260000000000026
1985-06-17 00:00:00,-0.37260000000000026
1985-06-18 00:00:00,-0.37260000000000026
1985-06-19 00:00:00,-0.36260000000000026
1985-06-20 00:00:00,-0.35260000000000025
1985-06-21 00:00:00,-0.34260000000000024
1985-06-24 00:00:00,-0.35260000000000025
1985-06-25 00:00:00,-0.36260000000000026
1985-06-26 00:00:00,-0.35260000000000025
1985-06-27 00:00:00,-0.35260000000000025
1985-06-28 00:00:00,-0.35260000000000025
1985-07-01 00:00:00,-0.37260000000000026
1985-07-02 00:00:00,-0.36260000000000026
1985-07-03 00:00:00,-0.36260000000000026
1985-07-08 00:00:00,-0.36260000000000026
1985-07-09 00:00:00,-0.34260000000000024
1985-07-10 00:00:00,-0.33260000000000023
1985-07-11 00:00:00,-0.34260000000000024
1985-07-12 00:00:00,-0.35260000000000025
1985-07-15 00:00:00,-0.34260000000000024
1985-07-16 00:00:00,-0.34260000000000024
1985-07-17 00:00:00,-0.35260000000000025
1985-07-18 00:00:00,-0.35260000000000025
1985-07-19 00:00:00,-0.36260000000000026
1985-07-22 00:00:00,-0.35260000000000025
1985-07-23 00:00:00,-0.35260000000000025
1985-07-24 00:00:00,-0.34260000000000024
1985-07-25 00:00:00,-0.33260000000000023
1985-07-26 00:00:00,-0.3226000000000002
1985-07-29 00:00:00,-0.33260000000000023
1985-07-30 00:00:00,-0.33260000000000023
1985-07-31 00:00:00,-0.33260000000000023
1985-08-01 00:00:00,-0.33260000000000023
1985-08-02 00:00:00,-0.33260000000000023
1985-08-05 00:00:00,-0.33260000000000023
1985-08-06 00:00:00,-0.33260000000000023
1985-08-07 00:00:00,-0.3226000000000002
1985-08-08 00:00:00,-0.3126000000000002
1985-08-09 00:00:00,-0.3126000000000002
1985-08-12 00:00:00,-0.3026000000000002
1985-08-13 00:00:00,-0.3126000000000002
1985-08-14 00:00:00,-0.3026000000000002
1985-08-15 00:00:00,-0.3026000000000002
1985-08-16 00:00:00,-0.3026000000000002
1985-08-19 00:00:00,-0.3126000000000002
1985-08-20 00:00:00,-0.3026000000000002
1985-08-21 00:00:00,-0.3026000000000002
1985-08-22 00:00:00,-0.3026000000000002
1985-08-23 00:00:00,-0.2926000000000002
1985-08-26 00:00:00,-0.2926000000000002
1985-08-27 00:00:00,-0.2826000000000002
1985-08-28 00:00:00,-0.2826000000000002
1985-08-29 00:00:00,-0.2826000000000002
1985-08-30 00:00:00,-0.2726000000000002
1985-09-03 00:00:00,-0.26260000000000017
1985-09-04 00:00:00,-0.2726000000000002
1985-09-05 00:00:00,-0.2726000000000002
1985-09-06 00:00:00,-0.2726000000000002
1985-09-09 00:00:00,-0.2726000000000002
1985-09-10 00:00:00,-0.26260000000000017
1985-09-11 00:00:00,-0.2726000000000002
1985-09-12 00:00:00,-0.2726000000000002
1985-09-13 00:00:00,-0.2826000000000002
1985-09-16 00:00:00,-0.2926000000000002
1985-09-17 00:00:00,-0.2826000000000002
1985-09-18 00:00:00,-0.2726000000000002
1985-09-19 00:00:00,-0.2726000000000002
1985-09-20 00:00:00,-0.26260000000000017
1985-09-23 00:00:00,-0.26260000000000017
1985-09-24 00:00:00,-0.25260000000000016
1985-09-25 00:00:00,-0.24260000000000037
1985-09-26 00:00:00,-0.23260000000000036
1985-09-27 00:00:00,-0.23260000000000036
1985-09-30 00:00:00,-0.23260000000000036
1985-10-01 00:00:00,-0.23260000000000036
1985-10-02 00:00:00,-0.23260000000000036
1985-10-03 00:00:00,-0.23260000000000036
1985-10-04 00:00:00,-0.23260000000000036
1985-10-07 00:00:00,-0.23260000000000036
1985-10-08 00:00:00,-0.23260000000000036
1985-10-09 00:00:00,-0.24260000000000037
1985-10-10 00:00:00,-0.25260000000000016
1985-10-11 00:00:00,-0.25260000000000016
1985-10-14 00:00:00,-0.24260000000000037
1985-10-15 00:00:00,-0.22260000000000035
1985-10-16 00:00:00,-0.23260000000000036
1985-10-17 00:00:00,-0.22260000000000035
1985-10-18 00:00:00,-0.23260000000000036
1985-10-21 00:00:00,-0.22260000000000035
1985-10-22 00:00:00,-0.23260000000000036
1985-10-23 00:00:00,-0.21260000000000034
1985-10-24 00:00:00,-0.21260000000000034
1985-10-25 00:00:00,-0.2026000000000001
1985-10-28 00:00:00,-0.19260000000000033
1985-10-29 00:00:00,-0.1826000000000001
1985-10-30 00:00:00,-0.19260000000000033
1985-10-31 00:00:00,-0.1826000000000001
1985-11-01 00:00:00,-0.19260000000000033
1985-11-04 00:00:00,-0.2026000000000001
1985-11-05 00:00:00,-0.21260000000000034
1985-11-06 00:00:00,-0.2026000000000001
1985-11-07 00:00:00,-0.19260000000000033
1985-11-08 00:00:00,-0.19260000000000033
1985-11-11 00:00:00,-0.1826000000000001
1985-11-12 00:00:00,-0.19260000000000033
1985-11-13 00:00:00,-0.19260000000000033
1985-11-14 00:00:00,-0.1826000000000001
1985-11-15 00:00:00,-0.19260000000000033
1985-11-18 00:00:00,-0.19260000000000033
1985-11-19 00:00:00,-0.1826000000000001
1985-11-20 00:00:00,-0.1826000000000001
1985-11-21 00:00:00,-0.16260000000000008
1985-11-22 00:00:00,-0.16260000000000008
1985-11-25 00:00:00,-0.16260000000000008
1985-11-26 00:00:00,-0.1726000000000003
1985-11-27 00:00:00,-0.19260000000000033
1985-12-02 00:00:00,-0.1826000000000001
1985-12-03 00:00:00,-0.2026000000000001
1985-12-04 00:00:00,-0.22260000000000035
1985-12-05 00:00:00,-0.22260000000000035
1985-12-06 00:00:00,-0.23260000000000036
1985-12-09 00:00:00,-0.25260000000000016
1985-12-10 00:00:00,-0.2826000000000002
1985-12-11 00:00:00,-0.2726000000000002
1985-12-12 00:00:00,-0.26260000000000017
1985-12-13 00:00:00,-0.26260000000000017
1985-12-16 00:00:00,-0.2726000000000002
1985-12-17 00:00:00,-0.2926000000000002
1985-12-18 00:00:00,-0.2826000000000002
1985-12-19 00:00:00,-0.26260000000000017
1985-12-20 00:00:00,-0.26260000000000017
1985-12-23 00:00:00,-0.26260000000000017
1985-12-26 00:00:00,-0.25260000000000016
1985-12-27 00:00:00,-0.23260000000000014
1985-12-30 00:00:00,-0.25260000000000016
1985-12-31 00:00:00,-0.26260000000000017
1986-01-02 00:00:00,-0.2826000000000002
1986-01-03 00:00:00,-0.2826000000000002
1986-01-06 00:00:00,-0.26260000000000017
1986-01-07 00:00:00,-0.26260000000000017
1986-01-08 00:00:00,-0.2826000000000002
1986-01-09 00:00:00,-0.2926000000000002
1986-01-10 00:00:00,-0.2926000000000002
1986-01-13 00:00:00,-0.3126000000000002
1986-01-14 00:00:00,-0.34260000000000024
1986-01-15 00:00:00,-0.34260000000000024
1986-01-16 00:00:00,-0.36260000000000026
1986-01-17 00:00:00,-0.3826000000000003
1986-01-20 00:00:00,-0.4026000000000003
1986-01-21 00:00:00,-0.4026000000000003
1986-01-22 00:00:00,-0.4126000000000001
1986-01-23 00:00:00,-0.4126000000000001
1986-01-24 00:00:00,-0.4226000000000001
1986-01-27 00:00:00,-0.4026000000000003
1986-01-28 00:00:00,-0.4126000000000001
1986-01-29 00:00:00,-0.4226000000000001
1986-01-30 00:00:00,-0.4226000000000001
1986-01-31 00:00:00,-0.4426000000000001
1986-02-03 00:00:00,-0.47260000000000013
1986-02-04 00:00:00,-0.5126000000000002
1986-02-05 00:00:00,-0.48260000000000014
1986-02-06 00:00:00,-0.48260000000000014
1986-02-07 00:00:00,-0.4626000000000001
1986-02-10 00:00:00,-0.49260000000000015
1986-02-11 00:00:00,-0.48260000000000014
1986-02-12 00:00:00,-0.49260000000000015
1986-02-13 00:00:00,-0.47260000000000013
1986-02-14 00:00:00,-0.48260000000000014
1986-02-18 00:00:00,-0.5026000000000002
1986-02-19 00:00:00,-0.49260000000000015
1986-02-20 00:00:00,-0.5126000000000002
1986-02-21 00:00:00,-0.5326000000000002
1986-02-24 00:00:00,-0.5026000000000002
1986-02-25 00:00:00,-0.5026000000000002
1986-02-26 00:00:00,-0.5126000000000002
1986-02-27 00:00:00,-0.5326000000000002
1986-02-28 00:00:00,-0.5426000000000002
1986-03-03 00:00:00,-0.5626000000000002
1986-03-04 00:00:00,-0.5626000000000002
1986-03-05 00:00:00,-0.5626000000000002
1986-03-06 00:00:00,-0.5426000000000002
1986-03-07 00:00:00,-0.5626000000000002
1986-03-10 00:00:00,-0.5426000000000002
1986-03-11 00:00:00,-0.5226000000000002
1986-03-12 00:00:00,-0.5026000000000002
1986-03-13 00:00:00,-0.5326000000000002
1986-03-14 00:00:00,-0.5426000000000002
1986-03-17 00:00:00,-0.5126000000000002
1986-03-18 00:00:00,-0.5126000000000002
1986-03-19 00:00:00,-0.5226000000000002
1986-03-20 00:00:00,-0.5326000000000002
1986-03-21 00:00:00,-0.5126000000000002
1986-03-24 00:00:00,-0.5426000000000002
1986-03-25 00:00:00,-0.5326000000000002
1986-03-26 00:00:00,-0.5526000000000002
1986-03-27 00:00:00,-0.5726000000000002
1986-03-31 00:00:00,-0.6026
1986-04-01 00:00:00,-0.5826000000000002
1986-04-02 00:00:00,-0.5726000000000002
1986-04-03 00:00:00,-0.5726000000000002
1986-04-04 00:00:00,-0.5526000000000002
1986-04-07 00:00:00,-0.5226000000000002
1986-04-08 00:00:00,-0.5626000000000002
1986-04-09 00:00:00,-0.5526000000000002
1986-04-10 00:00:00,-0.5326000000000002
1986-04-11 00:00:00,-0.5326000000000002
1986-04-14 00:00:00,-0.5526000000000002
1986-04-15 00:00:00,-0.5526000000000002
1986-04-16 00:00:00,-0.5726000000000002
1986-04-17 00:00:00,-0.5726000000000002
1986-04-18 00:00:00,-0.5626000000000002
1986-04-21 00:00:00,-0.5626000000000002
1986-04-22 00:00:00,-0.5526000000000002
1986-04-23 00:00:00,-0.5326000000000002
1986-04-24 00:00:00,-0.5426000000000002
1986-04-25 00:00:00,-0.5226000000000002
1986-04-28 00:00:00,-0.5226000000000002
1986-04-29 00:00:00,-0.5326000000000002
1986-04-30 00:00:00,-0.5326000000000002
1986-05-01 00:00:00,-0.5326000000000002
1986-05-02 00:00:00,-0.5126000000000002
1986-05-05 00:00:00,-0.5226000000000002
1986-05-06 00:00:00,-0.5126000000000002
1986-05-07 00:00:00,-0.49260000000000015
1986-05-08 00:00:00,-0.48260000000000014
1986-05-09 00:00:00,-0.48260000000000014
1986-05-12 00:00:00,-0.49260000000000015
1986-05-13 00:00:00,-0.5026000000000002
1986-05-14 00:00:00,-0.5026000000000002
1986-05-15 00:00:00,-0.49260000000000015
1986-05-16 00:00:00,-0.48260000000000014
1986-05-19 00:00:00,-0.47260000000000013
1986-05-20 00:00:00,-0.49260000000000015
1986-05-21 00:00:00,-0.5026000000000002
1986-05-22 00:00:00,-0.49260000000000015
1986-05-23 00:00:00,-0.49260000000000015
1986-05-27 00:00:00,-0.5026000000000002
1986-05-28 00:00:00,-0.5126000000000002
1986-05-29 00:00:00,-0.5126000000000002
1986-05-30 00:00:00,-0.5326000000000002
1986-06-02 00:00:00,-0.5426000000000002
1986-06-03 00:00:00,-0.5326000000000002
1986-06-04 00:00:00,-0.5526000000000002
1986-06-05 00:00:00,-0.5426000000000002
1986-06-06 00:00:00,-0.5426000000000002
1986-06-09 00:00:00,-0.5526000000000002
1986-06-10 00:00:00,-0.5526000000000002
1986-06-11 00:00:00,-0.5326000000000002
1986-06-12 00:00:00,-0.5226000000000002
1986-06-13 00:00:00,-0.5226000000000002
1986-06-16 00:00:00,-0.5326000000000002
1986-06-17 00:00:00,-0.5426000000000002
1986-06-18 00:00:00,-0.5426000000000002
1986-06-19 00:00:00,-0.5326000000000002
1986-06-20 00:00:00,-0.5426000000000002
1986-06-23 00:00:00,-0.5426000000000002
1986-06-24 00:00:00,-0.5526000000000002
1986-06-25 00:00:00,-0.5426000000000002
1986-06-26 00:00:00,-0.5426000000000002
1986-06-27 00:00:00,-0.5326000000000002
1986-06-30 00:00:00,-0.5526000000000002
1986-07-01 00:00:00,-0.5626000000000002
1986-07-02 00:00:00,-0.5726000000000002
1986-07-07 00:00:00,-0.5926000000000002
1986-07-08 00:00:00,-0.5926000000000002
1986-07-09 00:00:00,-0.6026
1986-07-10 00:00:00,-0.6026
1986-07-11 00:00:00,-0.6126000000000003
1986-07-14 00:00:00,-0.6126000000000003
1986-07-15 00:00:00,-0.5926000000000002
1986-07-16 00:00:00,-0.5726000000000002
1986-07-17 00:00:00,-0.5826000000000002
1986-07-18 00:00:00,-0.5726000000000002
1986-07-21 00:00:00,-0.5626000000000002
1986-07-22 00:00:00,-0.5826000000000002
1986-07-23 00:00:00,-0.5926000000000002
1986-07-24 00:00:00,-0.5926000000000002
1986-07-25 00:00:00,-0.6026
1986-07-28 00:00:00,-0.5926000000000002
1986-07-29 00:00:00,-0.5726000000000002
1986-07-30 00:00:00,-0.5726000000000002
1986-07-31 00:00:00,-0.5926000000000002
1986-08-01 00:00:00,-0.5826000000000002
1986-08-04 00:00:00,-0.5626000000000002
1986-08-05 00:00:00,-0.5326000000000002
1986-08-06 00:00:00,-0.5026000000000002
1986-08-07 00:00:00,-0.5026000000000002
1986-08-08 00:00:00,-0.5126000000000002
1986-08-11 00:00:00,-0.5126000000000002
1986-08-12 00:00:00,-0.5026000000000002
1986-08-13 00:00:00,-0.5026000000000002
1986-08-14 00:00:00,-0.49260000000000015
1986-08-15 00:00:00,-0.49260000000000015
1986-08-18 00:00:00,-0.49260000000000015
1986-08-19 00:00:00,-0.5026000000000002
1986-08-20 00:00:00,-0.49260000000000015
1986-08-21 00:00:00,-0.49260000000000015
1986-08-22 00:00:00,-0.49260000000000015
1986-08-25 00:00:00,-0.49260000000000015
1986-08-26 00:00:00,-0.48260000000000014
1986-08-27 00:00:00,-0.48260000000000014
1986-08-28 00:00:00,-0.49260000000000015
1986-08-29 00:00:00,-0.48260000000000014
1986-09-02 00:00:00,-0.47260000000000013
1986-09-03 00:00:00,-0.48260000000000014
1986-09-04 00:00:00,-0.48260000000000014
1986-09-05 00:00:00,-0.47260000000000013
1986-09-08 00:00:00,-0.49260000000000015
1986-09-09 00:00:00,-0.5126000000000002
1986-09-10 00:00:00,-0.5326000000000002
1986-09-11 00:00:00,-0.5226000000000002
1986-09-12 00:00:00,-0.5226000000000002
1986-09-15 00:00:00,-0.5426000000000002
1986-09-16 00:00:00,-0.5426000000000002
1986-09-17 00:00:00,-0.5326000000000002
1986-09-18 00:00:00,-0.5226000000000002
1986-09-19 00:00:00,-0.5226000000000002
1986-09-22 00:00:00,-0.5326000000000002
1986-09-23 00:00:00,-0.5226000000000002
1986-09-24 00:00:00,-0.5226000000000002
1986-09-25 00:00:00,-0.5326000000000002
1986-09-26 00:00:00,-0.5226000000000002
1986-09-29 00:00:00,-0.5126000000000002
1986-09-30 00:00:00,-0.5126000000000002
1986-10-01 00:00:00,-0.5026000000000002
1986-10-02 00:00:00,-0.5026000000000002
1986-10-03 00:00:00,-0.5226000000000002
1986-10-06 00:00:00,-0.5226000000000002
1986-10-07 00:00:00,-0.5126000000000002
1986-10-08 00:00:00,-0.5126000000000002
1986-10-09 00:00:00,-0.5226000000000002
1986-10-10 00:00:00,-0.5426000000000002
1986-10-13 00:00:00,-0.5526000000000002
1986-10-14 00:00:00,-0.5426000000000002
1986-10-15 00:00:00,-0.5326000000000002
1986-10-16 00:00:00,-0.5326000000000002
1986-10-17 00:00:00,-0.5226000000000002
1986-10-20 00:00:00,-0.5126000000000002
1986-10-21 00:00:00,-0.5126000000000002
1986-10-22 00:00:00,-0.5226000000000002
1986-10-23 00:00:00,-0.5326000000000002
1986-10-24 00:00:00,-0.5326000000000002
1986-10-27 00:00:00,-0.5526000000000002
1986-10-28 00:00:00,-0.5526000000000002
1986-10-29 00:00:00,-0.5626000000000002
1986-10-30 00:00:00,-0.5426000000000002
1986-10-31 00:00:00,-0.5326000000000002
1986-11-03 00:00:00,-0.5426000000000002
1986-11-04 00:00:00,-0.5226000000000002
1986-11-05 00:00:00,-0.5326000000000002
1986-11-06 00:00:00,-0.5226000000000002
1986-11-07 00:00:00,-0.5226000000000002
1986-11-10 00:00:00,-0.5126000000000002
1986-11-11 00:00:00,-0.5126000000000002
1986-11-12 00:00:00,-0.5126000000000002
1986-11-13 00:00:00,-0.5026000000000002
1986-11-14 00:00:00,-0.5026000000000002
1986-11-17 00:00:00,-0.5026000000000002
1986-11-18 00:00:00,-0.5126000000000002
1986-11-19 00:00:00,-0.5126000000000002
1986-11-20 00:00:00,-0.5226000000000002
1986-11-21 00:00:00,-0.5226000000000002
1986-11-24 00:00:00,-0.5326
1986-11-25 00:00:00,-0.5326
1986-11-26 00:00:00,-0.5426000000000002
1986-12-01 00:00:00,-0.5226000000000002
1986-12-02 00:00:00,-0.5226000000000002
1986-12-03 00:00:00,-0.5326
1986-12-04 00:00:00,-0.5226000000000002
1986-12-05 00:00:00,-0.5226000000000002
1986-12-08 00:00:00,-0.5326
1986-12-09 00:00:00,-0.5426000000000002
1986-12-10 00:00:00,-0.5326
1986-12-11 00:00:00,-0.5126000000000002
1986-12-12 00:00:00,-0.5026000000000002
1986-12-15 00:00:00,-0.5026000000000002
1986-12-16 00:00:00,-0.5126000000000002
1986-12-17 00:00:00,-0.5126000000000002
1986-12-18 00:00:00,-0.5025999999999999
1986-12-19 00:00:00,-0.5025999999999999
1986-12-22 00:00:00,-0.48260000000000014
1986-12-23 00:00:00,-0.49260000000000015
1986-12-24 00:00:00,-0.48260000000000014
1986-12-29 00:00:00,-0.47260000000000013
1986-12-30 00:00:00,-0.47260000000000013
1986-12-31 00:00:00,-0.4626000000000001
1987-01-02 00:00:00,-0.4626000000000001
1987-01-05 00:00:00,-0.47260000000000013
1987-01-06 00:00:00,-0.4626000000000001
1987-01-07 00:00:00,-0.4626000000000001
1987-01-08 00:00:00,-0.4426000000000001
1987-01-09 00:00:00,-0.4326000000000001
1987-01-12 00:00:00,-0.4226000000000001
1987-01-13 00:00:00,-0.4226000000000001
1987-01-14 00:00:00,-0.4226000000000001
1987-01-15 00:00:00,-0.4326000000000001
1987-01-16 00:00:00,-0.4326000000000001
1987-01-19 00:00:00,-0.4426000000000001
1987-01-20 00:00:00,-0.4326000000000001
1987-01-21 00:00:00,-0.4326000000000001
1987-01-22 00:00:00,-0.4326000000000001
1987-01-23 00:00:00,-0.4326000000000001
1987-01-26 00:00:00,-0.4426000000000001
1987-01-27 00:00:00,-0.4426000000000001
1987-01-28 00:00:00,-0.4426000000000001
1987-01-29 00:00:00,-0.4326000000000001
1987-01-30 00:00:00,-0.4326000000000001
1987-02-02 00:00:00,-0.4426000000000001
1987-02-03 00:00:00,-0.4426000000000001
1987-02-04 00:00:00,-0.4526000000000001
1987-02-05 00:00:00,-0.4426000000000001
1987-02-06 00:00:00,-0.4426000000000001
1987-02-09 00:00:00,-0.4526000000000001
1987-02-10 00:00:00,-0.4526000000000001
1987-02-11 00:00:00,-0.4626000000000001
1987-02-12 00:00:00,-0.4626000000000001
1987-02-13 00:00:00,-0.4626000000000001
1987-02-17 00:00:00,-0.4626000000000001
1987-02-18 00:00:00,-0.4626000000000001
1987-02-19 00:00:00,-0.4725999999999999
1987-02-20 00:00:00,-0.4626000000000001
1987-02-23 00:00:00,-0.48260000000000014
1987-02-24 00:00:00,-0.48260000000000014
1987-02-25 00:00:00,-0.49260000000000015
1987-02-26 00:00:00,-0.48260000000000014
1987-02-27 00:00:00,-0.49260000000000015
1987-03-02 00:00:00,-0.5025999999999999
1987-03-03 00:00:00,-0.48260000000000014
1987-03-04 00:00:00,-0.4725999999999999
1987-03-05 00:00:00,-0.4626000000000001
1987-03-06 00:00:00,-0.4526000000000001
1987-03-09 00:00:00,-0.4526000000000001
1987-03-10 00:00:00,-0.4526000000000001
1987-03-11 00:00:00,-0.4426000000000001
1987-03-12 00:00:00,-0.4426000000000001
1987-03-13 00:00:00,-0.4426000000000001
1987-03-16 00:00:00,-0.4326000000000001
1987-03-17 00:00:00,-0.4226000000000001
1987-03-18 00:00:00,-0.4326000000000001
1987-03-19 00:00:00,-0.4326000000000001
1987-03-20 00:00:00,-0.4326000000000001
1987-03-23 00:00:00,-0.4326000000000001
1987-03-24 00:00:00,-0.4226000000000001
1987-03-25 00:00:00,-0.4326000000000001
1987-03-26 00:00:00,-0.4326000000000001
1987-03-27 00:00:00,-0.4326000000000001
1987-03-30 00:00:00,-0.4226000000000001
1987-03-31 00:00:00,-0.4226000000000001
1987-04-01 00:00:00,-0.4226000000000001
1987-04-02 00:00:00,-0.4226000000000001
1987-04-03 00:00:00,-0.4226000000000001
1987-04-06 00:00:00,-0.4326000000000001
1987-04-07 00:00:00,-0.4226000000000001
1987-04-08 00:00:00,-0.4326000000000001
1987-04-09 00:00:00,-0.4426000000000001
1987-04-10 00:00:00,-0.4526000000000001
1987-04-13 00:00:00,-0.4426000000000001
1987-04-14 00:00:00,-0.4526000000000001
1987-04-15 00:00:00,-0.4426000000000001
1987-04-16 00:00:00,-0.4426000000000001
1987-04-20 00:00:00,-0.4426000000000001
1987-04-21 00:00:00,-0.4326000000000001
1987-04-22 00:00:00,-0.4326000000000001
1987-04-23 00:00:00,-0.4226000000000001
1987-04-24 00:00:00,-0.4226000000000001
1987-04-27 00:00:00,-0.4226000000000001
1987-04-28 00:00:00,-0.4126000000000001
1987-04-29 00:00:00,-0.4326000000000001
1987-04-30 00:00:00,-0.4226000000000001
1987-05-01 00:00:00,-0.4226000000000001
1987-05-04 00:00:00,-0.4226000000000001
1987-05-05 00:00:00,-0.4126000000000001
1987-05-06 00:00:00,-0.40260000000000007
1987-05-07 00:00:00,-0.40260000000000007
1987-05-08 00:00:00,-0.40260000000000007
1987-05-11 00:00:00,-0.39260000000000006
1987-05-12 00:00:00,-0.40260000000000007
1987-05-13 00:00:00,-0.40260000000000007
1987-05-14 00:00:00,-0.40260000000000007
1987-05-15 00:00:00,-0.39260000000000006
1987-05-18 00:00:00,-0.40260000000000007
1987-05-19 00:00:00,-0.39260000000000006
1987-05-20 00:00:00,-0.40260000000000007
1987-05-21 00:00:00,-0.39260000000000006
1987-05-22 00:00:00,-0.40260000000000007
1987-05-26 00:00:00,-0.39260000000000006
1987-05-27 00:00:00,-0.40260000000000007
1987-05-28 00:00:00,-0.40260000000000007
1987-05-29 00:00:00,-0.40260000000000007
1987-06-01 00:00:00,-0.40260000000000007
1987-06-02 00:00:00,-0.39260000000000006
1987-06-03 00:00:00,-0.39260000000000006
1987-06-04 00:00:00,-0.39260000000000006
1987-06-05 00:00:00,-0.39260000000000006
1987-06-08 00:00:00,-0.38260000000000005
1987-06-09 00:00:00,-0.38260000000000005
1987-06-10 00:00:00,-0.38260000000000005
1987-06-11 00:00:00,-0.39260000000000006
1987-06-12 00:00:00,-0.39260000000000006
1987-06-15 00:00:00,-0.38260000000000005
1987-06-16 00:00:00,-0.38260000000000005
1987-06-17 00:00:00,-0.38260000000000005
1987-06-18 00:00:00,-0.38260000000000005
1987-06-19 00:00:00,-0.38260000000000005
1987-06-22 00:00:00,-0.40260000000000007
1987-06-23 00:00:00,-0.40260000000000007
1987-06-24 00:00:00,-0.40260000000000007
1987-06-25 00:00:00,-0.40260000000000007
1987-06-26 00:00:00,-0.38260000000000005
1987-06-29 00:00:00,-0.37260000000000004
1987-06-30 00:00:00,-0.37260000000000004
1987-07-01 00:00:00,-0.37260000000000004
1987-07-02 00:00:00,-0.37260000000000004
1987-07-06 00:00:00,-0.37260000000000004
1987-07-07 00:00:00,-0.38260000000000005
1987-07-08 00:00:00,-0.37260000000000004
1987-07-09 00:00:00,-0.36260000000000003
1987-07-10 00:00:00,-0.36260000000000003
1987-07-13 00:00:00,-0.36260000000000003
1987-07-14 00:00:00,-0.36260000000000003
1987-07-15 00:00:00,-0.36260000000000003
1987-07-16 00:00:00,-0.36260000000000003
1987-07-17 00:00:00,-0.3526
1987-07-20 00:00:00,-0.3526
1987-07-21 00:00:00,-0.36260000000000003
1987-07-22 00:00:00,-0.36260000000000003
1987-07-23 00:00:00,-0.37260000000000004
1987-07-24 00:00:00,-0.39260000000000006
1987-07-27 00:00:00,-0.39260000000000006
1987-07-28 00:00:00,-0.37260000000000004
1987-07-29 00:00:00,-0.37260000000000004
1987-07-30 00:00:00,-0.37260000000000004
1987-07-31 00:00:00,-0.37260000000000004
1987-08-03 00:00:00,-0.3526
1987-08-04 00:00:00,-0.36260000000000003
1987-08-05 00:00:00,-0.37260000000000004
1987-08-06 00:00:00,-0.37260000000000004
1987-08-07 00:00:00,-0.37260000000000004
1987-08-10 00:00:00,-0.38260000000000005
1987-08-11 00:00:00,-0.38260000000000005
1987-08-12 00:00:00,-0.38260000000000005
1987-08-13 00:00:00,-0.38260000000000005
1987-08-14 00:00:00,-0.39260000000000006
1987-08-17 00:00:00,-0.4126000000000001
1987-08-18 00:00:00,-0.4126000000000001
1987-08-19 00:00:00,-0.4226000000000001
1987-08-20 00:00:00,-0.4326000000000001
1987-08-21 00:00:00,-0.4326000000000001
1987-08-24 00:00:00,-0.4426000000000001
1987-08-25 00:00:00,-0.4426000000000001
1987-08-26 00:00:00,-0.4226000000000001
1987-08-27 00:00:00,-0.4126000000000001
1987-08-28 00:00:00,-0.4226000000000001
1987-08-31 00:00:00,-0.4126000000000001
1987-09-01 00:00:00,-0.4126000000000001
1987-09-02 00:00:00,-0.4126000000000001
1987-09-03 00:00:00,-0.4126000000000001
1987-09-04 00:00:00,-0.4226000000000001
1987-09-08 00:00:00,-0.4326000000000001
1987-09-09 00:00:00,-0.4126000000000001
1987-09-10 00:00:00,-0.4126000000000001
1987-09-11 00:00:00,-0.4126000000000001
1987-09-14 00:00:00,-0.4126000000000001
1987-09-15 00:00:00,-0.4126000000000001
1987-09-16 00:00:00,-0.4126000000000001
1987-09-17 00:00:00,-0.4226000000000001
1987-09-18 00:00:00,-0.4226000000000001
1987-09-21 00:00:00,-0.4226000000000001
1987-09-22 00:00:00,-0.4226000000000001
1987-09-23 00:00:00,-0.40260000000000007
1987-09-24 00:00:00,-0.40260000000000007
1987-09-25 00:00:00,-0.40260000000000007
1987-09-28 00:00:00,-0.4126000000000001
1987-09-29 00:00:00,-0.40260000000000007
1987-09-30 00:00:00,-0.40260000000000007
1987-10-01 00:00:00,-0.40260000000000007
1987-10-02 00:00:00,-0.39260000000000006
1987-10-05 00:00:00,-0.39260000000000006
1987-10-06 00:00:00,-0.40260000000000007
1987-10-07 00:00:00,-0.39260000000000006
1987-10-08 00:00:00,-0.39260000000000006
1987-10-09 00:00:00,-0.39260000000000006
1987-10-12 00:00:00,-0.39260000000000006
1987-10-13 00:00:00,-0.39260000000000006
1987-10-14 00:00:00,-0.39260000000000006
1987-10-15 00:00:00,-0.39260000000000006
1987-10-16 00:00:00,-0.37260000000000004
1987-10-19 00:00:00,-0.38260000000000005
1987-10-20 00:00:00,-0.38260000000000005
1987-10-21 00:00:00,-0.37260000000000004
1987-10-22 00:00:00,-0.37260000000000004
1987-10-23 00:00:00,-0.37260000000000004
1987-10-26 00:00:00,-0.38260000000000005
1987-10-27 00:00:00,-0.38260000000000005
1987-10-28 00:00:00,-0.38260000000000005
1987-10-29 00:00:00,-0.38260000000000005
1987-10-30 00:00:00,-0.38260000000000005
1987-11-02 00:00:00,-0.39260000000000006
1987-11-03 00:00:00,-0.39260000000000006
1987-11-04 00:00:00,-0.40260000000000007
1987-11-05 00:00:00,-0.40260000000000007
1987-11-06 00:00:00,-0.40260000000000007
1987-11-09 00:00:00,-0.4126000000000001
1987-11-10 00:00:00,-0.40260000000000007
1987-11-11 00:00:00,-0.39260000000000006
1987-11-12 00:00:00,-0.39260000000000006
1987-11-13 00:00:00,-0.39260000000000006
1987-11-16 00:00:00,-0.40260000000000007
1987-11-17 00:00:00,-0.40260000000000007
1987-11-18 00:00:00,-0.40260000000000007
1987-11-19 00:00:00,-0.40260000000000007
1987-11-20 00:00:00,-0.40260000000000007
1987-11-23 00:00:00,-0.40260000000000007
1987-11-24 00:00:00,-0.40260000000000007
1987-11-25 00:00:00,-0.40260000000000007
1987-11-30 00:00:00,-0.40260000000000007
1987-12-01 00:00:00,-0.40260000000000007
1987-12-02 00:00:00,-0.40260000000000007
1987-12-03 00:00:00,-0.39260000000000006
1987-12-04 00:00:00,-0.39260000000000006
1987-12-07 00:00:00,-0.40260000000000007
1987-12-08 00:00:00,-0.4126000000000001
1987-12-09 00:00:00,-0.4126000000000001
1987-12-10 00:00:00,-0.4126000000000001
1987-12-11 00:00:00,-0.4126000000000001
1987-12-14 00:00:00,-0.4326000000000001
1987-12-15 00:00:00,-0.4426000000000001
1987-12-16 00:00:00,-0.4626000000000001
1987-12-17 00:00:00,-0.4626000000000001
1987-12-18 00:00:00,-0.4626000000000001
1987-12-21 00:00:00,-0.4626000000000001
1987-12-22 00:00:00,-0.4426000000000001
1987-12-23 00:00:00,-0.4426000000000001
1987-12-24 00:00:00,-0.4426000000000001
1987-12-28 00:00:00,-0.4426000000000001
1987-12-29 00:00:00,-0.4326000000000001
1987-12-30 00:00:00,-0.4326000000000001
1987-12-31 00:00:00,-0.4326000000000001
1988-01-04 00:00:00,-0.4126000000000001
1988-01-05 00:00:00,-0.40260000000000007
1988-01-06 00:00:00,-0.40260000000000007
1988-01-07 00:00:00,-0.40260000000000007
1988-01-08 00:00:00,-0.4126000000000001
1988-01-11 00:00:00,-0.4226000000000001
1988-01-12 00:00:00,-0.4326000000000001
1988-01-13 00:00:00,-0.4326000000000001
1988-01-14 00:00:00,-0.4226000000000001
1988-01-15 00:00:00,-0.4326000000000001
1988-01-18 00:00:00,-0.4226000000000001
1988-01-19 00:00:00,-0.4226000000000001
1988-01-20 00:00:00,-0.4226000000000001
1988-01-21 00:00:00,-0.4326000000000001
1988-01-22 00:00:00,-0.4326000000000001
1988-01-25 00:00:00,-0.4226000000000001
1988-01-26 00:00:00,-0.4226000000000001
1988-01-27 00:00:00,-0.4326000000000001
1988-01-28 00:00:00,-0.4326000000000001
1988-01-29 00:00:00,-0.4326000000000001
1988-02-01 00:00:00,-0.4426000000000001
1988-02-02 00:00:00,-0.4326000000000001
1988-02-03 00:00:00,-0.4226000000000001
1988-02-04 00:00:00,-0.4226000000000001
1988-02-05 00:00:00,-0.4226000000000001
1988-02-08 00:00:00,-0.4126000000000001
1988-02-09 00:00:00,-0.4226000000000001
1988-02-10 00:00:00,-0.4326000000000001
1988-02-11 00:00:00,-0.4326000000000001
1988-02-12 00:00:00,-0.4326000000000001
1988-02-16 00:00:00,-0.4426000000000001
1988-02-17 00:00:00,-0.4526000000000001
1988-02-18 00:00:00,-0.4526000000000001
1988-02-19 00:00:00,-0.4526000000000001
1988-02-22 00:00:00,-0.4526000000000001
1988-02-23 00:00:00,-0.4526000000000001
1988-02-24 00:00:00,-0.4526000000000001
1988-02-25 00:00:00,-0.47260000000000013
1988-02-26 00:00:00,-0.47260000000000013
1988-02-29 00:00:00,-0.4626000000000001
1988-03-01 00:00:00,-0.47260000000000013
1988-03-02 00:00:00,-0.47260000000000013
1988-03-03 00:00:00,-0.48260000000000014
1988-03-04 00:00:00,-0.47260000000000013
1988-03-07 00:00:00,-0.47260000000000013
1988-03-08 00:00:00,-0.47260000000000013
1988-03-09 00:00:00,-0.47260000000000013
1988-03-10 00:00:00,-0.47260000000000013
1988-03-11 00:00:00,-0.4626000000000001
1988-03-14 00:00:00,-0.47260000000000013
1988-03-15 00:00:00,-0.47260000000000013
1988-03-16 00:00:00,-0.4626000000000001
1988-03-17 00:00:00,-0.4626000000000001
1988-03-18 00:00:00,-0.4626000000000001
1988-03-21 00:00:00,-0.4526000000000001
1988-03-22 00:00:00,-0.4526000000000001
1988-03-23 00:00:00,-0.4326000000000001
1988-03-24 00:00:00,-0.4426000000000001
1988-03-25 00:00:00,-0.4326000000000001
1988-03-28 00:00:00,-0.4326000000000001
1988-03-29 00:00:00,-0.4326000000000001
1988-03-30 00:00:00,-0.4326000000000001
1988-03-31 00:00:00,-0.4326000000000001
1988-04-04 00:00:00,-0.4326000000000001
1988-04-05 00:00:00,-0.4426000000000001
1988-04-06 00:00:00,-0.4426000000000001
1988-04-07 00:00:00,-0.4326000000000001
1988-04-08 00:00:00,-0.4426000000000001
1988-04-11 00:00:00,-0.4226000000000001
1988-04-12 00:00:00,-0.40260000000000007
1988-04-13 00:00:00,-0.40260000000000007
1988-04-14 00:00:00,-0.40260000000000007
1988-04-15 00:00:00,-0.40260000000000007
1988-04-18 00:00:00,-0.39260000000000006
1988-04-19 00:00:00,-0.40260000000000007
1988-04-20 00:00:00,-0.4126000000000001
1988-04-21 00:00:00,-0.40260000000000007
1988-04-22 00:00:00,-0.40260000000000007
1988-04-25 00:00:00,-0.40260000000000007
1988-04-26 00:00:00,-0.39260000000000006
1988-04-27 00:00:00,-0.40260000000000007
1988-04-28 00:00:00,-0.40260000000000007
1988-04-29 00:00:00,-0.40260000000000007
1988-05-02 00:00:00,-0.4226000000000001
1988-05-03 00:00:00,-0.4226000000000001
1988-05-04 00:00:00,-0.4226000000000001
1988-05-05 00:00:00,-0.4226000000000001
1988-05-06 00:00:00,-0.4126000000000001
1988-05-09 00:00:00,-0.4126000000000001
1988-05-10 00:00:00,-0.4126000000000001
1988-05-11 00:00:00,-0.4126000000000001
1988-05-12 00:00:00,-0.4126000000000001
1988-05-13 00:00:00,-0.4126000000000001
1988-05-16 00:00:00,-0.4126000000000001
1988-05-17 00:00:00,-0.4126000000000001
1988-05-18 00:00:00,-0.4226000000000001
1988-05-19 00:00:00,-0.4126000000000001
1988-05-20 00:00:00,-0.4126000000000001
1988-05-23 00:00:00,-0.4226000000000001
1988-05-24 00:00:00,-0.4226000000000001
1988-05-25 00:00:00,-0.4226000000000001
1988-05-26 00:00:00,-0.4126000000000001
1988-05-27 00:00:00,-0.4226000000000001
1988-05-31 00:00:00,-0.4226000000000001
1988-06-01 00:00:00,-0.4126000000000001
1988-06-02 00:00:00,-0.4126000000000001
1988-06-03 00:00:00,-0.4126000000000001
1988-06-06 00:00:00,-0.4326000000000001
1988-06-07 00:00:00,-0.4226000000000001
1988-06-08 00:00:00,-0.4326000000000001
1988-06-09 00:00:00,-0.4426000000000001
1988-06-10 00:00:00,-0.4426000000000001
1988-06-13 00:00:00,-0.4526000000000001
1988-06-14 00:00:00,-0.4426000000000001
1988-06-15 00:00:00,-0.4526000000000001
1988-06-16 00:00:00,-0.4526000000000001
1988-06-17 00:00:00,-0.4526000000000001
1988-06-20 00:00:00,-0.4626000000000001
1988-06-21 00:00:00,-0.4626000000000001
1988-06-22 00:00:00,-0.4526000000000001
1988-06-23 00:00:00,-0.4526000000000001
1988-06-24 00:00:00,-0.4626000000000001
1988-06-27 00:00:00,-0.4626000000000001
1988-06-28 00:00:00,-0.47260000000000013
1988-06-29 00:00:00,-0.47260000000000013
1988-06-30 00:00:00,-0.48260000000000014
1988-07-01 00:00:00,-0.48260000000000014
1988-07-05 00:00:00,-0.48260000000000014
1988-07-06 00:00:00,-0.47260000000000013
1988-07-07 00:00:00,-0.4526000000000001
1988-07-08 00:00:00,-0.4626000000000001
1988-07-11 00:00:00,-0.48260000000000014
1988-07-12 00:00:00,-0.49260000000000015
1988-07-13 00:00:00,-0.49260000000000015
1988-07-14 00:00:00,-0.48260000000000014
1988-07-15 00:00:00,-0.48260000000000014
1988-07-18 00:00:00,-0.4626000000000001
1988-07-19 00:00:00,-0.47260000000000013
1988-07-20 00:00:00,-0.4526000000000001
1988-07-21 00:00:00,-0.4426000000000001
1988-07-22 00:00:00,-0.4526000000000001
1988-07-25 00:00:00,-0.4626000000000001
1988-07-26 00:00:00,-0.4626000000000001
1988-07-27 00:00:00,-0.4526000000000001
1988-07-28 00:00:00,-0.4626000000000001
1988-07-29 00:00:00,-0.4526000000000001
1988-08-01 00:00:00,-0.4526000000000001
1988-08-02 00:00:00,-0.4626000000000001
1988-08-03 00:00:00,-0.48260000000000014
1988-08-04 00:00:00,-0.48260000000000014
1988-08-05 00:00:00,-0.47260000000000013
1988-08-08 00:00:00,-0.4626000000000001
1988-08-09 00:00:00,-0.4626000000000001
1988-08-10 00:00:00,-0.4626000000000001
1988-08-11 00:00:00,-0.4626000000000001
1988-08-12 00:00:00,-0.4626000000000001
1988-08-15 00:00:00,-0.4626000000000001
1988-08-16 00:00:00,-0.4626000000000001
1988-08-17 00:00:00,-0.4626000000000001
1988-08-18 00:00:00,-0.4626000000000001
1988-08-19 00:00:00,-0.4526000000000001
1988-08-22 00:00:00,-0.4526000000000001
1988-08-23 00:00:00,-0.4626000000000001
1988-08-24 00:00:00,-0.4626000000000001
1988-08-25 00:00:00,-0.47260000000000013
1988-08-26 00:00:00,-0.47260000000000013
1988-08-29 00:00:00,-0.47260000000000013
1988-08-30 00:00:00,-0.47260000000000013
1988-08-31 00:00:00,-0.47260000000000013
1988-09-01 00:00:00,-0.47260000000000013
1988-09-02 00:00:00,-0.47260000000000013
1988-09-06 00:00:00,-0.49260000000000015
1988-09-07 00:00:00,-0.49260000000000015
1988-09-08 00:00:00,-0.49260000000000015
1988-09-09 00:00:00,-0.5026000000000002
1988-09-12 00:00:00,-0.49260000000000015
1988-09-13 00:00:00,-0.49260000000000015
1988-09-14 00:00:00,-0.47260000000000013
1988-09-15 00:00:00,-0.48260000000000014
1988-09-16 00:00:00,-0.49260000000000015
1988-09-19 00:00:00,-0.48260000000000014
1988-09-20 00:00:00,-0.48260000000000014
1988-09-21 00:00:00,-0.49260000000000015
1988-09-22 00:00:00,-0.49260000000000015
1988-09-23 00:00:00,-0.49260000000000015
1988-09-26 00:00:00,-0.49260000000000015
1988-09-27 00:00:00,-0.5026000000000002
1988-09-28 00:00:00,-0.5026000000000002
1988-09-29 00:00:00,-0.5026000000000002
1988-09-30 00:00:00,-0.5226000000000002
1988-10-03 00:00:00,-0.5226000000000002
1988-10-04 00:00:00,-0.5226000000000002
1988-10-05 00:00:00,-0.5326000000000002
1988-10-06 00:00:00,-0.5326000000000002
1988-10-07 00:00:00,-0.5326000000000002
1988-10-10 00:00:00,-0.5126000000000002
1988-10-11 00:00:00,-0.5126000000000002
1988-10-12 00:00:00,-0.49260000000000015
1988-10-13 00:00:00,-0.49260000000000015
1988-10-14 00:00:00,-0.47260000000000013
1988-10-17 00:00:00,-0.4626000000000001
1988-10-18 00:00:00,-0.48260000000000014
1988-10-19 00:00:00,-0.4626000000000001
1988-10-20 00:00:00,-0.47260000000000013
1988-10-21 00:00:00,-0.47260000000000013
1988-10-24 00:00:00,-0.49260000000000015
1988-10-25 00:00:00,-0.5026000000000002
1988-10-26 00:00:00,-0.49260000000000015
1988-10-27 00:00:00,-0.48260000000000014
1988-10-28 00:00:00,-0.48260000000000014
1988-10-31 00:00:00,-0.49260000000000015
1988-11-01 00:00:00,-0.48260000000000014
1988-11-02 00:00:00,-0.48260000000000014
1988-11-03 00:00:00,-0.47260000000000013
1988-11-04 00:00:00,-0.47260000000000013
1988-11-07 00:00:00,-0.47260000000000013
1988-11-08 00:00:00,-0.47260000000000013
1988-11-09 00:00:00,-0.47260000000000013
1988-11-10 00:00:00,-0.47260000000000013
1988-11-11 00:00:00,-0.47260000000000013
1988-11-14 00:00:00,-0.47260000000000013
1988-11-15 00:00:00,-0.47260000000000013
1988-11-16 00:00:00,-0.47260000000000013
1988-11-17 00:00:00,-0.49260000000000015
1988-11-18 00:00:00,-0.49260000000000015
1988-11-21 00:00:00,-0.48260000000000014
1988-11-22 00:00:00,-0.4626000000000001
1988-11-23 00:00:00,-0.4626000000000001
1988-11-28 00:00:00,-0.4426000000000001
1988-11-29 00:00:00,-0.4326000000000001
1988-11-30 00:00:00,-0.4326000000000001
1988-12-01 00:00:00,-0.4226000000000001
1988-12-02 00:00:00,-0.4226000000000001
1988-12-05 00:00:00,-0.4326000000000001
1988-12-06 00:00:00,-0.4226000000000001
1988-12-07 00:00:00,-0.4226000000000001
1988-12-08 00:00:00,-0.4326000000000001
1988-12-09 00:00:00,-0.4126000000000001
1988-12-12 00:00:00,-0.4126000000000001
1988-12-13 00:00:00,-0.4226000000000001
1988-12-14 00:00:00,-0.40260000000000007
1988-12-15 00:00:00,-0.40260000000000007
1988-12-16 00:00:00,-0.39260000000000006
1988-12-19 00:00:00,-0.40260000000000007
1988-12-20 00:00:00,-0.39260000000000006
1988-12-21 00:00:00,-0.39260000000000006
1988-12-22 00:00:00,-0.39260000000000006
1988-12-23 00:00:00,-0.38260000000000005
1988-12-27 00:00:00,-0.37260000000000004
1988-12-28 00:00:00,-0.37260000000000004
1988-12-29 00:00:00,-0.38260000000000005
1988-12-30 00:00:00,-0.37260000000000004
1989-01-03 00:00:00,-0.37260000000000004
1989-01-04 00:00:00,-0.37260000000000004
1989-01-05 00:00:00,-0.37260000000000004
1989-01-06 00:00:00,-0.36260000000000003
1989-01-09 00:00:00,-0.36260000000000003
1989-01-10 00:00:00,-0.36260000000000003
1989-01-11 00:00:00,-0.36260000000000003
1989-01-12 00:00:00,-0.37260000000000004
1989-01-13 00:00:00,-0.36260000000000003
1989-01-16 00:00:00,-0.3526
1989-01-17 00:00:00,-0.3526
1989-01-18 00:00:00,-0.3326
1989-01-19 00:00:00,-0.3426
1989-01-20 00:00:00,-0.3526
1989-01-23 00:00:00,-0.37260000000000004
1989-01-24 00:00:00,-0.37260000000000004
1989-01-25 00:00:00,-0.36260000000000003
1989-01-26 00:00:00,-0.37260000000000004
1989-01-27 00:00:00,-0.36260000000000003
1989-01-30 00:00:00,-0.36260000000000003
1989-01-31 00:00:00,-0.37260000000000004
1989-02-01 00:00:00,-0.36260000000000003
1989-02-02 00:00:00,-0.3526
1989-02-03 00:00:00,-0.36260000000000003
1989-02-06 00:00:00,-0.36260000000000003
1989-02-07 00:00:00,-0.36260000000000003
1989-02-08 00:00:00,-0.37260000000000004
1989-02-09 00:00:00,-0.37260000000000004
1989-02-10 00:00:00,-0.38260000000000005
1989-02-13 00:00:00,-0.38260000000000005
1989-02-14 00:00:00,-0.38260000000000005
1989-02-15 00:00:00,-0.36260000000000003
1989-02-16 00:00:00,-0.36260000000000003
1989-02-17 00:00:00,-0.36260000000000003
1989-02-21 00:00:00,-0.36260000000000003
1989-02-22 00:00:00,-0.3526
1989-02-23 00:00:00,-0.3526
1989-02-24 00:00:00,-0.3426
1989-02-27 00:00:00,-0.3426
1989-02-28 00:00:00,-0.3426
1989-03-01 00:00:00,-0.3426
1989-03-02 00:00:00,-0.3226000000000002
1989-03-03 00:00:00,-0.3326
1989-03-06 00:00:00,-0.3326
1989-03-07 00:00:00,-0.3326
1989-03-08 00:00:00,-0.3326
1989-03-09 00:00:00,-0.3426
1989-03-10 00:00:00,-0.3326
1989-03-13 00:00:00,-0.3226000000000002
1989-03-14 00:00:00,-0.3226000000000002
1989-03-15 00:00:00,-0.3126
1989-03-16 00:00:00,-0.3126
1989-03-17 00:00:00,-0.3126
1989-03-20 00:00:00,-0.3226000000000002
1989-03-21 00:00:00,-0.3026
1989-03-22 00:00:00,-0.3026
1989-03-23 00:00:00,-0.29259999999999997
1989-03-27 00:00:00,-0.28259999999999996
1989-03-28 00:00:00,-0.3026
1989-03-29 00:00:00,-0.3026
1989-03-30 00:00:00,-0.28259999999999996
1989-03-31 00:00:00,-0.29259999999999997
1989-04-03 00:00:00,-0.3026
1989-04-04 00:00:00,-0.3026
1989-04-05 00:00:00,-0.3126
1989-04-06 00:00:00,-0.3126
1989-04-07 00:00:00,-0.3126
1989-04-10 00:00:00,-0.3026
1989-04-11 00:00:00,-0.3026
1989-04-12 00:00:00,-0.3026
1989-04-13 00:00:00,-0.3126
1989-04-14 00:00:00,-0.3026
1989-04-17 00:00:00,-0.29259999999999997
1989-04-18 00:00:00,-0.29259999999999997
1989-04-19 00:00:00,-0.29259999999999997
1989-04-20 00:00:00,-0.29259999999999997
1989-04-21 00:00:00,-0.28259999999999996
1989-04-24 00:00:00,-0.3026
1989-04-25 00:00:00,-0.3026
1989-04-26 00:00:00,-0.3126
1989-04-27 00:00:00,-0.3126
1989-04-28 00:00:00,-0.3126
1989-05-01 00:00:00,-0.3126
1989-05-02 00:00:00,-0.3326
1989-05-03 00:00:00,-0.3326
1989-05-04 00:00:00,-0.3226000000000002
1989-05-05 00:00:00,-0.3326
1989-05-08 00:00:00,-0.3426
1989-05-09 00:00:00,-0.3426
1989-05-10 00:00:00,-0.3326
1989-05-11 00:00:00,-0.3226000000000002
1989-05-12 00:00:00,-0.3226000000000002
1989-05-15 00:00:00,-0.3226000000000002
1989-05-16 00:00:00,-0.3226000000000002
1989-05-17 00:00:00,-0.3326
1989-05-18 00:00:00,-0.3326
1989-05-19 00:00:00,-0.3326
1989-05-22 00:00:00,-0.3426
1989-05-23 00:00:00,-0.3426
1989-05-24 00:00:00,-0.3226000000000002
1989-05-25 00:00:00,-0.3326
1989-05-26 00:00:00,-0.3226000000000002
1989-05-30 00:00:00,-0.3226000000000002
1989-05-31 00:00:00,-0.3226000000000002
1989-06-01 00:00:00,-0.3226000000000002
1989-06-02 00:00:00,-0.3026
1989-06-05 00:00:00,-0.28259999999999996
1989-06-06 00:00:00,-0.29259999999999997
1989-06-07 00:00:00,-0.3126
1989-06-08 00:00:00,-0.3126
1989-06-09 00:00:00,-0.3226000000000002
1989-06-12 00:00:00,-0.3426
1989-06-13 00:00:00,-0.3526
1989-06-14 00:00:00,-0.3426
1989-06-15 00:00:00,-0.3326
1989-06-16 00:00:00,-0.3426
1989-06-19 00:00:00,-0.3426
1989-06-20 00:00:00,-0.3426
1989-06-21 00:00:00,-0.3226
1989-06-22 00:00:00,-0.3126
1989-06-23 00:00:00,-0.3026
1989-06-26 00:00:00,-0.3026
1989-06-27 00:00:00,-0.29259999999999997
1989-06-28 00:00:00,-0.3126
1989-06-29 00:00:00,-0.3126
1989-06-30 00:00:00,-0.3126
1989-07-05 00:00:00,-0.3026
1989-07-06 00:00:00,-0.3126
1989-07-07 00:00:00,-0.3126
1989-07-10 00:00:00,-0.3126
1989-07-11 00:00:00,-0.3126
1989-07-12 00:00:00,-0.3226
1989-07-13 00:00:00,-0.3126
1989-07-14 00:00:00,-0.3126
1989-07-17 00:00:00,-0.3026
1989-07-18 00:00:00,-0.3026
1989-07-19 00:00:00,-0.3026
1989-07-20 00:00:00,-0.29259999999999997
1989-07-21 00:00:00,-0.29259999999999997
1989-07-24 00:00:00,-0.3126
1989-07-25 00:00:00,-0.3126
1989-07-26 00:00:00,-0.3126
1989-07-27 00:00:00,-0.3226
1989-07-28 00:00:00,-0.3226
1989-07-31 00:00:00,-0.3226
1989-08-01 00:00:00,-0.3226
1989-08-02 00:00:00,-0.3226
1989-08-03 00:00:00,-0.3226
1989-08-04 00:00:00,-0.3226
1989-08-07 00:00:00,-0.3326
1989-08-08 00:00:00,-0.3326
1989-08-09 00:00:00,-0.3226
1989-08-10 00:00:00,-0.3126
1989-08-11 00:00:00,-0.3126
1989-08-14 00:00:00,-0.3126
1989-08-15 00:00:00,-0.3126
1989-08-16 00:00:00,-0.3026
1989-08-17 00:00:00,-0.3026
1989-08-18 00:00:00,-0.3026
1989-08-21 00:00:00,-0.29259999999999997
1989-08-22 00:00:00,-0.29259999999999997
1989-08-23 00:00:00,-0.29259999999999997
1989-08-24 00:00:00,-0.29259999999999997
1989-08-25 00:00:00,-0.29259999999999997
1989-08-28 00:00:00,-0.29259999999999997
1989-08-29 00:00:00,-0.29259999999999997
1989-08-30 00:00:00,-0.28259999999999996
1989-08-31 00:00:00,-0.27259999999999995
1989-09-01 00:00:00,-0.27259999999999995
1989-09-05 00:00:00,-0.27259999999999995
1989-09-06 00:00:00,-0.26259999999999994
1989-09-07 00:00:00,-0.26259999999999994
1989-09-08 00:00:00,-0.25259999999999994
1989-09-11 00:00:00,-0.26259999999999994
1989-09-12 00:00:00,-0.26259999999999994
1989-09-13 00:00:00,-0.26259999999999994
1989-09-14 00:00:00,-0.26259999999999994
1989-09-15 00:00:00,-0.26259999999999994
1989-09-18 00:00:00,-0.26259999999999994
1989-09-19 00:00:00,-0.27259999999999995
1989-09-20 00:00:00,-0.25259999999999994
1989-09-21 00:00:00,-0.25259999999999994
1989-09-22 00:00:00,-0.25259999999999994
1989-09-25 00:00:00,-0.25259999999999994
1989-09-26 00:00:00,-0.25259999999999994
1989-09-27 00:00:00,-0.24259999999999993
1989-09-28 00:00:00,-0.24259999999999993
1989-09-29 00:00:00,-0.23259999999999992
1989-10-02 00:00:00,-0.23259999999999992
1989-10-03 00:00:00,-0.23259999999999992
1989-10-04 00:00:00,-0.24259999999999993
1989-10-05 00:00:00,-0.25259999999999994
1989-10-06 00:00:00,-0.24259999999999993
1989-10-09 00:00:00,-0.24259999999999993
1989-10-10 00:00:00,-0.23259999999999992
1989-10-11 00:00:00,-0.23259999999999992
1989-10-12 00:00:00,-0.2125999999999999
1989-10-13 00:00:00,-0.2225999999999997
1989-10-16 00:00:00,-0.2225999999999997
1989-10-17 00:00:00,-0.2125999999999999
1989-10-18 00:00:00,-0.2125999999999999
1989-10-19 00:00:00,-0.2125999999999999
1989-10-20 00:00:00,-0.2225999999999997
1989-10-23 00:00:00,-0.24259999999999993
1989-10-24 00:00:00,-0.23259999999999992
1989-10-25 00:00:00,-0.24259999999999993
1989-10-26 00:00:00,-0.25259999999999994
1989-10-27 00:00:00,-0.24259999999999993
1989-10-30 00:00:00,-0.24259999999999993
1989-10-31 00:00:00,-0.23259999999999992
1989-11-01 00:00:00,-0.2225999999999997
1989-11-02 00:00:00,-0.2225999999999997
1989-11-03 00:00:00,-0.2225999999999997
1989-11-06 00:00:00,-0.23259999999999992
1989-11-07 00:00:00,-0.2225999999999997
1989-11-08 00:00:00,-0.23259999999999992
1989-11-09 00:00:00,-0.23259999999999992
1989-11-10 00:00:00,-0.23259999999999992
1989-11-13 00:00:00,-0.24259999999999993
1989-11-14 00:00:00,-0.24259999999999993
1989-11-15 00:00:00,-0.25259999999999994
1989-11-16 00:00:00,-0.23259999999999992
1989-11-17 00:00:00,-0.23259999999999992
1989-11-20 00:00:00,-0.2225999999999997
1989-11-21 00:00:00,-0.23259999999999992
1989-11-22 00:00:00,-0.2225999999999997
1989-11-24 00:00:00,-0.2225999999999997
1989-11-27 00:00:00,-0.2225999999999997
1989-11-28 00:00:00,-0.23259999999999992
1989-11-29 00:00:00,-0.23259999999999992
1989-11-30 00:00:00,-0.2125999999999999
1989-12-01 00:00:00,-0.20259999999999967
1989-12-04 00:00:00,-0.19259999999999988
1989-12-05 00:00:00,-0.19259999999999988
1989-12-06 00:00:00,-0.18259999999999965
1989-12-07 00:00:00,-0.17259999999999986
1989-12-08 00:00:00,-0.17259999999999986
1989-12-11 00:00:00,-0.17259999999999986
1989-12-12 00:00:00,-0.17259999999999986
1989-12-13 00:00:00,-0.17259999999999986
1989-12-14 00:00:00,-0.18259999999999965
1989-12-15 00:00:00,-0.16259999999999963
1989-12-18 00:00:00,-0.14259999999999962
1989-12-19 00:00:00,-0.14259999999999962
1989-12-20 00:00:00,-0.15259999999999985
1989-12-21 00:00:00,-0.14259999999999962
1989-12-22 00:00:00,-0.14259999999999962
1989-12-26 00:00:00,-0.12259999999999982
1989-12-27 00:00:00,-0.10259999999999958
1989-12-28 00:00:00,-0.12259999999999982
1989-12-29 00:00:00,-0.11259999999999959
1990-01-02 00:00:00,-0.0925999999999998
1990-01-03 00:00:00,-0.08259999999999956
1990-01-04 00:00:00,-0.10259999999999958
1990-01-05 00:00:00,-0.13259999999999983
1990-01-08 00:00:00,-0.16259999999999963
1990-01-09 00:00:00,-0.15259999999999985
1990-01-10 00:00:00,-0.13259999999999983
1990-01-11 00:00:00,-0.12259999999999982
1990-01-12 00:00:00,-0.12259999999999982
1990-01-15 00:00:00,-0.14259999999999962
1990-01-16 00:00:00,-0.14259999999999962
1990-01-17 00:00:00,-0.16259999999999963
1990-01-18 00:00:00,-0.15259999999999985
1990-01-19 00:00:00,-0.14259999999999962
1990-01-22 00:00:00,-0.15259999999999985
1990-01-23 00:00:00,-0.16259999999999963
1990-01-24 00:00:00,-0.16259999999999963
1990-01-25 00:00:00,-0.16259999999999963
1990-01-26 00:00:00,-0.16259999999999963
1990-01-29 00:00:00,-0.14259999999999962
1990-01-30 00:00:00,-0.15259999999999985
1990-01-31 00:00:00,-0.15259999999999985
1990-02-01 00:00:00,-0.15259999999999985
1990-02-02 00:00:00,-0.14259999999999962
1990-02-05 00:00:00,-0.16259999999999963
1990-02-06 00:00:00,-0.16259999999999963
1990-02-07 00:00:00,-0.16259999999999963
1990-02-08 00:00:00,-0.17259999999999986
1990-02-09 00:00:00,-0.16259999999999963
1990-02-12 00:00:00,-0.16259999999999963
1990-02-13 00:00:00,-0.15259999999999985
1990-02-14 00:00:00,-0.14259999999999962
1990-02-15 00:00:00,-0.13259999999999983
1990-02-16 00:00:00,-0.14259999999999962
1990-02-20 00:00:00,-0.14259999999999962
1990-02-21 00:00:00,-0.14259999999999962
1990-02-22 00:00:00,-0.14259999999999962
1990-02-23 00:00:00,-0.14259999999999962
1990-02-26 00:00:00,-0.13259999999999983
1990-02-27 00:00:00,-0.14259999999999962
1990-02-28 00:00:00,-0.14259999999999962
1990-03-01 00:00:00,-0.16259999999999963
1990-03-02 00:00:00,-0.15259999999999985
1990-03-05 00:00:00,-0.13259999999999983
1990-03-06 00:00:00,-0.14259999999999962
1990-03-07 00:00:00,-0.15259999999999985
1990-03-08 00:00:00,-0.15259999999999985
1990-03-09 00:00:00,-0.17259999999999986
1990-03-12 00:00:00,-0.18259999999999965
1990-03-13 00:00:00,-0.18259999999999965
1990-03-14 00:00:00,-0.18259999999999965
1990-03-15 00:00:00,-0.17259999999999986
1990-03-16 00:00:00,-0.17259999999999986
1990-03-19 00:00:00,-0.17259999999999986
1990-03-20 00:00:00,-0.17259999999999986
1990-03-21 00:00:00,-0.16259999999999963
1990-03-22 00:00:00,-0.17259999999999986
1990-03-23 00:00:00,-0.16259999999999963
1990-03-26 00:00:00,-0.17259999999999986
1990-03-27 00:00:00,-0.16259999999999963
1990-03-28 00:00:00,-0.16259999999999963
1990-03-29 00:00:00,-0.16259999999999963
1990-03-30 00:00:00,-0.16259999999999963
1990-04-02 00:00:00,-0.14259999999999962
1990-04-03 00:00:00,-0.14259999999999962
1990-04-04 00:00:00,-0.16259999999999963
1990-04-05 00:00:00,-0.17259999999999986
1990-04-06 00:00:00,-0.17259999999999986
1990-04-09 00:00:00,-0.18259999999999965
1990-04-10 00:00:00,-0.19259999999999988
1990-04-11 00:00:00,-0.18259999999999965
1990-04-12 00:00:00,-0.18259999999999965
1990-04-16 00:00:00,-0.18259999999999965
1990-04-17 00:00:00,-0.18259999999999965
1990-04-18 00:00:00,-0.19259999999999988
1990-04-19 00:00:00,-0.17259999999999986
1990-04-20 00:00:00,-0.18259999999999965
1990-04-23 00:00:00,-0.18259999999999965
1990-04-24 00:00:00,-0.18259999999999965
1990-04-25 00:00:00,-0.18259999999999965
1990-04-26 00:00:00,-0.18259999999999965
1990-04-27 00:00:00,-0.18259999999999965
1990-04-30 00:00:00,-0.18259999999999965
1990-05-01 00:00:00,-0.16259999999999963
1990-05-02 00:00:00,-0.17259999999999986
1990-05-03 00:00:00,-0.19259999999999988
1990-05-04 00:00:00,-0.19259999999999988
1990-05-07 00:00:00,-0.19259999999999988
1990-05-08 00:00:00,-0.18259999999999965
1990-05-09 00:00:00,-0.18259999999999965
1990-05-10 00:00:00,-0.18259999999999965
1990-05-11 00:00:00,-0.19259999999999988
1990-05-14 00:00:00,-0.17259999999999986
1990-05-15 00:00:00,-0.17259999999999986
1990-05-16 00:00:00,-0.17259999999999986
1990-05-17 00:00:00,-0.17259999999999986
1990-05-18 00:00:00,-0.17259999999999986
1990-05-21 00:00:00,-0.18259999999999965
1990-05-22 00:00:00,-0.18259999999999965
1990-05-23 00:00:00,-0.19259999999999988
1990-05-24 00:00:00,-0.19259999999999988
1990-05-25 00:00:00,-0.20259999999999967
1990-05-29 00:00:00,-0.19259999999999988
1990-05-30 00:00:00,-0.19259999999999988
1990-05-31 00:00:00,-0.20259999999999967
1990-06-01 00:00:00,-0.2125999999999999
1990-06-04 00:00:00,-0.2225999999999997
1990-06-05 00:00:00,-0.2225999999999997
1990-06-06 00:00:00,-0.2225999999999997
1990-06-07 00:00:00,-0.2225999999999997
1990-06-08 00:00:00,-0.2225999999999997
1990-06-11 00:00:00,-0.23259999999999992
1990-06-12 00:00:00,-0.2125999999999999
1990-06-13 00:00:00,-0.2125999999999999
1990-06-14 00:00:00,-0.2125999999999999
1990-06-15 00:00:00,-0.2125999999999999
1990-06-18 00:00:00,-0.2125999999999999
1990-06-19 00:00:00,-0.2125999999999999
1990-06-20 00:00:00,-0.2125999999999999
1990-06-21 00:00:00,-0.2125999999999999
1990-06-22 00:00:00,-0.20259999999999967
1990-06-25 00:00:00,-0.20259999999999967
1990-06-26 00:00:00,-0.2125999999999999
1990-06-27 00:00:00,-0.2125999999999999
1990-06-28 00:00:00,-0.20259999999999967
1990-06-29 00:00:00,-0.2125999999999999
1990-07-02 00:00:00,-0.2125999999999999
1990-07-03 00:00:00,-0.2125999999999999
1990-07-05 00:00:00,-0.2225999999999997
1990-07-06 00:00:00,-0.2225999999999997
1990-07-09 00:00:00,-0.2125999999999999
1990-07-10 00:00:00,-0.2125999999999999
1990-07-11 00:00:00,-0.20259999999999967
1990-07-12 00:00:00,-0.18259999999999965
1990-07-13 00:00:00,-0.16259999999999963
1990-07-16 00:00:00,-0.14260000000000006
1990-07-17 00:00:00,-0.14260000000000006
1990-07-18 00:00:00,-0.14260000000000006
1990-07-19 00:00:00,-0.14260000000000006
1990-07-20 00:00:00,-0.14260000000000006
1990-07-23 00:00:00,-0.13259999999999983
1990-07-24 00:00:00,-0.13259999999999983
1990-07-25 00:00:00,-0.13259999999999983
1990-07-26 00:00:00,-0.13259999999999983
1990-07-27 00:00:00,-0.13259999999999983
1990-07-30 00:00:00,-0.12259999999999982
1990-07-31 00:00:00,-0.12259999999999982
1990-08-01 00:00:00,-0.10260000000000002
1990-08-02 00:00:00,-0.07259999999999978
1990-08-03 00:00:00,-0.05259999999999976
1990-08-06 00:00:00,-0.022599999999999953
1990-08-07 00:00:00,0.017400000000000082
1990-08-08 00:00:00,-0.012599999999999723
1990-08-09 00:00:00,-0.022599999999999953
1990-08-10 00:00:00,-0.0025999999999999357
1990-08-13 00:00:00,0.027400000000000313
1990-08-14 00:00:00,0.017400000000000082
1990-08-15 00:00:00,0.017400000000000082
1990-08-16 00:00:00,0.0374000000000001
1990-08-17 00:00:00,0.06740000000000013
1990-08-20 00:00:00,0.10739999999999994
1990-08-21 00:00:00,0.12740000000000018
1990-08-22 00:00:00,0.18740000000000023
1990-08-23 00:00:00,0.24739999999999984
1990-08-24 00:00:00,0.18740000000000023
1990-08-27 00:00:00,0.12740000000000018
1990-08-28 00:00:00,0.08740000000000014
1990-08-29 00:00:00,0.027400000000000313
1990-08-30 00:00:00,0.04740000000000033
1990-08-31 00:00:00,0.04740000000000033
1990-09-04 00:00:00,0.08740000000000014
1990-09-05 00:00:00,0.11740000000000017
1990-09-06 00:00:00,0.16740000000000066
1990-09-07 00:00:00,0.12740000000000018
1990-09-10 00:00:00,0.1474000000000002
1990-09-11 00:00:00,0.11740000000000017
1990-09-12 00:00:00,0.10739999999999994
1990-09-13 00:00:00,0.12740000000000018
1990-09-14 00:00:00,0.11740000000000017
1990-09-17 00:00:00,0.13739999999999952
1990-09-18 00:00:00,0.15739999999999998
1990-09-19 00:00:00,0.17739999999999956
1990-09-20 00:00:00,0.19740000000000002
1990-09-21 00:00:00,0.22740000000000027
1990-09-24 00:00:00,0.2674000000000003
1990-09-25 00:00:00,0.28740000000000077
1990-09-26 00:00:00,0.31739999999999924
1990-09-27 00:00:00,0.327399999999999
1990-09-28 00:00:00,0.327399999999999
1990-10-01 00:00:00,0.29740000000000055
1990-10-02 00:00:00,0.2574000000000005
1990-10-03 00:00:00,0.2674000000000003
1990-10-04 00:00:00,0.2774000000000001
1990-10-05 00:00:00,0.29740000000000055
1990-10-08 00:00:00,0.30739999999999945
1990-10-09 00:00:00,0.3373999999999988
1990-10-10 00:00:00,0.29740000000000055
1990-10-11 00:00:00,0.327399999999999
1990-10-12 00:00:00,0.327399999999999
1990-10-15 00:00:00,0.29740000000000055
1990-10-16 00:00:00,0.31739999999999924
1990-10-17 00:00:00,0.28740000000000077
1990-10-18 00:00:00,0.24739999999999984
1990-10-19 00:00:00,0.18740000000000023
1990-10-22 00:00:00,0.12740000000000018
1990-10-23 00:00:00,0.09740000000000015
1990-10-24 00:00:00,0.13739999999999952
1990-10-25 00:00:00,0.17739999999999956
1990-10-26 00:00:00,0.17739999999999956
1990-10-29 00:00:00,0.2073999999999998
1990-10-30 00:00:00,0.19740000000000002
1990-10-31 00:00:00,0.19740000000000002
1990-11-01 00:00:00,0.19740000000000002
1990-11-02 00:00:00,0.16740000000000066
1990-11-05 00:00:00,0.1474000000000002
1990-11-06 00:00:00,0.1474000000000002
1990-11-07 00:00:00,0.17739999999999956
1990-11-08 00:00:00,0.2173999999999996
1990-11-09 00:00:00,0.18740000000000023
1990-11-12 00:00:00,0.1474000000000002
1990-11-13 00:00:00,0.16740000000000066
1990-11-14 00:00:00,0.1474000000000002
1990-11-15 00:00:00,0.1474000000000002
1990-11-16 00:00:00,0.12740000000000018
1990-11-19 00:00:00,0.1474000000000002
1990-11-20 00:00:00,0.11740000000000017
1990-11-21 00:00:00,0.12740000000000018
1990-11-23 00:00:00,0.15739999999999998
1990-11-26 00:00:00,0.19740000000000002
1990-11-27 00:00:00,0.19740000000000002
1990-11-28 00:00:00,0.2073999999999998
1990-11-29 00:00:00,0.2073999999999998
1990-11-30 00:00:00,0.16740000000000066
1990-12-03 00:00:00,0.12740000000000018
1990-12-04 00:00:00,0.1474000000000002
1990-12-05 00:00:00,0.10740000000000038
1990-12-06 00:00:00,0.06740000000000013
1990-12-07 00:00:00,0.06740000000000013
1990-12-10 00:00:00,0.08740000000000014
1990-12-11 00:00:00,0.05740000000000034
1990-12-12 00:00:00,0.027400000000000313
1990-12-13 00:00:00,0.027400000000000313
1990-12-14 00:00:00,0.04740000000000033
1990-12-17 00:00:00,0.0374000000000001
1990-12-18 00:00:00,0.04740000000000033
1990-12-19 00:00:00,0.05740000000000034
1990-12-20 00:00:00,0.05740000000000034
1990-12-21 00:00:00,0.05740000000000034
1990-12-26 00:00:00,0.07740000000000036
1990-12-27 00:00:00,0.07740000000000036
1990-12-28 00:00:00,0.07740000000000036
1990-12-31 00:00:00,0.09740000000000015
1991-01-02 00:00:00,0.04740000000000033
1991-01-03 00:00:00,0.017400000000000082
1991-01-04 00:00:00,-0.0025999999999999357
1991-01-07 00:00:00,0.07740000000000036
1991-01-08 00:00:00,0.05740000000000034
1991-01-09 00:00:00,0.08740000000000014
1991-01-10 00:00:00,0.07740000000000036
1991-01-11 00:00:00,0.06740000000000013
1991-01-14 00:00:00,0.16740000000000066
1991-01-15 00:00:00,0.19740000000000002
1991-01-16 00:00:00,0.22740000000000027
1991-01-17 00:00:00,0.017400000000000082
1991-01-18 00:00:00,0.007400000000000295
1991-01-21 00:00:00,0.017400000000000082
1991-01-22 00:00:00,0.0374000000000001
1991-01-23 00:00:00,0.0374000000000001
1991-01-24 00:00:00,0.0374000000000001
1991-01-25 00:00:00,0.0374000000000001
1991-01-28 00:00:00,0.027400000000000313
1991-01-29 00:00:00,0.0374000000000001
1991-01-30 00:00:00,0.027400000000000313
1991-01-31 00:00:00,0.027400000000000313
1991-02-01 00:00:00,0.017400000000000082
1991-02-04 00:00:00,0.017400000000000082
1991-02-05 00:00:00,0.017400000000000082
1991-02-06 00:00:00,0.0374000000000001
1991-02-07 00:00:00,0.027400000000000313
1991-02-08 00:00:00,0.0374000000000001
1991-02-11 00:00:00,0.05740000000000034
1991-02-12 00:00:00,0.05740000000000034
1991-02-13 00:00:00,0.0374000000000001
1991-02-14 00:00:00,0.027400000000000313
1991-02-15 00:00:00,-0.0025999999999999357
1991-02-19 00:00:00,-0.012599999999999723
1991-02-20 00:00:00,-0.0025999999999999357
1991-02-21 00:00:00,-0.012599999999999723
1991-02-22 00:00:00,-0.022599999999999953
1991-02-25 00:00:00,-0.012599999999999723
1991-02-26 00:00:00,-0.0025999999999999357
1991-02-27 00:00:00,-0.0025999999999999357
1991-02-28 00:00:00,-0.0025999999999999357
1991-03-01 00:00:00,-0.0025999999999999357
1991-03-04 00:00:00,0.017400000000000082
1991-03-05 00:00:00,0.027400000000000313
1991-03-06 00:00:00,0.007400000000000295
1991-03-07 00:00:00,0.007400000000000295
1991-03-08 00:00:00,0.007400000000000295
1991-03-11 00:00:00,-0.0025999999999999357
1991-03-12 00:00:00,0.007400000000000295
1991-03-13 00:00:00,0.017400000000000082
1991-03-14 00:00:00,0.017400000000000082
1991-03-15 00:00:00,0.007400000000000295
1991-03-18 00:00:00,0.007400000000000295
1991-03-19 00:00:00,0.027400000000000313
1991-03-20 00:00:00,0.027400000000000313
1991-03-21 00:00:00,0.0374000000000001
1991-03-22 00:00:00,0.0374000000000001
1991-03-25 00:00:00,0.027400000000000313
1991-03-26 00:00:00,0.027400000000000313
1991-03-27 00:00:00,0.017400000000000082
1991-03-28 00:00:00,0.0374000000000001
1991-04-01 00:00:00,0.017400000000000082
1991-04-02 00:00:00,0.027400000000000313
1991-04-03 00:00:00,0.017400000000000082
1991-04-04 00:00:00,0.027400000000000313
1991-04-05 00:00:00,0.027400000000000313
1991-04-08 00:00:00,0.027400000000000313
1991-04-09 00:00:00,0.0374000000000001
1991-04-10 00:00:00,0.04740000000000033
1991-04-11 00:00:00,0.04740000000000033
1991-04-12 00:00:00,0.04740000000000033
1991-04-15 00:00:00,0.05740000000000034
1991-04-16 00:00:00,0.05740000000000034
1991-04-17 00:00:00,0.05740000000000034
1991-04-18 00:00:00,0.04740000000000033
1991-04-19 00:00:00,0.04740000000000033
1991-04-22 00:00:00,0.05740000000000034
1991-04-23 00:00:00,0.05740000000000034
1991-04-24 00:00:00,0.05740000000000034
1991-04-25 00:00:00,0.05740000000000034
1991-04-26 00:00:00,0.05740000000000034
1991-04-29 00:00:00,0.05740000000000034
1991-04-30 00:00:00,0.04740000000000033
1991-05-01 00:00:00,0.04740000000000033
1991-05-02 00:00:00,0.04740000000000033
1991-05-03 00:00:00,0.04740000000000033
1991-05-06 00:00:00,0.05740000000000034
1991-05-07 00:00:00,0.05740000000000034
1991-05-08 00:00:00,0.05740000000000034
1991-05-09 00:00:00,0.06740000000000013
1991-05-10 00:00:00,0.05740000000000034
1991-05-13 00:00:00,0.04740000000000033
1991-05-14 00:00:00,0.04740000000000033
1991-05-15 00:00:00,0.05740000000000034
1991-05-16 00:00:00,0.05740000000000034
1991-05-17 00:00:00,0.05740000000000034
1991-05-20 00:00:00,0.05740000000000034
1991-05-21 00:00:00,0.05740000000000034
1991-05-22 00:00:00,0.05740000000000034
1991-05-23 00:00:00,0.05740000000000034
1991-05-24 00:00:00,0.05740000000000034
1991-05-28 00:00:00,0.05740000000000034
1991-05-29 00:00:00,0.05740000000000034
1991-05-30 00:00:00,0.06740000000000013
1991-05-31 00:00:00,0.06740000000000013
1991-06-03 00:00:00,0.05740000000000034
1991-06-04 00:00:00,0.05740000000000034
1991-06-05 00:00:00,0.0374000000000001
1991-06-06 00:00:00,0.0374000000000001
1991-06-07 00:00:00,0.0374000000000001
1991-06-10 00:00:00,0.017400000000000082
1991-06-11 00:00:00,0.027400000000000313
1991-06-12 00:00:00,0.0374000000000001
1991-06-13 00:00:00,0.027400000000000313
1991-06-14 00:00:00,0.027400000000000313
1991-06-17 00:00:00,0.0374000000000001
1991-06-18 00:00:00,0.0374000000000001
1991-06-19 00:00:00,0.0374000000000001
1991-06-20 00:00:00,0.0374000000000001
1991-06-21 00:00:00,0.0374000000000001
1991-06-24 00:00:00,0.0374000000000001
1991-06-25 00:00:00,0.0374000000000001
1991-06-26 00:00:00,0.0374000000000001
1991-06-27 00:00:00,0.0374000000000001
1991-06-28 00:00:00,0.04740000000000033
1991-07-01 00:00:00,0.04740000000000033
1991-07-02 00:00:00,0.05740000000000034
1991-07-03 00:00:00,0.04740000000000033
1991-07-05 00:00:00,0.05740000000000034
1991-07-08 00:00:00,0.05740000000000034
1991-07-09 00:00:00,0.05740000000000034
1991-07-10 00:00:00,0.06740000000000013
1991-07-11 00:00:00,0.06740000000000013
1991-07-12 00:00:00,0.08740000000000014
1991-07-15 00:00:00,0.07740000000000036
1991-07-16 00:00:00,0.07740000000000036
1991-07-17 00:00:00,0.08740000000000014
1991-07-18 00:00:00,0.07740000000000036
1991-07-19 00:00:00,0.08740000000000014
1991-07-22 00:00:00,0.07740000000000036
1991-07-23 00:00:00,0.06740000000000013
1991-07-24 00:00:00,0.06740000000000013
1991-07-25 00:00:00,0.07740000000000036
1991-07-26 00:00:00,0.07740000000000036
1991-07-29 00:00:00,0.07740000000000036
1991-07-30 00:00:00,0.07740000000000036
1991-07-31 00:00:00,0.08740000000000014
1991-08-01 00:00:00,0.07740000000000036
1991-08-02 00:00:00,0.07740000000000036
1991-08-05 00:00:00,0.07740000000000036
1991-08-06 00:00:00,0.06740000000000013
1991-08-07 00:00:00,0.06740000000000013
1991-08-08 00:00:00,0.07740000000000036
1991-08-09 00:00:00,0.07740000000000036
1991-08-12 00:00:00,0.07740000000000036
1991-08-13 00:00:00,0.07740000000000036
1991-08-14 00:00:00,0.06740000000000013
1991-08-15 00:00:00,0.07740000000000036
1991-08-16 00:00:00,0.08740000000000014
1991-08-19 00:00:00,0.12740000000000018
1991-08-20 00:00:00,0.1374000000000004
1991-08-21 00:00:00,0.09740000000000015
1991-08-22 00:00:00,0.09740000000000015
1991-08-23 00:00:00,0.09740000000000015
1991-08-26 00:00:00,0.09740000000000015
1991-08-27 00:00:00,0.09740000000000015
1991-08-28 00:00:00,0.09740000000000015
1991-08-29 00:00:00,0.10740000000000038
1991-08-30 00:00:00,0.11740000000000017
1991-09-03 00:00:00,0.10740000000000038
1991-09-04 00:00:00,0.09740000000000015
1991-09-05 00:00:00,0.09740000000000015
1991-09-06 00:00:00,0.08740000000000014
1991-09-09 00:00:00,0.08740000000000014
1991-09-10 00:00:00,0.08740000000000014
1991-09-11 00:00:00,0.08740000000000014
1991-09-12 00:00:00,0.07740000000000036
1991-09-13 00:00:00,0.08740000000000014
1991-09-16 00:00:00,0.08740000000000014
1991-09-17 00:00:00,0.07740000000000036
1991-09-18 00:00:00,0.08740000000000014
1991-09-19 00:00:00,0.08740000000000014
1991-09-20 00:00:00,0.09740000000000015
1991-09-23 00:00:00,0.10740000000000038
1991-09-24 00:00:00,0.10740000000000038
1991-09-25 00:00:00,0.10740000000000038
1991-09-26 00:00:00,0.09740000000000015
1991-09-27 00:00:00,0.10740000000000038
1991-09-30 00:00:00,0.10740000000000038
1991-10-01 00:00:00,0.09740000000000015
1991-10-02 00:00:00,0.10740000000000038
1991-10-03 00:00:00,0.11740000000000017
1991-10-04 00:00:00,0.11740000000000017
1991-10-07 00:00:00,0.12740000000000018
1991-10-08 00:00:00,0.12740000000000018
1991-10-09 00:00:00,0.13739999999999952
1991-10-10 00:00:00,0.12740000000000018
1991-10-11 00:00:00,0.12740000000000018
1991-10-14 00:00:00,0.1474000000000002
1991-10-15 00:00:00,0.1474000000000002
1991-10-16 00:00:00,0.1474000000000002
1991-10-17 00:00:00,0.15739999999999998
1991-10-18 00:00:00,0.15739999999999998
1991-10-21 00:00:00,0.15739999999999998
1991-10-22 00:00:00,0.15739999999999998
1991-10-23 00:00:00,0.13739999999999952
1991-10-24 00:00:00,0.1474000000000002
1991-10-25 00:00:00,0.1474000000000002
1991-10-28 00:00:00,0.13739999999999952
1991-10-29 00:00:00,0.1474000000000002
1991-10-30 00:00:00,0.1474000000000002
1991-10-31 00:00:00,0.1474000000000002
1991-11-01 00:00:00,0.15739999999999998
1991-11-04 00:00:00,0.16740000000000066
1991-11-05 00:00:00,0.16740000000000066
1991-11-06 00:00:00,0.15739999999999998
1991-11-07 00:00:00,0.15739999999999998
1991-11-08 00:00:00,0.1474000000000002
1991-11-11 00:00:00,0.12740000000000018
1991-11-12 00:00:00,0.11740000000000017
1991-11-13 00:00:00,0.10740000000000038
1991-11-14 00:00:00,0.10740000000000038
1991-11-15 00:00:00,0.12740000000000018
1991-11-18 00:00:00,0.10740000000000038
1991-11-19 00:00:00,0.09740000000000015
1991-11-20 00:00:00,0.09740000000000015
1991-11-21 00:00:00,0.09740000000000015
1991-11-22 00:00:00,0.08740000000000014
1991-11-25 00:00:00,0.08740000000000014
1991-11-26 00:00:00,0.07740000000000036
1991-11-27 00:00:00,0.08740000000000014
1991-11-29 00:00:00,0.08740000000000014
1991-12-02 00:00:00,0.06740000000000013
1991-12-03 00:00:00,0.05740000000000034
1991-12-04 00:00:00,0.06740000000000013
1991-12-05 00:00:00,0.05740000000000034
1991-12-06 00:00:00,0.0374000000000001
1991-12-09 00:00:00,0.007400000000000295
1991-12-10 00:00:00,0.017400000000000082
1991-12-11 00:00:00,0.027400000000000313
1991-12-12 00:00:00,0.0374000000000001
1991-12-13 00:00:00,0.0374000000000001
1991-12-16 00:00:00,0.0374000000000001
1991-12-17 00:00:00,0.027400000000000313
1991-12-18 00:00:00,0.027400000000000313
1991-12-19 00:00:00,0.007400000000000295
1991-12-20 00:00:00,-0.0025999999999999357
1991-12-23 00:00:00,0.007400000000000295
1991-12-24 00:00:00,0.007400000000000295
1991-12-26 00:00:00,-0.012599999999999723
1991-12-27 00:00:00,-0.012599999999999723
1991-12-30 00:00:00,-0.022599999999999953
1991-12-31 00:00:00,-0.012599999999999723
1992-01-02 00:00:00,-0.0025999999999999357
1992-01-03 00:00:00,-0.0025999999999999357
1992-01-06 00:00:00,-0.0025999999999999357
1992-01-07 00:00:00,-0.012599999999999723
1992-01-08 00:00:00,-0.03259999999999974
1992-01-09 00:00:00,-0.022599999999999953
1992-01-10 00:00:00,-0.012599999999999723
1992-01-13 00:00:00,0.017400000000000082
1992-01-14 00:00:00,-0.0025999999999999357
1992-01-15 00:00:00,0.007400000000000295
1992-01-16 00:00:00,0.017400000000000082
1992-01-17 00:00:00,0.017400000000000082
1992-01-20 00:00:00,0.017400000000000082
1992-01-21 00:00:00,0.007400000000000295
1992-01-22 00:00:00,0.007400000000000295
1992-01-23 00:00:00,-0.0025999999999999357
1992-01-24 00:00:00,0.017400000000000082
1992-01-27 00:00:00,0.017400000000000082
1992-01-28 00:00:00,0.007400000000000295
1992-01-29 00:00:00,0.007400000000000295
1992-01-30 00:00:00,0.007400000000000295
1992-01-31 00:00:00,0.007400000000000295
1992-02-03 00:00:00,0.007400000000000295
1992-02-04 00:00:00,0.017400000000000082
1992-02-05 00:00:00,0.027400000000000313
1992-02-06 00:00:00,0.027400000000000313
1992-02-07 00:00:00,0.0374000000000001
1992-02-10 00:00:00,0.0374000000000001
1992-02-11 00:00:00,0.027400000000000313
1992-02-12 00:00:00,0.027400000000000313
1992-02-13 00:00:00,0.027400000000000313
1992-02-14 00:00:00,0.017400000000000082
1992-02-18 00:00:00,-0.012599999999999723
1992-02-19 00:00:00,-0.0025999999999999357
1992-02-20 00:00:00,-0.0025999999999999357
1992-02-21 00:00:00,-0.0025999999999999357
1992-02-24 00:00:00,-0.012599999999999723
1992-02-25 00:00:00,-0.012599999999999723
1992-02-26 00:00:00,-0.012599999999999723
1992-02-27 00:00:00,-0.012599999999999723
1992-02-28 00:00:00,-0.012599999999999723
1992-03-02 00:00:00,-0.022599999999999953
1992-03-03 00:00:00,-0.012599999999999723
1992-03-04 00:00:00,-0.012599999999999723
1992-03-05 00:00:00,-0.012599999999999723
1992-03-06 00:00:00,-0.012599999999999723
1992-03-09 00:00:00,-0.012599999999999723
1992-03-10 00:00:00,-0.0025999999999999357
1992-03-11 00:00:00,-0.012599999999999723
1992-03-12 00:00:00,-0.0025999999999999357
1992-03-13 00:00:00,0.007400000000000295
1992-03-16 00:00:00,0.007400000000000295
1992-03-17 00:00:00,0.007400000000000295
1992-03-18 00:00:00,-0.0025999999999999357
1992-03-19 00:00:00,0.007400000000000295
1992-03-20 00:00:00,-0.0025999999999999357
1992-03-23 00:00:00,-0.0025999999999999357
1992-03-24 00:00:00,-0.0025999999999999357
1992-03-25 00:00:00,-0.0025999999999999357
1992-03-26 00:00:00,-0.0025999999999999357
1992-03-27 00:00:00,-0.0025999999999999357
1992-03-30 00:00:00,-0.0025999999999999357
1992-03-31 00:00:00,0.007400000000000295
1992-04-01 00:00:00,0.017400000000000082
1992-04-02 00:00:00,0.017400000000000082
1992-04-03 00:00:00,0.027400000000000313
1992-04-06 00:00:00,0.0374000000000001
1992-04-07 00:00:00,0.027400000000000313
1992-04-08 00:00:00,0.0374000000000001
1992-04-09 00:00:00,0.027400000000000313
1992-04-10 00:00:00,0.0374000000000001
1992-04-13 00:00:00,0.027400000000000313
1992-04-14 00:00:00,0.027400000000000313
1992-04-15 00:00:00,0.027400000000000313
1992-04-16 00:00:00,0.0374000000000001
1992-04-20 00:00:00,0.0374000000000001
1992-04-21 00:00:00,0.0374000000000001
1992-04-22 00:00:00,0.027400000000000313
1992-04-23 00:00:00,0.027400000000000313
1992-04-24 00:00:00,0.027400000000000313
1992-04-27 00:00:00,0.027400000000000313
1992-04-28 00:00:00,0.027400000000000313
1992-04-29 00:00:00,0.0374000000000001
1992-04-30 00:00:00,0.04739999999999989
1992-05-01 00:00:00,0.0374000000000001
1992-05-04 00:00:00,0.04739999999999989
1992-05-05 00:00:00,0.0374000000000001
1992-05-06 00:00:00,0.04739999999999989
1992-05-07 00:00:00,0.04739999999999989
1992-05-08 00:00:00,0.04739999999999989
1992-05-11 00:00:00,0.057399999999999896
1992-05-12 00:00:00,0.04739999999999989
1992-05-13 00:00:00,0.04739999999999989
1992-05-14 00:00:00,0.04739999999999989
1992-05-15 00:00:00,0.04739999999999989
1992-05-18 00:00:00,0.04739999999999989
1992-05-19 00:00:00,0.0374000000000001
1992-05-20 00:00:00,0.027400000000000313
1992-05-21 00:00:00,0.0374000000000001
1992-05-22 00:00:00,0.0374000000000001
1992-05-26 00:00:00,0.06740000000000013
1992-05-27 00:00:00,0.06740000000000013
1992-05-28 00:00:00,0.07739999999999991
1992-05-29 00:00:00,0.07739999999999991
1992-06-01 00:00:00,0.07739999999999991
1992-06-02 00:00:00,0.07739999999999991
1992-06-03 00:00:00,0.07739999999999991
1992-06-04 00:00:00,0.07739999999999991
1992-06-05 00:00:00,0.08740000000000014
1992-06-08 00:00:00,0.08740000000000014
1992-06-09 00:00:00,0.07739999999999991
1992-06-10 00:00:00,0.08740000000000014
1992-06-11 00:00:00,0.08740000000000014
1992-06-12 00:00:00,0.08740000000000014
1992-06-15 00:00:00,0.08740000000000014
1992-06-16 00:00:00,0.07739999999999991
1992-06-17 00:00:00,0.08740000000000014
1992-06-18 00:00:00,0.08740000000000014
1992-06-19 00:00:00,0.08740000000000014
1992-06-22 00:00:00,0.08740000000000014
1992-06-23 00:00:00,0.09740000000000015
1992-06-24 00:00:00,0.10739999999999994
1992-06-25 00:00:00,0.09740000000000015
1992-06-26 00:00:00,0.09740000000000015
1992-06-29 00:00:00,0.08740000000000014
1992-06-30 00:00:00,0.06740000000000013
1992-07-01 00:00:00,0.06740000000000013
1992-07-02 00:00:00,0.07739999999999991
1992-07-06 00:00:00,0.06740000000000013
1992-07-07 00:00:00,0.057399999999999896
1992-07-08 00:00:00,0.057399999999999896
1992-07-09 00:00:00,0.057399999999999896
1992-07-10 00:00:00,0.057399999999999896
1992-07-13 00:00:00,0.06740000000000013
1992-07-14 00:00:00,0.06740000000000013
1992-07-15 00:00:00,0.06740000000000013
1992-07-16 00:00:00,0.06740000000000013
1992-07-17 00:00:00,0.06740000000000013
1992-07-20 00:00:00,0.06740000000000013
1992-07-21 00:00:00,0.06740000000000013
1992-07-22 00:00:00,0.07739999999999991
1992-07-23 00:00:00,0.07739999999999991
1992-07-24 00:00:00,0.08740000000000014
1992-07-27 00:00:00,0.08740000000000014
1992-07-28 00:00:00,0.07739999999999991
1992-07-29 00:00:00,0.06740000000000013
1992-07-30 00:00:00,0.06740000000000013
1992-07-31 00:00:00,0.06740000000000013
1992-08-03 00:00:00,0.057399999999999896
1992-08-04 00:00:00,0.04739999999999989
1992-08-05 00:00:00,0.04739999999999989
1992-08-06 00:00:00,0.057399999999999896
1992-08-07 00:00:00,0.04739999999999989
1992-08-10 00:00:00,0.0374000000000001
1992-08-11 00:00:00,0.0374000000000001
1992-08-12 00:00:00,0.0374000000000001
1992-08-13 00:00:00,0.04739999999999989
1992-08-14 00:00:00,0.04739999999999989
1992-08-17 00:00:00,0.04739999999999989
1992-08-18 00:00:00,0.0374000000000001
1992-08-19 00:00:00,0.02739999999999987
1992-08-20 00:00:00,0.02739999999999987
1992-08-21 00:00:00,0.02739999999999987
1992-08-24 00:00:00,0.0374000000000001
1992-08-25 00:00:00,0.02739999999999987
1992-08-26 00:00:00,0.02739999999999987
1992-08-27 00:00:00,0.02739999999999987
1992-08-28 00:00:00,0.0374000000000001
1992-08-31 00:00:00,0.04739999999999989
1992-09-01 00:00:00,0.04739999999999989
1992-09-02 00:00:00,0.04739999999999989
1992-09-03 00:00:00,0.04739999999999989
1992-09-04 00:00:00,0.04739999999999989
1992-09-08 00:00:00,0.057399999999999896
1992-09-09 00:00:00,0.057399999999999896
1992-09-10 00:00:00,0.057399999999999896
1992-09-11 00:00:00,0.06740000000000013
1992-09-14 00:00:00,0.07739999999999991
1992-09-15 00:00:00,0.06740000000000013
1992-09-16 00:00:00,0.06740000000000013
1992-09-17 00:00:00,0.057399999999999896
1992-09-18 00:00:00,0.057399999999999896
1992-09-21 00:00:00,0.057399999999999896
1992-09-22 00:00:00,0.057399999999999896
1992-09-23 00:00:00,0.06740000000000013
1992-09-24 00:00:00,0.06740000000000013
1992-09-25 00:00:00,0.057399999999999896
1992-09-28 00:00:00,0.057399999999999896
1992-09-29 00:00:00,0.057399999999999896
1992-09-30 00:00:00,0.057399999999999896
1992-10-01 00:00:00,0.06740000000000013
1992-10-02 00:00:00,0.06740000000000013
1992-10-05 00:00:00,0.057399999999999896
1992-10-06 00:00:00,0.057399999999999896
1992-10-07 00:00:00,0.06740000000000013
1992-10-08 00:00:00,0.06740000000000013
1992-10-09 00:00:00,0.08740000000000014
1992-10-12 00:00:00,0.07739999999999991
1992-10-13 00:00:00,0.06740000000000013
1992-10-14 00:00:00,0.06740000000000013
1992-10-15 00:00:00,0.07739999999999991
1992-10-16 00:00:00,0.07739999999999991
1992-10-19 00:00:00,0.07739999999999991
1992-10-20 00:00:00,0.06740000000000013
1992-10-21 00:00:00,0.057399999999999896
1992-10-22 00:00:00,0.04739999999999989
1992-10-23 00:00:00,0.04739999999999989
1992-10-26 00:00:00,0.04739999999999989
1992-10-27 00:00:00,0.04739999999999989
1992-10-28 00:00:00,0.04739999999999989
1992-10-29 00:00:00,0.02739999999999987
1992-10-30 00:00:00,0.02739999999999987
1992-11-02 00:00:00,0.02739999999999987
1992-11-03 00:00:00,0.017400000000000082
1992-11-04 00:00:00,0.007399999999999851
1992-11-05 00:00:00,0.017400000000000082
1992-11-06 00:00:00,0.007399999999999851
1992-11-09 00:00:00,0.017400000000000082
1992-11-10 00:00:00,0.007399999999999851
1992-11-11 00:00:00,0.017400000000000082
1992-11-12 00:00:00,0.007399999999999851
1992-11-13 00:00:00,0.007399999999999851
1992-11-16 00:00:00,0.017400000000000082
1992-11-17 00:00:00,0.007399999999999851
1992-11-18 00:00:00,-0.0025999999999999357
1992-11-19 00:00:00,0.007399999999999851
1992-11-20 00:00:00,0.007399999999999851
1992-11-23 00:00:00,-0.0025999999999999357
1992-11-24 00:00:00,-0.0025999999999999357
1992-11-25 00:00:00,0.007399999999999851
1992-11-30 00:00:00,-0.012600000000000167
1992-12-01 00:00:00,-0.022599999999999953
1992-12-02 00:00:00,-0.022599999999999953
1992-12-03 00:00:00,-0.03259999999999974
1992-12-04 00:00:00,-0.03259999999999974
1992-12-07 00:00:00,-0.022599999999999953
1992-12-08 00:00:00,-0.03259999999999974
1992-12-09 00:00:00,-0.03259999999999974
1992-12-10 00:00:00,-0.012600000000000167
1992-12-11 00:00:00,-0.022599999999999953
1992-12-14 00:00:00,-0.03259999999999974
1992-12-15 00:00:00,-0.03259999999999974
1992-12-16 00:00:00,-0.022599999999999953
1992-12-17 00:00:00,-0.012600000000000167
1992-12-18 00:00:00,-0.012600000000000167
1992-12-21 00:00:00,-0.0025999999999999357
1992-12-22 00:00:00,-0.012600000000000167
1992-12-23 00:00:00,-0.0025999999999999357
1992-12-28 00:00:00,-0.0025999999999999357
1992-12-29 00:00:00,-0.012600000000000167
1992-12-30 00:00:00,-0.012600000000000167
1992-12-31 00:00:00,-0.012600000000000167
1993-01-04 00:00:00,-0.03259999999999974
1993-01-05 00:00:00,-0.022599999999999953
1993-01-06 00:00:00,-0.03259999999999974
1993-01-07 00:00:00,-0.04259999999999997
1993-01-08 00:00:00,-0.04259999999999997
1993-01-11 00:00:00,-0.04259999999999997
1993-01-12 00:00:00,-0.05259999999999976
1993-01-13 00:00:00,-0.05259999999999976
1993-01-14 00:00:00,-0.05259999999999976
1993-01-15 00:00:00,-0.04259999999999997
1993-01-18 00:00:00,-0.04259999999999997
1993-01-19 00:00:00,-0.05259999999999976
1993-01-20 00:00:00,-0.06259999999999999
1993-01-21 00:00:00,-0.05259999999999976
1993-01-22 00:00:00,-0.05259999999999976
1993-01-25 00:00:00,-0.03259999999999974
1993-01-26 00:00:00,-0.03259999999999974
1993-01-27 00:00:00,-0.03259999999999974
1993-01-28 00:00:00,-0.012600000000000167
1993-01-29 00:00:00,-0.012600000000000167
1993-02-01 00:00:00,-0.012600000000000167
1993-02-02 00:00:00,-0.022599999999999953
1993-02-03 00:00:00,-0.022599999999999953
1993-02-04 00:00:00,-0.012600000000000167
1993-02-05 00:00:00,-0.012600000000000167
1993-02-08 00:00:00,-0.022599999999999953
1993-02-09 00:00:00,-0.022599999999999953
1993-02-10 00:00:00,-0.022599999999999953
1993-02-11 00:00:00,-0.022599999999999953
1993-02-12 00:00:00,-0.03259999999999974
1993-02-16 00:00:00,-0.04259999999999997
1993-02-17 00:00:00,-0.04259999999999997
1993-02-18 00:00:00,-0.04259999999999997
1993-02-19 00:00:00,-0.03259999999999974
1993-02-22 00:00:00,-0.022599999999999953
1993-02-23 00:00:00,-0.012600000000000167
1993-02-24 00:00:00,-0.012600000000000167
1993-02-25 00:00:00,-0.0025999999999999357
1993-02-26 00:00:00,-0.012600000000000167
1993-03-01 00:00:00,-0.012600000000000167
1993-03-02 00:00:00,-0.012600000000000167
1993-03-03 00:00:00,-0.012600000000000167
1993-03-04 00:00:00,-0.0025999999999999357
1993-03-05 00:00:00,-0.0025999999999999357
1993-03-08 00:00:00,-0.012600000000000167
1993-03-09 00:00:00,-0.012600000000000167
1993-03-10 00:00:00,-0.012600000000000167
1993-03-11 00:00:00,-0.022599999999999953
1993-03-12 00:00:00,-0.012600000000000167
1993-03-15 00:00:00,-0.012600000000000167
1993-03-16 00:00:00,-0.012600000000000167
1993-03-17 00:00:00,-0.012600000000000167
1993-03-18 00:00:00,-0.012600000000000167
1993-03-19 00:00:00,-0.012600000000000167
1993-03-22 00:00:00,-0.022599999999999953
1993-03-23 00:00:00,-0.022599999999999953
1993-03-24 00:00:00,-0.012600000000000167
1993-03-25 00:00:00,-0.012600000000000167
1993-03-26 00:00:00,-0.012600000000000167
1993-03-29 00:00:00,-0.012600000000000167
1993-03-30 00:00:00,-0.012600000000000167
1993-03-31 00:00:00,-0.012600000000000167
1993-04-01 00:00:00,-0.012600000000000167
1993-04-02 00:00:00,-0.0025999999999999357
1993-04-05 00:00:00,-0.0025999999999999357
1993-04-06 00:00:00,-0.012600000000000167
1993-04-07 00:00:00,-0.012600000000000167
1993-04-08 00:00:00,-0.012600000000000167
1993-04-12 00:00:00,-0.012600000000000167
1993-04-13 00:00:00,-0.012600000000000167
1993-04-14 00:00:00,-0.012600000000000167
1993-04-15 00:00:00,-0.012600000000000167
1993-04-16 00:00:00,-0.012600000000000167
1993-04-19 00:00:00,-0.012600000000000167
1993-04-20 00:00:00,-0.012600000000000167
1993-04-21 00:00:00,-0.012600000000000167
1993-04-22 00:00:00,-0.012600000000000167
1993-04-23 00:00:00,-0.012600000000000167
1993-04-26 00:00:00,-0.012600000000000167
1993-04-27 00:00:00,-0.012600000000000167
1993-04-28 00:00:00,-0.012600000000000167
1993-04-29 00:00:00,-0.0025999999999999357
1993-04-30 00:00:00,-0.012600000000000167
1993-05-03 00:00:00,-0.012600000000000167
1993-05-04 00:00:00,-0.012600000000000167
1993-05-05 00:00:00,-0.012600000000000167
1993-05-06 00:00:00,-0.012600000000000167
1993-05-07 00:00:00,-0.0025999999999999357
1993-05-10 00:00:00,-0.0025999999999999357
1993-05-11 00:00:00,-0.012600000000000167
1993-05-12 00:00:00,-0.012600000000000167
1993-05-13 00:00:00,-0.032600000000000184
1993-05-14 00:00:00,-0.032600000000000184
1993-05-17 00:00:00,-0.022599999999999953
1993-05-18 00:00:00,-0.022599999999999953
1993-05-19 00:00:00,-0.022599999999999953
1993-05-20 00:00:00,-0.012600000000000167
1993-05-21 00:00:00,-0.022599999999999953
1993-05-24 00:00:00,-0.022599999999999953
1993-05-25 00:00:00,-0.022599999999999953
1993-05-26 00:00:00,-0.022599999999999953
1993-05-27 00:00:00,-0.012600000000000167
1993-05-28 00:00:00,-0.022599999999999953
1993-06-01 00:00:00,-0.012600000000000167
1993-06-02 00:00:00,-0.022599999999999953
1993-06-03 00:00:00,-0.022599999999999953
1993-06-04 00:00:00,-0.022599999999999953
1993-06-07 00:00:00,-0.032600000000000184
1993-06-08 00:00:00,-0.022599999999999953
1993-06-09 00:00:00,-0.022599999999999953
1993-06-10 00:00:00,-0.032600000000000184
1993-06-11 00:00:00,-0.032600000000000184
1993-06-14 00:00:00,-0.04259999999999997
1993-06-15 00:00:00,-0.04259999999999997
1993-06-16 00:00:00,-0.04259999999999997
1993-06-17 00:00:00,-0.04259999999999997
1993-06-18 00:00:00,-0.04259999999999997
1993-06-21 00:00:00,-0.04259999999999997
1993-06-22 00:00:00,-0.04259999999999997
1993-06-23 00:00:00,-0.04259999999999997
1993-06-24 00:00:00,-0.04259999999999997
1993-06-25 00:00:00,-0.04259999999999997
1993-06-28 00:00:00,-0.04259999999999997
1993-06-29 00:00:00,-0.04259999999999997
1993-06-30 00:00:00,-0.0526000000000002
1993-07-01 00:00:00,-0.0526000000000002
1993-07-02 00:00:00,-0.06259999999999999
1993-07-06 00:00:00,-0.06259999999999999
1993-07-07 00:00:00,-0.06259999999999999
1993-07-08 00:00:00,-0.07260000000000022
1993-07-09 00:00:00,-0.06259999999999999
1993-07-12 00:00:00,-0.06259999999999999
1993-07-13 00:00:00,-0.06259999999999999
1993-07-14 00:00:00,-0.0826
1993-07-15 00:00:00,-0.07260000000000022
1993-07-16 00:00:00,-0.0826
1993-07-19 00:00:00,-0.06259999999999999
1993-07-20 00:00:00,-0.07260000000000022
1993-07-21 00:00:00,-0.07260000000000022
1993-07-22 00:00:00,-0.07260000000000022
1993-07-23 00:00:00,-0.07260000000000022
1993-07-26 00:00:00,-0.07260000000000022
1993-07-27 00:00:00,-0.06259999999999999
1993-07-28 00:00:00,-0.06259999999999999
1993-07-29 00:00:00,-0.06259999999999999
1993-07-30 00:00:00,-0.07260000000000022
1993-08-02 00:00:00,-0.07260000000000022
1993-08-03 00:00:00,-0.07260000000000022
1993-08-04 00:00:00,-0.07260000000000022
1993-08-05 00:00:00,-0.0826
1993-08-06 00:00:00,-0.0826
1993-08-09 00:00:00,-0.0826
1993-08-10 00:00:00,-0.0826
1993-08-11 00:00:00,-0.06259999999999999
1993-08-12 00:00:00,-0.0526000000000002
1993-08-13 00:00:00,-0.04259999999999997
1993-08-16 00:00:00,-0.0526000000000002
1993-08-17 00:00:00,-0.0526000000000002
1993-08-18 00:00:00,-0.06259999999999999
1993-08-19 00:00:00,-0.06259999999999999
1993-08-20 00:00:00,-0.0526000000000002
1993-08-23 00:00:00,-0.0526000000000002
1993-08-24 00:00:00,-0.0526000000000002
1993-08-25 00:00:00,-0.0526000000000002
1993-08-26 00:00:00,-0.0526000000000002
1993-08-27 00:00:00,-0.04259999999999997
1993-08-30 00:00:00,-0.04259999999999997
1993-08-31 00:00:00,-0.0526000000000002
1993-09-01 00:00:00,-0.06259999999999999
1993-09-02 00:00:00,-0.06259999999999999
1993-09-03 00:00:00,-0.06259999999999999
1993-09-07 00:00:00,-0.0826
1993-09-08 00:00:00,-0.0826
1993-09-09 00:00:00,-0.0826
1993-09-10 00:00:00,-0.0826
1993-09-13 00:00:00,-0.0826
1993-09-14 00:00:00,-0.07260000000000022
1993-09-15 00:00:00,-0.07260000000000022
1993-09-16 00:00:00,-0.0826
1993-09-17 00:00:00,-0.07260000000000022
1993-09-20 00:00:00,-0.06259999999999999
1993-09-21 00:00:00,-0.0526000000000002
1993-09-22 00:00:00,-0.06259999999999999
1993-09-23 00:00:00,-0.06259999999999999
1993-09-24 00:00:00,-0.06259999999999999
1993-09-27 00:00:00,-0.06259999999999999
1993-09-28 00:00:00,-0.06259999999999999
1993-09-29 00:00:00,-0.04259999999999997
1993-09-30 00:00:00,-0.032600000000000184
1993-10-01 00:00:00,-0.04259999999999997
1993-10-04 00:00:00,-0.04259999999999997
1993-10-05 00:00:00,-0.0526000000000002
1993-10-06 00:00:00,-0.04259999999999997
1993-10-07 00:00:00,-0.04259999999999997
1993-10-08 00:00:00,-0.04259999999999997
1993-10-11 00:00:00,-0.04259999999999997
1993-10-12 00:00:00,-0.04259999999999997
1993-10-13 00:00:00,-0.04259999999999997
1993-10-14 00:00:00,-0.0526000000000002
1993-10-15 00:00:00,-0.06259999999999999
1993-10-18 00:00:00,-0.07260000000000022
1993-10-19 00:00:00,-0.07260000000000022
1993-10-20 00:00:00,-0.06259999999999999
1993-10-21 00:00:00,-0.06259999999999999
1993-10-22 00:00:00,-0.07260000000000022
1993-10-25 00:00:00,-0.0826
1993-10-26 00:00:00,-0.09260000000000024
1993-10-27 00:00:00,-0.0826
1993-10-28 00:00:00,-0.09260000000000024
1993-10-29 00:00:00,-0.10260000000000002
1993-11-01 00:00:00,-0.0826
1993-11-02 00:00:00,-0.09260000000000024
1993-11-03 00:00:00,-0.09260000000000024
1993-11-04 00:00:00,-0.09260000000000024
1993-11-05 00:00:00,-0.10260000000000002
1993-11-08 00:00:00,-0.10260000000000002
1993-11-09 00:00:00,-0.11260000000000003
1993-11-10 00:00:00,-0.10260000000000002
1993-11-11 00:00:00,-0.09260000000000024
1993-11-12 00:00:00,-0.10260000000000002
1993-11-15 00:00:00,-0.10260000000000002
1993-11-16 00:00:00,-0.10260000000000002
1993-11-17 00:00:00,-0.0826
1993-11-18 00:00:00,-0.09260000000000024
1993-11-19 00:00:00,-0.09260000000000024
1993-11-22 00:00:00,-0.09260000000000024
1993-11-23 00:00:00,-0.11260000000000003
1993-11-24 00:00:00,-0.11260000000000003
1993-11-29 00:00:00,-0.14260000000000006
1993-11-30 00:00:00,-0.14260000000000006
1993-12-01 00:00:00,-0.14260000000000006
1993-12-02 00:00:00,-0.1526000000000003
1993-12-03 00:00:00,-0.1526000000000003
1993-12-06 00:00:00,-0.1726000000000003
1993-12-07 00:00:00,-0.1726000000000003
1993-12-08 00:00:00,-0.1726000000000003
1993-12-09 00:00:00,-0.1726000000000003
1993-12-10 00:00:00,-0.16260000000000008
1993-12-13 00:00:00,-0.1726000000000003
1993-12-14 00:00:00,-0.1726000000000003
1993-12-15 00:00:00,-0.1726000000000003
1993-12-16 00:00:00,-0.1726000000000003
1993-12-17 00:00:00,-0.1726000000000003
1993-12-20 00:00:00,-0.1826000000000001
1993-12-21 00:00:00,-0.1826000000000001
1993-12-22 00:00:00,-0.1826000000000001
1993-12-23 00:00:00,-0.1826000000000001
1993-12-27 00:00:00,-0.19260000000000033
1993-12-28 00:00:00,-0.19260000000000033
1993-12-29 00:00:00,-0.1826000000000001
1993-12-30 00:00:00,-0.19260000000000033
1994-01-03 00:00:00,-0.1826000000000001
1994-01-04 00:00:00,-0.1726000000000003
1994-01-05 00:00:00,-0.16260000000000008
1994-01-06 00:00:00,-0.16260000000000008
1994-01-07 00:00:00,-0.16260000000000008
1994-01-10 00:00:00,-0.1726000000000003
1994-01-11 00:00:00,-0.1726000000000003
1994-01-12 00:00:00,-0.1726000000000003
1994-01-13 00:00:00,-0.1726000000000003
1994-01-14 00:00:00,-0.1526000000000003
1994-01-17 00:00:00,-0.1526000000000003
1994-01-18 00:00:00,-0.1526000000000003
1994-01-19 00:00:00,-0.1526000000000003
1994-01-20 00:00:00,-0.16260000000000008
1994-01-21 00:00:00,-0.16260000000000008
1994-01-24 00:00:00,-0.1526000000000003
1994-01-25 00:00:00,-0.1526000000000003
1994-01-26 00:00:00,-0.14260000000000006
1994-01-27 00:00:00,-0.14260000000000006
1994-01-28 00:00:00,-0.14260000000000006
1994-01-31 00:00:00,-0.1526000000000003
1994-02-01 00:00:00,-0.13260000000000027
1994-02-02 00:00:00,-0.12260000000000026
1994-02-03 00:00:00,-0.13260000000000027
1994-02-04 00:00:00,-0.14260000000000006
1994-02-07 00:00:00,-0.14260000000000006
1994-02-08 00:00:00,-0.14260000000000006
1994-02-09 00:00:00,-0.16260000000000008
1994-02-10 00:00:00,-0.1526000000000003
1994-02-11 00:00:00,-0.1526000000000003
1994-02-14 00:00:00,-0.1726000000000003
1994-02-15 00:00:00,-0.1726000000000003
1994-02-16 00:00:00,-0.1826000000000001
1994-02-17 00:00:00,-0.1726000000000003
1994-02-18 00:00:00,-0.1726000000000003
1994-02-22 00:00:00,-0.1726000000000003
1994-02-23 00:00:00,-0.1726000000000003
1994-02-24 00:00:00,-0.16260000000000008
1994-02-25 00:00:00,-0.16260000000000008
1994-02-28 00:00:00,-0.1726000000000003
1994-03-01 00:00:00,-0.16260000000000008
1994-03-02 00:00:00,-0.16260000000000008
1994-03-03 00:00:00,-0.16260000000000008
1994-03-04 00:00:00,-0.1726000000000003
1994-03-07 00:00:00,-0.1826000000000001
1994-03-08 00:00:00,-0.1826000000000001
1994-03-09 00:00:00,-0.1826000000000001
1994-03-10 00:00:00,-0.1826000000000001
1994-03-11 00:00:00,-0.1726000000000003
1994-03-14 00:00:00,-0.1826000000000001
1994-03-15 00:00:00,-0.1726000000000003
1994-03-16 00:00:00,-0.16260000000000008
1994-03-17 00:00:00,-0.1726000000000003
1994-03-18 00:00:00,-0.1726000000000003
1994-03-21 00:00:00,-0.16260000000000008
1994-03-22 00:00:00,-0.16260000000000008
1994-03-23 00:00:00,-0.16260000000000008
1994-03-24 00:00:00,-0.16260000000000008
1994-03-25 00:00:00,-0.16260000000000008
1994-03-28 00:00:00,-0.19260000000000033
1994-03-29 00:00:00,-0.1826000000000001
1994-03-30 00:00:00,-0.1826000000000001
1994-03-31 00:00:00,-0.16260000000000008
1994-04-04 00:00:00,-0.14260000000000006
1994-04-05 00:00:00,-0.14260000000000006
1994-04-06 00:00:00,-0.1526000000000003
1994-04-07 00:00:00,-0.1526000000000003
1994-04-08 00:00:00,-0.1526000000000003
1994-04-11 00:00:00,-0.14260000000000006
1994-04-12 00:00:00,-0.1526000000000003
1994-04-13 00:00:00,-0.14260000000000006
1994-04-14 00:00:00,-0.14260000000000006
1994-04-15 00:00:00,-0.13260000000000027
1994-04-18 00:00:00,-0.14260000000000006
1994-04-19 00:00:00,-0.1526000000000003
1994-04-20 00:00:00,-0.1526000000000003
1994-04-21 00:00:00,-0.14260000000000006
1994-04-22 00:00:00,-0.13260000000000027
1994-04-25 00:00:00,-0.13260000000000027
1994-04-26 00:00:00,-0.13260000000000027
1994-04-28 00:00:00,-0.14260000000000006
1994-04-29 00:00:00,-0.14260000000000006
1994-05-02 00:00:00,-0.13260000000000027
1994-05-03 00:00:00,-0.14260000000000006
1994-05-04 00:00:00,-0.14260000000000006
1994-05-05 00:00:00,-0.13260000000000027
1994-05-06 00:00:00,-0.13260000000000027
1994-05-09 00:00:00,-0.12260000000000026
1994-05-10 00:00:00,-0.13260000000000027
1994-05-11 00:00:00,-0.13260000000000027
1994-05-12 00:00:00,-0.12260000000000026
1994-05-13 00:00:00,-0.12260000000000026
1994-05-16 00:00:00,-0.13260000000000027
1994-05-17 00:00:00,-0.14260000000000006
1994-05-18 00:00:00,-0.13260000000000027
1994-05-19 00:00:00,-0.13260000000000027
1994-05-20 00:00:00,-0.13260000000000027
1994-05-23 00:00:00,-0.13260000000000027
1994-05-24 00:00:00,-0.13260000000000027
1994-05-25 00:00:00,-0.13260000000000027
1994-05-26 00:00:00,-0.13260000000000027
1994-05-27 00:00:00,-0.13260000000000027
1994-05-31 00:00:00,-0.12260000000000026
1994-06-01 00:00:00,-0.12260000000000026
1994-06-02 00:00:00,-0.13260000000000027
1994-06-03 00:00:00,-0.13260000000000027
1994-06-06 00:00:00,-0.14260000000000006
1994-06-07 00:00:00,-0.1526000000000003
1994-06-08 00:00:00,-0.1526000000000003
1994-06-09 00:00:00,-0.14260000000000006
1994-06-10 00:00:00,-0.1526000000000003
1994-06-13 00:00:00,-0.14260000000000006
1994-06-14 00:00:00,-0.14260000000000006
1994-06-15 00:00:00,-0.11260000000000003
1994-06-16 00:00:00,-0.11260000000000003
1994-06-17 00:00:00,-0.10260000000000002
1994-06-20 00:00:00,-0.11260000000000003
1994-06-21 00:00:00,-0.11260000000000003
1994-06-22 00:00:00,-0.12260000000000026
1994-06-23 00:00:00,-0.11260000000000003
1994-06-24 00:00:00,-0.12260000000000026
1994-06-27 00:00:00,-0.12260000000000026
1994-06-28 00:00:00,-0.12260000000000026
1994-06-29 00:00:00,-0.13260000000000027
1994-06-30 00:00:00,-0.12260000000000026
1994-07-01 00:00:00,-0.12260000000000026
1994-07-05 00:00:00,-0.12260000000000026
1994-07-06 00:00:00,-0.13260000000000027
1994-07-07 00:00:00,-0.14260000000000006
1994-07-08 00:00:00,-0.13260000000000027
1994-07-11 00:00:00,-0.12260000000000026
1994-07-12 00:00:00,-0.12260000000000026
1994-07-13 00:00:00,-0.12260000000000026
1994-07-14 00:00:00,-0.12260000000000026
1994-07-15 00:00:00,-0.12260000000000026
1994-07-18 00:00:00,-0.13260000000000027
1994-07-19 00:00:00,-0.13260000000000027
1994-07-20 00:00:00,-0.13260000000000027
1994-07-21 00:00:00,-0.12260000000000026
1994-07-22 00:00:00,-0.12260000000000026
1994-07-25 00:00:00,-0.12260000000000026
1994-07-26 00:00:00,-0.13260000000000027
1994-07-27 00:00:00,-0.12260000000000026
1994-07-28 00:00:00,-0.12260000000000026
1994-07-29 00:00:00,-0.10260000000000002
1994-08-01 00:00:00,-0.09260000000000024
1994-08-02 00:00:00,-0.10260000000000002
1994-08-03 00:00:00,-0.11260000000000003
1994-08-04 00:00:00,-0.11260000000000003
1994-08-05 00:00:00,-0.14260000000000006
1994-08-08 00:00:00,-0.13260000000000027
1994-08-09 00:00:00,-0.13260000000000027
1994-08-10 00:00:00,-0.13260000000000027
1994-08-11 00:00:00,-0.13260000000000027
1994-08-12 00:00:00,-0.1526000000000003
1994-08-15 00:00:00,-0.14260000000000006
1994-08-16 00:00:00,-0.1526000000000003
1994-08-17 00:00:00,-0.14260000000000006
1994-08-18 00:00:00,-0.16260000000000008
1994-08-19 00:00:00,-0.16260000000000008
1994-08-22 00:00:00,-0.1726000000000003
1994-08-23 00:00:00,-0.16260000000000008
1994-08-24 00:00:00,-0.16260000000000008
1994-08-25 00:00:00,-0.16260000000000008
1994-08-26 00:00:00,-0.16260000000000008
1994-08-29 00:00:00,-0.16260000000000008
1994-08-30 00:00:00,-0.16260000000000008
1994-08-31 00:00:00,-0.16260000000000008
1994-09-01 00:00:00,-0.16260000000000008
1994-09-02 00:00:00,-0.1526000000000003
1994-09-06 00:00:00,-0.1526000000000003
1994-09-07 00:00:00,-0.1526000000000003
1994-09-08 00:00:00,-0.1526000000000003
1994-09-09 00:00:00,-0.16260000000000008
1994-09-12 00:00:00,-0.16260000000000008
1994-09-13 00:00:00,-0.1726000000000003
1994-09-14 00:00:00,-0.1826000000000001
1994-09-15 00:00:00,-0.1826000000000001
1994-09-16 00:00:00,-0.1826000000000001
1994-09-19 00:00:00,-0.16260000000000008
1994-09-20 00:00:00,-0.16260000000000008
1994-09-21 00:00:00,-0.1726000000000003
1994-09-22 00:00:00,-0.16260000000000008
1994-09-23 00:00:00,-0.16260000000000008
1994-09-26 00:00:00,-0.1726000000000003
1994-09-27 00:00:00,-0.1726000000000003
1994-09-28 00:00:00,-0.1726000000000003
1994-09-29 00:00:00,-0.16260000000000008
1994-09-30 00:00:00,-0.1526000000000003
1994-10-03 00:00:00,-0.16260000000000008
1994-10-04 00:00:00,-0.16260000000000008
1994-10-05 00:00:00,-0.16260000000000008
1994-10-06 00:00:00,-0.16260000000000008
1994-10-07 00:00:00,-0.16260000000000008
1994-10-10 00:00:00,-0.16260000000000008
1994-10-11 00:00:00,-0.1726000000000003
1994-10-12 00:00:00,-0.19260000000000033
1994-10-13 00:00:00,-0.19260000000000033
1994-10-14 00:00:00,-0.19260000000000033
1994-10-17 00:00:00,-0.19260000000000033
1994-10-18 00:00:00,-0.19260000000000033
1994-10-19 00:00:00,-0.1826000000000001
1994-10-20 00:00:00,-0.1726000000000003
1994-10-21 00:00:00,-0.1826000000000001
1994-10-24 00:00:00,-0.1826000000000001
1994-10-25 00:00:00,-0.1826000000000001
1994-10-26 00:00:00,-0.1826000000000001
1994-10-27 00:00:00,-0.1826000000000001
1994-10-28 00:00:00,-0.1826000000000001
1994-10-31 00:00:00,-0.1826000000000001
1994-11-01 00:00:00,-0.1726000000000003
1994-11-02 00:00:00,-0.16260000000000008
1994-11-03 00:00:00,-0.16260000000000008
1994-11-04 00:00:00,-0.16260000000000008
1994-11-07 00:00:00,-0.1726000000000003
1994-11-08 00:00:00,-0.16260000000000008
1994-11-09 00:00:00,-0.1726000000000003
1994-11-10 00:00:00,-0.1726000000000003
1994-11-11 00:00:00,-0.1726000000000003
1994-11-14 00:00:00,-0.19260000000000033
1994-11-15 00:00:00,-0.19260000000000033
1994-11-16 00:00:00,-0.2026000000000001
1994-11-17 00:00:00,-0.2026000000000001
1994-11-18 00:00:00,-0.2026000000000001
1994-11-21 00:00:00,-0.19260000000000033
1994-11-22 00:00:00,-0.19260000000000033
1994-11-23 00:00:00,-0.1726000000000003
1994-11-28 00:00:00,-0.1826000000000001
1994-11-29 00:00:00,-0.1826000000000001
1994-11-30 00:00:00,-0.19260000000000033
1994-12-01 00:00:00,-0.19260000000000033
1994-12-02 00:00:00,-0.21260000000000034
1994-12-05 00:00:00,-0.21260000000000034
1994-12-06 00:00:00,-0.21260000000000034
1994-12-07 00:00:00,-0.21260000000000034
1994-12-08 00:00:00,-0.19260000000000033
1994-12-09 00:00:00,-0.19260000000000033
1994-12-12 00:00:00,-0.2026000000000001
1994-12-13 00:00:00,-0.2026000000000001
1994-12-14 00:00:00,-0.19260000000000033
1994-12-15 00:00:00,-0.2026000000000001
1994-12-16 00:00:00,-0.2026000000000001
1994-12-19 00:00:00,-0.2026000000000001
1994-12-20 00:00:00,-0.2026000000000001
1994-12-21 00:00:00,-0.2026000000000001
1994-12-22 00:00:00,-0.2026000000000001
1994-12-23 00:00:00,-0.2026000000000001
1994-12-27 00:00:00,-0.19260000000000033
1994-12-28 00:00:00,-0.1826000000000001
1994-12-29 00:00:00,-0.1826000000000001
1994-12-30 00:00:00,-0.1826000000000001
1995-01-03 00:00:00,-0.19260000000000033
1995-01-04 00:00:00,-0.19260000000000033
1995-01-05 00:00:00,-0.19260000000000033
1995-01-06 00:00:00,-0.19260000000000033
1995-01-09 00:00:00,-0.2026000000000001
1995-01-10 00:00:00,-0.21260000000000034
1995-01-11 00:00:00,-0.21260000000000034
1995-01-12 00:00:00,-0.21260000000000034
1995-01-13 00:00:00,-0.22260000000000035
1995-01-16 00:00:00,-0.21260000000000034
1995-01-17 00:00:00,-0.2026000000000001
1995-01-18 00:00:00,-0.2026000000000001
1995-01-19 00:00:00,-0.21260000000000034
1995-01-20 00:00:00,-0.21260000000000034
1995-01-23 00:00:00,-0.21260000000000034
1995-01-24 00:00:00,-0.21260000000000034
1995-01-25 00:00:00,-0.21260000000000034
1995-01-26 00:00:00,-0.21260000000000034
1995-01-27 00:00:00,-0.21260000000000034
1995-01-30 00:00:00,-0.21260000000000034
1995-01-31 00:00:00,-0.21260000000000034
1995-02-01 00:00:00,-0.21260000000000034
1995-02-02 00:00:00,-0.21260000000000034
1995-02-03 00:00:00,-0.2026000000000001
1995-02-06 00:00:00,-0.2026000000000001
1995-02-07 00:00:00,-0.2026000000000001
1995-02-08 00:00:00,-0.21260000000000034
1995-02-09 00:00:00,-0.21260000000000034
1995-02-10 00:00:00,-0.21260000000000034
1995-02-13 00:00:00,-0.22260000000000035
1995-02-14 00:00:00,-0.21260000000000034
1995-02-15 00:00:00,-0.22260000000000035
1995-02-16 00:00:00,-0.22260000000000035
1995-02-17 00:00:00,-0.21260000000000034
1995-02-21 00:00:00,-0.21260000000000034
1995-02-22 00:00:00,-0.21260000000000034
1995-02-23 00:00:00,-0.21260000000000034
1995-02-24 00:00:00,-0.21260000000000034
1995-02-27 00:00:00,-0.21260000000000034
1995-02-28 00:00:00,-0.22260000000000035
1995-03-01 00:00:00,-0.22260000000000035
1995-03-02 00:00:00,-0.22260000000000035
1995-03-03 00:00:00,-0.21260000000000034
1995-03-06 00:00:00,-0.22260000000000035
1995-03-07 00:00:00,-0.22260000000000035
1995-03-08 00:00:00,-0.23260000000000036
1995-03-09 00:00:00,-0.23260000000000036
1995-03-10 00:00:00,-0.23260000000000036
1995-03-13 00:00:00,-0.23260000000000036
1995-03-14 00:00:00,-0.24260000000000015
1995-03-15 00:00:00,-0.23260000000000036
1995-03-16 00:00:00,-0.23260000000000036
1995-03-17 00:00:00,-0.22260000000000035
1995-03-20 00:00:00,-0.22260000000000035
1995-03-21 00:00:00,-0.22260000000000035
1995-03-22 00:00:00,-0.21260000000000034
1995-03-23 00:00:00,-0.22260000000000035
1995-03-24 00:00:00,-0.22260000000000035
1995-03-27 00:00:00,-0.21260000000000034
1995-03-28 00:00:00,-0.21260000000000034
1995-03-29 00:00:00,-0.21260000000000034
1995-03-30 00:00:00,-0.21260000000000034
1995-03-31 00:00:00,-0.21260000000000034
1995-04-03 00:00:00,-0.21260000000000034
1995-04-04 00:00:00,-0.21260000000000034
1995-04-05 00:00:00,-0.21260000000000034
1995-04-06 00:00:00,-0.2026000000000001
1995-04-07 00:00:00,-0.19260000000000033
1995-04-10 00:00:00,-0.2026000000000001
1995-04-11 00:00:00,-0.19260000000000033
1995-04-12 00:00:00,-0.19260000000000033
1995-04-13 00:00:00,-0.2026000000000001
1995-04-17 00:00:00,-0.19260000000000033
1995-04-18 00:00:00,-0.1826000000000001
1995-04-19 00:00:00,-0.1826000000000001
1995-04-20 00:00:00,-0.1826000000000001
1995-04-21 00:00:00,-0.1826000000000001
1995-04-24 00:00:00,-0.19260000000000033
1995-04-25 00:00:00,-0.1826000000000001
1995-04-26 00:00:00,-0.1826000000000001
1995-04-27 00:00:00,-0.1826000000000001
1995-04-28 00:00:00,-0.1826000000000001
1995-05-01 00:00:00,-0.1826000000000001
1995-05-02 00:00:00,-0.1826000000000001
1995-05-03 00:00:00,-0.19260000000000033
1995-05-04 00:00:00,-0.1826000000000001
1995-05-05 00:00:00,-0.1826000000000001
1995-05-08 00:00:00,-0.1826000000000001
1995-05-09 00:00:00,-0.2026000000000001
1995-05-10 00:00:00,-0.19260000000000033
1995-05-11 00:00:00,-0.2026000000000001
1995-05-12 00:00:00,-0.19260000000000033
1995-05-15 00:00:00,-0.19260000000000033
1995-05-16 00:00:00,-0.1826000000000001
1995-05-17 00:00:00,-0.1826000000000001
1995-05-18 00:00:00,-0.1826000000000001
1995-05-19 00:00:00,-0.1826000000000001
1995-05-22 00:00:00,-0.1726000000000003
1995-05-23 00:00:00,-0.1726000000000003
1995-05-24 00:00:00,-0.1826000000000001
1995-05-25 00:00:00,-0.1726000000000003
1995-05-26 00:00:00,-0.2026000000000001
1995-05-30 00:00:00,-0.2026000000000001
1995-05-31 00:00:00,-0.19260000000000033
1995-06-01 00:00:00,-0.19260000000000033
1995-06-02 00:00:00,-0.19260000000000033
1995-06-05 00:00:00,-0.19260000000000033
1995-06-06 00:00:00,-0.19260000000000033
1995-06-07 00:00:00,-0.2026000000000001
1995-06-08 00:00:00,-0.2026000000000001
1995-06-09 00:00:00,-0.2026000000000001
1995-06-12 00:00:00,-0.2026000000000001
1995-06-13 00:00:00,-0.2026000000000001
1995-06-14 00:00:00,-0.19260000000000033
1995-06-15 00:00:00,-0.2026000000000001
1995-06-16 00:00:00,-0.2026000000000001
1995-06-19 00:00:00,-0.21260000000000034
1995-06-20 00:00:00,-0.21260000000000034
1995-06-21 00:00:00,-0.21260000000000034
1995-06-22 00:00:00,-0.21260000000000034
1995-06-23 00:00:00,-0.22260000000000035
1995-06-26 00:00:00,-0.21260000000000034
1995-06-27 00:00:00,-0.21260000000000034
1995-06-28 00:00:00,-0.2026000000000001
1995-06-29 00:00:00,-0.21260000000000034
1995-06-30 00:00:00,-0.22260000000000035
1995-07-05 00:00:00,-0.22260000000000035
1995-07-06 00:00:00,-0.21260000000000034
1995-07-07 00:00:00,-0.22260000000000035
1995-07-10 00:00:00,-0.21260000000000034
1995-07-11 00:00:00,-0.21260000000000034
1995-07-12 00:00:00,-0.21260000000000034
1995-07-13 00:00:00,-0.22260000000000035
1995-07-14 00:00:00,-0.22260000000000035
1995-07-17 00:00:00,-0.22260000000000035
1995-07-18 00:00:00,-0.22260000000000035
1995-07-19 00:00:00,-0.22260000000000035
1995-07-20 00:00:00,-0.23260000000000036
1995-07-21 00:00:00,-0.22260000000000035
1995-07-24 00:00:00,-0.22260000000000035
1995-07-25 00:00:00,-0.22260000000000035
1995-07-26 00:00:00,-0.21260000000000034
1995-07-27 00:00:00,-0.21260000000000034
1995-07-28 00:00:00,-0.21260000000000034
1995-07-31 00:00:00,-0.21260000000000034
1995-08-01 00:00:00,-0.21260000000000034
1995-08-02 00:00:00,-0.2026000000000001
1995-08-03 00:00:00,-0.2026000000000001
1995-08-04 00:00:00,-0.2026000000000001
1995-08-07 00:00:00,-0.2026000000000001
1995-08-08 00:00:00,-0.2026000000000001
1995-08-09 00:00:00,-0.2026000000000001
1995-08-10 00:00:00,-0.2026000000000001
1995-08-11 00:00:00,-0.2026000000000001
1995-08-14 00:00:00,-0.21260000000000034
1995-08-15 00:00:00,-0.21260000000000034
1995-08-16 00:00:00,-0.2026000000000001
1995-08-17 00:00:00,-0.2026000000000001
1995-08-18 00:00:00,-0.19260000000000033
1995-08-21 00:00:00,-0.19260000000000033
1995-08-22 00:00:00,-0.19260000000000033
1995-08-23 00:00:00,-0.19260000000000033
1995-08-24 00:00:00,-0.19260000000000033
1995-08-25 00:00:00,-0.19260000000000033
1995-08-28 00:00:00,-0.19260000000000033
1995-08-29 00:00:00,-0.19260000000000033
1995-08-30 00:00:00,-0.19260000000000033
1995-08-31 00:00:00,-0.19260000000000033
1995-09-01 00:00:00,-0.1826000000000001
1995-09-05 00:00:00,-0.1726000000000003
1995-09-06 00:00:00,-0.1726000000000003
1995-09-07 00:00:00,-0.1826000000000001
1995-09-08 00:00:00,-0.1826000000000001
1995-09-11 00:00:00,-0.1826000000000001
1995-09-12 00:00:00,-0.1826000000000001
1995-09-13 00:00:00,-0.1826000000000001
1995-09-14 00:00:00,-0.1826000000000001
1995-09-15 00:00:00,-0.1826000000000001
1995-09-18 00:00:00,-0.1826000000000001
1995-09-19 00:00:00,-0.1826000000000001
1995-09-20 00:00:00,-0.2026000000000001
1995-09-21 00:00:00,-0.21260000000000034
1995-09-22 00:00:00,-0.22260000000000035
1995-09-25 00:00:00,-0.21260000000000034
1995-09-26 00:00:00,-0.21260000000000034
1995-09-27 00:00:00,-0.21260000000000034
1995-09-28 00:00:00,-0.2026000000000001
1995-09-29 00:00:00,-0.21260000000000034
1995-10-02 00:00:00,-0.21260000000000034
1995-10-03 00:00:00,-0.21260000000000034
1995-10-04 00:00:00,-0.22260000000000035
1995-10-05 00:00:00,-0.22260000000000035
1995-10-06 00:00:00,-0.22260000000000035
1995-10-09 00:00:00,-0.22260000000000035
1995-10-10 00:00:00,-0.22260000000000035
1995-10-11 00:00:00,-0.22260000000000035
1995-10-12 00:00:00,-0.22260000000000035
1995-10-13 00:00:00,-0.21260000000000034
1995-10-16 00:00:00,-0.22260000000000035
1995-10-17 00:00:00,-0.22260000000000035
1995-10-18 00:00:00,-0.23260000000000036
1995-10-19 00:00:00,-0.23260000000000036
1995-10-20 00:00:00,-0.23260000000000036
1995-10-23 00:00:00,-0.22260000000000035
1995-10-24 00:00:00,-0.22260000000000035
1995-10-25 00:00:00,-0.22260000000000035
1995-10-26 00:00:00,-0.21260000000000034
1995-10-27 00:00:00,-0.21260000000000034
1995-10-30 00:00:00,-0.21260000000000034
1995-10-31 00:00:00,-0.21260000000000034
1995-11-01 00:00:00,-0.21260000000000034
1995-11-02 00:00:00,-0.2026000000000001
1995-11-03 00:00:00,-0.2026000000000001
1995-11-06 00:00:00,-0.21260000000000034
1995-11-07 00:00:00,-0.21260000000000034
1995-11-08 00:00:00,-0.2026000000000001
1995-11-09 00:00:00,-0.2026000000000001
1995-11-10 00:00:00,-0.2026000000000001
1995-11-13 00:00:00,-0.2026000000000001
1995-11-14 00:00:00,-0.2026000000000001
1995-11-15 00:00:00,-0.2026000000000001
1995-11-16 00:00:00,-0.2026000000000001
1995-11-17 00:00:00,-0.2026000000000001
1995-11-20 00:00:00,-0.2026000000000001
1995-11-21 00:00:00,-0.2026000000000001
1995-11-22 00:00:00,-0.2026000000000001
1995-11-27 00:00:00,-0.19260000000000033
1995-11-28 00:00:00,-0.19260000000000033
1995-11-29 00:00:00,-0.2026000000000001
1995-11-30 00:00:00,-0.2026000000000001
1995-12-01 00:00:00,-0.2026000000000001
1995-12-04 00:00:00,-0.19260000000000033
1995-12-05 00:00:00,-0.1826000000000001
1995-12-06 00:00:00,-0.1826000000000001
1995-12-07 00:00:00,-0.1826000000000001
1995-12-08 00:00:00,-0.1726000000000003
1995-12-11 00:00:00,-0.1726000000000003
1995-12-12 00:00:00,-0.1726000000000003
1995-12-13 00:00:00,-0.16260000000000008
1995-12-14 00:00:00,-0.16260000000000008
1995-12-15 00:00:00,-0.16260000000000008
1995-12-18 00:00:00,-0.1426000000000005
1995-12-19 00:00:00,-0.1426000000000005
1995-12-20 00:00:00,-0.1426000000000005
1995-12-21 00:00:00,-0.1426000000000005
1995-12-22 00:00:00,-0.13260000000000027
1995-12-26 00:00:00,-0.13260000000000027
1995-12-27 00:00:00,-0.12260000000000026
1995-12-28 00:00:00,-0.13260000000000027
1995-12-29 00:00:00,-0.13260000000000027
1996-01-02 00:00:00,-0.12260000000000026
1996-01-03 00:00:00,-0.13260000000000027
1996-01-04 00:00:00,-0.12260000000000026
1996-01-05 00:00:00,-0.11260000000000048
1996-01-09 00:00:00,-0.12260000000000026
1996-01-10 00:00:00,-0.12260000000000026
1996-01-11 00:00:00,-0.1526000000000003
1996-01-12 00:00:00,-0.1726000000000003
1996-01-15 00:00:00,-0.1726000000000003
1996-01-16 00:00:00,-0.18260000000000054
1996-01-17 00:00:00,-0.1726000000000003
1996-01-18 00:00:00,-0.1726000000000003
1996-01-19 00:00:00,-0.1726000000000003
1996-01-22 00:00:00,-0.1726000000000003
1996-01-23 00:00:00,-0.1726000000000003
1996-01-24 00:00:00,-0.1726000000000003
1996-01-25 00:00:00,-0.19260000000000033
1996-01-26 00:00:00,-0.18260000000000054
1996-01-29 00:00:00,-0.19260000000000033
1996-01-30 00:00:00,-0.18260000000000054
1996-01-31 00:00:00,-0.1726000000000003
1996-02-01 00:00:00,-0.18260000000000054
1996-02-02 00:00:00,-0.1726000000000003
1996-02-05 00:00:00,-0.18260000000000054
1996-02-06 00:00:00,-0.18260000000000054
1996-02-07 00:00:00,-0.18260000000000054
1996-02-08 00:00:00,-0.1726000000000003
1996-02-09 00:00:00,-0.1726000000000003
1996-02-12 00:00:00,-0.1726000000000003
1996-02-13 00:00:00,-0.1526000000000003
1996-02-14 00:00:00,-0.1526000000000003
1996-02-15 00:00:00,-0.1526000000000003
1996-02-16 00:00:00,-0.1526000000000003
1996-02-20 00:00:00,-0.1426000000000005
1996-02-21 00:00:00,-0.13260000000000027
1996-02-22 00:00:00,-0.13260000000000027
1996-02-23 00:00:00,-0.1426000000000005
1996-02-26 00:00:00,-0.13260000000000027
1996-02-27 00:00:00,-0.13260000000000027
1996-02-28 00:00:00,-0.1426000000000005
1996-02-29 00:00:00,-0.13260000000000027
1996-03-01 00:00:00,-0.1426000000000005
1996-03-04 00:00:00,-0.1526000000000003
1996-03-05 00:00:00,-0.1426000000000005
1996-03-06 00:00:00,-0.1426000000000005
1996-03-07 00:00:00,-0.1426000000000005
1996-03-08 00:00:00,-0.1426000000000005
1996-03-11 00:00:00,-0.13260000000000027
1996-03-12 00:00:00,-0.12260000000000026
1996-03-13 00:00:00,-0.12260000000000026
1996-03-14 00:00:00,-0.12260000000000026
1996-03-15 00:00:00,-0.11260000000000048
1996-03-18 00:00:00,-0.11260000000000048
1996-03-19 00:00:00,-0.10260000000000047
1996-03-20 00:00:00,-0.10260000000000047
1996-03-21 00:00:00,-0.10260000000000047
1996-03-22 00:00:00,-0.09260000000000024
1996-03-25 00:00:00,-0.08260000000000045
1996-03-26 00:00:00,-0.08260000000000045
1996-03-27 00:00:00,-0.08260000000000045
1996-03-28 00:00:00,-0.09260000000000024
1996-03-29 00:00:00,-0.09260000000000024
1996-04-01 00:00:00,-0.08260000000000045
1996-04-02 00:00:00,-0.07260000000000022
1996-04-03 00:00:00,-0.08260000000000045
1996-04-04 00:00:00,-0.08260000000000045
1996-04-08 00:00:00,-0.07260000000000022
1996-04-09 00:00:00,-0.06260000000000043
1996-04-10 00:00:00,-0.0526000000000002
1996-04-11 00:00:00,-0.032600000000000184
1996-04-12 00:00:00,-0.0526000000000002
1996-04-15 00:00:00,-0.0526000000000002
1996-04-16 00:00:00,-0.07260000000000022
1996-04-17 00:00:00,-0.07260000000000022
1996-04-18 00:00:00,-0.08260000000000045
1996-04-19 00:00:00,-0.08260000000000045
1996-04-22 00:00:00,-0.07260000000000022
1996-04-23 00:00:00,-0.06260000000000043
1996-04-24 00:00:00,-0.06260000000000043
1996-04-25 00:00:00,-0.06260000000000043
1996-04-26 00:00:00,-0.0526000000000002
1996-04-29 00:00:00,-0.042600000000000415
1996-04-30 00:00:00,-0.06260000000000043
1996-05-01 00:00:00,-0.06260000000000043
1996-05-02 00:00:00,-0.07260000000000022
1996-05-03 00:00:00,-0.06260000000000043
1996-05-06 00:00:00,-0.07260000000000022
1996-05-07 00:00:00,-0.06260000000000043
1996-05-08 00:00:00,-0.06260000000000043
1996-05-09 00:00:00,-0.06260000000000043
1996-05-10 00:00:00,-0.06260000000000043
1996-05-13 00:00:00,-0.0526000000000002
1996-05-14 00:00:00,-0.0526000000000002
1996-05-15 00:00:00,-0.06260000000000043
1996-05-16 00:00:00,-0.07260000000000022
1996-05-17 00:00:00,-0.08260000000000045
1996-05-20 00:00:00,-0.06260000000000043
1996-05-21 00:00:00,-0.06260000000000043
1996-05-22 00:00:00,-0.0526000000000002
1996-05-23 00:00:00,-0.06260000000000043
1996-05-24 00:00:00,-0.0526000000000002
1996-05-28 00:00:00,-0.06260000000000043
1996-05-29 00:00:00,-0.06260000000000043
1996-05-30 00:00:00,-0.07260000000000022
1996-05-31 00:00:00,-0.08260000000000045
1996-06-03 00:00:00,-0.07260000000000022
1996-06-04 00:00:00,-0.07260000000000022
1996-06-05 00:00:00,-0.08260000000000045
1996-06-06 00:00:00,-0.08260000000000045
1996-06-07 00:00:00,-0.07260000000000022
1996-06-10 00:00:00,-0.07260000000000022
1996-06-11 00:00:00,-0.08260000000000045
1996-06-12 00:00:00,-0.08260000000000045
1996-06-13 00:00:00,-0.07260000000000022
1996-06-14 00:00:00,-0.07260000000000022
1996-06-17 00:00:00,-0.0526000000000002
1996-06-18 00:00:00,-0.06260000000000043
1996-06-19 00:00:00,-0.07260000000000022
1996-06-20 00:00:00,-0.07260000000000022
1996-06-21 00:00:00,-0.07260000000000022
1996-06-24 00:00:00,-0.07260000000000022
1996-06-25 00:00:00,-0.07260000000000022
1996-06-26 00:00:00,-0.06260000000000043
1996-06-27 00:00:00,-0.0526000000000002
1996-06-28 00:00:00,-0.0526000000000002
1996-07-01 00:00:00,-0.042600000000000415
1996-07-02 00:00:00,-0.042600000000000415
1996-07-03 00:00:00,-0.042600000000000415
1996-07-08 00:00:00,-0.042600000000000415
1996-07-09 00:00:00,-0.032600000000000184
1996-07-10 00:00:00,-0.032600000000000184
1996-07-11 00:00:00,-0.022600000000000398
1996-07-12 00:00:00,-0.022600000000000398
1996-07-15 00:00:00,-0.012600000000000167
1996-07-16 00:00:00,-0.022600000000000398
1996-07-17 00:00:00,-0.022600000000000398
1996-07-18 00:00:00,-0.022600000000000398
1996-07-19 00:00:00,-0.022600000000000398
1996-07-22 00:00:00,-0.032600000000000184
1996-07-23 00:00:00,-0.022600000000000398
1996-07-24 00:00:00,-0.032600000000000184
1996-07-25 00:00:00,-0.022600000000000398
1996-07-26 00:00:00,-0.032600000000000184
1996-07-29 00:00:00,-0.042600000000000415
1996-07-30 00:00:00,-0.032600000000000184
1996-07-31 00:00:00,-0.022600000000000398
1996-08-01 00:00:00,-0.012600000000000167
1996-08-02 00:00:00,-0.00260000000000038
1996-08-05 00:00:00,-0.012600000000000167
1996-08-06 00:00:00,-0.022600000000000398
1996-08-07 00:00:00,-0.012600000000000167
1996-08-08 00:00:00,-0.00260000000000038
1996-08-09 00:00:00,-0.00260000000000038
1996-08-12 00:00:00,0.007399999999999851
1996-08-13 00:00:00,0.007399999999999851
1996-08-14 00:00:00,0.007399999999999851
1996-08-15 00:00:00,0.007399999999999851
1996-08-16 00:00:00,0.02739999999999987
1996-08-19 00:00:00,0.037399999999999656
1996-08-20 00:00:00,0.02739999999999987
1996-08-21 00:00:00,0.017399999999999638
1996-08-22 00:00:00,0.02739999999999987
1996-08-23 00:00:00,0.02739999999999987
1996-08-26 00:00:00,0.017399999999999638
1996-08-27 00:00:00,0.017399999999999638
1996-08-28 00:00:00,0.02739999999999987
1996-08-29 00:00:00,0.037399999999999656
1996-08-30 00:00:00,0.037399999999999656
1996-09-03 00:00:00,0.057399999999999896
1996-09-04 00:00:00,0.04739999999999989
1996-09-05 00:00:00,0.057399999999999896
1996-09-06 00:00:00,0.06739999999999968
1996-09-09 00:00:00,0.06739999999999968
1996-09-10 00:00:00,0.07739999999999991
1996-09-11 00:00:00,0.0873999999999997
1996-09-12 00:00:00,0.09739999999999971
1996-09-13 00:00:00,0.0873999999999997
1996-09-16 00:00:00,0.057399999999999896
1996-09-17 00:00:00,0.057399999999999896
1996-09-18 00:00:00,0.07739999999999991
1996-09-19 00:00:00,0.06739999999999968
1996-09-20 00:00:00,0.07739999999999991
1996-09-23 00:00:00,0.07739999999999991
1996-09-24 00:00:00,0.09739999999999971
1996-09-25 00:00:00,0.1073999999999995
1996-09-26 00:00:00,0.09739999999999971
1996-09-27 00:00:00,0.1073999999999995
1996-09-30 00:00:00,0.1073999999999995
1996-10-01 00:00:00,0.1073999999999995
1996-10-02 00:00:00,0.11739999999999973
1996-10-03 00:00:00,0.13739999999999952
1996-10-04 00:00:00,0.13739999999999952
1996-10-07 00:00:00,0.15739999999999998
1996-10-08 00:00:00,0.16739999999999977
1996-10-09 00:00:00,0.1473999999999993
1996-10-10 00:00:00,0.11739999999999973
1996-10-11 00:00:00,0.11739999999999973
1996-10-14 00:00:00,0.1473999999999993
1996-10-15 00:00:00,0.13739999999999952
1996-10-16 00:00:00,0.11739999999999973
1996-10-17 00:00:00,0.12739999999999974
1996-10-18 00:00:00,0.1473999999999993
1996-10-21 00:00:00,0.13739999999999952
1996-10-22 00:00:00,0.1473999999999993
1996-10-23 00:00:00,0.12739999999999974
1996-10-24 00:00:00,0.11739999999999973
1996-10-25 00:00:00,0.12739999999999974
1996-10-28 00:00:00,0.12739999999999974
1996-10-29 00:00:00,0.11739999999999973
1996-10-30 00:00:00,0.1073999999999995
1996-10-31 00:00:00,0.0873999999999997
1996-11-01 00:00:00,0.07739999999999991
1996-11-04 00:00:00,0.07739999999999991
1996-11-05 00:00:00,0.06739999999999968
1996-11-06 00:00:00,0.07739999999999991
1996-11-07 00:00:00,0.0873999999999997
1996-11-08 00:00:00,0.1073999999999995
1996-11-11 00:00:00,0.09739999999999971
1996-11-12 00:00:00,0.09739999999999971
1996-11-13 00:00:00,0.12739999999999974
1996-11-14 00:00:00,0.1473999999999993
1996-11-15 00:00:00,0.13739999999999952
1996-11-18 00:00:00,0.12739999999999974
1996-11-19 00:00:00,0.1473999999999993
1996-11-20 00:00:00,0.12739999999999974
1996-11-21 00:00:00,0.1473999999999993
1996-11-22 00:00:00,0.13739999999999952
1996-11-25 00:00:00,0.12739999999999974
1996-11-26 00:00:00,0.12739999999999974
1996-11-27 00:00:00,0.13739999999999952
1996-12-02 00:00:00,0.1473999999999993
1996-12-03 00:00:00,0.15739999999999998
1996-12-04 00:00:00,0.15739999999999998
1996-12-05 00:00:00,0.16739999999999977
1996-12-06 00:00:00,0.16739999999999977
1996-12-09 00:00:00,0.1473999999999993
1996-12-10 00:00:00,0.12739999999999974
1996-12-11 00:00:00,0.10739999999999994
1996-12-12 00:00:00,0.11739999999999973
1996-12-13 00:00:00,0.13739999999999952
1996-12-16 00:00:00,0.16739999999999977
1996-12-17 00:00:00,0.15739999999999998
1996-12-18 00:00:00,0.16739999999999977
1996-12-19 00:00:00,0.16739999999999977
1996-12-20 00:00:00,0.15739999999999998
1996-12-23 00:00:00,0.1473999999999993
1996-12-24 00:00:00,0.1473999999999993
1996-12-26 00:00:00,0.1473999999999993
1996-12-27 00:00:00,0.1473999999999993
1996-12-30 00:00:00,0.1473999999999993
1996-12-31 00:00:00,0.16739999999999977
1997-01-02 00:00:00,0.16739999999999977
1997-01-03 00:00:00,0.15739999999999998
1997-01-06 00:00:00,0.17739999999999956
1997-01-07 00:00:00,0.16739999999999977
1997-01-08 00:00:00,0.17739999999999956
1997-01-09 00:00:00,0.17739999999999956
1997-01-10 00:00:00,0.16739999999999977
1997-01-13 00:00:00,0.1473999999999993
1997-01-14 00:00:00,0.1473999999999993
1997-01-15 00:00:00,0.16739999999999977
1997-01-16 00:00:00,0.1473999999999993
1997-01-17 00:00:00,0.13739999999999952
1997-01-20 00:00:00,0.13739999999999952
1997-01-21 00:00:00,0.12739999999999974
1997-01-22 00:00:00,0.13739999999999952
1997-01-23 00:00:00,0.12739999999999974
1997-01-24 00:00:00,0.12739999999999974
1997-01-27 00:00:00,0.12739999999999974
1997-01-28 00:00:00,0.12739999999999974
1997-01-29 00:00:00,0.13739999999999952
1997-01-30 00:00:00,0.1473999999999993
1997-01-31 00:00:00,0.12739999999999974
1997-02-03 00:00:00,0.12739999999999974
1997-02-04 00:00:00,0.11739999999999973
1997-02-05 00:00:00,0.11739999999999973
1997-02-06 00:00:00,0.09739999999999971
1997-02-07 00:00:00,0.0873999999999997
1997-02-10 00:00:00,0.09739999999999971
1997-02-11 00:00:00,0.09739999999999971
1997-02-12 00:00:00,0.0873999999999997
1997-02-13 00:00:00,0.07739999999999991
1997-02-14 00:00:00,0.0873999999999997
1997-02-18 00:00:00,0.0873999999999997
1997-02-19 00:00:00,0.0873999999999997
1997-02-20 00:00:00,0.07739999999999991
1997-02-21 00:00:00,0.07739999999999991
1997-02-24 00:00:00,0.057399999999999896
1997-02-25 00:00:00,0.06739999999999968
1997-02-26 00:00:00,0.06739999999999968
1997-02-27 00:00:00,0.057399999999999896
1997-02-28 00:00:00,0.04739999999999989
1997-03-03 00:00:00,0.04739999999999989
1997-03-04 00:00:00,0.04739999999999989
1997-03-05 00:00:00,0.04739999999999989
1997-03-06 00:00:00,0.057399999999999896
1997-03-07 00:00:00,0.06739999999999968
1997-03-10 00:00:00,0.057399999999999896
1997-03-11 00:00:00,0.04739999999999989
1997-03-12 00:00:00,0.06739999999999968
1997-03-13 00:00:00,0.06739999999999968
1997-03-14 00:00:00,0.06739999999999968
1997-03-17 00:00:00,0.057399999999999896
1997-03-18 00:00:00,0.06739999999999968
1997-03-19 00:00:00,0.07739999999999991
1997-03-20 00:00:00,0.06739999999999968
1997-03-21 00:00:00,0.06739999999999968
1997-03-24 00:00:00,0.057399999999999896
1997-03-25 00:00:00,0.06739999999999968
1997-03-26 00:00:00,0.057399999999999896
1997-03-27 00:00:00,0.057399999999999896
1997-03-31 00:00:00,0.04739999999999989
1997-04-01 00:00:00,0.04739999999999989
1997-04-02 00:00:00,0.037399999999999656
1997-04-03 00:00:00,0.037399999999999656
1997-04-04 00:00:00,0.037399999999999656
1997-04-07 00:00:00,0.037399999999999656
1997-04-08 00:00:00,0.037399999999999656
1997-04-09 00:00:00,0.037399999999999656
1997-04-10 00:00:00,0.04739999999999989
1997-04-11 00:00:00,0.04739999999999989
1997-04-14 00:00:00,0.04739999999999989
1997-04-15 00:00:00,0.04739999999999989
1997-04-16 00:00:00,0.037399999999999656
1997-04-17 00:00:00,0.037399999999999656
1997-04-18 00:00:00,0.037399999999999656
1997-04-21 00:00:00,0.04739999999999989
1997-04-22 00:00:00,0.037399999999999656
1997-04-23 00:00:00,0.037399999999999656
1997-04-24 00:00:00,0.04739999999999989
1997-04-25 00:00:00,0.04739999999999989
1997-04-28 00:00:00,0.04739999999999989
1997-04-29 00:00:00,0.057399999999999896
1997-04-30 00:00:00,0.057399999999999896
1997-05-01 00:00:00,0.04739999999999989
1997-05-02 00:00:00,0.037399999999999656
1997-05-05 00:00:00,0.037399999999999656
1997-05-06 00:00:00,0.04739999999999989
1997-05-07 00:00:00,0.037399999999999656
1997-05-08 00:00:00,0.057399999999999896
1997-05-09 00:00:00,0.057399999999999896
1997-05-12 00:00:00,0.07739999999999991
1997-05-13 00:00:00,0.07739999999999991
1997-05-14 00:00:00,0.07739999999999991
1997-05-15 00:00:00,0.07739999999999991
1997-05-16 00:00:00,0.09739999999999971
1997-05-19 00:00:00,0.0873999999999997
1997-05-20 00:00:00,0.0873999999999997
1997-05-21 00:00:00,0.0873999999999997
1997-05-22 00:00:00,0.0873999999999997
1997-05-23 00:00:00,0.0873999999999997
1997-05-27 00:00:00,0.06739999999999968
1997-05-28 00:00:00,0.06739999999999968
1997-05-29 00:00:00,0.07739999999999991
1997-05-30 00:00:00,0.06739999999999968
1997-06-02 00:00:00,0.07739999999999991
1997-06-03 00:00:00,0.057399999999999896
1997-06-04 00:00:00,0.057399999999999896
1997-06-05 00:00:00,0.04739999999999989
1997-06-06 00:00:00,0.02739999999999987
1997-06-09 00:00:00,0.02739999999999987
1997-06-10 00:00:00,0.02739999999999987
1997-06-11 00:00:00,0.02739999999999987
1997-06-12 00:00:00,0.02739999999999987
1997-06-13 00:00:00,0.02739999999999987
1997-06-16 00:00:00,0.02739999999999987
1997-06-17 00:00:00,0.037399999999999656
1997-06-18 00:00:00,0.02739999999999987
1997-06-19 00:00:00,0.02739999999999987
1997-06-20 00:00:00,0.017399999999999638
1997-06-23 00:00:00,0.02739999999999987
1997-06-24 00:00:00,0.02739999999999987
1997-06-25 00:00:00,0.037399999999999656
1997-06-26 00:00:00,0.02739999999999987
1997-06-27 00:00:00,0.037399999999999656
1997-06-30 00:00:00,0.037399999999999656
1997-07-01 00:00:00,0.04739999999999989
1997-07-02 00:00:00,0.04739999999999989
1997-07-03 00:00:00,0.02739999999999987
1997-07-07 00:00:00,0.02739999999999987
1997-07-08 00:00:00,0.037399999999999656
1997-07-09 00:00:00,0.02739999999999987
1997-07-10 00:00:00,0.02739999999999987
1997-07-11 00:00:00,0.02739999999999987
1997-07-14 00:00:00,0.02739999999999987
1997-07-15 00:00:00,0.037399999999999656
1997-07-16 00:00:00,0.02739999999999987
1997-07-17 00:00:00,0.037399999999999656
1997-07-18 00:00:00,0.017399999999999638
1997-07-21 00:00:00,0.02739999999999987
1997-07-22 00:00:00,0.02739999999999987
1997-07-23 00:00:00,0.02739999999999987
1997-07-24 00:00:00,0.037399999999999656
1997-07-25 00:00:00,0.037399999999999656
1997-07-28 00:00:00,0.037399999999999656
1997-07-29 00:00:00,0.037399999999999656
1997-07-30 00:00:00,0.057399999999999896
1997-07-31 00:00:00,0.057399999999999896
1997-08-01 00:00:00,0.057399999999999896
1997-08-04 00:00:00,0.07739999999999991
1997-08-05 00:00:00,0.07739999999999991
1997-08-06 00:00:00,0.06739999999999968
1997-08-07 00:00:00,0.04739999999999989
1997-08-08 00:00:00,0.037399999999999656
1997-08-11 00:00:00,0.037399999999999656
1997-08-12 00:00:00,0.04739999999999989
1997-08-13 00:00:00,0.057399999999999896
1997-08-14 00:00:00,0.057399999999999896
1997-08-15 00:00:00,0.04739999999999989
1997-08-18 00:00:00,0.04739999999999989
1997-08-19 00:00:00,0.04739999999999989
1997-08-20 00:00:00,0.04739999999999989
1997-08-21 00:00:00,0.02739999999999987
1997-08-22 00:00:00,0.02739999999999987
1997-08-25 00:00:00,0.017400000000000082
1997-08-26 00:00:00,0.017400000000000082
1997-08-27 00:00:00,0.02739999999999987
1997-08-28 00:00:00,0.02739999999999987
1997-08-29 00:00:00,0.017400000000000082
1997-09-02 00:00:00,0.02739999999999987
1997-09-03 00:00:00,0.017400000000000082
1997-09-04 00:00:00,0.017400000000000082
1997-09-05 00:00:00,0.02739999999999987
1997-09-08 00:00:00,0.017400000000000082
1997-09-09 00:00:00,0.017400000000000082
1997-09-10 00:00:00,0.007399999999999851
1997-09-11 00:00:00,0.017400000000000082
1997-09-12 00:00:00,0.017400000000000082
1997-09-15 00:00:00,0.017400000000000082
1997-09-16 00:00:00,0.02739999999999987
1997-09-17 00:00:00,0.017400000000000082
1997-09-18 00:00:00,0.017400000000000082
1997-09-19 00:00:00,0.017400000000000082
1997-09-22 00:00:00,0.02739999999999987
1997-09-23 00:00:00,0.02739999999999987
1997-09-24 00:00:00,0.037399999999999656
1997-09-25 00:00:00,0.04739999999999989
1997-09-26 00:00:00,0.06739999999999968
1997-09-29 00:00:00,0.06739999999999968
1997-09-30 00:00:00,0.06739999999999968
1997-10-01 00:00:00,0.057399999999999896
1997-10-02 00:00:00,0.07739999999999991
1997-10-03 00:00:00,0.09739999999999971
1997-10-06 00:00:00,0.07739999999999991
1997-10-07 00:00:00,0.07739999999999991
1997-10-08 00:00:00,0.07739999999999991
1997-10-09 00:00:00,0.07739999999999991
1997-10-10 00:00:00,0.07739999999999991
1997-10-13 00:00:00,0.057399999999999896
1997-10-14 00:00:00,0.04739999999999989
1997-10-15 00:00:00,0.04739999999999989
1997-10-16 00:00:00,0.057399999999999896
1997-10-17 00:00:00,0.04739999999999989
1997-10-20 00:00:00,0.04739999999999989
1997-10-21 00:00:00,0.04739999999999989
1997-10-22 00:00:00,0.057399999999999896
1997-10-23 00:00:00,0.057399999999999896
1997-10-24 00:00:00,0.04739999999999989
1997-10-27 00:00:00,0.04739999999999989
1997-10-28 00:00:00,0.037399999999999656
1997-10-29 00:00:00,0.04739999999999989
1997-10-30 00:00:00,0.057399999999999896
1997-10-31 00:00:00,0.057399999999999896
1997-11-03 00:00:00,0.057399999999999896
1997-11-04 00:00:00,0.04739999999999989
1997-11-05 00:00:00,0.037399999999999656
1997-11-06 00:00:00,0.037399999999999656
1997-11-07 00:00:00,0.04739999999999989
1997-11-10 00:00:00,0.037399999999999656
1997-11-11 00:00:00,0.04739999999999989
1997-11-12 00:00:00,0.04739999999999989
1997-11-13 00:00:00,0.04739999999999989
1997-11-14 00:00:00,0.057399999999999896
1997-11-17 00:00:00,0.037399999999999656
1997-11-18 00:00:00,0.037399999999999656
1997-11-19 00:00:00,0.02739999999999987
1997-11-20 00:00:00,0.017400000000000082
1997-11-21 00:00:00,0.017400000000000082
1997-11-24 00:00:00,0.02739999999999987
1997-11-25 00:00:00,0.02739999999999987
1997-11-26 00:00:00,0.007399999999999851
1997-12-01 00:00:00,-0.012600000000000167
1997-12-02 00:00:00,-0.0025999999999999357
1997-12-03 00:00:00,-0.0025999999999999357
1997-12-04 00:00:00,-0.0025999999999999357
1997-12-05 00:00:00,-0.0025999999999999357
1997-12-08 00:00:00,-0.0025999999999999357
1997-12-09 00:00:00,-0.0025999999999999357
1997-12-10 00:00:00,-0.022599999999999953
1997-12-11 00:00:00,-0.022599999999999953
1997-12-12 00:00:00,-0.022599999999999953
1997-12-15 00:00:00,-0.022599999999999953
1997-12-16 00:00:00,-0.022599999999999953
1997-12-17 00:00:00,-0.022599999999999953
1997-12-18 00:00:00,-0.012600000000000167
1997-12-19 00:00:00,-0.012600000000000167
1997-12-22 00:00:00,-0.022599999999999953
1997-12-23 00:00:00,-0.032600000000000184
1997-12-24 00:00:00,-0.032600000000000184
1997-12-26 00:00:00,-0.032600000000000184
1997-12-29 00:00:00,-0.04259999999999997
1997-12-30 00:00:00,-0.04259999999999997
1997-12-31 00:00:00,-0.04259999999999997
1998-01-02 00:00:00,-0.04259999999999997
1998-01-05 00:00:00,-0.06259999999999999
1998-01-06 00:00:00,-0.06259999999999999
1998-01-07 00:00:00,-0.06259999999999999
1998-01-08 00:00:00,-0.06259999999999999
1998-01-09 00:00:00,-0.07260000000000022
1998-01-12 00:00:00,-0.07260000000000022
1998-01-13 00:00:00,-0.07260000000000022
1998-01-14 00:00:00,-0.07260000000000022
1998-01-15 00:00:00,-0.07260000000000022
1998-01-16 00:00:00,-0.06259999999999999
1998-01-20 00:00:00,-0.07260000000000022
1998-01-21 00:00:00,-0.07260000000000022
1998-01-22 00:00:00,-0.0826
1998-01-23 00:00:00,-0.09260000000000024
1998-01-26 00:00:00,-0.06259999999999999
1998-01-27 00:00:00,-0.06259999999999999
1998-01-28 00:00:00,-0.0526000000000002
1998-01-29 00:00:00,-0.04259999999999997
1998-01-30 00:00:00,-0.0526000000000002
1998-02-02 00:00:00,-0.06259999999999999
1998-02-03 00:00:00,-0.07260000000000022
1998-02-04 00:00:00,-0.0826
1998-02-05 00:00:00,-0.07260000000000022
1998-02-06 00:00:00,-0.07260000000000022
1998-02-09 00:00:00,-0.07260000000000022
1998-02-10 00:00:00,-0.0826
1998-02-11 00:00:00,-0.0826
1998-02-12 00:00:00,-0.09260000000000024
1998-02-13 00:00:00,-0.09260000000000024
1998-02-17 00:00:00,-0.10260000000000002
1998-02-18 00:00:00,-0.0826
1998-02-19 00:00:00,-0.09260000000000024
1998-02-20 00:00:00,-0.09260000000000024
1998-02-23 00:00:00,-0.11260000000000003
1998-02-24 00:00:00,-0.11260000000000003
1998-02-25 00:00:00,-0.11260000000000003
1998-02-26 00:00:00,-0.11260000000000003
1998-02-27 00:00:00,-0.11260000000000003
1998-03-02 00:00:00,-0.11260000000000003
1998-03-03 00:00:00,-0.11260000000000003
1998-03-04 00:00:00,-0.11260000000000003
1998-03-05 00:00:00,-0.11260000000000003
1998-03-06 00:00:00,-0.12260000000000026
1998-03-09 00:00:00,-0.13260000000000027
1998-03-10 00:00:00,-0.14260000000000006
1998-03-11 00:00:00,-0.14260000000000006
1998-03-12 00:00:00,-0.14260000000000006
1998-03-13 00:00:00,-0.14260000000000006
1998-03-16 00:00:00,-0.16260000000000008
1998-03-17 00:00:00,-0.16260000000000008
1998-03-18 00:00:00,-0.14260000000000006
1998-03-19 00:00:00,-0.14260000000000006
1998-03-20 00:00:00,-0.14260000000000006
1998-03-23 00:00:00,-0.10260000000000002
1998-03-24 00:00:00,-0.11260000000000003
1998-03-25 00:00:00,-0.10260000000000002
1998-03-26 00:00:00,-0.09260000000000024
1998-03-27 00:00:00,-0.09260000000000024
1998-03-30 00:00:00,-0.11260000000000003
1998-03-31 00:00:00,-0.12260000000000026
1998-04-01 00:00:00,-0.12260000000000026
1998-04-02 00:00:00,-0.12260000000000026
1998-04-03 00:00:00,-0.11260000000000003
1998-04-06 00:00:00,-0.12260000000000026
1998-04-07 00:00:00,-0.13260000000000027
1998-04-08 00:00:00,-0.12260000000000026
1998-04-09 00:00:00,-0.12260000000000026
1998-04-13 00:00:00,-0.12260000000000026
1998-04-14 00:00:00,-0.13260000000000027
1998-04-15 00:00:00,-0.12260000000000026
1998-04-16 00:00:00,-0.11260000000000003
1998-04-17 00:00:00,-0.12260000000000026
1998-04-20 00:00:00,-0.12260000000000026
1998-04-21 00:00:00,-0.12260000000000026
1998-04-22 00:00:00,-0.13260000000000027
1998-04-23 00:00:00,-0.13260000000000027
1998-04-24 00:00:00,-0.13260000000000027
1998-04-27 00:00:00,-0.13260000000000027
1998-04-28 00:00:00,-0.12260000000000026
1998-04-29 00:00:00,-0.13260000000000027
1998-04-30 00:00:00,-0.12260000000000026
1998-05-01 00:00:00,-0.10260000000000002
1998-05-04 00:00:00,-0.11260000000000003
1998-05-05 00:00:00,-0.12260000000000026
1998-05-06 00:00:00,-0.12260000000000026
1998-05-07 00:00:00,-0.12260000000000026
1998-05-08 00:00:00,-0.13260000000000027
1998-05-11 00:00:00,-0.13260000000000027
1998-05-12 00:00:00,-0.13260000000000027
1998-05-13 00:00:00,-0.13260000000000027
1998-05-14 00:00:00,-0.13260000000000027
1998-05-15 00:00:00,-0.14260000000000006
1998-05-18 00:00:00,-0.1526000000000003
1998-05-19 00:00:00,-0.1526000000000003
1998-05-20 00:00:00,-0.1726000000000003
1998-05-21 00:00:00,-0.16260000000000008
1998-05-22 00:00:00,-0.16260000000000008
1998-05-26 00:00:00,-0.1726000000000003
1998-05-27 00:00:00,-0.16260000000000008
1998-05-28 00:00:00,-0.1726000000000003
1998-05-29 00:00:00,-0.16260000000000008
1998-06-01 00:00:00,-0.1726000000000003
1998-06-02 00:00:00,-0.1726000000000003
1998-06-03 00:00:00,-0.1826000000000001
1998-06-04 00:00:00,-0.1726000000000003
1998-06-05 00:00:00,-0.1726000000000003
1998-06-08 00:00:00,-0.1826000000000001
1998-06-09 00:00:00,-0.1826000000000001
1998-06-10 00:00:00,-0.1826000000000001
1998-06-11 00:00:00,-0.19260000000000033
1998-06-12 00:00:00,-0.19260000000000033
1998-06-15 00:00:00,-0.2026000000000001
1998-06-16 00:00:00,-0.2026000000000001
1998-06-17 00:00:00,-0.2026000000000001
1998-06-18 00:00:00,-0.2026000000000001
1998-06-19 00:00:00,-0.2026000000000001
1998-06-22 00:00:00,-0.19260000000000033
1998-06-23 00:00:00,-0.1826000000000001
1998-06-24 00:00:00,-0.1726000000000003
1998-06-25 00:00:00,-0.19260000000000033
1998-06-26 00:00:00,-0.19260000000000033
1998-06-29 00:00:00,-0.19260000000000033
1998-06-30 00:00:00,-0.2026000000000001
1998-07-01 00:00:00,-0.19260000000000033
1998-07-02 00:00:00,-0.19260000000000033
1998-07-06 00:00:00,-0.21260000000000034
1998-07-07 00:00:00,-0.21260000000000034
1998-07-08 00:00:00,-0.21260000000000034
1998-07-09 00:00:00,-0.21260000000000034
1998-07-10 00:00:00,-0.21260000000000034
1998-07-13 00:00:00,-0.21260000000000034
1998-07-14 00:00:00,-0.2026000000000001
1998-07-15 00:00:00,-0.2026000000000001
1998-07-16 00:00:00,-0.2026000000000001
1998-07-17 00:00:00,-0.21260000000000034
1998-07-20 00:00:00,-0.22260000000000013
1998-07-21 00:00:00,-0.21260000000000034
1998-07-22 00:00:00,-0.22260000000000013
1998-07-23 00:00:00,-0.22260000000000013
1998-07-24 00:00:00,-0.22260000000000013
1998-07-27 00:00:00,-0.22260000000000013
1998-07-28 00:00:00,-0.22260000000000013
1998-07-29 00:00:00,-0.23260000000000014
1998-07-30 00:00:00,-0.23260000000000014
1998-07-31 00:00:00,-0.23260000000000014
1998-08-03 00:00:00,-0.24260000000000015
1998-08-04 00:00:00,-0.23260000000000014
1998-08-05 00:00:00,-0.24260000000000015
1998-08-06 00:00:00,-0.23260000000000014
1998-08-07 00:00:00,-0.23260000000000014
1998-08-10 00:00:00,-0.25260000000000016
1998-08-11 00:00:00,-0.25260000000000016
1998-08-12 00:00:00,-0.25260000000000016
1998-08-13 00:00:00,-0.24260000000000015
1998-08-14 00:00:00,-0.24260000000000015
1998-08-17 00:00:00,-0.25260000000000016
1998-08-18 00:00:00,-0.26260000000000017
1998-08-19 00:00:00,-0.26260000000000017
1998-08-20 00:00:00,-0.25260000000000016
1998-08-21 00:00:00,-0.26260000000000017
1998-08-24 00:00:00,-0.26260000000000017
1998-08-25 00:00:00,-0.25260000000000016
1998-08-26 00:00:00,-0.25260000000000016
1998-08-27 00:00:00,-0.26260000000000017
1998-08-28 00:00:00,-0.26260000000000017
1998-08-31 00:00:00,-0.26260000000000017
1998-09-01 00:00:00,-0.25260000000000016
1998-09-02 00:00:00,-0.25260000000000016
1998-09-03 00:00:00,-0.22260000000000013
1998-09-04 00:00:00,-0.23260000000000014
1998-09-08 00:00:00,-0.23260000000000014
1998-09-09 00:00:00,-0.23260000000000014
1998-09-10 00:00:00,-0.21260000000000034
1998-09-11 00:00:00,-0.21260000000000034
1998-09-14 00:00:00,-0.21260000000000034
1998-09-15 00:00:00,-0.22260000000000013
1998-09-16 00:00:00,-0.22260000000000013
1998-09-17 00:00:00,-0.21260000000000034
1998-09-18 00:00:00,-0.2026000000000001
1998-09-21 00:00:00,-0.2026000000000001
1998-09-22 00:00:00,-0.2026000000000001
1998-09-23 00:00:00,-0.2026000000000001
1998-09-24 00:00:00,-0.19260000000000033
1998-09-25 00:00:00,-0.2026000000000001
1998-09-28 00:00:00,-0.2026000000000001
1998-09-29 00:00:00,-0.2026000000000001
1998-09-30 00:00:00,-0.19260000000000033
1998-10-01 00:00:00,-0.21260000000000034
1998-10-02 00:00:00,-0.21260000000000034
1998-10-05 00:00:00,-0.21260000000000034
1998-10-06 00:00:00,-0.2026000000000001
1998-10-07 00:00:00,-0.22260000000000013
1998-10-08 00:00:00,-0.23260000000000036
1998-10-09 00:00:00,-0.23260000000000036
1998-10-12 00:00:00,-0.24260000000000015
1998-10-13 00:00:00,-0.24260000000000015
1998-10-14 00:00:00,-0.24260000000000015
1998-10-15 00:00:00,-0.24260000000000015
1998-10-16 00:00:00,-0.24260000000000015
1998-10-19 00:00:00,-0.25260000000000016
1998-10-20 00:00:00,-0.25260000000000016
1998-10-21 00:00:00,-0.24260000000000015
1998-10-22 00:00:00,-0.24260000000000015
1998-10-23 00:00:00,-0.24260000000000015
1998-10-26 00:00:00,-0.24260000000000015
1998-10-27 00:00:00,-0.24260000000000015
1998-10-28 00:00:00,-0.24260000000000015
1998-10-29 00:00:00,-0.24260000000000015
1998-10-30 00:00:00,-0.24260000000000015
1998-11-02 00:00:00,-0.24260000000000015
1998-11-03 00:00:00,-0.24260000000000015
1998-11-04 00:00:00,-0.25260000000000016
1998-11-05 00:00:00,-0.25260000000000016
1998-11-06 00:00:00,-0.25260000000000016
1998-11-09 00:00:00,-0.26260000000000017
1998-11-10 00:00:00,-0.26260000000000017
1998-11-11 00:00:00,-0.26260000000000017
1998-11-12 00:00:00,-0.25260000000000016
1998-11-13 00:00:00,-0.26260000000000017
1998-11-16 00:00:00,-0.2726000000000002
1998-11-17 00:00:00,-0.2826000000000002
1998-11-18 00:00:00,-0.2926000000000002
1998-11-19 00:00:00,-0.2926000000000002
1998-11-20 00:00:00,-0.2926000000000002
1998-11-23 00:00:00,-0.3026000000000002
1998-11-24 00:00:00,-0.3026000000000002
1998-11-25 00:00:00,-0.3126000000000002
1998-11-30 00:00:00,-0.33260000000000023
1998-12-01 00:00:00,-0.33260000000000023
1998-12-02 00:00:00,-0.33260000000000023
1998-12-03 00:00:00,-0.3226000000000002
1998-12-04 00:00:00,-0.3226000000000002
1998-12-07 00:00:00,-0.3226000000000002
1998-12-08 00:00:00,-0.3226000000000002
1998-12-09 00:00:00,-0.33260000000000023
1998-12-10 00:00:00,-0.33260000000000023
1998-12-11 00:00:00,-0.33260000000000023
1998-12-14 00:00:00,-0.3226000000000002
1998-12-15 00:00:00,-0.3126000000000002
1998-12-16 00:00:00,-0.3026000000000002
1998-12-17 00:00:00,-0.33260000000000023
1998-12-18 00:00:00,-0.33260000000000023
1998-12-21 00:00:00,-0.34260000000000024
1998-12-22 00:00:00,-0.33260000000000023
1998-12-23 00:00:00,-0.33260000000000023
1998-12-24 00:00:00,-0.33260000000000023
1998-12-28 00:00:00,-0.33260000000000023
1998-12-29 00:00:00,-0.33260000000000023
1998-12-30 00:00:00,-0.33260000000000023
1998-12-31 00:00:00,-0.3226000000000002
1999-01-04 00:00:00,-0.3126000000000002
1999-01-05 00:00:00,-0.3226000000000002
1999-01-06 00:00:00,-0.3126000000000002
1999-01-07 00:00:00,-0.3126000000000002
1999-01-08 00:00:00,-0.3026000000000002
1999-01-11 00:00:00,-0.2926000000000002
1999-01-12 00:00:00,-0.3126000000000002
1999-01-13 00:00:00,-0.33260000000000023
1999-01-14 00:00:00,-0.34260000000000024
1999-01-15 00:00:00,-0.34260000000000024
1999-01-19 00:00:00,-0.35260000000000025
1999-01-20 00:00:00,-0.36260000000000026
1999-01-21 00:00:00,-0.35260000000000025
1999-01-22 00:00:00,-0.34260000000000024
1999-01-25 00:00:00,-0.35260000000000025
1999-01-26 00:00:00,-0.36260000000000026
1999-01-27 00:00:00,-0.35260000000000025
1999-01-28 00:00:00,-0.35260000000000025
1999-01-29 00:00:00,-0.34260000000000024
1999-02-01 00:00:00,-0.35260000000000025
1999-02-02 00:00:00,-0.35260000000000025
1999-02-03 00:00:00,-0.35260000000000025
1999-02-04 00:00:00,-0.36260000000000026
1999-02-05 00:00:00,-0.37260000000000026
1999-02-08 00:00:00,-0.37260000000000026
1999-02-09 00:00:00,-0.37260000000000026
1999-02-10 00:00:00,-0.37260000000000026
1999-02-11 00:00:00,-0.37260000000000026
1999-02-12 00:00:00,-0.37260000000000026
1999-02-16 00:00:00,-0.3826000000000003
1999-02-17 00:00:00,-0.3826000000000003
1999-02-18 00:00:00,-0.37260000000000026
1999-02-19 00:00:00,-0.37260000000000026
1999-02-22 00:00:00,-0.37260000000000026
1999-02-23 00:00:00,-0.36260000000000026
1999-02-24 00:00:00,-0.36260000000000026
1999-02-25 00:00:00,-0.35260000000000025
1999-02-26 00:00:00,-0.36260000000000026
1999-03-01 00:00:00,-0.37260000000000026
1999-03-02 00:00:00,-0.36260000000000026
1999-03-03 00:00:00,-0.35260000000000025
1999-03-04 00:00:00,-0.34260000000000024
1999-03-05 00:00:00,-0.34260000000000024
1999-03-08 00:00:00,-0.33260000000000023
1999-03-09 00:00:00,-0.33260000000000023
1999-03-10 00:00:00,-0.3026000000000002
1999-03-11 00:00:00,-0.3126000000000002
1999-03-12 00:00:00,-0.3026000000000002
1999-03-15 00:00:00,-0.3126000000000002
1999-03-16 00:00:00,-0.3126000000000002
1999-03-17 00:00:00,-0.2926000000000002
1999-03-18 00:00:00,-0.2926000000000002
1999-03-19 00:00:00,-0.2826000000000002
1999-03-22 00:00:00,-0.2726000000000002
1999-03-23 00:00:00,-0.2826000000000002
1999-03-24 00:00:00,-0.2826000000000002
1999-03-25 00:00:00,-0.2726000000000002
1999-03-26 00:00:00,-0.26260000000000017
1999-03-29 00:00:00,-0.26260000000000017
1999-03-30 00:00:00,-0.25260000000000016
1999-03-31 00:00:00,-0.25260000000000016
1999-04-01 00:00:00,-0.26260000000000017
1999-04-05 00:00:00,-0.25260000000000016
1999-04-06 00:00:00,-0.25260000000000016
1999-04-07 00:00:00,-0.2726000000000002
1999-04-08 00:00:00,-0.2826000000000002
1999-04-09 00:00:00,-0.26260000000000017
1999-04-12 00:00:00,-0.2726000000000002
1999-04-13 00:00:00,-0.26260000000000017
1999-04-14 00:00:00,-0.26260000000000017
1999-04-15 00:00:00,-0.26260000000000017
1999-04-16 00:00:00,-0.25260000000000016
1999-04-19 00:00:00,-0.24260000000000015
1999-04-20 00:00:00,-0.25260000000000016
1999-04-21 00:00:00,-0.25260000000000016
1999-04-22 00:00:00,-0.24260000000000015
1999-04-23 00:00:00,-0.25260000000000016
1999-04-26 00:00:00,-0.26260000000000017
1999-04-27 00:00:00,-0.25260000000000016
1999-04-28 00:00:00,-0.24260000000000015
1999-04-29 00:00:00,-0.24260000000000015
1999-04-30 00:00:00,-0.23260000000000014
1999-05-03 00:00:00,-0.23260000000000014
1999-05-04 00:00:00,-0.23260000000000014
1999-05-05 00:00:00,-0.23260000000000014
1999-05-06 00:00:00,-0.24260000000000015
1999-05-07 00:00:00,-0.25260000000000016
1999-05-10 00:00:00,-0.25260000000000016
1999-05-11 00:00:00,-0.25260000000000016
1999-05-12 00:00:00,-0.26260000000000017
1999-05-13 00:00:00,-0.25260000000000016
1999-05-14 00:00:00,-0.25260000000000016
1999-05-17 00:00:00,-0.26260000000000017
1999-05-18 00:00:00,-0.2826000000000002
1999-05-19 00:00:00,-0.2926000000000002
1999-05-20 00:00:00,-0.2926000000000002
1999-05-21 00:00:00,-0.2826000000000002
1999-05-24 00:00:00,-0.2826000000000002
1999-05-25 00:00:00,-0.2826000000000002
1999-05-26 00:00:00,-0.2826000000000002
1999-05-27 00:00:00,-0.2926000000000002
1999-05-28 00:00:00,-0.3026000000000002
1999-06-01 00:00:00,-0.3026000000000002
1999-06-02 00:00:00,-0.2926000000000002
1999-06-03 00:00:00,-0.3026000000000002
1999-06-04 00:00:00,-0.2826000000000002
1999-06-07 00:00:00,-0.2726000000000002
1999-06-08 00:00:00,-0.2726000000000002
1999-06-09 00:00:00,-0.26260000000000017
1999-06-10 00:00:00,-0.2726000000000002
1999-06-11 00:00:00,-0.25260000000000016
1999-06-14 00:00:00,-0.24260000000000015
1999-06-15 00:00:00,-0.23260000000000036
1999-06-16 00:00:00,-0.25260000000000016
1999-06-17 00:00:00,-0.24260000000000015
1999-06-18 00:00:00,-0.25260000000000016
1999-06-21 00:00:00,-0.26260000000000017
1999-06-22 00:00:00,-0.26260000000000017
1999-06-23 00:00:00,-0.24260000000000015
1999-06-24 00:00:00,-0.24260000000000015
1999-06-25 00:00:00,-0.24260000000000015
1999-06-28 00:00:00,-0.25260000000000016
1999-06-29 00:00:00,-0.24260000000000015
1999-06-30 00:00:00,-0.21260000000000034
1999-07-01 00:00:00,-0.21260000000000034
1999-07-02 00:00:00,-0.21260000000000034
1999-07-06 00:00:00,-0.21260000000000034
1999-07-07 00:00:00,-0.2026000000000001
1999-07-08 00:00:00,-0.2026000000000001
1999-07-09 00:00:00,-0.2026000000000001
1999-07-12 00:00:00,-0.19260000000000033
1999-07-13 00:00:00,-0.19260000000000033
1999-07-14 00:00:00,-0.2026000000000001
1999-07-15 00:00:00,-0.19260000000000033
1999-07-16 00:00:00,-0.19260000000000033
1999-07-19 00:00:00,-0.19260000000000033
1999-07-20 00:00:00,-0.21260000000000034
1999-07-21 00:00:00,-0.21260000000000034
1999-07-22 00:00:00,-0.2026000000000001
1999-07-23 00:00:00,-0.19260000000000033
1999-07-26 00:00:00,-0.19260000000000033
1999-07-27 00:00:00,-0.2026000000000001
1999-07-28 00:00:00,-0.19260000000000033
1999-07-29 00:00:00,-0.1826000000000001
1999-07-30 00:00:00,-0.19260000000000033
1999-08-02 00:00:00,-0.19260000000000033
1999-08-03 00:00:00,-0.19260000000000033
1999-08-04 00:00:00,-0.1826000000000001
1999-08-05 00:00:00,-0.1826000000000001
1999-08-06 00:00:00,-0.1726000000000003
1999-08-09 00:00:00,-0.16260000000000008
1999-08-10 00:00:00,-0.16260000000000008
1999-08-11 00:00:00,-0.16260000000000008
1999-08-12 00:00:00,-0.16260000000000008
1999-08-13 00:00:00,-0.16260000000000008
1999-08-16 00:00:00,-0.16260000000000008
1999-08-17 00:00:00,-0.1526000000000003
1999-08-18 00:00:00,-0.1526000000000003
1999-08-19 00:00:00,-0.14260000000000006
1999-08-20 00:00:00,-0.14260000000000006
1999-08-23 00:00:00,-0.14260000000000006
1999-08-24 00:00:00,-0.1526000000000003
1999-08-25 00:00:00,-0.1726000000000001
1999-08-26 00:00:00,-0.16260000000000008
1999-08-27 00:00:00,-0.16260000000000008
1999-08-30 00:00:00,-0.14260000000000006
1999-08-31 00:00:00,-0.14260000000000006
1999-09-01 00:00:00,-0.1526000000000003
1999-09-02 00:00:00,-0.16260000000000008
1999-09-03 00:00:00,-0.1526000000000003
1999-09-07 00:00:00,-0.13260000000000027
1999-09-08 00:00:00,-0.13260000000000027
1999-09-09 00:00:00,-0.11260000000000003
1999-09-10 00:00:00,-0.11260000000000003
1999-09-13 00:00:00,-0.10260000000000002
1999-09-14 00:00:00,-0.11260000000000003
1999-09-15 00:00:00,-0.11260000000000003
1999-09-16 00:00:00,-0.11260000000000003
1999-09-17 00:00:00,-0.11260000000000003
1999-09-20 00:00:00,-0.12260000000000026
1999-09-21 00:00:00,-0.12260000000000026
1999-09-22 00:00:00,-0.12260000000000026
1999-09-23 00:00:00,-0.10260000000000002
1999-09-24 00:00:00,-0.10260000000000002
1999-09-27 00:00:00,-0.10260000000000002
1999-09-28 00:00:00,-0.10260000000000002
1999-09-29 00:00:00,-0.10260000000000002
1999-09-30 00:00:00,-0.10260000000000002
1999-10-01 00:00:00,-0.10260000000000002
1999-10-04 00:00:00,-0.12260000000000026
1999-10-05 00:00:00,-0.13260000000000027
1999-10-06 00:00:00,-0.13260000000000027
1999-10-07 00:00:00,-0.1526000000000003
1999-10-08 00:00:00,-0.1826000000000001
1999-10-11 00:00:00,-0.1726000000000001
1999-10-12 00:00:00,-0.14260000000000006
1999-10-13 00:00:00,-0.13260000000000027
1999-10-14 00:00:00,-0.14260000000000006
1999-10-15 00:00:00,-0.13260000000000027
1999-10-18 00:00:00,-0.13260000000000027
1999-10-19 00:00:00,-0.14260000000000006
1999-10-20 00:00:00,-0.13260000000000027
1999-10-21 00:00:00,-0.13260000000000027
1999-10-22 00:00:00,-0.11260000000000003
1999-10-25 00:00:00,-0.12260000000000026
1999-10-26 00:00:00,-0.12260000000000026
1999-10-27 00:00:00,-0.12260000000000026
1999-10-28 00:00:00,-0.1526000000000003
1999-10-29 00:00:00,-0.1526000000000003
1999-11-01 00:00:00,-0.13260000000000027
1999-11-02 00:00:00,-0.13260000000000027
1999-11-03 00:00:00,-0.12260000000000026
1999-11-04 00:00:00,-0.11260000000000003
1999-11-05 00:00:00,-0.12260000000000026
1999-11-08 00:00:00,-0.11260000000000003
1999-11-09 00:00:00,-0.10260000000000002
1999-11-10 00:00:00,-0.0826
1999-11-11 00:00:00,-0.0826
1999-11-12 00:00:00,-0.07260000000000022
1999-11-15 00:00:00,-0.06259999999999999
1999-11-16 00:00:00,-0.0526000000000002
1999-11-17 00:00:00,-0.04259999999999997
1999-11-18 00:00:00,-0.06259999999999999
1999-11-19 00:00:00,-0.0526000000000002
1999-11-22 00:00:00,-0.04259999999999997
1999-11-23 00:00:00,-0.0526000000000002
1999-11-24 00:00:00,-0.04259999999999997
1999-11-29 00:00:00,-0.06259999999999999
1999-11-30 00:00:00,-0.09260000000000024
1999-12-01 00:00:00,-0.09260000000000024
1999-12-02 00:00:00,-0.07260000000000022
1999-12-03 00:00:00,-0.07260000000000022
1999-12-06 00:00:00,-0.06259999999999999
1999-12-07 00:00:00,-0.07260000000000022
1999-12-08 00:00:00,-0.06259999999999999
1999-12-09 00:00:00,-0.07260000000000022
1999-12-10 00:00:00,-0.09260000000000024
1999-12-13 00:00:00,-0.0826
1999-12-14 00:00:00,-0.07260000000000022
1999-12-15 00:00:00,-0.0526000000000002
1999-12-16 00:00:00,-0.04259999999999997
1999-12-17 00:00:00,-0.032600000000000184
1999-12-20 00:00:00,-0.022600000000000176
1999-12-21 00:00:00,-0.032600000000000184
1999-12-22 00:00:00,-0.04260000000000019
1999-12-23 00:00:00,-0.032600000000000184
1999-12-27 00:00:00,-0.022600000000000176
1999-12-28 00:00:00,-0.012600000000000167
1999-12-29 00:00:00,-0.022600000000000176
1999-12-30 00:00:00,-0.04260000000000019
2000-01-04 00:00:00,-0.032600000000000184
2000-01-05 00:00:00,-0.04260000000000019
2000-01-06 00:00:00,-0.0526000000000002
2000-01-07 00:00:00,-0.06260000000000021
2000-01-10 00:00:00,-0.06260000000000021
2000-01-11 00:00:00,-0.04260000000000019
2000-01-12 00:00:00,-0.022600000000000176
2000-01-13 00:00:00,-0.022600000000000176
2000-01-14 00:00:00,0.017399999999999638
2000-01-18 00:00:00,0.037399999999999656
2000-01-19 00:00:00,0.047399999999999665
2000-01-20 00:00:00,0.057399999999999674
2000-01-21 00:00:00,0.037399999999999656
2000-01-24 00:00:00,0.037399999999999656
2000-01-25 00:00:00,0.037399999999999656
2000-01-26 00:00:00,0.027399999999999647
2000-01-27 00:00:00,0.017399999999999638
2000-01-28 00:00:00,0.017399999999999638
2000-01-31 00:00:00,0.027399999999999647
2000-02-01 00:00:00,0.047399999999999665
2000-02-02 00:00:00,0.037399999999999656
2000-02-03 00:00:00,0.037399999999999656
2000-02-04 00:00:00,0.057399999999999674
2000-02-07 00:00:00,0.047399999999999665
2000-02-08 00:00:00,0.027399999999999647
2000-02-09 00:00:00,0.047399999999999665
2000-02-10 00:00:00,0.057399999999999674
2000-02-11 00:00:00,0.057399999999999674
2000-02-14 00:00:00,0.06739999999999968
2000-02-15 00:00:00,0.06739999999999968
2000-02-16 00:00:00,0.07739999999999969
2000-02-17 00:00:00,0.057399999999999674
2000-02-18 00:00:00,0.057399999999999674
2000-02-22 00:00:00,0.057399999999999674
2000-02-23 00:00:00,0.06739999999999968
2000-02-24 00:00:00,0.06739999999999968
2000-02-25 00:00:00,0.07739999999999969
2000-02-28 00:00:00,0.07739999999999969
2000-02-29 00:00:00,0.0873999999999997
2000-03-01 00:00:00,0.11739999999999973
2000-03-02 00:00:00,0.10739999999999972
2000-03-03 00:00:00,0.10739999999999972
2000-03-06 00:00:00,0.11739999999999973
2000-03-07 00:00:00,0.15739999999999998
2000-03-08 00:00:00,0.0873999999999997
2000-03-09 00:00:00,0.09739999999999971
2000-03-10 00:00:00,0.07739999999999969
2000-03-13 00:00:00,0.0873999999999997
2000-03-14 00:00:00,0.06739999999999968
2000-03-15 00:00:00,0.057399999999999674
2000-03-16 00:00:00,0.06739999999999968
2000-03-17 00:00:00,0.057399999999999674
2000-03-20 00:00:00,0.027399999999999647
2000-03-21 00:00:00,0.037399999999999656
2000-03-22 00:00:00,0.037399999999999656
2000-03-23 00:00:00,0.037399999999999656
2000-03-24 00:00:00,0.047399999999999665
2000-03-27 00:00:00,0.047399999999999665
2000-03-28 00:00:00,0.047399999999999665
2000-03-29 00:00:00,0.037399999999999656
2000-03-30 00:00:00,0.037399999999999656
2000-03-31 00:00:00,0.047399999999999665
2000-04-03 00:00:00,0.037399999999999656
2000-04-04 00:00:00,0.017399999999999638
2000-04-05 00:00:00,0.027399999999999647
2000-04-06 00:00:00,0.027399999999999647
2000-04-07 00:00:00,0.017399999999999638
2000-04-10 00:00:00,-0.00260000000000038
2000-04-11 00:00:00,-0.00260000000000038
2000-04-12 00:00:00,0.027399999999999647
2000-04-13 00:00:00,0.027399999999999647
2000-04-14 00:00:00,0.017399999999999638
2000-04-17 00:00:00,0.037399999999999656
2000-04-18 00:00:00,0.037399999999999656
2000-04-19 00:00:00,0.06739999999999968
2000-04-20 00:00:00,0.06739999999999968
2000-04-24 00:00:00,0.06739999999999968
2000-04-25 00:00:00,0.057399999999999674
2000-04-26 00:00:00,0.047399999999999665
2000-04-27 00:00:00,0.057399999999999674
2000-04-28 00:00:00,0.057399999999999674
2000-05-01 00:00:00,0.06739999999999968
2000-05-02 00:00:00,0.0873999999999997
2000-05-03 00:00:00,0.07739999999999969
2000-05-04 00:00:00,0.07739999999999969
2000-05-05 00:00:00,0.07739999999999969
2000-05-08 00:00:00,0.09739999999999971
2000-05-09 00:00:00,0.1073999999999995
2000-05-10 00:00:00,0.12739999999999974
2000-05-11 00:00:00,0.1473999999999993
2000-05-12 00:00:00,0.1473999999999993
2000-05-15 00:00:00,0.15739999999999998
2000-05-16 00:00:00,0.15739999999999998
2000-05-17 00:00:00,0.15739999999999998
2000-05-18 00:00:00,0.17739999999999956
2000-05-19 00:00:00,0.16739999999999977
2000-05-22 00:00:00,0.1473999999999993
2000-05-23 00:00:00,0.1473999999999993
2000-05-24 00:00:00,0.16739999999999977
2000-05-25 00:00:00,0.17739999999999956
2000-05-26 00:00:00,0.15739999999999998
2000-05-30 00:00:00,0.16739999999999977
2000-05-31 00:00:00,0.13739999999999952
2000-06-01 00:00:00,0.17739999999999956
2000-06-02 00:00:00,0.17739999999999956
2000-06-05 00:00:00,0.16739999999999977
2000-06-06 00:00:00,0.16739999999999977
2000-06-07 00:00:00,0.16739999999999977
2000-06-08 00:00:00,0.15739999999999998
2000-06-09 00:00:00,0.15739999999999998
2000-06-12 00:00:00,0.19740000000000002
2000-06-13 00:00:00,0.2073999999999998
2000-06-14 00:00:00,0.19740000000000002
2000-06-15 00:00:00,0.18739999999999934
2000-06-16 00:00:00,0.15739999999999998
2000-06-19 00:00:00,0.1473999999999993
2000-06-20 00:00:00,0.16739999999999977
2000-06-21 00:00:00,0.19740000000000002
2000-06-22 00:00:00,0.2173999999999996
2000-06-23 00:00:00,0.2173999999999996
2000-06-26 00:00:00,0.2073999999999998
2000-06-27 00:00:00,0.22739999999999938
2000-06-28 00:00:00,0.22739999999999938
2000-06-29 00:00:00,0.25739999999999963
2000-06-30 00:00:00,0.23739999999999917
2000-07-05 00:00:00,0.2073999999999998
2000-07-06 00:00:00,0.18739999999999934
2000-07-07 00:00:00,0.19740000000000002
2000-07-10 00:00:00,0.18739999999999934
2000-07-11 00:00:00,0.19740000000000002
2000-07-12 00:00:00,0.2073999999999998
2000-07-13 00:00:00,0.22739999999999938
2000-07-14 00:00:00,0.2173999999999996
2000-07-17 00:00:00,0.2073999999999998
2000-07-18 00:00:00,0.2173999999999996
2000-07-19 00:00:00,0.2173999999999996
2000-07-20 00:00:00,0.2073999999999998
2000-07-21 00:00:00,0.17739999999999956
2000-07-24 00:00:00,0.16739999999999977
2000-07-25 00:00:00,0.16739999999999977
2000-07-26 00:00:00,0.17739999999999956
2000-07-27 00:00:00,0.17739999999999956
2000-07-28 00:00:00,0.17739999999999956
2000-07-31 00:00:00,0.16739999999999977
2000-08-01 00:00:00,0.17739999999999956
2000-08-02 00:00:00,0.18739999999999934
2000-08-03 00:00:00,0.2073999999999998
2000-08-04 00:00:00,0.22739999999999938
2000-08-07 00:00:00,0.19740000000000002
2000-08-08 00:00:00,0.2073999999999998
2000-08-09 00:00:00,0.23739999999999917
2000-08-10 00:00:00,0.2673999999999994
2000-08-11 00:00:00,0.2673999999999994
2000-08-14 00:00:00,0.2773999999999992
2000-08-15 00:00:00,0.2673999999999994
2000-08-16 00:00:00,0.2773999999999992
2000-08-17 00:00:00,0.29739999999999966
2000-08-18 00:00:00,0.30739999999999945
2000-08-21 00:00:00,0.327399999999999
2000-08-22 00:00:00,0.30739999999999945
2000-08-23 00:00:00,0.3573999999999975
2000-08-24 00:00:00,0.3473999999999977
2000-08-25 00:00:00,0.3573999999999975
2000-08-28 00:00:00,0.38739999999999775
2000-08-29 00:00:00,0.38739999999999775
2000-08-30 00:00:00,0.39739999999999753
2000-08-31 00:00:00,0.39739999999999753
2000-09-01 00:00:00,0.38739999999999775
2000-09-05 00:00:00,0.38739999999999775
2000-09-06 00:00:00,0.4073999999999982
2000-09-07 00:00:00,0.43739999999999846
2000-09-08 00:00:00,0.39739999999999753
2000-09-11 00:00:00,0.45739999999999803
2000-09-12 00:00:00,0.45739999999999803
2000-09-13 00:00:00,0.4273999999999978
2000-09-14 00:00:00,0.4273999999999978
2000-09-15 00:00:00,0.44739999999999824
2000-09-18 00:00:00,0.45739999999999803
2000-09-19 00:00:00,0.43739999999999846
2000-09-20 00:00:00,0.43739999999999846
2000-09-21 00:00:00,0.4273999999999978
2000-09-22 00:00:00,0.37739999999999796
2000-09-25 00:00:00,0.3673999999999973
2000-09-26 00:00:00,0.3573999999999975
2000-09-27 00:00:00,0.37739999999999796
2000-09-28 00:00:00,0.3373999999999979
2000-09-29 00:00:00,0.3473999999999977
2000-10-02 00:00:00,0.37739999999999796
2000-10-03 00:00:00,0.38739999999999775
2000-10-04 00:00:00,0.38739999999999775
2000-10-05 00:00:00,0.3573999999999975
2000-10-06 00:00:00,0.3573999999999975
2000-10-09 00:00:00,0.38739999999999775
2000-10-10 00:00:00,0.4273999999999978
2000-10-11 00:00:00,0.44739999999999824
2000-10-12 00:00:00,0.5073999999999987
2000-10-13 00:00:00,0.44739999999999824
2000-10-16 00:00:00,0.39739999999999753
2000-10-17 00:00:00,0.38739999999999775
2000-10-18 00:00:00,0.38739999999999775
2000-10-19 00:00:00,0.3673999999999973
2000-10-20 00:00:00,0.38739999999999775
2000-10-23 00:00:00,0.4073999999999982
2000-10-24 00:00:00,0.4073999999999982
2000-10-25 00:00:00,0.38739999999999775
2000-10-26 00:00:00,0.39739999999999753
2000-10-27 00:00:00,0.3573999999999975
2000-10-30 00:00:00,0.3573999999999975
2000-10-31 00:00:00,0.3573999999999975
2000-11-01 00:00:00,0.3573999999999975
2000-11-02 00:00:00,0.3473999999999977
2000-11-03 00:00:00,0.3473999999999977
2000-11-06 00:00:00,0.3373999999999979
2000-11-07 00:00:00,0.3673999999999973
2000-11-08 00:00:00,0.37739999999999796
2000-11-09 00:00:00,0.417399999999998
2000-11-10 00:00:00,0.4073999999999982
2000-11-13 00:00:00,0.4273999999999978
2000-11-14 00:00:00,0.44739999999999824
2000-11-15 00:00:00,0.4773999999999985
2000-11-16 00:00:00,0.45739999999999803
2000-11-17 00:00:00,0.4673999999999978
2000-11-20 00:00:00,0.4873999999999983
2000-11-21 00:00:00,0.4873999999999983
2000-11-22 00:00:00,0.4773999999999985
2000-11-27 00:00:00,0.4773999999999985
2000-11-28 00:00:00,0.4273999999999978
2000-11-29 00:00:00,0.44739999999999824
2000-11-30 00:00:00,0.44739999999999824
2000-12-01 00:00:00,0.4073999999999982
2000-12-04 00:00:00,0.417399999999998
2000-12-05 00:00:00,0.38739999999999775
2000-12-06 00:00:00,0.417399999999998
2000-12-07 00:00:00,0.4073999999999982
2000-12-08 00:00:00,0.37739999999999796
2000-12-11 00:00:00,0.417399999999998
2000-12-12 00:00:00,0.39739999999999753
2000-12-13 00:00:00,0.3573999999999975
2000-12-14 00:00:00,0.327399999999999
2000-12-15 00:00:00,0.3473999999999977
2000-12-18 00:00:00,0.3473999999999977
2000-12-19 00:00:00,0.3373999999999979
2000-12-20 00:00:00,0.29739999999999966
2000-12-21 00:00:00,0.30739999999999945
2000-12-22 00:00:00,0.30739999999999945
2000-12-26 00:00:00,0.3373999999999979
2000-12-27 00:00:00,0.3373999999999979
2000-12-28 00:00:00,0.31739999999999924
2000-12-29 00:00:00,0.3473999999999977
2001-01-02 00:00:00,0.3373999999999979
2001-01-03 00:00:00,0.3373999999999979
2001-01-04 00:00:00,0.3373999999999979
2001-01-05 00:00:00,0.3373999999999979
2001-01-08 00:00:00,0.30739999999999945
2001-01-09 00:00:00,0.29739999999999966
2001-01-10 00:00:00,0.327399999999999
2001-01-11 00:00:00,0.31739999999999924
2001-01-12 00:00:00,0.327399999999999
2001-01-16 00:00:00,0.31739999999999924
2001-01-17 00:00:00,0.30739999999999945
2001-01-18 00:00:00,0.31739999999999924
2001-01-19 00:00:00,0.3473999999999977
2001-01-22 00:00:00,0.3473999999999977
2001-01-23 00:00:00,0.3373999999999979
2001-01-24 00:00:00,0.31739999999999924
2001-01-25 00:00:00,0.327399999999999
2001-01-26 00:00:00,0.3373999999999979
2001-01-29 00:00:00,0.31739999999999924
2001-01-30 00:00:00,0.30739999999999945
2001-01-31 00:00:00,0.2873999999999999
2001-02-01 00:00:00,0.30739999999999945
2001-02-02 00:00:00,0.3473999999999977
2001-02-05 00:00:00,0.3373999999999979
2001-02-06 00:00:00,0.3373999999999979
2001-02-07 00:00:00,0.3573999999999975
2001-02-08 00:00:00,0.3673999999999982
2001-02-09 00:00:00,0.3473999999999977
2001-02-12 00:00:00,0.3373999999999979
2001-02-13 00:00:00,0.3373999999999979
2001-02-14 00:00:00,0.31739999999999924
2001-02-15 00:00:00,0.30739999999999945
2001-02-16 00:00:00,0.30739999999999945
2001-02-20 00:00:00,0.29739999999999966
2001-02-21 00:00:00,0.29739999999999966
2001-02-22 00:00:00,0.2873999999999999
2001-02-23 00:00:00,0.29739999999999966
2001-02-26 00:00:00,0.2873999999999999
2001-02-27 00:00:00,0.2873999999999999
2001-02-28 00:00:00,0.2673999999999994
2001-03-01 00:00:00,0.2773999999999992
2001-03-02 00:00:00,0.2873999999999999
2001-03-05 00:00:00,0.30739999999999945
2001-03-06 00:00:00,0.29739999999999966
2001-03-07 00:00:00,0.30739999999999945
2001-03-08 00:00:00,0.29739999999999966
2001-03-09 00:00:00,0.29739999999999966
2001-03-12 00:00:00,0.29739999999999966
2001-03-13 00:00:00,0.2873999999999999
2001-03-14 00:00:00,0.25739999999999963
2001-03-15 00:00:00,0.2673999999999994
2001-03-16 00:00:00,0.2673999999999994
2001-03-19 00:00:00,0.24739999999999984
2001-03-20 00:00:00,0.24739999999999984
2001-03-21 00:00:00,0.2673999999999994
2001-03-22 00:00:00,0.25739999999999963
2001-03-23 00:00:00,0.2873999999999999
2001-03-26 00:00:00,0.2873999999999999
2001-03-27 00:00:00,0.29739999999999966
2001-03-28 00:00:00,0.2673999999999994
2001-03-29 00:00:00,0.2773999999999992
2001-03-30 00:00:00,0.2773999999999992
2001-04-02 00:00:00,0.24739999999999984
2001-04-03 00:00:00,0.2673999999999994
2001-04-04 00:00:00,0.2873999999999999
2001-04-05 00:00:00,0.29739999999999966
2001-04-06 00:00:00,0.2873999999999999
2001-04-09 00:00:00,0.29739999999999966
2001-04-10 00:00:00,0.3373999999999979
2001-04-11 00:00:00,0.3373999999999979
2001-04-12 00:00:00,0.3373999999999979
2001-04-16 00:00:00,0.3673999999999982
2001-04-17 00:00:00,0.3473999999999977
2001-04-18 00:00:00,0.3373999999999979
2001-04-19 00:00:00,0.3373999999999979
2001-04-20 00:00:00,0.327399999999999
2001-04-23 00:00:00,0.31739999999999924
2001-04-24 00:00:00,0.31739999999999924
2001-04-25 00:00:00,0.327399999999999
2001-04-26 00:00:00,0.3473999999999977
2001-04-27 00:00:00,0.3373999999999979
2001-04-30 00:00:00,0.3373999999999979
2001-05-01 00:00:00,0.3473999999999977
2001-05-02 00:00:00,0.327399999999999
2001-05-03 00:00:00,0.3473999999999977
2001-05-04 00:00:00,0.3473999999999977
2001-05-07 00:00:00,0.327399999999999
2001-05-08 00:00:00,0.3373999999999979
2001-05-09 00:00:00,0.3473999999999977
2001-05-10 00:00:00,0.3473999999999977
2001-05-11 00:00:00,0.3373999999999979
2001-05-14 00:00:00,0.3373999999999979
2001-05-15 00:00:00,0.3473999999999977
2001-05-16 00:00:00,0.3573999999999975
2001-05-17 00:00:00,0.3573999999999975
2001-05-18 00:00:00,0.38739999999999775
2001-05-21 00:00:00,0.38739999999999775
2001-05-22 00:00:00,0.37739999999999796
2001-05-23 00:00:00,0.38739999999999775
2001-05-24 00:00:00,0.37739999999999796
2001-05-25 00:00:00,0.3673999999999982
2001-05-29 00:00:00,0.3573999999999975
2001-05-30 00:00:00,0.3573999999999975
2001-05-31 00:00:00,0.3573999999999975
2001-06-01 00:00:00,0.3373999999999979
2001-06-04 00:00:00,0.3473999999999977
2001-06-05 00:00:00,0.3573999999999975
2001-06-06 00:00:00,0.3473999999999977
2001-06-07 00:00:00,0.3373999999999979
2001-06-08 00:00:00,0.3473999999999977
2001-06-11 00:00:00,0.3673999999999982
2001-06-12 00:00:00,0.38739999999999775
2001-06-13 00:00:00,0.38739999999999775
2001-06-14 00:00:00,0.4073999999999982
2001-06-15 00:00:00,0.38739999999999775
2001-06-18 00:00:00,0.3573999999999975
2001-06-19 00:00:00,0.3573999999999975
2001-06-20 00:00:00,0.3373999999999979
2001-06-21 00:00:00,0.327399999999999
2001-06-22 00:00:00,0.327399999999999
2001-06-25 00:00:00,0.327399999999999
2001-06-26 00:00:00,0.31739999999999924
2001-06-27 00:00:00,0.2873999999999999
2001-06-28 00:00:00,0.2873999999999999
2001-06-29 00:00:00,0.29739999999999966
2001-07-02 00:00:00,0.29739999999999966
2001-07-03 00:00:00,0.29739999999999966
2001-07-05 00:00:00,0.30739999999999945
2001-07-06 00:00:00,0.327399999999999
2001-07-09 00:00:00,0.31739999999999924
2001-07-10 00:00:00,0.30739999999999945
2001-07-11 00:00:00,0.2873999999999999
2001-07-12 00:00:00,0.2873999999999999
2001-07-13 00:00:00,0.2773999999999992
2001-07-16 00:00:00,0.2773999999999992
2001-07-17 00:00:00,0.2773999999999992
2001-07-18 00:00:00,0.2673999999999994
2001-07-19 00:00:00,0.25739999999999963
2001-07-20 00:00:00,0.2773999999999992
2001-07-23 00:00:00,0.2773999999999992
2001-07-24 00:00:00,0.2773999999999992
2001-07-25 00:00:00,0.29739999999999966
2001-07-26 00:00:00,0.30739999999999945
2001-07-27 00:00:00,0.29739999999999966
2001-07-30 00:00:00,0.29739999999999966
2001-07-31 00:00:00,0.2873999999999999
2001-08-01 00:00:00,0.2873999999999999
2001-08-02 00:00:00,0.31739999999999924
2001-08-03 00:00:00,0.30739999999999945
2001-08-06 00:00:00,0.30739999999999945
2001-08-07 00:00:00,0.31739999999999924
2001-08-08 00:00:00,0.31739999999999924
2001-08-09 00:00:00,0.31739999999999924
2001-08-10 00:00:00,0.327399999999999
2001-08-13 00:00:00,0.327399999999999
2001-08-14 00:00:00,0.3373999999999979
2001-08-15 00:00:00,0.327399999999999
2001-08-16 00:00:00,0.327399999999999
2001-08-17 00:00:00,0.29739999999999966
2001-08-20 00:00:00,0.30739999999999945
2001-08-21 00:00:00,0.31739999999999924
2001-08-22 00:00:00,0.31739999999999924
2001-08-23 00:00:00,0.327399999999999
2001-08-24 00:00:00,0.3373999999999979
2001-08-27 00:00:00,0.3373999999999979
2001-08-28 00:00:00,0.3673999999999982
2001-08-29 00:00:00,0.3573999999999975
2001-08-30 00:00:00,0.3473999999999977
2001-08-31 00:00:00,0.3573999999999975
2001-09-04 00:00:00,0.3473999999999977
2001-09-05 00:00:00,0.3473999999999977
2001-09-06 00:00:00,0.3673999999999982
2001-09-07 00:00:00,0.38739999999999775
2001-09-10 00:00:00,0.37739999999999796
2001-09-14 00:00:00,0.417399999999998
2001-09-17 00:00:00,0.39739999999999753
2001-09-18 00:00:00,0.3373999999999979
2001-09-19 00:00:00,0.31739999999999924
2001-09-20 00:00:00,0.30739999999999945
2001-09-21 00:00:00,0.29739999999999966
2001-09-24 00:00:00,0.23739999999999917
2001-09-25 00:00:00,0.2073999999999998
2001-09-26 00:00:00,0.23739999999999917
2001-09-27 00:00:00,0.23739999999999917
2001-09-28 00:00:00,0.24739999999999984
2001-10-01 00:00:00,0.23739999999999917
2001-10-02 00:00:00,0.22739999999999938
2001-10-03 00:00:00,0.2173999999999996
2001-10-04 00:00:00,0.22739999999999938
2001-10-05 00:00:00,0.2173999999999996
2001-10-08 00:00:00,0.22739999999999938
2001-10-09 00:00:00,0.22739999999999938
2001-10-10 00:00:00,0.22739999999999938
2001-10-11 00:00:00,0.24739999999999984
2001-10-12 00:00:00,0.2173999999999996
2001-10-15 00:00:00,0.2073999999999998
2001-10-16 00:00:00,0.19740000000000002
2001-10-17 00:00:00,0.19740000000000002
2001-10-18 00:00:00,0.17739999999999956
2001-10-19 00:00:00,0.19740000000000002
2001-10-22 00:00:00,0.19740000000000002
2001-10-23 00:00:00,0.19740000000000002
2001-10-24 00:00:00,0.2073999999999998
2001-10-25 00:00:00,0.2073999999999998
2001-10-26 00:00:00,0.19740000000000002
2001-10-29 00:00:00,0.19740000000000002
2001-10-30 00:00:00,0.18739999999999934
2001-10-31 00:00:00,0.17739999999999956
2001-11-01 00:00:00,0.15739999999999998
2001-11-02 00:00:00,0.1473999999999993
2001-11-05 00:00:00,0.13739999999999952
2001-11-06 00:00:00,0.13739999999999952
2001-11-07 00:00:00,0.13739999999999952
2001-11-08 00:00:00,0.17739999999999956
2001-11-09 00:00:00,0.19740000000000002
2001-11-12 00:00:00,0.16739999999999977
2001-11-13 00:00:00,0.17739999999999956
2001-11-14 00:00:00,0.12739999999999974
2001-11-15 00:00:00,0.07739999999999991
2001-11-16 00:00:00,0.0873999999999997
2001-11-19 00:00:00,0.0873999999999997
2001-11-20 00:00:00,0.09739999999999971
2001-11-21 00:00:00,0.09739999999999971
2001-11-26 00:00:00,0.0873999999999997
2001-11-27 00:00:00,0.09739999999999971
2001-11-28 00:00:00,0.09739999999999971
2001-11-29 00:00:00,0.0873999999999997
2001-11-30 00:00:00,0.09739999999999971
2001-12-03 00:00:00,0.11739999999999973
2001-12-04 00:00:00,0.09739999999999971
2001-12-05 00:00:00,0.0873999999999997
2001-12-06 00:00:00,0.06739999999999968
2001-12-07 00:00:00,0.07739999999999991
2001-12-10 00:00:00,0.06739999999999968
2001-12-11 00:00:00,0.057399999999999896
2001-12-12 00:00:00,0.06739999999999968
2001-12-13 00:00:00,0.06739999999999968
2001-12-14 00:00:00,0.09739999999999971
2001-12-17 00:00:00,0.09739999999999971
2001-12-18 00:00:00,0.10739999999999994
2001-12-19 00:00:00,0.11739999999999973
2001-12-20 00:00:00,0.09739999999999971
2001-12-21 00:00:00,0.09739999999999971
2001-12-26 00:00:00,0.13739999999999952
2001-12-27 00:00:00,0.12739999999999974
2001-12-28 00:00:00,0.11739999999999973
2001-12-31 00:00:00,0.09739999999999971
2002-01-02 00:00:00,0.12739999999999974
2002-01-03 00:00:00,0.10739999999999994
2002-01-04 00:00:00,0.13739999999999952
2002-01-07 00:00:00,0.12739999999999974
2002-01-08 00:00:00,0.11739999999999973
2002-01-09 00:00:00,0.0873999999999997
2002-01-10 00:00:00,0.10739999999999994
2002-01-11 00:00:00,0.09739999999999971
2002-01-14 00:00:00,0.06739999999999968
2002-01-15 00:00:00,0.06739999999999968
2002-01-16 00:00:00,0.07739999999999991
2002-01-17 00:00:00,0.057399999999999896
2002-01-18 00:00:00,0.057399999999999896
2002-01-22 00:00:00,0.057399999999999896
2002-01-23 00:00:00,0.06739999999999968
2002-01-24 00:00:00,0.07739999999999991
2002-01-25 00:00:00,0.07739999999999991
2002-01-28 00:00:00,0.06739999999999968
2002-01-29 00:00:00,0.06739999999999968
2002-01-30 00:00:00,0.057399999999999896
2002-01-31 00:00:00,0.06739999999999968
2002-02-01 00:00:00,0.09739999999999971
2002-02-04 00:00:00,0.07739999999999991
2002-02-05 00:00:00,0.07739999999999991
2002-02-06 00:00:00,0.06739999999999968
2002-02-07 00:00:00,0.057399999999999896
2002-02-08 00:00:00,0.07739999999999991
2002-02-11 00:00:00,0.10739999999999972
2002-02-12 00:00:00,0.0873999999999997
2002-02-13 00:00:00,0.09739999999999971
2002-02-14 00:00:00,0.09739999999999971
2002-02-15 00:00:00,0.09739999999999971
2002-02-19 00:00:00,0.0873999999999997
2002-02-20 00:00:00,0.07739999999999991
2002-02-21 00:00:00,0.0873999999999997
2002-02-22 00:00:00,0.0873999999999997
2002-02-25 00:00:00,0.06739999999999968
2002-02-26 00:00:00,0.09739999999999971
2002-02-27 00:00:00,0.09739999999999971
2002-02-28 00:00:00,0.10739999999999972
2002-03-01 00:00:00,0.12739999999999974
2002-03-04 00:00:00,0.11739999999999973
2002-03-05 00:00:00,0.13739999999999952
2002-03-06 00:00:00,0.13739999999999952
2002-03-07 00:00:00,0.15739999999999998
2002-03-08 00:00:00,0.15739999999999998
2002-03-11 00:00:00,0.17739999999999956
2002-03-12 00:00:00,0.17739999999999956
2002-03-13 00:00:00,0.18739999999999934
2002-03-14 00:00:00,0.18739999999999934
2002-03-15 00:00:00,0.18739999999999934
2002-03-18 00:00:00,0.19740000000000002
2002-03-19 00:00:00,0.19740000000000002
2002-03-20 00:00:00,0.19740000000000002
2002-03-21 00:00:00,0.2073999999999998
2002-03-22 00:00:00,0.19740000000000002
2002-03-25 00:00:00,0.18739999999999934
2002-03-26 00:00:00,0.19740000000000002
2002-03-27 00:00:00,0.2073999999999998
2002-03-28 00:00:00,0.2173999999999996
2002-04-01 00:00:00,0.22739999999999938
2002-04-02 00:00:00,0.24739999999999984
2002-04-03 00:00:00,0.24739999999999984
2002-04-04 00:00:00,0.22739999999999938
2002-04-05 00:00:00,0.2173999999999996
2002-04-08 00:00:00,0.23739999999999917
2002-04-09 00:00:00,0.2173999999999996
2002-04-10 00:00:00,0.2173999999999996
2002-04-11 00:00:00,0.18739999999999934
2002-04-12 00:00:00,0.1473999999999993
2002-04-15 00:00:00,0.17739999999999956
2002-04-16 00:00:00,0.17739999999999956
2002-04-17 00:00:00,0.18739999999999934
2002-04-18 00:00:00,0.18739999999999934
2002-04-19 00:00:00,0.19740000000000002
2002-04-22 00:00:00,0.19740000000000002
2002-04-23 00:00:00,0.19740000000000002
2002-04-24 00:00:00,0.19740000000000002
2002-04-25 00:00:00,0.2073999999999998
2002-04-26 00:00:00,0.2173999999999996
2002-04-29 00:00:00,0.22739999999999938
2002-04-30 00:00:00,0.22739999999999938
2002-05-01 00:00:00,0.2073999999999998
2002-05-02 00:00:00,0.18739999999999934
2002-05-03 00:00:00,0.19740000000000002
2002-05-06 00:00:00,0.17739999999999956
2002-05-07 00:00:00,0.18739999999999934
2002-05-08 00:00:00,0.2073999999999998
2002-05-09 00:00:00,0.2073999999999998
2002-05-10 00:00:00,0.22739999999999938
2002-05-13 00:00:00,0.22739999999999938
2002-05-14 00:00:00,0.24739999999999984
2002-05-15 00:00:00,0.2073999999999998
2002-05-16 00:00:00,0.2173999999999996
2002-05-17 00:00:00,0.22739999999999938
2002-05-20 00:00:00,0.22739999999999938
2002-05-21 00:00:00,0.2073999999999998
2002-05-22 00:00:00,0.2073999999999998
2002-05-23 00:00:00,0.2073999999999998
2002-05-24 00:00:00,0.19740000000000002
2002-05-28 00:00:00,0.17739999999999956
2002-05-29 00:00:00,0.19740000000000002
2002-05-30 00:00:00,0.16739999999999977
2002-05-31 00:00:00,0.17739999999999956
2002-06-03 00:00:00,0.16739999999999977
2002-06-04 00:00:00,0.17739999999999956
2002-06-05 00:00:00,0.16739999999999977
2002-06-06 00:00:00,0.16739999999999977
2002-06-07 00:00:00,0.16739999999999977
2002-06-10 00:00:00,0.15739999999999998
2002-06-11 00:00:00,0.15739999999999998
2002-06-12 00:00:00,0.16739999999999977
2002-06-13 00:00:00,0.19740000000000002
2002-06-14 00:00:00,0.19740000000000002
2002-06-17 00:00:00,0.19740000000000002
2002-06-18 00:00:00,0.18739999999999934
2002-06-19 00:00:00,0.18739999999999934
2002-06-20 00:00:00,0.18739999999999934
2002-06-21 00:00:00,0.17739999999999956
2002-06-24 00:00:00,0.19740000000000002
2002-06-25 00:00:00,0.19740000000000002
2002-06-26 00:00:00,0.19740000000000002
2002-06-27 00:00:00,0.19740000000000002
2002-06-28 00:00:00,0.2073999999999998
2002-07-01 00:00:00,0.2073999999999998
2002-07-02 00:00:00,0.2073999999999998
2002-07-03 00:00:00,0.2073999999999998
2002-07-08 00:00:00,0.19740000000000002
2002-07-09 00:00:00,0.19740000000000002
2002-07-10 00:00:00,0.2073999999999998
2002-07-11 00:00:00,0.2173999999999996
2002-07-12 00:00:00,0.22739999999999938
2002-07-15 00:00:00,0.2173999999999996
2002-07-16 00:00:00,0.23739999999999917
2002-07-17 00:00:00,0.23739999999999917
2002-07-18 00:00:00,0.22739999999999938
2002-07-19 00:00:00,0.22739999999999938
2002-07-22 00:00:00,0.2073999999999998
2002-07-23 00:00:00,0.19740000000000002
2002-07-24 00:00:00,0.2073999999999998
2002-07-25 00:00:00,0.2073999999999998
2002-07-26 00:00:00,0.2073999999999998
2002-07-29 00:00:00,0.19740000000000002
2002-07-30 00:00:00,0.2173999999999996
2002-07-31 00:00:00,0.2073999999999998
2002-08-01 00:00:00,0.19740000000000002
2002-08-02 00:00:00,0.2073999999999998
2002-08-05 00:00:00,0.19740000000000002
2002-08-06 00:00:00,0.2073999999999998
2002-08-07 00:00:00,0.19740000000000002
2002-08-08 00:00:00,0.19740000000000002
2002-08-09 00:00:00,0.19740000000000002
2002-08-12 00:00:00,0.22739999999999938
2002-08-13 00:00:00,0.2173999999999996
2002-08-14 00:00:00,0.22739999999999938
2002-08-15 00:00:00,0.25739999999999963
2002-08-16 00:00:00,0.25739999999999963
2002-08-19 00:00:00,0.25739999999999963
2002-08-20 00:00:00,0.25739999999999963
2002-08-21 00:00:00,0.2773999999999992
2002-08-22 00:00:00,0.2673999999999994
2002-08-23 00:00:00,0.2673999999999994
2002-08-26 00:00:00,0.2773999999999992
2002-08-27 00:00:00,0.2773999999999992
2002-08-28 00:00:00,0.2673999999999994
2002-08-29 00:00:00,0.2773999999999992
2002-08-30 00:00:00,0.2773999999999992
2002-09-03 00:00:00,0.24739999999999984
2002-09-04 00:00:00,0.2673999999999994
2002-09-05 00:00:00,0.2873999999999999
2002-09-06 00:00:00,0.29739999999999966
2002-09-09 00:00:00,0.30739999999999945
2002-09-10 00:00:00,0.30739999999999945
2002-09-11 00:00:00,0.30739999999999945
2002-09-12 00:00:00,0.2873999999999999
2002-09-13 00:00:00,0.30739999999999945
2002-09-16 00:00:00,0.29739999999999966
2002-09-17 00:00:00,0.2873999999999999
2002-09-18 00:00:00,0.29739999999999966
2002-09-19 00:00:00,0.29739999999999966
2002-09-20 00:00:00,0.29739999999999966
2002-09-23 00:00:00,0.31739999999999924
2002-09-24 00:00:00,0.31739999999999924
2002-09-25 00:00:00,0.31739999999999924
2002-09-26 00:00:00,0.31739999999999924
2002-09-27 00:00:00,0.31739999999999924
2002-09-30 00:00:00,0.30739999999999945
2002-10-01 00:00:00,0.327399999999999
2002-10-02 00:00:00,0.31739999999999924
2002-10-03 00:00:00,0.29739999999999966
2002-10-04 00:00:00,0.29739999999999966
2002-10-07 00:00:00,0.29739999999999966
2002-10-08 00:00:00,0.29739999999999966
2002-10-09 00:00:00,0.29739999999999966
2002-10-10 00:00:00,0.2873999999999999
2002-10-11 00:00:00,0.29739999999999966
2002-10-14 00:00:00,0.30739999999999945
2002-10-15 00:00:00,0.30739999999999945
2002-10-16 00:00:00,0.30739999999999945
2002-10-17 00:00:00,0.30739999999999945
2002-10-18 00:00:00,0.30739999999999945
2002-10-21 00:00:00,0.2673999999999994
2002-10-22 00:00:00,0.2673999999999994
2002-10-23 00:00:00,0.2673999999999994
2002-10-24 00:00:00,0.2673999999999994
2002-10-25 00:00:00,0.23739999999999917
2002-10-28 00:00:00,0.23739999999999917
2002-10-29 00:00:00,0.22739999999999938
2002-10-30 00:00:00,0.23739999999999917
2002-10-31 00:00:00,0.24739999999999984
2002-11-01 00:00:00,0.23739999999999917
2002-11-04 00:00:00,0.23739999999999917
2002-11-05 00:00:00,0.2173999999999996
2002-11-06 00:00:00,0.2073999999999998
2002-11-07 00:00:00,0.19740000000000002
2002-11-08 00:00:00,0.18739999999999934
2002-11-11 00:00:00,0.18739999999999934
2002-11-12 00:00:00,0.18739999999999934
2002-11-13 00:00:00,0.17739999999999956
2002-11-14 00:00:00,0.17739999999999956
2002-11-15 00:00:00,0.18739999999999934
2002-11-18 00:00:00,0.2173999999999996
2002-11-19 00:00:00,0.2073999999999998
2002-11-20 00:00:00,0.22739999999999938
2002-11-21 00:00:00,0.23739999999999917
2002-11-22 00:00:00,0.24739999999999984
2002-11-25 00:00:00,0.23739999999999917
2002-11-26 00:00:00,0.23739999999999917
2002-11-27 00:00:00,0.24739999999999984
2002-12-02 00:00:00,0.25739999999999963
2002-12-03 00:00:00,0.2673999999999994
2002-12-04 00:00:00,0.23739999999999917
2002-12-05 00:00:00,0.24739999999999984
2002-12-06 00:00:00,0.24739999999999984
2002-12-09 00:00:00,0.25739999999999963
2002-12-10 00:00:00,0.2673999999999994
2002-12-11 00:00:00,0.2673999999999994
2002-12-12 00:00:00,0.2873999999999999
2002-12-13 00:00:00,0.30739999999999945
2002-12-16 00:00:00,0.3473999999999977
2002-12-17 00:00:00,0.3373999999999979
2002-12-18 00:00:00,0.3473999999999977
2002-12-19 00:00:00,0.3573999999999975
2002-12-20 00:00:00,0.3573999999999975
2002-12-23 00:00:00,0.37739999999999796
2002-12-24 00:00:00,0.38739999999999775
2002-12-26 00:00:00,0.39739999999999753
2002-12-27 00:00:00,0.39739999999999753
2002-12-30 00:00:00,0.3673999999999973
2002-12-31 00:00:00,0.37739999999999796
2003-01-02 00:00:00,0.38739999999999775
2003-01-03 00:00:00,0.417399999999998
2003-01-06 00:00:00,0.39739999999999753
2003-01-07 00:00:00,0.3673999999999973
2003-01-08 00:00:00,0.3573999999999975
2003-01-09 00:00:00,0.39739999999999753
2003-01-10 00:00:00,0.38739999999999775
2003-01-13 00:00:00,0.4073999999999982
2003-01-14 00:00:00,0.4073999999999982
2003-01-15 00:00:00,0.417399999999998
2003-01-16 00:00:00,0.417399999999998
2003-01-17 00:00:00,0.417399999999998
2003-01-21 00:00:00,0.417399999999998
2003-01-22 00:00:00,0.417399999999998
2003-01-23 00:00:00,0.417399999999998
2003-01-24 00:00:00,0.43739999999999846
2003-01-27 00:00:00,0.417399999999998
2003-01-28 00:00:00,0.4273999999999978
2003-01-29 00:00:00,0.45739999999999803
2003-01-30 00:00:00,0.4673999999999978
2003-01-31 00:00:00,0.45739999999999803
2003-02-03 00:00:00,0.44739999999999824
2003-02-04 00:00:00,0.4773999999999985
2003-02-05 00:00:00,0.49739999999999807
2003-02-06 00:00:00,0.5173999999999985
2003-02-07 00:00:00,0.5573999999999986
2003-02-10 00:00:00,0.5273999999999983
2003-02-11 00:00:00,0.5573999999999986
2003-02-12 00:00:00,0.5373999999999981
2003-02-13 00:00:00,0.5573999999999986
2003-02-14 00:00:00,0.5473999999999988
2003-02-18 00:00:00,0.5473999999999988
2003-02-19 00:00:00,0.5573999999999986
2003-02-20 00:00:00,0.5273999999999983
2003-02-21 00:00:00,0.5573999999999986
2003-02-24 00:00:00,0.5873999999999979
2003-02-25 00:00:00,0.5673999999999984
2003-02-26 00:00:00,0.6073999999999984
2003-02-27 00:00:00,0.5973999999999977
2003-02-28 00:00:00,0.5973999999999977
2003-03-03 00:00:00,0.5773999999999981
2003-03-04 00:00:00,0.5973999999999977
2003-03-05 00:00:00,0.5973999999999977
2003-03-06 00:00:00,0.6073999999999984
2003-03-07 00:00:00,0.6473999999999984
2003-03-10 00:00:00,0.6273999999999988
2003-03-11 00:00:00,0.5973999999999977
2003-03-12 00:00:00,0.6073999999999984
2003-03-13 00:00:00,0.5573999999999986
2003-03-14 00:00:00,0.5373999999999981
2003-03-17 00:00:00,0.5073999999999987
2003-03-18 00:00:00,0.45739999999999803
2003-03-19 00:00:00,0.44739999999999824
2003-03-20 00:00:00,0.4273999999999978
2003-03-21 00:00:00,0.37739999999999796
2003-03-24 00:00:00,0.417399999999998
2003-03-25 00:00:00,0.38739999999999775
2003-03-26 00:00:00,0.4073999999999982
2003-03-27 00:00:00,0.44739999999999824
2003-03-28 00:00:00,0.4273999999999978
2003-03-31 00:00:00,0.44739999999999824
2003-04-01 00:00:00,0.417399999999998
2003-04-02 00:00:00,0.39739999999999753
2003-04-03 00:00:00,0.4073999999999982
2003-04-04 00:00:00,0.4073999999999982
2003-04-07 00:00:00,0.39739999999999753
2003-04-08 00:00:00,0.39739999999999753
2003-04-09 00:00:00,0.4273999999999978
2003-04-10 00:00:00,0.39739999999999753
2003-04-11 00:00:00,0.4073999999999982
2003-04-14 00:00:00,0.4073999999999982
2003-04-15 00:00:00,0.4273999999999978
2003-04-16 00:00:00,0.4273999999999978
2003-04-17 00:00:00,0.43739999999999846
2003-04-21 00:00:00,0.44739999999999824
2003-04-22 00:00:00,0.4273999999999978
2003-04-23 00:00:00,0.4073999999999982
2003-04-24 00:00:00,0.4073999999999982
2003-04-25 00:00:00,0.39739999999999753
2003-04-28 00:00:00,0.37739999999999796
2003-04-29 00:00:00,0.37739999999999796
2003-04-30 00:00:00,0.38739999999999775
2003-05-01 00:00:00,0.38739999999999775
2003-05-02 00:00:00,0.37739999999999796
2003-05-05 00:00:00,0.4073999999999982
2003-05-06 00:00:00,0.38739999999999775
2003-05-07 00:00:00,0.39739999999999753
2003-05-08 00:00:00,0.417399999999998
2003-05-09 00:00:00,0.4273999999999978
2003-05-12 00:00:00,0.417399999999998
2003-05-13 00:00:00,0.44739999999999824
2003-05-14 00:00:00,0.4673999999999978
2003-05-15 00:00:00,0.45739999999999803
2003-05-16 00:00:00,0.45739999999999803
2003-05-19 00:00:00,0.43739999999999846
2003-05-20 00:00:00,0.43739999999999846
2003-05-21 00:00:00,0.45739999999999803
2003-05-22 00:00:00,0.44739999999999824
2003-05-23 00:00:00,0.44739999999999824
2003-05-27 00:00:00,0.45739999999999803
2003-05-28 00:00:00,0.43739999999999846
2003-05-29 00:00:00,0.45739999999999803
2003-05-30 00:00:00,0.45739999999999803
2003-06-02 00:00:00,0.4773999999999985
2003-06-03 00:00:00,0.4773999999999985
2003-06-04 00:00:00,0.4673999999999978
2003-06-05 00:00:00,0.4873999999999983
2003-06-06 00:00:00,0.49739999999999807
2003-06-09 00:00:00,0.4873999999999983
2003-06-10 00:00:00,0.49739999999999807
2003-06-11 00:00:00,0.5073999999999987
2003-06-12 00:00:00,0.4773999999999985
2003-06-13 00:00:00,0.45739999999999803
2003-06-16 00:00:00,0.45739999999999803
2003-06-17 00:00:00,0.4673999999999978
2003-06-18 00:00:00,0.45739999999999803
2003-06-19 00:00:00,0.44739999999999824
2003-06-20 00:00:00,0.4773999999999985
2003-06-23 00:00:00,0.4673999999999978
2003-06-24 00:00:00,0.45739999999999803
2003-06-25 00:00:00,0.49739999999999807
2003-06-26 00:00:00,0.4673999999999978
2003-06-27 00:00:00,0.4773999999999985
2003-06-30 00:00:00,0.49739999999999807
2003-07-01 00:00:00,0.5073999999999987
2003-07-02 00:00:00,0.49739999999999807
2003-07-03 00:00:00,0.49739999999999807
2003-07-07 00:00:00,0.4873999999999983
2003-07-08 00:00:00,0.49739999999999807
2003-07-09 00:00:00,0.5173999999999985
2003-07-10 00:00:00,0.5173999999999985
2003-07-11 00:00:00,0.5173999999999985
2003-07-14 00:00:00,0.5173999999999985
2003-07-15 00:00:00,0.5273999999999983
2003-07-16 00:00:00,0.49739999999999807
2003-07-17 00:00:00,0.5073999999999987
2003-07-18 00:00:00,0.5073999999999987
2003-07-21 00:00:00,0.5073999999999987
2003-07-22 00:00:00,0.4673999999999978
2003-07-23 00:00:00,0.4773999999999985
2003-07-24 00:00:00,0.4873999999999983
2003-07-25 00:00:00,0.4873999999999983
2003-07-28 00:00:00,0.4873999999999983
2003-07-29 00:00:00,0.4873999999999983
2003-07-30 00:00:00,0.5073999999999987
2003-07-31 00:00:00,0.49739999999999807
2003-08-01 00:00:00,0.5573999999999986
2003-08-04 00:00:00,0.5373999999999981
2003-08-05 00:00:00,0.5473999999999988
2003-08-06 00:00:00,0.5373999999999981
2003-08-07 00:00:00,0.5573999999999986
2003-08-08 00:00:00,0.5473999999999988
2003-08-11 00:00:00,0.5473999999999988
2003-08-12 00:00:00,0.5373999999999981
2003-08-13 00:00:00,0.5173999999999985
2003-08-14 00:00:00,0.5173999999999985
2003-08-15 00:00:00,0.5073999999999987
2003-08-18 00:00:00,0.49739999999999807
2003-08-19 00:00:00,0.49739999999999807
2003-08-20 00:00:00,0.5073999999999987
2003-08-21 00:00:00,0.5373999999999981
2003-08-22 00:00:00,0.5373999999999981
2003-08-25 00:00:00,0.5273999999999983
2003-08-26 00:00:00,0.5373999999999981
2003-08-27 00:00:00,0.5173999999999985
2003-08-28 00:00:00,0.5173999999999985
2003-08-29 00:00:00,0.5273999999999983
2003-09-02 00:00:00,0.4673999999999978
2003-09-03 00:00:00,0.4773999999999985
2003-09-04 00:00:00,0.4673999999999978
2003-09-05 00:00:00,0.45739999999999803
2003-09-08 00:00:00,0.45739999999999803
2003-09-09 00:00:00,0.4673999999999978
2003-09-10 00:00:00,0.4673999999999978
2003-09-11 00:00:00,0.45739999999999803
2003-09-12 00:00:00,0.44739999999999824
2003-09-15 00:00:00,0.44739999999999824
2003-09-16 00:00:00,0.43739999999999846
2003-09-17 00:00:00,0.417399999999998
2003-09-18 00:00:00,0.4073999999999982
2003-09-19 00:00:00,0.4073999999999982
2003-09-22 00:00:00,0.4073999999999982
2003-09-23 00:00:00,0.4073999999999982
2003-09-24 00:00:00,0.43739999999999846
2003-09-25 00:00:00,0.43739999999999846
2003-09-26 00:00:00,0.43739999999999846
2003-09-29 00:00:00,0.44739999999999824
2003-09-30 00:00:00,0.4773999999999985
2003-10-01 00:00:00,0.4873999999999983
2003-10-02 00:00:00,0.49739999999999807
2003-10-03 00:00:00,0.49739999999999807
2003-10-06 00:00:00,0.49739999999999807
2003-10-07 00:00:00,0.5073999999999987
2003-10-08 00:00:00,0.49739999999999807
2003-10-09 00:00:00,0.5373999999999981
2003-10-10 00:00:00,0.5673999999999984
2003-10-13 00:00:00,0.5573999999999986
2003-10-14 00:00:00,0.5573999999999986
2003-10-15 00:00:00,0.5573999999999986
2003-10-16 00:00:00,0.5473999999999988
2003-10-17 00:00:00,0.5173999999999985
2003-10-20 00:00:00,0.5073999999999987
2003-10-21 00:00:00,0.5073999999999987
2003-10-22 00:00:00,0.49739999999999807
2003-10-23 00:00:00,0.5073999999999987
2003-10-24 00:00:00,0.49739999999999807
2003-10-27 00:00:00,0.4873999999999983
2003-10-28 00:00:00,0.4773999999999985
2003-10-29 00:00:00,0.4673999999999978
2003-10-30 00:00:00,0.44739999999999824
2003-10-31 00:00:00,0.4773999999999985
2003-11-03 00:00:00,0.45739999999999803
2003-11-04 00:00:00,0.45739999999999803
2003-11-05 00:00:00,0.49739999999999807
2003-11-06 00:00:00,0.49739999999999807
2003-11-07 00:00:00,0.5073999999999987
2003-11-10 00:00:00,0.5073999999999987
2003-11-11 00:00:00,0.5173999999999985
2003-11-12 00:00:00,0.5173999999999985
2003-11-13 00:00:00,0.5373999999999981
2003-11-14 00:00:00,0.5573999999999986
2003-11-17 00:00:00,0.5373999999999981
2003-11-18 00:00:00,0.5773999999999981
2003-11-19 00:00:00,0.5673999999999984
2003-11-20 00:00:00,0.5573999999999986
2003-11-21 00:00:00,0.5573999999999986
2003-11-24 00:00:00,0.5073999999999987
2003-11-25 00:00:00,0.5073999999999987
2003-11-26 00:00:00,0.5173999999999985
2003-12-01 00:00:00,0.5173999999999985
2003-12-02 00:00:00,0.5373999999999981
2003-12-03 00:00:00,0.5473999999999988
2003-12-04 00:00:00,0.5573999999999986
2003-12-05 00:00:00,0.5373999999999981
2003-12-08 00:00:00,0.5873999999999979
2003-12-09 00:00:00,0.5673999999999984
2003-12-10 00:00:00,0.5673999999999984
2003-12-11 00:00:00,0.5673999999999984
2003-12-12 00:00:00,0.6073999999999984
2003-12-15 00:00:00,0.6073999999999984
2003-12-16 00:00:00,0.5973999999999986
2003-12-17 00:00:00,0.6273999999999988
2003-12-18 00:00:00,0.6473999999999984
2003-12-19 00:00:00,0.6273999999999988
2003-12-22 00:00:00,0.5873999999999979
2003-12-23 00:00:00,0.5873999999999979
2003-12-24 00:00:00,0.6073999999999984
2003-12-29 00:00:00,0.5973999999999977
2003-12-30 00:00:00,0.6273999999999988
2003-12-31 00:00:00,0.6073999999999984
2004-01-05 00:00:00,0.6573999999999982
2004-01-06 00:00:00,0.6573999999999982
2004-01-07 00:00:00,0.6573999999999982
2004-01-08 00:00:00,0.667399999999998
2004-01-09 00:00:00,0.6873999999999985
2004-01-12 00:00:00,0.6973999999999982
2004-01-13 00:00:00,0.6773999999999978
2004-01-14 00:00:00,0.6573999999999982
2004-01-15 00:00:00,0.6273999999999988
2004-01-16 00:00:00,0.667399999999998
2004-01-20 00:00:00,0.6873999999999985
2004-01-21 00:00:00,0.6873999999999985
2004-01-22 00:00:00,0.6973999999999982
2004-01-23 00:00:00,0.6873999999999985
2004-01-26 00:00:00,0.667399999999998
2004-01-27 00:00:00,0.667399999999998
2004-01-28 00:00:00,0.6473999999999984
2004-01-29 00:00:00,0.6273999999999988
2004-01-30 00:00:00,0.6273999999999988
2004-02-02 00:00:00,0.6573999999999982
2004-02-03 00:00:00,0.6373999999999977
2004-02-04 00:00:00,0.6173999999999982
2004-02-05 00:00:00,0.6173999999999982
2004-02-06 00:00:00,0.5973999999999977
2004-02-09 00:00:00,0.6073999999999984
2004-02-10 00:00:00,0.6273999999999988
2004-02-11 00:00:00,0.6373999999999977
2004-02-12 00:00:00,0.6473999999999984
2004-02-13 00:00:00,0.667399999999998
2004-02-17 00:00:00,0.6773999999999978
2004-02-18 00:00:00,0.667399999999998
2004-02-19 00:00:00,0.667399999999998
2004-02-20 00:00:00,0.6473999999999984
2004-02-23 00:00:00,0.6473999999999984
2004-02-24 00:00:00,0.6573999999999982
2004-02-25 00:00:00,0.6873999999999985
2004-02-26 00:00:00,0.6873999999999985
2004-02-27 00:00:00,0.707399999999998
2004-03-01 00:00:00,0.7173999999999987
2004-03-02 00:00:00,0.707399999999998
2004-03-03 00:00:00,0.6773999999999978
2004-03-04 00:00:00,0.707399999999998
2004-03-05 00:00:00,0.707399999999998
2004-03-08 00:00:00,0.6873999999999985
2004-03-09 00:00:00,0.6873999999999985
2004-03-10 00:00:00,0.6773999999999978
2004-03-11 00:00:00,0.6873999999999985
2004-03-12 00:00:00,0.6773999999999978
2004-03-15 00:00:00,0.707399999999998
2004-03-16 00:00:00,0.707399999999998
2004-03-17 00:00:00,0.7373999999999983
2004-03-18 00:00:00,0.7173999999999987
2004-03-19 00:00:00,0.7173999999999987
2004-03-22 00:00:00,0.707399999999998
2004-03-23 00:00:00,0.7173999999999987
2004-03-24 00:00:00,0.7173999999999987
2004-03-25 00:00:00,0.6773999999999978
2004-03-26 00:00:00,0.6873999999999985
2004-03-29 00:00:00,0.6773999999999978
2004-03-30 00:00:00,0.6973999999999982
2004-03-31 00:00:00,0.6973999999999982
2004-04-01 00:00:00,0.6473999999999984
2004-04-02 00:00:00,0.6573999999999982
2004-04-05 00:00:00,0.6573999999999982
2004-04-06 00:00:00,0.6773999999999978
2004-04-07 00:00:00,0.707399999999998
2004-04-08 00:00:00,0.7273999999999985
2004-04-12 00:00:00,0.7473999999999981
2004-04-13 00:00:00,0.7273999999999985
2004-04-14 00:00:00,0.7273999999999985
2004-04-15 00:00:00,0.7573999999999979
2004-04-16 00:00:00,0.7573999999999979
2004-04-19 00:00:00,0.7373999999999983
2004-04-20 00:00:00,0.7373999999999983
2004-04-21 00:00:00,0.7173999999999987
2004-04-22 00:00:00,0.7473999999999981
2004-04-23 00:00:00,0.7273999999999985
2004-04-26 00:00:00,0.7473999999999981
2004-04-27 00:00:00,0.7573999999999979
2004-04-28 00:00:00,0.7573999999999979
2004-04-29 00:00:00,0.7573999999999979
2004-04-30 00:00:00,0.7573999999999979
2004-05-03 00:00:00,0.7873999999999981
2004-05-04 00:00:00,0.8073999999999986
2004-05-05 00:00:00,0.8173999999999984
2004-05-06 00:00:00,0.8173999999999984
2004-05-07 00:00:00,0.8273999999999981
2004-05-10 00:00:00,0.7973999999999988
2004-05-11 00:00:00,0.8273999999999981
2004-05-12 00:00:00,0.8473999999999986
2004-05-13 00:00:00,0.8573999999999984
2004-05-14 00:00:00,0.8573999999999984
2004-05-17 00:00:00,0.8573999999999984
2004-05-18 00:00:00,0.8273999999999981
2004-05-19 00:00:00,0.8673999999999982
2004-05-20 00:00:00,0.8473999999999986
2004-05-21 00:00:00,0.8173999999999984
2004-05-24 00:00:00,0.8673999999999982
2004-05-25 00:00:00,0.8473999999999986
2004-05-26 00:00:00,0.8473999999999986
2004-05-27 00:00:00,0.8173999999999984
2004-05-28 00:00:00,0.8273999999999981
2004-06-01 00:00:00,0.8873999999999986
2004-06-02 00:00:00,0.8373999999999988
2004-06-03 00:00:00,0.8173999999999984
2004-06-04 00:00:00,0.8073999999999986
2004-06-07 00:00:00,0.8173999999999984
2004-06-08 00:00:00,0.7873999999999981
2004-06-09 00:00:00,0.8073999999999986
2004-06-10 00:00:00,0.8273999999999981
2004-06-14 00:00:00,0.8073999999999986
2004-06-15 00:00:00,0.7973999999999988
2004-06-16 00:00:00,0.8073999999999986
2004-06-17 00:00:00,0.8473999999999986
2004-06-18 00:00:00,0.8473999999999986
2004-06-21 00:00:00,0.8173999999999984
2004-06-22 00:00:00,0.8373999999999988
2004-06-23 00:00:00,0.8273999999999981
2004-06-24 00:00:00,0.8473999999999986
2004-06-25 00:00:00,0.8373999999999988
2004-06-28 00:00:00,0.7973999999999988
2004-06-29 00:00:00,0.7873999999999981
2004-06-30 00:00:00,0.8373999999999988
2004-07-01 00:00:00,0.8973999999999984
2004-07-02 00:00:00,0.8873999999999986
2004-07-06 00:00:00,0.9073999999999982
2004-07-07 00:00:00,0.8973999999999984
2004-07-08 00:00:00,0.917399999999998
2004-07-09 00:00:00,0.8973999999999984
2004-07-12 00:00:00,0.877399999999998
2004-07-13 00:00:00,0.877399999999998
2004-07-14 00:00:00,0.9073999999999982
2004-07-15 00:00:00,0.917399999999998
2004-07-16 00:00:00,0.917399999999998
2004-07-19 00:00:00,0.9273999999999987
2004-07-20 00:00:00,0.9073999999999982
2004-07-21 00:00:00,0.9073999999999982
2004-07-22 00:00:00,0.9373999999999985
2004-07-23 00:00:00,0.957399999999998
2004-07-26 00:00:00,0.9373999999999985
2004-07-27 00:00:00,0.9473999999999982
2004-07-28 00:00:00,0.9673999999999978
2004-07-29 00:00:00,0.9673999999999978
2004-07-30 00:00:00,0.9873999999999983
2004-08-02 00:00:00,0.9773999999999985
2004-08-03 00:00:00,0.9973999999999981
2004-08-04 00:00:00,0.9773999999999985
2004-08-05 00:00:00,1.0073999999999987
2004-08-06 00:00:00,0.9873999999999983
2004-08-09 00:00:00,1.0073999999999987
2004-08-10 00:00:00,0.9873999999999983
2004-08-11 00:00:00,0.9873999999999983
2004-08-12 00:00:00,1.0173999999999985
2004-08-13 00:00:00,1.037399999999998
2004-08-16 00:00:00,1.0273999999999983
2004-08-17 00:00:00,1.0473999999999979
2004-08-18 00:00:00,1.0473999999999979
2004-08-19 00:00:00,1.087399999999998
2004-08-20 00:00:00,1.0573999999999986
2004-08-23 00:00:00,1.037399999999998
2004-08-24 00:00:00,1.0173999999999985
2004-08-25 00:00:00,0.9673999999999978
2004-08-26 00:00:00,0.957399999999998
2004-08-27 00:00:00,0.9673999999999978
2004-08-30 00:00:00,0.9373999999999985
2004-08-31 00:00:00,0.9273999999999978
2004-09-01 00:00:00,0.9873999999999983
2004-09-02 00:00:00,0.9973999999999981
2004-09-03 00:00:00,0.9873999999999983
2004-09-07 00:00:00,0.9773999999999985
2004-09-08 00:00:00,0.9673999999999978
2004-09-09 00:00:00,1.037399999999998
2004-09-10 00:00:00,0.9773999999999985
2004-09-13 00:00:00,1.0173999999999985
2004-09-14 00:00:00,1.037399999999998
2004-09-15 00:00:00,1.0073999999999987
2004-09-16 00:00:00,1.037399999999998
2004-09-17 00:00:00,1.0673999999999984
2004-09-20 00:00:00,1.0773999999999981
2004-09-21 00:00:00,1.1073999999999984
2004-09-22 00:00:00,1.1473999999999984
2004-09-23 00:00:00,1.157399999999999
2004-09-24 00:00:00,1.157399999999999
2004-09-27 00:00:00,1.1773999999999987
2004-09-28 00:00:00,1.1773999999999987
2004-09-29 00:00:00,1.1773999999999987
2004-09-30 00:00:00,1.1873999999999985
2004-10-01 00:00:00,1.1973999999999982
2004-10-04 00:00:00,1.1873999999999985
2004-10-05 00:00:00,1.207399999999998
2004-10-06 00:00:00,1.2173999999999978
2004-10-07 00:00:00,1.2373999999999983
2004-10-08 00:00:00,1.2573999999999979
2004-10-11 00:00:00,1.2773999999999974
2004-10-12 00:00:00,1.2573999999999979
2004-10-13 00:00:00,1.2973999999999979
2004-10-14 00:00:00,1.3473999999999977
2004-10-15 00:00:00,1.3473999999999977
2004-10-18 00:00:00,1.3073999999999977
2004-10-19 00:00:00,1.3073999999999977
2004-10-20 00:00:00,1.3573999999999984
2004-10-21 00:00:00,1.377399999999998
2004-10-22 00:00:00,1.3973999999999975
2004-10-25 00:00:00,1.377399999999998
2004-10-26 00:00:00,1.3873999999999977
2004-10-27 00:00:00,1.3173999999999975
2004-10-28 00:00:00,1.2773999999999974
2004-10-29 00:00:00,1.2773999999999974
2004-11-01 00:00:00,1.2173999999999978
2004-11-02 00:00:00,1.207399999999998
2004-11-03 00:00:00,1.2373999999999983
2004-11-04 00:00:00,1.1873999999999985
2004-11-05 00:00:00,1.1973999999999982
2004-11-08 00:00:00,1.1873999999999985
2004-11-09 00:00:00,1.157399999999999
2004-11-10 00:00:00,1.2173999999999978
2004-11-11 00:00:00,1.1873999999999985
2004-11-12 00:00:00,1.1773999999999987
2004-11-15 00:00:00,1.157399999999999
2004-11-16 00:00:00,1.1473999999999984
2004-11-17 00:00:00,1.2173999999999978
2004-11-18 00:00:00,1.2273999999999976
2004-11-19 00:00:00,1.287399999999998
2004-11-22 00:00:00,1.2573999999999979
2004-11-23 00:00:00,1.2573999999999979
2004-11-24 00:00:00,1.2673999999999976
2004-11-29 00:00:00,1.2673999999999976
2004-11-30 00:00:00,1.2373999999999983
2004-12-01 00:00:00,1.1473999999999984
2004-12-02 00:00:00,1.0773999999999981
2004-12-03 00:00:00,1.0573999999999986
2004-12-06 00:00:00,1.0773999999999981
2004-12-07 00:00:00,1.0473999999999979
2004-12-08 00:00:00,1.087399999999998
2004-12-09 00:00:00,1.1273999999999988
2004-12-10 00:00:00,1.0573999999999986
2004-12-13 00:00:00,1.087399999999998
2004-12-14 00:00:00,1.1273999999999988
2004-12-15 00:00:00,1.207399999999998
2004-12-16 00:00:00,1.1973999999999982
2004-12-17 00:00:00,1.2573999999999979
2004-12-20 00:00:00,1.2273999999999985
2004-12-21 00:00:00,1.2273999999999985
2004-12-22 00:00:00,1.1973999999999982
2004-12-23 00:00:00,1.1673999999999989
2004-12-27 00:00:00,1.0773999999999981
2004-12-28 00:00:00,1.087399999999998
2004-12-29 00:00:00,1.1273999999999988
2004-12-30 00:00:00,1.1073999999999984
2005-01-03 00:00:00,1.0573999999999986
2005-01-04 00:00:00,1.1173999999999982
2005-01-05 00:00:00,1.087399999999998
2005-01-06 00:00:00,1.1473999999999984
2005-01-07 00:00:00,1.1473999999999984
2005-01-10 00:00:00,1.1473999999999984
2005-01-11 00:00:00,1.1673999999999989
2005-01-12 00:00:00,1.1773999999999987
2005-01-13 00:00:00,1.207399999999998
2005-01-14 00:00:00,1.2173999999999978
2005-01-18 00:00:00,1.207399999999998
2005-01-19 00:00:00,1.207399999999998
2005-01-20 00:00:00,1.1973999999999982
2005-01-21 00:00:00,1.2373999999999983
2005-01-24 00:00:00,1.2573999999999979
2005-01-25 00:00:00,1.2773999999999983
2005-01-26 00:00:00,1.2573999999999979
2005-01-27 00:00:00,1.2573999999999979
2005-01-28 00:00:00,1.207399999999998
2005-01-31 00:00:00,1.2373999999999983
2005-02-01 00:00:00,1.207399999999998
2005-02-02 00:00:00,1.1973999999999982
2005-02-03 00:00:00,1.1673999999999989
2005-02-04 00:00:00,1.1673999999999989
2005-02-07 00:00:00,1.1373999999999986
2005-02-08 00:00:00,1.157399999999999
2005-02-09 00:00:00,1.1673999999999989
2005-02-10 00:00:00,1.2173999999999978
2005-02-11 00:00:00,1.207399999999998
2005-02-14 00:00:00,1.1973999999999982
2005-02-15 00:00:00,1.1973999999999982
2005-02-16 00:00:00,1.2373999999999983
2005-02-17 00:00:00,1.2173999999999978
2005-02-18 00:00:00,1.2373999999999983
2005-02-22 00:00:00,1.3173999999999984
2005-02-23 00:00:00,1.3273999999999981
2005-02-24 00:00:00,1.3273999999999981
2005-02-25 00:00:00,1.3273999999999981
2005-02-28 00:00:00,1.3473999999999977
2005-03-01 00:00:00,1.3673999999999982
2005-03-02 00:00:00,1.4073999999999982
2005-03-03 00:00:00,1.3973999999999975
2005-03-04 00:00:00,1.3973999999999975
2005-03-07 00:00:00,1.4073999999999982
2005-03-08 00:00:00,1.4473999999999982
2005-03-09 00:00:00,1.4473999999999982
2005-03-10 00:00:00,1.417399999999998
2005-03-11 00:00:00,1.4473999999999982
2005-03-14 00:00:00,1.4473999999999982
2005-03-15 00:00:00,1.457399999999998
2005-03-16 00:00:00,1.497399999999998
2005-03-17 00:00:00,1.5073999999999979
2005-03-18 00:00:00,1.497399999999998
2005-03-21 00:00:00,1.5073999999999979
2005-03-22 00:00:00,1.4873999999999983
2005-03-23 00:00:00,1.4673999999999978
2005-03-24 00:00:00,1.4873999999999983
2005-03-28 00:00:00,1.457399999999998
2005-03-29 00:00:00,1.4673999999999978
2005-03-30 00:00:00,1.5173999999999976
2005-03-31 00:00:00,1.5673999999999975
2005-04-01 00:00:00,1.627399999999998
2005-04-04 00:00:00,1.6073999999999975
2005-04-05 00:00:00,1.587399999999998
2005-04-06 00:00:00,1.5473999999999979
2005-04-07 00:00:00,1.497399999999998
2005-04-08 00:00:00,1.4673999999999978
2005-04-11 00:00:00,1.457399999999998
2005-04-12 00:00:00,1.4373999999999976
2005-04-13 00:00:00,1.417399999999998
2005-04-14 00:00:00,1.457399999999998
2005-04-15 00:00:00,1.4273999999999978
2005-04-18 00:00:00,1.4073999999999982
2005-04-19 00:00:00,1.457399999999998
2005-04-20 00:00:00,1.4773999999999976
2005-04-21 00:00:00,1.5073999999999979
2005-04-22 00:00:00,1.5173999999999976
2005-04-25 00:00:00,1.497399999999998
2005-04-26 00:00:00,1.4873999999999983
2005-04-27 00:00:00,1.4473999999999982
2005-04-28 00:00:00,1.457399999999998
2005-04-29 00:00:00,1.3973999999999975
2005-05-02 00:00:00,1.4373999999999976
2005-05-03 00:00:00,1.4073999999999982
2005-05-04 00:00:00,1.417399999999998
2005-05-05 00:00:00,1.417399999999998
2005-05-06 00:00:00,1.4073999999999982
2005-05-09 00:00:00,1.4073999999999982
2005-05-10 00:00:00,1.417399999999998
2005-05-11 00:00:00,1.377399999999998
2005-05-12 00:00:00,1.3473999999999977
2005-05-13 00:00:00,1.337399999999998
2005-05-16 00:00:00,1.3173999999999984
2005-05-17 00:00:00,1.337399999999998
2005-05-18 00:00:00,1.3273999999999981
2005-05-19 00:00:00,1.3473999999999977
2005-05-20 00:00:00,1.337399999999998
2005-05-23 00:00:00,1.337399999999998
2005-05-24 00:00:00,1.3573999999999984
2005-05-25 00:00:00,1.3973999999999975
2005-05-26 00:00:00,1.4073999999999982
2005-05-27 00:00:00,1.4073999999999982
2005-05-31 00:00:00,1.4073999999999982
2005-06-01 00:00:00,1.497399999999998
2005-06-02 00:00:00,1.497399999999998
2005-06-03 00:00:00,1.5573999999999977
2005-06-06 00:00:00,1.5773999999999972
2005-06-07 00:00:00,1.5573999999999977
2005-06-08 00:00:00,1.5073999999999979
2005-06-09 00:00:00,1.587399999999998
2005-06-10 00:00:00,1.5673999999999975
2005-06-13 00:00:00,1.627399999999998
2005-06-14 00:00:00,1.5973999999999977
2005-06-15 00:00:00,1.587399999999998
2005-06-16 00:00:00,1.587399999999998
2005-06-17 00:00:00,1.6073999999999975
2005-06-20 00:00:00,1.6173999999999973
2005-06-21 00:00:00,1.587399999999998
2005-06-22 00:00:00,1.5773999999999972
2005-06-23 00:00:00,1.627399999999998
2005-06-24 00:00:00,1.6073999999999975
2005-06-27 00:00:00,1.6373999999999977
2005-06-28 00:00:00,1.5773999999999972
2005-06-29 00:00:00,1.5673999999999975
2005-06-30 00:00:00,1.587399999999998
2005-07-01 00:00:00,1.6573999999999982
2005-07-05 00:00:00,1.6773999999999978
2005-07-06 00:00:00,1.7373999999999974
2005-07-07 00:00:00,1.7173999999999978
2005-07-08 00:00:00,1.667399999999998
2005-07-11 00:00:00,1.6373999999999977
2005-07-12 00:00:00,1.707399999999998
2005-07-13 00:00:00,1.6773999999999978
2005-07-14 00:00:00,1.6073999999999975
2005-07-15 00:00:00,1.6173999999999973
2005-07-18 00:00:00,1.587399999999998
2005-07-19 00:00:00,1.587399999999998
2005-07-20 00:00:00,1.5573999999999977
2005-07-21 00:00:00,1.537399999999998
2005-07-22 00:00:00,1.5573999999999977
2005-07-25 00:00:00,1.5773999999999972
2005-07-26 00:00:00,1.5773999999999972
2005-07-27 00:00:00,1.587399999999998
2005-07-28 00:00:00,1.6073999999999975
2005-07-29 00:00:00,1.6073999999999975
2005-08-01 00:00:00,1.6473999999999975
2005-08-02 00:00:00,1.6573999999999982
2005-08-03 00:00:00,1.627399999999998
2005-08-04 00:00:00,1.6473999999999975
2005-08-05 00:00:00,1.667399999999998
2005-08-08 00:00:00,1.7273999999999976
2005-08-09 00:00:00,1.707399999999998
2005-08-10 00:00:00,1.7673999999999976
2005-08-11 00:00:00,1.8273999999999972
2005-08-12 00:00:00,1.837399999999998
2005-08-15 00:00:00,1.8073999999999977
2005-08-16 00:00:00,1.7973999999999979
2005-08-17 00:00:00,1.7173999999999978
2005-08-18 00:00:00,1.7173999999999978
2005-08-19 00:00:00,1.7473999999999972
2005-08-22 00:00:00,1.7473999999999972
2005-08-23 00:00:00,1.7473999999999972
2005-08-24 00:00:00,1.7973999999999979
2005-08-25 00:00:00,1.8073999999999977
2005-08-26 00:00:00,1.7673999999999976
2005-08-29 00:00:00,1.8173999999999975
2005-08-30 00:00:00,1.9673999999999978
2005-08-31 00:00:00,1.957399999999998
2005-09-01 00:00:00,2.077399999999998
2005-09-02 00:00:00,1.9773999999999976
2005-09-06 00:00:00,1.9473999999999982
2005-09-07 00:00:00,1.8573999999999975
2005-09-08 00:00:00,1.8273999999999972
2005-09-09 00:00:00,1.8073999999999977
2005-09-12 00:00:00,1.7273999999999976
2005-09-13 00:00:00,1.7473999999999972
2005-09-14 00:00:00,1.8273999999999972
2005-09-15 00:00:00,1.8173999999999975
2005-09-16 00:00:00,1.7473999999999972
2005-09-19 00:00:00,1.9273999999999978
2005-09-20 00:00:00,1.9073999999999973
2005-09-21 00:00:00,1.917399999999998
2005-09-22 00:00:00,1.917399999999998
2005-09-23 00:00:00,1.8473999999999977
2005-09-26 00:00:00,1.9473999999999974
2005-09-27 00:00:00,1.9473999999999974
2005-09-28 00:00:00,2.0173999999999976
2005-09-29 00:00:00,2.007399999999998
2005-09-30 00:00:00,1.997399999999998
2005-10-03 00:00:00,1.9473999999999974
2005-10-04 00:00:00,1.917399999999998
2005-10-05 00:00:00,1.8873999999999977
2005-10-06 00:00:00,1.8273999999999972
2005-10-07 00:00:00,1.837399999999998
2005-10-10 00:00:00,1.8473999999999977
2005-10-11 00:00:00,1.8873999999999977
2005-10-12 00:00:00,1.8973999999999975
2005-10-13 00:00:00,1.8673999999999973
2005-10-14 00:00:00,1.8273999999999972
2005-10-17 00:00:00,1.8573999999999975
2005-10-18 00:00:00,1.8073999999999977
2005-10-19 00:00:00,1.7773999999999974
2005-10-20 00:00:00,1.7373999999999974
2005-10-21 00:00:00,1.7373999999999974
2005-10-24 00:00:00,1.6873999999999976
2005-10-25 00:00:00,1.7773999999999974
2005-10-26 00:00:00,1.7373999999999974
2005-10-27 00:00:00,1.7373999999999974
2005-10-28 00:00:00,1.7373999999999974
2005-10-31 00:00:00,1.6773999999999978
2005-11-01 00:00:00,1.667399999999998
2005-11-02 00:00:00,1.6373999999999977
2005-11-03 00:00:00,1.6873999999999976
2005-11-04 00:00:00,1.6573999999999982
2005-11-07 00:00:00,1.6473999999999975
2005-11-08 00:00:00,1.6373999999999977
2005-11-09 00:00:00,1.6473999999999975
2005-11-10 00:00:00,1.6073999999999975
2005-11-11 00:00:00,1.5973999999999977
2005-11-14 00:00:00,1.6073999999999975
2005-11-15 00:00:00,1.5573999999999977
2005-11-16 00:00:00,1.5973999999999977
2005-11-17 00:00:00,1.5673999999999975
2005-11-18 00:00:00,1.5673999999999975
2005-11-21 00:00:00,1.5773999999999981
2005-11-22 00:00:00,1.587399999999998
2005-11-23 00:00:00,1.5473999999999979
2005-11-28 00:00:00,1.497399999999998
2005-11-29 00:00:00,1.4773999999999976
2005-11-30 00:00:00,1.497399999999998
2005-12-01 00:00:00,1.5473999999999979
2005-12-02 00:00:00,1.5773999999999981
2005-12-05 00:00:00,1.587399999999998
2005-12-06 00:00:00,1.5773999999999981
2005-12-07 00:00:00,1.5573999999999977
2005-12-08 00:00:00,1.5973999999999977
2005-12-09 00:00:00,1.5473999999999979
2005-12-12 00:00:00,1.587399999999998
2005-12-13 00:00:00,1.6473999999999975
2005-12-14 00:00:00,1.6473999999999975
2005-12-15 00:00:00,1.587399999999998
2005-12-16 00:00:00,1.5273999999999983
2005-12-19 00:00:00,1.5073999999999979
2005-12-20 00:00:00,1.5173999999999976
2005-12-21 00:00:00,1.5473999999999979
2005-12-22 00:00:00,1.5173999999999976
2005-12-23 00:00:00,1.497399999999998
2005-12-27 00:00:00,1.4473999999999982
2005-12-28 00:00:00,1.4873999999999983
2005-12-29 00:00:00,1.5173999999999976
2005-12-30 00:00:00,1.5473999999999979
2006-01-03 00:00:00,1.5773999999999981
2006-01-04 00:00:00,1.5973999999999977
2006-01-05 00:00:00,1.5673999999999975
2006-01-06 00:00:00,1.587399999999998
2006-01-09 00:00:00,1.5573999999999977
2006-01-10 00:00:00,1.5273999999999983
2006-01-11 00:00:00,1.5173999999999976
2006-01-12 00:00:00,1.497399999999998
2006-01-13 00:00:00,1.5073999999999979
2006-01-17 00:00:00,1.587399999999998
2006-01-18 00:00:00,1.5573999999999977
2006-01-19 00:00:00,1.5973999999999977
2006-01-20 00:00:00,1.6573999999999982
2006-01-23 00:00:00,1.627399999999998
2006-01-24 00:00:00,1.6073999999999975
2006-01-25 00:00:00,1.5773999999999981
2006-01-26 00:00:00,1.5673999999999975
2006-01-27 00:00:00,1.6073999999999975
2006-01-30 00:00:00,1.6373999999999977
2006-01-31 00:00:00,1.6173999999999982
2006-02-01 00:00:00,1.5973999999999977
2006-02-02 00:00:00,1.5473999999999979
2006-02-03 00:00:00,1.5573999999999977
2006-02-06 00:00:00,1.5473999999999979
2006-02-07 00:00:00,1.4873999999999983
2006-02-08 00:00:00,1.457399999999998
2006-02-09 00:00:00,1.457399999999998
2006-02-10 00:00:00,1.4273999999999978
2006-02-13 00:00:00,1.4273999999999978
2006-02-14 00:00:00,1.3973999999999975
2006-02-15 00:00:00,1.3873999999999977
2006-02-16 00:00:00,1.3973999999999975
2006-02-17 00:00:00,1.4273999999999978
2006-02-21 00:00:00,1.4473999999999982
2006-02-22 00:00:00,1.417399999999998
2006-02-23 00:00:00,1.4273999999999978
2006-02-24 00:00:00,1.4873999999999983
2006-02-27 00:00:00,1.4373999999999976
2006-02-28 00:00:00,1.4673999999999978
2006-03-01 00:00:00,1.4873999999999983
2006-03-02 00:00:00,1.5473999999999979
2006-03-03 00:00:00,1.5573999999999977
2006-03-06 00:00:00,1.5073999999999979
2006-03-07 00:00:00,1.4773999999999976
2006-03-08 00:00:00,1.4373999999999976
2006-03-09 00:00:00,1.457399999999998
2006-03-10 00:00:00,1.4373999999999976
2006-03-13 00:00:00,1.4873999999999983
2006-03-14 00:00:00,1.5573999999999977
2006-03-15 00:00:00,1.5173999999999976
2006-03-16 00:00:00,1.5473999999999979
2006-03-17 00:00:00,1.5173999999999976
2006-03-20 00:00:00,1.4673999999999978
2006-03-21 00:00:00,1.497399999999998
2006-03-22 00:00:00,1.4673999999999978
2006-03-23 00:00:00,1.5073999999999979
2006-03-24 00:00:00,1.5173999999999976
2006-03-27 00:00:00,1.5073999999999979
2006-03-28 00:00:00,1.5573999999999977
2006-03-29 00:00:00,1.5773999999999981
2006-03-30 00:00:00,1.6073999999999975
2006-03-31 00:00:00,1.5973999999999977
2006-04-03 00:00:00,1.5973999999999977
2006-04-04 00:00:00,1.587399999999998
2006-04-05 00:00:00,1.5973999999999977
2006-04-06 00:00:00,1.6173999999999973
2006-04-07 00:00:00,1.6173999999999973
2006-04-10 00:00:00,1.6773999999999978
2006-04-11 00:00:00,1.6873999999999976
2006-04-12 00:00:00,1.6973999999999982
2006-04-13 00:00:00,1.707399999999998
2006-04-17 00:00:00,1.7573999999999979
2006-04-18 00:00:00,1.7973999999999979
2006-04-19 00:00:00,1.8073999999999986
2006-04-20 00:00:00,1.7973999999999979
2006-04-21 00:00:00,1.8173999999999984
2006-04-24 00:00:00,1.7773999999999983
2006-04-25 00:00:00,1.7973999999999979
2006-04-26 00:00:00,1.7573999999999979
2006-04-27 00:00:00,1.7273999999999985
2006-04-28 00:00:00,1.747399999999998
2006-05-01 00:00:00,1.787399999999998
2006-05-02 00:00:00,1.8073999999999986
2006-05-03 00:00:00,1.7373999999999983
2006-05-04 00:00:00,1.667399999999998
2006-05-05 00:00:00,1.6873999999999985
2006-05-08 00:00:00,1.6873999999999985
2006-05-09 00:00:00,1.7273999999999985
2006-05-10 00:00:00,1.787399999999998
2006-05-11 00:00:00,1.8273999999999981
2006-05-12 00:00:00,1.7773999999999983
2006-05-15 00:00:00,1.6773999999999978
2006-05-16 00:00:00,1.6873999999999985
2006-05-17 00:00:00,1.6573999999999982
2006-05-18 00:00:00,1.6873999999999985
2006-05-19 00:00:00,1.6573999999999982
2006-05-22 00:00:00,1.6773999999999978
2006-05-23 00:00:00,1.7373999999999983
2006-05-24 00:00:00,1.6773999999999978
2006-05-25 00:00:00,1.7273999999999985
2006-05-26 00:00:00,1.707399999999998
2006-05-30 00:00:00,1.7373999999999983
2006-05-31 00:00:00,1.7173999999999978
2006-06-01 00:00:00,1.6873999999999985
2006-06-02 00:00:00,1.7373999999999983
2006-06-05 00:00:00,1.7573999999999979
2006-06-06 00:00:00,1.7573999999999979
2006-06-07 00:00:00,1.7173999999999978
2006-06-08 00:00:00,1.707399999999998
2006-06-09 00:00:00,1.7673999999999985
2006-06-12 00:00:00,1.7173999999999978
2006-06-13 00:00:00,1.6573999999999982
2006-06-14 00:00:00,1.667399999999998
2006-06-15 00:00:00,1.667399999999998
2006-06-16 00:00:00,1.6573999999999982
2006-06-19 00:00:00,1.627399999999998
2006-06-20 00:00:00,1.6373999999999977
2006-06-21 00:00:00,1.6773999999999978
2006-06-22 00:00:00,1.707399999999998
2006-06-23 00:00:00,1.6973999999999982
2006-06-26 00:00:00,1.7173999999999978
2006-06-27 00:00:00,1.707399999999998
2006-06-28 00:00:00,1.6973999999999982
2006-06-29 00:00:00,1.747399999999998
2006-06-30 00:00:00,1.7373999999999983
2006-07-05 00:00:00,1.7673999999999985
2006-07-06 00:00:00,1.7773999999999983
2006-07-07 00:00:00,1.7273999999999985
2006-07-10 00:00:00,1.6873999999999985
2006-07-11 00:00:00,1.7273999999999985
2006-07-12 00:00:00,1.7373999999999983
2006-07-13 00:00:00,1.8073999999999986
2006-07-14 00:00:00,1.7973999999999979
2006-07-17 00:00:00,1.747399999999998
2006-07-18 00:00:00,1.7173999999999978
2006-07-19 00:00:00,1.6973999999999982
2006-07-20 00:00:00,1.667399999999998
2006-07-21 00:00:00,1.6773999999999978
2006-07-24 00:00:00,1.6873999999999985
2006-07-25 00:00:00,1.6573999999999982
2006-07-26 00:00:00,1.6773999999999978
2006-07-27 00:00:00,1.6973999999999982
2006-07-28 00:00:00,1.667399999999998
2006-07-31 00:00:00,1.6973999999999982
2006-08-01 00:00:00,1.7373999999999983
2006-08-02 00:00:00,1.7673999999999985
2006-08-03 00:00:00,1.7573999999999979
2006-08-04 00:00:00,1.7373999999999983
2006-08-07 00:00:00,1.787399999999998
2006-08-08 00:00:00,1.7673999999999985
2006-08-09 00:00:00,1.7573999999999979
2006-08-10 00:00:00,1.6873999999999985
2006-08-11 00:00:00,1.6973999999999982
2006-08-14 00:00:00,1.6773999999999978
2006-08-15 00:00:00,1.6773999999999978
2006-08-16 00:00:00,1.667399999999998
2006-08-17 00:00:00,1.6173999999999982
2006-08-18 00:00:00,1.627399999999998
2006-08-21 00:00:00,1.667399999999998
2006-08-22 00:00:00,1.667399999999998
2006-08-23 00:00:00,1.627399999999998
2006-08-24 00:00:00,1.6473999999999984
2006-08-25 00:00:00,1.6473999999999984
2006-08-28 00:00:00,1.587399999999998
2006-08-29 00:00:00,1.5773999999999981
2006-08-30 00:00:00,1.587399999999998
2006-08-31 00:00:00,1.6073999999999984
2006-09-01 00:00:00,1.5573999999999986
2006-09-05 00:00:00,1.537399999999998
2006-09-06 00:00:00,1.5073999999999987
2006-09-07 00:00:00,1.4873999999999983
2006-09-08 00:00:00,1.4473999999999982
2006-09-11 00:00:00,1.4073999999999982
2006-09-12 00:00:00,1.3473999999999986
2006-09-13 00:00:00,1.3473999999999986
2006-09-14 00:00:00,1.3273999999999981
2006-09-15 00:00:00,1.3073999999999986
2006-09-18 00:00:00,1.3173999999999984
2006-09-19 00:00:00,1.2773999999999983
2006-09-20 00:00:00,1.2273999999999985
2006-09-21 00:00:00,1.247399999999999
2006-09-22 00:00:00,1.2173999999999987
2006-09-25 00:00:00,1.2373999999999983
2006-09-26 00:00:00,1.2273999999999985
2006-09-27 00:00:00,1.287399999999998
2006-09-28 00:00:00,1.287399999999998
2006-09-29 00:00:00,1.287399999999998
2006-10-02 00:00:00,1.2373999999999983
2006-10-03 00:00:00,1.1873999999999993
2006-10-04 00:00:00,1.2173999999999987
2006-10-05 00:00:00,1.2273999999999985
2006-10-06 00:00:00,1.2273999999999985
2006-10-09 00:00:00,1.2573999999999987
2006-10-10 00:00:00,1.207399999999999
2006-10-11 00:00:00,1.1973999999999991
2006-10-12 00:00:00,1.207399999999999
2006-10-13 00:00:00,1.2373999999999983
2006-10-16 00:00:00,1.2773999999999983
2006-10-17 00:00:00,1.247399999999999
2006-10-18 00:00:00,1.2173999999999987
2006-10-19 00:00:00,1.247399999999999
2006-10-20 00:00:00,1.207399999999999
2006-10-23 00:00:00,1.1973999999999991
2006-10-24 00:00:00,1.2173999999999987
2006-10-25 00:00:00,1.2573999999999987
2006-10-26 00:00:00,1.2273999999999985
2006-10-27 00:00:00,1.2273999999999985
2006-10-30 00:00:00,1.157399999999999
2006-10-31 00:00:00,1.1673999999999989
2006-11-01 00:00:00,1.1473999999999993
2006-11-02 00:00:00,1.1373999999999995
2006-11-03 00:00:00,1.1773999999999996
2006-11-06 00:00:00,1.2173999999999987
2006-11-07 00:00:00,1.1773999999999996
2006-11-08 00:00:00,1.1973999999999991
2006-11-09 00:00:00,1.2373999999999983
2006-11-10 00:00:00,1.1873999999999993
2006-11-13 00:00:00,1.157399999999999
2006-11-14 00:00:00,1.157399999999999
2006-11-15 00:00:00,1.1773999999999996
2006-11-16 00:00:00,1.1473999999999993
2006-11-17 00:00:00,1.1673999999999989
2006-11-20 00:00:00,1.1673999999999989
2006-11-21 00:00:00,1.2273999999999985
2006-11-22 00:00:00,1.1673999999999989
2006-11-27 00:00:00,1.207399999999999
2006-11-28 00:00:00,1.2273999999999985
2006-11-29 00:00:00,1.2773999999999983
2006-11-30 00:00:00,1.2973999999999988
2006-12-01 00:00:00,1.2973999999999988
2006-12-04 00:00:00,1.2573999999999987
2006-12-05 00:00:00,1.247399999999999
2006-12-06 00:00:00,1.247399999999999
2006-12-07 00:00:00,1.2373999999999983
2006-12-08 00:00:00,1.2173999999999987
2006-12-11 00:00:00,1.1873999999999993
2006-12-12 00:00:00,1.1873999999999993
2006-12-13 00:00:00,1.1873999999999993
2006-12-14 00:00:00,1.2273999999999985
2006-12-15 00:00:00,1.2373999999999983
2006-12-18 00:00:00,1.1773999999999996
2006-12-19 00:00:00,1.1873999999999993
2006-12-20 00:00:00,1.1973999999999991
2006-12-21 00:00:00,1.1673999999999989
2006-12-22 00:00:00,1.1473999999999993
2006-12-26 00:00:00,1.0973999999999986
2006-12-27 00:00:00,1.0873999999999988
2006-12-28 00:00:00,1.0873999999999988
2006-12-29 00:00:00,1.0873999999999988
2007-01-02 00:00:00,1.0873999999999988
2007-01-03 00:00:00,1.0273999999999983
2007-01-04 00:00:00,0.9773999999999985
2007-01-05 00:00:00,0.997399999999999
2007-01-08 00:00:00,0.997399999999999
2007-01-09 00:00:00,0.9873999999999992
2007-01-10 00:00:00,0.9573999999999989
2007-01-11 00:00:00,0.9073999999999991
2007-01-12 00:00:00,0.9273999999999987
2007-01-16 00:00:00,0.8973999999999984
2007-01-17 00:00:00,0.9173999999999989
2007-01-18 00:00:00,0.8873999999999986
2007-01-19 00:00:00,0.9273999999999987
2007-01-22 00:00:00,0.9173999999999989
2007-01-23 00:00:00,0.9773999999999985
2007-01-24 00:00:00,0.9773999999999985
2007-01-25 00:00:00,0.9473999999999991
2007-01-26 00:00:00,0.9873999999999992
2007-01-29 00:00:00,0.9473999999999991
2007-01-30 00:00:00,1.0273999999999983
2007-01-31 00:00:00,1.0573999999999986
2007-02-01 00:00:00,1.037399999999999
2007-02-02 00:00:00,1.0673999999999984
2007-02-05 00:00:00,1.0573999999999986
2007-02-06 00:00:00,1.0673999999999984
2007-02-07 00:00:00,1.037399999999999
2007-02-08 00:00:00,1.0973999999999986
2007-02-09 00:00:00,1.0973999999999986
2007-02-12 00:00:00,1.0273999999999983
2007-02-13 00:00:00,1.0673999999999984
2007-02-14 00:00:00,1.0173999999999985
2007-02-15 00:00:00,1.0073999999999987
2007-02-16 00:00:00,1.0473999999999988
2007-02-20 00:00:00,1.0273999999999983
2007-02-21 00:00:00,1.0573999999999986
2007-02-22 00:00:00,1.0973999999999986
2007-02-23 00:00:00,1.117399999999999
2007-02-26 00:00:00,1.1273999999999988
2007-02-27 00:00:00,1.1473999999999993
2007-02-28 00:00:00,1.157399999999999
2007-03-01 00:00:00,1.1473999999999993
2007-03-02 00:00:00,1.1473999999999993
2007-03-05 00:00:00,1.0973999999999986
2007-03-06 00:00:00,1.1273999999999988
2007-03-07 00:00:00,1.1473999999999993
2007-03-08 00:00:00,1.1373999999999995
2007-03-09 00:00:00,1.0873999999999988
2007-03-12 00:00:00,1.0573999999999986
2007-03-13 00:00:00,1.0673999999999984
2007-03-14 00:00:00,1.0873999999999988
2007-03-15 00:00:00,1.0673999999999984
2007-03-16 00:00:00,1.0673999999999984
2007-03-19 00:00:00,1.0673999999999984
2007-03-20 00:00:00,1.0473999999999988
2007-03-21 00:00:00,1.0473999999999988
2007-03-22 00:00:00,1.0973999999999986
2007-03-23 00:00:00,1.0973999999999986
2007-03-26 00:00:00,1.1473999999999993
2007-03-27 00:00:00,1.1673999999999989
2007-03-28 00:00:00,1.207399999999999
2007-03-29 00:00:00,1.247399999999998
2007-03-30 00:00:00,1.247399999999998
2007-04-02 00:00:00,1.2373999999999983
2007-04-03 00:00:00,1.2173999999999987
2007-04-04 00:00:00,1.2373999999999983
2007-04-05 00:00:00,1.2373999999999983
2007-04-09 00:00:00,1.1973999999999991
2007-04-10 00:00:00,1.2373999999999983
2007-04-11 00:00:00,1.2573999999999987
2007-04-12 00:00:00,1.287399999999998
2007-04-13 00:00:00,1.2773999999999983
2007-04-16 00:00:00,1.2373999999999983
2007-04-17 00:00:00,1.1773999999999996
2007-04-18 00:00:00,1.1873999999999993
2007-04-19 00:00:00,1.1773999999999996
2007-04-20 00:00:00,1.1973999999999991
2007-04-23 00:00:00,1.2573999999999987
2007-04-24 00:00:00,1.2173999999999987
2007-04-25 00:00:00,1.2673999999999985
2007-04-26 00:00:00,1.247399999999999
2007-04-27 00:00:00,1.2773999999999983
2007-04-30 00:00:00,1.2573999999999987
2007-05-01 00:00:00,1.247399999999999
2007-05-02 00:00:00,1.2173999999999987
2007-05-03 00:00:00,1.207399999999999
2007-05-04 00:00:00,1.1973999999999991
2007-05-07 00:00:00,1.1673999999999998
2007-05-08 00:00:00,1.1873999999999993
2007-05-09 00:00:00,1.1773999999999996
2007-05-10 00:00:00,1.2173999999999987
2007-05-11 00:00:00,1.2373999999999983
2007-05-14 00:00:00,1.2173999999999987
2007-05-15 00:00:00,1.2373999999999983
2007-05-16 00:00:00,1.2173999999999987
2007-05-17 00:00:00,1.287399999999999
2007-05-18 00:00:00,1.2673999999999985
2007-05-21 00:00:00,1.2973999999999988
2007-05-22 00:00:00,1.247399999999999
2007-05-23 00:00:00,1.2773999999999983
2007-05-24 00:00:00,1.2673999999999985
2007-05-25 00:00:00,1.287399999999999
2007-05-29 00:00:00,1.2173999999999987
2007-05-30 00:00:00,1.2173999999999987
2007-05-31 00:00:00,1.2273999999999985
2007-06-01 00:00:00,1.2573999999999987
2007-06-04 00:00:00,1.2973999999999988
2007-06-05 00:00:00,1.2973999999999988
2007-06-06 00:00:00,1.3073999999999986
2007-06-07 00:00:00,1.3173999999999984
2007-06-08 00:00:00,1.2373999999999992
2007-06-11 00:00:00,1.2673999999999985
2007-06-12 00:00:00,1.2573999999999987
2007-06-13 00:00:00,1.2973999999999988
2007-06-14 00:00:00,1.3573999999999984
2007-06-15 00:00:00,1.3473999999999986
2007-06-18 00:00:00,1.367399999999999
2007-06-19 00:00:00,1.367399999999999
2007-06-20 00:00:00,1.367399999999999
2007-06-21 00:00:00,1.3573999999999984
2007-06-22 00:00:00,1.367399999999999
2007-06-25 00:00:00,1.367399999999999
2007-06-26 00:00:00,1.327399999999999
2007-06-27 00:00:00,1.3473999999999986
2007-06-28 00:00:00,1.3473999999999986
2007-06-29 00:00:00,1.367399999999999
2007-07-02 00:00:00,1.3873999999999986
2007-07-03 00:00:00,1.3873999999999986
2007-07-05 00:00:00,1.407399999999999
2007-07-06 00:00:00,1.4173999999999989
2007-07-09 00:00:00,1.4173999999999989
2007-07-10 00:00:00,1.4473999999999991
2007-07-11 00:00:00,1.4273999999999987
2007-07-12 00:00:00,1.4273999999999987
2007-07-13 00:00:00,1.4373999999999985
2007-07-16 00:00:00,1.3873999999999986
2007-07-17 00:00:00,1.367399999999999
2007-07-18 00:00:00,1.4373999999999985
2007-07-19 00:00:00,1.4373999999999985
2007-07-20 00:00:00,1.4273999999999987
2007-07-23 00:00:00,1.3873999999999986
2007-07-24 00:00:00,1.3573999999999984
2007-07-25 00:00:00,1.3973999999999984
2007-07-26 00:00:00,1.367399999999999
2007-07-27 00:00:00,1.3973999999999984
2007-07-30 00:00:00,1.3873999999999986
2007-07-31 00:00:00,1.4273999999999987
2007-08-01 00:00:00,1.3773999999999988
2007-08-02 00:00:00,1.3873999999999986
2007-08-03 00:00:00,1.3473999999999986
2007-08-06 00:00:00,1.247399999999999
2007-08-07 00:00:00,1.2773999999999983
2007-08-08 00:00:00,1.2773999999999983
2007-08-09 00:00:00,1.2973999999999988
2007-08-10 00:00:00,1.2773999999999983
2007-08-13 00:00:00,1.2773999999999983
2007-08-14 00:00:00,1.287399999999999
2007-08-15 00:00:00,1.327399999999999
2007-08-16 00:00:00,1.287399999999999
2007-08-17 00:00:00,1.327399999999999
2007-08-20 00:00:00,1.287399999999999
2007-08-21 00:00:00,1.2573999999999987
2007-08-22 00:00:00,1.2573999999999987
2007-08-23 00:00:00,1.2673999999999985
2007-08-24 00:00:00,1.2973999999999988
2007-08-27 00:00:00,1.3173999999999984
2007-08-28 00:00:00,1.2973999999999988
2007-08-29 00:00:00,1.3473999999999986
2007-08-30 00:00:00,1.327399999999999
2007-08-31 00:00:00,1.3373999999999988
2007-09-04 00:00:00,1.367399999999999
2007-09-05 00:00:00,1.3773999999999988
2007-09-06 00:00:00,1.4173999999999989
2007-09-07 00:00:00,1.4273999999999987
2007-09-10 00:00:00,1.4473999999999991
2007-09-11 00:00:00,1.4673999999999987
2007-09-12 00:00:00,1.497399999999999
2007-09-13 00:00:00,1.497399999999999
2007-09-14 00:00:00,1.4873999999999992
2007-09-17 00:00:00,1.5073999999999987
2007-09-18 00:00:00,1.5273999999999992
2007-09-19 00:00:00,1.5273999999999992
2007-09-20 00:00:00,1.5473999999999988
2007-09-21 00:00:00,1.5473999999999988
2007-09-24 00:00:00,1.5273999999999992
2007-09-25 00:00:00,1.4773999999999994
2007-09-26 00:00:00,1.4773999999999994
2007-09-27 00:00:00,1.537399999999999
2007-09-28 00:00:00,1.497399999999999
2007-10-01 00:00:00,1.457399999999999
2007-10-02 00:00:00,1.4373999999999993
2007-10-03 00:00:00,1.457399999999999
2007-10-04 00:00:00,1.5073999999999987
2007-10-05 00:00:00,1.497399999999999
2007-10-08 00:00:00,1.4373999999999993
2007-10-09 00:00:00,1.457399999999999
2007-10-10 00:00:00,1.4873999999999992
2007-10-11 00:00:00,1.5273999999999992
2007-10-12 00:00:00,1.5273999999999992
2007-10-15 00:00:00,1.5873999999999988
2007-10-16 00:00:00,1.617399999999999
2007-10-17 00:00:00,1.5973999999999986
2007-10-18 00:00:00,1.6273999999999988
2007-10-19 00:00:00,1.617399999999999
2007-10-22 00:00:00,1.5973999999999986
2007-10-23 00:00:00,1.5873999999999988
2007-10-24 00:00:00,1.6273999999999988
2007-10-25 00:00:00,1.6873999999999985
2007-10-26 00:00:00,1.7173999999999987
2007-10-29 00:00:00,1.747399999999999
2007-10-30 00:00:00,1.707399999999999
2007-10-31 00:00:00,1.787399999999999
2007-11-01 00:00:00,1.7773999999999983
2007-11-02 00:00:00,1.8373999999999988
2007-11-05 00:00:00,1.8073999999999986
2007-11-06 00:00:00,1.867399999999999
2007-11-07 00:00:00,1.8773999999999988
2007-11-08 00:00:00,1.867399999999999
2007-11-09 00:00:00,1.8773999999999988
2007-11-12 00:00:00,1.8373999999999988
2007-11-13 00:00:00,1.7573999999999987
2007-11-14 00:00:00,1.827399999999999
2007-11-15 00:00:00,1.8173999999999984
2007-11-16 00:00:00,1.8473999999999986
2007-11-19 00:00:00,1.867399999999999
2007-11-20 00:00:00,1.957399999999999
2007-11-21 00:00:00,1.9473999999999991
2007-11-23 00:00:00,1.9673999999999987
2007-11-26 00:00:00,1.9673999999999987
2007-11-27 00:00:00,1.907399999999999
2007-11-28 00:00:00,1.827399999999999
2007-11-29 00:00:00,1.827399999999999
2007-11-30 00:00:00,1.7673999999999985
2007-12-03 00:00:00,1.7673999999999985
2007-12-04 00:00:00,1.7673999999999985
2007-12-05 00:00:00,1.747399999999999
2007-12-06 00:00:00,1.8073999999999986
2007-12-07 00:00:00,1.7673999999999985
2007-12-10 00:00:00,1.747399999999999
2007-12-11 00:00:00,1.787399999999999
2007-12-12 00:00:00,1.907399999999999
2007-12-13 00:00:00,1.8773999999999988
2007-12-14 00:00:00,1.867399999999999
2007-12-17 00:00:00,1.8573999999999984
2007-12-18 00:00:00,1.8173999999999984
2007-12-19 00:00:00,1.8573999999999984
2007-12-20 00:00:00,1.8373999999999988
2007-12-21 00:00:00,1.8673999999999982
2007-12-24 00:00:00,1.8473999999999986
2007-12-26 00:00:00,1.8973999999999984
2007-12-27 00:00:00,1.9373999999999985
2007-12-28 00:00:00,1.8873999999999986
2007-12-31 00:00:00,1.9173999999999989
2008-01-02 00:00:00,2.0073999999999987
2008-01-03 00:00:00,1.9873999999999983
2008-01-04 00:00:00,1.9473999999999982
2008-01-07 00:00:00,1.8673999999999982
2008-01-08 00:00:00,1.9073999999999982
2008-01-09 00:00:00,1.8873999999999986
2008-01-10 00:00:00,1.8273999999999981
2008-01-11 00:00:00,1.7973999999999988
2008-01-14 00:00:00,1.8573999999999984
2008-01-15 00:00:00,1.8073999999999986
2008-01-16 00:00:00,1.7773999999999983
2008-01-17 00:00:00,1.7573999999999987
2008-01-18 00:00:00,1.7673999999999985
2008-01-22 00:00:00,1.747399999999998
2008-01-23 00:00:00,1.6873999999999985
2008-01-24 00:00:00,1.747399999999998
2008-01-25 00:00:00,1.787399999999998
2008-01-28 00:00:00,1.7973999999999988
2008-01-29 00:00:00,1.8173999999999984
2008-01-30 00:00:00,1.8273999999999981
2008-01-31 00:00:00,1.8173999999999984
2008-02-01 00:00:00,1.7373999999999983
2008-02-04 00:00:00,1.7773999999999983
2008-02-05 00:00:00,1.7373999999999983
2008-02-06 00:00:00,1.707399999999998
2008-02-07 00:00:00,1.747399999999998
2008-02-08 00:00:00,1.837399999999998
2008-02-11 00:00:00,1.8873999999999986
2008-02-12 00:00:00,1.8673999999999982
2008-02-13 00:00:00,1.8973999999999984
2008-02-14 00:00:00,1.9473999999999982
2008-02-15 00:00:00,1.9273999999999987
2008-02-19 00:00:00,2.037399999999998
2008-02-20 00:00:00,2.037399999999998
2008-02-21 00:00:00,2.0073999999999987
2008-02-22 00:00:00,2.0273999999999983
2008-02-25 00:00:00,2.037399999999998
2008-02-26 00:00:00,2.077399999999998
2008-02-27 00:00:00,2.037399999999998
2008-02-28 00:00:00,2.117399999999998
2008-02-29 00:00:00,2.1073999999999984
2008-03-03 00:00:00,2.137399999999998
2008-03-04 00:00:00,2.077399999999998
2008-03-05 00:00:00,2.2174000000000014
2008-03-06 00:00:00,2.247399999999999
2008-03-07 00:00:00,2.2074
2008-03-10 00:00:00,2.237400000000001
2008-03-11 00:00:00,2.2574000000000005
2008-03-12 00:00:00,2.2873999999999994
2008-03-13 00:00:00,2.3673999999999995
2008-03-14 00:00:00,2.3673999999999995
2008-03-17 00:00:00,2.307400000000001
2008-03-18 00:00:00,2.4173999999999984
2008-03-19 00:00:00,2.297399999999999
2008-03-20 00:00:00,2.2573999999999987
2008-03-24 00:00:00,2.227400000000001
2008-03-25 00:00:00,2.2074
2008-03-26 00:00:00,2.307400000000001
2008-03-27 00:00:00,2.3773999999999993
2008-03-28 00:00:00,2.3274000000000004
2008-03-31 00:00:00,2.247399999999999
2008-04-01 00:00:00,2.237400000000001
2008-04-02 00:00:00,2.307400000000001
2008-04-03 00:00:00,2.2873999999999994
2008-04-04 00:00:00,2.3474
2008-04-07 00:00:00,2.4374
2008-04-08 00:00:00,2.4573999999999994
2008-04-09 00:00:00,2.5673999999999984
2008-04-10 00:00:00,2.5373999999999977
2008-04-11 00:00:00,2.557399999999999
2008-04-14 00:00:00,2.557399999999999
2008-04-15 00:00:00,2.627399999999997
2008-04-16 00:00:00,2.6373999999999986
2008-04-17 00:00:00,2.627399999999999
2008-04-18 00:00:00,2.667399999999996
2008-04-21 00:00:00,2.6873999999999993
2008-04-22 00:00:00,2.707399999999999
2008-04-23 00:00:00,2.7173999999999987
2008-04-24 00:00:00,2.6573999999999964
2008-04-25 00:00:00,2.707399999999999
2008-04-28 00:00:00,2.697399999999999
2008-04-29 00:00:00,2.6473999999999966
2008-04-30 00:00:00,2.577399999999998
2008-05-01 00:00:00,2.5373999999999977
2008-05-02 00:00:00,2.6373999999999986
2008-05-05 00:00:00,2.7273999999999985
2008-05-06 00:00:00,2.7773999999999974
2008-05-07 00:00:00,2.8673999999999973
2008-05-08 00:00:00,2.927399999999996
2008-05-09 00:00:00,3.0573999999999955
2008-05-12 00:00:00,2.977399999999997
2008-05-13 00:00:00,3.117399999999996
2008-05-14 00:00:00,3.027399999999996
2008-05-15 00:00:00,3.037399999999996
2008-05-16 00:00:00,3.117399999999996
2008-05-19 00:00:00,3.0973999999999964
2008-05-20 00:00:00,3.207399999999996
2008-05-21 00:00:00,3.3373999999999966
2008-05-22 00:00:00,3.397399999999997
2008-05-23 00:00:00,3.3073999999999972
2008-05-27 00:00:00,3.2473999999999967
2008-05-28 00:00:00,3.2673999999999963
2008-05-29 00:00:00,3.1273999999999957
2008-05-30 00:00:00,3.087399999999995
2008-06-02 00:00:00,3.1373999999999973
2008-06-03 00:00:00,3.0573999999999955
2008-06-04 00:00:00,2.967399999999995
2008-06-05 00:00:00,3.0973999999999964
2008-06-06 00:00:00,3.397399999999997
2008-06-09 00:00:00,3.2973999999999957
2008-06-10 00:00:00,3.237399999999995
2008-06-11 00:00:00,3.397399999999997
2008-06-12 00:00:00,3.367399999999996
2008-06-13 00:00:00,3.2573999999999965
2008-06-16 00:00:00,3.2573999999999965
2008-06-17 00:00:00,3.247399999999995
2008-06-18 00:00:00,3.287399999999996
2008-06-19 00:00:00,3.1473999999999953
2008-06-20 00:00:00,3.207399999999996
2008-06-23 00:00:00,3.2273999999999954
2008-06-24 00:00:00,3.247399999999995
2008-06-25 00:00:00,3.1773999999999947
2008-06-26 00:00:00,3.317399999999997
2008-06-27 00:00:00,3.3373999999999966
2008-06-30 00:00:00,3.317399999999997
2008-07-01 00:00:00,3.3473999999999964
2008-07-02 00:00:00,3.477399999999998
2008-07-03 00:00:00,3.5073999999999974
2008-07-07 00:00:00,3.3773999999999957
2008-07-08 00:00:00,3.2273999999999954
2008-07-09 00:00:00,3.2573999999999965
2008-07-10 00:00:00,3.437399999999997
2008-07-11 00:00:00,3.477399999999998
2008-07-14 00:00:00,3.4673999999999965
2008-07-15 00:00:00,3.317399999999997
2008-07-16 00:00:00,3.237399999999995
2008-07-17 00:00:00,3.1473999999999953
2008-07-18 00:00:00,3.0973999999999946
2008-07-21 00:00:00,3.1473999999999953
2008-07-22 00:00:00,3.077399999999995
2008-07-23 00:00:00,2.9473999999999956
2008-07-24 00:00:00,2.967399999999995
2008-07-25 00:00:00,2.917399999999996
2008-07-28 00:00:00,2.9573999999999954
2008-07-29 00:00:00,2.8673999999999955
2008-07-30 00:00:00,2.917399999999996
2008-07-31 00:00:00,2.827399999999998
2008-08-01 00:00:00,2.807399999999997
2008-08-04 00:00:00,2.717399999999997
2008-08-05 00:00:00,2.6473999999999966
2008-08-06 00:00:00,2.6073999999999975
2008-08-07 00:00:00,2.6073999999999975
2008-08-08 00:00:00,2.4973999999999985
2008-08-11 00:00:00,2.487399999999997
2008-08-12 00:00:00,2.447399999999998
2008-08-13 00:00:00,2.4973999999999985
2008-08-14 00:00:00,2.467399999999999
2008-08-15 00:00:00,2.487399999999997
2008-08-18 00:00:00,2.4573999999999976
2008-08-19 00:00:00,2.487399999999997
2008-08-20 00:00:00,2.527399999999998
2008-08-21 00:00:00,2.667399999999996
2008-08-22 00:00:00,2.4973999999999967
2008-08-25 00:00:00,2.517399999999998
2008-08-26 00:00:00,2.5673999999999984
2008-08-27 00:00:00,2.6073999999999975
2008-08-28 00:00:00,2.5373999999999977
2008-08-29 00:00:00,2.527399999999998
2008-09-02 00:00:00,2.4073999999999987
2008-09-03 00:00:00,2.4073999999999987
2008-09-04 00:00:00,2.3573999999999997
2008-09-05 00:00:00,2.317399999999999
2008-09-08 00:00:00,2.3373999999999984
2008-09-09 00:00:00,2.247399999999999
2008-09-10 00:00:00,2.2273999999999994
2008-09-11 00:00:00,2.237399999999999
2008-09-12 00:00:00,2.2573999999999987
2008-09-15 00:00:00,2.1173999999999973
2008-09-16 00:00:00,2.037399999999997
2008-09-17 00:00:00,2.1373999999999977
2008-09-18 00:00:00,2.1073999999999975
2008-09-19 00:00:00,2.2273999999999994
2008-09-22 00:00:00,2.3673999999999995
2008-09-23 00:00:00,2.317399999999999
2008-09-24 00:00:00,2.3273999999999986
2008-09-25 00:00:00,2.3573999999999997
2008-09-26 00:00:00,2.3273999999999986
2008-09-29 00:00:00,2.1073999999999975
2008-09-30 00:00:00,2.207399999999998
2008-10-01 00:00:00,2.1573999999999978
2008-10-02 00:00:00,2.0273999999999974
2008-10-03 00:00:00,1.9773999999999976
2008-10-06 00:00:00,1.7873999999999972
2008-10-07 00:00:00,1.8173999999999975
2008-10-08 00:00:00,1.8073999999999977
2008-10-09 00:00:00,1.7373999999999974
2008-10-10 00:00:00,1.5273999999999974
2008-10-13 00:00:00,1.6573999999999973
2008-10-14 00:00:00,1.5773999999999972
2008-10-15 00:00:00,1.5073999999999979
2008-10-16 00:00:00,1.3973999999999975
2008-10-17 00:00:00,1.4473999999999974
2008-10-20 00:00:00,1.5173999999999968
2008-10-21 00:00:00,1.4773999999999976
2008-10-22 00:00:00,1.3473999999999968
2008-10-23 00:00:00,1.3473999999999968
2008-10-24 00:00:00,1.2673999999999968
2008-10-27 00:00:00,1.2273999999999976
2008-10-28 00:00:00,1.2273999999999976
2008-10-29 00:00:00,1.3173999999999975
2008-10-30 00:00:00,1.2873999999999972
2008-10-31 00:00:00,1.3673999999999973
2008-11-03 00:00:00,1.2673999999999968
2008-11-04 00:00:00,1.4473999999999974
2008-11-05 00:00:00,1.337399999999997
2008-11-06 00:00:00,1.2273999999999976
2008-11-07 00:00:00,1.2673999999999968
2008-11-10 00:00:00,1.2873999999999972
2008-11-11 00:00:00,1.217399999999997
2008-11-12 00:00:00,1.1173999999999982
2008-11-13 00:00:00,1.1573999999999982
2008-11-14 00:00:00,1.1173999999999982
2008-11-17 00:00:00,1.0673999999999975
2008-11-18 00:00:00,1.0273999999999974
2008-11-19 00:00:00,1.0273999999999974
2008-11-20 00:00:00,0.9373999999999976
2008-11-21 00:00:00,0.9573999999999971
2008-11-24 00:00:00,1.0473999999999979
2008-11-25 00:00:00,0.9673999999999978
2008-11-26 00:00:00,1.0273999999999974
2008-11-28 00:00:00,0.9873999999999974
2008-12-01 00:00:00,0.8773999999999971
2008-12-02 00:00:00,0.8473999999999977
2008-12-03 00:00:00,0.8473999999999977
2008-12-04 00:00:00,0.7673999999999976
2008-12-05 00:00:00,0.6973999999999974
2008-12-08 00:00:00,0.7573999999999979
2008-12-09 00:00:00,0.7073999999999971
2008-12-10 00:00:00,0.6773999999999978
2008-12-11 00:00:00,0.7773999999999974
2008-12-12 00:00:00,0.7573999999999979
2008-12-15 00:00:00,0.7273999999999976
2008-12-16 00:00:00,0.7173999999999978
2008-12-17 00:00:00,0.6973999999999974
2008-12-18 00:00:00,0.6273999999999971
2008-12-19 00:00:00,0.6473999999999975
2008-12-22 00:00:00,0.587399999999997
2008-12-23 00:00:00,0.5773999999999972
2008-12-24 00:00:00,0.45739999999999714
2008-12-26 00:00:00,0.5073999999999979
2008-12-29 00:00:00,0.5473999999999979
2008-12-30 00:00:00,0.5473999999999979
2008-12-31 00:00:00,0.6773999999999978
2009-01-02 00:00:00,0.7073999999999971
2009-01-05 00:00:00,0.7973999999999979
2009-01-06 00:00:00,0.8473999999999977
2009-01-07 00:00:00,0.7573999999999979
2009-01-08 00:00:00,0.7373999999999974
2009-01-09 00:00:00,0.6973999999999974
2009-01-12 00:00:00,0.6773999999999978
2009-01-13 00:00:00,0.7173999999999978
2009-01-14 00:00:00,0.667399999999998
2009-01-15 00:00:00,0.6873999999999976
2009-01-16 00:00:00,0.667399999999998
2009-01-20 00:00:00,0.5773999999999972
2009-01-21 00:00:00,0.587399999999997
2009-01-22 00:00:00,0.5573999999999977
2009-01-23 00:00:00,0.6473999999999975
2009-01-26 00:00:00,0.6273999999999971
2009-01-27 00:00:00,0.5673999999999975
2009-01-28 00:00:00,0.6073999999999975
2009-01-29 00:00:00,0.6173999999999973
2009-01-30 00:00:00,0.6273999999999971
2009-02-02 00:00:00,0.5373999999999981
2009-02-03 00:00:00,0.5273999999999974
2009-02-04 00:00:00,0.5273999999999974
2009-02-05 00:00:00,0.5673999999999975
2009-02-06 00:00:00,0.5573999999999977
2009-02-09 00:00:00,0.5573999999999977
2009-02-10 00:00:00,0.5073999999999979
2009-02-11 00:00:00,0.5173999999999976
2009-02-12 00:00:00,0.5173999999999976
2009-02-13 00:00:00,0.4973999999999972
2009-02-17 00:00:00,0.38739999999999686
2009-02-18 00:00:00,0.3373999999999979
2009-02-19 00:00:00,0.39739999999999664
2009-02-20 00:00:00,0.38739999999999686
2009-02-23 00:00:00,0.3673999999999964
2009-02-24 00:00:00,0.39739999999999664
2009-02-25 00:00:00,0.4273999999999969
2009-02-26 00:00:00,0.4873999999999974
2009-02-27 00:00:00,0.46739999999999693
2009-03-02 00:00:00,0.3473999999999968
2009-03-03 00:00:00,0.37739999999999707
2009-03-04 00:00:00,0.4173999999999971
2009-03-05 00:00:00,0.3673999999999964
2009-03-06 00:00:00,0.4273999999999969
2009-03-09 00:00:00,0.4173999999999971
2009-03-10 00:00:00,0.39739999999999664
2009-03-11 00:00:00,0.3373999999999979
2009-03-12 00:00:00,0.4273999999999969
2009-03-13 00:00:00,0.39739999999999664
2009-03-16 00:00:00,0.4173999999999971
2009-03-17 00:00:00,0.4773999999999976
2009-03-18 00:00:00,0.46739999999999693
2009-03-19 00:00:00,0.5573999999999977
2009-03-20 00:00:00,0.587399999999997
2009-03-23 00:00:00,0.6773999999999978
2009-03-24 00:00:00,0.6973999999999974
2009-03-25 00:00:00,0.6573999999999982
2009-03-26 00:00:00,0.6773999999999978
2009-03-27 00:00:00,0.6273999999999971
2009-03-30 00:00:00,0.5373999999999981
2009-03-31 00:00:00,0.5573999999999977
2009-04-01 00:00:00,0.5373999999999981
2009-04-02 00:00:00,0.6273999999999971
2009-04-03 00:00:00,0.6373999999999977
2009-04-06 00:00:00,0.6073999999999975
2009-04-07 00:00:00,0.587399999999997
2009-04-08 00:00:00,0.587399999999997
2009-04-09 00:00:00,0.6173999999999973
2009-04-13 00:00:00,0.587399999999997
2009-04-14 00:00:00,0.5973999999999977
2009-04-15 00:00:00,0.587399999999997
2009-04-16 00:00:00,0.6073999999999975
2009-04-17 00:00:00,0.5973999999999977
2009-04-20 00:00:00,0.5073999999999979
2009-04-21 00:00:00,0.5173999999999976
2009-04-22 00:00:00,0.4973999999999972
2009-04-23 00:00:00,0.4973999999999972
2009-04-24 00:00:00,0.5373999999999972
2009-04-27 00:00:00,0.4973999999999972
2009-04-28 00:00:00,0.4873999999999974
2009-04-29 00:00:00,0.5073999999999979
2009-04-30 00:00:00,0.4973999999999972
2009-05-01 00:00:00,0.5473999999999979
2009-05-04 00:00:00,0.5973999999999977
2009-05-05 00:00:00,0.587399999999997
2009-05-06 00:00:00,0.6273999999999971
2009-05-07 00:00:00,0.6373999999999977
2009-05-08 00:00:00,0.6773999999999978
2009-05-11 00:00:00,0.6573999999999982
2009-05-12 00:00:00,0.6573999999999982
2009-05-13 00:00:00,0.6473999999999975
2009-05-14 00:00:00,0.6473999999999975
2009-05-15 00:00:00,0.5773999999999972
2009-05-18 00:00:00,0.6373999999999977
2009-05-19 00:00:00,0.6473999999999975
2009-05-20 00:00:00,0.6973999999999974
2009-05-21 00:00:00,0.6873999999999976
2009-05-22 00:00:00,0.6973999999999974
2009-05-26 00:00:00,0.7073999999999971
2009-05-27 00:00:00,0.7273999999999976
2009-05-28 00:00:00,0.7673999999999976
2009-05-29 00:00:00,0.8073999999999977
2009-06-01 00:00:00,0.9073999999999973
2009-06-02 00:00:00,0.9273999999999978
2009-06-03 00:00:00,0.8673999999999973
2009-06-04 00:00:00,0.9173999999999971
2009-06-05 00:00:00,0.8973999999999975
2009-06-08 00:00:00,0.8973999999999975
2009-06-09 00:00:00,0.9373999999999976
2009-06-10 00:00:00,0.9573999999999971
2009-06-11 00:00:00,0.9873999999999974
2009-06-12 00:00:00,0.9773999999999976
2009-06-15 00:00:00,0.9473999999999974
2009-06-16 00:00:00,0.9573999999999971
2009-06-17 00:00:00,0.9873999999999974
2009-06-18 00:00:00,0.9673999999999978
2009-06-19 00:00:00,0.9273999999999978
2009-06-22 00:00:00,0.8673999999999973
2009-06-23 00:00:00,0.917399999999998
2009-06-24 00:00:00,0.8873999999999977
2009-06-25 00:00:00,0.9273999999999978
2009-06-26 00:00:00,0.8873999999999977
2009-06-29 00:00:00,0.9373999999999976
2009-06-30 00:00:00,0.8973999999999975
2009-07-01 00:00:00,0.8673999999999973
2009-07-02 00:00:00,0.8073999999999977
2009-07-06 00:00:00,0.7373999999999974
2009-07-07 00:00:00,0.7073999999999971
2009-07-08 00:00:00,0.6373999999999977
2009-07-09 00:00:00,0.6373999999999977
2009-07-10 00:00:00,0.627399999999998
2009-07-13 00:00:00,0.5973999999999977
2009-07-14 00:00:00,0.6073999999999975
2009-07-15 00:00:00,0.6773999999999978
2009-07-16 00:00:00,0.6873999999999976
2009-07-17 00:00:00,0.7373999999999974
2009-07-20 00:00:00,0.7773999999999974
2009-07-21 00:00:00,0.7873999999999981
2009-07-22 00:00:00,0.7973999999999979
2009-07-23 00:00:00,0.8573999999999975
2009-07-24 00:00:00,0.8673999999999973
2009-07-27 00:00:00,0.8773999999999971
2009-07-28 00:00:00,0.8473999999999977
2009-07-29 00:00:00,0.7573999999999979
2009-07-30 00:00:00,0.8473999999999977
2009-07-31 00:00:00,0.8873999999999977
2009-08-03 00:00:00,0.9273999999999978
2009-08-04 00:00:00,0.9573999999999971
2009-08-05 00:00:00,1.0073999999999979
2009-08-06 00:00:00,0.9973999999999972
2009-08-07 00:00:00,0.9673999999999978
2009-08-10 00:00:00,0.9873999999999974
2009-08-11 00:00:00,0.9673999999999978
2009-08-12 00:00:00,0.9473999999999974
2009-08-13 00:00:00,0.9573999999999971
2009-08-14 00:00:00,0.8973999999999975
2009-08-17 00:00:00,0.8773999999999971
2009-08-18 00:00:00,0.917399999999998
2009-08-19 00:00:00,0.9673999999999978
2009-08-20 00:00:00,0.9373999999999976
2009-08-21 00:00:00,0.9473999999999974
2009-08-24 00:00:00,0.9673999999999978
2009-08-25 00:00:00,0.8973999999999975
2009-08-26 00:00:00,0.8973999999999975
2009-08-27 00:00:00,0.9073999999999973
2009-08-28 00:00:00,0.917399999999998
2009-08-31 00:00:00,0.8373999999999979
2009-09-01 00:00:00,0.7873999999999981
2009-09-02 00:00:00,0.7773999999999983
2009-09-03 00:00:00,0.7673999999999976
2009-09-04 00:00:00,0.7473999999999981
2009-09-08 00:00:00,0.8173999999999975
2009-09-09 00:00:00,0.8273999999999981
2009-09-10 00:00:00,0.8273999999999981
2009-09-11 00:00:00,0.7673999999999976
2009-09-14 00:00:00,0.7773999999999983
2009-09-15 00:00:00,0.8073999999999977
2009-09-16 00:00:00,0.8573999999999984
2009-09-17 00:00:00,0.8673999999999982
2009-09-18 00:00:00,0.8573999999999984
2009-09-21 00:00:00,0.7873999999999981
2009-09-22 00:00:00,0.8473999999999977
2009-09-23 00:00:00,0.7873999999999981
2009-09-24 00:00:00,0.707399999999998
2009-09-25 00:00:00,0.707399999999998
2009-09-28 00:00:00,0.7173999999999978
2009-09-29 00:00:00,0.7273999999999985
2009-09-30 00:00:00,0.8273999999999981
2009-10-01 00:00:00,0.8273999999999981
2009-10-02 00:00:00,0.7973999999999979
2009-10-05 00:00:00,0.7873999999999981
2009-10-06 00:00:00,0.8073999999999986
2009-10-07 00:00:00,0.7773999999999983
2009-10-08 00:00:00,0.8473999999999977
2009-10-09 00:00:00,0.8473999999999977
2009-10-12 00:00:00,0.8873999999999977
2009-10-13 00:00:00,0.917399999999998
2009-10-14 00:00:00,0.9373999999999976
2009-10-15 00:00:00,1.0173999999999976
2009-10-16 00:00:00,1.0273999999999983
2009-10-19 00:00:00,1.0473999999999979
2009-10-20 00:00:00,1.037399999999998
2009-10-21 00:00:00,1.0973999999999977
2009-10-22 00:00:00,1.087399999999998
2009-10-23 00:00:00,1.0673999999999984
2009-10-26 00:00:00,1.0273999999999983
2009-10-27 00:00:00,1.037399999999998
2009-10-28 00:00:00,0.9773999999999976
2009-10-29 00:00:00,1.037399999999998
2009-10-30 00:00:00,0.9673999999999978
2009-11-02 00:00:00,1.0073999999999979
2009-11-03 00:00:00,1.037399999999998
2009-11-04 00:00:00,1.0573999999999977
2009-11-05 00:00:00,1.0273999999999983
2009-11-06 00:00:00,0.9673999999999978
2009-11-09 00:00:00,1.0273999999999983
2009-11-10 00:00:00,1.0173999999999976
2009-11-11 00:00:00,1.0173999999999976
2009-11-12 00:00:00,0.957399999999998
2009-11-13 00:00:00,0.9273999999999978
2009-11-16 00:00:00,0.9973999999999981
2009-11-17 00:00:00,1.0173999999999976
2009-11-18 00:00:00,1.0073999999999979
2009-11-19 00:00:00,0.957399999999998
2009-11-20 00:00:00,0.9373999999999976
2009-11-23 00:00:00,0.9473999999999974
2009-11-24 00:00:00,0.917399999999998
2009-11-25 00:00:00,0.9673999999999978
2009-11-27 00:00:00,0.9373999999999976
2009-11-30 00:00:00,0.9773999999999976
2009-12-01 00:00:00,1.0073999999999979
2009-12-02 00:00:00,0.9673999999999978
2009-12-03 00:00:00,0.9773999999999976
2009-12-04 00:00:00,0.957399999999998
2009-12-07 00:00:00,0.9373999999999976
2009-12-08 00:00:00,0.917399999999998
2009-12-09 00:00:00,0.8373999999999979
2009-12-10 00:00:00,0.8273999999999972
2009-12-11 00:00:00,0.8273999999999972
2009-12-14 00:00:00,0.8273999999999972
2009-12-15 00:00:00,0.8273999999999972
2009-12-16 00:00:00,0.8873999999999977
2009-12-17 00:00:00,0.8773999999999971
2009-12-18 00:00:00,0.8773999999999971
2009-12-21 00:00:00,0.8673999999999973
2009-12-22 00:00:00,0.8673999999999973
2009-12-23 00:00:00,0.9373999999999976
2009-12-24 00:00:00,0.9573999999999971
2009-12-28 00:00:00,0.9873999999999974
2009-12-29 00:00:00,1.0073999999999979
2009-12-30 00:00:00,1.0173999999999976
2009-12-31 00:00:00,1.0073999999999979
2010-01-04 00:00:00,1.0773999999999972
2010-01-05 00:00:00,1.087399999999998
2010-01-06 00:00:00,1.0973999999999977
2010-01-07 00:00:00,1.0773999999999972
2010-01-08 00:00:00,1.0973999999999977
2010-01-11 00:00:00,1.0773999999999972
2010-01-12 00:00:00,1.0273999999999974
2010-01-13 00:00:00,0.9873999999999974
2010-01-14 00:00:00,0.9773999999999976
2010-01-15 00:00:00,0.9373999999999976
2010-01-19 00:00:00,0.9473999999999974
2010-01-20 00:00:00,0.9173999999999971
2010-01-21 00:00:00,0.8773999999999971
2010-01-22 00:00:00,0.837399999999997
2010-01-25 00:00:00,0.8573999999999975
2010-01-26 00:00:00,0.8473999999999977
2010-01-27 00:00:00,0.8073999999999977
2010-01-28 00:00:00,0.8173999999999975
2010-01-29 00:00:00,0.7973999999999979
2010-02-01 00:00:00,0.837399999999997
2010-02-02 00:00:00,0.9173999999999971
2010-02-03 00:00:00,0.9073999999999973
2010-02-04 00:00:00,0.8173999999999975
2010-02-05 00:00:00,0.757399999999997
2010-02-08 00:00:00,0.7673999999999976
2010-02-09 00:00:00,0.8173999999999975
2010-02-10 00:00:00,0.8273999999999972
2010-02-11 00:00:00,0.8473999999999977
2010-02-12 00:00:00,0.8073999999999977
2010-02-16 00:00:00,0.8873999999999977
2010-02-17 00:00:00,0.8973999999999975
2010-02-18 00:00:00,0.9373999999999976
2010-02-19 00:00:00,0.9573999999999971
2010-02-22 00:00:00,0.9673999999999978
2010-02-23 00:00:00,0.9173999999999971
2010-02-24 00:00:00,0.9373999999999976
2010-02-25 00:00:00,0.8773999999999971
2010-02-26 00:00:00,0.9173999999999971
2010-03-01 00:00:00,0.8973999999999975
2010-03-02 00:00:00,0.9373999999999976
2010-03-03 00:00:00,0.9673999999999978
2010-03-04 00:00:00,0.9473999999999974
2010-03-05 00:00:00,0.9773999999999976
2010-03-08 00:00:00,0.9873999999999974
2010-03-09 00:00:00,0.9673999999999978
2010-03-10 00:00:00,0.9973999999999972
2010-03-11 00:00:00,0.9973999999999972
2010-03-12 00:00:00,0.9773999999999976
2010-03-15 00:00:00,0.9373999999999976
2010-03-16 00:00:00,0.9973999999999972
2010-03-17 00:00:00,1.0173999999999976
2010-03-18 00:00:00,1.007399999999997
2010-03-19 00:00:00,0.9573999999999971
2010-03-22 00:00:00,0.9673999999999969
2010-03-23 00:00:00,0.9873999999999974
2010-03-24 00:00:00,0.9573999999999971
2010-03-25 00:00:00,0.9573999999999971
2010-03-26 00:00:00,0.9473999999999974
2010-03-29 00:00:00,0.9973999999999972
2010-03-30 00:00:00,0.9973999999999972
2010-03-31 00:00:00,1.047399999999997
2010-04-01 00:00:00,1.087399999999997
2010-04-05 00:00:00,1.1373999999999969
2010-04-06 00:00:00,1.1473999999999975
2010-04-07 00:00:00,1.1173999999999973
2010-04-08 00:00:00,1.0973999999999977
2010-04-09 00:00:00,1.0973999999999977
2010-04-12 00:00:00,1.0973999999999977
2010-04-13 00:00:00,1.087399999999997
2010-04-14 00:00:00,1.1173999999999973
2010-04-15 00:00:00,1.127399999999997
2010-04-16 00:00:00,1.0973999999999977
2010-04-19 00:00:00,1.0473999999999979
2010-04-20 00:00:00,1.0673999999999975
2010-04-21 00:00:00,1.087399999999998
2010-04-22 00:00:00,1.0973999999999977
2010-04-23 00:00:00,1.1373999999999977
2010-04-26 00:00:00,1.127399999999998
2010-04-27 00:00:00,1.1173999999999973
2010-04-28 00:00:00,1.1173999999999973
2010-04-29 00:00:00,1.1373999999999977
2010-04-30 00:00:00,1.1773999999999978
2010-05-03 00:00:00,1.207399999999998
2010-05-04 00:00:00,1.1173999999999973
2010-05-05 00:00:00,1.0473999999999979
2010-05-06 00:00:00,0.9773999999999976
2010-05-07 00:00:00,0.9373999999999976
2010-05-10 00:00:00,0.9773999999999976
2010-05-11 00:00:00,0.9973999999999981
2010-05-12 00:00:00,1.0173999999999976
2010-05-13 00:00:00,0.9873999999999974
2010-05-14 00:00:00,0.917399999999998
2010-05-17 00:00:00,0.8373999999999979
2010-05-18 00:00:00,0.8173999999999975
2010-05-19 00:00:00,0.7973999999999979
2010-05-20 00:00:00,0.7473999999999972
2010-05-21 00:00:00,0.7473999999999972
2010-05-24 00:00:00,0.7473999999999972
2010-05-25 00:00:00,0.7173999999999978
2010-05-26 00:00:00,0.7673999999999976
2010-05-27 00:00:00,0.8473999999999977
2010-05-28 00:00:00,0.8373999999999979
2010-06-01 00:00:00,0.8073999999999977
2010-06-02 00:00:00,0.8473999999999977
2010-06-03 00:00:00,0.877399999999998
2010-06-04 00:00:00,0.7973999999999979
2010-06-07 00:00:00,0.8073999999999977
2010-06-08 00:00:00,0.7973999999999979
2010-06-09 00:00:00,0.8473999999999977
2010-06-10 00:00:00,0.8673999999999973
2010-06-11 00:00:00,0.8473999999999977
2010-06-14 00:00:00,0.8573999999999975
2010-06-15 00:00:00,0.9073999999999973
2010-06-16 00:00:00,0.9473999999999974
2010-06-17 00:00:00,0.9773999999999976
2010-06-18 00:00:00,0.957399999999998
2010-06-21 00:00:00,0.9773999999999976
2010-06-22 00:00:00,0.9473999999999974
2010-06-23 00:00:00,0.9073999999999973
2010-06-24 00:00:00,0.8973999999999975
2010-06-25 00:00:00,0.957399999999998
2010-06-28 00:00:00,0.9373999999999976
2010-06-29 00:00:00,0.877399999999998
2010-06-30 00:00:00,0.8373999999999979
2010-07-01 00:00:00,0.7673999999999976
2010-07-02 00:00:00,0.7373999999999974
2010-07-06 00:00:00,0.7373999999999974
2010-07-07 00:00:00,0.7973999999999979
2010-07-08 00:00:00,0.8273999999999972
2010-07-09 00:00:00,0.8473999999999977
2010-07-12 00:00:00,0.8173999999999975
2010-07-13 00:00:00,0.8673999999999973
2010-07-14 00:00:00,0.8573999999999975
2010-07-15 00:00:00,0.8373999999999979
2010-07-16 00:00:00,0.8273999999999972
2010-07-19 00:00:00,0.837399999999997
2010-07-20 00:00:00,0.8473999999999977
2010-07-21 00:00:00,0.8073999999999977
2010-07-22 00:00:00,0.8873999999999977
2010-07-23 00:00:00,0.8773999999999971
2010-07-26 00:00:00,0.8673999999999973
2010-07-27 00:00:00,0.8273999999999972
2010-07-28 00:00:00,0.8173999999999975
2010-07-29 00:00:00,0.8673999999999973
2010-07-30 00:00:00,0.8873999999999977
2010-08-02 00:00:00,0.9473999999999974
2010-08-03 00:00:00,0.9973999999999972
2010-08-04 00:00:00,0.9973999999999972
2010-08-05 00:00:00,0.9873999999999974
2010-08-06 00:00:00,0.9473999999999974
2010-08-09 00:00:00,0.9573999999999971
2010-08-10 00:00:00,0.9273999999999978
2010-08-11 00:00:00,0.8773999999999971
2010-08-12 00:00:00,0.797399999999997
2010-08-13 00:00:00,0.7873999999999972
2010-08-16 00:00:00,0.7873999999999972
2010-08-17 00:00:00,0.8173999999999975
2010-08-18 00:00:00,0.8073999999999977
2010-08-19 00:00:00,0.7873999999999972
2010-08-20 00:00:00,0.7573999999999979
2010-08-23 00:00:00,0.7373999999999974
2010-08-24 00:00:00,0.7173999999999978
2010-08-25 00:00:00,0.7473999999999972
2010-08-26 00:00:00,0.7873999999999972
2010-08-27 00:00:00,0.8173999999999975
2010-08-30 00:00:00,0.7973999999999979
2010-08-31 00:00:00,0.7573999999999979
2010-09-01 00:00:00,0.7973999999999979
2010-09-02 00:00:00,0.8173999999999975
2010-09-03 00:00:00,0.8173999999999975
2010-09-07 00:00:00,0.8373999999999979
2010-09-08 00:00:00,0.8473999999999977
2010-09-09 00:00:00,0.8273999999999972
2010-09-10 00:00:00,0.8573999999999975
2010-09-13 00:00:00,0.877399999999998
2010-09-14 00:00:00,0.877399999999998
2010-09-15 00:00:00,0.8873999999999977
2010-09-16 00:00:00,0.8573999999999975
2010-09-17 00:00:00,0.8573999999999975
2010-09-20 00:00:00,0.8873999999999977
2010-09-21 00:00:00,0.8673999999999973
2010-09-22 00:00:00,0.8573999999999975
2010-09-23 00:00:00,0.8673999999999973
2010-09-24 00:00:00,0.8873999999999977
2010-09-27 00:00:00,0.877399999999998
2010-09-28 00:00:00,0.877399999999998
2010-09-29 00:00:00,0.9473999999999974
2010-09-30 00:00:00,0.9973999999999972
2010-10-01 00:00:00,1.0273999999999974
2010-10-04 00:00:00,1.0173999999999976
2010-10-05 00:00:00,1.0373999999999972
2010-10-06 00:00:00,1.0473999999999979
2010-10-07 00:00:00,0.9873999999999974
2010-10-08 00:00:00,1.0173999999999976
2010-10-11 00:00:00,1.0173999999999976
2010-10-12 00:00:00,0.9973999999999972
2010-10-13 00:00:00,1.0373999999999972
2010-10-14 00:00:00,1.0173999999999976
2010-10-15 00:00:00,0.9673999999999978
2010-10-18 00:00:00,1.0173999999999976
2010-10-19 00:00:00,0.9273999999999978
2010-10-20 00:00:00,0.9973999999999972
2010-10-21 00:00:00,0.9573999999999971
2010-10-22 00:00:00,0.9873999999999974
2010-10-25 00:00:00,0.9973999999999972
2010-10-26 00:00:00,0.9873999999999974
2010-10-27 00:00:00,0.9773999999999976
2010-10-28 00:00:00,0.9773999999999976
2010-10-29 00:00:00,0.9573999999999971
2010-11-01 00:00:00,0.9973999999999972
2010-11-02 00:00:00,1.0173999999999976
2010-11-03 00:00:00,1.0473999999999979
2010-11-04 00:00:00,1.0973999999999977
2010-11-05 00:00:00,1.1073999999999975
2010-11-08 00:00:00,1.1173999999999973
2010-11-09 00:00:00,1.127399999999998
2010-11-10 00:00:00,1.1573999999999973
2010-11-11 00:00:00,1.1373999999999977
2010-11-12 00:00:00,1.0773999999999972
2010-11-15 00:00:00,1.087399999999998
2010-11-16 00:00:00,1.0273999999999974
2010-11-17 00:00:00,0.9673999999999978
2010-11-18 00:00:00,1.0073999999999979
2010-11-19 00:00:00,0.9873999999999974
2010-11-22 00:00:00,0.9873999999999974
2010-11-23 00:00:00,0.9673999999999978
2010-11-24 00:00:00,1.037399999999998
2010-11-26 00:00:00,1.0273999999999974
2010-11-29 00:00:00,1.0773999999999981
2010-11-30 00:00:00,1.0273999999999974
2010-12-01 00:00:00,1.1073999999999975
2010-12-02 00:00:00,1.1573999999999982
2010-12-03 00:00:00,1.1873999999999976
2010-12-06 00:00:00,1.1773999999999978
2010-12-07 00:00:00,1.1773999999999978
2010-12-08 00:00:00,1.167399999999998
2010-12-09 00:00:00,1.167399999999998
2010-12-10 00:00:00,1.1573999999999982
2010-12-13 00:00:00,1.167399999999998
2010-12-14 00:00:00,1.167399999999998
2010-12-15 00:00:00,1.1773999999999978
2010-12-16 00:00:00,1.167399999999998
2010-12-17 00:00:00,1.1773999999999978
2010-12-20 00:00:00,1.1973999999999974
2010-12-21 00:00:00,1.2173999999999978
2010-12-22 00:00:00,1.2273999999999976
2010-12-23 00:00:00,1.2373999999999974
2010-12-27 00:00:00,1.2173999999999978
2010-12-28 00:00:00,1.2273999999999976
2010-12-29 00:00:00,1.2273999999999976
2010-12-30 00:00:00,1.1973999999999974
2010-12-31 00:00:00,1.2373999999999974
2011-01-03 00:00:00,1.247399999999998
2011-01-04 00:00:00,1.207399999999998
2011-01-05 00:00:00,1.2373999999999974
2011-01-06 00:00:00,1.207399999999998
2011-01-07 00:00:00,1.1773999999999978
2011-01-10 00:00:00,1.247399999999998
2011-01-11 00:00:00,1.2973999999999979
2011-01-12 00:00:00,1.3073999999999977
2011-01-13 00:00:00,1.2973999999999979
2011-01-14 00:00:00,1.337399999999998
2011-01-18 00:00:00,1.337399999999998
2011-01-19 00:00:00,1.3473999999999977
2011-01-20 00:00:00,1.3173999999999975
2011-01-21 00:00:00,1.337399999999998
2011-01-24 00:00:00,1.3173999999999975
2011-01-25 00:00:00,1.2873999999999972
2011-01-26 00:00:00,1.3573999999999975
2011-01-27 00:00:00,1.3473999999999977
2011-01-28 00:00:00,1.3873999999999977
2011-01-31 00:00:00,1.4273999999999978
2011-02-01 00:00:00,1.4473999999999974
2011-02-02 00:00:00,1.4773999999999976
2011-02-03 00:00:00,1.4673999999999978
2011-02-04 00:00:00,1.417399999999998
2011-02-07 00:00:00,1.4073999999999973
2011-02-08 00:00:00,1.4273999999999978
2011-02-09 00:00:00,1.4673999999999978
2011-02-10 00:00:00,1.417399999999998
2011-02-11 00:00:00,1.3973999999999975
2011-02-14 00:00:00,1.4573999999999971
2011-02-15 00:00:00,1.4373999999999976
2011-02-16 00:00:00,1.4873999999999974
2011-02-17 00:00:00,1.4473999999999974
2011-02-18 00:00:00,1.4373999999999976
2011-02-22 00:00:00,1.5073999999999979
2011-02-23 00:00:00,1.627399999999998
2011-02-24 00:00:00,1.6073999999999975
2011-02-25 00:00:00,1.6573999999999973
2011-02-28 00:00:00,1.6473999999999975
2011-03-01 00:00:00,1.7373999999999974
2011-03-02 00:00:00,1.7673999999999976
2011-03-03 00:00:00,1.7573999999999979
2011-03-04 00:00:00,1.7973999999999979
2011-03-07 00:00:00,1.7673999999999976
2011-03-08 00:00:00,1.7173999999999978
2011-03-09 00:00:00,1.7773999999999974
2011-03-10 00:00:00,1.7573999999999979
2011-03-11 00:00:00,1.7373999999999974
2011-03-14 00:00:00,1.7673999999999976
2011-03-15 00:00:00,1.6573999999999973
2011-03-16 00:00:00,1.6973999999999974
2011-03-17 00:00:00,1.7673999999999976
2011-03-18 00:00:00,1.7373999999999974
2011-03-21 00:00:00,1.7673999999999976
2011-03-22 00:00:00,1.7973999999999979
2011-03-23 00:00:00,1.7773999999999974
2011-03-24 00:00:00,1.7773999999999974
2011-03-25 00:00:00,1.7773999999999974
2011-03-28 00:00:00,1.7373999999999974
2011-03-29 00:00:00,1.7573999999999979
2011-03-30 00:00:00,1.747399999999998
2011-03-31 00:00:00,1.8073999999999977
2011-04-01 00:00:00,1.837399999999998
2011-04-04 00:00:00,1.8673999999999982
2011-04-05 00:00:00,1.8873999999999977
2011-04-06 00:00:00,1.8873999999999977
2011-04-07 00:00:00,1.9073999999999982
2011-04-08 00:00:00,2.0173999999999976
2011-04-11 00:00:00,1.9473999999999974
2011-04-12 00:00:00,1.877399999999998
2011-04-13 00:00:00,1.9073999999999982
2011-04-14 00:00:00,1.8873999999999977
2011-04-15 00:00:00,1.9273999999999978
2011-04-18 00:00:00,1.8873999999999977
2011-04-19 00:00:00,1.8673999999999982
2011-04-20 00:00:00,1.9273999999999978
2011-04-21 00:00:00,1.917399999999998
2011-04-25 00:00:00,1.8973999999999984
2011-04-26 00:00:00,1.917399999999998
2011-04-27 00:00:00,1.9373999999999976
2011-04-28 00:00:00,1.9373999999999976
2011-04-29 00:00:00,1.9673999999999978
2011-05-02 00:00:00,1.9473999999999982
2011-05-03 00:00:00,1.8873999999999977
2011-05-04 00:00:00,1.837399999999998
2011-05-05 00:00:00,1.5773999999999981
2011-05-06 00:00:00,1.537399999999998
2011-05-09 00:00:00,1.6473999999999984
2011-05-10 00:00:00,1.6873999999999976
2011-05-11 00:00:00,1.587399999999998
2011-05-12 00:00:00,1.6073999999999984
2011-05-13 00:00:00,1.627399999999998
2011-05-16 00:00:00,1.5673999999999984
2011-05-17 00:00:00,1.537399999999998
2011-05-18 00:00:00,1.5973999999999986
2011-05-19 00:00:00,1.587399999999998
2011-05-20 00:00:00,1.6173999999999982
2011-05-23 00:00:00,1.537399999999998
2011-05-24 00:00:00,1.6073999999999984
2011-05-25 00:00:00,1.6773999999999978
2011-05-26 00:00:00,1.6773999999999978
2011-05-27 00:00:00,1.6873999999999985
2011-05-31 00:00:00,1.7373999999999983
2011-06-01 00:00:00,1.6873999999999985
2011-06-02 00:00:00,1.7273999999999985
2011-06-03 00:00:00,1.7373999999999983
2011-06-06 00:00:00,1.6973999999999982
2011-06-07 00:00:00,1.7573999999999979
2011-06-08 00:00:00,1.7773999999999983
2011-06-09 00:00:00,1.8173999999999984
2011-06-10 00:00:00,1.787399999999998
2011-06-13 00:00:00,1.787399999999998
2011-06-14 00:00:00,1.8073999999999986
2011-06-15 00:00:00,1.667399999999998
2011-06-16 00:00:00,1.6873999999999985
2011-06-17 00:00:00,1.667399999999998
2011-06-20 00:00:00,1.6173999999999982
2011-06-21 00:00:00,1.5673999999999984
2011-06-22 00:00:00,1.6373999999999986
2011-06-23 00:00:00,1.4673999999999978
2011-06-24 00:00:00,1.4373999999999985
2011-06-27 00:00:00,1.4473999999999982
2011-06-28 00:00:00,1.5073999999999979
2011-06-29 00:00:00,1.5973999999999986
2011-06-30 00:00:00,1.6073999999999984
2011-07-01 00:00:00,1.587399999999998
2011-07-05 00:00:00,1.6173999999999982
2011-07-06 00:00:00,1.627399999999998
2011-07-07 00:00:00,1.7673999999999985
2011-07-08 00:00:00,1.7573999999999979
2011-07-11 00:00:00,1.747399999999998
2011-07-12 00:00:00,1.747399999999998
2011-07-13 00:00:00,1.7573999999999979
2011-07-14 00:00:00,1.747399999999998
2011-07-15 00:00:00,1.7773999999999983
2011-07-18 00:00:00,1.7373999999999983
2011-07-19 00:00:00,1.7573999999999979
2011-07-20 00:00:00,1.787399999999998
2011-07-21 00:00:00,1.7673999999999976
2011-07-22 00:00:00,1.7973999999999979
2011-07-25 00:00:00,1.7673999999999976
2011-07-26 00:00:00,1.7773999999999983
2011-07-27 00:00:00,1.747399999999998
2011-07-28 00:00:00,1.7673999999999976
2011-07-29 00:00:00,1.747399999999998
2011-08-01 00:00:00,1.747399999999998
2011-08-02 00:00:00,1.747399999999998
2011-08-03 00:00:00,1.667399999999998
2011-08-04 00:00:00,1.537399999999998
2011-08-05 00:00:00,1.587399999999998
2011-08-08 00:00:00,1.4473999999999982
2011-08-09 00:00:00,1.417399999999998
2011-08-10 00:00:00,1.5173999999999976
2011-08-11 00:00:00,1.5473999999999979
2011-08-12 00:00:00,1.5473999999999979
2011-08-15 00:00:00,1.587399999999998
2011-08-16 00:00:00,1.5773999999999981
2011-08-17 00:00:00,1.6073999999999975
2011-08-18 00:00:00,1.5173999999999976
2011-08-19 00:00:00,1.5473999999999979
2011-08-22 00:00:00,1.5573999999999977
2011-08-23 00:00:00,1.587399999999998
2011-08-24 00:00:00,1.6073999999999975
2011-08-25 00:00:00,1.627399999999998
2011-08-26 00:00:00,1.6473999999999975
2011-08-29 00:00:00,1.6473999999999975
2011-08-30 00:00:00,1.707399999999998
2011-08-31 00:00:00,1.7173999999999978
2011-09-01 00:00:00,1.6873999999999976
2011-09-02 00:00:00,1.6373999999999977
2011-09-06 00:00:00,1.6473999999999975
2011-09-07 00:00:00,1.7173999999999978
2011-09-08 00:00:00,1.6773999999999978
2011-09-09 00:00:00,1.6173999999999982
2011-09-12 00:00:00,1.587399999999998
2011-09-13 00:00:00,1.5773999999999981
2011-09-14 00:00:00,1.5773999999999981
2011-09-15 00:00:00,1.6573999999999973
2011-09-16 00:00:00,1.6473999999999975
2011-09-19 00:00:00,1.587399999999998
2011-09-20 00:00:00,1.6073999999999975
2011-09-21 00:00:00,1.5773999999999981
2011-09-22 00:00:00,1.4873999999999974
2011-09-23 00:00:00,1.4373999999999976
2011-09-26 00:00:00,1.4373999999999976
2011-09-27 00:00:00,1.5173999999999976
2011-09-28 00:00:00,1.457399999999998
2011-09-29 00:00:00,1.457399999999998
2011-09-30 00:00:00,1.4073999999999973
2011-10-03 00:00:00,1.377399999999998
2011-10-04 00:00:00,1.3473999999999977
2011-10-05 00:00:00,1.3973999999999975
2011-10-06 00:00:00,1.4773999999999976
2011-10-07 00:00:00,1.4773999999999976
2011-10-10 00:00:00,1.5273999999999974
2011-10-11 00:00:00,1.5273999999999974
2011-10-12 00:00:00,1.5573999999999977
2011-10-13 00:00:00,1.587399999999998
2011-10-14 00:00:00,1.6773999999999978
2011-10-17 00:00:00,1.6373999999999977
2011-10-18 00:00:00,1.6573999999999973
2011-10-19 00:00:00,1.6073999999999975
2011-10-20 00:00:00,1.6473999999999975
2011-10-21 00:00:00,1.6373999999999977
2011-10-24 00:00:00,1.6773999999999978
2011-10-25 00:00:00,1.6773999999999978
2011-10-26 00:00:00,1.6473999999999975
2011-10-27 00:00:00,1.7373999999999974
2011-10-28 00:00:00,1.6973999999999974
2011-10-31 00:00:00,1.6873999999999976
2011-11-01 00:00:00,1.667399999999997
2011-11-02 00:00:00,1.6373999999999977
2011-11-03 00:00:00,1.6773999999999978
2011-11-04 00:00:00,1.7073999999999971
2011-11-07 00:00:00,1.7573999999999979
2011-11-08 00:00:00,1.7573999999999979
2011-11-09 00:00:00,1.7373999999999974
2011-11-10 00:00:00,1.7873999999999972
2011-11-11 00:00:00,1.8073999999999977
2011-11-14 00:00:00,1.7973999999999979
2011-11-15 00:00:00,1.8073999999999977
2011-11-16 00:00:00,1.7773999999999974
2011-11-17 00:00:00,1.7273999999999976
2011-11-18 00:00:00,1.6873999999999976
2011-11-21 00:00:00,1.6473999999999975
2011-11-22 00:00:00,1.6973999999999974
2011-11-23 00:00:00,1.627399999999998
2011-11-25 00:00:00,1.5973999999999977
2011-11-28 00:00:00,1.627399999999998
2011-11-29 00:00:00,1.6873999999999976
2011-11-30 00:00:00,1.6773999999999978
2011-12-01 00:00:00,1.627399999999998
2011-12-02 00:00:00,1.6473999999999975
2011-12-05 00:00:00,1.6473999999999975
2011-12-06 00:00:00,1.6773999999999978
2011-12-07 00:00:00,1.6373999999999977
2011-12-08 00:00:00,1.587399999999998
2011-12-09 00:00:00,1.5673999999999975
2011-12-12 00:00:00,1.5573999999999977
2011-12-13 00:00:00,1.587399999999998
2011-12-14 00:00:00,1.4873999999999974
2011-12-15 00:00:00,1.4773999999999976
2011-12-16 00:00:00,1.457399999999998
2011-12-19 00:00:00,1.4373999999999976
2011-12-20 00:00:00,1.5073999999999979
2011-12-21 00:00:00,1.5673999999999975
2011-12-22 00:00:00,1.5573999999999977
2011-12-23 00:00:00,1.5473999999999979
2011-12-27 00:00:00,1.5673999999999975
2011-12-28 00:00:00,1.5473999999999979
2011-12-29 00:00:00,1.5673999999999975
2011-12-30 00:00:00,1.5573999999999977
2012-01-03 00:00:00,1.6773999999999978
2012-01-04 00:00:00,1.7273999999999976
2012-01-05 00:00:00,1.6873999999999976
2012-01-06 00:00:00,1.707399999999998
2012-01-09 00:00:00,1.7173999999999978
2012-01-10 00:00:00,1.7373999999999974
2012-01-11 00:00:00,1.707399999999998
2012-01-12 00:00:00,1.6973999999999974
2012-01-13 00:00:00,1.667399999999998
2012-01-17 00:00:00,1.6873999999999976
2012-01-18 00:00:00,1.667399999999998
2012-01-19 00:00:00,1.6873999999999976
2012-01-20 00:00:00,1.6373999999999977
2012-01-23 00:00:00,1.6573999999999982
2012-01-24 00:00:00,1.667399999999998
2012-01-25 00:00:00,1.6573999999999982
2012-01-26 00:00:00,1.6873999999999976
2012-01-27 00:00:00,1.707399999999998
2012-01-30 00:00:00,1.6873999999999976
2012-01-31 00:00:00,1.6973999999999974
2012-02-01 00:00:00,1.6973999999999974
2012-02-02 00:00:00,1.6973999999999974
2012-02-03 00:00:00,1.7573999999999979
2012-02-06 00:00:00,1.8073999999999977
2012-02-07 00:00:00,1.8273999999999981
2012-02-08 00:00:00,1.8273999999999981
2012-02-09 00:00:00,1.8473999999999977
2012-02-10 00:00:00,1.8273999999999981
2012-02-13 00:00:00,1.8073999999999977
2012-02-14 00:00:00,1.8173999999999975
2012-02-15 00:00:00,1.837399999999998
2012-02-16 00:00:00,1.8673999999999982
2012-02-17 00:00:00,1.8473999999999977
2012-02-21 00:00:00,1.9073999999999982
2012-02-22 00:00:00,1.9373999999999976
2012-02-23 00:00:00,1.9673999999999978
2012-02-24 00:00:00,1.9873999999999974
2012-02-27 00:00:00,1.957399999999998
2012-02-28 00:00:00,1.8973999999999975
2012-02-29 00:00:00,1.8873999999999977
2012-03-01 00:00:00,1.957399999999998
2012-03-02 00:00:00,1.8973999999999975
2012-03-05 00:00:00,1.9073999999999982
2012-03-06 00:00:00,1.8873999999999977
2012-03-07 00:00:00,1.917399999999998
2012-03-08 00:00:00,1.9673999999999978
2012-03-09 00:00:00,1.957399999999998
2012-03-12 00:00:00,1.9373999999999976
2012-03-13 00:00:00,1.9673999999999978
2012-03-14 00:00:00,1.957399999999998
2012-03-15 00:00:00,1.917399999999998
2012-03-16 00:00:00,1.9773999999999976
2012-03-19 00:00:00,1.9673999999999978
2012-03-20 00:00:00,1.9373999999999976
2012-03-21 00:00:00,1.917399999999998
2012-03-22 00:00:00,1.877399999999998
2012-03-23 00:00:00,1.917399999999998
2012-03-26 00:00:00,1.9373999999999976
2012-03-27 00:00:00,1.9273999999999978
2012-03-28 00:00:00,1.9073999999999982
2012-03-29 00:00:00,1.8573999999999984
2012-03-30 00:00:00,1.8573999999999984
2012-04-02 00:00:00,1.9373999999999976
2012-04-03 00:00:00,1.917399999999998
2012-04-04 00:00:00,1.8473999999999977
2012-04-05 00:00:00,1.8573999999999984
2012-04-09 00:00:00,1.837399999999998
2012-04-10 00:00:00,1.7773999999999983
2012-04-11 00:00:00,1.7973999999999979
2012-04-12 00:00:00,1.8473999999999977
2012-04-13 00:00:00,1.8573999999999984
2012-04-16 00:00:00,1.7973999999999979
2012-04-17 00:00:00,1.7973999999999979
2012-04-18 00:00:00,1.7973999999999979
2012-04-19 00:00:00,1.7973999999999979
2012-04-20 00:00:00,1.8073999999999986
2012-04-23 00:00:00,1.8173999999999984
2012-04-24 00:00:00,1.8073999999999986
2012-04-25 00:00:00,1.837399999999998
2012-04-26 00:00:00,1.8673999999999982
2012-04-27 00:00:00,1.8573999999999984
2012-04-30 00:00:00,1.8573999999999984
2012-05-01 00:00:00,1.8473999999999986
2012-05-02 00:00:00,1.8073999999999986
2012-05-03 00:00:00,1.7573999999999979
2012-05-04 00:00:00,1.6773999999999978
2012-05-07 00:00:00,1.6573999999999982
2012-05-08 00:00:00,1.6573999999999982
2012-05-09 00:00:00,1.667399999999998
2012-05-10 00:00:00,1.6573999999999982
2012-05-11 00:00:00,1.6373999999999986
2012-05-14 00:00:00,1.6073999999999984
2012-05-15 00:00:00,1.6073999999999984
2012-05-16 00:00:00,1.5673999999999984
2012-05-17 00:00:00,1.5173999999999976
2012-05-18 00:00:00,1.497399999999998
2012-05-21 00:00:00,1.5273999999999983
2012-05-22 00:00:00,1.5273999999999983
2012-05-23 00:00:00,1.4773999999999976
2012-05-24 00:00:00,1.4873999999999983
2012-05-25 00:00:00,1.497399999999998
2012-05-29 00:00:00,1.4773999999999976
2012-05-30 00:00:00,1.4073999999999982
2012-05-31 00:00:00,1.3673999999999982
2012-06-01 00:00:00,1.2973999999999979
2012-06-04 00:00:00,1.2973999999999979
2012-06-05 00:00:00,1.2973999999999979
2012-06-06 00:00:00,1.337399999999998
2012-06-07 00:00:00,1.3273999999999981
2012-06-08 00:00:00,1.337399999999998
2012-06-11 00:00:00,1.2973999999999979
2012-06-12 00:00:00,1.2773999999999983
2012-06-13 00:00:00,1.2673999999999976
2012-06-14 00:00:00,1.287399999999998
2012-06-15 00:00:00,1.3073999999999977
2012-06-18 00:00:00,1.2773999999999974
2012-06-19 00:00:00,1.287399999999998
2012-06-20 00:00:00,1.2373999999999974
2012-06-21 00:00:00,1.1773999999999978
2012-06-22 00:00:00,1.1873999999999976
2012-06-25 00:00:00,1.1873999999999976
2012-06-26 00:00:00,1.2273999999999976
2012-06-27 00:00:00,1.2373999999999974
2012-06-28 00:00:00,1.1973999999999974
2012-06-29 00:00:00,1.3573999999999975
2012-07-02 00:00:00,1.3273999999999981
2012-07-03 00:00:00,1.4073999999999973
2012-07-05 00:00:00,1.417399999999998
2012-07-06 00:00:00,1.3573999999999975
2012-07-09 00:00:00,1.3973999999999975
2012-07-10 00:00:00,1.3673999999999982
2012-07-11 00:00:00,1.4073999999999973
2012-07-12 00:00:00,1.417399999999998
2012-07-13 00:00:00,1.4373999999999976
2012-07-16 00:00:00,1.4773999999999976
2012-07-17 00:00:00,1.4873999999999974
2012-07-18 00:00:00,1.5173999999999976
2012-07-19 00:00:00,1.587399999999998
2012-07-20 00:00:00,1.5673999999999975
2012-07-23 00:00:00,1.4673999999999978
2012-07-24 00:00:00,1.4673999999999978
2012-07-25 00:00:00,1.4873999999999974
2012-07-26 00:00:00,1.5073999999999979
2012-07-27 00:00:00,1.5373999999999972
2012-07-30 00:00:00,1.5273999999999974
2012-07-31 00:00:00,1.4973999999999972
2012-08-01 00:00:00,1.5073999999999979
2012-08-02 00:00:00,1.4873999999999974
2012-08-03 00:00:00,1.5673999999999975
2012-08-06 00:00:00,1.587399999999998
2012-08-07 00:00:00,1.6473999999999975
2012-08-08 00:00:00,1.6573999999999973
2012-08-09 00:00:00,1.6873999999999976
2012-08-10 00:00:00,1.667399999999997
2012-08-13 00:00:00,1.667399999999997
2012-08-14 00:00:00,1.6773999999999978
2012-08-15 00:00:00,1.7273999999999976
2012-08-16 00:00:00,1.7673999999999976
2012-08-17 00:00:00,1.7373999999999974
2012-08-20 00:00:00,1.7373999999999974
2012-08-21 00:00:00,1.7673999999999976
2012-08-22 00:00:00,1.7773999999999974
2012-08-23 00:00:00,1.7773999999999974
2012-08-24 00:00:00,1.7473999999999972
2012-08-27 00:00:00,1.7473999999999972
2012-08-28 00:00:00,1.757399999999997
2012-08-29 00:00:00,1.7473999999999972
2012-08-30 00:00:00,1.757399999999997
2012-08-31 00:00:00,1.8073999999999977
2012-09-04 00:00:00,1.7773999999999974
2012-09-05 00:00:00,1.7473999999999972
2012-09-06 00:00:00,1.7673999999999976
2012-09-07 00:00:00,1.7773999999999974
2012-09-10 00:00:00,1.797399999999997
2012-09-11 00:00:00,1.8073999999999977
2012-09-12 00:00:00,1.837399999999997
2012-09-13 00:00:00,1.837399999999997
2012-09-14 00:00:00,1.8673999999999973
2012-09-17 00:00:00,1.7873999999999972
2012-09-18 00:00:00,1.7473999999999972
2012-09-19 00:00:00,1.667399999999997
2012-09-20 00:00:00,1.7073999999999971
2012-09-21 00:00:00,1.7373999999999974
2012-09-24 00:00:00,1.7073999999999971
2012-09-25 00:00:00,1.717399999999997
2012-09-26 00:00:00,1.7073999999999971
2012-09-27 00:00:00,1.757399999999997
2012-09-28 00:00:00,1.7673999999999976
2012-10-01 00:00:00,1.7473999999999972
2012-10-02 00:00:00,1.7373999999999974
2012-10-03 00:00:00,1.677399999999997
2012-10-04 00:00:00,1.7873999999999972
2012-10-05 00:00:00,1.7673999999999976
2012-10-08 00:00:00,1.757399999999997
2012-10-09 00:00:00,1.8073999999999977
2012-10-10 00:00:00,1.8173999999999975
2012-10-11 00:00:00,1.8573999999999975
2012-10-12 00:00:00,1.8273999999999972
2012-10-15 00:00:00,1.8173999999999975
2012-10-16 00:00:00,1.8073999999999977
2012-10-17 00:00:00,1.7973999999999979
2012-10-18 00:00:00,1.7873999999999972
2012-10-19 00:00:00,1.7373999999999974
2012-10-22 00:00:00,1.6973999999999974
2012-10-23 00:00:00,1.6573999999999973
2012-10-24 00:00:00,1.6473999999999975
2012-10-25 00:00:00,1.667399999999997
2012-10-26 00:00:00,1.6973999999999974
2012-10-29 00:00:00,1.6973999999999974
2012-10-30 00:00:00,1.6873999999999976
2012-10-31 00:00:00,1.6873999999999976
2012-11-01 00:00:00,1.667399999999997
2012-11-02 00:00:00,1.587399999999998
2012-11-05 00:00:00,1.627399999999998
2012-11-06 00:00:00,1.6973999999999974
2012-11-07 00:00:00,1.6073999999999975
2012-11-08 00:00:00,1.5973999999999977
2012-11-09 00:00:00,1.6473999999999975
2012-11-12 00:00:00,1.6473999999999975
2012-11-13 00:00:00,1.6073999999999975
2012-11-14 00:00:00,1.6373999999999977
2012-11-15 00:00:00,1.6173999999999973
2012-11-16 00:00:00,1.627399999999998
2012-11-19 00:00:00,1.7173999999999978
2012-11-20 00:00:00,1.6873999999999976
2012-11-21 00:00:00,1.7173999999999978
2012-11-23 00:00:00,1.7273999999999976
2012-11-26 00:00:00,1.6973999999999974
2012-11-27 00:00:00,1.667399999999997
2012-11-28 00:00:00,1.6573999999999973
2012-11-29 00:00:00,1.6973999999999974
2012-11-30 00:00:00,1.7073999999999971
2012-12-03 00:00:00,1.6973999999999974
2012-12-04 00:00:00,1.6473999999999975
2012-12-05 00:00:00,1.6373999999999977
2012-12-06 00:00:00,1.587399999999998
2012-12-07 00:00:00,1.5573999999999977
2012-12-10 00:00:00,1.5473999999999979
2012-12-11 00:00:00,1.5673999999999975
2012-12-12 00:00:00,1.6073999999999975
2012-12-13 00:00:00,1.5773999999999972
2012-12-14 00:00:00,1.6173999999999973
2012-12-17 00:00:00,1.587399999999998
2012-12-18 00:00:00,1.627399999999998
2012-12-19 00:00:00,1.667399999999998
2012-12-20 00:00:00,1.6773999999999978
2012-12-21 00:00:00,1.6373999999999977
2012-12-24 00:00:00,1.6173999999999982
2012-12-26 00:00:00,1.667399999999998
2012-12-27 00:00:00,1.6773999999999978
2012-12-28 00:00:00,1.6473999999999975
2012-12-31 00:00:00,1.667399999999998
2013-01-02 00:00:00,1.6873999999999976
2013-01-03 00:00:00,1.667399999999998
2013-01-04 00:00:00,1.6473999999999975
2013-01-07 00:00:00,1.6573999999999973
2013-01-08 00:00:00,1.6873999999999976
2013-01-09 00:00:00,1.6973999999999974
2013-01-10 00:00:00,1.6973999999999974
2013-01-11 00:00:00,1.6473999999999975
2013-01-14 00:00:00,1.6973999999999974
2013-01-15 00:00:00,1.6573999999999982
2013-01-16 00:00:00,1.6473999999999975
2013-01-17 00:00:00,1.667399999999998
2013-01-18 00:00:00,1.6873999999999976
2013-01-22 00:00:00,1.6973999999999974
2013-01-23 00:00:00,1.707399999999998
2013-01-24 00:00:00,1.7273999999999976
2013-01-25 00:00:00,1.707399999999998
2013-01-28 00:00:00,1.707399999999998
2013-01-29 00:00:00,1.747399999999998
2013-01-30 00:00:00,1.7573999999999979
2013-01-31 00:00:00,1.7773999999999974
2013-02-01 00:00:00,1.8073999999999977
2013-02-04 00:00:00,1.7973999999999979
2013-02-05 00:00:00,1.8273999999999981
2013-02-06 00:00:00,1.8273999999999981
2013-02-07 00:00:00,1.8473999999999977
2013-02-08 00:00:00,1.8873999999999977
2013-02-11 00:00:00,1.877399999999998
2013-02-12 00:00:00,1.8873999999999977
2013-02-13 00:00:00,1.877399999999998
2013-02-14 00:00:00,1.877399999999998
2013-02-15 00:00:00,1.877399999999998
2013-02-19 00:00:00,1.8673999999999982
2013-02-20 00:00:00,1.837399999999998
2013-02-21 00:00:00,1.787399999999998
2013-02-22 00:00:00,1.7973999999999979
2013-02-25 00:00:00,1.7973999999999979
2013-02-26 00:00:00,1.7273999999999976
2013-02-27 00:00:00,1.6773999999999978
2013-02-28 00:00:00,1.6573999999999982
2013-03-01 00:00:00,1.627399999999998
2013-03-04 00:00:00,1.627399999999998
2013-03-05 00:00:00,1.667399999999998
2013-03-06 00:00:00,1.667399999999998
2013-03-07 00:00:00,1.6773999999999978
2013-03-08 00:00:00,1.6873999999999976
2013-03-11 00:00:00,1.6973999999999982
2013-03-12 00:00:00,1.6573999999999982
2013-03-13 00:00:00,1.627399999999998
2013-03-14 00:00:00,1.627399999999998
2013-03-15 00:00:00,1.6473999999999975
2013-03-18 00:00:00,1.6573999999999973
2013-03-19 00:00:00,1.5973999999999977
2013-03-20 00:00:00,1.6173999999999982
2013-03-21 00:00:00,1.5973999999999977
2013-03-22 00:00:00,1.587399999999998
2013-03-25 00:00:00,1.6073999999999975
2013-03-26 00:00:00,1.6173999999999982
2013-03-27 00:00:00,1.6473999999999975
2013-03-28 00:00:00,1.6573999999999973
2013-04-01 00:00:00,1.6873999999999976
2013-04-02 00:00:00,1.6973999999999974
2013-04-03 00:00:00,1.6173999999999982
2013-04-04 00:00:00,1.587399999999998
2013-04-05 00:00:00,1.5273999999999974
2013-04-08 00:00:00,1.5673999999999975
2013-04-09 00:00:00,1.5773999999999981
2013-04-10 00:00:00,1.5673999999999975
2013-04-11 00:00:00,1.5273999999999974
2013-04-12 00:00:00,1.497399999999998
2013-04-15 00:00:00,1.4473999999999974
2013-04-16 00:00:00,1.4273999999999978
2013-04-17 00:00:00,1.3573999999999975
2013-04-18 00:00:00,1.3873999999999977
2013-04-19 00:00:00,1.3973999999999975
2013-04-22 00:00:00,1.417399999999997
2013-04-23 00:00:00,1.417399999999997
2013-04-24 00:00:00,1.4473999999999974
2013-04-25 00:00:00,1.4973999999999972
2013-04-26 00:00:00,1.4773999999999976
2013-04-29 00:00:00,1.4873999999999974
2013-04-30 00:00:00,1.4573999999999971
2013-05-01 00:00:00,1.4073999999999973
2013-05-02 00:00:00,1.4673999999999978
2013-05-03 00:00:00,1.4973999999999972
2013-05-06 00:00:00,1.5373999999999972
2013-05-07 00:00:00,1.5373999999999972
2013-05-08 00:00:00,1.5273999999999974
2013-05-09 00:00:00,1.5373999999999972
2013-05-10 00:00:00,1.5173999999999976
2013-05-13 00:00:00,1.4973999999999972
2013-05-14 00:00:00,1.4873999999999974
2013-05-15 00:00:00,1.4873999999999974
2013-05-16 00:00:00,1.5173999999999976
2013-05-17 00:00:00,1.5473999999999979
2013-05-20 00:00:00,1.5573999999999977
2013-05-21 00:00:00,1.5373999999999972
2013-05-22 00:00:00,1.4973999999999972
2013-05-23 00:00:00,1.4773999999999976
2013-05-24 00:00:00,1.4773999999999976
2013-05-28 00:00:00,1.5273999999999974
2013-05-29 00:00:00,1.4873999999999974
2013-05-30 00:00:00,1.4673999999999978
2013-05-31 00:00:00,1.4073999999999973
2013-06-03 00:00:00,1.4573999999999971
2013-06-04 00:00:00,1.4873999999999974
2013-06-05 00:00:00,1.4773999999999976
2013-06-06 00:00:00,1.4873999999999974
2013-06-07 00:00:00,1.5173999999999976
2013-06-10 00:00:00,1.5073999999999979
2013-06-11 00:00:00,1.4773999999999976
2013-06-12 00:00:00,1.5173999999999976
2013-06-13 00:00:00,1.5573999999999977
2013-06-14 00:00:00,1.5773999999999972
2013-06-17 00:00:00,1.5673999999999975
2013-06-18 00:00:00,1.5773999999999981
2013-06-19 00:00:00,1.587399999999998
2013-06-20 00:00:00,1.4873999999999974
2013-06-21 00:00:00,1.457399999999998
2013-06-24 00:00:00,1.4673999999999978
2013-06-25 00:00:00,1.4673999999999978
2013-06-26 00:00:00,1.4673999999999978
2013-06-27 00:00:00,1.497399999999998
2013-06-28 00:00:00,1.4673999999999978
2013-07-01 00:00:00,1.4873999999999974
2013-07-02 00:00:00,1.5173999999999976
2013-07-03 00:00:00,1.5673999999999975
2013-07-05 00:00:00,1.5973999999999977
2013-07-08 00:00:00,1.587399999999998
2013-07-09 00:00:00,1.5973999999999977
2013-07-10 00:00:00,1.6173999999999973
2013-07-11 00:00:00,1.6073999999999975
2013-07-12 00:00:00,1.6373999999999977
2013-07-15 00:00:00,1.6373999999999977
2013-07-16 00:00:00,1.6573999999999973
2013-07-17 00:00:00,1.6773999999999978
2013-07-18 00:00:00,1.707399999999998
2013-07-19 00:00:00,1.6973999999999974
2013-07-22 00:00:00,1.6773999999999978
2013-07-23 00:00:00,1.6773999999999978
2013-07-24 00:00:00,1.6573999999999973
2013-07-25 00:00:00,1.6473999999999975
2013-07-26 00:00:00,1.627399999999998
2013-07-29 00:00:00,1.627399999999998
2013-07-30 00:00:00,1.6173999999999973
2013-07-31 00:00:00,1.667399999999998
2013-08-01 00:00:00,1.707399999999998
2013-08-02 00:00:00,1.6873999999999976
2013-08-05 00:00:00,1.667399999999998
2013-08-06 00:00:00,1.6173999999999973
2013-08-07 00:00:00,1.5773999999999981
2013-08-08 00:00:00,1.5673999999999975
2013-08-09 00:00:00,1.6073999999999975
2013-08-12 00:00:00,1.6373999999999977
2013-08-13 00:00:00,1.6573999999999973
2013-08-14 00:00:00,1.6573999999999973
2013-08-15 00:00:00,1.6873999999999976
2013-08-16 00:00:00,1.6973999999999974
2013-08-19 00:00:00,1.6873999999999976
2013-08-20 00:00:00,1.6973999999999974
2013-08-21 00:00:00,1.6873999999999976
2013-08-22 00:00:00,1.6773999999999978
2013-08-23 00:00:00,1.707399999999998
2013-08-26 00:00:00,1.6873999999999976
2013-08-27 00:00:00,1.7673999999999976
2013-08-28 00:00:00,1.8173999999999975
2013-08-29 00:00:00,1.787399999999998
2013-08-30 00:00:00,1.7373999999999974
2013-09-03 00:00:00,1.7573999999999979
2013-09-04 00:00:00,1.747399999999998
2013-09-05 00:00:00,1.747399999999998
2013-09-06 00:00:00,1.7673999999999976
2013-09-09 00:00:00,1.7273999999999976
2013-09-10 00:00:00,1.6773999999999978
2013-09-11 00:00:00,1.6773999999999978
2013-09-12 00:00:00,1.7273999999999976
2013-09-13 00:00:00,1.7173999999999978
2013-09-16 00:00:00,1.667399999999998
2013-09-17 00:00:00,1.6073999999999975
2013-09-18 00:00:00,1.6473999999999975
2013-09-19 00:00:00,1.6073999999999975
2013-09-20 00:00:00,1.6073999999999975
2013-09-23 00:00:00,1.5573999999999977
2013-09-24 00:00:00,1.5673999999999975
2013-09-25 00:00:00,1.5773999999999981
2013-09-26 00:00:00,1.5973999999999977
2013-09-27 00:00:00,1.587399999999998
2013-09-30 00:00:00,1.5773999999999981
2013-10-01 00:00:00,1.5573999999999977
2013-10-02 00:00:00,1.5973999999999977
2013-10-03 00:00:00,1.6073999999999975
2013-10-04 00:00:00,1.5973999999999977
2013-10-07 00:00:00,1.6173999999999973
2013-10-08 00:00:00,1.6373999999999977
2013-10-09 00:00:00,1.6173999999999973
2013-10-10 00:00:00,1.667399999999998
2013-10-11 00:00:00,1.6373999999999977
2013-10-14 00:00:00,1.6373999999999977
2013-10-15 00:00:00,1.6173999999999973
2013-10-16 00:00:00,1.6473999999999975
2013-10-17 00:00:00,1.5973999999999977
2013-10-18 00:00:00,1.6373999999999977
2013-10-21 00:00:00,1.6173999999999973
2013-10-22 00:00:00,1.6073999999999975
2013-10-23 00:00:00,1.537399999999998
2013-10-24 00:00:00,1.5073999999999979
2013-10-25 00:00:00,1.5173999999999976
2013-10-28 00:00:00,1.5773999999999981
2013-10-29 00:00:00,1.5773999999999981
2013-10-30 00:00:00,1.587399999999998
2013-10-31 00:00:00,1.5673999999999975
2013-11-01 00:00:00,1.497399999999998
2013-11-04 00:00:00,1.4873999999999974
2013-11-05 00:00:00,1.4773999999999976
2013-11-06 00:00:00,1.4873999999999974
2013-11-07 00:00:00,1.4473999999999974
2013-11-08 00:00:00,1.4873999999999974
2013-11-11 00:00:00,1.5073999999999979
2013-11-12 00:00:00,1.4673999999999978
2013-11-13 00:00:00,1.5073999999999979
2013-11-14 00:00:00,1.537399999999998
2013-11-15 00:00:00,1.5473999999999979
2013-11-18 00:00:00,1.537399999999998
2013-11-19 00:00:00,1.5173999999999976
2013-11-20 00:00:00,1.5573999999999977
2013-11-21 00:00:00,1.6073999999999975
2013-11-22 00:00:00,1.6473999999999975
2013-11-25 00:00:00,1.6373999999999977
2013-11-26 00:00:00,1.6473999999999975
2013-11-27 00:00:00,1.6473999999999975
2013-11-29 00:00:00,1.6373999999999977
2013-12-02 00:00:00,1.6573999999999973
2013-12-03 00:00:00,1.667399999999998
2013-12-04 00:00:00,1.667399999999998
2013-12-05 00:00:00,1.6573999999999973
2013-12-06 00:00:00,1.667399999999998
2013-12-09 00:00:00,1.6173999999999973
2013-12-10 00:00:00,1.627399999999998
2013-12-11 00:00:00,1.627399999999998
2013-12-12 00:00:00,1.587399999999998
2013-12-13 00:00:00,1.587399999999998
2013-12-16 00:00:00,1.5973999999999977
2013-12-17 00:00:00,1.5673999999999975
2013-12-18 00:00:00,1.6073999999999975
2013-12-19 00:00:00,1.627399999999998
2013-12-20 00:00:00,1.667399999999998
2013-12-23 00:00:00,1.6573999999999973
2013-12-24 00:00:00,1.667399999999998
2013-12-26 00:00:00,1.667399999999998
2013-12-27 00:00:00,1.6873999999999976
2013-12-30 00:00:00,1.6473999999999975
2013-12-31 00:00:00,1.6573999999999973
2014-01-02 00:00:00,1.5773999999999981
2014-01-03 00:00:00,1.537399999999998
2014-01-06 00:00:00,1.5273999999999974
2014-01-07 00:00:00,1.5473999999999979
2014-01-08 00:00:00,1.537399999999998
2014-01-09 00:00:00,1.5173999999999976
2014-01-10 00:00:00,1.5273999999999974
2014-01-13 00:00:00,1.5173999999999976
2014-01-14 00:00:00,1.5173999999999976
2014-01-15 00:00:00,1.5473999999999979
2014-01-16 00:00:00,1.537399999999998
2014-01-17 00:00:00,1.5473999999999979
2014-01-21 00:00:00,1.5473999999999979
2014-01-22 00:00:00,1.5773999999999981
2014-01-23 00:00:00,1.5773999999999981
2014-01-24 00:00:00,1.587399999999998
2014-01-27 00:00:00,1.5573999999999977
2014-01-28 00:00:00,1.5773999999999981
2014-01-29 00:00:00,1.5973999999999977
2014-01-30 00:00:00,1.5973999999999977
2014-01-31 00:00:00,1.5673999999999975
2014-02-03 00:00:00,1.5673999999999975
2014-02-04 00:00:00,1.537399999999998
2014-02-05 00:00:00,1.5573999999999977
2014-02-06 00:00:00,1.5673999999999975
2014-02-07 00:00:00,1.627399999999998
2014-02-10 00:00:00,1.5973999999999977
2014-02-11 00:00:00,1.6173999999999982
2014-02-12 00:00:00,1.6073999999999975
2014-02-13 00:00:00,1.6173999999999982
2014-02-14 00:00:00,1.6473999999999975
2014-02-18 00:00:00,1.6773999999999978
2014-02-19 00:00:00,1.6873999999999976
2014-02-20 00:00:00,1.6973999999999974
2014-02-21 00:00:00,1.667399999999998
2014-02-24 00:00:00,1.6773999999999978
2014-02-25 00:00:00,1.6573999999999973
2014-02-26 00:00:00,1.6573999999999973
2014-02-27 00:00:00,1.627399999999998
2014-02-28 00:00:00,1.6373999999999977
2014-03-03 00:00:00,1.6973999999999974
2014-03-04 00:00:00,1.6473999999999975
2014-03-05 00:00:00,1.5973999999999977
2014-03-06 00:00:00,1.5973999999999977
2014-03-07 00:00:00,1.627399999999998
2014-03-10 00:00:00,1.587399999999998
2014-03-11 00:00:00,1.587399999999998
2014-03-12 00:00:00,1.5573999999999977
2014-03-13 00:00:00,1.5473999999999979
2014-03-14 00:00:00,1.5773999999999981
2014-03-17 00:00:00,1.5273999999999974
2014-03-18 00:00:00,1.5573999999999977
2014-03-19 00:00:00,1.5373999999999972
2014-03-20 00:00:00,1.5673999999999975
2014-03-21 00:00:00,1.5673999999999975
2014-03-24 00:00:00,1.5673999999999975
2014-03-25 00:00:00,1.5773999999999972
2014-03-26 00:00:00,1.5673999999999975
2014-03-27 00:00:00,1.5973999999999977
2014-03-28 00:00:00,1.5973999999999977
2014-03-31 00:00:00,1.5773999999999972
2014-04-01 00:00:00,1.5373999999999972
2014-04-02 00:00:00,1.5173999999999976
2014-04-03 00:00:00,1.5573999999999977
2014-04-04 00:00:00,1.5573999999999977
2014-04-07 00:00:00,1.5473999999999979
2014-04-08 00:00:00,1.587399999999998
2014-04-09 00:00:00,1.6073999999999975
2014-04-10 00:00:00,1.587399999999998
2014-04-11 00:00:00,1.587399999999998
2014-04-14 00:00:00,1.627399999999998
2014-04-15 00:00:00,1.6373999999999977
2014-04-16 00:00:00,1.6573999999999973
2014-04-17 00:00:00,1.667399999999997
2014-04-21 00:00:00,1.667399999999997
2014-04-22 00:00:00,1.6573999999999973
2014-04-23 00:00:00,1.6373999999999977
2014-04-24 00:00:00,1.667399999999997
2014-04-25 00:00:00,1.6373999999999977
2014-04-28 00:00:00,1.6073999999999975
2014-04-29 00:00:00,1.627399999999997
2014-04-30 00:00:00,1.587399999999997
2014-05-01 00:00:00,1.5773999999999972
2014-05-02 00:00:00,1.587399999999997
2014-05-05 00:00:00,1.5673999999999975
2014-05-06 00:00:00,1.547399999999997
2014-05-07 00:00:00,1.587399999999997
2014-05-08 00:00:00,1.5773999999999972
2014-05-09 00:00:00,1.5673999999999975
2014-05-12 00:00:00,1.5773999999999972
2014-05-13 00:00:00,1.6073999999999975
2014-05-14 00:00:00,1.627399999999997
2014-05-15 00:00:00,1.6173999999999973
2014-05-16 00:00:00,1.6173999999999973
2014-05-19 00:00:00,1.5973999999999977
2014-05-20 00:00:00,1.6073999999999975
2014-05-21 00:00:00,1.6173999999999973
2014-05-22 00:00:00,1.6173999999999973
2014-05-23 00:00:00,1.627399999999997
2014-05-27 00:00:00,1.6073999999999975
2014-05-28 00:00:00,1.5973999999999977
2014-05-29 00:00:00,1.587399999999997
2014-05-30 00:00:00,1.5573999999999977
2014-06-02 00:00:00,1.547399999999997
2014-06-03 00:00:00,1.5373999999999972
2014-06-04 00:00:00,1.5273999999999974
2014-06-05 00:00:00,1.5573999999999977
2014-06-06 00:00:00,1.547399999999997
2014-06-09 00:00:00,1.5673999999999975
2014-06-10 00:00:00,1.5573999999999977
2014-06-11 00:00:00,1.5773999999999972
2014-06-12 00:00:00,1.6573999999999973
2014-06-13 00:00:00,1.6573999999999973
2014-06-16 00:00:00,1.677399999999997
2014-06-17 00:00:00,1.6973999999999974
2014-06-18 00:00:00,1.717399999999997
2014-06-19 00:00:00,1.7373999999999974
2014-06-20 00:00:00,1.7373999999999974
2014-06-23 00:00:00,1.717399999999997
2014-06-24 00:00:00,1.7273999999999976
2014-06-25 00:00:00,1.7073999999999971
2014-06-26 00:00:00,1.6973999999999974
2014-06-27 00:00:00,1.677399999999997
2014-06-30 00:00:00,1.6573999999999973
2014-07-01 00:00:00,1.6573999999999973
2014-07-02 00:00:00,1.627399999999997
2014-07-03 00:00:00,1.6073999999999975
2014-07-07 00:00:00,1.5973999999999977
2014-07-08 00:00:00,1.5573999999999977
2014-07-09 00:00:00,1.5573999999999977
2014-07-10 00:00:00,1.5773999999999972
2014-07-11 00:00:00,1.5373999999999972
2014-07-14 00:00:00,1.5573999999999977
2014-07-15 00:00:00,1.5373999999999972
2014-07-16 00:00:00,1.5373999999999972
2014-07-17 00:00:00,1.5373999999999972
2014-07-18 00:00:00,1.5173999999999976
2014-07-21 00:00:00,1.5273999999999974
2014-07-22 00:00:00,1.5273999999999974
2014-07-23 00:00:00,1.547399999999997
2014-07-24 00:00:00,1.5373999999999972
2014-07-25 00:00:00,1.5773999999999972
2014-07-28 00:00:00,1.5573999999999977
2014-07-29 00:00:00,1.5673999999999975
2014-07-30 00:00:00,1.5573999999999977
2014-07-31 00:00:00,1.547399999999997
2014-08-01 00:00:00,1.5273999999999974
2014-08-04 00:00:00,1.5273999999999974
2014-08-05 00:00:00,1.507399999999997
2014-08-06 00:00:00,1.5273999999999974
2014-08-07 00:00:00,1.547399999999997
2014-08-08 00:00:00,1.5273999999999974
2014-08-11 00:00:00,1.5373999999999972
2014-08-12 00:00:00,1.4973999999999972
2014-08-13 00:00:00,1.5573999999999977
2014-08-14 00:00:00,1.4773999999999976
2014-08-15 00:00:00,1.4973999999999972
2014-08-18 00:00:00,1.4573999999999971
2014-08-19 00:00:00,1.4673999999999978
2014-08-20 00:00:00,1.4773999999999976
2014-08-21 00:00:00,1.4873999999999974
2014-08-22 00:00:00,1.4773999999999976
2014-08-25 00:00:00,1.4873999999999974
2014-08-26 00:00:00,1.4973999999999972
2014-08-27 00:00:00,1.5073999999999979
2014-08-28 00:00:00,1.4973999999999972
2014-08-29 00:00:00,1.5073999999999979
2014-09-02 00:00:00,1.4373999999999976
2014-09-03 00:00:00,1.5073999999999979
2014-09-04 00:00:00,1.4773999999999976
2014-09-05 00:00:00,1.4673999999999978
2014-09-08 00:00:00,1.4573999999999971
2014-09-09 00:00:00,1.4373999999999976
2014-09-10 00:00:00,1.3973999999999975
2014-09-11 00:00:00,1.3973999999999975
2014-09-12 00:00:00,1.3873999999999977
2014-09-15 00:00:00,1.3873999999999977
2014-09-16 00:00:00,1.3973999999999975
2014-09-17 00:00:00,1.3873999999999969
2014-09-18 00:00:00,1.3573999999999975
2014-09-19 00:00:00,1.3573999999999975
2014-09-22 00:00:00,1.3273999999999972
2014-09-23 00:00:00,1.3273999999999972
2014-09-24 00:00:00,1.3273999999999972
2014-09-25 00:00:00,1.337399999999997
2014-09-26 00:00:00,1.337399999999997
2014-09-29 00:00:00,1.337399999999997
2014-09-30 00:00:00,1.2873999999999972
2014-10-01 00:00:00,1.2873999999999972
2014-10-02 00:00:00,1.2673999999999976
2014-10-03 00:00:00,1.2473999999999972
2014-10-06 00:00:00,1.2473999999999972
2014-10-07 00:00:00,1.2373999999999974
2014-10-08 00:00:00,1.2073999999999971
2014-10-09 00:00:00,1.167399999999997
2014-10-10 00:00:00,1.1873999999999976
2014-10-13 00:00:00,1.1873999999999976
2014-10-14 00:00:00,1.0973999999999977
2014-10-15 00:00:00,1.0773999999999972
2014-10-16 00:00:00,1.087399999999997
2014-10-17 00:00:00,1.1173999999999973
2014-10-20 00:00:00,1.0973999999999977
2014-10-21 00:00:00,1.1173999999999973
2014-10-22 00:00:00,1.087399999999997
2014-10-23 00:00:00,1.1173999999999973
2014-10-24 00:00:00,1.0973999999999977
2014-10-27 00:00:00,1.0973999999999977
2014-10-28 00:00:00,1.1073999999999975
2014-10-29 00:00:00,1.1473999999999975
2014-10-30 00:00:00,1.127399999999997
2014-10-31 00:00:00,1.1373999999999969
2014-11-03 00:00:00,1.1073999999999975
2014-11-04 00:00:00,1.0673999999999975
2014-11-05 00:00:00,1.0673999999999975
2014-11-06 00:00:00,1.0773999999999972
2014-11-07 00:00:00,1.1173999999999973
2014-11-10 00:00:00,1.087399999999997
2014-11-11 00:00:00,1.087399999999997
2014-11-12 00:00:00,1.0573999999999977
2014-11-13 00:00:00,0.9673999999999969
2014-11-14 00:00:00,1.0173999999999976
2014-11-17 00:00:00,1.007399999999997
2014-11-18 00:00:00,0.9873999999999974
2014-11-19 00:00:00,0.9673999999999969
2014-11-20 00:00:00,0.9873999999999974
2014-11-21 00:00:00,1.007399999999997
2014-11-24 00:00:00,0.9973999999999972
2014-11-25 00:00:00,0.9673999999999969
2014-11-26 00:00:00,0.9473999999999974
2014-11-28 00:00:00,0.7873999999999972
2014-12-01 00:00:00,0.837399999999997
2014-12-02 00:00:00,0.7873999999999972
2014-12-03 00:00:00,0.7673999999999968
2014-12-04 00:00:00,0.7473999999999972
2014-12-05 00:00:00,0.7373999999999974
2014-12-08 00:00:00,0.6773999999999969
2014-12-09 00:00:00,0.6973999999999974
2014-12-10 00:00:00,0.6473999999999966
2014-12-11 00:00:00,0.6473999999999966
2014-12-12 00:00:00,0.5973999999999968
2014-12-15 00:00:00,0.5673999999999966
2014-12-16 00:00:00,0.5373999999999972
2014-12-17 00:00:00,0.5773999999999972
2014-12-18 00:00:00,0.5273999999999974
2014-12-19 00:00:00,0.5673999999999966
2014-12-22 00:00:00,0.547399999999997
2014-12-23 00:00:00,0.587399999999997
2014-12-24 00:00:00,0.5373999999999972
2014-12-26 00:00:00,0.5273999999999974
2014-12-29 00:00:00,0.4773999999999967
2014-12-30 00:00:00,0.4873999999999974
2014-12-31 00:00:00,0.4873999999999974
2015-01-02 00:00:00,0.44739999999999736
2015-01-05 00:00:00,0.39739999999999664
2015-01-06 00:00:00,0.3573999999999966
2015-01-07 00:00:00,0.3473999999999968
2015-01-08 00:00:00,0.3473999999999968
2015-01-09 00:00:00,0.3373999999999979
2015-01-12 00:00:00,0.2773999999999983
2015-01-13 00:00:00,0.2673999999999985
2015-01-14 00:00:00,0.2973999999999988
2015-01-15 00:00:00,0.25739999999999785
2015-01-16 00:00:00,0.2973999999999988
2015-01-20 00:00:00,0.24739999999999807
2015-01-21 00:00:00,0.2773999999999983
2015-01-22 00:00:00,0.2673999999999985
2015-01-23 00:00:00,0.2773999999999983
2015-01-26 00:00:00,0.2673999999999985
2015-01-27 00:00:00,0.2973999999999988
2015-01-28 00:00:00,0.2673999999999985
2015-01-29 00:00:00,0.2673999999999985
2015-01-30 00:00:00,0.3573999999999957
2015-02-02 00:00:00,0.40739999999999643
2015-02-03 00:00:00,0.4973999999999972
2015-02-04 00:00:00,0.4173999999999962
2015-02-05 00:00:00,0.45739999999999625
2015-02-06 00:00:00,0.4873999999999965
2015-02-09 00:00:00,0.5273999999999974
2015-02-10 00:00:00,0.4873999999999965
2015-02-11 00:00:00,0.45739999999999625
2015-02-12 00:00:00,0.547399999999997
2015-02-13 00:00:00,0.5973999999999968
2015-02-17 00:00:00,0.5973999999999968
2015-02-18 00:00:00,0.5673999999999966
2015-02-19 00:00:00,0.5573999999999968
2015-02-20 00:00:00,0.5673999999999966
2015-02-23 00:00:00,0.5373999999999972
2015-02-24 00:00:00,0.5373999999999972
2015-02-25 00:00:00,0.5973999999999968
2015-02-26 00:00:00,0.547399999999997
2015-02-27 00:00:00,0.6173999999999964
2015-03-02 00:00:00,0.547399999999997
2015-03-03 00:00:00,0.5973999999999968
2015-03-04 00:00:00,0.5673999999999966
2015-03-05 00:00:00,0.547399999999997
2015-03-06 00:00:00,0.5373999999999972
2015-03-09 00:00:00,0.507399999999997
2015-03-10 00:00:00,0.46739999999999693
2015-03-11 00:00:00,0.4773999999999967
2015-03-12 00:00:00,0.44739999999999647
2015-03-13 00:00:00,0.38739999999999597
2015-03-16 00:00:00,0.3673999999999964
2015-03-17 00:00:00,0.3673999999999964
2015-03-18 00:00:00,0.4373999999999967
2015-03-19 00:00:00,0.39739999999999664
2015-03-20 00:00:00,0.40739999999999643
2015-03-23 00:00:00,0.4173999999999962
2015-03-24 00:00:00,0.39739999999999664
2015-03-25 00:00:00,0.4173999999999962
2015-03-26 00:00:00,0.4773999999999967
2015-03-27 00:00:00,0.4173999999999962
2015-03-30 00:00:00,0.4273999999999969
2015-03-31 00:00:00,0.40739999999999643
2015-04-01 00:00:00,0.44739999999999647
2015-04-02 00:00:00,0.3773999999999962
2015-04-06 00:00:00,0.45739999999999625
2015-04-07 00:00:00,0.4773999999999967
2015-04-08 00:00:00,0.39739999999999664
2015-04-09 00:00:00,0.4173999999999962
2015-04-10 00:00:00,0.45739999999999625
2015-04-13 00:00:00,0.46739999999999693
2015-04-14 00:00:00,0.4873999999999965
2015-04-15 00:00:00,0.5773999999999964
2015-04-16 00:00:00,0.5973999999999968
2015-04-17 00:00:00,0.5773999999999964
2015-04-20 00:00:00,0.5673999999999966
2015-04-21 00:00:00,0.547399999999997
2015-04-22 00:00:00,0.5573999999999968
2015-04-23 00:00:00,0.6073999999999966
2015-04-24 00:00:00,0.6173999999999964
2015-04-27 00:00:00,0.6073999999999966
2015-04-28 00:00:00,0.6073999999999966
2015-04-29 00:00:00,0.6373999999999969
2015-04-30 00:00:00,0.6673999999999971
2015-05-01 00:00:00,0.6673999999999971
2015-05-04 00:00:00,0.6673999999999971
2015-05-05 00:00:00,0.6973999999999974
2015-05-06 00:00:00,0.6973999999999974
2015-05-07 00:00:00,0.6473999999999966
2015-05-08 00:00:00,0.6373999999999969
2015-05-11 00:00:00,0.6273999999999971
2015-05-12 00:00:00,0.6773999999999969
2015-05-13 00:00:00,0.6873999999999967
2015-05-14 00:00:00,0.6873999999999967
2015-05-15 00:00:00,0.6873999999999967
2015-05-18 00:00:00,0.6773999999999969
2015-05-19 00:00:00,0.6173999999999964
2015-05-20 00:00:00,0.6373999999999969
2015-05-21 00:00:00,0.6773999999999969
2015-05-22 00:00:00,0.6473999999999966
2015-05-26 00:00:00,0.587399999999997
2015-05-27 00:00:00,0.547399999999997
2015-05-28 00:00:00,0.5573999999999968
2015-05-29 00:00:00,0.6373999999999969
2015-06-01 00:00:00,0.6073999999999966
2015-06-02 00:00:00,0.6273999999999971
2015-06-03 00:00:00,0.5773999999999964
2015-06-04 00:00:00,0.5273999999999974
2015-06-05 00:00:00,0.5573999999999968
2015-06-08 00:00:00,0.5373999999999972
2015-06-09 00:00:00,0.6073999999999966
2015-06-10 00:00:00,0.6273999999999971
2015-06-11 00:00:00,0.6073999999999966
2015-06-12 00:00:00,0.5773999999999964
2015-06-15 00:00:00,0.5573999999999968
2015-06-16 00:00:00,0.5673999999999966
2015-06-17 00:00:00,0.587399999999997
2015-06-18 00:00:00,0.587399999999997
2015-06-19 00:00:00,0.547399999999997
2015-06-22 00:00:00,0.547399999999997
2015-06-23 00:00:00,0.587399999999997
2015-06-24 00:00:00,0.5573999999999968
2015-06-25 00:00:00,0.5373999999999972
2015-06-26 00:00:00,0.5373999999999972
2015-06-29 00:00:00,0.5173999999999968
2015-06-30 00:00:00,0.5573999999999968
2015-07-01 00:00:00,0.507399999999997
2015-07-02 00:00:00,0.5173999999999968
2015-07-06 00:00:00,0.38739999999999597
2015-07-07 00:00:00,0.38739999999999597
2015-07-08 00:00:00,0.38739999999999597
2015-07-09 00:00:00,0.40739999999999643
2015-07-10 00:00:00,0.4173999999999962
2015-07-13 00:00:00,0.38739999999999597
2015-07-14 00:00:00,0.39739999999999664
2015-07-15 00:00:00,0.34739999999999593
2015-07-16 00:00:00,0.33739999999999704
2015-07-17 00:00:00,0.33739999999999704
2015-07-20 00:00:00,0.32739999999999725
2015-07-21 00:00:00,0.34739999999999593
2015-07-22 00:00:00,0.32739999999999725
2015-07-23 00:00:00,0.31739999999999746
2015-07-24 00:00:00,0.2873999999999972
2015-07-27 00:00:00,0.25739999999999785
2015-07-28 00:00:00,0.26739999999999764
2015-07-29 00:00:00,0.25739999999999785
2015-07-30 00:00:00,0.26739999999999764
2015-07-31 00:00:00,0.24739999999999807
2015-08-03 00:00:00,0.18739999999999846
2015-08-04 00:00:00,0.20739999999999803
2015-08-05 00:00:00,0.18739999999999846
2015-08-06 00:00:00,0.19739999999999824
2015-08-07 00:00:00,0.19739999999999824
2015-08-10 00:00:00,0.23739999999999828
2015-08-11 00:00:00,0.20739999999999803
2015-08-12 00:00:00,0.23739999999999828
2015-08-13 00:00:00,0.21739999999999782
2015-08-14 00:00:00,0.20739999999999803
2015-08-17 00:00:00,0.20739999999999803
2015-08-18 00:00:00,0.20739999999999803
2015-08-19 00:00:00,0.167399999999998
2015-08-20 00:00:00,0.14739999999999842
2015-08-21 00:00:00,0.11739999999999817
2015-08-24 00:00:00,0.04739999999999811
2015-08-25 00:00:00,0.05739999999999812
2015-08-26 00:00:00,0.04739999999999811
2015-08-27 00:00:00,0.1573999999999982
2015-08-28 00:00:00,0.23739999999999828
2015-08-31 00:00:00,0.34739999999999593
2015-09-01 00:00:00,0.2273999999999976
2015-09-02 00:00:00,0.25739999999999785
2015-09-03 00:00:00,0.26739999999999764
2015-09-04 00:00:00,0.23739999999999828
2015-09-08 00:00:00,0.23739999999999828
2015-09-09 00:00:00,0.18739999999999846
2015-09-10 00:00:00,0.21739999999999782
2015-09-11 00:00:00,0.19739999999999824
2015-09-14 00:00:00,0.14739999999999842
2015-09-15 00:00:00,0.14739999999999842
2015-09-16 00:00:00,0.18739999999999846
2015-09-17 00:00:00,0.167399999999998
2015-09-18 00:00:00,0.12739999999999796
2015-09-21 00:00:00,0.1573999999999982
2015-09-22 00:00:00,0.17739999999999778
2015-09-23 00:00:00,0.14739999999999842
2015-09-24 00:00:00,0.1573999999999982
2015-09-25 00:00:00,0.1573999999999982
2015-09-28 00:00:00,0.11739999999999817
2015-09-29 00:00:00,0.14739999999999842
2015-09-30 00:00:00,0.1573999999999982
2015-10-01 00:00:00,0.13739999999999775
2015-10-02 00:00:00,0.13739999999999775
2015-10-05 00:00:00,0.167399999999998
2015-10-06 00:00:00,0.2273999999999976
2015-10-07 00:00:00,0.20739999999999803
2015-10-08 00:00:00,0.2273999999999976
2015-10-09 00:00:00,0.21739999999999782
2015-10-12 00:00:00,0.13739999999999775
2015-10-13 00:00:00,0.10739999999999816
2015-10-14 00:00:00,0.11739999999999817
2015-10-15 00:00:00,0.11739999999999817
2015-10-16 00:00:00,0.12739999999999796
2015-10-19 00:00:00,0.07739999999999814
2015-10-20 00:00:00,0.07739999999999814
2015-10-21 00:00:00,0.06739999999999813
2015-10-22 00:00:00,0.07739999999999814
2015-10-23 00:00:00,0.07739999999999814
2015-10-26 00:00:00,0.04739999999999811
2015-10-27 00:00:00,0.0373999999999981
2015-10-28 00:00:00,0.09739999999999815
2015-10-29 00:00:00,0.09739999999999815
2015-10-30 00:00:00,0.10739999999999816
2015-11-02 00:00:00,0.09739999999999815
2015-11-03 00:00:00,0.1573999999999982
2015-11-04 00:00:00,0.09739999999999815
2015-11-05 00:00:00,0.07739999999999814
2015-11-06 00:00:00,0.07739999999999814
2015-11-09 00:00:00,0.06739999999999813
2015-11-10 00:00:00,0.07739999999999814
2015-11-11 00:00:00,0.0373999999999981
2015-11-12 00:00:00,-0.002600000000001934
2015-11-13 00:00:00,-0.03260000000000196
2015-11-16 00:00:00,-0.022600000000001952
2015-11-17 00:00:00,-0.04260000000000197
2015-11-18 00:00:00,-0.03260000000000196
2015-11-19 00:00:00,-0.03260000000000196
2015-11-20 00:00:00,-0.03260000000000196
2015-11-23 00:00:00,-0.03260000000000196
2015-11-24 00:00:00,-0.002600000000001934
2015-11-25 00:00:00,-0.002600000000001934
2015-11-27 00:00:00,-0.05260000000000198
2015-11-30 00:00:00,-0.072600000000002
2015-12-01 00:00:00,-0.05260000000000198
2015-12-02 00:00:00,-0.11260000000000181
2015-12-03 00:00:00,-0.06260000000000199
2015-12-04 00:00:00,-0.08260000000000178
2015-12-07 00:00:00,-0.15260000000000185
2015-12-08 00:00:00,-0.16260000000000185
2015-12-09 00:00:00,-0.18260000000000187
2015-12-10 00:00:00,-0.2026000000000019
2015-12-11 00:00:00,-0.27260000000000195
2015-12-14 00:00:00,-0.28260000000000196
2015-12-15 00:00:00,-0.26260000000000194
2015-12-16 00:00:00,-0.302600000000002
2015-12-17 00:00:00,-0.312600000000002
2015-12-18 00:00:00,-0.312600000000002
2015-12-21 00:00:00,-0.322600000000002
2015-12-22 00:00:00,-0.332600000000002
2015-12-23 00:00:00,-0.302600000000002
2015-12-24 00:00:00,-0.322600000000002
2015-12-28 00:00:00,-0.332600000000002
2015-12-29 00:00:00,-0.302600000000002
2015-12-30 00:00:00,-0.342600000000002
2015-12-31 00:00:00,-0.332600000000002
2016-01-04 00:00:00,-0.332600000000002
2016-01-05 00:00:00,-0.342600000000002
2016-01-06 00:00:00,-0.3826000000000018
2016-01-07 00:00:00,-0.40260000000000185
2016-01-08 00:00:00,-0.41260000000000185
2016-01-11 00:00:00,-0.4526000000000019
2016-01-12 00:00:00,-0.4726000000000019
2016-01-13 00:00:00,-0.4926000000000019
2016-01-14 00:00:00,-0.4826000000000019
2016-01-15 00:00:00,-0.532600000000002
2016-01-19 00:00:00,-0.552600000000002
2016-01-20 00:00:00,-0.6026000000000018
2016-01-21 00:00:00,-0.562600000000002
2016-01-22 00:00:00,-0.4726000000000019
2016-01-25 00:00:00,-0.522600000000002
2016-01-26 00:00:00,-0.4926000000000019
2016-01-27 00:00:00,-0.4426000000000019
2016-01-28 00:00:00,-0.43260000000000187
2016-01-29 00:00:00,-0.40260000000000185
2016-02-01 00:00:00,-0.4426000000000019
2016-02-02 00:00:00,-0.4726000000000019
2016-02-03 00:00:00,-0.40260000000000185
2016-02-04 00:00:00,-0.40260000000000185
2016-02-05 00:00:00,-0.42260000000000186
2016-02-08 00:00:00,-0.43260000000000187
2016-02-09 00:00:00,-0.5026000000000019
2016-02-10 00:00:00,-0.5026000000000019
2016-02-11 00:00:00,-0.5026000000000019
2016-02-12 00:00:00,-0.41260000000000185
2016-02-16 00:00:00,-0.4526000000000019
2016-02-17 00:00:00,-0.39260000000000184
2016-02-18 00:00:00,-0.40260000000000185
2016-02-19 00:00:00,-0.4526000000000019
2016-02-22 00:00:00,-0.42260000000000186
2016-02-23 00:00:00,-0.4526000000000019
2016-02-24 00:00:00,-0.42260000000000186
2016-02-25 00:00:00,-0.41260000000000185
2016-02-26 00:00:00,-0.42260000000000186
2016-02-29 00:00:00,-0.40260000000000185
2016-03-01 00:00:00,-0.39260000000000184
2016-03-02 00:00:00,-0.39260000000000184
2016-03-03 00:00:00,-0.37260000000000204
2016-03-04 00:00:00,-0.332600000000002
2016-03-07 00:00:00,-0.27260000000000195
2016-03-08 00:00:00,-0.302600000000002
2016-03-09 00:00:00,-0.27260000000000195
2016-03-10 00:00:00,-0.28260000000000196
2016-03-11 00:00:00,-0.28260000000000196
2016-03-14 00:00:00,-0.302600000000002
2016-03-15 00:00:00,-0.322600000000002
2016-03-16 00:00:00,-0.27260000000000195
2016-03-17 00:00:00,-0.25260000000000193
2016-03-18 00:00:00,-0.26260000000000194
2016-03-21 00:00:00,-0.26260000000000194
2016-03-22 00:00:00,-0.25260000000000193
2016-03-23 00:00:00,-0.29260000000000197
2016-03-24 00:00:00,-0.29260000000000197
2016-03-28 00:00:00,-0.312600000000002
2016-03-29 00:00:00,-0.342600000000002
2016-03-30 00:00:00,-0.332600000000002
2016-03-31 00:00:00,-0.322600000000002
2016-04-01 00:00:00,-0.37260000000000204
2016-04-04 00:00:00,-0.41260000000000185
2016-04-05 00:00:00,-0.43260000000000187
2016-04-06 00:00:00,-0.36260000000000203
2016-04-07 00:00:00,-0.38260000000000205
2016-04-08 00:00:00,-0.312600000000002
2016-04-11 00:00:00,-0.29260000000000197
2016-04-12 00:00:00,-0.24260000000000193
2016-04-13 00:00:00,-0.25260000000000193
2016-04-14 00:00:00,-0.26260000000000194
2016-04-15 00:00:00,-0.28260000000000196
2016-04-18 00:00:00,-0.28260000000000196
2016-04-19 00:00:00,-0.26260000000000194
2016-04-20 00:00:00,-0.19260000000000188
2016-04-21 00:00:00,-0.2226000000000019
2016-04-22 00:00:00,-0.2126000000000019
2016-04-25 00:00:00,-0.23260000000000192
2016-04-26 00:00:00,-0.19260000000000188
2016-04-27 00:00:00,-0.15260000000000207
2016-04-28 00:00:00,-0.12260000000000204
2016-04-29 00:00:00,-0.15260000000000207
2016-05-02 00:00:00,-0.18260000000000187
2016-05-03 00:00:00,-0.2026000000000019
2016-05-04 00:00:00,-0.2026000000000019
2016-05-05 00:00:00,-0.2026000000000019
2016-05-06 00:00:00,-0.19260000000000188
2016-05-09 00:00:00,-0.24260000000000193
2016-05-10 00:00:00,-0.19260000000000188
2016-05-11 00:00:00,-0.13260000000000205
2016-05-12 00:00:00,-0.13260000000000205
2016-05-13 00:00:00,-0.13260000000000205
2016-05-16 00:00:00,-0.09260000000000201
2016-05-17 00:00:00,-0.072600000000002
2016-05-18 00:00:00,-0.05260000000000198
2016-05-19 00:00:00,-0.06260000000000199
2016-05-20 00:00:00,-0.05260000000000198
2016-05-23 00:00:00,-0.06260000000000199
2016-05-24 00:00:00,-0.05260000000000198
2016-05-25 00:00:00,-0.03260000000000196
2016-05-26 00:00:00,-0.04260000000000197
2016-05-27 00:00:00,-0.04260000000000197
2016-05-31 00:00:00,-0.04260000000000197
2016-06-01 00:00:00,-0.04260000000000197
2016-06-02 00:00:00,-0.03260000000000196
2016-06-03 00:00:00,-0.05260000000000198
2016-06-06 00:00:00,-0.04260000000000197
2016-06-07 00:00:00,-0.002600000000001934
2016-06-08 00:00:00,0.027399999999998093
2016-06-09 00:00:00,0.007399999999998075
2016-06-10 00:00:00,-0.03260000000000196
2016-06-13 00:00:00,-0.03260000000000196
2016-06-14 00:00:00,-0.04260000000000197
2016-06-15 00:00:00,-0.06260000000000199
2016-06-16 00:00:00,-0.12260000000000204
2016-06-17 00:00:00,-0.06260000000000199
2016-06-20 00:00:00,-0.012600000000001943
2016-06-21 00:00:00,-0.022600000000001952
2016-06-22 00:00:00,-0.03260000000000196
2016-06-23 00:00:00,-0.012600000000001943
2016-06-24 00:00:00,-0.072600000000002
2016-06-27 00:00:00,-0.10260000000000202
2016-06-28 00:00:00,-0.06260000000000199
2016-06-29 00:00:00,-0.002600000000001934
2016-06-30 00:00:00,-0.05260000000000198
2016-07-01 00:00:00,-0.03260000000000196
2016-07-05 00:00:00,-0.09260000000000201
2016-07-06 00:00:00,-0.072600000000002
2016-07-07 00:00:00,-0.13260000000000205
2016-07-08 00:00:00,-0.12260000000000204
2016-07-11 00:00:00,-0.12260000000000204
2016-07-12 00:00:00,-0.082600000000002
2016-07-13 00:00:00,-0.15260000000000207
2016-07-14 00:00:00,-0.13260000000000205
2016-07-15 00:00:00,-0.14260000000000206
2016-07-18 00:00:00,-0.16260000000000208
2016-07-19 00:00:00,-0.16260000000000208
2016-07-20 00:00:00,-0.14260000000000206
2016-07-21 00:00:00,-0.17260000000000209
2016-07-22 00:00:00,-0.1826000000000021
2016-07-25 00:00:00,-0.21260000000000212
2016-07-26 00:00:00,-0.21260000000000212
2016-07-27 00:00:00,-0.24260000000000193
2016-07-28 00:00:00,-0.27260000000000195
2016-07-29 00:00:00,-0.26260000000000194
2016-08-01 00:00:00,-0.312600000000002
2016-08-02 00:00:00,-0.312600000000002
2016-08-03 00:00:00,-0.28260000000000196
2016-08-04 00:00:00,-0.24260000000000193
2016-08-05 00:00:00,-0.25260000000000193
2016-08-08 00:00:00,-0.2226000000000019
2016-08-09 00:00:00,-0.23260000000000192
2016-08-10 00:00:00,-0.25260000000000193
2016-08-11 00:00:00,-0.1926000000000021
2016-08-12 00:00:00,-0.16260000000000208
2016-08-15 00:00:00,-0.12260000000000204
2016-08-16 00:00:00,-0.11260000000000203
2016-08-17 00:00:00,-0.09260000000000201
2016-08-18 00:00:00,-0.05260000000000198
2016-08-19 00:00:00,-0.05260000000000198
2016-08-22 00:00:00,-0.09260000000000201
2016-08-23 00:00:00,-0.072600000000002
2016-08-24 00:00:00,-0.09260000000000201
2016-08-25 00:00:00,-0.072600000000002
2016-08-26 00:00:00,-0.082600000000002
2016-08-29 00:00:00,-0.09260000000000201
2016-08-30 00:00:00,-0.11260000000000203
2016-08-31 00:00:00,-0.17260000000000209
2016-09-01 00:00:00,-0.21260000000000212
2016-09-02 00:00:00,-0.1826000000000021
2016-09-06 00:00:00,-0.1826000000000021
2016-09-07 00:00:00,-0.16260000000000208
2016-09-08 00:00:00,-0.11260000000000203
2016-09-09 00:00:00,-0.16260000000000208
2016-09-12 00:00:00,-0.15260000000000207
2016-09-13 00:00:00,-0.17260000000000209
2016-09-14 00:00:00,-0.21260000000000212
2016-09-15 00:00:00,-0.1826000000000021
2016-09-16 00:00:00,-0.1926000000000021
2016-09-19 00:00:00,-0.2026000000000021
2016-09-20 00:00:00,-0.1926000000000021
2016-09-21 00:00:00,-0.16260000000000208
2016-09-22 00:00:00,-0.14260000000000206
2016-09-23 00:00:00,-0.1926000000000021
2016-09-26 00:00:00,-0.15260000000000207
2016-09-27 00:00:00,-0.1926000000000021
2016-09-28 00:00:00,-0.11260000000000203
2016-09-29 00:00:00,-0.09260000000000201
2016-09-30 00:00:00,-0.072600000000002
2016-10-03 00:00:00,-0.06260000000000199
2016-10-04 00:00:00,-0.05260000000000198
2016-10-05 00:00:00,-0.03260000000000196
2016-10-06 00:00:00,-0.012600000000001943
2016-10-07 00:00:00,-0.03260000000000196
2016-10-10 00:00:00,0.007399999999997853
2016-10-11 00:00:00,-0.022600000000001952
2016-10-12 00:00:00,-0.03260000000000196
2016-10-13 00:00:00,-0.022600000000001952
2016-10-14 00:00:00,-0.03260000000000196
2016-10-17 00:00:00,-0.04260000000000197
2016-10-18 00:00:00,-0.03260000000000196
2016-10-19 00:00:00,-0.012600000000002165
2016-10-20 00:00:00,-0.04260000000000197
2016-10-21 00:00:00,-0.03260000000000196
2016-10-24 00:00:00,-0.022600000000001952
2016-10-25 00:00:00,-0.04260000000000197
2016-10-26 00:00:00,-0.05260000000000198
2016-10-27 00:00:00,-0.03260000000000196
2016-10-28 00:00:00,-0.06260000000000199
2016-10-31 00:00:00,-0.12260000000000204
2016-11-01 00:00:00,-0.11260000000000203
2016-11-02 00:00:00,-0.15260000000000207
2016-11-03 00:00:00,-0.16260000000000208
2016-11-04 00:00:00,-0.1926000000000021
2016-11-07 00:00:00,-0.1826000000000021
2016-11-08 00:00:00,-0.1826000000000021
2016-11-09 00:00:00,-0.1826000000000021
2016-11-10 00:00:00,-0.1926000000000021
2016-11-11 00:00:00,-0.22260000000000213
2016-11-14 00:00:00,-0.24260000000000215
2016-11-15 00:00:00,-0.1826000000000021
2016-11-16 00:00:00,-0.1926000000000021
2016-11-17 00:00:00,-0.1826000000000021
2016-11-18 00:00:00,-0.17260000000000209
2016-11-21 00:00:00,-0.10260000000000202
2016-11-22 00:00:00,-0.09260000000000201
2016-11-23 00:00:00,-0.10260000000000202
2016-11-25 00:00:00,-0.15260000000000207
2016-11-28 00:00:00,-0.11260000000000203
2016-11-29 00:00:00,-0.16260000000000208
2016-11-30 00:00:00,-0.06260000000000199
2016-12-01 00:00:00,0.007399999999997853
2016-12-02 00:00:00,0.01739999999999786
2016-12-05 00:00:00,0.01739999999999786
2016-12-06 00:00:00,-0.002600000000002156
2016-12-07 00:00:00,-0.012600000000002165
2016-12-08 00:00:00,-0.012600000000002165
2016-12-09 00:00:00,-0.002600000000002156
2016-12-12 00:00:00,0.03739999999999788
2016-12-13 00:00:00,0.03739999999999788
2016-12-14 00:00:00,0.007399999999997853
2016-12-15 00:00:00,0.007399999999997853
2016-12-16 00:00:00,0.03739999999999788
2016-12-19 00:00:00,0.03739999999999788
2016-12-20 00:00:00,0.03739999999999788
2016-12-21 00:00:00,0.01739999999999786
2016-12-22 00:00:00,0.02739999999999787
2016-12-23 00:00:00,0.02739999999999787
2016-12-27 00:00:00,0.0673999999999979
2016-12-28 00:00:00,0.0673999999999979
2016-12-29 00:00:00,0.0673999999999979
2016-12-30 00:00:00,0.07739999999999791
2017-01-03 00:00:00,0.02739999999999787
2017-01-04 00:00:00,0.04739999999999789
2017-01-05 00:00:00,0.04739999999999789
2017-01-06 00:00:00,0.0573999999999979
2017-01-09 00:00:00,-0.012600000000002165
2017-01-10 00:00:00,-0.04260000000000197
2017-01-11 00:00:00,-0.002600000000002156
2017-01-12 00:00:00,0.01739999999999786
2017-01-13 00:00:00,-0.002600000000002156
2017-01-17 00:00:00,-0.002600000000002156
2017-01-18 00:00:00,-0.04260000000000219
2017-01-19 00:00:00,-0.03260000000000218
2017-01-20 00:00:00,-0.002600000000002156
2017-01-23 00:00:00,-0.012600000000002165
2017-01-24 00:00:00,-0.002600000000002156
2017-01-25 00:00:00,-0.03260000000000218
2017-01-26 00:00:00,-0.002600000000002156
2017-01-27 00:00:00,-0.03260000000000218
2017-01-30 00:00:00,-0.04260000000000219
2017-01-31 00:00:00,-0.03260000000000218
2017-02-01 00:00:00,0.007399999999997853
2017-02-02 00:00:00,-0.012600000000002165
2017-02-03 00:00:00,-0.002600000000002156
2017-02-06 00:00:00,-0.022600000000002174
2017-02-07 00:00:00,-0.04260000000000219
2017-02-08 00:00:00,-0.03260000000000218
2017-02-09 00:00:00,-0.022600000000002174
2017-02-10 00:00:00,0.007399999999997853
2017-02-13 00:00:00,-0.03260000000000218
2017-02-14 00:00:00,-0.022600000000002174
2017-02-15 00:00:00,-0.03260000000000218
2017-02-16 00:00:00,-0.03260000000000218
2017-02-17 00:00:00,-0.022600000000002174
2017-02-21 00:00:00,-0.022600000000002174
2017-02-22 00:00:00,-0.03260000000000218
2017-02-23 00:00:00,-0.012600000000002165
2017-02-24 00:00:00,-0.022600000000002174
2017-02-27 00:00:00,-0.022600000000002174
2017-02-28 00:00:00,-0.03260000000000218
2017-03-01 00:00:00,-0.0526000000000022
2017-03-02 00:00:00,-0.09260000000000201
2017-03-03 00:00:00,-0.072600000000002
2017-03-06 00:00:00,-0.072600000000002
2017-03-07 00:00:00,-0.06260000000000199
2017-03-08 00:00:00,-0.11260000000000203
2017-03-09 00:00:00,-0.14260000000000206
2017-03-10 00:00:00,-0.17260000000000209
2017-03-13 00:00:00,-0.17260000000000209
2017-03-14 00:00:00,-0.1826000000000021
2017-03-15 00:00:00,-0.16260000000000208
2017-03-16 00:00:00,-0.17260000000000209
2017-03-17 00:00:00,-0.17260000000000209
2017-03-20 00:00:00,-0.16260000000000208
2017-03-21 00:00:00,-0.17260000000000209
2017-03-22 00:00:00,-0.1826000000000021
2017-03-23 00:00:00,-0.1926000000000021
2017-03-24 00:00:00,-0.1826000000000021
2017-03-27 00:00:00,-0.17260000000000209
2017-03-28 00:00:00,-0.16260000000000208
2017-03-29 00:00:00,-0.14260000000000206
2017-03-30 00:00:00,-0.12260000000000204
2017-03-31 00:00:00,-0.11260000000000203
2017-04-03 00:00:00,-0.12260000000000204
2017-04-04 00:00:00,-0.09260000000000201
2017-04-05 00:00:00,-0.082600000000002
2017-04-06 00:00:00,-0.072600000000002
2017-04-07 00:00:00,-0.06260000000000221
2017-04-10 00:00:00,-0.04260000000000219
2017-04-11 00:00:00,-0.03260000000000218
2017-04-12 00:00:00,-0.03260000000000218
2017-04-13 00:00:00,-0.03260000000000218
2017-04-17 00:00:00,-0.0526000000000022
2017-04-18 00:00:00,-0.06260000000000221
2017-04-19 00:00:00,-0.10260000000000202
2017-04-20 00:00:00,-0.11260000000000203
2017-04-21 00:00:00,-0.13260000000000205
2017-04-24 00:00:00,-0.15260000000000207
2017-04-25 00:00:00,-0.14260000000000206
2017-04-26 00:00:00,-0.15260000000000207
2017-04-27 00:00:00,-0.1826000000000021
2017-04-28 00:00:00,-0.1826000000000021
2017-05-01 00:00:00,-0.2026000000000021
2017-05-02 00:00:00,-0.22260000000000213
2017-05-03 00:00:00,-0.22260000000000213
2017-05-04 00:00:00,-0.2826000000000022
2017-05-05 00:00:00,-0.26260000000000217
2017-05-08 00:00:00,-0.24260000000000215
2017-05-09 00:00:00,-0.25260000000000216
2017-05-10 00:00:00,-0.22260000000000213
2017-05-11 00:00:00,-0.2026000000000021
2017-05-12 00:00:00,-0.2026000000000021
2017-05-15 00:00:00,-0.1826000000000021
2017-05-16 00:00:00,-0.1826000000000021
2017-05-17 00:00:00,-0.16260000000000208
2017-05-18 00:00:00,-0.15260000000000207
2017-05-19 00:00:00,-0.11260000000000203
2017-05-22 00:00:00,-0.09260000000000201
2017-05-23 00:00:00,-0.09260000000000201
2017-05-24 00:00:00,-0.09260000000000201
2017-05-25 00:00:00,-0.15260000000000207
2017-05-26 00:00:00,-0.14260000000000206
2017-05-30 00:00:00,-0.15260000000000207
2017-05-31 00:00:00,-0.1826000000000021
2017-06-01 00:00:00,-0.2026000000000021
2017-06-02 00:00:00,-0.22260000000000213
2017-06-05 00:00:00,-0.24260000000000215
2017-06-06 00:00:00,-0.23260000000000214
2017-06-07 00:00:00,-0.2926000000000022
2017-06-08 00:00:00,-0.2826000000000022
2017-06-09 00:00:00,-0.2726000000000022
2017-06-12 00:00:00,-0.2826000000000022
2017-06-13 00:00:00,-0.26260000000000217
2017-06-14 00:00:00,-0.2926000000000022
2017-06-15 00:00:00,-0.2926000000000022
2017-06-16 00:00:00,-0.2826000000000022
2017-06-19 00:00:00,-0.2926000000000022
2017-06-20 00:00:00,-0.3126000000000022
2017-06-21 00:00:00,-0.34260000000000224
2017-06-22 00:00:00,-0.3326000000000022
2017-06-23 00:00:00,-0.3326000000000022
2017-06-26 00:00:00,-0.3226000000000022
2017-06-27 00:00:00,-0.2926000000000022
2017-06-28 00:00:00,-0.2726000000000022
2017-06-29 00:00:00,-0.26260000000000217
2017-06-30 00:00:00,-0.23260000000000214
2017-07-03 00:00:00,-0.2026000000000021
2017-07-05 00:00:00,-0.24260000000000215
2017-07-06 00:00:00,-0.23260000000000214
2017-07-07 00:00:00,-0.2726000000000022
2017-07-10 00:00:00,-0.26260000000000217
2017-07-11 00:00:00,-0.24260000000000215
2017-07-12 00:00:00,-0.24260000000000215
2017-07-13 00:00:00,-0.22260000000000213
2017-07-14 00:00:00,-0.2026000000000021
2017-07-17 00:00:00,-0.22260000000000213
2017-07-18 00:00:00,-0.21260000000000212
2017-07-19 00:00:00,-0.17260000000000209
2017-07-20 00:00:00,-0.1826000000000021
2017-07-21 00:00:00,-0.2026000000000021
2017-07-24 00:00:00,-0.2026000000000021
2017-07-25 00:00:00,-0.15260000000000207
2017-07-26 00:00:00,-0.13260000000000205
2017-07-27 00:00:00,-0.12260000000000204
2017-07-28 00:00:00,-0.09260000000000224
2017-07-31 00:00:00,-0.06260000000000221
2017-08-01 00:00:00,-0.09260000000000224
2017-08-02 00:00:00,-0.07260000000000222
2017-08-03 00:00:00,-0.09260000000000224
2017-08-04 00:00:00,-0.08260000000000223
2017-08-07 00:00:00,-0.09260000000000224
2017-08-08 00:00:00,-0.10260000000000224
2017-08-09 00:00:00,-0.07260000000000222
2017-08-10 00:00:00,-0.10260000000000224
2017-08-11 00:00:00,-0.09260000000000224
2017-08-14 00:00:00,-0.12260000000000204
2017-08-15 00:00:00,-0.13260000000000205
2017-08-16 00:00:00,-0.15260000000000207
2017-08-17 00:00:00,-0.14260000000000206
2017-08-18 00:00:00,-0.10260000000000224
2017-08-21 00:00:00,-0.15260000000000207
2017-08-22 00:00:00,-0.13260000000000205
2017-08-23 00:00:00,-0.10260000000000224
2017-08-24 00:00:00,-0.10260000000000224
2017-08-25 00:00:00,-0.10260000000000224
2017-08-28 00:00:00,-0.10260000000000224
2017-08-29 00:00:00,-0.08260000000000223
2017-08-30 00:00:00,-0.09260000000000224
2017-08-31 00:00:00,-0.012600000000002165
2017-09-01 00:00:00,-0.002600000000002156
2017-09-05 00:00:00,-0.002600000000002156
2017-09-06 00:00:00,0.01739999999999786
2017-09-07 00:00:00,0.03739999999999788
2017-09-08 00:00:00,0.01739999999999786
2017-09-11 00:00:00,-0.002600000000002156
2017-09-12 00:00:00,-0.002600000000002156
2017-09-13 00:00:00,0.02739999999999787
2017-09-14 00:00:00,0.03739999999999788
2017-09-15 00:00:00,0.0573999999999979
2017-09-18 00:00:00,0.03739999999999788
2017-09-19 00:00:00,0.03739999999999788
2017-09-20 00:00:00,0.0673999999999979
2017-09-21 00:00:00,0.07739999999999791
2017-09-22 00:00:00,0.07739999999999791
2017-09-25 00:00:00,0.11739999999999795
2017-09-26 00:00:00,0.10739999999999794
2017-09-27 00:00:00,0.10739999999999794
2017-09-28 00:00:00,0.09739999999999793
2017-09-29 00:00:00,0.08739999999999792
2017-10-02 00:00:00,0.03739999999999788
2017-10-03 00:00:00,0.02739999999999787
2017-10-04 00:00:00,0.04739999999999789
2017-10-05 00:00:00,0.0573999999999979
2017-10-06 00:00:00,0.01739999999999786
2017-10-09 00:00:00,0.007399999999997853
2017-10-10 00:00:00,0.03739999999999788
2017-10-11 00:00:00,0.0673999999999979
2017-10-12 00:00:00,0.04739999999999789
2017-10-13 00:00:00,0.07739999999999791
2017-10-16 00:00:00,0.08739999999999792
2017-10-17 00:00:00,0.08739999999999792
2017-10-18 00:00:00,0.07739999999999791
2017-10-19 00:00:00,0.0573999999999979
2017-10-20 00:00:00,0.07739999999999791
2017-10-23 00:00:00,0.0673999999999979
2017-10-24 00:00:00,0.09739999999999793
2017-10-25 00:00:00,0.09739999999999793
2017-10-26 00:00:00,0.11739999999999795
2017-10-27 00:00:00,0.14739999999999753
2017-10-30 00:00:00,0.15739999999999732
2017-10-31 00:00:00,0.15739999999999732
2017-11-01 00:00:00,0.13739999999999775
2017-11-02 00:00:00,0.13739999999999775
2017-11-03 00:00:00,0.167399999999998
2017-11-06 00:00:00,0.21739999999999782
2017-11-07 00:00:00,0.20739999999999803
2017-11-08 00:00:00,0.20739999999999803
2017-11-09 00:00:00,0.2273999999999976
2017-11-10 00:00:00,0.21739999999999782
2017-11-13 00:00:00,0.21739999999999782
2017-11-14 00:00:00,0.18739999999999757
2017-11-15 00:00:00,0.18739999999999757
2017-11-16 00:00:00,0.18739999999999757
2017-11-17 00:00:00,0.2373999999999974
2017-11-20 00:00:00,0.21739999999999782
2017-11-21 00:00:00,0.2273999999999976
2017-11-22 00:00:00,0.21739999999999782
2017-11-24 00:00:00,0.24739999999999718
2017-11-27 00:00:00,0.2373999999999974
2017-11-28 00:00:00,0.2373999999999974
2017-11-29 00:00:00,0.20739999999999803
2017-11-30 00:00:00,0.18739999999999757
2017-12-01 00:00:00,0.2273999999999976
2017-12-04 00:00:00,0.18739999999999757
2017-12-05 00:00:00,0.19739999999999736
2017-12-06 00:00:00,0.14739999999999753
2017-12-07 00:00:00,0.18739999999999757
2017-12-08 00:00:00,0.21739999999999782
2017-12-11 00:00:00,0.2373999999999974
2017-12-12 00:00:00,0.21739999999999782
2017-12-13 00:00:00,0.18739999999999757
2017-12-14 00:00:00,0.19739999999999736
2017-12-15 00:00:00,0.19739999999999736
2017-12-18 00:00:00,0.21739999999999782
2017-12-19 00:00:00,0.2273999999999976
2017-12-20 00:00:00,0.2373999999999974
2017-12-21 00:00:00,0.24739999999999718
2017-12-22 00:00:00,0.25739999999999785
2017-12-26 00:00:00,0.31739999999999746
2017-12-27 00:00:00,0.31739999999999746
2017-12-28 00:00:00,0.32739999999999814
2017-12-29 00:00:00,0.3373999999999979
2018-01-02 00:00:00,0.32739999999999814
2018-01-03 00:00:00,0.3673999999999973
2018-01-04 00:00:00,0.3573999999999975
2018-01-05 00:00:00,0.3373999999999979
2018-01-08 00:00:00,0.3373999999999979
2018-01-09 00:00:00,0.3573999999999975
2018-01-10 00:00:00,0.3673999999999973
2018-01-11 00:00:00,0.3673999999999973
2018-01-12 00:00:00,0.37739999999999707
2018-01-16 00:00:00,0.3573999999999975
2018-01-17 00:00:00,0.3673999999999973
2018-01-18 00:00:00,0.3673999999999973
2018-01-19 00:00:00,0.3573999999999975
2018-01-22 00:00:00,0.3573999999999975
2018-01-23 00:00:00,0.38739999999999686
2018-01-24 00:00:00,0.39739999999999753
2018-01-25 00:00:00,0.4073999999999973
2018-01-26 00:00:00,0.4173999999999971
2018-01-29 00:00:00,0.39739999999999753
2018-01-30 00:00:00,0.3673999999999973
2018-01-31 00:00:00,0.3673999999999973
2018-02-01 00:00:00,0.39739999999999753
2018-02-02 00:00:00,0.3573999999999975
2018-02-05 00:00:00,0.32739999999999814
2018-02-06 00:00:00,0.2973999999999979
2018-02-07 00:00:00,0.24739999999999718
2018-02-08 00:00:00,0.2373999999999974
2018-02-09 00:00:00,0.167399999999998
2018-02-12 00:00:00,0.1573999999999982
2018-02-13 00:00:00,0.1573999999999982
2018-02-14 00:00:00,0.19739999999999736
2018-02-15 00:00:00,0.19739999999999736
2018-02-16 00:00:00,0.21739999999999782
2018-02-20 00:00:00,0.2373999999999974
2018-02-21 00:00:00,0.24739999999999718
2018-02-22 00:00:00,0.26739999999999764
2018-02-23 00:00:00,0.2873999999999981
2018-02-26 00:00:00,0.2973999999999979
2018-02-27 00:00:00,0.2873999999999981
2018-02-28 00:00:00,0.21739999999999782
2018-03-01 00:00:00,0.20739999999999803
2018-03-02 00:00:00,0.19739999999999736
2018-03-05 00:00:00,0.21739999999999782
2018-03-06 00:00:00,0.2273999999999976
2018-03-07 00:00:00,0.19739999999999736
2018-03-08 00:00:00,0.17739999999999778
2018-03-09 00:00:00,0.20739999999999803
2018-03-12 00:00:00,0.18739999999999757
2018-03-13 00:00:00,0.19739999999999736
2018-03-14 00:00:00,0.20739999999999803
2018-03-15 00:00:00,0.21739999999999782
2018-03-16 00:00:00,0.2373999999999974
2018-03-19 00:00:00,0.2373999999999974
2018-03-20 00:00:00,0.2773999999999974
2018-03-21 00:00:00,0.32739999999999814
2018-03-22 00:00:00,0.31739999999999746
2018-03-23 00:00:00,0.3373999999999979
2018-03-26 00:00:00,0.3373999999999979
2018-03-27 00:00:00,0.3373999999999979
2018-03-28 00:00:00,0.32739999999999814
2018-03-29 00:00:00,0.3373999999999979
2018-04-02 00:00:00,0.2973999999999979
2018-04-03 00:00:00,0.3073999999999977
2018-04-04 00:00:00,0.2873999999999981
2018-04-05 00:00:00,0.2873999999999981
2018-04-06 00:00:00,0.26739999999999764
2018-04-09 00:00:00,0.3073999999999977
2018-04-10 00:00:00,0.37739999999999707
2018-04-11 00:00:00,0.39739999999999753
2018-04-12 00:00:00,0.39739999999999753
2018-04-13 00:00:00,0.4073999999999973
2018-04-16 00:00:00,0.37739999999999707
2018-04-17 00:00:00,0.3673999999999973
2018-04-18 00:00:00,0.4073999999999973
2018-04-19 00:00:00,0.4173999999999971
2018-04-20 00:00:00,0.4273999999999969
2018-04-23 00:00:00,0.44739999999999736
2018-04-24 00:00:00,0.4273999999999969
2018-04-25 00:00:00,0.43739999999999757
2018-04-26 00:00:00,0.44739999999999736
2018-04-27 00:00:00,0.44739999999999736
2018-04-30 00:00:00,0.45739999999999714
2018-05-01 00:00:00,0.4173999999999971
2018-05-02 00:00:00,0.4273999999999969
2018-05-03 00:00:00,0.4273999999999969
2018-05-04 00:00:00,0.46739999999999693
2018-05-07 00:00:00,0.4973999999999972
2018-05-08 00:00:00,0.46739999999999693
2018-05-09 00:00:00,0.5273999999999974
2018-05-10 00:00:00,0.5373999999999972
2018-05-11 00:00:00,0.5373999999999972
2018-05-14 00:00:00,0.5573999999999977
2018-05-15 00:00:00,0.5573999999999977
2018-05-16 00:00:00,0.5773999999999972
2018-05-17 00:00:00,0.587399999999997
2018-05-18 00:00:00,0.5773999999999972
2018-05-21 00:00:00,0.587399999999997
2018-05-22 00:00:00,0.5973999999999968
2018-05-23 00:00:00,0.6073999999999975
2018-05-24 00:00:00,0.5773999999999972
2018-05-25 00:00:00,0.5173999999999976
2018-05-29 00:00:00,0.4973999999999972
2018-05-30 00:00:00,0.547399999999997
2018-05-31 00:00:00,0.5273999999999974
2018-06-01 00:00:00,0.4973999999999972
2018-06-04 00:00:00,0.4773999999999976
2018-06-05 00:00:00,0.46739999999999693
2018-06-06 00:00:00,0.44739999999999736
2018-06-07 00:00:00,0.4973999999999972
2018-06-08 00:00:00,0.4873999999999974
2018-06-11 00:00:00,0.4773999999999976
2018-06-12 00:00:00,0.4773999999999976
2018-06-13 00:00:00,0.507399999999997
2018-06-14 00:00:00,0.4773999999999976
2018-06-15 00:00:00,0.4073999999999973
2018-06-18 00:00:00,0.45739999999999714
2018-06-19 00:00:00,0.44739999999999736
2018-06-20 00:00:00,0.43739999999999757
2018-06-21 00:00:00,0.39739999999999753
2018-06-22 00:00:00,0.44739999999999736
2018-06-25 00:00:00,0.4273999999999969
2018-06-26 00:00:00,0.45739999999999714
2018-06-27 00:00:00,0.507399999999997
2018-06-28 00:00:00,0.507399999999997
2018-06-29 00:00:00,0.5373999999999972
2018-07-02 00:00:00,0.4773999999999976
2018-07-03 00:00:00,0.4873999999999974
2018-07-05 00:00:00,0.4973999999999972
2018-07-06 00:00:00,0.4973999999999972
2018-07-09 00:00:00,0.5173999999999976
2018-07-10 00:00:00,0.547399999999997
2018-07-11 00:00:00,0.4273999999999969
2018-07-12 00:00:00,0.44739999999999736
2018-07-13 00:00:00,0.45739999999999714
2018-07-16 00:00:00,0.37739999999999707
2018-07-17 00:00:00,0.39739999999999753
2018-07-18 00:00:00,0.4173999999999971
2018-07-19 00:00:00,0.4173999999999971
2018-07-20 00:00:00,0.4273999999999969
2018-07-23 00:00:00,0.44739999999999736
2018-07-24 00:00:00,0.45739999999999714
2018-07-25 00:00:00,0.4773999999999976
2018-07-26 00:00:00,0.507399999999997
2018-07-27 00:00:00,0.4873999999999974
2018-07-30 00:00:00,0.4973999999999972
2018-07-31 00:00:00,0.46739999999999693
2018-08-01 00:00:00,0.4173999999999971
2018-08-02 00:00:00,0.45739999999999714
2018-08-03 00:00:00,0.44739999999999736
2018-08-06 00:00:00,0.46739999999999693
2018-08-07 00:00:00,0.4873999999999974
2018-08-08 00:00:00,0.43739999999999757
2018-08-09 00:00:00,0.43739999999999757
2018-08-10 00:00:00,0.45739999999999714
2018-08-13 00:00:00,0.45739999999999714
2018-08-14 00:00:00,0.44739999999999736
2018-08-15 00:00:00,0.4073999999999973
2018-08-16 00:00:00,0.4173999999999971
2018-08-17 00:00:00,0.4273999999999969
2018-08-20 00:00:00,0.43739999999999757
2018-08-21 00:00:00,0.44739999999999736
2018-08-22 00:00:00,0.4973999999999972
2018-08-23 00:00:00,0.4973999999999972
2018-08-24 00:00:00,0.5273999999999974
2018-08-27 00:00:00,0.5373999999999972
2018-08-28 00:00:00,0.5373999999999972
2018-08-29 00:00:00,0.5673999999999975
2018-08-30 00:00:00,0.5773999999999972
2018-08-31 00:00:00,0.5673999999999975
2018-09-04 00:00:00,0.5773999999999972
2018-09-05 00:00:00,0.5573999999999977
2018-09-06 00:00:00,0.5273999999999974
2018-09-07 00:00:00,0.5373999999999972
2018-09-10 00:00:00,0.5373999999999972
2018-09-11 00:00:00,0.5773999999999972
2018-09-12 00:00:00,0.5773999999999972
2018-09-13 00:00:00,0.547399999999997
2018-09-14 00:00:00,0.5273999999999974
2018-09-17 00:00:00,0.5273999999999974
2018-09-18 00:00:00,0.5573999999999977
2018-09-19 00:00:00,0.5673999999999975
2018-09-20 00:00:00,0.5573999999999977
2018-09-21 00:00:00,0.5573999999999977
2018-09-24 00:00:00,0.6073999999999975
2018-09-25 00:00:00,0.6273999999999971
2018-09-26 00:00:00,0.6273999999999971
2018-09-27 00:00:00,0.6473999999999975
2018-09-28 00:00:00,0.6673999999999971
2018-10-01 00:00:00,0.7273999999999976
2018-10-02 00:00:00,0.7273999999999976
2018-10-03 00:00:00,0.757399999999997
2018-10-04 00:00:00,0.7173999999999969
2018-10-05 00:00:00,0.7173999999999969
2018-10-08 00:00:00,0.7173999999999969
2018-10-09 00:00:00,0.7473999999999972
2018-10-10 00:00:00,0.7173999999999969
2018-10-11 00:00:00,0.6473999999999975
2018-10-12 00:00:00,0.6373999999999969
2018-10-15 00:00:00,0.6473999999999975
2018-10-16 00:00:00,0.6573999999999973
2018-10-17 00:00:00,0.6273999999999971
2018-10-18 00:00:00,0.6173999999999973
2018-10-19 00:00:00,0.6173999999999973
2018-10-22 00:00:00,0.6373999999999969
2018-10-23 00:00:00,0.5673999999999975
2018-10-24 00:00:00,0.5673999999999975
2018-10-25 00:00:00,0.5973999999999968
2018-10-26 00:00:00,0.6173999999999973
2018-10-29 00:00:00,0.5973999999999968
2018-10-30 00:00:00,0.5773999999999972
2018-10-31 00:00:00,0.5673999999999975
2018-11-01 00:00:00,0.5173999999999976
2018-11-02 00:00:00,0.4873999999999974
2018-11-05 00:00:00,0.507399999999997
2018-11-06 00:00:00,0.4973999999999972
2018-11-07 00:00:00,0.5373999999999972
2018-11-08 00:00:00,0.4773999999999976
2018-11-09 00:00:00,0.4773999999999976
2018-11-12 00:00:00,0.46739999999999693
2018-11-13 00:00:00,0.37739999999999707
2018-11-14 00:00:00,0.4073999999999973
2018-11-15 00:00:00,0.38739999999999686
2018-11-16 00:00:00,0.38739999999999686
2018-11-19 00:00:00,0.39739999999999664
2018-11-20 00:00:00,0.2973999999999979
2018-11-21 00:00:00,0.2873999999999972
2018-11-23 00:00:00,0.18739999999999757
2018-11-26 00:00:00,0.20739999999999714
2018-11-27 00:00:00,0.19739999999999736
2018-11-28 00:00:00,0.15739999999999732
2018-11-29 00:00:00,0.15739999999999732
2018-11-30 00:00:00,0.14739999999999753
2018-12-03 00:00:00,0.20739999999999714
2018-12-04 00:00:00,0.21739999999999782
2018-12-05 00:00:00,0.20739999999999714
2018-12-06 00:00:00,0.17739999999999778
2018-12-07 00:00:00,0.20739999999999714
2018-12-10 00:00:00,0.167399999999998
2018-12-11 00:00:00,0.167399999999998
2018-12-12 00:00:00,0.167399999999998
2018-12-13 00:00:00,0.19739999999999736
2018-12-14 00:00:00,0.167399999999998
2018-12-17 00:00:00,0.14739999999999753
2018-12-18 00:00:00,0.06739999999999768
2018-12-19 00:00:00,0.11739999999999773
2018-12-20 00:00:00,0.057399999999997675
2018-12-21 00:00:00,0.047399999999997666
2018-12-24 00:00:00,-0.022600000000002396
2018-12-26 00:00:00,0.047399999999997666
2018-12-27 00:00:00,-0.002600000000002378
2018-12-28 00:00:00,-0.012600000000002387
2018-12-31 00:00:00,0.007399999999997631
2019-01-02 00:00:00,0.02739999999999765
2019-01-03 00:00:00,0.06739999999999768
2019-01-04 00:00:00,0.09739999999999771
2019-01-07 00:00:00,0.10739999999999772
2019-01-08 00:00:00,0.15739999999999732
2019-01-09 00:00:00,0.20739999999999803
2019-01-10 00:00:00,0.2373999999999974
2019-01-11 00:00:00,0.20739999999999803
2019-01-14 00:00:00,0.17739999999999778
2019-01-15 00:00:00,0.19739999999999736
2019-01-16 00:00:00,0.21739999999999782
2019-01-17 00:00:00,0.20739999999999803
2019-01-18 00:00:00,0.2373999999999974
2019-01-22 00:00:00,0.2273999999999976
2019-01-23 00:00:00,0.21739999999999782
2019-01-24 00:00:00,0.21739999999999782
2019-01-25 00:00:00,0.2273999999999976
2019-01-28 00:00:00,0.17739999999999778
2019-01-29 00:00:00,0.2373999999999974
2019-01-30 00:00:00,0.2373999999999974
2019-01-31 00:00:00,0.21739999999999782
2019-02-01 00:00:00,0.25739999999999785
2019-02-04 00:00:00,0.24739999999999718
2019-02-05 00:00:00,0.2373999999999974
2019-02-06 00:00:00,0.25739999999999785
2019-02-07 00:00:00,0.2373999999999974
2019-02-08 00:00:00,0.24739999999999718
2019-02-11 00:00:00,0.2373999999999974
2019-02-12 00:00:00,0.24739999999999718
2019-02-13 00:00:00,0.2873999999999972
2019-02-14 00:00:00,0.31739999999999746
2019-02-15 00:00:00,0.3673999999999964
2019-02-19 00:00:00,0.3573999999999966
2019-02-20 00:00:00,0.37739999999999707
2019-02-21 00:00:00,0.38739999999999686
2019-02-22 00:00:00,0.38739999999999686
2019-02-25 00:00:00,0.32739999999999814
2019-02-26 00:00:00,0.3473999999999968
2019-02-27 00:00:00,0.37739999999999707
2019-02-28 00:00:00,0.37739999999999707
2019-03-01 00:00:00,0.3573999999999966
2019-03-04 00:00:00,0.3673999999999964
2019-03-05 00:00:00,0.3673999999999964
2019-03-06 00:00:00,0.3673999999999964
2019-03-07 00:00:00,0.3673999999999964
2019-03-08 00:00:00,0.3473999999999968
2019-03-11 00:00:00,0.3473999999999968
2019-03-12 00:00:00,0.3473999999999968
2019-03-13 00:00:00,0.3473999999999968
2019-03-14 00:00:00,0.3473999999999968
2019-03-15 00:00:00,0.32739999999999814
2019-03-18 00:00:00,0.32739999999999814
2019-03-19 00:00:00,0.3373999999999979
2019-03-20 00:00:00,0.3573999999999966
2019-03-21 00:00:00,0.3373999999999979
2019-03-22 00:00:00,0.31739999999999746
2019-03-25 00:00:00,0.32739999999999814
2019-03-26 00:00:00,0.3373999999999979
2019-03-27 00:00:00,0.32739999999999814
2019-03-28 00:00:00,0.31739999999999746
2019-03-29 00:00:00,0.31739999999999746
2019-04-01 00:00:00,0.3373999999999979
2019-04-02 00:00:00,0.3573999999999966
2019-04-03 00:00:00,0.3573999999999966
2019-04-04 00:00:00,0.3673999999999973
2019-04-05 00:00:00,0.39739999999999664
2019-04-08 00:00:00,0.4073999999999973
2019-04-09 00:00:00,0.39739999999999664
2019-04-10 00:00:00,0.4373999999999967
2019-04-11 00:00:00,0.4173999999999971
2019-04-12 00:00:00,0.4173999999999971
2019-04-15 00:00:00,0.4073999999999973
2019-04-16 00:00:00,0.4273999999999969
2019-04-17 00:00:00,0.4173999999999971
2019-04-18 00:00:00,0.4173999999999971
2019-04-22 00:00:00,0.44739999999999736
2019-04-23 00:00:00,0.46739999999999693
2019-04-24 00:00:00,0.44739999999999736
2019-04-25 00:00:00,0.44739999999999736
2019-04-26 00:00:00,0.39739999999999753
2019-04-29 00:00:00,0.39739999999999753
2019-04-30 00:00:00,0.4173999999999971
2019-05-01 00:00:00,0.43739999999999757
2019-05-02 00:00:00,0.4173999999999971
2019-05-03 00:00:00,0.4073999999999973
2019-05-06 00:00:00,0.4073999999999973
2019-05-07 00:00:00,0.37739999999999707
2019-05-08 00:00:00,0.39739999999999753
2019-05-09 00:00:00,0.38739999999999686
2019-05-10 00:00:00,0.38739999999999686
2019-05-13 00:00:00,0.37739999999999707
2019-05-14 00:00:00,0.39739999999999753
2019-05-15 00:00:00,0.4273999999999969
2019-05-16 00:00:00,0.45739999999999714
2019-05-17 00:00:00,0.4273999999999978
2019-05-20 00:00:00,0.4073999999999973
2019-05-21 00:00:00,0.4173999999999971
2019-05-22 00:00:00,0.37739999999999707
2019-05-23 00:00:00,0.2973999999999979
2019-05-24 00:00:00,0.3073999999999977
2019-05-28 00:00:00,0.32739999999999814
2019-05-29 00:00:00,0.2973999999999979
2019-05-30 00:00:00,0.24739999999999807
2019-05-31 00:00:00,0.17739999999999778
2019-06-03 00:00:00,0.13739999999999775
2019-06-04 00:00:00,0.1573999999999982
2019-06-05 00:00:00,0.11739999999999817
2019-06-06 00:00:00,0.11739999999999817
2019-06-07 00:00:00,0.1573999999999982
2019-06-10 00:00:00,0.13739999999999775
2019-06-11 00:00:00,0.1573999999999982
2019-06-12 00:00:00,0.11739999999999817
2019-06-13 00:00:00,0.14739999999999842
2019-06-14 00:00:00,0.167399999999998
2019-06-17 00:00:00,0.13739999999999775
2019-06-18 00:00:00,0.167399999999998
2019-06-19 00:00:00,0.167399999999998
2019-06-20 00:00:00,0.2273999999999976
2019-06-21 00:00:00,0.25739999999999785
2019-06-24 00:00:00,0.24739999999999807
2019-06-25 00:00:00,0.26739999999999764
2019-06-26 00:00:00,0.31739999999999835
2019-06-27 00:00:00,0.2973999999999979
2019-06-28 00:00:00,0.2773999999999983
2019-07-01 00:00:00,0.2873999999999981
2019-07-02 00:00:00,0.21739999999999782
2019-07-03 00:00:00,0.2373999999999974
2019-07-05 00:00:00,0.2373999999999974
2019-07-08 00:00:00,0.2273999999999976
2019-07-09 00:00:00,0.24739999999999807
2019-07-10 00:00:00,0.32739999999999814
2019-07-11 00:00:00,0.31739999999999835
2019-07-12 00:00:00,0.31739999999999835
2019-07-15 00:00:00,0.2873999999999981
2019-07-16 00:00:00,0.2373999999999974
2019-07-17 00:00:00,0.2273999999999976
2019-07-18 00:00:00,0.19739999999999824
2019-07-19 00:00:00,0.21739999999999782
2019-07-22 00:00:00,0.2273999999999976
2019-07-23 00:00:00,0.25739999999999785
2019-07-24 00:00:00,0.2373999999999974
2019-07-25 00:00:00,0.24739999999999807
2019-07-26 00:00:00,0.2373999999999974
2019-07-29 00:00:00,0.24739999999999807
2019-07-30 00:00:00,0.2773999999999983
2019-07-31 00:00:00,0.2973999999999979
2019-08-01 00:00:00,0.17739999999999778
2019-08-02 00:00:00,0.21739999999999782
2019-08-05 00:00:00,0.1573999999999982
2019-08-06 00:00:00,0.14739999999999842
2019-08-07 00:00:00,0.07739999999999814
2019-08-08 00:00:00,0.09739999999999815
2019-08-09 00:00:00,0.12739999999999796
2019-08-12 00:00:00,0.12739999999999796
2019-08-13 00:00:00,0.19739999999999824
2019-08-14 00:00:00,0.167399999999998
2019-08-15 00:00:00,0.13739999999999775
2019-08-16 00:00:00,0.13739999999999775
2019-08-19 00:00:00,0.1573999999999982
2019-08-20 00:00:00,0.17739999999999778
2019-08-21 00:00:00,0.18739999999999846
2019-08-22 00:00:00,0.167399999999998
2019-08-23 00:00:00,0.14739999999999842
2019-08-26 00:00:00,0.11739999999999817
2019-08-27 00:00:00,0.14739999999999842
2019-08-28 00:00:00,0.17739999999999778
2019-08-29 00:00:00,0.18739999999999846
2019-08-30 00:00:00,0.1573999999999982
2019-09-03 00:00:00,0.12739999999999796
2019-09-04 00:00:00,0.19739999999999824
2019-09-05 00:00:00,0.20739999999999803
2019-09-06 00:00:00,0.21739999999999782
2019-09-09 00:00:00,0.24739999999999807
2019-09-10 00:00:00,0.24739999999999807
2019-09-11 00:00:00,0.21739999999999782
2019-09-12 00:00:00,0.19739999999999824
2019-09-13 00:00:00,0.19739999999999824
2019-09-16 00:00:00,0.39739999999999753
2019-09-17 00:00:00,0.30739999999999856
2019-09-18 00:00:00,0.2973999999999979
2019-09-19 00:00:00,0.31739999999999835
2019-09-20 00:00:00,0.30739999999999856
2019-09-23 00:00:00,0.31739999999999835
2019-09-24 00:00:00,0.2873999999999981
2019-09-25 00:00:00,0.2673999999999985
2019-09-26 00:00:00,0.2673999999999985
2019-09-27 00:00:00,0.25739999999999785
2019-09-30 00:00:00,0.21739999999999782
2019-10-01 00:00:00,0.21739999999999782
2019-10-02 00:00:00,0.18739999999999846
2019-10-03 00:00:00,0.18739999999999846
2019-10-04 00:00:00,0.20739999999999803
2019-10-07 00:00:00,0.21739999999999782
2019-10-08 00:00:00,0.21739999999999782
2019-10-09 00:00:00,0.2273999999999976
2019-10-10 00:00:00,0.2273999999999976
2019-10-11 00:00:00,0.2673999999999985
2019-10-14 00:00:00,0.23739999999999828
2019-10-15 00:00:00,0.2273999999999976
2019-10-16 00:00:00,0.25739999999999785
2019-10-17 00:00:00,0.25739999999999785
2019-10-18 00:00:00,0.25739999999999785
2019-10-21 00:00:00,0.24739999999999807
2019-10-22 00:00:00,0.25739999999999785
2019-10-23 00:00:00,0.2773999999999983
2019-10-24 00:00:00,0.2973999999999979
2019-10-25 00:00:00,0.2973999999999979
2019-10-28 00:00:00,0.2873999999999981
2019-10-29 00:00:00,0.2773999999999983
2019-10-30 00:00:00,0.23739999999999828
2019-10-31 00:00:00,0.20739999999999803
2019-11-01 00:00:00,0.25739999999999785
2019-11-04 00:00:00,0.2673999999999985
2019-11-05 00:00:00,0.2873999999999981
2019-11-06 00:00:00,0.25739999999999785
2019-11-07 00:00:00,0.24739999999999807
2019-11-08 00:00:00,0.24739999999999807
2019-11-11 00:00:00,0.24739999999999807
2019-11-12 00:00:00,0.23739999999999828
2019-11-13 00:00:00,0.24739999999999807
2019-11-14 00:00:00,0.24739999999999807
2019-11-15 00:00:00,0.2773999999999983
2019-11-18 00:00:00,0.2273999999999976
2019-11-19 00:00:00,0.18739999999999846
2019-11-20 00:00:00,0.2273999999999976
2019-11-21 00:00:00,0.2773999999999983
2019-11-22 00:00:00,0.25739999999999785
2019-11-25 00:00:00,0.2773999999999983
2019-11-26 00:00:00,0.2873999999999981
2019-11-27 00:00:00,0.2773999999999983
2019-11-29 00:00:00,0.21739999999999782
2019-12-02 00:00:00,0.21739999999999782
2019-12-03 00:00:00,0.21739999999999782
2019-12-04 00:00:00,0.25739999999999785
2019-12-05 00:00:00,0.2673999999999985
2019-12-06 00:00:00,0.2873999999999981
2019-12-09 00:00:00,0.2773999999999983
2019-12-10 00:00:00,0.2973999999999979
2019-12-11 00:00:00,0.2673999999999985
2019-12-12 00:00:00,0.2873999999999981
2019-12-13 00:00:00,0.32739999999999814
2019-12-16 00:00:00,0.3373999999999979
2019-12-17 00:00:00,0.3673999999999982
2019-12-18 00:00:00,0.3573999999999975
2019-12-19 00:00:00,0.3673999999999982
2019-12-20 00:00:00,0.3573999999999975
2019-12-23 00:00:00,0.3673999999999982
2019-12-24 00:00:00,0.37739999999999796
2019-12-26 00:00:00,0.39739999999999753
2019-12-27 00:00:00,0.39739999999999753
2019-12-30 00:00:00,0.38739999999999775
2019-12-31 00:00:00,0.3673999999999982
2020-01-02 00:00:00,0.3673999999999982
2020-01-03 00:00:00,0.4073999999999982
2020-01-06 00:00:00,0.38739999999999775
2020-01-07 00:00:00,0.37739999999999796
2020-01-08 00:00:00,0.3073999999999977
2020-01-09 00:00:00,0.2973999999999979
2020-01-10 00:00:00,0.2773999999999983
2020-01-13 00:00:00,0.24739999999999807
2020-01-14 00:00:00,0.25739999999999785
2020-01-15 00:00:00,0.2273999999999976
2020-01-16 00:00:00,0.20739999999999803
2020-01-17 00:00:00,0.20739999999999803
2020-01-21 00:00:00,0.18739999999999846
2020-01-22 00:00:00,0.1573999999999982
2020-01-23 00:00:00,0.14739999999999842
2020-01-24 00:00:00,0.08739999999999815
2020-01-27 00:00:00,0.0373999999999981
2020-01-28 00:00:00,0.06739999999999813
2020-01-29 00:00:00,0.05739999999999812
2020-01-30 00:00:00,-0.012600000000001943
2020-01-31 00:00:00,-0.022600000000001952
2020-02-03 00:00:00,-0.07260000000000177
2020-02-04 00:00:00,-0.06260000000000177
2020-02-05 00:00:00,-0.002600000000001934
2020-02-06 00:00:00,0.007399999999998075
2020-02-07 00:00:00,-0.012600000000001943
2020-02-10 00:00:00,-0.04260000000000175
2020-02-11 00:00:00,-0.03260000000000174
2020-02-12 00:00:00,0.017399999999998084
2020-02-13 00:00:00,0.027399999999998093
2020-02-14 00:00:00,0.0373999999999981
2020-02-18 00:00:00,0.017399999999998084
2020-02-19 00:00:00,0.04739999999999811
2020-02-20 00:00:00,0.0373999999999981
2020-02-21 00:00:00,0.027399999999998093
2020-02-24 00:00:00,-0.04260000000000175
2020-02-25 00:00:00,-0.09260000000000179
2020-02-26 00:00:00,-0.15260000000000185
2020-02-27 00:00:00,-0.17260000000000186
2020-02-28 00:00:00,-0.18260000000000187
2020-03-02 00:00:00,-0.13260000000000183
2020-03-03 00:00:00,-0.12260000000000182
2020-03-04 00:00:00,-0.12260000000000182
2020-03-05 00:00:00,-0.17260000000000186
2020-03-06 00:00:00,-0.27260000000000195
2020-03-09 00:00:00,-0.4926000000000019
2020-03-10 00:00:00,-0.40260000000000185
2020-03-11 00:00:00,-0.41260000000000185
2020-03-12 00:00:00,-0.4826000000000019
2020-03-13 00:00:00,-0.5026000000000019
2020-03-16 00:00:00,-0.6026000000000018
2020-03-17 00:00:00,-0.6226000000000018
2020-03-18 00:00:00,-0.6926000000000019
2020-03-19 00:00:00,-0.6026000000000018
2020-03-20 00:00:00,-0.6426000000000018
2020-03-23 00:00:00,-0.6326000000000018
2020-03-24 00:00:00,-0.5726000000000018
2020-03-25 00:00:00,-0.5526000000000018
2020-03-26 00:00:00,-0.6026000000000018
2020-03-27 00:00:00,-0.5926000000000018
2020-03-30 00:00:00,-0.6426000000000018
2020-03-31 00:00:00,-0.6526000000000018
2020-04-01 00:00:00,-0.7226000000000019
2020-04-02 00:00:00,-0.6526000000000018
2020-04-03 00:00:00,-0.5826000000000018
2020-04-06 00:00:00,-0.6026000000000018
2020-04-07 00:00:00,-0.6126000000000018
2020-04-08 00:00:00,-0.6326000000000018
2020-04-09 00:00:00,-0.6626000000000019
2020-04-13 00:00:00,-0.6326000000000018
2020-04-14 00:00:00,-0.6826000000000019
2020-04-15 00:00:00,-0.7226000000000019
2020-04-16 00:00:00,-0.7026000000000019
2020-04-17 00:00:00,-0.6926000000000019
2020-04-20 00:00:00,-0.7526000000000019
2020-04-21 00:00:00,-0.892600000000002
2020-04-22 00:00:00,-0.872600000000002
2020-04-23 00:00:00,-0.862600000000002
2020-04-24 00:00:00,-0.9126000000000019
2020-04-27 00:00:00,-0.9426000000000019
2020-04-28 00:00:00,-0.9426000000000019
2020-04-29 00:00:00,-0.8826000000000019
2020-04-30 00:00:00,-0.8326000000000018
2020-05-01 00:00:00,-0.862600000000002
2020-05-04 00:00:00,-0.862600000000002
2020-05-05 00:00:00,-0.772600000000002
2020-05-06 00:00:00,-0.842600000000002
2020-05-07 00:00:00,-0.8326000000000018
2020-05-08 00:00:00,-0.772600000000002
2020-05-11 00:00:00,-0.8126000000000018
2020-05-12 00:00:00,-0.8326000000000018
2020-05-13 00:00:00,-0.842600000000002
2020-05-14 00:00:00,-0.7826000000000017
2020-05-15 00:00:00,-0.7626000000000019
2020-05-18 00:00:00,-0.6826000000000019
2020-05-19 00:00:00,-0.7026000000000019
2020-05-20 00:00:00,-0.6826000000000019
2020-05-21 00:00:00,-0.6826000000000019
2020-05-22 00:00:00,-0.7026000000000019
2020-05-26 00:00:00,-0.6926000000000019
2020-05-27 00:00:00,-0.7126000000000019
2020-05-28 00:00:00,-0.7426000000000019
2020-05-29 00:00:00,-0.6826000000000019
2020-06-01 00:00:00,-0.6926000000000019
2020-06-02 00:00:00,-0.6326000000000018
2020-06-03 00:00:00,-0.6526000000000018
2020-06-04 00:00:00,-0.6426000000000018
2020-06-05 00:00:00,-0.572600000000002
2020-06-08 00:00:00,-0.602600000000002
2020-06-09 00:00:00,-0.572600000000002
2020-06-10 00:00:00,-0.552600000000002
2020-06-11 00:00:00,-0.6426000000000018
2020-06-12 00:00:00,-0.6326000000000018
2020-06-15 00:00:00,-0.592600000000002
2020-06-16 00:00:00,-0.552600000000002
2020-06-17 00:00:00,-0.562600000000002
2020-06-18 00:00:00,-0.542600000000002
2020-06-19 00:00:00,-0.532600000000002
2020-06-22 00:00:00,-0.522600000000002
2020-06-23 00:00:00,-0.532600000000002
2020-06-24 00:00:00,-0.582600000000002
2020-06-25 00:00:00,-0.582600000000002
2020-06-26 00:00:00,-0.602600000000002
2020-06-29 00:00:00,-0.572600000000002
2020-06-30 00:00:00,-0.572600000000002
2020-07-01 00:00:00,-0.562600000000002
2020-07-02 00:00:00,-0.532600000000002
2020-07-06 00:00:00,-0.522600000000002
2020-07-07 00:00:00,-0.5126000000000019
2020-07-08 00:00:00,-0.522600000000002
2020-07-09 00:00:00,-0.532600000000002
2020-07-10 00:00:00,-0.522600000000002
2020-07-13 00:00:00,-0.532600000000002
2020-07-14 00:00:00,-0.532600000000002
2020-07-15 00:00:00,-0.5126000000000019
2020-07-16 00:00:00,-0.532600000000002
2020-07-17 00:00:00,-0.542600000000002
2020-07-20 00:00:00,-0.532600000000002
2020-07-21 00:00:00,-0.4926000000000019
2020-07-22 00:00:00,-0.5026000000000019
2020-07-23 00:00:00,-0.522600000000002
2020-07-24 00:00:00,-0.5126000000000019
2020-07-27 00:00:00,-0.5126000000000019
2020-07-28 00:00:00,-0.532600000000002
2020-07-29 00:00:00,-0.5126000000000019
2020-07-30 00:00:00,-0.552600000000002
2020-07-31 00:00:00,-0.552600000000002
2020-08-03 00:00:00,-0.532600000000002
2020-08-04 00:00:00,-0.522600000000002
2020-08-05 00:00:00,-0.5126000000000019
2020-08-06 00:00:00,-0.522600000000002
2020-08-07 00:00:00,-0.552600000000002
2020-08-10 00:00:00,-0.532600000000002
2020-08-11 00:00:00,-0.532600000000002
2020-08-12 00:00:00,-0.5126000000000019
2020-08-13 00:00:00,-0.532600000000002
2020-08-14 00:00:00,-0.532600000000002
2020-08-17 00:00:00,-0.532600000000002
2020-08-18 00:00:00,-0.522600000000002
2020-08-19 00:00:00,-0.532600000000002
2020-08-20 00:00:00,-0.542600000000002
2020-08-21 00:00:00,-0.572600000000002
2020-08-24 00:00:00,-0.542600000000002
2020-08-25 00:00:00,-0.532600000000002
2020-08-26 00:00:00,-0.542600000000002
2020-08-27 00:00:00,-0.572600000000002
2020-08-28 00:00:00,-0.562600000000002
2020-08-31 00:00:00,-0.582600000000002
2020-09-01 00:00:00,-0.572600000000002
2020-09-02 00:00:00,-0.612600000000002
2020-09-03 00:00:00,-0.632600000000002
2020-09-04 00:00:00,-0.6526000000000021
2020-09-08 00:00:00,-0.7226000000000019
2020-09-09 00:00:00,-0.7026000000000019
2020-09-10 00:00:00,-0.7226000000000019
2020-09-11 00:00:00,-0.7126000000000019
2020-09-14 00:00:00,-0.7126000000000019
2020-09-15 00:00:00,-0.7026000000000019
2020-09-16 00:00:00,-0.6926000000000021
2020-09-17 00:00:00,-0.6526000000000021
2020-09-18 00:00:00,-0.6526000000000021
2020-09-21 00:00:00,-0.7026000000000021
2020-09-22 00:00:00,-0.7126000000000021
2020-09-23 00:00:00,-0.7126000000000021
2020-09-24 00:00:00,-0.7026000000000021
2020-09-25 00:00:00,-0.6926000000000021
2020-09-28 00:00:00,-0.6826000000000021
2020-09-29 00:00:00,-0.7126000000000021
2020-09-30 00:00:00,-0.6726000000000021
2020-10-01 00:00:00,-0.7026000000000021
2020-10-02 00:00:00,-0.7426000000000019
2020-10-05 00:00:00,-0.6926000000000021
2020-10-06 00:00:00,-0.6426000000000021
2020-10-07 00:00:00,-0.6726000000000021
2020-10-08 00:00:00,-0.6426000000000021
2020-10-09 00:00:00,-0.6426000000000021
2020-10-12 00:00:00,-0.6726000000000021
2020-10-13 00:00:00,-0.6626000000000021
2020-10-14 00:00:00,-0.6426000000000021
2020-10-15 00:00:00,-0.6526000000000021
2020-10-16 00:00:00,-0.6626000000000021
2020-10-19 00:00:00,-0.6826000000000021
2020-10-20 00:00:00,-0.6726000000000021
2020-10-21 00:00:00,-0.7026000000000021
2020-10-22 00:00:00,-0.6826000000000021
2020-10-23 00:00:00,-0.6926000000000021
2020-10-26 00:00:00,-0.7226000000000021
2020-10-27 00:00:00,-0.6926000000000021
2020-10-28 00:00:00,-0.7426000000000019
2020-10-29 00:00:00,-0.772600000000002
2020-10-30 00:00:00,-0.772600000000002
2020-11-02 00:00:00,-0.7426000000000019
2020-11-03 00:00:00,-0.7226000000000021
2020-11-04 00:00:00,-0.6826000000000021
2020-11-05 00:00:00,-0.6826000000000021
2020-11-06 00:00:00,-0.7126000000000021
2020-11-09 00:00:00,-0.632600000000002
2020-11-10 00:00:00,-0.602600000000002
2020-11-11 00:00:00,-0.602600000000002
2020-11-12 00:00:00,-0.612600000000002
2020-11-13 00:00:00,-0.6426000000000021
2020-11-16 00:00:00,-0.622600000000002
2020-11-17 00:00:00,-0.612600000000002
2020-11-18 00:00:00,-0.592600000000002
2020-11-19 00:00:00,-0.592600000000002
2020-11-20 00:00:00,-0.572600000000002
2020-11-23 00:00:00,-0.552600000000002
2020-11-24 00:00:00,-0.5026000000000019
2020-11-25 00:00:00,-0.47260000000000213
2020-11-27 00:00:00,-0.48260000000000214
2020-11-30 00:00:00,-0.49260000000000215
2020-12-01 00:00:00,-0.5126000000000019
2020-12-02 00:00:00,-0.49260000000000215
2020-12-03 00:00:00,-0.47260000000000213
2020-12-04 00:00:00,-0.4626000000000021
2020-12-07 00:00:00,-0.4626000000000021
2020-12-08 00:00:00,-0.4626000000000021
2020-12-09 00:00:00,-0.4626000000000021
2020-12-10 00:00:00,-0.4326000000000021
2020-12-11 00:00:00,-0.4326000000000021
2020-12-14 00:00:00,-0.4126000000000021
2020-12-15 00:00:00,-0.40260000000000207
2020-12-16 00:00:00,-0.39260000000000206
2020-12-17 00:00:00,-0.37260000000000204
2020-12-18 00:00:00,-0.36260000000000203
2020-12-21 00:00:00,-0.39260000000000206
2020-12-22 00:00:00,-0.4126000000000021
2020-12-23 00:00:00,-0.37260000000000204
2020-12-24 00:00:00,-0.38260000000000205
2020-12-28 00:00:00,-0.39260000000000206
2020-12-29 00:00:00,-0.38260000000000205
2020-12-30 00:00:00,-0.38260000000000205
2020-12-31 00:00:00,-0.38260000000000205
2021-01-04 00:00:00,-0.4126000000000021
2021-01-05 00:00:00,-0.352600000000002
2021-01-06 00:00:00,-0.342600000000002
2021-01-07 00:00:00,-0.332600000000002
2021-01-08 00:00:00,-0.29260000000000197
2021-01-11 00:00:00,-0.29260000000000197
2021-01-12 00:00:00,-0.27260000000000195
2021-01-13 00:00:00,-0.27260000000000195
2021-01-14 00:00:00,-0.25260000000000193
2021-01-15 00:00:00,-0.28260000000000196
2021-01-19 00:00:00,-0.27260000000000195
2021-01-20 00:00:00,-0.27260000000000195
2021-01-21 00:00:00,-0.27260000000000195
2021-01-22 00:00:00,-0.29260000000000197
2021-01-25 00:00:00,-0.28260000000000196
2021-01-26 00:00:00,-0.27260000000000195
2021-01-27 00:00:00,-0.27260000000000195
2021-01-28 00:00:00,-0.27260000000000195
2021-01-29 00:00:00,-0.28260000000000196
2021-02-01 00:00:00,-0.23260000000000214
2021-02-02 00:00:00,-0.2026000000000021
2021-02-03 00:00:00,-0.1926000000000021
2021-02-04 00:00:00,-0.1826000000000021
2021-02-05 00:00:00,-0.16260000000000208
2021-02-08 00:00:00,-0.13260000000000205
2021-02-09 00:00:00,-0.12260000000000204
2021-02-10 00:00:00,-0.12260000000000204
2021-02-11 00:00:00,-0.13260000000000205
2021-02-12 00:00:00,-0.11260000000000203
2021-02-16 00:00:00,-0.082600000000002
2021-02-17 00:00:00,-0.06260000000000199
2021-02-18 00:00:00,-0.06260000000000199
2021-02-19 00:00:00,-0.072600000000002
2021-02-22 00:00:00,-0.03260000000000196
2021-02-23 00:00:00,-0.022600000000001952
2021-02-24 00:00:00,0.01739999999999786
2021-02-25 00:00:00,0.01739999999999786
2021-02-26 00:00:00,-0.04260000000000197
2021-03-01 00:00:00,-0.06260000000000199
2021-03-02 00:00:00,-0.072600000000002
2021-03-03 00:00:00,-0.04260000000000197
2021-03-04 00:00:00,0.01739999999999786
2021-03-05 00:00:00,0.0673999999999979
2021-03-08 00:00:00,0.03739999999999788
2021-03-09 00:00:00,0.03739999999999788
2021-03-10 00:00:00,0.04739999999999789
2021-03-11 00:00:00,0.08739999999999792
2021-03-12 00:00:00,0.08739999999999792
2021-03-15 00:00:00,0.07739999999999791
2021-03-16 00:00:00,0.0573999999999979
2021-03-17 00:00:00,0.03739999999999788
2021-03-18 00:00:00,-0.082600000000002
2021-03-19 00:00:00,-0.05260000000000198
2021-03-22 00:00:00,-0.04260000000000197
2021-03-23 00:00:00,-0.12260000000000204
2021-03-24 00:00:00,-0.04260000000000197
2021-03-25 00:00:00,-0.12260000000000204
2021-03-26 00:00:00,-0.06260000000000199
2021-03-29 00:00:00,-0.06260000000000199
2021-03-30 00:00:00,-0.082600000000002
2021-03-31 00:00:00,-0.10260000000000202
2021-04-01 00:00:00,-0.04260000000000197
2021-04-05 00:00:00,-0.10260000000000202
2021-04-06 00:00:00,-0.072600000000002
2021-04-07 00:00:00,-0.06260000000000199
2021-04-08 00:00:00,-0.06260000000000199
2021-04-09 00:00:00,-0.06260000000000199
2021-04-12 00:00:00,-0.06260000000000199
2021-04-13 00:00:00,-0.05260000000000198
2021-04-14 00:00:00,0.01739999999999786
2021-04-15 00:00:00,0.02739999999999787
2021-04-16 00:00:00,0.02739999999999787
2021-04-19 00:00:00,0.02739999999999787
2021-04-20 00:00:00,0.007399999999997853
2021-04-21 00:00:00,-0.012600000000001943
2021-04-22 00:00:00,-0.002600000000001934
2021-04-23 00:00:00,0.007399999999997853
2021-04-26 00:00:00,0.007399999999997853
2021-04-27 00:00:00,0.03739999999999788
2021-04-28 00:00:00,0.0673999999999979
2021-04-29 00:00:00,0.08739999999999792
2021-04-30 00:00:00,0.04739999999999789
2021-05-03 00:00:00,0.07739999999999791
2021-05-04 00:00:00,0.12739999999999796
2021-05-05 00:00:00,0.12739999999999796
2021-05-06 00:00:00,0.11739999999999795
2021-05-07 00:00:00,0.13739999999999775
2021-05-10 00:00:00,0.14739999999999798
2021-05-11 00:00:00,0.167399999999998
2021-05-12 00:00:00,0.1973999999999978
2021-05-13 00:00:00,0.12739999999999796
2021-05-14 00:00:00,0.15739999999999776
2021-05-17 00:00:00,0.187399999999998
2021-05-18 00:00:00,0.187399999999998
2021-05-19 00:00:00,0.13739999999999775
2021-05-20 00:00:00,0.08739999999999792
2021-05-21 00:00:00,0.11739999999999795
2021-05-24 00:00:00,0.167399999999998
2021-05-25 00:00:00,0.167399999999998
2021-05-26 00:00:00,0.17739999999999778
2021-05-27 00:00:00,0.187399999999998
2021-05-28 00:00:00,0.167399999999998
2021-06-01 00:00:00,0.1973999999999978
2021-06-02 00:00:00,0.23739999999999783
2021-06-03 00:00:00,0.22739999999999805
2021-06-04 00:00:00,0.24739999999999807
2021-06-07 00:00:00,0.24739999999999807
2021-06-08 00:00:00,0.2673999999999981
2021-06-09 00:00:00,0.25739999999999785
2021-06-10 00:00:00,0.27739999999999787
2021-06-11 00:00:00,0.24739999999999807
2021-06-14 00:00:00,0.23739999999999783
2021-06-15 00:00:00,0.23739999999999783
2021-06-16 00:00:00,0.23739999999999783
2021-06-17 00:00:00,0.1973999999999978
2021-06-18 00:00:00,0.22739999999999805
2021-06-21 00:00:00,0.25739999999999785
2021-06-22 00:00:00,0.2873999999999981
2021-06-23 00:00:00,0.2973999999999979
2021-06-24 00:00:00,0.2973999999999979
2021-06-25 00:00:00,0.27739999999999787
2021-06-28 00:00:00,0.24739999999999807
2021-06-29 00:00:00,0.25739999999999785
2021-06-30 00:00:00,0.25739999999999785
2021-07-01 00:00:00,0.2873999999999981
2021-07-02 00:00:00,0.3073999999999981
2021-07-06 00:00:00,0.23739999999999783
2021-07-07 00:00:00,0.21739999999999782
2021-07-08 00:00:00,0.24739999999999807
2021-07-09 00:00:00,0.2873999999999981
2021-07-12 00:00:00,0.27739999999999787
2021-07-13 00:00:00,0.3173999999999979
2021-07-14 00:00:00,0.27739999999999787
2021-07-15 00:00:00,0.23739999999999783
2021-07-16 00:00:00,0.24739999999999807
2021-07-19 00:00:00,0.12739999999999818
2021-07-20 00:00:00,0.14739999999999798
2021-07-21 00:00:00,0.22739999999999805
2021-07-22 00:00:00,0.2673999999999981
2021-07-23 00:00:00,0.2773999999999983
2021-07-26 00:00:00,0.2873999999999981
2021-07-27 00:00:00,0.2873999999999981
2021-07-28 00:00:00,0.29739999999999833
2021-07-29 00:00:00,0.32739999999999814
2021-07-30 00:00:00,0.33739999999999837
2021-08-02 00:00:00,0.2773999999999983
2021-08-03 00:00:00,0.2673999999999981
2021-08-04 00:00:00,0.21739999999999826
2021-08-05 00:00:00,0.24739999999999807
2021-08-06 00:00:00,0.22739999999999805
2021-08-09 00:00:00,0.187399999999998
2021-08-10 00:00:00,0.21739999999999826
2021-08-11 00:00:00,0.24739999999999807
2021-08-12 00:00:00,0.24739999999999807
2021-08-13 00:00:00,0.21739999999999826
2021-08-16 00:00:00,0.187399999999998
2021-08-17 00:00:00,0.17739999999999823
2021-08-18 00:00:00,0.167399999999998
2021-08-19 00:00:00,0.10739999999999816
2021-08-20 00:00:00,0.04739999999999811
2021-08-23 00:00:00,0.14739999999999798
2021-08-24 00:00:00,0.20739999999999803
2021-08-25 00:00:00,0.24739999999999807
2021-08-26 00:00:00,0.21739999999999826
2021-08-27 00:00:00,0.23739999999999828
2021-08-30 00:00:00,0.2673999999999981
2021-08-31 00:00:00,0.2573999999999983
2021-09-01 00:00:00,0.2573999999999983
2021-09-02 00:00:00,0.29739999999999833
2021-09-03 00:00:00,0.2873999999999981
2021-09-07 00:00:00,0.2573999999999983
2021-09-08 00:00:00,0.2673999999999981
2021-09-09 00:00:00,0.24739999999999807
2021-09-10 00:00:00,0.2773999999999983
2021-09-13 00:00:00,0.29739999999999833
2021-09-14 00:00:00,0.29739999999999833
2021-09-15 00:00:00,0.33739999999999837
2021-09-16 00:00:00,0.34739999999999815
2021-09-17 00:00:00,0.34739999999999815
2021-09-20 00:00:00,0.2973999999999979
2021-09-21 00:00:00,0.3173999999999979
2021-09-22 00:00:00,0.34739999999999815
2021-09-23 00:00:00,0.3873999999999982
2021-09-24 00:00:00,0.40739999999999776
2021-09-27 00:00:00,0.437399999999998
2021-09-28 00:00:00,0.4273999999999978
2021-09-29 00:00:00,0.4473999999999978
2021-09-30 00:00:00,0.47739999999999805
2021-10-01 00:00:00,0.5273999999999979
2021-10-04 00:00:00,0.5773999999999981
2021-10-05 00:00:00,0.6373999999999982
2021-10-06 00:00:00,0.5773999999999981
2021-10-07 00:00:00,0.5973999999999982
2021-10-08 00:00:00,0.6073999999999979
2021-10-11 00:00:00,0.6573999999999978
2021-10-12 00:00:00,0.647399999999998
2021-10-13 00:00:00,0.6573999999999978
2021-10-14 00:00:00,0.6973999999999978
2021-10-15 00:00:00,0.707399999999998
2021-10-18 00:00:00,0.687399999999998
2021-10-19 00:00:00,0.6973999999999982
2021-10-20 00:00:00,0.727399999999998
2021-10-21 00:00:00,0.687399999999998
2021-10-22 00:00:00,0.6773999999999982
2021-10-25 00:00:00,0.6973999999999982
2021-10-26 00:00:00,0.707399999999998
2021-10-27 00:00:00,0.6473999999999984
2021-10-28 00:00:00,0.6273999999999984
2021-10-29 00:00:00,0.6173999999999982
2021-11-01 00:00:00,0.6473999999999984
2021-11-02 00:00:00,0.6473999999999984
2021-11-03 00:00:00,0.5773999999999981
2021-11-04 00:00:00,0.5473999999999983
2021-11-05 00:00:00,0.5973999999999982
2021-11-08 00:00:00,0.6073999999999984
2021-11-09 00:00:00,0.6473999999999984
2021-11-10 00:00:00,0.5973999999999982
2021-11-11 00:00:00,0.5873999999999984
2021-11-12 00:00:00,0.5473999999999983
2021-11-15 00:00:00,0.5473999999999983
2021-11-16 00:00:00,0.5773999999999981
2021-11-17 00:00:00,0.5173999999999981
2021-11-18 00:00:00,0.5373999999999981
2021-11-19 00:00:00,0.45739999999999803
2021-11-22 00:00:00,0.49739999999999807
2021-11-23 00:00:00,0.5573999999999981
2021-11-24 00:00:00,0.5473999999999983
2021-11-26 00:00:00,0.2673999999999981
2021-11-29 00:00:00,0.31739999999999835
2021-11-30 00:00:00,0.22739999999999805
2021-12-01 00:00:00,0.24739999999999807
2021-12-02 00:00:00,0.2673999999999981
2021-12-03 00:00:00,0.2673999999999981
2021-12-06 00:00:00,0.33739999999999837
2021-12-07 00:00:00,0.3973999999999984
2021-12-08 00:00:00,0.437399999999998
2021-12-09 00:00:00,0.41739999999999844
2021-12-10 00:00:00,0.4273999999999982
2021-12-13 00:00:00,0.4073999999999982
2021-12-14 00:00:00,0.3873999999999982
2021-12-15 00:00:00,0.3973999999999984
2021-12-16 00:00:00,0.437399999999998
2021-12-17 00:00:00,0.3973999999999984
2021-12-20 00:00:00,0.34739999999999815
2021-12-21 00:00:00,0.4273999999999982
2021-12-22 00:00:00,0.47739999999999805
2021-12-23 00:00:00,0.49739999999999807
2021-12-27 00:00:00,0.5273999999999983
2021-12-28 00:00:00,0.5373999999999981
2021-12-29 00:00:00,0.5473999999999983
2021-12-30 00:00:00,0.5673999999999984
2021-12-31 00:00:00,0.5073999999999983
2022-01-03 00:00:00,0.5373999999999981
2022-01-04 00:00:00,0.5873999999999984
2022-01-05 00:00:00,0.6173999999999982
2022-01-06 00:00:00,0.6473999999999984
2022-01-07 00:00:00,0.6473999999999984
2022-01-10 00:00:00,0.6473999999999984
2022-01-11 00:00:00,0.7173999999999983
2022-01-12 00:00:00,0.7373999999999983
2022-01-13 00:00:00,0.7573999999999983
2022-01-14 00:00:00,0.7873999999999981
2022-01-18 00:00:00,0.8173999999999979
2022-01-19 00:00:00,0.8273999999999981
2022-01-20 00:00:00,0.8373999999999979
2022-01-21 00:00:00,0.8273999999999981
2022-01-24 00:00:00,0.7873999999999981
2022-01-25 00:00:00,0.8373999999999979
2022-01-26 00:00:00,0.8873999999999982
2022-01-27 00:00:00,0.897399999999998
2022-01-28 00:00:00,0.897399999999998
2022-01-31 00:00:00,0.9073999999999982
2022-02-01 00:00:00,0.917399999999998
2022-02-02 00:00:00,0.937399999999998
2022-02-03 00:00:00,0.9873999999999983
2022-02-04 00:00:00,1.0273999999999979
2022-02-07 00:00:00,1.017399999999998
2022-02-08 00:00:00,0.9673999999999983
2022-02-09 00:00:00,0.9973999999999981
2022-02-10 00:00:00,0.9973999999999981
2022-02-11 00:00:00,1.067399999999998
2022-02-14 00:00:00,1.1173999999999982
2022-02-15 00:00:00,1.037399999999998
2022-02-16 00:00:00,1.0673999999999984
2022-02-17 00:00:00,1.0273999999999983
2022-02-18 00:00:00,1.0473999999999983
2022-02-22 00:00:00,1.0873999999999984
2022-02-23 00:00:00,1.0873999999999984
2022-02-24 00:00:00,1.1373999999999982
2022-02-25 00:00:00,1.0973999999999982
2022-02-28 00:00:00,1.1973999999999982
2022-03-01 00:00:00,1.3873999999999982
2022-03-02 00:00:00,1.667399999999998
2022-03-03 00:00:00,1.6773999999999982
2022-03-04 00:00:00,1.917399999999998
2022-03-07 00:00:00,2.057399999999998
2022-03-08 00:00:00,2.487399999999998
2022-03-09 00:00:00,1.6773999999999982
2022-03-10 00:00:00,1.5473999999999983
2022-03-11 00:00:00,1.6373999999999982
2022-03-14 00:00:00,1.497399999999998
2022-03-15 00:00:00,1.2973999999999983
2022-03-16 00:00:00,1.3173999999999984
2022-03-17 00:00:00,1.5673999999999984
2022-03-18 00:00:00,1.6373999999999982
2022-03-21 00:00:00,1.767399999999998
2022-03-22 00:00:00,1.8073999999999981
2022-03-23 00:00:00,1.997399999999998
2022-03-24 00:00:00,1.9673999999999983
2022-03-25 00:00:00,1.957399999999998
2022-03-28 00:00:00,1.7173999999999983
2022-03-29 00:00:00,1.6673999999999984
2022-03-30 00:00:00,1.747399999999998
2022-03-31 00:00:00,1.6273999999999984
2022-04-01 00:00:00,1.6473999999999984
2022-04-04 00:00:00,1.7573999999999983
2022-04-05 00:00:00,1.707399999999998
2022-04-06 00:00:00,1.5973999999999982
2022-04-07 00:00:00,1.5673999999999984
2022-04-08 00:00:00,1.6273999999999984
2022-04-11 00:00:00,1.5673999999999984
2022-04-12 00:00:00,1.7573999999999983
2022-04-13 00:00:00,1.957399999999998
2022-04-14 00:00:00,2.0673999999999984
2022-04-18 00:00:00,2.0673999999999984
2022-04-19 00:00:00,1.9873999999999983
2022-04-20 00:00:00,2.0673999999999984
2022-04-21 00:00:00,2.0473999999999983
2022-04-22 00:00:00,2.0373999999999985
2022-04-25 00:00:00,1.9973999999999985
2022-04-26 00:00:00,2.1273999999999984
2022-04-27 00:00:00,2.2073999999999985
2022-04-28 00:00:00,2.2773999999999983
2022-04-29 00:00:00,2.2673999999999985
2022-05-02 00:00:00,2.3973999999999984
2022-05-03 00:00:00,2.3073999999999986
2022-05-04 00:00:00,2.4473999999999982
2022-05-05 00:00:00,2.387399999999998
2022-05-06 00:00:00,2.3573999999999984
2022-05-09 00:00:00,2.2173999999999983
2022-05-10 00:00:00,2.2473999999999985
2022-05-11 00:00:00,2.3173999999999984
2022-05-12 00:00:00,2.3073999999999986
2022-05-13 00:00:00,2.327399999999998
2022-05-16 00:00:00,2.3373999999999984
2022-05-17 00:00:00,2.267399999999998
2022-05-18 00:00:00,2.1473999999999984
2022-05-19 00:00:00,2.2373999999999983
2022-05-19 14:30:00,2.096699999999998
2022-05-19 15:00:00,2.1441999999999983
2022-05-19 16:00:00,2.183699999999998
2022-05-19 17:00:00,2.184699999999998
2022-05-19 18:00:00,2.219199999999998
2022-05-19 19:00:00,2.234199999999998
2022-05-19 20:00:00,2.2182999999999984
2022-05-19 21:00:00,2.227399999999998
2022-05-20 14:30:00,2.2274999999999983
2022-05-20 15:00:00,2.2312999999999983
2022-05-20 16:00:00,2.237899999999998
2022-05-20 17:00:00,2.2123999999999984
2022-05-20 18:00:00,2.2321999999999984
2022-05-20 19:00:00,2.207599999999998
2022-05-20 20:00:00,2.2106999999999983
2022-05-20 21:00:00,2.198999999999998
2022-05-23 14:30:00,2.1824999999999983
2022-05-23 15:00:00,2.179699999999998
2022-05-23 16:00:00,2.2116999999999982
2022-05-23 17:00:00,2.2018999999999984
2022-05-23 18:00:00,2.213299999999998
2022-05-23 19:00:00,2.232899999999998
2022-05-23 20:00:00,2.221999999999998
2022-05-23 21:00:00,2.2215999999999982
2022-05-24 14:30:00,2.259199999999998
2022-05-24 15:00:00,2.2502999999999984
2022-05-24 16:00:00,2.236699999999998
2022-05-24 17:00:00,2.232899999999998
2022-05-24 18:00:00,2.228699999999998
2022-05-24 19:00:00,2.242599999999998
2022-05-24 20:00:00,2.2466999999999984
2022-05-24 21:00:00,2.2582999999999984
2022-05-25 14:30:00,2.2910999999999984
2022-05-25 15:00:00,2.2563999999999984
2022-05-25 16:00:00,2.235199999999998
2022-05-25 17:00:00,2.280199999999998
2022-05-25 18:00:00,2.3057999999999983
2022-05-25 19:00:00,2.322699999999998
2022-05-25 20:00:00,2.3297999999999983
2022-05-25 21:00:00,2.3381999999999983
2022-05-26 14:30:00,2.354999999999998
2022-05-26 15:00:00,2.397199999999998
2022-05-26 16:00:00,2.411999999999998
2022-05-26 17:00:00,2.4122999999999983
2022-05-26 18:00:00,2.433199999999998
2022-05-26 19:00:00,2.432199999999998
2022-05-26 20:00:00,2.429699999999998
2022-05-26 21:00:00,2.431999999999998
2022-05-27 14:30:00,2.4360999999999984
2022-05-27 15:00:00,2.438299999999998
2022-05-27 16:00:00,2.435499999999998
2022-05-27 17:00:00,2.450699999999998
2022-05-27 18:00:00,2.4619999999999984
2022-05-27 19:00:00,2.477399999999998
2022-05-27 20:00:00,2.4736999999999982
2022-05-27 21:00:00,2.4844999999999984
2022-05-27 23:00:00,2.4819999999999984
2022-05-31 14:30:00,2.701699999999998
2022-05-31 15:00:00,2.671199999999998
2022-05-31 16:00:00,2.653599999999998
2022-05-31 17:00:00,2.669699999999998
2022-05-31 18:00:00,2.5698999999999983
2022-05-31 19:00:00,2.548599999999998
2022-05-31 20:00:00,2.567899999999998
2022-05-31 21:00:00,2.5620999999999983
2022-06-01 14:30:00,2.642199999999998
2022-06-01 15:00:00,2.654599999999998
2022-06-01 16:00:00,2.6759999999999984
2022-06-01 17:00:00,2.7029999999999985
2022-06-01 18:00:00,2.694899999999998
2022-06-01 19:00:00,2.6865999999999985
2022-06-01 20:00:00,2.692899999999998
2022-06-01 21:00:00,2.665499999999998
2022-06-02 14:30:00,2.7162999999999986
2022-06-02 15:00:00,2.6540999999999983
2022-06-02 16:00:00,2.7318999999999978
2022-06-02 17:00:00,2.7438999999999982
2022-06-02 18:00:00,2.7655999999999983
2022-06-02 19:00:00,2.793599999999998
2022-06-02 20:00:00,2.8028999999999984
2022-06-02 21:00:00,2.8031999999999986
2022-06-03 14:30:00,2.8100999999999985
2022-06-03 15:00:00,2.8188999999999984
2022-06-03 16:00:00,2.8348999999999984
2022-06-03 17:00:00,2.8104999999999984
2022-06-03 18:00:00,2.8153999999999986
2022-06-03 19:00:00,2.839999999999998
2022-06-03 20:00:00,2.8709999999999978
2022-06-03 21:00:00,2.8652999999999986
2022-06-06 14:30:00,2.817199999999998
2022-06-06 15:00:00,2.866699999999998
2022-06-06 16:00:00,2.872399999999998
2022-06-06 17:00:00,2.8836999999999984
2022-06-06 18:00:00,2.922299999999998
2022-06-06 19:00:00,2.888899999999998
2022-06-06 20:00:00,2.882299999999998
2022-06-06 21:00:00,2.9060999999999986
2022-06-07 14:30:00,2.861699999999998
2022-06-07 15:00:00,2.8408999999999986
2022-06-07 16:00:00,2.8709999999999978
2022-06-07 17:00:00,2.8671999999999986
2022-06-07 18:00:00,2.830899999999998
2022-06-07 19:00:00,2.872399999999998
2022-06-07 20:00:00,2.8790999999999984
2022-06-07 21:00:00,2.868599999999998
2022-06-08 14:30:00,2.8634999999999984
2022-06-08 15:00:00,2.8619999999999983
2022-06-08 16:00:00,2.888399999999998
2022-06-08 17:00:00,2.881499999999998
2022-06-08 18:00:00,2.892699999999998
2022-06-08 19:00:00,2.889199999999998
2022-06-08 20:00:00,2.892599999999998
2022-06-08 21:00:00,2.8828999999999985
2022-06-08 23:00:00,2.8771999999999984
2022-06-08 23:00:01,2.8771999999999984
2022-06-09 14:30:00,2.964999999999999
2022-06-09 15:00:00,2.9736999999999987
2022-06-09 16:00:00,2.9468999999999985
2022-06-09 17:00:00,2.954399999999999
2022-06-09 18:00:00,2.964199999999998
2022-06-09 19:00:00,2.9545999999999983
2022-06-09 20:00:00,2.9437999999999986
2022-06-09 21:00:00,2.943299999999999
2022-06-10 14:30:00,2.9556999999999984
2022-06-10 15:00:00,2.8919999999999986
2022-06-10 16:00:00,2.8831999999999987
2022-06-10 17:00:00,2.889599999999999
2022-06-10 18:00:00,2.8969999999999985
2022-06-10 19:00:00,2.8801999999999985
2022-06-10 20:00:00,2.8751999999999986
2022-06-10 21:00:00,2.896799999999999
2022-06-10 23:00:00,2.8981999999999983
2022-06-13 14:30:00,2.855699999999999
2022-06-13 15:00:00,2.7867999999999986
2022-06-13 16:00:00,2.8831999999999987
2022-06-13 17:00:00,2.889499999999998
2022-06-13 18:00:00,2.8398999999999983
2022-06-13 19:00:00,2.8146999999999984
2022-06-13 20:00:00,2.8198999999999987
2022-06-13 21:00:00,2.8146999999999984
2022-06-13 23:00:00,2.8215999999999983
2022-06-14 14:30:00,2.932599999999999
2022-06-14 15:00:00,2.9509999999999987
2022-06-14 16:00:00,2.920099999999999
2022-06-14 17:00:00,2.9209999999999985
2022-06-14 18:00:00,2.8713999999999986
2022-06-14 19:00:00,2.8653999999999984
2022-06-14 20:00:00,2.858999999999998
2022-06-14 21:00:00,2.8762999999999987
2022-06-15 14:30:00,2.916299999999999
2022-06-15 15:00:00,2.9490999999999987
2022-06-15 16:00:00,3.0206999999999993
2022-06-15 17:00:00,3.0244999999999993
2022-06-15 18:00:00,3.0026999999999986
2022-06-15 19:00:00,2.9863999999999993
2022-06-15 20:00:00,2.9778999999999978
2022-06-15 21:00:00,2.9789999999999988
2022-06-16 14:30:00,2.9403999999999986
2022-06-16 15:00:00,2.9284999999999988
2022-06-16 16:00:00,2.9560999999999984
2022-06-16 17:00:00,2.983499999999999
2022-06-16 18:00:00,3.0157999999999983
2022-06-16 19:00:00,3.024299999999998
2022-06-16 20:00:00,3.0292999999999988
2022-06-16 21:00:00,3.0125999999999986
2022-06-17 14:30:00,2.910499999999999
2022-06-17 15:00:00,2.8724999999999987
2022-06-17 16:00:00,2.887199999999998
2022-06-17 17:00:00,2.8656999999999986
2022-06-17 18:00:00,2.819499999999999
2022-06-17 19:00:00,2.866299999999999
2022-06-17 20:00:00,2.8854999999999986
2022-06-17 21:00:00,2.8785999999999987
2022-06-17 23:00:00,2.8416999999999986
2022-06-21 14:30:00,2.9820999999999986
2022-06-21 15:00:00,3.0210999999999983
2022-06-21 16:00:00,2.981199999999999
2022-06-21 17:00:00,2.9587999999999983
2022-06-21 18:00:00,2.915099999999999
2022-06-21 19:00:00,2.8972999999999987
2022-06-21 20:00:00,2.895999999999999
2022-06-21 21:00:00,2.8763999999999985
2022-06-22 14:30:00,2.7802999999999987
2022-06-22 15:00:00,2.827799999999999
2022-06-22 16:00:00,2.8371999999999984
2022-06-22 17:00:00,2.8158999999999983
2022-06-22 18:00:00,2.8938999999999986
2022-06-22 19:00:00,2.8905999999999983
2022-06-22 20:00:00,2.881099999999998
2022-06-22 21:00:00,2.8379999999999983
2022-06-23 14:30:00,2.8812999999999986
2022-06-23 15:00:00,2.867799999999999
2022-06-23 16:00:00,2.825899999999999
2022-06-23 17:00:00,2.7951999999999986
2022-06-23 18:00:00,2.8454999999999986
2022-06-23 19:00:00,2.8303999999999983
2022-06-23 20:00:00,2.8195999999999986
2022-06-23 21:00:00,2.8034999999999988
2022-06-24 14:30:00,2.832699999999998
2022-06-24 15:00:00,2.881499999999998
2022-06-24 16:00:00,2.855999999999999
2022-06-24 17:00:00,2.8465999999999987
2022-06-24 18:00:00,2.8611999999999984
2022-06-24 19:00:00,2.8572999999999986
2022-06-24 20:00:00,2.8607999999999985
2022-06-24 21:00:00,2.857099999999998
2022-06-27 14:30:00,2.7960999999999983
2022-06-27 15:00:00,2.8714999999999984
2022-06-27 16:00:00,2.7967999999999984
2022-06-27 17:00:00,2.8112999999999984
2022-06-27 18:00:00,2.8134999999999986
2022-06-27 19:00:00,2.744399999999999
2022-06-27 20:00:00,2.7452999999999985
2022-06-27 21:00:00,2.786299999999999
2022-06-28 14:30:00,2.6829999999999985
2022-06-28 15:00:00,2.6736999999999984
2022-06-28 16:00:00,2.6970999999999985
2022-06-28 17:00:00,2.7334999999999985
2022-06-28 18:00:00,2.7272999999999987
2022-06-28 19:00:00,2.766099999999999
2022-06-28 20:00:00,2.7616999999999985
2022-06-28 21:00:00,2.7356999999999987
2022-06-29 14:30:00,2.793899999999999
2022-06-29 15:00:00,2.767599999999999
2022-06-29 16:00:00,2.6983999999999986
2022-06-29 17:00:00,2.702299999999999
2022-06-29 18:00:00,2.6898999999999984
2022-06-29 19:00:00,2.6186999999999987
2022-06-29 20:00:00,2.6142999999999987
2022-06-29 21:00:00,2.6208999999999985
2022-06-30 14:30:00,2.5464999999999987
2022-06-30 15:00:00,2.4683999999999986
2022-06-30 16:00:00,2.4922999999999984
2022-06-30 17:00:00,2.5053999999999985
2022-06-30 18:00:00,2.4861999999999984
2022-06-30 19:00:00,2.490599999999999
2022-06-30 20:00:00,2.4910999999999985
2022-06-30 20:00:01,2.4910999999999985
2022-06-30 21:00:00,2.512699999999999
2022-07-01 14:30:00,2.6228999999999987
2022-07-01 15:00:00,2.5836999999999986
2022-07-01 16:00:00,2.5990999999999986
2022-07-01 17:00:00,2.5841999999999987
2022-07-01 18:00:00,2.574999999999999
2022-07-01 19:00:00,2.5832999999999986
2022-07-01 20:00:00,2.581099999999999
2022-07-01 21:00:00,2.5811999999999986
2022-07-01 23:00:00,2.5727999999999986
2022-07-05 14:30:00,2.4207999999999985
2022-07-05 15:00:00,2.4171999999999985
2022-07-05 16:00:00,2.3435999999999986
2022-07-05 17:00:00,2.3060999999999985
2022-07-05 18:00:00,2.262299999999999
2022-07-05 19:00:00,2.2623999999999986
2022-07-05 20:00:00,2.2539999999999987
2022-07-05 21:00:00,2.234299999999999
2022-07-06 14:30:00,2.1939999999999986
2022-07-06 15:00:00,2.1360999999999986
2022-07-06 16:00:00,2.087599999999999
2022-07-06 17:00:00,2.0495999999999985
2022-07-06 18:00:00,2.0555999999999988
2022-07-06 19:00:00,2.111799999999999
2022-07-06 20:00:00,2.0938999999999988
2022-07-06 21:00:00,2.082999999999999
2022-07-07 14:30:00,2.262699999999999
2022-07-07 15:00:00,2.2749999999999986
2022-07-07 16:00:00,2.306899999999999
2022-07-07 17:00:00,2.3216999999999985
2022-07-07 18:00:00,2.3298999999999985
2022-07-07 19:00:00,2.3235999999999986
2022-07-07 20:00:00,2.317399999999999
2022-07-07 21:00:00,2.311299999999999
2022-07-08 14:30:00,2.242299999999999
2022-07-08 15:00:00,2.296999999999999
2022-07-08 16:00:00,2.3042999999999987
2022-07-08 17:00:00,2.3078999999999987
2022-07-08 18:00:00,2.309199999999999
2022-07-08 19:00:00,2.3182999999999985
2022-07-08 20:00:00,2.316799999999999
2022-07-08 21:00:00,2.3223999999999987
2022-07-11 14:30:00,2.3658999999999986
2022-07-11 15:00:00,2.3479999999999985
2022-07-11 16:00:00,2.3873999999999986
2022-07-11 17:00:00,2.391899999999999
2022-07-11 18:00:00,2.3915999999999986
2022-07-11 19:00:00,2.4037999999999986
2022-07-11 20:00:00,2.4027999999999987
2022-07-11 21:00:00,2.3965999999999985
2022-07-12 14:30:00,2.271099999999999
2022-07-12 15:00:00,2.2316999999999987
2022-07-12 16:00:00,2.2482999999999986
2022-07-12 17:00:00,2.2562999999999986
2022-07-12 18:00:00,2.2709999999999986
2022-07-12 19:00:00,2.2693999999999988
2022-07-12 20:00:00,2.2692999999999985
2022-07-12 21:00:00,2.2590999999999988
2022-07-13 14:30:00,2.3225999999999987
2022-07-13 15:00:00,2.3414999999999986
2022-07-13 16:00:00,2.2562999999999986
2022-07-13 17:00:00,2.2812999999999986
2022-07-13 18:00:00,2.298899999999999
2022-07-13 19:00:00,2.2980999999999985
2022-07-13 20:00:00,2.2995999999999985
2022-07-13 21:00:00,2.3078999999999987
2022-07-14 14:30:00,2.1785999999999985
2022-07-14 15:00:00,2.2265999999999986
2022-07-14 16:00:00,2.2411999999999987
2022-07-14 17:00:00,2.2444999999999986
2022-07-14 18:00:00,2.2577999999999987
2022-07-14 19:00:00,2.3018999999999985
2022-07-14 20:00:00,2.2966999999999986
2022-07-14 21:00:00,2.2902999999999984
2022-07-15 14:30:00,2.3105999999999987
2022-07-15 15:00:00,2.3551999999999986
2022-07-15 16:00:00,2.339499999999999
2022-07-15 17:00:00,2.332999999999999
2022-07-15 18:00:00,2.326699999999999
2022-07-15 19:00:00,2.3242999999999987
2022-07-15 20:00:00,2.322699999999999
2022-07-15 21:00:00,2.3290999999999986
2022-07-18 14:30:00,2.3726999999999987
2022-07-18 15:00:00,2.3797999999999986
2022-07-18 16:00:00,2.3823999999999987
2022-07-18 17:00:00,2.338899999999999
2022-07-18 18:00:00,2.3096999999999985
2022-07-18 19:00:00,2.2995999999999985
2022-07-18 20:00:00,2.2874999999999988
2022-07-18 21:00:00,2.2781999999999987
2022-07-19 14:30:00,2.266899999999999
2022-07-19 15:00:00,2.280599999999999
2022-07-19 16:00:00,2.2793999999999985
2022-07-19 17:00:00,2.310699999999999
2022-07-19 18:00:00,2.3180999999999985
2022-07-19 19:00:00,2.305199999999999
2022-07-19 20:00:00,2.304799999999999
2022-07-19 21:00:00,2.303299999999999
2022-07-20 14:30:00,2.2625999999999986
2022-07-20 15:00:00,2.3202999999999987
2022-07-20 16:00:00,2.3041999999999985
2022-07-20 17:00:00,2.3052999999999986
2022-07-20 18:00:00,2.2610999999999986
2022-07-20 19:00:00,2.2941999999999987
2022-07-20 20:00:00,2.2958999999999987
2022-07-20 21:00:00,2.3021999999999987
2022-07-21 14:30:00,2.2130999999999985
2022-07-21 15:00:00,2.172199999999999
2022-07-21 16:00:00,2.1836999999999986
2022-07-21 17:00:00,2.1924999999999986
2022-07-21 18:00:00,2.215999999999999
2022-07-21 19:00:00,2.2352999999999987
2022-07-21 20:00:00,2.2317999999999985
2022-07-21 21:00:00,2.2307999999999986
2022-07-22 14:30:00,2.2642999999999986
2022-07-22 15:00:00,2.264199999999999
2022-07-22 16:00:00,2.248199999999999
2022-07-22 17:00:00,2.212399999999999
2022-07-22 18:00:00,2.1527999999999987
2022-07-22 19:00:00,2.1280999999999985
2022-07-22 20:00:00,2.1200999999999985
2022-07-22 21:00:00,2.1421999999999985
2022-07-25 14:30:00,2.1503999999999985
2022-07-25 15:00:00,2.1943999999999986
2022-07-25 16:00:00,2.2277999999999984
2022-07-25 17:00:00,2.2126999999999986
2022-07-25 18:00:00,2.194099999999999
2022-07-25 19:00:00,2.187599999999999
2022-07-25 20:00:00,2.186099999999999
2022-07-25 21:00:00,2.1838999999999986
2022-07-26 14:30:00,2.2856999999999985
2022-07-26 15:00:00,2.2661999999999987
2022-07-26 16:00:00,2.2451999999999988
2022-07-26 17:00:00,2.2678999999999987
2022-07-26 18:00:00,2.2736999999999985
2022-07-26 19:00:00,2.2518999999999987
2022-07-26 20:00:00,2.2435999999999985
2022-07-26 21:00:00,2.2558999999999987
2022-07-27 14:30:00,2.308599999999999
2022-07-27 15:00:00,2.3568999999999987
2022-07-27 16:00:00,2.3742999999999985
2022-07-27 17:00:00,2.343099999999999
2022-07-27 18:00:00,2.3597999999999986
2022-07-27 19:00:00,2.381199999999999
2022-07-27 20:00:00,2.381199999999999
2022-07-27 21:00:00,2.371899999999999
2022-07-28 14:30:00,2.3765999999999985
2022-07-28 15:00:00,2.3435999999999986
2022-07-28 16:00:00,2.379099999999999
2022-07-28 17:00:00,2.3360999999999987
2022-07-28 18:00:00,2.330899999999999
2022-07-28 19:00:00,2.353199999999999
2022-07-28 20:00:00,2.3479999999999985
2022-07-28 21:00:00,2.3570999999999986
2022-07-29 14:30:00,2.3753999999999986
2022-07-29 15:00:00,2.4273999999999987
2022-07-29 16:00:00,2.389399999999999
2022-07-29 17:00:00,2.3256999999999985
2022-07-29 18:00:00,2.301199999999999
2022-07-29 19:00:00,2.2981999999999987
2022-07-29 20:00:00,2.293199999999999
2022-07-29 20:00:01,2.293199999999999
2022-07-29 21:00:00,2.2671999999999985
2022-08-01 14:30:00,2.210999999999999
2022-08-01 15:00:00,2.2185999999999986
2022-08-01 16:00:00,2.180699999999999
2022-08-01 17:00:00,2.2049999999999987
2022-08-01 18:00:00,2.172699999999999
2022-08-01 19:00:00,2.174599999999999
2022-08-01 20:00:00,2.1857999999999986
2022-08-01 21:00:00,2.1815999999999987
2022-08-01 23:00:00,2.1815999999999987
2022-08-02 14:30:00,2.159799999999999
2022-08-02 15:00:00,2.1260999999999988
2022-08-02 16:00:00,2.161699999999999
2022-08-02 17:00:00,2.181299999999999
2022-08-02 18:00:00,2.160699999999999
2022-08-02 19:00:00,2.149699999999999
2022-08-02 20:00:00,2.1432999999999987
2022-08-02 21:00:00,2.138099999999999
2022-08-02 23:00:00,2.138099999999999
2022-08-03 14:30:00,2.2087999999999988
2022-08-03 15:00:00,2.1579999999999986
2022-08-03 16:00:00,2.180399999999999
2022-08-03 17:00:00,2.156699999999999
2022-08-03 18:00:00,2.1790999999999987
2022-08-03 19:00:00,2.1562999999999986
2022-08-03 20:00:00,2.155599999999999
2022-08-03 21:00:00,2.171999999999999
2022-08-04 14:30:00,2.1339999999999986
2022-08-04 15:00:00,2.1024999999999987
2022-08-04 16:00:00,2.068499999999999
2022-08-04 17:00:00,2.0626999999999986
2022-08-04 18:00:00,2.0990999999999986
2022-08-04 19:00:00,2.086199999999999
2022-08-04 20:00:00,2.093099999999999
2022-08-04 21:00:00,2.0527999999999986
2022-08-05 14:30:00,2.014799999999999
2022-08-05 15:00:00,2.078799999999999
2022-08-05 16:00:00,2.043899999999999
2022-08-05 17:00:00,2.0310999999999986
2022-08-05 18:00:00,2.001599999999999
2022-08-05 19:00:00,1.979699999999999
2022-08-05 20:00:00,1.9686999999999988
2022-08-05 21:00:00,1.9793999999999987
2022-08-08 14:30:00,1.9867999999999988
2022-08-08 15:00:00,1.9928999999999988
2022-08-08 16:00:00,1.977599999999999
2022-08-08 17:00:00,1.9586999999999986
2022-08-08 18:00:00,1.9645999999999986
2022-08-08 19:00:00,1.9667999999999988
2022-08-08 20:00:00,1.972999999999999
2022-08-08 21:00:00,1.9779999999999989
2022-08-09 14:30:00,2.1198999999999986
2022-08-09 15:00:00,2.1043999999999987
2022-08-09 16:00:00,2.096899999999999
2022-08-09 17:00:00,2.087199999999999
2022-08-09 18:00:00,2.119599999999999
2022-08-09 19:00:00,2.1053999999999986
2022-08-09 20:00:00,2.104499999999999
2022-08-09 21:00:00,2.1020999999999987
2022-08-10 14:30:00,2.045299999999999
2022-08-10 15:00:00,2.060499999999999
2022-08-10 16:00:00,2.134399999999999
2022-08-10 17:00:00,2.1783999999999986
2022-08-10 18:00:00,2.184699999999999
2022-08-10 19:00:00,2.167799999999999
2022-08-10 20:00:00,2.1733999999999987
2022-08-10 21:00:00,2.165499999999999
2022-08-11 14:30:00,2.209499999999999
2022-08-11 15:00:00,2.1988999999999987
2022-08-11 16:00:00,2.2082999999999986
2022-08-11 17:00:00,2.2369999999999988
2022-08-11 18:00:00,2.274699999999999
2022-08-11 19:00:00,2.244599999999999
2022-08-11 20:00:00,2.2409999999999988
2022-08-11 21:00:00,2.251599999999999
2022-08-12 14:30:00,2.2592999999999988
2022-08-12 15:00:00,2.2733999999999988
2022-08-12 16:00:00,2.2985999999999986
2022-08-12 17:00:00,2.297699999999999
2022-08-12 18:00:00,2.296399999999999
2022-08-12 19:00:00,2.2836999999999987
2022-08-12 20:00:00,2.2678999999999987
2022-08-12 21:00:00,2.282699999999999
2022-08-15 14:30:00,2.1887999999999987
2022-08-15 15:00:00,2.229899999999999
2022-08-15 16:00:00,2.237899999999999
2022-08-15 17:00:00,2.248199999999999
2022-08-15 18:00:00,2.228199999999999
2022-08-15 19:00:00,2.235799999999999
2022-08-15 20:00:00,2.236599999999999
2022-08-15 21:00:00,2.1935999999999987
2022-08-16 14:30:00,2.254299999999999
2022-08-16 15:00:00,2.2213999999999987
2022-08-16 16:00:00,2.205299999999999
2022-08-16 17:00:00,2.225499999999999
2022-08-16 18:00:00,2.205899999999999
2022-08-16 19:00:00,2.2164999999999986
2022-08-16 20:00:00,2.2147999999999985
2022-08-16 21:00:00,2.240199999999999
2022-08-17 14:30:00,2.262099999999999
2022-08-17 15:00:00,2.326699999999999
2022-08-17 16:00:00,2.2621999999999987
2022-08-17 17:00:00,2.3126999999999986
2022-08-17 18:00:00,2.3254999999999986
2022-08-17 19:00:00,2.3271999999999986
2022-08-17 20:00:00,2.3235999999999986
2022-08-17 21:00:00,2.3294999999999986
2022-08-18 14:30:00,2.363499999999999
2022-08-18 15:00:00,2.387499999999999
2022-08-18 16:00:00,2.404599999999999
2022-08-18 17:00:00,2.3728999999999987
2022-08-18 18:00:00,2.3820999999999986
2022-08-18 19:00:00,2.3837999999999986
2022-08-18 20:00:00,2.389599999999999
2022-08-18 21:00:00,2.3776999999999986
2022-08-19 14:30:00,2.3852999999999986
2022-08-19 15:00:00,2.4153999999999987
2022-08-19 16:00:00,2.4532999999999987
2022-08-19 17:00:00,2.443699999999999
2022-08-19 18:00:00,2.4298999999999986
2022-08-19 19:00:00,2.4359999999999986
2022-08-19 20:00:00,2.4372999999999987
2022-08-19 21:00:00,2.4351999999999987
2022-08-22 14:30:00,2.4425999999999988
2022-08-22 15:00:00,2.458199999999999
2022-08-22 16:00:00,2.4850999999999988
2022-08-22 17:00:00,2.5081999999999987
2022-08-22 18:00:00,2.4883999999999986
2022-08-22 19:00:00,2.5098999999999987
2022-08-22 20:00:00,2.511699999999999
2022-08-22 21:00:00,2.516499999999999
2022-08-23 14:30:00,2.563899999999999
2022-08-23 15:00:00,2.566399999999999
2022-08-23 16:00:00,2.567199999999999
2022-08-23 17:00:00,2.5807999999999987
2022-08-23 18:00:00,2.5923999999999987
2022-08-23 19:00:00,2.573799999999999
2022-08-23 20:00:00,2.576299999999999
2022-08-23 21:00:00,2.576499999999999
2022-08-24 14:30:00,2.651599999999999
2022-08-24 15:00:00,2.700199999999999
2022-08-24 16:00:00,2.6880999999999986
2022-08-24 17:00:00,2.697299999999999
2022-08-24 18:00:00,2.724799999999999
2022-08-24 19:00:00,2.731999999999999
2022-08-24 20:00:00,2.7394999999999987
2022-08-24 21:00:00,2.751999999999999
2022-08-25 14:30:00,2.7794999999999987
2022-08-25 15:00:00,2.738099999999999
2022-08-25 16:00:00,2.708599999999999
2022-08-25 17:00:00,2.693099999999999
2022-08-25 18:00:00,2.687599999999999
2022-08-25 19:00:00,2.651599999999999
2022-08-25 20:00:00,2.652899999999999
2022-08-25 21:00:00,2.6481999999999988
2022-08-26 14:30:00,2.6950999999999987
2022-08-26 15:00:00,2.686799999999999
2022-08-26 16:00:00,2.6922999999999986
2022-08-26 17:00:00,2.6851999999999987
2022-08-26 18:00:00,2.6901999999999986
2022-08-26 19:00:00,2.6939999999999986
2022-08-26 20:00:00,2.689499999999999
2022-08-26 21:00:00,2.6925999999999988
2022-08-29 14:30:00,2.650099999999999
2022-08-29 15:00:00,2.655599999999999
2022-08-29 16:00:00,2.691999999999999
2022-08-29 17:00:00,2.641099999999999
2022-08-29 18:00:00,2.614999999999999
2022-08-29 19:00:00,2.6146999999999987
2022-08-29 20:00:00,2.613899999999999
2022-08-29 21:00:00,2.6299999999999986
2022-08-30 14:30:00,2.5820999999999987
2022-08-30 15:00:00,2.5506999999999986
2022-08-30 16:00:00,2.5106999999999986
2022-08-30 17:00:00,2.5376999999999987
2022-08-30 18:00:00,2.523499999999999
2022-08-30 19:00:00,2.538199999999999
2022-08-30 20:00:00,2.539499999999999
2022-08-30 20:00:01,2.539499999999999
2022-08-30 21:00:00,2.5599999999999987
2022-08-31 14:00:00,2.494399999999999
2022-08-31 14:30:00,2.494399999999999
2022-08-31 15:00:00,2.4694999999999987
2022-08-31 16:00:00,2.477999999999999
2022-08-31 17:00:00,2.469999999999999
2022-08-31 18:00:00,2.482399999999999
2022-08-31 19:00:00,2.420799999999999
2022-08-31 20:00:00,2.4277999999999986
2022-08-31 21:00:00,2.419299999999999
2022-09-01 14:00:00,2.263099999999999
2022-09-01 14:30:00,2.263099999999999
2022-09-01 15:00:00,2.284999999999999
2022-09-01 16:00:00,2.268599999999999
2022-09-01 17:00:00,2.344199999999999
2022-09-01 18:00:00,2.308199999999999
2022-09-01 19:00:00,2.334499999999999
2022-09-01 20:00:00,2.337499999999999
2022-09-01 21:00:00,2.3358999999999988
2022-09-02 14:00:00,2.322699999999999
2022-09-02 14:30:00,2.322699999999999
2022-09-02 15:00:00,2.3627999999999987
2022-09-02 16:00:00,2.360599999999999
2022-09-02 17:00:00,2.3890999999999987
2022-09-02 18:00:00,2.359299999999999
2022-09-02 19:00:00,2.373399999999999
2022-09-02 20:00:00,2.377799999999999
2022-09-02 21:00:00,2.3909999999999987
2022-09-02 23:00:00,2.3909999999999987
2022-09-06 14:00:00,2.369899999999999
2022-09-06 14:30:00,2.369899999999999
2022-09-06 15:00:00,2.370499999999999
2022-09-06 16:00:00,2.3985999999999987
2022-09-06 17:00:00,2.3692999999999986
2022-09-06 18:00:00,2.368599999999999
2022-09-06 19:00:00,2.356399999999999
2022-09-06 20:00:00,2.359699999999999
2022-09-06 21:00:00,2.3507999999999987
2022-09-07 14:00:00,2.320799999999999
2022-09-07 14:30:00,2.320799999999999
2022-09-07 15:00:00,2.351699999999999
2022-09-07 16:00:00,2.349499999999999
2022-09-07 17:00:00,2.3217999999999988
2022-09-07 18:00:00,2.3393999999999986
2022-09-07 19:00:00,2.3366999999999987
2022-09-07 20:00:00,2.3347999999999987
2022-09-07 21:00:00,2.3269999999999986
2022-09-08 14:00:00,2.315599999999999
2022-09-08 14:30:00,2.315599999999999
2022-09-08 15:00:00,2.276399999999999
2022-09-08 16:00:00,2.320799999999999
2022-09-08 17:00:00,2.3187999999999986
2022-09-08 18:00:00,2.326299999999999
2022-09-08 19:00:00,2.3200999999999987
2022-09-08 20:00:00,2.3202999999999987
2022-09-08 21:00:00,2.304799999999999
2022-09-09 14:00:00,2.3505999999999987
2022-09-09 14:30:00,2.3505999999999987
2022-09-09 15:00:00,2.3703999999999987
2022-09-09 16:00:00,2.3802999999999988
2022-09-09 17:00:00,2.3911999999999987
2022-09-09 18:00:00,2.376999999999999
2022-09-09 19:00:00,2.372999999999999
2022-09-09 20:00:00,2.3699999999999988
2022-09-09 21:00:00,2.3804999999999987
2022-09-12 14:00:00,2.4654999999999987
2022-09-12 14:30:00,2.4654999999999987
2022-09-12 15:00:00,2.480699999999999
2022-09-12 16:00:00,2.481599999999999
2022-09-12 17:00:00,2.4277999999999986
2022-09-12 18:00:00,2.406899999999999
2022-09-12 19:00:00,2.3901999999999988
2022-09-12 20:00:00,2.395899999999999
2022-09-12 21:00:00,2.396099999999999
2022-09-13 14:00:00,2.398099999999999
2022-09-13 14:30:00,2.398099999999999
2022-09-13 15:00:00,2.3551999999999986
2022-09-13 16:00:00,2.3299999999999987
2022-09-13 17:00:00,2.311299999999999
2022-09-13 18:00:00,2.350899999999999
2022-09-13 19:00:00,2.346499999999999
2022-09-13 20:00:00,2.3490999999999986
2022-09-13 21:00:00,2.3545999999999987
2022-09-14 14:00:00,2.2550999999999988
2022-09-14 14:30:00,2.2550999999999988
2022-09-14 15:00:00,2.2341999999999986
2022-09-14 16:00:00,2.237899999999999
2022-09-14 17:00:00,2.238599999999999
2022-09-14 18:00:00,2.233499999999999
2022-09-14 19:00:00,2.202499999999999
2022-09-14 20:00:00,2.2040999999999986
2022-09-14 21:00:00,2.2188999999999988
2022-09-15 14:00:00,2.0409999999999986
2022-09-15 14:30:00,2.0409999999999986
2022-09-15 15:00:00,2.019899999999999
2022-09-15 16:00:00,2.037099999999999
2022-09-15 17:00:00,2.066399999999999
2022-09-15 18:00:00,2.0294999999999987
2022-09-15 19:00:00,2.0279999999999987
2022-09-15 20:00:00,2.043899999999999
2022-09-15 21:00:00,2.0651999999999986
2022-09-16 14:00:00,2.0313999999999988
2022-09-16 14:30:00,2.0313999999999988
2022-09-16 15:00:00,2.0418999999999987
2022-09-16 16:00:00,2.050199999999999
2022-09-16 17:00:00,2.012999999999999
2022-09-16 18:00:00,2.0241999999999987
2022-09-16 19:00:00,2.0193999999999988
2022-09-16 20:00:00,2.026199999999999
2022-09-16 21:00:00,2.0233999999999988
2022-09-19 14:00:00,2.0447999999999986
2022-09-19 14:30:00,2.0447999999999986
2022-09-19 15:00:00,2.0788999999999986
2022-09-19 16:00:00,2.110799999999999
2022-09-19 17:00:00,2.1022999999999987
2022-09-19 18:00:00,2.118999999999999
2022-09-19 19:00:00,2.125799999999999
2022-09-19 20:00:00,2.1154999999999986
2022-09-19 21:00:00,2.1125999999999987
2022-09-20 14:00:00,2.0992999999999986
2022-09-20 14:30:00,2.0992999999999986
2022-09-20 15:00:00,2.138999999999999
2022-09-20 16:00:00,2.128699999999999
2022-09-20 17:00:00,2.1567999999999987
2022-09-20 18:00:00,2.147899999999999
2022-09-20 19:00:00,2.155599999999999
2022-09-20 20:00:00,2.153899999999999
2022-09-20 21:00:00,2.1548999999999987
2022-09-21 14:00:00,2.120099999999999
2022-09-21 14:30:00,2.120099999999999
2022-09-21 15:00:00,2.088499999999999
2022-09-21 16:00:00,2.0978999999999988
2022-09-21 17:00:00,2.1348999999999987
2022-09-21 18:00:00,2.1356999999999986
2022-09-21 19:00:00,2.1369999999999987
2022-09-21 20:00:00,2.125699999999999
2022-09-21 21:00:00,2.100699999999999
2022-09-22 14:00:00,2.192299999999999
2022-09-22 14:30:00,2.192299999999999
2022-09-22 15:00:00,2.174199999999999
2022-09-22 16:00:00,2.154099999999999
2022-09-22 17:00:00,2.159399999999999
2022-09-22 18:00:00,2.179399999999999
2022-09-22 19:00:00,2.1592999999999987
2022-09-22 20:00:00,2.1577999999999986
2022-09-22 21:00:00,2.1554999999999986
2022-09-22 23:00:00,2.1554999999999986
2022-09-23 14:30:00,2.0123999999999986
2022-09-23 15:00:00,2.013999999999999
2022-09-23 16:00:00,2.010999999999999
2022-09-23 17:00:00,2.017799999999999
2022-09-23 18:00:00,1.9911999999999987
2022-09-23 19:00:00,2.0081999999999987
2022-09-23 20:00:00,2.0155999999999987
2022-09-23 21:00:00,2.013099999999999
2022-09-23 23:00:00,2.013099999999999
2022-09-26 14:30:00,1.9854999999999987
2022-09-26 15:00:00,1.9869999999999988
2022-09-26 16:00:00,1.9197999999999986
2022-09-26 17:00:00,1.9159999999999986
2022-09-26 18:00:00,1.9118999999999988
2022-09-26 19:00:00,1.898499999999999
2022-09-26 20:00:00,1.895999999999999
2022-09-26 21:00:00,1.895099999999999
2022-09-26 23:00:00,1.895099999999999
2022-09-27 14:30:00,2.0226999999999986
2022-09-27 15:00:00,2.011299999999999
2022-09-27 16:00:00,1.9947999999999988
2022-09-27 17:00:00,1.9721999999999986
2022-09-27 18:00:00,1.997199999999999
2022-09-27 19:00:00,2.006999999999999
2022-09-27 20:00:00,2.004499999999999
2022-09-27 21:00:00,1.984799999999999
2022-09-27 23:00:00,1.984799999999999
2022-09-28 14:30:00,2.079499999999999
2022-09-28 15:00:00,2.1020999999999987
2022-09-28 16:00:00,2.137699999999999
2022-09-28 17:00:00,2.139599999999999
2022-09-28 18:00:00,2.139399999999999
2022-09-28 19:00:00,2.157899999999999
2022-09-28 20:00:00,2.161299999999999
2022-09-28 21:00:00,2.1544999999999987
2022-09-28 23:00:00,2.1544999999999987
2022-09-29 14:30:00,2.114799999999999
2022-09-29 15:00:00,2.146099999999999
2022-09-29 16:00:00,2.151799999999999
2022-09-29 17:00:00,2.1495999999999986
2022-09-29 18:00:00,2.135899999999999
2022-09-29 19:00:00,2.117699999999999
2022-09-29 20:00:00,2.1201999999999988
2022-09-29 20:00:01,2.1201999999999988
2022-09-29 21:00:00,2.1089999999999987
2022-09-29 23:00:00,2.1089999999999987
2022-09-30 14:30:00,2.0698999999999987
2022-09-30 15:00:00,2.0635999999999988
2022-09-30 16:00:00,2.0782999999999987
2022-09-30 17:00:00,2.0515999999999988
2022-09-30 18:00:00,2.0535999999999985
2022-09-30 19:00:00,2.0502999999999987
2022-09-30 20:00:00,2.0569999999999986
2022-09-30 21:00:00,2.0536999999999987
2022-09-30 23:00:00,2.0536999999999987
2022-10-03 14:30:00,2.1376999999999984
2022-10-03 15:00:00,2.1207999999999987
2022-10-03 16:00:00,2.1424999999999987
2022-10-03 17:00:00,2.1474999999999986
2022-10-03 18:00:00,2.1376999999999984
2022-10-03 19:00:00,2.1461999999999986
2022-10-03 20:00:00,2.1461999999999986
2022-10-03 21:00:00,2.1446999999999985
2022-10-03 23:00:00,2.1446999999999985
2022-10-04 14:30:00,2.2256999999999985
2022-10-04 15:00:00,2.2581999999999987
2022-10-04 16:00:00,2.2682999999999987
2022-10-04 17:00:00,2.2584999999999984
2022-10-04 18:00:00,2.2620999999999984
2022-10-04 19:00:00,2.2698999999999985
2022-10-04 20:00:00,2.2709999999999986
2022-10-04 21:00:00,2.2714999999999987
2022-10-04 23:00:00,2.2714999999999987
2022-10-05 14:30:00,2.3464999999999985
2022-10-05 15:00:00,2.4117999999999986
2022-10-05 16:00:00,2.4320999999999984
2022-10-05 17:00:00,2.4253999999999984
2022-10-05 18:00:00,2.4396999999999984
2022-10-05 19:00:00,2.4418999999999986
2022-10-05 20:00:00,2.4510999999999985
2022-10-05 21:00:00,2.4531999999999985
2022-10-05 23:00:00,2.4531999999999985
2022-10-06 14:30:00,2.4424999999999986
2022-10-06 15:00:00,2.4825999999999984
2022-10-06 16:00:00,2.4871999999999987
2022-10-06 17:00:00,2.5084999999999984
2022-10-06 18:00:00,2.5407999999999986
2022-10-06 19:00:00,2.5518999999999985
2022-10-06 20:00:00,2.5493999999999986
2022-10-06 21:00:00,2.5720999999999985
2022-10-06 23:00:00,2.5720999999999985
2022-10-07 14:30:00,2.5894999999999984
2022-10-07 15:00:00,2.6158999999999986
2022-10-07 16:00:00,2.6515999999999984
2022-10-07 17:00:00,2.6480999999999986
2022-10-07 18:00:00,2.6291999999999986
2022-10-07 19:00:00,2.6502999999999988
2022-10-07 20:00:00,2.6461999999999986
2022-10-07 21:00:00,2.6584999999999988
2022-10-07 23:00:00,2.6584999999999988
2022-10-10 14:30:00,2.6441999999999988
2022-10-10 15:00:00,2.6381999999999985
2022-10-10 16:00:00,2.6160999999999985
2022-10-10 17:00:00,2.6243999999999987
2022-10-10 18:00:00,2.5985999999999985
2022-10-10 19:00:00,2.5339999999999985
2022-10-10 20:00:00,2.5332999999999988
2022-10-10 21:00:00,2.5244999999999984
2022-10-10 23:00:00,2.5244999999999984
2022-10-11 14:30:00,2.4248999999999987
2022-10-11 15:00:00,2.4043999999999985
2022-10-11 16:00:00,2.4489999999999985
2022-10-11 17:00:00,2.4667999999999988
2022-10-11 18:00:00,2.4986999999999986
2022-10-11 19:00:00,2.4428999999999985
2022-10-11 20:00:00,2.4321999999999986
2022-10-11 21:00:00,2.444499999999999
2022-10-11 23:00:00,2.444499999999999
2022-10-12 14:30:00,2.4795999999999987
2022-10-12 15:00:00,2.4770999999999987
2022-10-12 16:00:00,2.4634999999999985
2022-10-12 17:00:00,2.4687999999999986
2022-10-12 18:00:00,2.4557999999999987
2022-10-12 19:00:00,2.4664999999999986
2022-10-12 20:00:00,2.4651999999999985
2022-10-12 21:00:00,2.4553999999999987
2022-10-12 23:00:00,2.4553999999999987
2022-10-13 14:30:00,2.4669999999999987
2022-10-13 15:00:00,2.4706999999999986
2022-10-13 16:00:00,2.5233999999999988
2022-10-13 17:00:00,2.5182999999999987
2022-10-13 18:00:00,2.5336999999999987
2022-10-13 19:00:00,2.5403999999999987
2022-10-13 20:00:00,2.5442999999999985
2022-10-13 21:00:00,2.5322999999999984
2022-10-13 23:00:00,2.5322999999999984
2022-10-14 14:30:00,2.4705999999999984
2022-10-14 15:00:00,2.4420999999999986
2022-10-14 16:00:00,2.4530999999999987
2022-10-14 17:00:00,2.4735999999999985
2022-10-14 18:00:00,2.4641999999999986
2022-10-14 19:00:00,2.4531999999999985
2022-10-14 20:00:00,2.4569999999999985
2022-10-14 21:00:00,2.4617999999999984
2022-10-14 23:00:00,2.4617999999999984
2022-10-17 14:30:00,2.5212999999999988
2022-10-17 15:00:00,2.5147999999999984
2022-10-17 16:00:00,2.5228999999999986
2022-10-17 17:00:00,2.5159999999999987
2022-10-17 18:00:00,2.5098999999999987
2022-10-17 19:00:00,2.5154999999999985
2022-10-17 20:00:00,2.5163999999999986
2022-10-17 21:00:00,2.5332999999999988
2022-10-17 23:00:00,2.5332999999999988
2022-10-18 14:30:00,2.5022999999999986
2022-10-18 15:00:00,2.4829999999999988
2022-10-18 16:00:00,2.4398999999999984
2022-10-18 17:00:00,2.4529999999999985
2022-10-18 18:00:00,2.4577999999999984
2022-10-18 19:00:00,2.4539999999999984
2022-10-18 20:00:00,2.4625999999999983
2022-10-18 21:00:00,2.4645999999999986
2022-10-18 23:00:00,2.4645999999999986
2022-10-19 14:30:00,2.3997999999999986
2022-10-19 15:00:00,2.3911999999999987
2022-10-19 16:00:00,2.4109999999999987
2022-10-19 17:00:00,2.3959999999999986
2022-10-19 18:00:00,2.4251999999999985
2022-10-19 19:00:00,2.388099999999999
2022-10-19 20:00:00,2.3921999999999985
2022-10-19 21:00:00,2.3853999999999984
2022-10-19 23:00:00,2.3853999999999984
2022-10-20 14:30:00,2.454599999999999
2022-10-20 15:00:00,2.4105999999999987
2022-10-20 16:00:00,2.3551999999999986
2022-10-20 17:00:00,2.3457999999999988
2022-10-20 18:00:00,2.3480999999999987
2022-10-20 19:00:00,2.3540999999999985
2022-10-20 20:00:00,2.3580999999999985
2022-10-20 21:00:00,2.3728999999999987
2022-10-20 23:00:00,2.3728999999999987
2022-10-21 14:30:00,2.3593999999999986
2022-10-21 15:00:00,2.3331999999999984
2022-10-21 16:00:00,2.3511999999999986
2022-10-21 17:00:00,2.3998999999999984
2022-10-21 18:00:00,2.4203999999999986
2022-10-21 19:00:00,2.4000999999999983
2022-10-21 20:00:00,2.4010999999999987
2022-10-21 21:00:00,2.4106999999999985
2022-10-21 23:00:00,2.4106999999999985
2022-10-24 14:30:00,2.4561999999999986
2022-10-24 15:00:00,2.4546999999999985
2022-10-24 16:00:00,2.4492999999999987
2022-10-24 17:00:00,2.4452999999999987
2022-10-24 18:00:00,2.4377999999999984
2022-10-24 19:00:00,2.4313999999999987
2022-10-24 20:00:00,2.4382999999999986
2022-10-24 21:00:00,2.4414999999999987
2022-10-24 23:00:00,2.4414999999999987
2022-10-25 14:30:00,2.4145999999999987
2022-10-25 15:00:00,2.412299999999999
2022-10-25 16:00:00,2.4260999999999986
2022-10-25 17:00:00,2.4276999999999984
2022-10-25 18:00:00,2.4197999999999986
2022-10-25 19:00:00,2.4102999999999986
2022-10-25 20:00:00,2.4104999999999985
2022-10-25 21:00:00,2.4121999999999986
2022-10-25 23:00:00,2.4121999999999986
2022-10-26 14:30:00,2.4405999999999985
2022-10-26 15:00:00,2.5008999999999983
2022-10-26 16:00:00,2.5070999999999986
2022-10-26 17:00:00,2.5352999999999986
2022-10-26 18:00:00,2.5304999999999986
2022-10-26 19:00:00,2.5198999999999985
2022-10-26 20:00:00,2.5265999999999984
2022-10-26 21:00:00,2.537299999999999
2022-10-26 23:00:00,2.537299999999999
2022-10-27 14:30:00,2.5183999999999984
2022-10-27 15:00:00,2.5228999999999986
2022-10-27 16:00:00,2.5013999999999985
2022-10-27 17:00:00,2.5312999999999986
2022-10-27 18:00:00,2.5290999999999983
2022-10-27 19:00:00,2.5274999999999985
2022-10-27 20:00:00,2.5265999999999984
2022-10-27 21:00:00,2.5326999999999984
2022-10-27 23:00:00,2.5326999999999984
2022-10-28 14:30:00,2.5604999999999984
2022-10-28 15:00:00,2.5389999999999984
2022-10-28 16:00:00,2.5437999999999987
2022-10-28 17:00:00,2.5495999999999985
2022-10-28 18:00:00,2.6013999999999986
2022-10-28 19:00:00,2.5652999999999984
2022-10-28 20:00:00,2.5713999999999984
2022-10-28 21:00:00,2.5735999999999986
2022-10-28 23:00:00,2.5735999999999986
2022-10-31 13:30:00,2.5262999999999987
2022-10-31 14:00:00,2.5045999999999986
2022-10-31 15:00:00,2.5174999999999987
2022-10-31 16:00:00,2.4775999999999985
2022-10-31 17:00:00,2.4497999999999984
2022-10-31 18:00:00,2.4930999999999988
2022-10-31 19:00:00,2.4753999999999987
2022-10-31 20:00:00,2.4777999999999984
2022-10-31 23:00:00,2.4720999999999984
2022-11-01 13:30:00,2.4780999999999986
2022-11-01 14:00:00,2.4680999999999984
2022-11-01 15:00:00,2.4736999999999987
2022-11-01 16:00:00,2.4569999999999985
2022-11-01 17:00:00,2.4625999999999983
2022-11-01 18:00:00,2.4407999999999985
2022-11-01 19:00:00,2.4421999999999984
2022-11-01 20:00:00,2.4368999999999987
2022-11-01 20:00:01,2.4368999999999987
2022-11-01 23:00:00,2.432399999999999
2022-11-02 13:30:00,2.416199999999999
2022-11-02 14:00:00,2.454899999999999
2022-11-02 15:00:00,2.481399999999999
2022-11-02 16:00:00,2.493599999999999
2022-11-02 17:00:00,2.495299999999999
2022-11-02 18:00:00,2.5010999999999988
2022-11-02 19:00:00,2.498299999999999
2022-11-02 20:00:00,2.4955999999999987
2022-11-02 23:00:00,2.500199999999999
2022-11-03 13:30:00,2.5117999999999987
2022-11-03 14:00:00,2.5521999999999987
2022-11-03 15:00:00,2.565999999999999
2022-11-03 16:00:00,2.588499999999999
2022-11-03 17:00:00,2.593599999999999
2022-11-03 18:00:00,2.599099999999999
2022-11-03 19:00:00,2.5858999999999988
2022-11-03 20:00:00,2.589599999999999
2022-11-03 23:00:00,2.589799999999999
2022-11-04 13:30:00,2.607299999999999
2022-11-04 14:00:00,2.639199999999999
2022-11-04 15:00:00,2.635499999999999
2022-11-04 16:00:00,2.656299999999999
2022-11-04 17:00:00,2.6481999999999988
2022-11-04 18:00:00,2.6544999999999987
2022-11-04 19:00:00,2.6464999999999987
2022-11-04 20:00:00,2.648299999999999
2022-11-04 23:00:00,2.630599999999999
2022-11-07 14:30:00,2.620299999999999
2022-11-07 15:00:00,2.627199999999999
2022-11-07 16:00:00,2.616699999999999
2022-11-07 17:00:00,2.602799999999999
2022-11-07 18:00:00,2.576099999999999
2022-11-07 19:00:00,2.585099999999999
2022-11-07 20:00:00,2.5864999999999987
2022-11-07 21:00:00,2.5736999999999988
2022-11-07 23:00:00,2.5736999999999988
2022-11-08 14:30:00,2.631599999999999
2022-11-08 15:00:00,2.6207999999999987
2022-11-08 16:00:00,2.6083999999999987
2022-11-08 17:00:00,2.5801999999999987
2022-11-08 18:00:00,2.559699999999999
2022-11-08 19:00:00,2.539099999999999
2022-11-08 20:00:00,2.544699999999999
2022-11-08 21:00:00,2.546899999999999
2022-11-08 23:00:00,2.546899999999999
2022-11-09 14:30:00,2.492599999999999
2022-11-09 15:00:00,2.452499999999999
2022-11-09 16:00:00,2.472699999999999
2022-11-09 17:00:00,2.504799999999999
2022-11-09 18:00:00,2.4734999999999987
2022-11-09 19:00:00,2.441599999999999
2022-11-09 20:00:00,2.442199999999999
2022-11-09 21:00:00,2.431399999999999
2022-11-09 23:00:00,2.431399999999999
2022-11-10 14:30:00,2.452099999999999
2022-11-10 15:00:00,2.468699999999999
2022-11-10 16:00:00,2.443399999999999
2022-11-10 17:00:00,2.409899999999999
2022-11-10 18:00:00,2.412099999999999
2022-11-10 19:00:00,2.4082999999999988
2022-11-10 20:00:00,2.410499999999999
2022-11-10 21:00:00,2.403699999999999
2022-11-10 23:00:00,2.403699999999999
2022-11-11 14:30:00,2.480299999999999
2022-11-11 15:00:00,2.462399999999999
2022-11-11 16:00:00,2.428599999999999
2022-11-11 17:00:00,2.421999999999999
2022-11-11 18:00:00,2.389699999999999
2022-11-11 19:00:00,2.4389999999999987
2022-11-11 20:00:00,2.450899999999999
2022-11-11 21:00:00,2.459299999999999
2022-11-11 23:00:00,2.459299999999999
2022-11-14 14:30:00,2.476499999999999
2022-11-14 15:00:00,2.505399999999999
2022-11-14 16:00:00,2.447099999999999
2022-11-14 17:00:00,2.418499999999999
2022-11-14 18:00:00,2.415299999999999
2022-11-14 19:00:00,2.410899999999999
2022-11-14 20:00:00,2.404099999999999
2022-11-14 21:00:00,2.397399999999999
2022-11-14 23:00:00,2.397399999999999
2022-11-15 14:30:00,2.426899999999999
2022-11-15 15:00:00,2.412299999999999
2022-11-15 16:00:00,2.457699999999999
2022-11-15 17:00:00,2.510499999999999
2022-11-15 18:00:00,2.489199999999999
2022-11-15 19:00:00,2.478199999999999
2022-11-15 20:00:00,2.483699999999999
2022-11-15 21:00:00,2.465699999999999
2022-11-15 23:00:00,2.465699999999999
2022-11-16 14:30:00,2.437599999999999
2022-11-16 15:00:00,2.451599999999999
2022-11-16 16:00:00,2.4473999999999987
2022-11-16 17:00:00,2.4427999999999988
2022-11-16 18:00:00,2.431799999999999
2022-11-16 19:00:00,2.455899999999999
2022-11-16 20:00:00,2.4570999999999987
2022-11-16 21:00:00,2.464799999999999
2022-11-16 23:00:00,2.464799999999999
2022-11-17 14:30:00,2.395399999999999
2022-11-17 15:00:00,2.387899999999999
2022-11-17 16:00:00,2.341299999999999
2022-11-17 17:00:00,2.3541999999999987
2022-11-17 18:00:00,2.364399999999999
2022-11-17 19:00:00,2.370499999999999
2022-11-17 20:00:00,2.370299999999999
2022-11-17 21:00:00,2.378099999999999
2022-11-17 23:00:00,2.378099999999999
2022-11-18 14:30:00,2.291399999999999
2022-11-18 15:00:00,2.322999999999999
2022-11-18 16:00:00,2.319999999999999
2022-11-18 17:00:00,2.340599999999999
2022-11-18 18:00:00,2.344899999999999
2022-11-18 19:00:00,2.367599999999999
2022-11-18 20:00:00,2.371899999999999
2022-11-18 21:00:00,2.375299999999999
2022-11-18 23:00:00,2.375299999999999
2022-11-21 14:30:00,2.290299999999999
2022-11-21 15:00:00,2.250599999999999
2022-11-21 16:00:00,2.2432999999999987
2022-11-21 17:00:00,2.3280999999999987
2022-11-21 18:00:00,2.343599999999999
2022-11-21 19:00:00,2.344399999999999
2022-11-21 20:00:00,2.346299999999999
2022-11-21 21:00:00,2.350299999999999
2022-11-21 23:00:00,2.350299999999999
2022-11-22 14:30:00,2.365299999999999
2022-11-22 15:00:00,2.365799999999999
2022-11-22 16:00:00,2.378099999999999
2022-11-22 17:00:00,2.359799999999999
2022-11-22 18:00:00,2.355199999999999
2022-11-22 19:00:00,2.343299999999999
2022-11-22 20:00:00,2.349899999999999
2022-11-22 21:00:00,2.348399999999999
2022-11-22 23:00:00,2.348399999999999
2022-11-23 14:30:00,2.313899999999999
2022-11-23 15:00:00,2.297899999999999
2022-11-23 16:00:00,2.275799999999999
2022-11-23 17:00:00,2.2718999999999987
2022-11-23 18:00:00,2.278099999999999
2022-11-23 19:00:00,2.272999999999999
2022-11-23 20:00:00,2.2592999999999988
2022-11-23 21:00:00,2.255999999999999
2022-11-23 23:00:00,2.255999999999999
2022-11-25 14:30:00,2.327599999999999
2022-11-25 15:00:00,2.266999999999999
2022-11-25 16:00:00,2.235199999999999
2022-11-25 17:00:00,2.206799999999999
2022-11-25 18:00:00,2.210199999999999
2022-11-25 23:00:00,2.210199999999999
2022-11-28 14:30:00,2.149799999999999
2022-11-28 15:00:00,2.163799999999999
2022-11-28 16:00:00,2.2049999999999987
2022-11-28 17:00:00,2.180399999999999
2022-11-28 18:00:00,2.167499999999999
2022-11-28 19:00:00,2.157499999999999
2022-11-28 20:00:00,2.1542999999999988
2022-11-28 21:00:00,2.129099999999999
2022-11-28 23:00:00,2.129099999999999
2022-11-29 14:30:00,2.252999999999999
2022-11-29 15:00:00,2.245499999999999
2022-11-29 16:00:00,2.256999999999999
2022-11-29 17:00:00,2.260699999999999
2022-11-29 18:00:00,2.264299999999999
2022-11-29 19:00:00,2.2535999999999987
2022-11-29 20:00:00,2.256499999999999
2022-11-29 21:00:00,2.268599999999999
2022-11-29 23:00:00,2.268599999999999
2022-11-30 14:30:00,2.309699999999999
2022-11-30 15:00:00,2.317199999999999
2022-11-30 16:00:00,2.321299999999999
2022-11-30 17:00:00,2.332399999999999
2022-11-30 18:00:00,2.333199999999999
2022-11-30 19:00:00,2.361399999999999
2022-11-30 20:00:00,2.354899999999999
2022-11-30 20:00:01,2.354899999999999
2022-11-30 21:00:00,2.355699999999999
2022-11-30 23:00:00,2.355699999999999
2022-12-01 14:30:00,2.378799999999999
2022-12-01 15:00:00,2.386899999999999
2022-12-01 16:00:00,2.337399999999999
2022-12-01 17:00:00,2.330399999999999
2022-12-01 18:00:00,2.303799999999999
2022-12-01 19:00:00,2.291599999999999
2022-12-01 20:00:00,2.2874999999999988
2022-12-01 21:00:00,2.283799999999999
2022-12-01 23:00:00,2.283799999999999
2022-12-02 14:30:00,2.287599999999999
2022-12-02 15:00:00,2.277499999999999
2022-12-02 16:00:00,2.265499999999999
2022-12-02 17:00:00,2.228699999999999
2022-12-02 18:00:00,2.204699999999999
2022-12-02 19:00:00,2.225399999999999
2022-12-02 20:00:00,2.226799999999999
2022-12-02 21:00:00,2.2329999999999988
2022-12-02 23:00:00,2.2329999999999988
2022-12-05 14:30:00,2.235899999999999
2022-12-05 15:00:00,2.184399999999999
2022-12-05 16:00:00,2.150099999999999
2022-12-05 17:00:00,2.117499999999999
2022-12-05 18:00:00,2.084299999999999
2022-12-05 19:00:00,2.078399999999999
2022-12-05 20:00:00,2.073399999999999
2022-12-05 21:00:00,2.072999999999999
2022-12-05 23:00:00,2.072999999999999
2022-12-06 14:30:00,2.054899999999999
2022-12-06 15:00:00,2.017999999999999
2022-12-06 16:00:00,1.9859999999999989
2022-12-06 17:00:00,1.9802999999999988
2022-12-06 18:00:00,1.9863999999999988
2022-12-06 19:00:00,1.9800999999999989
2022-12-06 20:00:00,1.993599999999999
2022-12-06 21:00:00,1.993799999999999
2022-12-06 23:00:00,1.993799999999999
2022-12-07 14:30:00,1.990699999999999
2022-12-07 15:00:00,1.9486999999999988
2022-12-07 16:00:00,1.912999999999999
2022-12-07 17:00:00,1.8874999999999988
2022-12-07 18:00:00,1.877699999999999
2022-12-07 19:00:00,1.8884999999999987
2022-12-07 20:00:00,1.889499999999999
2022-12-07 21:00:00,1.881899999999999
2022-12-07 23:00:00,1.881899999999999
2022-12-08 14:30:00,1.8996999999999988
2022-12-08 15:00:00,1.8851999999999989
2022-12-08 16:00:00,1.9499999999999988
2022-12-08 17:00:00,1.9305999999999988
2022-12-08 18:00:00,1.9381999999999988
2022-12-08 19:00:00,1.933199999999999
2022-12-08 20:00:00,1.932199999999999
2022-12-08 21:00:00,1.9295999999999989
2022-12-08 23:00:00,1.9295999999999989
2022-12-09 14:30:00,1.923799999999999
2022-12-09 15:00:00,1.9078999999999988
2022-12-09 16:00:00,1.9154999999999989
2022-12-09 17:00:00,1.8766999999999991
2022-12-09 18:00:00,1.8667999999999991
2022-12-09 19:00:00,1.890499999999999
2022-12-09 20:00:00,1.8941999999999988
2022-12-09 21:00:00,1.892599999999999
2022-12-09 23:00:00,1.892599999999999
2022-12-12 14:30:00,1.9848999999999988
2022-12-12 15:00:00,2.022399999999999
2022-12-12 16:00:00,2.010599999999999
2022-12-12 17:00:00,2.0315999999999987
2022-12-12 18:00:00,2.029899999999999
2022-12-12 19:00:00,2.020799999999999
2022-12-12 20:00:00,2.020399999999999
2022-12-12 21:00:00,2.006499999999999
2022-12-12 23:00:00,2.006499999999999
2022-12-13 14:30:00,2.104999999999999
2022-12-13 15:00:00,2.1018999999999988
2022-12-13 16:00:00,2.138199999999999
2022-12-13 17:00:00,2.128899999999999
2022-12-13 18:00:00,2.135299999999999
2022-12-13 19:00:00,2.1323999999999987
2022-12-13 20:00:00,2.131799999999999
2022-12-13 21:00:00,2.130399999999999
2022-12-13 23:00:00,2.130399999999999
2022-12-14 14:30:00,2.201499999999999
2022-12-14 15:00:00,2.204899999999999
2022-12-14 16:00:00,2.228699999999999
2022-12-14 17:00:00,2.219199999999999
2022-12-14 18:00:00,2.2573999999999987
2022-12-14 19:00:00,2.267799999999999
2022-12-14 20:00:00,2.272899999999999
2022-12-14 21:00:00,2.268699999999999
2022-12-14 23:00:00,2.269799999999999
2022-12-15 14:30:00,2.240199999999999
2022-12-15 15:00:00,2.247199999999999
2022-12-15 16:00:00,2.238099999999999
2022-12-15 17:00:00,2.278299999999999
2022-12-15 18:00:00,2.252299999999999
2022-12-15 19:00:00,2.248799999999999
2022-12-15 20:00:00,2.249499999999999
2022-12-15 21:00:00,2.256299999999999
2022-12-15 23:00:00,2.256299999999999
2022-12-16 14:30:00,2.152799999999999
2022-12-16 15:00:00,2.126499999999999
2022-12-16 16:00:00,2.145799999999999
2022-12-16 17:00:00,2.142199999999999
2022-12-16 18:00:00,2.1361999999999988
2022-12-16 19:00:00,2.127099999999999
2022-12-16 20:00:00,2.122699999999999
2022-12-16 21:00:00,2.128099999999999
2022-12-16 23:00:00,2.128099999999999
2022-12-19 14:30:00,2.1262999999999987
2022-12-19 15:00:00,2.088299999999999
2022-12-19 16:00:00,2.104799999999999
2022-12-19 17:00:00,2.109799999999999
2022-12-19 18:00:00,2.087199999999999
2022-12-19 19:00:00,2.087399999999999
2022-12-19 20:00:00,2.090499999999999
2022-12-19 21:00:00,2.106799999999999
2022-12-19 23:00:00,2.106799999999999
2022-12-20 14:30:00,2.099899999999999
2022-12-20 15:00:00,2.113499999999999
2022-12-20 16:00:00,2.074699999999999
2022-12-20 17:00:00,2.098199999999999
2022-12-20 18:00:00,2.123799999999999
2022-12-20 19:00:00,2.095599999999999
2022-12-20 20:00:00,2.095599999999999
2022-12-20 21:00:00,2.102399999999999
2022-12-20 23:00:00,2.102399999999999
2022-12-21 14:30:00,2.205899999999999
2022-12-21 15:00:00,2.179799999999999
2022-12-21 16:00:00,2.186399999999999
2022-12-21 17:00:00,2.1645999999999987
2022-12-21 18:00:00,2.182599999999999
2022-12-21 19:00:00,2.209499999999999
2022-12-21 20:00:00,2.2129999999999987
2022-12-21 21:00:00,2.218699999999999
2022-12-21 23:00:00,2.218699999999999
2022-12-22 14:30:00,2.241799999999999
2022-12-22 15:00:00,2.173099999999999
2022-12-22 16:00:00,2.183299999999999
2022-12-22 17:00:00,2.164799999999999
2022-12-22 18:00:00,2.168499999999999
2022-12-22 19:00:00,2.176299999999999
2022-12-22 20:00:00,2.179699999999999
2022-12-22 21:00:00,2.175799999999999
2022-12-22 23:00:00,2.175799999999999
2022-12-23 14:30:00,2.235699999999999
2022-12-23 15:00:00,2.258099999999999
2022-12-23 16:00:00,2.250699999999999
2022-12-23 17:00:00,2.296799999999999
2022-12-23 18:00:00,2.284799999999999
2022-12-23 19:00:00,2.274699999999999
2022-12-23 20:00:00,2.2731999999999988
2022-12-23 21:00:00,2.280699999999999
2022-12-23 23:00:00,2.280699999999999
2022-12-23 23:00:01,2.280699999999999
2022-12-27 14:30:00,2.306999999999999
2022-12-27 15:00:00,2.353299999999999
2022-12-27 16:00:00,2.391099999999999
2022-12-27 17:00:00,2.384899999999999
2022-12-27 18:00:00,2.382899999999999
2022-12-27 19:00:00,2.380699999999999
2022-12-27 20:00:00,2.377399999999999
2022-12-27 21:00:00,2.386899999999999
2022-12-27 23:00:00,2.386899999999999
2022-12-28 14:30:00,2.278199999999999
2022-12-28 15:00:00,2.261899999999999
2022-12-28 16:00:00,2.268699999999999
2022-12-28 17:00:00,2.266499999999999
2022-12-28 18:00:00,2.284899999999999
2022-12-28 19:00:00,2.311999999999999
2022-12-28 20:00:00,2.3177999999999988
2022-12-28 21:00:00,2.3177999999999988
2022-12-28 23:00:00,2.3177999999999988
2022-12-29 14:30:00,2.266599999999999
2022-12-29 15:00:00,2.2531999999999988
2022-12-29 16:00:00,2.291399999999999
2022-12-29 17:00:00,2.255399999999999
2022-12-29 18:00:00,2.262999999999999
2022-12-29 19:00:00,2.289099999999999
2022-12-29 20:00:00,2.302199999999999
2022-12-29 21:00:00,2.2994999999999988
2022-12-29 23:00:00,2.2994999999999988
2022-12-30 14:30:00,2.297899999999999
2022-12-30 15:00:00,2.2731999999999988
2022-12-30 16:00:00,2.297499999999999
2022-12-30 17:00:00,2.3118999999999987
2022-12-30 18:00:00,2.312299999999999
2022-12-30 19:00:00,2.3297999999999988
2022-12-30 20:00:00,2.330499999999999
2022-12-30 21:00:00,2.349399999999999
2022-12-30 23:00:00,2.349399999999999
2023-01-03 14:30:00,2.290499999999999
2023-01-03 15:00:00,2.276499999999999
2023-01-03 16:00:00,2.223499999999999
2023-01-03 17:00:00,2.228699999999999
2023-01-03 18:00:00,2.210999999999999
2023-01-03 19:00:00,2.167999999999999
2023-01-03 20:00:00,2.172199999999999
2023-01-03 21:00:00,2.169599999999999
2023-01-03 23:00:00,2.169599999999999
2023-01-04 14:30:00,2.079099999999999
2023-01-04 15:00:00,2.048299999999999
2023-01-04 16:00:00,2.065399999999999
2023-01-04 17:00:00,2.083199999999999
2023-01-04 18:00:00,2.0940999999999987
2023-01-04 19:00:00,2.069199999999999
2023-01-04 20:00:00,2.073399999999999
2023-01-04 21:00:00,2.091199999999999
2023-01-04 23:00:00,2.091199999999999
2023-01-05 14:30:00,2.068599999999999
2023-01-05 15:00:00,2.061299999999999
2023-01-05 16:00:00,2.054199999999999
2023-01-05 17:00:00,2.054799999999999
2023-01-05 18:00:00,2.086799999999999
2023-01-05 19:00:00,2.071399999999999
2023-01-05 20:00:00,2.0679999999999987
2023-01-05 21:00:00,2.080599999999999
2023-01-05 23:00:00,2.080599999999999
2023-01-06 14:30:00,2.0637999999999987
2023-01-06 15:00:00,2.091899999999999
2023-01-06 16:00:00,2.103099999999999
2023-01-06 17:00:00,2.103599999999999
2023-01-06 18:00:00,2.074999999999999
2023-01-06 19:00:00,2.082499999999999
2023-01-06 20:00:00,2.086199999999999
2023-01-06 21:00:00,2.092699999999999
2023-01-06 23:00:00,2.092699999999999
2023-01-09 14:30:00,2.156899999999999
2023-01-09 15:00:00,2.122799999999999
2023-01-09 16:00:00,2.117599999999999
2023-01-09 17:00:00,2.096399999999999
2023-01-09 18:00:00,2.087499999999999
2023-01-09 19:00:00,2.1060999999999988
2023-01-09 20:00:00,2.101799999999999
2023-01-09 21:00:00,2.104599999999999
2023-01-09 23:00:00,2.104599999999999
2023-01-10 14:30:00,2.121699999999999
2023-01-10 15:00:00,2.104999999999999
2023-01-10 16:00:00,2.1483999999999988
2023-01-10 17:00:00,2.145799999999999
2023-01-10 18:00:00,2.160999999999999
2023-01-10 19:00:00,2.144299999999999
2023-01-10 20:00:00,2.145799999999999
2023-01-10 21:00:00,2.133599999999999
2023-01-10 23:00:00,2.133599999999999
2023-01-11 14:30:00,2.197999999999999
2023-01-11 15:00:00,2.182099999999999
2023-01-11 16:00:00,2.1807999999999987
2023-01-11 17:00:00,2.210999999999999
2023-01-11 18:00:00,2.217599999999999
2023-01-11 19:00:00,2.212899999999999
2023-01-11 20:00:00,2.215399999999999
2023-01-11 21:00:00,2.217999999999999
2023-01-11 23:00:00,2.217999999999999
2023-01-12 14:30:00,2.235899999999999
2023-01-12 15:00:00,2.2430999999999988
2023-01-12 16:00:00,2.265299999999999
2023-01-12 17:00:00,2.269799999999999
2023-01-12 18:00:00,2.258699999999999
2023-01-12 19:00:00,2.253499999999999
2023-01-12 20:00:00,2.250699999999999
2023-01-12 21:00:00,2.2550999999999988
2023-01-12 23:00:00,2.2550999999999988
2023-01-13 14:30:00,2.2615999999999987
2023-01-13 15:00:00,2.290499999999999
2023-01-13 16:00:00,2.302099999999999
2023-01-13 17:00:00,2.3038999999999987
2023-01-13 18:00:00,2.303099999999999
2023-01-13 19:00:00,2.306599999999999
2023-01-13 20:00:00,2.308499999999999
2023-01-13 21:00:00,2.313299999999999
2023-01-13 23:00:00,2.313299999999999
2023-01-17 14:30:00,2.348799999999999
2023-01-17 15:00:00,2.327799999999999
2023-01-17 16:00:00,2.326999999999999
2023-01-17 17:00:00,2.303799999999999
2023-01-17 18:00:00,2.2996999999999987
2023-01-17 19:00:00,2.3278999999999987
2023-01-17 20:00:00,2.3320999999999987
2023-01-17 21:00:00,2.332799999999999
2023-01-17 23:00:00,2.332799999999999
2023-01-18 14:30:00,2.380199999999999
2023-01-18 15:00:00,2.376199999999999
2023-01-18 16:00:00,2.387399999999999
2023-01-18 17:00:00,2.335499999999999
2023-01-18 18:00:00,2.334499999999999
2023-01-18 19:00:00,2.316199999999999
2023-01-18 20:00:00,2.310499999999999
2023-01-18 21:00:00,2.309399999999999
2023-01-18 23:00:00,2.309399999999999
2023-01-19 14:30:00,2.328199999999999
2023-01-19 15:00:00,2.347499999999999
2023-01-19 16:00:00,2.379599999999999
2023-01-19 17:00:00,2.397099999999999
2023-01-19 18:00:00,2.389299999999999
2023-01-19 19:00:00,2.403399999999999
2023-01-19 20:00:00,2.404399999999999
2023-01-19 21:00:00,2.403399999999999
2023-01-19 23:00:00,2.403399999999999
2023-01-20 14:30:00,2.431999999999999
2023-01-20 15:00:00,2.434499999999999
2023-01-20 16:00:00,2.448599999999999
2023-01-20 17:00:00,2.471399999999999
2023-01-20 18:00:00,2.464799999999999
2023-01-20 19:00:00,2.465499999999999
2023-01-20 20:00:00,2.4589999999999987
2023-01-20 21:00:00,2.460099999999999
2023-01-20 23:00:00,2.460099999999999
2023-01-23 14:30:00,2.5193999999999988
2023-01-23 15:00:00,2.535999999999999
2023-01-23 16:00:00,2.5275999999999987
2023-01-23 17:00:00,2.512799999999999
2023-01-23 18:00:00,2.528599999999999
2023-01-23 19:00:00,2.522599999999999
2023-01-23 20:00:00,2.523799999999999
2023-01-23 21:00:00,2.5296999999999987
2023-01-23 23:00:00,2.5296999999999987
2023-01-24 14:30:00,2.521099999999999
2023-01-24 15:00:00,2.481499999999999
2023-01-24 16:00:00,2.450499999999999
2023-01-24 17:00:00,2.462099999999999
2023-01-24 18:00:00,2.447099999999999
2023-01-24 19:00:00,2.443299999999999
2023-01-24 20:00:00,2.443699999999999
2023-01-24 21:00:00,2.458199999999999
2023-01-24 23:00:00,2.458199999999999
2023-01-25 14:30:00,2.407499999999999
2023-01-25 15:00:00,2.391399999999999
2023-01-25 16:00:00,2.413099999999999
2023-01-25 17:00:00,2.381399999999999
2023-01-25 18:00:00,2.393699999999999
2023-01-25 19:00:00,2.397299999999999
2023-01-25 20:00:00,2.4044999999999987
2023-01-25 20:00:01,2.4044999999999987
2023-01-25 21:00:00,2.3982999999999985
2023-01-25 23:00:00,2.3982999999999985
2023-01-26 14:30:00,2.4137999999999984
2023-01-26 15:00:00,2.4171999999999985
2023-01-26 16:00:00,2.4262999999999986
2023-01-26 17:00:00,2.4186999999999985
2023-01-26 18:00:00,2.4229999999999987
2023-01-26 19:00:00,2.4283999999999986
2023-01-26 20:00:00,2.4288999999999987
2023-01-26 21:00:00,2.4222999999999986
2023-01-26 23:00:00,2.4222999999999986
2023-01-27 14:30:00,2.4066999999999985
2023-01-27 15:00:00,2.3649999999999984
2023-01-27 16:00:00,2.3643999999999985
2023-01-27 17:00:00,2.3489999999999984
2023-01-27 18:00:00,2.3492999999999986
2023-01-27 19:00:00,2.3502999999999985
2023-01-27 20:00:00,2.3524999999999987
2023-01-27 21:00:00,2.347499999999999
2023-01-27 23:00:00,2.347499999999999
2023-01-30 14:30:00,2.3198999999999987
2023-01-30 15:00:00,2.3216999999999985
2023-01-30 16:00:00,2.2960999999999987
2023-01-30 17:00:00,2.2970999999999986
2023-01-30 18:00:00,2.2803999999999984
2023-01-30 19:00:00,2.2673999999999985
2023-01-30 20:00:00,2.2661999999999987
2023-01-30 21:00:00,2.2660999999999984
2023-01-30 23:00:00,2.2660999999999984
2023-01-31 14:30:00,2.3010999999999986
2023-01-31 15:00:00,2.3276999999999988
2023-01-31 16:00:00,2.315299999999999
2023-01-31 17:00:00,2.333599999999999
2023-01-31 18:00:00,2.3287999999999984
2023-01-31 19:00:00,2.3389999999999986
2023-01-31 20:00:00,2.3393999999999986
2023-01-31 21:00:00,2.3323999999999985
2023-01-31 23:00:00,2.3323999999999985
2023-02-01 14:30:00,2.2674999999999987
2023-02-01 15:00:00,2.2510999999999988
2023-02-01 16:00:00,2.2089999999999987
2023-02-01 17:00:00,2.1965999999999988
2023-02-01 18:00:00,2.2029999999999985
2023-02-01 19:00:00,2.2126999999999986
2023-02-01 20:00:00,2.2135999999999987
2023-02-01 21:00:00,2.2109999999999985
2023-02-01 23:00:00,2.2109999999999985
2023-02-02 14:30:00,2.1643999999999988
2023-02-02 15:00:00,2.1832999999999987
2023-02-02 16:00:00,2.1855999999999987
2023-02-02 17:00:00,2.1725999999999988
2023-02-02 18:00:00,2.165899999999999
2023-02-02 19:00:00,2.1523999999999988
2023-02-02 20:00:00,2.1534999999999984
2023-02-02 21:00:00,2.162099999999999
2023-02-02 23:00:00,2.162099999999999
2023-02-03 14:30:00,2.1736999999999984
2023-02-03 15:00:00,2.1594999999999986
2023-02-03 16:00:00,2.0903999999999985
2023-02-03 17:00:00,2.0840999999999985
2023-02-03 18:00:00,2.0592999999999986
2023-02-03 19:00:00,2.0548999999999986
2023-02-03 20:00:00,2.0575999999999985
2023-02-03 21:00:00,2.0656999999999988
2023-02-03 23:00:00,2.0656999999999988
2023-02-06 14:30:00,2.0494999999999988
2023-02-06 15:00:00,1.9957999999999987
2023-02-06 16:00:00,1.9979999999999984
2023-02-06 17:00:00,2.0359999999999987
2023-02-06 18:00:00,2.0411999999999986
2023-02-06 19:00:00,2.0616999999999988
2023-02-06 20:00:00,2.0596999999999985
2023-02-06 21:00:00,2.0665999999999984
2023-02-06 23:00:00,2.0665999999999984
2023-02-07 14:30:00,2.1189999999999984
2023-02-07 15:00:00,2.1337999999999986
2023-02-07 16:00:00,2.1664999999999988
2023-02-07 17:00:00,2.1675999999999984
2023-02-07 18:00:00,2.1647999999999987
2023-02-07 19:00:00,2.170299999999999
2023-02-07 20:00:00,2.1690999999999985
2023-02-07 21:00:00,2.1756999999999986
2023-02-07 23:00:00,2.1756999999999986
2023-02-08 14:30:00,2.2013999999999987
2023-02-08 15:00:00,2.1877999999999984
2023-02-08 16:00:00,2.1777999999999986
2023-02-08 17:00:00,2.1814999999999984
2023-02-08 18:00:00,2.176399999999999
2023-02-08 19:00:00,2.1886999999999985
2023-02-08 20:00:00,2.1886999999999985
2023-02-08 21:00:00,2.1937999999999986
2023-02-08 23:00:00,2.1937999999999986
2023-02-09 14:30:00,2.1436999999999986
2023-02-09 15:00:00,2.1104999999999987
2023-02-09 16:00:00,2.1200999999999985
2023-02-09 17:00:00,2.1203999999999987
2023-02-09 18:00:00,2.1272999999999986
2023-02-09 19:00:00,2.121899999999999
2023-02-09 20:00:00,2.1231999999999984
2023-02-09 21:00:00,2.1251999999999986
2023-02-09 23:00:00,2.1251999999999986
2023-02-10 14:30:00,2.1789999999999985
2023-02-10 15:00:00,2.1746999999999987
2023-02-10 16:00:00,2.1720999999999986
2023-02-10 17:00:00,2.1614999999999984
2023-02-10 18:00:00,2.172199999999999
2023-02-10 19:00:00,2.1739999999999986
2023-02-10 20:00:00,2.1748999999999987
2023-02-10 21:00:00,2.1829999999999985
2023-02-10 23:00:00,2.1829999999999985
2023-02-13 14:30:00,2.1724999999999985
2023-02-13 15:00:00,2.1911999999999985
2023-02-13 16:00:00,2.2080999999999986
2023-02-13 17:00:00,2.2162999999999986
2023-02-13 18:00:00,2.1985999999999986
2023-02-13 19:00:00,2.2065999999999986
2023-02-13 20:00:00,2.1989999999999985
2023-02-13 21:00:00,2.1808999999999985
2023-02-13 23:00:00,2.1808999999999985
2023-02-14 14:30:00,2.2139999999999986
2023-02-14 15:00:00,2.1894999999999984
2023-02-14 16:00:00,2.1993999999999985
2023-02-14 17:00:00,2.2273999999999985
2023-02-14 18:00:00,2.2324999999999986
2023-02-14 19:00:00,2.2331999999999987
2023-02-14 20:00:00,2.230699999999999
2023-02-14 21:00:00,2.218499999999999
2023-02-14 23:00:00,2.218499999999999
2023-02-15 14:30:00,2.1656999999999984
2023-02-15 15:00:00,2.1672999999999987
2023-02-15 16:00:00,2.1459999999999986
2023-02-15 17:00:00,2.1518999999999986
2023-02-15 18:00:00,2.1817999999999986
2023-02-15 19:00:00,2.1710999999999987
2023-02-15 20:00:00,2.1688999999999985
2023-02-15 21:00:00,2.1664999999999988
2023-02-15 23:00:00,2.1664999999999988
2023-02-16 14:30:00,2.1830999999999987
2023-02-16 15:00:00,2.1624999999999988
2023-02-16 16:00:00,2.1657999999999986
2023-02-16 17:00:00,2.1491999999999987
2023-02-16 18:00:00,2.1404999999999985
2023-02-16 19:00:00,2.1440999999999986
2023-02-16 20:00:00,2.1396999999999986
2023-02-16 20:00:01,2.1396999999999986
2023-02-16 20:00:02,2.1396999999999986
2023-02-16 21:00:00,2.125999999999999
2023-02-16 23:00:00,2.125999999999999
2023-02-17 14:30:00,2.036999999999999
2023-02-17 15:00:00,2.067199999999999
2023-02-17 16:00:00,2.0704999999999987
2023-02-17 17:00:00,2.0601999999999987
2023-02-17 18:00:00,2.071299999999999
2023-02-17 19:00:00,2.081599999999999
2023-02-17 20:00:00,2.085399999999999
2023-02-17 21:00:00,2.093499999999999
2023-02-17 23:00:00,2.093499999999999
2023-02-21 14:30:00,2.096699999999999
2023-02-21 15:00:00,2.076299999999999
2023-02-21 16:00:00,2.102799999999999
2023-02-21 17:00:00,2.114799999999999
2023-02-21 18:00:00,2.1249999999999987
2023-02-21 19:00:00,2.1245999999999987
2023-02-21 20:00:00,2.1203999999999987
2023-02-21 21:00:00,2.111599999999999
2023-02-21 23:00:00,2.111599999999999
2023-02-22 14:30:00,2.105499999999999
2023-02-22 15:00:00,2.0858999999999988
2023-02-22 16:00:00,2.0622999999999987
2023-02-22 17:00:00,2.076999999999999
2023-02-22 18:00:00,2.0660999999999987
2023-02-22 19:00:00,2.048599999999999
2023-02-22 20:00:00,2.050599999999999
2023-02-22 21:00:00,2.045199999999999
2023-02-22 23:00:00,2.045199999999999
2023-02-23 14:30:00,2.072499999999999
2023-02-23 15:00:00,2.073999999999999
2023-02-23 16:00:00,2.0334999999999988
2023-02-23 17:00:00,2.0481999999999987
2023-02-23 18:00:00,2.037799999999999
2023-02-23 19:00:00,2.053999999999999
2023-02-23 20:00:00,2.0574999999999988
2023-02-23 21:00:00,2.062799999999999
2023-02-23 23:00:00,2.062799999999999
2023-02-24 14:30:00,2.0416999999999987
2023-02-24 15:00:00,2.069499999999999
2023-02-24 16:00:00,2.098599999999999
2023-02-24 17:00:00,2.081799999999999
2023-02-24 18:00:00,2.0944999999999987
2023-02-24 19:00:00,2.107299999999999
2023-02-24 20:00:00,2.108299999999999
2023-02-24 21:00:00,2.101099999999999
2023-02-24 23:00:00,2.101099999999999
2023-02-27 14:30:00,2.1127999999999987
2023-02-27 15:00:00,2.121199999999999
2023-02-27 16:00:00,2.119799999999999
2023-02-27 17:00:00,2.125899999999999
2023-02-27 18:00:00,2.091499999999999
2023-02-27 19:00:00,2.104999999999999
2023-02-27 20:00:00,2.1064999999999987
2023-02-27 21:00:00,2.113499999999999
2023-02-27 23:00:00,2.113499999999999
2023-02-28 14:30:00,2.115299999999999
2023-02-28 15:00:00,2.125599999999999
2023-02-28 16:00:00,2.139599999999999
2023-02-28 17:00:00,2.145499999999999
2023-02-28 18:00:00,2.1409999999999987
2023-02-28 19:00:00,2.129699999999999
2023-02-28 20:00:00,2.127499999999999
2023-02-28 21:00:00,2.117899999999999
2023-02-28 23:00:00,2.117899999999999
2023-03-01 14:30:00,2.160699999999999
2023-03-01 15:00:00,2.164499999999999
2023-03-01 16:00:00,2.167499999999999
2023-03-01 17:00:00,2.1565999999999987
2023-03-01 18:00:00,2.172499999999999
2023-03-01 19:00:00,2.179399999999999
2023-03-01 20:00:00,2.176099999999999
2023-03-01 21:00:00,2.174199999999999
2023-03-01 23:00:00,2.174199999999999
2023-03-02 14:30:00,2.196299999999999
2023-03-02 15:00:00,2.188299999999999
2023-03-02 16:00:00,2.1767999999999987
2023-03-02 17:00:00,2.177099999999999
2023-03-02 18:00:00,2.1790999999999987
2023-03-02 19:00:00,2.1805999999999988
2023-03-02 20:00:00,2.1807999999999987
2023-03-02 21:00:00,2.171199999999999
2023-03-02 23:00:00,2.171199999999999
2023-03-03 14:30:00,2.167399999999999
2023-03-03 15:00:00,2.197099999999999
2023-03-03 16:00:00,2.212199999999999
2023-03-03 17:00:00,2.224799999999999
2023-03-03 18:00:00,2.218399999999999
2023-03-03 19:00:00,2.2209999999999988
2023-03-03 20:00:00,2.2236999999999987
2023-03-03 21:00:00,2.218199999999999
2023-03-03 23:00:00,2.218199999999999
2023-03-06 14:30:00,2.172899999999999
2023-03-06 15:00:00,2.1666999999999987
2023-03-06 16:00:00,2.183599999999999
2023-03-06 17:00:00,2.1952999999999987
2023-03-06 18:00:00,2.198599999999999
2023-03-06 19:00:00,2.215199999999999
2023-03-06 20:00:00,2.218099999999999
2023-03-06 21:00:00,2.220499999999999
2023-03-06 23:00:00,2.220499999999999
2023-03-07 14:30:00,2.180899999999999
2023-03-07 15:00:00,2.151599999999999
2023-03-07 16:00:00,2.117299999999999
2023-03-07 17:00:00,2.1409999999999987
2023-03-07 18:00:00,2.128099999999999
2023-03-07 19:00:00,2.1203999999999987
2023-03-07 20:00:00,2.1249999999999987
2023-03-07 21:00:00,2.1184999999999987
2023-03-07 23:00:00,2.1184999999999987
2023-03-08 14:30:00,2.103799999999999
2023-03-08 15:00:00,2.079699999999999
2023-03-08 16:00:00,2.086899999999999
2023-03-08 17:00:00,2.093699999999999
2023-03-08 18:00:00,2.097999999999999
2023-03-08 19:00:00,2.0797999999999988
2023-03-08 20:00:00,2.0784999999999987
2023-03-08 21:00:00,2.086399999999999
2023-03-08 23:00:00,2.086399999999999
2023-03-09 14:30:00,2.112699999999999
2023-03-09 15:00:00,2.076699999999999
2023-03-09 16:00:00,2.070899999999999
2023-03-09 17:00:00,2.0502999999999987
2023-03-09 18:00:00,2.031899999999999
2023-03-09 19:00:00,2.0241999999999987
2023-03-09 20:00:00,2.0237999999999987
2023-03-09 21:00:00,2.0172999999999988
2023-03-09 23:00:00,2.0172999999999988
2023-03-10 14:30:00,2.0645999999999987
2023-03-10 15:00:00,2.079599999999999
2023-03-10 16:00:00,2.093699999999999
2023-03-10 17:00:00,2.104899999999999
2023-03-10 18:00:00,2.092699999999999
2023-03-10 19:00:00,2.0959999999999988
2023-03-10 20:00:00,2.0942999999999987
2023-03-10 21:00:00,2.099899999999999
2023-03-10 23:00:00,2.099899999999999
2023-03-13 13:30:00,2.0616999999999988
2023-03-13 14:00:00,2.078399999999999
2023-03-13 15:00:00,2.069499999999999
2023-03-13 16:00:00,2.0399999999999987
2023-03-13 17:00:00,2.040299999999999
2023-03-13 18:00:00,2.057599999999999
2023-03-13 19:00:00,2.0595999999999988
2023-03-13 20:00:00,2.0561999999999987
2023-03-13 23:00:00,2.067899999999999
2023-03-14 13:30:00,2.062599999999999
2023-03-14 14:00:00,2.048599999999999
2023-03-14 15:00:00,2.045299999999999
2023-03-14 16:00:00,2.022699999999999
2023-03-14 17:00:00,2.008899999999999
2023-03-14 18:00:00,1.9821999999999989
2023-03-14 19:00:00,1.993599999999999
2023-03-14 20:00:00,1.9938999999999987
2023-03-14 23:00:00,1.999099999999999
2023-03-15 13:30:00,1.9040999999999988
2023-03-15 14:00:00,1.8861999999999988
2023-03-15 15:00:00,1.8600999999999988
2023-03-15 16:00:00,1.8242999999999987
2023-03-15 17:00:00,1.8669999999999987
2023-03-15 18:00:00,1.8830999999999989
2023-03-15 19:00:00,1.8874999999999988
2023-03-15 20:00:00,1.8914999999999988
2023-03-15 23:00:00,1.8859999999999988
2023-03-16 13:30:00,1.845099999999999
2023-03-16 14:00:00,1.865499999999999
2023-03-16 15:00:00,1.863999999999999
2023-03-16 16:00:00,1.8931999999999989
2023-03-16 17:00:00,1.9076999999999988
2023-03-16 18:00:00,1.8970999999999987
2023-03-16 19:00:00,1.8937999999999988
2023-03-16 20:00:00,1.898099999999999
2023-03-16 23:00:00,1.8962999999999988
2023-03-17 13:30:00,1.890699999999999
2023-03-17 14:00:00,1.880199999999999
2023-03-17 15:00:00,1.8975999999999988
2023-03-17 16:00:00,1.909499999999999
2023-03-17 17:00:00,1.906499999999999
2023-03-17 18:00:00,1.9000999999999988
2023-03-17 19:00:00,1.8945999999999987
2023-03-17 20:00:00,1.891999999999999
2023-03-17 23:00:00,1.8922999999999988
2023-03-20 13:30:00,1.8912999999999989
2023-03-20 14:00:00,1.8962999999999988
2023-03-20 15:00:00,1.8968999999999987
2023-03-20 16:00:00,1.870299999999999
2023-03-20 17:00:00,1.873899999999999
2023-03-20 18:00:00,1.9027999999999987
2023-03-20 19:00:00,1.9050999999999987
2023-03-20 20:00:00,1.9059999999999988
2023-03-20 23:00:00,1.910899999999999
2023-03-21 13:30:00,1.916199999999999
2023-03-21 14:00:00,1.900799999999999
2023-03-21 15:00:00,1.9052999999999987
2023-03-21 16:00:00,1.8928999999999987
2023-03-21 17:00:00,1.915099999999999
2023-03-21 18:00:00,1.921899999999999
2023-03-21 19:00:00,1.9242999999999988
2023-03-21 20:00:00,1.9255999999999989
2023-03-21 23:00:00,1.923099999999999
2023-03-22 13:30:00,1.930099999999999
2023-03-22 14:00:00,1.9644999999999988
2023-03-22 15:00:00,1.938499999999999
2023-03-22 16:00:00,1.9497999999999989
2023-03-22 17:00:00,1.935099999999999
2023-03-22 18:00:00,1.947099999999999
2023-03-22 19:00:00,1.9332999999999987
2023-03-22 20:00:00,1.930299999999999
2023-03-22 23:00:00,1.925199999999999
2023-03-23 13:30:00,1.9482999999999988
2023-03-23 14:00:00,1.9644999999999988
2023-03-23 15:00:00,1.950899999999999
2023-03-23 16:00:00,1.938099999999999
2023-03-23 17:00:00,1.9313999999999987
2023-03-23 18:00:00,1.915599999999999
2023-03-23 19:00:00,1.912799999999999
2023-03-23 20:00:00,1.911599999999999
2023-03-23 23:00:00,1.912599999999999
2023-03-24 13:30:00,1.9063999999999988
2023-03-24 14:00:00,1.8901999999999988
2023-03-24 15:00:00,1.9200999999999988
2023-03-24 16:00:00,1.923599999999999
2023-03-24 17:00:00,1.9214999999999987
2023-03-24 18:00:00,1.914299999999999
2023-03-24 19:00:00,1.915799999999999
2023-03-24 20:00:00,1.9185999999999988
2023-03-24 23:00:00,1.9198999999999988
2023-03-27 14:30:00,1.919099999999999
2023-03-27 15:00:00,1.934299999999999
2023-03-27 16:00:00,1.945899999999999
2023-03-27 17:00:00,1.968999999999999
2023-03-27 18:00:00,1.990299999999999
2023-03-27 19:00:00,1.987899999999999
2023-03-27 20:00:00,1.981799999999999
2023-03-27 21:00:00,1.978899999999999
2023-03-27 23:00:00,1.978899999999999
2023-03-28 14:30:00,1.9928999999999988
2023-03-28 15:00:00,1.989799999999999
2023-03-28 16:00:00,2.015299999999999
2023-03-28 17:00:00,2.006899999999999
2023-03-28 18:00:00,2.0014999999999987
2023-03-28 19:00:00,2.004499999999999
2023-03-28 20:00:00,1.9886999999999988
2023-03-28 21:00:00,1.9795999999999987
2023-03-28 23:00:00,1.9795999999999987
2023-03-29 14:30:00,1.978299999999999
2023-03-29 15:00:00,1.9619999999999989
2023-03-29 16:00:00,1.9366999999999988
2023-03-29 17:00:00,1.9393999999999987
2023-03-29 18:00:00,1.937199999999999
2023-03-29 19:00:00,1.927099999999999
2023-03-29 20:00:00,1.9278999999999988
2023-03-29 21:00:00,1.9196999999999989
2023-03-29 23:00:00,1.9196999999999989
2023-03-30 14:30:00,1.927999999999999
2023-03-30 15:00:00,1.9273999999999987
2023-03-30 16:00:00,1.9421999999999988
2023-03-30 17:00:00,1.934499999999999
2023-03-30 18:00:00,1.926899999999999
2023-03-30 19:00:00,1.932199999999999
2023-03-30 20:00:00,1.931799999999999
2023-03-30 20:00:01,1.931799999999999
2023-03-30 21:00:00,1.936999999999999
2023-03-30 23:00:00,1.936999999999999
2023-03-31 14:30:00,1.9593999999999991
2023-03-31 15:00:00,1.9494999999999991
2023-03-31 16:00:00,1.9650999999999992
2023-03-31 17:00:00,1.972599999999999
2023-03-31 18:00:00,1.9764999999999988
2023-03-31 19:00:00,1.9772999999999992
2023-03-31 20:00:00,1.9783999999999988
2023-03-31 21:00:00,1.9798999999999989
2023-03-31 23:00:00,1.9798999999999989
2023-04-03 14:30:00,2.074699999999999
2023-04-03 15:00:00,2.041999999999999
2023-04-03 16:00:00,2.048599999999999
2023-04-03 17:00:00,2.045699999999999
2023-04-03 18:00:00,2.040599999999999
2023-04-03 19:00:00,2.037899999999999
2023-04-03 20:00:00,2.040899999999999
2023-04-03 21:00:00,2.044799999999999
2023-04-03 23:00:00,2.044799999999999
2023-04-04 14:30:00,2.059499999999999
2023-04-04 15:00:00,2.018499999999999
2023-04-04 16:00:00,2.009899999999999
2023-04-04 17:00:00,2.015199999999999
2023-04-04 18:00:00,2.035399999999999
2023-04-04 19:00:00,2.041699999999999
2023-04-04 20:00:00,2.042999999999999
2023-04-04 21:00:00,2.063099999999999
2023-04-04 23:00:00,2.063099999999999
2023-04-05 14:30:00,2.055599999999999
2023-04-05 15:00:00,2.055099999999999
2023-04-05 16:00:00,2.080899999999999
2023-04-05 17:00:00,2.082999999999999
2023-04-05 18:00:00,2.090499999999999
2023-04-05 19:00:00,2.084799999999999
2023-04-05 20:00:00,2.082099999999999
2023-04-05 21:00:00,2.084799999999999
2023-04-05 23:00:00,2.084799999999999
2023-04-06 14:30:00,2.050299999999999
2023-04-06 15:00:00,2.055999999999999
2023-04-06 16:00:00,2.059499999999999
2023-04-06 17:00:00,2.040499999999999
2023-04-06 18:00:00,2.037099999999999
2023-04-06 19:00:00,2.040799999999999
2023-04-06 20:00:00,2.043099999999999
2023-04-06 21:00:00,2.036199999999999
2023-04-06 23:00:00,2.036199999999999
2023-04-10 14:30:00,2.053999999999999
2023-04-10 15:00:00,2.039499999999999
2023-04-10 16:00:00,2.0351999999999992
2023-04-10 17:00:00,2.037899999999999
2023-04-10 18:00:00,2.046499999999999
2023-04-10 19:00:00,2.042699999999999
2023-04-10 20:00:00,2.0412999999999992
2023-04-10 21:00:00,2.043699999999999
2023-04-10 23:00:00,2.043699999999999
2023-04-11 14:30:00,2.019299999999999
2023-04-11 15:00:00,2.024599999999999
2023-04-11 16:00:00,2.045199999999999
2023-04-11 17:00:00,2.0532999999999992
2023-04-11 18:00:00,2.050699999999999
2023-04-11 19:00:00,2.041099999999999
2023-04-11 20:00:00,2.040499999999999
2023-04-11 21:00:00,2.042499999999999
2023-04-11 23:00:00,2.042499999999999
2023-04-12 14:30:00,2.052599999999999
2023-04-12 15:00:00,2.065599999999999
2023-04-12 16:00:00,2.075699999999999
2023-04-12 17:00:00,2.086499999999999
2023-04-12 18:00:00,2.073799999999999
2023-04-12 19:00:00,2.074899999999999
2023-04-12 20:00:00,2.072799999999999
2023-04-12 21:00:00,2.0734999999999992
2023-04-12 23:00:00,2.0734999999999992
2023-04-13 14:30:00,2.058299999999999
2023-04-13 15:00:00,2.077199999999999
2023-04-13 16:00:00,2.056799999999999
2023-04-13 17:00:00,2.055599999999999
2023-04-13 18:00:00,2.057099999999999
2023-04-13 19:00:00,2.056799999999999
2023-04-13 20:00:00,2.055699999999999
2023-04-13 21:00:00,2.063499999999999
2023-04-13 23:00:00,2.063499999999999
2023-04-14 14:30:00,2.061799999999999
2023-04-14 15:00:00,2.038499999999999
2023-04-14 16:00:00,2.043399999999999
2023-04-14 17:00:00,2.041699999999999
2023-04-14 18:00:00,2.039999999999999
2023-04-14 19:00:00,2.039299999999999
2023-04-14 20:00:00,2.038099999999999
2023-04-14 21:00:00,2.043299999999999
2023-04-14 23:00:00,2.043299999999999
2023-04-17 14:30:00,2.025299999999999
2023-04-17 15:00:00,2.023599999999999
2023-04-17 16:00:00,1.999499999999999
2023-04-17 17:00:00,1.9924999999999988
2023-04-17 18:00:00,2.002299999999999
2023-04-17 19:00:00,2.0130999999999992
2023-04-17 20:00:00,2.016299999999999
2023-04-17 21:00:00,2.013799999999999
2023-04-17 23:00:00,2.013799999999999
2023-04-18 14:30:00,1.9932999999999992
2023-04-18 15:00:00,2.005999999999999
2023-04-18 16:00:00,2.021899999999999
2023-04-18 17:00:00,2.019699999999999
2023-04-18 18:00:00,2.015399999999999
2023-04-18 19:00:00,2.001699999999999
2023-04-18 20:00:00,1.9999999999999991
2023-04-18 21:00:00,1.9999999999999991
2023-04-18 23:00:00,1.9999999999999991
2023-04-19 14:30:00,1.952199999999999
2023-04-19 15:00:00,1.9739999999999989
2023-04-19 16:00:00,1.970099999999999
2023-04-19 17:00:00,1.9728999999999992
2023-04-19 18:00:00,1.977599999999999
2023-04-19 19:00:00,1.965199999999999
2023-04-19 20:00:00,1.965199999999999
2023-04-19 21:00:00,1.958699999999999
2023-04-19 23:00:00,1.958699999999999
2023-04-20 14:30:00,1.9156999999999988
2023-04-20 15:00:00,1.906699999999999
2023-04-20 16:00:00,1.901199999999999
2023-04-20 17:00:00,1.9135999999999989
2023-04-20 18:00:00,1.9088999999999992
2023-04-20 19:00:00,1.9095999999999989
2023-04-20 20:00:00,1.909299999999999
2023-04-20 21:00:00,1.9053999999999989
2023-04-20 23:00:00,1.9053999999999989
2023-04-21 14:30:00,1.918099999999999
2023-04-21 15:00:00,1.9059999999999988
2023-04-21 16:00:00,1.914299999999999
2023-04-21 17:00:00,1.907599999999999
2023-04-21 18:00:00,1.9063999999999992
2023-04-21 19:00:00,1.906299999999999
2023-04-21 20:00:00,1.907099999999999
2023-04-21 21:00:00,1.9105999999999992
2023-04-21 23:00:00,1.9105999999999992
2023-04-24 14:30:00,1.9330999999999992
2023-04-24 15:00:00,1.9343999999999992
2023-04-24 16:00:00,1.9482999999999988
2023-04-24 17:00:00,1.9564999999999988
2023-04-24 18:00:00,1.954699999999999
2023-04-24 19:00:00,1.9486999999999992
2023-04-24 20:00:00,1.9486999999999992
2023-04-24 21:00:00,1.942899999999999
2023-04-24 23:00:00,1.942899999999999
2023-04-25 14:30:00,1.896799999999999
2023-04-25 15:00:00,1.884599999999999
2023-04-25 16:00:00,1.887799999999999
2023-04-25 17:00:00,1.889699999999999
2023-04-25 18:00:00,1.884399999999999
2023-04-25 19:00:00,1.881299999999999
2023-04-25 20:00:00,1.883399999999999
2023-04-25 21:00:00,1.8777999999999988
2023-04-25 23:00:00,1.8777999999999988
2023-04-26 14:30:00,1.8226999999999989
2023-04-26 15:00:00,1.848399999999999
2023-04-26 16:00:00,1.8564999999999992
2023-04-26 17:00:00,1.8470999999999989
2023-04-26 18:00:00,1.8280999999999992
2023-04-26 19:00:00,1.799399999999999
2023-04-26 20:00:00,1.803599999999999
2023-04-26 20:00:01,1.803599999999999
2023-04-26 21:00:00,1.8055999999999992
2023-04-26 23:00:00,1.8055999999999992
2023-04-27 14:30:00,1.802299999999999
2023-04-27 15:00:00,1.780899999999999
2023-04-27 16:00:00,1.794799999999999
2023-04-27 17:00:00,1.8061999999999991
2023-04-27 18:00:00,1.795399999999999
2023-04-27 19:00:00,1.789899999999999
2023-04-27 20:00:00,1.791999999999999
2023-04-27 21:00:00,1.795799999999999
2023-04-27 23:00:00,1.795799999999999
2023-04-28 14:30:00,1.7739999999999991
2023-04-28 15:00:00,1.800899999999999
2023-04-28 16:00:00,1.828899999999999
2023-04-28 17:00:00,1.818299999999999
2023-04-28 18:00:00,1.8232999999999988
2023-04-28 19:00:00,1.8186999999999989
2023-04-28 20:00:00,1.817099999999999
2023-04-28 21:00:00,1.814299999999999
2023-04-28 23:00:00,1.814299999999999
2023-05-01 14:30:00,1.795999999999999
2023-05-01 15:00:00,1.8015999999999992
2023-05-01 16:00:00,1.802299999999999
2023-05-01 17:00:00,1.795199999999999
2023-05-01 18:00:00,1.802799999999999
2023-05-01 19:00:00,1.818099999999999
2023-05-01 20:00:00,1.8156999999999992
2023-05-01 21:00:00,1.817299999999999
2023-05-01 23:00:00,1.817299999999999
2023-05-02 14:30:00,1.751999999999999
2023-05-02 15:00:00,1.7262999999999988
2023-05-02 16:00:00,1.7262999999999988
2023-05-02 17:00:00,1.7156999999999991
2023-05-02 18:00:00,1.7190999999999992
2023-05-02 19:00:00,1.7291999999999992
2023-05-02 20:00:00,1.7285999999999988
2023-05-02 21:00:00,1.7260999999999989
2023-05-02 23:00:00,1.7260999999999989
2023-05-03 14:30:00,1.658999999999999
2023-05-03 15:00:00,1.661799999999999
2023-05-03 16:00:00,1.6557999999999988
2023-05-03 17:00:00,1.6603999999999992
2023-05-03 18:00:00,1.6673999999999989
2023-05-03 19:00:00,1.664899999999999
2023-05-03 20:00:00,1.665599999999999
2023-05-03 21:00:00,1.6487999999999992
2023-05-03 23:00:00,1.6487999999999992
2023-05-04 14:30:00,1.6710999999999991
2023-05-04 15:00:00,1.669999999999999
2023-05-04 16:00:00,1.680699999999999
2023-05-04 17:00:00,1.681799999999999
2023-05-04 18:00:00,1.6879999999999988
2023-05-04 19:00:00,1.6719999999999988
2023-05-04 20:00:00,1.674199999999999
2023-05-04 21:00:00,1.6759999999999988
2023-05-04 23:00:00,1.6759999999999988
2023-05-05 14:30:00,1.752499999999999
2023-05-05 15:00:00,1.755199999999999
2023-05-05 16:00:00,1.743399999999999
2023-05-05 17:00:00,1.7537999999999991
2023-05-05 18:00:00,1.7537999999999991
2023-05-05 19:00:00,1.753899999999999
2023-05-05 20:00:00,1.755999999999999
2023-05-05 21:00:00,1.7586999999999988
2023-05-05 23:00:00,1.7586999999999988
2023-05-08 14:30:00,1.795199999999999
2023-05-08 15:00:00,1.796499999999999
2023-05-08 16:00:00,1.809699999999999
2023-05-08 17:00:00,1.807999999999999
2023-05-08 18:00:00,1.813899999999999
2023-05-08 19:00:00,1.8095999999999992
2023-05-08 20:00:00,1.810099999999999
2023-05-08 21:00:00,1.793899999999999
2023-05-08 23:00:00,1.793899999999999
2023-05-09 14:30:00,1.794599999999999
2023-05-09 15:00:00,1.7861999999999991
2023-05-09 16:00:00,1.7744999999999989
2023-05-09 17:00:00,1.7920999999999991
2023-05-09 18:00:00,1.818499999999999
2023-05-09 19:00:00,1.822599999999999
2023-05-09 20:00:00,1.8215999999999992
2023-05-09 21:00:00,1.824399999999999
2023-05-09 23:00:00,1.824399999999999
2023-05-10 14:30:00,1.803999999999999
2023-05-10 15:00:00,1.8103999999999991
2023-05-10 16:00:00,1.8249999999999988
2023-05-10 17:00:00,1.823399999999999
2023-05-10 18:00:00,1.8080999999999992
2023-05-10 19:00:00,1.8171999999999988
2023-05-10 20:00:00,1.8152999999999988
2023-05-10 21:00:00,1.8190999999999988
2023-05-10 23:00:00,1.8190999999999988
2023-05-11 14:30:00,1.7874999999999992
2023-05-11 15:00:00,1.789699999999999
2023-05-11 16:00:00,1.7819999999999991
2023-05-11 17:00:00,1.7872999999999992
2023-05-11 18:00:00,1.773899999999999
2023-05-11 19:00:00,1.7683999999999989
2023-05-11 20:00:00,1.7691999999999992
2023-05-11 21:00:00,1.777699999999999
2023-05-11 23:00:00,1.777699999999999
2023-05-12 14:30:00,1.773099999999999
2023-05-12 15:00:00,1.750799999999999
2023-05-12 16:00:00,1.7352999999999992
2023-05-12 17:00:00,1.7340999999999989
2023-05-12 18:00:00,1.7251999999999992
2023-05-12 19:00:00,1.7270999999999992
2023-05-12 20:00:00,1.7262999999999988
2023-05-12 21:00:00,1.723899999999999
2023-05-12 23:00:00,1.723899999999999
2023-05-15 14:30:00,1.747799999999999
2023-05-15 15:00:00,1.7683999999999989
2023-05-15 16:00:00,1.781099999999999
2023-05-15 17:00:00,1.7912999999999992
2023-05-15 18:00:00,1.783999999999999
2023-05-15 19:00:00,1.7830999999999988
2023-05-15 20:00:00,1.7824999999999989
2023-05-15 21:00:00,1.7874999999999992
2023-05-15 23:00:00,1.7874999999999992
2023-05-16 14:30:00,1.784699999999999
2023-05-16 15:00:00,1.7622999999999989
2023-05-16 16:00:00,1.762199999999999
2023-05-16 17:00:00,1.762999999999999
2023-05-16 18:00:00,1.768299999999999
2023-05-16 19:00:00,1.766599999999999
2023-05-16 20:00:00,1.767999999999999
2023-05-16 21:00:00,1.7626999999999988
2023-05-16 23:00:00,1.7626999999999988
2023-05-17 14:30:00,1.7965999999999989
2023-05-17 15:00:00,1.7811999999999992
2023-05-17 16:00:00,1.8167999999999989
2023-05-17 17:00:00,1.8308999999999989
2023-05-17 18:00:00,1.833899999999999
2023-05-17 19:00:00,1.8318999999999992
2023-05-17 20:00:00,1.830499999999999
2023-05-17 21:00:00,1.829899999999999
2023-05-17 23:00:00,1.829899999999999
2023-05-18 14:30:00,1.7939999999999992
2023-05-18 15:00:00,1.808399999999999
2023-05-18 16:00:00,1.8009999999999988
2023-05-18 17:00:00,1.8002999999999991
2023-05-18 18:00:00,1.800399999999999
2023-05-18 19:00:00,1.802999999999999
2023-05-18 20:00:00,1.8055999999999992
2023-05-18 21:00:00,1.8120999999999992
2023-05-18 23:00:00,1.8120999999999992
2023-05-19 14:30:00,1.8192999999999988
2023-05-19 15:00:00,1.8061999999999991
2023-05-19 16:00:00,1.7918999999999992
2023-05-19 17:00:00,1.789499999999999
2023-05-19 18:00:00,1.7733999999999992
2023-05-19 19:00:00,1.7824999999999989
2023-05-19 20:00:00,1.7800999999999991
2023-05-19 21:00:00,1.780499999999999
2023-05-19 23:00:00,1.780499999999999
2023-05-22 14:30:00,1.781899999999999
2023-05-22 15:00:00,1.772899999999999
2023-05-22 16:00:00,1.775999999999999
2023-05-22 17:00:00,1.7786999999999988
2023-05-22 18:00:00,1.7845999999999989
2023-05-22 19:00:00,1.784699999999999
2023-05-22 20:00:00,1.784199999999999
2023-05-22 21:00:00,1.783599999999999
2023-05-22 23:00:00,1.783599999999999
2023-05-23 14:30:00,1.8167999999999989
2023-05-23 15:00:00,1.799399999999999
2023-05-23 16:00:00,1.7973999999999992
2023-05-23 17:00:00,1.7910999999999988
2023-05-23 18:00:00,1.790599999999999
2023-05-23 19:00:00,1.7803999999999989
2023-05-23 20:00:00,1.781699999999999
2023-05-23 21:00:00,1.797299999999999
2023-05-23 23:00:00,1.797299999999999
2023-05-24 14:30:00,1.818299999999999
2023-05-24 15:00:00,1.822999999999999
2023-05-24 16:00:00,1.8287999999999989
2023-05-24 17:00:00,1.803199999999999
2023-05-24 18:00:00,1.813899999999999
2023-05-24 19:00:00,1.812899999999999
2023-05-24 20:00:00,1.8120999999999992
2023-05-24 21:00:00,1.8244999999999991
2023-05-24 23:00:00,1.8244999999999991
2023-05-25 14:30:00,1.769499999999999
2023-05-25 15:00:00,1.776299999999999
2023-05-25 16:00:00,1.7422999999999988
2023-05-25 17:00:00,1.7609999999999992
2023-05-25 18:00:00,1.7628999999999988
2023-05-25 19:00:00,1.760499999999999
2023-05-25 20:00:00,1.761899999999999
2023-05-25 21:00:00,1.7592999999999992
2023-05-25 23:00:00,1.7592999999999992
2023-05-26 14:30:00,1.7899999999999991
2023-05-26 15:00:00,1.7819999999999991
2023-05-26 16:00:00,1.7958999999999992
2023-05-26 17:00:00,1.7986999999999989
2023-05-26 18:00:00,1.790399999999999
2023-05-26 19:00:00,1.7832999999999992
2023-05-26 20:00:00,1.7849999999999988
2023-05-26 21:00:00,1.790599999999999
2023-05-26 23:00:00,1.790599999999999
2023-05-30 14:30:00,1.727799999999999
2023-05-30 15:00:00,1.7144999999999988
2023-05-30 16:00:00,1.7148999999999992
2023-05-30 17:00:00,1.708699999999999
2023-05-30 18:00:00,1.695399999999999
2023-05-30 19:00:00,1.7045999999999992
2023-05-30 20:00:00,1.7060999999999988
2023-05-30 21:00:00,1.7032999999999991
2023-05-30 23:00:00,1.7032999999999991
2023-05-31 14:30:00,1.689099999999999
2023-05-31 15:00:00,1.7039999999999988
2023-05-31 16:00:00,1.699399999999999
2023-05-31 17:00:00,1.6925999999999992
2023-05-31 18:00:00,1.6906999999999992
2023-05-31 19:00:00,1.6801999999999988
2023-05-31 20:00:00,1.6805999999999992
2023-05-31 21:00:00,1.6698999999999988
2023-05-31 23:00:00,1.6698999999999988
2023-06-01 14:30:00,1.6839999999999988
2023-06-01 15:00:00,1.7093999999999991
2023-06-01 16:00:00,1.7525999999999988
2023-06-01 17:00:00,1.754399999999999
2023-06-01 18:00:00,1.746399999999999
2023-06-01 19:00:00,1.7390999999999992
2023-06-01 20:00:00,1.7363999999999988
2023-06-01 21:00:00,1.739599999999999
2023-06-01 23:00:00,1.739599999999999
2023-06-02 14:30:00,1.7941999999999991
2023-06-02 15:00:00,1.7733999999999992
2023-06-02 16:00:00,1.785899999999999
2023-06-02 17:00:00,1.7838999999999992
2023-06-02 18:00:00,1.7895999999999992
2023-06-02 19:00:00,1.7800999999999991
2023-06-02 20:00:00,1.7901999999999991
2023-06-02 21:00:00,1.7855999999999992
2023-06-02 23:00:00,1.7855999999999992
2023-06-05 14:30:00,1.8116999999999992
2023-06-05 15:00:00,1.802999999999999
2023-06-05 16:00:00,1.8108999999999988
2023-06-05 17:00:00,1.8179999999999992
2023-06-05 18:00:00,1.8120999999999992
2023-06-05 19:00:00,1.7958999999999992
2023-06-05 20:00:00,1.7977999999999992
2023-06-05 21:00:00,1.796499999999999
2023-06-05 23:00:00,1.796499999999999
2023-06-06 14:30:00,1.7735999999999992
2023-06-06 15:00:00,1.796699999999999
2023-06-06 16:00:00,1.788699999999999
2023-06-06 17:00:00,1.792899999999999
2023-06-06 18:00:00,1.7965999999999989
2023-06-06 19:00:00,1.7912999999999992
2023-06-06 20:00:00,1.7914999999999992
2023-06-06 21:00:00,1.779799999999999
2023-06-06 23:00:00,1.779799999999999
2023-06-07 14:30:00,1.814799999999999
2023-06-07 15:00:00,1.805899999999999
2023-06-07 16:00:00,1.8354999999999988
2023-06-07 17:00:00,1.829899999999999
2023-06-07 18:00:00,1.8274999999999988
2023-06-07 19:00:00,1.8219999999999992
2023-06-07 20:00:00,1.8234999999999992
2023-06-07 20:00:01,1.8234999999999992
2023-06-07 21:00:00,1.8243999999999994
2023-06-07 23:00:00,1.8243999999999994
2023-06-08 14:30:00,1.8157999999999994
2023-06-08 15:00:00,1.8117999999999994
2023-06-08 16:00:00,1.748099999999999
2023-06-08 17:00:00,1.7880999999999991
2023-06-08 18:00:00,1.8063999999999991
2023-06-08 19:00:00,1.805499999999999
2023-06-08 20:00:00,1.8024999999999993
2023-06-08 21:00:00,1.798399999999999
2023-06-08 23:00:00,1.798399999999999
2023-06-09 14:30:00,1.8019999999999992
2023-06-09 15:00:00,1.8201999999999994
2023-06-09 16:00:00,1.808899999999999
2023-06-09 17:00:00,1.8055999999999992
2023-06-09 18:00:00,1.785299999999999
2023-06-09 19:00:00,1.778799999999999
2023-06-09 20:00:00,1.778799999999999
2023-06-09 21:00:00,1.7809999999999993
2023-06-09 23:00:00,1.7809999999999993
2023-06-12 14:30:00,1.7386999999999992
2023-06-12 15:00:00,1.7374999999999994
2023-06-12 16:00:00,1.7416999999999994
2023-06-12 17:00:00,1.7287999999999992
2023-06-12 18:00:00,1.728499999999999
2023-06-12 19:00:00,1.7178999999999993
2023-06-12 20:00:00,1.7211999999999992
2023-06-12 21:00:00,1.7272999999999992
2023-06-12 23:00:00,1.7272999999999992
2023-06-13 14:30:00,1.8063999999999991
2023-06-13 15:00:00,1.8064999999999993
2023-06-13 16:00:00,1.7967999999999993
2023-06-13 17:00:00,1.794399999999999
2023-06-13 18:00:00,1.802999999999999
2023-06-13 19:00:00,1.7908999999999993
2023-06-13 20:00:00,1.793099999999999
2023-06-13 21:00:00,1.7927999999999993
2023-06-13 23:00:00,1.7927999999999993
2023-06-14 14:30:00,1.8117999999999994
2023-06-14 15:00:00,1.792699999999999
2023-06-14 16:00:00,1.765099999999999
2023-06-14 17:00:00,1.7807999999999993
2023-06-14 18:00:00,1.7741999999999991
2023-06-14 19:00:00,1.762799999999999
2023-06-14 20:00:00,1.766799999999999
2023-06-14 21:00:00,1.7691999999999992
2023-06-14 23:00:00,1.7691999999999992
2023-06-15 14:30:00,1.8074999999999992
2023-06-15 15:00:00,1.8228999999999993
2023-06-15 16:00:00,1.8508999999999993
2023-06-15 17:00:00,1.8537999999999992
2023-06-15 18:00:00,1.866999999999999
2023-06-15 19:00:00,1.8702999999999994
2023-06-15 20:00:00,1.8682999999999992
2023-06-15 21:00:00,1.8678999999999992
2023-06-15 23:00:00,1.8678999999999992
2023-06-16 14:30:00,1.8789999999999991
2023-06-16 15:00:00,1.902299999999999
2023-06-16 16:00:00,1.9047999999999994
2023-06-16 17:00:00,1.9080999999999992
2023-06-16 18:00:00,1.906099999999999
2023-06-16 19:00:00,1.915799999999999
2023-06-16 20:00:00,1.915799999999999
2023-06-16 21:00:00,1.911599999999999
2023-06-16 23:00:00,1.911599999999999
2023-06-20 14:30:00,1.841699999999999
2023-06-20 15:00:00,1.841099999999999
2023-06-20 16:00:00,1.8289999999999993
2023-06-20 17:00:00,1.8369999999999993
2023-06-20 18:00:00,1.8402999999999992
2023-06-20 19:00:00,1.852899999999999
2023-06-20 20:00:00,1.853899999999999
2023-06-20 21:00:00,1.8428999999999993
2023-06-20 23:00:00,1.8428999999999993
2023-06-21 14:30:00,1.8621999999999992
2023-06-21 15:00:00,1.8775999999999993
2023-06-21 16:00:00,1.9021999999999992
2023-06-21 17:00:00,1.906299999999999
2023-06-21 18:00:00,1.8973999999999993
2023-06-21 19:00:00,1.8994999999999993
2023-06-21 20:00:00,1.8985999999999992
2023-06-21 21:00:00,1.894299999999999
2023-06-21 23:00:00,1.894299999999999
2023-06-22 14:30:00,1.8272999999999993
2023-06-22 15:00:00,1.8371999999999993
2023-06-22 16:00:00,1.8255999999999992
2023-06-22 17:00:00,1.812699999999999
2023-06-22 18:00:00,1.8135999999999992
2023-06-22 19:00:00,1.822599999999999
2023-06-22 20:00:00,1.8222999999999994
2023-06-22 21:00:00,1.8240999999999992
2023-06-22 23:00:00,1.8240999999999992
2023-06-23 14:30:00,1.780899999999999
2023-06-23 15:00:00,1.776499999999999
2023-06-23 16:00:00,1.7876999999999992
2023-06-23 17:00:00,1.7929999999999993
2023-06-23 18:00:00,1.790999999999999
2023-06-23 19:00:00,1.7915999999999994
2023-06-23 20:00:00,1.7919999999999994
2023-06-23 21:00:00,1.7977999999999992
2023-06-23 23:00:00,1.7977999999999992
2023-06-26 14:30:00,1.8245999999999993
2023-06-26 15:00:00,1.804499999999999
2023-06-26 16:00:00,1.8220999999999994
2023-06-26 17:00:00,1.8344999999999994
2023-06-26 18:00:00,1.834799999999999
2023-06-26 19:00:00,1.8302999999999994
2023-06-26 20:00:00,1.8319999999999994
2023-06-26 21:00:00,1.8337999999999992
2023-06-26 23:00:00,1.8337999999999992
2023-06-27 14:30:00,1.8279999999999994
2023-06-27 15:00:00,1.8400999999999992
2023-06-27 16:00:00,1.7992999999999992
2023-06-27 17:00:00,1.7889999999999993
2023-06-27 18:00:00,1.7992999999999992
2023-06-27 19:00:00,1.7910999999999992
2023-06-27 20:00:00,1.7864999999999993
2023-06-27 21:00:00,1.8045999999999993
2023-06-27 23:00:00,1.8045999999999993
2023-06-28 14:30:00,1.775199999999999
2023-06-28 15:00:00,1.7981999999999991
2023-06-28 16:00:00,1.8114999999999992
2023-06-28 17:00:00,1.813099999999999
2023-06-28 18:00:00,1.8162999999999991
2023-06-28 19:00:00,1.806799999999999
2023-06-28 20:00:00,1.8043999999999993
2023-06-28 21:00:00,1.800899999999999
2023-06-28 23:00:00,1.800899999999999
2023-06-29 14:30:00,1.8365999999999993
2023-06-29 15:00:00,1.8244999999999991
2023-06-29 16:00:00,1.810799999999999
2023-06-29 17:00:00,1.8199999999999994
2023-06-29 18:00:00,1.819199999999999
2023-06-29 19:00:00,1.8236999999999992
2023-06-29 20:00:00,1.8245999999999993
2023-06-29 20:00:01,1.8245999999999993
2023-06-29 20:00:02,1.8245999999999993
2023-06-29 21:00:00,1.8261999999999992
2023-06-29 23:00:00,1.8261999999999992
2023-06-30 14:30:00,1.8320999999999992
2023-06-30 15:00:00,1.8428999999999989
2023-06-30 16:00:00,1.8613999999999993
2023-06-30 17:00:00,1.851599999999999
2023-06-30 18:00:00,1.8659999999999992
2023-06-30 19:00:00,1.858499999999999
2023-06-30 20:00:00,1.8598999999999992
2023-06-30 21:00:00,1.8581999999999992
2023-06-30 23:00:00,1.8581999999999992
2023-07-03 14:30:00,1.8280999999999992
2023-07-03 15:00:00,1.8495999999999992
2023-07-03 16:00:00,1.8474999999999993
2023-07-03 17:00:00,1.8270999999999988
2023-07-03 18:00:00,1.812199999999999
2023-07-03 19:00:00,1.810299999999999
2023-07-03 20:00:00,1.809899999999999
2023-07-03 21:00:00,1.8125999999999989
2023-07-03 23:00:00,1.8125999999999989
2023-07-04 14:30:00,1.8417999999999992
2023-07-04 15:00:00,1.857099999999999
2023-07-04 16:00:00,1.861299999999999
2023-07-04 17:00:00,1.8621999999999992
2023-07-04 18:00:00,1.856599999999999
2023-07-04 19:00:00,1.852399999999999
2023-07-04 23:00:00,1.852399999999999
2023-07-05 14:30:00,1.8956999999999993
2023-07-05 15:00:00,1.8821999999999992
2023-07-05 16:00:00,1.9061999999999992
2023-07-05 17:00:00,1.887799999999999
2023-07-05 18:00:00,1.9095999999999989
2023-07-05 19:00:00,1.9046999999999992
2023-07-05 20:00:00,1.905699999999999
2023-07-05 21:00:00,1.901499999999999
2023-07-05 23:00:00,1.901499999999999
2023-07-06 14:30:00,1.8543999999999992
2023-07-06 15:00:00,1.8676999999999992
2023-07-06 16:00:00,1.874099999999999
2023-07-06 17:00:00,1.8851999999999989
2023-07-06 18:00:00,1.8878999999999992
2023-07-06 19:00:00,1.8952999999999989
2023-07-06 20:00:00,1.8962999999999992
2023-07-06 21:00:00,1.894099999999999
2023-07-06 23:00:00,1.894099999999999
2023-07-07 14:30:00,1.9347999999999992
2023-07-07 15:00:00,1.948599999999999
2023-07-07 16:00:00,1.9555999999999991
2023-07-07 17:00:00,1.948199999999999
2023-07-07 18:00:00,1.945699999999999
2023-07-07 19:00:00,1.956399999999999
2023-07-07 20:00:00,1.9555999999999991
2023-07-07 21:00:00,1.9549999999999992
2023-07-07 23:00:00,1.9549999999999992
2023-07-10 14:30:00,1.9614999999999991
2023-07-10 15:00:00,1.975299999999999
2023-07-10 16:00:00,1.9772999999999992
2023-07-10 17:00:00,1.9524999999999992
2023-07-10 18:00:00,1.955299999999999
2023-07-10 19:00:00,1.9579999999999989
2023-07-10 20:00:00,1.9596999999999989
2023-07-10 21:00:00,1.956999999999999
2023-07-10 23:00:00,1.956999999999999
2023-07-11 14:30:00,1.965899999999999
2023-07-11 15:00:00,1.9907999999999992
2023-07-11 16:00:00,1.9943999999999988
2023-07-11 17:00:00,1.9953999999999992
2023-07-11 18:00:00,1.9955999999999992
2023-07-11 19:00:00,1.990099999999999
2023-07-11 20:00:00,1.990099999999999
2023-07-11 21:00:00,1.9850999999999992
2023-07-11 23:00:00,1.9850999999999992
2023-07-12 14:30:00,2.023599999999999
2023-07-12 15:00:00,2.021199999999999
2023-07-12 16:00:00,2.014199999999999
2023-07-12 17:00:00,2.0065999999999993
2023-07-12 18:00:00,2.014699999999999
2023-07-12 19:00:00,2.0206999999999993
2023-07-12 20:00:00,2.019699999999999
2023-07-12 21:00:00,2.016299999999999
2023-07-12 23:00:00,2.016299999999999
2023-07-13 14:30:00,2.018399999999999
2023-07-13 15:00:00,2.033299999999999
2023-07-13 16:00:00,2.011299999999999
2023-07-13 17:00:00,2.002299999999999
2023-07-13 18:00:00,2.0126999999999993
2023-07-13 19:00:00,2.029299999999999
2023-07-13 20:00:00,2.029699999999999
2023-07-13 21:00:00,2.030499999999999
2023-07-13 23:00:00,2.030499999999999
2023-07-14 14:30:00,2.027499999999999
2023-07-14 15:00:00,1.992599999999999
2023-07-14 16:00:00,2.019499999999999
2023-07-14 17:00:00,2.008999999999999
2023-07-14 18:00:00,2.0027999999999992
2023-07-14 19:00:00,2.006699999999999
2023-07-14 20:00:00,2.004999999999999
2023-07-14 21:00:00,2.001299999999999
2023-07-14 23:00:00,2.001299999999999
2023-07-17 14:30:00,1.9810999999999992
2023-07-17 15:00:00,1.990299999999999
2023-07-17 16:00:00,1.976399999999999
2023-07-17 17:00:00,1.9694999999999991
2023-07-17 18:00:00,1.975099999999999
2023-07-17 19:00:00,1.9768999999999992
2023-07-17 20:00:00,1.9774999999999991
2023-07-17 21:00:00,1.978299999999999
2023-07-17 23:00:00,1.978299999999999
2023-07-18 14:30:00,2.011999999999999
2023-07-18 15:00:00,2.005799999999999
2023-07-18 16:00:00,2.007199999999999
2023-07-18 17:00:00,2.015799999999999
2023-07-18 18:00:00,2.022399999999999
2023-07-18 19:00:00,2.0149999999999992
2023-07-18 20:00:00,2.0126999999999993
2023-07-18 21:00:00,2.022199999999999
2023-07-18 23:00:00,2.022199999999999
2023-07-19 14:30:00,2.0593999999999992
2023-07-19 15:00:00,2.057599999999999
2023-07-19 16:00:00,2.056699999999999
2023-07-19 17:00:00,2.056499999999999
2023-07-19 18:00:00,2.047799999999999
2023-07-19 19:00:00,2.051699999999999
2023-07-19 20:00:00,2.051299999999999
2023-07-19 21:00:00,2.049699999999999
2023-07-19 23:00:00,2.049699999999999
2023-07-20 14:30:00,2.064299999999999
2023-07-20 15:00:00,2.052099999999999
2023-07-20 16:00:00,2.047099999999999
2023-07-20 17:00:00,2.062599999999999
2023-07-20 18:00:00,2.0732999999999993
2023-07-20 19:00:00,2.0774999999999992
2023-07-20 20:00:00,2.078699999999999
2023-07-20 21:00:00,2.077199999999999
2023-07-20 23:00:00,2.077199999999999
2023-07-21 14:30:00,2.114899999999999
2023-07-21 15:00:00,2.115099999999999
2023-07-21 16:00:00,2.136699999999999
2023-07-21 17:00:00,2.144899999999999
2023-07-21 18:00:00,2.131199999999999
2023-07-21 19:00:00,2.148299999999999
2023-07-21 20:00:00,2.146299999999999
2023-07-21 21:00:00,2.139199999999999
2023-07-21 23:00:00,2.139199999999999
2023-07-24 14:30:00,2.210099999999999
2023-07-24 15:00:00,2.219699999999999
2023-07-24 16:00:00,2.211499999999999
2023-07-24 17:00:00,2.2182999999999993
2023-07-24 18:00:00,2.185199999999999
2023-07-24 19:00:00,2.181699999999999
2023-07-24 20:00:00,2.184899999999999
2023-07-24 21:00:00,2.182999999999999
2023-07-24 23:00:00,2.182999999999999
2023-07-25 14:30:00,2.1540999999999992
2023-07-25 15:00:00,2.161099999999999
2023-07-25 16:00:00,2.175499999999999
2023-07-25 17:00:00,2.175399999999999
2023-07-25 18:00:00,2.191399999999999
2023-07-25 19:00:00,2.184899999999999
2023-07-25 20:00:00,2.186799999999999
2023-07-25 20:00:01,2.186799999999999
2023-07-25 21:00:00,2.183699999999999
2023-07-25 23:00:00,2.183699999999999
2023-07-26 14:30:00,2.2045999999999992
2023-07-26 15:00:00,2.222799999999999
2023-07-26 16:00:00,2.2165999999999992
2023-07-26 17:00:00,2.2264999999999993
2023-07-26 18:00:00,2.225399999999999
2023-07-26 19:00:00,2.235599999999999
2023-07-26 20:00:00,2.2359999999999993
2023-07-26 21:00:00,2.237799999999999
2023-07-26 23:00:00,2.237799999999999
2023-07-27 14:30:00,2.239099999999999
2023-07-27 15:00:00,2.265499999999999
2023-07-27 16:00:00,2.2750999999999992
2023-07-27 17:00:00,2.294099999999999
2023-07-27 18:00:00,2.2887999999999993
2023-07-27 19:00:00,2.2847999999999993
2023-07-27 20:00:00,2.288099999999999
2023-07-27 21:00:00,2.288099999999999
2023-07-27 23:00:00,2.288099999999999
2023-07-28 14:30:00,2.299899999999999
2023-07-28 15:00:00,2.3291999999999993
2023-07-28 16:00:00,2.315999999999999
2023-07-28 17:00:00,2.3013999999999992
2023-07-28 18:00:00,2.326399999999999
2023-07-28 19:00:00,2.3232999999999993
2023-07-28 20:00:00,2.324099999999999
2023-07-28 21:00:00,2.330299999999999
2023-07-28 23:00:00,2.330299999999999
2023-07-31 14:30:00,2.312899999999999
2023-07-31 15:00:00,2.320699999999999
2023-07-31 16:00:00,2.351199999999999
2023-07-31 17:00:00,2.321899999999999
2023-07-31 18:00:00,2.3451999999999993
2023-07-31 19:00:00,2.3596999999999992
2023-07-31 20:00:00,2.3609999999999993
2023-07-31 21:00:00,2.361099999999999
2023-07-31 23:00:00,2.361099999999999
2023-08-01 14:30:00,2.3870999999999993
2023-08-01 15:00:00,2.412999999999999
2023-08-01 16:00:00,2.389899999999999
2023-08-01 17:00:00,2.405299999999999
2023-08-01 18:00:00,2.4080999999999992
2023-08-01 19:00:00,2.390299999999999
2023-08-01 20:00:00,2.391799999999999
2023-08-01 21:00:00,2.418899999999999
2023-08-01 23:00:00,2.418899999999999
2023-08-02 14:30:00,2.395599999999999
2023-08-02 15:00:00,2.359799999999999
2023-08-02 16:00:00,2.358599999999999
2023-08-02 17:00:00,2.366699999999999
2023-08-02 18:00:00,2.3714999999999993
2023-08-02 19:00:00,2.388599999999999
2023-08-02 20:00:00,2.390699999999999
2023-08-02 21:00:00,2.390999999999999
2023-08-02 23:00:00,2.390999999999999
2023-08-03 14:30:00,2.3790999999999993
2023-08-03 15:00:00,2.3678999999999992
2023-08-03 16:00:00,2.403199999999999
2023-08-03 17:00:00,2.429499999999999
2023-08-03 18:00:00,2.427099999999999
2023-08-03 19:00:00,2.445899999999999
2023-08-03 20:00:00,2.4436999999999993
2023-08-03 21:00:00,2.447799999999999
2023-08-03 23:00:00,2.447799999999999
2023-08-04 14:30:00,2.422499999999999
2023-08-04 15:00:00,2.4276999999999993
2023-08-04 16:00:00,2.4358999999999993
2023-08-04 17:00:00,2.4564999999999992
2023-08-04 18:00:00,2.445299999999999
2023-08-04 19:00:00,2.4301999999999992
2023-08-04 20:00:00,2.429499999999999
2023-08-04 21:00:00,2.4419999999999993
2023-08-04 23:00:00,2.4419999999999993
2023-08-07 14:30:00,2.424399999999999
2023-08-07 15:00:00,2.406499999999999
2023-08-07 16:00:00,2.4118999999999993
2023-08-07 17:00:00,2.408799999999999
2023-08-07 18:00:00,2.4055999999999993
2023-08-07 19:00:00,2.4116999999999993
2023-08-07 20:00:00,2.4074999999999993
2023-08-07 21:00:00,2.412499999999999
2023-08-07 23:00:00,2.412499999999999
2023-08-08 14:30:00,2.3491999999999993
2023-08-08 15:00:00,2.3714999999999993
2023-08-08 16:00:00,2.397699999999999
2023-08-08 17:00:00,2.4242999999999992
2023-08-08 18:00:00,2.451299999999999
2023-08-08 19:00:00,2.453399999999999
2023-08-08 20:00:00,2.449099999999999
2023-08-08 21:00:00,2.456199999999999
2023-08-08 23:00:00,2.456199999999999
2023-08-09 14:30:00,2.478699999999999
2023-08-09 15:00:00,2.5042999999999993
2023-08-09 16:00:00,2.511599999999999
2023-08-09 17:00:00,2.5120999999999993
2023-08-09 18:00:00,2.524599999999999
2023-08-09 19:00:00,2.554099999999999
2023-08-09 20:00:00,2.554499999999999
2023-08-09 21:00:00,2.552999999999999
2023-08-09 23:00:00,2.552999999999999
2023-08-10 14:30:00,2.547699999999999
2023-08-10 15:00:00,2.514499999999999
2023-08-10 16:00:00,2.503299999999999
2023-08-10 17:00:00,2.4857999999999993
2023-08-10 18:00:00,2.482899999999999
2023-08-10 19:00:00,2.5040999999999993
2023-08-10 20:00:00,2.501299999999999
2023-08-10 21:00:00,2.502299999999999
2023-08-10 23:00:00,2.502299999999999
2023-08-11 14:30:00,2.501899999999999
2023-08-11 15:00:00,2.4880999999999993
2023-08-11 16:00:00,2.497599999999999
2023-08-11 17:00:00,2.500999999999999
2023-08-11 18:00:00,2.4945999999999993
2023-08-11 19:00:00,2.473599999999999
2023-08-11 20:00:00,2.4737999999999993
2023-08-11 21:00:00,2.484899999999999
2023-08-11 23:00:00,2.484899999999999
2023-08-14 14:30:00,2.4724999999999993
2023-08-14 15:00:00,2.459599999999999
2023-08-14 16:00:00,2.437499999999999
2023-08-14 17:00:00,2.448699999999999
2023-08-14 18:00:00,2.474899999999999
2023-08-14 19:00:00,2.452199999999999
2023-08-14 20:00:00,2.449199999999999
2023-08-14 21:00:00,2.449499999999999
2023-08-14 23:00:00,2.449499999999999
2023-08-15 14:30:00,2.413199999999999
2023-08-15 15:00:00,2.408399999999999
2023-08-15 16:00:00,2.409499999999999
2023-08-15 17:00:00,2.408299999999999
2023-08-15 18:00:00,2.3912999999999993
2023-08-15 19:00:00,2.406699999999999
2023-08-15 20:00:00,2.408299999999999
2023-08-15 21:00:00,2.410799999999999
2023-08-15 23:00:00,2.410799999999999
2023-08-16 14:30:00,2.406699999999999
2023-08-16 15:00:00,2.402399999999999
2023-08-16 16:00:00,2.413699999999999
2023-08-16 17:00:00,2.393499999999999
2023-08-16 18:00:00,2.414599999999999
2023-08-16 19:00:00,2.3878999999999992
2023-08-16 20:00:00,2.3874999999999993
2023-08-16 21:00:00,2.386999999999999
2023-08-16 23:00:00,2.386999999999999
2023-08-17 14:30:00,2.436399999999999
2023-08-17 15:00:00,2.447999999999999
2023-08-17 16:00:00,2.4474999999999993
2023-08-17 17:00:00,2.460399999999999
2023-08-17 18:00:00,2.447299999999999
2023-08-17 19:00:00,2.442599999999999
2023-08-17 20:00:00,2.441299999999999
2023-08-17 21:00:00,2.443599999999999
2023-08-17 23:00:00,2.443599999999999
2023-08-18 14:30:00,2.458299999999999
2023-08-18 15:00:00,2.455299999999999
2023-08-18 16:00:00,2.487399999999999
2023-08-18 17:00:00,2.497799999999999
2023-08-18 18:00:00,2.5021999999999993
2023-08-18 19:00:00,2.491699999999999
2023-08-18 20:00:00,2.4907999999999992
2023-08-18 21:00:00,2.492399999999999
2023-08-18 23:00:00,2.492399999999999
2023-08-21 14:30:00,2.483699999999999
2023-08-21 15:00:00,2.490299999999999
2023-08-21 16:00:00,2.483999999999999
2023-08-21 17:00:00,2.4636999999999993
2023-08-21 18:00:00,2.4737999999999993
2023-08-21 19:00:00,2.4621999999999993
2023-08-21 20:00:00,2.460999999999999
2023-08-21 21:00:00,2.466099999999999
2023-08-21 23:00:00,2.466099999999999
2023-08-22 14:30:00,2.480599999999999
2023-08-22 15:00:00,2.482699999999999
2023-08-22 16:00:00,2.4806999999999992
2023-08-22 17:00:00,2.481699999999999
2023-08-22 18:00:00,2.485299999999999
2023-08-22 19:00:00,2.485599999999999
2023-08-22 20:00:00,2.4842999999999993
2023-08-22 21:00:00,2.4804999999999993
2023-08-22 23:00:00,2.4804999999999993
2023-08-23 14:30:00,2.463999999999999
2023-08-23 15:00:00,2.496399999999999
2023-08-23 16:00:00,2.479499999999999
2023-08-23 17:00:00,2.466099999999999
2023-08-23 18:00:00,2.476599999999999
2023-08-23 19:00:00,2.463299999999999
2023-08-23 20:00:00,2.4642999999999993
2023-08-23 21:00:00,2.460799999999999
2023-08-23 23:00:00,2.460799999999999
2023-08-24 14:30:00,2.480199999999999
2023-08-24 15:00:00,2.4720999999999993
2023-08-24 16:00:00,2.482099999999999
2023-08-24 17:00:00,2.4886999999999992
2023-08-24 18:00:00,2.4724999999999993
2023-08-24 19:00:00,2.488399999999999
2023-08-24 20:00:00,2.487499999999999
2023-08-24 21:00:00,2.4865999999999993
2023-08-24 23:00:00,2.4865999999999993
2023-08-25 14:30:00,2.5227999999999993
2023-08-25 15:00:00,2.550299999999999
2023-08-25 16:00:00,2.5572999999999992
2023-08-25 17:00:00,2.5673999999999992
2023-08-25 18:00:00,2.584499999999999
2023-08-25 19:00:00,2.6231999999999993
2023-08-25 20:00:00,2.628899999999999
2023-08-25 21:00:00,2.600399999999999
2023-08-25 23:00:00,2.600399999999999
2023-08-28 14:30:00,2.581599999999999
2023-08-28 15:00:00,2.5669999999999993
2023-08-28 16:00:00,2.5446999999999993
2023-08-28 17:00:00,2.5271999999999992
2023-08-28 18:00:00,2.515599999999999
2023-08-28 19:00:00,2.526299999999999
2023-08-28 20:00:00,2.529499999999999
2023-08-28 21:00:00,2.510299999999999
2023-08-28 23:00:00,2.510299999999999
2023-08-29 14:30:00,2.486899999999999
2023-08-29 15:00:00,2.505199999999999
2023-08-29 16:00:00,2.497099999999999
2023-08-29 17:00:00,2.5082999999999993
2023-08-29 18:00:00,2.528199999999999
2023-08-29 19:00:00,2.531099999999999
2023-08-29 20:00:00,2.5288999999999993
2023-08-29 21:00:00,2.521699999999999
2023-08-29 23:00:00,2.521699999999999
2023-08-30 14:30:00,2.497199999999999
2023-08-30 15:00:00,2.479999999999999
2023-08-30 16:00:00,2.462899999999999
2023-08-30 17:00:00,2.4682999999999993
2023-08-30 18:00:00,2.4459999999999993
2023-08-30 19:00:00,2.4474999999999993
2023-08-30 20:00:00,2.448899999999999
2023-08-30 20:00:01,2.448899999999999
2023-08-30 21:00:00,2.446599999999999
2023-08-30 23:00:00,2.446599999999999
2023-08-31 14:30:00,2.4373999999999993
2023-08-31 15:00:00,2.463399999999999
2023-08-31 16:00:00,2.4404999999999992
2023-08-31 17:00:00,2.452599999999999
2023-08-31 18:00:00,2.468399999999999
2023-08-31 19:00:00,2.4775999999999994
2023-08-31 20:00:00,2.4790999999999994
2023-08-31 21:00:00,2.4779999999999993
2023-08-31 23:00:00,2.4779999999999993
2023-09-01 14:30:00,2.494999999999999
2023-09-01 15:00:00,2.4990999999999994
2023-09-01 16:00:00,2.501699999999999
2023-09-01 17:00:00,2.5034999999999994
2023-09-01 18:00:00,2.4895999999999994
2023-09-01 19:00:00,2.487199999999999
2023-09-01 20:00:00,2.488799999999999
2023-09-01 21:00:00,2.491199999999999
2023-09-01 23:00:00,2.491199999999999
2023-09-05 14:30:00,2.557399999999999
2023-09-05 15:00:00,2.558499999999999
2023-09-05 16:00:00,2.591299999999999
2023-09-05 17:00:00,2.5981999999999994
2023-09-05 18:00:00,2.5796999999999994
2023-09-05 19:00:00,2.574499999999999
2023-09-05 20:00:00,2.5730999999999993
2023-09-05 21:00:00,2.5796999999999994
2023-09-05 23:00:00,2.5796999999999994
2023-09-06 14:30:00,2.547399999999999
2023-09-06 15:00:00,2.5194999999999994
2023-09-06 16:00:00,2.5330999999999992
2023-09-06 17:00:00,2.5503999999999993
2023-09-06 18:00:00,2.564199999999999
2023-09-06 19:00:00,2.563299999999999
2023-09-06 20:00:00,2.564199999999999
2023-09-06 21:00:00,2.5659999999999994
2023-09-06 23:00:00,2.5659999999999994
2023-09-07 14:30:00,2.543099999999999
2023-09-07 15:00:00,2.5457999999999994
2023-09-07 16:00:00,2.5585999999999993
2023-09-07 17:00:00,2.544199999999999
2023-09-07 18:00:00,2.559499999999999
2023-09-07 19:00:00,2.5770999999999993
2023-09-07 20:00:00,2.5823999999999994
2023-09-07 21:00:00,2.5808999999999993
2023-09-07 23:00:00,2.5808999999999993
2023-09-08 14:30:00,2.6248999999999993
2023-09-08 15:00:00,2.6435999999999993
2023-09-08 16:00:00,2.635899999999999
2023-09-08 17:00:00,2.6439999999999992
2023-09-08 18:00:00,2.6450999999999993
2023-09-08 19:00:00,2.6343999999999994
2023-09-08 20:00:00,2.635099999999999
2023-09-08 21:00:00,2.6261999999999994
2023-09-08 23:00:00,2.6261999999999994
2023-09-11 14:30:00,2.683899999999999
2023-09-11 15:00:00,2.696999999999999
2023-09-11 16:00:00,2.6736999999999993
2023-09-11 17:00:00,2.6917999999999993
2023-09-11 18:00:00,2.6822999999999992
2023-09-11 19:00:00,2.6770999999999994
2023-09-11 20:00:00,2.6764999999999994
2023-09-11 21:00:00,2.679899999999999
2023-09-11 23:00:00,2.679899999999999
2023-09-12 14:30:00,2.6766999999999994
2023-09-12 15:00:00,2.6755999999999993
2023-09-12 16:00:00,2.672399999999999
2023-09-12 17:00:00,2.6673999999999993
2023-09-12 18:00:00,2.668999999999999
2023-09-12 19:00:00,2.666499999999999
2023-09-12 20:00:00,2.668599999999999
2023-09-12 21:00:00,2.669999999999999
2023-09-12 23:00:00,2.669999999999999
2023-09-13 14:30:00,2.722799999999999
2023-09-13 15:00:00,2.7317999999999993
2023-09-13 16:00:00,2.7279999999999993
2023-09-13 17:00:00,2.732099999999999
2023-09-13 18:00:00,2.735699999999999
2023-09-13 19:00:00,2.7388999999999992
2023-09-13 20:00:00,2.7407999999999992
2023-09-13 21:00:00,2.7473999999999994
2023-09-13 23:00:00,2.7473999999999994
2023-09-14 14:30:00,2.757199999999999
2023-09-14 15:00:00,2.7700999999999993
2023-09-14 16:00:00,2.795699999999999
2023-09-14 17:00:00,2.797999999999999
2023-09-14 18:00:00,2.8037999999999994
2023-09-14 19:00:00,2.779299999999999
2023-09-14 20:00:00,2.7814999999999994
2023-09-14 21:00:00,2.7887999999999993
2023-09-14 23:00:00,2.7887999999999993
2023-09-15 14:30:00,2.725399999999999
2023-09-15 15:00:00,2.7342999999999993
2023-09-15 16:00:00,2.717399999999999
2023-09-15 17:00:00,2.7111999999999994
2023-09-15 18:00:00,2.713199999999999
2023-09-15 19:00:00,2.715699999999999
2023-09-15 20:00:00,2.718199999999999
2023-09-15 21:00:00,2.722799999999999
2023-09-15 23:00:00,2.722799999999999
2023-09-18 14:30:00,2.7003999999999992
2023-09-18 15:00:00,2.689999999999999
2023-09-18 16:00:00,2.6618999999999993
2023-09-18 17:00:00,2.650899999999999
2023-09-18 18:00:00,2.641399999999999
2023-09-18 19:00:00,2.6521999999999992
2023-09-18 20:00:00,2.6521999999999992
2023-09-18 21:00:00,2.658699999999999
2023-09-18 23:00:00,2.658699999999999
2023-09-19 14:30:00,2.700099999999999
2023-09-19 15:00:00,2.710899999999999
2023-09-19 16:00:00,2.715899999999999
2023-09-19 17:00:00,2.7182999999999993
2023-09-19 18:00:00,2.703899999999999
2023-09-19 19:00:00,2.715899999999999
2023-09-19 20:00:00,2.7155999999999993
2023-09-19 21:00:00,2.7212999999999994
2023-09-19 23:00:00,2.7212999999999994
2023-09-20 14:30:00,2.648399999999999
2023-09-20 15:00:00,2.668599999999999
2023-09-20 16:00:00,2.6555999999999993
2023-09-20 17:00:00,2.6761999999999992
2023-09-20 18:00:00,2.652799999999999
2023-09-20 19:00:00,2.660399999999999
2023-09-20 20:00:00,2.6574999999999993
2023-09-20 21:00:00,2.6488999999999994
2023-09-20 23:00:00,2.6488999999999994
2023-09-21 14:30:00,2.7774999999999994
2023-09-21 15:00:00,2.740999999999999
2023-09-21 16:00:00,2.7243999999999993
2023-09-21 17:00:00,2.712299999999999
2023-09-21 18:00:00,2.7024999999999992
2023-09-21 19:00:00,2.6961999999999993
2023-09-21 20:00:00,2.6993999999999994
2023-09-21 21:00:00,2.697799999999999
2023-09-21 23:00:00,2.697799999999999
2023-09-22 14:30:00,2.7231999999999994
2023-09-22 15:00:00,2.678499999999999
2023-09-22 16:00:00,2.6757999999999993
2023-09-22 17:00:00,2.6669999999999994
2023-09-22 18:00:00,2.660399999999999
2023-09-22 19:00:00,2.6747999999999994
2023-09-22 20:00:00,2.6763999999999992
2023-09-22 20:00:01,2.6763999999999992
2023-09-22 21:00:00,2.6836999999999995
2023-09-22 23:00:00,2.6836999999999995
2023-09-25 14:30:00,2.6536999999999993
2023-09-25 15:00:00,2.6430999999999996
2023-09-25 16:00:00,2.6389999999999993
2023-09-25 17:00:00,2.642299999999999
2023-09-25 18:00:00,2.6442999999999994
2023-09-25 19:00:00,2.6505999999999994
2023-09-25 20:00:00,2.6491999999999996
2023-09-25 21:00:00,2.6555999999999993
2023-09-25 23:00:00,2.6555999999999993
2023-09-26 14:30:00,2.6333999999999995
2023-09-26 15:00:00,2.6391999999999993
2023-09-26 16:00:00,2.6280999999999994
2023-09-26 17:00:00,2.630299999999999
2023-09-26 18:00:00,2.6338999999999992
2023-09-26 19:00:00,2.6396999999999995
2023-09-26 20:00:00,2.6440999999999995
2023-09-26 21:00:00,2.6560999999999995
2023-09-26 23:00:00,2.6560999999999995
2023-09-27 14:30:00,2.6659999999999995
2023-09-27 15:00:00,2.6614999999999993
2023-09-27 16:00:00,2.6947999999999994
2023-09-27 17:00:00,2.6898999999999993
2023-09-27 18:00:00,2.6956999999999995
2023-09-27 19:00:00,2.6916999999999995
2023-09-27 20:00:00,2.6955999999999993
2023-09-27 21:00:00,2.690899999999999
2023-09-27 23:00:00,2.690899999999999
2023-09-28 14:30:00,2.7191999999999994
2023-09-28 15:00:00,2.711099999999999
2023-09-28 16:00:00,2.7104999999999992
2023-09-28 17:00:00,2.7126999999999994
2023-09-28 18:00:00,2.6924999999999994
2023-09-28 19:00:00,2.6943999999999995
2023-09-28 20:00:00,2.6964999999999995
2023-09-28 21:00:00,2.703099999999999
2023-09-28 23:00:00,2.703099999999999
2023-09-29 14:30:00,2.7266999999999992
2023-09-29 15:00:00,2.702899999999999
2023-09-29 16:00:00,2.7090999999999994
2023-09-29 17:00:00,2.7071999999999994
2023-09-29 18:00:00,2.6823999999999995
2023-09-29 19:00:00,2.6795999999999993
2023-09-29 20:00:00,2.676999999999999
2023-09-29 21:00:00,2.6755999999999993
2023-09-29 23:00:00,2.6755999999999993
2023-10-02 14:30:00,2.6505999999999994
2023-10-02 15:00:00,2.6396999999999995
2023-10-02 16:00:00,2.6374999999999993
2023-10-02 17:00:00,2.6453999999999995
2023-10-02 18:00:00,2.638899999999999
2023-10-02 19:00:00,2.6375999999999995
2023-10-02 20:00:00,2.6394999999999995
2023-10-02 21:00:00,2.6429999999999993
2023-10-02 23:00:00,2.6429999999999993
2023-10-03 14:30:00,2.6076999999999995
2023-10-03 15:00:00,2.5967999999999996
2023-10-03 16:00:00,2.6106999999999996
2023-10-03 17:00:00,2.616399999999999
2023-10-03 18:00:00,2.6153999999999993
2023-10-03 19:00:00,2.6326999999999994
2023-10-03 20:00:00,2.6336999999999993
2023-10-03 21:00:00,2.6230999999999995
2023-10-03 23:00:00,2.6230999999999995
2023-10-04 14:30:00,2.527399999999999
2023-10-04 15:00:00,2.5331999999999995
2023-10-04 16:00:00,2.499199999999999
2023-10-04 17:00:00,2.503599999999999
2023-10-04 18:00:00,2.4879999999999995
2023-10-04 19:00:00,2.4792999999999994
2023-10-04 20:00:00,2.477499999999999
2023-10-04 21:00:00,2.4865999999999993
2023-10-04 23:00:00,2.4865999999999993
2023-10-05 14:30:00,2.4180999999999995
2023-10-05 15:00:00,2.4201999999999995
2023-10-05 16:00:00,2.3727999999999994
2023-10-05 17:00:00,2.3793999999999995
2023-10-05 18:00:00,2.3829999999999996
2023-10-05 19:00:00,2.368299999999999
2023-10-05 20:00:00,2.3725999999999994
2023-10-05 21:00:00,2.3771999999999993
2023-10-05 23:00:00,2.3771999999999993
2023-10-06 14:30:00,2.4097999999999993
2023-10-06 15:00:00,2.3952999999999993
2023-10-06 16:00:00,2.3854999999999995
2023-10-06 17:00:00,2.3733999999999993
2023-10-06 18:00:00,2.3789999999999996
2023-10-06 19:00:00,2.3837999999999995
2023-10-06 20:00:00,2.3837999999999995
2023-10-06 21:00:00,2.3845999999999994
2023-10-06 23:00:00,2.3845999999999994
2023-10-09 14:30:00,2.4133999999999993
2023-10-09 15:00:00,2.4440999999999993
2023-10-09 16:00:00,2.4343999999999992
2023-10-09 17:00:00,2.4297999999999993
2023-10-09 18:00:00,2.4253999999999993
2023-10-09 19:00:00,2.445099999999999
2023-10-09 20:00:00,2.4453999999999994
2023-10-09 21:00:00,2.4456999999999995
2023-10-09 23:00:00,2.4456999999999995
2023-10-10 14:30:00,2.4619999999999993
2023-10-10 15:00:00,2.4534999999999996
2023-10-10 16:00:00,2.4653999999999994
2023-10-10 17:00:00,2.4825999999999993
2023-10-10 18:00:00,2.4775999999999994
2023-10-10 19:00:00,2.4714999999999994
2023-10-10 20:00:00,2.4737999999999993
2023-10-10 21:00:00,2.4834999999999994
2023-10-10 23:00:00,2.4834999999999994
2023-10-11 14:30:00,2.4498999999999995
2023-10-11 15:00:00,2.431199999999999
2023-10-11 16:00:00,2.436699999999999
2023-10-11 17:00:00,2.4581999999999993
2023-10-11 18:00:00,2.469099999999999
2023-10-11 19:00:00,2.473099999999999
2023-10-11 20:00:00,2.4764999999999993
2023-10-11 21:00:00,2.469099999999999
2023-10-11 23:00:00,2.469099999999999
2023-10-12 14:30:00,2.4906999999999995
2023-10-12 15:00:00,2.5066999999999995
2023-10-12 16:00:00,2.4685999999999995
2023-10-12 17:00:00,2.4763999999999995
2023-10-12 18:00:00,2.4843999999999995
2023-10-12 19:00:00,2.4948999999999995
2023-10-12 20:00:00,2.4948999999999995
2023-10-12 21:00:00,2.4986999999999995
2023-10-12 23:00:00,2.4986999999999995
2023-10-13 14:30:00,2.5854999999999992
2023-10-13 15:00:00,2.5981999999999994
2023-10-13 16:00:00,2.6011999999999995
2023-10-13 17:00:00,2.6113999999999993
2023-10-13 18:00:00,2.6185999999999994
2023-10-13 19:00:00,2.6252999999999993
2023-10-13 20:00:00,2.6240999999999994
2023-10-13 21:00:00,2.6310999999999996
2023-10-13 23:00:00,2.6310999999999996
2023-10-16 14:30:00,2.6147999999999993
2023-10-16 15:00:00,2.6068999999999996
2023-10-16 16:00:00,2.6007999999999996
2023-10-16 17:00:00,2.6057999999999995
2023-10-16 18:00:00,2.5987999999999993
2023-10-16 19:00:00,2.5936999999999992
2023-10-16 20:00:00,2.5945999999999994
2023-10-16 21:00:00,2.5952999999999995
2023-10-16 23:00:00,2.5952999999999995
2023-10-17 14:30:00,2.5728999999999993
2023-10-17 15:00:00,2.5886999999999993
2023-10-17 16:00:00,2.5733999999999995
2023-10-17 17:00:00,2.5811999999999995
2023-10-17 18:00:00,2.5824999999999996
2023-10-17 19:00:00,2.5955999999999992
2023-10-17 20:00:00,2.5970999999999993
2023-10-17 21:00:00,2.6042999999999994
2023-10-17 23:00:00,2.6042999999999994
2023-10-18 14:30:00,2.5914999999999995
2023-10-18 15:00:00,2.6107999999999993
2023-10-18 16:00:00,2.5934999999999993
2023-10-18 17:00:00,2.5967999999999996
2023-10-18 18:00:00,2.604599999999999
2023-10-18 19:00:00,2.6066999999999996
2023-10-18 20:00:00,2.6049999999999995
2023-10-18 21:00:00,2.6011999999999995
2023-10-18 23:00:00,2.6011999999999995
2023-10-19 14:30:00,2.608199999999999
2023-10-19 15:00:00,2.5996999999999995
2023-10-19 16:00:00,2.6150999999999995
2023-10-19 17:00:00,2.6169999999999995
2023-10-19 18:00:00,2.6326999999999994
2023-10-19 19:00:00,2.6419999999999995
2023-10-19 20:00:00,2.652999999999999
2023-10-19 21:00:00,2.646499999999999
2023-10-19 23:00:00,2.646499999999999
2023-10-19 23:00:01,2.646499999999999
2023-10-20 14:30:00,2.656699999999999
2023-10-20 15:00:00,2.665699999999999
2023-10-20 16:00:00,2.673199999999999
2023-10-20 17:00:00,2.6542999999999988
2023-10-20 18:00:00,2.636299999999999
2023-10-20 19:00:00,2.628799999999999
2023-10-20 20:00:00,2.628699999999999
2023-10-20 21:00:00,2.636899999999999
2023-10-20 23:00:00,2.636899999999999
2023-10-23 14:30:00,2.624199999999999
2023-10-23 15:00:00,2.621699999999999
2023-10-23 16:00:00,2.613699999999999
2023-10-23 17:00:00,2.589199999999999
2023-10-23 18:00:00,2.580299999999999
2023-10-23 19:00:00,2.583499999999999
2023-10-23 20:00:00,2.583299999999999
2023-10-23 21:00:00,2.586199999999999
2023-10-23 23:00:00,2.586199999999999
2023-10-24 14:30:00,2.543499999999999
2023-10-24 15:00:00,2.531999999999999
2023-10-24 16:00:00,2.505299999999999
2023-10-24 17:00:00,2.519299999999999
2023-10-24 18:00:00,2.525499999999999
2023-10-24 19:00:00,2.526099999999999
2023-10-24 20:00:00,2.526199999999999
2023-10-24 21:00:00,2.528699999999999
2023-10-24 23:00:00,2.528699999999999
2023-10-25 14:30:00,2.512299999999999
2023-10-25 15:00:00,2.490399999999999
2023-10-25 16:00:00,2.511099999999999
2023-10-25 17:00:00,2.518999999999999
2023-10-25 18:00:00,2.536599999999999
2023-10-25 19:00:00,2.536299999999999
2023-10-25 20:00:00,2.538599999999999
2023-10-25 21:00:00,2.528899999999999
2023-10-25 23:00:00,2.528899999999999
2023-10-26 14:30:00,2.521499999999999
2023-10-26 15:00:00,2.538799999999999
2023-10-26 16:00:00,2.540199999999999
2023-10-26 17:00:00,2.531699999999999
2023-10-26 18:00:00,2.525399999999999
2023-10-26 19:00:00,2.527499999999999
2023-10-26 20:00:00,2.527999999999999
2023-10-26 21:00:00,2.528699999999999
2023-10-26 23:00:00,2.528699999999999
2023-10-27 14:30:00,2.486099999999999
2023-10-27 15:00:00,2.496299999999999
2023-10-27 16:00:00,2.520399999999999
2023-10-27 17:00:00,2.532899999999999
2023-10-27 18:00:00,2.545599999999999
2023-10-27 19:00:00,2.517099999999999
2023-10-27 20:00:00,2.517999999999999
2023-10-27 21:00:00,2.518499999999999
2023-10-27 23:00:00,2.518499999999999
2023-10-30 13:30:00,2.508499999999999
2023-10-30 14:00:00,2.476999999999999
2023-10-30 15:00:00,2.465799999999999
2023-10-30 16:00:00,2.463499999999999
2023-10-30 17:00:00,2.457799999999999
2023-10-30 18:00:00,2.463699999999999
2023-10-30 19:00:00,2.461999999999999
2023-10-30 20:00:00,2.464199999999999
2023-10-30 23:00:00,2.473999999999999
2023-10-31 13:30:00,2.491399999999999
2023-10-31 14:00:00,2.508199999999999
2023-10-31 15:00:00,2.515599999999999
2023-10-31 16:00:00,2.492699999999999
2023-10-31 17:00:00,2.470999999999999
2023-10-31 18:00:00,2.474299999999999
2023-10-31 19:00:00,2.477799999999999
2023-10-31 20:00:00,2.479599999999999
2023-10-31 23:00:00,2.479799999999999
2023-11-01 13:30:00,2.516399999999999
2023-11-01 14:00:00,2.532799999999999
2023-11-01 15:00:00,2.520599999999999
2023-11-01 16:00:00,2.511399999999999
2023-11-01 17:00:00,2.499899999999999
2023-11-01 18:00:00,2.495599999999999
2023-11-01 19:00:00,2.500599999999999
2023-11-01 20:00:00,2.502799999999999
2023-11-01 23:00:00,2.502799999999999
2023-11-02 13:30:00,2.532499999999999
2023-11-02 14:00:00,2.506099999999999
2023-11-02 15:00:00,2.547699999999999
2023-11-02 16:00:00,2.546699999999999
2023-11-02 17:00:00,2.558499999999999
2023-11-02 18:00:00,2.549299999999999
2023-11-02 19:00:00,2.546999999999999
2023-11-02 20:00:00,2.549399999999999
2023-11-02 23:00:00,2.546799999999999
2023-11-03 13:30:00,2.535099999999999
2023-11-03 14:00:00,2.486799999999999
2023-11-03 15:00:00,2.507399999999999
2023-11-03 16:00:00,2.475399999999999
2023-11-03 17:00:00,2.458499999999999
2023-11-03 18:00:00,2.472099999999999
2023-11-03 19:00:00,2.466899999999999
2023-11-03 20:00:00,2.467399999999999
2023-11-03 23:00:00,2.465499999999999
2023-11-06 14:30:00,2.507599999999999
2023-11-06 15:00:00,2.500299999999999
2023-11-06 16:00:00,2.506699999999999
2023-11-06 17:00:00,2.514799999999999
2023-11-06 18:00:00,2.504399999999999
2023-11-06 19:00:00,2.505299999999999
2023-11-06 20:00:00,2.505599999999999
2023-11-06 21:00:00,2.499199999999999
2023-11-06 23:00:00,2.499199999999999
2023-11-07 14:30:00,2.413199999999999
2023-11-07 15:00:00,2.413799999999999
2023-11-07 16:00:00,2.402099999999999
2023-11-07 17:00:00,2.393299999999999
2023-11-07 18:00:00,2.396799999999999
2023-11-07 19:00:00,2.391299999999999
2023-11-07 20:00:00,2.390899999999999
2023-11-07 21:00:00,2.378399999999999
2023-11-07 23:00:00,2.378399999999999
2023-11-08 14:30:00,2.369199999999999
2023-11-08 15:00:00,2.345499999999999
2023-11-08 16:00:00,2.340499999999999
2023-11-08 17:00:00,2.316799999999999
2023-11-08 18:00:00,2.325599999999999
2023-11-08 19:00:00,2.317899999999999
2023-11-08 20:00:00,2.317199999999999
2023-11-08 21:00:00,2.317799999999999
2023-11-08 23:00:00,2.317799999999999
2023-11-09 14:30:00,2.288799999999999
2023-11-09 15:00:00,2.322199999999999
2023-11-09 16:00:00,2.298299999999999
2023-11-09 17:00:00,2.302499999999999
2023-11-09 18:00:00,2.310799999999999
2023-11-09 19:00:00,2.289299999999999
2023-11-09 20:00:00,2.289699999999999
2023-11-09 21:00:00,2.293199999999999
2023-11-09 23:00:00,2.293199999999999
2023-11-10 14:30:00,2.324899999999999
2023-11-10 15:00:00,2.333199999999999
2023-11-10 16:00:00,2.340299999999999
2023-11-10 17:00:00,2.354599999999999
2023-11-10 18:00:00,2.336499999999999
2023-11-10 19:00:00,2.323899999999999
2023-11-10 20:00:00,2.325499999999999
2023-11-10 21:00:00,2.324499999999999
2023-11-10 23:00:00,2.324499999999999
2023-11-13 14:30:00,2.369699999999999
2023-11-13 15:00:00,2.364499999999999
2023-11-13 16:00:00,2.389399999999999
2023-11-13 17:00:00,2.387699999999999
2023-11-13 18:00:00,2.390499999999999
2023-11-13 19:00:00,2.393799999999999
2023-11-13 20:00:00,2.392599999999999
2023-11-13 21:00:00,2.395099999999999
2023-11-13 23:00:00,2.395099999999999
2023-11-14 14:30:00,2.421499999999999
2023-11-14 15:00:00,2.417699999999999
2023-11-14 16:00:00,2.416699999999999
2023-11-14 17:00:00,2.391299999999999
2023-11-14 18:00:00,2.403999999999999
2023-11-14 19:00:00,2.393999999999999
2023-11-14 20:00:00,2.395599999999999
2023-11-14 21:00:00,2.392199999999999
2023-11-14 23:00:00,2.392199999999999
2023-11-15 14:30:00,2.380499999999999
2023-11-15 15:00:00,2.403999999999999
2023-11-15 16:00:00,2.407399999999999
2023-11-15 17:00:00,2.407499999999999
2023-11-15 18:00:00,2.398799999999999
2023-11-15 19:00:00,2.3981999999999988
2023-11-15 20:00:00,2.395099999999999
2023-11-15 21:00:00,2.396399999999999
2023-11-15 23:00:00,2.396399999999999
2023-11-16 14:30:00,2.317899999999999
2023-11-16 15:00:00,2.319599999999999
2023-11-16 16:00:00,2.294699999999999
2023-11-16 17:00:00,2.283599999999999
2023-11-16 18:00:00,2.286199999999999
2023-11-16 19:00:00,2.286999999999999
2023-11-16 20:00:00,2.288399999999999
2023-11-16 21:00:00,2.288599999999999
2023-11-16 23:00:00,2.288599999999999
2023-11-17 14:30:00,2.327299999999999
2023-11-17 15:00:00,2.346199999999999
2023-11-17 16:00:00,2.353199999999999
2023-11-17 17:00:00,2.349699999999999
2023-11-17 18:00:00,2.3478999999999988
2023-11-17 19:00:00,2.329599999999999
2023-11-17 20:00:00,2.332299999999999
2023-11-17 21:00:00,2.324999999999999
2023-11-17 23:00:00,2.324999999999999
2023-11-20 14:30:00,2.386999999999999
2023-11-20 15:00:00,2.409199999999999
2023-11-20 16:00:00,2.410099999999999
2023-11-20 17:00:00,2.411399999999999
2023-11-20 18:00:00,2.415699999999999
2023-11-20 19:00:00,2.406599999999999
2023-11-20 20:00:00,2.404399999999999
2023-11-20 21:00:00,2.403299999999999
2023-11-20 23:00:00,2.403299999999999
2023-11-21 14:30:00,2.421799999999999
2023-11-21 15:00:00,2.428299999999999
2023-11-21 16:00:00,2.445499999999999
2023-11-21 17:00:00,2.435499999999999
2023-11-21 18:00:00,2.454899999999999
2023-11-21 19:00:00,2.470999999999999
2023-11-21 20:00:00,2.466499999999999
2023-11-21 21:00:00,2.471299999999999
2023-11-21 23:00:00,2.471299999999999
2023-11-22 14:30:00,2.374999999999999
2023-11-22 15:00:00,2.395799999999999
2023-11-22 16:00:00,2.400699999999999
2023-11-22 17:00:00,2.441799999999999
2023-11-22 18:00:00,2.426999999999999
2023-11-22 19:00:00,2.412299999999999
2023-11-22 20:00:00,2.415499999999999
2023-11-22 21:00:00,
2023-11-22 23:00:00,2.403199999999999
2023-11-22 23:00:01,2.403199999999999
2023-11-24 14:30:00,2.428199999999999
2023-11-24 15:00:00,2.4295999999999993
2023-11-24 16:00:00,2.3950999999999993
2023-11-24 17:00:00,2.386699999999999
2023-11-24 18:00:00,2.3630999999999993
2023-11-24 23:00:00,2.3630999999999993
2023-11-27 14:30:00,2.388199999999999
2023-11-27 15:00:00,2.384399999999999
2023-11-27 16:00:00,2.374099999999999
2023-11-27 17:00:00,2.3609999999999993
2023-11-27 18:00:00,2.373499999999999
2023-11-27 19:00:00,2.3657999999999992
2023-11-27 20:00:00,2.364899999999999
2023-11-27 21:00:00,2.364699999999999
2023-11-27 23:00:00,2.364699999999999
2023-11-28 14:30:00,2.388699999999999
2023-11-28 15:00:00,2.431099999999999
2023-11-28 16:00:00,2.423099999999999
2023-11-28 17:00:00,2.426699999999999
2023-11-28 18:00:00,2.424399999999999
2023-11-28 19:00:00,2.4141999999999992
2023-11-28 20:00:00,2.414499999999999
2023-11-28 21:00:00,2.400499999999999
2023-11-28 23:00:00,2.400499999999999
2023-11-29 14:30:00,2.3748999999999993
2023-11-29 15:00:00,2.3731999999999993
2023-11-29 16:00:00,2.393499999999999
2023-11-29 17:00:00,2.402999999999999
2023-11-29 18:00:00,2.3996999999999993
2023-11-29 19:00:00,2.4154999999999993
2023-11-29 20:00:00,2.416599999999999
2023-11-29 21:00:00,2.4120999999999992
2023-11-29 23:00:00,2.4120999999999992
2023-11-30 14:30:00,2.440399999999999
2023-11-30 15:00:00,2.3849999999999993
2023-11-30 16:00:00,2.337699999999999
2023-11-30 17:00:00,2.378399999999999
2023-11-30 18:00:00,2.371199999999999
2023-11-30 19:00:00,2.365699999999999
2023-11-30 20:00:00,2.3674999999999993
2023-11-30 21:00:00,2.354299999999999
2023-11-30 23:00:00,2.354299999999999
2023-12-01 14:30:00,2.3394999999999992
2023-12-01 15:00:00,2.353699999999999
2023-12-01 16:00:00,2.3617999999999992
2023-12-01 17:00:00,2.363199999999999
2023-12-01 18:00:00,2.293599999999999
2023-12-01 19:00:00,2.292299999999999
2023-12-01 20:00:00,2.2942999999999993
2023-12-01 21:00:00,2.293699999999999
2023-12-01 23:00:00,2.293699999999999
2023-12-04 14:30:00,2.277799999999999
2023-12-04 15:00:00,2.307799999999999
2023-12-04 16:00:00,2.289799999999999
2023-12-04 17:00:00,2.299499999999999
2023-12-04 18:00:00,2.280699999999999
2023-12-04 19:00:00,2.285399999999999
2023-12-04 20:00:00,2.2862999999999993
2023-12-04 21:00:00,2.282799999999999
2023-12-04 23:00:00,2.282799999999999
2023-12-05 14:30:00,2.308099999999999
2023-12-05 15:00:00,2.295599999999999
2023-12-05 16:00:00,2.285399999999999
2023-12-05 17:00:00,2.267199999999999
2023-12-05 18:00:00,2.2624999999999993
2023-12-05 19:00:00,2.2540999999999993
2023-12-05 20:00:00,2.2559999999999993
2023-12-05 21:00:00,2.2508999999999992
2023-12-05 23:00:00,2.2508999999999992
2023-12-06 14:30:00,2.2060999999999993
2023-12-06 15:00:00,2.211499999999999
2023-12-06 16:00:00,2.181999999999999
2023-12-06 17:00:00,2.1978999999999993
2023-12-06 18:00:00,2.201999999999999
2023-12-06 19:00:00,2.1934999999999993
2023-12-06 20:00:00,2.192999999999999
2023-12-06 21:00:00,2.194999999999999
2023-12-06 23:00:00,2.194999999999999
2023-12-07 14:30:00,2.213299999999999
2023-12-07 15:00:00,2.194799999999999
2023-12-07 16:00:00,2.191099999999999
2023-12-07 17:00:00,2.186699999999999
2023-12-07 18:00:00,2.1835999999999993
2023-12-07 19:00:00,2.180599999999999
2023-12-07 20:00:00,2.1803999999999992
2023-12-07 21:00:00,2.1862999999999992
2023-12-07 23:00:00,2.1862999999999992
2023-12-08 14:30:00,2.211399999999999
2023-12-08 15:00:00,2.2136999999999993
2023-12-08 16:00:00,2.215199999999999
2023-12-08 17:00:00,2.1995999999999993
2023-12-08 18:00:00,2.2075999999999993
2023-12-08 19:00:00,2.2075999999999993
2023-12-08 20:00:00,2.207199999999999
2023-12-08 21:00:00,2.2104999999999992
2023-12-08 23:00:00,2.2104999999999992
2023-12-11 14:30:00,2.2338999999999993
2023-12-11 15:00:00,2.222199999999999
2023-12-11 16:00:00,2.220899999999999
2023-12-11 17:00:00,2.223599999999999
2023-12-11 18:00:00,2.237699999999999
2023-12-11 19:00:00,2.2279999999999993
2023-12-11 20:00:00,2.228499999999999
2023-12-11 21:00:00,2.231499999999999
2023-12-11 23:00:00,2.231499999999999
2023-12-12 14:30:00,2.150799999999999
2023-12-12 15:00:00,2.1437999999999993
2023-12-12 16:00:00,2.132499999999999
2023-12-12 17:00:00,2.1338999999999992
2023-12-12 18:00:00,2.1313999999999993
2023-12-12 19:00:00,2.1410999999999993
2023-12-12 20:00:00,2.139099999999999
2023-12-12 21:00:00,2.142599999999999
2023-12-12 23:00:00,2.142599999999999
2023-12-13 14:30:00,2.168499999999999
2023-12-13 15:00:00,2.164099999999999
2023-12-13 16:00:00,2.180999999999999
2023-12-13 17:00:00,2.168599999999999
2023-12-13 18:00:00,2.170199999999999
2023-12-13 19:00:00,2.1713999999999993
2023-12-13 20:00:00,2.172699999999999
2023-12-13 21:00:00,2.191899999999999
2023-12-13 23:00:00,2.191899999999999
2023-12-14 14:30:00,2.233599999999999
2023-12-14 15:00:00,2.222899999999999
2023-12-14 16:00:00,2.2258999999999993
2023-12-14 17:00:00,2.2338999999999993
2023-12-14 18:00:00,2.2380999999999993
2023-12-14 19:00:00,2.220699999999999
2023-12-14 20:00:00,2.220999999999999
2023-12-14 21:00:00,2.2224999999999993
2023-12-14 23:00:00,2.2224999999999993
2023-12-15 14:30:00,2.224999999999999
2023-12-15 15:00:00,2.245199999999999
2023-12-15 16:00:00,2.2620999999999993
2023-12-15 17:00:00,2.271999999999999
2023-12-15 18:00:00,2.2548999999999992
2023-12-15 19:00:00,2.247799999999999
2023-12-15 20:00:00,2.2462999999999993
2023-12-15 21:00:00,2.253199999999999
2023-12-15 23:00:00,2.253199999999999
2023-12-18 14:30:00,2.346999999999999
2023-12-18 15:00:00,2.3249999999999993
2023-12-18 16:00:00,2.321699999999999
2023-12-18 17:00:00,2.320199999999999
2023-12-18 18:00:00,2.3030999999999993
2023-12-18 19:00:00,2.310199999999999
2023-12-18 20:00:00,2.310099999999999
2023-12-18 21:00:00,2.3070999999999993
2023-12-18 23:00:00,2.3070999999999993
2023-12-19 14:30:00,2.3224999999999993
2023-12-19 15:00:00,2.3371999999999993
2023-12-19 16:00:00,2.3449999999999993
2023-12-19 17:00:00,2.339799999999999
2023-12-19 18:00:00,2.332199999999999
2023-12-19 19:00:00,2.345499999999999
2023-12-19 20:00:00,2.3455999999999992
2023-12-19 21:00:00,2.3453999999999993
2023-12-19 23:00:00,2.3453999999999993
2023-12-20 14:30:00,2.379999999999999
2023-12-20 15:00:00,2.360299999999999
2023-12-20 16:00:00,2.335599999999999
2023-12-20 17:00:00,2.327999999999999
2023-12-20 18:00:00,2.338499999999999
2023-12-20 19:00:00,2.320099999999999
2023-12-20 20:00:00,2.3188999999999993
2023-12-20 21:00:00,2.321299999999999
2023-12-20 23:00:00,2.321299999999999
2023-12-21 14:30:00,2.312499999999999
2023-12-21 15:00:00,2.320699999999999
2023-12-21 16:00:00,2.320099999999999
2023-12-21 17:00:00,2.316399999999999
2023-12-21 18:00:00,2.315899999999999
2023-12-21 19:00:00,2.317899999999999
2023-12-21 20:00:00,2.3173999999999992
2023-12-21 21:00:00,2.3247999999999993
2023-12-21 23:00:00,2.3247999999999993
2023-12-22 14:30:00,2.317999999999999
2023-12-22 15:00:00,2.305799999999999
2023-12-22 16:00:00,2.3032999999999992
2023-12-22 17:00:00,2.314999999999999
2023-12-22 18:00:00,2.297699999999999
2023-12-22 19:00:00,2.2866999999999993
2023-12-22 20:00:00,2.282999999999999
2023-12-22 21:00:00,2.2744999999999993
2023-12-22 23:00:00,2.2744999999999993
2023-12-22 23:00:01,2.2744999999999993
2023-12-26 14:30:00,2.3289999999999993
2023-12-26 15:00:00,2.3233999999999995
2023-12-26 16:00:00,2.3334999999999995
2023-12-26 17:00:00,2.3144999999999993
2023-12-26 18:00:00,2.3180999999999994
2023-12-26 19:00:00,2.2955999999999994
2023-12-26 20:00:00,2.2953999999999994
2023-12-26 21:00:00,2.2927999999999993
2023-12-26 23:00:00,2.2927999999999993
2023-12-27 14:30:00,2.3048999999999995
2023-12-27 15:00:00,2.302199999999999
2023-12-27 16:00:00,2.2785999999999995
2023-12-27 17:00:00,2.2734999999999994
2023-12-27 18:00:00,2.2683999999999993
2023-12-27 19:00:00,2.2625999999999995
2023-12-27 20:00:00,2.2639999999999993
2023-12-27 21:00:00,2.255299999999999
2023-12-27 23:00:00,2.255299999999999
2023-12-28 14:30:00,2.2522999999999995
2023-12-28 15:00:00,2.2504999999999993
2023-12-28 16:00:00,2.243299999999999
2023-12-28 17:00:00,2.2338999999999993
2023-12-28 18:00:00,2.2062999999999993
2023-12-28 19:00:00,2.2057999999999995
2023-12-28 20:00:00,2.2062999999999993
2023-12-28 21:00:00,2.2050999999999994
2023-12-28 23:00:00,2.2050999999999994
2023-12-29 14:30:00,2.2141999999999995
2023-12-29 15:00:00,2.211099999999999
2023-12-29 16:00:00,2.2020999999999993
2023-12-29 17:00:00,2.2046999999999994
2023-12-29 18:00:00,2.2050999999999994
2023-12-29 19:00:00,2.194899999999999
2023-12-29 20:00:00,2.1962999999999995
2023-12-29 21:00:00,2.2147999999999994
2023-12-29 23:00:00,2.2147999999999994
2024-01-02 14:30:00,2.2016999999999993
2024-01-02 15:00:00,2.2076999999999996
2024-01-02 16:00:00,2.2001999999999993
2024-01-02 17:00:00,2.2104999999999992
2024-01-02 18:00:00,2.177399999999999
2024-01-02 19:00:00,2.1894999999999993
2024-01-02 20:00:00,2.1897999999999995
2024-01-02 21:00:00,2.1899999999999995
2024-01-02 23:00:00,2.1899999999999995
2024-01-03 14:30:00,2.2486999999999995
2024-01-03 15:00:00,2.2734999999999994
2024-01-03 16:00:00,2.2522999999999995
2024-01-03 17:00:00,2.2526999999999995
2024-01-03 18:00:00,2.265399999999999
2024-01-03 19:00:00,2.2618999999999994
2024-01-03 20:00:00,2.2656999999999994
2024-01-03 21:00:00,2.257599999999999
2024-01-03 23:00:00,2.257599999999999
2024-01-04 14:30:00,2.2662999999999993
2024-01-04 15:00:00,2.247899999999999
2024-01-04 16:00:00,2.2203999999999993
2024-01-04 17:00:00,2.2364999999999995
2024-01-04 18:00:00,2.245199999999999
2024-01-04 19:00:00,2.2374999999999994
2024-01-04 20:00:00,2.241599999999999
2024-01-04 21:00:00,2.2461999999999995
2024-01-04 23:00:00,2.2461999999999995
2024-01-05 14:30:00,2.2668999999999992
2024-01-05 15:00:00,2.2559999999999993
2024-01-05 16:00:00,2.2670999999999992
2024-01-05 17:00:00,2.253599999999999
2024-01-05 18:00:00,2.2700999999999993
2024-01-05 19:00:00,2.2637999999999994
2024-01-05 20:00:00,2.2647999999999993
2024-01-05 21:00:00,2.2721999999999993
2024-01-05 23:00:00,2.2721999999999993
2024-01-08 14:30:00,2.194699999999999
2024-01-08 15:00:00,2.213199999999999
2024-01-08 16:00:00,2.204799999999999
2024-01-08 17:00:00,2.2054999999999993
2024-01-08 18:00:00,2.2056999999999993
2024-01-08 19:00:00,2.2302999999999993
2024-01-08 20:00:00,2.2298999999999993
2024-01-08 21:00:00,2.231299999999999
2024-01-08 23:00:00,2.231299999999999
2024-01-09 14:30:00,2.2513999999999994
2024-01-09 15:00:00,2.2513999999999994
2024-01-09 16:00:00,2.273999999999999
2024-01-09 17:00:00,2.2788999999999993
2024-01-09 18:00:00,2.2929999999999993
2024-01-09 19:00:00,2.2771999999999992
2024-01-09 20:00:00,2.2755999999999994
2024-01-09 21:00:00,2.2713999999999994
2024-01-09 23:00:00,2.2713999999999994
2024-01-10 14:30:00,2.2987999999999995
2024-01-10 15:00:00,2.2667999999999995
2024-01-10 16:00:00,2.2524999999999995
2024-01-10 17:00:00,2.2277999999999993
2024-01-10 18:00:00,2.2397999999999993
2024-01-10 19:00:00,2.233599999999999
2024-01-10 20:00:00,2.2340999999999993
2024-01-10 21:00:00,2.2362999999999995
2024-01-10 23:00:00,2.2362999999999995
2024-01-11 14:30:00,2.2948999999999993
2024-01-11 15:00:00,2.3065999999999995
2024-01-11 16:00:00,2.302399999999999
2024-01-11 17:00:00,2.285799999999999
2024-01-11 18:00:00,2.2841999999999993
2024-01-11 19:00:00,2.2889999999999993
2024-01-11 20:00:00,2.2848999999999995
2024-01-11 21:00:00,2.3030999999999993
2024-01-11 23:00:00,2.3030999999999993
2024-01-12 14:30:00,2.3430999999999993
2024-01-12 15:00:00,2.322399999999999
2024-01-12 16:00:00,2.306399999999999
2024-01-12 17:00:00,2.293399999999999
2024-01-12 18:00:00,2.3056999999999994
2024-01-12 19:00:00,2.293399999999999
2024-01-12 20:00:00,2.2968999999999995
2024-01-12 21:00:00,2.2974999999999994
2024-01-12 23:00:00,2.2974999999999994
2024-01-16 14:30:00,2.309799999999999
2024-01-16 15:00:00,2.3098999999999994
2024-01-16 16:00:00,2.306199999999999
2024-01-16 17:00:00,2.2831999999999995
2024-01-16 18:00:00,2.2823999999999995
2024-01-16 19:00:00,2.2848999999999995
2024-01-16 20:00:00,2.2827999999999995
2024-01-16 20:00:01,2.2827999999999995
2024-01-16 21:00:00,2.2766999999999995
2024-01-16 23:00:00,2.2766999999999995
2024-01-17 14:30:00,2.2638999999999996
2024-01-17 15:00:00,2.2655999999999996
2024-01-17 16:00:00,2.2590999999999997
2024-01-17 17:00:00,2.2608999999999995
2024-01-17 18:00:00,2.2782999999999998
2024-01-17 19:00:00,2.2935999999999996
2024-01-17 20:00:00,2.2934999999999994
2024-01-17 21:00:00,2.2871999999999995
2024-01-17 23:00:00,2.2871999999999995
2024-01-18 14:30:00,2.2924999999999995
2024-01-18 15:00:00,2.3014999999999994
2024-01-18 16:00:00,2.3165999999999998
2024-01-18 17:00:00,2.3169999999999997
2024-01-18 18:00:00,2.3233999999999995
2024-01-18 19:00:00,2.3187999999999995
2024-01-18 20:00:00,2.3168999999999995
2024-01-18 21:00:00,2.3163999999999993
2024-01-18 23:00:00,2.3163999999999993
2024-01-19 14:30:00,2.3442999999999996
2024-01-19 15:00:00,2.3226999999999998
2024-01-19 16:00:00,2.3157999999999994
2024-01-19 17:00:00,2.3117999999999994
2024-01-19 18:00:00,2.3016999999999994
2024-01-19 19:00:00,2.3118999999999996
2024-01-19 20:00:00,2.3112999999999997
2024-01-19 21:00:00,2.3101999999999996
2024-01-19 23:00:00,2.3101999999999996
2024-01-22 14:30:00,2.3124999999999996
2024-01-22 15:00:00,2.3204999999999996
2024-01-22 16:00:00,2.3294999999999995
2024-01-22 17:00:00,2.3466999999999993
2024-01-22 18:00:00,2.3501999999999996
2024-01-22 19:00:00,2.3416999999999994
2024-01-22 20:00:00,2.3432999999999997
2024-01-22 21:00:00,2.3436999999999997
2024-01-22 23:00:00,2.3436999999999997
2024-01-23 14:30:00,2.3320999999999996
2024-01-23 15:00:00,2.3463999999999996
2024-01-23 16:00:00,2.3458999999999994
2024-01-23 17:00:00,2.3435999999999995
2024-01-23 18:00:00,2.3312999999999997
2024-01-23 19:00:00,2.3334999999999995
2024-01-23 20:00:00,2.3357999999999994
2024-01-23 21:00:00,2.3360999999999996
2024-01-23 23:00:00,2.3360999999999996
2024-01-24 14:30:00,2.3257999999999996
2024-01-24 15:00:00,2.3410999999999995
2024-01-24 16:00:00,2.3597999999999995
2024-01-24 17:00:00,2.3442999999999996
2024-01-24 18:00:00,2.3271999999999995
2024-01-24 19:00:00,2.3327999999999998
2024-01-24 20:00:00,2.3359999999999994
2024-01-24 21:00:00,2.3381999999999996
2024-01-24 23:00:00,2.3381999999999996
2024-01-25 14:30:00,2.3892999999999995
2024-01-25 15:00:00,2.3787999999999996
2024-01-25 16:00:00,2.3959999999999995
2024-01-25 17:00:00,2.4014999999999995
2024-01-25 18:00:00,2.4058999999999995
2024-01-25 19:00:00,2.4181999999999997
2024-01-25 20:00:00,2.4190999999999994
2024-01-25 21:00:00,2.4139999999999997
2024-01-25 23:00:00,2.4139999999999997
2024-01-26 14:30:00,2.4056999999999995
2024-01-26 15:00:00,2.4134999999999995
2024-01-26 16:00:00,2.3847999999999994
2024-01-26 17:00:00,2.3963999999999994
2024-01-26 18:00:00,2.4409999999999994
2024-01-26 19:00:00,2.4570999999999996
2024-01-26 20:00:00,2.4536999999999995
2024-01-26 21:00:00,2.4685999999999995
2024-01-26 23:00:00,2.4685999999999995
2024-01-29 14:30:00,2.4371999999999994
2024-01-29 15:00:00,2.4301999999999997
2024-01-29 16:00:00,2.4311999999999996
2024-01-29 17:00:00,2.4344999999999994
2024-01-29 18:00:00,2.4323999999999995
2024-01-29 19:00:00,2.4395999999999995
2024-01-29 20:00:00,2.4398999999999997
2024-01-29 21:00:00,2.4395
2024-01-29 23:00:00,2.4395
2024-01-30 14:30:00,2.4136999999999995
2024-01-30 15:00:00,2.4285999999999994
2024-01-30 16:00:00,2.4363999999999995
2024-01-30 17:00:00,2.4357999999999995
2024-01-30 18:00:00,2.4365999999999994
2024-01-30 19:00:00,2.4395
2024-01-30 20:00:00,2.4372999999999996
2024-01-30 21:00:00,2.4338999999999995
2024-01-30 23:00:00,2.4338999999999995
2024-01-31 14:30:00,2.4334999999999996
2024-01-31 15:00:00,2.4458999999999995
2024-01-31 16:00:00,2.4336999999999995
2024-01-31 17:00:00,2.4381999999999997
2024-01-31 18:00:00,2.4370999999999996
2024-01-31 19:00:00,2.4264999999999994
2024-01-31 20:00:00,2.4256999999999995
2024-01-31 21:00:00,2.4389999999999996
2024-01-31 23:00:00,2.4389999999999996
2024-02-01 14:30:00,2.4413999999999993
2024-02-01 15:00:00,2.4312999999999994
2024-02-01 16:00:00,2.4377999999999997
2024-02-01 17:00:00,2.3561999999999994
2024-02-01 18:00:00,2.3872999999999998
2024-02-01 19:00:00,2.3841999999999994
2024-02-01 20:00:00,2.3791999999999995
2024-02-01 21:00:00,2.3836999999999997
2024-02-01 23:00:00,2.3836999999999997
2024-02-02 14:30:00,2.3182999999999994
2024-02-02 15:00:00,2.3223999999999996
2024-02-02 16:00:00,2.3108999999999997
2024-02-02 17:00:00,2.3295999999999997
2024-02-02 18:00:00,2.3343999999999996
2024-02-02 19:00:00,2.3265999999999996
2024-02-02 20:00:00,2.3242999999999996
2024-02-02 21:00:00,2.3344999999999994
2024-02-02 23:00:00,2.3344999999999994
2024-02-05 14:30:00,2.3274999999999997
2024-02-05 15:00:00,2.3260999999999994
2024-02-05 16:00:00,2.3358999999999996
2024-02-05 17:00:00,2.3616999999999995
2024-02-05 18:00:00,2.3654999999999995
2024-02-05 19:00:00,2.3756999999999997
2024-02-05 20:00:00,2.3761999999999994
2024-02-05 21:00:00,2.3770999999999995
2024-02-05 23:00:00,2.3770999999999995
2024-02-06 14:30:00,2.3811999999999998
2024-02-06 15:00:00,2.3821999999999997
2024-02-06 16:00:00,2.3971999999999998
2024-02-06 17:00:00,2.3855999999999997
2024-02-06 18:00:00,2.3891999999999998
2024-02-06 19:00:00,2.3978999999999995
2024-02-06 20:00:00,2.3989999999999996
2024-02-06 21:00:00,2.4014999999999995
2024-02-06 23:00:00,2.4014999999999995
2024-02-07 14:30:00,2.4178999999999995
2024-02-07 15:00:00,2.4172999999999996
2024-02-07 16:00:00,2.4238999999999997
2024-02-07 17:00:00,2.4350999999999994
2024-02-07 18:00:00,2.4345999999999997
2024-02-07 19:00:00,2.4429999999999996
2024-02-07 20:00:00,2.4445999999999994
2024-02-07 21:00:00,2.4462999999999995
2024-02-07 23:00:00,2.4462999999999995
2024-02-08 14:30:00,2.4768999999999997
2024-02-08 15:00:00,2.4630999999999994
2024-02-08 16:00:00,2.4887999999999995
2024-02-08 17:00:00,2.4965999999999995
2024-02-08 18:00:00,2.4994999999999994
2024-02-08 19:00:00,2.5082999999999998
2024-02-08 20:00:00,2.5096999999999996
2024-02-08 21:00:00,2.5075999999999996
2024-02-08 23:00:00,2.5075999999999996
2024-02-09 14:30:00,2.5498999999999996
2024-02-09 15:00:00,2.5316999999999994
2024-02-09 16:00:00,2.5554999999999994
2024-02-09 17:00:00,2.5509999999999997
2024-02-09 18:00:00,2.5483999999999996
2024-02-09 19:00:00,2.5419999999999994
2024-02-09 20:00:00,2.5389999999999997
2024-02-09 21:00:00,2.5393999999999997
2024-02-09 23:00:00,2.5393999999999997
2024-02-12 14:30:00,2.5307999999999997
2024-02-12 15:00:00,2.5228999999999995
2024-02-12 16:00:00,2.5228999999999995
2024-02-12 17:00:00,2.5233999999999996
2024-02-12 18:00:00,2.5165999999999995
2024-02-12 19:00:00,2.5302999999999995
2024-02-12 20:00:00,2.5278999999999994
2024-02-12 21:00:00,2.5350999999999995
2024-02-12 23:00:00,2.5350999999999995
2024-02-13 14:30:00,2.5269999999999997
2024-02-13 15:00:00,2.5235999999999996
2024-02-13 16:00:00,2.5405999999999995
2024-02-13 17:00:00,2.5397999999999996
2024-02-13 18:00:00,2.5336999999999996
2024-02-13 19:00:00,2.5230999999999995
2024-02-13 20:00:00,2.5206999999999997
2024-02-13 21:00:00,2.5260999999999996
2024-02-13 23:00:00,2.5260999999999996
2024-02-14 14:30:00,2.5263999999999998
2024-02-14 15:00:00,2.5037999999999996
2024-02-14 16:00:00,2.4830999999999994
2024-02-14 17:00:00,2.4601999999999995
2024-02-14 18:00:00,2.4661999999999997
2024-02-14 19:00:00,2.4560999999999997
2024-02-14 20:00:00,2.4532999999999996
2024-02-14 21:00:00,2.4532999999999996
2024-02-14 23:00:00,2.4532999999999996
2024-02-15 14:30:00,2.4551999999999996
2024-02-15 15:00:00,2.4804999999999997
2024-02-15 16:00:00,2.4956999999999994
2024-02-15 17:00:00,2.4840999999999998
2024-02-15 18:00:00,2.4747999999999997
2024-02-15 19:00:00,2.4697999999999998
2024-02-15 20:00:00,2.4675999999999996
2024-02-15 21:00:00,2.4619999999999997
2024-02-15 23:00:00,2.4619999999999997
2024-02-16 14:30:00,2.4211999999999994
2024-02-16 15:00:00,2.4419999999999997
2024-02-16 16:00:00,2.4375999999999998
2024-02-16 17:00:00,2.4472999999999994
2024-02-16 18:00:00,2.4492999999999996
2024-02-16 19:00:00,2.4599999999999995
2024-02-16 20:00:00,2.4591999999999996
2024-02-16 20:00:01,2.4591999999999996
2024-02-16 21:00:00,2.4577999999999998
2024-02-16 23:00:00,2.4577999999999998
2024-02-20 14:30:00,2.4298999999999995
2024-02-20 15:00:00,2.4057999999999997
2024-02-20 16:00:00,2.4132999999999996
2024-02-20 17:00:00,2.4107
2024-02-20 18:00:00,2.4094999999999995
2024-02-20 19:00:00,2.4048
2024-02-20 20:00:00,2.4041999999999994
2024-02-20 21:00:00,2.4025
2024-02-20 23:00:00,2.4025
2024-02-21 14:30:00,2.3951
2024-02-21 15:00:00,2.4006
2024-02-21 16:00:00,2.3949
2024-02-21 17:00:00,2.3907999999999996
2024-02-21 18:00:00,2.3900999999999994
2024-02-21 19:00:00,2.3985
2024-02-21 20:00:00,2.3945
2024-02-21 21:00:00,2.405
2024-02-21 23:00:00,2.405
2024-02-22 14:30:00,2.3785
2024-02-22 15:00:00,2.3901999999999997
2024-02-22 16:00:00,2.4147
2024-02-22 17:00:00,2.4153999999999995
2024-02-22 18:00:00,2.4119999999999995
2024-02-22 19:00:00,2.425
2024-02-22 20:00:00,2.4244999999999997
2024-02-22 21:00:00,2.4234999999999998
2024-02-22 23:00:00,2.4234999999999998
2024-02-23 14:30:00,2.3842999999999996
2024-02-23 15:00:00,2.3871999999999995
2024-02-23 16:00:00,2.3722999999999996
2024-02-23 17:00:00,2.3632999999999997
2024-02-23 18:00:00,2.3779999999999997
2024-02-23 19:00:00,2.3745999999999996
2024-02-23 20:00:00,2.3741
2024-02-23 21:00:00,2.3750999999999998
2024-02-23 23:00:00,2.3750999999999998
2024-02-26 14:30:00,2.4166999999999996
2024-02-26 15:00:00,2.4057999999999997
2024-02-26 16:00:00,2.4081999999999995
2024-02-26 17:00:00,2.4317999999999995
2024-02-26 18:00:00,2.4305999999999996
2024-02-26 19:00:00,2.4313
2024-02-26 20:00:00,2.4311999999999996
2024-02-26 21:00:00,2.4320999999999997
2024-02-26 23:00:00,2.4320999999999997
2024-02-27 14:30:00,2.4395
2024-02-27 15:00:00,2.4377999999999997
2024-02-27 16:00:00,2.4389
2024-02-27 17:00:00,2.4319999999999995
2024-02-27 18:00:00,2.4401999999999995
2024-02-27 19:00:00,2.4303999999999997
2024-02-27 20:00:00,2.4283999999999994
2024-02-27 21:00:00,2.4194999999999998
2024-02-27 23:00:00,2.4194999999999998
2024-02-28 14:30:00,2.4256999999999995
2024-02-28 15:00:00,2.3968
2024-02-28 16:00:00,2.3775999999999997
2024-02-28 17:00:00,2.3872999999999998
2024-02-28 18:00:00,2.3722
2024-02-28 19:00:00,2.3800999999999997
2024-02-28 20:00:00,2.3796999999999997
2024-02-28 21:00:00,2.3787999999999996
2024-02-28 23:00:00,2.3787999999999996
2024-02-29 14:30:00,2.3743
2024-02-29 15:00:00,2.3873999999999995
2024-02-29 16:00:00,2.4206999999999996
2024-02-29 17:00:00,2.4002999999999997
2024-02-29 18:00:00,2.4097999999999997
2024-02-29 19:00:00,2.3966999999999996
2024-02-29 20:00:00,2.3943
2024-02-29 21:00:00,2.3989
2024-02-29 23:00:00,2.3989
2024-03-01 14:30:00,2.429
2024-03-01 15:00:00,2.4438999999999997
2024-03-01 16:00:00,2.4523999999999995
2024-03-01 17:00:00,2.4404999999999997
2024-03-01 18:00:00,2.4364999999999997
2024-03-01 19:00:00,2.4372
2024-03-01 20:00:00,2.4374999999999996
2024-03-01 21:00:00,2.4351999999999996
2024-03-01 23:00:00,2.4351999999999996
2024-03-04 14:30:00,2.4128999999999996
2024-03-04 15:00:00,2.4071999999999996
2024-03-04 16:00:00,2.3962999999999997
2024-03-04 17:00:00,2.3926999999999996
2024-03-04 18:00:00,2.3932999999999995
2024-03-04 19:00:00,2.4004
2024-03-04 20:00:00,2.3985999999999996
2024-03-04 21:00:00,2.4014999999999995
2024-03-04 23:00:00,2.4014999999999995
2024-03-05 14:30:00,2.3936999999999995
2024-03-05 15:00:00,2.3980999999999995
2024-03-05 16:00:00,2.3789999999999996
2024-03-05 17:00:00,2.3764999999999996
2024-03-05 18:00:00,2.3656999999999995
2024-03-05 19:00:00,2.3663999999999996
2024-03-05 20:00:00,2.3678999999999997
2024-03-05 21:00:00,2.3661999999999996
2024-03-05 23:00:00,2.3661999999999996
2024-03-06 14:30:00,2.3951999999999996
2024-03-06 15:00:00,2.4277999999999995
2024-03-06 16:00:00,2.4212999999999996
2024-03-06 17:00:00,2.4254
2024-03-06 18:00:00,2.4195999999999995
2024-03-06 19:00:00,2.4107999999999996
2024-03-06 20:00:00,2.4100999999999995
2024-03-06 21:00:00,2.4097999999999997
2024-03-06 23:00:00,2.4097999999999997
2024-03-07 14:30:00,2.4019999999999997
2024-03-07 15:00:00,2.4267999999999996
2024-03-07 16:00:00,2.4326
2024-03-07 17:00:00,2.4475999999999996
2024-03-07 18:00:00,2.4440999999999997
2024-03-07 19:00:00,2.4286
2024-03-07 20:00:00,2.4292
2024-03-07 21:00:00,2.4387
2024-03-07 23:00:00,2.4387
2024-03-08 14:30:00,2.4008
2024-03-08 15:00:00,2.3968999999999996
2024-03-08 16:00:00,2.3981999999999997
2024-03-08 17:00:00,2.393
2024-03-08 18:00:00,2.3890999999999996
2024-03-08 19:00:00,2.3903999999999996
2024-03-08 20:00:00,2.3901999999999997
2024-03-08 21:00:00,2.3840999999999997
2024-03-08 23:00:00,2.3840999999999997
2024-03-11 13:30:00,2.3735999999999997
2024-03-11 14:00:00,2.3739999999999997
2024-03-11 15:00:00,2.4019999999999997
2024-03-11 16:00:00,2.4084
2024-03-11 17:00:00,2.4113999999999995
2024-03-11 18:00:00,2.4198999999999997
2024-03-11 19:00:00,2.4134999999999995
2024-03-11 20:00:00,2.4128999999999996
2024-03-11 23:00:00,2.4137999999999997
2024-03-12 13:30:00,2.4040999999999997
2024-03-12 14:00:00,2.4140999999999995
2024-03-12 15:00:00,2.4113999999999995
2024-03-12 16:00:00,2.4088999999999996
2024-03-12 17:00:00,2.4040999999999997
2024-03-12 18:00:00,2.3964999999999996
2024-03-12 19:00:00,2.4019999999999997
2024-03-12 20:00:00,2.401
2024-03-12 23:00:00,2.4093999999999998
2024-03-13 13:30:00,2.4645999999999995
2024-03-13 14:00:00,2.4473999999999996
2024-03-13 15:00:00,2.449
2024-03-13 16:00:00,2.4547999999999996
2024-03-13 17:00:00,2.465
2024-03-13 18:00:00,2.4724999999999997
2024-03-13 19:00:00,2.4717
2024-03-13 20:00:00,2.4707999999999997
2024-03-13 23:00:00,2.4700999999999995
2024-03-14 13:30:00,2.4882999999999997
2024-03-14 14:00:00,2.5001999999999995
2024-03-14 15:00:00,2.4900999999999995
2024-03-14 16:00:00,2.5021999999999998
2024-03-14 17:00:00,2.5018
2024-03-14 18:00:00,2.5007999999999995
2024-03-14 19:00:00,2.4987999999999997
2024-03-14 20:00:00,2.4989999999999997
2024-03-14 23:00:00,2.4961999999999995
2024-03-15 13:30:00,2.4765999999999995
2024-03-15 14:00:00,2.5105999999999997
2024-03-15 15:00:00,2.5096
2024-03-15 16:00:00,2.5170999999999997
2024-03-15 17:00:00,2.5047999999999995
2024-03-15 18:00:00,2.5088999999999997
2024-03-15 19:00:00,2.5088999999999997
2024-03-15 20:00:00,2.5098
2024-03-15 23:00:00,2.5066999999999995
2024-03-18 13:30:00,2.5447999999999995
2024-03-18 14:00:00,2.5401999999999996
2024-03-18 15:00:00,2.5574999999999997
2024-03-18 16:00:00,2.5616999999999996
2024-03-18 17:00:00,2.5723
2024-03-18 18:00:00,2.5708999999999995
2024-03-18 19:00:00,2.5693999999999995
2024-03-18 20:00:00,2.5702999999999996
2024-03-18 23:00:00,2.5635999999999997
2024-03-19 13:30:00,2.5550999999999995
2024-03-19 14:00:00,2.5565999999999995
2024-03-19 15:00:00,2.5540999999999996
2024-03-19 16:00:00,2.5616
2024-03-19 17:00:00,2.5601
2024-03-19 18:00:00,2.5557999999999996
2024-03-19 19:00:00,2.5563999999999996
2024-03-19 20:00:00,2.5573999999999995
2024-03-19 23:00:00,2.5486999999999997
2024-03-20 13:30:00,2.5012999999999996
2024-03-20 14:00:00,2.4978999999999996
2024-03-20 15:00:00,2.4915999999999996
2024-03-20 16:00:00,2.4930999999999996
2024-03-20 17:00:00,2.4929999999999994
2024-03-20 18:00:00,2.4972
2024-03-20 19:00:00,2.4987999999999997
2024-03-20 20:00:00,2.4991999999999996
2024-03-20 23:00:00,2.4974999999999996
2024-03-21 13:30:00,2.4746999999999995
2024-03-21 14:00:00,2.4503999999999997
2024-03-21 15:00:00,2.4582999999999995
2024-03-21 16:00:00,2.4673
2024-03-21 17:00:00,2.4751
2024-03-21 18:00:00,2.4751
2024-03-21 19:00:00,2.4738999999999995
2024-03-21 20:00:00,2.4727999999999994
2024-03-21 23:00:00,2.469
2024-03-22 13:30:00,2.4747999999999997
2024-03-22 14:00:00,2.473
2024-03-22 15:00:00,2.4713999999999996
2024-03-22 16:00:00,2.4602999999999997
2024-03-22 17:00:00,2.4659999999999997
2024-03-22 18:00:00,2.4623999999999997
2024-03-22 19:00:00,2.4652
2024-03-22 20:00:00,2.4654
2024-03-22 23:00:00,2.465
2024-03-25 13:30:00,2.4926999999999997
2024-03-25 14:00:00,2.5016
2024-03-25 15:00:00,2.4835999999999996
2024-03-25 16:00:00,2.4740999999999995
2024-03-25 17:00:00,2.4791
2024-03-25 18:00:00,2.4940999999999995
2024-03-25 19:00:00,2.4911999999999996
2024-03-25 20:00:00,2.4905999999999997
2024-03-25 20:00:01,2.4905999999999997
2024-03-25 23:00:00,2.4916
2024-03-26 13:30:00,2.4778
2024-03-26 14:00:00,2.4587
2024-03-26 15:00:00,2.4632
2024-03-26 16:00:00,2.4612
2024-03-26 17:00:00,2.4572
2024-03-26 18:00:00,2.4493
2024-03-26 19:00:00,2.4488
2024-03-26 20:00:00,2.4488
2024-03-26 23:00:00,2.4442
2024-03-27 13:30:00,2.4387
2024-03-27 14:00:00,2.4434
2024-03-27 15:00:00,2.4476999999999998
2024-03-27 16:00:00,2.4402
2024-03-27 17:00:00,2.4472
2024-03-27 18:00:00,2.4478999999999997
2024-03-27 19:00:00,2.4476999999999998
2024-03-27 20:00:00,2.4472
2024-03-27 23:00:00,2.4512
2024-03-28 13:30:00,2.4545999999999997
2024-03-28 14:00:00,2.4718
2024-03-28 15:00:00,2.4634
2024-03-28 16:00:00,2.4642999999999997
2024-03-28 17:00:00,2.4677
2024-03-28 18:00:00,2.4640999999999997
2024-03-28 19:00:00,2.4635
2024-03-28 20:00:00,2.464
2024-03-28 23:00:00,2.4642999999999997
2024-04-01 14:30:00,2.4551
2024-04-01 15:00:00,2.4695
2024-04-01 16:00:00,2.4753
2024-04-01 17:00:00,2.4823
2024-04-01 18:00:00,2.4783
2024-04-01 19:00:00,2.4792
2024-04-01 20:00:00,2.4787999999999997
2024-04-01 21:00:00,2.4851
2024-04-01 23:00:00,2.4851
2024-04-02 14:30:00,2.5122999999999998
2024-04-02 15:00:00,2.5246
2024-04-02 16:00:00,2.5361
2024-04-02 17:00:00,2.5290999999999997
2024-04-02 18:00:00,2.5427
2024-04-02 19:00:00,2.5549999999999997
2024-04-02 20:00:00,2.5537
2024-04-02 21:00:00,2.5646
2024-04-02 23:00:00,2.5646
2024-04-03 14:30:00,2.596
2024-04-03 15:00:00,2.5859
2024-04-03 16:00:00,2.5824
2024-04-03 17:00:00,2.5806
2024-04-03 18:00:00,2.5719
2024-04-03 19:00:00,2.5707
2024-04-03 20:00:00,2.5722
2024-04-03 21:00:00,2.5744
2024-04-03 23:00:00,2.5744
2024-04-04 14:30:00,2.5619
2024-04-04 15:00:00,2.5545999999999998
2024-04-04 16:00:00,2.5462
2024-04-04 17:00:00,2.5505999999999998
2024-04-04 18:00:00,2.5718
2024-04-04 19:00:00,2.5902
2024-04-04 20:00:00,2.5882
2024-04-04 21:00:00,2.5949999999999998
2024-04-04 23:00:00,2.5949999999999998
2024-04-05 14:30:00,2.594
2024-04-05 15:00:00,2.6050999999999997
2024-04-05 16:00:00,2.6109
2024-04-05 17:00:00,2.6178999999999997
2024-04-05 18:00:00,2.62
2024-04-05 19:00:00,2.5913999999999997
2024-04-05 20:00:00,2.5901
2024-04-05 21:00:00,2.5888
2024-04-05 23:00:00,2.5888
2024-04-08 14:30:00,2.5667999999999997
2024-04-08 15:00:00,2.5597
2024-04-08 16:00:00,2.5398
2024-04-08 17:00:00,2.5629
2024-04-08 18:00:00,2.5615
2024-04-08 19:00:00,2.5699
2024-04-08 20:00:00,2.5699
2024-04-08 21:00:00,2.5688
2024-04-08 23:00:00,2.5688
2024-04-09 14:30:00,2.5618
2024-04-09 15:00:00,2.5403
2024-04-09 16:00:00,2.5366
2024-04-09 17:00:00,2.5244
2024-04-09 18:00:00,2.5275
2024-04-09 19:00:00,2.5279
2024-04-09 20:00:00,2.5263
2024-04-09 21:00:00,2.5244999999999997
2024-04-09 23:00:00,2.5244999999999997
2024-04-10 14:30:00,2.5425
2024-04-10 15:00:00,2.5185
2024-04-10 16:00:00,2.5246999999999997
2024-04-10 17:00:00,2.5201
2024-04-10 18:00:00,2.5456
2024-04-10 19:00:00,2.5532999999999997
2024-04-10 20:00:00,2.5596
2024-04-10 21:00:00,2.5608
2024-04-10 23:00:00,2.5608
2024-04-11 14:30:00,2.5234
2024-04-11 15:00:00,2.5164
2024-04-11 16:00:00,2.516
2024-04-11 17:00:00,2.5158
2024-04-11 18:00:00,2.5141999999999998
2024-04-11 19:00:00,2.5218
2024-04-11 20:00:00,2.5210999999999997
2024-04-11 21:00:00,2.5257
2024-04-11 23:00:00,2.5257
2024-04-12 14:30:00,2.5699
2024-04-12 15:00:00,2.5721
2024-04-12 16:00:00,2.5587
2024-04-12 17:00:00,2.5437
2024-04-12 18:00:00,2.5444
2024-04-12 19:00:00,2.5355
2024-04-12 20:00:00,2.5362
2024-04-12 21:00:00,2.5332
2024-04-12 23:00:00,2.5332
2024-04-15 14:30:00,2.4959
2024-04-15 15:00:00,2.5023
2024-04-15 16:00:00,2.4945999999999997
2024-04-15 17:00:00,2.4934
2024-04-15 18:00:00,2.5086999999999997
2024-04-15 19:00:00,2.5192
2024-04-15 20:00:00,2.5231
2024-04-15 21:00:00,2.518
2024-04-15 23:00:00,2.518
2024-04-16 14:30:00,2.5025999999999997
2024-04-16 15:00:00,2.512
2024-04-16 16:00:00,2.5135
2024-04-16 17:00:00,2.5194
2024-04-16 18:00:00,2.5137
2024-04-16 19:00:00,2.5178
2024-04-16 20:00:00,2.5172
2024-04-16 21:00:00,2.5147999999999997
2024-04-16 23:00:00,2.5147999999999997
2024-04-17 14:30:00,2.4907999999999997
2024-04-17 15:00:00,2.4985999999999997
2024-04-17 16:00:00,2.4567
2024-04-17 17:00:00,2.4452
2024-04-17 18:00:00,2.4432
2024-04-17 19:00:00,2.433
2024-04-17 20:00:00,2.4345
2024-04-17 21:00:00,2.4417
2024-04-17 23:00:00,2.4417
2024-04-18 14:30:00,2.4217999999999997
2024-04-18 15:00:00,2.4055
2024-04-18 16:00:00,2.4071
2024-04-18 17:00:00,2.4192
2024-04-18 18:00:00,2.4066
2024-04-18 19:00:00,2.4057999999999997
2024-04-18 20:00:00,2.4052
2024-04-18 21:00:00,2.4002
2024-04-18 23:00:00,2.4002
2024-04-19 14:30:00,2.4097
2024-04-19 15:00:00,2.4257999999999997
2024-04-19 16:00:00,2.4149
2024-04-19 17:00:00,2.4276
2024-04-19 18:00:00,2.4224
2024-04-19 19:00:00,2.4149
2024-04-19 20:00:00,2.4139999999999997
2024-04-19 21:00:00,2.4131
2024-04-19 23:00:00,2.4131
2024-04-22 14:30:00,2.4048
2024-04-22 15:00:00,2.4158999999999997
2024-04-22 16:00:00,2.4244
2024-04-22 17:00:00,2.4236999999999997
2024-04-22 18:00:00,2.4193
2024-04-22 19:00:00,2.4297
2024-04-22 20:00:00,2.4299
2024-04-22 21:00:00,2.4324
2024-04-22 23:00:00,2.4324
2024-04-23 14:30:00,2.4173
2024-04-23 15:00:00,2.4187
2024-04-23 16:00:00,2.4387
2024-04-23 17:00:00,2.4476999999999998
2024-04-23 18:00:00,2.4466
2024-04-23 19:00:00,2.4428
2024-04-23 20:00:00,2.4438999999999997
2024-04-23 21:00:00,2.4404
2024-04-23 23:00:00,2.4404
2024-04-24 14:30:00,2.4278999999999997
2024-04-24 15:00:00,2.4112
2024-04-24 16:00:00,2.4234
2024-04-24 17:00:00,2.4143
2024-04-24 18:00:00,2.4111
2024-04-24 19:00:00,2.4206
2024-04-24 20:00:00,2.4217
2024-04-24 20:00:01,2.4217
2024-04-24 21:00:00,2.422
2024-04-24 23:00:00,2.422
2024-04-25 14:30:00,2.4045
2024-04-25 15:00:00,2.3937
2024-04-25 16:00:00,2.4018
2024-04-25 17:00:00,2.3974
2024-04-25 18:00:00,2.4081
2024-04-25 19:00:00,2.427
2024-04-25 20:00:00,2.4254000000000002
2024-04-25 21:00:00,2.4294000000000002
2024-04-25 23:00:00,2.4294000000000002
2024-04-26 14:30:00,2.4459
2024-04-26 15:00:00,2.4263000000000003
2024-04-26 16:00:00,2.4379
2024-04-26 17:00:00,2.4349000000000003
2024-04-26 18:00:00,2.4265000000000003
2024-04-26 19:00:00,2.4222
2024-04-26 20:00:00,2.4223000000000003
2024-04-26 21:00:00,2.4258
2024-04-26 23:00:00,2.4258
2024-04-29 14:30:00,2.4361
2024-04-29 15:00:00,2.4147000000000003
2024-04-29 16:00:00,2.4317
2024-04-29 17:00:00,2.4286000000000003
2024-04-29 18:00:00,2.4092000000000002
2024-04-29 19:00:00,2.4133
2024-04-29 20:00:00,2.4129
2024-04-29 21:00:00,2.4131
2024-04-29 23:00:00,2.4131
2024-04-30 14:30:00,2.3688000000000002
2024-04-30 15:00:00,2.3739000000000003
2024-04-30 16:00:00,2.3793
2024-04-30 17:00:00,2.3779000000000003
2024-04-30 18:00:00,2.3872
2024-04-30 19:00:00,2.3864
2024-04-30 20:00:00,2.3854
2024-04-30 21:00:00,2.3854
2024-04-30 23:00:00,2.3854
2024-05-01 14:30:00,2.3837
2024-05-01 15:00:00,2.3483
2024-05-01 16:00:00,2.3204000000000002
2024-05-01 17:00:00,2.3215000000000003
2024-05-01 18:00:00,2.3241
2024-05-01 19:00:00,2.3308
2024-05-01 20:00:00,2.3320000000000003
2024-05-01 21:00:00,2.3261000000000003
2024-05-01 23:00:00,2.3261000000000003
2024-05-02 14:30:00,2.3098
2024-05-02 15:00:00,2.3052
2024-05-02 16:00:00,2.3012
2024-05-02 17:00:00,2.3098
2024-05-02 18:00:00,2.3094
2024-05-02 19:00:00,2.3198000000000003
2024-05-02 20:00:00,2.3161
2024-05-02 21:00:00,2.3207
2024-05-02 23:00:00,2.3207
2024-05-03 14:30:00,2.3093000000000004
2024-05-03 15:00:00,2.309
2024-05-03 16:00:00,2.3157
2024-05-03 17:00:00,2.3217000000000003
2024-05-03 18:00:00,2.318
2024-05-03 19:00:00,2.3104
2024-05-03 20:00:00,2.3088
2024-05-03 21:00:00,2.3115
2024-05-03 23:00:00,2.3115
2024-05-06 14:30:00,2.3306
2024-05-06 15:00:00,2.3307
2024-05-06 16:00:00,2.3351
2024-05-06 17:00:00,2.3288
2024-05-06 18:00:00,2.326
2024-05-06 19:00:00,2.3373
2024-05-06 20:00:00,2.3381000000000003
2024-05-06 21:00:00,2.3371
2024-05-06 23:00:00,2.3371
2024-05-07 14:30:00,2.3173000000000004
2024-05-07 15:00:00,2.3240000000000003
2024-05-07 16:00:00,2.3345000000000002
2024-05-07 17:00:00,2.341
2024-05-07 18:00:00,2.3433
2024-05-07 19:00:00,2.3378
2024-05-07 20:00:00,2.3373
2024-05-07 21:00:00,2.3307
2024-05-07 23:00:00,2.3307
2024-05-08 14:30:00,2.3252
2024-05-08 15:00:00,2.3346
2024-05-08 16:00:00,2.3483
2024-05-08 17:00:00,2.3396000000000003
2024-05-08 18:00:00,2.3371
2024-05-08 19:00:00,2.3456
2024-05-08 20:00:00,2.3471
2024-05-08 21:00:00,2.3528000000000002
2024-05-08 23:00:00,2.3528000000000002
2024-05-09 14:30:00,2.3568000000000002
2024-05-09 15:00:00,2.3486000000000002
2024-05-09 16:00:00,2.3402000000000003
2024-05-09 17:00:00,2.3407
2024-05-09 18:00:00,2.3433
2024-05-09 19:00:00,2.3501000000000003
2024-05-09 20:00:00,2.3504
2024-05-09 21:00:00,2.3520000000000003
2024-05-09 23:00:00,2.3520000000000003
2024-05-10 14:30:00,2.3403
2024-05-10 15:00:00,2.3322000000000003
2024-05-10 16:00:00,2.3264
2024-05-10 17:00:00,2.3204000000000002
2024-05-10 18:00:00,2.3139000000000003
2024-05-10 19:00:00,2.307
2024-05-10 20:00:00,2.3073
2024-05-10 21:00:00,2.3075
2024-05-10 23:00:00,2.3075
2024-05-13 14:30:00,2.3294
2024-05-13 15:00:00,2.3252
2024-05-13 16:00:00,2.3216
2024-05-13 17:00:00,2.3139000000000003
2024-05-13 18:00:00,2.3157
2024-05-13 19:00:00,2.317
2024-05-13 20:00:00,2.3167
2024-05-13 21:00:00,2.3161
2024-05-13 23:00:00,2.3161
2024-05-14 14:30:00,2.31
2024-05-14 15:00:00,2.2921
2024-05-14 16:00:00,2.2852
2024-05-14 17:00:00,2.2914000000000003
2024-05-14 18:00:00,2.289
2024-05-14 19:00:00,2.2946
2024-05-14 20:00:00,2.2956000000000003
2024-05-14 21:00:00,2.3025
2024-05-14 23:00:00,2.3025
2024-05-15 14:30:00,2.2615000000000003
2024-05-15 15:00:00,2.2803
2024-05-15 16:00:00,2.2957
2024-05-15 17:00:00,2.2948
2024-05-15 18:00:00,2.2994000000000003
2024-05-15 19:00:00,2.3008
2024-05-15 20:00:00,2.301
2024-05-15 21:00:00,2.3034000000000003
2024-05-15 23:00:00,2.3034000000000003
2024-05-16 14:30:00,2.3217000000000003
2024-05-16 15:00:00,2.3154000000000003
2024-05-16 16:00:00,2.3152
2024-05-16 17:00:00,2.3106
2024-05-16 18:00:00,2.3189
2024-05-16 19:00:00,2.323
2024-05-16 20:00:00,2.3233
2024-05-16 21:00:00,2.3262
2024-05-16 23:00:00,2.3262
2024-05-17 14:30:00,2.3432
2024-05-17 15:00:00,2.3437
2024-05-17 16:00:00,2.3503000000000003
2024-05-17 17:00:00,2.3531
2024-05-17 18:00:00,2.3568000000000002
2024-05-17 19:00:00,2.3589
2024-05-17 20:00:00,2.3583000000000003
2024-05-17 21:00:00,2.361
2024-05-17 23:00:00,2.361
2024-05-20 14:30:00,2.3599
2024-05-20 15:00:00,2.3612
2024-05-20 16:00:00,2.3606000000000003
2024-05-20 17:00:00,2.3574
2024-05-20 18:00:00,2.3538
2024-05-20 19:00:00,2.3598000000000003
2024-05-20 20:00:00,2.3583000000000003
2024-05-20 21:00:00,2.3538
2024-05-20 23:00:00,2.3538
2024-05-21 14:30:00,2.331
2024-05-21 15:00:00,2.3483
2024-05-21 16:00:00,2.331
2024-05-21 17:00:00,2.3377000000000003
2024-05-21 18:00:00,2.3389
2024-05-21 19:00:00,2.3402000000000003
2024-05-21 20:00:00,2.3388
2024-05-21 21:00:00,2.3339000000000003
2024-05-21 23:00:00,2.3339000000000003
2024-05-22 14:30:00,2.3133000000000004
2024-05-22 15:00:00,2.3161
2024-05-22 16:00:00,2.3047
2024-05-22 17:00:00,2.3144
2024-05-22 18:00:00,2.3036000000000003
2024-05-22 19:00:00,2.2985
2024-05-22 20:00:00,2.2976
2024-05-22 21:00:00,2.2988
2024-05-22 23:00:00,2.2988
2024-05-23 14:30:00,2.3325
2024-05-23 15:00:00,2.3136
2024-05-23 16:00:00,2.3005
2024-05-23 17:00:00,2.2944
2024-05-23 18:00:00,2.2817000000000003
2024-05-23 19:00:00,2.2855000000000003
2024-05-23 20:00:00,2.2843
2024-05-23 21:00:00,2.2905
2024-05-23 23:00:00,2.2905
2024-05-24 14:30:00,2.2951
2024-05-24 15:00:00,2.2959
2024-05-24 16:00:00,2.3008
2024-05-24 17:00:00,2.293
2024-05-24 18:00:00,2.2929
2024-05-24 19:00:00,2.2907
2024-05-24 20:00:00,2.291
2024-05-24 21:00:00,2.2901000000000002
2024-05-24 23:00:00,2.2901000000000002
2024-05-28 14:30:00,2.3384
2024-05-28 15:00:00,2.3439
2024-05-28 16:00:00,2.3489
2024-05-28 17:00:00,2.3468
2024-05-28 18:00:00,2.3411
2024-05-28 19:00:00,2.3520000000000003
2024-05-28 20:00:00,2.3515
2024-05-28 20:00:01,2.3515
2024-05-28 21:00:00,2.3543000000000003
2024-05-28 23:00:00,2.3543000000000003
2024-05-29 14:30:00,2.3339000000000003
2024-05-29 15:00:00,2.3252
2024-05-29 16:00:00,2.3201
2024-05-29 17:00:00,2.3202000000000003
2024-05-29 18:00:00,2.3218
2024-05-29 19:00:00,2.3141000000000003
2024-05-29 20:00:00,2.3136
2024-05-29 21:00:00,2.3164000000000002
2024-05-29 23:00:00,2.3164000000000002
2024-05-30 14:30:00,2.3148000000000004
2024-05-30 15:00:00,2.3038000000000003
2024-05-30 16:00:00,2.2842000000000002
2024-05-30 17:00:00,2.2714000000000003
2024-05-30 18:00:00,2.2617000000000003
2024-05-30 19:00:00,2.2643000000000004
2024-05-30 20:00:00,2.2647000000000004
2024-05-30 21:00:00,2.2585
2024-05-30 23:00:00,2.2585
2024-05-31 14:30:00,2.2657000000000003
2024-05-31 15:00:00,2.2521000000000004
2024-05-31 16:00:00,2.245
2024-05-31 17:00:00,2.2564
2024-05-31 18:00:00,2.2498
2024-05-31 19:00:00,2.2521000000000004
2024-05-31 20:00:00,2.2491000000000003
2024-05-31 21:00:00,2.2557
2024-05-31 23:00:00,2.2557
2024-06-03 14:30:00,2.1988000000000003
2024-06-03 15:00:00,2.1896000000000004
2024-06-03 16:00:00,2.1773000000000002
2024-06-03 17:00:00,2.1750000000000003
2024-06-03 18:00:00,2.1726
2024-06-03 19:00:00,2.1725000000000003
2024-06-03 20:00:00,2.1686
2024-06-03 21:00:00,2.1661
2024-06-03 23:00:00,2.1661
2024-06-04 14:30:00,2.1358
2024-06-04 15:00:00,2.1474
2024-06-04 16:00:00,2.1545
2024-06-04 17:00:00,2.1543
2024-06-04 18:00:00,2.1661
2024-06-04 19:00:00,2.1597000000000004
2024-06-04 20:00:00,2.1582000000000003
2024-06-04 21:00:00,2.1507
2024-06-04 23:00:00,2.1507
2024-06-05 14:30:00,2.1742000000000004
2024-06-05 15:00:00,2.1616000000000004
2024-06-05 16:00:00,2.1648
2024-06-05 17:00:00,2.1697
2024-06-05 18:00:00,2.1719000000000004
2024-06-05 19:00:00,2.1709
2024-06-05 20:00:00,2.1712000000000002
2024-06-05 21:00:00,2.1755000000000004
2024-06-05 23:00:00,2.1755000000000004
2024-06-06 14:30:00,2.184
2024-06-06 15:00:00,2.1886
2024-06-06 16:00:00,2.2187
2024-06-06 17:00:00,2.2153
2024-06-06 18:00:00,2.2221
2024-06-06 19:00:00,2.2215000000000003
2024-06-06 20:00:00,2.2208
2024-06-06 21:00:00,2.2230000000000003
2024-06-06 23:00:00,2.2230000000000003
2024-06-07 14:30:00,2.2225
2024-06-07 15:00:00,2.2223
2024-06-07 16:00:00,2.2118
2024-06-07 17:00:00,2.217
2024-06-07 18:00:00,2.2145
2024-06-07 19:00:00,2.2144000000000004
2024-06-07 20:00:00,2.2141
2024-06-07 21:00:00,2.2208
2024-06-07 23:00:00,2.2208
2024-06-10 14:30:00,2.2420000000000004
2024-06-10 15:00:00,2.2422000000000004
2024-06-10 16:00:00,2.2669
2024-06-10 17:00:00,2.2673
2024-06-10 18:00:00,2.2696
2024-06-10 19:00:00,2.2756000000000003
2024-06-10 20:00:00,2.2755
2024-06-10 21:00:00,2.2833
2024-06-10 23:00:00,2.2833
2024-06-11 14:30:00,2.2703
2024-06-11 15:00:00,2.2743
2024-06-11 16:00:00,2.2928
2024-06-11 17:00:00,2.2973000000000003
2024-06-11 18:00:00,2.289
2024-06-11 19:00:00,2.2843000000000004
2024-06-11 20:00:00,2.2828000000000004
2024-06-11 21:00:00,2.2922000000000002
2024-06-11 23:00:00,2.2922000000000002
2024-06-12 14:30:00,2.3213000000000004
2024-06-12 15:00:00,2.2966
2024-06-12 16:00:00,2.2936
2024-06-12 17:00:00,2.3074000000000003
2024-06-12 18:00:00,2.3084000000000002
2024-06-12 19:00:00,2.2965000000000004
2024-06-12 20:00:00,2.2948000000000004
2024-06-12 21:00:00,2.2953
2024-06-12 23:00:00,2.2953
2024-06-13 14:30:00,2.3228000000000004
2024-06-13 15:00:00,2.3326000000000002
2024-06-13 16:00:00,2.3215000000000003
2024-06-13 17:00:00,2.3335000000000004
2024-06-13 18:00:00,2.334
2024-06-13 19:00:00,2.3349
2024-06-13 20:00:00,2.334
2024-06-13 21:00:00,2.3334
2024-06-13 23:00:00,2.3334
2024-06-14 14:30:00,2.3750000000000004
2024-06-14 15:00:00,2.341
2024-06-14 16:00:00,2.3335000000000004
2024-06-14 17:00:00,2.3368
2024-06-14 18:00:00,2.3313
2024-06-14 19:00:00,2.3286000000000002
2024-06-14 20:00:00,2.3251000000000004
2024-06-14 21:00:00,2.3263000000000003
2024-06-14 23:00:00,2.3263000000000003
2024-06-17 14:30:00,2.3447
2024-06-17 15:00:00,2.3400000000000003
2024-06-17 16:00:00,2.3315
2024-06-17 17:00:00,2.3409000000000004
2024-06-17 18:00:00,2.3406000000000002
2024-06-17 19:00:00,2.3429
2024-06-17 20:00:00,2.3428000000000004
2024-06-17 21:00:00,2.3458
2024-06-17 23:00:00,2.3458
2024-06-18 14:30:00,2.3626
2024-06-18 15:00:00,2.3662
2024-06-18 16:00:00,2.365
2024-06-18 17:00:00,2.3624
2024-06-18 18:00:00,2.3639
2024-06-18 19:00:00,2.3806000000000003
2024-06-18 20:00:00,2.3822
2024-06-18 21:00:00,2.3863000000000003
2024-06-18 23:00:00,2.3863000000000003
2024-06-18 23:00:01,2.3863000000000003
2024-06-20 14:30:00,2.3873000000000006
2024-06-20 15:00:00,2.3872000000000004
2024-06-20 16:00:00,2.3823000000000003
2024-06-20 17:00:00,2.3810000000000007
2024-06-20 18:00:00,2.3803000000000005
2024-06-20 19:00:00,2.3857000000000004
2024-06-20 20:00:00,2.3822000000000005
2024-06-20 21:00:00,2.3818000000000006
2024-06-20 23:00:00,2.3818000000000006
2024-06-21 14:30:00,2.3865000000000003
2024-06-21 15:00:00,2.3953000000000007
2024-06-21 16:00:00,2.3732000000000006
2024-06-21 17:00:00,2.3610000000000007
2024-06-21 18:00:00,2.3589000000000007
2024-06-21 19:00:00,2.3552000000000004
2024-06-21 20:00:00,2.3570000000000007
2024-06-21 21:00:00,2.3558000000000003
2024-06-21 23:00:00,2.3558000000000003
2024-06-24 14:30:00,2.3654000000000006
2024-06-24 15:00:00,2.3649000000000004
2024-06-24 16:00:00,2.3778000000000006
2024-06-24 17:00:00,2.3846000000000003
2024-06-24 18:00:00,2.3897000000000004
2024-06-24 19:00:00,2.3872000000000004
2024-06-24 20:00:00,2.3893000000000004
2024-06-24 21:00:00,2.3894000000000006
2024-06-24 23:00:00,2.3894000000000006
2024-06-25 14:30:00,2.3908000000000005
2024-06-25 15:00:00,2.3955000000000006
2024-06-25 16:00:00,2.3805000000000005
2024-06-25 17:00:00,2.3768000000000002
2024-06-25 18:00:00,2.3778000000000006
2024-06-25 19:00:00,2.3699000000000003
2024-06-25 20:00:00,2.3718000000000004
2024-06-25 21:00:00,2.3733000000000004
2024-06-25 23:00:00,2.3733000000000004
2024-06-26 14:30:00,2.3958000000000004
2024-06-26 15:00:00,2.3847000000000005
2024-06-26 16:00:00,2.3860000000000006
2024-06-26 17:00:00,2.3991000000000007
2024-06-26 18:00:00,2.4090000000000003
2024-06-26 19:00:00,2.3920000000000003
2024-06-26 20:00:00,2.3889000000000005
2024-06-26 21:00:00,2.3941000000000003
2024-06-26 23:00:00,2.3941000000000003
2024-06-27 14:30:00,2.4211000000000005
2024-06-27 15:00:00,2.4206000000000003
2024-06-27 16:00:00,2.4024000000000005
2024-06-27 17:00:00,2.4005000000000005
2024-06-27 18:00:00,2.4003000000000005
2024-06-27 19:00:00,2.4036000000000004
2024-06-27 20:00:00,2.4049000000000005
2024-06-27 21:00:00,2.4044000000000003
2024-06-27 23:00:00,2.4044000000000003
2024-06-28 14:30:00,2.3932000000000007
2024-06-28 15:00:00,2.3925000000000005
2024-06-28 16:00:00,2.3965000000000005
2024-06-28 17:00:00,2.3861000000000003
2024-06-28 18:00:00,2.3825000000000003
2024-06-28 19:00:00,2.3773000000000004
2024-06-28 20:00:00,2.3844000000000003
2024-06-28 21:00:00,2.3856000000000006
2024-06-28 23:00:00,2.3856000000000006
2024-07-01 14:30:00,2.4107000000000003
2024-07-01 15:00:00,2.4261000000000004
2024-07-01 16:00:00,2.4399000000000006
2024-07-01 17:00:00,2.4455000000000005
2024-07-01 18:00:00,2.4455000000000005
2024-07-01 19:00:00,2.4560000000000004
2024-07-01 20:00:00,2.4554000000000005
2024-07-01 21:00:00,2.4535000000000005
2024-07-01 23:00:00,2.4535000000000005
2024-07-02 14:30:00,2.4901000000000004
2024-07-02 15:00:00,2.4745000000000004
2024-07-02 16:00:00,2.4673000000000003
2024-07-02 17:00:00,2.4751000000000003
2024-07-02 18:00:00,2.4763000000000006
2024-07-02 19:00:00,2.4686000000000003
2024-07-02 20:00:00,2.4707000000000003
2024-07-02 21:00:00,2.4740000000000006
2024-07-02 23:00:00,2.4740000000000006
2024-07-03 14:30:00,2.4604000000000004
2024-07-03 15:00:00,2.4414000000000007
2024-07-03 16:00:00,2.4469000000000003
2024-07-03 17:00:00,2.4558000000000004
2024-07-03 23:00:00,2.4558000000000004
2024-07-05 14:30:00,2.4765000000000006
2024-07-05 15:00:00,2.4811000000000005
2024-07-05 16:00:00,2.4812000000000003
2024-07-05 17:00:00,2.4624000000000006
2024-07-05 18:00:00,2.4468000000000005
2024-07-05 19:00:00,2.4540000000000006
2024-07-05 20:00:00,2.4550000000000005
2024-07-05 21:00:00,2.4620000000000006
2024-07-05 23:00:00,2.4620000000000006
2024-07-08 14:30:00,2.4357000000000006
2024-07-08 15:00:00,2.4360000000000004
2024-07-08 16:00:00,2.4247000000000005
2024-07-08 17:00:00,2.4277000000000006
2024-07-08 18:00:00,2.4283000000000006
2024-07-08 19:00:00,2.4163000000000006
2024-07-08 20:00:00,2.4166000000000003
2024-07-08 21:00:00,2.4166000000000003
2024-07-08 23:00:00,2.4166000000000003
2024-07-09 14:30:00,2.3960000000000004
2024-07-09 15:00:00,2.4120000000000004
2024-07-09 16:00:00,2.3891000000000004
2024-07-09 17:00:00,2.3881000000000006
2024-07-09 18:00:00,2.3881000000000006
2024-07-09 19:00:00,2.3779000000000003
2024-07-09 20:00:00,2.3739000000000003
2024-07-09 21:00:00,2.3812000000000006
2024-07-09 23:00:00,2.3812000000000006
2024-07-10 14:30:00,2.3646000000000003
2024-07-10 15:00:00,2.3635000000000006
2024-07-10 16:00:00,2.3848000000000003
2024-07-10 17:00:00,2.3743000000000003
2024-07-10 18:00:00,2.3756000000000004
2024-07-10 19:00:00,2.3730000000000007
2024-07-10 20:00:00,2.3746000000000005
2024-07-10 21:00:00,2.3744000000000005
2024-07-10 23:00:00,2.3744000000000005
2024-07-11 14:30:00,2.3685000000000005
2024-07-11 15:00:00,2.3852000000000007
2024-07-11 16:00:00,2.3809000000000005
2024-07-11 17:00:00,2.3592000000000004
2024-07-11 18:00:00,2.3730000000000007
2024-07-11 19:00:00,2.3749000000000007
2024-07-11 20:00:00,2.3779000000000003
2024-07-11 21:00:00,2.3753000000000006
2024-07-11 23:00:00,2.3753000000000006
2024-07-12 14:30:00,2.3712000000000004
2024-07-12 15:00:00,2.3731000000000004
2024-07-12 16:00:00,2.3717000000000006
2024-07-12 17:00:00,2.3764000000000003
2024-07-12 18:00:00,2.3765000000000005
2024-07-12 19:00:00,2.3640000000000003
2024-07-12 20:00:00,2.3628000000000005
2024-07-12 21:00:00,2.3593000000000006
2024-07-12 23:00:00,2.3593000000000006
2024-07-15 14:30:00,2.3505000000000003
2024-07-15 15:00:00,2.3551000000000006
2024-07-15 16:00:00,2.3665000000000003
2024-07-15 17:00:00,2.3683000000000005
2024-07-15 18:00:00,2.3638000000000003
2024-07-15 19:00:00,2.3628000000000005
2024-07-15 20:00:00,2.3619000000000003
2024-07-15 21:00:00,2.3601000000000005
2024-07-15 23:00:00,2.3601000000000005
2024-07-16 14:30:00,2.3163000000000005
2024-07-16 15:00:00,2.3321000000000005
2024-07-16 16:00:00,2.3217000000000003
2024-07-16 17:00:00,2.3187000000000006
2024-07-16 18:00:00,2.3271000000000006
2024-07-16 19:00:00,2.3222000000000005
2024-07-16 20:00:00,2.3240000000000003
2024-07-16 21:00:00,2.3167000000000004
2024-07-16 23:00:00,2.3167000000000004
2024-07-17 14:30:00,2.3367000000000004
2024-07-17 15:00:00,2.3361000000000005
2024-07-17 16:00:00,2.3423000000000003
2024-07-17 17:00:00,2.3443000000000005
2024-07-17 18:00:00,2.3502000000000005
2024-07-17 19:00:00,2.3437000000000006
2024-07-17 20:00:00,2.3429000000000006
2024-07-17 21:00:00,2.3485000000000005
2024-07-17 23:00:00,2.3485000000000005
2024-07-18 14:30:00,2.3230000000000004
2024-07-18 15:00:00,2.3302000000000005
2024-07-18 16:00:00,2.3401000000000005
2024-07-18 17:00:00,2.3419000000000003
2024-07-18 18:00:00,2.3440000000000003
2024-07-18 19:00:00,2.3327000000000004
2024-07-18 20:00:00,2.3265000000000007
2024-07-18 21:00:00,2.3301000000000003
2024-07-18 23:00:00,2.3301000000000003
2024-07-19 14:30:00,2.3378000000000005
2024-07-19 15:00:00,2.3297000000000003
2024-07-19 16:00:00,2.3106000000000004
2024-07-19 17:00:00,2.2915000000000005
2024-07-19 18:00:00,2.2807000000000004
2024-07-19 19:00:00,2.2762000000000007
2024-07-19 20:00:00,2.2781000000000007
2024-07-19 21:00:00,2.2745000000000006
2024-07-19 23:00:00,2.2745000000000006
2024-07-22 14:30:00,2.2545000000000006
2024-07-22 15:00:00,2.2757000000000005
2024-07-22 16:00:00,2.2809000000000004
2024-07-22 17:00:00,2.2845000000000004
2024-07-22 18:00:00,2.2832000000000003
2024-07-22 19:00:00,2.2904000000000004
2024-07-22 20:00:00,2.2874000000000003
2024-07-22 21:00:00,2.2845000000000004
2024-07-22 23:00:00,2.2845000000000004
2024-07-23 14:30:00,2.2719000000000005
2024-07-23 15:00:00,2.2631000000000006
2024-07-23 16:00:00,2.2536000000000005
2024-07-23 17:00:00,2.2628000000000004
2024-07-23 18:00:00,2.2622000000000004
2024-07-23 19:00:00,2.2696000000000005
2024-07-23 20:00:00,2.2711000000000006
2024-07-23 21:00:00,2.2759000000000005
2024-07-23 23:00:00,2.2759000000000005
2024-07-24 14:30:00,2.2797000000000005
2024-07-24 15:00:00,2.2827000000000006
2024-07-24 16:00:00,2.2976000000000005
2024-07-24 17:00:00,2.3003000000000005
2024-07-24 18:00:00,2.2998000000000003
2024-07-24 19:00:00,2.3017000000000003
2024-07-24 20:00:00,2.3013000000000003
2024-07-24 20:00:01,2.3013000000000003
2024-07-24 21:00:00,2.2959000000000005
2024-07-24 23:00:00,2.2959000000000005
2024-07-25 14:30:00,2.2671000000000006
2024-07-25 15:00:00,2.2900000000000005
2024-07-25 16:00:00,2.3099000000000003
2024-07-25 17:00:00,2.3165000000000004
2024-07-25 18:00:00,2.3218000000000005
2024-07-25 19:00:00,2.3193000000000006
2024-07-25 20:00:00,2.3184000000000005
2024-07-25 21:00:00,2.3261000000000007
2024-07-25 23:00:00,2.3261000000000007
2024-07-26 14:30:00,2.2843000000000004
2024-07-26 15:00:00,2.2590000000000003
2024-07-26 16:00:00,2.2709000000000006
2024-07-26 17:00:00,2.2886000000000006
2024-07-26 18:00:00,2.2808000000000006
2024-07-26 19:00:00,2.2679000000000005
2024-07-26 20:00:00,2.2720000000000007
2024-07-26 21:00:00,2.2687000000000004
2024-07-26 23:00:00,2.2687000000000004
2024-07-29 14:30:00,2.2730000000000006
2024-07-29 15:00:00,2.2343000000000006
2024-07-29 16:00:00,2.2334000000000005
2024-07-29 17:00:00,2.2300000000000004
2024-07-29 18:00:00,2.2350000000000003
2024-07-29 19:00:00,2.2361000000000004
2024-07-29 20:00:00,2.2354000000000007
2024-07-29 21:00:00,2.2375000000000007
2024-07-29 23:00:00,2.2375000000000007
2024-07-30 14:30:00,2.2113000000000005
2024-07-30 15:00:00,2.2101000000000006
2024-07-30 16:00:00,2.2030000000000003
2024-07-30 17:00:00,2.2145000000000006
2024-07-30 18:00:00,2.2096000000000005
2024-07-30 19:00:00,2.2098000000000004
2024-07-30 20:00:00,2.2124000000000006
2024-07-30 21:00:00,2.2160000000000006
2024-07-30 23:00:00,2.2160000000000006
2024-07-31 14:30:00,2.2630000000000003
2024-07-31 15:00:00,2.2563000000000004
2024-07-31 16:00:00,2.2656000000000005
2024-07-31 17:00:00,2.2784000000000004
2024-07-31 18:00:00,2.2827000000000006
2024-07-31 19:00:00,2.2818000000000005
2024-07-31 20:00:00,2.2936000000000005
2024-07-31 21:00:00,2.2959000000000005
2024-07-31 23:00:00,2.2959000000000005
2024-08-01 14:30:00,2.2971000000000004
2024-08-01 15:00:00,2.2696000000000005
2024-08-01 16:00:00,2.2639000000000005
2024-08-01 17:00:00,2.2653000000000003
2024-08-01 18:00:00,2.2545000000000006
2024-08-01 19:00:00,2.2565000000000004
2024-08-01 20:00:00,2.2648000000000006
2024-08-01 21:00:00,2.2634000000000003
2024-08-01 23:00:00,2.2634000000000003
2024-08-02 14:30:00,2.1878000000000006
2024-08-02 15:00:00,2.1863000000000006
2024-08-02 16:00:00,2.1805000000000003
2024-08-02 17:00:00,2.1678000000000006
2024-08-02 18:00:00,2.1599000000000004
2024-08-02 19:00:00,2.1667000000000005
2024-08-02 20:00:00,2.1729000000000007
2024-08-02 21:00:00,2.1762000000000006
2024-08-02 23:00:00,2.1762000000000006
2024-08-05 14:30:00,2.1307000000000005
2024-08-05 15:00:00,2.1345000000000005
2024-08-05 16:00:00,2.1444000000000005
2024-08-05 17:00:00,2.1434000000000006
2024-08-05 18:00:00,2.1430000000000007
2024-08-05 19:00:00,2.1570000000000005
2024-08-05 20:00:00,2.1673000000000004
2024-08-05 21:00:00,2.1718000000000006
2024-08-05 23:00:00,2.1718000000000006
2024-08-06 14:30:00,2.1547000000000005
2024-08-06 15:00:00,2.1609000000000007
2024-08-06 16:00:00,2.1530000000000005
2024-08-06 17:00:00,2.1446000000000005
2024-08-06 18:00:00,2.1534000000000004
2024-08-06 19:00:00,2.1436000000000006
2024-08-06 20:00:00,2.1384000000000003
2024-08-06 21:00:00,2.1397000000000004
2024-08-06 23:00:00,2.1397000000000004
2024-08-07 14:30:00,2.1777000000000006
2024-08-07 15:00:00,2.1933000000000007
2024-08-07 16:00:00,2.2095000000000007
2024-08-07 17:00:00,2.1949000000000005
2024-08-07 18:00:00,2.1985000000000006
2024-08-07 19:00:00,2.1989000000000005
2024-08-07 20:00:00,2.2031000000000005
2024-08-07 21:00:00,2.2036000000000007
2024-08-07 23:00:00,2.2036000000000007
2024-08-08 14:30:00,2.1906000000000003
2024-08-08 15:00:00,2.2072000000000007
2024-08-08 16:00:00,2.1947000000000005
2024-08-08 17:00:00,2.2018000000000004
2024-08-08 18:00:00,2.2131000000000003
2024-08-08 19:00:00,2.2061000000000006
2024-08-08 20:00:00,2.2073000000000005
2024-08-08 21:00:00,2.2078000000000007
2024-08-08 23:00:00,2.2078000000000007
2024-08-09 14:30:00,2.1987000000000005
2024-08-09 15:00:00,2.2117000000000004
2024-08-09 16:00:00,2.2017000000000007
2024-08-09 17:00:00,2.2061000000000006
2024-08-09 18:00:00,2.1955000000000005
2024-08-09 19:00:00,2.1918000000000006
2024-08-09 20:00:00,2.1977000000000007
2024-08-09 21:00:00,2.1967000000000003
2024-08-09 23:00:00,2.1967000000000003
2024-08-12 14:30:00,2.2215000000000007
2024-08-12 15:00:00,2.2297000000000007
2024-08-12 16:00:00,2.2380000000000004
2024-08-12 17:00:00,2.2430000000000003
2024-08-12 18:00:00,2.2519000000000005
2024-08-12 19:00:00,2.2581000000000007
2024-08-12 20:00:00,2.2566000000000006
2024-08-12 21:00:00,2.2570000000000006
2024-08-12 23:00:00,2.2570000000000006
2024-08-13 14:30:00,2.2590000000000003
2024-08-13 15:00:00,2.2499000000000007
2024-08-13 16:00:00,2.2420000000000004
2024-08-13 17:00:00,2.2482000000000006
2024-08-13 18:00:00,2.2451000000000003
2024-08-13 19:00:00,2.2427000000000006
2024-08-13 20:00:00,2.2443000000000004
2024-08-13 21:00:00,2.2492000000000005
2024-08-13 23:00:00,2.2492000000000005
2024-08-14 14:30:00,2.2316000000000007
2024-08-14 15:00:00,2.2263000000000006
2024-08-14 16:00:00,2.2315000000000005
2024-08-14 17:00:00,2.2372000000000005
2024-08-14 18:00:00,2.2282000000000006
2024-08-14 19:00:00,2.2232000000000003
2024-08-14 20:00:00,2.2214000000000005
2024-08-14 21:00:00,2.2195000000000005
2024-08-14 23:00:00,2.2195000000000005
2024-08-15 14:30:00,2.2320000000000007
2024-08-15 15:00:00,2.2443000000000004
2024-08-15 16:00:00,2.2458000000000005
2024-08-15 17:00:00,2.2410000000000005
2024-08-15 18:00:00,2.2284000000000006
2024-08-15 19:00:00,2.2305000000000006
2024-08-15 20:00:00,2.2284000000000006
2024-08-15 21:00:00,2.2289000000000003
2024-08-15 23:00:00,2.2289000000000003
2024-08-16 14:30:00,2.1967000000000003
2024-08-16 15:00:00,2.1914000000000007
2024-08-16 16:00:00,2.1897000000000006
2024-08-16 17:00:00,2.1899000000000006
2024-08-16 18:00:00,2.1871000000000005
2024-08-16 19:00:00,2.1812000000000005
2024-08-16 20:00:00,2.1853000000000007
2024-08-16 21:00:00,2.1847000000000003
2024-08-16 23:00:00,2.1847000000000003
2024-08-19 14:30:00,2.1684000000000005
2024-08-19 15:00:00,2.1639000000000004
2024-08-19 16:00:00,2.1479000000000004
2024-08-19 17:00:00,2.1292000000000004
2024-08-19 18:00:00,2.1192000000000006
2024-08-19 19:00:00,2.1239000000000003
2024-08-19 20:00:00,2.1218000000000004
2024-08-19 21:00:00,2.1228000000000007
2024-08-19 23:00:00,2.1228000000000007
2024-08-20 14:30:00,2.1368000000000005
2024-08-20 15:00:00,2.1107000000000005
2024-08-20 16:00:00,2.1091000000000006
2024-08-20 17:00:00,2.1133000000000006
2024-08-20 18:00:00,2.1102000000000003
2024-08-20 19:00:00,2.1194000000000006
2024-08-20 20:00:00,2.1168000000000005
2024-08-20 21:00:00,2.1205000000000007
2024-08-20 23:00:00,2.1205000000000007
2024-08-21 14:30:00,2.1353000000000004
2024-08-21 15:00:00,2.1358000000000006
2024-08-21 16:00:00,2.1071000000000004
2024-08-21 17:00:00,2.0950000000000006
2024-08-21 18:00:00,2.0889000000000006
2024-08-21 19:00:00,2.0979000000000005
2024-08-21 20:00:00,2.0965000000000007
2024-08-21 21:00:00,2.0963000000000007
2024-08-21 23:00:00,2.0963000000000007
2024-08-22 14:30:00,2.0956000000000006
2024-08-22 15:00:00,2.1080000000000005
2024-08-22 16:00:00,2.1152000000000006
2024-08-22 17:00:00,2.1211000000000007
2024-08-22 18:00:00,2.1100000000000003
2024-08-22 19:00:00,2.1108000000000007
2024-08-22 20:00:00,2.1138000000000003
2024-08-22 21:00:00,2.1169000000000007
2024-08-22 23:00:00,2.1169000000000007
2024-08-23 14:30:00,2.1418000000000004
2024-08-23 15:00:00,2.1390000000000007
2024-08-23 16:00:00,2.1503000000000005
2024-08-23 17:00:00,2.1573000000000007
2024-08-23 18:00:00,2.1577000000000006
2024-08-23 19:00:00,2.1571000000000007
2024-08-23 20:00:00,2.1583000000000006
2024-08-23 21:00:00,2.1601000000000004
2024-08-23 23:00:00,2.1601000000000004
2024-08-26 14:30:00,2.2144000000000004
2024-08-26 15:00:00,2.2077000000000004
2024-08-26 16:00:00,2.2066000000000003
2024-08-26 17:00:00,2.2019000000000006
2024-08-26 18:00:00,2.2022000000000004
2024-08-26 19:00:00,2.2055000000000007
2024-08-26 19:00:01,2.2055000000000007
2024-08-26 20:00:00,2.2004000000000006
2024-08-26 21:00:00,2.2012000000000005
2024-08-26 23:00:00,2.2012000000000005
2024-08-27 14:30:00,2.1798000000000006
2024-08-27 15:00:00,2.1636000000000006
2024-08-27 16:00:00,2.1614000000000004
2024-08-27 17:00:00,2.151900000000001
2024-08-27 18:00:00,2.1530000000000005
2024-08-27 19:00:00,2.1545000000000005
2024-08-27 20:00:00,2.1544000000000008
2024-08-27 21:00:00,2.1548000000000007
2024-08-27 23:00:00,2.1548000000000007
2024-08-28 14:30:00,2.1227000000000005
2024-08-28 15:00:00,2.130000000000001
2024-08-28 16:00:00,2.1169000000000007
2024-08-28 17:00:00,2.1173000000000006
2024-08-28 18:00:00,2.1093000000000006
2024-08-28 19:00:00,2.1067000000000005
2024-08-28 20:00:00,2.1082000000000005
2024-08-28 21:00:00,2.103100000000001
2024-08-28 23:00:00,2.103100000000001
2024-08-29 14:30:00,2.1573000000000007
2024-08-29 15:00:00,2.1567000000000007
2024-08-29 16:00:00,2.1468000000000007
2024-08-29 17:00:00,2.1485000000000007
2024-08-29 18:00:00,2.149800000000001
2024-08-29 19:00:00,2.157600000000001
2024-08-29 20:00:00,2.1611000000000007
2024-08-29 21:00:00,2.1619000000000006
2024-08-29 23:00:00,2.1619000000000006
2024-08-30 14:30:00,2.1276000000000006
2024-08-30 15:00:00,2.1327000000000007
2024-08-30 16:00:00,2.135900000000001
2024-08-30 17:00:00,2.1305000000000005
2024-08-30 18:00:00,2.1245000000000007
2024-08-30 19:00:00,2.1187000000000005
2024-08-30 20:00:00,2.123300000000001
2024-08-30 21:00:00,2.1253000000000006
2024-08-30 23:00:00,2.1253000000000006
2024-09-03 14:30:00,2.0588000000000006
2024-09-03 15:00:00,2.0510000000000006
2024-09-03 16:00:00,2.0576000000000008
2024-09-03 17:00:00,2.0483000000000007
2024-09-03 18:00:00,2.0430000000000006
2024-09-03 19:00:00,2.0464000000000007
2024-09-03 20:00:00,2.048800000000001
2024-09-03 21:00:00,2.046900000000001
2024-09-03 23:00:00,2.046900000000001
2024-09-04 14:30:00,2.022700000000001
2024-09-04 15:00:00,2.0221000000000005
2024-09-04 16:00:00,2.019100000000001
2024-09-04 17:00:00,2.0159000000000007
2024-09-04 18:00:00,2.0051000000000005
2024-09-04 19:00:00,2.002300000000001
2024-09-04 20:00:00,2.0002000000000004
2024-09-04 21:00:00,2.006700000000001
2024-09-04 23:00:00,2.006700000000001
2024-09-05 14:30:00,2.0237000000000007
2024-09-05 15:00:00,2.0420000000000007
2024-09-05 16:00:00,2.0154000000000005
2024-09-05 17:00:00,2.0158000000000005
2024-09-05 18:00:00,2.0052000000000008
2024-09-05 19:00:00,2.0178000000000007
2024-09-05 20:00:00,2.0136000000000007
2024-09-05 21:00:00,2.0195000000000007
2024-09-05 23:00:00,2.0195000000000007
2024-09-06 14:30:00,2.0268000000000006
2024-09-06 15:00:00,1.9723000000000006
2024-09-06 16:00:00,1.9618000000000007
2024-09-06 17:00:00,1.9609000000000005
2024-09-06 18:00:00,1.9657000000000004
2024-09-06 19:00:00,1.9703000000000008
2024-09-06 20:00:00,1.9739000000000004
2024-09-06 21:00:00,1.9727000000000006
2024-09-06 23:00:00,1.9727000000000006
2024-09-09 14:30:00,1.9655000000000005
2024-09-09 15:00:00,1.9796000000000005
2024-09-09 16:00:00,1.9718000000000004
2024-09-09 17:00:00,1.9846000000000008
2024-09-09 18:00:00,1.9792000000000005
2024-09-09 19:00:00,1.9842000000000009
2024-09-09 20:00:00,1.9823000000000008
2024-09-09 21:00:00,1.9919000000000007
2024-09-09 23:00:00,1.9919000000000007
2024-09-10 14:30:00,1.9515000000000007
2024-09-10 15:00:00,1.9185000000000008
2024-09-10 16:00:00,1.9053000000000004
2024-09-10 17:00:00,1.9029000000000007
2024-09-10 18:00:00,1.9036000000000008
2024-09-10 19:00:00,1.9099000000000008
2024-09-10 20:00:00,1.9137000000000008
2024-09-10 21:00:00,1.9165000000000005
2024-09-10 23:00:00,1.9165000000000005
2024-09-11 14:30:00,1.9255000000000004
2024-09-11 15:00:00,1.9032000000000004
2024-09-11 16:00:00,1.9284000000000008
2024-09-11 17:00:00,1.9383000000000008
2024-09-11 18:00:00,1.9394000000000005
2024-09-11 19:00:00,1.9342000000000006
2024-09-11 20:00:00,1.9325000000000006
2024-09-11 21:00:00,1.9389000000000007
2024-09-11 23:00:00,1.9389000000000007
2024-09-12 14:30:00,1.9291000000000005
2024-09-12 15:00:00,1.9661000000000008
2024-09-12 16:00:00,1.9708000000000006
2024-09-12 17:00:00,1.9733000000000005
2024-09-12 18:00:00,1.9669000000000008
2024-09-12 19:00:00,1.9670000000000005
2024-09-12 20:00:00,1.9701000000000009
2024-09-12 21:00:00,1.9680000000000004
2024-09-12 23:00:00,1.9680000000000004
2024-09-13 14:30:00,1.9790000000000005
2024-09-13 15:00:00,1.9758000000000004
2024-09-13 16:00:00,1.9548000000000005
2024-09-13 17:00:00,1.9440000000000008
2024-09-13 18:00:00,1.9368000000000007
2024-09-13 19:00:00,1.9348000000000005
2024-09-13 20:00:00,1.9403000000000006
2024-09-13 21:00:00,1.9380000000000006
2024-09-13 23:00:00,1.9380000000000006
2024-09-16 14:30:00,1.9484000000000008
2024-09-16 15:00:00,1.9449000000000005
2024-09-16 16:00:00,1.9413000000000005
2024-09-16 17:00:00,1.9401000000000006
2024-09-16 18:00:00,1.9468000000000005
2024-09-16 19:00:00,1.9417000000000004
2024-09-16 20:00:00,1.9459000000000009
2024-09-16 21:00:00,1.9459000000000009
2024-09-16 23:00:00,1.9459000000000009
2024-09-17 14:30:00,1.9547000000000008
2024-09-17 15:00:00,1.9542000000000006
2024-09-17 16:00:00,1.9792000000000005
2024-09-17 17:00:00,1.9864000000000006
2024-09-17 18:00:00,1.9825000000000008
2024-09-17 19:00:00,1.9860000000000007
2024-09-17 20:00:00,1.9874000000000005
2024-09-17 21:00:00,1.9851000000000005
2024-09-17 23:00:00,1.9851000000000005
2024-09-18 14:30:00,1.9825000000000008
2024-09-18 15:00:00,1.9823000000000008
2024-09-18 16:00:00,1.9694000000000007
2024-09-18 17:00:00,1.9755000000000007
2024-09-18 18:00:00,1.9783000000000008
2024-09-18 19:00:00,1.9762000000000008
2024-09-18 20:00:00,1.9665000000000008
2024-09-18 21:00:00,1.9677000000000007
2024-09-18 23:00:00,1.9677000000000007
2024-09-19 14:30:00,1.9922000000000004
2024-09-19 15:00:00,1.9934000000000007
2024-09-19 16:00:00,2.012600000000001
2024-09-19 17:00:00,2.012800000000001
2024-09-19 18:00:00,2.0052000000000008
2024-09-19 19:00:00,2.0042000000000004
2024-09-19 20:00:00,2.0072000000000005
2024-09-19 21:00:00,2.0091000000000006
2024-09-19 23:00:00,2.0091000000000006
2024-09-20 14:30:00,1.9927000000000006
2024-09-20 15:00:00,1.9976000000000007
2024-09-20 16:00:00,1.9986000000000006
2024-09-20 17:00:00,2.0064000000000006
2024-09-20 18:00:00,2.0042000000000004
2024-09-20 19:00:00,2.0049000000000006
2024-09-20 20:00:00,2.0098000000000007
2024-09-20 21:00:00,2.0120000000000005
2024-09-20 23:00:00,2.0120000000000005
2024-09-23 14:30:00,2.0214000000000008
2024-09-23 15:00:00,2.0064000000000006
2024-09-23 16:00:00,1.9721000000000006
2024-09-23 17:00:00,1.9730000000000008
2024-09-23 18:00:00,1.9854000000000007
2024-09-23 19:00:00,1.9904000000000006
2024-09-23 19:00:01,1.9904000000000006
2024-09-23 20:00:00,1.9963000000000006
2024-09-23 21:00:00,2.0014000000000003
2024-09-23 23:00:00,2.0014000000000003
2024-09-24 14:30:00,2.0249000000000006
2024-09-24 15:00:00,2.0231000000000003
2024-09-24 16:00:00,2.0262000000000007
2024-09-24 17:00:00,2.0244000000000004
2024-09-24 18:00:00,2.0233000000000003
2024-09-24 19:00:00,2.0272000000000006
2024-09-24 20:00:00,2.0273000000000003
2024-09-24 21:00:00,2.0320000000000005
2024-09-24 23:00:00,2.0320000000000005
2024-09-25 14:30:00,2.0270000000000006
2024-09-25 15:00:00,2.0224000000000006
2024-09-25 16:00:00,2.0165000000000006
2024-09-25 17:00:00,2.0121000000000007
2024-09-25 18:00:00,2.0017000000000005
2024-09-25 19:00:00,2.0071000000000003
2024-09-25 20:00:00,2.0076000000000005
2024-09-25 21:00:00,2.0101000000000004
2024-09-25 23:00:00,2.0101000000000004
2024-09-26 14:30:00,1.9621000000000004
2024-09-26 15:00:00,1.9777000000000005
2024-09-26 16:00:00,1.9889000000000006
2024-09-26 17:00:00,1.9733000000000005
2024-09-26 18:00:00,1.9712000000000005
2024-09-26 19:00:00,1.9727000000000006
2024-09-26 20:00:00,1.9704000000000006
2024-09-26 21:00:00,1.9735000000000005
2024-09-26 23:00:00,1.9735000000000005
2024-09-27 14:30:00,1.9546000000000006
2024-09-27 15:00:00,1.9748000000000006
2024-09-27 16:00:00,1.9826000000000006
2024-09-27 17:00:00,1.9846000000000004
2024-09-27 18:00:00,1.9673000000000003
2024-09-27 19:00:00,1.9823000000000004
2024-09-27 20:00:00,1.9863000000000004
2024-09-27 21:00:00,1.9882000000000004
2024-09-27 23:00:00,1.9882000000000004
2024-09-30 14:30:00,1.9706000000000006
2024-09-30 15:00:00,1.9910000000000005
2024-09-30 16:00:00,2.0012000000000003
2024-09-30 17:00:00,1.9884000000000004
2024-09-30 18:00:00,1.9843000000000006
2024-09-30 19:00:00,1.9871000000000003
2024-09-30 20:00:00,1.9816000000000003
2024-09-30 21:00:00,1.9805000000000006
2024-09-30 23:00:00,1.9805000000000006
2024-10-01 14:30:00,2.0128000000000004
2024-10-01 15:00:00,2.0244000000000004
2024-10-01 16:00:00,2.0288000000000004
2024-10-01 17:00:00,2.0407000000000006
2024-10-01 18:00:00,2.0107000000000004
2024-10-01 19:00:00,2.0116000000000005
2024-10-01 20:00:00,2.0152000000000005
2024-10-01 21:00:00,2.0237000000000003
2024-10-01 23:00:00,2.0237000000000003
2024-10-02 14:30:00,2.0764000000000005
2024-10-02 15:00:00,2.0373000000000006
2024-10-02 16:00:00,2.0111000000000003
2024-10-02 17:00:00,2.0141000000000004
2024-10-02 18:00:00,2.0185000000000004
2024-10-02 19:00:00,2.0225000000000004
2024-10-02 20:00:00,2.0320000000000005
2024-10-02 21:00:00,2.0334000000000003
2024-10-02 23:00:00,2.0334000000000003
2024-10-03 14:30:00,2.0564000000000004
2024-10-03 15:00:00,2.0854000000000004
2024-10-03 16:00:00,2.0943000000000005
2024-10-03 17:00:00,2.1131000000000006
2024-10-03 18:00:00,2.1138000000000003
2024-10-03 19:00:00,2.1246000000000005
2024-10-03 20:00:00,2.1269000000000005
2024-10-03 21:00:00,2.1239000000000003
2024-10-03 23:00:00,2.1239000000000003
2024-10-04 14:30:00,2.1450000000000005
2024-10-04 15:00:00,2.1463000000000005
2024-10-04 16:00:00,2.1599000000000004
2024-10-04 17:00:00,2.1657000000000006
2024-10-04 18:00:00,2.1713000000000005
2024-10-04 19:00:00,2.1423000000000005
2024-10-04 20:00:00,2.1474000000000006
2024-10-04 21:00:00,2.1462000000000003
2024-10-04 23:00:00,2.1462000000000003
2024-10-07 14:30:00,2.1691000000000003
2024-10-07 15:00:00,2.1836000000000007
2024-10-07 16:00:00,2.2157000000000004
2024-10-07 17:00:00,2.2136000000000005
2024-10-07 18:00:00,2.2159000000000004
2024-10-07 19:00:00,2.2261000000000006
2024-10-07 20:00:00,2.2225000000000006
2024-10-07 21:00:00,2.2202000000000006
2024-10-07 23:00:00,2.2202000000000006
2024-10-08 14:30:00,2.1402000000000005
2024-10-08 15:00:00,2.1186000000000003
2024-10-08 16:00:00,2.1170000000000004
2024-10-08 17:00:00,2.1047000000000002
2024-10-08 18:00:00,2.1355000000000004
2024-10-08 19:00:00,2.1336000000000004
2024-10-08 20:00:00,2.1371000000000007
2024-10-08 21:00:00,2.1390000000000002
2024-10-08 23:00:00,2.1390000000000002
2024-10-09 14:30:00,2.0835000000000004
2024-10-09 15:00:00,2.0881000000000003
2024-10-09 16:00:00,2.1041000000000003
2024-10-09 17:00:00,2.0932000000000004
2024-10-09 18:00:00,2.1022000000000003
2024-10-09 19:00:00,2.1030000000000006
2024-10-09 20:00:00,2.1079000000000003
2024-10-09 21:00:00,2.1076000000000006
2024-10-09 23:00:00,2.1076000000000006
2024-10-10 14:30:00,2.1238000000000006
2024-10-10 15:00:00,2.1463000000000005
2024-10-10 16:00:00,2.1640000000000006
2024-10-10 17:00:00,2.1723000000000003
2024-10-10 18:00:00,2.1793000000000005
2024-10-10 19:00:00,2.1745000000000005
2024-10-10 20:00:00,2.1765000000000003
2024-10-10 21:00:00,2.1710000000000003
2024-10-10 23:00:00,2.1710000000000003
2024-10-11 14:30:00,2.1642000000000006
2024-10-11 15:00:00,2.1873000000000005
2024-10-11 16:00:00,2.1716000000000006
2024-10-11 17:00:00,2.1698000000000004
2024-10-11 18:00:00,2.1737000000000006
2024-10-11 19:00:00,2.1685000000000003
2024-10-11 20:00:00,2.1673000000000004
2024-10-11 21:00:00,2.1649000000000003
2024-10-11 23:00:00,2.1649000000000003
2024-10-14 14:30:00,2.1313000000000004
2024-10-14 15:00:00,2.1222000000000003
2024-10-14 16:00:00,2.1083000000000003
2024-10-14 17:00:00,2.1121000000000003
2024-10-14 18:00:00,2.1109000000000004
2024-10-14 19:00:00,2.1063000000000005
2024-10-14 20:00:00,2.1065000000000005
2024-10-14 21:00:00,2.0517000000000003
2024-10-14 23:00:00,2.0517000000000003
2024-10-15 14:30:00,2.0192000000000005
2024-10-15 15:00:00,2.0100000000000002
2024-10-15 16:00:00,2.0015000000000005
2024-10-15 17:00:00,2.0169000000000006
2024-10-15 18:00:00,2.0085000000000006
2024-10-15 19:00:00,2.0245000000000006
2024-10-15 20:00:00,2.0250000000000004
2024-10-15 21:00:00,2.0268000000000006
2024-10-15 23:00:00,2.0268000000000006
2024-10-16 14:30:00,2.0012000000000003
2024-10-16 15:00:00,2.0031000000000003
2024-10-16 16:00:00,2.0060000000000007
2024-10-16 17:00:00,2.0026000000000006
2024-10-16 18:00:00,2.0043000000000006
2024-10-16 19:00:00,2.0045000000000006
2024-10-16 20:00:00,2.0061000000000004
2024-10-16 21:00:00,2.0119000000000002
2024-10-16 23:00:00,2.0119000000000002
2024-10-17 14:30:00,2.0147000000000004
2024-10-17 15:00:00,2.0112000000000005
2024-10-17 16:00:00,2.0119000000000002
2024-10-17 17:00:00,2.0064000000000006
2024-10-17 18:00:00,2.0141000000000004
2024-10-17 19:00:00,2.0176000000000003
2024-10-17 20:00:00,2.0216000000000003
2024-10-17 21:00:00,2.0186000000000006
2024-10-17 23:00:00,2.0186000000000006
2024-10-18 14:30:00,1.9991000000000003
2024-10-18 15:00:00,1.9863000000000004
2024-10-18 16:00:00,1.9811000000000005
2024-10-18 17:00:00,1.9923000000000006
2024-10-18 18:00:00,1.9910000000000005
2024-10-18 19:00:00,1.9789000000000003
2024-10-18 20:00:00,1.9793000000000003
2024-10-18 20:00:01,1.9793000000000003
2024-10-18 21:00:00,1.9806000000000004
2024-10-18 23:00:00,1.9806000000000004
2024-10-21 14:30:00,2.0063000000000004
2024-10-21 15:00:00,1.9974000000000003
2024-10-21 16:00:00,2.0065000000000004
2024-10-21 17:00:00,2.0085
2024-10-21 18:00:00,2.015
2024-10-21 19:00:00,2.0106
2024-10-21 20:00:00,2.0106
2024-10-21 21:00:00,2.0056000000000003
2024-10-21 23:00:00,2.0056000000000003
2024-10-22 14:30:00,2.0455
2024-10-22 15:00:00,2.0494000000000003
2024-10-22 16:00:00,2.0605
2024-10-22 17:00:00,2.06
2024-10-22 18:00:00,2.0578000000000003
2024-10-22 19:00:00,2.0619
2024-10-22 20:00:00,2.0596
2024-10-22 21:00:00,2.0526000000000004
2024-10-22 23:00:00,2.0526000000000004
2024-10-23 14:30:00,2.0553000000000003
2024-10-23 15:00:00,2.0449
2024-10-23 16:00:00,2.0424
2024-10-23 17:00:00,2.0403000000000002
2024-10-23 18:00:00,2.0460000000000003
2024-10-23 19:00:00,2.0459
2024-10-23 20:00:00,2.0459
2024-10-23 21:00:00,2.051
2024-10-23 23:00:00,2.051
2024-10-24 14:30:00,2.063
2024-10-24 15:00:00,2.0344
2024-10-24 16:00:00,2.0284000000000004
2024-10-24 17:00:00,2.0239000000000003
2024-10-24 18:00:00,2.0274
2024-10-24 19:00:00,2.0331
2024-10-24 20:00:00,2.0376000000000003
2024-10-24 21:00:00,2.0361000000000002
2024-10-24 23:00:00,2.0361000000000002
2024-10-25 14:30:00,2.0587000000000004
2024-10-25 15:00:00,2.0505000000000004
2024-10-25 16:00:00,2.0690000000000004
2024-10-25 17:00:00,2.0714
2024-10-25 18:00:00,2.0650000000000004
2024-10-25 19:00:00,2.0660000000000003
2024-10-25 20:00:00,2.0676
2024-10-25 21:00:00,2.0648000000000004
2024-10-25 23:00:00,2.0648000000000004
2024-10-28 13:30:00,1.9813
2024-10-28 14:00:00,1.9823000000000004
2024-10-28 15:00:00,1.9727000000000001
2024-10-28 16:00:00,1.9639000000000002
2024-10-28 17:00:00,1.9678000000000004
2024-10-28 18:00:00,1.9653
2024-10-28 19:00:00,1.9718000000000004
2024-10-28 20:00:00,1.9738000000000002
2024-10-28 23:00:00,1.9727000000000001
2024-10-29 13:30:00,1.9605000000000001
2024-10-29 14:00:00,1.9571
2024-10-29 15:00:00,1.9522000000000004
2024-10-29 16:00:00,1.9533
2024-10-29 17:00:00,1.9551000000000003
2024-10-29 18:00:00,1.9596000000000005
2024-10-29 19:00:00,1.9649
2024-10-29 20:00:00,1.9684000000000004
2024-10-29 23:00:00,1.9712
2024-10-30 13:30:00,1.9897000000000005
2024-10-30 14:00:00,1.9988000000000001
2024-10-30 15:00:00,2.0102
2024-10-30 16:00:00,2.0064
2024-10-30 17:00:00,2.0048000000000004
2024-10-30 18:00:00,2.0143000000000004
2024-10-30 19:00:00,2.0209
2024-10-30 20:00:00,2.0234
2024-10-30 23:00:00,2.0259000000000005
2024-10-31 13:30:00,2.035
2024-10-31 14:00:00,2.0431000000000004
2024-10-31 15:00:00,2.0450000000000004
2024-10-31 16:00:00,2.0388
2024-10-31 17:00:00,2.0402000000000005
2024-10-31 18:00:00,2.0727
2024-10-31 19:00:00,2.0748
2024-10-31 20:00:00,2.0729
2024-10-31 23:00:00,2.0729
2024-11-01 13:30:00,2.0849
2024-11-01 14:00:00,2.0681000000000003
2024-11-01 15:00:00,2.0709000000000004
2024-11-01 16:00:00,2.0571
2024-11-01 17:00:00,2.0507000000000004
2024-11-01 18:00:00,2.0467000000000004
2024-11-01 19:00:00,2.0427000000000004
2024-11-01 20:00:00,2.0388
2024-11-01 23:00:00,2.0388
2024-11-04 14:30:00,2.0936000000000003
2024-11-04 15:00:00,2.0813
2024-11-04 16:00:00,2.0939
2024-11-04 17:00:00,2.1011
2024-11-04 18:00:00,2.0999000000000003
2024-11-04 19:00:00,2.0965000000000003
2024-11-04 20:00:00,2.1001000000000003
2024-11-04 21:00:00,2.0994
2024-11-04 23:00:00,2.0994
2024-11-05 14:30:00,2.1208000000000005
2024-11-05 15:00:00,2.1275000000000004
2024-11-05 16:00:00,2.1306000000000003
2024-11-05 17:00:00,2.1142000000000003
2024-11-05 18:00:00,2.1090000000000004
2024-11-05 19:00:00,2.1214000000000004
2024-11-05 20:00:00,2.1165000000000003
2024-11-05 21:00:00,2.1132000000000004
2024-11-05 23:00:00,2.1132000000000004
2024-11-06 14:30:00,2.0996
2024-11-06 15:00:00,2.1212000000000004
2024-11-06 16:00:00,2.1032
2024-11-06 17:00:00,2.1028000000000002
2024-11-06 18:00:00,2.0893
2024-11-06 19:00:00,2.0906000000000002
2024-11-06 20:00:00,2.0908
2024-11-06 21:00:00,2.0873000000000004
2024-11-06 23:00:00,2.0873000000000004
2024-11-07 14:30:00,2.0700000000000003
2024-11-07 15:00:00,2.0777
2024-11-07 16:00:00,2.0883000000000003
2024-11-07 17:00:00,2.1104000000000003
2024-11-07 18:00:00,2.1095
2024-11-07 19:00:00,2.1037000000000003
2024-11-07 20:00:00,2.0972000000000004
2024-11-07 21:00:00,2.0999000000000003
2024-11-07 23:00:00,2.0999000000000003
2024-11-08 14:30:00,2.0671000000000004
2024-11-08 15:00:00,2.0566000000000004
2024-11-08 16:00:00,2.0527
2024-11-08 17:00:00,2.0650000000000004
2024-11-08 18:00:00,2.0585000000000004
2024-11-08 19:00:00,2.0623000000000005
2024-11-08 20:00:00,2.0571
2024-11-08 21:00:00,2.0575
2024-11-08 23:00:00,2.0575
2024-11-11 14:30:00,2.0256000000000003
2024-11-11 15:00:00,2.0109000000000004
2024-11-11 16:00:00,2.0099000000000005
2024-11-11 17:00:00,2.0148
2024-11-11 18:00:00,2.0193000000000003
2024-11-11 19:00:00,2.0166000000000004
2024-11-11 20:00:00,2.0179000000000005
2024-11-11 21:00:00,2.015
2024-11-11 23:00:00,2.015
2024-11-12 14:30:00,2.0424
2024-11-12 15:00:00,2.0253
2024-11-12 16:00:00,2.0342000000000002
2024-11-12 17:00:00,2.0364000000000004
2024-11-12 18:00:00,2.0259000000000005
2024-11-12 19:00:00,2.0291
2024-11-12 20:00:00,2.0216000000000003
2024-11-12 21:00:00,2.0201000000000002
2024-11-12 23:00:00,2.0201000000000002
2024-11-13 14:30:00,1.991
2024-11-13 15:00:00,2.0174000000000003
2024-11-13 16:00:00,2.0203
2024-11-13 17:00:00,2.0316
2024-11-13 18:00:00,2.0427000000000004
2024-11-13 19:00:00,2.0327
2024-11-13 20:00:00,2.0284000000000004
2024-11-13 21:00:00,2.0281000000000002
2024-11-13 23:00:00,2.0281000000000002
2024-11-14 14:30:00,2.0554
2024-11-14 15:00:00,2.0455
2024-11-14 16:00:00,2.0383000000000004
2024-11-14 17:00:00,2.0221000000000005
2024-11-14 18:00:00,2.0269000000000004
2024-11-14 19:00:00,2.0290000000000004
2024-11-14 20:00:00,2.0260000000000002
2024-11-14 21:00:00,2.0255
2024-11-14 23:00:00,2.0255
2024-11-15 14:30:00,2.0213
2024-11-15 15:00:00,2.0297
2024-11-15 16:00:00,2.0104
2024-11-15 17:00:00,1.9963000000000002
2024-11-15 18:00:00,1.9900000000000002
2024-11-15 19:00:00,1.991
2024-11-15 20:00:00,1.9903000000000004
2024-11-15 21:00:00,1.9903000000000004
2024-11-15 23:00:00,1.9903000000000004
2024-11-18 14:30:00,2.0413
2024-11-18 15:00:00,2.0581
2024-11-18 16:00:00,2.0614000000000003
2024-11-18 17:00:00,2.0607
2024-11-18 18:00:00,2.0694000000000004
2024-11-18 19:00:00,2.0667000000000004
2024-11-18 20:00:00,2.0714
2024-11-18 21:00:00,2.0701
2024-11-18 23:00:00,2.0701
2024-11-19 14:30:00,2.0857
2024-11-19 15:00:00,2.0810000000000004
2024-11-19 16:00:00,2.0717000000000003
2024-11-19 17:00:00,2.0722
2024-11-19 18:00:00,2.0593000000000004
2024-11-19 19:00:00,2.0569
2024-11-19 20:00:00,2.0556
2024-11-19 21:00:00,2.0529
2024-11-19 23:00:00,2.0529
2024-11-20 14:30:00,2.0563000000000002
2024-11-20 15:00:00,2.0578000000000003
2024-11-20 16:00:00,2.0486000000000004
2024-11-20 17:00:00,2.0423000000000004
2024-11-20 18:00:00,2.0431000000000004
2024-11-20 19:00:00,2.0449
2024-11-20 20:00:00,2.0494000000000003
2024-11-20 21:00:00,2.0473000000000003
2024-11-20 23:00:00,2.0473000000000003
2024-11-21 14:30:00,2.0706
2024-11-21 15:00:00,2.0775
2024-11-21 16:00:00,2.0646000000000004
2024-11-21 17:00:00,2.0652000000000004
2024-11-21 18:00:00,2.0753000000000004
2024-11-21 19:00:00,2.0872
2024-11-21 19:00:01,2.0872
2024-11-21 20:00:00,2.0881000000000003
2024-11-21 21:00:00,2.085
2024-11-21 23:00:00,2.085
2024-11-22 14:30:00,2.081
2024-11-22 15:00:00,2.0959000000000003
2024-11-22 16:00:00,2.0857
2024-11-22 17:00:00,2.0978
2024-11-22 18:00:00,2.0915
2024-11-22 19:00:00,2.093
2024-11-22 20:00:00,2.0887000000000002
2024-11-22 21:00:00,2.0887000000000002
2024-11-22 23:00:00,2.0887000000000002
2024-11-25 14:30:00,2.0577
2024-11-25 15:00:00,2.0334000000000003
2024-11-25 16:00:00,2.0399000000000003
2024-11-25 17:00:00,2.0423
2024-11-25 18:00:00,2.0438
2024-11-25 19:00:00,2.0451
2024-11-25 20:00:00,2.0519000000000003
2024-11-25 21:00:00,2.0507
2024-11-25 23:00:00,2.0507
2024-11-26 14:30:00,2.0734
2024-11-26 15:00:00,2.0747
2024-11-26 16:00:00,2.0585
2024-11-26 17:00:00,2.0305
2024-11-26 18:00:00,2.0392
2024-11-26 19:00:00,2.0406
2024-11-26 20:00:00,2.0402
2024-11-26 21:00:00,2.0464
2024-11-26 23:00:00,2.0464
2024-11-27 14:30:00,2.0418000000000003
2024-11-27 15:00:00,2.0317000000000003
2024-11-27 16:00:00,2.0183
2024-11-27 17:00:00,2.0089
2024-11-27 18:00:00,2.0065
2024-11-27 19:00:00,2.0117000000000003
2024-11-27 20:00:00,2.012
2024-11-27 21:00:00,2.0111
2024-11-27 23:00:00,2.0111
2024-11-29 14:30:00,2.0351
2024-11-29 15:00:00,2.0385
2024-11-29 16:00:00,2.0221
2024-11-29 17:00:00,2.0154
2024-11-29 23:00:00,2.0154
2024-12-02 14:30:00,1.9912
2024-12-02 15:00:00,2.0062
2024-12-02 16:00:00,1.9825
2024-12-02 17:00:00,1.9860000000000002
2024-12-02 18:00:00,1.9811
2024-12-02 19:00:00,1.9826000000000001
2024-12-02 20:00:00,1.983
2024-12-02 21:00:00,1.9845000000000002
2024-12-02 23:00:00,1.9845000000000002
2024-12-03 14:30:00,2.0091
2024-12-03 15:00:00,2.0305
2024-12-03 16:00:00,2.0306
2024-12-03 17:00:00,2.0272
2024-12-03 18:00:00,2.0323
2024-12-03 19:00:00,2.0256000000000003
2024-12-03 20:00:00,2.0231
2024-12-03 21:00:00,2.0223
2024-12-03 23:00:00,2.0223
2024-12-04 14:30:00,2.0153000000000003
2024-12-04 15:00:00,2.0049
2024-12-04 16:00:00,2.0025
2024-12-04 17:00:00,1.9842
2024-12-04 18:00:00,1.9796
2024-12-04 19:00:00,1.9853
2024-12-04 20:00:00,1.9834
2024-12-04 21:00:00,1.9817
2024-12-04 23:00:00,1.9817
2024-12-05 14:30:00,1.9968
2024-12-05 15:00:00,1.9861
2024-12-05 16:00:00,1.9776000000000002
2024-12-05 17:00:00,1.9664000000000001
2024-12-05 18:00:00,1.9764
2024-12-05 19:00:00,1.9751000000000003
2024-12-05 20:00:00,1.9723000000000002
2024-12-05 21:00:00,1.9721000000000002
2024-12-05 23:00:00,1.9721000000000002
2024-12-06 14:30:00,1.9442
2024-12-06 15:00:00,1.9469000000000003
2024-12-06 16:00:00,1.9502000000000002
2024-12-06 17:00:00,1.9516
2024-12-06 18:00:00,1.9559000000000002
2024-12-06 19:00:00,1.9436
2024-12-06 20:00:00,1.9436
2024-12-06 21:00:00,1.9455
2024-12-06 23:00:00,1.9455
2024-12-09 14:30:00,1.9943
2024-12-09 15:00:00,1.9951000000000003
2024-12-09 16:00:00,1.9929000000000001
2024-12-09 17:00:00,1.9965000000000002
2024-12-09 18:00:00,1.9944000000000002
2024-12-09 19:00:00,1.9905
2024-12-09 20:00:00,1.9895
2024-12-09 21:00:00,1.9885000000000002
2024-12-09 23:00:00,1.9885000000000002
2024-12-10 14:30:00,1.9963000000000002
2024-12-10 15:00:00,2.0076
2024-12-10 16:00:00,2.0111
2024-12-10 17:00:00,2.0054000000000003
2024-12-10 18:00:00,2.0015
2024-12-10 19:00:00,1.9906000000000001
2024-12-10 20:00:00,1.9919000000000002
2024-12-10 21:00:00,1.9937
2024-12-10 23:00:00,1.9937
2024-12-11 14:30:00,2.0201000000000002
2024-12-11 15:00:00,2.0226
2024-12-11 16:00:00,2.0267
2024-12-11 17:00:00,2.0275000000000003
2024-12-11 18:00:00,2.0288
2024-12-11 19:00:00,2.0385
2024-12-11 20:00:00,2.0367
2024-12-11 21:00:00,2.0388
2024-12-11 23:00:00,2.0388
2024-12-12 14:30:00,2.0252
2024-12-12 15:00:00,2.0140000000000002
2024-12-12 16:00:00,2.027
2024-12-12 17:00:00,2.0464
2024-12-12 18:00:00,2.045
2024-12-12 19:00:00,2.0503
2024-12-12 20:00:00,2.0484
2024-12-12 21:00:00,2.045
2024-12-12 23:00:00,2.045
2024-12-13 14:30:00,2.0659
2024-12-13 15:00:00,2.0674
2024-12-13 16:00:00,2.0784000000000002
2024-12-13 17:00:00,2.0754
2024-12-13 18:00:00,2.0738000000000003
2024-12-13 19:00:00,2.0738000000000003
2024-12-13 20:00:00,2.0734
2024-12-13 21:00:00,2.0729
2024-12-13 23:00:00,2.0729
2024-12-16 14:30:00,2.0692
2024-12-16 15:00:00,2.0722
2024-12-16 16:00:00,2.0652
2024-12-16 17:00:00,2.0733
2024-12-16 18:00:00,2.0689
2024-12-16 19:00:00,2.0635
2024-12-16 20:00:00,2.0635
2024-12-16 21:00:00,2.0645000000000002
2024-12-16 23:00:00,2.0645000000000002
2024-12-17 14:30:00,2.0234
2024-12-17 15:00:00,2.017
2024-12-17 16:00:00,2.0253
2024-12-17 17:00:00,2.0307
2024-12-17 18:00:00,2.0340000000000003
2024-12-17 19:00:00,2.0374000000000003
2024-12-17 20:00:00,2.0375
2024-12-17 21:00:00,2.0389
2024-12-17 23:00:00,2.0389
2024-12-18 14:30:00,2.0568
2024-12-18 15:00:00,2.0700000000000003
2024-12-18 16:00:00,2.0745
2024-12-18 17:00:00,2.064
2024-12-18 18:00:00,2.0634
2024-12-18 19:00:00,2.0508
2024-12-18 19:00:01,2.0508
2024-12-18 20:00:00,2.0450000000000004
2024-12-18 21:00:00,2.0449
2024-12-18 23:00:00,2.0449
2024-12-19 14:30:00,2.0641000000000003
2024-12-19 15:00:00,2.0432
2024-12-19 16:00:00,2.04
2024-12-19 17:00:00,2.0426
2024-12-19 18:00:00,2.0449
2024-12-19 19:00:00,2.0359000000000003
2024-12-19 20:00:00,2.0337
2024-12-19 21:00:00,2.0345
2024-12-19 23:00:00,2.0345
2024-12-20 14:30:00,2.0174000000000003
2024-12-20 15:00:00,2.0239000000000003
2024-12-20 16:00:00,2.0273000000000003
2024-12-20 17:00:00,2.0364
2024-12-20 18:00:00,2.0407
2024-12-20 19:00:00,2.0369
2024-12-20 20:00:00,2.0379
2024-12-20 21:00:00,2.0383
2024-12-20 23:00:00,2.0383
2024-12-23 14:30:00,2.0253
2024-12-23 15:00:00,2.0176000000000003
2024-12-23 16:00:00,2.015
2024-12-23 17:00:00,2.0274
2024-12-23 18:00:00,2.0327
2024-12-23 19:00:00,2.0332000000000003
2024-12-23 20:00:00,2.0341
2024-12-23 21:00:00,2.0380000000000003
2024-12-23 23:00:00,2.0380000000000003
2024-12-24 14:30:00,2.0324
2024-12-24 15:00:00,2.0395000000000003
2024-12-24 16:00:00,2.0377
2024-12-24 17:00:00,2.0295
2024-12-24 18:00:00,2.0301
2024-12-24 23:00:00,2.0301
2024-12-26 14:30:00,2.0381
2024-12-26 15:00:00,2.0273000000000003
2024-12-26 16:00:00,2.0246000000000004
2024-12-26 17:00:00,2.0171
2024-12-26 18:00:00,2.0164
2024-12-26 19:00:00,2.0121
2024-12-26 20:00:00,2.0106
2024-12-26 21:00:00,2.0148
2024-12-26 23:00:00,2.0148
2024-12-27 14:30:00,2.0508
2024-12-27 15:00:00,2.0411
2024-12-27 16:00:00,2.0486
2024-12-27 17:00:00,2.0456000000000003
2024-12-27 18:00:00,2.0515000000000003
2024-12-27 19:00:00,2.0441000000000003
2024-12-27 20:00:00,2.0384
2024-12-27 21:00:00,2.0402
2024-12-27 23:00:00,2.0402
2024-12-30 14:30:00,2.0972000000000004
2024-12-30 15:00:00,2.0975
2024-12-30 16:00:00,2.0944000000000003
2024-12-30 17:00:00,2.093
2024-12-30 18:00:00,2.0872
2024-12-30 19:00:00,2.0860000000000003
2024-12-30 20:00:00,2.0869
2024-12-30 21:00:00,2.0868
2024-12-30 23:00:00,2.0868
2024-12-31 14:30:00,2.0916
2024-12-31 15:00:00,2.0972000000000004
2024-12-31 16:00:00,2.105
2024-12-31 17:00:00,2.1072
2024-12-31 18:00:00,2.1037000000000003
2024-12-31 19:00:00,2.1015
2024-12-31 20:00:00,2.0983
2024-12-31 21:00:00,2.1008
2024-12-31 23:00:00,2.1008
2025-01-02 14:30:00,2.1443000000000003
2025-01-02 15:00:00,2.1487000000000003
2025-01-02 16:00:00,2.153
2025-01-02 17:00:00,2.1389
2025-01-02 18:00:00,2.1398
2025-01-02 19:00:00,2.1411000000000002
2025-01-02 20:00:00,2.1375
2025-01-02 21:00:00,2.1388000000000003
2025-01-02 23:00:00,2.1388000000000003
2025-01-03 14:30:00,2.1279000000000003
2025-01-03 15:00:00,2.1364
2025-01-03 16:00:00,2.1364
2025-01-03 17:00:00,2.1385
2025-01-03 18:00:00,2.1352
2025-01-03 19:00:00,2.1389
2025-01-03 20:00:00,2.1398
2025-01-03 21:00:00,2.1409000000000002
2025-01-03 23:00:00,2.1409000000000002
2025-01-06 14:30:00,2.1721000000000004
2025-01-06 15:00:00,2.1503
2025-01-06 16:00:00,2.1511
2025-01-06 17:00:00,2.1326
2025-01-06 18:00:00,2.1327000000000003
2025-01-06 19:00:00,2.1396
2025-01-06 20:00:00,2.1380000000000003
2025-01-06 21:00:00,2.1381
2025-01-06 23:00:00,2.1381
2025-01-07 14:30:00,2.1498000000000004
2025-01-07 15:00:00,2.1497
2025-01-07 16:00:00,2.1503
2025-01-07 17:00:00,2.1538000000000004
2025-01-07 18:00:00,2.1507
2025-01-07 19:00:00,2.1546000000000003
2025-01-07 20:00:00,2.1493
2025-01-07 21:00:00,2.1540000000000004
2025-01-07 23:00:00,2.1540000000000004
2025-01-08 14:30:00,2.152
2025-01-08 15:00:00,2.1369000000000002
2025-01-08 16:00:00,2.1226000000000003
2025-01-08 17:00:00,2.1257
2025-01-08 18:00:00,2.1285000000000003
2025-01-08 19:00:00,2.137
2025-01-08 20:00:00,2.1369000000000002
2025-01-08 21:00:00,2.1372
2025-01-08 23:00:00,2.1372
2025-01-09 14:30:00,2.1502000000000003
2025-01-09 15:00:00,2.1601000000000004
2025-01-09 16:00:00,2.1669
2025-01-09 17:00:00,2.1679000000000004
2025-01-09 18:00:00,2.1580000000000004
2025-01-09 19:00:00,2.1643000000000003
2025-01-09 20:00:00,2.1660000000000004
2025-01-09 21:00:00,2.1697
2025-01-09 23:00:00,2.1697
2025-01-10 14:30:00,2.2635
2025-01-10 15:00:00,2.2342000000000004
2025-01-10 16:00:00,2.2386000000000004
2025-01-10 17:00:00,2.2541
2025-01-10 18:00:00,2.2578
2025-01-10 19:00:00,2.2635
2025-01-10 20:00:00,2.2676000000000003
2025-01-10 21:00:00,2.2654
2025-01-10 23:00:00,2.2654
2025-01-13 14:30:00,2.2857000000000003
2025-01-13 15:00:00,2.2992000000000004
2025-01-13 16:00:00,2.3013000000000003
2025-01-13 17:00:00,2.2927000000000004
2025-01-13 18:00:00,2.2908000000000004
2025-01-13 19:00:00,2.2963
2025-01-13 20:00:00,2.289
2025-01-13 21:00:00,2.2937000000000003
2025-01-13 23:00:00,2.2937000000000003
2025-01-14 14:30:00,2.2746000000000004
2025-01-14 15:00:00,2.2835
2025-01-14 16:00:00,2.2881
2025-01-14 17:00:00,2.2864
2025-01-14 18:00:00,2.2882000000000002
2025-01-14 19:00:00,2.2863
2025-01-14 20:00:00,2.2909
2025-01-14 21:00:00,2.3021000000000003
2025-01-14 23:00:00,2.3021000000000003
2025-01-15 14:30:00,2.3200000000000003
2025-01-15 15:00:00,2.3211000000000004
2025-01-15 16:00:00,2.3348
2025-01-15 17:00:00,2.3375000000000004
2025-01-15 18:00:00,2.3472000000000004
2025-01-15 19:00:00,2.3524000000000003
2025-01-15 20:00:00,2.3577000000000004
2025-01-15 21:00:00,2.3596000000000004
2025-01-15 23:00:00,2.3596000000000004
2025-01-16 14:30:00,2.3469
2025-01-16 15:00:00,2.341
2025-01-16 16:00:00,2.3303000000000003
2025-01-16 17:00:00,2.3423000000000003
2025-01-16 18:00:00,2.3348
2025-01-16 19:00:00,2.3402000000000003
2025-01-16 20:00:00,2.3359
2025-01-16 21:00:00,2.3343000000000003
2025-01-16 23:00:00,2.3343000000000003
2025-01-17 14:30:00,2.3320000000000003
2025-01-17 15:00:00,2.3156000000000003
2025-01-17 16:00:00,2.3361
2025-01-17 17:00:00,2.3312000000000004
2025-01-17 18:00:00,2.3342
2025-01-17 19:00:00,2.3314000000000004
2025-01-17 19:00:01,2.3314000000000004
2025-01-17 20:00:00,2.3339000000000003
2025-01-17 21:00:00,2.3360000000000003
2025-01-17 23:00:00,2.3360000000000003
2025-01-21 14:30:00,2.2724
2025-01-21 15:00:00,2.2777000000000003
2025-01-21 16:00:00,2.2844
2025-01-21 17:00:00,2.2754000000000003
2025-01-21 18:00:00,2.2779000000000003
2025-01-21 19:00:00,2.2846
2025-01-21 20:00:00,2.2851000000000004
2025-01-21 21:00:00,2.2814000000000005
2025-01-21 23:00:00,2.2814000000000005
2025-01-22 14:30:00,2.2616000000000005
2025-01-22 15:00:00,2.2576000000000005
2025-01-22 16:00:00,2.2583
2025-01-22 17:00:00,2.2582000000000004
2025-01-22 18:00:00,2.2543
2025-01-22 19:00:00,2.2517000000000005
2025-01-22 20:00:00,2.2495000000000003
2025-01-22 21:00:00,2.2478000000000002
2025-01-22 23:00:00,2.2478000000000002
2025-01-23 14:30:00,2.2672000000000003
2025-01-23 15:00:00,2.261
2025-01-23 16:00:00,2.2421
2025-01-23 17:00:00,2.2582000000000004
2025-01-23 18:00:00,2.2477000000000005
2025-01-23 19:00:00,2.2432000000000003
2025-01-23 20:00:00,2.2416000000000005
2025-01-23 21:00:00,2.2411000000000003
2025-01-23 23:00:00,2.2411000000000003
2025-01-24 14:30:00,2.2475000000000005
2025-01-24 15:00:00,2.2421
2025-01-24 16:00:00,2.2432000000000003
2025-01-24 17:00:00,2.2478000000000002
2025-01-24 18:00:00,2.2579000000000002
2025-01-24 19:00:00,2.2481000000000004
2025-01-24 20:00:00,2.2469
2025-01-24 21:00:00,2.2462000000000004
2025-01-24 23:00:00,2.2462000000000004
2025-01-27 14:30:00,2.2256000000000005
2025-01-27 15:00:00,2.2045000000000003
2025-01-27 16:00:00,2.1841000000000004
2025-01-27 17:00:00,2.1937
2025-01-27 18:00:00,2.2032000000000003
2025-01-27 19:00:00,2.2020000000000004
2025-01-27 20:00:00,2.2037000000000004
2025-01-27 21:00:00,2.2054000000000005
2025-01-27 23:00:00,2.2054000000000005
2025-01-28 14:30:00,2.2058000000000004
2025-01-28 15:00:00,2.1937
2025-01-28 16:00:00,2.1906000000000003
2025-01-28 17:00:00,2.1912000000000003
2025-01-28 18:00:00,2.2043000000000004
2025-01-28 19:00:00,2.2034000000000002
2025-01-28 20:00:00,2.2032000000000003
2025-01-28 21:00:00,2.2009000000000003
2025-01-28 23:00:00,2.2037000000000004
2025-01-29 14:30:00,2.2
2025-01-29 15:00:00,2.2098000000000004
2025-01-29 16:00:00,2.2133000000000003
2025-01-29 17:00:00,2.1930000000000005
2025-01-29 18:00:00,2.2041000000000004
2025-01-29 19:00:00,2.2072000000000003
2025-01-29 20:00:00,2.2078
2025-01-29 21:00:00,2.2081000000000004
2025-01-29 23:00:00,2.2081000000000004
2025-01-30 14:30:00,2.2065
2025-01-30 15:00:00,2.2215000000000003
2025-01-30 16:00:00,2.2083000000000004
2025-01-30 17:00:00,2.2121000000000004
2025-01-30 18:00:00,2.2130000000000005
2025-01-30 19:00:00,2.2132000000000005
2025-01-30 20:00:00,2.2132000000000005
2025-01-30 21:00:00,2.2243000000000004
2025-01-30 23:00:00,2.2243000000000004
2025-01-31 14:30:00,2.1940000000000004
2025-01-31 15:00:00,2.2108000000000003
2025-01-31 16:00:00,2.2206
2025-01-31 17:00:00,2.2053000000000003
2025-01-31 18:00:00,2.2259
2025-01-31 19:00:00,2.2034000000000002
2025-01-31 20:00:00,2.2046
2025-01-31 21:00:00,2.2347
2025-01-31 23:00:00,2.2347
2025-02-03 14:30:00,2.2388000000000003
2025-02-03 15:00:00,2.2174000000000005
2025-02-03 16:00:00,2.2276000000000002
2025-02-03 17:00:00,2.2301
2025-02-03 18:00:00,2.2394000000000003
2025-02-03 19:00:00,2.2408
2025-02-03 20:00:00,2.2410000000000005
2025-02-03 21:00:00,2.2141
2025-02-03 23:00:00,2.2141
2025-02-04 14:30:00,2.2236000000000002
2025-02-04 15:00:00,2.2250000000000005
2025-02-04 16:00:00,2.2358000000000002
2025-02-04 17:00:00,2.2289000000000003
2025-02-04 18:00:00,2.2337000000000002
2025-02-04 19:00:00,2.2256000000000005
2025-02-04 20:00:00,2.2249000000000003
2025-02-04 21:00:00,2.2342000000000004
2025-02-04 23:00:00,2.2342000000000004
2025-02-05 14:30:00,2.2116000000000002
2025-02-05 15:00:00,2.2008000000000005
2025-02-05 16:00:00,2.1936000000000004
2025-02-05 17:00:00,2.1945
2025-02-05 18:00:00,2.1939
2025-02-05 19:00:00,2.1919000000000004
2025-02-05 20:00:00,2.1929000000000003
2025-02-05 21:00:00,2.1910000000000003
2025-02-05 23:00:00,2.1910000000000003
2025-02-06 14:30:00,2.1732000000000005
2025-02-06 15:00:00,2.1939
2025-02-06 16:00:00,2.1975000000000002
2025-02-06 17:00:00,2.1839000000000004
2025-02-06 18:00:00,2.1828000000000003
2025-02-06 19:00:00,2.1941
2025-02-06 20:00:00,2.1916
2025-02-06 21:00:00,2.1943
2025-02-06 23:00:00,2.1943
2025-02-07 14:30:00,2.2020000000000004
2025-02-07 15:00:00,2.2072000000000003
2025-02-07 16:00:00,2.2
2025-02-07 17:00:00,2.2113000000000005
2025-02-07 18:00:00,2.2071000000000005
2025-02-07 19:00:00,2.2132000000000005
2025-02-07 20:00:00,2.2132000000000005
2025-02-07 21:00:00,2.2157000000000004
2025-02-07 23:00:00,2.2157000000000004
2025-02-10 14:30:00,2.2351000000000005
2025-02-10 15:00:00,2.232
2025-02-10 16:00:00,2.2373000000000003
2025-02-10 17:00:00,2.2381
2025-02-10 18:00:00,2.2355000000000005
2025-02-10 19:00:00,2.2415000000000003
2025-02-10 20:00:00,2.2416000000000005
2025-02-10 21:00:00,2.2416000000000005
2025-02-10 23:00:00,2.2416000000000005
2025-02-11 14:30:00,2.2807000000000004
2025-02-11 15:00:00,2.2777000000000003
2025-02-11 16:00:00,2.2835000000000005
2025-02-11 17:00:00,2.2844
2025-02-11 18:00:00,2.2880000000000003
2025-02-11 19:00:00,2.2931000000000004
2025-02-11 20:00:00,2.2915000000000005
2025-02-11 21:00:00,2.2886
2025-02-11 23:00:00,2.2886
2025-02-12 14:30:00,2.2755000000000005
2025-02-12 15:00:00,2.257
2025-02-12 16:00:00,2.2627
2025-02-12 17:00:00,2.2481000000000004
2025-02-12 18:00:00,2.2366
2025-02-12 19:00:00,2.2349000000000006
2025-02-12 20:00:00,2.2333000000000003
2025-02-12 21:00:00,2.2283000000000004
2025-02-12 23:00:00,2.2283000000000004
2025-02-13 14:30:00,2.2161000000000004
2025-02-13 15:00:00,2.2136000000000005
2025-02-13 16:00:00,2.2208000000000006
2025-02-13 17:00:00,2.2251000000000003
2025-02-13 18:00:00,2.2279000000000004
2025-02-13 19:00:00,2.2332000000000005
2025-02-13 20:00:00,2.2326
2025-02-13 21:00:00,2.2363000000000004
2025-02-13 23:00:00,2.2363000000000004
2025-02-14 14:30:00,2.2504000000000004
2025-02-14 15:00:00,2.2387
2025-02-14 16:00:00,2.2369000000000003
2025-02-14 17:00:00,2.2378000000000005
2025-02-14 18:00:00,2.2330000000000005
2025-02-14 19:00:00,2.2281000000000004
2025-02-14 20:00:00,2.2252000000000005
2025-02-14 21:00:00,2.2207000000000003
2025-02-14 23:00:00,2.2207000000000003
2025-02-14 23:00:01,2.2207000000000003
2025-02-18 14:30:00,2.2388000000000003
2025-02-18 15:00:00,2.2319000000000004
2025-02-18 16:00:00,2.2345
2025-02-18 17:00:00,2.2323000000000004
2025-02-18 18:00:00,2.2408
2025-02-18 19:00:00,2.2334
2025-02-18 20:00:00,2.2327000000000004
2025-02-18 21:00:00,2.2345
2025-02-18 23:00:00,2.2345
2025-02-19 14:30:00,2.2573000000000003
2025-02-19 15:00:00,2.2448
2025-02-19 16:00:00,2.2461
2025-02-19 17:00:00,2.2446
2025-02-19 18:00:00,2.2415000000000003
2025-02-19 19:00:00,2.249
2025-02-19 20:00:00,2.2498
2025-02-19 21:00:00,2.2503
2025-02-19 23:00:00,2.2503
2025-02-20 14:30:00,2.2671
2025-02-20 15:00:00,2.2648
2025-02-20 16:00:00,2.2676000000000003
2025-02-20 17:00:00,2.2726
2025-02-20 18:00:00,2.2763000000000004
2025-02-20 19:00:00,2.2666000000000004
2025-02-20 20:00:00,2.2672000000000003
2025-02-20 21:00:00,2.2683000000000004
2025-02-20 23:00:00,2.2683000000000004
2025-02-21 14:30:00,2.2351
2025-02-21 15:00:00,2.2245000000000004
2025-02-21 16:00:00,2.2276000000000002
2025-02-21 17:00:00,2.2263
2025-02-21 18:00:00,2.2147
2025-02-21 19:00:00,2.2095000000000002
2025-02-21 20:00:00,2.2075
2025-02-21 21:00:00,2.2081000000000004
2025-02-21 23:00:00,2.2081000000000004
2025-02-24 14:30:00,2.2059
2025-02-24 15:00:00,2.2028000000000003
2025-02-24 16:00:00,2.2089000000000003
2025-02-24 17:00:00,2.2041000000000004
2025-02-24 18:00:00,2.2052
2025-02-24 19:00:00,2.2032000000000003
2025-02-24 20:00:00,2.2022000000000004
2025-02-24 21:00:00,2.2172
2025-02-24 23:00:00,2.2172
2025-02-25 14:30:00,2.1899
2025-02-25 15:00:00,2.1532
2025-02-25 16:00:00,2.1552000000000002
2025-02-25 17:00:00,2.1552000000000002
2025-02-25 18:00:00,2.1549
2025-02-25 19:00:00,2.1595000000000004
2025-02-25 20:00:00,2.1592000000000002
2025-02-25 21:00:00,2.1593
2025-02-25 23:00:00,2.1593
2025-02-26 14:30:00,2.1337
2025-02-26 15:00:00,2.1199000000000003
2025-02-26 16:00:00,2.1172000000000004
2025-02-26 17:00:00,2.1206
2025-02-26 18:00:00,2.1169000000000002
2025-02-26 19:00:00,2.129
2025-02-26 20:00:00,2.1304000000000003
2025-02-26 21:00:00,2.1313000000000004
2025-02-26 23:00:00,2.1313000000000004
2025-02-27 14:30:00,2.1446
2025-02-27 15:00:00,2.1586000000000003
2025-02-27 16:00:00,2.1621
2025-02-27 17:00:00,2.1653000000000002
2025-02-27 18:00:00,2.1678
2025-02-27 19:00:00,2.1719000000000004
2025-02-27 20:00:00,2.1692
2025-02-27 21:00:00,2.1693000000000002
2025-02-27 23:00:00,2.1693000000000002
2025-02-28 14:30:00,2.1381
2025-02-28 15:00:00,2.1535
2025-02-28 16:00:00,2.1449000000000003
2025-02-28 17:00:00,2.1473000000000004
2025-02-28 18:00:00,2.1559000000000004
2025-02-28 19:00:00,2.1465
2025-02-28 20:00:00,2.1548000000000003
2025-02-28 21:00:00,2.1516
2025-02-28 23:00:00,2.1516
2025-03-03 14:30:00,2.1427
2025-03-03 15:00:00,2.1353000000000004
2025-03-03 16:00:00,2.1303
2025-03-03 17:00:00,2.1296000000000004
2025-03-03 18:00:00,2.1054000000000004
2025-03-03 19:00:00,2.1015
2025-03-03 20:00:00,2.1051
2025-03-03 21:00:00,2.1116
2025-03-03 23:00:00,2.1116
2025-03-04 14:30:00,2.076
2025-03-04 15:00:00,2.0919000000000003
2025-03-04 16:00:00,2.0998
2025-03-04 17:00:00,2.1029000000000004
2025-03-04 18:00:00,2.1111000000000004
2025-03-04 19:00:00,2.1104000000000003
2025-03-04 20:00:00,2.1104000000000003
2025-03-04 21:00:00,2.1004
2025-03-04 23:00:00,2.1004
2025-03-05 14:30:00,2.0490000000000004
2025-03-05 15:00:00,2.0422000000000002
2025-03-05 16:00:00,2.0392
2025-03-05 17:00:00,2.0610000000000004
2025-03-05 18:00:00,2.0673000000000004
2025-03-05 19:00:00,2.0681000000000003
2025-03-05 20:00:00,2.0684
2025-03-05 21:00:00,2.0672
2025-03-05 23:00:00,2.0672
2025-03-06 14:30:00,2.0766
2025-03-06 15:00:00,2.0514
2025-03-06 16:00:00,2.0484
2025-03-06 17:00:00,2.0587000000000004
2025-03-06 18:00:00,2.0619
2025-03-06 19:00:00,2.0634
2025-03-06 20:00:00,2.0601000000000003
2025-03-06 21:00:00,2.0541
2025-03-06 23:00:00,2.0541
2025-03-07 14:30:00,2.1046
2025-03-07 15:00:00,2.0851
2025-03-07 16:00:00,2.0714
2025-03-07 17:00:00,2.0664000000000002
2025-03-07 18:00:00,2.0684
2025-03-07 19:00:00,2.0685000000000002
2025-03-07 20:00:00,2.0699
2025-03-07 21:00:00,2.0694000000000004
2025-03-07 23:00:00,2.0694000000000004
2025-03-10 13:30:00,2.0585000000000004
2025-03-10 14:00:00,2.0486000000000004
2025-03-10 15:00:00,2.0529
2025-03-10 16:00:00,2.0519000000000003
2025-03-10 17:00:00,2.0433000000000003
2025-03-10 18:00:00,2.0370000000000004
2025-03-10 19:00:00,2.0403000000000002
2025-03-10 20:00:00,2.0408000000000004
2025-03-10 23:00:00,2.0381
2025-03-11 13:30:00,2.0635000000000003
2025-03-11 14:00:00,2.0576000000000003
2025-03-11 15:00:00,2.0659
2025-03-11 16:00:00,2.0528000000000004
2025-03-11 17:00:00,2.0523000000000002
2025-03-11 18:00:00,2.0564
2025-03-11 19:00:00,2.0576000000000003
2025-03-11 20:00:00,2.0595000000000003
2025-03-11 23:00:00,2.0607
2025-03-12 13:30:00,2.068
2025-03-12 14:00:00,2.0772000000000004
2025-03-12 15:00:00,2.0739
2025-03-12 16:00:00,2.0742000000000003
2025-03-12 17:00:00,2.0755000000000003
2025-03-12 18:00:00,2.0785
2025-03-12 19:00:00,2.0776000000000003
2025-03-12 20:00:00,2.0777
2025-03-12 23:00:00,2.0787000000000004
2025-03-13 13:30:00,2.0632
2025-03-13 14:00:00,2.0676
2025-03-13 15:00:00,2.0528000000000004
2025-03-13 16:00:00,2.0423
2025-03-13 17:00:00,2.0343
2025-03-13 18:00:00,2.0345000000000004
2025-03-13 19:00:00,2.0302000000000002
2025-03-13 20:00:00,2.0326000000000004
2025-03-13 23:00:00,2.0385000000000004
2025-03-14 13:30:00,2.0387000000000004
2025-03-14 14:00:00,2.0345000000000004
2025-03-14 15:00:00,2.0319000000000003
2025-03-14 16:00:00,2.032
2025-03-14 17:00:00,2.0348
2025-03-14 18:00:00,2.0399000000000003
2025-03-14 19:00:00,2.0393000000000003
2025-03-14 20:00:00,2.0383
2025-03-14 23:00:00,2.0394
2025-03-17 13:30:00,2.0645000000000002
2025-03-17 14:00:00,2.0526000000000004
2025-03-17 15:00:00,2.0592
2025-03-17 16:00:00,2.0585000000000004
2025-03-17 17:00:00,2.0689
2025-03-17 18:00:00,2.0655
2025-03-17 19:00:00,2.0673000000000004
2025-03-17 20:00:00,2.0687
2025-03-17 23:00:00,2.0672
2025-03-18 13:30:00,2.0855
2025-03-18 14:00:00,2.0779
2025-03-18 15:00:00,2.0633000000000004
2025-03-18 16:00:00,2.0528000000000004
2025-03-18 17:00:00,2.0569
2025-03-18 18:00:00,2.0608000000000004
2025-03-18 19:00:00,2.0636
2025-03-18 20:00:00,2.0614000000000003
2025-03-18 23:00:00,2.0566000000000004
2025-03-19 13:30:00,2.0696000000000003
2025-03-19 14:00:00,2.0769
2025-03-19 15:00:00,2.0778000000000003
2025-03-19 16:00:00,2.0886
2025-03-19 17:00:00,2.0816000000000003
2025-03-19 18:00:00,2.0816000000000003
2025-03-19 19:00:00,2.0829000000000004
2025-03-19 20:00:00,2.0821
2025-03-19 20:00:01,2.0821
2025-03-19 23:00:00,2.0848999999999998
2025-03-20 13:30:00,2.0711
2025-03-20 14:00:00,2.0958
2025-03-20 15:00:00,2.101
2025-03-20 16:00:00,2.1002
2025-03-20 17:00:00,2.1021
2025-03-20 18:00:00,2.1039
2025-03-20 19:00:00,2.1052999999999997
2025-03-20 20:00:00,2.1057
2025-03-20 23:00:00,2.1078
2025-03-21 13:30:00,2.0965
2025-03-21 14:00:00,2.1065
2025-03-21 15:00:00,2.0975
2025-03-21 16:00:00,2.1076
2025-03-21 17:00:00,2.1041
2025-03-21 18:00:00,2.1064
2025-03-21 19:00:00,2.1045
2025-03-21 20:00:00,2.1065
2025-03-21 23:00:00,2.1087
2025-03-24 13:30:00,2.1096
2025-03-24 14:00:00,2.1117
2025-03-24 15:00:00,2.1185
2025-03-24 16:00:00,2.116
2025-03-24 17:00:00,2.1132
2025-03-24 18:00:00,2.1191999999999998
2025-03-24 19:00:00,2.1217
2025-03-24 20:00:00,2.1191999999999998
2025-03-24 23:00:00,2.1191999999999998
2025-03-25 13:30:00,2.1389
2025-03-25 14:00:00,2.129
2025-03-25 15:00:00,2.1283
2025-03-25 16:00:00,2.1217
2025-03-25 17:00:00,2.127
2025-03-25 18:00:00,2.1313999999999997
2025-03-25 19:00:00,2.1362
2025-03-25 20:00:00,2.1346
2025-03-25 23:00:00,2.1346
2025-03-26 13:30:00,2.148
2025-03-26 14:00:00,2.1512
2025-03-26 15:00:00,2.1542
2025-03-26 16:00:00,2.1492
2025-03-26 17:00:00,2.1418
2025-03-26 18:00:00,2.1441
2025-03-26 19:00:00,2.147
2025-03-26 20:00:00,2.1478
2025-03-26 23:00:00,2.1512
2025-03-27 13:30:00,2.1469
2025-03-27 14:00:00,2.1483
2025-03-27 15:00:00,2.1422
2025-03-27 16:00:00,2.1454
2025-03-27 17:00:00,2.149
2025-03-27 18:00:00,2.1539
2025-03-27 19:00:00,2.1499
2025-03-27 20:00:00,2.153
2025-03-27 23:00:00,2.153
2025-03-28 13:30:00,2.1412999999999998
2025-03-28 14:00:00,2.1374999999999997
2025-03-28 15:00:00,2.132
2025-03-28 16:00:00,2.1328
2025-03-28 17:00:00,2.1317
2025-03-28 18:00:00,2.1348
2025-03-28 19:00:00,2.1309
2025-03-28 20:00:00,2.1313999999999997
2025-03-28 23:00:00,2.1282
2025-03-31 14:30:00,2.1606
2025-03-31 15:00:00,2.1764
2025-03-31 16:00:00,2.1841
2025-03-31 17:00:00,2.1856999999999998
2025-03-31 18:00:00,2.1839999999999997
2025-03-31 19:00:00,2.1848
2025-03-31 20:00:00,2.1837
2025-03-31 21:00:00,2.1823
2025-03-31 23:00:00,2.1823
2025-04-01 14:30:00,2.1847
2025-04-01 15:00:00,2.1885
2025-04-01 16:00:00,2.1867
2025-04-01 17:00:00,2.1856999999999998
2025-04-01 18:00:00,2.1858999999999997
2025-04-01 19:00:00,2.1848
2025-04-01 20:00:00,2.1875
2025-04-01 21:00:00,2.1888
2025-04-01 23:00:00,2.1888
2025-04-02 14:30:00,2.19
2025-04-02 15:00:00,2.1901
2025-04-02 16:00:00,2.1997999999999998
2025-04-02 17:00:00,2.2091
2025-04-02 18:00:00,2.2143
2025-04-02 19:00:00,2.211
2025-04-02 20:00:00,2.2124
2025-04-02 21:00:00,2.1848
2025-04-02 23:00:00,2.1848
2025-04-03 14:30:00,2.0655
2025-04-03 15:00:00,2.0597
2025-04-03 16:00:00,2.0701
2025-04-03 17:00:00,2.0744
2025-04-03 18:00:00,2.0787999999999998
2025-04-03 19:00:00,2.0745
2025-04-03 20:00:00,2.0743
2025-04-03 21:00:00,2.0688999999999997
2025-04-03 23:00:00,2.0688999999999997
2025-04-04 14:30:00,1.9543
2025-04-04 15:00:00,1.9459999999999997
2025-04-04 16:00:00,1.9607
2025-04-04 17:00:00,1.9647000000000001
2025-04-04 18:00:00,1.9693999999999998
2025-04-04 19:00:00,1.9724
2025-04-04 20:00:00,1.9710999999999999
2025-04-04 21:00:00,1.9739999999999998
2025-04-04 23:00:00,1.9739999999999998
2025-04-07 14:30:00,1.9615999999999998
2025-04-07 15:00:00,1.9609
2025-04-07 16:00:00,1.9478
2025-04-07 17:00:00,1.9478999999999997
2025-04-07 18:00:00,1.9567999999999999
2025-04-07 19:00:00,1.9459
2025-04-07 20:00:00,1.9505
2025-04-07 21:00:00,1.9516999999999998
2025-04-07 23:00:00,1.9516999999999998
2025-04-08 14:30:00,1.9579
2025-04-08 15:00:00,1.9484
2025-04-08 16:00:00,1.9563000000000001
2025-04-08 17:00:00,1.9233000000000002
2025-04-08 18:00:00,1.9278
2025-04-08 19:00:00,1.909
2025-04-08 20:00:00,1.906
2025-04-08 21:00:00,1.8909
2025-04-08 23:00:00,1.8909
2025-04-09 14:30:00,1.8554
2025-04-09 15:00:00,1.8271
2025-04-09 16:00:00,1.8509
2025-04-09 17:00:00,1.8532
2025-04-09 18:00:00,1.963
2025-04-09 19:00:00,1.9653
2025-04-09 20:00:00,1.9870999999999999
2025-04-09 21:00:00,1.991
2025-04-09 23:00:00,1.991
2025-04-10 14:30:00,1.9082999999999999
2025-04-10 15:00:00,1.913
2025-04-10 16:00:00,1.9174
2025-04-10 17:00:00,1.9143999999999999
2025-04-10 18:00:00,1.9264999999999999
2025-04-10 19:00:00,1.9325
2025-04-10 20:00:00,1.9318999999999997
2025-04-10 21:00:00,1.9306
2025-04-10 23:00:00,1.9306
2025-04-11 14:30:00,1.9233000000000002
2025-04-11 15:00:00,1.912
2025-04-11 16:00:00,1.9278
2025-04-11 17:00:00,1.9385
2025-04-11 18:00:00,1.9505
2025-04-11 19:00:00,1.9470999999999998
2025-04-11 20:00:00,1.9499999999999997
2025-04-11 21:00:00,1.9487999999999999
2025-04-11 23:00:00,1.9487999999999999
2025-04-14 14:30:00,1.9638
2025-04-14 15:00:00,1.9653
2025-04-14 16:00:00,1.9529999999999998
2025-04-14 17:00:00,1.9487999999999999
2025-04-14 18:00:00,1.9573999999999998
2025-04-14 19:00:00,1.9645000000000001
2025-04-14 20:00:00,1.9672
2025-04-14 21:00:00,1.9644
2025-04-14 23:00:00,1.9644
2025-04-15 14:30:00,1.9691999999999998
2025-04-15 15:00:00,1.9575
2025-04-15 16:00:00,1.9493999999999998
2025-04-15 17:00:00,1.9535999999999998
2025-04-15 18:00:00,1.9516999999999998
2025-04-15 19:00:00,1.9581
2025-04-15 20:00:00,1.9583
2025-04-15 21:00:00,1.9626000000000001
2025-04-15 23:00:00,1.9626000000000001
2025-04-16 14:30:00,1.9746000000000001
2025-04-16 15:00:00,1.979
2025-04-16 16:00:00,1.9838999999999998
2025-04-16 17:00:00,1.9868000000000001
2025-04-16 18:00:00,1.9788000000000001
2025-04-16 19:00:00,1.9863999999999997
2025-04-16 20:00:00,1.9878
2025-04-16 21:00:00,1.9857999999999998
2025-04-16 23:00:00,1.9857999999999998
2025-04-17 14:30:00,2.0023
2025-04-17 15:00:00,2.0079
2025-04-17 16:00:00,2.0261
2025-04-17 17:00:00,2.035
2025-04-17 18:00:00,2.0293
2025-04-17 19:00:00,2.0232
2025-04-17 20:00:00,2.0212
2025-04-17 21:00:00,2.0194
2025-04-17 23:00:00,2.0194
2025-04-21 14:30:00,1.9756
2025-04-21 15:00:00,1.9846
2025-04-21 16:00:00,1.9777
2025-04-21 17:00:00,1.9808
2025-04-21 18:00:00,1.9798999999999998
2025-04-21 19:00:00,1.9878
2025-04-21 20:00:00,1.9924
2025-04-21 20:00:01,1.9924
2025-04-21 20:00:02,1.9924
2025-04-21 21:00:00,1.9910999999999999
2025-04-21 23:00:00,1.9910999999999999
2025-04-22 14:30:00,2.005
2025-04-22 15:00:00,2.0095
2025-04-22 16:00:00,2.0248
2025-04-22 17:00:00,2.026
2025-04-22 18:00:00,2.0157
2025-04-22 19:00:00,2.0109
2025-04-22 20:00:00,2.0103999999999997
2025-04-22 21:00:00,2.0145
2025-04-22 23:00:00,2.0145
2025-04-23 14:30:00,2.0098
2025-04-23 15:00:00,1.9960999999999998
2025-04-23 16:00:00,1.9819999999999998
2025-04-23 17:00:00,1.9868999999999999
2025-04-23 18:00:00,1.9882999999999997
2025-04-23 19:00:00,1.9893999999999998
2025-04-23 20:00:00,1.9905
2025-04-23 21:00:00,1.9922999999999997
2025-04-23 23:00:00,1.9922999999999997
2025-04-24 14:30:00,2.0052
2025-04-24 15:00:00,2.0063
2025-04-24 16:00:00,1.9977999999999998
2025-04-24 17:00:00,2.0107
2025-04-24 18:00:00,2.0122999999999998
2025-04-24 19:00:00,2.0103
2025-04-24 20:00:00,2.0101999999999998
2025-04-24 21:00:00,2.0143999999999997
2025-04-24 23:00:00,2.0143999999999997
2025-04-25 14:30:00,2.0139
2025-04-25 15:00:00,2.0118
2025-04-25 16:00:00,2.0227999999999997
2025-04-25 17:00:00,2.0213
2025-04-25 18:00:00,2.0153
2025-04-25 19:00:00,2.0213
2025-04-25 20:00:00,2.0253
2025-04-25 21:00:00,2.0248
2025-04-25 23:00:00,2.0248
2025-04-28 14:30:00,2.0181999999999998
2025-04-28 15:00:00,2.0115
2025-04-28 16:00:00,2.0021999999999998
2025-04-28 17:00:00,2.0002999999999997
2025-04-28 18:00:00,2.0035
2025-04-28 19:00:00,2.0061
2025-04-28 20:00:00,2.0069
2025-04-28 21:00:00,2.0046999999999997
2025-04-28 23:00:00,2.0046999999999997
2025-04-29 14:30:00,1.9823
2025-04-29 15:00:00,1.9762
2025-04-29 16:00:00,1.9741999999999997
2025-04-29 17:00:00,1.9695
2025-04-29 18:00:00,1.9743999999999997
2025-04-29 19:00:00,1.9705
2025-04-29 20:00:00,1.9697999999999998
2025-04-29 21:00:00,1.9663999999999997
2025-04-29 23:00:00,1.9663999999999997
2025-04-30 14:30:00,1.9436999999999998
2025-04-30 15:00:00,1.9463
2025-04-30 16:00:00,1.9171999999999998
2025-04-30 17:00:00,1.9141
2025-04-30 18:00:00,1.9169999999999998
2025-04-30 19:00:00,1.9158
2025-04-30 20:00:00,1.9143
2025-04-30 21:00:00,1.9227999999999998
2025-04-30 23:00:00,1.9227999999999998
2025-05-01 14:30:00,1.9249999999999998
2025-05-01 15:00:00,1.9182
2025-05-01 16:00:00,1.9075
2025-05-01 17:00:00,1.9089999999999998
2025-05-01 18:00:00,1.9144999999999999
2025-05-01 19:00:00,1.9293
2025-05-01 20:00:00,1.9283000000000001
2025-05-01 21:00:00,1.9242
2025-05-01 23:00:00,1.9242
2025-05-02 14:30:00,1.9079
2025-05-02 15:00:00,1.9083999999999999
2025-05-02 16:00:00,1.9164999999999999
2025-05-02 17:00:00,1.9061
2025-05-02 18:00:00,1.9106999999999998
2025-05-02 19:00:00,1.9078
2025-05-02 20:00:00,1.9055
2025-05-02 21:00:00,1.9141
2025-05-02 23:00:00,1.9141
2025-05-05 14:30:00,1.8989999999999998
2025-05-05 15:00:00,1.8839
2025-05-05 16:00:00,1.8883999999999999
2025-05-05 17:00:00,1.8955
2025-05-05 18:00:00,1.8983999999999999
2025-05-05 19:00:00,1.8932
2025-05-05 20:00:00,1.8942999999999999
2025-05-05 21:00:00,1.8966999999999998
2025-05-05 23:00:00,1.8966999999999998
2025-05-06 14:30:00,1.9343999999999997
2025-05-06 15:00:00,1.9362
2025-05-06 16:00:00,1.9402
2025-05-06 17:00:00,1.9261999999999997
2025-05-06 18:00:00,1.9318999999999997
2025-05-06 19:00:00,1.9255
2025-05-06 20:00:00,1.9245
2025-05-06 21:00:00,1.9247999999999998
2025-05-06 23:00:00,1.9247999999999998
2025-05-07 14:30:00,1.9153
2025-05-07 15:00:00,1.9089999999999998
2025-05-07 16:00:00,1.9048999999999998
2025-05-07 17:00:00,1.9064999999999999
2025-05-07 18:00:00,1.8970999999999998
2025-05-07 19:00:00,1.8963999999999999
2025-05-07 20:00:00,1.8958
2025-05-07 21:00:00,1.8897
2025-05-07 23:00:00,1.8897
2025-05-08 14:30:00,1.9268
2025-05-08 15:00:00,1.9312
2025-05-08 16:00:00,1.9436999999999998
2025-05-08 17:00:00,1.9457999999999998
2025-05-08 18:00:00,1.9455999999999998
2025-05-08 19:00:00,1.9487
2025-05-08 20:00:00,1.9472999999999998
2025-05-08 21:00:00,1.9592
2025-05-08 23:00:00,1.9592
2025-05-09 14:30:00,1.9569999999999999
2025-05-09 15:00:00,1.9569999999999999
2025-05-09 16:00:00,1.9596
2025-05-09 17:00:00,1.9632999999999998
2025-05-09 18:00:00,1.9623999999999997
2025-05-09 19:00:00,1.9684
2025-05-09 20:00:00,1.9689
2025-05-09 21:00:00,1.9695
2025-05-09 23:00:00,1.9695
2025-05-12 14:30:00,2.0191
2025-05-12 15:00:00,2.0073
2025-05-12 16:00:00,2.004
2025-05-12 17:00:00,2.0071
2025-05-12 18:00:00,2.0067
2025-05-12 19:00:00,2.0034
2025-05-12 20:00:00,2.004
2025-05-12 21:00:00,2.0039
2025-05-12 23:00:00,2.0039
2025-05-13 14:30:00,2.0221
2025-05-13 15:00:00,2.0282999999999998
2025-05-13 16:00:00,2.0465999999999998
2025-05-13 17:00:00,2.0545999999999998
2025-05-13 18:00:00,2.0530999999999997
2025-05-13 19:00:00,2.0518
2025-05-13 20:00:00,2.0524999999999998
2025-05-13 21:00:00,2.0539
2025-05-13 23:00:00,2.0539
2025-05-14 14:30:00,2.056
2025-05-14 15:00:00,2.0604999999999998
2025-05-14 16:00:00,2.0585
2025-05-14 17:00:00,2.0663
2025-05-14 18:00:00,2.0665999999999998
2025-05-14 19:00:00,2.0587999999999997
2025-05-14 20:00:00,2.0593999999999997
2025-05-14 21:00:00,2.0498
2025-05-14 23:00:00,2.0498
2025-05-15 14:30:00,2.0214
2025-05-15 15:00:00,2.0141999999999998
2025-05-15 16:00:00,2.026
2025-05-15 17:00:00,2.0265999999999997
2025-05-15 18:00:00,2.0208999999999997
2025-05-15 19:00:00,2.0206999999999997
2025-05-15 20:00:00,2.0223999999999998
2025-05-15 21:00:00,2.0199
2025-05-15 23:00:00,2.0199
2025-05-16 14:30:00,2.0107
2025-05-16 15:00:00,2.0154
2025-05-16 16:00:00,2.024
2025-05-16 17:00:00,2.0217
2025-05-16 18:00:00,2.0197
2025-05-16 19:00:00,2.0206999999999997
2025-05-16 20:00:00,2.0194
2025-05-16 21:00:00,2.0161
2025-05-16 23:00:00,2.0161
2025-05-19 14:30:00,2.0023
2025-05-19 15:00:00,2.0084
2025-05-19 16:00:00,2.0202
2025-05-19 17:00:00,2.0092
2025-05-19 18:00:00,1.9971
2025-05-19 19:00:00,2.0023999999999997
2025-05-19 20:00:00,2.001
2025-05-19 21:00:00,2.0059
2025-05-19 23:00:00,2.0059
2025-05-20 14:30:00,1.9966999999999997
2025-05-20 15:00:00,1.9956
2025-05-20 16:00:00,1.9973
2025-05-20 17:00:00,2.0153
2025-05-20 18:00:00,2.01
2025-05-20 19:00:00,2.0128999999999997
2025-05-20 20:00:00,2.0128
2025-05-20 21:00:00,2.0134
2025-05-20 23:00:00,2.0134
2025-05-21 14:30:00,2.0208
2025-05-21 15:00:00,2.0088
2025-05-21 16:00:00,2.0105999999999997
2025-05-21 17:00:00,2.0197
2025-05-21 18:00:00,2.0185
2025-05-21 19:00:00,2.0166
2025-05-21 20:00:00,2.0152
2025-05-21 21:00:00,2.0113
2025-05-21 23:00:00,2.0113
2025-05-22 14:30:00,1.9863999999999997
2025-05-22 15:00:00,1.9939999999999998
2025-05-22 16:00:00,1.9838999999999998
2025-05-22 17:00:00,1.9962999999999997
2025-05-22 18:00:00,1.9926
2025-05-22 19:00:00,1.9969999999999999
2025-05-22 20:00:00,1.9994
2025-05-22 21:00:00,1.9903999999999997
2025-05-22 23:00:00,1.9903999999999997
2025-05-23 14:30:00,1.9863999999999997
2025-05-23 15:00:00,1.9920999999999998
2025-05-23 16:00:00,1.9971999999999999
2025-05-23 17:00:00,1.9926999999999997
2025-05-23 18:00:00,1.9962999999999997
2025-05-23 19:00:00,1.9989
2025-05-23 20:00:00,1.9987999999999997
2025-05-23 21:00:00,1.9985
2025-05-23 23:00:00,1.9985
2025-05-23 23:00:01,1.9985
2025-05-27 14:30:00,1.9808999999999997
2025-05-27 15:00:00,1.9690999999999996
2025-05-27 16:00:00,1.9682
2025-05-27 17:00:00,1.9747
2025-05-27 18:00:00,1.9711999999999996
2025-05-27 19:00:00,1.9716999999999998
2025-05-27 20:00:00,1.9722
2025-05-27 21:00:00,1.9764999999999997
2025-05-27 23:00:00,1.9764999999999997
2025-05-28 14:30:00,1.9945
2025-05-28 15:00:00,1.9890999999999996
2025-05-28 16:00:00,2.0061
2025-05-28 17:00:00,1.9989
2025-05-28 18:00:00,1.9964999999999997
2025-05-28 19:00:00,1.9848
2025-05-28 20:00:00,1.9830999999999999
2025-05-28 21:00:00,1.9880999999999998
2025-05-28 23:00:00,1.9880999999999998
2025-05-29 14:30:00,1.9638
2025-05-29 15:00:00,1.9647999999999999
2025-05-29 16:00:00,1.9581999999999997
2025-05-29 17:00:00,1.9589999999999996
2025-05-29 18:00:00,1.9545999999999997
2025-05-29 19:00:00,1.9546999999999999
2025-05-29 20:00:00,1.9546999999999999
2025-05-29 21:00:00,1.9508999999999999
2025-05-29 23:00:00,1.9508999999999999
2025-05-30 14:30:00,1.9312
2025-05-30 15:00:00,1.9324999999999997
2025-05-30 16:00:00,1.9229999999999998
2025-05-30 17:00:00,1.9216999999999997
2025-05-30 18:00:00,1.9261999999999997
2025-05-30 19:00:00,1.9245999999999999
2025-05-30 20:00:00,1.9259999999999997
2025-05-30 21:00:00,1.9257
2025-05-30 23:00:00,1.9257
2025-06-02 14:30:00,1.9791999999999996
2025-06-02 15:00:00,1.9783999999999997
2025-06-02 16:00:00,1.9768999999999997
2025-06-02 17:00:00,1.9792999999999998
2025-06-02 18:00:00,1.9804999999999997
2025-06-02 19:00:00,1.9771999999999998
2025-06-02 20:00:00,1.9785
2025-06-02 21:00:00,1.9819
2025-06-02 23:00:00,1.9819
2025-06-03 14:30:00,1.9907
2025-06-03 15:00:00,2.0065999999999997
2025-06-03 16:00:00,2.0113999999999996
2025-06-03 17:00:00,2.0168
2025-06-03 18:00:00,2.0155999999999996
2025-06-03 19:00:00,2.0162
2025-06-03 20:00:00,2.0164999999999997
2025-06-03 21:00:00,2.0134999999999996
2025-06-03 23:00:00,2.0134999999999996
2025-06-04 14:30:00,2.0191999999999997
2025-06-04 15:00:00,2.0031
2025-06-04 16:00:00,1.9851999999999999
2025-06-04 17:00:00,1.9861999999999997
2025-06-04 18:00:00,1.9876999999999998
2025-06-04 19:00:00,1.9911999999999996
2025-06-04 20:00:00,1.9909999999999997
2025-06-04 21:00:00,1.9888
2025-06-04 23:00:00,1.9888
2025-06-05 14:30:00,2.0168
2025-06-05 15:00:00,2.0189
2025-06-05 16:00:00,2.0136999999999996
2025-06-05 17:00:00,2.01
2025-06-05 18:00:00,2.013
2025-06-05 19:00:00,2.0113
2025-06-05 20:00:00,2.0113999999999996
2025-06-05 21:00:00,2.0084999999999997
2025-06-05 23:00:00,2.0084999999999997
2025-06-06 14:30:00,2.0311
2025-06-06 15:00:00,2.0296999999999996
2025-06-06 16:00:00,2.0374
2025-06-06 17:00:00,2.0387999999999997
2025-06-06 18:00:00,2.0347
2025-06-06 19:00:00,2.0404999999999998
2025-06-06 20:00:00,2.0408
2025-06-06 21:00:00,2.0414999999999996
2025-06-06 23:00:00,2.0414999999999996
2025-06-09 14:30:00,2.0345999999999997
2025-06-09 15:00:00,2.0475999999999996
2025-06-09 16:00:00,2.0454999999999997
2025-06-09 17:00:00,2.0473999999999997
2025-06-09 18:00:00,2.0490999999999997
2025-06-09 19:00:00,2.0547
2025-06-09 20:00:00,2.0549999999999997
2025-06-09 21:00:00,2.054
2025-06-09 23:00:00,2.054
2025-06-10 14:30:00,2.0658
2025-06-10 15:00:00,2.0745999999999998
2025-06-10 16:00:00,2.0663
2025-06-10 17:00:00,2.0595
2025-06-10 18:00:00,2.0551999999999997
2025-06-10 19:00:00,2.0456
2025-06-10 20:00:00,2.0454
2025-06-10 21:00:00,2.0446
2025-06-10 23:00:00,2.0446
2025-06-11 14:30:00,2.0765
2025-06-11 15:00:00,2.0732999999999997
2025-06-11 16:00:00,2.0867999999999998
2025-06-11 17:00:00,2.0862
2025-06-11 18:00:00,2.0982999999999996
2025-06-11 19:00:00,2.1172
2025-06-11 20:00:00,2.1142999999999996
2025-06-11 21:00:00,2.121
2025-06-11 23:00:00,2.121
2025-06-12 14:30:00,2.0995
2025-06-12 15:00:00,2.0995999999999997
2025-06-12 16:00:00,2.1153
2025-06-12 17:00:00,2.1108
2025-06-12 18:00:00,2.1111999999999997
2025-06-12 19:00:00,2.1073
2025-06-12 20:00:00,2.1083999999999996
2025-06-12 21:00:00,2.1250999999999998
2025-06-12 23:00:00,2.1250999999999998
2025-06-13 14:30:00,2.2352
2025-06-13 15:00:00,2.2237999999999998
2025-06-13 16:00:00,2.2274
2025-06-13 17:00:00,2.2354999999999996
2025-06-13 18:00:00,2.2548
2025-06-13 19:00:00,2.287
2025-06-13 20:00:00,2.2834
2025-06-13 21:00:00,2.2746999999999997
2025-06-13 23:00:00,2.2746999999999997
2025-06-16 14:30:00,2.2199999999999998
2025-06-16 15:00:00,2.2230999999999996
2025-06-16 16:00:00,2.2552999999999996
2025-06-16 17:00:00,2.2687999999999997
2025-06-16 18:00:00,2.271
2025-06-16 19:00:00,2.2769
2025-06-16 20:00:00,2.2782999999999998
2025-06-16 21:00:00,2.278
2025-06-16 23:00:00,2.278
2025-06-17 14:30:00,2.3476
2025-06-17 15:00:00,2.3491
2025-06-17 16:00:00,2.3489
2025-06-17 17:00:00,2.3453
2025-06-17 18:00:00,2.359
2025-06-17 19:00:00,2.3859999999999997
2025-06-17 20:00:00,2.3857
2025-06-17 21:00:00,2.3931999999999998
2025-06-17 23:00:00,2.3931999999999998
2025-06-18 14:30:00,2.4072999999999998
2025-06-18 15:00:00,2.3539
2025-06-18 16:00:00,2.3722
2025-06-18 17:00:00,2.3836999999999997
2025-06-18 18:00:00,2.3954
2025-06-18 19:00:00,2.4177
2025-06-18 20:00:00,2.4149999999999996
2025-06-18 21:00:00,2.4080999999999997
2025-06-18 23:00:00,2.4080999999999997
2025-06-18 23:00:01,2.4080999999999997
2025-06-20 14:30:00,2.4433999999999996
2025-06-20 15:00:00,2.449
2025-06-20 16:00:00,2.4332
2025-06-20 17:00:00,2.4276999999999997
2025-06-20 18:00:00,2.4305999999999996
2025-06-20 19:00:00,2.4172999999999996
2025-06-20 20:00:00,2.4189999999999996
2025-06-20 21:00:00,2.4122
2025-06-20 23:00:00,2.4122
2025-06-23 14:30:00,2.4055999999999997
2025-06-23 15:00:00,2.3857999999999997
2025-06-23 16:00:00,2.4025
2025-06-23 17:00:00,2.3646999999999996
2025-06-23 18:00:00,2.2727999999999997
2025-06-23 19:00:00,2.2626
2025-06-23 20:00:00,2.2691
2025-06-23 21:00:00,2.2266
2025-06-23 23:00:00,2.2266
2025-06-24 14:30:00,2.1729999999999996
2025-06-24 15:00:00,2.1748
2025-06-24 16:00:00,2.1556999999999995
2025-06-24 17:00:00,2.1500999999999997
2025-06-24 18:00:00,2.1697999999999995
2025-06-24 19:00:00,2.1674999999999995
2025-06-24 20:00:00,2.1651999999999996
2025-06-24 21:00:00,2.1875999999999998
2025-06-24 23:00:00,2.1875999999999998
2025-06-25 14:30:00,2.1693
2025-06-25 15:00:00,2.1938999999999997
2025-06-25 16:00:00,2.2019999999999995
2025-06-25 17:00:00,2.1929999999999996
2025-06-25 18:00:00,2.1790999999999996
2025-06-25 19:00:00,2.1754999999999995
2025-06-25 20:00:00,2.1733999999999996
2025-06-25 21:00:00,2.1679
2025-06-25 23:00:00,2.1679
2025-06-26 14:30:00,2.1935999999999996
2025-06-26 15:00:00,2.2163
2025-06-26 16:00:00,2.2089999999999996
2025-06-26 17:00:00,2.2165
2025-06-26 18:00:00,2.2003
2025-06-26 19:00:00,2.1887
2025-06-26 20:00:00,2.1929
2025-06-26 21:00:00,2.1946
2025-06-26 23:00:00,2.1946
2025-06-27 14:30:00,2.1727999999999996
2025-06-27 15:00:00,2.1689
2025-06-27 16:00:00,2.1504999999999996
2025-06-27 17:00:00,2.155
2025-06-27 18:00:00,2.1586
2025-06-27 19:00:00,2.1512999999999995
2025-06-27 20:00:00,2.1506
2025-06-27 21:00:00,2.1473999999999998
2025-06-27 23:00:00,2.1473999999999998
2025-06-30 14:30:00,2.1774999999999998
2025-06-30 15:00:00,2.1691999999999996
2025-06-30 16:00:00,2.1748999999999996
2025-06-30 17:00:00,2.1778999999999997
2025-06-30 18:00:00,2.1774999999999998
2025-06-30 19:00:00,2.1748999999999996
2025-06-30 20:00:00,2.1746999999999996
2025-06-30 21:00:00,2.1731999999999996
2025-06-30 23:00:00,2.1731999999999996
2025-07-01 14:30:00,2.186
2025-07-01 15:00:00,2.1946999999999997
2025-07-01 16:00:00,2.2123999999999997
2025-07-01 17:00:00,2.2087999999999997
2025-07-01 18:00:00,2.2156
2025-07-01 19:00:00,2.2104
2025-07-01 20:00:00,2.2087999999999997
2025-07-01 21:00:00,2.2160999999999995
2025-07-01 23:00:00,2.2160999999999995
2025-07-02 14:30:00,2.2186
2025-07-02 15:00:00,2.2348
2025-07-02 16:00:00,2.2491999999999996
2025-07-02 17:00:00,2.2577999999999996
2025-07-02 18:00:00,2.2701
2025-07-02 19:00:00,2.2723999999999998
2025-07-02 20:00:00,2.276
2025-07-02 21:00:00,2.2790999999999997
2025-07-02 23:00:00,2.2790999999999997
2025-07-03 14:30:00,2.2702999999999998
2025-07-03 15:00:00,2.2647
2025-07-03 16:00:00,2.2641999999999998
2025-07-03 17:00:00,2.2699
2025-07-03 23:00:00,2.2699
2025-07-07 14:30:00,2.2605999999999997
2025-07-07 15:00:00,2.2632999999999996
2025-07-07 16:00:00,2.2638999999999996
2025-07-07 17:00:00,2.2737
2025-07-07 18:00:00,2.2742999999999998
2025-07-07 19:00:00,2.2855
2025-07-07 20:00:00,2.2868
2025-07-07 21:00:00,2.2798
2025-07-07 23:00:00,2.2798
2025-07-08 14:30:00,2.2859999999999996
2025-07-08 15:00:00,2.307
2025-07-08 16:00:00,2.3124
2025-07-08 17:00:00,2.3135
2025-07-08 18:00:00,2.3101
2025-07-08 19:00:00,2.3076
2025-07-08 20:00:00,2.3082
2025-07-08 21:00:00,2.3032
2025-07-08 23:00:00,2.3032
2025-07-09 14:30:00,2.2748999999999997
2025-07-09 15:00:00,2.2822999999999998
2025-07-09 16:00:00,2.2903999999999995
2025-07-09 17:00:00,2.2922
2025-07-09 18:00:00,2.2927999999999997
2025-07-09 19:00:00,2.2845999999999997
2025-07-09 20:00:00,2.2842
2025-07-09 21:00:00,2.2847999999999997
2025-07-09 23:00:00,2.2847999999999997
2025-07-10 14:30:00,2.2681999999999998
2025-07-10 15:00:00,2.2674
2025-07-10 16:00:00,2.2516
2025-07-10 17:00:00,2.2571
2025-07-10 18:00:00,2.2558
2025-07-10 19:00:00,2.264
2025-07-10 20:00:00,2.2644999999999995
2025-07-10 21:00:00,2.2641999999999998
2025-07-10 23:00:00,2.2641999999999998
2025-07-11 14:30:00,2.2933999999999997
2025-07-11 15:00:00,2.3107999999999995
2025-07-11 16:00:00,2.3166999999999995
2025-07-11 17:00:00,2.3149999999999995
2025-07-11 18:00:00,2.3198999999999996
2025-07-11 19:00:00,2.3288999999999995
2025-07-11 20:00:00,2.3308999999999997
2025-07-11 21:00:00,2.3352
2025-07-11 23:00:00,2.3352
2025-07-14 14:30:00,2.3124
2025-07-14 15:00:00,2.3063999999999996
2025-07-14 16:00:00,2.2914
2025-07-14 17:00:00,2.2937999999999996
2025-07-14 18:00:00,2.2853999999999997
2025-07-14 19:00:00,2.2824999999999998
2025-07-14 20:00:00,2.2821
2025-07-14 21:00:00,2.2744999999999997
2025-07-14 23:00:00,2.2744999999999997
2025-07-15 14:30:00,2.2891
2025-07-15 15:00:00,2.292
2025-07-15 16:00:00,2.296
2025-07-15 17:00:00,2.2863999999999995
2025-07-15 18:00:00,2.2925999999999997
2025-07-15 19:00:00,2.2922
2025-07-15 20:00:00,2.2931
2025-07-15 21:00:00,2.2950999999999997
2025-07-15 23:00:00,2.2950999999999997
2025-07-16 14:30:00,2.2725999999999997
2025-07-16 15:00:00,2.2571999999999997
2025-07-16 16:00:00,2.279
2025-07-16 17:00:00,2.284
2025-07-16 18:00:00,2.2891999999999997
2025-07-16 19:00:00,2.2908999999999997
2025-07-16 20:00:00,2.2907999999999995
2025-07-16 21:00:00,2.2843999999999998
2025-07-16 23:00:00,2.2843999999999998
2025-07-17 14:30:00,2.3076
2025-07-17 15:00:00,2.3207999999999998
2025-07-17 16:00:00,2.3253999999999997
2025-07-17 17:00:00,2.3350999999999997
2025-07-17 18:00:00,2.3333999999999997
2025-07-17 19:00:00,2.3465
2025-07-17 20:00:00,2.3476
2025-07-17 21:00:00,2.3465999999999996
2025-07-17 23:00:00,2.3465999999999996
2025-07-18 14:30:00,2.4122999999999997
2025-07-18 15:00:00,2.4276999999999997
2025-07-18 16:00:00,2.3682
2025-07-18 17:00:00,2.3591999999999995
2025-07-18 18:00:00,2.3406999999999996
2025-07-18 19:00:00,2.3408999999999995
2025-07-18 20:00:00,2.3381999999999996
2025-07-18 21:00:00,2.3360999999999996
2025-07-18 23:00:00,2.3360999999999996
2025-07-21 14:30:00,2.3476
2025-07-21 15:00:00,2.3615
2025-07-21 16:00:00,2.3575999999999997
2025-07-21 17:00:00,2.3695
2025-07-21 18:00:00,2.3806
2025-07-21 19:00:00,2.3764
2025-07-21 20:00:00,2.3764
2025-07-21 21:00:00,2.368
2025-07-21 23:00:00,2.368
2025-07-22 14:30:00,2.3246999999999995
2025-07-22 15:00:00,2.3229999999999995
2025-07-22 16:00:00,2.3190999999999997
2025-07-22 17:00:00,2.3244
2025-07-22 18:00:00,2.3244
2025-07-22 19:00:00,2.3381
2025-07-22 20:00:00,2.3394999999999997
2025-07-22 21:00:00,2.3284999999999996
2025-07-22 23:00:00,2.3284999999999996
2025-07-23 14:30:00,2.3219
2025-07-23 15:00:00,2.3097999999999996
2025-07-23 16:00:00,2.3267999999999995
2025-07-23 17:00:00,2.3335
2025-07-23 18:00:00,2.3373
2025-07-23 19:00:00,2.3402999999999996
2025-07-23 20:00:00,2.3409999999999997
2025-07-23 21:00:00,2.3394
2025-07-23 23:00:00,2.3394
2025-07-24 14:30:00,2.3103
2025-07-24 15:00:00,2.3204999999999996
2025-07-24 16:00:00,2.3135
2025-07-24 17:00:00,2.2838999999999996
2025-07-24 18:00:00,2.2929
2025-07-24 19:00:00,2.3168999999999995
2025-07-24 20:00:00,2.3164
2025-07-24 20:00:01,2.3164
2025-07-24 21:00:00,2.3106999999999998
2025-07-24 23:00:00,2.3106999999999998
2025-07-25 14:30:00,2.3202
2025-07-25 15:00:00,2.3255999999999997
2025-07-25 16:00:00,2.3252999999999995
2025-07-25 17:00:00,2.3202999999999996
2025-07-25 18:00:00,2.3024999999999998
2025-07-25 19:00:00,2.2986999999999997
2025-07-25 20:00:00,2.2979999999999996
2025-07-25 21:00:00,2.292
2025-07-25 23:00:00,2.292
2025-07-28 14:30:00,2.3388999999999998
2025-07-28 15:00:00,2.3278999999999996
2025-07-28 16:00:00,2.3206999999999995
2025-07-28 17:00:00,2.3286999999999995
2025-07-28 18:00:00,2.3265999999999996
2025-07-28 19:00:00,2.3289999999999997
2025-07-28 20:00:00,2.3286
2025-07-28 21:00:00,2.3313999999999995
2025-07-28 23:00:00,2.3313999999999995
2025-07-29 14:30:00,2.3349999999999995
2025-07-29 15:00:00,2.3288999999999995
2025-07-29 16:00:00,2.3265999999999996
2025-07-29 17:00:00,2.3269999999999995
2025-07-29 18:00:00,2.3709999999999996
2025-07-29 19:00:00,2.3863999999999996
2025-07-29 20:00:00,2.3841999999999994
2025-07-29 21:00:00,2.3764999999999996
2025-07-29 23:00:00,2.3764999999999996
2025-07-30 14:30:00,2.3533999999999997
2025-07-30 15:00:00,2.3545
2025-07-30 16:00:00,2.3532999999999995
2025-07-30 17:00:00,2.3539999999999996
2025-07-30 18:00:00,2.3661999999999996
2025-07-30 19:00:00,2.3583999999999996
2025-07-30 20:00:00,2.3568999999999996
2025-07-30 21:00:00,2.3616999999999995
2025-07-30 23:00:00,2.3616999999999995
2025-07-31 14:30:00,2.3547999999999996
2025-07-31 15:00:00,2.3495999999999997
2025-07-31 16:00:00,2.3352999999999997
2025-07-31 17:00:00,2.3543999999999996
2025-07-31 18:00:00,2.3484
2025-07-31 19:00:00,2.3394999999999997
2025-07-31 20:00:00,2.3367999999999998
2025-07-31 21:00:00,2.3417999999999997
2025-07-31 23:00:00,2.3417999999999997
2025-08-01 14:30:00,2.2926999999999995
2025-08-01 15:00:00,2.2484999999999995
2025-08-01 16:00:00,2.2539999999999996
2025-08-01 17:00:00,2.2592999999999996
2025-08-01 18:00:00,2.2504999999999997
2025-08-01 19:00:00,2.2438999999999996
2025-08-01 20:00:00,2.2434
2025-08-01 21:00:00,2.2354999999999996
2025-08-01 23:00:00,2.2354999999999996
2025-08-04 14:30:00,2.2202999999999995
2025-08-04 15:00:00,2.2678999999999996
2025-08-04 16:00:00,2.2683999999999997
2025-08-04 17:00:00,2.2650999999999994
2025-08-04 18:00:00,2.2625999999999995
2025-08-04 19:00:00,2.2567999999999997
2025-08-04 20:00:00,2.2580999999999998
2025-08-04 21:00:00,2.2550999999999997
2025-08-04 23:00:00,2.2550999999999997
2025-08-05 14:30:00,2.2247999999999997
2025-08-05 15:00:00,2.2131
2025-08-05 16:00:00,2.2139999999999995
2025-08-05 17:00:00,2.2093999999999996
2025-08-05 18:00:00,2.2112999999999996
2025-08-05 19:00:00,2.2030999999999996
2025-08-05 20:00:00,2.2026999999999997
2025-08-05 21:00:00,2.2026999999999997
2025-08-05 23:00:00,2.2026999999999997
2025-08-06 14:30:00,2.2584999999999997
2025-08-06 15:00:00,2.2522999999999995
2025-08-06 16:00:00,2.2261999999999995
2025-08-06 17:00:00,2.2516
2025-08-06 18:00:00,2.2358999999999996
2025-08-06 19:00:00,2.2095
2025-08-06 20:00:00,2.1986999999999997
2025-08-06 21:00:00,2.2097999999999995
2025-08-06 23:00:00,2.2097999999999995
2025-08-07 14:30:00,2.2291
2025-08-07 15:00:00,2.2159999999999997
2025-08-07 16:00:00,2.2236999999999996
2025-08-07 17:00:00,2.2251999999999996
2025-08-07 18:00:00,2.2154999999999996
2025-08-07 19:00:00,2.2089999999999996
2025-08-07 20:00:00,2.2078999999999995
2025-08-07 21:00:00,2.2066999999999997
2025-08-07 23:00:00,2.2066999999999997
2025-08-08 14:30:00,2.2481999999999998
2025-08-08 15:00:00,2.2253999999999996
2025-08-08 16:00:00,2.2354
2025-08-08 17:00:00,2.2243999999999997
2025-08-08 18:00:00,2.2239999999999998
2025-08-08 19:00:00,2.2162999999999995
2025-08-08 20:00:00,2.2138999999999998
2025-08-08 21:00:00,2.2086999999999994
2025-08-08 23:00:00,2.2086999999999994
2025-08-11 14:30:00,2.2182999999999997
2025-08-11 15:00:00,2.2020999999999997
2025-08-11 16:00:00,2.2171
2025-08-11 17:00:00,2.2293
2025-08-11 18:00:00,2.2314999999999996
2025-08-11 19:00:00,2.2293999999999996
2025-08-11 20:00:00,2.2300999999999997
2025-08-11 21:00:00,2.2282999999999995
2025-08-11 23:00:00,2.2282999999999995
2025-08-12 14:30:00,2.207
2025-08-12 15:00:00,2.2039999999999997
2025-08-12 16:00:00,2.1984999999999997
2025-08-12 17:00:00,2.1982999999999997
2025-08-12 18:00:00,2.1982999999999997
2025-08-12 19:00:00,2.1946999999999997
2025-08-12 20:00:00,2.1935
2025-08-12 21:00:00,2.1922999999999995
2025-08-12 23:00:00,2.1922999999999995
2025-08-13 14:30:00,2.1912
2025-08-13 15:00:00,2.1769999999999996
2025-08-13 16:00:00,2.1611
2025-08-13 17:00:00,2.1767999999999996
2025-08-13 18:00:00,2.1895999999999995
2025-08-13 19:00:00,2.1855999999999995
2025-08-13 20:00:00,2.1868999999999996
2025-08-13 21:00:00,2.1933
2025-08-13 23:00:00,2.1933
2025-08-14 14:30:00,2.1910999999999996
2025-08-14 15:00:00,2.1875999999999998
2025-08-14 16:00:00,2.1870999999999996
2025-08-14 17:00:00,2.1891
2025-08-14 18:00:00,2.1870999999999996
2025-08-14 19:00:00,2.1939999999999995
2025-08-14 20:00:00,2.1945999999999994
2025-08-14 21:00:00,2.1946999999999997
2025-08-14 23:00:00,2.1946999999999997
2025-08-15 14:30:00,2.1840999999999995
2025-08-15 15:00:00,2.1985999999999994
2025-08-15 16:00:00,2.1952999999999996
2025-08-15 17:00:00,2.2000999999999995
2025-08-15 18:00:00,2.1906999999999996
2025-08-15 19:00:00,2.1814999999999998
2025-08-15 20:00:00,2.1781999999999995
2025-08-15 21:00:00,2.1822999999999997
2025-08-15 23:00:00,2.1822999999999997
2025-08-18 14:30:00,2.1553999999999998
2025-08-18 15:00:00,2.1693
2025-08-18 16:00:00,2.1849
2025-08-18 17:00:00,2.1872
2025-08-18 18:00:00,2.1916999999999995
2025-08-18 19:00:00,2.1914999999999996
2025-08-18 20:00:00,2.1896999999999998
2025-08-18 21:00:00,2.1921999999999997
2025-08-18 23:00:00,2.1921999999999997
2025-08-19 14:30:00,2.1943999999999995
2025-08-19 15:00:00,2.1969999999999996
2025-08-19 16:00:00,2.1874
2025-08-19 17:00:00,2.1948
2025-08-19 18:00:00,2.1933999999999996
2025-08-19 19:00:00,2.1975999999999996
2025-08-19 20:00:00,2.1988999999999996
2025-08-19 21:00:00,2.1985999999999994
2025-08-19 23:00:00,2.1985999999999994
2025-08-20 14:30:00,2.2164999999999995
2025-08-20 15:00:00,2.2117999999999998
2025-08-20 16:00:00,2.2267999999999994
2025-08-20 17:00:00,2.2268999999999997
2025-08-20 18:00:00,2.2215
2025-08-20 19:00:00,2.2236999999999996
2025-08-20 20:00:00,2.2207999999999997
2025-08-20 21:00:00,2.2178999999999998
2025-08-20 23:00:00,2.2178999999999998
2025-08-21 14:30:00,2.2270999999999996
2025-08-21 15:00:00,2.2509999999999994
2025-08-21 16:00:00,2.2663999999999995
2025-08-21 17:00:00,2.2640999999999996
2025-08-21 18:00:00,2.2651999999999997
2025-08-21 19:00:00,2.2668999999999997
2025-08-21 19:00:01,2.2668999999999997
2025-08-21 20:00:00,2.2637
2025-08-21 21:00:00,2.2649999999999997
2025-08-21 23:00:00,2.2649999999999997
2025-08-22 14:30:00,2.2452
2025-08-22 15:00:00,2.2565999999999997
2025-08-22 16:00:00,2.2689
2025-08-22 17:00:00,2.2689
2025-08-22 18:00:00,2.2622
2025-08-22 19:00:00,2.2605999999999997
2025-08-22 20:00:00,2.2574
2025-08-22 21:00:00,2.2572
2025-08-22 23:00:00,2.2572
2025-08-25 14:30:00,2.2904999999999998
2025-08-25 15:00:00,2.2902
2025-08-25 16:00:00,2.2992
2025-08-25 17:00:00,2.302
2025-08-25 18:00:00,2.2973999999999997
2025-08-25 19:00:00,2.2933999999999997
2025-08-25 20:00:00,2.2965999999999998
2025-08-25 21:00:00,2.2950999999999997
2025-08-25 23:00:00,2.2950999999999997
2025-08-26 14:30:00,2.2656
2025-08-26 15:00:00,2.2557
2025-08-26 16:00:00,2.2418
2025-08-26 17:00:00,2.2378
2025-08-26 18:00:00,2.2376
2025-08-26 19:00:00,2.2367
2025-08-26 20:00:00,2.2340999999999998
2025-08-26 21:00:00,2.2375
2025-08-26 23:00:00,2.2375
2025-08-27 14:30:00,2.2455
2025-08-27 15:00:00,2.2506
2025-08-27 16:00:00,2.2479
2025-08-27 17:00:00,2.2436
2025-08-27 18:00:00,2.2487
2025-08-27 19:00:00,2.254
2025-08-27 20:00:00,2.2424999999999997
2025-08-27 21:00:00,2.2433
2025-08-27 23:00:00,2.2433
2025-08-28 14:30:00,2.2481999999999998
2025-08-28 15:00:00,2.2424
2025-08-28 16:00:00,2.2420999999999998
2025-08-28 17:00:00,2.2363
2025-08-28 18:00:00,2.2533
2025-08-28 19:00:00,2.2666999999999997
2025-08-28 20:00:00,2.2578
2025-08-28 21:00:00,2.2575
2025-08-28 23:00:00,2.2575
2025-08-29 14:30:00,2.2504
2025-08-29 15:00:00,2.2455
2025-08-29 16:00:00,2.2452
2025-08-29 17:00:00,2.239
2025-08-29 18:00:00,2.2346999999999997
2025-08-29 19:00:00,2.2346
2025-08-29 20:00:00,2.2321
2025-08-29 21:00:00,2.2356
2025-08-29 23:00:00,2.2356
2025-09-02 14:30:00,2.2931999999999997
2025-09-02 15:00:00,2.3057
2025-09-02 16:00:00,2.3169
2025-09-02 17:00:00,2.3211999999999997
2025-09-02 18:00:00,2.3245
2025-09-02 19:00:00,2.3266
2025-09-02 20:00:00,2.3274999999999997
2025-09-02 21:00:00,2.324
2025-09-02 23:00:00,2.324
2025-09-03 14:30:00,2.3138
2025-09-03 15:00:00,2.3104
2025-09-03 16:00:00,2.3302
2025-09-03 17:00:00,2.3091999999999997
2025-09-03 18:00:00,2.3032
2025-09-03 19:00:00,2.3039
2025-09-03 20:00:00,2.3093
2025-09-03 21:00:00,2.295
2025-09-03 23:00:00,2.295
2025-09-04 14:30:00,2.2691
2025-09-04 15:00:00,2.283
2025-09-04 16:00:00,2.2782
2025-09-04 17:00:00,2.2798
2025-09-04 18:00:00,2.2843
2025-09-04 19:00:00,2.2799
2025-09-04 20:00:00,2.2769
2025-09-04 21:00:00,2.2803999999999998
2025-09-04 23:00:00,2.2803999999999998
2025-09-05 14:30:00,2.2542999999999997
2025-09-05 15:00:00,2.2449
2025-09-05 16:00:00,2.2380999999999998
2025-09-05 17:00:00,2.2481
2025-09-05 18:00:00,2.2405999999999997
2025-09-05 19:00:00,2.2462999999999997
2025-09-05 20:00:00,2.2453
2025-09-05 21:00:00,2.2458
2025-09-05 23:00:00,2.2458
2025-09-08 14:30:00,2.2571
2025-09-08 15:00:00,2.2639
2025-09-08 16:00:00,2.2685999999999997
2025-09-08 17:00:00,2.2599
2025-09-08 18:00:00,2.2636
2025-09-08 19:00:00,2.2647999999999997
2025-09-08 20:00:00,2.2664
2025-09-08 21:00:00,2.2683999999999997
2025-09-08 23:00:00,2.2683999999999997
2025-09-09 14:30:00,2.2937
2025-09-09 15:00:00,2.2919
2025-09-09 16:00:00,2.2761
2025-09-09 17:00:00,2.2788999999999997
2025-09-09 18:00:00,2.2750999999999997
2025-09-09 19:00:00,2.2769999999999997
2025-09-09 20:00:00,2.276
2025-09-09 21:00:00,2.2792
2025-09-09 23:00:00,2.2792
2025-09-10 14:30:00,2.2826999999999997
2025-09-10 15:00:00,2.2769999999999997
2025-09-10 16:00:00,2.2943
2025-09-10 17:00:00,2.2946999999999997
2025-09-10 18:00:00,2.2948999999999997
2025-09-10 19:00:00,2.2963
2025-09-10 20:00:00,2.2939
2025-09-10 21:00:00,2.2927999999999997
2025-09-10 23:00:00,2.2927999999999997
2025-09-11 14:30:00,2.2489
2025-09-11 15:00:00,2.2405
2025-09-11 16:00:00,2.247
2025-09-11 17:00:00,2.2479999999999998
2025-09-11 18:00:00,2.2513
2025-09-11 19:00:00,2.2441
2025-09-11 20:00:00,2.2413
2025-09-11 21:00:00,2.2419
2025-09-11 23:00:00,2.2419
2025-09-12 14:30:00,2.2729999999999997
2025-09-12 15:00:00,2.2718
2025-09-12 16:00:00,2.2712
2025-09-12 17:00:00,2.2512
2025-09-12 18:00:00,2.2483999999999997
2025-09-12 19:00:00,2.2523
2025-09-12 20:00:00,2.2511
2025-09-12 21:00:00,2.2548
2025-09-12 23:00:00,2.2548
2025-09-15 14:30:00,2.2889999999999997
2025-09-15 15:00:00,2.294
2025-09-15 16:00:00,2.2891999999999997
2025-09-15 17:00:00,2.2859
2025-09-15 18:00:00,2.2902
2025-09-15 19:00:00,2.2902
2025-09-15 20:00:00,2.2897
2025-09-15 21:00:00,2.2887
2025-09-15 23:00:00,2.2887
2025-09-16 14:30:00,2.3266999999999998
2025-09-16 15:00:00,2.328
2025-09-16 16:00:00,2.3324
2025-09-16 17:00:00,2.3421
2025-09-16 18:00:00,2.3504
2025-09-16 19:00:00,2.3466
2025-09-16 20:00:00,2.3491
2025-09-16 21:00:00,2.3474999999999997
2025-09-16 23:00:00,2.3474999999999997
2025-09-17 14:30:00,2.3314999999999997
2025-09-17 15:00:00,2.323
2025-09-17 16:00:00,2.3178
2025-09-17 17:00:00,2.3124
2025-09-17 18:00:00,2.3173
2025-09-17 19:00:00,2.3124
2025-09-17 20:00:00,2.306
2025-09-17 21:00:00,2.3104999999999998
2025-09-17 23:00:00,2.3104999999999998
2025-09-18 14:30:00,2.3161
2025-09-18 15:00:00,2.3175
2025-09-18 16:00:00,2.3095
2025-09-18 17:00:00,2.2965999999999998
2025-09-18 18:00:00,2.2965
2025-09-18 19:00:00,2.3021
2025-09-18 20:00:00,2.3019
2025-09-18 21:00:00,2.3041
2025-09-18 23:00:00,2.3041
2025-09-19 14:30:00,2.2788999999999997
2025-09-19 15:00:00,2.2779
2025-09-19 16:00:00,2.2697
2025-09-19 17:00:00,2.2668999999999997
2025-09-19 18:00:00,2.2630999999999997
2025-09-19 19:00:00,2.2632
2025-09-19 19:00:01,2.2632
2025-09-19 20:00:00,2.2628
2025-09-19 21:00:00,2.2643
2025-09-19 23:00:00,2.2643
2025-09-22 14:30:00,2.2481
2025-09-22 15:00:00,2.2557
2025-09-22 16:00:00,2.2572
2025-09-22 17:00:00,2.2539
2025-09-22 18:00:00,2.2561
2025-09-22 19:00:00,2.2524
2025-09-22 20:00:00,2.2539
2025-09-22 21:00:00,2.257
2025-09-22 23:00:00,2.257
2025-09-23 14:30:00,2.2895
2025-09-23 15:00:00,2.294
2025-09-23 16:00:00,2.295
2025-09-23 17:00:00,2.2919
2025-09-23 18:00:00,2.2837
2025-09-23 19:00:00,2.2928
