DATETIME,price
1978-07-31 05:00:00,131.695
1978-08-01 05:00:00,130.44500000000005
1978-08-02 05:00:00,131.07
1978-08-03 05:00:00,130.76999999999998
1978-08-04 05:00:00,132.04500000000002
1978-08-07 05:00:00,131.745
1978-08-08 05:00:00,130.64499999999998
1978-08-09 05:00:00,130.32000000000005
1978-08-10 05:00:00,129.82000000000005
1978-08-11 05:00:00,129.64500000000004
1978-08-14 05:00:00,129.82000000000005
1978-08-15 05:00:00,128.64500000000004
1978-08-16 05:00:00,129.29500000000007
1978-08-17 05:00:00,129.39500000000004
1978-08-18 05:00:00,129.79500000000007
1978-08-21 05:00:00,129.54500000000007
1978-08-22 05:00:00,129.39500000000004
1978-08-23 05:00:00,129.39500000000004
1978-08-24 05:00:00,130.76999999999998
1978-08-25 05:00:00,131.945
1978-08-28 05:00:00,131.04500000000002
1978-08-29 05:00:00,131.325
1978-08-30 05:00:00,131.34500000000003
1978-08-31 05:00:00,131.495
1978-09-01 05:00:00,131.04500000000002
1978-09-05 05:00:00,131.42000000000002
1978-09-06 05:00:00,132.745
1978-09-07 05:00:00,132.245
1978-09-08 05:00:00,132.94500000000005
1978-09-11 05:00:00,132.745
1978-09-12 05:00:00,132.22000000000003
1978-09-13 05:00:00,131.92000000000002
1978-09-14 05:00:00,133.42000000000007
1978-09-15 05:00:00,133.07000000000005
1978-09-18 05:00:00,134.22000000000003
1978-09-19 05:00:00,133.79500000000007
1978-09-20 05:00:00,134.34500000000003
1978-09-21 05:00:00,135.84499999999997
1978-09-22 05:00:00,135.47000000000003
1978-09-25 05:00:00,135.79499999999996
1978-09-26 05:00:00,136.67000000000002
1978-09-27 05:00:00,136.195
1978-09-28 05:00:00,136.34500000000003
1978-09-29 05:00:00,136.34500000000003
1978-10-02 05:00:00,136.42000000000002
1978-10-03 05:00:00,136.745
1978-10-04 05:00:00,137.67000000000002
1978-10-05 05:00:00,138.12
1978-10-06 05:00:00,139.04500000000002
1978-10-09 05:00:00,139.29500000000002
1978-10-10 05:00:00,137.82000000000005
1978-10-11 05:00:00,138.09500000000003
1978-10-12 05:00:00,138.07000000000005
1978-10-13 05:00:00,137.09500000000003
1978-10-16 05:00:00,137.54500000000002
1978-10-17 05:00:00,137.54500000000002
1978-10-18 05:00:00,137.195
1978-10-19 05:00:00,135.87
1978-10-20 05:00:00,134.69500000000005
1978-10-23 05:00:00,135.14500000000004
1978-10-24 05:00:00,135.22000000000003
1978-10-25 05:00:00,134.67000000000007
1978-10-26 05:00:00,133.94500000000005
1978-10-27 05:00:00,135.34500000000003
1978-10-30 06:00:00,135.07000000000005
1978-10-31 06:00:00,135.54500000000002
1978-11-01 06:00:00,134.04500000000007
1978-11-02 06:00:00,134.52000000000004
1978-11-03 06:00:00,134.39500000000004
1978-11-06 06:00:00,133.89500000000004
1978-11-08 06:00:00,134.54500000000007
1978-11-09 06:00:00,135.17000000000002
1978-11-10 06:00:00,135.04500000000002
1978-11-13 06:00:00,135.42000000000002
1978-11-14 06:00:00,135.69500000000005
1978-11-15 06:00:00,137.14499999999998
1978-11-16 06:00:00,136.42000000000002
1978-11-17 06:00:00,137.82000000000005
1978-11-20 06:00:00,137.04500000000002
1978-11-21 06:00:00,138.17000000000002
1978-11-22 06:00:00,138.82000000000005
1978-11-27 06:00:00,138.97000000000003
1978-11-28 06:00:00,137.94500000000005
1978-11-29 06:00:00,138.47000000000003
1978-11-30 06:00:00,137.32
1978-12-01 06:00:00,137.94500000000005
1978-12-04 06:00:00,137.64500000000004
1978-12-05 06:00:00,137.64500000000004
1978-12-06 06:00:00,138.17000000000002
1978-12-07 06:00:00,138.69500000000005
1978-12-08 06:00:00,138.22000000000003
1978-12-11 06:00:00,136.72000000000003
1978-12-12 06:00:00,136.32
1978-12-13 06:00:00,136.82
1978-12-14 06:00:00,137.34500000000003
1978-12-15 06:00:00,136.945
1978-12-18 06:00:00,137.82000000000005
1978-12-19 06:00:00,136.59500000000003
1978-12-20 06:00:00,136.62
1978-12-21 06:00:00,136.76999999999998
1978-12-22 06:00:00,135.27000000000004
1978-12-26 06:00:00,133.77000000000004
1978-12-27 06:00:00,134.07000000000005
1978-12-28 06:00:00,133.97000000000003
1978-12-29 06:00:00,134.22000000000003
1979-01-02 06:00:00,134.97000000000003
1979-01-03 06:00:00,134.94500000000005
1979-01-04 06:00:00,135.29500000000002
1979-01-05 06:00:00,135.84499999999997
1979-01-08 06:00:00,135.54500000000002
1979-01-09 06:00:00,136.32
1979-01-10 06:00:00,136.445
1979-01-11 06:00:00,136.22000000000003
1979-01-12 06:00:00,137.04500000000002
1979-01-15 06:00:00,137.14499999999998
1979-01-16 06:00:00,137.14499999999998
1979-01-17 06:00:00,137.245
1979-01-18 06:00:00,137.445
1979-01-19 06:00:00,138.24500000000006
1979-01-22 06:00:00,138.19500000000005
1979-01-23 06:00:00,137.94500000000005
1979-01-24 06:00:00,139.42000000000002
1979-01-25 06:00:00,139.29500000000002
1979-01-26 06:00:00,139.14500000000004
1979-01-29 06:00:00,139.14500000000004
1979-01-30 06:00:00,138.82000000000005
1979-01-31 06:00:00,139.62000000000006
1979-02-01 06:00:00,139.04500000000002
1979-02-02 06:00:00,140.39500000000004
1979-02-05 06:00:00,139.39500000000004
1979-02-06 06:00:00,139.92000000000002
1979-02-07 06:00:00,139.72000000000003
1979-02-08 06:00:00,140.59500000000003
1979-02-09 06:00:00,140.32000000000005
1979-02-12 06:00:00,139.97000000000003
1979-02-13 06:00:00,140.64500000000004
1979-02-14 06:00:00,141.12000000000006
1979-02-15 06:00:00,141.97000000000003
1979-02-16 06:00:00,141.89500000000004
1979-02-20 06:00:00,141.94500000000005
1979-02-21 06:00:00,142.57000000000005
1979-02-22 06:00:00,142.27000000000004
1979-02-23 06:00:00,142.02000000000004
1979-02-26 06:00:00,140.72000000000003
1979-02-27 06:00:00,141.14500000000004
1979-02-28 06:00:00,140.87000000000006
1979-03-01 06:00:00,141.37000000000006
1979-03-02 06:00:00,141.29500000000002
1979-03-05 06:00:00,140.19500000000005
1979-03-06 06:00:00,139.42000000000002
1979-03-07 06:00:00,140.54500000000002
1979-03-08 06:00:00,140.37000000000006
1979-03-09 06:00:00,139.37000000000006
1979-03-12 06:00:00,138.12000000000006
1979-03-13 06:00:00,138.69500000000005
1979-03-14 06:00:00,139.62000000000006
1979-03-15 06:00:00,138.14500000000004
1979-03-16 06:00:00,137.62000000000006
1979-03-19 06:00:00,137.51999999999998
1979-03-20 06:00:00,138.29500000000002
1979-03-21 06:00:00,139.52000000000004
1979-03-22 06:00:00,138.02000000000004
1979-03-23 06:00:00,137.37
1979-03-26 06:00:00,135.87
1979-03-27 06:00:00,135.02000000000004
1979-03-28 06:00:00,135.17000000000002
1979-03-29 06:00:00,134.69500000000005
1979-03-30 06:00:00,134.77000000000004
1979-04-02 06:00:00,135.19500000000005
1979-04-03 06:00:00,134.34500000000003
1979-04-04 06:00:00,135.02000000000004
1979-04-05 06:00:00,135.54500000000002
1979-04-06 06:00:00,135.59500000000003
1979-04-09 06:00:00,136.245
1979-04-10 06:00:00,136.32
1979-04-11 06:00:00,136.745
1979-04-12 06:00:00,136.29500000000002
1979-04-16 06:00:00,136.22000000000003
1979-04-17 06:00:00,136.64500000000004
1979-04-18 06:00:00,137.52000000000004
1979-04-19 06:00:00,137.495
1979-04-20 06:00:00,137.245
1979-04-23 06:00:00,137.32
1979-04-24 06:00:00,135.87
1979-04-25 06:00:00,136.62
1979-04-26 06:00:00,136.745
1979-04-27 06:00:00,136.14500000000004
1979-04-30 05:00:00,136.87
1979-05-01 05:00:00,136.245
1979-05-02 05:00:00,136.27000000000004
1979-05-03 05:00:00,136.59500000000003
1979-05-04 05:00:00,135.34500000000003
1979-05-07 05:00:00,135.59500000000003
1979-05-08 05:00:00,135.29500000000007
1979-05-09 05:00:00,133.79500000000007
1979-05-10 05:00:00,133.97000000000003
1979-05-11 05:00:00,132.92000000000007
1979-05-14 05:00:00,132.84500000000008
1979-05-15 05:00:00,133.07000000000005
1979-05-16 05:00:00,132.54500000000002
1979-05-17 05:00:00,131.495
1979-05-18 05:00:00,131.34500000000003
1979-05-21 05:00:00,132.72000000000003
1979-05-22 05:00:00,132.12
1979-05-23 05:00:00,132.12
1979-05-24 05:00:00,131.27000000000004
1979-05-25 05:00:00,130.59500000000003
1979-05-29 05:00:00,130.29500000000007
1979-05-30 05:00:00,130.39500000000004
1979-05-31 05:00:00,130.39500000000004
1979-06-01 05:00:00,128.89500000000004
1979-06-04 05:00:00,129.02000000000004
1979-06-05 05:00:00,128.92000000000007
1979-06-06 05:00:00,127.44500000000006
1979-06-07 05:00:00,128.32000000000005
1979-06-08 05:00:00,127.89500000000005
1979-06-11 05:00:00,127.44500000000006
1979-06-12 05:00:00,128.07000000000005
1979-06-13 05:00:00,129.29500000000007
1979-06-14 05:00:00,128.57000000000005
1979-06-15 05:00:00,128.44500000000005
1979-06-18 05:00:00,129.24500000000006
1979-06-19 05:00:00,127.74500000000008
1979-06-20 05:00:00,127.34500000000004
1979-06-21 05:00:00,127.27000000000005
1979-06-22 05:00:00,127.92000000000003
1979-06-25 05:00:00,126.89500000000005
1979-06-26 05:00:00,127.32000000000006
1979-06-27 05:00:00,127.77000000000005
1979-06-28 05:00:00,126.44500000000006
1979-06-29 05:00:00,126.17000000000009
1979-07-02 05:00:00,126.87000000000008
1979-07-03 05:00:00,126.87000000000008
1979-07-05 05:00:00,128.37000000000006
1979-07-06 05:00:00,128.07000000000005
1979-07-09 05:00:00,129.39500000000004
1979-07-10 05:00:00,129.37000000000006
1979-07-11 05:00:00,129.24500000000006
1979-07-12 05:00:00,128.54500000000007
1979-07-13 05:00:00,127.12000000000008
1979-07-16 05:00:00,127.49500000000008
1979-07-17 05:00:00,126.37000000000008
1979-07-18 05:00:00,126.42000000000009
1979-07-19 05:00:00,126.67000000000009
1979-07-20 05:00:00,126.49500000000008
1979-07-23 05:00:00,126.97000000000004
1979-07-24 05:00:00,126.37000000000008
1979-07-25 05:00:00,126.29500000000009
1979-07-26 05:00:00,125.37000000000008
1979-07-27 05:00:00,124.62000000000008
1979-07-30 05:00:00,125.07000000000006
1979-07-31 05:00:00,125.22000000000004
1979-08-01 05:00:00,124.24500000000008
1979-08-02 05:00:00,124.82000000000006
1979-08-03 05:00:00,125.09500000000004
1979-08-06 05:00:00,125.14500000000005
1979-08-07 05:00:00,125.02000000000005
1979-08-08 05:00:00,124.99500000000008
1979-08-09 05:00:00,126.24500000000008
1979-08-10 05:00:00,127.17000000000009
1979-08-13 05:00:00,127.22000000000004
1979-08-14 05:00:00,128.17000000000002
1979-08-15 05:00:00,127.62000000000008
1979-08-16 05:00:00,129.09500000000003
1979-08-17 05:00:00,129.12000000000006
1979-08-20 05:00:00,129.09500000000003
1979-08-21 05:00:00,128.19500000000005
1979-08-22 05:00:00,128.52000000000004
1979-08-23 05:00:00,128.07000000000005
1979-08-24 05:00:00,128.64500000000004
1979-08-27 05:00:00,127.14500000000005
1979-08-28 05:00:00,126.39500000000005
1979-08-29 05:00:00,127.89500000000005
1979-08-30 05:00:00,128.67000000000007
1979-08-31 05:00:00,129.62000000000006
1979-09-04 05:00:00,128.82000000000005
1979-09-05 05:00:00,130.09500000000003
1979-09-06 05:00:00,131.09500000000003
1979-09-07 05:00:00,130.57
1979-09-10 05:00:00,130.72000000000003
1979-09-11 05:00:00,132.22000000000003
1979-09-12 05:00:00,133.02000000000004
1979-09-13 05:00:00,132.87000000000006
1979-09-14 05:00:00,131.52000000000004
1979-09-17 05:00:00,130.87
1979-09-18 05:00:00,131.84500000000003
1979-09-19 05:00:00,132.245
1979-09-20 05:00:00,132.39499999999998
1979-09-21 05:00:00,130.89500000000004
1979-09-24 05:00:00,129.39500000000004
1979-09-25 05:00:00,129.52000000000004
1979-09-26 05:00:00,129.32000000000005
1979-09-27 05:00:00,129.44500000000005
1979-09-28 05:00:00,129.37000000000006
1979-10-01 05:00:00,130.02000000000004
1979-10-02 05:00:00,129.72000000000003
1979-10-03 05:00:00,129.82000000000005
1979-10-04 05:00:00,128.32000000000005
1979-10-05 05:00:00,127.02000000000005
1979-10-08 05:00:00,127.42000000000003
1979-10-09 05:00:00,126.89500000000005
1979-10-10 05:00:00,128.27000000000004
1979-10-11 05:00:00,127.67000000000003
1979-10-12 05:00:00,126.97000000000004
1979-10-15 05:00:00,126.67000000000003
1979-10-16 05:00:00,127.89500000000005
1979-10-17 05:00:00,128.32000000000005
1979-10-18 05:00:00,128.37000000000006
1979-10-19 05:00:00,128.12000000000006
1979-10-22 05:00:00,129.62000000000006
1979-10-23 05:00:00,129.62000000000006
1979-10-24 05:00:00,128.32000000000005
1979-10-25 05:00:00,129.52000000000004
1979-10-26 05:00:00,129.17000000000007
1979-10-29 06:00:00,129.49500000000006
1979-10-30 06:00:00,130.77000000000004
1979-10-31 06:00:00,130.67000000000002
1979-11-01 06:00:00,130.62
1979-11-02 06:00:00,131.17000000000002
1979-11-05 06:00:00,131.82
1979-11-06 06:00:00,131.89500000000004
1979-11-07 06:00:00,132.97000000000008
1979-11-08 06:00:00,132.37
1979-11-09 06:00:00,132.745
1979-11-12 06:00:00,132.87000000000006
1979-11-13 06:00:00,132.29500000000002
1979-11-14 06:00:00,133.74500000000006
1979-11-15 06:00:00,133.19500000000005
1979-11-16 06:00:00,133.77000000000004
1979-11-19 06:00:00,134.07000000000005
1979-11-20 06:00:00,135.57000000000005
1979-11-21 06:00:00,135.62000000000006
1979-11-23 06:00:00,134.84500000000003
1979-11-26 06:00:00,134.29500000000007
1979-11-27 06:00:00,135.19500000000005
1979-11-28 06:00:00,133.69500000000005
1979-11-29 06:00:00,132.695
1979-11-30 06:00:00,132.695
1979-12-03 06:00:00,133.52000000000004
1979-12-04 06:00:00,132.745
1979-12-05 06:00:00,133.22000000000008
1979-12-06 06:00:00,132.14499999999998
1979-12-07 06:00:00,132.695
1979-12-10 06:00:00,132.495
1979-12-11 06:00:00,133.99500000000006
1979-12-12 06:00:00,135.27000000000004
1979-12-13 06:00:00,134.67000000000007
1979-12-14 06:00:00,134.49500000000006
1979-12-17 06:00:00,134.37000000000006
1979-12-18 06:00:00,132.92000000000007
1979-12-19 06:00:00,132.07
1979-12-20 06:00:00,132.34500000000003
1979-12-21 06:00:00,133.07000000000005
1979-12-26 06:00:00,132.52000000000004
1979-12-27 06:00:00,132.94500000000005
1979-12-28 06:00:00,132.82000000000005
1979-12-31 06:00:00,132.72000000000003
1980-01-02 06:00:00,134.22000000000003
1980-01-03 06:00:00,134.67000000000007
1980-01-04 06:00:00,134.02000000000004
1980-01-07 06:00:00,132.52000000000004
1980-01-08 06:00:00,131.32
1980-01-09 06:00:00,131.695
1980-01-10 06:00:00,132.64499999999998
1980-01-11 06:00:00,131.59500000000003
1980-01-14 06:00:00,131.995
1980-01-15 06:00:00,131.89500000000004
1980-01-16 06:00:00,132.17000000000002
1980-01-17 06:00:00,132.04500000000002
1980-01-18 06:00:00,132.195
1980-01-21 06:00:00,131.79500000000002
1980-01-22 06:00:00,132.79500000000007
1980-01-23 06:00:00,132.22000000000003
1980-01-24 06:00:00,132.12
1980-01-25 06:00:00,132.12
1980-01-28 06:00:00,131.92000000000002
1980-01-29 06:00:00,132.245
1980-01-30 06:00:00,132.32
1980-01-31 06:00:00,131.52000000000004
1980-02-01 06:00:00,130.72000000000003
1980-02-04 06:00:00,130.945
1980-02-05 06:00:00,130.89500000000004
1980-02-06 06:00:00,131.47000000000003
1980-02-07 06:00:00,131.22000000000003
1980-02-08 06:00:00,131.92000000000002
1980-02-11 06:00:00,131.72000000000003
1980-02-12 06:00:00,131.04500000000002
1980-02-13 06:00:00,130.995
1980-02-14 06:00:00,130.87
1980-02-15 06:00:00,130.54500000000007
1980-02-19 06:00:00,130.17000000000007
1980-02-20 06:00:00,130.07000000000005
1980-02-21 06:00:00,130.37000000000006
1980-02-22 06:00:00,129.84500000000003
1980-02-25 06:00:00,129.92000000000007
1980-02-26 06:00:00,129.69500000000005
1980-02-27 06:00:00,130.62
1980-02-28 06:00:00,131.195
1980-02-29 06:00:00,130.82
1980-03-03 06:00:00,131.495
1980-03-04 06:00:00,131.87
1980-03-05 06:00:00,131.79500000000002
1980-03-06 06:00:00,131.39500000000004
1980-03-07 06:00:00,131.29500000000002
1980-03-10 06:00:00,129.89500000000004
1980-03-11 06:00:00,129.97000000000003
1980-03-12 06:00:00,130.14500000000004
1980-03-13 06:00:00,130.44500000000005
1980-03-14 06:00:00,130.14500000000004
1980-03-17 06:00:00,129.69500000000005
1980-03-18 06:00:00,129.72000000000003
1980-03-19 06:00:00,130.02000000000004
1980-03-20 06:00:00,128.99500000000006
1980-03-21 06:00:00,127.49500000000008
1980-03-24 06:00:00,125.99500000000008
1980-03-25 06:00:00,125.74500000000008
1980-03-26 06:00:00,125.94500000000006
1980-03-27 06:00:00,124.44500000000006
1980-03-28 06:00:00,123.14500000000005
1980-03-31 06:00:00,123.64500000000005
1980-04-01 06:00:00,122.14500000000011
1980-04-02 06:00:00,121.39500000000011
1980-04-03 06:00:00,122.89500000000005
1980-04-07 06:00:00,124.39500000000005
1980-04-08 06:00:00,122.92000000000009
1980-04-09 06:00:00,124.17000000000009
1980-04-10 06:00:00,124.29500000000009
1980-04-11 06:00:00,124.29500000000009
1980-04-14 06:00:00,123.69500000000006
1980-04-15 06:00:00,123.64500000000005
1980-04-16 06:00:00,124.29500000000003
1980-04-17 06:00:00,123.34500000000004
1980-04-18 06:00:00,123.22000000000004
1980-04-21 06:00:00,124.72000000000004
1980-04-22 06:00:00,124.47000000000004
1980-04-23 06:00:00,125.34500000000004
1980-04-24 06:00:00,125.22000000000004
1980-04-25 06:00:00,125.54500000000003
1980-04-28 05:00:00,124.54500000000003
1980-04-29 05:00:00,124.37000000000008
1980-04-30 05:00:00,123.97000000000004
1980-05-01 05:00:00,123.67000000000003
1980-05-02 05:00:00,123.34500000000004
1980-05-05 05:00:00,124.07000000000006
1980-05-06 05:00:00,123.77000000000005
1980-05-07 05:00:00,124.67000000000003
1980-05-08 05:00:00,124.32000000000006
1980-05-09 05:00:00,124.87000000000008
1980-05-12 05:00:00,124.59500000000004
1980-05-13 05:00:00,124.17000000000003
1980-05-14 05:00:00,124.29500000000003
1980-05-15 05:00:00,123.47000000000004
1980-05-16 05:00:00,123.72000000000004
1980-05-19 05:00:00,123.99500000000008
1980-05-20 05:00:00,123.17000000000003
1980-05-21 05:00:00,123.02000000000005
1980-05-22 05:00:00,123.09500000000004
1980-05-23 05:00:00,123.02000000000005
1980-05-27 05:00:00,123.39500000000005
1980-05-28 05:00:00,123.32000000000006
1980-05-29 05:00:00,122.62000000000008
1980-05-30 05:00:00,122.82000000000006
1980-06-02 05:00:00,121.49500000000013
1980-06-03 05:00:00,121.99500000000013
1980-06-04 05:00:00,122.64500000000005
1980-06-05 05:00:00,122.49500000000013
1980-06-06 05:00:00,122.64500000000005
1980-06-09 05:00:00,124.14500000000005
1980-06-10 05:00:00,124.99500000000008
1980-06-11 05:00:00,126.04500000000003
1980-06-12 05:00:00,125.64500000000005
1980-06-13 05:00:00,126.24500000000008
1980-06-16 05:00:00,125.69500000000006
1980-06-17 05:00:00,126.22000000000004
1980-06-18 05:00:00,126.09500000000004
1980-06-19 05:00:00,125.04500000000003
1980-06-20 05:00:00,125.92000000000003
1980-06-23 05:00:00,127.42000000000003
1980-06-24 05:00:00,127.49500000000008
1980-06-25 05:00:00,127.97000000000004
1980-06-26 05:00:00,127.87000000000008
1980-06-27 05:00:00,127.84500000000004
1980-06-30 05:00:00,127.87000000000008
1980-07-01 05:00:00,127.92000000000003
1980-07-02 05:00:00,129.42000000000007
1980-07-03 05:00:00,129.49500000000006
1980-07-07 05:00:00,128.74500000000006
1980-07-08 05:00:00,129.19500000000005
1980-07-09 05:00:00,128.62000000000006
1980-07-10 05:00:00,129.62000000000006
1980-07-11 05:00:00,130.02000000000004
1980-07-14 05:00:00,130.32000000000005
1980-07-15 05:00:00,128.89500000000004
1980-07-16 05:00:00,129.24500000000006
1980-07-17 05:00:00,127.89500000000005
1980-07-18 05:00:00,128.92000000000007
1980-07-21 05:00:00,128.64500000000004
1980-07-22 05:00:00,128.79500000000007
1980-07-23 05:00:00,129.62000000000006
1980-07-24 05:00:00,130.14500000000004
1980-07-25 05:00:00,130.22000000000003
1980-07-28 05:00:00,129.84500000000003
1980-07-29 05:00:00,130.745
1980-07-30 05:00:00,130.52000000000004
1980-07-31 05:00:00,131.97000000000003
1980-08-01 05:00:00,131.72000000000003
1980-08-04 05:00:00,132.32
1980-08-05 05:00:00,130.995
1980-08-06 05:00:00,131.14500000000004
1980-08-07 05:00:00,132.14499999999998
1980-08-08 05:00:00,133.62000000000006
1980-08-11 05:00:00,132.92000000000007
1980-08-12 05:00:00,132.12
1980-08-13 05:00:00,132.54500000000002
1980-08-14 05:00:00,133.42000000000007
1980-08-15 05:00:00,132.92000000000007
1980-08-18 05:00:00,131.745
1980-08-19 05:00:00,131.57
1980-08-20 05:00:00,131.82
1980-08-21 05:00:00,132.04500000000002
1980-08-22 05:00:00,132.67000000000002
1980-08-25 05:00:00,131.995
1980-08-26 05:00:00,132.67000000000002
1980-08-27 05:00:00,131.945
1980-08-28 05:00:00,131.04500000000002
1980-08-29 05:00:00,130.92000000000002
1980-09-02 05:00:00,131.42000000000002
1980-09-03 05:00:00,132.92000000000007
1980-09-04 05:00:00,134.24500000000006
1980-09-05 05:00:00,134.72000000000003
1980-09-08 05:00:00,136.22000000000003
1980-09-09 05:00:00,135.67000000000002
1980-09-10 05:00:00,137.04500000000002
1980-09-11 05:00:00,136.245
1980-09-12 05:00:00,134.87000000000006
1980-09-15 05:00:00,136.245
1980-09-16 05:00:00,137.57000000000005
1980-09-17 05:00:00,136.97000000000003
1980-09-18 05:00:00,137.07
1980-09-19 05:00:00,138.44500000000005
1980-09-22 05:00:00,137.74500000000006
1980-09-23 05:00:00,136.245
1980-09-24 05:00:00,135.54500000000002
1980-09-25 05:00:00,136.32
1980-09-26 05:00:00,135.92000000000002
1980-09-29 05:00:00,137.245
1980-09-30 05:00:00,137.37
1980-10-01 05:00:00,136.92000000000002
1980-10-02 05:00:00,135.67000000000002
1980-10-03 05:00:00,134.89500000000004
1980-10-06 05:00:00,136.22000000000003
1980-10-07 05:00:00,136.17000000000002
1980-10-08 05:00:00,136.17000000000002
1980-10-09 05:00:00,137.64500000000004
1980-10-10 05:00:00,137.54500000000002
1980-10-13 05:00:00,138.37000000000006
1980-10-14 05:00:00,137.72000000000003
1980-10-15 05:00:00,137.89500000000004
1980-10-16 05:00:00,137.47000000000003
1980-10-17 05:00:00,137.92000000000002
1980-10-20 05:00:00,138.92000000000002
1980-10-21 05:00:00,138.39500000000004
1980-10-22 05:00:00,139.495
1980-10-23 05:00:00,138.44500000000005
1980-10-24 05:00:00,138.245
1980-10-27 06:00:00,137.69500000000005
1980-10-28 06:00:00,138.07000000000005
1980-10-29 06:00:00,138.69500000000005
1980-10-30 06:00:00,138.07000000000005
1980-10-31 06:00:00,136.84500000000003
1980-11-03 06:00:00,137.51999999999998
1980-11-05 06:00:00,138.14500000000004
1980-11-06 06:00:00,137.745
1980-11-07 06:00:00,136.92000000000002
1980-11-10 06:00:00,135.69500000000005
1980-11-11 06:00:00,135.97000000000003
1980-11-12 06:00:00,136.32
1980-11-13 06:00:00,135.745
1980-11-14 06:00:00,135.995
1980-11-17 06:00:00,137.22000000000003
1980-11-18 06:00:00,138.72000000000003
1980-11-19 06:00:00,138.37
1980-11-20 06:00:00,139.07000000000005
1980-11-21 06:00:00,138.27000000000004
1980-11-24 06:00:00,138.02000000000004
1980-11-25 06:00:00,138.82000000000005
1980-11-26 06:00:00,138.52000000000004
1980-11-28 06:00:00,140.02000000000004
1980-12-01 06:00:00,139.37
1980-12-02 06:00:00,139.94500000000005
1980-12-03 06:00:00,138.44500000000005
1980-12-04 06:00:00,137.745
1980-12-05 06:00:00,136.945
1980-12-08 06:00:00,135.54500000000002
1980-12-09 06:00:00,134.37000000000006
1980-12-10 06:00:00,134.32000000000005
1980-12-11 06:00:00,132.82000000000005
1980-12-12 06:00:00,133.14500000000004
1980-12-15 06:00:00,134.64500000000004
1980-12-16 06:00:00,134.77000000000004
1980-12-17 06:00:00,134.22000000000003
1980-12-18 06:00:00,134.92000000000002
1980-12-19 06:00:00,136.07
1980-12-22 06:00:00,135.54500000000002
1980-12-23 06:00:00,135.12000000000006
1980-12-24 06:00:00,133.62000000000006
1980-12-29 06:00:00,132.12
1980-12-30 06:00:00,130.62
1980-12-31 06:00:00,129.44500000000005
1981-01-02 06:00:00,129.27000000000004
1981-01-05 06:00:00,129.92000000000007
1981-01-06 06:00:00,130.995
1981-01-07 06:00:00,130.64500000000004
1981-01-08 06:00:00,129.94500000000005
1981-01-09 06:00:00,128.47000000000003
1981-01-12 06:00:00,128.54500000000007
1981-01-13 06:00:00,128.99500000000006
1981-01-14 06:00:00,128.79500000000007
1981-01-15 06:00:00,129.02000000000004
1981-01-16 06:00:00,129.07000000000005
1981-01-19 06:00:00,127.79500000000003
1981-01-20 06:00:00,128.19500000000005
1981-01-21 06:00:00,127.92000000000003
1981-01-22 06:00:00,129.34500000000003
1981-01-23 06:00:00,128.82000000000005
1981-01-26 06:00:00,128.92000000000007
1981-01-27 06:00:00,128.39500000000004
1981-01-28 06:00:00,128.57000000000005
1981-01-29 06:00:00,128.27000000000004
1981-01-30 06:00:00,128.59500000000003
1981-02-02 06:00:00,127.69500000000006
1981-02-03 06:00:00,127.87000000000008
1981-02-04 06:00:00,127.49500000000008
1981-02-05 06:00:00,127.79500000000003
1981-02-06 06:00:00,129.07000000000005
1981-02-09 06:00:00,130.24500000000006
1981-02-10 06:00:00,130.09500000000003
1981-02-11 06:00:00,129.59500000000003
1981-02-12 06:00:00,128.92000000000007
1981-02-13 06:00:00,129.67000000000007
1981-02-17 06:00:00,131.12
1981-02-18 06:00:00,130.76999999999998
1981-02-19 06:00:00,131.26999999999998
1981-02-20 06:00:00,129.77000000000004
1981-02-23 06:00:00,128.37000000000006
1981-02-24 06:00:00,128.49500000000006
1981-02-25 06:00:00,126.99500000000008
1981-02-26 06:00:00,126.22000000000004
1981-02-27 06:00:00,124.72000000000004
1981-03-02 06:00:00,123.22000000000004
1981-03-03 06:00:00,124.37000000000008
1981-03-04 06:00:00,122.87000000000008
1981-03-05 06:00:00,123.29500000000003
1981-03-06 06:00:00,124.14500000000005
1981-03-09 06:00:00,123.92000000000003
1981-03-10 06:00:00,122.69500000000006
1981-03-11 06:00:00,121.19500000000012
1981-03-12 06:00:00,121.64500000000011
1981-03-13 06:00:00,120.74500000000013
1981-03-16 06:00:00,120.07000000000012
1981-03-17 06:00:00,121.57000000000012
1981-03-18 06:00:00,120.37000000000013
1981-03-19 06:00:00,120.94500000000012
1981-03-20 06:00:00,119.64500000000011
1981-03-23 06:00:00,121.14500000000011
1981-03-24 06:00:00,122.64500000000005
1981-03-25 06:00:00,123.52000000000005
1981-03-26 06:00:00,125.02000000000005
1981-03-27 06:00:00,124.92000000000003
1981-03-30 06:00:00,124.32000000000006
1981-03-31 06:00:00,125.67000000000003
1981-04-01 06:00:00,124.87000000000008
1981-04-02 06:00:00,124.87000000000008
1981-04-03 06:00:00,124.49500000000008
1981-04-06 06:00:00,125.99500000000008
1981-04-07 06:00:00,125.94500000000006
1981-04-08 06:00:00,126.07000000000006
1981-04-09 06:00:00,127.24500000000008
1981-04-10 06:00:00,126.29500000000003
1981-04-13 06:00:00,127.04500000000003
1981-04-14 06:00:00,126.29500000000003
1981-04-15 06:00:00,125.34500000000004
1981-04-16 06:00:00,125.59500000000004
1981-04-20 06:00:00,125.94500000000006
1981-04-21 06:00:00,125.99500000000008
1981-04-22 06:00:00,124.49500000000008
1981-04-23 06:00:00,123.82000000000006
1981-04-24 06:00:00,124.09500000000004
1981-04-27 05:00:00,125.59500000000004
1981-04-28 05:00:00,125.24500000000008
1981-04-29 05:00:00,125.44500000000006
1981-04-30 05:00:00,123.97000000000004
1981-05-01 05:00:00,124.97000000000004
1981-05-04 05:00:00,123.47000000000004
1981-05-05 05:00:00,123.02000000000005
1981-05-06 05:00:00,123.54500000000003
1981-05-07 05:00:00,123.84500000000004
1981-05-08 05:00:00,124.27000000000005
1981-05-11 05:00:00,124.74500000000008
1981-05-12 05:00:00,123.29500000000003
1981-05-13 05:00:00,123.17000000000003
1981-05-14 05:00:00,123.69500000000006
1981-05-15 05:00:00,122.19500000000012
1981-05-18 05:00:00,123.69500000000006
1981-05-19 05:00:00,125.19500000000006
1981-05-20 05:00:00,126.19500000000006
1981-05-21 05:00:00,126.52000000000005
1981-05-22 05:00:00,127.94500000000006
1981-05-26 05:00:00,127.92000000000003
1981-05-27 05:00:00,127.74500000000002
1981-05-28 05:00:00,128.09500000000003
1981-05-29 05:00:00,128.82000000000005
1981-06-01 05:00:00,128.29500000000002
1981-06-02 05:00:00,128.12
1981-06-03 05:00:00,126.74500000000008
1981-06-04 05:00:00,128.07000000000005
1981-06-05 05:00:00,129.57000000000005
1981-06-08 05:00:00,129.97000000000003
1981-06-09 05:00:00,129.27000000000004
1981-06-10 05:00:00,129.12000000000006
1981-06-11 05:00:00,128.54500000000007
1981-06-12 05:00:00,129.04500000000007
1981-06-15 05:00:00,128.74500000000006
1981-06-16 05:00:00,127.44500000000006
1981-06-17 05:00:00,127.92000000000003
1981-06-18 05:00:00,128.77000000000004
1981-06-19 05:00:00,127.94500000000006
1981-06-22 05:00:00,126.64500000000005
1981-06-23 05:00:00,127.57000000000006
1981-06-24 05:00:00,127.39500000000005
1981-06-25 05:00:00,127.07000000000006
1981-06-26 05:00:00,125.57000000000006
1981-06-29 05:00:00,124.22000000000004
1981-06-30 05:00:00,122.99500000000008
1981-07-01 05:00:00,123.62000000000008
1981-07-02 05:00:00,123.69500000000006
1981-07-06 05:00:00,125.14500000000005
1981-07-07 05:00:00,125.02000000000005
1981-07-08 05:00:00,123.52000000000005
1981-07-09 05:00:00,123.57000000000006
1981-07-10 05:00:00,123.47000000000004
1981-07-13 05:00:00,123.99500000000008
1981-07-14 05:00:00,123.92000000000003
1981-07-15 05:00:00,122.89500000000005
1981-07-16 05:00:00,123.04500000000003
1981-07-17 05:00:00,124.09500000000004
1981-07-20 05:00:00,123.52000000000005
1981-07-21 05:00:00,122.02000000000011
1981-07-22 05:00:00,121.07000000000012
1981-07-23 05:00:00,121.42000000000009
1981-07-24 05:00:00,121.42000000000009
1981-07-27 05:00:00,120.92000000000009
1981-07-28 05:00:00,120.77000000000011
1981-07-29 05:00:00,122.27000000000011
1981-07-30 05:00:00,121.77000000000011
1981-07-31 05:00:00,123.19500000000006
1981-08-03 05:00:00,122.74500000000008
1981-08-04 05:00:00,122.59500000000004
1981-08-05 05:00:00,123.84500000000004
1981-08-06 05:00:00,123.74500000000008
1981-08-07 05:00:00,124.02000000000005
1981-08-10 05:00:00,123.72000000000004
1981-08-11 05:00:00,123.92000000000003
1981-08-12 05:00:00,125.12000000000008
1981-08-13 05:00:00,124.82000000000006
1981-08-14 05:00:00,124.64500000000005
1981-08-17 05:00:00,124.59500000000004
1981-08-18 05:00:00,124.14500000000005
1981-08-19 05:00:00,125.19500000000006
1981-08-20 05:00:00,124.69500000000006
1981-08-21 05:00:00,124.72000000000004
1981-08-24 05:00:00,123.22000000000004
1981-08-25 05:00:00,122.17000000000009
1981-08-26 05:00:00,123.04500000000003
1981-08-27 05:00:00,122.99500000000008
1981-08-28 05:00:00,122.54500000000003
1981-08-31 05:00:00,121.69500000000012
1981-09-01 05:00:00,123.14500000000005
1981-09-02 05:00:00,123.62000000000008
1981-09-03 05:00:00,123.67000000000003
1981-09-04 05:00:00,123.99500000000008
1981-09-08 05:00:00,124.27000000000005
1981-09-09 05:00:00,125.29500000000003
1981-09-10 05:00:00,125.42000000000003
1981-09-11 05:00:00,125.19500000000006
1981-09-14 05:00:00,125.22000000000004
1981-09-15 05:00:00,125.34500000000004
1981-09-16 05:00:00,124.04500000000003
1981-09-17 05:00:00,124.32000000000006
1981-09-18 05:00:00,124.32000000000006
1981-09-21 05:00:00,123.82000000000006
1981-09-22 05:00:00,122.39500000000011
1981-09-23 05:00:00,122.79500000000003
1981-09-24 05:00:00,122.99500000000008
1981-09-25 05:00:00,121.49500000000013
1981-09-28 05:00:00,120.99500000000013
1981-09-29 05:00:00,121.3450000000001
1981-09-30 05:00:00,121.04500000000009
1981-10-01 05:00:00,120.19500000000012
1981-10-02 05:00:00,121.54500000000009
1981-10-05 05:00:00,120.8450000000001
1981-10-06 05:00:00,120.44500000000012
1981-10-07 05:00:00,120.12000000000013
1981-10-08 05:00:00,119.64500000000011
1981-10-09 05:00:00,118.92000000000009
1981-10-12 05:00:00,118.44500000000012
1981-10-13 05:00:00,119.79500000000009
1981-10-14 05:00:00,118.67000000000009
1981-10-15 05:00:00,118.64500000000011
1981-10-16 05:00:00,119.39500000000011
1981-10-19 05:00:00,120.0950000000001
1981-10-20 05:00:00,119.64500000000011
1981-10-21 05:00:00,120.14500000000011
1981-10-22 05:00:00,119.9700000000001
1981-10-23 05:00:00,119.42000000000009
1981-10-26 06:00:00,119.39500000000011
1981-10-27 06:00:00,120.24500000000013
1981-10-28 06:00:00,120.04500000000009
1981-10-29 06:00:00,119.9700000000001
1981-10-30 06:00:00,120.07000000000012
1981-11-02 06:00:00,119.04500000000009
1981-11-03 06:00:00,119.24500000000013
1981-11-04 06:00:00,119.5950000000001
1981-11-05 06:00:00,119.39500000000011
1981-11-06 06:00:00,119.19500000000012
1981-11-09 06:00:00,120.54500000000009
1981-11-10 06:00:00,120.42000000000009
1981-11-11 06:00:00,119.92000000000009
1981-11-12 06:00:00,119.44500000000012
1981-11-13 06:00:00,120.27000000000011
1981-11-16 06:00:00,118.89500000000011
1981-11-17 06:00:00,118.64500000000011
1981-11-18 06:00:00,118.14500000000011
1981-11-19 06:00:00,118.04500000000009
1981-11-20 06:00:00,116.54500000000009
1981-11-23 06:00:00,115.04500000000009
1981-11-24 06:00:00,114.89500000000011
1981-11-25 06:00:00,114.89500000000011
1981-11-27 06:00:00,114.89500000000011
1981-11-30 06:00:00,115.77000000000011
1981-12-01 06:00:00,115.77000000000011
1981-12-02 06:00:00,115.7200000000001
1981-12-03 06:00:00,114.54500000000009
1981-12-04 06:00:00,114.14500000000011
1981-12-07 06:00:00,112.64500000000011
1981-12-08 06:00:00,113.07000000000012
1981-12-09 06:00:00,112.99500000000013
1981-12-10 06:00:00,111.49500000000008
1981-12-11 06:00:00,111.12000000000008
1981-12-14 06:00:00,111.19500000000006
1981-12-15 06:00:00,109.69500000000006
1981-12-16 06:00:00,109.89500000000011
1981-12-17 06:00:00,111.07000000000006
1981-12-18 06:00:00,110.8450000000001
1981-12-21 06:00:00,110.67000000000009
1981-12-22 06:00:00,111.14500000000011
1981-12-23 06:00:00,112.64500000000011
1981-12-24 06:00:00,114.14500000000011
1981-12-28 06:00:00,115.54500000000009
1981-12-29 06:00:00,115.14500000000011
1981-12-30 06:00:00,115.42000000000009
1981-12-31 06:00:00,115.19500000000012
1982-01-04 06:00:00,115.49500000000013
1982-01-05 06:00:00,115.5950000000001
1982-01-06 06:00:00,116.82000000000006
1982-01-07 06:00:00,116.54500000000009
1982-01-08 06:00:00,116.8450000000001
1982-01-11 06:00:00,116.54500000000009
1982-01-12 06:00:00,117.69500000000006
1982-01-13 06:00:00,118.3450000000001
1982-01-14 06:00:00,119.12000000000013
1982-01-15 06:00:00,118.89500000000011
1982-01-18 06:00:00,117.74500000000008
1982-01-19 06:00:00,118.77000000000011
1982-01-20 06:00:00,119.39500000000011
1982-01-21 06:00:00,119.5950000000001
1982-01-22 06:00:00,119.3450000000001
1982-01-25 06:00:00,118.79500000000009
1982-01-26 06:00:00,119.29500000000009
1982-01-27 06:00:00,119.04500000000009
1982-01-28 06:00:00,120.54500000000009
1982-01-29 06:00:00,121.69500000000012
1982-02-01 06:00:00,121.07000000000012
1982-02-02 06:00:00,120.92000000000009
1982-02-03 06:00:00,122.42000000000009
1982-02-04 06:00:00,121.52000000000011
1982-02-05 06:00:00,121.44500000000012
1982-02-08 06:00:00,119.94500000000012
1982-02-09 06:00:00,120.69500000000012
1982-02-10 06:00:00,119.19500000000012
1982-02-11 06:00:00,118.67000000000009
1982-02-12 06:00:00,118.64500000000011
1982-02-16 06:00:00,119.67000000000009
1982-02-17 06:00:00,119.52000000000011
1982-02-18 06:00:00,119.89500000000011
1982-02-19 06:00:00,119.29500000000009
1982-02-22 06:00:00,120.79500000000009
1982-02-23 06:00:00,121.37000000000013
1982-02-24 06:00:00,120.7200000000001
1982-02-25 06:00:00,120.19500000000012
1982-02-26 06:00:00,119.42000000000009
1982-03-01 06:00:00,119.8450000000001
1982-03-02 06:00:00,121.3450000000001
1982-03-03 06:00:00,121.87000000000013
1982-03-04 06:00:00,121.82000000000012
1982-03-05 06:00:00,121.87000000000013
1982-03-08 06:00:00,122.39500000000011
1982-03-09 06:00:00,123.19500000000006
1982-03-10 06:00:00,122.52000000000005
1982-03-11 06:00:00,123.82000000000006
1982-03-12 06:00:00,123.94500000000006
1982-03-15 06:00:00,123.12000000000008
1982-03-16 06:00:00,122.84500000000004
1982-03-17 06:00:00,124.22000000000004
1982-03-18 06:00:00,123.77000000000005
1982-03-19 06:00:00,122.82000000000006
1982-03-22 06:00:00,124.32000000000006
1982-03-23 06:00:00,124.92000000000003
1982-03-24 06:00:00,124.52000000000005
1982-03-25 06:00:00,124.59500000000004
1982-03-26 06:00:00,125.54500000000003
1982-03-29 06:00:00,125.04500000000003
1982-03-30 06:00:00,124.87000000000008
1982-03-31 06:00:00,124.94500000000006
1982-04-01 06:00:00,126.44500000000006
1982-04-02 06:00:00,126.72000000000004
1982-04-05 06:00:00,126.34500000000004
1982-04-06 06:00:00,125.72000000000004
1982-04-07 06:00:00,124.97000000000004
1982-04-08 06:00:00,125.54500000000003
1982-04-12 06:00:00,126.24500000000008
1982-04-13 06:00:00,126.72000000000004
1982-04-14 06:00:00,126.67000000000003
1982-04-15 06:00:00,126.17000000000003
1982-04-16 06:00:00,126.79500000000003
1982-04-19 06:00:00,126.89500000000005
1982-04-20 06:00:00,127.97000000000004
1982-04-21 06:00:00,127.99500000000008
1982-04-22 06:00:00,128.34500000000003
1982-04-23 06:00:00,128.77000000000004
1982-04-26 05:00:00,128.57000000000005
1982-04-27 05:00:00,128.37000000000006
1982-04-28 05:00:00,127.44500000000006
1982-04-29 05:00:00,128.42000000000007
1982-04-30 05:00:00,129.27000000000004
1982-05-03 05:00:00,129.07000000000005
1982-05-04 05:00:00,128.99500000000006
1982-05-05 05:00:00,128.77000000000004
1982-05-06 05:00:00,130.14500000000004
1982-05-07 05:00:00,130.34500000000003
1982-05-10 05:00:00,130.07
1982-05-11 05:00:00,130.945
1982-05-12 05:00:00,130.67000000000002
1982-05-13 05:00:00,129.84500000000003
1982-05-14 05:00:00,130.84500000000003
1982-05-17 05:00:00,131.695
1982-05-18 05:00:00,131.14500000000004
1982-05-19 05:00:00,130.59500000000003
1982-05-20 05:00:00,129.84500000000003
1982-05-21 05:00:00,130.32000000000005
1982-05-24 05:00:00,130.12000000000006
1982-05-25 05:00:00,131.59500000000003
1982-05-26 05:00:00,131.62
1982-05-27 05:00:00,132.07
1982-05-28 05:00:00,131.945
1982-06-01 05:00:00,130.44500000000005
1982-06-02 05:00:00,128.94500000000005
1982-06-03 05:00:00,129.24500000000006
1982-06-04 05:00:00,128.34500000000003
1982-06-07 05:00:00,126.84500000000004
1982-06-08 05:00:00,125.69500000000006
1982-06-09 05:00:00,125.29500000000003
1982-06-10 05:00:00,126.79500000000003
1982-06-11 05:00:00,127.14500000000005
1982-06-14 05:00:00,125.64500000000005
1982-06-15 05:00:00,126.62000000000008
1982-06-16 05:00:00,125.29500000000009
1982-06-17 05:00:00,123.79500000000009
1982-06-18 05:00:00,125.29500000000009
1982-06-21 05:00:00,126.79500000000009
1982-06-22 05:00:00,128.27000000000004
1982-06-23 05:00:00,129.77000000000004
1982-06-24 05:00:00,129.12000000000006
1982-06-25 05:00:00,130.32000000000005
1982-06-28 05:00:00,129.82000000000005
1982-06-29 05:00:00,129.24500000000006
1982-06-30 05:00:00,129.02000000000004
1982-07-01 05:00:00,129.89500000000004
1982-07-02 05:00:00,129.42000000000007
1982-07-06 05:00:00,128.04500000000002
1982-07-07 05:00:00,126.82000000000006
1982-07-08 05:00:00,127.62000000000008
1982-07-09 05:00:00,129.12000000000006
1982-07-12 05:00:00,130.44500000000005
1982-07-13 05:00:00,129.69500000000005
1982-07-14 05:00:00,129.87000000000006
1982-07-15 05:00:00,130.14500000000004
1982-07-16 05:00:00,130.02000000000004
1982-07-19 05:00:00,129.67000000000007
1982-07-20 05:00:00,131.17000000000002
1982-07-21 05:00:00,131.945
1982-07-22 05:00:00,131.97000000000003
1982-07-23 05:00:00,131.57
1982-07-26 05:00:00,131.87
1982-07-27 05:00:00,130.49500000000006
1982-07-28 05:00:00,131.445
1982-07-29 05:00:00,131.77000000000004
1982-07-30 05:00:00,132.495
1982-08-02 05:00:00,131.82
1982-08-03 05:00:00,132.77000000000004
1982-08-04 05:00:00,132.29500000000002
1982-08-05 05:00:00,132.67000000000002
1982-08-06 05:00:00,133.39500000000004
1982-08-09 05:00:00,132.195
1982-08-10 05:00:00,130.79500000000002
1982-08-11 05:00:00,132.245
1982-08-12 05:00:00,133.57000000000005
1982-08-13 05:00:00,134.84500000000008
1982-08-16 05:00:00,133.84500000000008
1982-08-17 05:00:00,133.57000000000005
1982-08-18 05:00:00,134.64500000000004
1982-08-19 05:00:00,135.04500000000007
1982-08-20 05:00:00,133.79500000000007
1982-08-23 05:00:00,133.94500000000005
1982-08-24 05:00:00,135.04500000000007
1982-08-25 05:00:00,136.17000000000002
1982-08-26 05:00:00,135.49500000000006
1982-08-27 05:00:00,135.02000000000004
1982-08-30 05:00:00,135.22000000000008
1982-08-31 05:00:00,134.84500000000008
1982-09-01 05:00:00,135.02000000000004
1982-09-02 05:00:00,136.52000000000004
1982-09-03 05:00:00,136.39500000000004
1982-09-07 05:00:00,135.82
1982-09-08 05:00:00,137.04500000000002
1982-09-09 05:00:00,135.94500000000005
1982-09-10 05:00:00,134.44500000000005
1982-09-13 05:00:00,133.27000000000004
1982-09-14 05:00:00,132.99500000000006
1982-09-15 05:00:00,133.87000000000006
1982-09-16 05:00:00,134.14500000000004
1982-09-17 05:00:00,132.64499999999998
1982-09-20 05:00:00,132.77000000000004
1982-09-21 05:00:00,132.695
1982-09-22 05:00:00,133.92000000000007
1982-09-23 05:00:00,135.42000000000007
1982-09-24 05:00:00,136.92000000000002
1982-09-27 05:00:00,137.47000000000003
1982-09-28 05:00:00,137.47000000000003
1982-09-29 05:00:00,135.97000000000003
1982-09-30 05:00:00,134.64500000000004
1982-10-01 05:00:00,133.14500000000004
1982-10-04 05:00:00,133.19500000000005
1982-10-05 05:00:00,132.34500000000003
1982-10-06 05:00:00,130.84500000000003
1982-10-07 05:00:00,132.04500000000002
1982-10-08 05:00:00,132.245
1982-10-11 05:00:00,132.245
1982-10-12 05:00:00,133.44500000000005
1982-10-13 05:00:00,132.04500000000002
1982-10-14 05:00:00,133.27000000000004
1982-10-15 05:00:00,134.09500000000008
1982-10-18 05:00:00,133.59500000000008
1982-10-19 05:00:00,132.97000000000008
1982-10-20 05:00:00,131.47000000000003
1982-10-21 05:00:00,131.97000000000003
1982-10-22 05:00:00,132.42000000000002
1982-10-25 05:00:00,132.47000000000003
1982-10-26 05:00:00,130.97000000000003
1982-10-27 05:00:00,129.47000000000003
1982-10-28 05:00:00,129.64500000000004
1982-10-29 05:00:00,130.29500000000007
1982-11-01 06:00:00,128.79500000000007
1982-11-02 06:00:00,128.82000000000005
1982-11-03 06:00:00,130.32000000000005
1982-11-04 06:00:00,129.57000000000005
1982-11-05 06:00:00,129.92000000000007
1982-11-08 06:00:00,129.82000000000005
1982-11-09 06:00:00,130.17000000000007
1982-11-10 06:00:00,130.92000000000002
1982-11-11 06:00:00,132.14499999999998
1982-11-12 06:00:00,132.22000000000003
1982-11-15 06:00:00,132.17000000000002
1982-11-16 06:00:00,132.79500000000007
1982-11-17 06:00:00,132.195
1982-11-18 06:00:00,133.24500000000006
1982-11-19 06:00:00,131.745
1982-11-22 06:00:00,130.995
1982-11-23 06:00:00,130.84500000000003
1982-11-24 06:00:00,131.04500000000002
1982-11-26 06:00:00,130.54500000000002
1982-11-29 06:00:00,131.84500000000003
1982-11-30 06:00:00,133.12000000000006
1982-12-01 06:00:00,133.57000000000005
1982-12-02 06:00:00,132.42000000000002
1982-12-03 06:00:00,132.34500000000003
1982-12-06 06:00:00,130.84500000000003
1982-12-07 06:00:00,131.12
1982-12-08 06:00:00,131.04500000000002
1982-12-09 06:00:00,132.37
1982-12-10 06:00:00,131.89500000000004
1982-12-13 06:00:00,132.07
1982-12-14 06:00:00,132.245
1982-12-15 06:00:00,132.84500000000008
1982-12-16 06:00:00,132.42000000000002
1982-12-17 06:00:00,133.27000000000004
1982-12-20 06:00:00,132.79500000000007
1982-12-21 06:00:00,132.99500000000006
1982-12-22 06:00:00,132.67000000000002
1982-12-23 06:00:00,132.94500000000005
1982-12-27 06:00:00,133.04500000000007
1982-12-28 06:00:00,132.37
1982-12-29 06:00:00,132.01999999999998
1982-12-30 06:00:00,131.82
1982-12-31 06:00:00,132.09500000000003
1983-01-03 06:00:00,132.445
1983-01-04 06:00:00,132.79500000000007
1983-01-05 06:00:00,133.02000000000004
1983-01-06 06:00:00,132.94500000000005
1983-01-07 06:00:00,133.29500000000007
1983-01-10 06:00:00,132.97000000000008
1983-01-11 06:00:00,132.97000000000008
1983-01-12 06:00:00,132.67000000000002
1983-01-13 06:00:00,133.87000000000006
1983-01-14 06:00:00,134.92000000000007
1983-01-17 06:00:00,134.12000000000006
1983-01-18 06:00:00,133.82000000000005
1983-01-19 06:00:00,132.67000000000002
1983-01-20 06:00:00,133.32000000000005
1983-01-21 06:00:00,133.62000000000006
1983-01-24 06:00:00,133.74500000000006
1983-01-25 06:00:00,133.82000000000005
1983-01-26 06:00:00,132.51999999999998
1983-01-27 06:00:00,132.695
1983-01-28 06:00:00,132.14499999999998
1983-01-31 06:00:00,132.26999999999998
1983-02-01 06:00:00,132.495
1983-02-02 06:00:00,132.37
1983-02-03 06:00:00,132.14499999999998
1983-02-04 06:00:00,132.57
1983-02-07 06:00:00,132.77000000000004
1983-02-08 06:00:00,131.37
1983-02-09 06:00:00,131.52000000000004
1983-02-10 06:00:00,132.495
1983-02-11 06:00:00,132.26999999999998
1983-02-14 06:00:00,132.39499999999998
1983-02-15 06:00:00,132.92000000000007
1983-02-16 06:00:00,132.51999999999998
1983-02-17 06:00:00,132.89500000000004
1983-02-18 06:00:00,132.84500000000008
1983-02-22 06:00:00,131.34500000000003
1983-02-23 06:00:00,132.17000000000002
1983-02-24 06:00:00,130.97000000000003
1983-02-25 06:00:00,131.62
1983-02-28 06:00:00,130.89500000000004
1983-03-01 06:00:00,131.495
1983-03-02 06:00:00,131.67000000000002
1983-03-03 06:00:00,131.195
1983-03-04 06:00:00,131.47000000000003
1983-03-07 06:00:00,131.245
1983-03-08 06:00:00,131.89500000000004
1983-03-09 06:00:00,131.62
1983-03-10 06:00:00,131.34500000000003
1983-03-11 06:00:00,130.29500000000007
1983-03-14 06:00:00,130.67000000000002
1983-03-15 06:00:00,130.84500000000003
1983-03-16 06:00:00,130.89500000000004
1983-03-17 06:00:00,130.745
1983-03-18 06:00:00,131.39500000000004
1983-03-21 06:00:00,131.67000000000002
1983-03-22 06:00:00,130.17000000000007
1983-03-23 06:00:00,129.17000000000007
1983-03-24 06:00:00,128.94500000000005
1983-03-25 06:00:00,129.12000000000006
1983-03-28 06:00:00,128.02000000000004
1983-03-29 06:00:00,128.47000000000003
1983-03-30 06:00:00,128.92000000000007
1983-03-31 06:00:00,128.92000000000007
1983-04-04 06:00:00,129.17000000000007
1983-04-05 06:00:00,129.54500000000007
1983-04-06 06:00:00,129.42000000000007
1983-04-07 06:00:00,130.09500000000003
1983-04-08 06:00:00,130.24500000000006
1983-04-11 06:00:00,129.67000000000007
1983-04-12 06:00:00,130.07
1983-04-13 06:00:00,129.44500000000005
1983-04-14 06:00:00,128.22000000000003
1983-04-15 06:00:00,127.24500000000008
1983-04-18 06:00:00,127.32000000000006
1983-04-19 06:00:00,127.72000000000004
1983-04-20 06:00:00,127.24500000000008
1983-04-21 06:00:00,126.77000000000005
1983-04-22 06:00:00,125.74500000000008
1983-04-25 05:00:00,126.79500000000003
1983-04-26 05:00:00,126.62000000000008
1983-04-27 05:00:00,125.82000000000006
1983-04-28 05:00:00,125.54500000000003
1983-04-29 05:00:00,125.77000000000005
1983-05-02 05:00:00,124.69500000000006
1983-05-03 05:00:00,125.49500000000008
1983-05-04 05:00:00,125.57000000000006
1983-05-05 05:00:00,125.79500000000003
1983-05-06 05:00:00,125.84500000000004
1983-05-09 05:00:00,127.17000000000003
1983-05-10 05:00:00,127.04500000000003
1983-05-11 05:00:00,126.52000000000005
1983-05-12 05:00:00,126.69500000000006
1983-05-13 05:00:00,126.39500000000005
1983-05-16 05:00:00,127.79500000000003
1983-05-17 05:00:00,127.54500000000003
1983-05-18 05:00:00,127.14500000000005
1983-05-19 05:00:00,127.82000000000006
1983-05-20 05:00:00,126.32000000000006
1983-05-23 05:00:00,125.59500000000004
1983-05-24 05:00:00,124.57000000000006
1983-05-25 05:00:00,124.32000000000006
1983-05-26 05:00:00,124.27000000000005
1983-05-27 05:00:00,124.34500000000004
1983-05-31 05:00:00,123.92000000000003
1983-06-01 05:00:00,123.94500000000006
1983-06-02 05:00:00,124.34500000000004
1983-06-03 05:00:00,124.29500000000003
1983-06-06 05:00:00,124.22000000000004
1983-06-07 05:00:00,124.94500000000006
1983-06-08 05:00:00,124.89500000000005
1983-06-09 05:00:00,124.72000000000004
1983-06-10 05:00:00,124.94500000000006
1983-06-13 05:00:00,123.87000000000008
1983-06-14 05:00:00,123.34500000000004
1983-06-15 05:00:00,123.29500000000003
1983-06-16 05:00:00,123.72000000000004
1983-06-17 05:00:00,123.87000000000002
1983-06-20 05:00:00,123.89500000000005
1983-06-21 05:00:00,124.22000000000004
1983-06-22 05:00:00,124.17000000000003
1983-06-23 05:00:00,122.79500000000003
1983-06-24 05:00:00,124.29500000000003
1983-06-27 05:00:00,124.19500000000006
1983-06-28 05:00:00,123.69500000000006
1983-06-29 05:00:00,124.02000000000005
1983-06-30 05:00:00,123.54500000000003
1983-07-01 05:00:00,122.92000000000003
1983-07-05 05:00:00,123.34500000000004
1983-07-06 05:00:00,123.42000000000003
1983-07-07 05:00:00,123.07000000000006
1983-07-08 05:00:00,123.17000000000003
1983-07-11 05:00:00,123.07000000000006
1983-07-12 05:00:00,122.12000000000008
1983-07-13 05:00:00,121.7200000000001
1983-07-14 05:00:00,121.99500000000008
1983-07-15 05:00:00,121.82000000000012
1983-07-18 05:00:00,121.82000000000012
1983-07-19 05:00:00,121.52000000000011
1983-07-20 05:00:00,122.57000000000006
1983-07-21 05:00:00,122.79500000000003
1983-07-22 05:00:00,123.22000000000004
1983-07-25 05:00:00,123.02000000000005
1983-07-26 05:00:00,123.47000000000004
1983-07-27 05:00:00,124.04500000000003
1983-07-28 05:00:00,124.29500000000003
1983-07-29 05:00:00,123.67000000000003
1983-08-01 05:00:00,124.94500000000006
1983-08-02 05:00:00,124.72000000000004
1983-08-03 05:00:00,125.39500000000005
1983-08-04 05:00:00,125.04500000000003
1983-08-05 05:00:00,126.14500000000005
1983-08-08 05:00:00,126.12000000000002
1983-08-09 05:00:00,125.79500000000003
1983-08-10 05:00:00,126.89500000000005
1983-08-11 05:00:00,126.47000000000004
1983-08-12 05:00:00,126.44500000000006
1983-08-15 05:00:00,127.72000000000004
1983-08-16 05:00:00,126.22000000000004
1983-08-17 05:00:00,125.64500000000005
1983-08-18 05:00:00,126.09500000000004
1983-08-19 05:00:00,126.99500000000002
1983-08-22 05:00:00,126.27000000000005
1983-08-23 05:00:00,126.37000000000002
1983-08-24 05:00:00,126.54500000000003
1983-08-25 05:00:00,125.84500000000004
1983-08-26 05:00:00,124.99500000000002
1983-08-29 05:00:00,124.59500000000004
1983-08-30 05:00:00,123.89500000000005
1983-08-31 05:00:00,124.09500000000004
1983-09-01 05:00:00,123.67000000000003
1983-09-02 05:00:00,122.89500000000005
1983-09-06 05:00:00,124.07000000000006
1983-09-07 05:00:00,124.44500000000006
1983-09-08 05:00:00,124.54500000000003
1983-09-09 05:00:00,125.32000000000006
1983-09-12 05:00:00,125.44500000000006
1983-09-13 05:00:00,124.54500000000003
1983-09-14 05:00:00,124.52000000000005
1983-09-15 05:00:00,124.62000000000002
1983-09-16 05:00:00,124.34500000000004
1983-09-19 05:00:00,124.12000000000002
1983-09-20 05:00:00,124.67000000000003
1983-09-21 05:00:00,123.52000000000005
1983-09-22 05:00:00,123.74500000000002
1983-09-23 05:00:00,123.12000000000002
1983-09-26 05:00:00,123.87000000000002
1983-09-27 05:00:00,123.94500000000006
1983-09-28 05:00:00,123.89500000000005
1983-09-29 05:00:00,123.09500000000004
1983-09-30 05:00:00,122.69500000000006
1983-10-03 05:00:00,122.44500000000012
1983-10-04 05:00:00,122.57000000000006
1983-10-05 05:00:00,123.62000000000002
1983-10-06 05:00:00,123.09500000000004
1983-10-07 05:00:00,122.87000000000002
1983-10-10 05:00:00,121.94500000000012
1983-10-11 05:00:00,122.59500000000004
1983-10-12 05:00:00,122.07000000000012
1983-10-13 05:00:00,122.4700000000001
1983-10-14 05:00:00,122.42000000000009
1983-10-17 05:00:00,123.89500000000005
1983-10-18 05:00:00,123.72000000000004
1983-10-19 05:00:00,124.44500000000006
1983-10-20 05:00:00,124.07000000000006
1983-10-21 05:00:00,123.89500000000005
1983-10-24 05:00:00,124.07000000000006
1983-10-25 05:00:00,123.62000000000002
1983-10-26 05:00:00,123.72000000000004
1983-10-27 05:00:00,125.09500000000004
1983-10-28 05:00:00,125.39500000000005
1983-10-31 06:00:00,125.32000000000006
1983-11-01 06:00:00,125.42000000000003
1983-11-02 06:00:00,125.07000000000006
1983-11-03 06:00:00,124.74500000000002
1983-11-04 06:00:00,125.34500000000004
1983-11-07 06:00:00,125.14500000000005
1983-11-08 06:00:00,125.42000000000003
1983-11-09 06:00:00,124.79500000000003
1983-11-10 06:00:00,124.54500000000003
1983-11-11 06:00:00,124.74500000000002
1983-11-14 06:00:00,125.29500000000003
1983-11-15 06:00:00,124.59500000000004
1983-11-16 06:00:00,124.52000000000005
1983-11-17 06:00:00,124.47000000000004
1983-11-18 06:00:00,124.57000000000006
1983-11-21 06:00:00,124.54500000000003
1983-11-22 06:00:00,125.57000000000006
1983-11-23 06:00:00,126.24500000000002
1983-11-28 06:00:00,125.79500000000003
1983-11-29 06:00:00,125.94500000000006
1983-11-30 06:00:00,125.89500000000005
1983-12-01 06:00:00,126.19500000000006
1983-12-02 06:00:00,126.17000000000003
1983-12-05 06:00:00,126.07000000000006
1983-12-06 06:00:00,126.67000000000003
1983-12-07 06:00:00,126.94500000000006
1983-12-08 06:00:00,127.57000000000006
1983-12-09 06:00:00,127.42000000000003
1983-12-12 06:00:00,127.44500000000006
1983-12-13 06:00:00,127.07000000000006
1983-12-14 06:00:00,127.12000000000002
1983-12-15 06:00:00,127.79500000000003
1983-12-16 06:00:00,127.14500000000005
1983-12-19 06:00:00,126.82000000000006
1983-12-20 06:00:00,127.49500000000002
1983-12-21 06:00:00,127.62000000000002
1983-12-22 06:00:00,127.52000000000005
1983-12-23 06:00:00,127.57000000000001
1983-12-27 06:00:00,128.89500000000004
1983-12-28 06:00:00,127.99500000000002
1983-12-29 06:00:00,128.14500000000004
1983-12-30 06:00:00,127.94500000000001
1984-01-03 06:00:00,127.14500000000005
1984-01-04 06:00:00,127.59500000000004
1984-01-05 06:00:00,129.09500000000003
1984-01-06 06:00:00,128.59500000000003
1984-01-09 06:00:00,128.77000000000004
1984-01-10 06:00:00,129.245
1984-01-11 06:00:00,128.47000000000003
1984-01-12 06:00:00,129.04500000000002
1984-01-13 06:00:00,128.94500000000005
1984-01-16 06:00:00,129.27000000000004
1984-01-17 06:00:00,130.12
1984-01-18 06:00:00,130.22000000000003
1984-01-19 06:00:00,128.72000000000003
1984-01-20 06:00:00,127.94500000000001
1984-01-23 06:00:00,128.17000000000002
1984-01-24 06:00:00,128.745
1984-01-25 06:00:00,128.245
1984-01-26 06:00:00,127.87000000000002
1984-01-27 06:00:00,128.47000000000003
1984-01-30 06:00:00,127.94500000000001
1984-01-31 06:00:00,126.49500000000002
1984-02-01 06:00:00,126.52000000000005
1984-02-02 06:00:00,126.42000000000003
1984-02-03 06:00:00,126.04500000000003
1984-02-06 06:00:00,126.04500000000003
1984-02-07 06:00:00,126.17000000000003
1984-02-08 06:00:00,125.87000000000002
1984-02-09 06:00:00,126.49500000000002
1984-02-10 06:00:00,124.99500000000002
1984-02-13 06:00:00,124.79500000000003
1984-02-14 06:00:00,124.42000000000003
1984-02-15 06:00:00,124.69500000000006
1984-02-16 06:00:00,124.59500000000004
1984-02-17 06:00:00,125.04500000000003
1984-02-21 06:00:00,125.59500000000004
1984-02-22 06:00:00,125.49500000000002
1984-02-23 06:00:00,124.94500000000006
1984-02-24 06:00:00,125.09500000000004
1984-02-27 06:00:00,126.22000000000004
1984-02-28 06:00:00,125.34500000000004
1984-02-29 06:00:00,125.24500000000002
1984-03-01 06:00:00,125.27000000000005
1984-03-02 06:00:00,126.49500000000002
1984-03-05 06:00:00,127.14500000000005
1984-03-06 06:00:00,127.87000000000002
1984-03-07 06:00:00,127.29500000000003
1984-03-08 06:00:00,127.72000000000004
1984-03-09 06:00:00,127.24500000000002
1984-03-12 06:00:00,127.34500000000004
1984-03-13 06:00:00,127.72000000000004
1984-03-14 06:00:00,127.39500000000005
1984-03-15 06:00:00,127.39500000000005
1984-03-16 06:00:00,127.77000000000005
1984-03-19 06:00:00,127.72000000000004
1984-03-20 06:00:00,127.22000000000004
1984-03-21 06:00:00,128.59500000000003
1984-03-22 06:00:00,129.87000000000006
1984-03-23 06:00:00,129.87000000000006
1984-03-26 06:00:00,129.59500000000003
1984-03-27 06:00:00,129.97000000000003
1984-03-28 06:00:00,130.22000000000003
1984-03-29 06:00:00,130.19500000000005
1984-03-30 06:00:00,129.67000000000002
1984-04-02 06:00:00,131.17000000000002
1984-04-03 06:00:00,131.29500000000002
1984-04-04 06:00:00,130.495
1984-04-05 06:00:00,130.71999999999997
1984-04-06 06:00:00,130.44500000000005
1984-04-09 06:00:00,130.52000000000004
1984-04-10 06:00:00,129.77000000000004
1984-04-11 06:00:00,129.74500000000006
1984-04-12 06:00:00,128.97000000000003
1984-04-13 06:00:00,129.54500000000002
1984-04-16 06:00:00,129.94500000000005
1984-04-17 06:00:00,129.67000000000002
1984-04-18 06:00:00,129.37
1984-04-19 06:00:00,129.37
1984-04-23 06:00:00,129.29500000000002
1984-04-24 06:00:00,129.62
1984-04-25 06:00:00,128.745
1984-04-26 06:00:00,128.42000000000002
1984-04-27 06:00:00,128.72000000000003
1984-04-30 05:00:00,128.64500000000004
1984-05-01 05:00:00,128.57000000000005
1984-05-02 05:00:00,130.07
1984-05-03 05:00:00,129.82000000000005
1984-05-04 05:00:00,129.745
1984-05-07 05:00:00,130.54500000000002
1984-05-08 05:00:00,129.87
1984-05-09 05:00:00,129.54500000000002
1984-05-10 05:00:00,129.59500000000003
1984-05-11 05:00:00,129.82000000000005
1984-05-14 05:00:00,129.17000000000002
1984-05-15 05:00:00,128.57000000000005
1984-05-16 05:00:00,128.89500000000004
1984-05-17 05:00:00,129.54500000000002
1984-05-18 05:00:00,129.62
1984-05-21 05:00:00,128.82000000000005
1984-05-22 05:00:00,128.89500000000004
1984-05-23 05:00:00,129.27000000000004
1984-05-24 05:00:00,128.39500000000004
1984-05-25 05:00:00,127.82000000000001
1984-05-29 05:00:00,127.42000000000003
1984-05-30 05:00:00,127.64500000000005
1984-05-31 05:00:00,127.64500000000005
1984-06-01 05:00:00,128.29500000000002
1984-06-04 05:00:00,129.04500000000002
1984-06-05 05:00:00,129.34500000000003
1984-06-06 05:00:00,129.87
1984-06-07 05:00:00,129.37
1984-06-08 05:00:00,129.34500000000003
1984-06-11 05:00:00,129.64500000000004
1984-06-12 05:00:00,129.54500000000002
1984-06-13 05:00:00,129.17000000000002
1984-06-14 05:00:00,128.87
1984-06-15 05:00:00,129.69500000000005
1984-06-18 05:00:00,129.54500000000002
1984-06-19 05:00:00,129.44500000000005
1984-06-20 05:00:00,129.09500000000003
1984-06-21 05:00:00,128.79500000000002
1984-06-22 05:00:00,127.29500000000003
1984-06-25 05:00:00,125.79500000000003
1984-06-26 05:00:00,124.89500000000005
1984-06-27 05:00:00,124.94500000000006
1984-06-28 05:00:00,124.79500000000003
1984-06-29 05:00:00,125.17000000000003
1984-07-02 05:00:00,123.74500000000002
1984-07-03 05:00:00,123.84500000000004
1984-07-05 05:00:00,123.42000000000003
1984-07-06 05:00:00,123.12000000000002
1984-07-09 05:00:00,123.14500000000005
1984-07-10 05:00:00,123.02000000000005
1984-07-11 05:00:00,122.19500000000012
1984-07-12 05:00:00,122.77000000000005
1984-07-13 05:00:00,122.49500000000008
1984-07-16 05:00:00,123.02000000000005
1984-07-17 05:00:00,122.57000000000006
1984-07-18 05:00:00,122.19500000000012
1984-07-19 05:00:00,122.44500000000012
1984-07-20 05:00:00,122.04500000000009
1984-07-23 05:00:00,121.2200000000001
1984-07-24 05:00:00,120.24500000000008
1984-07-25 05:00:00,119.44500000000012
1984-07-26 05:00:00,119.4700000000001
1984-07-27 05:00:00,119.07000000000012
1984-07-30 05:00:00,118.69500000000012
1984-07-31 05:00:00,118.92000000000009
1984-08-01 05:00:00,119.37000000000008
1984-08-02 05:00:00,119.62000000000008
1984-08-03 05:00:00,120.74500000000008
1984-08-06 05:00:00,120.37000000000008
1984-08-07 05:00:00,120.5950000000001
1984-08-08 05:00:00,120.04500000000009
1984-08-09 05:00:00,121.44500000000012
1984-08-10 05:00:00,121.27000000000011
1984-08-13 05:00:00,120.64500000000011
1984-08-14 05:00:00,120.67000000000009
1984-08-15 05:00:00,120.64500000000011
1984-08-16 05:00:00,120.9700000000001
1984-08-17 05:00:00,119.89500000000011
1984-08-20 05:00:00,119.4700000000001
1984-08-21 05:00:00,119.19500000000006
1984-08-22 05:00:00,118.32000000000006
1984-08-23 05:00:00,118.19500000000006
1984-08-24 05:00:00,118.67000000000009
1984-08-27 05:00:00,118.77000000000011
1984-08-28 05:00:00,118.62000000000008
1984-08-29 05:00:00,118.89500000000011
1984-08-30 05:00:00,118.92000000000009
1984-08-31 05:00:00,119.3450000000001
1984-09-04 05:00:00,120.0950000000001
1984-09-05 05:00:00,119.89500000000011
1984-09-06 05:00:00,119.57000000000006
1984-09-07 05:00:00,118.92000000000009
1984-09-10 05:00:00,119.24500000000008
1984-09-11 05:00:00,118.04500000000009
1984-09-12 05:00:00,118.54500000000009
1984-09-13 05:00:00,118.29500000000009
1984-09-14 05:00:00,118.49500000000008
1984-09-17 05:00:00,118.67000000000009
1984-09-18 05:00:00,118.8450000000001
1984-09-19 05:00:00,118.74500000000008
1984-09-20 05:00:00,118.8450000000001
1984-09-21 05:00:00,117.34500000000004
1984-09-24 05:00:00,116.79500000000009
1984-09-25 05:00:00,116.94500000000006
1984-09-26 05:00:00,116.62000000000008
1984-09-27 05:00:00,116.14500000000011
1984-09-28 05:00:00,115.89500000000011
1984-10-01 05:00:00,116.49500000000008
1984-10-02 05:00:00,116.27000000000011
1984-10-03 05:00:00,116.67000000000009
1984-10-04 05:00:00,116.87000000000008
1984-10-05 05:00:00,116.17000000000009
1984-10-08 05:00:00,116.42000000000009
1984-10-09 05:00:00,116.59500000000004
1984-10-10 05:00:00,116.89500000000005
1984-10-11 05:00:00,117.64500000000005
1984-10-12 05:00:00,117.67000000000009
1984-10-15 05:00:00,117.24500000000008
1984-10-16 05:00:00,116.87000000000008
1984-10-17 05:00:00,116.87000000000008
1984-10-18 05:00:00,116.87000000000008
1984-10-19 05:00:00,115.94500000000012
1984-10-22 05:00:00,116.67000000000009
1984-10-23 05:00:00,116.57000000000006
1984-10-24 05:00:00,117.19500000000006
1984-10-25 05:00:00,116.87000000000008
1984-10-26 05:00:00,118.04500000000009
1984-10-29 06:00:00,118.37000000000008
1984-10-30 06:00:00,117.89500000000011
1984-10-31 06:00:00,118.3450000000001
1984-11-01 06:00:00,118.49500000000008
1984-11-02 06:00:00,118.94500000000006
1984-11-05 06:00:00,119.3450000000001
1984-11-06 06:00:00,119.27000000000011
1984-11-07 06:00:00,118.7200000000001
1984-11-08 06:00:00,119.5950000000001
1984-11-09 06:00:00,119.39500000000011
1984-11-12 06:00:00,119.92000000000009
1984-11-13 06:00:00,119.74500000000008
1984-11-14 06:00:00,120.04500000000009
1984-11-15 06:00:00,120.0950000000001
1984-11-16 06:00:00,120.9700000000001
1984-11-19 06:00:00,120.49500000000008
1984-11-20 06:00:00,120.79500000000009
1984-11-21 06:00:00,121.42000000000009
1984-11-23 06:00:00,121.14500000000011
1984-11-26 06:00:00,120.5950000000001
1984-11-27 06:00:00,120.82000000000006
1984-11-28 06:00:00,121.29500000000009
1984-11-29 06:00:00,120.94500000000006
1984-11-30 06:00:00,121.87000000000008
1984-12-03 06:00:00,121.54500000000009
1984-12-04 06:00:00,120.5950000000001
1984-12-05 06:00:00,121.02000000000011
1984-12-06 06:00:00,121.12000000000008
1984-12-07 06:00:00,120.3450000000001
1984-12-10 06:00:00,119.07000000000006
1984-12-11 06:00:00,119.77000000000011
1984-12-12 06:00:00,119.8450000000001
1984-12-13 06:00:00,119.49500000000008
1984-12-14 06:00:00,119.7200000000001
1984-12-17 06:00:00,120.24500000000008
1984-12-18 06:00:00,120.02000000000011
1984-12-19 06:00:00,120.19500000000006
1984-12-20 06:00:00,119.69500000000006
1984-12-21 06:00:00,121.19500000000006
1984-12-24 06:00:00,122.14500000000011
1984-12-26 06:00:00,122.62000000000002
1984-12-27 06:00:00,122.29500000000009
1984-12-28 06:00:00,121.89500000000011
1984-12-31 06:00:00,121.87000000000008
1985-01-02 06:00:00,122.27000000000011
1985-01-03 06:00:00,121.62000000000008
1985-01-04 06:00:00,121.69500000000006
1985-01-07 06:00:00,121.67000000000009
1985-01-08 06:00:00,120.99500000000008
1985-01-09 06:00:00,121.14500000000011
1985-01-10 06:00:00,121.79500000000009
1985-01-11 06:00:00,121.64500000000011
1985-01-14 06:00:00,122.12000000000008
1985-01-15 06:00:00,121.37000000000008
1985-01-16 06:00:00,120.57000000000006
1985-01-17 06:00:00,120.69500000000006
1985-01-18 06:00:00,120.89500000000011
1985-01-21 06:00:00,119.92000000000009
1985-01-22 06:00:00,120.19500000000006
1985-01-23 06:00:00,120.62000000000008
1985-01-24 06:00:00,120.74500000000008
1985-01-25 06:00:00,120.64500000000011
1985-01-28 06:00:00,121.02000000000011
1985-01-29 06:00:00,120.87000000000008
1985-01-30 06:00:00,121.12000000000008
1985-01-31 06:00:00,120.64500000000011
1985-02-01 06:00:00,120.82000000000006
1985-02-04 06:00:00,120.37000000000008
1985-02-05 06:00:00,120.87000000000008
1985-02-06 06:00:00,119.4700000000001
1985-02-07 06:00:00,119.27000000000011
1985-02-08 06:00:00,119.42000000000009
1985-02-11 06:00:00,119.27000000000011
1985-02-12 06:00:00,119.82000000000006
1985-02-13 06:00:00,119.39500000000011
1985-02-14 06:00:00,119.49500000000008
1985-02-15 06:00:00,119.2200000000001
1985-02-19 06:00:00,118.4700000000001
1985-02-20 06:00:00,119.04500000000009
1985-02-21 06:00:00,118.79500000000009
1985-02-22 06:00:00,118.27000000000011
1985-02-25 06:00:00,117.24500000000008
1985-02-26 06:00:00,117.22000000000004
1985-02-27 06:00:00,117.92000000000009
1985-02-28 06:00:00,117.9700000000001
1985-03-01 06:00:00,118.19500000000006
1985-03-04 06:00:00,117.67000000000009
1985-03-05 06:00:00,118.12000000000008
1985-03-06 06:00:00,118.87000000000008
1985-03-07 06:00:00,118.74500000000008
1985-03-08 06:00:00,119.17000000000009
1985-03-11 06:00:00,118.54500000000009
1985-03-12 06:00:00,118.37000000000008
1985-03-13 06:00:00,117.72000000000004
1985-03-14 06:00:00,116.79500000000009
1985-03-15 06:00:00,116.29500000000009
1985-03-18 06:00:00,116.47000000000004
1985-03-19 06:00:00,117.12000000000008
1985-03-20 06:00:00,116.92000000000009
1985-03-21 06:00:00,116.84500000000004
1985-03-22 06:00:00,116.69500000000006
1985-03-25 06:00:00,116.07000000000006
1985-03-26 06:00:00,117.34500000000004
1985-03-27 06:00:00,117.42000000000009
1985-03-28 06:00:00,116.87000000000008
1985-03-29 06:00:00,115.89500000000011
1985-04-01 06:00:00,115.3450000000001
1985-04-02 06:00:00,114.57000000000006
1985-04-03 06:00:00,115.04500000000009
1985-04-04 06:00:00,115.54500000000009
1985-04-08 06:00:00,115.44500000000006
1985-04-09 06:00:00,115.79500000000009
1985-04-10 06:00:00,116.14500000000011
1985-04-11 06:00:00,115.4700000000001
1985-04-12 06:00:00,114.49500000000008
1985-04-15 06:00:00,114.57000000000006
1985-04-16 06:00:00,114.79500000000009
1985-04-17 06:00:00,114.7200000000001
1985-04-18 06:00:00,114.8450000000001
1985-04-19 06:00:00,114.67000000000009
1985-04-22 06:00:00,114.12000000000008
1985-04-23 06:00:00,114.17000000000009
1985-04-24 06:00:00,113.67000000000009
1985-04-25 06:00:00,113.79500000000009
1985-04-26 06:00:00,113.82000000000006
1985-04-29 05:00:00,114.17000000000009
1985-04-30 05:00:00,113.62000000000008
1985-05-01 05:00:00,113.3450000000001
1985-05-02 05:00:00,113.04500000000009
1985-05-03 05:00:00,111.79500000000009
1985-05-06 05:00:00,112.37000000000008
1985-05-07 05:00:00,112.14500000000011
1985-05-08 05:00:00,112.24500000000008
1985-05-09 05:00:00,112.69500000000006
1985-05-10 05:00:00,113.3450000000001
1985-05-13 05:00:00,112.9700000000001
1985-05-14 05:00:00,113.67000000000009
1985-05-15 05:00:00,114.17000000000009
1985-05-16 05:00:00,113.67000000000009
1985-05-17 05:00:00,114.12000000000008
1985-05-20 05:00:00,114.77000000000011
1985-05-21 05:00:00,114.52000000000011
1985-05-22 05:00:00,115.02000000000011
1985-05-23 05:00:00,114.74500000000008
1985-05-24 05:00:00,115.37000000000008
1985-05-28 05:00:00,115.42000000000009
1985-05-29 05:00:00,114.9700000000001
1985-05-30 05:00:00,114.64500000000011
1985-05-31 05:00:00,115.17000000000009
1985-06-03 05:00:00,115.69500000000012
1985-06-04 05:00:00,114.24500000000008
1985-06-05 05:00:00,114.2200000000001
1985-06-06 05:00:00,114.94500000000012
1985-06-07 05:00:00,114.82000000000012
1985-06-10 05:00:00,114.82000000000012
1985-06-11 05:00:00,114.9700000000001
1985-06-12 05:00:00,114.77000000000011
1985-06-13 05:00:00,114.32000000000012
1985-06-14 05:00:00,114.7200000000001
1985-06-17 05:00:00,114.9700000000001
1985-06-18 05:00:00,114.9700000000001
1985-06-19 05:00:00,114.7200000000001
1985-06-20 05:00:00,113.67000000000009
1985-06-21 05:00:00,113.39500000000011
1985-06-24 05:00:00,112.37000000000008
1985-06-25 05:00:00,112.4700000000001
1985-06-26 05:00:00,112.07000000000012
1985-06-27 05:00:00,112.07000000000012
1985-06-28 05:00:00,112.17000000000009
1985-07-01 05:00:00,111.19500000000006
1985-07-02 05:00:00,111.47000000000004
1985-07-03 05:00:00,111.67000000000009
1985-07-05 05:00:00,112.0950000000001
1985-07-08 05:00:00,111.42000000000009
1985-07-09 05:00:00,111.17000000000009
1985-07-10 05:00:00,111.24500000000008
1985-07-11 05:00:00,110.47000000000004
1985-07-12 05:00:00,110.02000000000005
1985-07-15 05:00:00,109.89500000000005
1985-07-16 05:00:00,110.14500000000005
1985-07-17 05:00:00,110.34500000000004
1985-07-18 05:00:00,110.19500000000006
1985-07-19 05:00:00,108.92000000000009
1985-07-22 05:00:00,108.27000000000005
1985-07-23 05:00:00,108.09500000000004
1985-07-24 05:00:00,108.19500000000006
1985-07-25 05:00:00,108.27000000000005
1985-07-26 05:00:00,106.79500000000009
1985-07-29 05:00:00,105.82000000000012
1985-07-30 05:00:00,106.17000000000009
1985-07-31 05:00:00,107.62000000000008
1985-08-01 05:00:00,107.37000000000008
1985-08-02 05:00:00,107.42000000000009
1985-08-05 05:00:00,108.82000000000006
1985-08-06 05:00:00,108.27000000000005
1985-08-07 05:00:00,106.77000000000011
1985-08-08 05:00:00,106.24500000000008
1985-08-09 05:00:00,105.27000000000011
1985-08-12 05:00:00,105.74500000000008
1985-08-13 05:00:00,104.2950000000001
1985-08-14 05:00:00,105.29500000000009
1985-08-15 05:00:00,105.82000000000012
1985-08-16 05:00:00,105.32000000000012
1985-08-19 05:00:00,103.94500000000014
1985-08-20 05:00:00,103.52000000000014
1985-08-21 05:00:00,103.84500000000011
1985-08-22 05:00:00,103.14500000000014
1985-08-23 05:00:00,103.27000000000014
1985-08-26 05:00:00,103.29500000000012
1985-08-27 05:00:00,104.64500000000012
1985-08-28 05:00:00,103.97000000000011
1985-08-29 05:00:00,104.0450000000001
1985-08-30 05:00:00,104.0450000000001
1985-09-03 05:00:00,102.54500000000012
1985-09-04 05:00:00,103.17000000000012
1985-09-05 05:00:00,102.82000000000009
1985-09-06 05:00:00,102.47000000000013
1985-09-09 05:00:00,101.72000000000013
1985-09-10 05:00:00,102.47000000000013
1985-09-11 05:00:00,103.04500000000012
1985-09-12 05:00:00,103.74500000000009
1985-09-13 05:00:00,104.1700000000001
1985-09-16 05:00:00,105.02000000000012
1985-09-17 05:00:00,105.42000000000009
1985-09-18 05:00:00,106.4700000000001
1985-09-19 05:00:00,106.99500000000008
1985-09-20 05:00:00,106.74500000000008
1985-09-23 05:00:00,107.39500000000005
1985-09-24 05:00:00,106.87000000000008
1985-09-25 05:00:00,106.67000000000009
1985-09-26 05:00:00,107.52000000000005
1985-09-27 05:00:00,107.14500000000005
1985-09-30 05:00:00,108.2200000000001
1985-10-01 05:00:00,108.87000000000008
1985-10-02 05:00:00,109.24500000000008
1985-10-03 05:00:00,109.64500000000005
1985-10-04 05:00:00,109.3450000000001
1985-10-07 05:00:00,109.49500000000008
1985-10-08 05:00:00,110.12000000000008
1985-10-09 05:00:00,109.02000000000005
1985-10-10 05:00:00,109.92000000000009
1985-10-11 05:00:00,110.9700000000001
1985-10-14 05:00:00,110.74500000000008
1985-10-15 05:00:00,110.77000000000005
1985-10-16 05:00:00,111.52000000000005
1985-10-17 05:00:00,110.94500000000006
1985-10-18 05:00:00,111.74500000000008
1985-10-21 05:00:00,111.94500000000006
1985-10-22 05:00:00,111.79500000000009
1985-10-23 05:00:00,111.64500000000005
1985-10-24 05:00:00,111.92000000000009
1985-10-25 05:00:00,111.52000000000005
1985-10-28 06:00:00,110.44500000000006
1985-10-29 06:00:00,110.62000000000008
1985-10-30 06:00:00,111.82000000000006
1985-10-31 06:00:00,111.22000000000004
1985-11-01 06:00:00,111.64500000000005
1985-11-04 06:00:00,112.17000000000009
1985-11-05 06:00:00,112.37000000000008
1985-11-06 06:00:00,111.99500000000008
1985-11-07 06:00:00,112.29500000000009
1985-11-08 06:00:00,112.24500000000008
1985-11-11 06:00:00,112.5950000000001
1985-11-12 06:00:00,111.62000000000008
1985-11-13 06:00:00,110.37000000000008
1985-11-14 06:00:00,110.64500000000005
1985-11-15 06:00:00,110.42000000000009
1985-11-18 06:00:00,110.79500000000009
1985-11-19 06:00:00,111.62000000000008
1985-11-20 06:00:00,111.59500000000004
1985-11-21 06:00:00,112.3450000000001
1985-11-22 06:00:00,112.24500000000008
1985-11-25 06:00:00,112.4700000000001
1985-11-26 06:00:00,113.27000000000011
1985-11-27 06:00:00,113.49500000000008
1985-11-29 06:00:00,113.69500000000012
1985-12-02 06:00:00,113.4700000000001
1985-12-03 06:00:00,113.02000000000011
1985-12-04 06:00:00,113.5950000000001
1985-12-05 06:00:00,114.37000000000008
1985-12-06 06:00:00,113.5950000000001
1985-12-09 06:00:00,114.42000000000009
1985-12-10 06:00:00,113.64500000000011
1985-12-11 06:00:00,113.57000000000012
1985-12-12 06:00:00,113.3450000000001
1985-12-13 06:00:00,113.5950000000001
1985-12-16 06:00:00,113.29500000000009
1985-12-17 06:00:00,112.77000000000011
1985-12-18 06:00:00,111.57000000000006
1985-12-19 06:00:00,112.27000000000011
1985-12-20 06:00:00,112.07000000000012
1985-12-23 06:00:00,112.29500000000009
1985-12-24 06:00:00,113.79500000000009
1985-12-26 06:00:00,114.3450000000001
1985-12-27 06:00:00,114.0950000000001
1985-12-30 06:00:00,113.77000000000011
1985-12-31 06:00:00,113.94500000000012
1986-01-02 06:00:00,113.74500000000008
1986-01-03 06:00:00,113.12000000000008
1986-01-06 06:00:00,113.52000000000011
1986-01-07 06:00:00,112.9700000000001
1986-01-08 06:00:00,111.72000000000004
1986-01-09 06:00:00,111.47000000000004
1986-01-10 06:00:00,112.02000000000011
1986-01-13 06:00:00,111.47000000000004
1986-01-14 06:00:00,112.12000000000008
1986-01-15 06:00:00,112.74500000000008
1986-01-16 06:00:00,112.32000000000012
1986-01-17 06:00:00,111.69500000000006
1986-01-20 06:00:00,112.52000000000011
1986-01-21 06:00:00,112.64500000000011
1986-01-22 06:00:00,112.64500000000011
1986-01-23 06:00:00,113.24500000000008
1986-01-24 06:00:00,113.49500000000008
1986-01-27 06:00:00,113.29500000000009
1986-01-28 06:00:00,113.32000000000012
1986-01-29 06:00:00,113.57000000000012
1986-01-30 06:00:00,113.57000000000012
1986-01-31 06:00:00,112.19500000000012
1986-02-03 06:00:00,111.64500000000005
1986-02-04 06:00:00,110.94500000000006
1986-02-05 06:00:00,111.39500000000005
1986-02-06 06:00:00,111.14500000000005
1986-02-07 06:00:00,111.19500000000006
1986-02-10 06:00:00,111.04500000000009
1986-02-11 06:00:00,110.34500000000004
1986-02-12 06:00:00,110.27000000000005
1986-02-13 06:00:00,109.99500000000008
1986-02-14 06:00:00,110.29500000000009
1986-02-18 06:00:00,109.17000000000009
1986-02-19 06:00:00,109.54500000000009
1986-02-20 06:00:00,109.24500000000008
1986-02-21 06:00:00,110.04500000000009
1986-02-24 06:00:00,109.62000000000008
1986-02-25 06:00:00,110.62000000000008
1986-02-26 06:00:00,110.32000000000006
1986-02-27 06:00:00,109.27000000000005
1986-02-28 06:00:00,109.37000000000008
1986-03-03 06:00:00,109.59500000000004
1986-03-04 06:00:00,109.57000000000006
1986-03-05 06:00:00,109.74500000000008
1986-03-06 06:00:00,109.94500000000006
1986-03-07 06:00:00,109.54500000000009
1986-03-10 06:00:00,110.29500000000009
1986-03-11 06:00:00,110.59500000000004
1986-03-12 06:00:00,111.47000000000004
1986-03-13 06:00:00,111.82000000000006
1986-03-14 06:00:00,111.77000000000005
1986-03-17 06:00:00,112.19500000000012
1986-03-18 06:00:00,111.92000000000009
1986-03-19 06:00:00,111.97000000000004
1986-03-20 06:00:00,111.77000000000005
1986-03-21 06:00:00,111.67000000000009
1986-03-24 06:00:00,111.32000000000006
1986-03-25 06:00:00,112.12000000000008
1986-03-26 06:00:00,111.77000000000005
1986-03-27 06:00:00,111.89500000000005
1986-03-31 06:00:00,110.39500000000005
1986-04-01 06:00:00,110.77000000000005
1986-04-02 06:00:00,110.72000000000004
1986-04-03 06:00:00,109.22000000000004
1986-04-04 06:00:00,107.72000000000004
1986-04-07 06:00:00,107.22000000000004
1986-04-08 06:00:00,108.54500000000009
1986-04-09 06:00:00,108.72000000000004
1986-04-10 06:00:00,108.12000000000008
1986-04-11 06:00:00,108.99500000000008
1986-04-14 06:00:00,108.84500000000004
1986-04-15 06:00:00,108.37000000000008
1986-04-16 06:00:00,107.29500000000009
1986-04-17 06:00:00,108.79500000000009
1986-04-18 06:00:00,109.54500000000009
1986-04-21 06:00:00,109.19500000000006
1986-04-22 06:00:00,110.32000000000006
1986-04-23 06:00:00,109.89500000000005
1986-04-24 06:00:00,110.12000000000008
1986-04-25 06:00:00,109.72000000000004
1986-04-28 05:00:00,110.14500000000005
1986-04-29 05:00:00,111.64500000000005
1986-04-30 05:00:00,112.52000000000011
1986-05-01 05:00:00,111.82000000000006
1986-05-02 05:00:00,111.89500000000005
1986-05-05 05:00:00,112.54500000000009
1986-05-06 05:00:00,112.64500000000011
1986-05-07 05:00:00,112.54500000000009
1986-05-08 05:00:00,114.04500000000009
1986-05-09 05:00:00,113.77000000000011
1986-05-12 05:00:00,112.87000000000008
1986-05-13 05:00:00,113.89500000000011
1986-05-14 05:00:00,114.37000000000008
1986-05-15 05:00:00,113.39500000000011
1986-05-16 05:00:00,112.57000000000012
1986-05-19 05:00:00,113.49500000000008
1986-05-20 05:00:00,113.52000000000011
1986-05-21 05:00:00,112.64500000000011
1986-05-22 05:00:00,113.07000000000012
1986-05-23 05:00:00,113.82000000000012
1986-05-27 05:00:00,113.92000000000009
1986-05-28 05:00:00,115.04500000000009
1986-05-29 05:00:00,114.57000000000012
1986-05-30 05:00:00,114.2200000000001
1986-06-02 05:00:00,114.42000000000009
1986-06-03 05:00:00,113.87000000000008
1986-06-04 05:00:00,113.44500000000012
1986-06-05 05:00:00,114.0950000000001
1986-06-06 05:00:00,114.32000000000012
1986-06-09 05:00:00,114.54500000000009
1986-06-10 05:00:00,114.32000000000012
1986-06-11 05:00:00,114.27000000000011
1986-06-12 05:00:00,114.62000000000008
1986-06-13 05:00:00,115.94500000000012
1986-06-16 05:00:00,116.64500000000005
1986-06-17 05:00:00,116.59500000000004
1986-06-18 05:00:00,117.34500000000004
1986-06-19 05:00:00,117.99500000000008
1986-06-20 05:00:00,118.67000000000009
1986-06-23 05:00:00,118.39500000000011
1986-06-24 05:00:00,119.89500000000011
1986-06-25 05:00:00,121.39500000000011
1986-06-26 05:00:00,122.89500000000005
1986-06-27 05:00:00,124.39500000000005
1986-06-30 05:00:00,123.57000000000001
1986-07-01 05:00:00,124.09500000000004
1986-07-02 05:00:00,125.59500000000004
1986-07-03 05:00:00,126.67000000000003
1986-07-07 05:00:00,125.89500000000005
1986-07-08 05:00:00,124.92000000000003
1986-07-09 05:00:00,125.92000000000003
1986-07-10 05:00:00,124.97000000000004
1986-07-11 05:00:00,125.02000000000005
1986-07-14 05:00:00,126.12000000000002
1986-07-15 05:00:00,127.32000000000001
1986-07-16 05:00:00,128.39499999999998
1986-07-17 05:00:00,126.89500000000005
1986-07-18 05:00:00,126.99500000000002
1986-07-21 05:00:00,127.52000000000005
1986-07-22 05:00:00,127.09500000000004
1986-07-23 05:00:00,127.62000000000002
1986-07-24 05:00:00,127.77
1986-07-25 05:00:00,128.34500000000003
1986-07-28 05:00:00,129.84500000000003
1986-07-29 05:00:00,129.245
1986-07-30 05:00:00,127.97000000000004
1986-07-31 05:00:00,128.14499999999998
1986-08-01 05:00:00,128.87
1986-08-04 05:00:00,128.54500000000002
1986-08-05 05:00:00,127.04500000000003
1986-08-06 05:00:00,126.09500000000004
1986-08-07 05:00:00,127.12000000000002
1986-08-08 05:00:00,127.94500000000001
1986-08-11 05:00:00,126.84500000000004
1986-08-12 05:00:00,128.245
1986-08-13 05:00:00,128.47000000000003
1986-08-14 05:00:00,128.195
1986-08-15 05:00:00,128.54500000000002
1986-08-18 05:00:00,128.76999999999998
1986-08-19 05:00:00,128.695
1986-08-20 05:00:00,129.72000000000003
1986-08-21 05:00:00,130.245
1986-08-22 05:00:00,129.445
1986-08-25 05:00:00,129.17000000000002
1986-08-26 05:00:00,130.37
1986-08-27 05:00:00,130.995
1986-08-28 05:00:00,130.695
1986-08-29 05:00:00,131.22000000000003
1986-09-02 05:00:00,131.57
1986-09-03 05:00:00,133.04500000000007
1986-09-04 05:00:00,132.67000000000002
1986-09-05 05:00:00,132.01999999999998
1986-09-08 05:00:00,132.12
1986-09-09 05:00:00,132.26999999999998
1986-09-10 05:00:00,131.82
1986-09-11 05:00:00,132.51999999999998
1986-09-12 05:00:00,131.76999999999998
1986-09-15 05:00:00,131.57
1986-09-16 05:00:00,131.245
1986-09-17 05:00:00,131.82
1986-09-18 05:00:00,131.245
1986-09-19 05:00:00,131.245
1986-09-22 05:00:00,129.745
1986-09-23 05:00:00,128.82
1986-09-24 05:00:00,127.32000000000001
1986-09-25 05:00:00,127.04500000000003
1986-09-26 05:00:00,127.29500000000003
1986-09-29 05:00:00,127.42000000000003
1986-09-30 05:00:00,127.07000000000001
1986-10-01 05:00:00,127.72000000000004
1986-10-02 05:00:00,126.22000000000004
1986-10-03 05:00:00,124.72000000000004
1986-10-06 05:00:00,125.37000000000002
1986-10-07 05:00:00,126.87000000000002
1986-10-08 05:00:00,126.47000000000004
1986-10-09 05:00:00,127.07000000000001
1986-10-10 05:00:00,127.02
1986-10-13 05:00:00,127.02
1986-10-14 05:00:00,128.51999999999998
1986-10-15 05:00:00,128.67000000000002
1986-10-16 05:00:00,128.51999999999998
1986-10-17 05:00:00,128.195
1986-10-20 05:00:00,127.97000000000004
1986-10-21 05:00:00,126.97000000000004
1986-10-22 05:00:00,126.99500000000002
1986-10-23 05:00:00,126.87000000000002
1986-10-24 05:00:00,126.69500000000001
1986-10-27 06:00:00,128.195
1986-10-28 06:00:00,128.51999999999998
1986-10-29 06:00:00,128.745
1986-10-30 06:00:00,128.17000000000002
1986-10-31 06:00:00,126.67000000000003
1986-11-03 06:00:00,126.29500000000003
1986-11-04 06:00:00,126.39500000000005
1986-11-05 06:00:00,126.82000000000001
1986-11-06 06:00:00,127.14500000000005
1986-11-07 06:00:00,126.02000000000005
1986-11-10 06:00:00,126.84500000000004
1986-11-11 06:00:00,127.07000000000001
1986-11-12 06:00:00,127.29500000000003
1986-11-13 06:00:00,127.42000000000003
1986-11-14 06:00:00,127.92000000000003
1986-11-17 06:00:00,127.72000000000004
1986-11-18 06:00:00,128.67000000000002
1986-11-19 06:00:00,129.17000000000002
1986-11-20 06:00:00,129.17000000000002
1986-11-21 06:00:00,129.195
1986-11-24 06:00:00,129.57
1986-11-25 06:00:00,129.92000000000002
1986-11-26 06:00:00,129.82
1986-11-28 06:00:00,130.22000000000003
1986-12-01 06:00:00,130.84500000000003
1986-12-02 06:00:00,130.37
1986-12-03 06:00:00,129.47000000000003
1986-12-04 06:00:00,129.92000000000002
1986-12-05 06:00:00,130.32
1986-12-08 06:00:00,129.76999999999998
1986-12-09 06:00:00,129.64499999999998
1986-12-10 06:00:00,130.01999999999998
1986-12-11 06:00:00,129.42000000000002
1986-12-12 06:00:00,128.995
1986-12-15 06:00:00,128.09500000000003
1986-12-16 06:00:00,128.37
1986-12-17 06:00:00,128.245
1986-12-18 06:00:00,128.09500000000003
1986-12-19 06:00:00,127.97000000000004
1986-12-22 06:00:00,126.74500000000002
1986-12-23 06:00:00,127.04500000000003
1986-12-24 06:00:00,127.09500000000004
1986-12-26 06:00:00,126.79500000000003
1986-12-29 06:00:00,126.52000000000005
1986-12-30 06:00:00,126.99500000000002
1986-12-31 06:00:00,126.37000000000002
1987-01-02 06:00:00,126.79500000000003
1987-01-05 06:00:00,126.99500000000002
1987-01-06 06:00:00,126.97000000000004
1987-01-07 06:00:00,126.37000000000002
1987-01-08 06:00:00,126.62000000000002
1987-01-09 06:00:00,125.42000000000003
1987-01-12 06:00:00,125.79500000000003
1987-01-13 06:00:00,126.24500000000002
1987-01-14 06:00:00,126.99500000000002
1987-01-15 06:00:00,126.62000000000002
1987-01-16 06:00:00,126.67000000000003
1987-01-19 06:00:00,125.72000000000004
1987-01-20 06:00:00,125.92000000000003
1987-01-21 06:00:00,126.57000000000001
1987-01-22 06:00:00,126.37000000000002
1987-01-23 06:00:00,126.47000000000004
1987-01-26 06:00:00,127.87000000000002
1987-01-27 06:00:00,127.99500000000002
1987-01-28 06:00:00,127.94500000000001
1987-01-29 06:00:00,128.12
1987-01-30 06:00:00,128.79500000000002
1987-02-02 06:00:00,128.97000000000003
1987-02-03 06:00:00,128.64500000000004
1987-02-04 06:00:00,128.39500000000004
1987-02-05 06:00:00,128.02000000000004
1987-02-06 06:00:00,128.09500000000003
1987-02-09 06:00:00,127.82000000000001
1987-02-10 06:00:00,127.02000000000005
1987-02-11 06:00:00,126.84500000000004
1987-02-12 06:00:00,125.87000000000002
1987-02-13 06:00:00,125.87000000000002
1987-02-17 06:00:00,125.82000000000001
1987-02-18 06:00:00,125.37000000000002
1987-02-19 06:00:00,125.07000000000001
1987-02-20 06:00:00,125.62000000000002
1987-02-23 06:00:00,125.64500000000005
1987-02-24 06:00:00,125.52000000000005
1987-02-25 06:00:00,125.97000000000004
1987-02-26 06:00:00,125.37000000000002
1987-02-27 06:00:00,125.82000000000001
1987-03-02 06:00:00,126.64500000000005
1987-03-03 06:00:00,126.34500000000004
1987-03-04 06:00:00,126.47000000000004
1987-03-05 06:00:00,126.62000000000002
1987-03-06 06:00:00,127.04500000000003
1987-03-09 06:00:00,127.24500000000002
1987-03-10 06:00:00,126.97000000000004
1987-03-11 06:00:00,126.89500000000005
1987-03-12 06:00:00,127.19500000000001
1987-03-13 06:00:00,127.62000000000002
1987-03-16 06:00:00,127.77000000000005
1987-03-17 06:00:00,128.02000000000004
1987-03-18 06:00:00,128.37
1987-03-19 06:00:00,128.67000000000002
1987-03-20 06:00:00,128.62
1987-03-23 06:00:00,128.72000000000003
1987-03-24 06:00:00,128.945
1987-03-25 06:00:00,128.57
1987-03-26 06:00:00,127.67000000000003
1987-03-27 06:00:00,128.09500000000003
1987-03-30 06:00:00,127.77000000000005
1987-03-31 06:00:00,128.14500000000004
1987-04-01 06:00:00,128.64500000000004
1987-04-02 06:00:00,128.245
1987-04-03 06:00:00,128.52000000000004
1987-04-06 05:00:00,128.79500000000002
1987-04-07 05:00:00,129.62
1987-04-08 05:00:00,130.09500000000003
1987-04-09 05:00:00,131.27000000000004
1987-04-10 05:00:00,130.945
1987-04-13 05:00:00,130.79500000000002
1987-04-14 05:00:00,130.945
1987-04-15 05:00:00,131.195
1987-04-16 05:00:00,131.72000000000003
1987-04-20 05:00:00,132.02000000000004
1987-04-21 05:00:00,132.8950000000001
1987-04-22 05:00:00,132.62
1987-04-23 05:00:00,133.67000000000007
1987-04-24 05:00:00,134.3950000000001
1987-04-27 05:00:00,134.12000000000006
1987-04-28 05:00:00,134.32000000000005
1987-04-29 05:00:00,132.82000000000005
1987-04-30 05:00:00,133.32000000000005
1987-05-01 05:00:00,133.3950000000001
1987-05-04 05:00:00,134.2700000000001
1987-05-05 05:00:00,134.42000000000007
1987-05-06 05:00:00,134.97000000000008
1987-05-07 05:00:00,133.82000000000005
1987-05-08 05:00:00,134.0200000000001
1987-05-11 05:00:00,135.5200000000001
1987-05-12 05:00:00,134.22000000000008
1987-05-13 05:00:00,133.72000000000008
1987-05-14 05:00:00,134.04500000000007
1987-05-15 05:00:00,134.57000000000005
1987-05-18 05:00:00,134.3950000000001
1987-05-19 05:00:00,135.54500000000007
1987-05-20 05:00:00,135.37000000000006
1987-05-21 05:00:00,135.67000000000007
1987-05-22 05:00:00,135.54500000000007
1987-05-26 05:00:00,136.62
1987-05-27 05:00:00,137.22000000000003
1987-05-28 05:00:00,136.97000000000003
1987-05-29 05:00:00,136.47000000000003
1987-06-01 05:00:00,137.22000000000003
1987-06-02 05:00:00,137.54500000000002
1987-06-03 05:00:00,137.54500000000002
1987-06-04 05:00:00,138.84500000000003
1987-06-05 05:00:00,139.79500000000002
1987-06-08 05:00:00,140.02000000000004
1987-06-09 05:00:00,139.79500000000002
1987-06-10 05:00:00,138.72000000000003
1987-06-11 05:00:00,139.14500000000004
1987-06-12 05:00:00,140.02000000000004
1987-06-15 05:00:00,140.59500000000003
1987-06-16 05:00:00,139.69500000000005
1987-06-17 05:00:00,139.54500000000002
1987-06-18 05:00:00,140.32000000000005
1987-06-19 05:00:00,140.22000000000003
1987-06-22 05:00:00,139.84500000000003
1987-06-23 05:00:00,140.67000000000002
1987-06-24 05:00:00,140.32000000000005
1987-06-25 05:00:00,140.77000000000004
1987-06-26 05:00:00,140.04500000000002
1987-06-29 05:00:00,138.77000000000004
1987-06-30 05:00:00,139.39500000000004
1987-07-01 05:00:00,140.89500000000004
1987-07-02 05:00:00,142.39500000000004
1987-07-06 05:00:00,142.07000000000005
1987-07-07 05:00:00,142.12
1987-07-08 05:00:00,142.69500000000005
1987-07-09 05:00:00,142.34500000000003
1987-07-10 05:00:00,140.995
1987-07-13 05:00:00,140.67000000000002
1987-07-14 05:00:00,139.495
1987-07-15 05:00:00,139.92000000000002
1987-07-16 05:00:00,140.79500000000002
1987-07-17 05:00:00,140.02000000000004
1987-07-20 05:00:00,141.29500000000002
1987-07-21 05:00:00,140.59500000000003
1987-07-22 05:00:00,141.39500000000004
1987-07-23 05:00:00,141.32000000000005
1987-07-24 05:00:00,141.77000000000004
1987-07-27 05:00:00,142.59500000000003
1987-07-28 05:00:00,142.47000000000003
1987-07-29 05:00:00,143.14500000000004
1987-07-30 05:00:00,143.695
1987-07-31 05:00:00,143.745
1987-08-03 05:00:00,142.92000000000002
1987-08-04 05:00:00,142.59500000000003
1987-08-05 05:00:00,142.39500000000004
1987-08-06 05:00:00,142.34500000000003
1987-08-07 05:00:00,142.52000000000004
1987-08-10 05:00:00,143.64499999999998
1987-08-11 05:00:00,142.69500000000005
1987-08-12 05:00:00,143.79500000000002
1987-08-13 05:00:00,143.09500000000003
1987-08-14 05:00:00,143.745
1987-08-17 05:00:00,143.84499999999997
1987-08-18 05:00:00,143.64499999999998
1987-08-19 05:00:00,144.82000000000005
1987-08-20 05:00:00,145.07000000000005
1987-08-21 05:00:00,144.89500000000004
1987-08-24 05:00:00,145.42000000000002
1987-08-25 05:00:00,144.92000000000002
1987-08-26 05:00:00,145.69500000000005
1987-08-27 05:00:00,145.07000000000005
1987-08-28 05:00:00,144.77000000000004
1987-08-31 05:00:00,145.14500000000004
1987-09-01 05:00:00,145.62
1987-09-02 05:00:00,145.64500000000004
1987-09-03 05:00:00,146.07
1987-09-04 05:00:00,145.94500000000005
1987-09-08 05:00:00,145.29500000000002
1987-09-09 05:00:00,145.37
1987-09-10 05:00:00,144.17000000000002
1987-09-11 05:00:00,143.34499999999997
1987-09-14 05:00:00,142.29500000000002
1987-09-15 05:00:00,142.87
1987-09-16 05:00:00,142.69500000000005
1987-09-17 05:00:00,141.995
1987-09-18 05:00:00,142.52000000000004
1987-09-21 05:00:00,143.32
1987-09-22 05:00:00,142.995
1987-09-23 05:00:00,142.94500000000005
1987-09-24 05:00:00,143.17000000000002
1987-09-25 05:00:00,142.79500000000002
1987-09-28 05:00:00,141.47000000000003
1987-09-29 05:00:00,141.64500000000004
1987-09-30 05:00:00,141.72000000000003
1987-10-01 05:00:00,143.07000000000005
1987-10-02 05:00:00,142.67000000000002
1987-10-05 05:00:00,142.92000000000002
1987-10-06 05:00:00,143.92000000000002
1987-10-07 05:00:00,144.19500000000005
1987-10-08 05:00:00,143.695
1987-10-09 05:00:00,143.995
1987-10-12 05:00:00,143.89499999999998
1987-10-13 05:00:00,143.745
1987-10-14 05:00:00,143.04500000000002
1987-10-15 05:00:00,142.69500000000005
1987-10-16 05:00:00,142.47000000000003
1987-10-19 05:00:00,141.44500000000005
1987-10-20 05:00:00,140.82000000000005
1987-10-21 05:00:00,141.27000000000004
1987-10-22 05:00:00,140.69500000000005
1987-10-23 05:00:00,141.14500000000004
1987-10-26 06:00:00,139.64500000000004
1987-10-27 06:00:00,140.02000000000004
1987-10-28 06:00:00,140.14500000000004
1987-10-29 06:00:00,140.245
1987-10-30 06:00:00,139.92000000000002
1987-11-02 06:00:00,139.14500000000004
1987-11-03 06:00:00,139.54500000000002
1987-11-04 06:00:00,139.52000000000004
1987-11-05 06:00:00,140.42000000000002
1987-11-06 06:00:00,140.64500000000004
1987-11-09 06:00:00,140.64500000000004
1987-11-10 06:00:00,141.27000000000004
1987-11-11 06:00:00,140.92000000000002
1987-11-12 06:00:00,140.39500000000004
1987-11-13 06:00:00,140.54500000000002
1987-11-16 06:00:00,140.92000000000002
1987-11-17 06:00:00,141.92000000000002
1987-11-18 06:00:00,141.245
1987-11-19 06:00:00,141.02000000000004
1987-11-20 06:00:00,142.02000000000004
1987-11-23 06:00:00,141.82000000000005
1987-11-24 06:00:00,142.52000000000004
1987-11-25 06:00:00,142.34500000000003
1987-11-27 06:00:00,142.39500000000004
1987-11-30 06:00:00,140.89500000000004
1987-12-01 06:00:00,141.22000000000003
1987-12-02 06:00:00,140.995
1987-12-03 06:00:00,139.495
1987-12-04 06:00:00,139.37
1987-12-07 06:00:00,139.42000000000002
1987-12-08 06:00:00,140.09500000000003
1987-12-09 06:00:00,139.84500000000003
1987-12-10 06:00:00,140.07000000000005
1987-12-11 06:00:00,139.89500000000004
1987-12-14 06:00:00,140.64500000000004
1987-12-15 06:00:00,139.92000000000002
1987-12-16 06:00:00,140.17000000000002
1987-12-17 06:00:00,140.32000000000005
1987-12-18 06:00:00,140.34500000000003
1987-12-21 06:00:00,140.44500000000005
1987-12-22 06:00:00,139.44500000000005
1987-12-23 06:00:00,139.92000000000002
1987-12-24 06:00:00,139.89500000000004
1987-12-28 06:00:00,139.495
1987-12-29 06:00:00,139.52000000000004
1987-12-30 06:00:00,140.02000000000004
1987-12-31 06:00:00,139.89500000000004
1988-01-04 06:00:00,140.57000000000005
1988-01-05 06:00:00,140.745
1988-01-06 06:00:00,141.77000000000004
1988-01-07 06:00:00,143.27000000000004
1988-01-08 06:00:00,144.77000000000004
1988-01-11 06:00:00,145.37
1988-01-12 06:00:00,145.27000000000004
1988-01-13 06:00:00,145.02000000000004
1988-01-14 06:00:00,145.22000000000003
1988-01-15 06:00:00,146.14500000000004
1988-01-18 06:00:00,146.995
1988-01-19 06:00:00,146.87
1988-01-20 06:00:00,146.52000000000004
1988-01-21 06:00:00,147.04500000000002
1988-01-22 06:00:00,147.14500000000004
1988-01-25 06:00:00,146.995
1988-01-26 06:00:00,146.67000000000002
1988-01-27 06:00:00,146.745
1988-01-28 06:00:00,146.09500000000003
1988-01-29 06:00:00,145.59500000000003
1988-02-01 06:00:00,146.245
1988-02-02 06:00:00,146.17000000000002
1988-02-03 06:00:00,147.195
1988-02-04 06:00:00,147.12
1988-02-05 06:00:00,147.27000000000004
1988-02-08 06:00:00,147.34500000000003
1988-02-09 06:00:00,148.64500000000004
1988-02-10 06:00:00,148.07
1988-02-11 06:00:00,146.67000000000002
1988-02-12 06:00:00,146.34500000000003
1988-02-16 06:00:00,146.62
1988-02-17 06:00:00,146.39500000000004
1988-02-18 06:00:00,145.12
1988-02-19 06:00:00,145.745
1988-02-22 06:00:00,146.07
1988-02-23 06:00:00,145.42000000000002
1988-02-24 06:00:00,145.42000000000002
1988-02-25 06:00:00,145.695
1988-02-26 06:00:00,145.995
1988-02-29 06:00:00,144.92000000000002
1988-03-01 06:00:00,145.32
1988-03-02 06:00:00,145.245
1988-03-03 06:00:00,144.79500000000002
1988-03-04 06:00:00,144.82
1988-03-07 06:00:00,146.07
1988-03-08 06:00:00,146.495
1988-03-09 06:00:00,145.945
1988-03-10 06:00:00,145.84500000000003
1988-03-11 06:00:00,146.39500000000004
1988-03-14 06:00:00,147.47000000000003
1988-03-15 06:00:00,147.32
1988-03-16 06:00:00,147.27000000000004
1988-03-17 06:00:00,147.995
1988-03-18 06:00:00,148.12
1988-03-21 06:00:00,147.64500000000004
1988-03-22 06:00:00,149.02000000000004
1988-03-23 06:00:00,148.62
1988-03-24 06:00:00,149.02000000000004
1988-03-25 06:00:00,149.695
1988-03-28 06:00:00,149.195
1988-03-29 06:00:00,149.32
1988-03-30 06:00:00,149.07
1988-03-31 06:00:00,147.57
1988-04-04 05:00:00,148.89500000000004
1988-04-05 05:00:00,149.07
1988-04-06 05:00:00,149.17000000000002
1988-04-07 05:00:00,148.89500000000004
1988-04-08 05:00:00,149.59500000000003
1988-04-11 05:00:00,150.09500000000003
1988-04-12 05:00:00,149.37
1988-04-13 05:00:00,148.09500000000003
1988-04-14 05:00:00,148.07
1988-04-15 05:00:00,147.97000000000003
1988-04-18 05:00:00,147.64500000000004
1988-04-19 05:00:00,147.84500000000003
1988-04-20 05:00:00,148.39500000000004
1988-04-21 05:00:00,148.22000000000003
1988-04-22 05:00:00,148.07
1988-04-25 05:00:00,147.82
1988-04-26 05:00:00,147.89500000000004
1988-04-27 05:00:00,148.52000000000004
1988-04-28 05:00:00,148.195
1988-04-29 05:00:00,148.12
1988-05-02 05:00:00,148.27000000000004
1988-05-03 05:00:00,148.445
1988-05-04 05:00:00,149.14500000000004
1988-05-05 05:00:00,150.12
1988-05-06 05:00:00,149.89500000000004
1988-05-09 05:00:00,150.27000000000004
1988-05-10 05:00:00,150.14500000000004
1988-05-11 05:00:00,151.51999999999998
1988-05-12 05:00:00,151.51999999999998
1988-05-13 05:00:00,151.64499999999998
1988-05-16 05:00:00,151.495
1988-05-17 05:00:00,151.09500000000003
1988-05-18 05:00:00,150.995
1988-05-19 05:00:00,150.945
1988-05-20 05:00:00,151.39500000000004
1988-05-23 05:00:00,151.07
1988-05-24 05:00:00,151.27000000000004
1988-05-25 05:00:00,151.12
1988-05-26 05:00:00,151.22000000000003
1988-05-27 05:00:00,151.82
1988-05-31 05:00:00,153.32
1988-06-01 05:00:00,153.39499999999998
1988-06-02 05:00:00,153.29500000000002
1988-06-03 05:00:00,152.07
1988-06-06 05:00:00,152.76999999999998
1988-06-07 05:00:00,152.22000000000003
1988-06-08 05:00:00,150.72000000000003
1988-06-09 05:00:00,149.22000000000003
1988-06-10 05:00:00,149.07
1988-06-13 05:00:00,148.745
1988-06-14 05:00:00,147.77000000000004
1988-06-15 05:00:00,146.27000000000004
1988-06-16 05:00:00,147.04500000000002
1988-06-17 05:00:00,147.14500000000004
1988-06-20 05:00:00,147.22000000000003
1988-06-21 05:00:00,147.79500000000002
1988-06-22 05:00:00,147.62
1988-06-23 05:00:00,146.87
1988-06-24 05:00:00,146.79500000000002
1988-06-27 05:00:00,148.29500000000002
1988-06-28 05:00:00,147.57
1988-06-29 05:00:00,147.27000000000004
1988-06-30 05:00:00,147.77000000000004
1988-07-01 05:00:00,146.27000000000004
1988-07-05 05:00:00,145.54500000000002
1988-07-06 05:00:00,145.44500000000005
1988-07-07 05:00:00,145.27000000000004
1988-07-08 05:00:00,144.77000000000004
1988-07-11 05:00:00,144.37
1988-07-12 05:00:00,145.12
1988-07-13 05:00:00,144.27000000000004
1988-07-14 05:00:00,145.37
1988-07-15 05:00:00,146.12
1988-07-18 05:00:00,145.34500000000003
1988-07-19 05:00:00,144.82000000000005
1988-07-20 05:00:00,143.79500000000002
1988-07-21 05:00:00,145.29500000000002
1988-07-22 05:00:00,146.745
1988-07-25 05:00:00,145.44500000000005
1988-07-26 05:00:00,144.32000000000005
1988-07-27 05:00:00,144.44500000000005
1988-07-28 05:00:00,143.27000000000004
1988-07-29 05:00:00,143.82
1988-08-01 05:00:00,144.37
1988-08-02 05:00:00,143.995
1988-08-03 05:00:00,143.64499999999998
1988-08-04 05:00:00,143.32
1988-08-05 05:00:00,144.47000000000003
1988-08-08 05:00:00,144.22000000000003
1988-08-09 05:00:00,143.79500000000002
1988-08-10 05:00:00,145.17000000000002
1988-08-11 05:00:00,145.29500000000002
1988-08-12 05:00:00,144.82000000000005
1988-08-15 05:00:00,145.14500000000004
1988-08-16 05:00:00,145.09500000000003
1988-08-17 05:00:00,145.72000000000003
1988-08-18 05:00:00,146.57
1988-08-19 05:00:00,146.47000000000003
1988-08-22 05:00:00,145.27000000000004
1988-08-23 05:00:00,145.245
1988-08-24 05:00:00,145.47000000000003
1988-08-25 05:00:00,145.94500000000005
1988-08-26 05:00:00,146.07
1988-08-29 05:00:00,145.52000000000004
1988-08-30 05:00:00,144.44500000000005
1988-08-31 05:00:00,143.82
1988-09-01 05:00:00,143.92000000000002
1988-09-02 05:00:00,143.46999999999997
1988-09-06 05:00:00,142.44500000000005
1988-09-07 05:00:00,142.84500000000003
1988-09-08 05:00:00,142.42000000000002
1988-09-09 05:00:00,142.17000000000002
1988-09-12 05:00:00,142.04500000000002
1988-09-13 05:00:00,142.89500000000004
1988-09-14 05:00:00,143.17000000000002
1988-09-15 05:00:00,142.87
1988-09-16 05:00:00,143.07000000000005
1988-09-19 05:00:00,142.87
1988-09-20 05:00:00,143.84499999999997
1988-09-21 05:00:00,143.51999999999998
1988-09-22 05:00:00,144.09500000000003
1988-09-23 05:00:00,144.27000000000004
1988-09-26 05:00:00,145.77000000000004
1988-09-27 05:00:00,145.34500000000003
1988-09-28 05:00:00,144.82000000000005
1988-09-29 05:00:00,145.42000000000002
1988-09-30 05:00:00,145.64500000000004
1988-10-03 05:00:00,144.995
1988-10-04 05:00:00,145.44500000000005
1988-10-05 05:00:00,145.245
1988-10-06 05:00:00,145.12
1988-10-07 05:00:00,145.04500000000002
1988-10-10 05:00:00,144.52000000000004
1988-10-11 05:00:00,144.39500000000004
1988-10-12 05:00:00,144.69500000000005
1988-10-13 05:00:00,145.19500000000005
1988-10-14 05:00:00,145.67000000000002
1988-10-17 05:00:00,145.12
1988-10-18 05:00:00,145.52000000000004
1988-10-19 05:00:00,145.37
1988-10-20 05:00:00,144.92000000000002
1988-10-21 05:00:00,144.82
1988-10-24 05:00:00,145.29500000000002
1988-10-25 05:00:00,144.945
1988-10-26 05:00:00,143.995
1988-10-27 05:00:00,143.945
1988-10-28 05:00:00,144.29500000000002
1988-10-31 06:00:00,144.57
1988-11-01 06:00:00,144.34500000000003
1988-11-02 06:00:00,144.87
1988-11-03 06:00:00,144.195
1988-11-04 06:00:00,144.54500000000002
1988-11-07 06:00:00,144.82
1988-11-08 06:00:00,144.82
1988-11-09 06:00:00,143.76999999999998
1988-11-10 06:00:00,143.97000000000003
1988-11-11 06:00:00,143.84499999999997
1988-11-14 06:00:00,143.97000000000003
1988-11-15 06:00:00,144.34500000000003
1988-11-16 06:00:00,144.42000000000002
1988-11-17 06:00:00,143.32
1988-11-18 06:00:00,142.14500000000004
1988-11-21 06:00:00,141.67000000000002
1988-11-22 06:00:00,141.745
1988-11-23 06:00:00,142.22000000000003
1988-11-25 06:00:00,142.445
1988-11-28 06:00:00,142.67000000000002
1988-11-29 06:00:00,142.445
1988-11-30 06:00:00,142.82
1988-12-01 06:00:00,143.34499999999997
1988-12-02 06:00:00,142.87
1988-12-05 06:00:00,143.51999999999998
1988-12-06 06:00:00,142.97000000000003
1988-12-07 06:00:00,143.22000000000003
1988-12-08 06:00:00,142.77000000000004
1988-12-09 06:00:00,143.79500000000002
1988-12-12 06:00:00,144.92000000000002
1988-12-13 06:00:00,145.09500000000003
1988-12-14 06:00:00,145.245
1988-12-15 06:00:00,144.97000000000003
1988-12-16 06:00:00,145.52000000000004
1988-12-19 06:00:00,145.17000000000002
1988-12-20 06:00:00,144.87
1988-12-21 06:00:00,145.22000000000003
1988-12-22 06:00:00,145.39500000000004
1988-12-23 06:00:00,145.745
1988-12-27 06:00:00,146.17000000000002
1988-12-28 06:00:00,145.89500000000004
1988-12-29 06:00:00,145.745
1988-12-30 06:00:00,145.77000000000004
1989-01-03 06:00:00,145.27000000000004
1989-01-04 06:00:00,145.54500000000002
1989-01-05 06:00:00,145.97000000000003
1989-01-06 06:00:00,145.92000000000002
1989-01-09 06:00:00,145.29500000000002
1989-01-10 06:00:00,145.22000000000003
1989-01-11 06:00:00,144.59500000000003
1989-01-12 06:00:00,144.495
1989-01-13 06:00:00,144.39500000000004
1989-01-16 06:00:00,143.79500000000002
1989-01-17 06:00:00,143.87
1989-01-18 06:00:00,143.09500000000003
1989-01-19 06:00:00,143.22000000000003
1989-01-20 06:00:00,142.87
1989-01-23 06:00:00,142.39500000000004
1989-01-24 06:00:00,142.245
1989-01-25 06:00:00,142.77000000000004
1989-01-26 06:00:00,142.17000000000002
1989-01-27 06:00:00,142.39500000000004
1989-01-30 06:00:00,142.87
1989-01-31 06:00:00,143.495
1989-02-01 06:00:00,143.67000000000002
1989-02-02 06:00:00,142.97000000000003
1989-02-03 06:00:00,143.34499999999997
1989-02-06 06:00:00,141.92000000000002
1989-02-07 06:00:00,141.67000000000002
1989-02-08 06:00:00,142.32
1989-02-09 06:00:00,141.82
1989-02-10 06:00:00,141.79500000000002
1989-02-13 06:00:00,141.79500000000002
1989-02-14 06:00:00,142.14500000000004
1989-02-15 06:00:00,141.82
1989-02-16 06:00:00,141.89500000000004
1989-02-17 06:00:00,141.92000000000002
1989-02-21 06:00:00,142.77000000000004
1989-02-22 06:00:00,143.02000000000004
1989-02-23 06:00:00,143.17000000000002
1989-02-24 06:00:00,142.995
1989-02-27 06:00:00,142.97000000000003
1989-02-28 06:00:00,143.27000000000004
1989-03-01 06:00:00,143.92000000000002
1989-03-02 06:00:00,143.82
1989-03-03 06:00:00,143.54500000000002
1989-03-06 06:00:00,143.57
1989-03-07 06:00:00,143.945
1989-03-08 06:00:00,143.79500000000002
1989-03-09 06:00:00,143.46999999999997
1989-03-10 06:00:00,143.57
1989-03-13 06:00:00,143.64499999999998
1989-03-14 06:00:00,143.67000000000002
1989-03-15 06:00:00,143.92000000000002
1989-03-16 06:00:00,143.42000000000002
1989-03-17 06:00:00,142.84500000000003
1989-03-20 06:00:00,142.89500000000004
1989-03-21 06:00:00,142.695
1989-03-22 06:00:00,142.47000000000003
1989-03-23 06:00:00,142.22000000000003
1989-03-27 06:00:00,141.87
1989-03-28 06:00:00,142.04500000000002
1989-03-29 06:00:00,142.12
1989-03-30 06:00:00,141.495
1989-03-31 06:00:00,141.54500000000002
1989-04-03 05:00:00,140.62
1989-04-04 05:00:00,140.64500000000004
1989-04-05 05:00:00,140.79500000000002
1989-04-06 05:00:00,140.34500000000003
1989-04-07 05:00:00,140.17000000000002
1989-04-10 05:00:00,140.72000000000003
1989-04-11 05:00:00,140.64500000000004
1989-04-12 05:00:00,140.92000000000002
1989-04-13 05:00:00,140.87
1989-04-14 05:00:00,141.29500000000002
1989-04-17 05:00:00,141.47000000000003
1989-04-18 05:00:00,141.47000000000003
1989-04-19 05:00:00,140.89500000000004
1989-04-20 05:00:00,140.67000000000002
1989-04-21 05:00:00,140.79500000000002
1989-04-24 05:00:00,140.97000000000003
1989-04-25 05:00:00,141.97000000000003
1989-04-26 05:00:00,141.945
1989-04-27 05:00:00,142.34500000000003
1989-04-28 05:00:00,142.09500000000003
1989-05-01 05:00:00,142.195
1989-05-02 05:00:00,142.77000000000004
1989-05-03 05:00:00,142.57
1989-05-04 05:00:00,142.34500000000003
1989-05-05 05:00:00,142.47000000000003
1989-05-08 05:00:00,142.84500000000003
1989-05-09 05:00:00,142.995
1989-05-10 05:00:00,142.89500000000004
1989-05-11 05:00:00,142.79500000000002
1989-05-12 05:00:00,142.67000000000002
1989-05-15 05:00:00,143.12
1989-05-16 05:00:00,142.27000000000004
1989-05-17 05:00:00,142.64500000000004
1989-05-18 05:00:00,142.57
1989-05-19 05:00:00,143.17000000000002
1989-05-22 05:00:00,143.195
1989-05-23 05:00:00,143.09500000000003
1989-05-24 05:00:00,142.79500000000002
1989-05-25 05:00:00,142.245
1989-05-26 05:00:00,141.09500000000003
1989-05-30 05:00:00,140.32
1989-05-31 05:00:00,140.54500000000002
1989-06-01 05:00:00,140.97000000000003
1989-06-02 05:00:00,140.89500000000004
1989-06-05 05:00:00,141.84500000000003
1989-06-06 05:00:00,141.27000000000004
1989-06-07 05:00:00,141.57
1989-06-08 05:00:00,141.32
1989-06-09 05:00:00,141.245
1989-06-12 05:00:00,141.72000000000003
1989-06-13 05:00:00,141.57
1989-06-14 05:00:00,141.67000000000002
1989-06-15 05:00:00,142.57
1989-06-16 05:00:00,142.97000000000003
1989-06-19 05:00:00,144.22000000000003
1989-06-20 05:00:00,143.87
1989-06-21 05:00:00,143.745
1989-06-22 05:00:00,143.82
1989-06-23 05:00:00,143.97000000000003
1989-06-26 05:00:00,144.09500000000003
1989-06-27 05:00:00,143.76999999999998
1989-06-28 05:00:00,143.64499999999998
1989-06-29 05:00:00,143.32
1989-06-30 05:00:00,143.29500000000002
1989-07-03 05:00:00,141.79500000000002
1989-07-05 05:00:00,140.37
1989-07-06 05:00:00,139.87
1989-07-07 05:00:00,139.42000000000002
1989-07-10 05:00:00,139.67000000000002
1989-07-11 05:00:00,138.79500000000002
1989-07-12 05:00:00,138.47000000000003
1989-07-13 05:00:00,138.945
1989-07-14 05:00:00,139.47000000000003
1989-07-17 05:00:00,139.54500000000002
1989-07-18 05:00:00,139.195
1989-07-19 05:00:00,139.79500000000002
1989-07-20 05:00:00,139.945
1989-07-21 05:00:00,139.57
1989-07-24 05:00:00,139.57
1989-07-25 05:00:00,139.09500000000003
1989-07-26 05:00:00,139.09500000000003
1989-07-27 05:00:00,139.37
1989-07-28 05:00:00,139.47000000000003
1989-07-31 05:00:00,139.57
1989-08-01 05:00:00,138.92000000000002
1989-08-02 05:00:00,140.14499999999998
1989-08-03 05:00:00,140.695
1989-08-04 05:00:00,140.97000000000003
1989-08-07 05:00:00,140.84500000000003
1989-08-08 05:00:00,140.79500000000002
1989-08-09 05:00:00,140.04500000000002
1989-08-10 05:00:00,139.59500000000003
1989-08-11 05:00:00,139.695
1989-08-14 05:00:00,139.92000000000002
1989-08-15 05:00:00,139.84500000000003
1989-08-16 05:00:00,140.29500000000002
1989-08-17 05:00:00,140.52000000000004
1989-08-18 05:00:00,140.59500000000003
1989-08-21 05:00:00,140.07
1989-08-22 05:00:00,140.12
1989-08-23 05:00:00,140.79500000000002
1989-08-24 05:00:00,140.945
1989-08-25 05:00:00,140.745
1989-08-28 05:00:00,140.245
1989-08-29 05:00:00,141.14500000000004
1989-08-30 05:00:00,140.67000000000002
1989-08-31 05:00:00,140.79500000000002
1989-09-01 05:00:00,140.17000000000002
1989-09-05 05:00:00,139.39500000000004
1989-09-06 05:00:00,140.27000000000004
1989-09-07 05:00:00,140.245
1989-09-08 05:00:00,139.495
1989-09-11 05:00:00,138.92000000000002
1989-09-12 05:00:00,139.27000000000004
1989-09-13 05:00:00,139.59500000000003
1989-09-14 05:00:00,140.445
1989-09-15 05:00:00,140.77000000000004
1989-09-18 05:00:00,141.09500000000003
1989-09-19 05:00:00,141.47000000000003
1989-09-20 05:00:00,141.92000000000002
1989-09-21 05:00:00,141.92000000000002
1989-09-22 05:00:00,142.47000000000003
1989-09-25 05:00:00,142.54500000000002
1989-09-26 05:00:00,142.495
1989-09-27 05:00:00,142.245
1989-09-28 05:00:00,142.42000000000002
1989-09-29 05:00:00,142.695
1989-10-02 05:00:00,143.02000000000004
1989-10-03 05:00:00,143.57
1989-10-04 05:00:00,143.04500000000002
1989-10-05 05:00:00,143.51999999999998
1989-10-06 05:00:00,143.245
1989-10-09 05:00:00,143.745
1989-10-10 05:00:00,144.245
1989-10-11 05:00:00,144.37
1989-10-12 05:00:00,144.89500000000004
1989-10-13 05:00:00,144.945
1989-10-16 05:00:00,143.71999999999997
1989-10-17 05:00:00,144.29500000000002
1989-10-18 05:00:00,144.445
1989-10-19 05:00:00,144.245
1989-10-20 05:00:00,144.54500000000002
1989-10-23 05:00:00,145.17000000000002
1989-10-24 05:00:00,145.14500000000004
1989-10-25 05:00:00,145.42000000000002
1989-10-26 05:00:00,144.745
1989-10-27 05:00:00,144.32
1989-10-30 06:00:00,144.12
1989-10-31 06:00:00,144.995
1989-11-01 06:00:00,145.89500000000004
1989-11-02 06:00:00,145.32
1989-11-03 06:00:00,145.39500000000004
1989-11-06 06:00:00,146.17000000000002
1989-11-07 06:00:00,146.89499999999998
1989-11-08 06:00:00,146.54500000000002
1989-11-09 06:00:00,146.39499999999998
1989-11-10 06:00:00,146.62
1989-11-13 06:00:00,147.54500000000002
1989-11-14 06:00:00,146.945
1989-11-15 06:00:00,148.32
1989-11-16 06:00:00,148.17000000000002
1989-11-17 06:00:00,149.12
1989-11-20 06:00:00,148.84500000000003
1989-11-21 06:00:00,149.32
1989-11-22 06:00:00,149.64499999999998
1989-11-24 06:00:00,150.09500000000003
1989-11-27 06:00:00,149.495
1989-11-28 06:00:00,148.84500000000003
1989-11-29 06:00:00,148.22000000000003
1989-11-30 06:00:00,148.495
1989-12-01 06:00:00,148.39499999999998
1989-12-04 06:00:00,148.09500000000003
1989-12-05 06:00:00,148.79500000000002
1989-12-06 06:00:00,148.64499999999998
1989-12-07 06:00:00,147.995
1989-12-08 06:00:00,146.84500000000003
1989-12-11 06:00:00,147.195
1989-12-12 06:00:00,147.32
1989-12-13 06:00:00,147.54500000000002
1989-12-14 06:00:00,147.79500000000002
1989-12-15 06:00:00,147.87
1989-12-18 06:00:00,148.42000000000002
1989-12-19 06:00:00,148.59500000000003
1989-12-20 06:00:00,148.01999999999998
1989-12-21 06:00:00,148.17000000000002
1989-12-22 06:00:00,147.695
1989-12-26 06:00:00,147.97000000000003
1989-12-27 06:00:00,148.04500000000002
1989-12-28 06:00:00,147.82
1989-12-29 06:00:00,147.62
1990-01-02 06:00:00,147.97000000000003
1990-01-03 06:00:00,148.47000000000003
1990-01-04 06:00:00,149.97000000000003
1990-01-05 06:00:00,150.945
1990-01-08 06:00:00,151.17000000000002
1990-01-09 06:00:00,151.07
1990-01-10 06:00:00,150.82
1990-01-11 06:00:00,151.14499999999998
1990-01-12 06:00:00,150.51999999999998
1990-01-15 06:00:00,150.67000000000002
1990-01-16 06:00:00,150.12
1990-01-17 06:00:00,150.54500000000002
1990-01-18 06:00:00,150.84500000000003
1990-01-19 06:00:00,150.92000000000002
1990-01-22 06:00:00,151.51999999999998
1990-01-23 06:00:00,151.195
1990-01-24 06:00:00,150.57
1990-01-25 06:00:00,150.59500000000003
1990-01-26 06:00:00,150.12
1990-01-29 06:00:00,149.945
1990-01-30 06:00:00,150.07
1990-01-31 06:00:00,149.62
1990-02-01 06:00:00,149.445
1990-02-02 06:00:00,149.29500000000002
1990-02-05 06:00:00,149.76999999999998
1990-02-06 06:00:00,149.47000000000003
1990-02-07 06:00:00,149.87
1990-02-08 06:00:00,149.87
1990-02-09 06:00:00,149.695
1990-02-12 06:00:00,150.04500000000002
1990-02-13 06:00:00,150.42000000000002
1990-02-14 06:00:00,150.745
1990-02-15 06:00:00,150.62
1990-02-16 06:00:00,150.34500000000003
1990-02-20 06:00:00,150.79500000000002
1990-02-21 06:00:00,151.12
1990-02-22 06:00:00,151.82
1990-02-23 06:00:00,152.245
1990-02-26 06:00:00,152.32
1990-02-27 06:00:00,152.14499999999998
1990-02-28 06:00:00,152.46999999999997
1990-03-01 06:00:00,152.17000000000002
1990-03-02 06:00:00,151.995
1990-03-05 06:00:00,152.07
1990-03-06 06:00:00,152.91999999999996
1990-03-07 06:00:00,153.66999999999996
1990-03-08 06:00:00,154.29499999999996
1990-03-09 06:00:00,154.09499999999997
1990-03-12 06:00:00,154.57
1990-03-13 06:00:00,154.195
1990-03-14 06:00:00,153.96999999999997
1990-03-15 06:00:00,154.29499999999996
1990-03-16 06:00:00,154.64499999999998
1990-03-19 06:00:00,154.89499999999998
1990-03-20 06:00:00,154.82
1990-03-21 06:00:00,154.46999999999997
1990-03-22 06:00:00,155.12
1990-03-23 06:00:00,155.39499999999998
1990-03-26 06:00:00,155.16999999999996
1990-03-27 06:00:00,154.71999999999997
1990-03-28 06:00:00,154.96999999999997
1990-03-29 06:00:00,154.495
1990-03-30 06:00:00,154.64499999999998
1990-04-02 05:00:00,156.09499999999997
1990-04-03 05:00:00,156.04499999999996
1990-04-04 05:00:00,156.01999999999998
1990-04-05 05:00:00,155.96999999999997
1990-04-06 05:00:00,156.16999999999996
1990-04-09 05:00:00,156.79499999999996
1990-04-10 05:00:00,157.195
1990-04-11 05:00:00,157.51999999999998
1990-04-12 05:00:00,157.66999999999996
1990-04-16 05:00:00,157.51999999999998
1990-04-17 05:00:00,157.51999999999998
1990-04-18 05:00:00,157.695
1990-04-19 05:00:00,158.37
1990-04-20 05:00:00,158.72000000000003
1990-04-23 05:00:00,159.495
1990-04-24 05:00:00,159.22000000000003
1990-04-25 05:00:00,159.64499999999998
1990-04-26 05:00:00,159.92000000000002
1990-04-27 05:00:00,159.445
1990-04-30 05:00:00,159.87
1990-05-01 05:00:00,160.54500000000002
1990-05-02 05:00:00,160.54500000000002
1990-05-03 05:00:00,160.695
1990-05-04 05:00:00,161.04500000000002
1990-05-07 05:00:00,162.04500000000002
1990-05-08 05:00:00,160.54500000000002
1990-05-09 05:00:00,161.14499999999998
1990-05-10 05:00:00,160.26999999999998
1990-05-11 05:00:00,159.945
1990-05-14 05:00:00,159.76999999999998
1990-05-15 05:00:00,159.92000000000002
1990-05-16 05:00:00,161.42000000000002
1990-05-17 05:00:00,161.695
1990-05-18 05:00:00,161.97000000000003
1990-05-21 05:00:00,161.945
1990-05-22 05:00:00,161.89499999999998
1990-05-23 05:00:00,160.59500000000003
1990-05-24 05:00:00,160.97000000000003
1990-05-25 05:00:00,161.245
1990-05-29 05:00:00,162.42000000000002
1990-05-30 05:00:00,161.12
1990-05-31 05:00:00,159.945
1990-06-01 05:00:00,159.97000000000003
1990-06-04 05:00:00,160.22000000000003
1990-06-05 05:00:00,161.32
1990-06-06 05:00:00,160.34500000000003
1990-06-07 05:00:00,159.17000000000002
1990-06-08 05:00:00,158.82
1990-06-11 05:00:00,159.76999999999998
1990-06-12 05:00:00,159.495
1990-06-13 05:00:00,159.54500000000002
1990-06-14 05:00:00,158.04499999999996
1990-06-15 05:00:00,156.54499999999996
1990-06-18 05:00:00,156.39499999999998
1990-06-19 05:00:00,156.245
1990-06-20 05:00:00,156.32
1990-06-21 05:00:00,155.79499999999996
1990-06-22 05:00:00,156.195
1990-06-25 05:00:00,156.87
1990-06-26 05:00:00,157.26999999999998
1990-06-27 05:00:00,157.62
1990-06-28 05:00:00,157.26999999999998
1990-06-29 05:00:00,157.46999999999997
1990-07-02 05:00:00,158.76999999999998
1990-07-03 05:00:00,158.34499999999997
1990-07-05 05:00:00,159.01999999999998
1990-07-06 05:00:00,157.84499999999997
1990-07-09 05:00:00,156.79499999999996
1990-07-10 05:00:00,156.66999999999996
1990-07-11 05:00:00,156.995
1990-07-12 05:00:00,157.34499999999997
1990-07-13 05:00:00,157.71999999999997
1990-07-16 05:00:00,159.22000000000003
1990-07-17 05:00:00,159.09500000000003
1990-07-18 05:00:00,157.64499999999998
1990-07-19 05:00:00,156.71999999999997
1990-07-20 05:00:00,157.37
1990-07-23 05:00:00,156.84499999999997
1990-07-24 05:00:00,157.16999999999996
1990-07-25 05:00:00,158.67000000000002
1990-07-26 05:00:00,158.29499999999996
1990-07-27 05:00:00,158.14499999999998
1990-07-30 05:00:00,158.82
1990-07-31 05:00:00,159.54500000000002
1990-08-01 05:00:00,158.495
1990-08-02 05:00:00,156.995
1990-08-03 05:00:00,156.32
1990-08-06 05:00:00,156.51999999999998
1990-08-07 05:00:00,155.57
1990-08-08 05:00:00,154.195
1990-08-09 05:00:00,153.82
1990-08-10 05:00:00,154.54499999999996
1990-08-13 05:00:00,154.84499999999997
1990-08-14 05:00:00,154.32
1990-08-15 05:00:00,154.245
1990-08-16 05:00:00,154.16999999999996
1990-08-17 05:00:00,154.16999999999996
1990-08-20 05:00:00,154.62
1990-08-21 05:00:00,154.12
1990-08-22 05:00:00,153.695
1990-08-23 05:00:00,153.64499999999998
1990-08-24 05:00:00,153.96999999999997
1990-08-27 05:00:00,154.54499999999996
1990-08-28 05:00:00,153.76999999999998
1990-08-29 05:00:00,154.01999999999998
1990-08-30 05:00:00,153.76999999999998
1990-08-31 05:00:00,153.59499999999997
1990-09-04 05:00:00,154.16999999999996
1990-09-05 05:00:00,154.245
1990-09-06 05:00:00,154.26999999999998
1990-09-07 05:00:00,154.59499999999997
1990-09-10 05:00:00,155.245
1990-09-11 05:00:00,155.32
1990-09-12 05:00:00,155.54499999999996
1990-09-13 05:00:00,155.07
1990-09-14 05:00:00,155.745
1990-09-17 05:00:00,156.41999999999996
1990-09-18 05:00:00,156.39499999999998
1990-09-19 05:00:00,156.46999999999997
1990-09-20 05:00:00,157.01999999999998
1990-09-21 05:00:00,157.51999999999998
1990-09-24 05:00:00,157.14499999999998
1990-09-25 05:00:00,156.695
1990-09-26 05:00:00,156.16999999999996
1990-09-27 05:00:00,155.87
1990-09-28 05:00:00,156.76999999999998
1990-10-01 05:00:00,158.26999999999998
1990-10-02 05:00:00,158.745
1990-10-03 05:00:00,159.745
1990-10-04 05:00:00,159.39499999999998
1990-10-05 05:00:00,159.42000000000002
1990-10-08 05:00:00,158.41999999999996
1990-10-09 05:00:00,158.745
1990-10-10 05:00:00,158.34499999999997
1990-10-11 05:00:00,158.16999999999996
1990-10-12 05:00:00,159.09500000000003
1990-10-15 05:00:00,158.82
1990-10-16 05:00:00,157.82
1990-10-17 05:00:00,158.07
1990-10-18 05:00:00,157.945
1990-10-19 05:00:00,157.745
1990-10-22 05:00:00,157.41999999999996
1990-10-23 05:00:00,157.51999999999998
1990-10-24 05:00:00,157.34499999999997
1990-10-25 05:00:00,157.695
1990-10-26 05:00:00,157.04499999999996
1990-10-29 06:00:00,156.14499999999998
1990-10-30 06:00:00,156.21999999999997
1990-10-31 06:00:00,156.62
1990-11-01 06:00:00,156.62
1990-11-02 06:00:00,156.71999999999997
1990-11-05 06:00:00,156.54499999999996
1990-11-06 06:00:00,157.945
1990-11-07 06:00:00,157.82
1990-11-08 06:00:00,157.245
1990-11-09 06:00:00,157.12
1990-11-12 06:00:00,158.29499999999996
1990-11-13 06:00:00,159.01999999999998
1990-11-14 06:00:00,158.41999999999996
1990-11-15 06:00:00,158.29499999999996
1990-11-16 06:00:00,159.09500000000003
1990-11-19 06:00:00,159.04500000000002
1990-11-20 06:00:00,157.89499999999998
1990-11-21 06:00:00,158.39499999999998
1990-11-23 06:00:00,158.34499999999997
1990-11-26 06:00:00,156.91999999999996
1990-11-27 06:00:00,157.29499999999996
1990-11-28 06:00:00,155.96999999999997
1990-11-29 06:00:00,154.76999999999998
1990-11-30 06:00:00,154.87
1990-12-03 06:00:00,154.745
1990-12-04 06:00:00,153.91999999999996
1990-12-05 06:00:00,154.445
1990-12-06 06:00:00,154.26999999999998
1990-12-07 06:00:00,154.84499999999997
1990-12-10 06:00:00,155.54499999999996
1990-12-11 06:00:00,155.41999999999996
1990-12-12 06:00:00,155.51999999999998
1990-12-13 06:00:00,155.12
1990-12-14 06:00:00,155.945
1990-12-17 06:00:00,156.245
1990-12-18 06:00:00,155.96999999999997
1990-12-19 06:00:00,156.39499999999998
1990-12-20 06:00:00,156.195
1990-12-21 06:00:00,156.32
1990-12-24 06:00:00,156.195
1990-12-26 06:00:00,156.21999999999997
1990-12-27 06:00:00,156.01999999999998
1990-12-28 06:00:00,155.96999999999997
1990-12-31 06:00:00,155.695
1991-01-02 06:00:00,154.96999999999997
1991-01-03 06:00:00,155.29500000000002
1991-01-04 06:00:00,155.96999999999997
1991-01-07 06:00:00,157.46999999999997
1991-01-08 06:00:00,158.195
1991-01-09 06:00:00,158.39499999999998
1991-01-10 06:00:00,158.57
1991-01-11 06:00:00,158.37
1991-01-14 06:00:00,157.62
1991-01-15 06:00:00,157.92000000000002
1991-01-16 06:00:00,158.195
1991-01-17 06:00:00,158.72000000000003
1991-01-18 06:00:00,158.57
1991-01-21 06:00:00,158.67000000000002
1991-01-22 06:00:00,157.67000000000002
1991-01-23 06:00:00,158.21999999999997
1991-01-24 06:00:00,159.72000000000003
1991-01-25 06:00:00,159.945
1991-01-28 06:00:00,160.37
1991-01-29 06:00:00,159.67000000000002
1991-01-30 06:00:00,159.87
1991-01-31 06:00:00,159.32
1991-02-01 06:00:00,159.47000000000003
1991-02-04 06:00:00,160.195
1991-02-05 06:00:00,158.745
1991-02-06 06:00:00,158.54500000000002
1991-02-07 06:00:00,158.12
1991-02-08 06:00:00,158.37
1991-02-11 06:00:00,158.14499999999998
1991-02-12 06:00:00,158.09499999999997
1991-02-13 06:00:00,157.82
1991-02-14 06:00:00,158.245
1991-02-15 06:00:00,158.14499999999998
1991-02-19 06:00:00,158.695
1991-02-20 06:00:00,158.67000000000002
1991-02-21 06:00:00,157.71999999999997
1991-02-22 06:00:00,157.995
1991-02-25 06:00:00,158.12
1991-02-26 06:00:00,159.62
1991-02-27 06:00:00,159.695
1991-02-28 06:00:00,160.39499999999998
1991-03-01 06:00:00,160.09500000000003
1991-03-04 06:00:00,160.07
1991-03-05 06:00:00,161.12
1991-03-06 06:00:00,161.12
1991-03-07 06:00:00,162.32
1991-03-08 06:00:00,162.495
1991-03-11 06:00:00,162.01999999999998
1991-03-12 06:00:00,162.12
1991-03-13 06:00:00,161.26999999999998
1991-03-14 06:00:00,161.67000000000002
1991-03-15 06:00:00,162.32
1991-03-18 06:00:00,161.495
1991-03-19 06:00:00,161.67000000000002
1991-03-20 06:00:00,161.47000000000003
1991-03-21 06:00:00,162.47000000000003
1991-03-22 06:00:00,162.14499999999998
1991-03-25 06:00:00,161.57
1991-03-26 06:00:00,161.64499999999998
1991-03-27 06:00:00,161.995
1991-03-28 06:00:00,162.04500000000002
1991-04-01 06:00:00,161.245
1991-04-02 06:00:00,161.97000000000003
1991-04-03 06:00:00,161.59500000000003
1991-04-04 06:00:00,160.26999999999998
1991-04-05 06:00:00,160.26999999999998
1991-04-08 05:00:00,160.57
1991-04-09 05:00:00,161.09500000000003
1991-04-10 05:00:00,160.32
1991-04-11 05:00:00,160.47000000000003
1991-04-12 05:00:00,160.72000000000003
1991-04-15 05:00:00,161.245
1991-04-16 05:00:00,161.54500000000002
1991-04-17 05:00:00,161.37
1991-04-18 05:00:00,160.745
1991-04-19 05:00:00,160.82
1991-04-22 05:00:00,161.07
1991-04-23 05:00:00,161.07
1991-04-24 05:00:00,161.17000000000002
1991-04-25 05:00:00,160.89499999999998
1991-04-26 05:00:00,161.64499999999998
1991-04-29 05:00:00,161.87
1991-04-30 05:00:00,162.14499999999998
1991-05-01 05:00:00,161.87
1991-05-02 05:00:00,161.67000000000002
1991-05-03 05:00:00,161.92000000000002
1991-05-06 05:00:00,162.07
1991-05-07 05:00:00,161.745
1991-05-08 05:00:00,160.445
1991-05-09 05:00:00,160.445
1991-05-10 05:00:00,160.495
1991-05-13 05:00:00,160.79500000000002
1991-05-14 05:00:00,160.32
1991-05-15 05:00:00,160.42000000000002
1991-05-16 05:00:00,160.445
1991-05-17 05:00:00,159.92000000000002
1991-05-20 05:00:00,158.995
1991-05-21 05:00:00,159.34500000000003
1991-05-22 05:00:00,159.29500000000002
1991-05-23 05:00:00,159.84500000000003
1991-05-24 05:00:00,160.07
1991-05-28 05:00:00,160.14500000000004
1991-05-29 05:00:00,159.84500000000003
1991-05-30 05:00:00,159.02000000000004
1991-05-31 05:00:00,158.195
1991-06-03 05:00:00,158.67000000000002
1991-06-04 05:00:00,158.59499999999997
1991-06-05 05:00:00,158.745
1991-06-06 05:00:00,159.07
1991-06-07 05:00:00,159.27000000000004
1991-06-10 05:00:00,158.745
1991-06-11 05:00:00,158.42000000000002
1991-06-12 05:00:00,157.89499999999998
1991-06-13 05:00:00,157.995
1991-06-14 05:00:00,157.92000000000002
1991-06-17 05:00:00,157.89499999999998
1991-06-18 05:00:00,157.92000000000002
1991-06-19 05:00:00,157.82
1991-06-20 05:00:00,157.995
1991-06-21 05:00:00,157.59499999999997
1991-06-24 05:00:00,157.76999999999998
1991-06-25 05:00:00,157.79500000000002
1991-06-26 05:00:00,157.76999999999998
1991-06-27 05:00:00,157.745
1991-06-28 05:00:00,156.92000000000002
1991-07-01 05:00:00,155.42000000000002
1991-07-02 05:00:00,154.82
1991-07-03 05:00:00,155.01999999999998
1991-07-05 05:00:00,155.07
1991-07-08 05:00:00,155.29500000000002
1991-07-09 05:00:00,154.84499999999997
1991-07-10 05:00:00,154.67000000000002
1991-07-11 05:00:00,154.89499999999998
1991-07-12 05:00:00,155.14499999999998
1991-07-15 05:00:00,155.79500000000002
1991-07-16 05:00:00,156.26999999999998
1991-07-17 05:00:00,155.96999999999997
1991-07-18 05:00:00,155.89499999999998
1991-07-19 05:00:00,155.76999999999998
1991-07-22 05:00:00,156.32
1991-07-23 05:00:00,156.04500000000002
1991-07-24 05:00:00,156.09499999999997
1991-07-25 05:00:00,155.82
1991-07-26 05:00:00,156.01999999999998
1991-07-29 05:00:00,156.57
1991-07-30 05:00:00,156.995
1991-07-31 05:00:00,156.96999999999997
1991-08-01 05:00:00,156.96999999999997
1991-08-02 05:00:00,155.46999999999997
1991-08-05 05:00:00,155.245
1991-08-06 05:00:00,155.34499999999997
1991-08-07 05:00:00,155.09499999999997
1991-08-08 05:00:00,154.92000000000002
1991-08-09 05:00:00,154.14499999999998
1991-08-12 05:00:00,154.62
1991-08-13 05:00:00,154.62
1991-08-14 05:00:00,154.82
1991-08-15 05:00:00,154.17000000000002
1991-08-16 05:00:00,154.945
1991-08-19 05:00:00,155.495
1991-08-20 05:00:00,155.445
1991-08-21 05:00:00,155.62
1991-08-22 05:00:00,155.995
1991-08-23 05:00:00,155.84499999999997
1991-08-26 05:00:00,155.84499999999997
1991-08-27 05:00:00,156.04500000000002
1991-08-28 05:00:00,155.445
1991-08-29 05:00:00,155.39499999999998
1991-08-30 05:00:00,155.57
1991-09-03 05:00:00,155.34499999999997
1991-09-04 05:00:00,155.67000000000002
1991-09-05 05:00:00,156.64499999999998
1991-09-06 05:00:00,156.84499999999997
1991-09-09 05:00:00,156.82
1991-09-10 05:00:00,156.64499999999998
1991-09-11 05:00:00,156.76999999999998
1991-09-12 05:00:00,156.54500000000002
1991-09-13 05:00:00,156.76999999999998
1991-09-16 05:00:00,156.89499999999998
1991-09-17 05:00:00,156.37
1991-09-18 05:00:00,156.76999999999998
1991-09-19 05:00:00,157.92000000000002
1991-09-20 05:00:00,158.04500000000002
1991-09-23 05:00:00,157.37
1991-09-24 05:00:00,157.34499999999997
1991-09-25 05:00:00,157.195
1991-09-26 05:00:00,157.39499999999998
1991-09-27 05:00:00,157.445
1991-09-30 05:00:00,156.51999999999998
1991-10-01 05:00:00,156.54500000000002
1991-10-02 05:00:00,156.01999999999998
1991-10-03 05:00:00,156.04500000000002
1991-10-04 05:00:00,156.59499999999997
1991-10-07 05:00:00,156.64499999999998
1991-10-08 05:00:00,156.39499999999998
1991-10-09 05:00:00,155.745
1991-10-10 05:00:00,155.445
1991-10-11 05:00:00,155.62
1991-10-14 05:00:00,155.445
1991-10-15 05:00:00,155.46999999999997
1991-10-16 05:00:00,155.64499999999998
1991-10-17 05:00:00,155.195
1991-10-18 05:00:00,154.745
1991-10-21 05:00:00,154.495
1991-10-22 05:00:00,154.42000000000002
1991-10-23 05:00:00,154.495
1991-10-24 05:00:00,154.695
1991-10-25 05:00:00,154.57
1991-10-28 06:00:00,154.79500000000002
1991-10-29 06:00:00,154.76999999999998
1991-10-30 06:00:00,154.37
1991-10-31 06:00:00,154.59499999999997
1991-11-01 06:00:00,154.57
1991-11-04 06:00:00,154.46999999999997
1991-11-05 06:00:00,154.495
1991-11-06 06:00:00,154.26999999999998
1991-11-07 06:00:00,154.17000000000002
1991-11-08 06:00:00,155.26999999999998
1991-11-11 06:00:00,155.51999999999998
1991-11-12 06:00:00,155.39499999999998
1991-11-13 06:00:00,155.12
1991-11-14 06:00:00,155.79500000000002
1991-11-15 06:00:00,155.01999999999998
1991-11-18 06:00:00,155.245
1991-11-19 06:00:00,155.21999999999997
1991-11-20 06:00:00,155.51999999999998
1991-11-21 06:00:00,155.04500000000002
1991-11-22 06:00:00,155.195
1991-11-25 06:00:00,154.82
1991-11-26 06:00:00,154.945
1991-11-27 06:00:00,154.82
1991-11-29 06:00:00,154.76999999999998
1991-12-02 06:00:00,154.62
1991-12-03 06:00:00,153.79500000000002
1991-12-04 06:00:00,153.26999999999998
1991-12-05 06:00:00,153.34499999999997
1991-12-06 06:00:00,153.695
1991-12-09 06:00:00,153.54500000000002
1991-12-10 06:00:00,152.87
1991-12-11 06:00:00,153.245
1991-12-12 06:00:00,153.59499999999997
1991-12-13 06:00:00,153.92000000000002
1991-12-16 06:00:00,153.695
1991-12-17 06:00:00,153.32
1991-12-18 06:00:00,153.12
1991-12-19 06:00:00,153.07
1991-12-20 06:00:00,153.07
1991-12-23 06:00:00,153.07
1991-12-24 06:00:00,153.04500000000002
1991-12-26 06:00:00,152.59499999999997
1991-12-27 06:00:00,152.04500000000002
1991-12-30 06:00:00,151.79500000000002
1991-12-31 06:00:00,151.745
1992-01-02 06:00:00,151.64499999999998
1992-01-03 06:00:00,151.59499999999997
1992-01-06 06:00:00,152.695
1992-01-07 06:00:00,153.01999999999998
1992-01-08 06:00:00,153.37
1992-01-09 06:00:00,153.46999999999997
1992-01-10 06:00:00,153.67000000000002
1992-01-13 06:00:00,153.57
1992-01-14 06:00:00,153.42000000000002
1992-01-15 06:00:00,153.54500000000002
1992-01-16 06:00:00,154.07
1992-01-17 06:00:00,153.76999999999998
1992-01-20 06:00:00,153.445
1992-01-21 06:00:00,153.64499999999998
1992-01-22 06:00:00,154.01999999999998
1992-01-23 06:00:00,154.695
1992-01-24 06:00:00,154.42000000000002
1992-01-27 06:00:00,154.62
1992-01-28 06:00:00,154.39499999999998
1992-01-29 06:00:00,154.29500000000002
1992-01-30 06:00:00,153.89499999999998
1992-01-31 06:00:00,154.32
1992-02-03 06:00:00,154.495
1992-02-04 06:00:00,155.54500000000002
1992-02-05 06:00:00,155.87
1992-02-06 06:00:00,156.445
1992-02-07 06:00:00,156.79500000000002
1992-02-10 06:00:00,157.07
1992-02-11 06:00:00,156.39499999999998
1992-02-12 06:00:00,156.26999999999998
1992-02-13 06:00:00,155.64499999999998
1992-02-14 06:00:00,155.96999999999997
1992-02-18 06:00:00,155.92000000000002
1992-02-19 06:00:00,156.26999999999998
1992-02-20 06:00:00,155.79500000000002
1992-02-21 06:00:00,155.695
1992-02-24 06:00:00,154.495
1992-02-25 06:00:00,154.64499999999998
1992-02-26 06:00:00,154.21999999999997
1992-02-27 06:00:00,154.37
1992-02-28 06:00:00,154.695
1992-03-02 06:00:00,154.71999999999997
1992-03-03 06:00:00,154.54500000000002
1992-03-04 06:00:00,155.29500000000002
1992-03-05 06:00:00,155.37
1992-03-06 06:00:00,156.71999999999997
1992-03-09 06:00:00,156.71999999999997
1992-03-10 06:00:00,156.46999999999997
1992-03-11 06:00:00,156.29500000000002
1992-03-12 06:00:00,156.54500000000002
1992-03-13 06:00:00,156.37
1992-03-16 06:00:00,156.445
1992-03-17 06:00:00,156.29500000000002
1992-03-18 06:00:00,156.495
1992-03-19 06:00:00,156.445
1992-03-20 06:00:00,156.54500000000002
1992-03-23 06:00:00,156.46999999999997
1992-03-24 06:00:00,156.37
1992-03-25 06:00:00,155.67000000000002
1992-03-26 06:00:00,155.37
1992-03-27 06:00:00,155.46999999999997
1992-03-30 06:00:00,154.445
1992-03-31 06:00:00,155.87
1992-04-01 06:00:00,156.37
1992-04-02 06:00:00,156.87
1992-04-03 06:00:00,158.09499999999997
1992-04-06 05:00:00,157.79500000000002
1992-04-07 05:00:00,157.62
1992-04-08 05:00:00,158.26999999999998
1992-04-09 05:00:00,158.745
1992-04-10 05:00:00,158.21999999999997
1992-04-13 05:00:00,158.37
1992-04-14 05:00:00,158.39499999999998
1992-04-15 05:00:00,158.245
1992-04-16 05:00:00,157.84499999999997
1992-04-20 05:00:00,158.245
1992-04-21 05:00:00,158.07
1992-04-22 05:00:00,157.945
1992-04-23 05:00:00,158.16999999999996
1992-04-24 05:00:00,158.82
1992-04-27 05:00:00,158.54499999999996
1992-04-28 05:00:00,158.54499999999996
1992-04-29 05:00:00,158.41999999999996
1992-04-30 05:00:00,158.37
1992-05-01 05:00:00,158.32
1992-05-04 05:00:00,158.39499999999998
1992-05-05 05:00:00,157.59499999999997
1992-05-06 05:00:00,157.84499999999997
1992-05-07 05:00:00,158.64499999999998
1992-05-08 05:00:00,158.82
1992-05-11 05:00:00,158.39499999999998
1992-05-12 05:00:00,158.62
1992-05-13 05:00:00,158.745
1992-05-14 05:00:00,158.445
1992-05-15 05:00:00,157.82
1992-05-18 05:00:00,157.89499999999998
1992-05-19 05:00:00,157.32
1992-05-20 05:00:00,157.195
1992-05-21 05:00:00,157.07
1992-05-22 05:00:00,157.32
1992-05-26 05:00:00,157.37
1992-05-27 05:00:00,157.51999999999998
1992-05-28 05:00:00,157.04499999999996
1992-05-29 05:00:00,156.79499999999996
1992-06-01 05:00:00,157.01999999999998
1992-06-02 05:00:00,157.09499999999997
1992-06-03 05:00:00,157.07
1992-06-04 05:00:00,157.14499999999998
1992-06-05 05:00:00,156.46999999999997
1992-06-08 05:00:00,156.62
1992-06-09 05:00:00,156.39499999999998
1992-06-10 05:00:00,156.37
1992-06-11 05:00:00,156.695
1992-06-12 05:00:00,156.84499999999997
1992-06-15 05:00:00,156.995
1992-06-16 05:00:00,157.245
1992-06-17 05:00:00,157.82
1992-06-18 05:00:00,157.96999999999997
1992-06-19 05:00:00,158.26999999999998
1992-06-22 05:00:00,158.34499999999997
1992-06-23 05:00:00,158.29499999999996
1992-06-24 05:00:00,158.14499999999998
1992-06-25 05:00:00,158.01999999999998
1992-06-26 05:00:00,158.07
1992-06-29 05:00:00,158.195
1992-06-30 05:00:00,159.01999999999998
1992-07-01 05:00:00,157.87
1992-07-02 05:00:00,157.21999999999997
1992-07-06 05:00:00,157.16999999999996
1992-07-07 05:00:00,157.09499999999997
1992-07-08 05:00:00,156.96999999999997
1992-07-09 05:00:00,157.01999999999998
1992-07-10 05:00:00,156.41999999999996
1992-07-13 05:00:00,156.29499999999996
1992-07-14 05:00:00,156.495
1992-07-15 05:00:00,156.695
1992-07-16 05:00:00,156.945
1992-07-17 05:00:00,157.59499999999997
1992-07-20 05:00:00,157.39499999999998
1992-07-21 05:00:00,156.66999999999996
1992-07-22 05:00:00,156.87
1992-07-23 05:00:00,156.79499999999996
1992-07-24 05:00:00,156.59499999999997
1992-07-27 05:00:00,156.195
1992-07-28 05:00:00,155.84499999999997
1992-07-29 05:00:00,156.04499999999996
1992-07-30 05:00:00,156.245
1992-07-31 05:00:00,155.96999999999997
1992-08-03 05:00:00,157.32
1992-08-04 05:00:00,157.39499999999998
1992-08-05 05:00:00,157.39499999999998
1992-08-06 05:00:00,157.12
1992-08-07 05:00:00,156.87
1992-08-10 05:00:00,157.195
1992-08-11 05:00:00,156.96999999999997
1992-08-12 05:00:00,157.21999999999997
1992-08-13 05:00:00,158.54499999999996
1992-08-14 05:00:00,158.46999999999997
1992-08-17 05:00:00,158.195
1992-08-18 05:00:00,158.445
1992-08-19 05:00:00,158.57
1992-08-20 05:00:00,158.62
1992-08-21 05:00:00,158.46999999999997
1992-08-24 05:00:00,158.445
1992-08-25 05:00:00,158.17000000000002
1992-08-26 05:00:00,158.39499999999998
1992-08-27 05:00:00,158.245
1992-08-28 05:00:00,158.32
1992-08-31 05:00:00,158.195
1992-09-01 05:00:00,158.57
1992-09-02 05:00:00,159.47000000000003
1992-09-03 05:00:00,159.26999999999998
1992-09-04 05:00:00,159.57
1992-09-08 05:00:00,160.01999999999998
1992-09-09 05:00:00,159.64499999999998
1992-09-10 05:00:00,159.76999999999998
1992-09-11 05:00:00,159.37
1992-09-14 05:00:00,159.745
1992-09-15 05:00:00,159.51999999999998
1992-09-16 05:00:00,159.12
1992-09-17 05:00:00,158.89499999999998
1992-09-18 05:00:00,159.14499999999998
1992-09-21 05:00:00,159.695
1992-09-22 05:00:00,159.14499999999998
1992-09-23 05:00:00,159.04500000000002
1992-09-24 05:00:00,159.17000000000002
1992-09-25 05:00:00,159.29500000000002
1992-09-28 05:00:00,159.995
1992-09-29 05:00:00,160.07
1992-09-30 05:00:00,160.47000000000003
1992-10-01 05:00:00,161.26999999999998
1992-10-02 05:00:00,161.54500000000002
1992-10-05 05:00:00,161.195
1992-10-06 05:00:00,160.84500000000003
1992-10-07 05:00:00,160.79500000000002
1992-10-08 05:00:00,161.32
1992-10-09 05:00:00,160.89499999999998
1992-10-12 05:00:00,162.245
1992-10-13 05:00:00,161.945
1992-10-14 05:00:00,161.84500000000003
1992-10-15 05:00:00,162.01999999999998
1992-10-16 05:00:00,161.495
1992-10-19 05:00:00,162.04500000000002
1992-10-20 05:00:00,161.89499999999998
1992-10-21 05:00:00,162.29500000000002
1992-10-22 05:00:00,161.47000000000003
1992-10-23 05:00:00,161.495
1992-10-26 06:00:00,161.42000000000002
1992-10-27 06:00:00,161.67000000000002
1992-10-28 06:00:00,160.695
1992-10-29 06:00:00,160.79500000000002
1992-10-30 06:00:00,161.09500000000003
1992-11-02 06:00:00,161.57
1992-11-03 06:00:00,161.79500000000002
1992-11-04 06:00:00,161.92000000000002
1992-11-05 06:00:00,161.92000000000002
1992-11-06 06:00:00,162.04500000000002
1992-11-09 06:00:00,162.54500000000002
1992-11-10 06:00:00,161.89499999999998
1992-11-11 06:00:00,161.87
1992-11-12 06:00:00,162.22000000000003
1992-11-13 06:00:00,162.12
1992-11-16 06:00:00,162.87
1992-11-17 06:00:00,162.76999999999998
1992-11-18 06:00:00,163.22000000000003
1992-11-19 06:00:00,163.34500000000003
1992-11-20 06:00:00,163.09500000000003
1992-11-23 06:00:00,163.17000000000002
1992-11-24 06:00:00,163.12
1992-11-25 06:00:00,163.04500000000002
1992-11-27 06:00:00,162.51999999999998
1992-11-30 06:00:00,162.245
1992-12-01 06:00:00,162.89499999999998
1992-12-02 06:00:00,161.92000000000002
1992-12-03 06:00:00,161.72000000000003
1992-12-04 06:00:00,161.89499999999998
1992-12-07 06:00:00,162.445
1992-12-08 06:00:00,162.17000000000002
1992-12-09 06:00:00,162.42000000000002
1992-12-10 06:00:00,162.29500000000002
1992-12-11 06:00:00,162.67000000000002
1992-12-14 06:00:00,162.89499999999998
1992-12-15 06:00:00,162.62
1992-12-16 06:00:00,162.64499999999998
1992-12-17 06:00:00,162.47000000000003
1992-12-18 06:00:00,162.26999999999998
1992-12-21 06:00:00,162.34500000000003
1992-12-22 06:00:00,162.71999999999997
1992-12-23 06:00:00,162.67000000000002
1992-12-24 06:00:00,162.71999999999997
1992-12-28 06:00:00,162.87
1992-12-29 06:00:00,162.79500000000002
1992-12-30 06:00:00,162.79500000000002
1992-12-31 06:00:00,162.82
1993-01-04 06:00:00,162.76999999999998
1993-01-05 06:00:00,162.32
1993-01-06 06:00:00,162.245
1993-01-07 06:00:00,162.64499999999998
1993-01-08 06:00:00,163.17000000000002
1993-01-11 06:00:00,164.6699999999999
1993-01-12 06:00:00,164.49499999999995
1993-01-13 06:00:00,164.07
1993-01-14 06:00:00,164.07
1993-01-15 06:00:00,163.91999999999996
1993-01-18 06:00:00,163.62
1993-01-19 06:00:00,163.84499999999997
1993-01-20 06:00:00,164.09499999999997
1993-01-21 06:00:00,163.71999999999997
1993-01-22 06:00:00,163.91999999999996
1993-01-25 06:00:00,164.07
1993-01-26 06:00:00,163.71999999999997
1993-01-27 06:00:00,164.07
1993-01-28 06:00:00,163.745
1993-01-29 06:00:00,164.21999999999997
1993-02-01 06:00:00,164.11999999999995
1993-02-02 06:00:00,163.86999999999995
1993-02-03 06:00:00,163.89499999999998
1993-02-04 06:00:00,163.71999999999997
1993-02-05 06:00:00,163.245
1993-02-08 06:00:00,163.39499999999998
1993-02-09 06:00:00,163.96999999999997
1993-02-10 06:00:00,165.2449999999999
1993-02-11 06:00:00,165.2199999999999
1993-02-12 06:00:00,165.4199999999999
1993-02-16 06:00:00,165.2449999999999
1993-02-17 06:00:00,165.1699999999999
1993-02-18 06:00:00,165.39499999999992
1993-02-19 06:00:00,165.2949999999999
1993-02-22 06:00:00,165.51999999999992
1993-02-23 06:00:00,165.99499999999995
1993-02-24 06:00:00,165.7949999999999
1993-02-25 06:00:00,165.76999999999992
1993-02-26 06:00:00,165.89499999999992
1993-03-01 06:00:00,165.64499999999992
1993-03-02 06:00:00,166.44499999999994
1993-03-03 06:00:00,166.39499999999992
1993-03-04 06:00:00,166.61999999999995
1993-03-05 06:00:00,167.74499999999995
1993-03-08 06:00:00,169.16999999999996
1993-03-09 06:00:00,168.91999999999996
1993-03-10 06:00:00,168.79499999999996
1993-03-11 06:00:00,168.61999999999995
1993-03-12 06:00:00,168.0449999999999
1993-03-15 06:00:00,168.96999999999997
1993-03-16 06:00:00,168.81999999999994
1993-03-17 06:00:00,168.64499999999998
1993-03-18 06:00:00,170.14499999999998
1993-03-19 06:00:00,171.64499999999998
1993-03-22 06:00:00,170.57
1993-03-23 06:00:00,170.19499999999994
1993-03-24 06:00:00,169.16999999999996
1993-03-25 06:00:00,169.91999999999996
1993-03-26 06:00:00,171.04499999999996
1993-03-29 06:00:00,169.59499999999997
1993-03-30 06:00:00,169.79499999999996
1993-03-31 06:00:00,171.29499999999996
1993-04-01 06:00:00,171.09499999999997
1993-04-02 06:00:00,169.99499999999995
1993-04-05 05:00:00,168.49499999999995
1993-04-06 05:00:00,169.06999999999994
1993-04-07 05:00:00,168.19499999999994
1993-04-08 05:00:00,168.36999999999995
1993-04-12 05:00:00,168.81999999999994
1993-04-13 05:00:00,168.76999999999998
1993-04-14 05:00:00,169.26999999999998
1993-04-15 05:00:00,168.56999999999994
1993-04-16 05:00:00,167.06999999999994
1993-04-19 05:00:00,167.14499999999992
1993-04-20 05:00:00,167.19499999999994
1993-04-21 05:00:00,167.11999999999995
1993-04-22 05:00:00,167.14499999999992
1993-04-23 05:00:00,166.11999999999995
1993-04-26 05:00:00,166.76999999999992
1993-04-27 05:00:00,167.1699999999999
1993-04-28 05:00:00,167.06999999999994
1993-04-29 05:00:00,167.3449999999999
1993-04-30 05:00:00,166.26999999999992
1993-05-03 05:00:00,167.0449999999999
1993-05-04 05:00:00,167.06999999999994
1993-05-05 05:00:00,166.76999999999992
1993-05-06 05:00:00,166.86999999999995
1993-05-07 05:00:00,167.26999999999992
1993-05-10 05:00:00,165.94499999999994
1993-05-11 05:00:00,166.44499999999994
1993-05-12 05:00:00,166.81999999999994
1993-05-13 05:00:00,166.81999999999994
1993-05-14 05:00:00,166.89499999999992
1993-05-17 05:00:00,166.76999999999992
1993-05-18 05:00:00,166.8449999999999
1993-05-19 05:00:00,167.11999999999995
1993-05-20 05:00:00,168.29499999999996
1993-05-21 05:00:00,168.16999999999996
1993-05-24 05:00:00,168.34499999999997
1993-05-25 05:00:00,168.14499999999992
1993-05-26 05:00:00,167.8449999999999
1993-05-27 05:00:00,166.5949999999999
1993-05-28 05:00:00,165.7199999999999
1993-06-01 05:00:00,165.26999999999992
1993-06-02 05:00:00,165.44499999999994
1993-06-03 05:00:00,165.1699999999999
1993-06-04 05:00:00,165.61999999999995
1993-06-07 05:00:00,166.31999999999994
1993-06-08 05:00:00,165.89499999999992
1993-06-09 05:00:00,166.0949999999999
1993-06-10 05:00:00,165.31999999999994
1993-06-11 05:00:00,164.39499999999998
1993-06-14 05:00:00,164.51999999999992
1993-06-15 05:00:00,163.79500000000002
1993-06-16 05:00:00,164.14499999999998
1993-06-17 05:00:00,164.51999999999992
1993-06-18 05:00:00,164.4699999999999
1993-06-21 05:00:00,164.36999999999995
1993-06-22 05:00:00,163.99499999999995
1993-06-23 05:00:00,164.01999999999998
1993-06-24 05:00:00,164.24499999999995
1993-06-25 05:00:00,164.07
1993-06-28 05:00:00,164.07
1993-06-29 05:00:00,163.89499999999998
1993-06-30 05:00:00,163.89499999999998
1993-07-01 05:00:00,165.39499999999992
1993-07-02 05:00:00,166.89499999999992
1993-07-06 05:00:00,167.3449999999999
1993-07-07 05:00:00,167.7199999999999
1993-07-08 05:00:00,167.31999999999994
1993-07-09 05:00:00,167.14499999999992
1993-07-12 05:00:00,167.51999999999992
1993-07-13 05:00:00,167.36999999999995
1993-07-14 05:00:00,167.14499999999992
1993-07-15 05:00:00,166.89499999999992
1993-07-16 05:00:00,166.61999999999995
1993-07-19 05:00:00,166.99499999999995
1993-07-20 05:00:00,166.9199999999999
1993-07-21 05:00:00,167.1699999999999
1993-07-22 05:00:00,167.39499999999992
1993-07-23 05:00:00,168.31999999999994
1993-07-26 05:00:00,168.46999999999997
1993-07-27 05:00:00,168.84499999999997
1993-07-28 05:00:00,168.66999999999996
1993-07-29 05:00:00,169.46999999999997
1993-07-30 05:00:00,169.31999999999994
1993-08-02 05:00:00,169.84499999999997
1993-08-03 05:00:00,170.01999999999992
1993-08-04 05:00:00,169.94499999999994
1993-08-05 05:00:00,169.89499999999992
1993-08-06 05:00:00,170.695
1993-08-09 05:00:00,169.19499999999994
1993-08-10 05:00:00,168.41999999999996
1993-08-11 05:00:00,168.51999999999992
1993-08-12 05:00:00,169.14499999999992
1993-08-13 05:00:00,169.09499999999997
1993-08-16 05:00:00,168.86999999999995
1993-08-17 05:00:00,168.86999999999995
1993-08-18 05:00:00,169.39499999999992
1993-08-19 05:00:00,169.51999999999992
1993-08-20 05:00:00,169.66999999999996
1993-08-23 05:00:00,169.36999999999995
1993-08-24 05:00:00,169.14499999999992
1993-08-25 05:00:00,169.46999999999997
1993-08-26 05:00:00,170.01999999999992
1993-08-27 05:00:00,170.11999999999995
1993-08-30 05:00:00,169.89499999999992
1993-08-31 05:00:00,169.99499999999995
1993-09-01 05:00:00,170.01999999999992
1993-09-02 05:00:00,170.34499999999997
1993-09-03 05:00:00,171.59499999999997
1993-09-07 05:00:00,171.84499999999997
1993-09-08 05:00:00,172.59499999999997
1993-09-09 05:00:00,172.04499999999996
1993-09-10 05:00:00,171.84499999999997
1993-09-13 05:00:00,172.64500000000004
1993-09-14 05:00:00,172.445
1993-09-15 05:00:00,171.37
1993-09-16 05:00:00,171.91999999999996
1993-09-17 05:00:00,172.26999999999998
1993-09-20 05:00:00,172.46999999999997
1993-09-21 05:00:00,171.76999999999998
1993-09-22 05:00:00,171.57
1993-09-23 05:00:00,172.01999999999998
1993-09-24 05:00:00,171.54499999999996
1993-09-27 05:00:00,170.64499999999998
1993-09-28 05:00:00,170.46999999999997
1993-09-29 05:00:00,170.84499999999997
1993-09-30 05:00:00,172.495
1993-10-01 05:00:00,172.495
1993-10-04 05:00:00,173.99500000000006
1993-10-05 05:00:00,174.39500000000004
1993-10-06 05:00:00,173.82000000000005
1993-10-07 05:00:00,174.07000000000005
1993-10-08 05:00:00,174.39500000000004
1993-10-11 05:00:00,174.12000000000006
1993-10-12 05:00:00,175.07000000000005
1993-10-13 05:00:00,173.97000000000008
1993-10-14 05:00:00,173.62000000000006
1993-10-15 05:00:00,173.14500000000004
1993-10-18 05:00:00,173.49500000000006
1993-10-19 05:00:00,173.47000000000008
1993-10-20 05:00:00,172.79500000000002
1993-10-21 05:00:00,173.07000000000005
1993-10-22 05:00:00,172.39499999999998
1993-10-25 05:00:00,172.39499999999998
1993-10-26 05:00:00,172.21999999999997
1993-10-27 05:00:00,172.195
1993-10-28 05:00:00,172.41999999999996
1993-10-29 05:00:00,173.42000000000007
1993-11-01 06:00:00,173.47000000000008
1993-11-02 06:00:00,173.27000000000004
1993-11-03 06:00:00,172.01999999999998
1993-11-04 06:00:00,171.37
1993-11-05 06:00:00,171.82
1993-11-08 06:00:00,171.945
1993-11-09 06:00:00,171.54499999999996
1993-11-10 06:00:00,171.245
1993-11-11 06:00:00,171.62
1993-11-12 06:00:00,171.54499999999996
1993-11-15 06:00:00,171.46999999999997
1993-11-16 06:00:00,170.89499999999998
1993-11-17 06:00:00,170.82
1993-11-18 06:00:00,170.91999999999996
1993-11-19 06:00:00,170.82
1993-11-22 06:00:00,171.32
1993-11-23 06:00:00,170.54499999999996
1993-11-24 06:00:00,170.87
1993-11-26 06:00:00,170.695
1993-11-29 06:00:00,170.57
1993-11-30 06:00:00,169.86999999999995
1993-12-01 06:00:00,170.26999999999992
1993-12-02 06:00:00,169.89499999999992
1993-12-03 06:00:00,169.79499999999996
1993-12-06 06:00:00,170.01999999999992
1993-12-07 06:00:00,170.21999999999997
1993-12-08 06:00:00,170.16999999999996
1993-12-09 06:00:00,169.74499999999995
1993-12-10 06:00:00,169.96999999999997
1993-12-13 06:00:00,170.11999999999995
1993-12-14 06:00:00,169.86999999999995
1993-12-15 06:00:00,169.74499999999995
1993-12-16 06:00:00,169.16999999999996
1993-12-17 06:00:00,169.26999999999992
1993-12-20 06:00:00,169.39499999999992
1993-12-21 06:00:00,169.51999999999992
1993-12-22 06:00:00,169.04499999999996
1993-12-23 06:00:00,169.21999999999997
1993-12-27 06:00:00,169.39499999999992
1993-12-28 06:00:00,169.01999999999992
1993-12-29 06:00:00,168.99499999999995
1993-12-30 06:00:00,169.49499999999995
1993-12-31 06:00:00,169.74499999999995
1994-01-03 06:00:00,169.81999999999994
1994-01-04 06:00:00,170.26999999999992
1994-01-05 06:00:00,170.36999999999995
1994-01-06 06:00:00,171.09499999999997
1994-01-07 06:00:00,171.26999999999998
1994-01-10 06:00:00,171.245
1994-01-11 06:00:00,171.51999999999998
1994-01-12 06:00:00,171.32
1994-01-13 06:00:00,171.21999999999997
1994-01-14 06:00:00,171.995
1994-01-17 06:00:00,172.32
1994-01-18 06:00:00,171.66999999999996
1994-01-19 06:00:00,171.57
1994-01-20 06:00:00,171.57
1994-01-21 06:00:00,172.07
1994-01-24 06:00:00,172.16999999999996
1994-01-25 06:00:00,173.12000000000006
1994-01-26 06:00:00,172.97000000000003
1994-01-27 06:00:00,172.79500000000002
1994-01-28 06:00:00,173.59500000000003
1994-01-31 06:00:00,174.49500000000006
1994-02-01 06:00:00,173.99500000000006
1994-02-02 06:00:00,174.44500000000005
1994-02-03 06:00:00,173.82000000000005
1994-02-04 06:00:00,173.32000000000005
1994-02-07 06:00:00,173.52000000000004
1994-02-08 06:00:00,172.84500000000003
1994-02-09 06:00:00,172.32
1994-02-10 06:00:00,172.37
1994-02-11 06:00:00,172.29499999999996
1994-02-14 06:00:00,172.445
1994-02-15 06:00:00,172.84500000000003
1994-02-16 06:00:00,172.92000000000007
1994-02-17 06:00:00,172.09499999999997
1994-02-18 06:00:00,172.24499999999995
1994-02-22 06:00:00,173.27000000000004
1994-02-23 06:00:00,172.51999999999998
1994-02-24 06:00:00,172.67000000000002
1994-02-25 06:00:00,172.67000000000002
1994-02-28 06:00:00,172.445
1994-03-01 06:00:00,172.195
1994-03-02 06:00:00,171.57
1994-03-03 06:00:00,171.71999999999997
1994-03-04 06:00:00,172.11999999999995
1994-03-07 06:00:00,172.21999999999997
1994-03-08 06:00:00,172.46999999999997
1994-03-09 06:00:00,172.36999999999995
1994-03-10 06:00:00,172.07
1994-03-11 06:00:00,170.86999999999995
1994-03-14 06:00:00,171.04499999999996
1994-03-15 06:00:00,170.99499999999995
1994-03-16 06:00:00,170.96999999999997
1994-03-17 06:00:00,170.51999999999992
1994-03-18 06:00:00,171.14499999999998
1994-03-21 06:00:00,171.46999999999997
1994-03-22 06:00:00,171.445
1994-03-23 06:00:00,172.16999999999996
1994-03-24 06:00:00,171.99499999999995
1994-03-25 06:00:00,172.01999999999998
1994-03-28 06:00:00,170.91999999999996
1994-03-29 06:00:00,170.61999999999995
1994-03-30 06:00:00,169.99499999999995
1994-03-31 06:00:00,170.34499999999997
1994-04-04 05:00:00,170.71999999999997
1994-04-05 05:00:00,170.31999999999994
1994-04-06 05:00:00,169.94499999999994
1994-04-07 05:00:00,169.96999999999997
1994-04-08 05:00:00,169.36999999999995
1994-04-11 05:00:00,169.46999999999997
1994-04-12 05:00:00,169.89499999999992
1994-04-13 05:00:00,169.16999999999996
1994-04-14 05:00:00,169.41999999999996
1994-04-15 05:00:00,170.04499999999996
1994-04-18 05:00:00,170.49499999999995
1994-04-19 05:00:00,170.2199999999999
1994-04-20 05:00:00,170.19499999999994
1994-04-21 05:00:00,170.14499999999992
1994-04-22 05:00:00,170.54499999999996
1994-04-25 05:00:00,170.2199999999999
1994-04-26 05:00:00,168.8449999999999
1994-04-28 05:00:00,168.41999999999996
1994-04-29 05:00:00,168.94499999999994
1994-05-02 05:00:00,168.54499999999996
1994-05-03 05:00:00,169.24499999999995
1994-05-04 05:00:00,168.0449999999999
1994-05-05 05:00:00,167.4699999999999
1994-05-06 05:00:00,167.7449999999999
1994-05-09 05:00:00,168.5949999999999
1994-05-10 05:00:00,167.89499999999992
1994-05-11 05:00:00,168.4699999999999
1994-05-12 05:00:00,168.36999999999995
1994-05-13 05:00:00,167.8699999999999
1994-05-16 05:00:00,168.39499999999992
1994-05-17 05:00:00,168.26999999999992
1994-05-18 05:00:00,166.9949999999999
1994-05-19 05:00:00,167.3449999999999
1994-05-20 05:00:00,167.6699999999999
1994-05-23 05:00:00,168.2199999999999
1994-05-24 05:00:00,167.0949999999999
1994-05-25 05:00:00,165.7449999999999
1994-05-26 05:00:00,165.89499999999992
1994-05-27 05:00:00,165.9199999999999
1994-05-31 05:00:00,166.14499999999992
1994-06-01 05:00:00,165.4199999999999
1994-06-02 05:00:00,165.19499999999988
1994-06-03 05:00:00,164.44499999999994
1994-06-06 05:00:00,165.9199999999999
1994-06-07 05:00:00,166.2449999999999
1994-06-08 05:00:00,165.76999999999992
1994-06-09 05:00:00,166.19499999999988
1994-06-10 05:00:00,167.01999999999992
1994-06-13 05:00:00,168.01999999999992
1994-06-14 05:00:00,167.3449999999999
1994-06-15 05:00:00,167.3449999999999
1994-06-16 05:00:00,167.4199999999999
1994-06-17 05:00:00,167.44499999999988
1994-06-20 05:00:00,167.1699999999999
1994-06-21 05:00:00,166.64499999999992
1994-06-22 05:00:00,166.1699999999999
1994-06-23 05:00:00,165.39499999999992
1994-06-24 05:00:00,165.9949999999999
1994-06-27 05:00:00,165.6699999999999
1994-06-28 05:00:00,165.2949999999999
1994-06-29 05:00:00,165.44499999999988
1994-06-30 05:00:00,165.4699999999999
1994-07-01 05:00:00,163.96999999999997
1994-07-05 05:00:00,162.46999999999997
1994-07-06 05:00:00,162.66999999999996
1994-07-07 05:00:00,163.445
1994-07-08 05:00:00,163.71999999999997
1994-07-11 05:00:00,164.26999999999992
1994-07-12 05:00:00,164.06999999999994
1994-07-13 05:00:00,164.06999999999994
1994-07-14 05:00:00,164.76999999999987
1994-07-15 05:00:00,164.14499999999992
1994-07-18 05:00:00,163.86999999999995
1994-07-19 05:00:00,163.91999999999996
1994-07-20 05:00:00,163.51999999999998
1994-07-21 05:00:00,163.94499999999994
1994-07-22 05:00:00,164.39499999999992
1994-07-25 05:00:00,164.76999999999987
1994-07-26 05:00:00,164.94499999999988
1994-07-27 05:00:00,164.34499999999997
1994-07-28 05:00:00,164.69499999999988
1994-07-29 05:00:00,165.04499999999985
1994-08-01 05:00:00,164.79499999999985
1994-08-02 05:00:00,164.01999999999992
1994-08-03 05:00:00,163.195
1994-08-04 05:00:00,164.16999999999996
1994-08-05 05:00:00,164.69499999999988
1994-08-08 05:00:00,164.96999999999986
1994-08-09 05:00:00,164.29499999999996
1994-08-10 05:00:00,164.06999999999994
1994-08-11 05:00:00,164.16999999999996
1994-08-12 05:00:00,163.695
1994-08-15 05:00:00,163.04499999999996
1994-08-16 05:00:00,162.59499999999997
1994-08-17 05:00:00,162.945
1994-08-18 05:00:00,162.76999999999998
1994-08-19 05:00:00,162.57
1994-08-22 05:00:00,162.71999999999997
1994-08-23 05:00:00,162.84499999999997
1994-08-24 05:00:00,163.07
1994-08-25 05:00:00,162.54499999999996
1994-08-26 05:00:00,162.14499999999998
1994-08-29 05:00:00,162.12
1994-08-30 05:00:00,162.66999999999996
1994-08-31 05:00:00,162.16999999999996
1994-09-01 05:00:00,162.445
1994-09-02 05:00:00,162.14499999999998
1994-09-06 05:00:00,162.71999999999997
1994-09-07 05:00:00,162.695
1994-09-08 05:00:00,162.245
1994-09-09 05:00:00,162.39499999999998
1994-09-12 05:00:00,162.34499999999997
1994-09-13 05:00:00,162.495
1994-09-14 05:00:00,162.39499999999998
1994-09-15 05:00:00,161.14499999999998
1994-09-16 05:00:00,161.14499999999998
1994-09-19 05:00:00,161.07
1994-09-20 05:00:00,160.87
1994-09-21 05:00:00,160.57
1994-09-22 05:00:00,160.62
1994-09-23 05:00:00,160.695
1994-09-26 05:00:00,161.01999999999998
1994-09-27 05:00:00,160.57
1994-09-28 05:00:00,159.995
1994-09-29 05:00:00,159.495
1994-09-30 05:00:00,159.12
1994-10-03 05:00:00,159.07
1994-10-04 05:00:00,158.66999999999996
1994-10-05 05:00:00,158.06999999999994
1994-10-06 05:00:00,158.54499999999996
1994-10-07 05:00:00,158.24499999999995
1994-10-12 05:00:00,157.51999999999998
1994-10-13 05:00:00,157.66999999999996
1994-10-14 05:00:00,156.59499999999997
1994-10-17 05:00:00,156.39499999999998
1994-10-18 05:00:00,156.39499999999998
1994-10-19 05:00:00,156.84499999999997
1994-10-20 05:00:00,156.94499999999994
1994-10-21 05:00:00,156.59499999999997
1994-10-24 05:00:00,156.89499999999998
1994-10-25 05:00:00,156.84499999999997
1994-10-26 05:00:00,157.19499999999994
1994-10-27 05:00:00,158.04499999999996
1994-10-28 05:00:00,158.31999999999994
1994-10-31 06:00:00,158.24499999999995
1994-11-01 06:00:00,156.89499999999998
1994-11-02 06:00:00,157.09499999999997
1994-11-03 06:00:00,157.24499999999995
1994-11-04 06:00:00,156.94499999999994
1994-11-07 06:00:00,156.84499999999997
1994-11-08 06:00:00,156.79499999999996
1994-11-09 06:00:00,156.96999999999997
1994-11-10 06:00:00,157.59499999999997
1994-11-11 06:00:00,157.46999999999997
1994-11-14 06:00:00,157.11999999999995
1994-11-15 06:00:00,156.86999999999995
1994-11-16 06:00:00,155.41999999999996
1994-11-17 06:00:00,155.56999999999994
1994-11-18 06:00:00,155.71999999999997
1994-11-21 06:00:00,155.24499999999995
1994-11-22 06:00:00,154.74499999999995
1994-11-23 06:00:00,154.59499999999997
1994-11-25 06:00:00,154.84499999999997
1994-11-28 06:00:00,154.51999999999998
1994-11-29 06:00:00,155.04499999999996
1994-11-30 06:00:00,154.69499999999994
1994-12-01 06:00:00,154.81999999999994
1994-12-02 06:00:00,155.06999999999994
1994-12-05 06:00:00,155.54499999999996
1994-12-06 06:00:00,155.36999999999995
1994-12-07 06:00:00,155.29499999999996
1994-12-08 06:00:00,155.49499999999995
1994-12-09 06:00:00,156.41999999999996
1994-12-12 06:00:00,157.24499999999995
1994-12-13 06:00:00,157.14499999999998
1994-12-14 06:00:00,157.21999999999997
1994-12-15 06:00:00,158.39499999999998
1994-12-16 06:00:00,158.36999999999995
1994-12-19 06:00:00,158.14499999999998
1994-12-20 06:00:00,158.14499999999998
1994-12-21 06:00:00,158.745
1994-12-22 06:00:00,159.51999999999998
1994-12-23 06:00:00,159.34499999999997
1994-12-27 06:00:00,159.195
1994-12-28 06:00:00,159.64499999999998
1994-12-29 06:00:00,159.67000000000002
1994-12-30 06:00:00,160.34499999999997
1995-01-03 06:00:00,160.51999999999998
1995-01-04 06:00:00,159.945
1995-01-05 06:00:00,159.87
1995-01-06 06:00:00,159.195
1995-01-09 06:00:00,159.46999999999997
1995-01-10 06:00:00,160.195
1995-01-11 06:00:00,160.09499999999997
1995-01-12 06:00:00,159.87
1995-01-13 06:00:00,159.34499999999997
1995-01-16 06:00:00,160.09499999999997
1995-01-17 06:00:00,159.82
1995-01-18 06:00:00,160.96999999999997
1995-01-19 06:00:00,161.09499999999997
1995-01-20 06:00:00,161.14499999999998
1995-01-23 06:00:00,161.29500000000002
1995-01-24 06:00:00,160.82
1995-01-25 06:00:00,160.96999999999997
1995-01-26 06:00:00,161.46999999999997
1995-01-27 06:00:00,160.92000000000002
1995-01-30 06:00:00,160.695
1995-01-31 06:00:00,160.09499999999997
1995-02-01 06:00:00,159.32
1995-02-02 06:00:00,159.67000000000002
1995-02-03 06:00:00,159.09499999999997
1995-02-06 06:00:00,159.37
1995-02-07 06:00:00,159.46999999999997
1995-02-08 06:00:00,159.245
1995-02-09 06:00:00,159.495
1995-02-10 06:00:00,158.84499999999997
1995-02-13 06:00:00,158.82
1995-02-14 06:00:00,158.92000000000002
1995-02-15 06:00:00,158.995
1995-02-16 06:00:00,158.76999999999998
1995-02-17 06:00:00,158.995
1995-02-21 06:00:00,159.26999999999998
1995-02-22 06:00:00,159.62
1995-02-23 06:00:00,159.96999999999997
1995-02-24 06:00:00,159.79500000000002
1995-02-27 06:00:00,159.92000000000002
1995-02-28 06:00:00,160.67000000000002
1995-03-01 06:00:00,160.62
1995-03-02 06:00:00,160.59499999999997
1995-03-03 06:00:00,160.39499999999998
1995-03-06 06:00:00,160.34499999999997
1995-03-07 06:00:00,160.64499999999998
1995-03-08 06:00:00,160.14499999999998
1995-03-09 06:00:00,161.12
1995-03-10 06:00:00,161.59499999999997
1995-03-13 06:00:00,161.51999999999998
1995-03-14 06:00:00,162.57
1995-03-15 06:00:00,162.46999999999997
1995-03-16 06:00:00,161.96999999999997
1995-03-17 06:00:00,161.445
1995-03-20 06:00:00,161.82
1995-03-21 06:00:00,161.59499999999997
1995-03-22 06:00:00,161.54500000000002
1995-03-23 06:00:00,160.04500000000002
1995-03-24 06:00:00,158.54499999999996
1995-03-27 06:00:00,158.24499999999995
1995-03-28 06:00:00,158.32
1995-03-29 06:00:00,157.61999999999995
1995-03-30 06:00:00,157.36999999999995
1995-03-31 06:00:00,157.61999999999995
1995-04-03 05:00:00,159.01999999999998
1995-04-04 05:00:00,158.89499999999998
1995-04-05 05:00:00,158.51999999999998
1995-04-06 05:00:00,158.71999999999997
1995-04-07 05:00:00,158.84499999999997
1995-04-10 05:00:00,159.59499999999997
1995-04-11 05:00:00,158.96999999999997
1995-04-12 05:00:00,158.945
1995-04-13 05:00:00,159.01999999999998
1995-04-17 05:00:00,159.14499999999998
1995-04-18 05:00:00,158.96999999999997
1995-04-19 05:00:00,158.89499999999998
1995-04-20 05:00:00,158.07
1995-04-21 05:00:00,158.195
1995-04-25 05:00:00,159.12
1995-04-26 05:00:00,157.82
1995-04-27 05:00:00,158.29499999999996
1995-04-28 05:00:00,158.04499999999996
1995-05-01 05:00:00,158.41999999999996
1995-05-02 05:00:00,157.86999999999995
1995-05-03 05:00:00,157.86999999999995
1995-05-04 05:00:00,156.51999999999998
1995-05-05 05:00:00,157.07
1995-05-08 05:00:00,156.26999999999998
1995-05-09 05:00:00,157.57
1995-05-10 05:00:00,157.36999999999995
1995-05-11 05:00:00,157.445
1995-05-12 05:00:00,157.16999999999996
1995-05-15 05:00:00,157.74499999999995
1995-05-16 05:00:00,157.84499999999997
1995-05-17 05:00:00,158.29499999999996
1995-05-18 05:00:00,158.29499999999996
1995-05-19 05:00:00,158.79500000000002
1995-05-22 05:00:00,158.54499999999996
1995-05-23 05:00:00,158.87
1995-05-24 05:00:00,159.32
1995-05-25 05:00:00,158.71999999999997
1995-05-26 05:00:00,158.89499999999998
1995-05-30 05:00:00,158.36999999999995
1995-05-31 05:00:00,158.995
1995-06-01 05:00:00,158.79500000000002
1995-06-02 05:00:00,158.82
1995-06-05 05:00:00,159.59499999999997
1995-06-06 05:00:00,159.92000000000002
1995-06-07 05:00:00,159.39499999999998
1995-06-08 05:00:00,159.195
1995-06-09 05:00:00,159.445
1995-06-12 05:00:00,159.745
1995-06-13 05:00:00,159.84499999999997
1995-06-14 05:00:00,159.64499999999998
1995-06-15 05:00:00,159.995
1995-06-16 05:00:00,159.87
1995-06-19 05:00:00,161.37
1995-06-20 05:00:00,161.07
1995-06-21 05:00:00,161.17000000000002
1995-06-22 05:00:00,160.79500000000002
1995-06-23 05:00:00,161.54500000000002
1995-06-26 05:00:00,161.195
1995-06-27 05:00:00,160.89499999999998
1995-06-28 05:00:00,160.79500000000002
1995-06-29 05:00:00,160.695
1995-06-30 05:00:00,160.82
1995-07-03 05:00:00,159.32
1995-07-05 05:00:00,158.695
1995-07-06 05:00:00,159.29500000000002
1995-07-07 05:00:00,159.96999999999997
1995-07-10 05:00:00,159.71999999999997
1995-07-11 05:00:00,159.71999999999997
1995-07-12 05:00:00,159.54500000000002
1995-07-13 05:00:00,158.89499999999998
1995-07-14 05:00:00,159.46999999999997
1995-07-17 05:00:00,159.87
1995-07-18 05:00:00,159.84499999999997
1995-07-19 05:00:00,159.29500000000002
1995-07-20 05:00:00,159.745
1995-07-21 05:00:00,160.76999999999998
1995-07-24 05:00:00,160.76999999999998
1995-07-25 05:00:00,162.14499999999998
1995-07-26 05:00:00,162.01999999999998
1995-07-27 05:00:00,162.66999999999996
1995-07-28 05:00:00,162.495
1995-07-31 05:00:00,162.14499999999998
1995-08-01 05:00:00,161.745
1995-08-02 05:00:00,162.29500000000002
1995-08-03 05:00:00,161.71999999999997
1995-08-04 05:00:00,162.21999999999997
1995-08-07 05:00:00,162.32
1995-08-08 05:00:00,160.82
1995-08-09 05:00:00,160.26999999999998
1995-08-10 05:00:00,160.695
1995-08-11 05:00:00,160.64499999999998
1995-08-14 05:00:00,161.14499999999998
1995-08-15 05:00:00,161.21999999999997
1995-08-16 05:00:00,161.46999999999997
1995-08-17 05:00:00,161.745
1995-08-21 05:00:00,163.07
1995-08-22 05:00:00,162.62
1995-08-23 05:00:00,162.54500000000002
1995-08-24 05:00:00,162.445
1995-08-25 05:00:00,162.64499999999998
1995-08-28 05:00:00,161.995
1995-08-29 05:00:00,161.96999999999997
1995-08-30 05:00:00,161.37
1995-08-31 05:00:00,161.89499999999998
1995-09-01 05:00:00,162.09499999999997
1995-09-05 05:00:00,162.66999999999996
1995-09-06 05:00:00,162.945
1995-09-07 05:00:00,163.195
1995-09-08 05:00:00,163.29499999999996
1995-09-11 05:00:00,163.54499999999996
1995-09-12 05:00:00,163.64499999999998
1995-09-13 05:00:00,163.32
1995-09-14 05:00:00,163.495
1995-09-15 05:00:00,163.94499999999994
1995-09-18 05:00:00,163.62
1995-09-19 05:00:00,163.695
1995-09-20 05:00:00,163.745
1995-09-21 05:00:00,164.76999999999987
1995-09-22 05:00:00,164.64499999999987
1995-09-25 05:00:00,164.04499999999996
1995-09-26 05:00:00,163.71999999999997
1995-09-27 05:00:00,163.79499999999996
1995-09-28 05:00:00,163.62
1995-09-29 05:00:00,164.14499999999998
1995-10-02 05:00:00,162.96999999999997
1995-10-03 05:00:00,163.37
1995-10-04 05:00:00,163.57
1995-10-05 05:00:00,164.36999999999995
1995-10-06 05:00:00,163.89499999999998
1995-10-09 05:00:00,163.54499999999996
1995-10-10 05:00:00,163.86999999999995
1995-10-11 05:00:00,163.89499999999998
1995-10-12 05:00:00,163.12
1995-10-13 05:00:00,162.82
1995-10-16 05:00:00,163.59499999999997
1995-10-18 05:00:00,163.59499999999997
1995-10-19 05:00:00,163.32
1995-10-20 05:00:00,162.84499999999997
1995-10-23 05:00:00,162.12
1995-10-24 05:00:00,162.07
1995-10-25 05:00:00,161.89499999999998
1995-10-26 05:00:00,161.57
1995-10-27 05:00:00,162.14499999999998
1995-10-30 06:00:00,162.42000000000002
1995-10-31 06:00:00,161.67000000000002
1995-11-01 06:00:00,160.76999999999998
1995-11-02 06:00:00,161.14499999999998
1995-11-03 06:00:00,161.01999999999998
1995-11-06 06:00:00,161.495
1995-11-07 06:00:00,162.07
1995-11-08 06:00:00,161.745
1995-11-09 06:00:00,162.26999999999998
1995-11-10 06:00:00,162.21999999999997
1995-11-13 06:00:00,162.62
1995-11-14 06:00:00,162.32
1995-11-15 06:00:00,162.245
1995-11-16 06:00:00,161.67000000000002
1995-11-17 06:00:00,162.07
1995-11-20 06:00:00,161.59499999999997
1995-11-21 06:00:00,161.89499999999998
1995-11-22 06:00:00,161.92000000000002
1995-11-24 06:00:00,162.195
1995-11-27 06:00:00,162.12
1995-11-28 06:00:00,161.945
1995-11-29 06:00:00,162.09499999999997
1995-11-30 06:00:00,163.21999999999997
1995-12-01 06:00:00,163.695
1995-12-04 06:00:00,164.7949999999999
1995-12-05 06:00:00,164.39499999999998
1995-12-06 06:00:00,164.8699999999999
1995-12-07 06:00:00,165.31999999999994
1995-12-08 06:00:00,165.26999999999992
1995-12-11 06:00:00,164.94499999999988
1995-12-12 06:00:00,164.5949999999999
1995-12-13 06:00:00,165.6699999999999
1995-12-14 06:00:00,165.14499999999987
1995-12-15 06:00:00,164.9949999999999
1995-12-18 06:00:00,165.31999999999994
1995-12-19 06:00:00,164.69499999999988
1995-12-20 06:00:00,164.41999999999996
1995-12-21 06:00:00,164.5449999999999
1995-12-22 06:00:00,164.9199999999999
1995-12-26 06:00:00,164.96999999999986
1995-12-27 06:00:00,164.6699999999999
1995-12-28 06:00:00,164.7949999999999
1995-12-29 06:00:00,163.29499999999996
1996-01-02 06:00:00,161.79500000000002
1996-01-03 06:00:00,160.64499999999998
1996-01-04 06:00:00,161.09499999999997
1996-01-05 06:00:00,161.42000000000002
1996-01-08 06:00:00,161.57
1996-01-09 06:00:00,161.14499999999998
1996-01-10 06:00:00,161.09499999999997
1996-01-11 06:00:00,161.62
1996-01-12 06:00:00,161.245
1996-01-15 06:00:00,160.695
1996-01-16 06:00:00,160.87
1996-01-17 06:00:00,160.17000000000002
1996-01-18 06:00:00,159.84499999999997
1996-01-19 06:00:00,159.42000000000002
1996-01-22 06:00:00,159.945
1996-01-23 06:00:00,160.29500000000002
1996-01-24 06:00:00,160.07
1996-01-25 06:00:00,160.29500000000002
1996-01-26 06:00:00,160.12
1996-01-29 06:00:00,160.42000000000002
1996-01-30 06:00:00,160.245
1996-01-31 06:00:00,159.695
1996-02-01 06:00:00,160.17000000000002
1996-02-02 06:00:00,160.37
1996-02-05 06:00:00,161.01999999999998
1996-02-06 06:00:00,161.82
1996-02-07 06:00:00,162.66999999999996
1996-02-08 06:00:00,162.66999999999996
1996-02-09 06:00:00,162.79499999999996
1996-02-12 06:00:00,163.09499999999997
1996-02-13 06:00:00,162.76999999999998
1996-02-14 06:00:00,161.46999999999997
1996-02-15 06:00:00,161.59499999999997
1996-02-16 06:00:00,162.09499999999997
1996-02-20 06:00:00,161.87
1996-02-21 06:00:00,161.445
1996-02-22 06:00:00,162.16999999999996
1996-02-23 06:00:00,162.51999999999998
1996-02-26 06:00:00,162.995
1996-02-27 06:00:00,163.04499999999996
1996-02-28 06:00:00,163.195
1996-02-29 06:00:00,163.84499999999997
1996-03-01 06:00:00,163.16999999999996
1996-03-04 06:00:00,163.86999999999995
1996-03-05 06:00:00,163.445
1996-03-06 06:00:00,163.57
1996-03-07 06:00:00,163.66999999999996
1996-03-08 06:00:00,163.495
1996-03-11 06:00:00,163.46999999999997
1996-03-12 06:00:00,163.62
1996-03-13 06:00:00,163.99499999999995
1996-03-14 06:00:00,162.995
1996-03-15 06:00:00,163.59499999999997
1996-03-18 06:00:00,163.94499999999994
1996-03-19 06:00:00,163.99499999999995
1996-03-20 06:00:00,163.89499999999992
1996-03-21 06:00:00,164.56999999999994
1996-03-22 06:00:00,165.64499999999992
1996-03-25 06:00:00,165.64499999999992
1996-03-26 06:00:00,165.1199999999999
1996-03-27 06:00:00,165.4199999999999
1996-03-28 06:00:00,165.04499999999985
1996-03-29 06:00:00,164.96999999999986
1996-04-01 06:00:00,166.4699999999999
1996-04-02 06:00:00,166.1699999999999
1996-04-03 06:00:00,166.3699999999999
1996-04-04 06:00:00,167.01999999999992
1996-04-08 05:00:00,168.51999999999992
1996-04-09 05:00:00,168.1199999999999
1996-04-10 05:00:00,169.04499999999996
1996-04-11 05:00:00,168.44499999999994
1996-04-12 05:00:00,167.6699999999999
1996-04-15 05:00:00,167.89499999999992
1996-04-16 05:00:00,168.69499999999994
1996-04-17 05:00:00,168.49499999999995
1996-04-18 05:00:00,168.7199999999999
1996-04-19 05:00:00,169.64499999999992
1996-04-22 05:00:00,170.31999999999994
1996-04-23 05:00:00,169.5949999999999
1996-04-24 05:00:00,169.74499999999995
1996-04-25 05:00:00,168.24499999999995
1996-04-26 05:00:00,168.66999999999996
1996-04-29 05:00:00,169.86999999999995
1996-04-30 05:00:00,170.49499999999995
1996-05-01 05:00:00,170.695
1996-05-02 05:00:00,170.0949999999999
1996-05-03 05:00:00,170.49499999999995
1996-05-06 05:00:00,171.14499999999998
1996-05-07 05:00:00,172.26999999999998
1996-05-08 05:00:00,172.39499999999998
1996-05-09 05:00:00,172.64500000000004
1996-05-10 05:00:00,172.64500000000004
1996-05-13 05:00:00,173.97000000000003
1996-05-14 05:00:00,173.52000000000004
1996-05-15 05:00:00,173.87000000000006
1996-05-16 05:00:00,173.64500000000004
1996-05-17 05:00:00,174.42000000000002
1996-05-20 05:00:00,174.87000000000006
1996-05-21 05:00:00,174.24500000000006
1996-05-22 05:00:00,174.09500000000003
1996-05-23 05:00:00,172.72000000000003
1996-05-24 05:00:00,171.74499999999995
1996-05-28 05:00:00,171.81999999999994
1996-05-29 05:00:00,171.04499999999996
1996-05-30 05:00:00,171.41999999999996
1996-05-31 05:00:00,171.69499999999994
1996-06-03 05:00:00,172.67000000000002
1996-06-04 05:00:00,173.27000000000004
1996-06-05 05:00:00,173.52000000000004
1996-06-06 05:00:00,172.89500000000004
1996-06-07 05:00:00,173.52000000000004
1996-06-10 05:00:00,174.04500000000002
1996-06-11 05:00:00,173.44500000000005
1996-06-12 05:00:00,172.61999999999995
1996-06-13 05:00:00,171.99499999999995
1996-06-14 05:00:00,172.29499999999996
1996-06-17 05:00:00,171.19499999999994
1996-06-18 05:00:00,170.0949999999999
1996-06-19 05:00:00,170.14499999999992
1996-06-20 05:00:00,170.66999999999996
1996-06-21 05:00:00,171.14499999999998
1996-06-24 05:00:00,171.76999999999998
1996-06-25 05:00:00,171.49499999999995
1996-06-26 05:00:00,171.89499999999998
1996-06-27 05:00:00,171.66999999999996
1996-06-28 05:00:00,170.84499999999997
1996-07-01 05:00:00,172.34499999999997
1996-07-02 05:00:00,173.84500000000003
1996-07-03 05:00:00,174.69500000000005
1996-07-05 05:00:00,175.97000000000003
1996-07-08 05:00:00,176.195
1996-07-09 05:00:00,175.29500000000002
1996-07-10 05:00:00,175.42000000000002
1996-07-11 05:00:00,175.97000000000003
1996-07-12 05:00:00,176.995
1996-07-15 05:00:00,177.195
1996-07-16 05:00:00,176.89500000000004
1996-07-17 05:00:00,177.04500000000002
1996-07-18 05:00:00,175.54500000000002
1996-07-19 05:00:00,176.32
1996-07-22 05:00:00,176.14500000000004
1996-07-23 05:00:00,175.245
1996-07-24 05:00:00,175.59500000000003
1996-07-25 05:00:00,176.27000000000004
1996-07-26 05:00:00,176.47000000000003
1996-07-29 05:00:00,176.97000000000003
1996-07-30 05:00:00,177.02000000000004
1996-07-31 05:00:00,176.14500000000004
1996-08-01 05:00:00,176.92000000000002
1996-08-02 05:00:00,177.37
1996-08-05 05:00:00,178.09499999999997
1996-08-06 05:00:00,179.29499999999996
1996-08-07 05:00:00,179.12
1996-08-08 05:00:00,179.09499999999997
1996-08-09 05:00:00,178.995
1996-08-12 05:00:00,179.14499999999998
1996-08-13 05:00:00,178.79499999999996
1996-08-14 05:00:00,177.89500000000004
1996-08-15 05:00:00,176.97000000000003
1996-08-16 05:00:00,177.39499999999998
1996-08-19 05:00:00,177.32
1996-08-20 05:00:00,175.92000000000002
1996-08-21 05:00:00,175.87
1996-08-22 05:00:00,176.495
1996-08-23 05:00:00,176.92000000000002
1996-08-26 05:00:00,176.84500000000003
1996-08-27 05:00:00,176.07
1996-08-28 05:00:00,175.52000000000004
1996-08-29 05:00:00,175.47000000000003
1996-08-30 05:00:00,175.87
1996-09-03 05:00:00,175.87
1996-09-04 05:00:00,176.14500000000004
1996-09-05 05:00:00,176.945
1996-09-06 05:00:00,177.22000000000003
1996-09-09 05:00:00,177.245
1996-09-10 05:00:00,177.97000000000003
1996-09-11 05:00:00,178.245
1996-09-12 05:00:00,178.76999999999998
1996-09-13 05:00:00,178.96999999999997
1996-09-16 05:00:00,177.87000000000006
1996-09-17 05:00:00,177.99500000000006
1996-09-18 05:00:00,178.76999999999998
1996-09-19 05:00:00,178.96999999999997
1996-09-20 05:00:00,179.42000000000002
1996-09-23 05:00:00,179.04500000000002
1996-09-24 05:00:00,179.46999999999997
1996-09-25 05:00:00,179.46999999999997
1996-09-26 05:00:00,179.42000000000002
1996-09-27 05:00:00,178.87
1996-09-30 05:00:00,179.62
1996-10-01 05:00:00,179.59499999999997
1996-10-02 05:00:00,180.445
1996-10-03 05:00:00,180.62
1996-10-04 05:00:00,180.12
1996-10-07 05:00:00,179.79500000000002
1996-10-08 05:00:00,180.29500000000002
1996-10-09 05:00:00,179.82
1996-10-10 05:00:00,179.01999999999998
1996-10-11 05:00:00,177.71999999999997
1996-10-14 05:00:00,176.57
1996-10-15 05:00:00,177.26999999999998
1996-10-16 05:00:00,177.02000000000004
1996-10-17 05:00:00,177.14500000000004
1996-10-18 05:00:00,177.14500000000004
1996-10-21 05:00:00,176.32
1996-10-22 05:00:00,174.32000000000005
1996-10-23 05:00:00,174.34500000000003
1996-10-24 05:00:00,173.69500000000005
1996-10-25 05:00:00,173.92000000000002
1996-10-28 06:00:00,175.82
1996-10-29 06:00:00,176.02000000000004
1996-10-30 06:00:00,176.945
1996-10-31 06:00:00,176.14500000000004
1996-11-01 06:00:00,177.97000000000003
1996-11-04 06:00:00,177.94500000000005
1996-11-05 06:00:00,178.09499999999997
1996-11-06 06:00:00,178.34499999999997
1996-11-07 06:00:00,178.64499999999998
1996-11-08 06:00:00,179.07
1996-11-11 06:00:00,179.04499999999996
1996-11-12 06:00:00,178.76999999999998
1996-11-13 06:00:00,178.37
1996-11-14 06:00:00,179.29499999999996
1996-11-15 06:00:00,179.21999999999997
1996-11-18 06:00:00,178.62
1996-11-19 06:00:00,178.79499999999996
1996-11-20 06:00:00,179.21999999999997
1996-11-21 06:00:00,178.26999999999998
1996-11-22 06:00:00,178.59499999999997
1996-11-25 06:00:00,178.745
1996-11-26 06:00:00,179.495
1996-11-27 06:00:00,180.195
1996-11-29 06:00:00,180.34499999999997
1996-12-02 06:00:00,180.76999999999998
1996-12-03 06:00:00,179.76999999999998
1996-12-04 06:00:00,178.87
1996-12-05 06:00:00,179.16999999999996
1996-12-06 06:00:00,178.96999999999997
1996-12-09 06:00:00,179.51999999999998
1996-12-10 06:00:00,177.84500000000003
1996-12-11 06:00:00,176.945
1996-12-12 06:00:00,177.39499999999998
1996-12-13 06:00:00,178.09499999999997
1996-12-16 06:00:00,177.745
1996-12-17 06:00:00,177.445
1996-12-18 06:00:00,177.54500000000002
1996-12-19 06:00:00,177.59499999999997
1996-12-20 06:00:00,177.82
1996-12-23 06:00:00,178.07
1996-12-24 06:00:00,178.07
1996-12-26 06:00:00,178.445
1996-12-27 06:00:00,178.745
1996-12-30 06:00:00,180.745
1996-12-31 06:00:00,182.245
1997-01-02 06:00:00,181.71999999999997
1997-01-03 06:00:00,181.82
1997-01-06 06:00:00,182.62
1997-01-07 06:00:00,182.695
1997-01-08 06:00:00,182.07
1997-01-09 06:00:00,182.04500000000002
1997-01-10 06:00:00,182.32
1997-01-13 06:00:00,181.96999999999997
1997-01-14 06:00:00,182.21999999999997
1997-01-15 06:00:00,182.29500000000002
1997-01-16 06:00:00,181.09499999999997
1997-01-17 06:00:00,180.695
1997-01-20 06:00:00,180.87
1997-01-21 06:00:00,181.245
1997-01-22 06:00:00,181.37
1997-01-23 06:00:00,182.21999999999997
1997-01-24 06:00:00,182.195
1997-01-27 06:00:00,183.01999999999998
1997-01-28 06:00:00,182.37
1997-01-29 06:00:00,181.54500000000002
1997-01-30 06:00:00,181.71999999999997
1997-01-31 06:00:00,180.76999999999998
1997-02-03 06:00:00,181.34499999999997
1997-02-04 06:00:00,180.79500000000002
1997-02-05 06:00:00,180.82
1997-02-06 06:00:00,179.71999999999997
1997-02-07 06:00:00,180.07
1997-02-10 06:00:00,179.32
1997-02-11 06:00:00,179.87
1997-02-12 06:00:00,180.445
1997-02-13 06:00:00,180.42000000000002
1997-02-14 06:00:00,179.12
1997-02-18 06:00:00,178.09499999999997
1997-02-19 06:00:00,179.14499999999998
1997-02-20 06:00:00,179.695
1997-02-21 06:00:00,179.59499999999997
1997-02-24 06:00:00,181.195
1997-02-25 06:00:00,180.54500000000002
1997-02-26 06:00:00,180.67000000000002
1997-02-27 06:00:00,180.59499999999997
1997-02-28 06:00:00,180.54500000000002
1997-03-03 06:00:00,180.245
1997-03-04 06:00:00,179.495
1997-03-05 06:00:00,177.495
1997-03-06 06:00:00,177.26999999999998
1997-03-07 06:00:00,177.54500000000002
1997-03-10 06:00:00,177.37
1997-03-11 06:00:00,176.87
1997-03-12 06:00:00,176.945
1997-03-13 06:00:00,177.42000000000002
1997-03-14 06:00:00,177.445
1997-03-17 06:00:00,177.97000000000003
1997-03-18 06:00:00,177.195
1997-03-19 06:00:00,176.79500000000002
1997-03-20 06:00:00,178.79500000000002
1997-03-21 06:00:00,180.79500000000002
1997-03-24 06:00:00,182.79500000000002
1997-03-25 06:00:00,181.495
1997-03-26 06:00:00,181.59499999999997
1997-03-27 06:00:00,181.67000000000002
1997-03-31 06:00:00,182.51999999999998
1997-04-01 06:00:00,181.34499999999997
1997-04-02 06:00:00,180.97499999999997
1997-04-03 06:00:00,182.96999999999997
1997-04-04 06:00:00,182.57
1997-04-07 05:00:00,181.995
1997-04-08 05:00:00,181.62
1997-04-09 05:00:00,182.26999999999998
1997-04-10 05:00:00,183.29500000000002
1997-04-11 05:00:00,183.09499999999997
1997-04-14 05:00:00,183.34499999999997
1997-04-15 05:00:00,183.5
1997-04-16 05:00:00,183.995
1997-04-17 05:00:00,185.95
1997-04-18 05:00:00,186.245
1997-04-21 05:00:00,186.445
1997-04-22 05:00:00,185.92000000000002
1997-04-23 05:00:00,185.79500000000002
1997-04-24 05:00:00,186.39499999999998
1997-04-25 05:00:00,185.71999999999997
1997-04-28 05:00:00,185.51999999999998
1997-04-29 05:00:00,185.51999999999998
1997-04-30 05:00:00,185.34499999999997
1997-05-01 05:00:00,186.26999999999998
1997-05-02 05:00:00,185.67000000000002
1997-05-05 05:00:00,185.17000000000002
1997-05-06 05:00:00,186.01999999999998
1997-05-07 05:00:00,186.26999999999998
1997-05-08 05:00:00,186.995
1997-05-09 05:00:00,186.995
1997-05-12 05:00:00,186.51999999999998
1997-05-13 05:00:00,185.46999999999997
1997-05-14 05:00:00,184.995
1997-05-15 05:00:00,184.39499999999998
1997-05-16 05:00:00,183.84500000000003
1997-05-19 05:00:00,183.64499999999998
1997-05-20 05:00:00,183.445
1997-05-21 05:00:00,183.62
1997-05-22 05:00:00,183.17000000000002
1997-05-23 05:00:00,182.32
1997-05-27 05:00:00,183.245
1997-05-28 05:00:00,181.245
1997-05-29 05:00:00,182.04500000000002
1997-05-30 05:00:00,182.72000000000003
1997-06-02 05:00:00,183.59500000000003
1997-06-03 05:00:00,183.42000000000002
1997-06-04 05:00:00,184.01999999999998
1997-06-05 05:00:00,182.79500000000002
1997-06-06 05:00:00,182.97000000000003
1997-06-09 05:00:00,181.79500000000002
1997-06-10 05:00:00,181.945
1997-06-11 05:00:00,182.09500000000003
1997-06-12 05:00:00,180.72000000000003
1997-06-13 05:00:00,180.84500000000003
1997-06-16 05:00:00,181.34500000000003
1997-06-17 05:00:00,182.04500000000002
1997-06-18 05:00:00,181.82
1997-06-19 05:00:00,181.87
1997-06-20 05:00:00,181.97500000000002
1997-06-23 05:00:00,181.84500000000003
1997-06-24 05:00:00,181.67000000000002
1997-06-25 05:00:00,181.445
1997-06-26 05:00:00,181.57
1997-06-27 05:00:00,181.89499999999998
1997-06-30 05:00:00,183.89499999999998
1997-07-01 05:00:00,184.09500000000003
1997-07-02 05:00:00,183.84500000000003
1997-07-03 05:00:00,184.245
1997-07-07 05:00:00,183.495
1997-07-08 05:00:00,183.82
1997-07-09 05:00:00,184.495
1997-07-10 05:00:00,184.745
1997-07-11 05:00:00,185.22000000000003
1997-07-14 05:00:00,185.04500000000002
1997-07-15 05:00:00,184.57
1997-07-16 05:00:00,184.29500000000002
1997-07-17 05:00:00,184.47000000000003
1997-07-18 05:00:00,184.745
1997-07-21 05:00:00,184.22500000000002
1997-07-22 05:00:00,182.84500000000003
1997-07-23 05:00:00,182.82
1997-07-24 05:00:00,183.97000000000003
1997-07-25 05:00:00,184.47000000000003
1997-07-28 05:00:00,183.97000000000003
1997-07-29 05:00:00,184.67000000000002
1997-07-30 05:00:00,184.39499999999998
1997-07-31 05:00:00,185.54500000000002
1997-08-01 05:00:00,185.97000000000003
1997-08-04 05:00:00,186.32
1997-08-05 05:00:00,184.32
1997-08-06 05:00:00,183.09500000000003
1997-08-07 05:00:00,183.39499999999998
1997-08-08 05:00:00,182.92000000000002
1997-08-11 05:00:00,182.245
1997-08-12 05:00:00,182.445
1997-08-13 05:00:00,182.32
1997-08-14 05:00:00,183.42000000000002
1997-08-15 05:00:00,181.42000000000002
1997-08-18 05:00:00,180.26999999999998
1997-08-19 05:00:00,180.995
1997-08-20 05:00:00,180.97000000000003
1997-08-21 05:00:00,180.87
1997-08-22 05:00:00,181.42000000000002
1997-08-25 05:00:00,181.495
1997-08-26 05:00:00,180.32
1997-08-27 05:00:00,180.09500000000003
1997-08-28 05:00:00,181.17000000000002
1997-08-29 05:00:00,181.09500000000003
1997-09-02 05:00:00,181.195
1997-09-03 05:00:00,182.26999999999998
1997-09-04 05:00:00,180.92000000000002
1997-09-05 05:00:00,181.01999999999998
1997-09-08 05:00:00,180.72000000000003
1997-09-09 05:00:00,179.67000000000002
1997-09-10 05:00:00,179.89499999999998
1997-09-11 05:00:00,180.51999999999998
1997-09-12 05:00:00,180.89499999999998
1997-09-15 05:00:00,180.79500000000002
1997-09-16 05:00:00,181.26999999999998
1997-09-17 05:00:00,180.945
1997-09-18 05:00:00,180.79500000000002
1997-09-19 05:00:00,179.76999999999998
1997-09-22 05:00:00,179.695
1997-09-23 05:00:00,179.51999999999998
1997-09-24 05:00:00,179.42000000000002
1997-09-25 05:00:00,179.29500000000002
1997-09-26 05:00:00,179.37
1997-09-29 05:00:00,179.14499999999998
1997-09-30 05:00:00,177.14500000000004
1997-10-01 05:00:00,176.97000000000003
1997-10-02 05:00:00,177.19500000000005
1997-10-03 05:00:00,177.19500000000005
1997-10-06 05:00:00,176.72000000000003
1997-10-07 05:00:00,176.49500000000006
1997-10-08 05:00:00,175.77000000000004
1997-10-09 05:00:00,175.69500000000005
1997-10-10 05:00:00,175.49500000000006
1997-10-13 05:00:00,175.92000000000002
1997-10-14 05:00:00,176.39500000000004
1997-10-15 05:00:00,175.57000000000005
1997-10-16 05:00:00,175.77000000000004
1997-10-17 05:00:00,174.995
1997-10-20 05:00:00,174.77000000000004
1997-10-21 05:00:00,175.14500000000004
1997-10-22 05:00:00,175.34500000000003
1997-10-23 05:00:00,175.62
1997-10-24 05:00:00,176.79500000000002
1997-10-27 06:00:00,176.29500000000002
1997-10-28 06:00:00,175.29500000000002
1997-10-29 06:00:00,175.72000000000003
1997-10-30 06:00:00,176.79500000000002
1997-10-31 06:00:00,176.19500000000005
1997-11-03 06:00:00,176.54500000000002
1997-11-04 06:00:00,176.89500000000004
1997-11-05 06:00:00,176.82000000000005
1997-11-06 06:00:00,176.62
1997-11-07 06:00:00,175.97000000000003
1997-11-10 06:00:00,175.87
1997-11-11 06:00:00,175.57000000000005
1997-11-12 06:00:00,175.92000000000002
1997-11-13 06:00:00,176.87
1997-11-14 06:00:00,176.245
1997-11-17 06:00:00,176.495
1997-11-18 06:00:00,176.92000000000002
1997-11-19 06:00:00,176.32000000000005
1997-11-20 06:00:00,176.34500000000003
1997-11-21 06:00:00,175.84500000000003
1997-11-24 06:00:00,174.57000000000005
1997-11-25 06:00:00,174.74500000000006
1997-11-26 06:00:00,174.62000000000006
1997-11-28 06:00:00,174.54500000000007
1997-12-01 06:00:00,174.29500000000007
1997-12-02 06:00:00,173.99500000000006
1997-12-03 06:00:00,174.17000000000007
1997-12-04 06:00:00,174.69500000000005
1997-12-05 06:00:00,174.67000000000007
1997-12-08 06:00:00,174.30000000000007
1997-12-09 06:00:00,174.72000000000003
1997-12-10 06:00:00,174.64500000000004
1997-12-11 06:00:00,174.97000000000003
1997-12-12 06:00:00,174.79500000000007
1997-12-15 06:00:00,174.34500000000008
1997-12-16 06:00:00,174.89500000000004
1997-12-17 06:00:00,174.39500000000004
1997-12-18 06:00:00,174.22000000000008
1997-12-19 06:00:00,174.69500000000005
1997-12-22 06:00:00,174.27000000000004
1997-12-23 06:00:00,174.29500000000007
1997-12-24 06:00:00,174.42000000000007
1997-12-26 06:00:00,174.59500000000008
1997-12-29 06:00:00,174.32000000000005
1997-12-30 06:00:00,173.67000000000007
1997-12-31 06:00:00,173.39500000000004
1998-01-02 06:00:00,173.57000000000005
1998-01-05 06:00:00,173.77000000000004
1998-01-06 06:00:00,173.94500000000005
1998-01-07 06:00:00,173.47000000000008
1998-01-08 06:00:00,172.34499999999997
1998-01-09 06:00:00,172.82000000000005
1998-01-12 06:00:00,173.47000000000008
1998-01-13 06:00:00,173.89500000000004
1998-01-14 06:00:00,173.67000000000007
1998-01-15 06:00:00,172.89500000000004
1998-01-16 06:00:00,172.445
1998-01-20 06:00:00,173.14500000000004
1998-01-21 06:00:00,173.22000000000008
1998-01-22 06:00:00,175.17000000000002
1998-01-23 06:00:00,176.34500000000003
1998-01-26 06:00:00,175.64500000000004
1998-01-27 06:00:00,175.22000000000003
1998-01-28 06:00:00,174.87000000000006
1998-01-29 06:00:00,174.64500000000004
1998-01-30 06:00:00,174.77000000000004
1998-02-02 06:00:00,174.02000000000004
1998-02-03 06:00:00,173.57000000000005
1998-02-04 06:00:00,173.59500000000008
1998-02-05 06:00:00,172.57
1998-02-06 06:00:00,172.77000000000004
1998-02-09 06:00:00,172.77500000000003
1998-02-10 06:00:00,170.995
1998-02-11 06:00:00,170.59499999999997
1998-02-12 06:00:00,171.12
1998-02-13 06:00:00,171.62
1998-02-17 06:00:00,169.91999999999996
1998-02-18 06:00:00,170.26999999999998
1998-02-19 06:00:00,169.76999999999998
1998-02-20 06:00:00,169.66999999999996
1998-02-23 06:00:00,167.66999999999996
1998-02-24 06:00:00,166.61999999999995
1998-02-25 06:00:00,165.69499999999994
1998-02-26 06:00:00,166.3449999999999
1998-02-27 06:00:00,166.49999999999994
1998-03-02 06:00:00,166.49499999999995
1998-03-03 06:00:00,165.9699999999999
1998-03-04 06:00:00,165.81999999999994
1998-03-05 06:00:00,166.0949999999999
1998-03-06 06:00:00,165.81999999999994
1998-03-09 06:00:00,164.76999999999987
1998-03-10 06:00:00,164.445
1998-03-11 06:00:00,164.56999999999994
1998-03-12 06:00:00,165.36999999999995
1998-03-13 06:00:00,165.2199999999999
1998-03-16 06:00:00,164.76999999999987
1998-03-17 06:00:00,165.19499999999988
1998-03-18 06:00:00,166.99499999999995
1998-03-19 06:00:00,166.44499999999994
1998-03-20 06:00:00,166.7199999999999
1998-03-23 06:00:00,167.39499999999992
1998-03-24 06:00:00,166.79499999999996
1998-03-25 06:00:00,165.89499999999992
1998-03-26 06:00:00,165.94499999999994
1998-03-27 06:00:00,167.76999999999992
1998-03-30 06:00:00,168.29999999999995
1998-03-31 06:00:00,168.79499999999996
1998-04-01 06:00:00,168.34499999999997
1998-04-02 06:00:00,167.06999999999994
1998-04-03 06:00:00,167.69499999999994
1998-04-06 05:00:00,166.91999999999996
1998-04-07 05:00:00,167.86999999999995
1998-04-08 05:00:00,168.59499999999997
1998-04-09 05:00:00,169.04499999999996
1998-04-13 05:00:00,169.99499999999995
1998-04-14 05:00:00,169.54499999999996
1998-04-15 05:00:00,168.445
1998-04-16 05:00:00,169.39499999999998
1998-04-17 05:00:00,168.89499999999998
1998-04-20 05:00:00,170.49499999999995
1998-04-21 05:00:00,169.39499999999998
1998-04-22 05:00:00,169.61999999999995
1998-04-23 05:00:00,169.695
1998-04-24 05:00:00,169.49499999999995
1998-04-27 05:00:00,170.14499999999998
1998-04-28 05:00:00,170.07
1998-04-29 05:00:00,170.04499999999996
1998-04-30 05:00:00,169.695
1998-05-01 05:00:00,170.82
1998-05-04 05:00:00,171.22000000000003
1998-05-05 05:00:00,170.87
1998-05-06 05:00:00,170.57
1998-05-07 05:00:00,170.62
1998-05-08 05:00:00,170.84500000000003
1998-05-11 05:00:00,171.695
1998-05-12 05:00:00,171.04500000000002
1998-05-13 05:00:00,170.34499999999997
1998-05-14 05:00:00,171.51999999999998
1998-05-15 05:00:00,171.495
1998-05-18 05:00:00,171.37
1998-05-19 05:00:00,170.34499999999997
1998-05-20 05:00:00,170.51999999999998
1998-05-21 05:00:00,169.66999999999996
1998-05-22 05:00:00,170.46999999999997
1998-05-26 05:00:00,170.11999999999995
1998-05-27 05:00:00,169.34499999999997
1998-05-28 05:00:00,169.74499999999995
1998-05-29 05:00:00,170.24499999999995
1998-06-01 05:00:00,171.04500000000002
1998-06-02 05:00:00,171.92000000000002
1998-06-03 05:00:00,171.76999999999998
1998-06-04 05:00:00,172.54500000000002
1998-06-05 05:00:00,172.99500000000006
1998-06-08 05:00:00,172.54500000000002
1998-06-09 05:00:00,172.29500000000002
1998-06-10 05:00:00,172.245
1998-06-11 05:00:00,171.945
1998-06-12 05:00:00,172.34500000000003
1998-06-15 05:00:00,172.59500000000003
1998-06-16 05:00:00,172.57
1998-06-17 05:00:00,172.39499999999998
1998-06-18 05:00:00,172.01999999999998
1998-06-19 05:00:00,171.92000000000002
1998-06-22 05:00:00,171.76999999999998
1998-06-23 05:00:00,171.07
1998-06-24 05:00:00,171.37
1998-06-25 05:00:00,170.84500000000003
1998-06-26 05:00:00,170.67000000000002
1998-06-29 05:00:00,169.82
1998-06-30 05:00:00,168.66999999999996
1998-07-01 05:00:00,168.91999999999996
1998-07-02 05:00:00,168.71999999999997
1998-07-06 05:00:00,169.16999999999996
1998-07-07 05:00:00,169.195
1998-07-08 05:00:00,169.445
1998-07-09 05:00:00,168.11999999999995
1998-07-10 05:00:00,166.26999999999992
1998-07-13 05:00:00,165.49499999999995
1998-07-14 05:00:00,165.2449999999999
1998-07-15 05:00:00,164.56999999999994
1998-07-16 05:00:00,164.7199999999999
1998-07-17 05:00:00,164.94499999999988
1998-07-20 05:00:00,163.26999999999998
1998-07-21 05:00:00,163.32
1998-07-22 05:00:00,163.195
1998-07-23 05:00:00,162.39500000000004
1998-07-24 05:00:00,162.87
1998-07-27 05:00:00,162.29500000000002
1998-07-28 05:00:00,162.84500000000003
1998-07-29 05:00:00,162.57
1998-07-30 05:00:00,162.495
1998-07-31 05:00:00,161.54500000000002
1998-08-03 05:00:00,161.64500000000004
1998-08-04 05:00:00,161.995
1998-08-05 05:00:00,162.32
1998-08-06 05:00:00,163.945
1998-08-07 05:00:00,163.945
1998-08-10 05:00:00,163.62
1998-08-11 05:00:00,162.02000000000004
1998-08-12 05:00:00,163.17000000000002
1998-08-13 05:00:00,164.6699999999999
1998-08-14 05:00:00,163.745
1998-08-17 05:00:00,162.745
1998-08-18 05:00:00,163.17000000000002
1998-08-19 05:00:00,162.995
1998-08-20 05:00:00,162.84500000000003
1998-08-21 05:00:00,161.87
1998-08-24 05:00:00,161.77000000000004
1998-08-25 05:00:00,161.09500000000003
1998-08-26 05:00:00,161.29500000000002
1998-08-27 05:00:00,160.77000000000004
1998-08-28 05:00:00,158.82
1998-08-31 05:00:00,156.82
1998-09-01 05:00:00,156.87
1998-09-02 05:00:00,157.92000000000002
1998-09-03 05:00:00,157.62
1998-09-04 05:00:00,157.39499999999998
1998-09-08 05:00:00,157.87
1998-09-09 05:00:00,158.82
1998-09-10 05:00:00,158.14499999999998
1998-09-11 05:00:00,158.84500000000003
1998-09-14 05:00:00,159.39500000000004
1998-09-15 05:00:00,160.745
1998-09-16 05:00:00,160.59500000000003
1998-09-17 05:00:00,160.62
1998-09-18 05:00:00,159.695
1998-09-21 05:00:00,160.22000000000003
1998-09-22 05:00:00,160.07
1998-09-23 05:00:00,159.945
1998-09-24 05:00:00,159.72000000000003
1998-09-25 05:00:00,159.54500000000002
1998-09-28 05:00:00,160.57
1998-09-29 05:00:00,160.82
1998-09-30 05:00:00,160.27000000000004
1998-10-01 05:00:00,159.39500000000004
1998-10-02 05:00:00,159.17000000000002
1998-10-05 05:00:00,158.34499999999997
1998-10-06 05:00:00,158.46999999999997
1998-10-07 05:00:00,160.47000000000003
1998-10-08 05:00:00,160.12
1998-10-09 05:00:00,161.52000000000004
1998-10-12 05:00:00,161.59500000000003
1998-10-13 05:00:00,163.59500000000003
1998-10-14 05:00:00,162.42000000000002
1998-10-15 05:00:00,162.12
1998-10-16 05:00:00,161.89499999999998
1998-10-19 05:00:00,160.82
1998-10-20 05:00:00,160.945
1998-10-21 05:00:00,161.79500000000002
1998-10-22 05:00:00,160.995
1998-10-23 05:00:00,161.51999999999998
1998-10-26 06:00:00,160.995
1998-10-27 06:00:00,161.245
1998-10-28 06:00:00,160.67000000000002
1998-10-29 06:00:00,160.09500000000003
1998-10-30 06:00:00,160.445
1998-11-02 06:00:00,158.59499999999997
1998-11-03 06:00:00,159.22000000000003
1998-11-04 06:00:00,159.695
1998-11-05 06:00:00,158.745
1998-11-06 06:00:00,159.57
1998-11-09 06:00:00,159.26999999999998
1998-11-10 06:00:00,158.445
1998-11-11 06:00:00,157.76999999999998
1998-11-12 06:00:00,157.54500000000002
1998-11-13 06:00:00,156.495
1998-11-16 06:00:00,155.29500000000002
1998-11-17 06:00:00,155.64499999999998
1998-11-18 06:00:00,155.67000000000002
1998-11-19 06:00:00,154.64499999999998
1998-11-20 06:00:00,153.245
1998-11-23 06:00:00,151.29500000000002
1998-11-24 06:00:00,152.54500000000002
1998-11-25 06:00:00,153.195
1998-11-27 06:00:00,152.57
1998-11-30 06:00:00,153.17000000000002
1998-12-01 06:00:00,154.82
1998-12-02 06:00:00,154.37
1998-12-03 06:00:00,153.64499999999998
1998-12-04 06:00:00,153.42000000000002
1998-12-07 06:00:00,151.42000000000002
1998-12-08 06:00:00,149.945
1998-12-09 06:00:00,148.675
1998-12-10 06:00:00,146.67000000000002
1998-12-11 06:00:00,144.67000000000002
1998-12-14 06:00:00,146.675
1998-12-15 06:00:00,144.675
1998-12-16 06:00:00,145.52499999999998
1998-12-17 06:00:00,145.55
1998-12-18 06:00:00,146.875
1998-12-21 06:00:00,146.425
1998-12-22 06:00:00,147.52499999999998
1998-12-23 06:00:00,148.52499999999998
1998-12-24 06:00:00,148.45
1998-12-28 06:00:00,148.55
1998-12-29 06:00:00,147.77499999999998
1998-12-30 06:00:00,148.8
1998-12-31 06:00:00,148.175
1999-01-04 06:00:00,146.825
1999-01-05 06:00:00,148.825
1999-01-06 06:00:00,150.825
1999-01-07 06:00:00,152.02499999999998
1999-01-08 06:00:00,152.325
1999-01-11 06:00:00,154.125
1999-01-12 06:00:00,154.825
1999-01-13 06:00:00,154.125
1999-01-14 06:00:00,154.25
1999-01-15 06:00:00,153.34999999999997
1999-01-19 06:00:00,152.34999999999997
1999-01-20 06:00:00,154.34999999999997
1999-01-21 06:00:00,154.375
1999-01-22 06:00:00,155.97499999999997
1999-01-25 06:00:00,155.5
1999-01-26 06:00:00,154.5
1999-01-27 06:00:00,152.89999999999998
1999-01-28 06:00:00,154.52499999999998
1999-01-29 06:00:00,154.0
1999-02-01 06:00:00,154.59999999999997
1999-02-02 06:00:00,154.5
1999-02-03 06:00:00,154.89999999999998
1999-02-04 06:00:00,156.89999999999998
1999-02-05 06:00:00,158.89999999999998
1999-02-08 06:00:00,159.22500000000002
1999-02-09 06:00:00,158.55
1999-02-10 06:00:00,157.825
1999-02-11 06:00:00,157.25
1999-02-12 06:00:00,157.75
1999-02-16 06:00:00,156.875
1999-02-17 06:00:00,156.47499999999997
1999-02-18 06:00:00,156.325
1999-02-19 06:00:00,157.325
1999-02-22 06:00:00,157.625
1999-02-23 06:00:00,157.52499999999998
1999-02-24 06:00:00,156.42499999999995
1999-02-25 06:00:00,156.67499999999995
1999-02-26 06:00:00,156.09999999999997
1999-03-01 06:00:00,156.7
1999-03-02 06:00:00,156.075
1999-03-03 06:00:00,155.2
1999-03-04 06:00:00,156.09999999999997
1999-03-05 06:00:00,156.04999999999995
1999-03-08 06:00:00,156.34999999999997
1999-03-09 06:00:00,156.2
1999-03-10 06:00:00,156.89999999999998
1999-03-11 06:00:00,156.22999999999996
1999-03-12 06:00:00,154.72999999999996
1999-03-15 06:00:00,153.27999999999997
1999-03-16 06:00:00,153.77999999999997
1999-03-17 06:00:00,154.27999999999997
1999-03-18 06:00:00,155.72999999999996
1999-03-19 06:00:00,156.34999999999997
1999-03-22 06:00:00,157.32999999999998
1999-03-23 06:00:00,156.95
1999-03-24 06:00:00,156.7
1999-03-25 06:00:00,156.59999999999997
1999-03-26 06:00:00,156.97499999999997
1999-03-29 06:00:00,154.97499999999997
1999-03-30 06:00:00,153.325
1999-03-31 06:00:00,153.59999999999997
1999-04-01 06:00:00,154.2
1999-04-05 05:00:00,155.34999999999997
1999-04-06 05:00:00,156.14999999999998
1999-04-07 05:00:00,155.25
1999-04-08 05:00:00,155.0
1999-04-09 05:00:00,155.97499999999997
1999-04-12 05:00:00,157.075
1999-04-13 05:00:00,156.59999999999997
1999-04-14 05:00:00,155.17499999999995
1999-04-15 05:00:00,154.84999999999997
1999-04-16 05:00:00,155.55
1999-04-19 05:00:00,155.39999999999998
1999-04-20 05:00:00,156.0
1999-04-21 05:00:00,155.7
1999-04-22 05:00:00,155.75
1999-04-23 05:00:00,157.59999999999997
1999-04-26 05:00:00,157.89999999999998
1999-04-27 05:00:00,157.27499999999998
1999-04-28 05:00:00,158.5
1999-04-29 05:00:00,158.52499999999998
1999-04-30 05:00:00,158.85000000000002
1999-05-03 05:00:00,158.60000000000002
1999-05-04 05:00:00,158.25
1999-05-05 05:00:00,157.89999999999998
1999-05-06 05:00:00,158.77500000000003
1999-05-07 05:00:00,160.0
1999-05-10 05:00:00,160.10000000000002
1999-05-11 05:00:00,159.52500000000003
1999-05-12 05:00:00,159.47500000000002
1999-05-13 05:00:00,159.35000000000002
1999-05-14 05:00:00,158.625
1999-05-17 05:00:00,158.45
1999-05-18 05:00:00,158.8
1999-05-19 05:00:00,157.875
1999-05-20 05:00:00,157.625
1999-05-21 05:00:00,157.75
1999-05-24 05:00:00,155.75
1999-05-25 05:00:00,155.3
1999-05-26 05:00:00,155.925
1999-05-27 05:00:00,154.64999999999998
1999-05-28 05:00:00,154.97499999999997
1999-06-01 05:00:00,154.25
1999-06-02 05:00:00,154.175
1999-06-03 05:00:00,154.77499999999998
1999-06-04 05:00:00,156.09999999999997
1999-06-07 05:00:00,156.52499999999998
1999-06-08 05:00:00,155.84999999999997
1999-06-09 05:00:00,155.45
1999-06-10 05:00:00,154.375
1999-06-11 05:00:00,155.0
1999-06-14 05:00:00,154.14999999999998
1999-06-15 05:00:00,152.55
1999-06-16 05:00:00,152.625
1999-06-17 05:00:00,152.175
1999-06-18 05:00:00,152.625
1999-06-21 05:00:00,152.22500000000002
1999-06-22 05:00:00,152.45
1999-06-23 05:00:00,151.825
1999-06-24 05:00:00,149.825
1999-06-25 05:00:00,149.40000000000003
1999-06-28 05:00:00,147.40000000000003
1999-06-29 05:00:00,145.40000000000003
1999-06-30 05:00:00,143.39999999999998
1999-07-01 05:00:00,141.95000000000005
1999-07-02 05:00:00,141.925
1999-07-06 05:00:00,142.27500000000003
1999-07-07 05:00:00,143.175
1999-07-08 05:00:00,143.175
1999-07-09 05:00:00,142.25
1999-07-12 05:00:00,141.57500000000005
1999-07-13 05:00:00,140.10000000000002
1999-07-14 05:00:00,141.57500000000005
1999-07-15 05:00:00,141.65000000000003
1999-07-16 05:00:00,141.82500000000005
1999-07-19 05:00:00,141.5
1999-07-20 05:00:00,139.60000000000002
1999-07-21 05:00:00,140.0
1999-07-22 05:00:00,142.0
1999-07-23 05:00:00,143.64999999999998
1999-07-26 05:00:00,142.77500000000003
1999-07-27 05:00:00,142.3
1999-07-28 05:00:00,141.95000000000005
1999-07-29 05:00:00,141.82500000000005
1999-07-30 05:00:00,143.10000000000002
1999-08-02 05:00:00,145.10000000000002
1999-08-03 05:00:00,144.60000000000002
1999-08-04 05:00:00,144.90000000000003
1999-08-05 05:00:00,144.55
1999-08-06 05:00:00,145.35000000000002
1999-08-09 05:00:00,145.40000000000003
1999-08-10 05:00:00,146.52500000000003
1999-08-11 05:00:00,145.32500000000005
1999-08-12 05:00:00,144.65000000000003
1999-08-13 05:00:00,144.90000000000003
1999-08-16 05:00:00,145.27500000000003
1999-08-17 05:00:00,144.125
1999-08-18 05:00:00,143.45
1999-08-19 05:00:00,143.375
1999-08-20 05:00:00,144.10000000000002
1999-08-23 05:00:00,145.45000000000005
1999-08-24 05:00:00,144.90000000000003
1999-08-25 05:00:00,145.25
1999-08-26 05:00:00,144.5
1999-08-27 05:00:00,144.82500000000005
1999-08-30 05:00:00,145.125
1999-08-31 05:00:00,145.52500000000003
1999-09-01 05:00:00,146.02500000000003
1999-09-02 05:00:00,146.27500000000003
1999-09-03 05:00:00,145.70000000000005
1999-09-07 05:00:00,146.125
1999-09-08 05:00:00,145.95
1999-09-09 05:00:00,143.95000000000005
1999-09-10 05:00:00,144.15000000000003
1999-09-13 05:00:00,143.675
1999-09-14 05:00:00,143.8
1999-09-15 05:00:00,143.875
1999-09-16 05:00:00,143.77499999999998
1999-09-17 05:00:00,144.75
1999-09-20 05:00:00,145.35000000000002
1999-09-21 05:00:00,145.75
1999-09-22 05:00:00,146.15000000000003
1999-09-23 05:00:00,146.875
1999-09-24 05:00:00,147.40000000000003
1999-09-27 05:00:00,149.40000000000003
1999-09-28 05:00:00,148.675
1999-09-29 05:00:00,148.95
1999-09-30 05:00:00,148.72500000000002
1999-10-01 05:00:00,149.90000000000003
1999-10-04 05:00:00,149.35000000000002
1999-10-05 05:00:00,147.52500000000003
1999-10-06 05:00:00,146.8
1999-10-07 05:00:00,147.85000000000002
1999-10-08 05:00:00,147.40000000000003
1999-10-11 05:00:00,146.97500000000002
1999-10-12 05:00:00,148.85000000000002
1999-10-13 05:00:00,149.675
1999-10-14 05:00:00,149.5
1999-10-15 05:00:00,149.05
1999-10-18 05:00:00,149.02500000000003
1999-10-19 05:00:00,150.65000000000003
1999-10-20 05:00:00,149.35000000000002
1999-10-21 05:00:00,149.825
1999-10-22 05:00:00,150.175
1999-10-25 05:00:00,149.2
1999-10-26 05:00:00,149.45
1999-10-27 05:00:00,147.90000000000003
1999-10-28 05:00:00,147.35000000000002
1999-10-29 05:00:00,148.2
1999-11-01 06:00:00,146.875
1999-11-02 06:00:00,147.60000000000002
1999-11-03 06:00:00,147.075
1999-11-04 06:00:00,147.35000000000002
1999-11-05 06:00:00,148.22500000000002
1999-11-08 06:00:00,149.5
1999-11-09 06:00:00,150.075
1999-11-10 06:00:00,150.5
1999-11-11 06:00:00,150.47500000000002
1999-11-12 06:00:00,152.22500000000002
1999-11-15 06:00:00,152.2
1999-11-16 06:00:00,152.5
1999-11-17 06:00:00,152.10000000000002
1999-11-18 06:00:00,151.7
1999-11-19 06:00:00,152.825
1999-11-22 06:00:00,152.97500000000002
1999-11-23 06:00:00,154.14999999999998
1999-11-24 06:00:00,154.625
1999-11-26 06:00:00,155.2
1999-11-29 06:00:00,154.95
1999-11-30 06:00:00,154.075
1999-12-01 06:00:00,154.25
1999-12-02 06:00:00,154.55
1999-12-03 06:00:00,155.14999999999998
1999-12-06 06:00:00,155.2
1999-12-07 06:00:00,154.175
1999-12-08 06:00:00,154.95
1999-12-09 06:00:00,154.925
1999-12-10 06:00:00,153.3
1999-12-13 06:00:00,152.89999999999998
1999-12-14 06:00:00,153.97500000000002
1999-12-15 06:00:00,154.45
1999-12-16 06:00:00,154.05
1999-12-17 06:00:00,154.325
1999-12-20 06:00:00,153.97499999999997
1999-12-21 06:00:00,154.575
1999-12-22 06:00:00,154.675
1999-12-23 06:00:00,154.7
1999-12-27 06:00:00,154.325
1999-12-28 06:00:00,153.45
1999-12-29 06:00:00,152.89999999999998
1999-12-30 06:00:00,152.825
1999-12-31 06:00:00,152.825
2000-01-03 06:00:00,154.5
2000-01-04 06:00:00,154.075
2000-01-05 06:00:00,153.875
2000-01-06 06:00:00,154.52499999999998
2000-01-07 06:00:00,154.925
2000-01-10 06:00:00,155.09999999999997
2000-01-11 06:00:00,155.47499999999997
2000-01-12 06:00:00,154.64999999999998
2000-01-13 06:00:00,154.59999999999997
2000-01-14 06:00:00,155.075
2000-01-18 06:00:00,155.27499999999998
2000-01-19 06:00:00,156.02499999999998
2000-01-20 06:00:00,156.47499999999997
2000-01-21 06:00:00,157.27499999999998
2000-01-24 06:00:00,156.875
2000-01-25 06:00:00,156.34999999999997
2000-01-26 06:00:00,156.75
2000-01-27 06:00:00,155.97499999999997
2000-01-28 06:00:00,157.0
2000-01-31 06:00:00,157.47499999999997
2000-02-01 06:00:00,157.75
2000-02-02 06:00:00,157.0
2000-02-03 06:00:00,158.14999999999998
2000-02-04 06:00:00,158.375
2000-02-07 06:00:00,158.60000000000002
2000-02-08 06:00:00,157.075
2000-02-09 06:00:00,156.175
2000-02-10 06:00:00,156.325
2000-02-11 06:00:00,156.625
2000-02-14 06:00:00,154.625
2000-02-15 06:00:00,153.325
2000-02-16 06:00:00,154.64999999999998
2000-02-17 06:00:00,154.325
2000-02-18 06:00:00,154.25
2000-02-22 06:00:00,154.425
2000-02-23 06:00:00,153.22499999999997
2000-02-24 06:00:00,153.52499999999998
2000-02-25 06:00:00,154.0
2000-02-28 06:00:00,154.95
2000-02-29 06:00:00,155.22499999999997
2000-03-01 06:00:00,155.2
2000-03-02 06:00:00,155.75
2000-03-03 06:00:00,157.05
2000-03-06 06:00:00,157.84999999999997
2000-03-07 06:00:00,157.59999999999997
2000-03-08 06:00:00,157.175
2000-03-09 06:00:00,158.2
2000-03-10 06:00:00,159.40000000000003
2000-03-13 06:00:00,159.425
2000-03-14 06:00:00,159.40000000000003
2000-03-15 06:00:00,159.15000000000003
2000-03-16 06:00:00,158.60000000000002
2000-03-17 06:00:00,159.175
2000-03-20 06:00:00,159.25
2000-03-21 06:00:00,158.90000000000003
2000-03-22 06:00:00,158.60000000000002
2000-03-23 06:00:00,158.2
2000-03-24 06:00:00,158.77500000000003
2000-03-27 06:00:00,160.175
2000-03-28 06:00:00,160.675
2000-03-29 06:00:00,160.65000000000003
2000-03-30 06:00:00,161.8
2000-03-31 06:00:00,161.40000000000003
2000-04-03 05:00:00,161.52500000000003
2000-04-04 05:00:00,160.7
2000-04-05 05:00:00,160.575
2000-04-06 05:00:00,160.77500000000003
2000-04-07 05:00:00,162.25
2000-04-10 05:00:00,162.65000000000003
2000-04-11 05:00:00,161.625
2000-04-12 05:00:00,163.325
2000-04-13 05:00:00,163.3
2000-04-14 05:00:00,163.425
2000-04-17 05:00:00,162.85000000000002
2000-04-18 05:00:00,163.55
2000-04-19 05:00:00,163.875
2000-04-20 05:00:00,164.54999999999995
2000-04-24 05:00:00,164.8749999999999
2000-04-25 05:00:00,164.89999999999992
2000-04-26 05:00:00,165.47499999999997
2000-04-27 05:00:00,165.54999999999995
2000-04-28 05:00:00,165.34999999999997
2000-05-01 05:00:00,165.29999999999995
2000-05-02 05:00:00,165.0499999999999
2000-05-03 05:00:00,163.47500000000002
2000-05-04 05:00:00,164.42499999999995
2000-05-05 05:00:00,164.6749999999999
2000-05-08 05:00:00,164.14999999999998
2000-05-09 05:00:00,163.375
2000-05-10 05:00:00,163.10000000000002
2000-05-11 05:00:00,163.10000000000002
2000-05-12 05:00:00,162.77499999999998
2000-05-15 05:00:00,160.77499999999998
2000-05-16 05:00:00,160.89999999999998
2000-05-17 05:00:00,161.0
2000-05-18 05:00:00,161.075
2000-05-19 05:00:00,159.75
2000-05-22 05:00:00,159.95
2000-05-23 05:00:00,160.72500000000002
2000-05-24 05:00:00,159.825
2000-05-25 05:00:00,160.05
2000-05-26 05:00:00,161.10000000000002
2000-05-30 05:00:00,160.55
2000-05-31 05:00:00,161.625
2000-06-01 05:00:00,161.85000000000002
2000-06-02 05:00:00,162.95
2000-06-05 05:00:00,163.39999999999998
2000-06-06 05:00:00,164.075
2000-06-07 05:00:00,163.64999999999998
2000-06-08 05:00:00,163.05
2000-06-09 05:00:00,164.075
2000-06-12 05:00:00,163.10000000000002
2000-06-13 05:00:00,162.22500000000002
2000-06-14 05:00:00,161.60000000000002
2000-06-15 05:00:00,161.52499999999998
2000-06-16 05:00:00,162.84999999999997
2000-06-19 05:00:00,163.175
2000-06-20 05:00:00,163.075
2000-06-21 05:00:00,163.22499999999997
2000-06-22 05:00:00,163.175
2000-06-23 05:00:00,164.04999999999995
2000-06-26 05:00:00,164.29999999999995
2000-06-27 05:00:00,163.3
2000-06-28 05:00:00,163.375
2000-06-29 05:00:00,163.55
2000-06-30 05:00:00,162.95
2000-07-03 05:00:00,162.7
2000-07-05 05:00:00,162.625
2000-07-06 05:00:00,163.575
2000-07-07 05:00:00,164.04999999999995
2000-07-10 05:00:00,163.92499999999995
2000-07-11 05:00:00,161.925
2000-07-12 05:00:00,160.625
2000-07-13 05:00:00,161.45
2000-07-14 05:00:00,162.09999999999997
2000-07-17 05:00:00,161.22499999999997
2000-07-18 05:00:00,161.47499999999997
2000-07-19 05:00:00,160.375
2000-07-20 05:00:00,161.675
2000-07-21 05:00:00,160.55
2000-07-24 05:00:00,160.89999999999998
2000-07-25 05:00:00,160.95
2000-07-26 05:00:00,160.89999999999998
2000-07-27 05:00:00,162.2
2000-07-28 05:00:00,162.25
2000-07-31 05:00:00,161.52499999999998
2000-08-01 05:00:00,159.59999999999997
2000-08-02 05:00:00,160.0
2000-08-03 05:00:00,159.7
2000-08-04 05:00:00,160.55
2000-08-07 05:00:00,160.825
2000-08-08 05:00:00,159.27499999999998
2000-08-09 05:00:00,159.375
2000-08-10 05:00:00,159.55
2000-08-11 05:00:00,160.02499999999998
2000-08-14 05:00:00,159.125
2000-08-15 05:00:00,157.27499999999998
2000-08-16 05:00:00,157.075
2000-08-17 05:00:00,157.64999999999998
2000-08-18 05:00:00,157.92499999999995
2000-08-21 05:00:00,157.54999999999995
2000-08-22 05:00:00,156.34999999999997
2000-08-23 05:00:00,156.92499999999995
2000-08-24 05:00:00,157.52499999999998
2000-08-25 05:00:00,157.075
2000-08-28 05:00:00,157.64999999999998
2000-08-29 05:00:00,155.97499999999997
2000-08-30 05:00:00,157.0
2000-08-31 05:00:00,157.29999999999995
2000-09-01 05:00:00,157.325
2000-09-05 05:00:00,158.14999999999998
2000-09-06 05:00:00,158.14999999999998
2000-09-07 05:00:00,157.64999999999998
2000-09-08 05:00:00,158.22499999999997
2000-09-11 05:00:00,157.875
2000-09-12 05:00:00,158.325
2000-09-13 05:00:00,158.125
2000-09-14 05:00:00,158.39999999999998
2000-09-15 05:00:00,158.14999999999998
2000-09-18 05:00:00,157.825
2000-09-19 05:00:00,157.77499999999998
2000-09-20 05:00:00,158.59999999999997
2000-09-21 05:00:00,159.45
2000-09-22 05:00:00,159.72499999999997
2000-09-25 05:00:00,159.75
2000-09-26 05:00:00,160.0
2000-09-27 05:00:00,160.625
2000-09-28 05:00:00,160.875
2000-09-29 05:00:00,161.2
2000-10-02 05:00:00,160.7
2000-10-03 05:00:00,159.95
2000-10-04 05:00:00,160.05
2000-10-05 05:00:00,160.425
2000-10-06 05:00:00,159.5
2000-10-09 05:00:00,159.59999999999997
2000-10-10 05:00:00,160.8
2000-10-11 05:00:00,160.825
2000-10-12 05:00:00,161.825
2000-10-13 05:00:00,160.675
2000-10-16 05:00:00,160.02499999999998
2000-10-17 05:00:00,160.22499999999997
2000-10-18 05:00:00,160.34999999999997
2000-10-19 05:00:00,159.5
2000-10-20 05:00:00,159.84999999999997
2000-10-23 05:00:00,160.77499999999998
2000-10-24 05:00:00,161.25
2000-10-25 05:00:00,159.875
2000-10-26 05:00:00,159.77499999999998
2000-10-27 05:00:00,159.575
2000-10-30 06:00:00,159.39999999999998
2000-10-31 06:00:00,159.675
2000-11-01 06:00:00,160.325
2000-11-02 06:00:00,160.22499999999997
2000-11-03 06:00:00,161.5
2000-11-06 06:00:00,162.325
2000-11-07 06:00:00,161.875
2000-11-08 06:00:00,161.8
2000-11-09 06:00:00,162.27499999999998
2000-11-10 06:00:00,162.3
2000-11-13 06:00:00,161.97499999999997
2000-11-14 06:00:00,163.39999999999998
2000-11-15 06:00:00,163.02499999999998
2000-11-16 06:00:00,163.3
2000-11-17 06:00:00,163.5
2000-11-20 06:00:00,162.97499999999997
2000-11-21 06:00:00,163.375
2000-11-22 06:00:00,163.825
2000-11-24 06:00:00,163.97499999999997
2000-11-27 06:00:00,163.325
2000-11-28 06:00:00,162.84999999999997
2000-11-29 06:00:00,162.72499999999997
2000-11-30 06:00:00,163.2
2000-12-01 06:00:00,163.55
2000-12-04 06:00:00,164.82499999999987
2000-12-05 06:00:00,165.37499999999994
2000-12-06 06:00:00,165.82499999999993
2000-12-07 06:00:00,165.29999999999995
2000-12-08 06:00:00,165.64999999999998
2000-12-11 06:00:00,165.69999999999993
2000-12-12 06:00:00,165.32499999999993
2000-12-13 06:00:00,165.32499999999993
2000-12-14 06:00:00,164.9749999999999
2000-12-15 06:00:00,164.77499999999992
2000-12-18 06:00:00,164.9249999999999
2000-12-19 06:00:00,163.75
2000-12-20 06:00:00,163.64999999999998
2000-12-21 06:00:00,163.34999999999997
2000-12-22 06:00:00,163.675
2000-12-26 06:00:00,163.375
2000-12-27 06:00:00,163.175
2000-12-28 06:00:00,163.5
2000-12-29 06:00:00,164.39999999999998
2001-01-02 06:00:00,165.07499999999987
2001-01-03 06:00:00,164.7499999999999
2001-01-04 06:00:00,165.47499999999997
2001-01-05 06:00:00,165.32499999999993
2001-01-08 06:00:00,165.29999999999995
2001-01-09 06:00:00,165.82499999999993
2001-01-10 06:00:00,165.37499999999994
2001-01-11 06:00:00,166.39999999999998
2001-01-12 06:00:00,165.97499999999997
2001-01-16 06:00:00,165.14999999999992
2001-01-17 06:00:00,166.32499999999993
2001-01-18 06:00:00,166.07499999999993
2001-01-19 06:00:00,166.72499999999997
2001-01-22 06:00:00,166.47499999999997
2001-01-23 06:00:00,164.47499999999997
2001-01-24 06:00:00,163.84999999999997
2001-01-25 06:00:00,163.97499999999997
2001-01-26 06:00:00,165.0499999999999
2001-01-29 06:00:00,164.2
2001-01-30 06:00:00,164.37499999999994
2001-01-31 06:00:00,164.14999999999998
2001-02-01 06:00:00,165.89999999999998
2001-02-02 06:00:00,165.67499999999995
2001-02-05 06:00:00,165.2499999999999
2001-02-06 06:00:00,165.02499999999992
2001-02-07 06:00:00,164.2
2001-02-08 06:00:00,163.625
2001-02-09 06:00:00,164.02499999999998
2001-02-12 06:00:00,163.95
2001-02-13 06:00:00,164.39999999999998
2001-02-14 06:00:00,165.39999999999998
2001-02-15 06:00:00,165.82499999999993
2001-02-16 06:00:00,166.42499999999995
2001-02-20 06:00:00,166.72499999999997
2001-02-21 06:00:00,167.17499999999995
2001-02-22 06:00:00,167.32499999999993
2001-02-23 06:00:00,167.57499999999993
2001-02-26 06:00:00,167.52499999999998
2001-02-27 06:00:00,167.27499999999998
2001-02-28 06:00:00,167.59999999999997
2001-03-01 06:00:00,168.625
2001-03-02 06:00:00,168.47499999999997
2001-03-05 06:00:00,169.59999999999997
2001-03-06 06:00:00,170.075
2001-03-07 06:00:00,169.825
2001-03-08 06:00:00,169.39999999999998
2001-03-09 06:00:00,169.59999999999997
2001-03-12 06:00:00,169.54999999999995
2001-03-13 06:00:00,170.17499999999995
2001-03-14 06:00:00,171.09999999999997
2001-03-15 06:00:00,171.375
2001-03-16 06:00:00,171.34999999999997
2001-03-19 06:00:00,169.34999999999997
2001-03-20 06:00:00,168.2
2001-03-21 06:00:00,168.92499999999995
2001-03-22 06:00:00,169.92499999999995
2001-03-23 06:00:00,171.29999999999995
2001-03-26 06:00:00,170.29999999999995
2001-03-27 06:00:00,171.27499999999998
2001-03-28 06:00:00,169.825
2001-03-29 06:00:00,169.7
2001-03-30 06:00:00,169.45
2001-04-02 05:00:00,171.45
2001-04-03 05:00:00,171.84999999999997
2001-04-04 05:00:00,172.59999999999997
2001-04-05 05:00:00,173.07500000000005
2001-04-06 05:00:00,171.92499999999995
2001-04-09 05:00:00,172.17499999999995
2001-04-10 05:00:00,172.29999999999995
2001-04-11 05:00:00,172.2
2001-04-12 05:00:00,172.375
2001-04-16 05:00:00,173.62500000000006
2001-04-17 05:00:00,173.62500000000006
2001-04-18 05:00:00,172.59999999999997
2001-04-19 05:00:00,172.70000000000005
2001-04-20 05:00:00,173.425
2001-04-23 05:00:00,173.52500000000003
2001-04-24 05:00:00,172.72500000000002
2001-04-25 05:00:00,170.72499999999997
2001-04-26 05:00:00,171.125
2001-04-27 05:00:00,171.075
2001-04-30 05:00:00,169.95
2001-05-01 05:00:00,170.5
2001-05-02 05:00:00,169.42499999999995
2001-05-03 05:00:00,169.875
2001-05-04 05:00:00,170.17499999999995
2001-05-07 05:00:00,170.29999999999995
2001-05-08 05:00:00,169.92499999999995
2001-05-09 05:00:00,169.075
2001-05-10 05:00:00,170.29999999999995
2001-05-11 05:00:00,169.77499999999998
2001-05-14 05:00:00,169.67499999999995
2001-05-15 05:00:00,169.34999999999997
2001-05-16 05:00:00,169.54999999999995
2001-05-17 05:00:00,169.75
2001-05-18 05:00:00,169.59999999999997
2001-05-21 05:00:00,169.17499999999995
2001-05-22 05:00:00,168.72499999999997
2001-05-23 05:00:00,168.72499999999997
2001-05-24 05:00:00,168.575
2001-05-25 05:00:00,167.39999999999998
2001-05-29 05:00:00,169.39999999999998
2001-05-30 05:00:00,171.04999999999995
2001-05-31 05:00:00,171.64999999999998
2001-06-01 05:00:00,172.62500000000006
2001-06-04 05:00:00,172.54999999999995
2001-06-05 05:00:00,172.34999999999997
2001-06-06 05:00:00,172.34999999999997
2001-06-07 05:00:00,172.52499999999998
2001-06-08 05:00:00,173.52500000000003
2001-06-11 05:00:00,174.50000000000006
2001-06-12 05:00:00,174.52500000000003
2001-06-13 05:00:00,174.675
2001-06-14 05:00:00,173.77500000000003
2001-06-15 05:00:00,174.62500000000006
2001-06-18 05:00:00,174.15000000000003
2001-06-19 05:00:00,174.72500000000002
2001-06-20 05:00:00,174.97500000000002
2001-06-21 05:00:00,175.52500000000003
2001-06-22 05:00:00,175.40000000000003
2001-06-25 05:00:00,176.47500000000002
2001-06-26 05:00:00,176.25
2001-06-27 05:00:00,175.87500000000006
2001-06-28 05:00:00,176.02500000000003
2001-06-29 05:00:00,176.40000000000003
2001-07-02 05:00:00,178.39999999999998
2001-07-03 05:00:00,178.22500000000002
2001-07-05 05:00:00,178.35000000000002
2001-07-06 05:00:00,178.64999999999998
2001-07-09 05:00:00,177.85000000000008
2001-07-10 05:00:00,176.22500000000002
2001-07-11 05:00:00,176.3
2001-07-12 05:00:00,175.95000000000005
2001-07-13 05:00:00,177.07500000000005
2001-07-16 05:00:00,177.02500000000003
2001-07-17 05:00:00,177.25
2001-07-18 05:00:00,177.07500000000005
2001-07-19 05:00:00,177.64999999999998
2001-07-20 05:00:00,177.325
2001-07-23 05:00:00,175.87500000000006
2001-07-24 05:00:00,176.175
2001-07-25 05:00:00,176.925
2001-07-26 05:00:00,177.39999999999998
2001-07-27 05:00:00,177.75
2001-07-30 05:00:00,177.60000000000002
2001-07-31 05:00:00,178.2
2001-08-01 05:00:00,178.35000000000002
2001-08-02 05:00:00,177.39999999999998
2001-08-03 05:00:00,177.95000000000005
2001-08-06 05:00:00,177.05
2001-08-07 05:00:00,177.39999999999998
2001-08-08 05:00:00,177.64999999999998
2001-08-09 05:00:00,177.15000000000003
2001-08-10 05:00:00,179.14999999999998
2001-08-13 05:00:00,180.3
2001-08-14 05:00:00,178.875
2001-08-15 05:00:00,179.425
2001-08-16 05:00:00,179.25
2001-08-17 05:00:00,179.3
2001-08-20 05:00:00,178.97499999999997
2001-08-21 05:00:00,176.97500000000002
2001-08-22 05:00:00,177.47499999999997
2001-08-23 05:00:00,177.77499999999998
2001-08-24 05:00:00,178.25
2001-08-27 05:00:00,176.375
2001-08-28 05:00:00,176.10000000000002
2001-08-29 05:00:00,176.95000000000005
2001-08-30 05:00:00,176.10000000000002
2001-08-31 05:00:00,177.25
2001-09-04 05:00:00,179.02499999999998
2001-09-05 05:00:00,179.3
2001-09-06 05:00:00,179.3
2001-09-07 05:00:00,178.89999999999998
2001-09-10 05:00:00,179.47499999999997
2001-09-13 05:00:00,179.2
2001-09-14 05:00:00,179.59999999999997
2001-09-17 05:00:00,179.575
2001-09-18 05:00:00,179.7
2001-09-19 05:00:00,177.77499999999998
2001-09-20 05:00:00,177.825
2001-09-21 05:00:00,178.2
2001-09-24 05:00:00,177.85000000000002
2001-09-25 05:00:00,176.8
2001-09-26 05:00:00,176.70000000000005
2001-09-27 05:00:00,176.55
2001-09-28 05:00:00,177.75
2001-10-01 05:00:00,179.75
2001-10-02 05:00:00,180.2
2001-10-03 05:00:00,179.05
2001-10-04 05:00:00,179.2
2001-10-05 05:00:00,178.2
2001-10-08 05:00:00,177.8
2001-10-09 05:00:00,176.52500000000003
2001-10-10 05:00:00,174.62500000000006
2001-10-11 05:00:00,174.85000000000002
2001-10-12 05:00:00,174.175
2001-10-15 05:00:00,172.17499999999995
2001-10-16 05:00:00,173.07500000000005
2001-10-17 05:00:00,173.175
2001-10-18 05:00:00,173.3
2001-10-19 05:00:00,173.27500000000003
2001-10-22 05:00:00,173.27500000000003
2001-10-23 05:00:00,173.175
2001-10-24 05:00:00,172.04999999999995
2001-10-25 05:00:00,171.825
2001-10-26 05:00:00,171.87499999999994
2001-10-29 06:00:00,173.72500000000002
2001-10-30 06:00:00,173.57500000000005
2001-10-31 06:00:00,175.40000000000003
2001-11-01 06:00:00,175.65000000000003
2001-11-02 06:00:00,176.15000000000003
2001-11-05 06:00:00,176.3
2001-11-06 06:00:00,174.95000000000005
2001-11-07 06:00:00,175.15000000000003
2001-11-08 06:00:00,175.60000000000002
2001-11-09 06:00:00,173.97500000000002
2001-11-12 06:00:00,174.05
2001-11-13 06:00:00,174.625
2001-11-14 06:00:00,174.52500000000003
2001-11-15 06:00:00,175.65000000000003
2001-11-16 06:00:00,175.25
2001-11-19 06:00:00,175.72500000000002
2001-11-20 06:00:00,175.25
2001-11-21 06:00:00,175.05
2001-11-23 06:00:00,175.675
2001-11-26 06:00:00,175.60000000000002
2001-11-27 06:00:00,175.77500000000003
2001-11-28 06:00:00,176.3
2001-11-29 06:00:00,175.875
2001-11-30 06:00:00,176.70000000000005
2001-12-03 06:00:00,175.47500000000002
2001-12-04 06:00:00,174.65000000000003
2001-12-05 06:00:00,174.10000000000002
2001-12-06 06:00:00,174.5
2001-12-07 06:00:00,174.35000000000002
2001-12-10 06:00:00,173.05
2001-12-11 06:00:00,173.5
2001-12-12 06:00:00,172.8
2001-12-13 06:00:00,174.07500000000005
2001-12-14 06:00:00,174.65000000000003
2001-12-17 06:00:00,174.70000000000005
2001-12-18 06:00:00,174.75000000000006
2001-12-19 06:00:00,174.62500000000006
2001-12-20 06:00:00,174.75000000000006
2001-12-21 06:00:00,175.60000000000002
2001-12-24 06:00:00,175.95000000000005
2001-12-26 06:00:00,176.47500000000002
2001-12-27 06:00:00,176.77500000000003
2001-12-28 06:00:00,176.77500000000003
2001-12-31 06:00:00,177.64999999999998
2002-01-02 06:00:00,177.8
2002-01-03 06:00:00,177.52499999999998
2002-01-04 06:00:00,177.27499999999998
2002-01-07 06:00:00,177.425
2002-01-08 06:00:00,177.22500000000002
2002-01-09 06:00:00,176.95000000000005
2002-01-10 06:00:00,178.39999999999998
2002-01-11 06:00:00,178.5
2002-01-14 06:00:00,178.175
2002-01-15 06:00:00,178.925
2002-01-16 06:00:00,178.55
2002-01-17 06:00:00,178.7
2002-01-18 06:00:00,179.02499999999998
2002-01-22 06:00:00,177.3
2002-01-23 06:00:00,177.5
2002-01-24 06:00:00,178.575
2002-01-25 06:00:00,178.825
2002-01-28 06:00:00,178.60000000000002
2002-01-29 06:00:00,178.425
2002-01-30 06:00:00,178.8
2002-01-31 06:00:00,178.5
2002-02-01 06:00:00,179.7
2002-02-04 06:00:00,179.45
2002-02-05 06:00:00,180.325
2002-02-06 06:00:00,179.575
2002-02-07 06:00:00,178.85000000000002
2002-02-08 06:00:00,179.52499999999998
2002-02-11 06:00:00,177.77499999999998
2002-02-12 06:00:00,177.05
2002-02-13 06:00:00,177.87500000000006
2002-02-14 06:00:00,177.77499999999998
2002-02-15 06:00:00,177.20000000000005
2002-02-19 06:00:00,177.87500000000006
2002-02-20 06:00:00,177.97500000000008
2002-02-21 06:00:00,177.02500000000003
2002-02-22 06:00:00,177.55
2002-02-25 06:00:00,177.175
2002-02-26 06:00:00,177.0
2002-02-27 06:00:00,177.97500000000008
2002-02-28 06:00:00,178.25
2002-03-01 06:00:00,
2002-03-04 06:00:00,178.375
2002-03-05 06:00:00,177.90000000000003
2002-03-06 06:00:00,177.92500000000007
2002-03-07 06:00:00,177.97500000000008
2002-03-08 06:00:00,178.02499999999998
2002-03-11 06:00:00,177.325
2002-03-12 06:00:00,
2002-03-13 06:00:00,176.375
2002-03-14 06:00:00,
2002-03-15 06:00:00,
2002-03-18 06:00:00,174.35000000000002
2002-03-19 06:00:00,173.62500000000006
2002-03-20 06:00:00,174.15000000000003
2002-03-21 06:00:00,174.07500000000005
2002-03-22 06:00:00,173.3
2002-03-25 06:00:00,173.72500000000002
2002-03-26 06:00:00,172.5
2002-03-27 06:00:00,172.14999999999998
2002-03-28 06:00:00,171.825
2002-04-01 06:00:00,
2002-04-02 06:00:00,
2002-04-03 06:00:00,
2002-04-04 06:00:00,
2002-04-05 06:00:00,
2002-04-08 05:00:00,
2002-04-09 05:00:00,
2002-04-10 05:00:00,
2002-04-11 05:00:00,
2002-04-12 05:00:00,
2002-04-15 05:00:00,167.57499999999993
2002-04-16 05:00:00,168.25
2002-04-17 05:00:00,168.875
2002-04-18 05:00:00,169.22499999999997
2002-04-19 05:00:00,169.14999999999998
2002-04-22 05:00:00,167.59999999999997
2002-04-23 05:00:00,165.59999999999997
2002-04-24 05:00:00,165.87499999999994
2002-04-25 05:00:00,166.37499999999994
2002-04-26 05:00:00,165.67499999999995
2002-04-29 05:00:00,164.24999999999994
2002-04-30 05:00:00,165.29999999999995
2002-05-01 05:00:00,165.67499999999995
2002-05-02 05:00:00,166.79999999999995
2002-05-03 05:00:00,166.62499999999994
2002-05-06 05:00:00,167.44999999999993
2002-05-07 05:00:00,166.77499999999998
2002-05-08 05:00:00,166.49999999999994
2002-05-09 05:00:00,167.09999999999997
2002-05-10 05:00:00,167.57499999999993
2002-05-13 05:00:00,168.29999999999995
2002-05-14 05:00:00,167.69999999999993
2002-05-15 05:00:00,167.64999999999998
2002-05-16 05:00:00,166.92499999999995
2002-05-17 05:00:00,166.79999999999995
2002-05-20 05:00:00,164.7999999999999
2002-05-21 05:00:00,162.79999999999995
2002-05-22 05:00:00,162.84999999999997
2002-05-23 05:00:00,163.2
2002-05-24 05:00:00,162.575
2002-05-28 05:00:00,160.575
2002-05-29 05:00:00,160.34999999999997
2002-05-30 05:00:00,160.29999999999995
2002-05-31 05:00:00,161.25
2002-06-03 05:00:00,162.45
2002-06-04 05:00:00,161.125
2002-06-05 05:00:00,161.42499999999995
2002-06-06 05:00:00,162.79999999999995
2002-06-07 05:00:00,162.125
2002-06-10 05:00:00,160.47499999999997
2002-06-11 05:00:00,160.39999999999998
2002-06-12 05:00:00,160.575
2002-06-13 05:00:00,161.77499999999998
2002-06-14 05:00:00,161.575
2002-06-17 05:00:00,162.075
2002-06-18 05:00:00,162.95
2002-06-19 05:00:00,162.84999999999997
2002-06-20 05:00:00,163.04999999999995
2002-06-21 05:00:00,162.2
2002-06-24 05:00:00,161.67499999999995
2002-06-25 05:00:00,161.42499999999995
2002-06-26 05:00:00,160.77499999999998
2002-06-27 05:00:00,160.625
2002-06-28 05:00:00,161.79999999999995
2002-07-01 05:00:00,163.79999999999995
2002-07-02 05:00:00,164.39999999999998
2002-07-03 05:00:00,164.14999999999998
2002-07-05 05:00:00,165.44999999999993
2002-07-08 05:00:00,165.79999999999995
2002-07-09 05:00:00,165.0499999999999
2002-07-10 05:00:00,165.59999999999997
2002-07-11 05:00:00,166.59999999999997
2002-07-12 05:00:00,166.37499999999994
2002-07-15 05:00:00,166.64999999999998
2002-07-16 05:00:00,165.37499999999994
2002-07-17 05:00:00,164.8749999999999
2002-07-18 05:00:00,165.94999999999993
2002-07-19 05:00:00,165.79999999999995
2002-07-22 05:00:00,164.29999999999995
2002-07-23 05:00:00,164.37499999999994
2002-07-24 05:00:00,163.59999999999997
2002-07-25 05:00:00,164.64999999999992
2002-07-26 05:00:00,164.54999999999995
2002-07-29 05:00:00,164.37499999999994
2002-07-30 05:00:00,164.7999999999999
2002-07-31 05:00:00,164.69999999999987
2002-08-01 05:00:00,162.77499999999998
2002-08-02 05:00:00,162.0
2002-08-05 05:00:00,161.25
2002-08-06 05:00:00,161.47499999999997
2002-08-07 05:00:00,161.04999999999995
2002-08-08 05:00:00,162.04999999999995
2002-08-09 05:00:00,162.45
2002-08-12 05:00:00,160.64999999999998
2002-08-13 05:00:00,160.45
2002-08-14 05:00:00,160.09999999999997
2002-08-15 05:00:00,160.325
2002-08-16 05:00:00,160.52499999999998
2002-08-19 05:00:00,160.375
2002-08-20 05:00:00,158.375
2002-08-21 05:00:00,158.34999999999997
2002-08-22 05:00:00,158.29999999999995
2002-08-23 05:00:00,158.0
2002-08-26 05:00:00,156.7
2002-08-27 05:00:00,156.79999999999995
2002-08-28 05:00:00,156.52499999999998
2002-08-29 05:00:00,157.47499999999997
2002-08-30 05:00:00,158.45
2002-09-03 05:00:00,157.47499999999997
2002-09-04 05:00:00,158.575
2002-09-05 05:00:00,159.79999999999995
2002-09-06 05:00:00,160.325
2002-09-09 05:00:00,159.42499999999995
2002-09-10 05:00:00,160.84999999999997
2002-09-11 05:00:00,161.04999999999995
2002-09-12 05:00:00,160.54999999999995
2002-09-13 05:00:00,161.17499999999995
2002-09-16 05:00:00,160.45
2002-09-17 05:00:00,160.47499999999997
2002-09-18 05:00:00,161.09999999999997
2002-09-19 05:00:00,161.5
2002-09-20 05:00:00,161.125
2002-09-23 05:00:00,159.125
2002-09-24 05:00:00,160.075
2002-09-25 05:00:00,161.64999999999998
2002-09-26 05:00:00,162.14999999999998
2002-09-27 05:00:00,162.02499999999998
2002-09-30 05:00:00,163.7
2002-10-01 05:00:00,162.59999999999997
2002-10-02 05:00:00,163.84999999999997
2002-10-03 05:00:00,163.97499999999997
2002-10-04 05:00:00,162.75
2002-10-07 05:00:00,161.575
2002-10-08 05:00:00,163.5
2002-10-09 05:00:00,163.64999999999998
2002-10-10 05:00:00,164.09999999999997
2002-10-11 05:00:00,163.39999999999998
2002-10-14 05:00:00,165.2499999999999
2002-10-15 05:00:00,165.72499999999997
2002-10-16 05:00:00,165.59999999999997
2002-10-17 05:00:00,165.59999999999997
2002-10-18 05:00:00,165.07499999999987
2002-10-21 05:00:00,164.7249999999999
2002-10-22 05:00:00,164.89999999999992
2002-10-23 05:00:00,165.77499999999998
2002-10-24 05:00:00,164.47499999999997
2002-10-25 05:00:00,165.2499999999999
2002-10-28 06:00:00,165.82499999999993
2002-10-29 06:00:00,165.2249999999999
2002-10-30 06:00:00,166.87499999999994
2002-10-31 06:00:00,167.49999999999994
2002-11-01 06:00:00,167.77499999999998
2002-11-04 06:00:00,168.07499999999993
2002-11-05 06:00:00,169.22499999999997
2002-11-06 06:00:00,169.52499999999998
2002-11-07 06:00:00,169.92499999999995
2002-11-08 06:00:00,170.47499999999997
2002-11-11 06:00:00,171.47499999999997
2002-11-12 06:00:00,169.84999999999997
2002-11-13 06:00:00,170.0
2002-11-14 06:00:00,169.125
2002-11-15 06:00:00,170.075
2002-11-18 06:00:00,169.52499999999998
2002-11-19 06:00:00,170.825
2002-11-20 06:00:00,171.42499999999995
2002-11-21 06:00:00,170.375
2002-11-22 06:00:00,171.27499999999998
2002-11-25 06:00:00,171.125
2002-11-26 06:00:00,171.17499999999995
2002-11-27 06:00:00,171.72499999999997
2002-11-29 06:00:00,171.825
2002-12-02 06:00:00,171.95
2002-12-03 06:00:00,172.325
2002-12-04 06:00:00,172.14999999999998
2002-12-05 06:00:00,172.42499999999995
2002-12-06 06:00:00,170.95
2002-12-09 06:00:00,168.95
2002-12-10 06:00:00,168.07499999999993
2002-12-11 06:00:00,170.075
2002-12-12 06:00:00,169.59999999999997
2002-12-13 06:00:00,169.875
2002-12-16 06:00:00,168.97499999999997
2002-12-17 06:00:00,169.59999999999997
2002-12-18 06:00:00,168.25
2002-12-19 06:00:00,169.0
2002-12-20 06:00:00,169.72499999999997
2002-12-23 06:00:00,171.325
2002-12-26 06:00:00,172.34999999999997
2002-12-27 06:00:00,171.72499999999997
2002-12-30 06:00:00,171.64999999999998
2002-12-31 06:00:00,169.64999999999998
2003-01-02 06:00:00,169.875
2003-01-03 06:00:00,171.25
2003-01-06 06:00:00,169.825
2003-01-07 06:00:00,169.59999999999997
2003-01-08 06:00:00,170.34999999999997
2003-01-09 06:00:00,171.5
2003-01-10 06:00:00,170.875
2003-01-13 06:00:00,171.34999999999997
2003-01-14 06:00:00,171.22499999999997
2003-01-15 06:00:00,169.22499999999997
2003-01-16 06:00:00,169.92499999999995
2003-01-17 06:00:00,168.14999999999998
2003-01-21 06:00:00,167.44999999999993
2003-01-22 06:00:00,168.52499999999998
2003-01-23 06:00:00,167.97499999999997
2003-01-24 06:00:00,168.325
2003-01-27 06:00:00,167.07499999999993
2003-01-28 06:00:00,167.07499999999993
2003-01-29 06:00:00,168.875
2003-01-30 06:00:00,168.45
2003-01-31 06:00:00,168.77499999999998
2003-02-03 06:00:00,166.97499999999997
2003-02-04 06:00:00,165.87499999999994
2003-02-05 06:00:00,165.92499999999995
2003-02-06 06:00:00,165.52499999999998
2003-02-07 06:00:00,165.69999999999993
2003-02-10 06:00:00,166.79999999999995
2003-02-11 06:00:00,166.19999999999993
2003-02-12 06:00:00,164.22499999999997
2003-02-13 06:00:00,164.8749999999999
2003-02-14 06:00:00,164.49999999999994
2003-02-18 06:00:00,164.27499999999998
2003-02-19 06:00:00,164.14999999999998
2003-02-20 06:00:00,163.675
2003-02-21 06:00:00,165.02499999999992
2003-02-24 06:00:00,165.37499999999994
2003-02-25 06:00:00,164.7249999999999
2003-02-26 06:00:00,165.62499999999994
2003-02-27 06:00:00,165.2249999999999
2003-02-28 06:00:00,166.42499999999995
2003-03-03 06:00:00,166.42499999999995
2003-03-04 06:00:00,165.29999999999995
2003-03-05 06:00:00,164.8499999999999
2003-03-06 06:00:00,164.9999999999999
2003-03-07 06:00:00,165.19999999999987
2003-03-10 06:00:00,165.02499999999992
2003-03-11 06:00:00,165.0999999999999
2003-03-12 06:00:00,165.59999999999997
2003-03-13 06:00:00,165.77499999999998
2003-03-14 06:00:00,165.64999999999998
2003-03-17 06:00:00,163.64999999999998
2003-03-18 06:00:00,163.825
2003-03-19 06:00:00,164.77499999999992
2003-03-20 06:00:00,164.69999999999987
2003-03-21 06:00:00,164.44999999999993
2003-03-24 06:00:00,162.64999999999998
2003-03-25 06:00:00,161.875
2003-03-26 06:00:00,160.84999999999997
2003-03-27 06:00:00,160.675
2003-03-28 06:00:00,160.84999999999997
2003-03-31 06:00:00,161.45
2003-04-01 06:00:00,159.55
2003-04-02 06:00:00,161.45
2003-04-03 06:00:00,161.95
2003-04-04 06:00:00,162.84999999999997
2003-04-07 05:00:00,162.75
2003-04-08 05:00:00,162.2
2003-04-09 05:00:00,161.675
2003-04-10 05:00:00,160.64999999999998
2003-04-11 05:00:00,161.425
2003-04-14 05:00:00,160.925
2003-04-15 05:00:00,161.59999999999997
2003-04-16 05:00:00,161.8
2003-04-17 05:00:00,162.7
2003-04-21 05:00:00,163.39999999999998
2003-04-22 05:00:00,163.72499999999997
2003-04-23 05:00:00,164.47499999999997
2003-04-24 05:00:00,164.8749999999999
2003-04-25 05:00:00,165.99999999999994
2003-04-28 05:00:00,166.29999999999995
2003-04-29 05:00:00,166.37499999999994
2003-04-30 05:00:00,167.22499999999997
2003-05-01 05:00:00,167.32499999999993
2003-05-02 05:00:00,168.59999999999997
2003-05-05 05:00:00,168.64999999999998
2003-05-06 05:00:00,168.27499999999998
2003-05-07 05:00:00,167.97499999999997
2003-05-08 05:00:00,168.52499999999998
2003-05-09 05:00:00,169.45
2003-05-12 05:00:00,169.675
2003-05-13 05:00:00,168.77499999999998
2003-05-14 05:00:00,168.77499999999998
2003-05-15 05:00:00,168.175
2003-05-16 05:00:00,168.8
2003-05-19 05:00:00,169.45
2003-05-20 05:00:00,169.375
2003-05-21 05:00:00,168.72499999999997
2003-05-22 05:00:00,168.34999999999997
2003-05-23 05:00:00,168.12499999999994
2003-05-27 05:00:00,167.72499999999997
2003-05-28 05:00:00,169.7
2003-05-29 05:00:00,170.55
2003-05-30 05:00:00,171.47499999999997
2003-06-02 05:00:00,171.97499999999997
2003-06-03 05:00:00,171.375
2003-06-04 05:00:00,172.14999999999998
2003-06-05 05:00:00,172.39999999999998
2003-06-06 05:00:00,172.65000000000003
2003-06-09 05:00:00,172.27499999999998
2003-06-10 05:00:00,171.75
2003-06-11 05:00:00,169.75
2003-06-12 05:00:00,169.47499999999997
2003-06-13 05:00:00,170.77499999999998
2003-06-16 05:00:00,168.925
2003-06-17 05:00:00,168.875
2003-06-18 05:00:00,170.075
2003-06-19 05:00:00,169.47500000000002
2003-06-20 05:00:00,169.625
2003-06-23 05:00:00,168.875
2003-06-24 05:00:00,169.175
2003-06-25 05:00:00,169.075
2003-06-26 05:00:00,168.925
2003-06-27 05:00:00,169.95
2003-06-30 05:00:00,169.075
2003-07-01 05:00:00,169.2
2003-07-02 05:00:00,169.25
2003-07-03 05:00:00,170.14999999999998
2003-07-07 05:00:00,171.125
2003-07-08 05:00:00,170.7
2003-07-09 05:00:00,170.39999999999998
2003-07-10 05:00:00,170.825
2003-07-11 05:00:00,170.325
2003-07-14 05:00:00,169.325
2003-07-15 05:00:00,167.45
2003-07-16 05:00:00,168.22500000000002
2003-07-17 05:00:00,167.67499999999995
2003-07-18 05:00:00,167.2
2003-07-21 05:00:00,167.04999999999995
2003-07-22 05:00:00,165.39999999999998
2003-07-23 05:00:00,164.45
2003-07-24 05:00:00,164.94999999999993
2003-07-25 05:00:00,165.52499999999998
2003-07-28 05:00:00,164.075
2003-07-29 05:00:00,163.27499999999998
2003-07-30 05:00:00,163.35000000000002
2003-07-31 05:00:00,163.325
2003-08-01 05:00:00,163.14999999999998
2003-08-04 05:00:00,163.825
2003-08-05 05:00:00,164.34999999999997
2003-08-06 05:00:00,165.59999999999997
2003-08-07 05:00:00,165.575
2003-08-08 05:00:00,166.59999999999997
2003-08-11 05:00:00,166.24999999999994
2003-08-12 05:00:00,164.8749999999999
2003-08-13 05:00:00,165.0999999999999
2003-08-14 05:00:00,164.17499999999995
2003-08-15 05:00:00,163.575
2003-08-18 05:00:00,163.97499999999997
2003-08-19 05:00:00,164.7999999999999
2003-08-20 05:00:00,165.07499999999993
2003-08-21 05:00:00,164.94999999999993
2003-08-22 05:00:00,165.59999999999997
2003-08-25 05:00:00,165.2499999999999
2003-08-26 05:00:00,165.27499999999998
2003-08-27 05:00:00,166.47499999999997
2003-08-28 05:00:00,166.37499999999994
2003-08-29 05:00:00,167.22499999999997
2003-09-02 05:00:00,167.64999999999998
2003-09-03 05:00:00,168.39999999999998
2003-09-04 05:00:00,168.25
2003-09-05 05:00:00,170.05
2003-09-08 05:00:00,170.77499999999998
2003-09-09 05:00:00,170.47499999999997
2003-09-10 05:00:00,171.64999999999998
2003-09-11 05:00:00,172.34999999999997
2003-09-12 05:00:00,170.47499999999997
2003-09-15 05:00:00,170.8
2003-09-16 05:00:00,170.09999999999997
2003-09-17 05:00:00,170.8
2003-09-18 05:00:00,171.22499999999997
2003-09-19 05:00:00,171.575
2003-09-22 05:00:00,171.34999999999997
2003-09-23 05:00:00,170.84999999999997
2003-09-24 05:00:00,170.075
2003-09-25 05:00:00,170.39999999999998
2003-09-26 05:00:00,169.14999999999998
2003-09-29 05:00:00,167.14999999999998
2003-09-30 05:00:00,166.89999999999998
2003-10-01 05:00:00,168.22499999999997
2003-10-02 05:00:00,167.99999999999994
2003-10-03 05:00:00,167.62499999999994
2003-10-06 05:00:00,168.39999999999998
2003-10-07 05:00:00,169.25
2003-10-08 05:00:00,171.25
2003-10-09 05:00:00,170.125
2003-10-10 05:00:00,171.59999999999997
2003-10-13 05:00:00,173.60000000000002
2003-10-14 05:00:00,172.325
2003-10-15 05:00:00,174.32500000000005
2003-10-16 05:00:00,172.325
2003-10-17 05:00:00,172.52499999999998
2003-10-20 05:00:00,171.375
2003-10-21 05:00:00,169.72499999999997
2003-10-22 05:00:00,167.72499999999997
2003-10-23 05:00:00,168.22499999999997
2003-10-24 05:00:00,168.7
2003-10-27 06:00:00,168.875
2003-10-28 06:00:00,167.79999999999995
2003-10-29 06:00:00,169.0
2003-10-30 06:00:00,169.175
2003-10-31 06:00:00,169.825
2003-11-03 06:00:00,169.675
2003-11-04 06:00:00,169.875
2003-11-05 06:00:00,169.89999999999998
2003-11-06 06:00:00,170.25
2003-11-07 06:00:00,171.05
2003-11-10 06:00:00,170.64999999999998
2003-11-11 06:00:00,169.05
2003-11-12 06:00:00,167.77499999999998
2003-11-13 06:00:00,167.95
2003-11-14 06:00:00,167.74999999999994
2003-11-17 06:00:00,167.575
2003-11-18 06:00:00,168.2
2003-11-19 06:00:00,166.2
2003-11-20 06:00:00,165.575
2003-11-21 06:00:00,165.39999999999998
2003-11-24 06:00:00,164.8749999999999
2003-11-25 06:00:00,164.39999999999998
2003-11-26 06:00:00,164.52499999999998
2003-11-28 06:00:00,166.52499999999998
2003-12-01 06:00:00,167.97499999999997
2003-12-02 06:00:00,167.47499999999997
2003-12-03 06:00:00,165.67499999999995
2003-12-04 06:00:00,164.47499999999997
2003-12-05 06:00:00,165.1249999999999
2003-12-08 06:00:00,165.72499999999997
2003-12-09 06:00:00,163.72499999999997
2003-12-10 06:00:00,164.02499999999998
2003-12-11 06:00:00,164.575
2003-12-12 06:00:00,163.59999999999997
2003-12-15 06:00:00,163.89999999999998
2003-12-16 06:00:00,162.47499999999997
2003-12-17 06:00:00,162.77499999999998
2003-12-18 06:00:00,162.59999999999997
2003-12-19 06:00:00,164.325
2003-12-22 06:00:00,164.9249999999999
2003-12-23 06:00:00,164.89999999999992
2003-12-24 06:00:00,162.89999999999998
2003-12-26 06:00:00,164.89999999999992
2003-12-29 06:00:00,164.69999999999993
2003-12-30 06:00:00,164.14999999999998
2003-12-31 06:00:00,162.95
2004-01-02 06:00:00,164.94999999999993
2004-01-05 06:00:00,166.09999999999997
2004-01-06 06:00:00,165.47499999999997
2004-01-07 06:00:00,165.825
2004-01-08 06:00:00,165.49999999999994
2004-01-09 06:00:00,165.39999999999998
2004-01-12 06:00:00,163.75
2004-01-13 06:00:00,163.89999999999998
2004-01-14 06:00:00,164.7999999999999
2004-01-15 06:00:00,165.0999999999999
2004-01-16 06:00:00,166.12499999999994
2004-01-20 06:00:00,166.2
2004-01-21 06:00:00,165.79999999999995
2004-01-22 06:00:00,164.7249999999999
2004-01-23 06:00:00,164.9999999999999
2004-01-26 06:00:00,164.39999999999998
2004-01-27 06:00:00,165.0499999999999
2004-01-28 06:00:00,165.79999999999995
2004-01-29 06:00:00,165.89999999999998
2004-01-30 06:00:00,167.24999999999994
2004-02-02 06:00:00,168.04999999999995
2004-02-03 06:00:00,167.39999999999998
2004-02-04 06:00:00,166.92499999999995
2004-02-05 06:00:00,168.52499999999998
2004-02-06 06:00:00,168.89999999999998
2004-02-09 06:00:00,168.89999999999998
2004-02-10 06:00:00,166.89999999999998
2004-02-11 06:00:00,168.22499999999997
2004-02-12 06:00:00,166.42499999999995
2004-02-13 06:00:00,166.74999999999994
2004-02-17 06:00:00,166.47499999999997
2004-02-18 06:00:00,166.825
2004-02-19 06:00:00,167.84999999999997
2004-02-20 06:00:00,167.825
2004-02-23 06:00:00,168.12499999999994
2004-02-24 06:00:00,168.12499999999994
2004-02-25 06:00:00,167.92499999999995
2004-02-26 06:00:00,168.89999999999998
2004-02-27 06:00:00,169.55
2004-03-01 06:00:00,170.425
2004-03-02 06:00:00,170.7
2004-03-03 06:00:00,169.27499999999998
2004-03-04 06:00:00,169.2
2004-03-05 06:00:00,170.35000000000002
2004-03-08 06:00:00,170.45
2004-03-09 06:00:00,171.10000000000002
2004-03-10 06:00:00,171.95
2004-03-11 06:00:00,172.85000000000008
2004-03-12 06:00:00,172.65000000000003
2004-03-15 06:00:00,172.27499999999998
2004-03-16 06:00:00,173.40000000000003
2004-03-17 06:00:00,172.35000000000002
2004-03-18 06:00:00,174.35000000000008
2004-03-19 06:00:00,175.07500000000005
2004-03-22 06:00:00,174.27500000000003
2004-03-23 06:00:00,174.40000000000003
2004-03-24 06:00:00,173.27500000000003
2004-03-25 06:00:00,174.60000000000008
2004-03-26 06:00:00,174.72500000000008
2004-03-29 06:00:00,176.72500000000008
2004-03-30 06:00:00,177.60000000000002
2004-03-31 06:00:00,177.60000000000002
2004-04-01 06:00:00,177.35000000000002
2004-04-02 06:00:00,175.75000000000006
2004-04-05 05:00:00,175.82500000000005
2004-04-06 05:00:00,177.77500000000003
2004-04-07 05:00:00,176.65000000000003
2004-04-08 05:00:00,178.10000000000002
2004-04-12 05:00:00,178.77500000000003
2004-04-13 05:00:00,176.77500000000003
2004-04-14 05:00:00,177.75
2004-04-15 05:00:00,175.75000000000006
2004-04-16 05:00:00,173.75000000000006
2004-04-19 05:00:00,173.45000000000005
2004-04-20 05:00:00,173.75000000000006
2004-04-21 05:00:00,173.95000000000005
2004-04-22 05:00:00,175.05000000000007
2004-04-23 05:00:00,175.65000000000003
2004-04-26 05:00:00,176.62500000000006
2004-04-27 05:00:00,176.10000000000008
2004-04-28 05:00:00,177.27500000000003
2004-04-29 05:00:00,177.00000000000006
2004-04-30 05:00:00,178.5
2004-05-03 05:00:00,179.20000000000005
2004-05-04 05:00:00,178.52500000000003
2004-05-05 05:00:00,179.425
2004-05-06 05:00:00,178.45000000000005
2004-05-07 05:00:00,179.32500000000005
2004-05-10 05:00:00,179.52500000000003
2004-05-11 05:00:00,180.70000000000005
2004-05-12 05:00:00,179.27500000000003
2004-05-13 05:00:00,179.10000000000002
2004-05-14 05:00:00,178.22500000000002
2004-05-17 05:00:00,177.45000000000005
2004-05-18 05:00:00,178.00000000000006
2004-05-19 05:00:00,179.52500000000003
2004-05-20 05:00:00,178.8
2004-05-21 05:00:00,179.47500000000002
2004-05-24 05:00:00,179.675
2004-05-25 05:00:00,178.32500000000005
2004-05-26 05:00:00,177.52500000000003
2004-05-27 05:00:00,178.72500000000002
2004-05-28 05:00:00,179.77500000000003
2004-06-01 05:00:00,181.175
2004-06-02 05:00:00,181.15000000000003
2004-06-03 05:00:00,183.10000000000002
2004-06-04 05:00:00,183.07500000000005
2004-06-07 05:00:00,183.0
2004-06-08 05:00:00,181.47500000000002
2004-06-09 05:00:00,181.27500000000003
2004-06-10 05:00:00,182.05
2004-06-14 05:00:00,181.97500000000002
2004-06-15 05:00:00,180.8
2004-06-16 05:00:00,180.90000000000003
2004-06-17 05:00:00,181.22500000000002
2004-06-18 05:00:00,182.10000000000002
2004-06-21 05:00:00,182.35000000000002
2004-06-22 05:00:00,181.77500000000003
2004-06-23 05:00:00,182.57500000000005
2004-06-24 05:00:00,181.22500000000002
2004-06-25 05:00:00,181.72500000000002
2004-06-28 05:00:00,182.0
2004-06-29 05:00:00,182.375
2004-06-30 05:00:00,182.97500000000002
2004-07-01 05:00:00,183.10000000000002
2004-07-02 05:00:00,184.02500000000003
2004-07-06 05:00:00,183.82500000000005
2004-07-07 05:00:00,182.60000000000002
2004-07-08 05:00:00,183.0
2004-07-09 05:00:00,183.60000000000002
2004-07-12 05:00:00,183.70000000000005
2004-07-13 05:00:00,183.70000000000005
2004-07-14 05:00:00,184.22500000000002
2004-07-15 05:00:00,182.22500000000002
2004-07-16 05:00:00,181.27500000000003
2004-07-19 05:00:00,182.15000000000003
2004-07-20 05:00:00,182.10000000000002
2004-07-21 05:00:00,181.35000000000002
2004-07-22 05:00:00,181.57500000000005
2004-07-23 05:00:00,182.35000000000002
2004-07-26 05:00:00,184.35000000000002
2004-07-27 05:00:00,186.15000000000003
2004-07-28 05:00:00,185.52500000000003
2004-07-29 05:00:00,186.72500000000002
2004-07-30 05:00:00,186.10000000000002
2004-08-02 05:00:00,187.22500000000002
2004-08-03 05:00:00,186.125
2004-08-04 05:00:00,187.07500000000005
2004-08-05 05:00:00,187.02500000000003
2004-08-06 05:00:00,187.62500000000006
2004-08-09 05:00:00,186.8
2004-08-10 05:00:00,185.72500000000002
2004-08-11 05:00:00,183.90000000000003
2004-08-12 05:00:00,183.675
2004-08-13 05:00:00,185.20000000000005
2004-08-16 05:00:00,183.72500000000002
2004-08-17 05:00:00,182.87500000000006
2004-08-18 05:00:00,182.90000000000003
2004-08-19 05:00:00,182.85000000000002
2004-08-20 05:00:00,183.57500000000005
2004-08-23 05:00:00,183.07500000000005
2004-08-24 05:00:00,182.00000000000006
2004-08-25 05:00:00,182.00000000000006
2004-08-26 05:00:00,181.95000000000005
2004-08-27 05:00:00,182.72500000000002
2004-08-30 05:00:00,183.675
2004-08-31 05:00:00,184.50000000000006
2004-09-01 05:00:00,185.15000000000003
2004-09-02 05:00:00,184.02500000000003
2004-09-03 05:00:00,184.07500000000005
2004-09-07 05:00:00,184.05
2004-09-08 05:00:00,182.77500000000003
2004-09-09 05:00:00,184.425
2004-09-10 05:00:00,184.70000000000005
2004-09-13 05:00:00,185.72500000000002
2004-09-14 05:00:00,186.25
2004-09-15 05:00:00,187.35000000000008
2004-09-16 05:00:00,188.07500000000005
2004-09-17 05:00:00,189.60000000000008
2004-09-20 05:00:00,190.47500000000008
2004-09-21 05:00:00,190.35000000000008
2004-09-22 05:00:00,190.20000000000005
2004-09-23 05:00:00,191.97500000000008
2004-09-24 05:00:00,191.60000000000008
2004-09-27 05:00:00,189.60000000000008
2004-09-28 05:00:00,188.60000000000008
2004-09-29 05:00:00,189.35000000000008
2004-09-30 05:00:00,189.90000000000003
2004-10-01 05:00:00,189.45000000000005
2004-10-04 05:00:00,187.52500000000003
2004-10-05 05:00:00,186.52500000000003
2004-10-06 05:00:00,187.57500000000005
2004-10-07 05:00:00,186.85000000000002
2004-10-08 05:00:00,187.47500000000008
2004-10-11 05:00:00,187.07500000000005
2004-10-12 05:00:00,185.07500000000005
2004-10-13 05:00:00,185.45000000000005
2004-10-14 05:00:00,185.625
2004-10-15 05:00:00,187.62500000000006
2004-10-18 05:00:00,186.25
2004-10-19 05:00:00,187.65000000000003
2004-10-20 05:00:00,186.75
2004-10-21 05:00:00,188.12500000000006
2004-10-22 05:00:00,187.55000000000007
2004-10-25 05:00:00,185.65000000000003
2004-10-26 05:00:00,186.27500000000003
2004-10-27 05:00:00,185.625
2004-10-28 05:00:00,186.625
2004-10-29 05:00:00,187.95000000000005
2004-11-01 06:00:00,189.92500000000007
2004-11-02 06:00:00,190.47500000000002
2004-11-03 06:00:00,191.90000000000003
2004-11-04 06:00:00,193.65000000000003
2004-11-05 06:00:00,192.35000000000002
2004-11-08 06:00:00,193.05000000000007
2004-11-09 06:00:00,192.67500000000007
2004-11-10 06:00:00,194.60000000000002
2004-11-11 06:00:00,195.00000000000006
2004-11-12 06:00:00,194.50000000000006
2004-11-15 06:00:00,194.82500000000005
2004-11-16 06:00:00,194.05000000000007
2004-11-17 06:00:00,193.62500000000006
2004-11-18 06:00:00,193.92500000000007
2004-11-19 06:00:00,194.15000000000003
2004-11-22 06:00:00,194.77500000000003
2004-11-23 06:00:00,195.17500000000007
2004-11-24 06:00:00,196.0250000000001
2004-11-26 06:00:00,196.0250000000001
2004-11-29 06:00:00,196.85000000000008
2004-11-30 06:00:00,197.9000000000001
2004-12-01 06:00:00,196.6500000000001
2004-12-02 06:00:00,196.67500000000007
2004-12-03 06:00:00,196.0750000000001
2004-12-06 06:00:00,194.07500000000005
2004-12-07 06:00:00,193.12500000000006
2004-12-08 06:00:00,193.05000000000007
2004-12-09 06:00:00,192.42500000000007
2004-12-10 06:00:00,192.35000000000002
2004-12-13 06:00:00,192.92500000000007
2004-12-14 06:00:00,192.00000000000006
2004-12-15 06:00:00,193.20000000000005
2004-12-16 06:00:00,194.07500000000005
2004-12-17 06:00:00,194.12500000000006
2004-12-20 06:00:00,194.12500000000006
2004-12-21 06:00:00,194.30000000000007
2004-12-22 06:00:00,194.32500000000005
2004-12-23 06:00:00,194.87500000000006
2004-12-27 06:00:00,196.0750000000001
2004-12-28 06:00:00,195.25000000000006
2004-12-29 06:00:00,197.22500000000008
2004-12-30 06:00:00,198.72500000000008
2005-01-03 06:00:00,199.12500000000006
2005-01-04 06:00:00,199.0750000000001
2005-01-05 06:00:00,198.7000000000001
2005-01-06 06:00:00,198.55000000000007
2005-01-07 06:00:00,197.7750000000001
2005-01-10 06:00:00,197.67500000000007
2005-01-11 06:00:00,199.62500000000006
2005-01-12 06:00:00,199.00000000000006
2005-01-13 06:00:00,199.60000000000008
2005-01-14 06:00:00,199.5750000000001
2005-01-18 06:00:00,199.5750000000001
2005-01-19 06:00:00,199.35000000000008
2005-01-20 06:00:00,197.55000000000007
2005-01-21 06:00:00,198.5250000000001
2005-01-24 06:00:00,198.22500000000008
2005-01-25 06:00:00,198.5750000000001
2005-01-26 06:00:00,197.42500000000007
2005-01-27 06:00:00,197.25000000000006
2005-01-28 06:00:00,197.22500000000008
2005-01-31 06:00:00,197.47500000000008
2005-02-01 06:00:00,197.05000000000007
2005-02-02 06:00:00,195.05000000000007
2005-02-03 06:00:00,195.12500000000006
2005-02-04 06:00:00,194.92500000000007
2005-02-07 06:00:00,196.2750000000001
2005-02-08 06:00:00,195.92500000000007
2005-02-09 06:00:00,195.7000000000001
2005-02-10 06:00:00,193.70000000000005
2005-02-11 06:00:00,194.45000000000005
2005-02-14 06:00:00,194.50000000000006
2005-02-15 06:00:00,194.77500000000003
2005-02-16 06:00:00,195.5750000000001
2005-02-17 06:00:00,195.5250000000001
2005-02-18 06:00:00,194.90000000000003
2005-02-22 06:00:00,195.22500000000002
2005-02-23 06:00:00,196.7750000000001
2005-02-24 06:00:00,196.3250000000001
2005-02-25 06:00:00,196.37500000000006
2005-02-28 06:00:00,196.72500000000008
2005-03-01 06:00:00,197.97500000000008
2005-03-02 06:00:00,197.42500000000007
2005-03-03 06:00:00,198.72500000000008
2005-03-04 06:00:00,198.75000000000006
2005-03-07 06:00:00,198.87500000000006
2005-03-08 06:00:00,199.1500000000001
2005-03-09 06:00:00,198.0750000000001
2005-03-10 06:00:00,196.35000000000008
2005-03-11 06:00:00,198.17500000000007
2005-03-14 06:00:00,196.17500000000007
2005-03-15 06:00:00,196.47500000000008
2005-03-16 06:00:00,198.0750000000001
2005-03-17 06:00:00,197.5250000000001
2005-03-18 06:00:00,196.85000000000008
2005-03-21 06:00:00,197.72500000000008
2005-03-22 06:00:00,196.72500000000008
2005-03-23 06:00:00,195.5750000000001
2005-03-24 06:00:00,195.55000000000007
2005-03-28 06:00:00,195.75000000000006
2005-03-29 06:00:00,196.85000000000008
2005-03-30 06:00:00,196.3250000000001
2005-03-31 06:00:00,196.7000000000001
2005-04-01 06:00:00,198.22500000000008
2005-04-04 05:00:00,197.2750000000001
2005-04-05 05:00:00,195.6500000000001
2005-04-06 05:00:00,194.17500000000007
2005-04-07 05:00:00,194.25000000000006
2005-04-08 05:00:00,195.12500000000006
2005-04-11 05:00:00,195.35000000000008
2005-04-12 05:00:00,195.07500000000005
2005-04-13 05:00:00,194.75000000000006
2005-04-14 05:00:00,194.67500000000007
2005-04-15 05:00:00,195.20000000000005
2005-04-18 05:00:00,194.00000000000006
2005-04-19 05:00:00,195.00000000000006
2005-04-20 05:00:00,195.70000000000005
2005-04-21 05:00:00,195.07500000000005
2005-04-22 05:00:00,193.60000000000002
2005-04-25 05:00:00,192.87500000000006
2005-04-26 05:00:00,194.30000000000007
2005-04-27 05:00:00,194.55000000000007
2005-04-28 05:00:00,194.72500000000002
2005-04-29 05:00:00,195.85000000000008
2005-05-02 05:00:00,196.00000000000006
2005-05-03 05:00:00,195.02500000000003
2005-05-04 05:00:00,195.32500000000005
2005-05-05 05:00:00,195.05000000000007
2005-05-06 05:00:00,194.02500000000003
2005-05-09 05:00:00,192.87500000000006
2005-05-10 05:00:00,192.17500000000007
2005-05-11 05:00:00,193.52500000000003
2005-05-12 05:00:00,193.87500000000006
2005-05-13 05:00:00,192.82500000000005
2005-05-16 05:00:00,192.52500000000003
2005-05-17 05:00:00,192.17500000000007
2005-05-18 05:00:00,190.60000000000002
2005-05-19 05:00:00,189.57500000000005
2005-05-20 05:00:00,188.70000000000005
2005-05-23 05:00:00,187.72500000000002
2005-05-24 05:00:00,187.20000000000005
2005-05-25 05:00:00,188.00000000000006
2005-05-26 05:00:00,187.77500000000003
2005-05-27 05:00:00,188.15000000000003
2005-05-31 05:00:00,187.92500000000007
2005-06-01 05:00:00,187.57500000000005
2005-06-02 05:00:00,185.75
2005-06-03 05:00:00,184.675
2005-06-06 05:00:00,184.95000000000005
2005-06-07 05:00:00,185.125
2005-06-08 05:00:00,186.10000000000002
2005-06-09 05:00:00,185.95000000000005
2005-06-10 05:00:00,185.90000000000003
2005-06-13 05:00:00,185.77500000000003
2005-06-14 05:00:00,183.90000000000003
2005-06-15 05:00:00,184.32500000000005
2005-06-16 05:00:00,184.57500000000005
2005-06-17 05:00:00,182.90000000000003
2005-06-20 05:00:00,182.87500000000006
2005-06-21 05:00:00,182.75000000000006
2005-06-22 05:00:00,181.82500000000005
2005-06-23 05:00:00,182.10000000000002
2005-06-24 05:00:00,180.95000000000005
2005-06-27 05:00:00,182.95000000000005
2005-06-28 05:00:00,181.675
2005-06-29 05:00:00,182.82500000000005
2005-06-30 05:00:00,183.57500000000005
2005-07-01 05:00:00,185.07500000000005
2005-07-05 05:00:00,186.12500000000006
2005-07-06 05:00:00,186.77500000000003
2005-07-07 05:00:00,186.12500000000006
2005-07-08 05:00:00,185.925
2005-07-11 05:00:00,185.10000000000002
2005-07-12 05:00:00,185.32500000000005
2005-07-13 05:00:00,185.27500000000003
2005-07-14 05:00:00,185.95000000000005
2005-07-15 05:00:00,184.60000000000002
2005-07-18 05:00:00,184.97500000000002
2005-07-19 05:00:00,185.70000000000005
2005-07-20 05:00:00,185.425
2005-07-21 05:00:00,185.87500000000006
2005-07-22 05:00:00,184.97500000000002
2005-07-25 05:00:00,184.82500000000005
2005-07-26 05:00:00,183.75000000000006
2005-07-27 05:00:00,183.65000000000003
2005-07-28 05:00:00,183.87500000000006
2005-07-29 05:00:00,184.55
2005-08-01 05:00:00,186.55
2005-08-02 05:00:00,187.65000000000003
2005-08-03 05:00:00,187.10000000000008
2005-08-04 05:00:00,187.25000000000006
2005-08-05 05:00:00,187.80000000000007
2005-08-08 05:00:00,186.47500000000002
2005-08-09 05:00:00,186.25000000000006
2005-08-10 05:00:00,185.175
2005-08-11 05:00:00,185.175
2005-08-12 05:00:00,185.55
2005-08-15 05:00:00,186.925
2005-08-16 05:00:00,187.20000000000005
2005-08-17 05:00:00,187.22500000000002
2005-08-18 05:00:00,186.875
2005-08-19 05:00:00,188.20000000000005
2005-08-22 05:00:00,188.72500000000002
2005-08-23 05:00:00,187.90000000000003
2005-08-24 05:00:00,187.77500000000003
2005-08-25 05:00:00,188.92500000000007
2005-08-26 05:00:00,189.97500000000008
2005-08-29 05:00:00,189.77500000000003
2005-08-30 05:00:00,189.32500000000005
2005-08-31 05:00:00,189.87500000000006
2005-09-01 05:00:00,188.85000000000002
2005-09-02 05:00:00,188.72500000000002
2005-09-06 05:00:00,189.42500000000007
2005-09-07 05:00:00,189.20000000000005
2005-09-08 05:00:00,189.90000000000003
2005-09-09 05:00:00,191.05000000000007
2005-09-12 05:00:00,191.00000000000006
2005-09-13 05:00:00,190.77500000000003
2005-09-14 05:00:00,189.95000000000005
2005-09-15 05:00:00,190.32500000000005
2005-09-16 05:00:00,190.30000000000007
2005-09-19 05:00:00,190.62500000000006
2005-09-20 05:00:00,191.45000000000005
2005-09-21 05:00:00,190.52500000000003
2005-09-22 05:00:00,190.47500000000008
2005-09-23 05:00:00,191.22500000000008
2005-09-26 05:00:00,191.37500000000006
2005-09-27 05:00:00,190.60000000000008
2005-09-28 05:00:00,191.42500000000007
2005-09-29 05:00:00,191.72500000000008
2005-09-30 05:00:00,191.67500000000007
2005-10-03 05:00:00,193.32500000000005
2005-10-04 05:00:00,193.12500000000006
2005-10-05 05:00:00,193.65000000000003
2005-10-06 05:00:00,192.70000000000005
2005-10-07 05:00:00,193.35000000000008
2005-10-10 05:00:00,192.85000000000008
2005-10-11 05:00:00,191.82500000000005
2005-10-12 05:00:00,190.70000000000005
2005-10-13 05:00:00,190.85000000000008
2005-10-14 05:00:00,189.82500000000005
2005-10-17 05:00:00,188.60000000000002
2005-10-18 05:00:00,188.40000000000003
2005-10-19 05:00:00,189.15000000000003
2005-10-20 05:00:00,188.77500000000003
2005-10-21 05:00:00,189.32500000000005
2005-10-24 05:00:00,189.45000000000005
2005-10-25 05:00:00,189.82500000000005
2005-10-26 05:00:00,188.95000000000005
2005-10-27 05:00:00,188.70000000000005
2005-10-28 05:00:00,190.02500000000003
2005-10-31 06:00:00,191.07500000000005
2005-11-01 06:00:00,190.32500000000005
2005-11-02 06:00:00,191.10000000000002
2005-11-03 06:00:00,191.12500000000006
2005-11-04 06:00:00,191.50000000000006
2005-11-07 06:00:00,192.92500000000007
2005-11-08 06:00:00,191.85000000000002
2005-11-09 06:00:00,192.52500000000003
2005-11-10 06:00:00,191.97500000000002
2005-11-11 06:00:00,192.47500000000002
2005-11-14 06:00:00,191.97500000000002
2005-11-15 06:00:00,192.32500000000005
2005-11-16 06:00:00,192.10000000000002
2005-11-17 06:00:00,191.25000000000006
2005-11-18 06:00:00,191.72500000000002
2005-11-21 06:00:00,189.80000000000007
2005-11-22 06:00:00,190.55000000000007
2005-11-23 06:00:00,190.82500000000005
2005-11-25 06:00:00,191.72500000000002
2005-11-28 06:00:00,192.92500000000007
2005-11-29 06:00:00,192.00000000000006
2005-11-30 06:00:00,192.52500000000003
2005-12-01 06:00:00,193.12500000000006
2005-12-02 06:00:00,191.40000000000003
2005-12-05 06:00:00,191.50000000000006
2005-12-06 06:00:00,190.97500000000002
2005-12-07 06:00:00,191.22500000000002
2005-12-08 06:00:00,191.80000000000007
2005-12-09 06:00:00,191.07500000000005
2005-12-12 06:00:00,191.02500000000003
2005-12-13 06:00:00,191.75000000000006
2005-12-14 06:00:00,191.35000000000002
2005-12-15 06:00:00,189.85000000000002
2005-12-16 06:00:00,189.97500000000002
2005-12-19 06:00:00,190.02500000000003
2005-12-20 06:00:00,190.55000000000007
2005-12-21 06:00:00,190.17500000000007
2005-12-22 06:00:00,190.25000000000006
2005-12-23 06:00:00,190.20000000000005
2005-12-27 06:00:00,189.65000000000003
2005-12-28 06:00:00,190.15000000000003
2005-12-29 06:00:00,190.87500000000006
2005-12-30 06:00:00,191.22500000000002
2006-01-03 06:00:00,190.70000000000005
2006-01-04 06:00:00,190.17500000000007
2006-01-05 06:00:00,190.47500000000002
2006-01-06 06:00:00,190.80000000000007
2006-01-09 06:00:00,191.55000000000007
2006-01-10 06:00:00,189.55000000000007
2006-01-11 06:00:00,187.55000000000007
2006-01-12 06:00:00,188.12500000000006
2006-01-13 06:00:00,187.62500000000006
2006-01-17 06:00:00,187.37500000000006
2006-01-18 06:00:00,185.75
2006-01-19 06:00:00,186.32500000000005
2006-01-20 06:00:00,186.65000000000003
2006-01-23 06:00:00,186.52500000000003
2006-01-24 06:00:00,184.85000000000002
2006-01-25 06:00:00,184.5
2006-01-26 06:00:00,184.675
2006-01-27 06:00:00,184.07500000000005
2006-01-30 06:00:00,184.57500000000005
2006-01-31 06:00:00,184.57500000000005
2006-02-01 06:00:00,184.77500000000003
2006-02-02 06:00:00,182.82500000000005
2006-02-03 06:00:00,183.47500000000002
2006-02-06 06:00:00,184.07500000000005
2006-02-07 06:00:00,184.5
2006-02-08 06:00:00,184.925
2006-02-09 06:00:00,184.97500000000002
2006-02-10 06:00:00,185.55
2006-02-13 06:00:00,185.35000000000002
2006-02-14 06:00:00,185.57500000000005
2006-02-15 06:00:00,184.3
2006-02-16 06:00:00,184.70000000000005
2006-02-17 06:00:00,186.05
2006-02-21 06:00:00,186.125
2006-02-22 06:00:00,185.52500000000003
2006-02-23 06:00:00,185.70000000000005
2006-02-24 06:00:00,185.22500000000002
2006-02-27 06:00:00,185.47500000000002
2006-02-28 06:00:00,185.35000000000002
2006-03-01 06:00:00,186.75
2006-03-02 06:00:00,186.22500000000002
2006-03-03 06:00:00,185.90000000000003
2006-03-06 06:00:00,184.925
2006-03-07 06:00:00,184.05
2006-03-08 06:00:00,183.70000000000005
2006-03-09 06:00:00,183.25
2006-03-10 06:00:00,183.52500000000003
2006-03-13 06:00:00,184.02500000000003
2006-03-14 06:00:00,182.02500000000003
2006-03-15 06:00:00,181.875
2006-03-16 06:00:00,182.07500000000005
2006-03-17 06:00:00,182.425
2006-03-20 06:00:00,182.22500000000002
2006-03-21 06:00:00,181.77500000000003
2006-03-22 06:00:00,180.95000000000005
2006-03-23 06:00:00,182.55
2006-03-24 06:00:00,182.97500000000002
2006-03-27 06:00:00,182.175
2006-03-28 06:00:00,181.65000000000003
2006-03-29 06:00:00,181.55
2006-03-30 06:00:00,182.15000000000003
2006-03-31 06:00:00,180.675
2006-04-03 05:00:00,181.27500000000003
2006-04-04 05:00:00,179.45000000000005
2006-04-05 05:00:00,179.90000000000003
2006-04-06 05:00:00,179.47500000000002
2006-04-07 05:00:00,179.22500000000002
2006-04-10 05:00:00,178.5
2006-04-11 05:00:00,179.0
2006-04-12 05:00:00,179.925
2006-04-13 05:00:00,180.20000000000005
2006-04-17 05:00:00,180.3
2006-04-18 05:00:00,180.40000000000003
2006-04-19 05:00:00,181.0
2006-04-20 05:00:00,181.47500000000002
2006-04-21 05:00:00,181.5
2006-04-24 05:00:00,181.375
2006-04-25 05:00:00,181.15000000000003
2006-04-26 05:00:00,181.82500000000005
2006-04-27 05:00:00,181.425
2006-04-28 05:00:00,182.75
2006-05-01 05:00:00,182.60000000000002
2006-05-02 05:00:00,181.175
2006-05-03 05:00:00,181.675
2006-05-04 05:00:00,180.75
2006-05-05 05:00:00,181.55
2006-05-08 05:00:00,181.57500000000005
2006-05-09 05:00:00,182.22500000000002
2006-05-10 05:00:00,181.925
2006-05-11 05:00:00,181.77500000000003
2006-05-12 05:00:00,181.07500000000005
2006-05-15 05:00:00,180.57500000000005
2006-05-16 05:00:00,180.925
2006-05-17 05:00:00,181.175
2006-05-18 05:00:00,181.45000000000005
2006-05-19 05:00:00,181.10000000000002
2006-05-22 05:00:00,180.25000000000006
2006-05-23 05:00:00,178.65000000000003
2006-05-24 05:00:00,178.87500000000006
2006-05-25 05:00:00,178.5
2006-05-26 05:00:00,179.00000000000006
2006-05-30 05:00:00,179.95000000000005
2006-05-31 05:00:00,180.00000000000006
2006-06-01 05:00:00,182.05
2006-06-02 05:00:00,182.40000000000003
2006-06-05 05:00:00,183.675
2006-06-06 05:00:00,183.175
2006-06-07 05:00:00,184.00000000000006
2006-06-08 05:00:00,183.55
2006-06-09 05:00:00,184.32500000000005
2006-06-12 05:00:00,184.10000000000002
2006-06-13 05:00:00,186.32500000000005
2006-06-14 05:00:00,185.40000000000003
2006-06-15 05:00:00,187.45000000000005
2006-06-16 05:00:00,187.75000000000006
2006-06-19 05:00:00,189.25000000000006
2006-06-20 05:00:00,187.65000000000003
2006-06-21 05:00:00,186.75
2006-06-22 05:00:00,187.85000000000008
2006-06-23 05:00:00,187.32500000000005
2006-06-26 05:00:00,187.77500000000003
2006-06-27 05:00:00,187.92500000000007
2006-06-28 05:00:00,186.75
2006-06-29 05:00:00,186.875
2006-06-30 05:00:00,187.97500000000008
2006-07-03 05:00:00,188.22500000000008
2006-07-05 05:00:00,188.67500000000007
2006-07-06 05:00:00,188.40000000000003
2006-07-07 05:00:00,186.375
2006-07-10 05:00:00,185.925
2006-07-11 05:00:00,186.27500000000003
2006-07-12 05:00:00,185.925
2006-07-13 05:00:00,187.05
2006-07-14 05:00:00,186.375
2006-07-17 05:00:00,186.52500000000003
2006-07-18 05:00:00,185.55
2006-07-19 05:00:00,185.75
2006-07-20 05:00:00,185.02500000000003
2006-07-21 05:00:00,185.27500000000003
2006-07-24 05:00:00,185.52500000000003
2006-07-25 05:00:00,184.625
2006-07-26 05:00:00,185.10000000000002
2006-07-27 05:00:00,186.625
2006-07-28 05:00:00,187.27500000000003
2006-07-31 05:00:00,187.57500000000005
2006-08-01 05:00:00,187.10000000000002
2006-08-02 05:00:00,187.55000000000007
2006-08-03 05:00:00,186.625
2006-08-04 05:00:00,187.47500000000008
2006-08-07 05:00:00,189.12500000000006
2006-08-08 05:00:00,189.32500000000005
2006-08-09 05:00:00,188.47500000000008
2006-08-10 05:00:00,190.22500000000008
2006-08-11 05:00:00,190.32500000000005
2006-08-14 05:00:00,190.32500000000005
2006-08-15 05:00:00,189.70000000000005
2006-08-16 05:00:00,190.65000000000003
2006-08-17 05:00:00,191.10000000000002
2006-08-18 05:00:00,191.72500000000002
2006-08-21 05:00:00,192.45000000000005
2006-08-22 05:00:00,191.90000000000003
2006-08-23 05:00:00,191.22500000000002
2006-08-24 05:00:00,191.07500000000005
2006-08-25 05:00:00,190.50000000000006
2006-08-28 05:00:00,191.22500000000002
2006-08-29 05:00:00,191.17500000000007
2006-08-30 05:00:00,192.37500000000006
2006-08-31 05:00:00,192.17500000000007
2006-09-01 05:00:00,192.82500000000005
2006-09-05 05:00:00,193.92500000000007
2006-09-06 05:00:00,193.62500000000006
2006-09-07 05:00:00,193.15000000000003
2006-09-08 05:00:00,193.25000000000006
2006-09-11 05:00:00,193.37500000000006
2006-09-12 05:00:00,193.70000000000005
2006-09-13 05:00:00,192.00000000000006
2006-09-14 05:00:00,191.52500000000003
2006-09-15 05:00:00,191.92500000000007
2006-09-18 05:00:00,190.15000000000003
2006-09-19 05:00:00,190.60000000000002
2006-09-20 05:00:00,189.75000000000006
2006-09-21 05:00:00,189.62500000000006
2006-09-22 05:00:00,188.77500000000003
2006-09-25 05:00:00,188.15000000000003
2006-09-26 05:00:00,188.45000000000005
2006-09-27 05:00:00,188.10000000000008
2006-09-28 05:00:00,188.52500000000003
2006-09-29 05:00:00,189.32500000000005
2006-10-02 05:00:00,188.92500000000007
2006-10-03 05:00:00,189.22500000000008
2006-10-04 05:00:00,189.10000000000008
2006-10-05 05:00:00,189.82500000000005
2006-10-06 05:00:00,188.10000000000008
2006-10-09 05:00:00,187.65000000000003
2006-10-10 05:00:00,187.72500000000008
2006-10-11 05:00:00,188.30000000000007
2006-10-12 05:00:00,189.47500000000008
2006-10-13 05:00:00,189.52500000000003
2006-10-16 05:00:00,189.47500000000008
2006-10-17 05:00:00,188.50000000000006
2006-10-18 05:00:00,187.95000000000005
2006-10-19 05:00:00,187.42500000000007
2006-10-20 05:00:00,188.25000000000006
2006-10-23 05:00:00,189.27500000000003
2006-10-24 05:00:00,189.35000000000008
2006-10-25 05:00:00,190.70000000000005
2006-10-26 05:00:00,193.45000000000005
2006-10-27 05:00:00,193.67500000000007
2006-10-30 06:00:00,194.15000000000003
2006-10-31 06:00:00,194.30000000000007
2006-11-01 06:00:00,193.52500000000003
2006-11-02 06:00:00,194.05000000000007
2006-11-03 06:00:00,193.50000000000006
2006-11-06 06:00:00,194.02500000000003
2006-11-07 06:00:00,193.85000000000002
2006-11-08 06:00:00,194.90000000000003
2006-11-09 06:00:00,194.15000000000003
2006-11-10 06:00:00,193.00000000000006
2006-11-13 06:00:00,191.25000000000006
2006-11-14 06:00:00,190.92500000000007
2006-11-15 06:00:00,190.40000000000003
2006-11-16 06:00:00,191.77500000000003
2006-11-17 06:00:00,191.17500000000007
2006-11-20 06:00:00,192.20000000000005
2006-11-21 06:00:00,192.80000000000007
2006-11-22 06:00:00,192.82500000000005
2006-11-24 06:00:00,193.17500000000007
2006-11-27 06:00:00,192.00000000000006
2006-11-28 06:00:00,190.77500000000003
2006-11-29 06:00:00,190.95000000000005
2006-11-30 06:00:00,191.42500000000007
2006-12-01 06:00:00,190.67500000000007
2006-12-04 06:00:00,189.10000000000008
2006-12-05 06:00:00,190.17500000000007
2006-12-06 06:00:00,190.10000000000008
2006-12-07 06:00:00,190.52500000000003
2006-12-08 06:00:00,190.52500000000003
2006-12-11 06:00:00,189.75000000000006
2006-12-12 06:00:00,189.62500000000006
2006-12-13 06:00:00,189.77500000000003
2006-12-14 06:00:00,188.50000000000006
2006-12-15 06:00:00,188.85000000000002
2006-12-18 06:00:00,188.47500000000002
2006-12-19 06:00:00,189.05000000000007
2006-12-20 06:00:00,189.05000000000007
2006-12-21 06:00:00,189.22500000000002
2006-12-22 06:00:00,189.77500000000003
2006-12-26 06:00:00,188.85000000000002
2006-12-27 06:00:00,189.20000000000005
2006-12-28 06:00:00,188.95000000000005
2006-12-29 06:00:00,188.70000000000005
2007-01-03 06:00:00,186.72500000000002
2007-01-04 06:00:00,186.95
2007-01-05 06:00:00,187.42500000000007
2007-01-08 06:00:00,187.12500000000006
2007-01-09 06:00:00,186.22500000000002
2007-01-10 06:00:00,187.22500000000002
2007-01-11 06:00:00,187.27500000000003
2007-01-12 06:00:00,187.52500000000003
2007-01-16 06:00:00,188.15000000000003
2007-01-17 06:00:00,189.07500000000005
2007-01-18 06:00:00,188.82500000000005
2007-01-19 06:00:00,188.77500000000003
2007-01-22 06:00:00,187.72500000000002
2007-01-23 06:00:00,188.47500000000002
2007-01-24 06:00:00,189.85000000000002
2007-01-25 06:00:00,190.67500000000007
2007-01-26 06:00:00,191.02500000000003
2007-01-29 06:00:00,190.87500000000006
2007-01-30 06:00:00,190.42500000000007
2007-01-31 06:00:00,191.40000000000003
2007-02-01 06:00:00,190.87500000000006
2007-02-02 06:00:00,191.47500000000002
2007-02-05 06:00:00,190.75000000000006
2007-02-06 06:00:00,190.50000000000006
2007-02-07 06:00:00,189.97500000000002
2007-02-08 06:00:00,189.30000000000007
2007-02-09 06:00:00,190.02500000000003
2007-02-12 06:00:00,190.70000000000005
2007-02-13 06:00:00,190.45000000000005
2007-02-14 06:00:00,191.97500000000008
2007-02-15 06:00:00,191.17500000000007
2007-02-16 06:00:00,191.50000000000006
2007-02-20 06:00:00,190.35000000000008
2007-02-21 06:00:00,190.57500000000005
2007-02-22 06:00:00,190.35000000000008
2007-02-23 06:00:00,189.80000000000007
2007-02-26 06:00:00,190.50000000000006
2007-02-27 06:00:00,190.85000000000008
2007-02-28 06:00:00,191.45000000000005
2007-03-01 06:00:00,190.10000000000008
2007-03-02 06:00:00,190.30000000000007
2007-03-05 06:00:00,188.87500000000006
2007-03-06 06:00:00,188.97500000000008
2007-03-07 06:00:00,189.52500000000003
2007-03-08 06:00:00,191.57500000000005
2007-03-09 06:00:00,192.15000000000003
2007-03-12 05:00:00,190.87500000000006
2007-03-13 05:00:00,191.40000000000003
2007-03-14 05:00:00,189.05000000000007
2007-03-15 05:00:00,189.30000000000007
2007-03-16 05:00:00,187.97500000000008
2007-03-19 05:00:00,188.02500000000003
2007-03-20 05:00:00,187.75000000000006
2007-03-21 05:00:00,186.95000000000005
2007-03-22 05:00:00,187.72500000000008
2007-03-23 05:00:00,187.17500000000007
2007-03-26 05:00:00,187.65000000000003
2007-03-27 05:00:00,187.17500000000007
2007-03-28 05:00:00,187.30000000000007
2007-03-29 05:00:00,187.47500000000008
2007-03-30 05:00:00,188.80000000000007
2007-04-02 05:00:00,188.92500000000007
2007-04-03 05:00:00,189.47500000000008
2007-04-04 05:00:00,189.00000000000006
2007-04-05 05:00:00,189.00000000000006
2007-04-09 05:00:00,189.22500000000008
2007-04-10 05:00:00,189.32500000000005
2007-04-11 05:00:00,189.80000000000007
2007-04-12 05:00:00,189.95000000000005
2007-04-13 05:00:00,190.40000000000003
2007-04-16 05:00:00,191.25000000000006
2007-04-17 05:00:00,190.72500000000008
2007-04-18 05:00:00,189.52500000000003
2007-04-19 05:00:00,190.20000000000005
2007-04-20 05:00:00,189.77500000000003
2007-04-23 05:00:00,189.62500000000006
2007-04-24 05:00:00,188.40000000000003
2007-04-25 05:00:00,188.90000000000003
2007-04-26 05:00:00,187.90000000000003
2007-04-27 05:00:00,187.30000000000007
2007-04-30 05:00:00,187.75000000000006
2007-05-01 05:00:00,188.32500000000005
2007-05-02 05:00:00,187.15000000000003
2007-05-03 05:00:00,186.57500000000005
2007-05-04 05:00:00,187.0
2007-05-07 05:00:00,187.25000000000006
2007-05-08 05:00:00,187.22500000000008
2007-05-09 05:00:00,186.47500000000002
2007-05-10 05:00:00,186.375
2007-05-11 05:00:00,186.85000000000002
2007-05-14 05:00:00,186.0
2007-05-15 05:00:00,186.02500000000003
2007-05-16 05:00:00,187.17500000000007
2007-05-17 05:00:00,187.22500000000008
2007-05-18 05:00:00,186.72500000000002
2007-05-21 05:00:00,186.60000000000002
2007-05-22 05:00:00,186.05
2007-05-23 05:00:00,186.175
2007-05-24 05:00:00,186.25
2007-05-25 05:00:00,185.70000000000005
2007-05-29 05:00:00,186.35000000000002
2007-05-30 05:00:00,186.72500000000002
2007-05-31 05:00:00,186.875
2007-06-01 05:00:00,187.32500000000005
2007-06-04 05:00:00,187.82500000000005
2007-06-05 05:00:00,187.77500000000003
2007-06-06 05:00:00,186.77500000000003
2007-06-07 05:00:00,186.40000000000003
2007-06-08 05:00:00,186.20000000000005
2007-06-11 05:00:00,186.45000000000005
2007-06-12 05:00:00,187.95000000000005
2007-06-13 05:00:00,187.50000000000006
2007-06-14 05:00:00,188.22500000000008
2007-06-15 05:00:00,188.25000000000006
2007-06-18 05:00:00,188.00000000000006
2007-06-19 05:00:00,186.825
2007-06-20 05:00:00,186.0
2007-06-21 05:00:00,185.875
2007-06-22 05:00:00,184.85000000000002
2007-06-25 05:00:00,185.10000000000002
2007-06-26 05:00:00,184.27500000000003
2007-06-27 05:00:00,183.97500000000002
2007-06-28 05:00:00,184.25
2007-06-29 05:00:00,183.47500000000002
2007-07-02 05:00:00,183.40000000000003
2007-07-03 05:00:00,184.15000000000003
2007-07-05 05:00:00,184.25
2007-07-06 05:00:00,184.10000000000002
2007-07-09 05:00:00,184.10000000000002
2007-07-10 05:00:00,184.675
2007-07-11 05:00:00,184.97500000000002
2007-07-12 05:00:00,187.90000000000003
2007-07-13 05:00:00,188.07500000000005
2007-07-16 05:00:00,187.25000000000006
2007-07-17 05:00:00,190.25000000000006
2007-07-18 05:00:00,192.10000000000002
2007-07-19 05:00:00,191.75000000000006
2007-07-20 05:00:00,191.32500000000005
2007-07-23 05:00:00,191.52500000000003
2007-07-24 05:00:00,190.70000000000005
2007-07-25 05:00:00,191.32500000000005
2007-07-26 05:00:00,190.40000000000003
2007-07-27 05:00:00,191.90000000000003
2007-07-30 05:00:00,193.15000000000003
2007-07-31 05:00:00,194.55000000000007
2007-08-01 05:00:00,193.92500000000007
2007-08-02 05:00:00,194.05000000000007
2007-08-03 05:00:00,196.95000000000005
2007-08-06 05:00:00,194.40000000000003
2007-08-07 05:00:00,191.92500000000007
2007-08-08 05:00:00,191.30000000000007
2007-08-09 05:00:00,190.55000000000007
2007-08-10 05:00:00,190.15000000000003
2007-08-13 05:00:00,190.75000000000006
2007-08-14 05:00:00,189.15000000000003
2007-08-15 05:00:00,188.15000000000003
2007-08-16 05:00:00,186.77500000000003
2007-08-17 05:00:00,187.12500000000006
2007-08-20 05:00:00,186.85000000000002
2007-08-21 05:00:00,187.97500000000002
2007-08-22 05:00:00,187.77500000000003
2007-08-23 05:00:00,188.00000000000006
2007-08-24 05:00:00,190.07500000000005
2007-08-27 05:00:00,187.80000000000007
2007-08-28 05:00:00,188.50000000000006
2007-08-29 05:00:00,189.22500000000002
2007-08-30 05:00:00,189.45000000000005
2007-08-31 05:00:00,189.30000000000007
2007-09-04 05:00:00,189.87500000000006
2007-09-05 05:00:00,188.42500000000007
2007-09-06 05:00:00,188.40000000000003
2007-09-07 05:00:00,188.42500000000007
2007-09-10 05:00:00,188.80000000000007
2007-09-11 05:00:00,188.57500000000005
2007-09-12 05:00:00,188.47500000000002
2007-09-13 05:00:00,189.32500000000005
2007-09-14 05:00:00,189.10000000000002
2007-09-17 05:00:00,187.62500000000006
2007-09-18 05:00:00,186.47500000000002
2007-09-19 05:00:00,185.675
2007-09-20 05:00:00,185.25
2007-09-21 05:00:00,184.27500000000003
2007-09-24 05:00:00,183.8
2007-09-25 05:00:00,182.77500000000003
2007-09-26 05:00:00,182.875
2007-09-27 05:00:00,183.0
2007-09-28 05:00:00,182.72500000000002
2007-10-01 05:00:00,180.02500000000003
2007-10-02 05:00:00,179.85000000000002
2007-10-03 05:00:00,181.075
2007-10-04 05:00:00,180.55
2007-10-05 05:00:00,180.77500000000003
2007-10-08 05:00:00,179.95
2007-10-09 05:00:00,180.2
2007-10-10 05:00:00,180.25
2007-10-11 05:00:00,181.0
2007-10-12 05:00:00,178.75
2007-10-15 05:00:00,178.90000000000003
2007-10-16 05:00:00,178.22500000000002
2007-10-17 05:00:00,177.40000000000003
2007-10-18 05:00:00,177.25
2007-10-19 05:00:00,176.97500000000002
2007-10-22 05:00:00,176.90000000000003
2007-10-23 05:00:00,176.57500000000005
2007-10-24 05:00:00,176.00000000000006
2007-10-25 05:00:00,175.30000000000007
2007-10-26 05:00:00,175.12500000000006
2007-10-29 05:00:00,174.85000000000002
2007-10-30 05:00:00,174.27500000000003
2007-10-31 05:00:00,174.50000000000006
2007-11-01 05:00:00,173.55000000000007
2007-11-02 05:00:00,173.52500000000003
2007-11-05 06:00:00,173.17500000000007
2007-11-06 06:00:00,173.00000000000006
2007-11-07 06:00:00,172.65000000000003
2007-11-08 06:00:00,172.175
2007-11-09 06:00:00,175.10000000000002
2007-11-12 06:00:00,172.95000000000005
2007-11-13 06:00:00,174.75000000000006
2007-11-14 06:00:00,174.30000000000007
2007-11-15 06:00:00,174.55000000000007
2007-11-16 06:00:00,174.05000000000007
2007-11-19 06:00:00,173.85000000000002
2007-11-20 06:00:00,176.65000000000003
2007-11-21 06:00:00,176.40000000000003
2007-11-23 06:00:00,176.47500000000002
2007-11-26 06:00:00,176.22500000000002
2007-11-27 06:00:00,175.85000000000002
2007-11-28 06:00:00,176.47500000000002
2007-11-29 06:00:00,176.50000000000006
2007-11-30 06:00:00,175.95000000000005
2007-12-03 06:00:00,174.87500000000006
2007-12-04 06:00:00,173.97500000000002
2007-12-05 06:00:00,174.75000000000006
2007-12-06 06:00:00,174.85000000000002
2007-12-07 06:00:00,175.35000000000002
2007-12-10 06:00:00,177.00000000000006
2007-12-11 06:00:00,176.67500000000007
2007-12-12 06:00:00,175.40000000000003
2007-12-13 06:00:00,175.07500000000005
2007-12-14 06:00:00,173.82500000000005
2007-12-17 06:00:00,173.12500000000006
2007-12-18 06:00:00,173.87500000000006
2007-12-19 06:00:00,174.3
2007-12-20 06:00:00,174.12500000000006
2007-12-21 06:00:00,173.97500000000002
2007-12-24 06:00:00,173.62500000000006
2007-12-26 06:00:00,174.05
2007-12-27 06:00:00,173.35000000000002
2007-12-28 06:00:00,171.97499999999997
2007-12-31 06:00:00,172.375
2008-01-02 06:00:00,171.89999999999998
2008-01-03 06:00:00,171.0
2008-01-04 06:00:00,170.52499999999998
2008-01-07 06:00:00,170.075
2008-01-08 06:00:00,170.125
2008-01-09 06:00:00,170.92499999999995
2008-01-10 06:00:00,171.125
2008-01-11 06:00:00,170.875
2008-01-14 06:00:00,171.75
2008-01-15 06:00:00,170.875
2008-01-16 06:00:00,169.72499999999997
2008-01-17 06:00:00,171.17499999999995
2008-01-18 06:00:00,171.04999999999995
2008-01-22 06:00:00,170.875
2008-01-23 06:00:00,170.39999999999998
2008-01-24 06:00:00,170.39999999999998
2008-01-25 06:00:00,170.575
2008-01-28 06:00:00,172.125
2008-01-29 06:00:00,174.25000000000006
2008-01-30 06:00:00,174.72500000000002
2008-01-31 06:00:00,175.07500000000005
2008-02-01 06:00:00,175.3
2008-02-04 06:00:00,175.82500000000005
2008-02-05 06:00:00,174.77500000000003
2008-02-06 06:00:00,174.07500000000005
2008-02-07 06:00:00,173.32500000000005
2008-02-08 06:00:00,173.50000000000006
2008-02-11 06:00:00,173.70000000000005
2008-02-12 06:00:00,174.50000000000006
2008-02-13 06:00:00,172.77500000000003
2008-02-14 06:00:00,172.925
2008-02-15 06:00:00,173.25000000000006
2008-02-19 06:00:00,173.45000000000005
2008-02-20 06:00:00,174.05
2008-02-21 06:00:00,173.20000000000005
2008-02-22 06:00:00,172.45
2008-02-25 06:00:00,169.7
2008-02-26 06:00:00,169.92499999999995
2008-02-27 06:00:00,170.39999999999998
2008-02-28 06:00:00,171.25
2008-02-29 06:00:00,170.95
2008-03-03 06:00:00,170.77499999999998
2008-03-04 06:00:00,167.84999999999997
2008-03-05 06:00:00,167.39999999999992
2008-03-06 06:00:00,168.375
2008-03-07 06:00:00,168.7
2008-03-10 05:00:00,168.5
2008-03-11 05:00:00,169.34999999999997
2008-03-12 05:00:00,169.09999999999997
2008-03-13 05:00:00,167.69999999999993
2008-03-14 05:00:00,164.7249999999999
2008-03-17 05:00:00,165.74999999999994
2008-03-18 05:00:00,166.19999999999993
2008-03-19 05:00:00,165.72499999999997
2008-03-20 05:00:00,166.67499999999995
2008-03-24 05:00:00,166.09999999999997
2008-03-25 05:00:00,167.19999999999993
2008-03-26 05:00:00,165.54999999999995
2008-03-27 05:00:00,164.9749999999999
2008-03-28 05:00:00,164.9749999999999
2008-03-31 05:00:00,162.54999999999995
2008-04-01 05:00:00,161.02499999999998
2008-04-02 05:00:00,161.2
2008-04-03 05:00:00,164.19999999999993
2008-04-04 05:00:00,166.82499999999993
2008-04-07 05:00:00,166.64999999999992
2008-04-08 05:00:00,165.87499999999994
2008-04-09 05:00:00,165.14999999999986
2008-04-10 05:00:00,164.7499999999999
2008-04-11 05:00:00,165.79999999999995
2008-04-14 05:00:00,166.52499999999992
2008-04-15 05:00:00,168.54999999999995
2008-04-16 05:00:00,168.575
2008-04-17 05:00:00,167.09999999999997
2008-04-18 05:00:00,168.02499999999992
2008-04-21 05:00:00,167.02499999999992
2008-04-22 05:00:00,168.07499999999993
2008-04-23 05:00:00,169.64999999999998
2008-04-24 05:00:00,169.42499999999995
2008-04-25 05:00:00,170.09999999999997
2008-04-28 05:00:00,169.59999999999997
2008-04-29 05:00:00,167.59999999999997
2008-04-30 05:00:00,167.77499999999992
2008-05-01 05:00:00,166.19999999999993
2008-05-02 05:00:00,166.89999999999992
2008-05-05 05:00:00,167.77499999999992
2008-05-06 05:00:00,168.45
2008-05-07 05:00:00,167.72499999999997
2008-05-08 05:00:00,169.52499999999998
2008-05-09 05:00:00,169.375
2008-05-12 05:00:00,168.77499999999998
2008-05-13 05:00:00,169.17499999999995
2008-05-14 05:00:00,169.875
2008-05-15 05:00:00,169.47499999999997
2008-05-16 05:00:00,169.45
2008-05-19 05:00:00,168.89999999999998
2008-05-20 05:00:00,169.375
2008-05-21 05:00:00,169.67499999999995
2008-05-22 05:00:00,169.625
2008-05-23 05:00:00,170.72499999999997
2008-05-27 05:00:00,169.77499999999998
2008-05-28 05:00:00,169.825
2008-05-29 05:00:00,169.825
2008-05-30 05:00:00,171.39999999999998
2008-06-02 05:00:00,169.79999999999995
2008-06-03 05:00:00,169.77499999999998
2008-06-04 05:00:00,169.29999999999995
2008-06-05 05:00:00,169.54999999999995
2008-06-06 05:00:00,169.14999999999998
2008-06-09 05:00:00,167.17499999999995
2008-06-10 05:00:00,167.02499999999992
2008-06-11 05:00:00,167.02499999999992
2008-06-12 05:00:00,166.52499999999992
2008-06-13 05:00:00,167.57499999999993
2008-06-16 05:00:00,167.39999999999992
2008-06-17 05:00:00,168.45
2008-06-18 05:00:00,168.64999999999998
2008-06-19 05:00:00,167.59999999999997
2008-06-20 05:00:00,170.27499999999998
2008-06-23 05:00:00,170.09999999999997
2008-06-24 05:00:00,168.47499999999997
2008-06-25 05:00:00,166.74999999999994
2008-06-26 05:00:00,165.44999999999993
2008-06-27 05:00:00,165.34999999999997
2008-06-30 05:00:00,162.92499999999995
2008-07-01 05:00:00,161.95
2008-07-02 05:00:00,163.125
2008-07-03 05:00:00,162.92499999999995
2008-07-07 05:00:00,162.325
2008-07-08 05:00:00,161.97499999999997
2008-07-09 05:00:00,164.02499999999992
2008-07-10 05:00:00,165.0999999999999
2008-07-11 05:00:00,164.7249999999999
2008-07-14 05:00:00,164.34999999999997
2008-07-15 05:00:00,165.67499999999995
2008-07-16 05:00:00,167.22499999999997
2008-07-17 05:00:00,166.37499999999994
2008-07-18 05:00:00,166.12499999999994
2008-07-21 05:00:00,166.82499999999993
2008-07-22 05:00:00,167.32499999999993
2008-07-23 05:00:00,166.37499999999994
2008-07-24 05:00:00,167.49999999999994
2008-07-25 05:00:00,167.29999999999995
2008-07-28 05:00:00,166.82499999999993
2008-07-29 05:00:00,165.72499999999997
2008-07-30 05:00:00,166.02499999999992
2008-07-31 05:00:00,167.82499999999993
2008-08-01 05:00:00,168.09999999999997
2008-08-04 05:00:00,168.42499999999995
2008-08-05 05:00:00,167.97499999999997
2008-08-06 05:00:00,170.375
2008-08-07 05:00:00,170.45
2008-08-08 05:00:00,171.375
2008-08-11 05:00:00,170.67499999999995
2008-08-12 05:00:00,169.325
2008-08-13 05:00:00,169.7
2008-08-14 05:00:00,169.54999999999995
2008-08-15 05:00:00,168.22499999999997
2008-08-18 05:00:00,168.375
2008-08-19 05:00:00,167.64999999999998
2008-08-20 05:00:00,167.79999999999995
2008-08-21 05:00:00,167.69999999999993
2008-08-22 05:00:00,167.47499999999997
2008-08-25 05:00:00,167.62499999999994
2008-08-26 05:00:00,167.07499999999993
2008-08-27 05:00:00,164.07499999999993
2008-08-28 05:00:00,162.325
2008-08-29 05:00:00,162.92499999999995
2008-09-02 05:00:00,163.325
2008-09-03 05:00:00,162.125
2008-09-04 05:00:00,161.77499999999998
2008-09-05 05:00:00,161.54999999999995
2008-09-08 05:00:00,160.825
2008-09-09 05:00:00,159.54999999999995
2008-09-10 05:00:00,159.54999999999995
2008-09-11 05:00:00,160.34999999999997
2008-09-12 05:00:00,158.67499999999995
2008-09-15 05:00:00,159.92499999999995
2008-09-16 05:00:00,159.47499999999997
2008-09-17 05:00:00,159.825
2008-09-18 05:00:00,158.42499999999995
2008-09-19 05:00:00,159.42499999999995
2008-09-22 05:00:00,160.72499999999997
2008-09-23 05:00:00,159.67499999999995
2008-09-24 05:00:00,159.59999999999997
2008-09-25 05:00:00,159.5
2008-09-26 05:00:00,159.42499999999995
2008-09-29 05:00:00,158.42499999999995
2008-09-30 05:00:00,157.575
2008-10-01 05:00:00,156.34999999999997
2008-10-02 05:00:00,154.77499999999998
2008-10-03 05:00:00,154.25
2008-10-06 05:00:00,153.2
2008-10-07 05:00:00,154.79999999999995
2008-10-08 05:00:00,155.27499999999998
2008-10-09 05:00:00,154.5
2008-10-10 05:00:00,153.25
2008-10-13 05:00:00,154.47499999999997
2008-10-14 05:00:00,153.875
2008-10-15 05:00:00,151.45
2008-10-16 05:00:00,149.89999999999998
2008-10-17 05:00:00,150.5
2008-10-20 05:00:00,150.95
2008-10-21 05:00:00,151.97499999999997
2008-10-22 05:00:00,151.22499999999997
2008-10-23 05:00:00,151.625
2008-10-24 05:00:00,151.3
2008-10-27 05:00:00,152.09999999999997
2008-10-28 05:00:00,151.89999999999998
2008-10-29 05:00:00,151.77499999999998
2008-10-30 05:00:00,150.875
2008-10-31 05:00:00,150.425
2008-11-03 06:00:00,149.34999999999997
2008-11-04 06:00:00,149.3
2008-11-05 06:00:00,148.625
2008-11-06 06:00:00,148.05
2008-11-07 06:00:00,149.95
2008-11-10 06:00:00,150.2
2008-11-11 06:00:00,150.0
2008-11-12 06:00:00,150.175
2008-11-13 06:00:00,150.64999999999998
2008-11-14 06:00:00,150.02499999999998
2008-11-17 06:00:00,149.5
2008-11-18 06:00:00,149.64999999999998
2008-11-19 06:00:00,150.34999999999997
2008-11-20 06:00:00,152.125
2008-11-21 06:00:00,151.54999999999995
2008-11-24 06:00:00,152.2
2008-11-25 06:00:00,152.04999999999995
2008-11-26 06:00:00,153.22499999999997
2008-11-28 06:00:00,154.47499999999997
2008-12-01 06:00:00,152.79999999999995
2008-12-02 06:00:00,152.92499999999995
2008-12-03 06:00:00,151.825
2008-12-04 06:00:00,151.09999999999997
2008-12-05 06:00:00,151.64999999999998
2008-12-08 06:00:00,151.575
2008-12-09 06:00:00,151.575
2008-12-10 06:00:00,150.575
2008-12-11 06:00:00,149.825
2008-12-12 06:00:00,149.72499999999997
2008-12-15 06:00:00,150.39999999999998
2008-12-16 06:00:00,150.875
2008-12-17 06:00:00,151.42499999999995
2008-12-18 06:00:00,151.59999999999997
2008-12-19 06:00:00,151.39999999999998
2008-12-22 06:00:00,150.64999999999998
2008-12-23 06:00:00,150.77499999999998
2008-12-24 06:00:00,150.34999999999997
2008-12-26 06:00:00,148.67499999999995
2008-12-29 06:00:00,149.47499999999997
2008-12-30 06:00:00,150.02499999999998
2008-12-31 06:00:00,150.64999999999998
2009-01-02 06:00:00,153.22499999999997
2009-01-05 06:00:00,152.25
2009-01-06 06:00:00,152.79999999999995
2009-01-07 06:00:00,152.2
2009-01-08 06:00:00,151.0
2009-01-09 06:00:00,150.54999999999995
2009-01-12 06:00:00,149.42499999999995
2009-01-13 06:00:00,149.22499999999997
2009-01-14 06:00:00,148.64999999999998
2009-01-15 06:00:00,147.79999999999995
2009-01-16 06:00:00,147.97499999999997
2009-01-20 06:00:00,147.64999999999998
2009-01-21 06:00:00,147.29999999999995
2009-01-22 06:00:00,147.34999999999997
2009-01-23 06:00:00,146.34999999999997
2009-01-26 06:00:00,144.72499999999997
2009-01-27 06:00:00,142.64999999999998
2009-01-28 06:00:00,143.29999999999995
2009-01-29 06:00:00,143.2
2009-01-30 06:00:00,144.925
2009-02-02 06:00:00,143.62499999999994
2009-02-03 06:00:00,144.09999999999997
2009-02-04 06:00:00,142.825
2009-02-05 06:00:00,142.2
2009-02-06 06:00:00,142.34999999999997
2009-02-09 06:00:00,142.02499999999998
2009-02-10 06:00:00,144.25
2009-02-11 06:00:00,144.22499999999997
2009-02-12 06:00:00,145.75
2009-02-13 06:00:00,145.7
2009-02-17 06:00:00,143.29999999999995
2009-02-18 06:00:00,142.625
2009-02-19 06:00:00,141.84999999999997
2009-02-20 06:00:00,139.72499999999997
2009-02-23 06:00:00,139.7
2009-02-24 06:00:00,138.84999999999997
2009-02-25 06:00:00,140.29999999999995
2009-02-26 06:00:00,140.02499999999998
2009-02-27 06:00:00,141.27499999999998
2009-03-02 06:00:00,140.22499999999997
2009-03-03 06:00:00,140.52499999999998
2009-03-04 06:00:00,141.5
2009-03-05 06:00:00,141.92499999999995
2009-03-06 06:00:00,142.47499999999997
2009-03-09 05:00:00,141.95
2009-03-10 05:00:00,140.45
2009-03-11 05:00:00,141.14999999999998
2009-03-12 05:00:00,142.5
2009-03-13 05:00:00,142.97499999999997
2009-03-16 05:00:00,142.825
2009-03-17 05:00:00,142.825
2009-03-18 05:00:00,143.22499999999997
2009-03-19 05:00:00,143.69999999999993
2009-03-20 05:00:00,142.52499999999998
2009-03-23 05:00:00,141.375
2009-03-24 05:00:00,141.89999999999998
2009-03-25 05:00:00,141.47499999999997
2009-03-26 05:00:00,140.52499999999998
2009-03-27 05:00:00,140.14999999999998
2009-03-30 05:00:00,139.72499999999997
2009-03-31 05:00:00,141.14999999999998
2009-04-01 05:00:00,140.2
2009-04-02 05:00:00,140.84999999999997
2009-04-03 05:00:00,142.39999999999998
2009-04-06 05:00:00,141.5
2009-04-07 05:00:00,142.2
2009-04-08 05:00:00,142.09999999999997
2009-04-09 05:00:00,143.02499999999998
2009-04-13 05:00:00,142.84999999999997
2009-04-14 05:00:00,141.34999999999997
2009-04-15 05:00:00,141.79999999999995
2009-04-16 05:00:00,141.79999999999995
2009-04-17 05:00:00,142.22499999999997
2009-04-20 05:00:00,140.825
2009-04-21 05:00:00,141.0
2009-04-22 05:00:00,140.72499999999997
2009-04-23 05:00:00,140.375
2009-04-24 05:00:00,139.84999999999997
2009-04-27 05:00:00,136.84999999999997
2009-04-28 05:00:00,135.07500000000005
2009-04-29 05:00:00,136.09999999999997
2009-04-30 05:00:00,134.55
2009-05-01 05:00:00,135.62500000000006
2009-05-04 05:00:00,133.90000000000003
2009-05-05 05:00:00,135.02500000000003
2009-05-06 05:00:00,137.34999999999997
2009-05-07 05:00:00,136.7
2009-05-08 05:00:00,138.02499999999998
2009-05-11 05:00:00,137.0
2009-05-12 05:00:00,137.84999999999997
2009-05-13 05:00:00,136.72499999999997
2009-05-14 05:00:00,135.89999999999998
2009-05-15 05:00:00,135.825
2009-05-18 05:00:00,136.54999999999995
2009-05-19 05:00:00,136.02499999999998
2009-05-20 05:00:00,136.02499999999998
2009-05-21 05:00:00,134.82500000000005
2009-05-22 05:00:00,135.70000000000005
2009-05-26 05:00:00,135.32500000000005
2009-05-27 05:00:00,135.02500000000003
2009-05-28 05:00:00,135.20000000000005
2009-05-29 05:00:00,133.05
2009-06-01 05:00:00,133.12500000000006
2009-06-02 05:00:00,130.125
2009-06-03 05:00:00,129.84999999999997
2009-06-04 05:00:00,129.52499999999998
2009-06-05 05:00:00,129.59999999999997
2009-06-08 05:00:00,128.59999999999997
2009-06-09 05:00:00,127.59999999999998
2009-06-10 05:00:00,126.34999999999998
2009-06-11 05:00:00,127.47499999999998
2009-06-12 05:00:00,127.14999999999999
2009-06-15 05:00:00,125.47499999999998
2009-06-16 05:00:00,125.67500000000003
2009-06-17 05:00:00,126.75000000000001
2009-06-18 05:00:00,125.92500000000003
2009-06-19 05:00:00,127.67499999999997
2009-06-22 05:00:00,126.59999999999998
2009-06-23 05:00:00,126.17500000000003
2009-06-24 05:00:00,125.575
2009-06-25 05:00:00,125.52499999999999
2009-06-26 05:00:00,124.50000000000001
2009-06-29 05:00:00,124.825
2009-06-30 05:00:00,125.77499999999999
2009-07-01 05:00:00,126.64999999999999
2009-07-02 05:00:00,126.89999999999999
2009-07-06 05:00:00,127.67499999999997
2009-07-07 05:00:00,127.87500000000001
2009-07-08 05:00:00,126.47499999999998
2009-07-09 05:00:00,128.7
2009-07-10 05:00:00,128.375
2009-07-13 05:00:00,128.52499999999998
2009-07-14 05:00:00,128.67499999999995
2009-07-15 05:00:00,128.825
2009-07-16 05:00:00,130.2
2009-07-17 05:00:00,130.27499999999998
2009-07-20 05:00:00,130.2
2009-07-21 05:00:00,127.87500000000001
2009-07-22 05:00:00,127.05000000000003
2009-07-23 05:00:00,126.12500000000001
2009-07-24 05:00:00,124.30000000000003
2009-07-27 05:00:00,124.47499999999998
2009-07-28 05:00:00,122.42500000000008
2009-07-29 05:00:00,122.825
2009-07-30 05:00:00,122.32500000000006
2009-07-31 05:00:00,123.62500000000001
2009-08-03 05:00:00,121.77500000000005
2009-08-04 05:00:00,119.85000000000004
2009-08-05 05:00:00,119.92500000000008
2009-08-06 05:00:00,117.30000000000003
2009-08-07 05:00:00,114.62500000000007
2009-08-10 05:00:00,114.72500000000004
2009-08-11 05:00:00,114.07500000000006
2009-08-12 05:00:00,113.70000000000006
2009-08-13 05:00:00,115.12500000000007
2009-08-14 05:00:00,114.37500000000007
2009-08-17 05:00:00,114.12500000000007
2009-08-18 05:00:00,114.00000000000007
2009-08-19 05:00:00,114.17500000000008
2009-08-20 05:00:00,115.70000000000006
2009-08-21 05:00:00,116.87500000000001
2009-08-24 05:00:00,115.55000000000008
2009-08-25 05:00:00,116.65000000000005
2009-08-26 05:00:00,114.95000000000006
2009-08-27 05:00:00,115.75000000000007
2009-08-28 05:00:00,116.00000000000007
2009-08-31 05:00:00,115.77500000000005
2009-09-01 05:00:00,117.02500000000005
2009-09-02 05:00:00,116.40000000000005
2009-09-03 05:00:00,117.2
2009-09-04 05:00:00,118.00000000000007
2009-09-08 05:00:00,118.50000000000007
2009-09-09 05:00:00,119.20000000000006
2009-09-10 05:00:00,120.25000000000007
2009-09-11 05:00:00,119.37500000000007
2009-09-14 05:00:00,118.55000000000003
2009-09-15 05:00:00,121.42500000000003
2009-09-16 05:00:00,121.00000000000007
2009-09-17 05:00:00,121.57500000000006
2009-09-18 05:00:00,119.85000000000004
2009-09-21 05:00:00,118.92500000000003
2009-09-22 05:00:00,118.30000000000003
2009-09-23 05:00:00,119.60000000000004
2009-09-24 05:00:00,118.90000000000005
2009-09-25 05:00:00,118.57500000000006
2009-09-28 05:00:00,119.27500000000005
2009-09-29 05:00:00,119.72500000000004
2009-09-30 05:00:00,119.15000000000005
2009-10-01 05:00:00,118.17500000000003
2009-10-02 05:00:00,118.10000000000004
2009-10-05 05:00:00,117.15000000000005
2009-10-06 05:00:00,118.67500000000003
2009-10-07 05:00:00,121.30000000000003
2009-10-08 05:00:00,123.075
2009-10-09 05:00:00,122.32500000000006
2009-10-12 05:00:00,123.37500000000001
2009-10-13 05:00:00,123.22499999999998
2009-10-14 05:00:00,123.79999999999997
2009-10-15 05:00:00,124.25000000000001
2009-10-16 05:00:00,124.34999999999998
2009-10-19 05:00:00,124.37500000000001
2009-10-20 05:00:00,123.29999999999997
2009-10-21 05:00:00,124.14999999999999
2009-10-22 05:00:00,124.27499999999999
2009-10-23 05:00:00,124.00000000000001
2009-10-26 05:00:00,124.37500000000001
2009-10-27 05:00:00,125.25000000000001
2009-10-28 05:00:00,125.77499999999999
2009-10-29 05:00:00,126.72499999999998
2009-10-30 05:00:00,127.14999999999999
2009-11-02 06:00:00,128.14999999999998
2009-11-03 06:00:00,128.075
2009-11-04 06:00:00,127.87500000000001
2009-11-05 06:00:00,127.02499999999999
2009-11-06 06:00:00,126.39999999999999
2009-11-09 06:00:00,126.87500000000001
2009-11-10 06:00:00,126.67499999999997
2009-11-11 06:00:00,126.72499999999998
2009-11-12 06:00:00,124.89999999999999
2009-11-13 06:00:00,125.39999999999999
2009-11-16 06:00:00,125.89999999999999
2009-11-17 06:00:00,127.52499999999999
2009-11-18 06:00:00,127.77499999999999
2009-11-19 06:00:00,126.825
2009-11-20 06:00:00,127.92499999999997
2009-11-23 06:00:00,129.075
2009-11-24 06:00:00,129.54999999999995
2009-11-25 06:00:00,131.2
2009-11-27 06:00:00,130.875
2009-11-30 06:00:00,130.42499999999995
2009-12-01 06:00:00,130.5
2009-12-02 06:00:00,130.2
2009-12-03 06:00:00,128.84999999999997
2009-12-04 06:00:00,130.29999999999995
2009-12-07 06:00:00,130.09999999999997
2009-12-08 06:00:00,128.67499999999995
2009-12-09 06:00:00,128.625
2009-12-10 06:00:00,128.97499999999997
2009-12-11 06:00:00,128.97499999999997
2009-12-14 06:00:00,129.42499999999995
2009-12-15 06:00:00,130.34999999999997
2009-12-16 06:00:00,130.125
2009-12-17 06:00:00,128.84999999999997
2009-12-18 06:00:00,128.25
2009-12-21 06:00:00,127.59999999999998
2009-12-22 06:00:00,128.17499999999995
2009-12-23 06:00:00,129.22499999999997
2009-12-24 06:00:00,127.45
2009-12-28 06:00:00,128.39999999999998
2009-12-29 06:00:00,129.125
2009-12-30 06:00:00,129.59999999999997
2009-12-31 06:00:00,128.97499999999997
2010-01-04 06:00:00,129.54999999999995
2010-01-05 06:00:00,130.375
2010-01-06 06:00:00,129.84999999999997
2010-01-07 06:00:00,130.0
2010-01-08 06:00:00,130.52499999999998
2010-01-11 06:00:00,130.39999999999998
2010-01-12 06:00:00,130.125
2010-01-13 06:00:00,132.42499999999995
2010-01-14 06:00:00,131.84999999999997
2010-01-15 06:00:00,132.375
2010-01-19 06:00:00,133.12500000000006
2010-01-20 06:00:00,132.47499999999997
2010-01-21 06:00:00,131.75
2010-01-22 06:00:00,131.075
2010-01-25 06:00:00,129.59999999999997
2010-01-26 06:00:00,127.77499999999999
2010-01-27 06:00:00,128.04999999999995
2010-01-28 06:00:00,128.5
2010-01-29 06:00:00,127.7
2010-02-01 06:00:00,125.25000000000001
2010-02-02 06:00:00,125.95
2010-02-03 06:00:00,126.17499999999997
2010-02-04 06:00:00,126.02499999999999
2010-02-05 06:00:00,125.825
2010-02-08 06:00:00,127.87500000000001
2010-02-09 06:00:00,126.95
2010-02-10 06:00:00,127.27499999999999
2010-02-11 06:00:00,126.77499999999999
2010-02-12 06:00:00,127.29999999999997
2010-02-16 06:00:00,127.47499999999998
2010-02-17 06:00:00,128.14999999999998
2010-02-18 06:00:00,128.75
2010-02-19 06:00:00,128.45
2010-02-22 06:00:00,128.97499999999997
2010-02-23 06:00:00,128.29999999999995
2010-02-24 06:00:00,128.97499999999997
2010-02-25 06:00:00,130.14999999999998
2010-02-26 06:00:00,130.64999999999998
2010-03-01 06:00:00,131.22499999999997
2010-03-02 06:00:00,130.625
2010-03-03 06:00:00,131.54999999999995
2010-03-04 06:00:00,131.25
2010-03-05 06:00:00,131.125
2010-03-08 06:00:00,130.7
2010-03-09 06:00:00,129.72499999999997
2010-03-10 06:00:00,129.89999999999998
2010-03-11 06:00:00,129.45
2010-03-12 06:00:00,130.04999999999995
2010-03-15 05:00:00,129.825
2010-03-16 05:00:00,130.34999999999997
2010-03-17 05:00:00,130.27499999999998
2010-03-18 05:00:00,132.17499999999995
2010-03-19 05:00:00,131.825
2010-03-22 05:00:00,132.09999999999997
2010-03-23 05:00:00,131.29999999999995
2010-03-24 05:00:00,129.97499999999997
2010-03-25 05:00:00,128.875
2010-03-26 05:00:00,127.27499999999999
2010-03-29 05:00:00,130.27499999999998
2010-03-30 05:00:00,132.29999999999995
2010-03-31 05:00:00,132.14999999999998
2010-04-01 05:00:00,132.625
2010-04-05 05:00:00,134.3
2010-04-06 05:00:00,133.55
2010-04-07 05:00:00,133.85000000000002
2010-04-08 05:00:00,133.97500000000002
2010-04-09 05:00:00,133.62500000000006
2010-04-12 05:00:00,133.22500000000002
2010-04-13 05:00:00,134.72500000000002
2010-04-14 05:00:00,134.20000000000005
2010-04-15 05:00:00,135.32500000000005
2010-04-16 05:00:00,135.37500000000006
2010-04-19 05:00:00,135.52500000000003
2010-04-20 05:00:00,135.00000000000006
2010-04-21 05:00:00,136.77499999999998
2010-04-22 05:00:00,136.47499999999997
2010-04-23 05:00:00,135.12500000000006
2010-04-26 05:00:00,133.90000000000003
2010-04-27 05:00:00,133.87500000000006
2010-04-28 05:00:00,133.82500000000005
2010-04-29 05:00:00,133.07500000000005
2010-04-30 05:00:00,135.40000000000003
2010-05-03 05:00:00,136.54999999999995
2010-05-04 05:00:00,136.325
2010-05-05 05:00:00,134.37500000000006
2010-05-06 05:00:00,133.82500000000005
2010-05-07 05:00:00,135.20000000000005
2010-05-10 05:00:00,135.32500000000005
2010-05-11 05:00:00,134.65000000000003
2010-05-12 05:00:00,135.25000000000006
2010-05-13 05:00:00,134.425
2010-05-14 05:00:00,133.00000000000006
2010-05-17 05:00:00,131.0
2010-05-18 05:00:00,131.2
2010-05-19 05:00:00,132.29999999999995
2010-05-20 05:00:00,131.59999999999997
2010-05-21 05:00:00,131.825
2010-05-24 05:00:00,132.14999999999998
2010-05-25 05:00:00,131.52499999999998
2010-05-26 05:00:00,132.72499999999997
2010-05-27 05:00:00,132.39999999999998
2010-05-28 05:00:00,132.29999999999995
2010-06-01 05:00:00,133.15000000000003
2010-06-02 05:00:00,132.52499999999998
2010-06-03 05:00:00,132.42499999999995
2010-06-04 05:00:00,130.27499999999998
2010-06-07 05:00:00,128.29999999999995
2010-06-08 05:00:00,128.825
2010-06-09 05:00:00,129.77499999999998
2010-06-10 05:00:00,129.54999999999995
2010-06-11 05:00:00,129.84999999999997
2010-06-14 05:00:00,131.27499999999998
2010-06-15 05:00:00,131.875
2010-06-16 05:00:00,132.0
2010-06-17 05:00:00,131.2
2010-06-18 05:00:00,131.59999999999997
2010-06-21 05:00:00,133.20000000000005
2010-06-22 05:00:00,133.65000000000003
2010-06-23 05:00:00,133.70000000000005
2010-06-24 05:00:00,133.175
2010-06-25 05:00:00,133.35000000000002
2010-06-28 05:00:00,132.64999999999998
2010-06-29 05:00:00,131.67499999999995
2010-06-30 05:00:00,132.29999999999995
2010-07-01 05:00:00,132.54999999999995
2010-07-02 05:00:00,130.45
2010-07-06 05:00:00,130.825
2010-07-07 05:00:00,131.67499999999995
2010-07-08 05:00:00,132.0
2010-07-09 05:00:00,131.79999999999995
2010-07-12 05:00:00,131.075
2010-07-13 05:00:00,130.92499999999995
2010-07-14 05:00:00,132.5
2010-07-15 05:00:00,132.02499999999998
2010-07-16 05:00:00,132.39999999999998
2010-07-19 05:00:00,132.47499999999997
2010-07-20 05:00:00,131.2
2010-07-21 05:00:00,132.325
2010-07-22 05:00:00,133.10000000000002
2010-07-23 05:00:00,133.72500000000002
2010-07-26 05:00:00,132.17499999999995
2010-07-27 05:00:00,132.925
2010-07-28 05:00:00,133.65000000000003
2010-07-29 05:00:00,134.77500000000003
2010-07-30 05:00:00,135.72499999999997
2010-08-02 05:00:00,136.29999999999995
2010-08-03 05:00:00,135.62500000000006
2010-08-04 05:00:00,135.65000000000003
2010-08-05 05:00:00,132.72499999999997
2010-08-06 05:00:00,130.77499999999998
2010-08-09 05:00:00,130.0
2010-08-10 05:00:00,130.77499999999998
2010-08-11 05:00:00,130.34999999999997
2010-08-12 05:00:00,131.325
2010-08-13 05:00:00,131.34999999999997
2010-08-16 05:00:00,131.14999999999998
2010-08-17 05:00:00,131.925
2010-08-18 05:00:00,133.40000000000003
2010-08-19 05:00:00,132.52499999999998
2010-08-20 05:00:00,132.175
2010-08-23 05:00:00,133.55000000000007
2010-08-24 05:00:00,132.90000000000003
2010-08-25 05:00:00,132.87500000000006
2010-08-26 05:00:00,131.675
2010-08-27 05:00:00,130.675
2010-08-30 05:00:00,130.84999999999997
2010-08-31 05:00:00,131.375
2010-09-01 05:00:00,130.97499999999997
2010-09-02 05:00:00,132.25
2010-09-03 05:00:00,132.75000000000006
2010-09-07 05:00:00,131.64999999999998
2010-09-08 05:00:00,132.34999999999997
2010-09-09 05:00:00,133.22500000000002
2010-09-10 05:00:00,132.80000000000007
2010-09-13 05:00:00,132.39999999999998
2010-09-14 05:00:00,134.50000000000006
2010-09-15 05:00:00,134.77500000000003
2010-09-16 05:00:00,133.92500000000007
2010-09-17 05:00:00,134.05000000000007
2010-09-20 05:00:00,134.87500000000006
2010-09-21 05:00:00,135.17500000000007
2010-09-22 05:00:00,134.42500000000007
2010-09-23 05:00:00,134.12500000000006
2010-09-24 05:00:00,134.55000000000007
2010-09-27 05:00:00,134.87500000000006
2010-09-28 05:00:00,134.00000000000006
2010-09-29 05:00:00,131.95
2010-09-30 05:00:00,132.97500000000002
2010-10-01 05:00:00,130.97499999999997
2010-10-04 05:00:00,130.0
2010-10-05 05:00:00,130.34999999999997
2010-10-06 05:00:00,130.3
2010-10-07 05:00:00,129.39999999999998
2010-10-08 05:00:00,131.95
2010-10-11 05:00:00,130.72499999999997
2010-10-12 05:00:00,130.875
2010-10-13 05:00:00,129.8
2010-10-14 05:00:00,126.95
2010-10-15 05:00:00,127.39999999999999
2010-10-18 05:00:00,126.95
2010-10-19 05:00:00,127.075
2010-10-20 05:00:00,127.575
2010-10-21 05:00:00,128.27499999999998
2010-10-22 05:00:00,130.0
2010-10-25 05:00:00,128.45
2010-10-26 05:00:00,128.67499999999995
2010-10-27 05:00:00,127.87500000000001
2010-10-28 05:00:00,126.97499999999998
2010-10-29 05:00:00,126.00000000000001
2010-11-01 05:00:00,125.42499999999997
2010-11-02 05:00:00,126.45
2010-11-03 05:00:00,126.62500000000001
2010-11-04 05:00:00,127.87500000000001
2010-11-05 05:00:00,127.59999999999998
2010-11-08 06:00:00,128.25
2010-11-09 06:00:00,127.72499999999998
2010-11-10 06:00:00,128.875
2010-11-11 06:00:00,129.52499999999998
2010-11-12 06:00:00,128.64999999999998
2010-11-15 06:00:00,129.09999999999997
2010-11-16 06:00:00,127.7
2010-11-17 06:00:00,128.22499999999997
2010-11-18 06:00:00,129.875
2010-11-19 06:00:00,130.92499999999995
2010-11-22 06:00:00,131.0
2010-11-23 06:00:00,130.97499999999997
2010-11-24 06:00:00,131.67499999999995
2010-11-26 06:00:00,131.22499999999997
2010-11-29 06:00:00,130.29999999999995
2010-11-30 06:00:00,129.84999999999997
2010-12-01 06:00:00,129.325
2010-12-02 06:00:00,130.075
2010-12-03 06:00:00,130.64999999999998
2010-12-06 06:00:00,129.325
2010-12-07 06:00:00,129.39999999999998
2010-12-08 06:00:00,129.75
2010-12-09 06:00:00,129.97499999999997
2010-12-10 06:00:00,129.22499999999997
2010-12-13 06:00:00,130.39999999999998
2010-12-14 06:00:00,130.2
2010-12-15 06:00:00,129.375
2010-12-16 06:00:00,129.09999999999997
2010-12-17 06:00:00,130.625
2010-12-20 06:00:00,130.7
2010-12-21 06:00:00,130.55
2010-12-22 06:00:00,133.05000000000007
2010-12-23 06:00:00,132.92500000000007
2010-12-27 06:00:00,132.90000000000003
2010-12-28 06:00:00,132.64999999999998
2010-12-29 06:00:00,133.50000000000006
2010-12-30 06:00:00,133.07500000000005
2010-12-31 06:00:00,134.02500000000003
2011-01-03 06:00:00,132.7
2011-01-04 06:00:00,132.02499999999998
2011-01-05 06:00:00,132.325
2011-01-06 06:00:00,134.25000000000006
2011-01-07 06:00:00,134.20000000000005
2011-01-10 06:00:00,134.80000000000007
2011-01-11 06:00:00,135.30000000000007
2011-01-12 06:00:00,137.175
2011-01-13 06:00:00,136.45
2011-01-14 06:00:00,135.42500000000007
2011-01-18 06:00:00,136.875
2011-01-19 06:00:00,136.55
2011-01-20 06:00:00,136.89999999999998
2011-01-21 06:00:00,136.72499999999997
2011-01-24 06:00:00,136.39999999999998
2011-01-25 06:00:00,137.27499999999998
2011-01-26 06:00:00,140.27499999999998
2011-01-27 06:00:00,140.175
2011-01-28 06:00:00,141.77499999999998
2011-01-31 06:00:00,144.14999999999998
2011-02-01 06:00:00,143.29999999999995
2011-02-02 06:00:00,141.55
2011-02-03 06:00:00,141.7
2011-02-04 06:00:00,141.8
2011-02-07 06:00:00,141.97499999999997
2011-02-08 06:00:00,141.39999999999998
2011-02-09 06:00:00,141.39999999999998
2011-02-10 06:00:00,143.84999999999997
2011-02-11 06:00:00,142.52499999999998
2011-02-14 06:00:00,142.59999999999997
2011-02-15 06:00:00,142.875
2011-02-16 06:00:00,142.5
2011-02-17 06:00:00,143.125
2011-02-18 06:00:00,143.29999999999995
2011-02-22 06:00:00,142.925
2011-02-23 06:00:00,142.22499999999997
2011-02-24 06:00:00,141.05
2011-02-25 06:00:00,141.97499999999997
2011-02-28 06:00:00,140.72499999999997
2011-03-01 06:00:00,140.45
2011-03-02 06:00:00,140.325
2011-03-03 06:00:00,141.2
2011-03-04 06:00:00,141.575
2011-03-07 06:00:00,140.0
2011-03-08 06:00:00,142.2
2011-03-09 06:00:00,142.47499999999997
2011-03-10 06:00:00,141.97499999999997
2011-03-11 06:00:00,140.02499999999998
2011-03-14 05:00:00,138.075
2011-03-15 05:00:00,135.27500000000003
2011-03-16 05:00:00,135.875
2011-03-17 05:00:00,138.2
2011-03-18 05:00:00,140.34999999999997
2011-03-21 05:00:00,141.5
2011-03-22 05:00:00,141.97499999999997
2011-03-23 05:00:00,141.05
2011-03-24 05:00:00,141.7
2011-03-25 05:00:00,144.22499999999997
2011-03-28 05:00:00,143.77499999999998
2011-03-29 05:00:00,144.0
2011-03-30 05:00:00,143.67499999999995
2011-03-31 05:00:00,144.39999999999998
2011-04-01 05:00:00,144.09999999999997
2011-04-04 05:00:00,144.375
2011-04-05 05:00:00,143.77499999999998
2011-04-06 05:00:00,142.02499999999998
2011-04-07 05:00:00,140.625
2011-04-08 05:00:00,141.175
2011-04-11 05:00:00,141.575
2011-04-12 05:00:00,139.875
2011-04-13 05:00:00,141.97499999999997
2011-04-14 05:00:00,143.14999999999998
2011-04-15 05:00:00,142.14999999999998
2011-04-18 05:00:00,142.14999999999998
2011-04-19 05:00:00,142.75
2011-04-20 05:00:00,142.2
2011-04-21 05:00:00,141.34999999999997
2011-04-25 05:00:00,140.27499999999998
2011-04-26 05:00:00,138.84999999999997
2011-04-27 05:00:00,138.72499999999997
2011-04-28 05:00:00,138.52499999999998
2011-04-29 05:00:00,137.425
2011-05-02 05:00:00,137.5
2011-05-03 05:00:00,134.50000000000006
2011-05-04 05:00:00,133.90000000000003
2011-05-05 05:00:00,134.30000000000007
2011-05-06 05:00:00,133.62500000000006
2011-05-09 05:00:00,134.22500000000002
2011-05-10 05:00:00,134.90000000000003
2011-05-11 05:00:00,134.45000000000005
2011-05-12 05:00:00,135.17500000000007
2011-05-13 05:00:00,134.87500000000006
2011-05-16 05:00:00,133.57500000000005
2011-05-17 05:00:00,134.05000000000007
2011-05-18 05:00:00,133.20000000000005
2011-05-19 05:00:00,133.22500000000002
2011-05-20 05:00:00,133.65000000000003
2011-05-23 05:00:00,130.64999999999998
2011-05-24 05:00:00,129.25
2011-05-25 05:00:00,129.45
2011-05-26 05:00:00,129.175
2011-05-27 05:00:00,130.375
2011-05-31 05:00:00,131.375
2011-06-01 05:00:00,130.45
2011-06-02 05:00:00,129.72499999999997
2011-06-03 05:00:00,129.625
2011-06-06 05:00:00,129.2
2011-06-07 05:00:00,130.45
2011-06-08 05:00:00,131.05
2011-06-09 05:00:00,132.7
2011-06-10 05:00:00,132.97500000000002
2011-06-13 05:00:00,132.52499999999998
2011-06-14 05:00:00,134.15000000000003
2011-06-15 05:00:00,134.67500000000007
2011-06-16 05:00:00,134.77500000000003
2011-06-17 05:00:00,134.45000000000005
2011-06-20 05:00:00,135.95
2011-06-21 05:00:00,136.55
2011-06-22 05:00:00,136.25
2011-06-23 05:00:00,134.60000000000002
2011-06-24 05:00:00,135.22500000000002
2011-06-27 05:00:00,133.12500000000006
2011-06-28 05:00:00,133.35000000000002
2011-06-29 05:00:00,134.25000000000006
2011-06-30 05:00:00,132.77500000000003
2011-07-01 05:00:00,133.32500000000005
2011-07-05 05:00:00,132.90000000000003
2011-07-06 05:00:00,133.82500000000005
2011-07-07 05:00:00,136.425
2011-07-08 05:00:00,136.3
2011-07-11 05:00:00,139.3
2011-07-12 05:00:00,138.75
2011-07-13 05:00:00,139.77499999999998
2011-07-14 05:00:00,138.125
2011-07-15 05:00:00,138.2
2011-07-18 05:00:00,136.84999999999997
2011-07-19 05:00:00,138.22499999999997
2011-07-20 05:00:00,136.95
2011-07-21 05:00:00,137.2
2011-07-22 05:00:00,139.125
2011-07-25 05:00:00,139.02499999999998
2011-07-26 05:00:00,138.25
2011-07-27 05:00:00,137.97499999999997
2011-07-28 05:00:00,139.0
2011-07-29 05:00:00,138.95
2011-08-01 05:00:00,139.55
2011-08-02 05:00:00,139.22499999999997
2011-08-03 05:00:00,138.8
2011-08-04 05:00:00,139.3
2011-08-05 05:00:00,138.39999999999998
2011-08-08 05:00:00,136.875
2011-08-09 05:00:00,135.67500000000007
2011-08-10 05:00:00,133.40000000000003
2011-08-11 05:00:00,134.65000000000003
2011-08-12 05:00:00,136.02499999999998
2011-08-15 05:00:00,135.62500000000006
2011-08-16 05:00:00,135.50000000000006
2011-08-17 05:00:00,134.05
2011-08-18 05:00:00,132.95000000000005
2011-08-19 05:00:00,134.70000000000005
2011-08-22 05:00:00,134.97500000000002
2011-08-23 05:00:00,134.15000000000003
2011-08-24 05:00:00,133.27500000000003
2011-08-25 05:00:00,134.27500000000003
2011-08-26 05:00:00,134.40000000000003
2011-08-29 05:00:00,133.50000000000006
2011-08-30 05:00:00,132.97500000000002
2011-08-31 05:00:00,132.72499999999997
2011-09-01 05:00:00,131.825
2011-09-02 05:00:00,132.925
2011-09-06 05:00:00,131.075
2011-09-07 05:00:00,132.22499999999997
2011-09-08 05:00:00,132.95000000000005
2011-09-09 05:00:00,133.40000000000003
2011-09-12 05:00:00,132.54999999999995
2011-09-13 05:00:00,132.64999999999998
2011-09-14 05:00:00,133.675
2011-09-15 05:00:00,134.22500000000002
2011-09-16 05:00:00,132.54999999999995
2011-09-19 05:00:00,131.64999999999998
2011-09-20 05:00:00,132.8
2011-09-21 05:00:00,133.925
2011-09-22 05:00:00,131.825
2011-09-23 05:00:00,133.55
2011-09-26 05:00:00,132.82500000000005
2011-09-27 05:00:00,133.3
2011-09-28 05:00:00,133.3
2011-09-29 05:00:00,135.79999999999995
2011-09-30 05:00:00,137.625
2011-10-03 05:00:00,136.625
2011-10-04 05:00:00,136.67499999999995
2011-10-05 05:00:00,138.25
2011-10-06 05:00:00,139.04999999999995
2011-10-07 05:00:00,139.22499999999997
2011-10-10 05:00:00,137.575
2011-10-11 05:00:00,136.59999999999997
2011-10-12 05:00:00,137.27499999999998
2011-10-13 05:00:00,137.84999999999997
2011-10-14 05:00:00,139.89999999999998
2011-10-17 05:00:00,140.8
2011-10-18 05:00:00,140.84999999999997
2011-10-19 05:00:00,139.875
2011-10-20 05:00:00,139.84999999999997
2011-10-21 05:00:00,139.375
2011-10-24 05:00:00,139.52499999999998
2011-10-25 05:00:00,138.5
2011-10-26 05:00:00,137.0
2011-10-27 05:00:00,137.02499999999998
2011-10-28 05:00:00,137.25
2011-10-31 05:00:00,137.7
2011-11-01 05:00:00,137.425
2011-11-02 05:00:00,137.075
2011-11-03 05:00:00,137.09999999999997
2011-11-04 05:00:00,137.45
2011-11-07 06:00:00,135.75
2011-11-08 06:00:00,134.67500000000007
2011-11-09 06:00:00,134.30000000000007
2011-11-10 06:00:00,134.62500000000006
2011-11-11 06:00:00,135.10000000000002
2011-11-14 06:00:00,136.25
2011-11-15 06:00:00,137.14999999999998
2011-11-16 06:00:00,136.27499999999998
2011-11-17 06:00:00,137.77499999999998
2011-11-18 06:00:00,138.325
2011-11-21 06:00:00,138.34999999999997
2011-11-22 06:00:00,138.45
2011-11-23 06:00:00,138.8
2011-11-25 06:00:00,139.14999999999998
2011-11-28 06:00:00,137.925
2011-11-29 06:00:00,138.55
2011-11-30 06:00:00,138.925
2011-12-01 06:00:00,137.625
2011-12-02 06:00:00,136.575
2011-12-05 06:00:00,135.47500000000002
2011-12-06 06:00:00,136.425
2011-12-07 06:00:00,136.14999999999998
2011-12-08 06:00:00,134.60000000000002
2011-12-09 06:00:00,133.77500000000003
2011-12-12 06:00:00,133.95000000000005
2011-12-13 06:00:00,133.75000000000006
2011-12-14 06:00:00,133.67500000000007
2011-12-15 06:00:00,133.20000000000005
2011-12-16 06:00:00,130.97500000000002
2011-12-19 06:00:00,132.27499999999998
2011-12-20 06:00:00,132.2
2011-12-21 06:00:00,131.575
2011-12-22 06:00:00,133.02500000000003
2011-12-23 06:00:00,134.05000000000007
2011-12-27 06:00:00,133.82500000000005
2011-12-28 06:00:00,134.02500000000003
2011-12-29 06:00:00,132.80000000000007
2011-12-30 06:00:00,132.77500000000003
2012-01-03 06:00:00,133.52500000000003
2012-01-04 06:00:00,132.82500000000005
2012-01-05 06:00:00,132.2
2012-01-06 06:00:00,132.82500000000005
2012-01-09 06:00:00,132.05
2012-01-10 06:00:00,132.425
2012-01-11 06:00:00,130.875
2012-01-12 06:00:00,131.64999999999998
2012-01-13 06:00:00,132.125
2012-01-17 06:00:00,132.47500000000002
2012-01-18 06:00:00,133.00000000000006
2012-01-19 06:00:00,132.575
2012-01-20 06:00:00,132.125
2012-01-23 06:00:00,133.57500000000005
2012-01-24 06:00:00,132.92500000000007
2012-01-25 06:00:00,133.30000000000007
2012-01-26 06:00:00,131.875
2012-01-27 06:00:00,132.45
2012-01-30 06:00:00,132.22500000000002
2012-01-31 06:00:00,133.95000000000005
2012-02-01 06:00:00,135.42500000000007
2012-02-02 06:00:00,134.82500000000005
2012-02-03 06:00:00,134.00000000000006
2012-02-06 06:00:00,133.62500000000006
2012-02-07 06:00:00,134.17500000000007
2012-02-08 06:00:00,134.02500000000003
2012-02-09 06:00:00,134.72500000000008
2012-02-10 06:00:00,133.37500000000006
2012-02-13 06:00:00,133.05000000000007
2012-02-14 06:00:00,134.70000000000005
2012-02-15 06:00:00,134.47500000000008
2012-02-16 06:00:00,135.30000000000007
2012-02-17 06:00:00,135.22500000000008
2012-02-21 06:00:00,135.20000000000005
2012-02-22 06:00:00,135.97500000000002
2012-02-23 06:00:00,135.25000000000006
2012-02-24 06:00:00,135.02500000000003
2012-02-27 06:00:00,133.92500000000007
2012-02-28 06:00:00,133.57500000000005
2012-02-29 06:00:00,134.50000000000006
2012-03-01 06:00:00,135.15000000000003
2012-03-02 06:00:00,135.35000000000008
2012-03-05 06:00:00,134.35000000000008
2012-03-06 06:00:00,131.77499999999998
2012-03-07 06:00:00,131.39999999999998
2012-03-08 06:00:00,131.39999999999998
2012-03-09 06:00:00,131.175
2012-03-12 05:00:00,130.72500000000002
2012-03-13 05:00:00,130.875
2012-03-14 05:00:00,130.39999999999998
2012-03-15 05:00:00,129.97500000000002
2012-03-16 05:00:00,129.45
2012-03-19 05:00:00,129.25
2012-03-20 05:00:00,128.5
2012-03-21 05:00:00,128.05
2012-03-22 05:00:00,128.675
2012-03-23 05:00:00,128.075
2012-03-26 05:00:00,128.75
2012-03-27 05:00:00,129.575
2012-03-28 05:00:00,128.02499999999998
2012-03-29 05:00:00,125.92500000000003
2012-03-30 05:00:00,126.25000000000001
2012-04-02 05:00:00,128.02499999999998
2012-04-03 05:00:00,127.50000000000001
2012-04-04 05:00:00,127.85000000000004
2012-04-05 05:00:00,129.375
2012-04-09 05:00:00,129.45
2012-04-10 05:00:00,129.2
2012-04-11 05:00:00,128.5
2012-04-12 05:00:00,129.075
2012-04-13 05:00:00,126.075
2012-04-16 05:00:00,124.575
2012-04-17 05:00:00,125.60000000000004
2012-04-18 05:00:00,123.575
2012-04-19 05:00:00,124.52499999999999
2012-04-20 05:00:00,123.14999999999999
2012-04-23 05:00:00,123.35000000000004
2012-04-24 05:00:00,123.12500000000001
2012-04-25 05:00:00,123.67500000000003
2012-04-26 05:00:00,123.67500000000003
2012-04-27 05:00:00,122.72500000000004
2012-04-30 05:00:00,121.45000000000006
2012-05-01 05:00:00,121.95000000000006
2012-05-02 05:00:00,120.50000000000007
2012-05-03 05:00:00,121.40000000000005
2012-05-04 05:00:00,120.55000000000008
2012-05-07 05:00:00,120.40000000000005
2012-05-08 05:00:00,119.77500000000005
2012-05-09 05:00:00,120.45000000000006
2012-05-10 05:00:00,119.9750000000001
2012-05-11 05:00:00,120.3500000000001
2012-05-14 05:00:00,120.7250000000001
2012-05-15 05:00:00,122.60000000000004
2012-05-16 05:00:00,123.25000000000001
2012-05-17 05:00:00,124.39999999999999
2012-05-18 05:00:00,123.80000000000003
2012-05-21 05:00:00,122.67500000000003
2012-05-22 05:00:00,121.75000000000007
2012-05-23 05:00:00,120.8500000000001
2012-05-24 05:00:00,121.00000000000007
2012-05-25 05:00:00,121.52500000000005
2012-05-29 05:00:00,123.2
2012-05-30 05:00:00,123.72500000000004
2012-05-31 05:00:00,125.85000000000004
2012-06-01 05:00:00,126.2
2012-06-04 05:00:00,126.12500000000001
2012-06-05 05:00:00,126.45
2012-06-06 05:00:00,126.75000000000001
2012-06-07 05:00:00,126.92500000000003
2012-06-08 05:00:00,127.35000000000004
2012-06-11 05:00:00,127.60000000000004
2012-06-12 05:00:00,126.64999999999999
2012-06-13 05:00:00,126.89999999999999
2012-06-14 05:00:00,127.89999999999999
2012-06-15 05:00:00,126.10000000000004
2012-06-18 05:00:00,127.00000000000001
2012-06-19 05:00:00,127.10000000000004
2012-06-20 05:00:00,126.60000000000004
2012-06-21 05:00:00,127.05000000000003
2012-06-22 05:00:00,126.60000000000004
2012-06-25 05:00:00,124.87500000000001
2012-06-26 05:00:00,124.72500000000004
2012-06-27 05:00:00,126.10000000000004
2012-06-28 05:00:00,127.02499999999999
2012-06-29 05:00:00,128.0
2012-07-02 05:00:00,128.14999999999998
2012-07-03 05:00:00,128.25
2012-07-05 05:00:00,127.27499999999999
2012-07-06 05:00:00,127.30000000000003
2012-07-09 05:00:00,129.175
2012-07-10 05:00:00,128.0
2012-07-11 05:00:00,126.14999999999999
2012-07-12 05:00:00,126.39999999999999
2012-07-13 05:00:00,124.52499999999999
2012-07-16 05:00:00,124.25000000000001
2012-07-17 05:00:00,122.72500000000004
2012-07-18 05:00:00,125.10000000000004
2012-07-19 05:00:00,125.05000000000003
2012-07-20 05:00:00,124.85000000000004
2012-07-23 05:00:00,123.89999999999999
2012-07-24 05:00:00,123.075
2012-07-25 05:00:00,125.25000000000001
2012-07-26 05:00:00,126.47500000000004
2012-07-27 05:00:00,126.37500000000001
2012-07-30 05:00:00,127.02499999999999
2012-07-31 05:00:00,125.35000000000004
2012-08-01 05:00:00,124.77499999999999
2012-08-02 05:00:00,123.27499999999999
2012-08-03 05:00:00,120.90000000000005
2012-08-06 05:00:00,120.2250000000001
2012-08-07 05:00:00,119.9750000000001
2012-08-08 05:00:00,120.67500000000008
2012-08-09 05:00:00,121.00000000000007
2012-08-10 05:00:00,120.57500000000006
2012-08-13 05:00:00,122.1000000000001
2012-08-14 05:00:00,122.4750000000001
2012-08-15 05:00:00,120.92500000000008
2012-08-16 05:00:00,120.55000000000008
2012-08-17 05:00:00,121.25000000000007
2012-08-20 05:00:00,121.25000000000007
2012-08-21 05:00:00,120.70000000000006
2012-08-22 05:00:00,118.4750000000001
2012-08-23 05:00:00,118.25000000000007
2012-08-24 05:00:00,118.2250000000001
2012-08-27 05:00:00,118.70000000000006
2012-08-28 05:00:00,118.40000000000005
2012-08-29 05:00:00,118.67500000000008
2012-08-30 05:00:00,119.45000000000006
2012-08-31 05:00:00,120.05000000000008
2012-09-04 05:00:00,120.1000000000001
2012-09-05 05:00:00,119.52500000000005
2012-09-06 05:00:00,118.55000000000008
2012-09-07 05:00:00,118.15000000000005
2012-09-10 05:00:00,119.2250000000001
2012-09-11 05:00:00,119.07500000000006
2012-09-12 05:00:00,120.00000000000007
2012-09-13 05:00:00,120.02500000000005
2012-09-14 05:00:00,121.55000000000008
2012-09-17 05:00:00,121.00000000000007
2012-09-18 05:00:00,121.8500000000001
2012-09-19 05:00:00,122.37500000000007
2012-09-20 05:00:00,121.8500000000001
2012-09-21 05:00:00,122.62500000000001
2012-09-24 05:00:00,123.00000000000001
2012-09-25 05:00:00,122.30000000000008
2012-09-26 05:00:00,122.02500000000005
2012-09-27 05:00:00,121.25000000000007
2012-09-28 05:00:00,121.40000000000005
2012-10-01 05:00:00,122.77499999999999
2012-10-02 05:00:00,124.50000000000001
2012-10-03 05:00:00,123.52499999999999
2012-10-04 05:00:00,123.7
2012-10-05 05:00:00,124.2
2012-10-08 05:00:00,124.52499999999999
2012-10-09 05:00:00,124.45
2012-10-10 05:00:00,125.75000000000001
2012-10-11 05:00:00,125.14999999999999
2012-10-12 05:00:00,126.02499999999999
2012-10-15 05:00:00,125.95
2012-10-16 05:00:00,125.80000000000003
2012-10-17 05:00:00,126.34999999999998
2012-10-18 05:00:00,126.7
2012-10-19 05:00:00,127.075
2012-10-22 05:00:00,126.55000000000003
2012-10-23 05:00:00,126.02499999999999
2012-10-24 05:00:00,126.05000000000003
2012-10-25 05:00:00,125.64999999999999
2012-10-26 05:00:00,125.825
2012-10-29 05:00:00,124.62500000000001
2012-10-30 05:00:00,125.25000000000001
2012-10-31 05:00:00,125.84999999999998
2012-11-01 05:00:00,125.52499999999999
2012-11-02 05:00:00,125.27499999999999
2012-11-05 06:00:00,124.325
2012-11-06 06:00:00,124.80000000000003
2012-11-07 06:00:00,127.325
2012-11-08 06:00:00,127.37500000000001
2012-11-09 06:00:00,127.7
2012-11-12 06:00:00,127.64999999999999
2012-11-13 06:00:00,128.22499999999997
2012-11-14 06:00:00,127.42500000000003
2012-11-15 06:00:00,127.52499999999999
2012-11-16 06:00:00,127.825
2012-11-19 06:00:00,128.8
2012-11-20 06:00:00,129.075
2012-11-21 06:00:00,128.5
2012-11-23 06:00:00,128.75
2012-11-26 06:00:00,128.34999999999997
2012-11-27 06:00:00,128.09999999999997
2012-11-28 06:00:00,128.95
2012-11-29 06:00:00,128.5
2012-11-30 06:00:00,128.3
2012-12-03 06:00:00,127.05000000000003
2012-12-04 06:00:00,126.89999999999999
2012-12-05 06:00:00,127.02499999999999
2012-12-06 06:00:00,125.825
2012-12-07 06:00:00,124.84999999999998
2012-12-10 06:00:00,125.30000000000003
2012-12-11 06:00:00,125.52499999999999
2012-12-12 06:00:00,127.02499999999999
2012-12-13 06:00:00,127.27499999999999
2012-12-14 06:00:00,126.77499999999999
2012-12-17 06:00:00,126.17500000000003
2012-12-18 06:00:00,126.64999999999999
2012-12-19 06:00:00,127.825
2012-12-20 06:00:00,127.55000000000003
2012-12-21 06:00:00,128.0
2012-12-24 06:00:00,128.02499999999998
2012-12-26 06:00:00,127.84999999999998
2012-12-27 06:00:00,127.325
2012-12-28 06:00:00,126.50000000000001
2012-12-31 06:00:00,125.09999999999998
2013-01-02 06:00:00,125.62500000000001
2013-01-03 06:00:00,126.55000000000003
2013-01-04 06:00:00,126.22499999999998
2013-01-07 06:00:00,125.92500000000003
2013-01-08 06:00:00,126.325
2013-01-09 06:00:00,123.7
2013-01-10 06:00:00,123.47499999999998
2013-01-11 06:00:00,123.50000000000001
2013-01-14 06:00:00,124.22499999999998
2013-01-15 06:00:00,123.97499999999998
2013-01-16 06:00:00,123.80000000000003
2013-01-17 06:00:00,124.45
2013-01-18 06:00:00,124.45
2013-01-22 06:00:00,124.64999999999999
2013-01-23 06:00:00,124.37500000000001
2013-01-24 06:00:00,126.05000000000003
2013-01-25 06:00:00,125.30000000000003
2013-01-28 06:00:00,125.42500000000003
2013-01-29 06:00:00,126.00000000000001
2013-01-30 06:00:00,125.62500000000001
2013-01-31 06:00:00,125.72499999999998
2013-02-01 06:00:00,125.12500000000001
2013-02-04 06:00:00,124.72499999999998
2013-02-05 06:00:00,124.075
2013-02-06 06:00:00,122.62500000000001
2013-02-07 06:00:00,122.89999999999999
2013-02-08 06:00:00,122.50000000000001
2013-02-11 06:00:00,122.75000000000001
2013-02-12 06:00:00,122.37500000000007
2013-02-13 06:00:00,122.17500000000008
2013-02-14 06:00:00,120.72500000000004
2013-02-15 06:00:00,120.97500000000004
2013-02-19 06:00:00,120.00000000000007
2013-02-20 06:00:00,120.37500000000007
2013-02-21 06:00:00,119.72500000000004
2013-02-22 06:00:00,118.97500000000004
2013-02-25 06:00:00,119.07500000000006
2013-02-26 06:00:00,119.35000000000004
2013-02-27 06:00:00,119.25000000000007
2013-02-28 06:00:00,119.50000000000007
2013-03-01 06:00:00,119.40000000000005
2013-03-04 06:00:00,118.60000000000004
2013-03-05 06:00:00,117.57500000000006
2013-03-06 06:00:00,117.47500000000004
2013-03-07 06:00:00,120.05000000000008
2013-03-08 06:00:00,119.72500000000004
2013-03-11 05:00:00,118.87500000000007
2013-03-12 05:00:00,119.07500000000006
2013-03-13 05:00:00,118.10000000000004
2013-03-14 05:00:00,118.55000000000008
2013-03-15 05:00:00,117.35000000000004
2013-03-18 05:00:00,116.97500000000004
2013-03-19 05:00:00,116.30000000000003
2013-03-20 05:00:00,116.52500000000005
2013-03-21 05:00:00,117.57500000000006
2013-03-22 05:00:00,117.75000000000007
2013-03-25 05:00:00,118.80000000000008
2013-03-26 05:00:00,119.10000000000004
2013-03-27 05:00:00,118.70000000000006
2013-03-28 05:00:00,119.10000000000004
2013-04-01 05:00:00,119.60000000000004
2013-04-02 05:00:00,119.87500000000007
2013-04-03 05:00:00,120.50000000000007
2013-04-04 05:00:00,120.05000000000008
2013-04-05 05:00:00,117.72500000000004
2013-04-08 05:00:00,118.57500000000006
2013-04-09 05:00:00,117.87500000000007
2013-04-10 05:00:00,117.52500000000005
2013-04-11 05:00:00,117.47500000000004
2013-04-12 05:00:00,117.92500000000008
2013-04-15 05:00:00,116.75000000000001
2013-04-16 05:00:00,117.32500000000006
2013-04-17 05:00:00,118.62500000000007
2013-04-18 05:00:00,118.82500000000006
2013-04-19 05:00:00,118.30000000000008
2013-04-22 05:00:00,117.65000000000005
2013-04-23 05:00:00,118.05000000000008
2013-04-24 05:00:00,119.45000000000006
2013-04-25 05:00:00,120.05000000000008
2013-04-26 05:00:00,120.77500000000005
2013-04-29 05:00:00,120.52500000000005
2013-04-30 05:00:00,120.92500000000008
2013-05-01 05:00:00,121.00000000000007
2013-05-02 05:00:00,121.05000000000008
2013-05-03 05:00:00,120.32500000000006
2013-05-06 05:00:00,119.27500000000005
2013-05-07 05:00:00,119.40000000000005
2013-05-08 05:00:00,119.92500000000008
2013-05-09 05:00:00,119.25000000000007
2013-05-10 05:00:00,118.92500000000008
2013-05-13 05:00:00,119.05000000000008
2013-05-14 05:00:00,120.42500000000008
2013-05-15 05:00:00,119.87500000000007
2013-05-16 05:00:00,120.27500000000005
2013-05-17 05:00:00,119.52500000000005
2013-05-20 05:00:00,119.72500000000004
2013-05-21 05:00:00,119.97500000000004
2013-05-22 05:00:00,121.45000000000006
2013-05-23 05:00:00,121.17500000000003
2013-05-24 05:00:00,121.57500000000006
2013-05-28 05:00:00,121.85000000000004
2013-05-29 05:00:00,121.87500000000007
2013-05-30 05:00:00,122.45000000000006
2013-05-31 05:00:00,122.84999999999998
2013-06-03 05:00:00,122.17500000000003
2013-06-04 05:00:00,123.27499999999999
2013-06-05 05:00:00,123.075
2013-06-06 05:00:00,123.89999999999999
2013-06-07 05:00:00,124.54999999999997
2013-06-10 05:00:00,125.325
2013-06-11 05:00:00,125.97499999999998
2013-06-12 05:00:00,126.97499999999998
2013-06-13 05:00:00,126.67499999999997
2013-06-14 05:00:00,126.12500000000001
2013-06-17 05:00:00,126.62500000000001
2013-06-18 05:00:00,126.64999999999999
2013-06-19 05:00:00,127.30000000000003
2013-06-20 05:00:00,127.22499999999998
2013-06-21 05:00:00,126.87500000000001
2013-06-24 05:00:00,127.62500000000001
2013-06-25 05:00:00,127.42500000000003
2013-06-26 05:00:00,127.325
2013-06-27 05:00:00,128.77499999999998
2013-06-28 05:00:00,127.575
2013-07-01 05:00:00,127.575
2013-07-02 05:00:00,127.075
2013-07-03 05:00:00,126.92500000000003
2013-07-05 05:00:00,126.825
2013-07-08 05:00:00,125.30000000000003
2013-07-09 05:00:00,125.62500000000001
2013-07-10 05:00:00,126.37500000000001
2013-07-11 05:00:00,126.02499999999999
2013-07-12 05:00:00,125.97499999999998
2013-07-15 05:00:00,126.47499999999998
2013-07-16 05:00:00,127.12500000000001
2013-07-17 05:00:00,127.05000000000003
2013-07-18 05:00:00,127.39999999999999
2013-07-19 05:00:00,126.75000000000001
2013-07-22 05:00:00,127.05000000000003
2013-07-23 05:00:00,128.09999999999997
2013-07-24 05:00:00,128.39999999999998
2013-07-25 05:00:00,127.75000000000001
2013-07-26 05:00:00,126.575
2013-07-29 05:00:00,126.27499999999999
2013-07-30 05:00:00,124.97499999999998
2013-07-31 05:00:00,125.09999999999998
2013-08-01 05:00:00,125.67500000000003
2013-08-02 05:00:00,125.72499999999998
2013-08-05 05:00:00,127.27499999999999
2013-08-06 05:00:00,128.22499999999997
2013-08-07 05:00:00,126.7
2013-08-08 05:00:00,127.02499999999999
2013-08-09 05:00:00,126.75000000000001
2013-08-12 05:00:00,127.97499999999998
2013-08-13 05:00:00,128.3
2013-08-14 05:00:00,129.925
2013-08-15 05:00:00,129.27499999999998
2013-08-16 05:00:00,128.7
2013-08-19 05:00:00,128.7
2013-08-20 05:00:00,129.0
2013-08-21 05:00:00,127.87500000000001
2013-08-22 05:00:00,126.84999999999998
2013-08-23 05:00:00,127.50000000000001
2013-08-26 05:00:00,128.325
2013-08-27 05:00:00,128.8
2013-08-28 05:00:00,128.39999999999998
2013-08-29 05:00:00,129.55
2013-08-30 05:00:00,130.0
2013-09-03 05:00:00,130.22499999999997
2013-09-04 05:00:00,131.09999999999997
2013-09-05 05:00:00,131.175
2013-09-06 05:00:00,132.25
2013-09-09 05:00:00,132.87500000000006
2013-09-10 05:00:00,132.80000000000007
2013-09-11 05:00:00,132.5
2013-09-12 05:00:00,132.52499999999998
2013-09-13 05:00:00,132.5
2013-09-16 05:00:00,133.72500000000002
2013-09-17 05:00:00,132.77500000000003
2013-09-18 05:00:00,133.20000000000005
2013-09-19 05:00:00,132.55
2013-09-20 05:00:00,131.325
2013-09-23 05:00:00,131.675
2013-09-24 05:00:00,133.32500000000005
2013-09-25 05:00:00,133.85000000000002
2013-09-26 05:00:00,132.97500000000002
2013-09-27 05:00:00,133.37500000000006
2013-09-30 05:00:00,131.875
2013-10-01 05:00:00,131.14999999999998
2013-10-02 05:00:00,131.425
2013-10-03 05:00:00,132.02499999999998
2013-10-04 05:00:00,132.87500000000006
2013-10-07 05:00:00,133.12500000000006
2013-10-08 05:00:00,133.45000000000005
2013-10-09 05:00:00,131.77499999999998
2013-10-10 05:00:00,131.89999999999998
2013-10-11 05:00:00,131.75
2013-10-14 05:00:00,131.59999999999997
2013-10-15 05:00:00,132.75000000000006
2013-10-16 05:00:00,133.60000000000002
2013-10-17 05:00:00,133.47500000000002
2013-10-18 05:00:00,133.00000000000006
2013-10-21 05:00:00,132.59999999999997
2013-10-22 05:00:00,133.47500000000002
2013-10-23 05:00:00,133.15000000000003
2013-10-24 05:00:00,134.8
2013-10-25 05:00:00,135.675
2013-10-28 05:00:00,137.5
2013-10-29 05:00:00,137.04999999999995
2013-10-30 05:00:00,136.04999999999995
2013-10-31 05:00:00,134.97500000000002
2013-11-01 05:00:00,134.175
2013-11-04 06:00:00,134.52500000000003
2013-11-05 06:00:00,134.77500000000003
2013-11-06 06:00:00,133.82500000000005
2013-11-07 06:00:00,134.35000000000002
2013-11-08 06:00:00,135.02500000000003
2013-11-11 06:00:00,135.175
2013-11-12 06:00:00,134.3
2013-11-13 06:00:00,133.72500000000002
2013-11-14 06:00:00,132.75000000000006
2013-11-15 06:00:00,133.22500000000002
2013-11-18 06:00:00,132.85000000000002
2013-11-19 06:00:00,132.85000000000002
2013-11-20 06:00:00,133.87500000000006
2013-11-21 06:00:00,133.52500000000003
2013-11-22 06:00:00,132.625
2013-11-25 06:00:00,132.75000000000006
2013-11-26 06:00:00,133.35000000000002
2013-11-27 06:00:00,133.425
2013-11-29 06:00:00,133.52500000000003
2013-12-02 06:00:00,133.40000000000003
2013-12-03 06:00:00,131.92499999999995
2013-12-04 06:00:00,131.95
2013-12-05 06:00:00,131.625
2013-12-06 06:00:00,131.95
2013-12-09 06:00:00,132.8
2013-12-10 06:00:00,131.67499999999995
2013-12-11 06:00:00,130.72499999999997
2013-12-12 06:00:00,130.95
2013-12-13 06:00:00,130.125
2013-12-16 06:00:00,129.7
2013-12-17 06:00:00,129.04999999999995
2013-12-18 06:00:00,129.79999999999995
2013-12-19 06:00:00,129.825
2013-12-20 06:00:00,129.79999999999995
2013-12-23 06:00:00,129.575
2013-12-24 06:00:00,129.67499999999995
2013-12-26 06:00:00,129.27499999999998
2013-12-27 06:00:00,129.59999999999997
2013-12-30 06:00:00,129.075
2013-12-31 06:00:00,129.29999999999995
2014-01-02 06:00:00,130.42499999999995
2014-01-03 06:00:00,130.2
2014-01-06 06:00:00,130.04999999999995
2014-01-07 06:00:00,129.34999999999997
2014-01-08 06:00:00,129.72499999999997
2014-01-09 06:00:00,129.34999999999997
2014-01-10 06:00:00,129.625
2014-01-13 06:00:00,129.0
2014-01-14 06:00:00,129.29999999999995
2014-01-15 06:00:00,130.17499999999995
2014-01-16 06:00:00,130.875
2014-01-17 06:00:00,130.52499999999998
2014-01-21 06:00:00,131.0
2014-01-22 06:00:00,131.59999999999997
2014-01-23 06:00:00,131.575
2014-01-24 06:00:00,132.64999999999998
2014-01-27 06:00:00,132.925
2014-01-28 06:00:00,132.2
2014-01-29 06:00:00,132.42499999999995
2014-01-30 06:00:00,132.25
2014-01-31 06:00:00,133.425
2014-02-03 06:00:00,131.47499999999997
2014-02-04 06:00:00,131.75
2014-02-05 06:00:00,133.62500000000006
2014-02-06 06:00:00,132.82500000000005
2014-02-07 06:00:00,133.35000000000002
2014-02-10 06:00:00,133.37500000000006
2014-02-11 06:00:00,132.8
2014-02-12 06:00:00,133.00000000000006
2014-02-13 06:00:00,133.55
2014-02-14 06:00:00,134.77500000000003
2014-02-18 06:00:00,135.97499999999997
2014-02-19 06:00:00,136.14999999999998
2014-02-20 06:00:00,136.42499999999995
2014-02-21 06:00:00,136.67499999999995
2014-02-24 06:00:00,136.77499999999998
2014-02-25 06:00:00,137.59999999999997
2014-02-26 06:00:00,136.99999999999994
2014-02-27 06:00:00,138.575
2014-02-28 06:00:00,140.87499999999994
2014-03-03 06:00:00,141.39999999999998
2014-03-04 06:00:00,144.39999999999998
2014-03-05 06:00:00,146.39999999999998
2014-03-06 06:00:00,147.99999999999994
2014-03-07 06:00:00,149.14999999999998
2014-03-10 05:00:00,152.14999999999998
2014-03-11 05:00:00,153.59999999999997
2014-03-12 05:00:00,153.97499999999997
2014-03-13 05:00:00,156.24999999999994
2014-03-14 05:00:00,156.49999999999994
2014-03-17 05:00:00,159.42499999999995
2014-03-18 05:00:00,161.64999999999998
2014-03-19 05:00:00,160.89999999999998
2014-03-20 05:00:00,159.45
2014-03-21 05:00:00,158.97499999999997
2014-03-24 05:00:00,156.84999999999997
2014-03-25 05:00:00,153.84999999999997
2014-03-26 05:00:00,154.95
2014-03-27 05:00:00,157.95
2014-03-28 05:00:00,158.22499999999997
2014-03-31 05:00:00,155.825
2014-04-01 05:00:00,156.24999999999994
2014-04-02 05:00:00,153.45
2014-04-03 05:00:00,152.2
2014-04-04 05:00:00,149.2
2014-04-07 05:00:00,150.325
2014-04-08 05:00:00,147.39999999999998
2014-04-09 05:00:00,150.39999999999998
2014-04-10 05:00:00,149.79999999999995
2014-04-11 05:00:00,149.87499999999994
2014-04-14 05:00:00,151.29999999999995
2014-04-15 05:00:00,151.77499999999998
2014-04-16 05:00:00,153.45
2014-04-17 05:00:00,154.875
2014-04-21 05:00:00,152.29999999999995
2014-04-22 05:00:00,152.79999999999995
2014-04-23 05:00:00,155.79999999999995
2014-04-24 05:00:00,155.75
2014-04-25 05:00:00,154.47499999999997
2014-04-28 05:00:00,154.54999999999995
2014-04-29 05:00:00,156.02499999999998
2014-04-30 05:00:00,154.2
2014-05-01 05:00:00,154.5
2014-05-02 05:00:00,153.77499999999998
2014-05-05 05:00:00,153.77499999999998
2014-05-06 05:00:00,155.09999999999997
2014-05-07 05:00:00,154.825
2014-05-08 05:00:00,155.22499999999997
2014-05-09 05:00:00,156.34999999999997
2014-05-12 05:00:00,156.95
2014-05-13 05:00:00,157.2
2014-05-14 05:00:00,158.7
2014-05-15 05:00:00,157.14999999999998
2014-05-16 05:00:00,157.12499999999994
2014-05-19 05:00:00,158.12499999999994
2014-05-20 05:00:00,158.62499999999994
2014-05-21 05:00:00,160.24999999999994
2014-05-22 05:00:00,159.62499999999994
2014-05-23 05:00:00,158.47499999999997
2014-05-27 05:00:00,158.325
2014-05-28 05:00:00,156.29999999999995
2014-05-29 05:00:00,156.42499999999995
2014-05-30 05:00:00,156.325
2014-06-02 05:00:00,157.47499999999997
2014-06-03 05:00:00,159.17499999999995
2014-06-04 05:00:00,159.325
2014-06-05 05:00:00,159.72499999999997
2014-06-06 05:00:00,160.825
2014-06-09 05:00:00,161.62499999999994
2014-06-10 05:00:00,161.27499999999998
2014-06-11 05:00:00,161.47499999999997
2014-06-12 05:00:00,162.325
2014-06-13 05:00:00,162.79999999999995
2014-06-16 05:00:00,159.79999999999995
2014-06-17 05:00:00,158.59999999999997
2014-06-18 05:00:00,157.64999999999998
2014-06-19 05:00:00,159.97499999999997
2014-06-20 05:00:00,159.92499999999995
2014-06-23 05:00:00,160.95
2014-06-24 05:00:00,161.97499999999997
2014-06-25 05:00:00,160.39999999999998
2014-06-26 05:00:00,160.79999999999995
2014-06-27 05:00:00,161.09999999999997
2014-06-30 05:00:00,164.09999999999997
2014-07-01 05:00:00,164.34999999999997
2014-07-02 05:00:00,165.3
2014-07-03 05:00:00,166.95
2014-07-07 05:00:00,168.04999999999995
2014-07-08 05:00:00,166.5
2014-07-09 05:00:00,165.60000000000002
2014-07-10 05:00:00,163.14999999999998
2014-07-11 05:00:00,164.0
2014-07-14 05:00:00,165.925
2014-07-15 05:00:00,166.15000000000003
2014-07-16 05:00:00,165.27500000000003
2014-07-17 05:00:00,163.92499999999995
2014-07-18 05:00:00,163.75
2014-07-21 05:00:00,162.89999999999998
2014-07-22 05:00:00,163.64999999999998
2014-07-23 05:00:00,160.64999999999998
2014-07-24 05:00:00,158.09999999999997
2014-07-25 05:00:00,157.47499999999997
2014-07-28 05:00:00,156.825
2014-07-29 05:00:00,156.27499999999998
2014-07-30 05:00:00,153.89999999999998
2014-07-31 05:00:00,153.375
2014-08-01 05:00:00,153.02499999999998
2014-08-04 05:00:00,153.825
2014-08-05 05:00:00,151.875
2014-08-06 05:00:00,152.39999999999998
2014-08-07 05:00:00,150.45
2014-08-08 05:00:00,149.52499999999998
2014-08-11 05:00:00,150.375
2014-08-12 05:00:00,147.375
2014-08-13 05:00:00,147.59999999999997
2014-08-14 05:00:00,145.45
2014-08-15 05:00:00,146.75
2014-08-18 05:00:00,146.575
2014-08-19 05:00:00,146.325
2014-08-20 05:00:00,144.125
2014-08-21 05:00:00,145.25
2014-08-22 05:00:00,144.84999999999997
2014-08-25 05:00:00,145.7
2014-08-26 05:00:00,147.39999999999998
2014-08-27 05:00:00,148.2
2014-08-28 05:00:00,148.075
2014-08-29 05:00:00,149.7
2014-09-02 05:00:00,151.09999999999997
2014-09-03 05:00:00,150.79999999999995
2014-09-04 05:00:00,150.14999999999998
2014-09-05 05:00:00,153.14999999999998
2014-09-08 05:00:00,153.75
2014-09-09 05:00:00,155.95
2014-09-10 05:00:00,156.34999999999997
2014-09-11 05:00:00,154.89999999999998
2014-09-12 05:00:00,154.0
2014-09-15 05:00:00,153.54999999999995
2014-09-16 05:00:00,153.625
2014-09-17 05:00:00,151.59999999999997
2014-09-18 05:00:00,151.5
2014-09-19 05:00:00,152.54999999999995
2014-09-22 05:00:00,153.39999999999998
2014-09-23 05:00:00,152.95
2014-09-24 05:00:00,152.89999999999998
2014-09-25 05:00:00,151.29999999999995
2014-09-26 05:00:00,152.17499999999995
2014-09-29 05:00:00,152.54999999999995
2014-09-30 05:00:00,152.22499999999997
2014-10-01 05:00:00,152.575
2014-10-02 05:00:00,152.625
2014-10-03 05:00:00,150.72499999999997
2014-10-06 05:00:00,153.575
2014-10-07 05:00:00,152.04999999999995
2014-10-08 05:00:00,152.875
2014-10-09 05:00:00,153.325
2014-10-10 05:00:00,152.09999999999997
2014-10-13 05:00:00,152.325
2014-10-14 05:00:00,152.625
2014-10-15 05:00:00,149.625
2014-10-16 05:00:00,146.875
2014-10-17 05:00:00,147.97499999999997
2014-10-20 05:00:00,146.825
2014-10-21 05:00:00,146.5
2014-10-22 05:00:00,148.27499999999998
2014-10-23 05:00:00,147.875
2014-10-24 05:00:00,149.29999999999995
2014-10-27 05:00:00,148.64999999999998
2014-10-28 05:00:00,149.72499999999997
2014-10-29 05:00:00,148.47499999999997
2014-10-30 05:00:00,147.375
2014-10-31 05:00:00,148.47499999999997
2014-11-03 06:00:00,149.42499999999995
2014-11-04 06:00:00,148.22499999999997
2014-11-05 06:00:00,147.17499999999995
2014-11-06 06:00:00,147.42499999999995
2014-11-07 06:00:00,148.84999999999997
2014-11-10 06:00:00,149.52499999999998
2014-11-11 06:00:00,149.875
2014-11-12 06:00:00,151.22499999999997
2014-11-13 06:00:00,152.02499999999998
2014-11-14 06:00:00,153.17499999999995
2014-11-17 06:00:00,153.04999999999995
2014-11-18 06:00:00,151.54999999999995
2014-11-19 06:00:00,152.075
2014-11-20 06:00:00,151.325
2014-11-21 06:00:00,150.875
2014-11-24 06:00:00,150.92499999999995
2014-11-25 06:00:00,150.25
2014-11-26 06:00:00,149.97499999999997
2014-11-28 06:00:00,148.64999999999998
2014-12-01 06:00:00,149.34999999999997
2014-12-02 06:00:00,149.42499999999995
2014-12-03 06:00:00,147.29999999999995
2014-12-04 06:00:00,147.04999999999995
2014-12-05 06:00:00,146.04999999999995
2014-12-08 06:00:00,145.54999999999995
2014-12-09 06:00:00,145.02499999999998
2014-12-10 06:00:00,144.97499999999997
2014-12-11 06:00:00,144.77499999999998
2014-12-12 06:00:00,143.67499999999995
2014-12-15 06:00:00,144.14999999999998
2014-12-16 06:00:00,142.75
2014-12-17 06:00:00,141.22499999999997
2014-12-18 06:00:00,142.54999999999995
2014-12-19 06:00:00,142.52499999999998
2014-12-22 06:00:00,141.875
2014-12-23 06:00:00,143.125
2014-12-24 06:00:00,143.0
2014-12-26 06:00:00,143.52499999999998
2014-12-29 06:00:00,143.97499999999997
2014-12-30 06:00:00,142.75
2014-12-31 06:00:00,142.59999999999997
2015-01-02 06:00:00,142.825
2015-01-05 06:00:00,142.125
2015-01-06 06:00:00,140.67499999999995
2015-01-07 06:00:00,141.2
2015-01-08 06:00:00,139.27499999999998
2015-01-09 06:00:00,139.375
2015-01-12 06:00:00,137.02499999999998
2015-01-13 06:00:00,135.825
2015-01-14 06:00:00,137.325
2015-01-15 06:00:00,137.67499999999995
2015-01-16 06:00:00,137.0
2015-01-20 06:00:00,134.00000000000006
2015-01-21 06:00:00,133.55
2015-01-22 06:00:00,132.2
2015-01-23 06:00:00,129.97499999999997
2015-01-26 06:00:00,131.97499999999997
2015-01-27 06:00:00,131.375
2015-01-28 06:00:00,134.27500000000003
2015-01-29 06:00:00,132.52499999999998
2015-01-30 06:00:00,131.575
2015-02-02 06:00:00,130.25
2015-02-03 06:00:00,130.2
2015-02-04 06:00:00,127.45
2015-02-05 06:00:00,125.59999999999998
2015-02-06 06:00:00,128.59999999999997
2015-02-09 06:00:00,126.075
2015-02-10 06:00:00,125.89999999999999
2015-02-11 06:00:00,123.14999999999999
2015-02-12 06:00:00,123.825
2015-02-13 06:00:00,125.34999999999998
2015-02-17 06:00:00,123.59999999999998
2015-02-18 06:00:00,124.47499999999998
2015-02-19 06:00:00,126.67500000000003
2015-02-20 06:00:00,126.95
2015-02-23 06:00:00,127.62500000000001
2015-02-24 06:00:00,128.2
2015-02-25 06:00:00,129.2
2015-02-26 06:00:00,127.84999999999998
2015-02-27 06:00:00,128.09999999999997
2015-03-02 06:00:00,128.27499999999998
2015-03-03 06:00:00,125.75000000000001
2015-03-04 06:00:00,126.77499999999999
2015-03-05 06:00:00,125.62500000000001
2015-03-06 06:00:00,125.27499999999999
2015-03-09 05:00:00,124.52499999999999
2015-03-10 05:00:00,123.89999999999999
2015-03-11 05:00:00,121.42500000000008
2015-03-12 05:00:00,121.00000000000007
2015-03-13 05:00:00,120.65000000000005
2015-03-16 05:00:00,121.47500000000004
2015-03-17 05:00:00,121.02500000000005
2015-03-18 05:00:00,120.35000000000004
2015-03-19 05:00:00,119.75000000000007
2015-03-20 05:00:00,119.07500000000006
2015-03-23 05:00:00,118.85000000000004
2015-03-24 05:00:00,119.90000000000005
2015-03-25 05:00:00,119.82500000000006
2015-03-26 05:00:00,120.37500000000007
2015-03-27 05:00:00,120.22500000000004
2015-03-30 05:00:00,120.77500000000005
2015-03-31 05:00:00,121.02500000000005
2015-04-01 05:00:00,121.47500000000004
2015-04-02 05:00:00,120.92500000000008
2015-04-06 05:00:00,121.82500000000006
2015-04-07 05:00:00,121.57500000000006
2015-04-08 05:00:00,122.32500000000006
2015-04-09 05:00:00,122.02500000000005
2015-04-10 05:00:00,123.37500000000001
2015-04-13 05:00:00,124.00000000000001
2015-04-14 05:00:00,123.7
2015-04-15 05:00:00,120.70000000000006
2015-04-16 05:00:00,121.30000000000003
2015-04-17 05:00:00,120.97500000000004
2015-04-20 05:00:00,120.45000000000006
2015-04-21 05:00:00,122.825
2015-04-22 05:00:00,121.37500000000007
2015-04-23 05:00:00,123.39999999999999
2015-04-24 05:00:00,124.25000000000001
2015-04-27 05:00:00,124.22499999999998
2015-04-28 05:00:00,124.7
2015-04-29 05:00:00,125.97499999999998
2015-04-30 05:00:00,126.02499999999999
2015-05-01 05:00:00,125.54999999999997
2015-05-04 05:00:00,126.17499999999997
2015-05-05 05:00:00,126.62500000000001
2015-05-06 05:00:00,127.575
2015-05-07 05:00:00,126.825
2015-05-08 05:00:00,127.42499999999997
2015-05-11 05:00:00,127.27499999999999
2015-05-12 05:00:00,128.45
2015-05-13 05:00:00,128.75
2015-05-14 05:00:00,128.14999999999998
2015-05-15 05:00:00,127.42499999999997
2015-05-18 05:00:00,126.64999999999999
2015-05-19 05:00:00,126.22499999999998
2015-05-20 05:00:00,127.14999999999999
2015-05-21 05:00:00,127.47499999999998
2015-05-22 05:00:00,127.12499999999996
2015-05-26 05:00:00,126.34999999999998
2015-05-27 05:00:00,126.54999999999997
2015-05-28 05:00:00,127.24999999999996
2015-05-29 05:00:00,125.89999999999999
2015-06-01 05:00:00,126.77499999999999
2015-06-02 05:00:00,126.14999999999999
2015-06-03 05:00:00,124.89999999999999
2015-06-04 05:00:00,123.02499999999999
2015-06-05 05:00:00,124.22499999999998
2015-06-08 05:00:00,124.04999999999997
2015-06-09 05:00:00,122.79999999999997
2015-06-10 05:00:00,122.64999999999999
2015-06-11 05:00:00,121.92500000000003
2015-06-12 05:00:00,120.12500000000001
2015-06-15 05:00:00,118.87500000000001
2015-06-16 05:00:00,118.55000000000003
2015-06-17 05:00:00,119.77500000000005
2015-06-18 05:00:00,119.22500000000004
2015-06-19 05:00:00,117.27500000000005
2015-06-22 05:00:00,116.325
2015-06-23 05:00:00,116.12500000000007
2015-06-24 05:00:00,115.92500000000003
2015-06-25 05:00:00,115.72500000000004
2015-06-26 05:00:00,116.325
2015-06-29 05:00:00,117.65000000000005
2015-06-30 05:00:00,119.00000000000001
2015-07-01 05:00:00,118.32500000000006
2015-07-02 05:00:00,119.27500000000005
2015-07-06 05:00:00,118.60000000000004
2015-07-07 05:00:00,118.80000000000003
2015-07-08 05:00:00,118.12500000000001
2015-07-09 05:00:00,115.45000000000006
2015-07-10 05:00:00,115.45000000000006
2015-07-13 05:00:00,115.92500000000003
2015-07-14 05:00:00,117.92500000000003
2015-07-15 05:00:00,117.97500000000004
2015-07-16 05:00:00,117.52500000000005
2015-07-17 05:00:00,116.45
2015-07-20 05:00:00,115.95000000000006
2015-07-21 05:00:00,115.40000000000005
2015-07-22 05:00:00,118.40000000000005
2015-07-23 05:00:00,117.7
2015-07-24 05:00:00,117.02500000000005
2015-07-27 05:00:00,116.55000000000003
2015-07-28 05:00:00,118.05000000000003
2015-07-29 05:00:00,119.07500000000006
2015-07-30 05:00:00,118.70000000000006
2015-07-31 05:00:00,116.72500000000004
2015-08-03 05:00:00,118.32500000000006
2015-08-04 05:00:00,120.35000000000004
2015-08-05 05:00:00,119.77500000000005
2015-08-06 05:00:00,117.45
2015-08-07 05:00:00,117.12500000000001
2015-08-10 05:00:00,115.97500000000004
2015-08-11 05:00:00,115.35000000000004
2015-08-12 05:00:00,116.37500000000001
2015-08-13 05:00:00,118.05000000000003
2015-08-14 05:00:00,118.35000000000004
2015-08-17 05:00:00,118.67500000000003
2015-08-18 05:00:00,118.62500000000001
2015-08-19 05:00:00,118.65000000000005
2015-08-20 05:00:00,117.67500000000003
2015-08-21 05:00:00,115.37500000000007
2015-08-24 05:00:00,118.37500000000001
2015-08-25 05:00:00,119.85000000000004
2015-08-26 05:00:00,118.67500000000003
2015-08-27 05:00:00,118.42500000000003
2015-08-28 05:00:00,118.42500000000003
2015-08-31 05:00:00,120.00000000000001
2015-09-01 05:00:00,119.35000000000004
2015-09-02 05:00:00,121.05000000000003
2015-09-03 05:00:00,120.40000000000005
2015-09-04 05:00:00,119.72500000000004
2015-09-08 05:00:00,119.97500000000004
2015-09-09 05:00:00,119.92500000000003
2015-09-10 05:00:00,119.92500000000003
2015-09-11 05:00:00,119.02500000000005
2015-09-14 05:00:00,118.62500000000001
2015-09-15 05:00:00,120.22500000000004
2015-09-16 05:00:00,118.45
2015-09-17 05:00:00,120.72500000000004
2015-09-18 05:00:00,120.52500000000005
2015-09-21 05:00:00,121.35000000000004
2015-09-22 05:00:00,121.12500000000001
2015-09-23 05:00:00,120.60000000000004
2015-09-24 05:00:00,122.2
2015-09-25 05:00:00,122.15000000000005
2015-09-28 05:00:00,122.12500000000001
2015-09-29 05:00:00,123.42499999999997
2015-09-30 05:00:00,123.09999999999998
2015-10-01 05:00:00,120.90000000000005
2015-10-02 05:00:00,121.75000000000001
2015-10-05 05:00:00,121.10000000000004
2015-10-06 05:00:00,123.09999999999998
2015-10-07 05:00:00,122.35000000000004
2015-10-08 05:00:00,122.52499999999999
2015-10-09 05:00:00,122.49999999999996
2015-10-12 05:00:00,122.87499999999996
2015-10-13 05:00:00,123.94999999999995
2015-10-14 05:00:00,123.19999999999995
2015-10-15 05:00:00,122.87499999999996
2015-10-16 05:00:00,122.2
2015-10-19 05:00:00,121.72500000000004
2015-10-20 05:00:00,122.59999999999998
2015-10-21 05:00:00,122.45
2015-10-22 05:00:00,121.87500000000001
2015-10-23 05:00:00,119.90000000000005
2015-10-26 05:00:00,119.55000000000003
2015-10-27 05:00:00,118.45
2015-10-28 05:00:00,118.25000000000001
2015-10-29 05:00:00,116.75000000000001
2015-10-30 05:00:00,116.50000000000001
2015-11-02 06:00:00,115.72500000000004
2015-11-03 06:00:00,114.82500000000006
2015-11-04 06:00:00,113.77500000000005
2015-11-05 06:00:00,112.35000000000004
2015-11-06 06:00:00,112.05000000000003
2015-11-09 06:00:00,110.22500000000004
2015-11-10 06:00:00,108.89999999999999
2015-11-11 06:00:00,110.825
2015-11-12 06:00:00,112.00000000000007
2015-11-13 06:00:00,110.80000000000003
2015-11-16 06:00:00,107.80000000000003
2015-11-17 06:00:00,110.12500000000001
2015-11-18 06:00:00,110.02499999999999
2015-11-19 06:00:00,110.47500000000004
2015-11-20 06:00:00,112.07500000000006
2015-11-23 06:00:00,112.02500000000005
2015-11-24 06:00:00,111.25000000000001
2015-11-25 06:00:00,111.825
2015-11-27 06:00:00,111.42500000000003
2015-11-30 06:00:00,110.55000000000003
2015-12-01 06:00:00,113.52500000000005
2015-12-02 06:00:00,112.90000000000005
2015-12-03 06:00:00,112.57500000000006
2015-12-04 06:00:00,112.85000000000004
2015-12-07 06:00:00,111.27499999999999
2015-12-08 06:00:00,112.12500000000007
2015-12-09 06:00:00,113.00000000000007
2015-12-10 06:00:00,112.97500000000004
2015-12-11 06:00:00,114.30000000000003
2015-12-14 06:00:00,113.87500000000007
2015-12-15 06:00:00,113.62500000000007
2015-12-16 06:00:00,113.17500000000003
2015-12-17 06:00:00,110.97500000000004
2015-12-18 06:00:00,111.50000000000001
2015-12-21 06:00:00,111.45
2015-12-22 06:00:00,112.25000000000007
2015-12-23 06:00:00,113.12500000000007
2015-12-24 06:00:00,114.52500000000005
2015-12-28 06:00:00,115.50000000000007
2015-12-29 06:00:00,115.32500000000006
2015-12-30 06:00:00,115.47500000000004
2015-12-31 06:00:00,115.40000000000005
2016-01-04 06:00:00,114.90000000000005
2016-01-05 06:00:00,115.52500000000005
2016-01-06 06:00:00,115.30000000000003
2016-01-07 06:00:00,115.05000000000003
2016-01-08 06:00:00,114.67500000000003
2016-01-11 06:00:00,114.92500000000003
2016-01-12 06:00:00,116.75000000000001
2016-01-13 06:00:00,116.60000000000004
2016-01-14 06:00:00,117.22500000000004
2016-01-15 06:00:00,116.90000000000005
2016-01-19 06:00:00,117.17500000000003
2016-01-20 06:00:00,116.52500000000005
2016-01-21 06:00:00,118.47500000000004
2016-01-22 06:00:00,118.45
2016-01-25 06:00:00,118.22500000000004
2016-01-26 06:00:00,119.05000000000003
2016-01-27 06:00:00,119.92500000000003
2016-01-28 06:00:00,119.15000000000005
2016-01-29 06:00:00,120.15000000000005
2016-02-01 06:00:00,120.15000000000005
2016-02-02 06:00:00,118.55000000000003
2016-02-03 06:00:00,119.12500000000001
2016-02-04 06:00:00,119.7
2016-02-05 06:00:00,119.75000000000001
2016-02-08 06:00:00,119.17500000000003
2016-02-09 06:00:00,119.075
2016-02-10 06:00:00,117.80000000000003
2016-02-11 06:00:00,118.90000000000005
2016-02-12 06:00:00,119.825
2016-02-16 06:00:00,119.25000000000001
2016-02-17 06:00:00,119.97500000000004
2016-02-18 06:00:00,119.77500000000005
2016-02-19 06:00:00,118.62500000000001
2016-02-22 06:00:00,119.42500000000003
2016-02-23 06:00:00,119.85000000000004
2016-02-24 06:00:00,120.40000000000005
2016-02-25 06:00:00,120.12500000000001
2016-02-26 06:00:00,120.325
2016-02-29 06:00:00,120.22500000000004
2016-03-01 06:00:00,120.325
2016-03-02 06:00:00,120.17500000000003
2016-03-03 06:00:00,120.17500000000003
2016-03-04 06:00:00,120.7
2016-03-07 06:00:00,120.67500000000003
2016-03-08 06:00:00,120.97500000000004
2016-03-09 06:00:00,122.02500000000005
2016-03-10 06:00:00,122.37500000000001
2016-03-11 06:00:00,122.54999999999997
2016-03-14 05:00:00,122.49999999999996
2016-03-15 05:00:00,122.77499999999999
2016-03-16 05:00:00,123.22499999999998
2016-03-17 05:00:00,123.27499999999999
2016-03-18 05:00:00,123.37499999999996
2016-03-21 05:00:00,121.325
2016-03-22 05:00:00,122.325
2016-03-23 05:00:00,122.25000000000001
2016-03-24 05:00:00,120.325
2016-03-28 05:00:00,121.92500000000003
2016-03-29 05:00:00,122.40000000000005
2016-03-30 05:00:00,121.02500000000005
2016-03-31 05:00:00,120.325
2016-04-01 05:00:00,118.85000000000004
2016-04-04 05:00:00,118.2
2016-04-05 05:00:00,118.47500000000004
2016-04-06 05:00:00,119.45
2016-04-07 05:00:00,119.55000000000003
2016-04-08 05:00:00,120.35000000000004
2016-04-11 05:00:00,119.10000000000004
2016-04-12 05:00:00,118.67500000000003
2016-04-13 05:00:00,117.575
2016-04-14 05:00:00,116.60000000000004
2016-04-15 05:00:00,116.92500000000003
2016-04-18 05:00:00,117.12500000000001
2016-04-19 05:00:00,118.10000000000004
2016-04-20 05:00:00,118.7
2016-04-21 05:00:00,118.90000000000005
2016-04-22 05:00:00,118.30000000000003
2016-04-25 05:00:00,118.25000000000001
2016-04-26 05:00:00,117.67500000000003
2016-04-27 05:00:00,119.02500000000005
2016-04-28 05:00:00,120.075
2016-04-29 05:00:00,120.60000000000004
2016-05-02 05:00:00,121.95
2016-05-03 05:00:00,122.17500000000003
2016-05-04 05:00:00,121.42500000000003
2016-05-05 05:00:00,121.95
2016-05-06 05:00:00,121.075
2016-05-09 05:00:00,120.05000000000003
2016-05-10 05:00:00,120.50000000000001
2016-05-11 05:00:00,122.02500000000005
2016-05-12 05:00:00,122.075
2016-05-13 05:00:00,121.37500000000001
2016-05-16 05:00:00,122.22500000000004
2016-05-17 05:00:00,122.35000000000004
2016-05-18 05:00:00,121.40000000000005
2016-05-19 05:00:00,120.12500000000001
2016-05-20 05:00:00,119.45
2016-05-23 05:00:00,118.42500000000003
2016-05-24 05:00:00,118.47500000000004
2016-05-25 05:00:00,118.87500000000001
2016-05-26 05:00:00,120.45
2016-05-27 05:00:00,120.42500000000003
2016-05-31 05:00:00,120.55000000000003
2016-06-01 05:00:00,121.92500000000003
2016-06-02 05:00:00,123.57499999999995
2016-06-03 05:00:00,125.57499999999995
2016-06-06 05:00:00,125.84999999999998
2016-06-07 05:00:00,125.87499999999996
2016-06-08 05:00:00,127.02499999999999
2016-06-09 05:00:00,126.17499999999997
2016-06-10 05:00:00,126.32499999999995
2016-06-13 05:00:00,127.52499999999999
2016-06-14 05:00:00,129.02499999999998
2016-06-15 05:00:00,128.49999999999994
2016-06-16 05:00:00,128.84999999999997
2016-06-17 05:00:00,128.67499999999995
2016-06-20 05:00:00,128.79999999999995
2016-06-21 05:00:00,128.79999999999995
2016-06-22 05:00:00,127.04999999999997
2016-06-23 05:00:00,126.54999999999997
2016-06-24 05:00:00,126.29999999999997
2016-06-27 05:00:00,125.47499999999998
2016-06-28 05:00:00,126.37499999999996
2016-06-29 05:00:00,125.99999999999996
2016-06-30 05:00:00,126.04999999999997
2016-07-01 05:00:00,126.69999999999995
2016-07-05 05:00:00,126.49999999999996
2016-07-06 05:00:00,124.24999999999996
2016-07-07 05:00:00,123.82499999999995
2016-07-08 05:00:00,122.94999999999995
2016-07-11 05:00:00,122.27499999999999
2016-07-12 05:00:00,122.10000000000004
2016-07-13 05:00:00,121.89999999999999
2016-07-14 05:00:00,121.75000000000001
2016-07-15 05:00:00,120.35000000000004
2016-07-18 05:00:00,119.72500000000004
2016-07-19 05:00:00,118.64999999999999
2016-07-20 05:00:00,118.22500000000004
2016-07-21 05:00:00,116.62500000000001
2016-07-22 05:00:00,118.25000000000001
2016-07-25 05:00:00,118.7
2016-07-26 05:00:00,117.97500000000004
2016-07-27 05:00:00,115.40000000000005
2016-07-28 05:00:00,113.55000000000003
2016-07-29 05:00:00,113.40000000000005
2016-08-01 05:00:00,114.95000000000006
2016-08-02 05:00:00,114.87500000000001
2016-08-03 05:00:00,113.85000000000004
2016-08-04 05:00:00,112.85000000000004
2016-08-05 05:00:00,112.65000000000005
2016-08-08 05:00:00,113.20000000000006
2016-08-09 05:00:00,112.55000000000003
2016-08-10 05:00:00,113.32500000000006
2016-08-11 05:00:00,112.77500000000005
2016-08-12 05:00:00,114.35000000000004
2016-08-15 05:00:00,116.42500000000003
2016-08-16 05:00:00,114.85000000000004
2016-08-17 05:00:00,116.15000000000005
2016-08-18 05:00:00,115.85000000000004
2016-08-19 05:00:00,116.85000000000004
2016-08-22 05:00:00,116.45
2016-08-23 05:00:00,115.92500000000003
2016-08-24 05:00:00,115.45000000000006
2016-08-25 05:00:00,113.87500000000001
2016-08-26 05:00:00,116.02500000000005
2016-08-29 05:00:00,115.72500000000004
2016-08-30 05:00:00,116.50000000000001
2016-08-31 05:00:00,116.92500000000003
2016-09-01 05:00:00,117.39999999999999
2016-09-02 05:00:00,114.77500000000005
2016-09-06 05:00:00,113.57500000000006
2016-09-07 05:00:00,114.77500000000005
2016-09-08 05:00:00,114.87500000000001
2016-09-09 05:00:00,113.32500000000006
2016-09-12 05:00:00,112.42500000000003
2016-09-13 05:00:00,109.95
2016-09-14 05:00:00,108.50000000000001
2016-09-15 05:00:00,108.84999999999998
2016-09-16 05:00:00,109.34999999999998
2016-09-19 05:00:00,107.575
2016-09-20 05:00:00,108.47499999999998
2016-09-21 05:00:00,107.64999999999999
2016-09-22 05:00:00,108.00000000000001
2016-09-23 05:00:00,108.30000000000003
2016-09-26 05:00:00,108.00000000000001
2016-09-27 05:00:00,105.85000000000004
2016-09-28 05:00:00,106.10000000000004
2016-09-29 05:00:00,106.37500000000001
2016-09-30 05:00:00,103.37500000000004
2016-10-03 05:00:00,103.57500000000003
2016-10-04 05:00:00,102.90000000000008
2016-10-05 05:00:00,100.85000000000005
2016-10-06 05:00:00,102.57500000000003
2016-10-07 05:00:00,102.00000000000004
2016-10-10 05:00:00,101.77500000000008
2016-10-11 05:00:00,102.17500000000005
2016-10-12 05:00:00,103.45000000000003
2016-10-13 05:00:00,103.57500000000003
2016-10-14 05:00:00,101.62500000000004
2016-10-17 05:00:00,100.27500000000006
2016-10-18 05:00:00,99.80000000000007
2016-10-19 05:00:00,99.50000000000006
2016-10-20 05:00:00,99.37500000000006
2016-10-21 05:00:00,100.07500000000005
2016-10-24 05:00:00,101.05000000000007
2016-10-25 05:00:00,102.72500000000007
2016-10-26 05:00:00,102.47500000000007
2016-10-27 05:00:00,103.67500000000004
2016-10-28 05:00:00,105.35000000000004
2016-10-31 05:00:00,105.97500000000004
2016-11-01 05:00:00,104.05000000000004
2016-11-02 05:00:00,105.35000000000004
2016-11-03 05:00:00,104.85000000000005
2016-11-04 05:00:00,104.32500000000002
2016-11-07 06:00:00,105.325
2016-11-08 06:00:00,105.85000000000004
2016-11-09 06:00:00,105.42500000000003
2016-11-10 06:00:00,105.92500000000003
2016-11-11 06:00:00,105.7
2016-11-14 06:00:00,104.95000000000002
2016-11-15 06:00:00,104.25000000000003
2016-11-16 06:00:00,105.87500000000001
2016-11-17 06:00:00,105.575
2016-11-18 06:00:00,105.52500000000005
2016-11-21 06:00:00,107.72499999999998
2016-11-22 06:00:00,106.89999999999999
2016-11-23 06:00:00,106.89999999999999
2016-11-25 06:00:00,108.09999999999998
2016-11-28 06:00:00,107.17500000000003
2016-11-29 06:00:00,106.05000000000003
2016-11-30 06:00:00,106.575
2016-12-01 06:00:00,105.42500000000003
2016-12-02 06:00:00,105.37500000000001
2016-12-05 06:00:00,106.15000000000005
2016-12-06 06:00:00,108.825
2016-12-07 06:00:00,111.10000000000004
2016-12-08 06:00:00,112.17500000000003
2016-12-09 06:00:00,112.90000000000005
2016-12-12 06:00:00,113.52500000000005
2016-12-13 06:00:00,113.10000000000004
2016-12-14 06:00:00,113.12500000000001
2016-12-15 06:00:00,113.65000000000005
2016-12-16 06:00:00,114.47500000000004
2016-12-19 06:00:00,114.85000000000004
2016-12-20 06:00:00,113.65000000000005
2016-12-21 06:00:00,114.17500000000003
2016-12-22 06:00:00,113.90000000000005
2016-12-23 06:00:00,112.05000000000003
2016-12-27 06:00:00,112.95000000000006
2016-12-28 06:00:00,112.25000000000001
2016-12-29 06:00:00,112.40000000000005
2016-12-30 06:00:00,114.25000000000001
2017-01-03 06:00:00,113.07500000000006
2017-01-04 06:00:00,114.15000000000005
2017-01-05 06:00:00,114.50000000000001
2017-01-06 06:00:00,114.37500000000001
2017-01-09 06:00:00,114.55000000000003
2017-01-10 06:00:00,115.50000000000001
2017-01-11 06:00:00,115.67500000000003
2017-01-12 06:00:00,115.72500000000004
2017-01-13 06:00:00,115.80000000000003
2017-01-17 06:00:00,115.90000000000005
2017-01-18 06:00:00,115.00000000000001
2017-01-19 06:00:00,115.15000000000005
2017-01-20 06:00:00,114.65000000000005
2017-01-23 06:00:00,113.95000000000006
2017-01-24 06:00:00,113.80000000000003
2017-01-25 06:00:00,116.325
2017-01-26 06:00:00,113.40000000000005
2017-01-27 06:00:00,114.47500000000004
2017-01-30 06:00:00,114.40000000000005
2017-01-31 06:00:00,115.42500000000003
2017-02-01 06:00:00,115.27500000000005
2017-02-02 06:00:00,115.75000000000001
2017-02-03 06:00:00,116.42500000000003
2017-02-06 06:00:00,117.39999999999999
2017-02-07 06:00:00,118.34999999999998
2017-02-08 06:00:00,117.89999999999999
2017-02-09 06:00:00,116.95
2017-02-10 06:00:00,117.25000000000001
2017-02-13 06:00:00,115.87500000000001
2017-02-14 06:00:00,117.09999999999998
2017-02-15 06:00:00,116.75000000000001
2017-02-16 06:00:00,116.02500000000005
2017-02-17 06:00:00,117.00000000000001
2017-02-21 06:00:00,116.77499999999999
2017-02-22 06:00:00,114.97500000000004
2017-02-23 06:00:00,114.35000000000004
2017-02-24 06:00:00,115.55000000000003
2017-02-27 06:00:00,115.37500000000001
2017-02-28 06:00:00,115.35000000000004
2017-03-01 06:00:00,115.72500000000004
2017-03-02 06:00:00,115.52500000000005
2017-03-03 06:00:00,114.17500000000003
2017-03-06 06:00:00,114.47500000000004
2017-03-07 06:00:00,115.15000000000005
2017-03-08 06:00:00,115.05000000000003
2017-03-09 06:00:00,114.65000000000005
2017-03-10 06:00:00,114.62500000000001
2017-03-13 05:00:00,116.45
2017-03-14 05:00:00,116.89999999999999
2017-03-15 05:00:00,116.55000000000003
2017-03-16 05:00:00,116.39999999999999
2017-03-17 05:00:00,115.05000000000003
2017-03-20 05:00:00,115.10000000000004
2017-03-21 05:00:00,114.05000000000003
2017-03-22 05:00:00,113.47500000000004
2017-03-23 05:00:00,115.325
2017-03-24 05:00:00,113.47500000000004
2017-03-27 05:00:00,111.25000000000001
2017-03-28 05:00:00,110.17500000000003
2017-03-29 05:00:00,110.47499999999998
2017-03-30 05:00:00,111.97499999999998
2017-03-31 05:00:00,111.575
2017-04-03 05:00:00,110.37500000000001
2017-04-04 05:00:00,109.7
2017-04-05 05:00:00,109.75000000000001
2017-04-06 05:00:00,111.42500000000003
2017-04-07 05:00:00,110.50000000000001
2017-04-10 05:00:00,111.00000000000001
2017-04-11 05:00:00,111.72499999999998
2017-04-12 05:00:00,110.00000000000001
2017-04-13 05:00:00,110.22499999999998
2017-04-17 05:00:00,109.95
2017-04-18 05:00:00,109.50000000000001
2017-04-19 05:00:00,108.09999999999998
2017-04-20 05:00:00,106.77499999999999
2017-04-21 05:00:00,106.12500000000001
2017-04-24 05:00:00,107.00000000000001
2017-04-25 05:00:00,109.45
2017-04-26 05:00:00,108.34999999999998
2017-04-27 05:00:00,110.62500000000001
2017-04-28 05:00:00,111.825
2017-05-01 05:00:00,111.47499999999998
2017-05-02 05:00:00,112.30000000000003
2017-05-03 05:00:00,113.00000000000001
2017-05-04 05:00:00,113.95
2017-05-05 05:00:00,113.42500000000003
2017-05-08 05:00:00,113.825
2017-05-09 05:00:00,114.10000000000004
2017-05-10 05:00:00,113.87500000000001
2017-05-11 05:00:00,113.67500000000003
2017-05-12 05:00:00,115.2
2017-05-15 05:00:00,114.95
2017-05-16 05:00:00,115.92500000000003
2017-05-17 05:00:00,115.77500000000005
2017-05-18 05:00:00,115.825
2017-05-19 05:00:00,116.325
2017-05-22 05:00:00,116.77499999999999
2017-05-23 05:00:00,117.00000000000001
2017-05-24 05:00:00,116.95
2017-05-25 05:00:00,117.64999999999999
2017-05-26 05:00:00,118.39999999999999
2017-05-30 05:00:00,118.09999999999998
2017-05-31 05:00:00,119.27499999999999
2017-06-01 05:00:00,119.09999999999998
2017-06-02 05:00:00,118.80000000000003
2017-06-05 05:00:00,117.325
2017-06-06 05:00:00,118.27499999999999
2017-06-07 05:00:00,117.825
2017-06-08 05:00:00,118.77499999999999
2017-06-09 05:00:00,119.14999999999999
2017-06-12 05:00:00,117.09999999999998
2017-06-13 05:00:00,117.325
2017-06-14 05:00:00,117.50000000000001
2017-06-15 05:00:00,116.02500000000005
2017-06-16 05:00:00,115.60000000000004
2017-06-19 05:00:00,118.2
2017-06-20 05:00:00,118.52499999999999
2017-06-21 05:00:00,118.64999999999999
2017-06-22 05:00:00,117.7
2017-06-23 05:00:00,117.02499999999999
2017-06-26 05:00:00,117.2
2017-06-27 05:00:00,116.47499999999998
2017-06-28 05:00:00,117.00000000000001
2017-06-29 05:00:00,117.47499999999998
2017-06-30 05:00:00,119.27499999999999
2017-07-03 05:00:00,120.37500000000001
2017-07-05 05:00:00,120.95
2017-07-06 05:00:00,119.54999999999997
2017-07-07 05:00:00,119.79999999999997
2017-07-10 05:00:00,118.77499999999999
2017-07-11 05:00:00,118.00000000000001
2017-07-12 05:00:00,118.09999999999998
2017-07-13 05:00:00,118.14999999999999
2017-07-14 05:00:00,116.00000000000001
2017-07-17 05:00:00,116.87500000000001
2017-07-18 05:00:00,116.7
2017-07-19 05:00:00,117.62500000000001
2017-07-20 05:00:00,116.67499999999997
2017-07-21 05:00:00,116.05000000000003
2017-07-24 05:00:00,115.27500000000005
2017-07-25 05:00:00,115.67500000000003
2017-07-26 05:00:00,116.47499999999998
2017-07-27 05:00:00,116.50000000000001
2017-07-28 05:00:00,115.325
2017-07-31 05:00:00,114.85000000000004
2017-08-01 05:00:00,113.22500000000004
2017-08-02 05:00:00,115.05000000000003
2017-08-03 05:00:00,114.325
2017-08-04 05:00:00,115.60000000000004
2017-08-07 05:00:00,116.95
2017-08-08 05:00:00,116.575
2017-08-09 05:00:00,117.075
2017-08-10 05:00:00,116.79999999999997
2017-08-11 05:00:00,117.45
2017-08-14 05:00:00,118.00000000000001
2017-08-15 05:00:00,119.2
2017-08-16 05:00:00,117.97499999999998
2017-08-17 05:00:00,116.29999999999997
2017-08-18 05:00:00,115.825
2017-08-21 05:00:00,114.35000000000004
2017-08-22 05:00:00,113.55000000000003
2017-08-23 05:00:00,113.35000000000004
2017-08-24 05:00:00,113.75000000000001
2017-08-25 05:00:00,113.45
2017-08-28 05:00:00,112.075
2017-08-29 05:00:00,110.64999999999999
2017-08-30 05:00:00,111.7
2017-08-31 05:00:00,112.52500000000005
2017-09-01 05:00:00,112.55000000000003
2017-09-05 05:00:00,114.67500000000003
2017-09-06 05:00:00,114.77500000000005
2017-09-07 05:00:00,112.77500000000005
2017-09-08 05:00:00,113.40000000000005
2017-09-11 05:00:00,113.12500000000001
2017-09-12 05:00:00,111.59999999999998
2017-09-13 05:00:00,111.27499999999999
2017-09-14 05:00:00,111.02499999999999
2017-09-15 05:00:00,112.97500000000004
2017-09-18 05:00:00,112.55000000000003
2017-09-19 05:00:00,114.22500000000004
2017-09-20 05:00:00,114.42500000000003
2017-09-21 05:00:00,112.30000000000003
2017-09-22 05:00:00,111.12500000000001
2017-09-25 05:00:00,111.92499999999997
2017-09-26 05:00:00,112.60000000000004
2017-09-27 05:00:00,114.15000000000005
2017-09-28 05:00:00,112.77500000000005
2017-09-29 05:00:00,114.45
2017-10-02 05:00:00,116.47499999999998
2017-10-03 05:00:00,116.575
2017-10-04 05:00:00,116.39999999999999
2017-10-05 05:00:00,117.29999999999997
2017-10-06 05:00:00,115.42500000000003
2017-10-09 05:00:00,115.45
2017-10-10 05:00:00,116.05000000000003
2017-10-11 05:00:00,117.00000000000001
2017-10-12 05:00:00,116.12500000000001
2017-10-13 05:00:00,116.7
2017-10-16 05:00:00,117.54999999999997
2017-10-17 05:00:00,116.39999999999999
2017-10-18 05:00:00,117.25000000000001
2017-10-19 05:00:00,117.72499999999998
2017-10-20 05:00:00,118.34999999999998
2017-10-23 05:00:00,117.47499999999998
2017-10-24 05:00:00,117.89999999999999
2017-10-25 05:00:00,118.84999999999998
2017-10-26 05:00:00,119.77499999999999
2017-10-27 05:00:00,119.50000000000001
2017-10-30 05:00:00,120.29999999999997
2017-10-31 05:00:00,122.25000000000001
2017-11-01 05:00:00,121.39999999999999
2017-11-02 05:00:00,121.29999999999997
2017-11-03 05:00:00,121.22499999999998
2017-11-06 06:00:00,121.47499999999998
2017-11-07 06:00:00,120.12500000000001
2017-11-08 06:00:00,119.00000000000001
2017-11-09 06:00:00,119.47499999999998
2017-11-10 06:00:00,119.50000000000001
2017-11-13 06:00:00,119.54999999999997
2017-11-14 06:00:00,116.75000000000001
2017-11-15 06:00:00,116.7
2017-11-16 06:00:00,115.825
2017-11-17 06:00:00,116.325
2017-11-20 06:00:00,117.72499999999998
2017-11-21 06:00:00,116.2
2017-11-22 06:00:00,118.34999999999998
2017-11-24 06:00:00,118.64999999999999
2017-11-27 06:00:00,119.34999999999998
2017-11-28 06:00:00,120.77499999999999
2017-11-29 06:00:00,120.14999999999999
2017-11-30 06:00:00,119.02499999999999
2017-12-01 06:00:00,119.97499999999998
2017-12-04 06:00:00,120.92499999999997
2017-12-05 06:00:00,119.75000000000001
2017-12-06 06:00:00,118.2
2017-12-07 06:00:00,117.72499999999998
2017-12-08 06:00:00,118.09999999999998
2017-12-11 06:00:00,116.27499999999999
2017-12-12 06:00:00,115.77500000000005
2017-12-13 06:00:00,116.05000000000003
2017-12-14 06:00:00,116.87500000000001
2017-12-15 06:00:00,117.42499999999997
2017-12-18 06:00:00,116.87500000000001
2017-12-19 06:00:00,116.29999999999997
2017-12-20 06:00:00,117.575
2017-12-21 06:00:00,117.7
2017-12-22 06:00:00,119.39999999999999
2017-12-26 06:00:00,120.00000000000001
2017-12-27 06:00:00,119.89999999999999
2017-12-28 06:00:00,120.325
2017-12-29 06:00:00,120.27499999999999
2018-01-02 06:00:00,119.47499999999998
2018-01-03 06:00:00,120.04999999999997
2018-01-04 06:00:00,120.72499999999998
2018-01-05 06:00:00,120.7
2018-01-08 06:00:00,121.42499999999997
2018-01-09 06:00:00,121.39999999999999
2018-01-10 06:00:00,120.39999999999999
2018-01-11 06:00:00,118.45
2018-01-12 06:00:00,118.95
2018-01-16 06:00:00,120.77499999999999
2018-01-17 06:00:00,120.14999999999999
2018-01-18 06:00:00,120.52499999999999
2018-01-19 06:00:00,120.12500000000001
2018-01-22 06:00:00,119.75000000000001
2018-01-23 06:00:00,119.27499999999999
2018-01-24 06:00:00,120.325
2018-01-25 06:00:00,118.45
2018-01-26 06:00:00,118.42499999999997
2018-01-29 06:00:00,118.04999999999997
2018-01-30 06:00:00,117.52499999999999
2018-01-31 06:00:00,116.87500000000001
2018-02-01 06:00:00,117.45
2018-02-02 06:00:00,118.17499999999997
2018-02-05 06:00:00,117.95
2018-02-06 06:00:00,116.05000000000003
2018-02-07 06:00:00,113.85000000000004
2018-02-08 06:00:00,114.075
2018-02-09 06:00:00,113.47500000000004
2018-02-12 06:00:00,115.15000000000005
2018-02-13 06:00:00,114.05000000000003
2018-02-14 06:00:00,115.05000000000003
2018-02-15 06:00:00,114.72500000000004
2018-02-16 06:00:00,114.25000000000001
2018-02-20 06:00:00,115.47500000000004
2018-02-21 06:00:00,115.825
2018-02-22 06:00:00,117.47499999999998
2018-02-23 06:00:00,117.54999999999997
2018-02-26 06:00:00,116.825
2018-02-27 06:00:00,116.54999999999997
2018-02-28 06:00:00,115.2
2018-03-01 06:00:00,114.60000000000004
2018-03-02 06:00:00,114.27499999999999
2018-03-05 06:00:00,115.50000000000001
2018-03-06 06:00:00,114.47500000000004
2018-03-07 06:00:00,113.12500000000001
2018-03-08 06:00:00,112.77499999999999
2018-03-09 06:00:00,112.2
2018-03-12 05:00:00,111.575
2018-03-13 05:00:00,111.99999999999996
2018-03-14 05:00:00,112.87500000000001
2018-03-15 05:00:00,113.7
2018-03-16 05:00:00,113.64999999999999
2018-03-19 05:00:00,111.34999999999998
2018-03-20 05:00:00,111.27499999999999
2018-03-21 05:00:00,111.74999999999996
2018-03-22 05:00:00,109.99999999999996
2018-03-23 05:00:00,108.67499999999997
2018-03-26 05:00:00,108.62499999999996
2018-03-27 05:00:00,108.54999999999997
2018-03-28 05:00:00,111.14999999999999
2018-03-29 05:00:00,111.075
2018-04-02 05:00:00,108.075
2018-04-03 05:00:00,106.17500000000003
2018-04-04 05:00:00,107.79999999999997
2018-04-05 05:00:00,108.34999999999998
2018-04-06 05:00:00,107.79999999999997
2018-04-09 05:00:00,110.39999999999999
2018-04-10 05:00:00,109.575
2018-04-11 05:00:00,110.29999999999997
2018-04-12 05:00:00,111.77499999999999
2018-04-13 05:00:00,112.17500000000003
2018-04-16 05:00:00,111.27499999999999
2018-04-17 05:00:00,111.825
2018-04-18 05:00:00,113.64999999999999
2018-04-19 05:00:00,113.30000000000003
2018-04-20 05:00:00,112.62500000000001
2018-04-23 05:00:00,111.50000000000001
2018-04-24 05:00:00,110.59999999999998
2018-04-25 05:00:00,111.02499999999999
2018-04-26 05:00:00,109.89999999999999
2018-04-27 05:00:00,108.825
2018-04-30 05:00:00,108.47499999999998
2018-05-01 05:00:00,108.62500000000001
2018-05-02 05:00:00,108.50000000000001
2018-05-03 05:00:00,108.27499999999999
2018-05-04 05:00:00,108.17499999999997
2018-05-07 05:00:00,108.50000000000001
2018-05-08 05:00:00,110.325
2018-05-09 05:00:00,110.2
2018-05-10 05:00:00,110.67499999999997
2018-05-11 05:00:00,109.575
2018-05-14 05:00:00,111.325
2018-05-15 05:00:00,110.29999999999997
2018-05-16 05:00:00,110.7
2018-05-17 05:00:00,110.47499999999998
2018-05-18 05:00:00,109.47499999999998
2018-05-21 05:00:00,108.89999999999999
2018-05-22 05:00:00,107.2
2018-05-23 05:00:00,107.87500000000001
2018-05-24 05:00:00,108.2
2018-05-25 05:00:00,108.92499999999997
2018-05-29 05:00:00,110.27499999999999
2018-05-30 05:00:00,111.54999999999997
2018-05-31 05:00:00,109.87500000000001
2018-06-01 05:00:00,110.37500000000001
2018-06-04 05:00:00,109.325
2018-06-05 05:00:00,108.50000000000001
2018-06-06 05:00:00,110.47499999999998
2018-06-07 05:00:00,109.42499999999997
2018-06-08 05:00:00,109.97499999999998
2018-06-11 05:00:00,108.39999999999999
2018-06-12 05:00:00,110.37500000000001
2018-06-13 05:00:00,112.50000000000001
2018-06-14 05:00:00,111.45
2018-06-15 05:00:00,111.09999999999998
2018-06-18 05:00:00,111.74999999999996
2018-06-19 05:00:00,109.99999999999996
2018-06-20 05:00:00,108.09999999999998
2018-06-21 05:00:00,108.34999999999998
2018-06-22 05:00:00,108.12499999999996
2018-06-25 05:00:00,106.97499999999998
2018-06-26 05:00:00,107.74999999999996
2018-06-27 05:00:00,108.12499999999996
2018-06-28 05:00:00,108.24999999999996
2018-06-29 05:00:00,106.59999999999998
2018-07-02 05:00:00,105.39999999999999
2018-07-03 05:00:00,106.59999999999998
2018-07-05 05:00:00,106.37500000000001
2018-07-06 05:00:00,105.37500000000001
2018-07-09 05:00:00,102.95000000000003
2018-07-10 05:00:00,100.60000000000002
2018-07-11 05:00:00,98.85000000000002
2018-07-12 05:00:00,100.77500000000003
2018-07-13 05:00:00,102.12500000000004
2018-07-16 05:00:00,100.82500000000002
2018-07-17 05:00:00,99.02500000000003
2018-07-18 05:00:00,98.75000000000003
2018-07-19 05:00:00,99.05000000000001
2018-07-20 05:00:00,98.10000000000002
2018-07-23 05:00:00,99.45000000000002
2018-07-24 05:00:00,99.35000000000002
2018-07-25 05:00:00,100.75000000000003
2018-07-26 05:00:00,99.07500000000002
2018-07-27 05:00:00,97.70000000000002
2018-07-30 05:00:00,98.05000000000001
2018-07-31 05:00:00,97.55000000000001
2018-08-01 05:00:00,97.60000000000002
2018-08-02 05:00:00,96.47500000000002
2018-08-03 05:00:00,97.60000000000002
2018-08-06 05:00:00,97.05000000000001
2018-08-07 05:00:00,96.80000000000001
2018-08-08 05:00:00,95.22500000000002
2018-08-09 05:00:00,98.22500000000002
2018-08-10 05:00:00,98.00000000000003
2018-08-13 05:00:00,98.47500000000002
2018-08-14 05:00:00,98.67500000000001
2018-08-15 05:00:00,99.47500000000002
2018-08-16 05:00:00,102.47500000000001
2018-08-17 05:00:00,105.29999999999997
2018-08-20 05:00:00,104.25000000000003
2018-08-21 05:00:00,103.92499999999998
2018-08-22 05:00:00,101.70000000000003
2018-08-23 05:00:00,100.90000000000003
2018-08-24 05:00:00,101.25000000000003
2018-08-27 05:00:00,104.25000000000003
2018-08-28 05:00:00,103.37500000000004
2018-08-29 05:00:00,103.75000000000003
2018-08-30 05:00:00,102.65000000000002
2018-08-31 05:00:00,103.425
2018-09-04 05:00:00,105.27499999999999
2018-09-05 05:00:00,105.2
2018-09-06 05:00:00,106.7
2018-09-07 05:00:00,106.825
2018-09-10 05:00:00,105.72499999999998
2018-09-11 05:00:00,104.12500000000003
2018-09-12 05:00:00,105.64999999999999
2018-09-13 05:00:00,105.95
2018-09-14 05:00:00,106.67499999999997
2018-09-17 05:00:00,105.39999999999999
2018-09-18 05:00:00,108.00000000000001
2018-09-19 05:00:00,107.92499999999997
2018-09-20 05:00:00,108.29999999999997
2018-09-21 05:00:00,107.42499999999997
2018-09-24 05:00:00,107.00000000000001
2018-09-25 05:00:00,107.77499999999999
2018-09-26 05:00:00,107.25000000000001
2018-09-27 05:00:00,105.50000000000001
2018-09-28 05:00:00,107.95
2018-10-01 05:00:00,109.87500000000001
2018-10-02 05:00:00,109.17499999999997
2018-10-03 05:00:00,107.17499999999997
2018-10-04 05:00:00,105.34999999999998
2018-10-05 05:00:00,107.575
2018-10-08 05:00:00,107.575
2018-10-09 05:00:00,106.59999999999998
2018-10-10 05:00:00,105.97499999999998
2018-10-11 05:00:00,104.45000000000002
2018-10-12 05:00:00,105.025
2018-10-15 05:00:00,106.7
2018-10-16 05:00:00,107.04999999999997
2018-10-17 05:00:00,105.37500000000001
2018-10-18 05:00:00,103.02500000000002
2018-10-19 05:00:00,101.82500000000003
2018-10-22 05:00:00,103.10000000000001
2018-10-23 05:00:00,104.225
2018-10-24 05:00:00,107.22499999999998
2018-10-25 05:00:00,107.34999999999998
2018-10-26 05:00:00,109.17499999999997
2018-10-29 05:00:00,109.7
2018-10-30 05:00:00,109.75000000000001
2018-10-31 05:00:00,108.12500000000001
2018-11-01 05:00:00,107.84999999999998
2018-11-02 05:00:00,107.45
2018-11-05 06:00:00,106.92499999999997
2018-11-06 06:00:00,104.20000000000002
2018-11-07 06:00:00,104.025
2018-11-08 06:00:00,102.925
2018-11-09 06:00:00,102.3
2018-11-12 06:00:00,104.32500000000002
2018-11-13 06:00:00,104.975
2018-11-14 06:00:00,105.15
2018-11-15 06:00:00,106.54999999999997
2018-11-16 06:00:00,109.54999999999997
2018-11-19 06:00:00,111.825
2018-11-20 06:00:00,109.92499999999997
2018-11-21 06:00:00,108.97499999999998
2018-11-23 06:00:00,110.62500000000001
2018-11-26 06:00:00,108.34999999999998
2018-11-27 06:00:00,107.84999999999998
2018-11-28 06:00:00,107.29999999999997
2018-11-29 06:00:00,110.14999999999999
2018-11-30 06:00:00,110.34999999999998
2018-12-03 06:00:00,109.7
2018-12-04 06:00:00,108.84999999999998
2018-12-05 06:00:00,110.54999999999997
2018-12-06 06:00:00,109.7
2018-12-07 06:00:00,110.67499999999997
2018-12-10 06:00:00,109.62500000000001
2018-12-11 06:00:00,108.00000000000001
2018-12-12 06:00:00,108.50000000000001
2018-12-13 06:00:00,107.62500000000001
2018-12-14 06:00:00,107.29999999999997
2018-12-17 06:00:00,106.22499999999998
2018-12-18 06:00:00,105.07500000000002
2018-12-19 06:00:00,105.12500000000003
2018-12-20 06:00:00,105.025
2018-12-21 06:00:00,104.475
2018-12-24 06:00:00,104.35
2018-12-26 06:00:00,104.45000000000002
2018-12-27 06:00:00,103.92499999999998
2018-12-28 06:00:00,103.75000000000003
2018-12-31 06:00:00,104.32500000000002
2019-01-02 06:00:00,104.79999999999998
2019-01-03 06:00:00,104.67499999999998
2019-01-04 06:00:00,104.00000000000003
2019-01-07 06:00:00,103.62500000000004
2019-01-08 06:00:00,103.27500000000002
2019-01-09 06:00:00,104.79999999999998
2019-01-10 06:00:00,105.1
2019-01-11 06:00:00,104.6
2019-01-14 06:00:00,104.07500000000002
2019-01-15 06:00:00,104.20000000000002
2019-01-16 06:00:00,102.32500000000003
2019-01-17 06:00:00,101.87500000000004
2019-01-18 06:00:00,103.52500000000002
2019-01-22 06:00:00,103.35000000000001
2019-01-23 06:00:00,102.10000000000001
2019-01-24 06:00:00,100.75000000000003
2019-01-25 06:00:00,99.37500000000003
2019-01-28 06:00:00,99.57500000000002
2019-01-29 06:00:00,99.80000000000001
2019-01-30 06:00:00,99.47500000000002
2019-01-31 06:00:00,97.47500000000002
2019-02-01 06:00:00,97.37500000000003
2019-02-04 06:00:00,100.30000000000001
2019-02-05 06:00:00,98.85000000000002
2019-02-06 06:00:00,98.15000000000003
2019-02-07 06:00:00,96.85000000000002
2019-02-08 06:00:00,95.67500000000001
2019-02-11 06:00:00,96.32500000000002
2019-02-12 06:00:00,97.57500000000002
2019-02-13 06:00:00,97.02500000000003
2019-02-14 06:00:00,95.92500000000001
2019-02-15 06:00:00,96.17500000000001
2019-02-19 06:00:00,93.17500000000001
2019-02-20 06:00:00,92.20000000000002
2019-02-21 06:00:00,95.12500000000003
2019-02-22 06:00:00,95.35000000000002
2019-02-25 06:00:00,94.00000000000003
2019-02-26 06:00:00,95.00000000000003
2019-02-27 06:00:00,95.27500000000003
2019-02-28 06:00:00,95.35000000000002
2019-03-01 06:00:00,94.97500000000002
2019-03-04 06:00:00,94.62500000000003
2019-03-05 06:00:00,95.75000000000003
2019-03-06 06:00:00,95.20000000000002
2019-03-07 06:00:00,94.97500000000002
2019-03-08 06:00:00,97.62500000000003
2019-03-11 05:00:00,99.40000000000003
2019-03-12 05:00:00,99.70000000000002
2019-03-13 05:00:00,100.27500000000003
2019-03-14 05:00:00,102.97500000000001
2019-03-15 05:00:00,105.97499999999998
2019-03-18 05:00:00,107.25000000000001
2019-03-19 05:00:00,106.7
2019-03-20 05:00:00,109.7
2019-03-21 05:00:00,114.2
2019-03-22 05:00:00,115.12500000000001
2019-03-25 05:00:00,115.00000000000001
2019-03-26 05:00:00,114.77500000000005
2019-03-27 05:00:00,114.25000000000001
2019-03-28 05:00:00,111.25000000000001
2019-03-29 05:00:00,108.00000000000001
2019-04-01 05:00:00,107.95
2019-04-02 05:00:00,110.95
2019-04-03 05:00:00,114.30000000000003
2019-04-04 05:00:00,117.29999999999997
2019-04-05 05:00:00,118.42499999999997
2019-04-08 05:00:00,117.59999999999998
2019-04-09 05:00:00,114.60000000000004
2019-04-10 05:00:00,115.90000000000005
2019-04-11 05:00:00,117.14999999999999
2019-04-12 05:00:00,117.95
2019-04-15 05:00:00,118.14999999999999
2019-04-16 05:00:00,117.77499999999999
2019-04-17 05:00:00,117.22499999999998
2019-04-18 05:00:00,117.14999999999999
2019-04-22 05:00:00,114.575
2019-04-23 05:00:00,113.80000000000003
2019-04-24 05:00:00,114.25000000000001
2019-04-25 05:00:00,111.25000000000001
2019-04-26 05:00:00,110.05000000000003
2019-04-29 05:00:00,109.14999999999999
2019-04-30 05:00:00,108.97499999999998
2019-05-01 05:00:00,111.97499999999998
2019-05-02 05:00:00,112.12500000000001
2019-05-03 05:00:00,112.27500000000005
2019-05-06 05:00:00,109.27499999999999
2019-05-07 05:00:00,108.72499999999998
2019-05-08 05:00:00,107.34999999999998
2019-05-09 05:00:00,107.575
2019-05-10 05:00:00,107.34999999999998
2019-05-13 05:00:00,104.35
2019-05-14 05:00:00,106.64999999999999
2019-05-15 05:00:00,108.52499999999999
2019-05-16 05:00:00,109.2
2019-05-17 05:00:00,109.84999999999998
2019-05-20 05:00:00,110.34999999999998
2019-05-21 05:00:00,108.37500000000001
2019-05-22 05:00:00,108.075
2019-05-23 05:00:00,108.2
2019-05-24 05:00:00,105.2
2019-05-28 05:00:00,103.25000000000004
2019-05-29 05:00:00,105.025
2019-05-30 05:00:00,104.80000000000004
2019-05-31 05:00:00,102.52500000000002
2019-06-03 05:00:00,100.42500000000004
2019-06-04 05:00:00,101.37500000000003
2019-06-05 05:00:00,101.97500000000001
2019-06-06 05:00:00,101.52500000000002
2019-06-07 05:00:00,98.52500000000003
2019-06-10 05:00:00,100.75000000000003
2019-06-11 05:00:00,98.87500000000003
2019-06-12 05:00:00,98.42500000000004
2019-06-13 05:00:00,98.72500000000002
2019-06-14 05:00:00,96.52500000000003
2019-06-17 05:00:00,98.20000000000005
2019-06-18 05:00:00,98.02500000000003
2019-06-19 05:00:00,98.87500000000003
2019-06-20 05:00:00,97.15000000000003
2019-06-21 05:00:00,94.15000000000003
2019-06-24 05:00:00,90.47500000000002
2019-06-25 05:00:00,91.32500000000005
2019-06-26 05:00:00,90.92500000000004
2019-06-27 05:00:00,93.02500000000003
2019-06-28 05:00:00,92.27500000000003
2019-07-01 05:00:00,94.62500000000003
2019-07-02 05:00:00,94.47500000000002
2019-07-03 05:00:00,94.22500000000002
2019-07-05 05:00:00,91.50000000000003
2019-07-08 05:00:00,89.42500000000004
2019-07-09 05:00:00,92.42500000000004
2019-07-10 05:00:00,94.67500000000004
2019-07-11 05:00:00,93.02500000000003
2019-07-12 05:00:00,94.65000000000003
2019-07-15 05:00:00,95.32500000000005
2019-07-16 05:00:00,96.72500000000002
2019-07-17 05:00:00,99.25000000000003
2019-07-18 05:00:00,98.32500000000005
2019-07-19 05:00:00,100.35000000000002
2019-07-22 05:00:00,100.62500000000003
2019-07-23 05:00:00,103.22500000000001
2019-07-24 05:00:00,102.27500000000002
2019-07-25 05:00:00,100.07500000000005
2019-07-26 05:00:00,100.87500000000003
2019-07-29 05:00:00,97.87500000000003
2019-07-30 05:00:00,95.42500000000004
2019-07-31 05:00:00,92.42500000000004
2019-08-01 05:00:00,88.90000000000003
2019-08-02 05:00:00,87.15000000000003
2019-08-05 05:00:00,88.85000000000002
2019-08-06 05:00:00,86.02500000000003
2019-08-07 05:00:00,88.27500000000003
2019-08-08 05:00:00,89.30000000000004
2019-08-09 05:00:00,88.40000000000003
2019-08-12 05:00:00,88.50000000000003
2019-08-13 05:00:00,86.00000000000003
2019-08-14 05:00:00,88.20000000000005
2019-08-15 05:00:00,87.17500000000004
2019-08-16 05:00:00,84.20000000000005
2019-08-19 05:00:00,86.27500000000003
2019-08-20 05:00:00,87.60000000000002
2019-08-21 05:00:00,86.10000000000002
2019-08-22 05:00:00,84.97500000000002
2019-08-23 05:00:00,82.20000000000005
2019-08-26 05:00:00,86.45000000000005
2019-08-27 05:00:00,86.32500000000005
2019-08-28 05:00:00,87.12500000000003
2019-08-29 05:00:00,89.07500000000005
2019-08-30 05:00:00,86.80000000000004
2019-09-03 05:00:00,89.25000000000003
2019-09-04 05:00:00,88.65000000000003
2019-09-05 05:00:00,88.90000000000003
2019-09-06 05:00:00,85.90000000000003
2019-09-09 05:00:00,83.37500000000003
2019-09-10 05:00:00,85.20000000000005
2019-09-11 05:00:00,84.62500000000003
2019-09-12 05:00:00,87.62500000000003
2019-09-13 05:00:00,92.12500000000003
2019-09-16 05:00:00,94.10000000000002
2019-09-17 05:00:00,91.10000000000002
2019-09-18 05:00:00,91.22500000000002
2019-09-19 05:00:00,91.37500000000003
2019-09-20 05:00:00,89.67500000000004
2019-09-23 05:00:00,91.80000000000004
2019-09-24 05:00:00,92.52500000000003
2019-09-25 05:00:00,94.82500000000005
2019-09-26 05:00:00,93.80000000000004
2019-09-27 05:00:00,93.27500000000003
2019-09-30 05:00:00,96.02500000000003
2019-10-01 05:00:00,93.35000000000002
2019-10-02 05:00:00,92.52500000000003
2019-10-03 05:00:00,91.52500000000003
2019-10-04 05:00:00,90.67500000000004
2019-10-07 05:00:00,87.67500000000004
2019-10-08 05:00:00,90.82500000000005
2019-10-09 05:00:00,92.90000000000003
2019-10-10 05:00:00,91.90000000000003
2019-10-11 05:00:00,93.02500000000003
2019-10-14 05:00:00,92.55000000000004
2019-10-15 05:00:00,94.45000000000005
2019-10-16 05:00:00,94.15000000000003
2019-10-17 05:00:00,92.95000000000005
2019-10-18 05:00:00,92.77500000000003
2019-10-21 05:00:00,93.47500000000002
2019-10-22 05:00:00,91.57500000000005
2019-10-23 05:00:00,90.40000000000003
2019-10-24 05:00:00,88.77500000000003
2019-10-25 05:00:00,88.65000000000003
2019-10-28 05:00:00,89.27500000000003
2019-10-29 05:00:00,87.92500000000004
2019-10-30 05:00:00,88.57500000000005
2019-10-31 05:00:00,88.62500000000003
2019-11-01 05:00:00,87.87500000000003
2019-11-04 06:00:00,87.20000000000005
2019-11-05 06:00:00,89.05000000000004
2019-11-06 06:00:00,88.07500000000005
2019-11-07 06:00:00,89.07500000000005
2019-11-08 06:00:00,89.20000000000005
2019-11-11 06:00:00,89.02500000000003
2019-11-12 06:00:00,90.85000000000002
2019-11-13 06:00:00,89.85000000000002
2019-11-14 06:00:00,88.67500000000004
2019-11-15 06:00:00,87.30000000000004
2019-11-18 06:00:00,85.52500000000003
2019-11-19 06:00:00,84.92500000000004
2019-11-20 06:00:00,82.07500000000005
2019-11-21 06:00:00,82.75000000000003
2019-11-22 06:00:00,82.95000000000005
2019-11-25 06:00:00,83.05000000000004
2019-11-26 06:00:00,83.12500000000003
2019-11-27 06:00:00,82.45000000000005
2019-11-29 06:00:00,83.47500000000002
2019-12-02 06:00:00,81.45000000000005
2019-12-03 06:00:00,83.67500000000004
2019-12-04 06:00:00,83.72500000000002
2019-12-05 06:00:00,82.87500000000003
2019-12-06 06:00:00,82.85000000000002
2019-12-09 06:00:00,82.00000000000003
2019-12-10 06:00:00,83.27500000000003
2019-12-11 06:00:00,83.02500000000003
2019-12-12 06:00:00,83.95000000000005
2019-12-13 06:00:00,84.80000000000004
2019-12-16 06:00:00,86.02500000000003
2019-12-17 06:00:00,85.97500000000005
2019-12-18 06:00:00,85.80000000000004
2019-12-19 06:00:00,86.07500000000005
2019-12-20 06:00:00,86.07500000000005
2019-12-23 06:00:00,86.12500000000003
2019-12-24 06:00:00,86.57500000000005
2019-12-26 06:00:00,86.85000000000005
2019-12-27 06:00:00,86.45000000000005
2019-12-30 06:00:00,87.20000000000005
2019-12-31 06:00:00,86.50000000000003
2020-01-02 06:00:00,86.57500000000005
2020-01-03 06:00:00,83.72500000000005
2020-01-06 06:00:00,83.52500000000003
2020-01-07 06:00:00,84.32500000000005
2020-01-08 06:00:00,84.32500000000005
2020-01-09 06:00:00,83.05000000000004
2020-01-10 06:00:00,82.70000000000005
2020-01-13 06:00:00,81.95000000000005
2020-01-14 06:00:00,83.57500000000005
2020-01-15 06:00:00,83.55000000000004
2020-01-16 06:00:00,82.35000000000005
2020-01-17 06:00:00,82.67500000000004
2020-01-21 06:00:00,82.40000000000003
2020-01-22 06:00:00,83.10000000000005
2020-01-23 06:00:00,83.92500000000004
2020-01-24 06:00:00,82.02500000000003
2020-01-27 06:00:00,79.02500000000003
2020-01-28 06:00:00,79.87500000000003
2020-01-29 06:00:00,77.40000000000003
2020-01-30 06:00:00,74.40000000000003
2020-01-31 06:00:00,70.17500000000004
2020-02-03 06:00:00,71.30000000000004
2020-02-04 06:00:00,70.90000000000003
2020-02-05 06:00:00,70.45000000000005
2020-02-06 06:00:00,73.45000000000005
2020-02-07 06:00:00,74.82500000000005
2020-02-10 06:00:00,73.65000000000003
2020-02-11 06:00:00,72.80000000000004
2020-02-12 06:00:00,72.35000000000002
2020-02-13 06:00:00,72.65000000000003
2020-02-14 06:00:00,72.87500000000003
2020-02-18 06:00:00,73.35000000000002
2020-02-19 06:00:00,75.15000000000003
2020-02-20 06:00:00,73.92500000000004
2020-02-21 06:00:00,73.82500000000002
2020-02-24 06:00:00,71.92500000000004
2020-02-25 06:00:00,71.67500000000004
2020-02-26 06:00:00,72.37500000000003
2020-02-27 06:00:00,70.02500000000003
2020-02-28 06:00:00,69.20000000000002
2020-03-02 06:00:00,69.00000000000003
2020-03-03 06:00:00,70.05000000000004
2020-03-04 06:00:00,70.80000000000004
2020-03-05 06:00:00,71.35000000000002
2020-03-06 06:00:00,71.72500000000002
2020-03-09 05:00:00,69.32500000000002
2020-03-10 05:00:00,71.27500000000003
2020-03-11 05:00:00,70.77500000000003
2020-03-12 05:00:00,67.77500000000003
2020-03-13 05:00:00,63.275000000000034
2020-03-16 05:00:00,58.775000000000034
2020-03-17 05:00:00,62.400000000000034
2020-03-18 05:00:00,59.275000000000034
2020-03-19 05:00:00,61.12500000000003
2020-03-20 05:00:00,59.92500000000004
2020-03-23 05:00:00,62.92500000000004
2020-03-24 05:00:00,64.97500000000002
2020-03-25 05:00:00,63.72500000000002
2020-03-26 05:00:00,60.72500000000002
2020-03-27 05:00:00,56.22500000000002
2020-03-30 05:00:00,51.75000000000003
2020-03-31 05:00:00,52.30000000000004
2020-04-01 05:00:00,49.300000000000026
2020-04-02 05:00:00,44.80000000000001
2020-04-03 05:00:00,40.30000000000001
2020-04-06 05:00:00,41.625000000000014
2020-04-07 05:00:00,44.625000000000014
2020-04-08 05:00:00,43.42500000000001
2020-04-09 05:00:00,40.650000000000006
2020-04-13 05:00:00,36.90000000000001
2020-04-14 05:00:00,35.92500000000002
2020-04-15 05:00:00,36.600000000000016
2020-04-16 05:00:00,35.95000000000002
2020-04-17 05:00:00,36.80000000000001
2020-04-20 05:00:00,38.650000000000006
2020-04-21 05:00:00,37.80000000000001
2020-04-22 05:00:00,36.07500000000002
2020-04-23 05:00:00,39.250000000000014
2020-04-24 05:00:00,39.55000000000001
2020-04-27 05:00:00,43.30000000000001
2020-04-28 05:00:00,45.125000000000014
2020-04-29 05:00:00,43.35000000000002
2020-04-30 05:00:00,45.375000000000014
2020-05-01 05:00:00,49.000000000000014
2020-05-04 05:00:00,50.3
2020-05-05 05:00:00,47.80000000000001
2020-05-06 05:00:00,48.67500000000001
2020-05-07 05:00:00,48.375000000000014
2020-05-08 05:00:00,46.60000000000001
2020-05-11 05:00:00,45.35000000000001
2020-05-12 05:00:00,46.35000000000001
2020-05-13 05:00:00,44.000000000000014
2020-05-14 05:00:00,43.67500000000001
2020-05-15 05:00:00,42.625000000000014
2020-05-18 05:00:00,43.025000000000006
2020-05-19 05:00:00,41.70000000000002
2020-05-20 05:00:00,40.775000000000006
2020-05-21 05:00:00,41.500000000000014
2020-05-22 05:00:00,40.500000000000014
2020-05-26 05:00:00,43.375000000000014
2020-05-27 05:00:00,43.82500000000002
2020-05-28 05:00:00,41.250000000000014
2020-05-29 05:00:00,42.95000000000002
2020-06-01 05:00:00,41.32500000000002
2020-06-02 05:00:00,41.775000000000006
2020-06-03 05:00:00,41.125000000000014
2020-06-04 05:00:00,42.000000000000014
2020-06-05 05:00:00,43.57500000000002
2020-06-08 05:00:00,44.025000000000006
2020-06-09 05:00:00,43.025000000000006
2020-06-10 05:00:00,42.05000000000001
2020-06-11 05:00:00,41.10000000000002
2020-06-12 05:00:00,40.875000000000014
2020-06-15 05:00:00,41.500000000000014
2020-06-16 05:00:00,40.000000000000014
2020-06-17 05:00:00,39.500000000000014
2020-06-18 05:00:00,39.45000000000002
2020-06-19 05:00:00,39.125000000000014
2020-06-22 05:00:00,38.17500000000001
2020-06-23 05:00:00,39.20000000000002
2020-06-24 05:00:00,38.500000000000014
2020-06-25 05:00:00,38.80000000000001
2020-06-26 05:00:00,35.27500000000001
2020-06-29 05:00:00,35.70000000000001
2020-06-30 05:00:00,37.625000000000014
2020-07-01 05:00:00,36.55000000000001
2020-07-02 05:00:00,36.625000000000014
2020-07-06 05:00:00,37.32500000000001
2020-07-07 05:00:00,36.90000000000001
2020-07-08 05:00:00,37.07500000000001
2020-07-09 05:00:00,38.82500000000002
2020-07-10 05:00:00,38.125000000000014
2020-07-13 05:00:00,38.625000000000014
2020-07-14 05:00:00,37.95
2020-07-15 05:00:00,37.7
2020-07-16 05:00:00,40.10000000000002
2020-07-17 05:00:00,39.35000000000002
2020-07-20 05:00:00,37.47500000000001
2020-07-21 05:00:00,38.30000000000001
2020-07-22 05:00:00,38.35000000000002
2020-07-23 05:00:00,39.30000000000001
2020-07-24 05:00:00,38.42500000000001
2020-07-27 05:00:00,39.025000000000006
2020-07-28 05:00:00,39.000000000000014
2020-07-29 05:00:00,38.10000000000001
2020-07-30 05:00:00,36.600000000000016
2020-07-31 05:00:00,37.90000000000002
2020-08-03 05:00:00,36.67500000000001
2020-08-04 05:00:00,37.30000000000001
2020-08-05 05:00:00,37.575
2020-08-06 05:00:00,37.47500000000001
2020-08-07 05:00:00,39.250000000000014
2020-08-10 05:00:00,42.10000000000002
2020-08-11 05:00:00,40.10000000000002
2020-08-12 05:00:00,39.875000000000014
2020-08-13 05:00:00,40.625000000000014
2020-08-14 05:00:00,41.30000000000001
2020-08-17 05:00:00,41.625000000000014
2020-08-18 05:00:00,39.85000000000001
2020-08-19 05:00:00,40.250000000000014
2020-08-20 05:00:00,42.525000000000006
2020-08-21 05:00:00,42.125000000000014
2020-08-24 05:00:00,42.275000000000006
2020-08-25 05:00:00,43.35000000000001
2020-08-26 05:00:00,43.000000000000014
2020-08-27 05:00:00,43.250000000000014
2020-08-28 05:00:00,41.875000000000014
2020-08-31 05:00:00,41.80000000000001
2020-09-01 05:00:00,42.45000000000002
2020-09-02 05:00:00,43.17500000000001
2020-09-03 05:00:00,44.650000000000006
2020-09-04 05:00:00,44.92500000000001
2020-09-08 05:00:00,45.35000000000001
2020-09-09 05:00:00,46.52500000000002
2020-09-10 05:00:00,49.52500000000002
2020-09-11 05:00:00,52.67500000000001
2020-09-14 05:00:00,50.250000000000014
2020-09-15 05:00:00,49.72500000000001
2020-09-16 05:00:00,48.65000000000002
2020-09-17 05:00:00,50.30000000000001
2020-09-18 05:00:00,50.2
2020-09-21 05:00:00,48.22500000000001
2020-09-22 05:00:00,50.775000000000006
2020-09-23 05:00:00,51.025000000000006
2020-09-24 05:00:00,49.95
2020-09-25 05:00:00,51.10000000000001
2020-09-28 05:00:00,50.70000000000002
2020-09-29 05:00:00,48.65000000000002
2020-09-30 05:00:00,49.77500000000002
2020-10-01 05:00:00,49.52500000000002
2020-10-02 05:00:00,49.17500000000001
2020-10-05 05:00:00,49.325
2020-10-06 05:00:00,50.55000000000001
2020-10-07 05:00:00,51.250000000000014
2020-10-08 05:00:00,53.525000000000006
2020-10-09 05:00:00,53.80000000000001
2020-10-12 05:00:00,53.30000000000001
2020-10-13 05:00:00,52.82500000000002
2020-10-14 05:00:00,55.10000000000001
2020-10-15 05:00:00,55.42500000000001
2020-10-16 05:00:00,54.95000000000002
2020-10-19 05:00:00,54.85000000000001
2020-10-20 05:00:00,53.27500000000002
2020-10-21 05:00:00,52.45000000000002
2020-10-22 05:00:00,50.85000000000001
2020-10-23 05:00:00,50.92500000000001
2020-10-26 05:00:00,51.65000000000002
2020-10-27 05:00:00,52.05000000000001
2020-10-28 05:00:00,50.20000000000002
2020-10-29 05:00:00,49.60000000000001
2020-10-30 05:00:00,49.55000000000001
2020-11-02 06:00:00,49.30000000000001
2020-11-03 06:00:00,49.52500000000002
2020-11-04 06:00:00,51.000000000000014
2020-11-05 06:00:00,52.47500000000001
2020-11-06 06:00:00,51.02500000000002
2020-11-09 06:00:00,51.45000000000002
2020-11-10 06:00:00,50.57500000000002
2020-11-11 06:00:00,50.40000000000002
2020-11-12 06:00:00,50.72500000000001
2020-11-13 06:00:00,48.57500000000002
2020-11-16 06:00:00,47.77500000000002
2020-11-17 06:00:00,49.625000000000014
2020-11-18 06:00:00,49.90000000000002
2020-11-19 06:00:00,47.05000000000001
2020-11-20 06:00:00,49.35000000000001
2020-11-23 06:00:00,51.125000000000014
2020-11-24 06:00:00,50.750000000000014
2020-11-25 06:00:00,51.67500000000001
2020-11-27 06:00:00,51.250000000000014
2020-11-30 06:00:00,52.57500000000002
2020-12-01 06:00:00,52.750000000000014
2020-12-02 06:00:00,51.875000000000014
2020-12-03 06:00:00,50.92500000000001
2020-12-04 06:00:00,50.57500000000002
2020-12-07 06:00:00,48.95000000000002
2020-12-08 06:00:00,49.60000000000001
2020-12-09 06:00:00,50.27500000000002
2020-12-10 06:00:00,49.10000000000001
2020-12-11 06:00:00,47.22500000000001
2020-12-14 06:00:00,49.67500000000001
2020-12-15 06:00:00,50.42500000000001
2020-12-16 06:00:00,50.17500000000001
2020-12-17 06:00:00,50.150000000000006
2020-12-18 06:00:00,50.775000000000006
2020-12-21 06:00:00,50.85000000000001
2020-12-22 06:00:00,50.875000000000014
2020-12-23 06:00:00,52.150000000000006
2020-12-24 06:00:00,51.95
2020-12-28 06:00:00,51.60000000000001
2020-12-29 06:00:00,51.92500000000001
2020-12-30 06:00:00,51.92500000000001
2020-12-31 06:00:00,53.10000000000001
2021-01-04 06:00:00,54.47500000000001
2021-01-05 06:00:00,54.95
2021-01-06 06:00:00,53.85000000000001
2021-01-07 06:00:00,53.900000000000006
2021-01-08 06:00:00,53.67500000000001
2021-01-11 06:00:00,53.80000000000001
2021-01-12 06:00:00,54.375000000000014
2021-01-13 06:00:00,53.80000000000001
2021-01-14 06:00:00,52.92500000000001
2021-01-15 06:00:00,53.500000000000014
2021-01-19 06:00:00,52.275000000000006
2021-01-20 06:00:00,53.92500000000001
2021-01-21 06:00:00,54.750000000000014
2021-01-22 06:00:00,57.000000000000014
2021-01-25 06:00:00,57.47500000000001
2021-01-26 06:00:00,57.80000000000001
2021-01-27 06:00:00,57.150000000000006
2021-01-28 06:00:00,57.22500000000001
2021-01-29 06:00:00,57.500000000000014
2021-02-01 06:00:00,56.35000000000001
2021-02-02 06:00:00,58.92500000000001
2021-02-03 06:00:00,60.05000000000001
2021-02-04 06:00:00,60.150000000000006
2021-02-05 06:00:00,61.150000000000006
2021-02-08 06:00:00,61.500000000000014
2021-02-09 06:00:00,61.22500000000001
2021-02-10 06:00:00,62.67500000000001
2021-02-11 06:00:00,65.10000000000001
2021-02-12 06:00:00,66.05000000000001
2021-02-16 06:00:00,67.025
2021-02-17 06:00:00,66.775
2021-02-18 06:00:00,66.80000000000001
2021-02-19 06:00:00,66.47500000000001
2021-02-22 06:00:00,67.25
2021-02-23 06:00:00,67.775
2021-02-24 06:00:00,70.05000000000001
2021-02-25 06:00:00,69.9
2021-02-26 06:00:00,68.325
2021-03-01 06:00:00,69.10000000000001
2021-03-02 06:00:00,67.625
2021-03-03 06:00:00,69.0
2021-03-04 06:00:00,68.875
2021-03-05 06:00:00,69.575
2021-03-08 06:00:00,70.125
2021-03-09 06:00:00,70.97500000000001
2021-03-10 06:00:00,71.55000000000001
2021-03-11 06:00:00,73.275
2021-03-12 06:00:00,73.15
2021-03-15 05:00:00,73.075
2021-03-16 05:00:00,75.125
2021-03-17 05:00:00,76.47500000000001
2021-03-18 05:00:00,74.17500000000001
2021-03-19 05:00:00,74.75
2021-03-22 05:00:00,73.625
2021-03-23 05:00:00,75.4
2021-03-24 05:00:00,76.2
2021-03-25 05:00:00,77.47500000000001
2021-03-26 05:00:00,79.75
2021-03-29 05:00:00,79.375
2021-03-30 05:00:00,80.17500000000001
2021-03-31 05:00:00,79.45
2021-04-01 05:00:00,80.47500000000001
2021-04-05 05:00:00,79.75
2021-04-06 05:00:00,79.775
2021-04-07 05:00:00,82.05000000000001
2021-04-08 05:00:00,82.85000000000001
2021-04-09 05:00:00,83.10000000000001
2021-04-12 05:00:00,80.30000000000001
2021-04-13 05:00:00,80.325
2021-04-14 05:00:00,81.85000000000001
2021-04-15 05:00:00,78.85000000000001
2021-04-16 05:00:00,76.17500000000001
2021-04-19 05:00:00,78.45
2021-04-20 05:00:00,80.72500000000001
2021-04-21 05:00:00,79.47500000000001
2021-04-22 05:00:00,78.72500000000001
2021-04-23 05:00:00,81.00000000000001
2021-04-26 05:00:00,82.15
2021-04-27 05:00:00,81.80000000000001
2021-04-28 05:00:00,84.42500000000001
2021-04-29 05:00:00,82.72500000000001
2021-04-30 05:00:00,85.72500000000001
2021-05-03 05:00:00,88.55000000000001
2021-05-04 05:00:00,89.9
2021-05-05 05:00:00,90.95
2021-05-06 05:00:00,91.12500000000001
2021-05-07 05:00:00,90.025
2021-05-10 05:00:00,89.17500000000001
2021-05-11 05:00:00,87.9
2021-05-12 05:00:00,88.4
2021-05-13 05:00:00,86.575
2021-05-14 05:00:00,85.47500000000001
2021-05-17 05:00:00,86.025
2021-05-18 05:00:00,88.45
2021-05-19 05:00:00,88.2
2021-05-20 05:00:00,90.025
2021-05-21 05:00:00,92.72500000000001
2021-05-24 05:00:00,92.25
2021-05-25 05:00:00,94.35000000000001
2021-05-26 05:00:00,94.3
2021-05-27 05:00:00,94.525
2021-05-28 05:00:00,96.925
2021-06-01 05:00:00,98.275
2021-06-02 05:00:00,97.5
2021-06-03 05:00:00,97.7
2021-06-04 05:00:00,98.275
2021-06-07 05:00:00,99.60000000000001
2021-06-08 05:00:00,99.375
2021-06-09 05:00:00,99.45
2021-06-10 05:00:00,99.4
2021-06-11 05:00:00,97.675
2021-06-14 05:00:00,95.5
2021-06-15 05:00:00,95.4
2021-06-16 05:00:00,92.4
2021-06-17 05:00:00,88.3
2021-06-18 05:00:00,89.475
2021-06-21 05:00:00,86.825
2021-06-22 05:00:00,86.775
2021-06-23 05:00:00,85.225
2021-06-24 05:00:00,84.575
2021-06-25 05:00:00,85.775
2021-06-28 05:00:00,88.775
2021-06-29 05:00:00,89.125
2021-06-30 05:00:00,88.65
2021-07-01 05:00:00,86.25
2021-07-02 05:00:00,86.075
2021-07-06 05:00:00,85.825
2021-07-07 05:00:00,85.1
2021-07-08 05:00:00,85.475
2021-07-09 05:00:00,86.8
2021-07-12 05:00:00,88.7
2021-07-13 05:00:00,90.75
2021-07-14 05:00:00,90.6
2021-07-15 05:00:00,90.775
2021-07-16 05:00:00,92.125
2021-07-19 05:00:00,90.75
2021-07-20 05:00:00,92.4
2021-07-21 05:00:00,93.775
2021-07-22 05:00:00,93.1
2021-07-23 05:00:00,94.0
2021-07-26 05:00:00,94.475
2021-07-27 05:00:00,93.9
2021-07-28 05:00:00,90.9
2021-07-29 05:00:00,90.35
2021-07-30 05:00:00,89.4
2021-08-02 05:00:00,90.875
2021-08-03 05:00:00,92.75
2021-08-04 05:00:00,91.5
2021-08-05 05:00:00,88.5
2021-08-06 05:00:00,88.975
2021-08-09 05:00:00,85.975
2021-08-10 05:00:00,85.25
2021-08-11 05:00:00,87.225
2021-08-12 05:00:00,87.85
2021-08-13 05:00:00,87.9
2021-08-16 05:00:00,89.575
2021-08-17 05:00:00,88.80000000000001
2021-08-18 05:00:00,89.85000000000001
2021-08-19 05:00:00,88.275
2021-08-20 05:00:00,89.42500000000001
2021-08-23 05:00:00,89.12500000000001
2021-08-24 05:00:00,88.50000000000001
2021-08-25 05:00:00,89.67500000000001
2021-08-26 05:00:00,89.12500000000001
2021-08-27 05:00:00,90.775
2021-08-30 05:00:00,90.45
2021-08-31 05:00:00,89.67500000000001
2021-09-01 05:00:00,90.2
2021-09-02 05:00:00,90.05000000000001
2021-09-03 05:00:00,89.825
2021-09-07 05:00:00,88.50000000000001
2021-09-08 05:00:00,88.275
2021-09-09 05:00:00,87.2
2021-09-10 05:00:00,83.825
2021-09-13 05:00:00,81.10000000000001
2021-09-14 05:00:00,79.9
2021-09-15 05:00:00,79.97500000000001
2021-09-16 05:00:00,82.17500000000001
2021-09-17 05:00:00,82.775
2021-09-20 05:00:00,81.95
2021-09-21 05:00:00,81.325
2021-09-22 05:00:00,81.10000000000001
2021-09-23 05:00:00,84.22500000000001
2021-09-24 05:00:00,84.525
2021-09-27 05:00:00,89.275
2021-09-28 05:00:00,91.30000000000001
2021-09-29 05:00:00,91.325
2021-09-30 05:00:00,93.12500000000001
2021-10-01 05:00:00,92.9
2021-10-04 05:00:00,90.825
2021-10-05 05:00:00,90.275
2021-10-06 05:00:00,89.45
2021-10-07 05:00:00,89.75000000000001
2021-10-08 05:00:00,89.22500000000001
2021-10-11 05:00:00,87.9
2021-10-12 05:00:00,85.9
2021-10-13 05:00:00,85.87500000000001
2021-10-14 05:00:00,85.05000000000001
2021-10-15 05:00:00,86.07500000000002
2021-10-18 05:00:00,86.52500000000002
2021-10-19 05:00:00,85.20000000000002
2021-10-20 05:00:00,83.97500000000001
2021-10-21 05:00:00,81.42500000000001
2021-10-22 05:00:00,81.37500000000001
2021-10-25 05:00:00,81.52500000000002
2021-10-26 05:00:00,79.90000000000002
2021-10-27 05:00:00,79.07500000000002
2021-10-28 05:00:00,81.95000000000002
2021-10-29 05:00:00,83.42500000000001
2021-11-01 05:00:00,83.55000000000001
2021-11-02 05:00:00,81.90000000000002
2021-11-03 05:00:00,83.30000000000001
2021-11-04 05:00:00,84.92500000000001
2021-11-05 05:00:00,84.22500000000001
2021-11-08 06:00:00,84.12500000000001
2021-11-09 06:00:00,83.50000000000001
2021-11-10 06:00:00,84.07500000000002
2021-11-11 06:00:00,83.82500000000002
2021-11-12 06:00:00,85.30000000000001
2021-11-15 06:00:00,85.92500000000001
2021-11-16 06:00:00,88.12500000000001
2021-11-17 06:00:00,87.90000000000002
2021-11-18 06:00:00,88.05000000000001
2021-11-19 06:00:00,87.22500000000001
2021-11-22 06:00:00,87.77500000000002
2021-11-23 06:00:00,88.02500000000002
2021-11-24 06:00:00,89.00000000000001
2021-11-26 06:00:00,85.77500000000002
2021-11-29 06:00:00,85.67500000000001
2021-11-30 06:00:00,84.72500000000001
2021-12-01 06:00:00,84.87500000000001
2021-12-02 06:00:00,86.75000000000001
2021-12-03 06:00:00,86.25000000000001
2021-12-06 06:00:00,82.97500000000001
2021-12-07 06:00:00,81.30000000000001
2021-12-08 06:00:00,80.80000000000001
2021-12-09 06:00:00,82.57500000000002
2021-12-10 06:00:00,85.77500000000002
2021-12-13 06:00:00,85.50000000000001
2021-12-14 06:00:00,84.82500000000002
2021-12-15 06:00:00,84.07500000000002
2021-12-16 06:00:00,85.10000000000001
2021-12-17 06:00:00,85.00000000000001
2021-12-20 06:00:00,83.72500000000001
2021-12-21 06:00:00,85.80000000000001
2021-12-22 06:00:00,86.92500000000001
2021-12-23 06:00:00,86.87500000000001
2021-12-27 06:00:00,87.95
2021-12-28 06:00:00,87.775
2021-12-29 06:00:00,88.67500000000001
2021-12-30 06:00:00,88.05000000000001
2021-12-31 06:00:00,86.95
2022-01-03 06:00:00,86.87500000000001
2022-01-03 14:00:00,87.22500000000001
2022-01-03 15:00:00,87.025
2022-01-03 16:00:00,86.75000000000001
2022-01-03 17:00:00,86.775
2022-01-03 18:00:00,86.85000000000001
2022-01-03 19:00:00,86.775
2022-01-04 14:00:00,87.00000000000001
2022-01-04 15:00:00,88.05000000000001
2022-01-04 16:00:00,87.50000000000001
2022-01-04 17:00:00,87.4
2022-01-04 18:00:00,87.2
2022-01-04 19:00:00,87.22500000000001
2022-01-05 14:00:00,88.275
2022-01-05 15:00:00,88.15
2022-01-05 16:00:00,88.80000000000001
2022-01-05 17:00:00,88.85000000000001
2022-01-05 18:00:00,88.9
2022-01-05 19:00:00,89.10000000000001
2022-01-06 14:00:00,89.42500000000001
2022-01-06 15:00:00,89.65
2022-01-06 16:00:00,89.575
2022-01-06 17:00:00,89.45
2022-01-06 18:00:00,89.525
2022-01-06 19:00:00,89.60000000000001
2022-01-07 14:00:00,89.05000000000001
2022-01-07 15:00:00,89.15
2022-01-07 16:00:00,88.92500000000001
2022-01-07 17:00:00,88.05000000000001
2022-01-07 18:00:00,87.75000000000001
2022-01-07 19:00:00,87.50000000000001
2022-01-10 14:00:00,86.87500000000001
2022-01-10 15:00:00,85.17500000000001
2022-01-10 16:00:00,85.10000000000001
2022-01-10 17:00:00,85.17500000000001
2022-01-10 18:00:00,84.825
2022-01-10 19:00:00,84.775
2022-01-11 14:00:00,84.35000000000001
2022-01-11 15:00:00,84.25000000000001
2022-01-11 16:00:00,84.75000000000001
2022-01-11 17:00:00,84.75000000000001
2022-01-11 18:00:00,84.45
2022-01-11 19:00:00,84.4
2022-01-12 14:00:00,85.35000000000001
2022-01-12 15:00:00,85.17500000000001
2022-01-12 16:00:00,85.50000000000001
2022-01-12 17:00:00,85.62500000000001
2022-01-12 18:00:00,85.75000000000001
2022-01-12 19:00:00,85.825
2022-01-13 14:00:00,85.10000000000001
2022-01-13 15:00:00,84.575
2022-01-13 16:00:00,84.87500000000001
2022-01-13 17:00:00,85.25000000000001
2022-01-13 18:00:00,85.60000000000001
2022-01-13 19:00:00,85.775
2022-01-14 14:00:00,87.45
2022-01-14 15:00:00,87.87500000000001
2022-01-14 16:00:00,87.775
2022-01-14 17:00:00,88.42500000000001
2022-01-14 18:00:00,88.62500000000001
2022-01-14 19:00:00,88.60000000000001
2022-01-18 14:00:00,88.95
2022-01-18 15:00:00,89.30000000000001
2022-01-18 16:00:00,89.25000000000001
2022-01-18 17:00:00,89.2
2022-01-18 18:00:00,89.50000000000001
2022-01-18 19:00:00,89.55000000000001
2022-01-19 14:00:00,90.12500000000001
2022-01-19 15:00:00,90.2
2022-01-19 16:00:00,90.75000000000001
2022-01-19 17:00:00,91.42500000000001
2022-01-19 18:00:00,91.55000000000001
2022-01-19 19:00:00,91.50000000000001
2022-01-20 14:00:00,91.775
2022-01-20 15:00:00,92.22500000000001
2022-01-20 16:00:00,92.47500000000001
2022-01-20 17:00:00,92.825
2022-01-20 18:00:00,94.25000000000001
2022-01-20 19:00:00,94.075
2022-01-21 14:00:00,94.15
2022-01-21 15:00:00,94.55000000000001
2022-01-21 16:00:00,95.35000000000001
2022-01-21 17:00:00,95.62500000000001
2022-01-21 18:00:00,95.2
2022-01-21 19:00:00,95.25000000000001
2022-01-24 14:00:00,94.30000000000001
2022-01-24 15:00:00,95.25000000000001
2022-01-24 16:00:00,96.00000000000001
2022-01-24 17:00:00,94.7
2022-01-24 18:00:00,95.62500000000001
2022-01-24 19:00:00,95.325
2022-01-25 14:00:00,96.05000000000001
2022-01-25 15:00:00,97.12500000000001
2022-01-25 16:00:00,97.42500000000001
2022-01-25 17:00:00,97.15
2022-01-25 18:00:00,97.45
2022-01-25 19:00:00,97.47500000000001
2022-01-26 14:00:00,96.12500000000001
2022-01-26 15:00:00,96.30000000000001
2022-01-26 16:00:00,96.60000000000001
2022-01-26 17:00:00,96.65
2022-01-26 18:00:00,96.67500000000001
2022-01-26 19:00:00,96.50000000000001
2022-01-27 14:00:00,95.62500000000001
2022-01-27 15:00:00,94.67500000000001
2022-01-27 16:00:00,94.62500000000001
2022-01-27 17:00:00,94.95
2022-01-27 18:00:00,94.95
2022-01-27 19:00:00,94.95
2022-01-28 14:00:00,96.825
2022-01-28 15:00:00,95.575
2022-01-28 16:00:00,93.95
2022-01-28 17:00:00,95.22500000000001
2022-01-28 18:00:00,95.2
2022-01-28 19:00:00,95.30000000000001
2022-01-31 14:00:00,95.85000000000001
2022-01-31 15:00:00,96.025
2022-01-31 16:00:00,96.17500000000001
2022-01-31 17:00:00,96.50000000000001
2022-01-31 18:00:00,95.825
2022-01-31 19:00:00,95.72500000000001
2022-02-01 14:00:00,96.05000000000001
2022-02-01 15:00:00,98.80000000000001
2022-02-01 16:00:00,99.10000000000001
2022-02-01 17:00:00,98.2
2022-02-01 18:00:00,97.87500000000001
2022-02-01 19:00:00,98.30000000000001
2022-02-02 14:00:00,97.85000000000001
2022-02-02 15:00:00,98.80000000000001
2022-02-02 16:00:00,99.25000000000001
2022-02-02 17:00:00,98.92500000000001
2022-02-02 18:00:00,99.45
2022-02-02 19:00:00,99.37500000000001
2022-02-03 14:00:00,100.55000000000001
2022-02-03 15:00:00,100.37500000000001
2022-02-03 16:00:00,100.85000000000001
2022-02-03 17:00:00,101.275
2022-02-03 18:00:00,98.55000000000001
2022-02-03 19:00:00,98.72500000000001
2022-02-04 14:00:00,99.775
2022-02-04 15:00:00,99.67500000000001
2022-02-04 16:00:00,99.825
2022-02-04 17:00:00,100.12500000000001
2022-02-04 18:00:00,100.35000000000001
2022-02-04 19:00:00,100.9
2022-02-07 14:00:00,101.52500000000002
2022-02-07 15:00:00,102.22500000000001
2022-02-07 16:00:00,102.45
2022-02-07 17:00:00,102.50000000000001
2022-02-07 18:00:00,101.50000000000001
2022-02-07 19:00:00,101.97500000000001
2022-02-08 14:00:00,101.97500000000001
2022-02-08 15:00:00,102.15000000000002
2022-02-08 16:00:00,103.55
2022-02-08 17:00:00,104.04999999999998
2022-02-08 18:00:00,103.975
2022-02-08 19:00:00,104.15
2022-02-09 14:00:00,104.07500000000002
2022-02-09 15:00:00,104.15
2022-02-09 16:00:00,105.00000000000003
2022-02-09 17:00:00,105.04999999999998
2022-02-09 18:00:00,105.04999999999998
2022-02-09 19:00:00,105.54999999999997
2022-02-10 14:00:00,106.67499999999997
2022-02-10 15:00:00,106.575
2022-02-10 16:00:00,105.87500000000001
2022-02-10 17:00:00,104.9
2022-02-10 18:00:00,103.52500000000002
2022-02-10 19:00:00,103.725
2022-02-11 14:00:00,103.70000000000002
2022-02-11 15:00:00,102.7
2022-02-11 16:00:00,103.32500000000003
2022-02-11 17:00:00,102.85000000000001
2022-02-11 18:00:00,102.45
2022-02-11 19:00:00,102.35000000000001
2022-02-14 14:00:00,102.8
2022-02-14 15:00:00,102.00000000000001
2022-02-14 16:00:00,103.075
2022-02-14 17:00:00,103.3
2022-02-14 18:00:00,102.00000000000001
2022-02-14 19:00:00,102.075
2022-02-15 14:00:00,102.85000000000001
2022-02-15 15:00:00,104.35
2022-02-15 16:00:00,103.60000000000001
2022-02-15 17:00:00,104.20000000000002
2022-02-15 18:00:00,103.95000000000002
2022-02-15 19:00:00,104.025
2022-02-16 14:00:00,105.12500000000003
2022-02-16 15:00:00,105.22499999999998
2022-02-16 16:00:00,105.34999999999998
2022-02-16 17:00:00,105.25000000000001
2022-02-16 18:00:00,105.22499999999998
2022-02-16 19:00:00,105.47499999999998
2022-02-17 14:00:00,105.22499999999998
2022-02-17 15:00:00,105.77499999999999
2022-02-17 16:00:00,106.02499999999999
2022-02-17 17:00:00,106.59999999999998
2022-02-17 18:00:00,107.45
2022-02-17 19:00:00,107.52499999999999
2022-02-18 14:00:00,108.42499999999997
2022-02-18 15:00:00,108.84999999999998
2022-02-18 16:00:00,107.64999999999999
2022-02-18 17:00:00,108.34999999999998
2022-02-18 18:00:00,108.84999999999998
2022-02-18 19:00:00,108.62500000000001
2022-02-22 14:00:00,110.09999999999998
2022-02-22 15:00:00,110.075
2022-02-22 16:00:00,110.075
2022-02-22 17:00:00,110.89999999999999
2022-02-22 18:00:00,111.52499999999999
2022-02-22 19:00:00,111.50000000000001
2022-02-23 14:00:00,111.02499999999999
2022-02-23 15:00:00,109.72499999999998
2022-02-23 16:00:00,109.72499999999998
2022-02-23 17:00:00,108.95
2022-02-23 18:00:00,109.02499999999999
2022-02-23 19:00:00,108.89999999999999
2022-02-24 14:00:00,108.52499999999999
2022-02-24 15:00:00,108.00000000000001
2022-02-24 16:00:00,108.29999999999997
2022-02-24 17:00:00,107.67499999999997
2022-02-24 18:00:00,106.29999999999997
2022-02-24 19:00:00,106.42499999999997
2022-02-25 14:00:00,104.9
2022-02-25 15:00:00,104.75000000000003
2022-02-25 16:00:00,104.67499999999998
2022-02-25 17:00:00,104.57500000000002
2022-02-25 18:00:00,104.12500000000003
2022-02-25 19:00:00,104.07500000000002
2022-02-28 14:00:00,104.57500000000002
2022-02-28 15:00:00,104.775
2022-02-28 16:00:00,104.87500000000003
2022-02-28 17:00:00,104.975
2022-02-28 18:00:00,103.37500000000004
2022-02-28 19:00:00,103.50000000000004
2022-03-01 14:00:00,105.89999999999999
2022-03-01 15:00:00,106.575
2022-03-01 16:00:00,106.62500000000001
2022-03-01 17:00:00,107.09999999999998
2022-03-01 18:00:00,107.00000000000001
2022-03-01 19:00:00,107.02499999999999
2022-03-02 14:00:00,106.7
2022-03-02 15:00:00,105.95
2022-03-02 16:00:00,106.00000000000001
2022-03-02 17:00:00,106.325
2022-03-02 18:00:00,106.77499999999999
2022-03-02 19:00:00,106.67499999999997
2022-03-03 14:00:00,106.62500000000001
2022-03-03 15:00:00,107.45
2022-03-03 16:00:00,107.2
2022-03-03 17:00:00,106.87500000000001
2022-03-03 18:00:00,106.67499999999997
2022-03-03 19:00:00,106.77499999999999
2022-03-04 14:00:00,102.85000000000001
2022-03-04 15:00:00,102.675
2022-03-04 16:00:00,103.35000000000001
2022-03-04 17:00:00,102.27500000000002
2022-03-04 18:00:00,101.97500000000001
2022-03-04 19:00:00,101.97500000000001
2022-03-07 14:00:00,100.65
2022-03-07 15:00:00,99.7
2022-03-07 16:00:00,102.00000000000001
2022-03-07 17:00:00,101.10000000000001
2022-03-07 18:00:00,101.47500000000001
2022-03-07 19:00:00,101.275
2022-03-08 14:00:00,103.52500000000002
2022-03-08 15:00:00,102.65000000000002
2022-03-08 16:00:00,102.97500000000001
2022-03-08 17:00:00,103.75000000000003
2022-03-08 18:00:00,105.29999999999997
2022-03-08 19:00:00,104.50000000000003
2022-03-09 14:00:00,103.12500000000001
2022-03-09 15:00:00,103.9
2022-03-09 16:00:00,104.35
2022-03-09 17:00:00,104.25000000000003
2022-03-09 18:00:00,104.1
2022-03-09 19:00:00,103.70000000000002
2022-03-10 14:00:00,104.225
2022-03-10 15:00:00,104.07500000000002
2022-03-10 16:00:00,104.75000000000003
2022-03-10 17:00:00,104.12500000000003
2022-03-10 18:00:00,105.1
2022-03-10 19:00:00,105.325
2022-03-11 14:00:00,107.2
2022-03-11 15:00:00,107.54999999999997
2022-03-11 16:00:00,107.97499999999998
2022-03-11 17:00:00,108.12500000000001
2022-03-11 18:00:00,108.37500000000001
2022-03-11 19:00:00,108.325
2022-03-14 13:00:00,107.87500000000001
2022-03-14 14:00:00,108.59999999999998
2022-03-14 15:00:00,109.47499999999998
2022-03-14 16:00:00,109.67499999999997
2022-03-14 17:00:00,109.67499999999997
2022-03-14 18:00:00,109.52499999999999
2022-03-15 13:00:00,109.2
2022-03-15 14:00:00,108.87500000000001
2022-03-15 15:00:00,109.59999999999998
2022-03-15 16:00:00,109.75000000000001
2022-03-15 17:00:00,110.34999999999998
2022-03-15 18:00:00,110.62500000000001
2022-03-16 13:00:00,111.75000000000001
2022-03-16 14:00:00,111.075
2022-03-16 15:00:00,111.075
2022-03-16 16:00:00,111.02499999999999
2022-03-16 17:00:00,110.64999999999999
2022-03-16 18:00:00,110.34999999999998
2022-03-17 13:00:00,110.04999999999997
2022-03-17 14:00:00,109.29999999999997
2022-03-17 15:00:00,108.42499999999997
2022-03-17 16:00:00,106.77499999999999
2022-03-17 17:00:00,107.12500000000001
2022-03-17 18:00:00,107.17499999999997
2022-03-18 13:00:00,107.12500000000001
2022-03-18 14:00:00,106.29999999999997
2022-03-18 15:00:00,106.34999999999998
2022-03-18 16:00:00,106.14999999999999
2022-03-18 17:00:00,106.29999999999997
2022-03-18 18:00:00,106.39999999999999
2022-03-21 13:00:00,109.04999999999997
2022-03-21 14:00:00,109.825
2022-03-21 15:00:00,110.82499999999995
2022-03-21 16:00:00,110.22499999999998
2022-03-21 17:00:00,110.09999999999998
2022-03-21 18:00:00,110.25000000000001
2022-03-22 13:00:00,108.84999999999998
2022-03-22 14:00:00,109.22499999999998
2022-03-22 15:00:00,109.27499999999999
2022-03-22 16:00:00,109.52499999999999
2022-03-22 17:00:00,110.29999999999997
2022-03-22 18:00:00,110.45
2022-03-23 13:00:00,114.37499999999996
2022-03-23 14:00:00,113.2
2022-03-23 15:00:00,113.94999999999995
2022-03-23 16:00:00,114.17499999999997
2022-03-23 17:00:00,113.29999999999997
2022-03-23 18:00:00,113.04999999999997
2022-03-24 13:00:00,112.22499999999998
2022-03-24 14:00:00,112.52499999999999
2022-03-24 15:00:00,111.42499999999997
2022-03-24 16:00:00,112.45
2022-03-24 17:00:00,112.37500000000001
2022-03-24 18:00:00,112.72499999999998
2022-03-25 13:00:00,113.50000000000001
2022-03-25 14:00:00,114.94999999999995
2022-03-25 15:00:00,115.47499999999998
2022-03-25 16:00:00,116.27499999999999
2022-03-25 17:00:00,116.12499999999996
2022-03-25 18:00:00,116.22499999999998
2022-03-28 13:00:00,115.89999999999999
2022-03-28 14:00:00,116.57499999999995
2022-03-28 15:00:00,116.67499999999997
2022-03-28 16:00:00,117.00000000000001
2022-03-28 17:00:00,116.22499999999998
2022-03-28 18:00:00,116.22499999999998
2022-03-29 13:00:00,113.22499999999998
2022-03-29 14:00:00,113.34999999999998
2022-03-29 15:00:00,115.14999999999999
2022-03-29 16:00:00,115.32499999999995
2022-03-29 17:00:00,114.87499999999996
2022-03-29 18:00:00,114.77499999999999
2022-03-30 13:00:00,114.67499999999997
2022-03-30 14:00:00,115.62499999999996
2022-03-30 15:00:00,115.17499999999997
2022-03-30 16:00:00,114.62499999999996
2022-03-30 17:00:00,114.49999999999996
2022-03-30 18:00:00,114.42499999999997
2022-03-31 13:00:00,114.19999999999995
2022-03-31 14:00:00,113.325
2022-03-31 15:00:00,113.79999999999997
2022-03-31 16:00:00,111.59999999999998
2022-03-31 17:00:00,110.79999999999997
2022-03-31 18:00:00,111.17499999999997
2022-04-01 13:00:00,111.67499999999997
2022-04-01 14:00:00,112.12500000000001
2022-04-01 15:00:00,111.22499999999998
2022-04-01 16:00:00,111.54999999999997
2022-04-01 17:00:00,110.67499999999997
2022-04-01 18:00:00,110.79999999999997
2022-04-04 13:00:00,108.09999999999998
2022-04-04 14:00:00,107.825
2022-04-04 15:00:00,107.45
2022-04-04 16:00:00,106.325
2022-04-04 17:00:00,106.47499999999998
2022-04-04 18:00:00,106.62500000000001
2022-04-05 13:00:00,106.62500000000001
2022-04-05 14:00:00,106.22499999999998
2022-04-05 15:00:00,107.09999999999998
2022-04-05 16:00:00,106.52499999999999
2022-04-05 17:00:00,104.75000000000003
2022-04-05 18:00:00,104.9
2022-04-06 13:00:00,104.92499999999998
2022-04-06 14:00:00,103.55
2022-04-06 15:00:00,105.00000000000003
2022-04-06 16:00:00,104.525
2022-04-06 17:00:00,105.00000000000003
2022-04-06 18:00:00,104.975
2022-04-07 13:00:00,104.17499999999998
2022-04-07 14:00:00,105.00000000000003
2022-04-07 15:00:00,105.77499999999999
2022-04-07 16:00:00,105.39999999999999
2022-04-07 17:00:00,104.4
2022-04-07 18:00:00,104.82500000000002
2022-04-08 13:00:00,103.775
2022-04-08 14:00:00,105.2
2022-04-08 15:00:00,104.67499999999998
2022-04-08 16:00:00,104.525
2022-04-08 17:00:00,104.775
2022-04-08 18:00:00,105.1
2022-04-11 13:00:00,104.50000000000003
2022-04-11 14:00:00,104.12500000000003
2022-04-11 15:00:00,105.2
2022-04-11 16:00:00,104.87500000000003
2022-04-11 17:00:00,105.27499999999999
2022-04-11 18:00:00,105.34999999999998
2022-04-12 13:00:00,106.77499999999999
2022-04-12 14:00:00,107.79999999999997
2022-04-12 15:00:00,108.42499999999997
2022-04-12 16:00:00,108.89999999999999
2022-04-12 17:00:00,108.575
2022-04-12 18:00:00,108.72499999999998
2022-04-13 13:00:00,107.7
2022-04-13 14:00:00,107.7
2022-04-13 15:00:00,107.59999999999998
2022-04-13 16:00:00,108.14999999999999
2022-04-13 17:00:00,107.825
2022-04-13 18:00:00,107.72499999999998
2022-04-14 13:00:00,107.29999999999997
2022-04-14 14:00:00,106.92499999999997
2022-04-14 15:00:00,107.52499999999999
2022-04-14 16:00:00,107.62499999999996
2022-04-14 17:00:00,108.17499999999997
2022-04-14 18:00:00,108.27499999999999
2022-04-18 13:00:00,109.575
2022-04-18 14:00:00,110.075
2022-04-18 15:00:00,110.27499999999999
2022-04-18 16:00:00,110.74999999999996
2022-04-18 17:00:00,111.12499999999996
2022-04-18 18:00:00,111.24999999999996
2022-04-19 13:00:00,110.87499999999996
2022-04-19 14:00:00,111.92499999999997
2022-04-19 15:00:00,112.27499999999999
2022-04-19 16:00:00,111.72499999999998
2022-04-19 17:00:00,110.79999999999997
2022-04-19 18:00:00,110.59999999999998
2022-04-20 13:00:00,110.42499999999997
2022-04-20 14:00:00,109.22499999999998
2022-04-20 15:00:00,109.575
2022-04-20 16:00:00,109.49999999999996
2022-04-20 17:00:00,108.67499999999997
2022-04-20 18:00:00,108.42499999999997
2022-04-21 13:00:00,107.39999999999999
2022-04-21 14:00:00,107.04999999999997
2022-04-21 15:00:00,106.74999999999996
2022-04-21 16:00:00,107.37499999999996
2022-04-21 17:00:00,107.29999999999997
2022-04-21 18:00:00,106.99999999999996
2022-04-22 13:00:00,107.95
2022-04-22 14:00:00,109.49999999999996
2022-04-22 15:00:00,108.97499999999998
2022-04-22 16:00:00,108.825
2022-04-22 17:00:00,108.77499999999999
2022-04-22 18:00:00,108.79999999999997
2022-04-25 13:00:00,107.2
2022-04-25 14:00:00,105.72499999999998
2022-04-25 15:00:00,104.225
2022-04-25 16:00:00,105.04999999999998
2022-04-25 17:00:00,104.65
2022-04-25 18:00:00,104.775
2022-04-26 13:00:00,103.85
2022-04-26 14:00:00,102.175
2022-04-26 15:00:00,102.7
2022-04-26 16:00:00,101.90000000000002
2022-04-26 17:00:00,102.425
2022-04-26 18:00:00,102.55
2022-04-27 13:00:00,102.74999999999999
2022-04-27 14:00:00,101.97500000000001
2022-04-27 15:00:00,101.95
2022-04-27 16:00:00,101.85000000000001
2022-04-27 17:00:00,101.97500000000001
2022-04-27 18:00:00,101.65000000000002
2022-04-28 13:00:00,101.4
2022-04-28 14:00:00,101.275
2022-04-28 15:00:00,101.25
2022-04-28 16:00:00,102.925
2022-04-28 17:00:00,103.35000000000001
2022-04-28 18:00:00,103.37499999999999
2022-04-29 13:00:00,101.4
2022-04-29 14:00:00,100.92500000000001
2022-04-29 15:00:00,99.775
2022-04-29 16:00:00,99.2
2022-04-29 17:00:00,98.825
2022-04-29 18:00:00,98.625
2022-05-02 13:00:00,96.45
2022-05-02 14:00:00,96.22500000000001
2022-05-02 15:00:00,97.875
2022-05-02 16:00:00,96.60000000000001
2022-05-02 17:00:00,96.05000000000001
2022-05-02 18:00:00,96.15
2022-05-03 13:00:00,96.0
2022-05-03 14:00:00,94.35000000000001
2022-05-03 15:00:00,93.42500000000001
2022-05-03 16:00:00,92.625
2022-05-03 17:00:00,92.55000000000001
2022-05-03 18:00:00,92.92500000000001
2022-05-04 13:00:00,93.92500000000001
2022-05-04 14:00:00,94.525
2022-05-04 15:00:00,95.025
2022-05-04 16:00:00,94.95
2022-05-04 17:00:00,95.825
2022-05-04 18:00:00,95.97500000000001
2022-05-05 13:00:00,97.65
2022-05-05 14:00:00,97.80000000000001
2022-05-05 15:00:00,96.97500000000001
2022-05-05 16:00:00,97.72500000000001
2022-05-05 17:00:00,98.42500000000001
2022-05-05 18:00:00,98.375
2022-05-06 13:00:00,96.30000000000001
2022-05-06 14:00:00,96.95
2022-05-06 15:00:00,96.45
2022-05-06 16:00:00,95.80000000000001
2022-05-06 17:00:00,95.85000000000001
2022-05-06 18:00:00,95.85000000000001
2022-05-09 13:00:00,93.325
2022-05-09 14:00:00,92.80000000000001
2022-05-09 15:00:00,93.17500000000001
2022-05-09 16:00:00,92.60000000000001
2022-05-09 17:00:00,92.775
2022-05-09 18:00:00,92.75
2022-05-10 13:00:00,92.67500000000001
2022-05-10 14:00:00,92.575
2022-05-10 15:00:00,92.55000000000001
2022-05-10 16:00:00,91.95
2022-05-10 17:00:00,91.80000000000001
2022-05-10 18:00:00,91.65
2022-05-11 13:00:00,91.55000000000001
2022-05-11 14:00:00,90.9
2022-05-11 15:00:00,90.47500000000001
2022-05-11 16:00:00,90.30000000000001
2022-05-11 17:00:00,90.30000000000001
2022-05-11 18:00:00,89.9
2022-05-12 13:00:00,89.80000000000001
2022-05-12 14:00:00,88.80000000000001
2022-05-12 15:00:00,87.5
2022-05-12 16:00:00,87.275
2022-05-12 17:00:00,86.55000000000001
2022-05-12 18:00:00,86.5
2022-05-13 13:00:00,88.05000000000001
2022-05-13 14:00:00,89.60000000000001
2022-05-13 15:00:00,89.4
2022-05-13 16:00:00,89.85000000000001
2022-05-13 17:00:00,89.92500000000001
2022-05-13 18:00:00,89.60000000000001
2022-05-16 13:00:00,92.525
2022-05-16 14:00:00,93.12500000000001
2022-05-16 15:00:00,93.82500000000002
2022-05-16 16:00:00,93.80000000000001
2022-05-16 17:00:00,93.9
2022-05-16 18:00:00,93.92500000000001
2022-05-17 13:00:00,94.62500000000001
2022-05-17 14:00:00,94.55000000000001
2022-05-17 15:00:00,95.55000000000001
2022-05-17 16:00:00,96.30000000000001
2022-05-17 17:00:00,96.30000000000001
2022-05-17 18:00:00,96.35000000000001
2022-05-18 13:00:00,94.4
2022-05-18 14:00:00,94.4
2022-05-18 15:00:00,94.67500000000001
2022-05-18 16:00:00,96.15
2022-05-18 17:00:00,96.87500000000001
2022-05-18 18:00:00,96.22500000000001
2022-05-19 13:00:00,95.75000000000001
2022-05-19 14:00:00,95.55000000000001
2022-05-19 15:00:00,96.12500000000001
2022-05-19 16:00:00,95.80000000000001
2022-05-19 17:00:00,95.20000000000002
2022-05-19 18:00:00,95.45000000000002
2022-05-20 13:00:00,93.60000000000001
2022-05-20 14:00:00,95.85000000000001
2022-05-20 15:00:00,96.025
2022-05-20 16:00:00,96.22500000000001
2022-05-20 17:00:00,97.25000000000001
2022-05-20 18:00:00,97.12500000000001
2022-05-23 13:00:00,97.95000000000002
2022-05-23 14:00:00,98.62500000000001
2022-05-23 15:00:00,98.45000000000002
2022-05-23 16:00:00,98.25000000000001
2022-05-23 17:00:00,99.20000000000002
2022-05-23 18:00:00,99.275
2022-05-24 13:00:00,98.80000000000001
2022-05-24 14:00:00,98.05000000000001
2022-05-24 15:00:00,98.20000000000002
2022-05-24 16:00:00,97.80000000000001
2022-05-24 17:00:00,98.00000000000001
2022-05-24 18:00:00,97.72500000000001
2022-05-25 13:00:00,97.67500000000001
2022-05-25 14:00:00,98.92500000000001
2022-05-25 15:00:00,98.17500000000001
2022-05-25 16:00:00,96.57500000000002
2022-05-25 17:00:00,96.72500000000001
2022-05-25 18:00:00,96.67500000000001
2022-05-26 13:00:00,95.775
2022-05-26 14:00:00,97.60000000000001
2022-05-26 15:00:00,98.4
2022-05-26 16:00:00,99.20000000000002
2022-05-26 17:00:00,99.00000000000001
2022-05-26 18:00:00,99.10000000000001
2022-05-27 13:00:00,99.47500000000001
2022-05-27 14:00:00,99.55000000000001
2022-05-27 15:00:00,98.95000000000002
2022-05-27 16:00:00,99.22500000000001
2022-05-27 17:00:00,99.47500000000001
2022-05-27 18:00:00,99.32500000000002
2022-05-31 13:00:00,96.775
2022-05-31 14:00:00,94.97500000000001
2022-05-31 15:00:00,96.35000000000001
2022-05-31 16:00:00,96.45000000000002
2022-05-31 17:00:00,95.50000000000001
2022-05-31 18:00:00,95.87500000000001
2022-06-01 13:00:00,95.87500000000001
2022-06-01 14:00:00,96.80000000000001
2022-06-01 15:00:00,97.47500000000001
2022-06-01 16:00:00,98.80000000000001
2022-06-01 17:00:00,97.775
2022-06-01 18:00:00,98.15
2022-06-02 13:00:00,99.15
2022-06-02 14:00:00,99.00000000000001
2022-06-02 15:00:00,99.85000000000001
2022-06-02 16:00:00,99.82500000000002
2022-06-02 17:00:00,98.85000000000001
2022-06-02 18:00:00,98.65
2022-06-03 13:00:00,99.50000000000001
2022-06-03 14:00:00,97.775
2022-06-03 15:00:00,97.80000000000001
2022-06-03 16:00:00,97.42500000000001
2022-06-03 17:00:00,97.22500000000001
2022-06-03 18:00:00,97.25000000000001
2022-06-06 13:00:00,95.35000000000001
2022-06-06 14:00:00,95.025
2022-06-06 15:00:00,95.35000000000001
2022-06-06 16:00:00,95.37500000000001
2022-06-06 17:00:00,95.775
2022-06-06 18:00:00,95.97500000000001
2022-06-07 13:00:00,95.82500000000002
2022-06-07 14:00:00,95.25000000000001
2022-06-07 15:00:00,96.12500000000001
2022-06-07 16:00:00,96.30000000000001
2022-06-07 17:00:00,96.17500000000001
2022-06-07 18:00:00,96.07500000000002
2022-06-08 13:00:00,96.025
2022-06-08 14:00:00,95.775
2022-06-08 15:00:00,96.87500000000001
2022-06-08 16:00:00,96.775
2022-06-08 17:00:00,95.00000000000001
2022-06-08 18:00:00,93.57500000000002
2022-06-09 13:00:00,93.025
2022-06-09 14:00:00,91.60000000000001
2022-06-09 15:00:00,92.12500000000001
2022-06-09 16:00:00,92.15
2022-06-09 17:00:00,92.05000000000001
2022-06-09 18:00:00,92.05000000000001
2022-06-10 13:00:00,92.92500000000001
2022-06-10 14:00:00,93.30000000000001
2022-06-10 15:00:00,93.07500000000002
2022-06-10 16:00:00,92.97500000000001
2022-06-10 17:00:00,92.87500000000001
2022-06-10 18:00:00,92.97500000000001
2022-06-13 13:00:00,92.05000000000001
2022-06-13 14:00:00,91.10000000000001
2022-06-13 15:00:00,91.72500000000001
2022-06-13 16:00:00,93.80000000000001
2022-06-13 17:00:00,93.45000000000002
2022-06-13 18:00:00,93.525
2022-06-14 13:00:00,94.275
2022-06-14 14:00:00,94.57500000000002
2022-06-14 15:00:00,94.15
2022-06-14 16:00:00,93.75000000000001
2022-06-14 17:00:00,92.57500000000002
2022-06-14 18:00:00,92.42500000000001
2022-06-15 13:00:00,93.25000000000001
2022-06-15 14:00:00,93.17500000000001
2022-06-15 15:00:00,92.67500000000001
2022-06-15 16:00:00,92.75000000000001
2022-06-15 17:00:00,93.27500000000002
2022-06-15 18:00:00,93.25000000000001
2022-06-16 13:00:00,93.37500000000001
2022-06-16 14:00:00,93.97500000000001
2022-06-16 15:00:00,94.42500000000001
2022-06-16 16:00:00,94.55000000000001
2022-06-16 17:00:00,94.57500000000002
2022-06-16 18:00:00,94.47500000000001
2022-06-17 13:00:00,95.27500000000002
2022-06-17 14:00:00,95.50000000000001
2022-06-17 15:00:00,95.50000000000001
2022-06-17 16:00:00,95.50000000000001
2022-06-17 17:00:00,95.10000000000001
2022-06-17 18:00:00,95.17500000000001
2022-06-21 13:00:00,95.07500000000002
2022-06-21 14:00:00,95.52500000000002
2022-06-21 15:00:00,95.87500000000001
2022-06-21 16:00:00,96.15000000000002
2022-06-21 17:00:00,96.05000000000001
2022-06-21 18:00:00,96.00000000000001
2022-06-22 13:00:00,95.57500000000002
2022-06-22 14:00:00,95.45000000000002
2022-06-22 15:00:00,95.45000000000002
2022-06-22 16:00:00,95.45000000000002
2022-06-22 17:00:00,95.42500000000001
2022-06-22 18:00:00,95.30000000000001
2022-06-23 13:00:00,93.65000000000002
2022-06-23 14:00:00,93.85000000000001
2022-06-23 15:00:00,93.10000000000001
2022-06-23 16:00:00,91.87500000000001
2022-06-23 17:00:00,91.65000000000002
2022-06-23 18:00:00,91.72500000000001
2022-06-24 13:00:00,92.90000000000002
2022-06-24 14:00:00,93.55000000000001
2022-06-24 15:00:00,93.77500000000002
2022-06-24 16:00:00,94.35000000000001
2022-06-24 17:00:00,93.85000000000001
2022-06-24 18:00:00,93.75000000000001
2022-06-27 13:00:00,93.35000000000001
2022-06-27 14:00:00,93.32500000000002
2022-06-27 15:00:00,92.52500000000002
2022-06-27 16:00:00,92.47500000000001
2022-06-27 17:00:00,92.42500000000001
2022-06-27 18:00:00,92.65000000000002
2022-06-28 13:00:00,92.55000000000001
2022-06-28 14:00:00,92.52500000000002
2022-06-28 15:00:00,91.92500000000001
2022-06-28 16:00:00,92.05000000000001
2022-06-28 17:00:00,91.70000000000002
2022-06-28 18:00:00,91.55000000000001
2022-06-29 13:00:00,92.05000000000001
2022-06-29 14:00:00,92.30000000000001
2022-06-29 15:00:00,91.95000000000002
2022-06-29 16:00:00,92.25000000000001
2022-06-29 17:00:00,92.15000000000002
2022-06-29 18:00:00,92.05000000000001
2022-06-30 13:00:00,92.62500000000001
2022-06-30 14:00:00,91.82500000000002
2022-06-30 15:00:00,91.05000000000001
2022-06-30 16:00:00,90.32500000000002
2022-06-30 17:00:00,90.17500000000001
2022-06-30 18:00:00,90.15000000000002
2022-07-01 13:00:00,90.55000000000001
2022-07-01 14:00:00,91.00000000000001
2022-07-01 15:00:00,90.77500000000002
2022-07-01 16:00:00,90.57500000000002
2022-07-01 17:00:00,90.45000000000002
2022-07-01 18:00:00,90.32500000000002
2022-07-05 13:00:00,89.12500000000001
2022-07-05 14:00:00,89.37500000000001
2022-07-05 15:00:00,90.20000000000002
2022-07-05 16:00:00,90.30000000000001
2022-07-05 17:00:00,90.85000000000001
2022-07-05 18:00:00,91.00000000000001
2022-07-06 13:00:00,93.05000000000001
2022-07-06 14:00:00,92.90000000000002
2022-07-06 15:00:00,93.05000000000001
2022-07-06 16:00:00,93.72500000000001
2022-07-06 17:00:00,93.80000000000001
2022-07-06 18:00:00,93.67500000000001
2022-07-07 13:00:00,95.37500000000001
2022-07-07 14:00:00,96.07500000000002
2022-07-07 15:00:00,95.82500000000002
2022-07-07 16:00:00,96.00000000000001
2022-07-07 17:00:00,95.47500000000001
2022-07-07 18:00:00,95.47500000000001
2022-07-08 13:00:00,95.30000000000001
2022-07-08 14:00:00,95.95000000000002
2022-07-08 15:00:00,96.40000000000002
2022-07-08 16:00:00,96.52500000000002
2022-07-08 17:00:00,95.10000000000001
2022-07-08 18:00:00,95.42500000000001
2022-07-11 13:00:00,96.10000000000001
2022-07-11 14:00:00,95.10000000000001
2022-07-11 15:00:00,94.87500000000001
2022-07-11 16:00:00,94.95000000000002
2022-07-11 17:00:00,93.80000000000001
2022-07-11 18:00:00,94.12500000000001
2022-07-12 13:00:00,94.37500000000001
2022-07-12 14:00:00,93.92500000000001
2022-07-12 15:00:00,94.52500000000002
2022-07-12 16:00:00,94.60000000000001
2022-07-12 17:00:00,94.02500000000002
2022-07-12 18:00:00,93.95000000000002
2022-07-13 13:00:00,95.27500000000002
2022-07-13 14:00:00,95.60000000000001
2022-07-13 15:00:00,95.35000000000001
2022-07-13 16:00:00,95.60000000000001
2022-07-13 17:00:00,95.00000000000001
2022-07-13 18:00:00,95.07500000000002
2022-07-14 13:00:00,95.20000000000002
2022-07-14 14:00:00,94.62500000000001
2022-07-14 15:00:00,95.10000000000001
2022-07-14 16:00:00,95.17500000000001
2022-07-14 17:00:00,94.77500000000002
2022-07-14 18:00:00,94.82500000000002
2022-07-15 13:00:00,95.02500000000002
2022-07-15 14:00:00,95.00000000000001
2022-07-15 15:00:00,94.65000000000002
2022-07-15 16:00:00,94.27500000000002
2022-07-15 17:00:00,94.05000000000001
2022-07-15 18:00:00,94.35000000000001
2022-07-18 13:00:00,96.25000000000001
2022-07-18 14:00:00,95.22500000000001
2022-07-18 15:00:00,95.50000000000001
2022-07-18 16:00:00,95.90000000000002
2022-07-18 17:00:00,95.82500000000002
2022-07-18 18:00:00,95.65000000000002
2022-07-19 13:00:00,94.95000000000002
2022-07-19 14:00:00,95.02500000000002
2022-07-19 15:00:00,95.90000000000002
2022-07-19 16:00:00,95.77500000000002
2022-07-19 17:00:00,96.07500000000002
2022-07-19 18:00:00,95.97500000000001
2022-07-20 13:00:00,96.37500000000001
2022-07-20 14:00:00,96.95000000000002
2022-07-20 15:00:00,97.12500000000001
2022-07-20 16:00:00,97.52500000000002
2022-07-20 17:00:00,97.50000000000001
2022-07-20 18:00:00,97.50000000000001
2022-07-21 13:00:00,98.02500000000002
2022-07-21 14:00:00,97.27500000000002
2022-07-21 15:00:00,97.60000000000001
2022-07-21 16:00:00,97.72500000000001
2022-07-21 17:00:00,97.25000000000001
2022-07-21 18:00:00,96.80000000000001
2022-07-22 13:00:00,97.22500000000001
2022-07-22 14:00:00,97.25000000000001
2022-07-22 15:00:00,97.45000000000002
2022-07-22 16:00:00,97.75000000000001
2022-07-22 17:00:00,97.82500000000002
2022-07-22 18:00:00,97.80000000000001
2022-07-25 13:00:00,96.82500000000002
2022-07-25 14:00:00,96.60000000000001
2022-07-25 15:00:00,96.55000000000001
2022-07-25 16:00:00,94.92500000000001
2022-07-25 17:00:00,95.57500000000002
2022-07-25 18:00:00,95.80000000000001
2022-07-26 13:00:00,95.45000000000002
2022-07-26 14:00:00,94.97500000000001
2022-07-26 15:00:00,94.22500000000001
2022-07-26 16:00:00,94.00000000000001
2022-07-26 17:00:00,95.20000000000002
2022-07-26 18:00:00,95.17500000000001
2022-07-27 13:00:00,96.82500000000002
2022-07-27 14:00:00,97.30000000000001
2022-07-27 15:00:00,97.52500000000002
2022-07-27 16:00:00,97.90000000000002
2022-07-27 17:00:00,97.92500000000001
2022-07-27 18:00:00,97.80000000000001
2022-07-28 13:00:00,98.55000000000001
2022-07-28 14:00:00,99.12500000000001
2022-07-28 15:00:00,97.90000000000002
2022-07-28 16:00:00,97.95000000000002
2022-07-28 17:00:00,97.80000000000001
2022-07-28 18:00:00,97.65000000000002
2022-07-29 13:00:00,98.22500000000001
2022-07-29 14:00:00,98.32500000000002
2022-07-29 15:00:00,98.47500000000001
2022-07-29 16:00:00,98.55000000000001
2022-07-29 17:00:00,98.75000000000001
2022-07-29 18:00:00,98.72500000000001
2022-08-01 13:00:00,96.95000000000002
2022-08-01 14:00:00,97.67500000000001
2022-08-01 15:00:00,97.75000000000001
2022-08-01 16:00:00,97.82500000000002
2022-08-01 17:00:00,98.32500000000002
2022-08-01 18:00:00,98.50000000000001
2022-08-02 13:00:00,98.22500000000001
2022-08-02 14:00:00,97.25000000000001
2022-08-02 15:00:00,97.57500000000002
2022-08-02 16:00:00,97.55000000000001
2022-08-02 17:00:00,97.67500000000001
2022-08-02 18:00:00,97.67500000000001
2022-08-03 13:00:00,98.45000000000002
2022-08-03 14:00:00,98.45000000000002
2022-08-03 15:00:00,98.72500000000001
2022-08-03 16:00:00,97.37500000000001
2022-08-03 17:00:00,97.35000000000001
2022-08-03 18:00:00,97.15000000000002
2022-08-04 13:00:00,96.15000000000002
2022-08-04 14:00:00,98.22500000000001
2022-08-04 15:00:00,98.67500000000001
2022-08-04 16:00:00,98.72500000000001
2022-08-04 17:00:00,99.15000000000002
2022-08-04 18:00:00,99.17500000000001
2022-08-05 13:00:00,98.92500000000001
2022-08-05 14:00:00,99.90000000000002
2022-08-05 15:00:00,99.65000000000002
2022-08-05 16:00:00,100.17500000000001
2022-08-05 17:00:00,99.85000000000001
2022-08-05 18:00:00,99.85000000000001
2022-08-08 13:00:00,100.57500000000002
2022-08-08 14:00:00,101.70000000000003
2022-08-08 15:00:00,101.95000000000003
2022-08-08 16:00:00,101.82500000000003
2022-08-08 17:00:00,101.8
2022-08-08 18:00:00,101.85000000000001
2022-08-09 13:00:00,100.45000000000002
2022-08-09 14:00:00,101.05000000000001
2022-08-09 15:00:00,100.82500000000002
2022-08-09 16:00:00,100.75000000000001
2022-08-09 17:00:00,101.12500000000001
2022-08-09 18:00:00,101.27500000000002
2022-08-10 13:00:00,101.52500000000002
2022-08-10 14:00:00,102.175
2022-08-10 15:00:00,102.40000000000002
2022-08-10 16:00:00,102.20000000000003
2022-08-10 17:00:00,102.37500000000001
2022-08-10 18:00:00,102.47500000000001
2022-08-11 13:00:00,102.70000000000003
2022-08-11 14:00:00,102.60000000000001
2022-08-11 15:00:00,102.675
2022-08-11 16:00:00,102.57500000000003
2022-08-11 17:00:00,102.60000000000001
2022-08-11 18:00:00,102.62500000000001
2022-08-12 13:00:00,102.175
2022-08-12 14:00:00,101.99999999999999
2022-08-12 15:00:00,102.05
2022-08-12 16:00:00,102.10000000000001
2022-08-12 17:00:00,101.97500000000001
2022-08-12 18:00:00,101.90000000000002
2022-08-15 05:00:00,
2022-08-15 13:00:00,101.325
2022-08-15 14:00:00,101.49999999999999
2022-08-15 15:00:00,101.99999999999999
2022-08-15 16:00:00,102.325
2022-08-15 17:00:00,102.49999999999999
2022-08-15 18:00:00,102.49999999999999
2022-08-16 05:00:00,
2022-08-16 13:00:00,102.175
2022-08-16 14:00:00,102.02500000000002
2022-08-16 15:00:00,101.15
2022-08-16 16:00:00,100.875
2022-08-16 17:00:00,99.42500000000001
2022-08-16 18:00:00,99.30000000000001
2022-08-17 05:00:00,
2022-08-17 13:00:00,99.525
2022-08-17 14:00:00,98.9
2022-08-17 15:00:00,99.42500000000001
2022-08-17 16:00:00,99.9
2022-08-17 17:00:00,100.075
2022-08-17 18:00:00,100.15
2022-08-18 05:00:00,
2022-08-18 13:00:00,99.05000000000001
2022-08-18 14:00:00,98.5
2022-08-18 15:00:00,98.125
2022-08-18 16:00:00,97.35000000000001
2022-08-18 17:00:00,96.92500000000001
2022-08-18 18:00:00,96.7
2022-08-19 05:00:00,
2022-08-19 13:00:00,96.42500000000001
2022-08-19 14:00:00,95.72500000000001
2022-08-19 15:00:00,95.60000000000001
2022-08-19 16:00:00,95.55000000000001
2022-08-19 17:00:00,95.85000000000001
2022-08-19 18:00:00,95.95
2022-08-22 05:00:00,
2022-08-22 13:00:00,95.325
2022-08-22 14:00:00,95.80000000000001
2022-08-22 15:00:00,96.17500000000001
2022-08-22 16:00:00,96.17500000000001
2022-08-22 17:00:00,96.05000000000001
2022-08-22 18:00:00,96.10000000000001
2022-08-23 05:00:00,
2022-08-23 13:00:00,98.25
2022-08-23 14:00:00,98.025
2022-08-23 15:00:00,96.97500000000001
2022-08-23 16:00:00,96.15
2022-08-23 17:00:00,95.85000000000001
2022-08-23 18:00:00,96.05000000000001
2022-08-24 05:00:00,
2022-08-24 13:00:00,95.25
2022-08-24 14:00:00,94.65
2022-08-24 15:00:00,94.325
2022-08-24 16:00:00,93.95
2022-08-24 17:00:00,93.825
2022-08-24 18:00:00,93.875
2022-08-25 05:00:00,
2022-08-25 13:00:00,93.525
2022-08-25 14:00:00,93.5
2022-08-25 15:00:00,94.05000000000001
2022-08-25 16:00:00,94.2
2022-08-25 17:00:00,94.325
2022-08-25 18:00:00,94.42500000000001
2022-08-26 05:00:00,
2022-08-26 13:00:00,94.17500000000001
2022-08-26 14:00:00,93.85000000000001
2022-08-26 15:00:00,94.47500000000001
2022-08-26 16:00:00,94.525
2022-08-26 17:00:00,94.60000000000001
2022-08-26 18:00:00,94.67500000000001
2022-08-29 05:00:00,
2022-08-29 13:00:00,94.97500000000001
2022-08-29 14:00:00,95.0
2022-08-29 15:00:00,95.625
2022-08-29 16:00:00,96.4
2022-08-29 17:00:00,96.125
2022-08-29 18:00:00,96.25
2022-08-30 05:00:00,
2022-08-30 13:00:00,96.75
2022-08-30 14:00:00,97.2
2022-08-30 15:00:00,97.4
2022-08-30 16:00:00,96.525
2022-08-30 17:00:00,97.075
2022-08-30 18:00:00,97.125
2022-08-31 05:00:00,
2022-08-31 13:00:00,96.4
2022-08-31 14:00:00,96.10000000000001
2022-08-31 15:00:00,96.075
2022-08-31 16:00:00,95.4
2022-08-31 17:00:00,95.525
2022-08-31 18:00:00,95.7
2022-09-01 05:00:00,
2022-09-01 13:00:00,96.025
2022-09-01 14:00:00,95.05000000000001
2022-09-01 15:00:00,95.075
2022-09-01 16:00:00,95.2
2022-09-01 17:00:00,95.42500000000001
2022-09-01 18:00:00,95.375
2022-09-02 05:00:00,
2022-09-02 13:00:00,95.0
2022-09-02 14:00:00,94.7
2022-09-02 15:00:00,94.4
2022-09-02 16:00:00,94.2
2022-09-02 17:00:00,94.4
2022-09-02 18:00:00,94.30000000000001
2022-09-06 05:00:00,
2022-09-06 13:00:00,94.075
2022-09-06 14:00:00,94.60000000000001
2022-09-06 15:00:00,94.80000000000001
2022-09-06 16:00:00,94.9
2022-09-06 17:00:00,95.17500000000001
2022-09-06 18:00:00,95.125
2022-09-07 05:00:00,
2022-09-07 13:00:00,96.625
2022-09-07 14:00:00,95.60000000000001
2022-09-07 15:00:00,95.75
2022-09-07 16:00:00,95.525
2022-09-07 17:00:00,95.25
2022-09-07 18:00:00,95.17500000000001
2022-09-08 05:00:00,
2022-09-08 13:00:00,94.15
2022-09-08 14:00:00,94.47500000000001
2022-09-08 15:00:00,94.85000000000001
2022-09-08 16:00:00,95.30000000000001
2022-09-08 17:00:00,94.15
2022-09-08 18:00:00,94.375
2022-09-09 05:00:00,
2022-09-09 13:00:00,93.97500000000001
2022-09-09 14:00:00,94.72500000000001
2022-09-09 15:00:00,94.92500000000001
2022-09-09 16:00:00,94.875
2022-09-09 17:00:00,94.825
2022-09-09 18:00:00,94.825
2022-09-12 05:00:00,
2022-09-12 13:00:00,94.4
2022-09-12 14:00:00,94.275
2022-09-12 15:00:00,94.9
2022-09-12 16:00:00,94.95
2022-09-12 17:00:00,94.45
2022-09-12 18:00:00,94.47500000000001
2022-09-13 05:00:00,
2022-09-13 13:00:00,94.7
2022-09-13 14:00:00,95.575
2022-09-13 15:00:00,96.0
2022-09-13 16:00:00,96.5
2022-09-13 17:00:00,97.45
2022-09-13 18:00:00,97.30000000000001
2022-09-14 05:00:00,
2022-09-14 13:00:00,97.575
2022-09-14 14:00:00,97.5
2022-09-14 15:00:00,97.7
2022-09-14 16:00:00,97.4
2022-09-14 17:00:00,96.97500000000001
2022-09-14 18:00:00,96.97500000000001
2022-09-15 05:00:00,
2022-09-15 13:00:00,98.80000000000001
2022-09-15 14:00:00,99.10000000000001
2022-09-15 15:00:00,99.5
2022-09-15 16:00:00,99.72500000000001
2022-09-15 17:00:00,99.35000000000001
2022-09-15 18:00:00,99.30000000000001
2022-09-16 05:00:00,
2022-09-16 13:00:00,98.825
2022-09-16 14:00:00,99.45
2022-09-16 15:00:00,99.775
2022-09-16 16:00:00,99.575
2022-09-16 17:00:00,99.60000000000001
2022-09-16 18:00:00,99.67500000000001
2022-09-19 05:00:00,
2022-09-19 13:00:00,99.45
2022-09-19 14:00:00,99.45
2022-09-19 15:00:00,100.275
2022-09-19 16:00:00,99.625
2022-09-19 17:00:00,99.80000000000001
2022-09-19 18:00:00,99.7
2022-09-20 05:00:00,
2022-09-20 13:00:00,99.72500000000001
2022-09-20 14:00:00,99.5
2022-09-20 15:00:00,99.97500000000001
2022-09-20 16:00:00,100.075
2022-09-20 17:00:00,99.825
2022-09-20 18:00:00,100.025
2022-09-21 05:00:00,
2022-09-21 13:00:00,99.22500000000001
2022-09-21 14:00:00,99.625
2022-09-21 15:00:00,98.525
2022-09-21 16:00:00,98.075
2022-09-21 17:00:00,98.125
2022-09-21 18:00:00,98.2
2022-09-22 05:00:00,
2022-09-22 13:00:00,97.55000000000001
2022-09-22 14:00:00,98.0
2022-09-22 15:00:00,98.35000000000001
2022-09-22 16:00:00,97.42500000000001
2022-09-22 17:00:00,97.375
2022-09-22 18:00:00,97.325
2022-09-23 05:00:00,
2022-09-23 13:00:00,95.7
2022-09-23 14:00:00,95.75
2022-09-23 15:00:00,94.97500000000001
2022-09-23 16:00:00,94.65
2022-09-23 17:00:00,94.5
2022-09-23 18:00:00,94.5
2022-09-26 05:00:00,
2022-09-26 13:00:00,93.97500000000001
2022-09-26 14:00:00,93.75
2022-09-26 15:00:00,92.22500000000001
2022-09-26 16:00:00,90.625
2022-09-26 17:00:00,91.05000000000001
2022-09-26 18:00:00,91.075
2022-09-27 05:00:00,
2022-09-27 13:00:00,91.4
2022-09-27 14:00:00,88.825
2022-09-27 15:00:00,88.72500000000001
2022-09-27 16:00:00,88.7
2022-09-27 17:00:00,87.875
2022-09-27 18:00:00,87.825
2022-09-28 05:00:00,
2022-09-28 13:00:00,88.60000000000001
2022-09-28 14:00:00,87.625
2022-09-28 15:00:00,87.45
2022-09-28 16:00:00,87.45
2022-09-28 17:00:00,87.45
2022-09-28 18:00:00,87.625
2022-09-29 05:00:00,
2022-09-29 13:00:00,89.2
2022-09-29 14:00:00,88.4
2022-09-29 15:00:00,88.10000000000001
2022-09-29 16:00:00,88.2
2022-09-29 17:00:00,87.375
2022-09-29 18:00:00,87.5
2022-09-30 05:00:00,
2022-09-30 13:00:00,88.75
2022-09-30 14:00:00,88.35000000000001
2022-09-30 15:00:00,88.075
2022-09-30 16:00:00,88.075
2022-09-30 17:00:00,87.825
2022-09-30 18:00:00,88.05000000000001
2022-10-03 05:00:00,
2022-10-03 13:00:00,88.45
2022-10-03 14:00:00,88.025
2022-10-03 15:00:00,88.9
2022-10-03 16:00:00,89.325
2022-10-03 17:00:00,89.4
2022-10-03 18:00:00,89.35000000000001
2022-10-04 05:00:00,
2022-10-04 13:00:00,90.10000000000001
2022-10-04 14:00:00,88.775
2022-10-04 15:00:00,87.95
2022-10-04 16:00:00,86.35000000000001
2022-10-04 17:00:00,86.025
2022-10-04 18:00:00,86.2
2022-10-05 05:00:00,
2022-10-05 13:00:00,86.375
2022-10-05 14:00:00,87.125
2022-10-05 15:00:00,88.075
2022-10-05 16:00:00,88.025
2022-10-05 17:00:00,88.15
2022-10-05 18:00:00,88.2
2022-10-06 05:00:00,
2022-10-06 13:00:00,89.375
2022-10-06 14:00:00,89.25
2022-10-06 15:00:00,89.17500000000001
2022-10-06 16:00:00,89.325
2022-10-06 17:00:00,89.4
2022-10-06 18:00:00,89.30000000000001
2022-10-07 05:00:00,
2022-10-07 13:00:00,89.45
2022-10-07 14:00:00,88.72500000000001
2022-10-07 15:00:00,88.67500000000001
2022-10-07 16:00:00,88.525
2022-10-07 17:00:00,88.80000000000001
2022-10-07 18:00:00,88.72500000000001
2022-10-10 05:00:00,
2022-10-10 13:00:00,90.575
2022-10-10 14:00:00,90.825
2022-10-10 15:00:00,90.85000000000001
2022-10-10 16:00:00,91.15
2022-10-10 17:00:00,91.325
2022-10-10 18:00:00,91.375
2022-10-11 05:00:00,
2022-10-11 13:00:00,91.125
2022-10-11 14:00:00,90.375
2022-10-11 15:00:00,90.85000000000001
2022-10-11 16:00:00,91.15
2022-10-11 17:00:00,91.15
2022-10-11 18:00:00,91.275
2022-10-12 05:00:00,
2022-10-12 13:00:00,91.75
2022-10-12 14:00:00,92.15
2022-10-12 15:00:00,91.625
2022-10-12 16:00:00,92.075
2022-10-12 17:00:00,92.35000000000001
2022-10-12 18:00:00,92.30000000000001
2022-10-13 05:00:00,
2022-10-13 13:00:00,91.75
2022-10-13 14:00:00,92.17500000000001
2022-10-13 15:00:00,91.97500000000001
2022-10-13 16:00:00,92.025
2022-10-13 17:00:00,92.25
2022-10-13 18:00:00,92.2
2022-10-14 05:00:00,
2022-10-14 13:00:00,93.30000000000001
2022-10-14 14:00:00,92.80000000000001
2022-10-14 15:00:00,93.17500000000001
2022-10-14 16:00:00,93.125
2022-10-14 17:00:00,94.2
2022-10-14 18:00:00,94.275
2022-10-17 05:00:00,96.75
2022-10-17 13:00:00,94.05000000000001
2022-10-17 14:00:00,96.15
2022-10-17 15:00:00,96.25
2022-10-17 16:00:00,96.625
2022-10-17 17:00:00,96.72500000000001
2022-10-17 18:00:00,96.42500000000001
2022-10-18 05:00:00,98.575
2022-10-18 13:00:00,97.075
2022-10-18 14:00:00,97.67500000000001
2022-10-18 15:00:00,97.75
2022-10-18 16:00:00,98.5
2022-10-18 17:00:00,98.625
2022-10-18 18:00:00,98.5
2022-10-19 05:00:00,99.775
2022-10-19 13:00:00,98.47500000000001
2022-10-19 14:00:00,98.80000000000001
2022-10-19 15:00:00,99.025
2022-10-19 16:00:00,99.5
2022-10-19 17:00:00,99.825
2022-10-19 18:00:00,99.67500000000001
2022-10-20 05:00:00,99.875
2022-10-20 13:00:00,99.25
2022-10-20 14:00:00,99.17500000000001
2022-10-20 15:00:00,99.775
2022-10-20 16:00:00,99.775
2022-10-20 17:00:00,99.875
2022-10-20 18:00:00,99.775
2022-10-21 05:00:00,101.30000000000001
2022-10-21 13:00:00,99.80000000000001
2022-10-21 14:00:00,100.65
2022-10-21 15:00:00,100.95
2022-10-21 16:00:00,101.025
2022-10-21 17:00:00,101.30000000000001
2022-10-21 18:00:00,101.125
2022-10-24 05:00:00,101.22500000000001
2022-10-24 13:00:00,100.625
2022-10-24 14:00:00,101.25
2022-10-24 15:00:00,101.45
2022-10-24 16:00:00,101.05000000000001
2022-10-24 17:00:00,101.2
2022-10-24 18:00:00,101.25
2022-10-25 05:00:00,101.45
2022-10-25 13:00:00,101.2
2022-10-25 14:00:00,101.675
2022-10-25 15:00:00,101.075
2022-10-25 16:00:00,101.35000000000001
2022-10-25 17:00:00,101.49999999999999
2022-10-25 18:00:00,101.49999999999999
2022-10-26 05:00:00,101.77500000000002
2022-10-26 13:00:00,101.77500000000002
2022-10-26 14:00:00,102.05
2022-10-26 15:00:00,102.35000000000001
2022-10-26 16:00:00,101.52500000000002
2022-10-26 17:00:00,101.8
2022-10-26 18:00:00,101.825
2022-10-27 05:00:00,98.92500000000001
2022-10-27 13:00:00,101.0
2022-10-27 14:00:00,99.55000000000001
2022-10-27 15:00:00,99.875
2022-10-27 16:00:00,98.775
2022-10-27 17:00:00,98.95
2022-10-27 18:00:00,98.875
2022-10-28 05:00:00,99.625
2022-10-28 13:00:00,99.9
2022-10-28 14:00:00,99.5
2022-10-28 15:00:00,99.65
2022-10-28 16:00:00,99.775
2022-10-28 17:00:00,99.60000000000001
2022-10-28 18:00:00,99.75
2022-10-31 05:00:00,99.22500000000001
2022-10-31 13:00:00,99.65
2022-10-31 14:00:00,99.92500000000001
2022-10-31 15:00:00,99.65
2022-10-31 16:00:00,100.0
2022-10-31 17:00:00,99.125
2022-10-31 18:00:00,99.075
2022-11-01 05:00:00,99.22500000000001
2022-11-01 13:00:00,99.85000000000001
2022-11-01 14:00:00,99.95
2022-11-01 15:00:00,99.375
2022-11-01 16:00:00,99.25
2022-11-01 17:00:00,99.2
2022-11-01 18:00:00,99.2
2022-11-02 05:00:00,97.97500000000001
2022-11-02 13:00:00,98.15
2022-11-02 14:00:00,98.17500000000001
2022-11-02 15:00:00,98.42500000000001
2022-11-02 16:00:00,98.275
2022-11-02 17:00:00,97.97500000000001
2022-11-02 18:00:00,97.95
2022-11-03 05:00:00,97.95
2022-11-03 13:00:00,98.30000000000001
2022-11-03 14:00:00,98.10000000000001
2022-11-03 15:00:00,98.22500000000001
2022-11-03 16:00:00,97.95
2022-11-03 17:00:00,97.95
2022-11-03 18:00:00,98.2
2022-11-04 05:00:00,97.2
2022-11-04 13:00:00,97.775
2022-11-04 14:00:00,97.825
2022-11-04 15:00:00,97.7
2022-11-04 16:00:00,97.7
2022-11-04 17:00:00,97.275
2022-11-04 18:00:00,97.2
2022-11-07 06:00:00,99.825
2022-11-07 14:00:00,97.575
2022-11-07 15:00:00,98.9
2022-11-07 16:00:00,98.9
2022-11-07 17:00:00,99.95
2022-11-07 18:00:00,99.65
2022-11-07 19:00:00,99.825
2022-11-08 06:00:00,99.275
2022-11-08 14:00:00,99.42500000000001
2022-11-08 15:00:00,99.275
2022-11-08 16:00:00,99.275
2022-11-08 17:00:00,98.45
2022-11-08 18:00:00,99.22500000000001
2022-11-08 19:00:00,99.17500000000001
2022-11-09 06:00:00,99.92500000000001
2022-11-09 14:00:00,99.80000000000001
2022-11-09 15:00:00,99.25
2022-11-09 16:00:00,100.05000000000001
2022-11-09 17:00:00,99.92500000000001
2022-11-09 18:00:00,99.875
2022-11-09 19:00:00,100.05000000000001
2022-11-10 06:00:00,99.60000000000001
2022-11-10 14:00:00,99.4
2022-11-10 15:00:00,99.375
2022-11-10 16:00:00,99.575
2022-11-10 17:00:00,99.4
2022-11-10 18:00:00,99.60000000000001
2022-11-10 19:00:00,99.625
2022-11-11 06:00:00,99.17500000000001
2022-11-11 14:00:00,99.825
2022-11-11 15:00:00,98.67500000000001
2022-11-11 16:00:00,99.025
2022-11-11 17:00:00,99.025
2022-11-11 18:00:00,99.15
2022-11-11 19:00:00,99.125
2022-11-14 06:00:00,99.75
2022-11-14 14:00:00,99.45
2022-11-14 15:00:00,100.525
2022-11-14 16:00:00,99.97500000000001
2022-11-14 17:00:00,100.22500000000001
2022-11-14 18:00:00,99.75
2022-11-14 19:00:00,99.775
2022-11-15 06:00:00,100.85000000000001
2022-11-15 14:00:00,101.15
2022-11-15 15:00:00,101.05000000000001
2022-11-15 16:00:00,101.05000000000001
2022-11-15 17:00:00,101.125
2022-11-15 18:00:00,100.875
2022-11-15 19:00:00,100.80000000000001
2022-11-16 06:00:00,101.125
2022-11-16 14:00:00,100.85000000000001
2022-11-16 15:00:00,100.275
2022-11-16 16:00:00,100.10000000000001
2022-11-16 17:00:00,100.42500000000001
2022-11-16 18:00:00,101.075
2022-11-16 19:00:00,101.22500000000001
2022-11-17 06:00:00,101.575
2022-11-17 14:00:00,101.10000000000001
2022-11-17 15:00:00,101.35000000000001
2022-11-17 16:00:00,101.99999999999999
2022-11-17 17:00:00,101.4
2022-11-17 18:00:00,101.65000000000002
2022-11-17 19:00:00,101.74999999999999
2022-11-18 06:00:00,100.325
2022-11-18 14:00:00,100.30000000000001
2022-11-18 15:00:00,100.375
2022-11-18 16:00:00,100.45
2022-11-18 17:00:00,100.2
2022-11-18 18:00:00,100.30000000000001
2022-11-18 19:00:00,100.45
2022-11-21 06:00:00,100.92500000000001
2022-11-21 14:00:00,100.825
2022-11-21 15:00:00,101.47500000000001
2022-11-21 16:00:00,100.97500000000001
2022-11-21 17:00:00,101.075
2022-11-21 18:00:00,100.92500000000001
2022-11-21 19:00:00,101.15
2022-11-22 06:00:00,100.85000000000001
2022-11-22 14:00:00,101.55
2022-11-22 15:00:00,101.52500000000002
2022-11-22 16:00:00,101.575
2022-11-22 17:00:00,100.7
2022-11-22 18:00:00,100.85000000000001
2022-11-22 19:00:00,101.025
2022-11-23 06:00:00,99.575
2022-11-23 14:00:00,101.15
2022-11-23 15:00:00,100.35000000000001
2022-11-23 16:00:00,100.325
2022-11-23 17:00:00,99.85000000000001
2022-11-23 18:00:00,99.60000000000001
2022-11-23 19:00:00,99.85000000000001
2022-11-25 06:00:00,99.275
2022-11-25 14:00:00,100.275
2022-11-25 15:00:00,100.22500000000001
2022-11-25 16:00:00,100.55000000000001
2022-11-25 17:00:00,99.22500000000001
2022-11-25 18:00:00,99.22500000000001
2022-11-28 06:00:00,95.525
2022-11-28 14:00:00,97.35000000000001
2022-11-28 15:00:00,96.47500000000001
2022-11-28 16:00:00,97.30000000000001
2022-11-28 17:00:00,96.30000000000001
2022-11-28 18:00:00,95.5
2022-11-28 19:00:00,95.85000000000001
2022-11-29 06:00:00,94.92500000000001
2022-11-29 14:00:00,95.4
2022-11-29 15:00:00,95.525
2022-11-29 16:00:00,95.30000000000001
2022-11-29 17:00:00,94.97500000000001
2022-11-29 18:00:00,94.9
2022-11-29 19:00:00,94.9
2022-11-30 06:00:00,96.125
2022-11-30 14:00:00,95.025
2022-11-30 15:00:00,95.625
2022-11-30 16:00:00,96.075
2022-11-30 17:00:00,96.375
2022-11-30 18:00:00,96.075
2022-11-30 19:00:00,96.4
2022-12-01 06:00:00,99.97500000000001
2022-12-01 14:00:00,96.45
2022-12-01 15:00:00,98.9
2022-12-01 16:00:00,98.9
2022-12-01 17:00:00,99.625
2022-12-01 18:00:00,100.0
2022-12-01 19:00:00,99.95
2022-12-02 06:00:00,101.2
2022-12-02 14:00:00,99.55000000000001
2022-12-02 15:00:00,99.875
2022-12-02 16:00:00,100.45
2022-12-02 17:00:00,100.625
2022-12-02 18:00:00,101.25
2022-12-02 19:00:00,101.2
2022-12-05 06:00:00,101.30000000000001
2022-12-05 14:00:00,101.22500000000001
2022-12-05 15:00:00,102.075
2022-12-05 16:00:00,102.15000000000002
2022-12-05 17:00:00,101.52500000000002
2022-12-05 18:00:00,101.275
2022-12-05 19:00:00,101.42500000000001
2022-12-06 06:00:00,97.7
2022-12-06 14:00:00,100.17500000000001
2022-12-06 15:00:00,99.65
2022-12-06 16:00:00,99.2
2022-12-06 17:00:00,97.72500000000001
2022-12-06 18:00:00,97.72500000000001
2022-12-06 19:00:00,97.60000000000001
2022-12-07 06:00:00,97.42500000000001
2022-12-07 14:00:00,97.80000000000001
2022-12-07 15:00:00,97.85000000000001
2022-12-07 16:00:00,97.72500000000001
2022-12-07 17:00:00,97.17500000000001
2022-12-07 18:00:00,97.42500000000001
2022-12-07 19:00:00,97.30000000000001
2022-12-08 06:00:00,95.47500000000001
2022-12-08 14:00:00,95.80000000000001
2022-12-08 15:00:00,94.60000000000001
2022-12-08 16:00:00,94.45
2022-12-08 17:00:00,94.0
2022-12-08 18:00:00,95.5
2022-12-08 19:00:00,95.5
2022-12-09 06:00:00,94.775
2022-12-09 14:00:00,95.325
2022-12-09 15:00:00,95.72500000000001
2022-12-09 16:00:00,94.97500000000001
2022-12-09 17:00:00,95.0
2022-12-09 18:00:00,94.80000000000001
2022-12-09 19:00:00,94.80000000000001
2022-12-12 06:00:00,94.47500000000001
2022-12-12 14:00:00,93.9
2022-12-12 15:00:00,93.97500000000001
2022-12-12 16:00:00,93.9
2022-12-12 17:00:00,94.72500000000001
2022-12-12 18:00:00,94.525
2022-12-12 19:00:00,94.65
2022-12-13 06:00:00,95.35000000000001
2022-12-13 14:00:00,95.5
2022-12-13 15:00:00,95.75
2022-12-13 16:00:00,96.125
2022-12-13 17:00:00,96.60000000000001
2022-12-13 18:00:00,95.47500000000001
2022-12-13 19:00:00,95.625
2022-12-14 06:00:00,94.17500000000001
2022-12-14 14:00:00,94.55000000000001
2022-12-14 15:00:00,95.2
2022-12-14 16:00:00,94.325
2022-12-14 17:00:00,94.25
2022-12-14 18:00:00,94.35000000000001
2022-12-14 19:00:00,94.275
2022-12-15 06:00:00,92.825
2022-12-15 14:00:00,94.2
2022-12-15 15:00:00,93.75
2022-12-15 16:00:00,93.80000000000001
2022-12-15 17:00:00,93.65
2022-12-15 18:00:00,92.80000000000001
2022-12-15 19:00:00,93.15
2022-12-16 06:00:00,96.375
2022-12-16 14:00:00,93.875
2022-12-16 15:00:00,95.2
2022-12-16 16:00:00,95.22500000000001
2022-12-16 17:00:00,96.30000000000001
2022-12-16 18:00:00,96.35000000000001
2022-12-16 19:00:00,96.47500000000001
2022-12-19 06:00:00,96.65
2022-12-19 14:00:00,96.35000000000001
2022-12-19 15:00:00,96.35000000000001
2022-12-19 16:00:00,96.875
2022-12-19 17:00:00,96.875
2022-12-19 18:00:00,96.625
2022-12-19 19:00:00,96.65
2022-12-20 06:00:00,95.825
2022-12-20 14:00:00,96.42500000000001
2022-12-20 15:00:00,96.25
2022-12-20 16:00:00,95.80000000000001
2022-12-20 17:00:00,95.80000000000001
2022-12-20 18:00:00,95.85000000000001
2022-12-20 19:00:00,95.75
2022-12-21 06:00:00,98.92500000000001
2022-12-21 14:00:00,97.075
2022-12-21 15:00:00,97.775
2022-12-21 16:00:00,97.55000000000001
2022-12-21 17:00:00,98.075
2022-12-21 18:00:00,98.875
2022-12-21 19:00:00,99.2
2022-12-22 06:00:00,99.67500000000001
2022-12-22 14:00:00,98.625
2022-12-22 15:00:00,99.17500000000001
2022-12-22 16:00:00,99.325
2022-12-22 17:00:00,99.45
2022-12-22 18:00:00,99.75
2022-12-22 19:00:00,99.4
2022-12-23 06:00:00,99.025
2022-12-23 14:00:00,98.85000000000001
2022-12-23 15:00:00,98.95
2022-12-23 16:00:00,98.825
2022-12-23 17:00:00,98.75
2022-12-23 18:00:00,99.0
2022-12-23 19:00:00,98.95
2022-12-27 06:00:00,100.10000000000001
2022-12-27 14:00:00,100.4
2022-12-27 15:00:00,100.4
2022-12-27 16:00:00,99.80000000000001
2022-12-27 17:00:00,99.97500000000001
2022-12-27 18:00:00,100.2
2022-12-27 19:00:00,100.025
2022-12-28 06:00:00,100.22500000000001
2022-12-28 14:00:00,99.80000000000001
2022-12-28 15:00:00,99.72500000000001
2022-12-28 16:00:00,99.775
2022-12-28 17:00:00,100.10000000000001
2022-12-28 18:00:00,100.2
2022-12-28 19:00:00,99.85000000000001
2022-12-29 06:00:00,99.35000000000001
2022-12-29 14:00:00,99.97500000000001
2022-12-29 15:00:00,99.85000000000001
2022-12-29 16:00:00,100.05000000000001
2022-12-29 17:00:00,99.60000000000001
2022-12-29 18:00:00,99.375
2022-12-29 19:00:00,99.325
2022-12-30 06:00:00,98.95
2022-12-30 14:00:00,99.47500000000001
2022-12-30 15:00:00,99.10000000000001
2022-12-30 16:00:00,99.17500000000001
2022-12-30 17:00:00,99.10000000000001
2022-12-30 18:00:00,99.0
2022-12-30 19:00:00,99.075
2023-01-03 06:00:00,97.45
2023-01-03 14:00:00,98.55000000000001
2023-01-03 15:00:00,98.05000000000001
2023-01-03 16:00:00,97.17500000000001
2023-01-03 17:00:00,97.05000000000001
2023-01-03 18:00:00,97.35000000000001
2023-01-03 19:00:00,97.42500000000001
2023-01-04 06:00:00,96.55000000000001
2023-01-04 14:00:00,97.80000000000001
2023-01-04 15:00:00,96.875
2023-01-04 16:00:00,96.75
2023-01-04 17:00:00,96.575
2023-01-04 18:00:00,96.45
2023-01-04 19:00:00,96.17500000000001
2023-01-05 06:00:00,95.17500000000001
2023-01-05 14:00:00,95.65
2023-01-05 15:00:00,94.80000000000001
2023-01-05 16:00:00,94.825
2023-01-05 17:00:00,94.575
2023-01-05 18:00:00,95.22500000000001
2023-01-05 19:00:00,95.375
2023-01-06 06:00:00,93.30000000000001
2023-01-06 14:00:00,94.4
2023-01-06 15:00:00,94.075
2023-01-06 16:00:00,93.95
2023-01-06 17:00:00,93.72500000000001
2023-01-06 18:00:00,93.375
2023-01-06 19:00:00,93.47500000000001
2023-01-09 06:00:00,94.45
2023-01-09 14:00:00,93.95
2023-01-09 15:00:00,93.875
2023-01-09 16:00:00,94.625
2023-01-09 17:00:00,94.525
2023-01-09 18:00:00,94.45
2023-01-09 19:00:00,94.5
2023-01-10 06:00:00,93.17500000000001
2023-01-10 14:00:00,94.0
2023-01-10 15:00:00,93.575
2023-01-10 16:00:00,93.25
2023-01-10 17:00:00,93.5
2023-01-10 18:00:00,93.125
2023-01-10 19:00:00,93.22500000000001
2023-01-11 06:00:00,92.05000000000001
2023-01-11 14:00:00,92.4
2023-01-11 15:00:00,92.45
2023-01-11 16:00:00,91.825
2023-01-11 17:00:00,92.05000000000001
2023-01-11 18:00:00,92.05000000000001
2023-01-11 19:00:00,92.0
2023-01-12 06:00:00,90.825
2023-01-12 14:00:00,90.72500000000001
2023-01-12 15:00:00,90.17500000000001
2023-01-12 16:00:00,90.2
2023-01-12 17:00:00,90.625
2023-01-12 18:00:00,90.9
2023-01-12 19:00:00,90.92500000000001
2023-01-13 06:00:00,90.92500000000001
2023-01-13 14:00:00,89.97500000000001
2023-01-13 15:00:00,90.025
2023-01-13 16:00:00,91.075
2023-01-13 17:00:00,91.2
2023-01-13 18:00:00,90.95
2023-01-13 19:00:00,91.125
2023-01-17 06:00:00,91.775
2023-01-17 14:00:00,92.42500000000001
2023-01-17 15:00:00,92.2
2023-01-17 16:00:00,92.15
2023-01-17 17:00:00,92.125
2023-01-17 18:00:00,91.775
2023-01-17 19:00:00,91.85000000000001
2023-01-18 06:00:00,89.85000000000001
2023-01-18 14:00:00,90.0
2023-01-18 15:00:00,89.825
2023-01-18 16:00:00,90.5
2023-01-18 17:00:00,90.17500000000001
2023-01-18 18:00:00,89.775
2023-01-18 19:00:00,89.80000000000001
2023-01-19 06:00:00,88.05000000000001
2023-01-19 14:00:00,89.17500000000001
2023-01-19 15:00:00,88.75
2023-01-19 16:00:00,88.30000000000001
2023-01-19 17:00:00,87.9
2023-01-19 18:00:00,88.025
2023-01-19 19:00:00,87.95
2023-01-20 06:00:00,89.375
2023-01-20 14:00:00,88.97500000000001
2023-01-20 15:00:00,89.72500000000001
2023-01-20 16:00:00,89.35000000000001
2023-01-20 17:00:00,89.45
2023-01-20 18:00:00,89.4
2023-01-20 19:00:00,89.575
2023-01-23 06:00:00,89.10000000000001
2023-01-23 14:00:00,89.7
2023-01-23 15:00:00,88.85000000000001
2023-01-23 16:00:00,89.375
2023-01-23 17:00:00,88.92500000000001
2023-01-23 18:00:00,89.075
2023-01-23 19:00:00,89.10000000000001
2023-01-24 06:00:00,89.025
2023-01-24 14:00:00,89.10000000000001
2023-01-24 15:00:00,88.5
2023-01-24 16:00:00,87.85000000000001
2023-01-24 17:00:00,88.17500000000001
2023-01-24 18:00:00,89.025
2023-01-24 19:00:00,89.17500000000001
2023-01-25 06:00:00,88.97500000000001
2023-01-25 14:00:00,88.9
2023-01-25 15:00:00,88.45
2023-01-25 16:00:00,88.80000000000001
2023-01-25 17:00:00,88.72500000000001
2023-01-25 18:00:00,88.97500000000001
2023-01-25 19:00:00,88.95
2023-01-26 06:00:00,90.65
2023-01-26 14:00:00,88.35000000000001
2023-01-26 15:00:00,87.75
2023-01-26 16:00:00,89.72500000000001
2023-01-26 17:00:00,90.5
2023-01-26 18:00:00,90.67500000000001
2023-01-26 19:00:00,90.575
2023-01-27 06:00:00,90.10000000000001
2023-01-27 14:00:00,90.375
2023-01-27 15:00:00,91.30000000000001
2023-01-27 16:00:00,90.67500000000001
2023-01-27 17:00:00,90.0
2023-01-27 18:00:00,90.10000000000001
2023-01-27 19:00:00,90.22500000000001
2023-01-30 06:00:00,90.17500000000001
2023-01-30 14:00:00,89.625
2023-01-30 15:00:00,91.375
2023-01-30 16:00:00,90.75
2023-01-30 17:00:00,90.17500000000001
2023-01-30 18:00:00,90.17500000000001
2023-01-30 19:00:00,90.10000000000001
2023-01-31 06:00:00,90.075
2023-01-31 14:00:00,90.42500000000001
2023-01-31 15:00:00,89.95
2023-01-31 16:00:00,88.825
2023-01-31 17:00:00,90.05000000000001
2023-01-31 18:00:00,90.025
2023-01-31 19:00:00,89.80000000000001
2023-02-01 06:00:00,87.95
2023-02-01 14:00:00,88.0
2023-02-01 15:00:00,88.325
2023-02-01 16:00:00,86.625
2023-02-01 17:00:00,87.575
2023-02-01 18:00:00,87.97500000000001
2023-02-01 19:00:00,88.17500000000001
2023-02-02 06:00:00,89.65
2023-02-02 14:00:00,88.5
2023-02-02 15:00:00,88.9
2023-02-02 16:00:00,88.97500000000001
2023-02-02 17:00:00,89.575
2023-02-02 18:00:00,89.65
2023-02-02 19:00:00,89.65
2023-02-03 06:00:00,90.125
2023-02-03 14:00:00,89.25
2023-02-03 15:00:00,89.775
2023-02-03 16:00:00,89.42500000000001
2023-02-03 17:00:00,90.025
2023-02-03 18:00:00,90.025
2023-02-03 19:00:00,90.22500000000001
2023-02-06 06:00:00,86.375
2023-02-06 14:00:00,88.22500000000001
2023-02-06 15:00:00,86.7
2023-02-06 16:00:00,86.35000000000001
2023-02-06 17:00:00,86.575
2023-02-06 18:00:00,86.30000000000001
2023-02-06 19:00:00,86.325
2023-02-07 06:00:00,86.92500000000001
2023-02-07 14:00:00,85.775
2023-02-07 15:00:00,86.625
2023-02-07 16:00:00,86.825
2023-02-07 17:00:00,87.275
2023-02-07 18:00:00,86.92500000000001
2023-02-07 19:00:00,86.75
2023-02-08 06:00:00,87.72500000000001
2023-02-08 14:00:00,86.4
2023-02-08 15:00:00,88.10000000000001
2023-02-08 16:00:00,87.825
2023-02-08 17:00:00,87.80000000000001
2023-02-08 18:00:00,87.7
2023-02-08 19:00:00,87.67500000000001
2023-02-09 06:00:00,86.97500000000001
2023-02-09 14:00:00,87.30000000000001
2023-02-09 15:00:00,86.85000000000001
2023-02-09 16:00:00,86.525
2023-02-09 17:00:00,87.42500000000001
2023-02-09 18:00:00,86.95
2023-02-09 19:00:00,86.825
2023-02-10 06:00:00,86.97500000000001
2023-02-10 14:00:00,86.60000000000001
2023-02-10 15:00:00,86.825
2023-02-10 16:00:00,86.875
2023-02-10 17:00:00,86.7
2023-02-10 18:00:00,86.95
2023-02-10 19:00:00,86.92500000000001
2023-02-13 06:00:00,90.0
2023-02-13 14:00:00,89.3
2023-02-13 15:00:00,89.4
2023-02-13 16:00:00,89.125
2023-02-13 17:00:00,89.225
2023-02-13 18:00:00,90.025
2023-02-13 19:00:00,90.125
2023-02-14 06:00:00,90.575
2023-02-14 14:00:00,90.85
2023-02-14 15:00:00,90.4
2023-02-14 16:00:00,90.425
2023-02-14 17:00:00,90.45
2023-02-14 18:00:00,90.55
2023-02-14 19:00:00,90.475
2023-02-15 06:00:00,90.05
2023-02-15 14:00:00,89.975
2023-02-15 15:00:00,89.825
2023-02-15 16:00:00,89.7
2023-02-15 17:00:00,89.75
2023-02-15 18:00:00,90.05
2023-02-15 19:00:00,89.85
2023-02-16 06:00:00,88.9
2023-02-16 14:00:00,89.2
2023-02-16 15:00:00,89.275
2023-02-16 16:00:00,89.325
2023-02-16 17:00:00,89.35
2023-02-16 18:00:00,88.9
2023-02-16 19:00:00,88.925
2023-02-17 06:00:00,88.475
2023-02-17 14:00:00,89.175
2023-02-17 15:00:00,89.8
2023-02-17 16:00:00,89.325
2023-02-17 17:00:00,88.2
2023-02-17 18:00:00,88.55
2023-02-17 19:00:00,88.525
2023-02-21 06:00:00,91.025
2023-02-21 14:00:00,91.1
2023-02-21 15:00:00,91.275
2023-02-21 16:00:00,90.925
2023-02-21 17:00:00,90.55
2023-02-21 18:00:00,91.075
2023-02-21 19:00:00,90.975
2023-02-22 06:00:00,89.55
2023-02-22 14:00:00,89.625
2023-02-22 15:00:00,88.925
2023-02-22 16:00:00,89.3
2023-02-22 17:00:00,89.35
2023-02-22 18:00:00,89.525
2023-02-22 19:00:00,89.55
2023-02-23 06:00:00,89.7
2023-02-23 14:00:00,89.325
2023-02-23 15:00:00,89.3
2023-02-23 16:00:00,89.575
2023-02-23 17:00:00,89.4
2023-02-23 18:00:00,89.775
2023-02-23 19:00:00,89.6
2023-02-24 06:00:00,89.225
2023-02-24 14:00:00,89.925
2023-02-24 15:00:00,89.75
2023-02-24 16:00:00,88.875
2023-02-24 17:00:00,89.225
2023-02-24 18:00:00,89.25
2023-02-24 19:00:00,89.25
2023-02-27 06:00:00,87.85
2023-02-27 14:00:00,88.55
2023-02-27 15:00:00,88.025
2023-02-27 16:00:00,88.35
2023-02-27 17:00:00,88.15
2023-02-27 18:00:00,87.85
2023-02-27 19:00:00,87.95
2023-02-28 06:00:00,87.475
2023-02-28 14:00:00,87.45
2023-02-28 15:00:00,87.675
2023-02-28 16:00:00,87.225
2023-02-28 17:00:00,86.625
2023-02-28 18:00:00,87.525
2023-02-28 19:00:00,87.125
2023-03-01 06:00:00,86.55
2023-03-01 14:00:00,86.425
2023-03-01 15:00:00,86.3
2023-03-01 16:00:00,86.4
2023-03-01 17:00:00,86.85
2023-03-01 18:00:00,86.575
2023-03-01 19:00:00,86.775
2023-03-02 06:00:00,86.325
2023-03-02 14:00:00,87.2
2023-03-02 15:00:00,87.2
2023-03-02 16:00:00,86.625
2023-03-02 17:00:00,86.6
2023-03-02 18:00:00,86.325
2023-03-02 19:00:00,86.45
2023-03-03 06:00:00,86.375
2023-03-03 14:00:00,86.3
2023-03-03 15:00:00,86.25
2023-03-03 16:00:00,86.625
2023-03-03 17:00:00,86.45
2023-03-03 18:00:00,86.325
2023-03-03 19:00:00,86.275
2023-03-06 06:00:00,86.375
2023-03-06 14:00:00,85.775
2023-03-06 15:00:00,86.225
2023-03-06 16:00:00,86.025
2023-03-06 17:00:00,86.25
2023-03-06 18:00:00,86.375
2023-03-06 19:00:00,86.2
2023-03-07 06:00:00,85.825
2023-03-07 14:00:00,85.475
2023-03-07 15:00:00,85.325
2023-03-07 16:00:00,85.175
2023-03-07 17:00:00,85.675
2023-03-07 18:00:00,85.85
2023-03-07 19:00:00,85.975
2023-03-08 06:00:00,86.025
2023-03-08 14:00:00,85.475
2023-03-08 15:00:00,85.875
2023-03-08 16:00:00,85.925
2023-03-08 17:00:00,85.975
2023-03-08 18:00:00,86.1
2023-03-08 19:00:00,86.15
2023-03-09 06:00:00,86.2
2023-03-09 14:00:00,86.65
2023-03-09 15:00:00,86.45
2023-03-09 16:00:00,85.975
2023-03-09 17:00:00,85.375
2023-03-09 18:00:00,86.275
2023-03-09 19:00:00,86.275
2023-03-10 06:00:00,88.525
2023-03-10 14:00:00,87.575
2023-03-10 15:00:00,87.475
2023-03-10 16:00:00,87.475
2023-03-10 17:00:00,87.05
2023-03-10 18:00:00,88.575
2023-03-10 19:00:00,88.3
2023-03-13 05:00:00,88.35
2023-03-13 13:00:00,87.975
2023-03-13 14:00:00,87.8
2023-03-13 15:00:00,87.65
2023-03-13 16:00:00,87.875
2023-03-13 17:00:00,88.45
2023-03-13 18:00:00,88.6
2023-03-14 05:00:00,87.325
2023-03-14 13:00:00,88.325
2023-03-14 14:00:00,88.3
2023-03-14 15:00:00,88.0
2023-03-14 16:00:00,88.0
2023-03-14 17:00:00,87.3
2023-03-14 18:00:00,87.325
2023-03-15 05:00:00,83.975
2023-03-15 13:00:00,85.9
2023-03-15 14:00:00,85.575
2023-03-15 15:00:00,85.125
2023-03-15 16:00:00,83.85
2023-03-15 17:00:00,84.025
2023-03-15 18:00:00,83.75
2023-03-16 05:00:00,79.225
2023-03-16 13:00:00,82.425
2023-03-16 14:00:00,82.35
2023-03-16 15:00:00,80.95
2023-03-16 16:00:00,80.15
2023-03-16 17:00:00,79.225
2023-03-16 18:00:00,79.225
2023-03-17 05:00:00,79.075
2023-03-17 13:00:00,77.6
2023-03-17 14:00:00,77.225
2023-03-17 15:00:00,75.975
2023-03-17 16:00:00,78.325
2023-03-17 17:00:00,79.075
2023-03-17 18:00:00,78.825
2023-03-20 05:00:00,77.625
2023-03-20 13:00:00,76.825
2023-03-20 14:00:00,78.55
2023-03-20 15:00:00,78.1
2023-03-20 16:00:00,77.9
2023-03-20 17:00:00,77.625
2023-03-20 18:00:00,77.6
2023-03-21 05:00:00,77.1
2023-03-21 13:00:00,78.075
2023-03-21 14:00:00,77.425
2023-03-21 15:00:00,77.025
2023-03-21 16:00:00,77.45
2023-03-21 17:00:00,77.125
2023-03-21 18:00:00,77.05
2023-03-22 05:00:00,75.1
2023-03-22 13:00:00,76.525
2023-03-22 14:00:00,75.35
2023-03-22 15:00:00,74.975
2023-03-22 16:00:00,75.8
2023-03-22 17:00:00,75.025
2023-03-22 18:00:00,74.9
2023-03-23 05:00:00,75.125
2023-03-23 13:00:00,74.55
2023-03-23 14:00:00,74.675
2023-03-23 15:00:00,74.5
2023-03-23 16:00:00,74.875
2023-03-23 17:00:00,75.1
2023-03-23 18:00:00,75.125
2023-03-24 05:00:00,77.175
2023-03-24 13:00:00,76.075
2023-03-24 14:00:00,76.875
2023-03-24 15:00:00,77.275
2023-03-24 16:00:00,77.225
2023-03-24 17:00:00,77.125
2023-03-24 18:00:00,76.975
2023-03-27 05:00:00,78.825
2023-03-27 13:00:00,78.85
2023-03-27 14:00:00,78.975
2023-03-27 15:00:00,79.375
2023-03-27 16:00:00,80.025
2023-03-27 17:00:00,78.8
2023-03-27 18:00:00,78.8
2023-03-28 05:00:00,78.475
2023-03-28 13:00:00,78.275
2023-03-28 14:00:00,77.3
2023-03-28 15:00:00,77.725
2023-03-28 16:00:00,78.325
2023-03-28 17:00:00,78.5
2023-03-28 18:00:00,78.3
2023-03-29 05:00:00,76.575
2023-03-29 13:00:00,77.7
2023-03-29 14:00:00,77.4
2023-03-29 15:00:00,76.25
2023-03-29 16:00:00,76.75
2023-03-29 17:00:00,76.625
2023-03-29 18:00:00,76.6
2023-03-30 05:00:00,77.35
2023-03-30 13:00:00,77.45
2023-03-30 14:00:00,77.0
2023-03-30 15:00:00,76.5
2023-03-30 16:00:00,77.3
2023-03-30 17:00:00,77.325
2023-03-30 18:00:00,77.325
2023-03-31 05:00:00,77.375
2023-03-31 13:00:00,77.525
2023-03-31 14:00:00,77.975
2023-03-31 15:00:00,77.55
2023-03-31 16:00:00,77.05
2023-03-31 17:00:00,77.375
2023-03-31 18:00:00,77.2
2023-04-03 05:00:00,77.175
2023-04-03 13:00:00,77.35
2023-04-03 14:00:00,77.425
2023-04-03 15:00:00,77.6
2023-04-03 16:00:00,77.575
2023-04-03 17:00:00,77.175
2023-04-03 18:00:00,77.35
2023-04-04 05:00:00,75.325
2023-04-04 13:00:00,77.725
2023-04-04 14:00:00,77.325
2023-04-04 15:00:00,76.95
2023-04-04 16:00:00,76.375
2023-04-04 17:00:00,75.375
2023-04-04 18:00:00,75.3
2023-04-05 05:00:00,74.125
2023-04-05 13:00:00,73.75
2023-04-05 14:00:00,74.325
2023-04-05 15:00:00,74.525
2023-04-05 16:00:00,73.725
2023-04-05 17:00:00,74.15
2023-04-05 18:00:00,74.25
2023-04-06 05:00:00,73.925
2023-04-06 13:00:00,73.975
2023-04-06 14:00:00,73.775
2023-04-06 15:00:00,75.1
2023-04-06 16:00:00,74.85
2023-04-06 17:00:00,73.975
2023-04-06 18:00:00,73.85
2023-04-10 05:00:00,74.9
2023-04-10 13:00:00,74.55
2023-04-10 14:00:00,74.65
2023-04-10 15:00:00,75.125
2023-04-10 16:00:00,75.425
2023-04-10 17:00:00,74.925
2023-04-10 18:00:00,74.95
2023-04-11 05:00:00,73.6
2023-04-11 13:00:00,74.875
2023-04-11 14:00:00,73.725
2023-04-11 15:00:00,73.35
2023-04-11 16:00:00,73.5
2023-04-11 17:00:00,73.65
2023-04-11 18:00:00,73.65
2023-04-12 05:00:00,73.3
2023-04-12 13:00:00,74.05
2023-04-12 14:00:00,74.375
2023-04-12 15:00:00,73.725
2023-04-12 16:00:00,73.25
2023-04-12 17:00:00,73.375
2023-04-12 18:00:00,73.575
2023-04-13 05:00:00,71.4
2023-04-13 13:00:00,72.375
2023-04-13 14:00:00,73.05
2023-04-13 15:00:00,72.45
2023-04-13 16:00:00,72.325
2023-04-13 17:00:00,71.325
2023-04-13 18:00:00,71.25
2023-04-14 05:00:00,72.625
2023-04-14 13:00:00,72.44999999999999
2023-04-14 14:00:00,72.07499999999999
2023-04-14 15:00:00,72.3
2023-04-14 16:00:00,72.32499999999999
2023-04-14 17:00:00,72.6
2023-04-14 18:00:00,72.475
2023-04-17 05:00:00,73.44999999999999
2023-04-17 13:00:00,73.8
2023-04-17 14:00:00,73.39999999999999
2023-04-17 15:00:00,73.725
2023-04-17 16:00:00,73.44999999999999
2023-04-17 17:00:00,73.475
2023-04-17 18:00:00,73.375
2023-04-18 05:00:00,71.75
2023-04-18 13:00:00,72.725
2023-04-18 14:00:00,72.175
2023-04-18 15:00:00,72.19999999999999
2023-04-18 16:00:00,71.82499999999999
2023-04-18 17:00:00,71.725
2023-04-18 18:00:00,71.675
2023-04-19 05:00:00,72.32499999999999
2023-04-19 13:00:00,71.64999999999999
2023-04-19 14:00:00,72.82499999999999
2023-04-19 15:00:00,72.94999999999999
2023-04-19 16:00:00,72.375
2023-04-19 17:00:00,72.375
2023-04-19 18:00:00,72.425
2023-04-20 05:00:00,71.125
2023-04-20 13:00:00,70.975
2023-04-20 14:00:00,71.19999999999999
2023-04-20 15:00:00,71.19999999999999
2023-04-20 16:00:00,71.3
2023-04-20 17:00:00,71.125
2023-04-20 18:00:00,71.19999999999999
2023-04-21 05:00:00,71.77499999999999
2023-04-21 13:00:00,71.625
2023-04-21 14:00:00,71.52499999999999
2023-04-21 15:00:00,72.02499999999999
2023-04-21 16:00:00,72.07499999999999
2023-04-21 17:00:00,71.875
2023-04-21 18:00:00,71.82499999999999
2023-04-24 05:00:00,73.07499999999999
2023-04-24 13:00:00,72.82499999999999
2023-04-24 14:00:00,73.32499999999999
2023-04-24 15:00:00,73.35
2023-04-24 16:00:00,72.85
2023-04-24 17:00:00,73.1
2023-04-24 18:00:00,73.1
2023-04-25 05:00:00,72.82499999999999
2023-04-25 13:00:00,72.875
2023-04-25 14:00:00,73.3
2023-04-25 15:00:00,72.82499999999999
2023-04-25 16:00:00,72.55
2023-04-25 17:00:00,72.82499999999999
2023-04-25 18:00:00,72.925
2023-04-26 05:00:00,75.5
2023-04-26 13:00:00,72.32499999999999
2023-04-26 14:00:00,72.57499999999999
2023-04-26 15:00:00,72.475
2023-04-26 16:00:00,74.05
2023-04-26 17:00:00,75.5
2023-04-26 18:00:00,75.375
2023-04-27 05:00:00,75.475
2023-04-27 13:00:00,75.625
2023-04-27 14:00:00,74.55
2023-04-27 15:00:00,75.3
2023-04-27 16:00:00,75.52499999999999
2023-04-27 17:00:00,75.5
2023-04-27 18:00:00,75.32499999999999
2023-04-28 05:00:00,76.64999999999999
2023-04-28 13:00:00,75.77499999999999
2023-04-28 14:00:00,76.07499999999999
2023-04-28 15:00:00,76.19999999999999
2023-04-28 16:00:00,76.6
2023-04-28 17:00:00,76.6
2023-04-28 18:00:00,76.55
2023-05-01 05:00:00,74.27499999999999
2023-05-01 13:00:00,74.725
2023-05-01 14:00:00,74.35
2023-05-01 15:00:00,74.52499999999999
2023-05-01 16:00:00,74.175
2023-05-01 17:00:00,74.25
2023-05-01 18:00:00,74.1
2023-05-02 05:00:00,74.39999999999999
2023-05-02 13:00:00,74.35
2023-05-02 14:00:00,74.14999999999999
2023-05-02 15:00:00,73.85
2023-05-02 16:00:00,73.64999999999999
2023-05-02 17:00:00,74.39999999999999
2023-05-02 18:00:00,74.375
2023-05-03 05:00:00,72.3
2023-05-03 13:00:00,74.975
2023-05-03 14:00:00,73.875
2023-05-03 15:00:00,73.14999999999999
2023-05-03 16:00:00,72.35
2023-05-03 17:00:00,72.32499999999999
2023-05-03 18:00:00,72.375
2023-05-04 05:00:00,71.225
2023-05-04 13:00:00,71.875
2023-05-04 14:00:00,71.44999999999999
2023-05-04 15:00:00,71.39999999999999
2023-05-04 16:00:00,71.425
2023-05-04 17:00:00,71.175
2023-05-04 18:00:00,71.19999999999999
2023-05-05 05:00:00,68.39999999999999
2023-05-05 13:00:00,70.175
2023-05-05 14:00:00,70.32499999999999
2023-05-05 15:00:00,69.925
2023-05-05 16:00:00,69.875
2023-05-05 17:00:00,68.5
2023-05-05 18:00:00,68.3
2023-05-08 05:00:00,68.25
2023-05-08 13:00:00,68.175
2023-05-08 14:00:00,68.55
2023-05-08 15:00:00,68.02499999999999
2023-05-08 16:00:00,67.89999999999999
2023-05-08 17:00:00,68.3
2023-05-08 18:00:00,68.32499999999999
2023-05-09 05:00:00,69.475
2023-05-09 13:00:00,68.125
2023-05-09 14:00:00,68.07499999999999
2023-05-09 15:00:00,68.25
2023-05-09 16:00:00,69.52499999999999
2023-05-09 17:00:00,69.475
2023-05-09 18:00:00,69.375
2023-05-10 05:00:00,68.94999999999999
2023-05-10 13:00:00,69.975
2023-05-10 14:00:00,69.8
2023-05-10 15:00:00,69.52499999999999
2023-05-10 16:00:00,69.25
2023-05-10 17:00:00,68.975
2023-05-10 18:00:00,69.02499999999999
2023-05-11 05:00:00,68.1
2023-05-11 13:00:00,69.82499999999999
2023-05-11 14:00:00,69.77499999999999
2023-05-11 15:00:00,67.85
2023-05-11 16:00:00,68.05
2023-05-11 17:00:00,68.14999999999999
2023-05-11 18:00:00,68.1
2023-05-12 05:00:00,68.3
2023-05-12 13:00:00,67.77499999999999
2023-05-12 14:00:00,67.35
2023-05-12 15:00:00,67.425
2023-05-12 16:00:00,68.05
2023-05-12 17:00:00,68.35
2023-05-12 18:00:00,68.25
2023-05-15 05:00:00,70.475
2023-05-15 13:00:00,70.15
2023-05-15 14:00:00,70.45
2023-05-15 15:00:00,70.675
2023-05-15 16:00:00,70.5
2023-05-15 17:00:00,70.475
2023-05-15 18:00:00,70.45
2023-05-16 05:00:00,70.625
2023-05-16 13:00:00,70.875
2023-05-16 14:00:00,70.5
2023-05-16 15:00:00,70.975
2023-05-16 16:00:00,70.775
2023-05-16 17:00:00,70.65
2023-05-16 18:00:00,70.625
2023-05-17 05:00:00,67.6
2023-05-17 13:00:00,69.775
2023-05-17 14:00:00,69.425
2023-05-17 15:00:00,68.425
2023-05-17 16:00:00,67.275
2023-05-17 17:00:00,67.675
2023-05-17 18:00:00,67.525
2023-05-18 05:00:00,66.65
2023-05-18 13:00:00,66.725
2023-05-18 14:00:00,66.55
2023-05-18 15:00:00,66.425
2023-05-18 16:00:00,66.6
2023-05-18 17:00:00,66.675
2023-05-18 18:00:00,66.575
2023-05-19 05:00:00,64.25
2023-05-19 13:00:00,66.275
2023-05-19 14:00:00,65.65
2023-05-19 15:00:00,64.875
2023-05-19 16:00:00,64.0
2023-05-19 17:00:00,64.275
2023-05-19 18:00:00,64.5
2023-05-22 05:00:00,63.05
2023-05-22 13:00:00,64.5
2023-05-22 14:00:00,63.25
2023-05-22 15:00:00,63.349999999999994
2023-05-22 16:00:00,63.55
2023-05-22 17:00:00,63.0
2023-05-22 18:00:00,63.150000000000006
2023-05-23 05:00:00,63.175
2023-05-23 13:00:00,62.2
2023-05-23 14:00:00,61.575
2023-05-23 15:00:00,62.150000000000006
2023-05-23 16:00:00,62.625
2023-05-23 17:00:00,63.224999999999994
2023-05-23 18:00:00,63.0
2023-05-24 05:00:00,63.150000000000006
2023-05-24 13:00:00,63.25
2023-05-24 14:00:00,63.224999999999994
2023-05-24 15:00:00,62.95
2023-05-24 16:00:00,62.875
2023-05-24 17:00:00,63.125
2023-05-24 18:00:00,63.05
2023-05-25 05:00:00,59.7
2023-05-25 13:00:00,61.724999999999994
2023-05-25 14:00:00,60.5
2023-05-25 15:00:00,60.2
2023-05-25 16:00:00,59.925
2023-05-25 17:00:00,59.599999999999994
2023-05-25 18:00:00,59.425
2023-05-26 05:00:00,56.8
2023-05-26 13:00:00,58.45
2023-05-26 14:00:00,57.75
2023-05-26 15:00:00,57.75
2023-05-26 16:00:00,57.125
2023-05-26 17:00:00,56.8
2023-05-26 18:00:00,56.875
2023-05-30 05:00:00,61.55
2023-05-30 13:00:00,58.775000000000006
2023-05-30 14:00:00,61.425
2023-05-30 15:00:00,61.55
2023-05-30 16:00:00,61.55
2023-05-30 17:00:00,61.55
2023-05-30 18:00:00,61.55
2023-05-31 05:00:00,64.6
2023-05-31 13:00:00,63.575
2023-05-31 14:00:00,63.8
2023-05-31 15:00:00,64.625
2023-05-31 16:00:00,63.875
2023-05-31 17:00:00,64.6
2023-05-31 18:00:00,64.55
2023-06-01 05:00:00,62.775000000000006
2023-06-01 13:00:00,63.125
2023-06-01 14:00:00,62.675
2023-06-01 15:00:00,63.150000000000006
2023-06-01 16:00:00,62.150000000000006
2023-06-01 17:00:00,62.775000000000006
2023-06-01 18:00:00,62.849999999999994
2023-06-02 05:00:00,65.05
2023-06-02 13:00:00,64.225
2023-06-02 14:00:00,64.425
2023-06-02 15:00:00,64.075
2023-06-02 16:00:00,64.25
2023-06-02 17:00:00,65.0
2023-06-02 18:00:00,65.0
2023-06-05 05:00:00,64.375
2023-06-05 13:00:00,63.55
2023-06-05 14:00:00,64.0
2023-06-05 15:00:00,64.875
2023-06-05 16:00:00,64.275
2023-06-05 17:00:00,64.375
2023-06-05 18:00:00,64.425
2023-06-06 05:00:00,67.25
2023-06-06 13:00:00,66.075
2023-06-06 14:00:00,66.275
2023-06-06 15:00:00,66.45
2023-06-06 16:00:00,66.925
2023-06-06 17:00:00,67.275
2023-06-06 18:00:00,67.4
2023-06-07 05:00:00,65.85
2023-06-07 13:00:00,66.95
2023-06-07 14:00:00,67.225
2023-06-07 15:00:00,66.4
2023-06-07 16:00:00,65.925
2023-06-07 17:00:00,65.8
2023-06-07 18:00:00,66.1
2023-06-08 05:00:00,65.175
2023-06-08 13:00:00,64.95
2023-06-08 14:00:00,64.6
2023-06-08 15:00:00,64.65
2023-06-08 16:00:00,65.025
2023-06-08 17:00:00,65.225
2023-06-08 18:00:00,65.375
2023-06-09 05:00:00,66.7
2023-06-09 13:00:00,66.2
2023-06-09 14:00:00,65.975
2023-06-09 15:00:00,65.95
2023-06-09 16:00:00,65.875
2023-06-09 17:00:00,66.625
2023-06-09 18:00:00,66.95
2023-06-12 05:00:00,70.125
2023-06-12 13:00:00,68.825
2023-06-12 14:00:00,70.275
2023-06-12 15:00:00,69.9
2023-06-12 16:00:00,70.075
2023-06-12 17:00:00,70.125
2023-06-12 18:00:00,69.675
2023-06-13 05:00:00,70.175
2023-06-13 13:00:00,69.725
2023-06-13 14:00:00,69.825
2023-06-13 15:00:00,70.55
2023-06-13 16:00:00,70.075
2023-06-13 17:00:00,70.175
2023-06-13 18:00:00,70.175
2023-06-14 05:00:00,72.425
2023-06-14 13:00:00,72.675
2023-06-14 14:00:00,72.55
2023-06-14 15:00:00,71.225
2023-06-14 16:00:00,72.375
2023-06-14 17:00:00,72.5
2023-06-14 18:00:00,72.65
2023-06-15 05:00:00,73.05
2023-06-15 13:00:00,73.125
2023-06-15 14:00:00,73.3
2023-06-15 15:00:00,72.825
2023-06-15 16:00:00,72.7
2023-06-15 17:00:00,73.075
2023-06-15 18:00:00,72.97500000000001
2023-06-16 05:00:00,72.9
2023-06-16 13:00:00,73.47500000000001
2023-06-16 14:00:00,72.65
2023-06-16 15:00:00,72.72500000000001
2023-06-16 16:00:00,72.675
2023-06-16 17:00:00,72.925
2023-06-16 18:00:00,72.75
2023-06-20 05:00:00,74.425
2023-06-20 13:00:00,73.875
2023-06-20 14:00:00,73.375
2023-06-20 15:00:00,73.55
2023-06-20 16:00:00,73.65
2023-06-20 17:00:00,74.47500000000001
2023-06-20 18:00:00,74.10000000000001
2023-06-21 05:00:00,73.875
2023-06-21 13:00:00,73.5
2023-06-21 14:00:00,73.625
2023-06-21 15:00:00,73.85000000000001
2023-06-21 16:00:00,73.85000000000001
2023-06-21 17:00:00,73.9
2023-06-21 18:00:00,73.925
2023-06-22 05:00:00,72.675
2023-06-22 13:00:00,74.47500000000001
2023-06-22 14:00:00,72.575
2023-06-22 15:00:00,72.125
2023-06-22 16:00:00,72.375
2023-06-22 17:00:00,72.675
2023-06-22 18:00:00,72.7
2023-06-23 05:00:00,72.8
2023-06-23 13:00:00,72.775
2023-06-23 14:00:00,73.05
2023-06-23 15:00:00,73.075
2023-06-23 16:00:00,72.35000000000001
2023-06-23 17:00:00,72.775
2023-06-23 18:00:00,73.2
2023-06-26 05:00:00,73.05
2023-06-26 13:00:00,73.8
2023-06-26 14:00:00,74.025
2023-06-26 15:00:00,73.9
2023-06-26 16:00:00,73.45
2023-06-26 17:00:00,73.0
2023-06-26 18:00:00,72.95
2023-06-27 05:00:00,72.60000000000001
2023-06-27 13:00:00,71.60000000000001
2023-06-27 14:00:00,72.175
2023-06-27 15:00:00,72.45
2023-06-27 16:00:00,72.97500000000001
2023-06-27 17:00:00,72.60000000000001
2023-06-27 18:00:00,72.8
2023-06-28 05:00:00,72.2
2023-06-28 13:00:00,72.47500000000001
2023-06-28 14:00:00,72.5
2023-06-28 15:00:00,72.60000000000001
2023-06-28 16:00:00,72.4
2023-06-28 17:00:00,72.15
2023-06-28 18:00:00,72.22500000000001
2023-06-29 05:00:00,72.175
2023-06-29 13:00:00,71.22500000000001
2023-06-29 14:00:00,71.72500000000001
2023-06-29 15:00:00,72.025
2023-06-29 16:00:00,72.22500000000001
2023-06-29 17:00:00,72.175
2023-06-29 18:00:00,72.125
2023-06-30 05:00:00,71.2
2023-06-30 13:00:00,71.2
2023-06-30 14:00:00,71.35000000000001
2023-06-30 15:00:00,71.05
2023-06-30 16:00:00,71.3
2023-06-30 17:00:00,71.2
2023-06-30 18:00:00,71.175
2023-07-03 05:00:00,72.425
2023-07-03 13:00:00,72.10000000000001
2023-07-03 14:00:00,72.575
2023-07-03 15:00:00,72.625
2023-07-03 16:00:00,72.325
2023-07-03 17:00:00,72.60000000000001
2023-07-03 18:00:00,72.65
2023-07-05 05:00:00,73.375
2023-07-05 13:00:00,73.275
2023-07-05 14:00:00,73.2
2023-07-05 15:00:00,73.97500000000001
2023-07-05 16:00:00,74.55
2023-07-05 17:00:00,73.375
2023-07-05 18:00:00,73.35000000000001
2023-07-06 05:00:00,74.525
2023-07-06 13:00:00,75.575
2023-07-06 14:00:00,76.72500000000001
2023-07-06 15:00:00,75.325
2023-07-06 16:00:00,74.9
2023-07-06 17:00:00,74.575
2023-07-06 18:00:00,74.525
2023-07-07 05:00:00,74.2
2023-07-07 13:00:00,74.0
2023-07-07 14:00:00,74.3
2023-07-07 15:00:00,74.72500000000001
2023-07-07 16:00:00,74.675
2023-07-07 17:00:00,74.075
2023-07-07 18:00:00,73.825
2023-07-10 05:00:00,74.0
2023-07-10 13:00:00,74.55
2023-07-10 14:00:00,73.72500000000001
2023-07-10 15:00:00,74.575
2023-07-10 16:00:00,74.375
2023-07-10 17:00:00,74.0
2023-07-10 18:00:00,73.95
2023-07-11 05:00:00,75.8
2023-07-11 13:00:00,75.05
2023-07-11 14:00:00,75.025
2023-07-11 15:00:00,75.72500000000001
2023-07-11 16:00:00,75.925
2023-07-11 17:00:00,75.875
2023-07-11 18:00:00,75.75
2023-07-12 05:00:00,75.0
2023-07-12 13:00:00,76.625
2023-07-12 14:00:00,77.10000000000001
2023-07-12 15:00:00,76.9
2023-07-12 16:00:00,75.675
2023-07-12 17:00:00,75.05
2023-07-12 18:00:00,75.325
2023-07-13 05:00:00,76.175
2023-07-13 13:00:00,75.3
2023-07-13 14:00:00,75.8
2023-07-13 15:00:00,75.425
2023-07-13 16:00:00,76.22500000000001
2023-07-13 17:00:00,76.175
2023-07-13 18:00:00,76.10000000000001
2023-07-14 05:00:00,76.425
2023-07-14 13:00:00,76.175
2023-07-14 14:00:00,76.125
2023-07-14 15:00:00,75.8
2023-07-14 16:00:00,76.10000000000001
2023-07-14 17:00:00,76.5
2023-07-14 18:00:00,76.2
2023-07-17 05:00:00,75.15
2023-07-17 13:00:00,76.7
2023-07-17 14:00:00,76.47500000000001
2023-07-17 15:00:00,76.5
2023-07-17 16:00:00,75.72500000000001
2023-07-17 17:00:00,75.10000000000001
2023-07-17 18:00:00,75.175
2023-07-18 05:00:00,74.3
2023-07-18 13:00:00,76.65
2023-07-18 14:00:00,76.0
2023-07-18 15:00:00,75.22500000000001
2023-07-18 16:00:00,74.10000000000001
2023-07-18 17:00:00,74.3
2023-07-18 18:00:00,74.47500000000001
2023-07-19 05:00:00,74.55
2023-07-19 13:00:00,74.125
2023-07-19 14:00:00,74.125
2023-07-19 15:00:00,73.825
2023-07-19 16:00:00,75.22500000000001
2023-07-19 17:00:00,74.47500000000001
2023-07-19 18:00:00,74.8
2023-07-20 05:00:00,77.55
2023-07-20 13:00:00,76.3
2023-07-20 14:00:00,77.47500000000001
2023-07-20 15:00:00,77.8
2023-07-20 16:00:00,77.775
2023-07-20 17:00:00,77.625
2023-07-20 18:00:00,77.7
2023-07-21 05:00:00,77.075
2023-07-21 13:00:00,77.22500000000001
2023-07-21 14:00:00,76.775
2023-07-21 15:00:00,77.0
2023-07-21 16:00:00,77.05
2023-07-21 17:00:00,77.075
2023-07-21 18:00:00,77.075
2023-07-24 05:00:00,75.47500000000001
2023-07-24 13:00:00,77.175
2023-07-24 14:00:00,75.60000000000001
2023-07-24 15:00:00,76.075
2023-07-24 16:00:00,75.575
2023-07-24 17:00:00,75.55
2023-07-24 18:00:00,75.55
2023-07-25 05:00:00,77.2
2023-07-25 13:00:00,77.3
2023-07-25 14:00:00,76.575
2023-07-25 15:00:00,77.0
2023-07-25 16:00:00,77.125
2023-07-25 17:00:00,77.175
2023-07-25 18:00:00,77.22500000000001
2023-07-26 05:00:00,76.45
2023-07-26 13:00:00,75.125
2023-07-26 14:00:00,76.5
2023-07-26 15:00:00,76.25
2023-07-26 16:00:00,76.375
2023-07-26 17:00:00,76.5
2023-07-26 18:00:00,76.25
2023-07-27 05:00:00,76.075
2023-07-27 13:00:00,77.15
2023-07-27 14:00:00,76.95
2023-07-27 15:00:00,76.9
2023-07-27 16:00:00,76.05
2023-07-27 17:00:00,76.125
2023-07-27 18:00:00,76.22500000000001
2023-07-28 05:00:00,77.85000000000001
2023-07-28 13:00:00,76.85000000000001
2023-07-28 14:00:00,77.65
2023-07-28 15:00:00,77.775
2023-07-28 16:00:00,77.65
2023-07-28 17:00:00,77.85000000000001
2023-07-28 18:00:00,77.875
2023-07-31 05:00:00,78.825
2023-07-31 13:00:00,76.97500000000001
2023-07-31 14:00:00,77.22500000000001
2023-07-31 15:00:00,77.575
2023-07-31 16:00:00,77.9
2023-07-31 17:00:00,78.9
2023-07-31 18:00:00,78.8
2023-08-01 05:00:00,78.47500000000001
2023-08-01 13:00:00,79.3
2023-08-01 14:00:00,78.05
2023-08-01 15:00:00,77.925
2023-08-01 16:00:00,78.45
2023-08-01 17:00:00,78.5
2023-08-01 18:00:00,78.45
2023-08-02 05:00:00,77.7
2023-08-02 13:00:00,77.7
2023-08-02 14:00:00,77.675
2023-08-02 15:00:00,76.95
2023-08-02 16:00:00,77.15
2023-08-02 17:00:00,77.75
2023-08-02 18:00:00,77.675
2023-08-03 05:00:00,74.875
2023-08-03 13:00:00,75.5
2023-08-03 14:00:00,74.75
2023-08-03 15:00:00,74.275
2023-08-03 16:00:00,74.925
2023-08-03 17:00:00,74.925
2023-08-03 18:00:00,74.95
2023-08-04 05:00:00,75.9
2023-08-04 13:00:00,75.15
2023-08-04 14:00:00,75.925
2023-08-04 15:00:00,75.8
2023-08-04 16:00:00,76.125
2023-08-04 17:00:00,75.875
2023-08-04 18:00:00,76.075
2023-08-07 05:00:00,77.65
2023-08-07 13:00:00,76.4
2023-08-07 14:00:00,76.9
2023-08-07 15:00:00,77.75
2023-08-07 16:00:00,78.575
2023-08-07 17:00:00,77.625
2023-08-07 18:00:00,77.375
2023-08-08 05:00:00,77.4
2023-08-08 13:00:00,77.75
2023-08-08 14:00:00,77.75
2023-08-08 15:00:00,77.05
2023-08-08 16:00:00,77.3
2023-08-08 17:00:00,77.4
2023-08-08 18:00:00,77.4
2023-08-09 05:00:00,74.4
2023-08-09 13:00:00,75.875
2023-08-09 14:00:00,75.425
2023-08-09 15:00:00,75.375
2023-08-09 16:00:00,75.4
2023-08-09 17:00:00,74.525
2023-08-09 18:00:00,74.625
2023-08-10 05:00:00,73.15
2023-08-10 13:00:00,73.375
2023-08-10 14:00:00,73.15
2023-08-10 15:00:00,73.97500000000001
2023-08-10 16:00:00,73.925
2023-08-10 17:00:00,73.175
2023-08-10 18:00:00,73.175
2023-08-11 05:00:00,74.15
2023-08-11 13:00:00,73.55
2023-08-11 14:00:00,73.825
2023-08-11 15:00:00,74.075
2023-08-11 16:00:00,74.4
2023-08-11 17:00:00,74.15
2023-08-11 18:00:00,74.3
2023-08-14 05:00:00,71.97500000000001
2023-08-14 13:00:00,72.3
2023-08-14 14:00:00,71.975
2023-08-14 15:00:00,71.8
2023-08-14 16:00:00,71.65
2023-08-14 17:00:00,71.975
2023-08-14 18:00:00,71.8
2023-08-15 05:00:00,70.5
2023-08-15 13:00:00,71.975
2023-08-15 14:00:00,71.65
2023-08-15 15:00:00,71.475
2023-08-15 16:00:00,71.275
2023-08-15 17:00:00,70.45
2023-08-15 18:00:00,70.5
2023-08-16 05:00:00,70.425
2023-08-16 13:00:00,70.325
2023-08-16 14:00:00,70.65
2023-08-16 15:00:00,70.5
2023-08-16 16:00:00,70.3
2023-08-16 17:00:00,70.425
2023-08-16 18:00:00,70.45
2023-08-17 05:00:00,71.25
2023-08-17 13:00:00,71.45
2023-08-17 14:00:00,71.45
2023-08-17 15:00:00,71.5
2023-08-17 16:00:00,71.675
2023-08-17 17:00:00,71.275
2023-08-17 18:00:00,71.325
2023-08-18 05:00:00,73.75
2023-08-18 13:00:00,72.6
2023-08-18 14:00:00,73.175
2023-08-18 15:00:00,73.5
2023-08-18 16:00:00,73.475
2023-08-18 17:00:00,73.75
2023-08-18 18:00:00,73.5
2023-08-21 05:00:00,72.975
2023-08-21 13:00:00,73.1
2023-08-21 14:00:00,72.9
2023-08-21 15:00:00,72.975
2023-08-21 16:00:00,72.825
2023-08-21 17:00:00,72.925
2023-08-21 18:00:00,72.85
2023-08-22 05:00:00,71.6
2023-08-22 13:00:00,71.775
2023-08-22 14:00:00,72.35
2023-08-22 15:00:00,72.075
2023-08-22 16:00:00,71.45
2023-08-22 17:00:00,71.575
2023-08-22 18:00:00,71.45
2023-08-23 05:00:00,70.3
2023-08-23 13:00:00,70.975
2023-08-23 14:00:00,71.45
2023-08-23 15:00:00,70.925
2023-08-23 16:00:00,70.375
2023-08-23 17:00:00,70.3
2023-08-23 18:00:00,70.325
2023-08-24 05:00:00,71.15
2023-08-24 13:00:00,70.3
2023-08-24 14:00:00,70.55
2023-08-24 15:00:00,70.925
2023-08-24 16:00:00,70.975
2023-08-24 17:00:00,71.175
2023-08-24 18:00:00,71.15
2023-08-25 05:00:00,71.275
2023-08-25 13:00:00,72.225
2023-08-25 14:00:00,72.65
2023-08-25 15:00:00,73.425
2023-08-25 16:00:00,70.8
2023-08-25 17:00:00,71.35
2023-08-25 18:00:00,71.05
2023-08-28 05:00:00,72.675
2023-08-28 13:00:00,70.475
2023-08-28 14:00:00,71.825
2023-08-28 15:00:00,72.75
2023-08-28 16:00:00,72.375
2023-08-28 17:00:00,72.625
2023-08-28 18:00:00,72.625
2023-08-29 05:00:00,72.075
2023-08-29 13:00:00,72.175
2023-08-29 14:00:00,72.525
2023-08-29 15:00:00,72.375
2023-08-29 16:00:00,72.175
2023-08-29 17:00:00,72.075
2023-08-29 18:00:00,72.05
2023-08-30 05:00:00,74.35
2023-08-30 13:00:00,71.075
2023-08-30 14:00:00,71.925
2023-08-30 15:00:00,72.025
2023-08-30 16:00:00,73.025
2023-08-30 17:00:00,74.375
2023-08-30 18:00:00,74.1
2023-08-31 05:00:00,73.575
2023-08-31 13:00:00,74.1
2023-08-31 14:00:00,74.3
2023-08-31 15:00:00,73.675
2023-08-31 16:00:00,73.5
2023-08-31 17:00:00,73.575
2023-08-31 18:00:00,73.75
2023-09-01 05:00:00,73.85
2023-09-01 13:00:00,73.2
2023-09-01 14:00:00,73.225
2023-09-01 15:00:00,73.825
2023-09-01 16:00:00,73.65
2023-09-01 17:00:00,73.875
2023-09-01 18:00:00,73.85
2023-09-05 05:00:00,74.325
2023-09-05 13:00:00,74.675
2023-09-05 14:00:00,74.825
2023-09-05 15:00:00,74.7
2023-09-05 16:00:00,74.8
2023-09-05 17:00:00,74.275
2023-09-05 18:00:00,74.35
2023-09-06 05:00:00,73.7
2023-09-06 13:00:00,74.75
2023-09-06 14:00:00,74.425
2023-09-06 15:00:00,73.5
2023-09-06 16:00:00,73.6
2023-09-06 17:00:00,73.7
2023-09-06 18:00:00,73.9
2023-09-07 05:00:00,74.525
2023-09-07 13:00:00,75.0
2023-09-07 14:00:00,74.925
2023-09-07 15:00:00,74.95
2023-09-07 16:00:00,74.825
2023-09-07 17:00:00,74.525
2023-09-07 18:00:00,74.65
2023-09-08 05:00:00,73.7
2023-09-08 13:00:00,73.725
2023-09-08 14:00:00,73.65
2023-09-08 15:00:00,73.95
2023-09-08 16:00:00,73.975
2023-09-08 17:00:00,73.65
2023-09-08 18:00:00,73.675
2023-09-11 05:00:00,73.9
2023-09-11 13:00:00,74.875
2023-09-11 14:00:00,74.475
2023-09-11 15:00:00,74.05
2023-09-11 16:00:00,74.2
2023-09-11 17:00:00,73.85
2023-09-11 18:00:00,73.95
2023-09-12 05:00:00,76.15
2023-09-12 13:00:00,74.475
2023-09-12 14:00:00,75.55
2023-09-12 15:00:00,75.55
2023-09-12 16:00:00,75.475
2023-09-12 17:00:00,76.05
2023-09-12 18:00:00,76.075
2023-09-13 05:00:00,75.6
2023-09-13 13:00:00,75.825
2023-09-13 14:00:00,75.925
2023-09-13 15:00:00,75.9
2023-09-13 16:00:00,75.725
2023-09-13 17:00:00,75.55
2023-09-13 18:00:00,75.625
2023-09-14 05:00:00,74.35
2023-09-14 13:00:00,75.1
2023-09-14 14:00:00,75.15
2023-09-14 15:00:00,75.15
2023-09-14 16:00:00,74.95
2023-09-14 17:00:00,74.3
2023-09-14 18:00:00,74.375
2023-09-15 05:00:00,74.35
2023-09-15 13:00:00,74.55
2023-09-15 14:00:00,74.925
2023-09-15 15:00:00,74.65
2023-09-15 16:00:00,74.625
2023-09-15 17:00:00,74.35
2023-09-15 18:00:00,74.375
2023-09-18 05:00:00,73.675
2023-09-18 13:00:00,73.05
2023-09-18 14:00:00,73.425
2023-09-18 15:00:00,73.775
2023-09-18 16:00:00,74.05
2023-09-18 17:00:00,73.65
2023-09-18 18:00:00,73.625
2023-09-19 05:00:00,75.5
2023-09-19 13:00:00,74.225
2023-09-19 14:00:00,75.15
2023-09-19 15:00:00,75.2
2023-09-19 16:00:00,75.975
2023-09-19 17:00:00,75.425
2023-09-19 18:00:00,75.4
2023-09-20 05:00:00,77.475
2023-09-20 13:00:00,75.65
2023-09-20 14:00:00,75.775
2023-09-20 15:00:00,75.925
2023-09-20 16:00:00,77.15
2023-09-20 17:00:00,77.5
2023-09-20 18:00:00,77.35
2023-09-21 05:00:00,73.725
2023-09-21 13:00:00,75.725
2023-09-21 14:00:00,74.425
2023-09-21 15:00:00,73.725
2023-09-21 16:00:00,73.725
2023-09-21 17:00:00,73.725
2023-09-21 18:00:00,73.725
2023-09-22 05:00:00,71.425
2023-09-22 13:00:00,71.85
2023-09-22 14:00:00,71.625
2023-09-22 15:00:00,71.7
2023-09-22 16:00:00,71.525
2023-09-22 17:00:00,71.55
2023-09-22 18:00:00,71.575
2023-09-25 05:00:00,71.775
2023-09-25 13:00:00,72.075
2023-09-25 14:00:00,71.75
2023-09-25 15:00:00,71.725
2023-09-25 16:00:00,71.675
2023-09-25 17:00:00,71.775
2023-09-25 18:00:00,71.85
2023-09-26 05:00:00,71.6
2023-09-26 13:00:00,71.975
2023-09-26 14:00:00,71.25
2023-09-26 15:00:00,71.7
2023-09-26 16:00:00,71.375
2023-09-26 17:00:00,71.6
2023-09-26 18:00:00,71.65
2023-09-27 05:00:00,72.025
2023-09-27 13:00:00,72.2
2023-09-27 14:00:00,72.2
2023-09-27 15:00:00,72.225
2023-09-27 16:00:00,71.925
2023-09-27 17:00:00,72.0
2023-09-27 18:00:00,72.0
2023-09-28 05:00:00,74.775
2023-09-28 13:00:00,73.325
2023-09-28 14:00:00,74.125
2023-09-28 15:00:00,74.6
2023-09-28 16:00:00,75.25
2023-09-28 17:00:00,74.775
2023-09-28 18:00:00,74.75
2023-09-29 05:00:00,71.025
2023-09-29 13:00:00,72.0
2023-09-29 14:00:00,71.425
2023-09-29 15:00:00,71.025
2023-09-29 16:00:00,71.025
2023-09-29 17:00:00,71.025
2023-09-29 18:00:00,71.025
2023-10-02 05:00:00,68.75
2023-10-02 13:00:00,68.9
2023-10-02 14:00:00,68.925
2023-10-02 15:00:00,68.85
2023-10-02 16:00:00,69.2
2023-10-02 17:00:00,68.75
2023-10-02 18:00:00,69.0
2023-10-03 05:00:00,68.325
2023-10-03 13:00:00,68.6
2023-10-03 14:00:00,68.55
2023-10-03 15:00:00,68.125
2023-10-03 16:00:00,67.85
2023-10-03 17:00:00,68.35
2023-10-03 18:00:00,68.35
2023-10-04 05:00:00,68.425
2023-10-04 13:00:00,68.05
2023-10-04 14:00:00,68.05
2023-10-04 15:00:00,68.85
2023-10-04 16:00:00,68.9
2023-10-04 17:00:00,68.4
2023-10-04 18:00:00,68.525
2023-10-05 05:00:00,71.525
2023-10-05 13:00:00,70.4
2023-10-05 14:00:00,70.75
2023-10-05 15:00:00,70.925
2023-10-05 16:00:00,71.575
2023-10-05 17:00:00,71.45
2023-10-05 18:00:00,71.425
2023-10-06 05:00:00,72.825
2023-10-06 13:00:00,72.025
2023-10-06 14:00:00,71.975
2023-10-06 15:00:00,72.35
2023-10-06 16:00:00,72.55
2023-10-06 17:00:00,72.8
2023-10-06 18:00:00,72.55
2023-10-09 05:00:00,71.725
2023-10-09 13:00:00,72.1
2023-10-09 14:00:00,71.825
2023-10-09 15:00:00,71.225
2023-10-09 16:00:00,71.5
2023-10-09 17:00:00,71.7
2023-10-09 18:00:00,71.625
2023-10-10 05:00:00,70.675
2023-10-10 13:00:00,72.025
2023-10-10 14:00:00,72.275
2023-10-10 15:00:00,71.775
2023-10-10 16:00:00,70.9
2023-10-10 17:00:00,70.725
2023-10-10 18:00:00,70.725
2023-10-11 05:00:00,69.225
2023-10-11 13:00:00,70.725
2023-10-11 14:00:00,70.3
2023-10-11 15:00:00,70.3
2023-10-11 16:00:00,70.125
2023-10-11 17:00:00,69.2
2023-10-11 18:00:00,69.225
2023-10-12 05:00:00,69.35
2023-10-12 13:00:00,68.55
2023-10-12 14:00:00,69.2
2023-10-12 15:00:00,69.125
2023-10-12 16:00:00,68.875
2023-10-12 17:00:00,69.325
2023-10-12 18:00:00,69.55
2023-10-13 05:00:00,68.75
2023-10-13 13:00:00,69.525
2023-10-13 14:00:00,69.075
2023-10-13 15:00:00,68.95
2023-10-13 16:00:00,68.7
2023-10-13 17:00:00,68.875
2023-10-13 18:00:00,68.825
2023-10-16 05:00:00,67.575
2023-10-16 13:00:00,68.625
2023-10-16 14:00:00,68.35
2023-10-16 15:00:00,68.025
2023-10-16 16:00:00,67.525
2023-10-16 17:00:00,67.575
2023-10-16 18:00:00,67.725
2023-10-17 05:00:00,66.55
2023-10-17 13:00:00,68.2
2023-10-17 14:00:00,67.325
2023-10-17 15:00:00,67.05
2023-10-17 16:00:00,66.9
2023-10-17 17:00:00,66.525
2023-10-17 18:00:00,66.625
2023-10-18 05:00:00,66.8
2023-10-18 13:00:00,66.475
2023-10-18 14:00:00,66.425
2023-10-18 15:00:00,66.4
2023-10-18 16:00:00,66.7
2023-10-18 17:00:00,66.85
2023-10-18 18:00:00,66.85
2023-10-19 05:00:00,66.825
2023-10-19 13:00:00,67.95
2023-10-19 14:00:00,67.225
2023-10-19 15:00:00,66.525
2023-10-19 16:00:00,66.7
2023-10-19 17:00:00,66.825
2023-10-19 18:00:00,66.85
2023-10-20 05:00:00,64.925
2023-10-20 13:00:00,65.7
2023-10-20 14:00:00,65.375
2023-10-20 15:00:00,64.925
2023-10-20 16:00:00,65.375
2023-10-20 17:00:00,64.875
2023-10-20 18:00:00,65.075
2023-10-23 05:00:00,64.7
2023-10-23 13:00:00,65.55
2023-10-23 14:00:00,64.75
2023-10-23 15:00:00,65.075
2023-10-23 16:00:00,64.725
2023-10-23 17:00:00,64.7
2023-10-23 18:00:00,64.7
2023-10-24 05:00:00,63.974999999999994
2023-10-24 13:00:00,64.775
2023-10-24 14:00:00,64.675
2023-10-24 15:00:00,64.325
2023-10-24 16:00:00,65.0
2023-10-24 17:00:00,64.0
2023-10-24 18:00:00,64.0
2023-10-25 05:00:00,65.2
2023-10-25 13:00:00,64.425
2023-10-25 14:00:00,63.900000000000006
2023-10-25 15:00:00,65.65
2023-10-25 16:00:00,65.125
2023-10-25 17:00:00,65.225
2023-10-25 18:00:00,65.25
2023-10-26 05:00:00,66.325
2023-10-26 13:00:00,65.8
2023-10-26 14:00:00,66.45
2023-10-26 15:00:00,66.35
2023-10-26 16:00:00,66.1
2023-10-26 17:00:00,66.225
2023-10-26 18:00:00,66.175
2023-10-27 05:00:00,68.0
2023-10-27 13:00:00,67.025
2023-10-27 14:00:00,67.25
2023-10-27 15:00:00,67.275
2023-10-27 16:00:00,67.5
2023-10-27 17:00:00,68.0
2023-10-27 18:00:00,67.825
2023-10-30 05:00:00,68.875
2023-10-30 13:00:00,69.025
2023-10-30 14:00:00,69.175
2023-10-30 15:00:00,68.925
2023-10-30 16:00:00,68.775
2023-10-30 17:00:00,68.925
2023-10-30 18:00:00,68.825
2023-10-31 05:00:00,69.375
2023-10-31 13:00:00,68.95
2023-10-31 14:00:00,69.25
2023-10-31 15:00:00,69.125
2023-10-31 16:00:00,69.225
2023-10-31 17:00:00,69.35
2023-10-31 18:00:00,69.1
2023-11-01 05:00:00,67.95
2023-11-01 13:00:00,69.45
2023-11-01 14:00:00,69.25
2023-11-01 15:00:00,69.375
2023-11-01 16:00:00,68.675
2023-11-01 17:00:00,68.0
2023-11-01 18:00:00,67.875
2023-11-02 05:00:00,70.725
2023-11-02 13:00:00,68.125
2023-11-02 14:00:00,69.35
2023-11-02 15:00:00,70.375
2023-11-02 16:00:00,70.575
2023-11-02 17:00:00,70.75
2023-11-02 18:00:00,70.525
2023-11-03 05:00:00,69.975
2023-11-03 13:00:00,70.55
2023-11-03 14:00:00,70.575
2023-11-03 15:00:00,70.225
2023-11-03 16:00:00,69.75
2023-11-03 17:00:00,70.1
2023-11-03 18:00:00,70.15
2023-11-06 06:00:00,70.45
2023-11-06 14:00:00,69.95
2023-11-06 15:00:00,70.35
2023-11-06 16:00:00,70.725
2023-11-06 17:00:00,70.5
2023-11-06 18:00:00,70.4
2023-11-06 19:00:00,70.35
2023-11-07 06:00:00,70.525
2023-11-07 14:00:00,72.125
2023-11-07 15:00:00,71.65
2023-11-07 16:00:00,71.425
2023-11-07 17:00:00,70.85
2023-11-07 18:00:00,70.45
2023-11-07 19:00:00,70.125
2023-11-08 06:00:00,69.35
2023-11-08 14:00:00,68.9
2023-11-08 15:00:00,68.65
2023-11-08 16:00:00,69.1
2023-11-08 17:00:00,68.55
2023-11-08 18:00:00,69.4
2023-11-08 19:00:00,69.6
2023-11-09 06:00:00,69.7
2023-11-09 14:00:00,69.3
2023-11-09 15:00:00,69.825
2023-11-09 16:00:00,69.925
2023-11-09 17:00:00,70.2
2023-11-09 18:00:00,69.725
2023-11-09 19:00:00,69.675
2023-11-10 06:00:00,70.075
2023-11-10 14:00:00,69.325
2023-11-10 15:00:00,69.95
2023-11-10 16:00:00,70.8
2023-11-10 17:00:00,70.55
2023-11-10 18:00:00,70.1
2023-11-10 19:00:00,70.15
2023-11-13 06:00:00,71.525
2023-11-13 14:00:00,70.7
2023-11-13 15:00:00,69.975
2023-11-13 16:00:00,71.65
2023-11-13 17:00:00,71.45
2023-11-13 18:00:00,71.475
2023-11-13 19:00:00,71.8
2023-11-14 06:00:00,70.425
2023-11-14 14:00:00,70.5
2023-11-14 15:00:00,70.425
2023-11-14 16:00:00,70.75
2023-11-14 17:00:00,70.575
2023-11-14 18:00:00,70.45
2023-11-14 19:00:00,70.45
2023-11-15 06:00:00,69.4
2023-11-15 14:00:00,70.625
2023-11-15 15:00:00,70.55
2023-11-15 16:00:00,70.1
2023-11-15 17:00:00,69.8
2023-11-15 18:00:00,69.4
2023-11-15 19:00:00,69.425
2023-11-16 06:00:00,70.125
2023-11-16 14:00:00,68.75
2023-11-16 15:00:00,68.925
2023-11-16 16:00:00,69.9
2023-11-16 17:00:00,69.575
2023-11-16 18:00:00,70.1
2023-11-16 19:00:00,70.0
2023-11-17 06:00:00,69.95
2023-11-17 14:00:00,69.75
2023-11-17 15:00:00,69.95
2023-11-17 16:00:00,70.2
2023-11-17 17:00:00,70.225
2023-11-17 18:00:00,69.95
2023-11-17 19:00:00,70.0
2023-11-20 06:00:00,69.55
2023-11-20 14:00:00,70.425
2023-11-20 15:00:00,70.175
2023-11-20 16:00:00,69.625
2023-11-20 17:00:00,69.45
2023-11-20 18:00:00,69.5
2023-11-20 19:00:00,69.475
2023-11-21 06:00:00,66.825
2023-11-21 14:00:00,67.25
2023-11-21 15:00:00,66.9
2023-11-21 16:00:00,66.65
2023-11-21 17:00:00,67.175
2023-11-21 18:00:00,66.8
2023-11-21 19:00:00,66.725
2023-11-22 06:00:00,66.325
2023-11-22 14:00:00,66.85
2023-11-22 15:00:00,66.5
2023-11-22 16:00:00,66.475
2023-11-22 17:00:00,66.225
2023-11-22 18:00:00,66.35
2023-11-22 19:00:00,66.325
2023-11-24 06:00:00,63.275000000000006
2023-11-24 14:00:00,64.45
2023-11-24 15:00:00,64.175
2023-11-24 16:00:00,63.3
2023-11-24 17:00:00,63.375
2023-11-24 18:00:00,63.525000000000006
2023-11-27 06:00:00,61.425
2023-11-27 14:00:00,63.425
2023-11-27 15:00:00,62.925
2023-11-27 16:00:00,62.325
2023-11-27 17:00:00,62.075
2023-11-27 18:00:00,61.425
2023-11-27 19:00:00,61.400000000000006
2023-11-28 06:00:00,63.525000000000006
2023-11-28 14:00:00,60.925
2023-11-28 15:00:00,63.2
2023-11-28 16:00:00,62.724999999999994
2023-11-28 17:00:00,63.375
2023-11-28 18:00:00,63.5
2023-11-28 19:00:00,63.474999999999994
2023-11-29 06:00:00,64.6
2023-11-29 14:00:00,63.125
2023-11-29 15:00:00,64.125
2023-11-29 16:00:00,64.875
2023-11-29 17:00:00,64.55
2023-11-29 18:00:00,64.55
2023-11-29 19:00:00,64.625
2023-11-30 06:00:00,65.975
2023-11-30 14:00:00,65.475
2023-11-30 15:00:00,65.425
2023-11-30 16:00:00,65.95
2023-11-30 17:00:00,65.875
2023-11-30 18:00:00,65.975
2023-11-30 19:00:00,66.025
2023-12-01 06:00:00,64.6
2023-12-01 14:00:00,65.325
2023-12-01 15:00:00,65.1
2023-12-01 16:00:00,65.275
2023-12-01 17:00:00,64.75
2023-12-01 18:00:00,64.6
2023-12-01 19:00:00,64.425
2023-12-04 06:00:00,65.3
2023-12-04 14:00:00,65.125
2023-12-04 15:00:00,66.1
2023-12-04 16:00:00,65.225
2023-12-04 17:00:00,64.775
2023-12-04 18:00:00,65.25
2023-12-04 19:00:00,65.225
2023-12-05 06:00:00,63.849999999999994
2023-12-05 14:00:00,63.75
2023-12-05 15:00:00,64.2
2023-12-05 16:00:00,64.275
2023-12-05 17:00:00,64.225
2023-12-05 18:00:00,63.875
2023-12-05 19:00:00,63.900000000000006
2023-12-06 06:00:00,63.8
2023-12-06 14:00:00,63.7
2023-12-06 15:00:00,63.349999999999994
2023-12-06 16:00:00,63.900000000000006
2023-12-06 17:00:00,63.925
2023-12-06 18:00:00,63.775000000000006
2023-12-06 19:00:00,63.825
2023-12-07 06:00:00,62.275000000000006
2023-12-07 14:00:00,62.525000000000006
2023-12-07 15:00:00,62.675
2023-12-07 16:00:00,62.599999999999994
2023-12-07 17:00:00,62.05
2023-12-07 18:00:00,62.25
2023-12-07 19:00:00,62.25
2023-12-08 06:00:00,63.474999999999994
2023-12-08 14:00:00,62.425
2023-12-08 15:00:00,62.55
2023-12-08 16:00:00,62.474999999999994
2023-12-08 17:00:00,63.075
2023-12-08 18:00:00,63.474999999999994
2023-12-08 19:00:00,63.25
2023-12-11 06:00:00,61.825
2023-12-11 14:00:00,64.05
2023-12-11 15:00:00,62.474999999999994
2023-12-11 16:00:00,62.425
2023-12-11 17:00:00,61.525000000000006
2023-12-11 18:00:00,61.900000000000006
2023-12-11 19:00:00,61.900000000000006
2023-12-12 06:00:00,62.75
2023-12-12 14:00:00,61.724999999999994
2023-12-12 15:00:00,62.599999999999994
2023-12-12 16:00:00,63.025000000000006
2023-12-12 17:00:00,62.650000000000006
2023-12-12 18:00:00,62.75
2023-12-12 19:00:00,62.675
2023-12-13 06:00:00,61.224999999999994
2023-12-13 14:00:00,60.875
2023-12-13 15:00:00,60.95
2023-12-13 16:00:00,62.3
2023-12-13 17:00:00,62.325
2023-12-13 18:00:00,61.224999999999994
2023-12-13 19:00:00,61.375
2023-12-14 06:00:00,64.975
2023-12-14 14:00:00,64.05
2023-12-14 15:00:00,64.6
2023-12-14 16:00:00,64.77499999999999
2023-12-14 17:00:00,64.85
2023-12-14 18:00:00,64.975
2023-12-14 19:00:00,64.875
2023-12-15 06:00:00,66.475
2023-12-15 14:00:00,64.925
2023-12-15 15:00:00,64.89999999999999
2023-12-15 16:00:00,65.44999999999999
2023-12-15 17:00:00,66.125
2023-12-15 18:00:00,66.5
2023-12-15 19:00:00,66.3
2023-12-18 06:00:00,66.425
2023-12-18 14:00:00,66.27499999999999
2023-12-18 15:00:00,66.39999999999999
2023-12-18 16:00:00,66.02499999999999
2023-12-18 17:00:00,66.07499999999999
2023-12-18 18:00:00,66.425
2023-12-18 19:00:00,66.425
2023-12-19 06:00:00,65.44999999999999
2023-12-19 14:00:00,65.75
2023-12-19 15:00:00,65.57499999999999
2023-12-19 16:00:00,65.69999999999999
2023-12-19 17:00:00,65.1
2023-12-19 18:00:00,65.39999999999999
2023-12-19 19:00:00,65.425
2023-12-20 06:00:00,64.77499999999999
2023-12-20 14:00:00,64.875
2023-12-20 15:00:00,65.3
2023-12-20 16:00:00,64.77499999999999
2023-12-20 17:00:00,64.875
2023-12-20 18:00:00,64.75
2023-12-20 19:00:00,64.82499999999999
2023-12-21 06:00:00,64.8
2023-12-21 14:00:00,65.225
2023-12-21 15:00:00,64.75
2023-12-21 16:00:00,64.32499999999999
2023-12-21 17:00:00,64.5
2023-12-21 18:00:00,64.8
2023-12-21 19:00:00,64.85
2023-12-22 06:00:00,65.425
2023-12-22 14:00:00,65.725
2023-12-22 15:00:00,65.625
2023-12-22 16:00:00,65.625
2023-12-22 17:00:00,65.82499999999999
2023-12-22 18:00:00,65.35
2023-12-22 19:00:00,65.35
2023-12-26 06:00:00,63.925
2023-12-26 14:00:00,64.64999999999999
2023-12-26 15:00:00,64.3
2023-12-26 16:00:00,64.14999999999999
2023-12-26 17:00:00,63.925
2023-12-26 18:00:00,63.94999999999999
2023-12-26 19:00:00,63.974999999999994
2023-12-27 06:00:00,63.77499999999999
2023-12-27 14:00:00,63.77499999999999
2023-12-27 15:00:00,63.14999999999999
2023-12-27 16:00:00,63.425
2023-12-27 17:00:00,63.599999999999994
2023-12-27 18:00:00,63.75
2023-12-27 19:00:00,63.925
2023-12-28 06:00:00,62.849999999999994
2023-12-28 14:00:00,64.05
2023-12-28 15:00:00,63.675
2023-12-28 16:00:00,63.25
2023-12-28 17:00:00,62.55
2023-12-28 18:00:00,62.82499999999999
2023-12-28 19:00:00,62.89999999999999
2023-12-29 06:00:00,62.69999999999999
2023-12-29 14:00:00,63.07499999999999
2023-12-29 15:00:00,62.925
2023-12-29 16:00:00,62.349999999999994
2023-12-29 17:00:00,62.8
2023-12-29 18:00:00,62.675
2023-12-29 19:00:00,62.8
2024-01-02 06:00:00,60.349999999999994
2024-01-02 14:00:00,62.425
2024-01-02 15:00:00,61.8
2024-01-02 16:00:00,61.375
2024-01-02 17:00:00,60.27499999999999
2024-01-02 18:00:00,60.375
2024-01-02 19:00:00,60.57499999999999
2024-01-03 06:00:00,60.05
2024-01-03 14:00:00,60.675
2024-01-03 15:00:00,60.44999999999999
2024-01-03 16:00:00,60.175
2024-01-03 17:00:00,60.349999999999994
2024-01-03 18:00:00,60.0
2024-01-03 19:00:00,59.89999999999999
2024-01-04 06:00:00,62.8
2024-01-04 14:00:00,60.625
2024-01-04 15:00:00,61.05
2024-01-04 16:00:00,61.32499999999999
2024-01-04 17:00:00,62.02499999999999
2024-01-04 18:00:00,62.849999999999994
2024-01-04 19:00:00,62.82499999999999
2024-01-05 06:00:00,64.225
2024-01-05 14:00:00,63.75
2024-01-05 15:00:00,63.39999999999999
2024-01-05 16:00:00,63.55
2024-01-05 17:00:00,63.64999999999999
2024-01-05 18:00:00,64.27499999999999
2024-01-05 19:00:00,64.07499999999999
2024-01-08 06:00:00,65.375
2024-01-08 14:00:00,64.5
2024-01-08 15:00:00,64.82499999999999
2024-01-08 16:00:00,64.425
2024-01-08 17:00:00,65.27499999999999
2024-01-08 18:00:00,65.35
2024-01-08 19:00:00,65.3
2024-01-09 06:00:00,66.35
2024-01-09 14:00:00,65.64999999999999
2024-01-09 15:00:00,66.55
2024-01-09 16:00:00,66.64999999999999
2024-01-09 17:00:00,66.6
2024-01-09 18:00:00,66.27499999999999
2024-01-09 19:00:00,66.32499999999999
2024-01-10 06:00:00,66.8
2024-01-10 14:00:00,66.05
2024-01-10 15:00:00,65.85
2024-01-10 16:00:00,66.375
2024-01-10 17:00:00,66.19999999999999
2024-01-10 18:00:00,66.8
2024-01-10 19:00:00,66.75
2024-01-11 06:00:00,66.89999999999999
2024-01-11 14:00:00,66.27499999999999
2024-01-11 15:00:00,66.64999999999999
2024-01-11 16:00:00,66.52499999999999
2024-01-11 17:00:00,66.8
2024-01-11 18:00:00,66.875
2024-01-11 19:00:00,67.02499999999999
2024-01-12 06:00:00,66.475
2024-01-12 14:00:00,65.94999999999999
2024-01-12 15:00:00,65.94999999999999
2024-01-12 16:00:00,66.35
2024-01-12 17:00:00,66.55
2024-01-12 18:00:00,66.425
2024-01-12 19:00:00,66.425
2024-01-16 06:00:00,65.425
2024-01-16 14:00:00,65.925
2024-01-16 15:00:00,65.6
2024-01-16 16:00:00,65.125
2024-01-16 17:00:00,65.0
2024-01-16 18:00:00,65.39999999999999
2024-01-16 19:00:00,65.39999999999999
2024-01-17 06:00:00,65.82499999999999
2024-01-17 14:00:00,65.175
2024-01-17 15:00:00,65.07499999999999
2024-01-17 16:00:00,65.0
2024-01-17 17:00:00,65.55
2024-01-17 18:00:00,65.82499999999999
2024-01-17 19:00:00,65.94999999999999
2024-01-18 06:00:00,66.3
2024-01-18 14:00:00,65.75
2024-01-18 15:00:00,66.35
2024-01-18 16:00:00,66.225
2024-01-18 17:00:00,66.32499999999999
2024-01-18 18:00:00,66.32499999999999
2024-01-18 19:00:00,66.25
2024-01-19 06:00:00,66.0
2024-01-19 14:00:00,65.85
2024-01-19 15:00:00,66.14999999999999
2024-01-19 16:00:00,66.02499999999999
2024-01-19 17:00:00,66.32499999999999
2024-01-19 18:00:00,66.02499999999999
2024-01-19 19:00:00,66.05
2024-01-22 06:00:00,65.475
2024-01-22 14:00:00,65.57499999999999
2024-01-22 15:00:00,65.6
2024-01-22 16:00:00,65.3
2024-01-22 17:00:00,65.27499999999999
2024-01-22 18:00:00,65.44999999999999
2024-01-22 19:00:00,65.425
2024-01-23 06:00:00,68.175
2024-01-23 14:00:00,65.82499999999999
2024-01-23 15:00:00,67.64999999999999
2024-01-23 16:00:00,68.02499999999999
2024-01-23 17:00:00,68.14999999999999
2024-01-23 18:00:00,68.1
2024-01-23 19:00:00,68.225
2024-01-24 06:00:00,69.875
2024-01-24 14:00:00,68.5
2024-01-24 15:00:00,69.0
2024-01-24 16:00:00,69.44999999999999
2024-01-24 17:00:00,69.64999999999999
2024-01-24 18:00:00,69.875
2024-01-24 19:00:00,70.0
2024-01-25 06:00:00,70.39999999999999
2024-01-25 14:00:00,70.375
2024-01-25 15:00:00,70.07499999999999
2024-01-25 16:00:00,70.44999999999999
2024-01-25 17:00:00,70.14999999999999
2024-01-25 18:00:00,70.425
2024-01-25 19:00:00,70.32499999999999
2024-01-26 06:00:00,71.1
2024-01-26 14:00:00,70.52499999999999
2024-01-26 15:00:00,70.75
2024-01-26 16:00:00,71.77499999999999
2024-01-26 17:00:00,71.35
2024-01-26 18:00:00,71.125
2024-01-26 19:00:00,71.05
2024-01-29 06:00:00,71.27499999999999
2024-01-29 14:00:00,70.82499999999999
2024-01-29 15:00:00,71.1
2024-01-29 16:00:00,71.225
2024-01-29 17:00:00,71.1
2024-01-29 18:00:00,71.3
2024-01-29 19:00:00,71.27499999999999
2024-01-30 06:00:00,72.75
2024-01-30 14:00:00,72.625
2024-01-30 15:00:00,73.25
2024-01-30 16:00:00,73.725
2024-01-30 17:00:00,73.19999999999999
2024-01-30 18:00:00,72.8
2024-01-30 19:00:00,72.25
2024-01-31 06:00:00,72.675
2024-01-31 14:00:00,72.6
2024-01-31 15:00:00,72.69999999999999
2024-01-31 16:00:00,73.05
2024-01-31 17:00:00,72.85
2024-01-31 18:00:00,72.69999999999999
2024-01-31 19:00:00,72.82499999999999
2024-02-01 06:00:00,71.6
2024-02-01 14:00:00,72.57499999999999
2024-02-01 15:00:00,71.175
2024-02-01 16:00:00,70.975
2024-02-01 17:00:00,71.0
2024-02-01 18:00:00,71.64999999999999
2024-02-01 19:00:00,71.82499999999999
2024-02-02 06:00:00,71.675
2024-02-02 14:00:00,71.3
2024-02-02 15:00:00,71.675
2024-02-02 16:00:00,71.625
2024-02-02 17:00:00,71.82499999999999
2024-02-02 18:00:00,71.69999999999999
2024-02-02 19:00:00,71.625
2024-02-05 06:00:00,70.05
2024-02-05 14:00:00,70.02499999999999
2024-02-05 15:00:00,71.125
2024-02-05 16:00:00,70.89999999999999
2024-02-05 17:00:00,70.57499999999999
2024-02-05 18:00:00,70.07499999999999
2024-02-05 19:00:00,70.19999999999999
2024-02-06 06:00:00,69.1
2024-02-06 14:00:00,69.5
2024-02-06 15:00:00,69.02499999999999
2024-02-06 16:00:00,69.14999999999999
2024-02-06 17:00:00,69.05
2024-02-06 18:00:00,69.1
2024-02-06 19:00:00,69.19999999999999
2024-02-07 06:00:00,68.94999999999999
2024-02-07 14:00:00,70.625
2024-02-07 15:00:00,70.82499999999999
2024-02-07 16:00:00,70.19999999999999
2024-02-07 17:00:00,69.475
2024-02-07 18:00:00,69.0
2024-02-07 19:00:00,69.02499999999999
2024-02-08 06:00:00,68.19999999999999
2024-02-08 14:00:00,68.8
2024-02-08 15:00:00,67.875
2024-02-08 16:00:00,67.94999999999999
2024-02-08 17:00:00,67.875
2024-02-08 18:00:00,68.225
2024-02-08 19:00:00,68.3
2024-02-09 06:00:00,69.0
2024-02-09 14:00:00,70.07499999999999
2024-02-09 15:00:00,69.475
2024-02-09 16:00:00,69.3
2024-02-09 17:00:00,69.14999999999999
2024-02-09 18:00:00,69.02499999999999
2024-02-09 19:00:00,69.07499999999999
2024-02-12 06:00:00,68.975
2024-02-12 14:00:00,68.77499999999999
2024-02-12 15:00:00,68.44999999999999
2024-02-12 16:00:00,68.975
2024-02-12 17:00:00,68.69999999999999
2024-02-12 18:00:00,69.05
2024-02-12 19:00:00,68.975
2024-02-13 06:00:00,68.925
2024-02-13 14:00:00,68.64999999999999
2024-02-13 15:00:00,69.125
2024-02-13 16:00:00,68.75
2024-02-13 17:00:00,68.94999999999999
2024-02-13 18:00:00,68.94999999999999
2024-02-13 19:00:00,68.925
2024-02-14 06:00:00,72.375
2024-02-14 14:00:00,71.75
2024-02-14 15:00:00,72.17500000000001
2024-02-14 16:00:00,72.625
2024-02-14 17:00:00,72.30000000000001
2024-02-14 18:00:00,72.0
2024-02-14 19:00:00,71.95
2024-02-15 06:00:00,72.97500000000001
2024-02-15 14:00:00,72.025
2024-02-15 15:00:00,73.0
2024-02-15 16:00:00,73.22500000000001
2024-02-15 17:00:00,73.22500000000001
2024-02-15 18:00:00,72.95
2024-02-15 19:00:00,72.92500000000001
2024-02-16 06:00:00,73.025
2024-02-16 14:00:00,72.575
2024-02-16 15:00:00,72.85000000000001
2024-02-16 16:00:00,73.05000000000001
2024-02-16 17:00:00,73.275
2024-02-16 18:00:00,73.025
2024-02-16 19:00:00,72.92500000000001
2024-02-20 06:00:00,73.45
2024-02-20 14:00:00,73.92500000000001
2024-02-20 15:00:00,73.575
2024-02-20 16:00:00,73.47500000000001
2024-02-20 17:00:00,73.275
2024-02-20 18:00:00,73.4
2024-02-20 19:00:00,73.375
2024-02-21 06:00:00,73.25
2024-02-21 14:00:00,73.525
2024-02-21 15:00:00,73.42500000000001
2024-02-21 16:00:00,73.025
2024-02-21 17:00:00,73.275
2024-02-21 18:00:00,73.25
2024-02-21 19:00:00,73.4
2024-02-22 06:00:00,74.2
2024-02-22 14:00:00,73.80000000000001
2024-02-22 15:00:00,74.60000000000001
2024-02-22 16:00:00,74.95
2024-02-22 17:00:00,74.775
2024-02-22 18:00:00,74.2
2024-02-22 19:00:00,74.275
2024-02-23 06:00:00,74.65
2024-02-23 14:00:00,74.67500000000001
2024-02-23 15:00:00,74.95
2024-02-23 16:00:00,75.05000000000001
2024-02-23 17:00:00,74.825
2024-02-23 18:00:00,74.65
2024-02-23 19:00:00,74.575
2024-02-26 06:00:00,75.125
2024-02-26 14:00:00,74.5
2024-02-26 15:00:00,75.0
2024-02-26 16:00:00,75.4
2024-02-26 17:00:00,75.075
2024-02-26 18:00:00,75.125
2024-02-26 19:00:00,75.2
2024-02-27 06:00:00,74.60000000000001
2024-02-27 14:00:00,75.4
2024-02-27 15:00:00,74.97500000000001
2024-02-27 16:00:00,74.875
2024-02-27 17:00:00,74.575
2024-02-27 18:00:00,74.625
2024-02-27 19:00:00,74.72500000000001
2024-02-28 06:00:00,74.825
2024-02-28 14:00:00,74.575
2024-02-28 15:00:00,75.17500000000001
2024-02-28 16:00:00,75.65
2024-02-28 17:00:00,75.075
2024-02-28 18:00:00,74.825
2024-02-28 19:00:00,74.80000000000001
2024-02-29 06:00:00,75.47500000000001
2024-02-29 14:00:00,75.2
2024-02-29 15:00:00,75.525
2024-02-29 16:00:00,76.15
2024-02-29 17:00:00,75.80000000000001
2024-02-29 18:00:00,75.45
2024-02-29 19:00:00,75.65
2024-03-01 06:00:00,77.325
2024-03-01 14:00:00,75.525
2024-03-01 15:00:00,75.30000000000001
2024-03-01 16:00:00,76.2
2024-03-01 17:00:00,76.5
2024-03-01 18:00:00,77.45
2024-03-01 19:00:00,77.17500000000001
2024-03-04 06:00:00,77.4
2024-03-04 14:00:00,77.05000000000001
2024-03-04 15:00:00,77.47500000000001
2024-03-04 16:00:00,77.30000000000001
2024-03-04 17:00:00,77.5
2024-03-04 18:00:00,77.375
2024-03-04 19:00:00,77.375
2024-03-05 06:00:00,76.875
2024-03-05 14:00:00,77.7
2024-03-05 15:00:00,76.7
2024-03-05 16:00:00,76.47500000000001
2024-03-05 17:00:00,76.80000000000001
2024-03-05 18:00:00,77.0
2024-03-05 19:00:00,77.025
2024-03-06 06:00:00,75.775
2024-03-06 14:00:00,76.325
2024-03-06 15:00:00,76.25
2024-03-06 16:00:00,75.67500000000001
2024-03-06 17:00:00,75.325
2024-03-06 18:00:00,75.75
2024-03-06 19:00:00,76.0
2024-03-07 06:00:00,76.42500000000001
2024-03-07 14:00:00,75.97500000000001
2024-03-07 15:00:00,76.125
2024-03-07 16:00:00,76.025
2024-03-07 17:00:00,76.5
2024-03-07 18:00:00,76.375
2024-03-07 19:00:00,76.4
2024-03-08 06:00:00,77.10000000000001
2024-03-08 14:00:00,76.875
2024-03-08 15:00:00,76.5
2024-03-08 16:00:00,76.75
2024-03-08 17:00:00,77.15
2024-03-08 18:00:00,77.0
2024-03-08 19:00:00,77.15
2024-03-11 05:00:00,76.325
2024-03-11 13:00:00,76.80000000000001
2024-03-11 14:00:00,76.80000000000001
2024-03-11 15:00:00,76.72500000000001
2024-03-11 16:00:00,77.375
2024-03-11 17:00:00,76.42500000000001
2024-03-11 18:00:00,76.4
2024-03-12 05:00:00,77.47500000000001
2024-03-12 13:00:00,75.775
2024-03-12 14:00:00,76.10000000000001
2024-03-12 15:00:00,76.5
2024-03-12 16:00:00,77.55000000000001
2024-03-12 17:00:00,77.30000000000001
2024-03-12 18:00:00,77.35000000000001
2024-03-13 05:00:00,77.0
2024-03-13 13:00:00,76.30000000000001
2024-03-13 14:00:00,76.075
2024-03-13 15:00:00,76.9
2024-03-13 16:00:00,76.75
2024-03-13 17:00:00,77.075
2024-03-13 18:00:00,77.10000000000001
2024-03-14 05:00:00,76.7
2024-03-14 13:00:00,76.9
2024-03-14 14:00:00,76.5
2024-03-14 15:00:00,76.9
2024-03-14 16:00:00,76.65
2024-03-14 17:00:00,76.80000000000001
2024-03-14 18:00:00,76.5
2024-03-15 05:00:00,77.75
2024-03-15 13:00:00,76.85000000000001
2024-03-15 14:00:00,77.325
2024-03-15 15:00:00,77.25
2024-03-15 16:00:00,77.55000000000001
2024-03-15 17:00:00,77.75
2024-03-15 18:00:00,77.60000000000001
2024-03-18 05:00:00,78.30000000000001
2024-03-18 13:00:00,78.025
2024-03-18 14:00:00,78.0
2024-03-18 15:00:00,78.15
2024-03-18 16:00:00,77.7
2024-03-18 17:00:00,78.45
2024-03-18 18:00:00,78.25
2024-03-19 05:00:00,76.525
2024-03-19 13:00:00,76.42500000000001
2024-03-19 14:00:00,76.25
2024-03-19 15:00:00,75.575
2024-03-19 16:00:00,76.625
2024-03-19 17:00:00,76.525
2024-03-19 18:00:00,76.575
2024-03-20 05:00:00,75.9
2024-03-20 13:00:00,76.05000000000001
2024-03-20 14:00:00,77.17500000000001
2024-03-20 15:00:00,77.05000000000001
2024-03-20 16:00:00,75.67500000000001
2024-03-20 17:00:00,75.92500000000001
2024-03-20 18:00:00,75.9
2024-03-21 05:00:00,74.575
2024-03-21 13:00:00,74.80000000000001
2024-03-21 14:00:00,75.625
2024-03-21 15:00:00,74.60000000000001
2024-03-21 16:00:00,74.25
2024-03-21 17:00:00,74.60000000000001
2024-03-21 18:00:00,74.575
2024-03-22 05:00:00,74.97500000000001
2024-03-22 13:00:00,75.5
2024-03-22 14:00:00,74.125
2024-03-22 15:00:00,74.97500000000001
2024-03-22 16:00:00,75.275
2024-03-22 17:00:00,74.97500000000001
2024-03-22 18:00:00,74.92500000000001
2024-03-25 05:00:00,76.95
2024-03-25 13:00:00,75.92500000000001
2024-03-25 14:00:00,76.325
2024-03-25 15:00:00,76.72500000000001
2024-03-25 16:00:00,76.67500000000001
2024-03-25 17:00:00,76.9
2024-03-25 18:00:00,77.0
2024-03-26 05:00:00,76.625
2024-03-26 13:00:00,77.9
2024-03-26 14:00:00,77.05000000000001
2024-03-26 15:00:00,77.375
2024-03-26 16:00:00,77.42500000000001
2024-03-26 17:00:00,76.67500000000001
2024-03-26 18:00:00,76.85000000000001
2024-03-27 05:00:00,76.875
2024-03-27 13:00:00,76.825
2024-03-27 14:00:00,76.85000000000001
2024-03-27 15:00:00,77.075
2024-03-27 16:00:00,76.97500000000001
2024-03-27 17:00:00,76.85000000000001
2024-03-27 18:00:00,76.97500000000001
2024-03-28 05:00:00,76.72500000000001
2024-03-28 13:00:00,77.2
2024-03-28 14:00:00,76.60000000000001
2024-03-28 15:00:00,76.67500000000001
2024-03-28 16:00:00,77.0
2024-03-28 17:00:00,76.67500000000001
2024-03-28 18:00:00,76.67500000000001
2024-04-01 05:00:00,78.775
2024-04-01 13:00:00,77.42500000000001
2024-04-01 14:00:00,78.275
2024-04-01 15:00:00,79.2
2024-04-01 16:00:00,78.80000000000001
2024-04-01 17:00:00,78.80000000000001
2024-04-01 18:00:00,78.75
2024-04-02 05:00:00,79.0
2024-04-02 13:00:00,79.22500000000001
2024-04-02 14:00:00,79.7
2024-04-02 15:00:00,79.4
2024-04-02 16:00:00,78.65
2024-04-02 17:00:00,78.97500000000001
2024-04-02 18:00:00,78.92500000000001
2024-04-03 05:00:00,80.025
2024-04-03 13:00:00,80.05000000000001
2024-04-03 14:00:00,80.7
2024-04-03 15:00:00,79.45
2024-04-03 16:00:00,79.85000000000001
2024-04-03 17:00:00,80.025
2024-04-03 18:00:00,80.05000000000001
2024-04-04 05:00:00,80.275
2024-04-04 13:00:00,79.825
2024-04-04 14:00:00,80.4
2024-04-04 15:00:00,80.15
2024-04-04 16:00:00,80.10000000000001
2024-04-04 17:00:00,80.2
2024-04-04 18:00:00,80.25
2024-04-05 05:00:00,83.17500000000001
2024-04-05 13:00:00,80.875
2024-04-05 14:00:00,81.9
2024-04-05 15:00:00,82.875
2024-04-05 16:00:00,82.75
2024-04-05 17:00:00,83.2
2024-04-05 18:00:00,83.17500000000001
2024-04-08 05:00:00,83.2
2024-04-08 13:00:00,82.10000000000001
2024-04-08 14:00:00,82.30000000000001
2024-04-08 15:00:00,82.65
2024-04-08 16:00:00,82.9
2024-04-08 17:00:00,83.17500000000001
2024-04-08 18:00:00,83.25
2024-04-09 05:00:00,83.85000000000001
2024-04-09 13:00:00,84.125
2024-04-09 14:00:00,83.22500000000001
2024-04-09 15:00:00,83.45
2024-04-09 16:00:00,83.45
2024-04-09 17:00:00,83.95
2024-04-09 18:00:00,83.80000000000001
2024-04-10 05:00:00,80.825
2024-04-10 13:00:00,83.15
2024-04-10 14:00:00,82.65
2024-04-10 15:00:00,80.45
2024-04-10 16:00:00,80.60000000000001
2024-04-10 17:00:00,80.875
2024-04-10 18:00:00,80.92500000000001
2024-04-11 05:00:00,81.075
2024-04-11 13:00:00,81.35000000000001
2024-04-11 14:00:00,81.45
2024-04-11 15:00:00,81.325
2024-04-11 16:00:00,81.325
2024-04-11 17:00:00,81.05000000000001
2024-04-11 18:00:00,80.97500000000001
2024-04-12 05:00:00,77.35000000000001
2024-04-12 13:00:00,80.525
2024-04-12 14:00:00,77.97500000000001
2024-04-12 15:00:00,77.62500000000001
2024-04-12 16:00:00,77.60000000000001
2024-04-12 17:00:00,77.67500000000001
2024-04-12 18:00:00,77.50000000000001
2024-04-15 05:00:00,77.22500000000001
2024-04-15 13:00:00,77.025
2024-04-15 14:00:00,76.2
2024-04-15 15:00:00,77.12500000000001
2024-04-15 16:00:00,76.65
2024-04-15 17:00:00,77.22500000000001
2024-04-15 18:00:00,77.2
2024-04-16 05:00:00,77.50000000000001
2024-04-16 13:00:00,77.4
2024-04-16 14:00:00,77.97500000000001
2024-04-16 15:00:00,77.525
2024-04-16 16:00:00,77.37500000000001
2024-04-16 17:00:00,77.525
2024-04-16 18:00:00,77.325
2024-04-17 05:00:00,77.775
2024-04-17 13:00:00,77.60000000000001
2024-04-17 14:00:00,77.60000000000001
2024-04-17 15:00:00,77.825
2024-04-17 16:00:00,77.42500000000001
2024-04-17 17:00:00,77.75000000000001
2024-04-17 18:00:00,77.575
2024-04-18 05:00:00,77.825
2024-04-18 13:00:00,76.67500000000001
2024-04-18 14:00:00,76.60000000000001
2024-04-18 15:00:00,76.7
2024-04-18 16:00:00,77.25000000000001
2024-04-18 17:00:00,77.85000000000001
2024-04-18 18:00:00,77.72500000000001
2024-04-19 05:00:00,79.95
2024-04-19 13:00:00,77.87500000000001
2024-04-19 14:00:00,79.47500000000001
2024-04-19 15:00:00,79.67500000000001
2024-04-19 16:00:00,79.62500000000001
2024-04-19 17:00:00,79.95
2024-04-19 18:00:00,79.97500000000001
2024-04-22 05:00:00,81.15
2024-04-22 13:00:00,79.87500000000001
2024-04-22 14:00:00,80.87500000000001
2024-04-22 15:00:00,80.97500000000001
2024-04-22 16:00:00,81.35000000000001
2024-04-22 17:00:00,81.17500000000001
2024-04-22 18:00:00,81.075
2024-04-23 05:00:00,83.42500000000001
2024-04-23 13:00:00,81.575
2024-04-23 14:00:00,82.17500000000001
2024-04-23 15:00:00,83.10000000000001
2024-04-23 16:00:00,83.22500000000001
2024-04-23 17:00:00,83.275
2024-04-23 18:00:00,83.17500000000001
2024-04-24 05:00:00,83.325
2024-04-24 13:00:00,83.00000000000001
2024-04-24 14:00:00,83.45
2024-04-24 15:00:00,83.42500000000001
2024-04-24 16:00:00,83.50000000000001
2024-04-24 17:00:00,83.4
2024-04-24 18:00:00,83.47500000000001
2024-04-25 05:00:00,81.275
2024-04-25 13:00:00,81.12500000000001
2024-04-25 14:00:00,82.05000000000001
2024-04-25 15:00:00,81.525
2024-04-25 16:00:00,81.4
2024-04-25 17:00:00,81.275
2024-04-25 18:00:00,81.37500000000001
2024-04-26 05:00:00,79.42500000000001
2024-04-26 13:00:00,80.12500000000001
2024-04-26 14:00:00,79.95
2024-04-26 15:00:00,79.525
2024-04-26 16:00:00,79.50000000000001
2024-04-26 17:00:00,79.37500000000001
2024-04-26 18:00:00,79.35000000000001
2024-04-29 05:00:00,78.92500000000001
2024-04-29 13:00:00,78.4
2024-04-29 14:00:00,78.525
2024-04-29 15:00:00,78.65
2024-04-29 16:00:00,79.00000000000001
2024-04-29 17:00:00,78.92500000000001
2024-04-29 18:00:00,79.00000000000001
2024-04-30 05:00:00,78.9
2024-04-30 13:00:00,79.4
2024-04-30 14:00:00,78.775
2024-04-30 15:00:00,78.65
2024-04-30 16:00:00,78.72500000000001
2024-04-30 17:00:00,78.95
2024-04-30 18:00:00,79.17500000000001
2024-05-01 05:00:00,77.10000000000001
2024-05-01 13:00:00,79.7
2024-05-01 14:00:00,78.075
2024-05-01 15:00:00,77.55000000000001
2024-05-01 16:00:00,77.42500000000001
2024-05-01 17:00:00,77.10000000000001
2024-05-01 18:00:00,77.30000000000001
2024-05-02 05:00:00,77.00000000000001
2024-05-02 13:00:00,76.45
2024-05-02 14:00:00,76.72500000000001
2024-05-02 15:00:00,77.025
2024-05-02 16:00:00,76.97500000000001
2024-05-02 17:00:00,76.97500000000001
2024-05-02 18:00:00,76.85000000000001
2024-05-03 05:00:00,76.325
2024-05-03 13:00:00,76.55000000000001
2024-05-03 14:00:00,76.15
2024-05-03 15:00:00,76.575
2024-05-03 16:00:00,76.60000000000001
2024-05-03 17:00:00,76.30000000000001
2024-05-03 18:00:00,76.525
2024-05-06 05:00:00,75.62500000000001
2024-05-06 13:00:00,76.05000000000001
2024-05-06 14:00:00,75.575
2024-05-06 15:00:00,75.72500000000001
2024-05-06 16:00:00,75.55000000000001
2024-05-06 17:00:00,75.60000000000001
2024-05-06 18:00:00,75.72500000000001
2024-05-07 05:00:00,75.97500000000001
2024-05-07 13:00:00,77.30000000000001
2024-05-07 14:00:00,76.87500000000001
2024-05-07 15:00:00,77.15
2024-05-07 16:00:00,76.2
2024-05-07 17:00:00,76.075
2024-05-07 18:00:00,75.87500000000001
2024-05-08 05:00:00,75.92500000000001
2024-05-08 13:00:00,75.35000000000001
2024-05-08 14:00:00,75.25000000000001
2024-05-08 15:00:00,74.85000000000001
2024-05-08 16:00:00,76.075
2024-05-08 17:00:00,76.00000000000001
2024-05-08 18:00:00,75.92500000000001
2024-05-09 05:00:00,74.525
2024-05-09 13:00:00,75.775
2024-05-09 14:00:00,75.50000000000001
2024-05-09 15:00:00,75.17500000000001
2024-05-09 16:00:00,74.825
2024-05-09 17:00:00,74.50000000000001
2024-05-09 18:00:00,74.37500000000001
2024-05-10 05:00:00,74.92500000000001
2024-05-10 13:00:00,75.825
2024-05-10 14:00:00,75.9
2024-05-10 15:00:00,75.825
2024-05-10 16:00:00,75.42500000000001
2024-05-10 17:00:00,75.025
2024-05-10 18:00:00,74.9
2024-05-13 05:00:00,73.525
2024-05-13 13:00:00,75.67500000000001
2024-05-13 14:00:00,75.25000000000001
2024-05-13 15:00:00,74.525
2024-05-13 16:00:00,74.00000000000001
2024-05-13 17:00:00,73.42500000000001
2024-05-13 18:00:00,73.47500000000001
2024-05-14 05:00:00,74.4
2024-05-14 13:00:00,75.025
2024-05-14 14:00:00,74.2
2024-05-14 15:00:00,74.15
2024-05-14 16:00:00,74.325
2024-05-14 17:00:00,74.37500000000001
2024-05-14 18:00:00,74.45
2024-05-15 05:00:00,74.35000000000001
2024-05-15 13:00:00,74.2
2024-05-15 14:00:00,74.025
2024-05-15 15:00:00,74.125
2024-05-15 16:00:00,74.3
2024-05-15 17:00:00,74.4
2024-05-15 18:00:00,74.22500000000001
2024-05-16 05:00:00,75.125
2024-05-16 13:00:00,73.7
2024-05-16 14:00:00,74.8
2024-05-16 15:00:00,76.05
2024-05-16 16:00:00,75.5
2024-05-16 17:00:00,75.2
2024-05-16 18:00:00,75.175
2024-05-17 05:00:00,73.8
2024-05-17 13:00:00,74.25
2024-05-17 14:00:00,73.825
2024-05-17 15:00:00,73.775
2024-05-17 16:00:00,73.55
2024-05-17 17:00:00,73.825
2024-05-17 18:00:00,73.875
2024-05-20 05:00:00,73.525
2024-05-20 13:00:00,74.10000000000001
2024-05-20 14:00:00,73.65
2024-05-20 15:00:00,73.55
2024-05-20 16:00:00,73.45
2024-05-20 17:00:00,73.525
2024-05-20 18:00:00,73.45
2024-05-21 05:00:00,72.9
2024-05-21 13:00:00,72.55
2024-05-21 14:00:00,72.75
2024-05-21 15:00:00,72.9
2024-05-21 16:00:00,72.85000000000001
2024-05-21 17:00:00,72.95
2024-05-21 18:00:00,73.15
2024-05-22 05:00:00,71.875
2024-05-22 13:00:00,72.10000000000001
2024-05-22 14:00:00,71.625
2024-05-22 15:00:00,71.575
2024-05-22 16:00:00,71.9
2024-05-22 17:00:00,71.85000000000001
2024-05-22 18:00:00,71.85000000000001
2024-05-23 05:00:00,71.35000000000001
2024-05-23 13:00:00,72.45
2024-05-23 14:00:00,71.85000000000001
2024-05-23 15:00:00,71.25
2024-05-23 16:00:00,71.35000000000001
2024-05-23 17:00:00,71.325
2024-05-23 18:00:00,71.375
2024-05-24 05:00:00,71.22500000000001
2024-05-24 13:00:00,71.22500000000001
2024-05-24 14:00:00,70.925
2024-05-24 15:00:00,71.10000000000001
2024-05-24 16:00:00,71.325
2024-05-24 17:00:00,71.15
2024-05-24 18:00:00,71.375
2024-05-28 05:00:00,70.425
2024-05-28 13:00:00,70.55
2024-05-28 14:00:00,70.55
2024-05-28 15:00:00,70.25
2024-05-28 16:00:00,70.325
2024-05-28 17:00:00,70.425
2024-05-28 18:00:00,70.45
2024-05-29 05:00:00,70.22500000000001
2024-05-29 13:00:00,71.075
2024-05-29 14:00:00,70.75
2024-05-29 15:00:00,70.775
2024-05-29 16:00:00,70.325
2024-05-29 17:00:00,70.2
2024-05-29 18:00:00,70.3
2024-05-30 05:00:00,70.575
2024-05-30 13:00:00,70.0
2024-05-30 14:00:00,69.85000000000001
2024-05-30 15:00:00,69.9
2024-05-30 16:00:00,70.65
2024-05-30 17:00:00,70.525
2024-05-30 18:00:00,70.575
2024-05-31 05:00:00,70.825
2024-05-31 13:00:00,70.575
2024-05-31 14:00:00,70.10000000000001
2024-05-31 15:00:00,70.125
2024-05-31 16:00:00,70.675
2024-05-31 17:00:00,70.85000000000001
2024-05-31 18:00:00,70.825
2024-06-03 05:00:00,69.95
2024-06-03 13:00:00,70.8
2024-06-03 14:00:00,70.425
2024-06-03 15:00:00,70.45
2024-06-03 16:00:00,70.3
2024-06-03 17:00:00,69.925
2024-06-03 18:00:00,69.9
2024-06-04 05:00:00,67.875
2024-06-04 13:00:00,69.15
2024-06-04 14:00:00,68.75
2024-06-04 15:00:00,68.22500000000001
2024-06-04 16:00:00,67.95
2024-06-04 17:00:00,67.9
2024-06-04 18:00:00,67.775
2024-06-05 05:00:00,65.95
2024-06-05 13:00:00,66.65
2024-06-05 14:00:00,66.60000000000001
2024-06-05 15:00:00,66.175
2024-06-05 16:00:00,65.85000000000001
2024-06-05 17:00:00,65.95
2024-06-05 18:00:00,65.825
2024-06-06 05:00:00,66.0
2024-06-06 13:00:00,65.325
2024-06-06 14:00:00,65.925
2024-06-06 15:00:00,66.0
2024-06-06 16:00:00,65.925
2024-06-06 17:00:00,65.97500000000001
2024-06-06 18:00:00,66.05
2024-06-07 05:00:00,66.0
2024-06-07 13:00:00,65.5
2024-06-07 14:00:00,65.525
2024-06-07 15:00:00,65.275
2024-06-07 16:00:00,65.875
2024-06-07 17:00:00,65.925
2024-06-07 18:00:00,65.95
2024-06-10 05:00:00,64.55
2024-06-10 13:00:00,66.10000000000001
2024-06-10 14:00:00,65.525
2024-06-10 15:00:00,65.425
2024-06-10 16:00:00,64.775
2024-06-10 17:00:00,64.525
2024-06-10 18:00:00,64.525
2024-06-11 05:00:00,63.425
2024-06-11 13:00:00,63.900000000000006
2024-06-11 14:00:00,64.325
2024-06-11 15:00:00,64.10000000000001
2024-06-11 16:00:00,63.675
2024-06-11 17:00:00,63.375
2024-06-11 18:00:00,63.47500000000001
2024-06-12 05:00:00,64.275
2024-06-12 13:00:00,63.47500000000001
2024-06-12 14:00:00,64.9
2024-06-12 15:00:00,64.275
2024-06-12 16:00:00,64.275
2024-06-12 17:00:00,64.25
2024-06-12 18:00:00,64.25
2024-06-13 05:00:00,62.925
2024-06-13 13:00:00,63.85000000000001
2024-06-13 14:00:00,64.15
2024-06-13 15:00:00,64.175
2024-06-13 16:00:00,63.400000000000006
2024-06-13 17:00:00,62.7
2024-06-13 18:00:00,62.650000000000006
2024-06-14 05:00:00,64.775
2024-06-14 13:00:00,62.25
2024-06-14 14:00:00,63.47500000000001
2024-06-14 15:00:00,63.72500000000001
2024-06-14 16:00:00,64.45
2024-06-14 17:00:00,64.7
2024-06-14 18:00:00,64.55000000000001
2024-06-17 05:00:00,66.25
2024-06-17 13:00:00,65.75
2024-06-17 14:00:00,65.575
2024-06-17 15:00:00,65.275
2024-06-17 16:00:00,65.05000000000001
2024-06-17 17:00:00,66.375
2024-06-17 18:00:00,66.0
2024-06-18 05:00:00,66.42500000000001
2024-06-18 13:00:00,66.075
2024-06-18 14:00:00,66.22500000000001
2024-06-18 15:00:00,65.65
2024-06-18 16:00:00,66.67500000000001
2024-06-18 17:00:00,66.4
2024-06-18 18:00:00,66.17500000000001
2024-06-20 05:00:00,64.42500000000001
2024-06-20 13:00:00,65.0
2024-06-20 14:00:00,64.775
2024-06-20 15:00:00,64.67500000000001
2024-06-20 16:00:00,64.5
2024-06-20 17:00:00,64.275
2024-06-20 18:00:00,64.4
2024-06-21 05:00:00,64.35000000000001
2024-06-21 13:00:00,64.30000000000001
2024-06-21 14:00:00,64.125
2024-06-21 15:00:00,64.60000000000001
2024-06-21 16:00:00,64.325
2024-06-21 17:00:00,64.4
2024-06-21 18:00:00,64.22500000000001
2024-06-24 05:00:00,62.10000000000001
2024-06-24 13:00:00,62.875
2024-06-24 14:00:00,63.650000000000006
2024-06-24 15:00:00,62.85000000000001
2024-06-24 16:00:00,62.75
2024-06-24 17:00:00,62.075
2024-06-24 18:00:00,62.075
2024-06-25 05:00:00,61.625
2024-06-25 13:00:00,61.85000000000001
2024-06-25 14:00:00,63.2
2024-06-25 15:00:00,62.25
2024-06-25 16:00:00,61.92500000000001
2024-06-25 17:00:00,61.575
2024-06-25 18:00:00,61.55000000000001
2024-06-26 05:00:00,63.400000000000006
2024-06-26 13:00:00,62.0
2024-06-26 14:00:00,63.0
2024-06-26 15:00:00,63.45
2024-06-26 16:00:00,63.325
2024-06-26 17:00:00,63.45
2024-06-26 18:00:00,63.275000000000006
2024-06-27 05:00:00,62.75
2024-06-27 13:00:00,63.55000000000001
2024-06-27 14:00:00,63.45
2024-06-27 15:00:00,62.775000000000006
2024-06-27 16:00:00,62.5
2024-06-27 17:00:00,62.75
2024-06-27 18:00:00,62.72500000000001
2024-06-28 05:00:00,63.75
2024-06-28 13:00:00,62.775000000000006
2024-06-28 14:00:00,62.35000000000001
2024-06-28 15:00:00,63.375
2024-06-28 16:00:00,63.875
2024-06-28 17:00:00,63.67500000000001
2024-06-28 18:00:00,63.67500000000001
2024-07-01 05:00:00,62.125
2024-07-01 13:00:00,64.275
2024-07-01 14:00:00,63.625
2024-07-01 15:00:00,63.22500000000001
2024-07-01 16:00:00,62.47500000000001
2024-07-01 17:00:00,62.025000000000006
2024-07-01 18:00:00,62.150000000000006
2024-07-02 05:00:00,62.30000000000001
2024-07-02 13:00:00,62.10000000000001
2024-07-02 14:00:00,61.85000000000001
2024-07-02 15:00:00,62.025000000000006
2024-07-02 16:00:00,62.375
2024-07-02 17:00:00,62.25
2024-07-02 18:00:00,62.075
2024-07-03 05:00:00,62.2
2024-07-03 13:00:00,62.92500000000001
2024-07-03 14:00:00,62.22500000000001
2024-07-03 15:00:00,61.775000000000006
2024-07-03 16:00:00,62.0
2024-07-03 17:00:00,62.275000000000006
2024-07-03 18:00:00,62.17500000000001
2024-07-05 05:00:00,61.5
2024-07-05 13:00:00,61.80000000000001
2024-07-05 14:00:00,61.150000000000006
2024-07-05 15:00:00,61.17500000000001
2024-07-05 16:00:00,61.45
2024-07-05 17:00:00,61.5
2024-07-05 18:00:00,61.45
2024-07-08 05:00:00,60.55000000000001
2024-07-08 13:00:00,61.875
2024-07-08 14:00:00,61.575
2024-07-08 15:00:00,61.525000000000006
2024-07-08 16:00:00,61.325
2024-07-08 17:00:00,60.575
2024-07-08 18:00:00,60.775000000000006
2024-07-09 05:00:00,58.80000000000001
2024-07-09 13:00:00,60.05000000000001
2024-07-09 14:00:00,60.125
2024-07-09 15:00:00,59.45
2024-07-09 16:00:00,58.900000000000006
2024-07-09 17:00:00,58.80000000000001
2024-07-09 18:00:00,58.92500000000001
2024-07-10 05:00:00,56.35000000000001
2024-07-10 13:00:00,57.42500000000001
2024-07-10 14:00:00,57.80000000000001
2024-07-10 15:00:00,57.47500000000001
2024-07-10 16:00:00,56.85000000000001
2024-07-10 17:00:00,56.275000000000006
2024-07-10 18:00:00,56.075
2024-07-11 05:00:00,57.42500000000001
2024-07-11 13:00:00,56.95
2024-07-11 14:00:00,57.900000000000006
2024-07-11 15:00:00,57.400000000000006
2024-07-11 16:00:00,57.825
2024-07-11 17:00:00,57.22500000000001
2024-07-11 18:00:00,57.400000000000006
2024-07-12 05:00:00,58.17500000000001
2024-07-12 13:00:00,58.10000000000001
2024-07-12 14:00:00,58.0
2024-07-12 15:00:00,57.95
2024-07-12 16:00:00,58.67500000000001
2024-07-12 17:00:00,58.10000000000001
2024-07-12 18:00:00,58.325
2024-07-15 05:00:00,57.80000000000001
2024-07-15 13:00:00,58.75
2024-07-15 14:00:00,57.900000000000006
2024-07-15 15:00:00,57.97500000000001
2024-07-15 16:00:00,57.375
2024-07-15 17:00:00,57.92500000000001
2024-07-15 18:00:00,57.775000000000006
2024-07-16 05:00:00,60.22500000000001
2024-07-16 13:00:00,59.47500000000001
2024-07-16 14:00:00,59.5
2024-07-16 15:00:00,59.30000000000001
2024-07-16 16:00:00,59.92500000000001
2024-07-16 17:00:00,60.17500000000001
2024-07-16 18:00:00,60.25
2024-07-17 05:00:00,61.7
2024-07-17 13:00:00,61.60000000000001
2024-07-17 14:00:00,61.375
2024-07-17 15:00:00,61.150000000000006
2024-07-17 16:00:00,61.2
2024-07-17 17:00:00,61.7
2024-07-17 18:00:00,61.5
2024-07-18 05:00:00,62.05000000000001
2024-07-18 13:00:00,61.55000000000001
2024-07-18 14:00:00,61.45
2024-07-18 15:00:00,61.47500000000001
2024-07-18 16:00:00,61.85000000000001
2024-07-18 17:00:00,62.05000000000001
2024-07-18 18:00:00,62.05000000000001
2024-07-19 05:00:00,62.575
2024-07-19 13:00:00,62.42500000000001
2024-07-19 14:00:00,62.80000000000001
2024-07-19 15:00:00,62.97500000000001
2024-07-19 16:00:00,62.42500000000001
2024-07-19 17:00:00,62.525000000000006
2024-07-19 18:00:00,62.525000000000006
2024-07-22 05:00:00,64.0
2024-07-22 13:00:00,62.92500000000001
2024-07-22 14:00:00,63.45
2024-07-22 15:00:00,63.375
2024-07-22 16:00:00,63.85000000000001
2024-07-22 17:00:00,63.97500000000001
2024-07-22 18:00:00,63.97500000000001
2024-07-23 05:00:00,65.15
2024-07-23 13:00:00,65.42500000000001
2024-07-23 14:00:00,65.325
2024-07-23 15:00:00,65.375
2024-07-23 16:00:00,65.2
2024-07-23 17:00:00,65.25
2024-07-23 18:00:00,65.125
2024-07-24 05:00:00,66.05000000000001
2024-07-24 13:00:00,65.05000000000001
2024-07-24 14:00:00,65.55000000000001
2024-07-24 15:00:00,65.47500000000001
2024-07-24 16:00:00,65.875
2024-07-24 17:00:00,66.025
2024-07-24 18:00:00,66.075
2024-07-25 05:00:00,65.825
2024-07-25 13:00:00,65.575
2024-07-25 14:00:00,64.875
2024-07-25 15:00:00,65.5
2024-07-25 16:00:00,65.42500000000001
2024-07-25 17:00:00,65.80000000000001
2024-07-25 18:00:00,65.97500000000001
2024-07-26 05:00:00,66.22500000000001
2024-07-26 13:00:00,66.10000000000001
2024-07-26 14:00:00,66.30000000000001
2024-07-26 15:00:00,66.4
2024-07-26 16:00:00,66.5
2024-07-26 17:00:00,66.25
2024-07-26 18:00:00,66.17500000000001
2024-07-29 05:00:00,62.85000000000001
2024-07-29 13:00:00,63.5
2024-07-29 14:00:00,62.72500000000001
2024-07-29 15:00:00,62.775000000000006
2024-07-29 16:00:00,62.875
2024-07-29 17:00:00,62.80000000000001
2024-07-29 18:00:00,62.97500000000001
2024-07-30 05:00:00,62.80000000000001
2024-07-30 13:00:00,62.775000000000006
2024-07-30 14:00:00,63.30000000000001
2024-07-30 15:00:00,63.0
2024-07-30 16:00:00,62.375
2024-07-30 17:00:00,62.75
2024-07-30 18:00:00,62.650000000000006
2024-07-31 05:00:00,63.95
2024-07-31 13:00:00,63.10000000000001
2024-07-31 14:00:00,63.5
2024-07-31 15:00:00,63.7
2024-07-31 16:00:00,63.775000000000006
2024-07-31 17:00:00,64.0
2024-07-31 18:00:00,63.85000000000001
2024-08-01 05:00:00,65.05000000000001
2024-08-01 13:00:00,64.92500000000001
2024-08-01 14:00:00,64.17500000000001
2024-08-01 15:00:00,64.525
2024-08-01 16:00:00,64.9
2024-08-01 17:00:00,65.15
2024-08-01 18:00:00,65.15
2024-08-02 05:00:00,64.60000000000001
2024-08-02 13:00:00,65.10000000000001
2024-08-02 14:00:00,64.97500000000001
2024-08-02 15:00:00,64.85000000000001
2024-08-02 16:00:00,64.525
2024-08-02 17:00:00,64.65
2024-08-02 18:00:00,64.575
2024-08-05 05:00:00,63.75
2024-08-05 13:00:00,62.2
2024-08-05 14:00:00,63.72500000000001
2024-08-05 15:00:00,63.625
2024-08-05 16:00:00,63.45
2024-08-05 17:00:00,63.72500000000001
2024-08-05 18:00:00,63.75
2024-08-06 05:00:00,64.42500000000001
2024-08-06 13:00:00,63.72500000000001
2024-08-06 14:00:00,63.575
2024-08-06 15:00:00,65.2
2024-08-06 16:00:00,64.875
2024-08-06 17:00:00,64.375
2024-08-06 18:00:00,64.30000000000001
2024-08-07 05:00:00,62.60000000000001
2024-08-07 13:00:00,63.72500000000001
2024-08-07 14:00:00,63.650000000000006
2024-08-07 15:00:00,63.22500000000001
2024-08-07 16:00:00,62.775000000000006
2024-08-07 17:00:00,62.625
2024-08-07 18:00:00,62.525000000000006
2024-08-08 05:00:00,61.650000000000006
2024-08-08 13:00:00,61.85000000000001
2024-08-08 14:00:00,60.775000000000006
2024-08-08 15:00:00,60.45
2024-08-08 16:00:00,61.67500000000001
2024-08-08 17:00:00,61.60000000000001
2024-08-08 18:00:00,61.575
2024-08-09 05:00:00,62.0
2024-08-09 13:00:00,61.45
2024-08-09 14:00:00,62.075
2024-08-09 15:00:00,62.10000000000001
2024-08-09 16:00:00,62.150000000000006
2024-08-09 17:00:00,61.97500000000001
2024-08-09 18:00:00,62.0
2024-08-12 05:00:00,62.35000000000001
2024-08-12 13:00:00,61.625
2024-08-12 14:00:00,62.275000000000006
2024-08-12 15:00:00,62.400000000000006
2024-08-12 16:00:00,62.375
2024-08-12 17:00:00,62.35000000000001
2024-08-12 18:00:00,62.30000000000001
2024-08-13 05:00:00,60.875
2024-08-13 13:00:00,61.025000000000006
2024-08-13 14:00:00,59.85000000000001
2024-08-13 15:00:00,59.875
2024-08-13 16:00:00,60.325
2024-08-13 17:00:00,60.900000000000006
2024-08-13 18:00:00,60.97500000000001
2024-08-14 05:00:00,63.95
2024-08-14 13:00:00,63.325
2024-08-14 14:00:00,63.425
2024-08-14 15:00:00,63.825
2024-08-14 16:00:00,63.825
2024-08-14 17:00:00,63.925
2024-08-14 18:00:00,63.875
2024-08-15 05:00:00,64.925
2024-08-15 13:00:00,63.5
2024-08-15 14:00:00,63.775000000000006
2024-08-15 15:00:00,64.3
2024-08-15 16:00:00,64.925
2024-08-15 17:00:00,64.97500000000001
2024-08-15 18:00:00,64.825
2024-08-16 05:00:00,63.925
2024-08-16 13:00:00,64.55
2024-08-16 14:00:00,64.05
2024-08-16 15:00:00,63.875
2024-08-16 16:00:00,63.575
2024-08-16 17:00:00,63.95
2024-08-16 18:00:00,63.925
2024-08-19 05:00:00,65.45
2024-08-19 13:00:00,64.10000000000001
2024-08-19 14:00:00,64.5
2024-08-19 15:00:00,64.7
2024-08-19 16:00:00,65.625
2024-08-19 17:00:00,65.4
2024-08-19 18:00:00,65.35000000000001
2024-08-20 05:00:00,64.8
2024-08-20 13:00:00,64.325
2024-08-20 14:00:00,64.625
2024-08-20 15:00:00,64.85000000000001
2024-08-20 16:00:00,64.8
2024-08-20 17:00:00,64.825
2024-08-20 18:00:00,64.925
2024-08-21 05:00:00,64.575
2024-08-21 13:00:00,65.45
2024-08-21 14:00:00,65.55
2024-08-21 15:00:00,65.5
2024-08-21 16:00:00,64.72500000000001
2024-08-21 17:00:00,64.60000000000001
2024-08-21 18:00:00,64.575
2024-08-22 05:00:00,66.97500000000001
2024-08-22 13:00:00,64.35000000000001
2024-08-22 14:00:00,64.60000000000001
2024-08-22 15:00:00,66.075
2024-08-22 16:00:00,66.9
2024-08-22 17:00:00,66.97500000000001
2024-08-22 18:00:00,67.025
2024-08-23 05:00:00,67.45
2024-08-23 13:00:00,66.95
2024-08-23 14:00:00,67.175
2024-08-23 15:00:00,67.525
2024-08-23 16:00:00,67.55
2024-08-23 17:00:00,67.425
2024-08-23 18:00:00,67.35000000000001
2024-08-26 05:00:00,67.4
2024-08-26 13:00:00,67.05
2024-08-26 14:00:00,67.525
2024-08-26 15:00:00,67.5
2024-08-26 16:00:00,67.325
2024-08-26 17:00:00,67.4
2024-08-26 18:00:00,67.375
2024-08-27 05:00:00,68.35000000000001
2024-08-27 13:00:00,67.5
2024-08-27 14:00:00,68.2
2024-08-27 15:00:00,68.22500000000001
2024-08-27 16:00:00,68.525
2024-08-27 17:00:00,68.35000000000001
2024-08-27 18:00:00,68.325
2024-08-28 05:00:00,68.625
2024-08-28 13:00:00,68.375
2024-08-28 14:00:00,68.2
2024-08-28 15:00:00,68.625
2024-08-28 16:00:00,68.65
2024-08-28 17:00:00,68.7
2024-08-28 18:00:00,68.65
2024-08-29 05:00:00,69.25
2024-08-29 13:00:00,68.675
2024-08-29 14:00:00,69.0
2024-08-29 15:00:00,69.05
2024-08-29 16:00:00,68.95
2024-08-29 17:00:00,69.25
2024-08-29 18:00:00,69.25
2024-08-30 05:00:00,69.47500000000001
2024-08-30 13:00:00,69.075
2024-08-30 14:00:00,69.55
2024-08-30 15:00:00,69.65
2024-08-30 16:00:00,69.675
2024-08-30 17:00:00,69.425
2024-08-30 18:00:00,69.375
2024-09-03 05:00:00,70.5
2024-09-03 13:00:00,68.25
2024-09-03 14:00:00,69.125
2024-09-03 15:00:00,69.8
2024-09-03 16:00:00,70.025
2024-09-03 17:00:00,70.425
2024-09-03 18:00:00,70.47500000000001
2024-09-04 05:00:00,69.4
2024-09-04 13:00:00,70.375
2024-09-04 14:00:00,70.15
2024-09-04 15:00:00,69.7
2024-09-04 16:00:00,69.47500000000001
2024-09-04 17:00:00,69.4
2024-09-04 18:00:00,69.35000000000001
2024-09-05 05:00:00,68.75
2024-09-05 13:00:00,68.60000000000001
2024-09-05 14:00:00,68.72500000000001
2024-09-05 15:00:00,68.7
2024-09-05 16:00:00,68.425
2024-09-05 17:00:00,68.72500000000001
2024-09-05 18:00:00,68.72500000000001
2024-09-06 05:00:00,67.925
2024-09-06 13:00:00,68.97500000000001
2024-09-06 14:00:00,68.15
2024-09-06 15:00:00,68.2
2024-09-06 16:00:00,68.22500000000001
2024-09-06 17:00:00,67.95
2024-09-06 18:00:00,68.0
2024-09-09 05:00:00,67.8
2024-09-09 13:00:00,68.2
2024-09-09 14:00:00,67.7
2024-09-09 15:00:00,67.97500000000001
2024-09-09 16:00:00,67.85000000000001
2024-09-09 17:00:00,67.875
2024-09-09 18:00:00,67.875
2024-09-10 05:00:00,67.85000000000001
2024-09-10 13:00:00,67.97500000000001
2024-09-10 14:00:00,67.95
2024-09-10 15:00:00,67.625
2024-09-10 16:00:00,67.625
2024-09-10 17:00:00,67.825
2024-09-10 18:00:00,67.9
2024-09-11 05:00:00,69.0
2024-09-11 13:00:00,68.05
2024-09-11 14:00:00,68.125
2024-09-11 15:00:00,68.65
2024-09-11 16:00:00,68.85000000000001
2024-09-11 17:00:00,69.025
2024-09-11 18:00:00,68.97500000000001
2024-09-12 05:00:00,68.25
2024-09-12 13:00:00,68.35000000000001
2024-09-12 14:00:00,68.75
2024-09-12 15:00:00,68.75
2024-09-12 16:00:00,69.075
2024-09-12 17:00:00,68.275
2024-09-12 18:00:00,68.375
2024-09-13 05:00:00,68.0
2024-09-13 13:00:00,68.95
2024-09-13 14:00:00,68.875
2024-09-13 15:00:00,68.45
2024-09-13 16:00:00,67.95
2024-09-13 17:00:00,68.025
2024-09-13 18:00:00,67.97500000000001
2024-09-16 05:00:00,68.875
2024-09-16 13:00:00,68.60000000000001
2024-09-16 14:00:00,69.325
2024-09-16 15:00:00,68.375
2024-09-16 16:00:00,68.7
2024-09-16 17:00:00,68.875
2024-09-16 18:00:00,68.925
2024-09-17 05:00:00,70.4
2024-09-17 13:00:00,70.0
2024-09-17 14:00:00,70.275
2024-09-17 15:00:00,70.375
2024-09-17 16:00:00,70.3
2024-09-17 17:00:00,70.425
2024-09-17 18:00:00,70.47500000000001
2024-09-18 05:00:00,70.575
2024-09-18 13:00:00,70.4
2024-09-18 14:00:00,70.3
2024-09-18 15:00:00,70.47500000000001
2024-09-18 16:00:00,70.575
2024-09-18 17:00:00,70.625
2024-09-18 18:00:00,70.7
2024-09-19 05:00:00,71.0
2024-09-19 13:00:00,71.05
2024-09-19 14:00:00,70.675
2024-09-19 15:00:00,70.95
2024-09-19 16:00:00,70.875
2024-09-19 17:00:00,71.025
2024-09-19 18:00:00,71.025
2024-09-20 05:00:00,70.925
2024-09-20 13:00:00,71.125
2024-09-20 14:00:00,71.075
2024-09-20 15:00:00,71.3
2024-09-20 16:00:00,70.85000000000001
2024-09-20 17:00:00,70.875
2024-09-20 18:00:00,70.95
2024-09-23 05:00:00,71.575
2024-09-23 13:00:00,71.4
2024-09-23 14:00:00,71.425
2024-09-23 15:00:00,71.675
2024-09-23 16:00:00,71.60000000000001
2024-09-23 17:00:00,71.525
2024-09-23 18:00:00,71.55
2024-09-24 05:00:00,71.675
2024-09-24 13:00:00,71.775
2024-09-24 14:00:00,71.55
2024-09-24 15:00:00,71.65
2024-09-24 16:00:00,71.7
2024-09-24 17:00:00,71.625
2024-09-24 18:00:00,71.675
2024-09-25 05:00:00,71.60000000000001
2024-09-25 13:00:00,71.60000000000001
2024-09-25 14:00:00,71.4
2024-09-25 15:00:00,71.3
2024-09-25 16:00:00,71.375
2024-09-25 17:00:00,71.575
2024-09-25 18:00:00,71.5
2024-09-26 05:00:00,70.625
2024-09-26 13:00:00,69.97500000000001
2024-09-26 14:00:00,70.325
2024-09-26 15:00:00,69.75
2024-09-26 16:00:00,69.75
2024-09-26 17:00:00,70.65
2024-09-26 18:00:00,70.625
2024-09-26 19:00:00,70.625
2024-09-26 23:00:00,70.625
2024-09-27 14:30:00,70.45
2024-09-27 15:00:00,70.97500000000001
2024-09-27 16:00:00,69.875
2024-09-27 17:00:00,70.325
2024-09-27 18:00:00,70.10000000000001
2024-09-27 19:00:00,70.10000000000001
2024-09-27 23:00:00,70.10000000000001
2024-09-30 14:30:00,69.95
2024-09-30 15:00:00,69.325
2024-09-30 16:00:00,69.65
2024-09-30 17:00:00,70.05
2024-09-30 18:00:00,69.925
2024-09-30 19:00:00,70.0
2024-09-30 23:00:00,70.0
2024-10-01 14:30:00,70.45
2024-10-01 15:00:00,70.60000000000001
2024-10-01 16:00:00,71.45
2024-10-01 17:00:00,71.5
2024-10-01 18:00:00,71.3
2024-10-01 19:00:00,71.22500000000001
2024-10-01 23:00:00,71.22500000000001
2024-10-02 14:30:00,71.85000000000001
2024-10-02 15:00:00,72.35000000000001
2024-10-02 16:00:00,72.95
2024-10-02 17:00:00,72.825
2024-10-02 18:00:00,73.45
2024-10-02 19:00:00,73.4
2024-10-02 23:00:00,73.4
2024-10-03 14:30:00,72.575
2024-10-03 15:00:00,72.8
2024-10-03 16:00:00,73.2
2024-10-03 17:00:00,73.125
2024-10-03 18:00:00,73.05
2024-10-03 19:00:00,73.075
2024-10-03 23:00:00,73.075
2024-10-04 14:30:00,73.375
2024-10-04 15:00:00,72.9
2024-10-04 16:00:00,72.97500000000001
2024-10-04 17:00:00,72.875
2024-10-04 18:00:00,72.875
2024-10-04 19:00:00,73.0
2024-10-04 23:00:00,73.0
2024-10-07 14:30:00,73.0
2024-10-07 15:00:00,73.25
2024-10-07 16:00:00,73.925
2024-10-07 17:00:00,73.97500000000001
2024-10-07 18:00:00,73.5
2024-10-07 19:00:00,73.575
2024-10-07 23:00:00,73.575
2024-10-08 14:30:00,73.5
2024-10-08 15:00:00,73.875
2024-10-08 16:00:00,73.72500000000001
2024-10-08 17:00:00,73.925
2024-10-08 18:00:00,73.875
2024-10-08 19:00:00,73.825
2024-10-08 23:00:00,73.825
2024-10-09 14:30:00,73.025
2024-10-09 15:00:00,72.025
2024-10-09 16:00:00,72.125
2024-10-09 17:00:00,72.125
2024-10-09 18:00:00,72.325
2024-10-09 19:00:00,72.4
2024-10-09 19:00:01,72.4
2024-10-09 23:00:00,72.4
2024-10-10 14:30:00,72.4
2024-10-10 15:00:00,73.125
2024-10-10 16:00:00,73.22500000000001
2024-10-10 17:00:00,73.47500000000001
2024-10-10 18:00:00,73.325
2024-10-10 19:00:00,73.325
2024-10-10 23:00:00,73.325
2024-10-11 14:30:00,73.55
2024-10-11 15:00:00,73.675
2024-10-11 16:00:00,73.97500000000001
2024-10-11 17:00:00,74.025
2024-10-11 18:00:00,74.075
2024-10-11 19:00:00,73.9
2024-10-11 23:00:00,73.9
2024-10-14 14:30:00,73.15
2024-10-14 15:00:00,73.05
2024-10-14 16:00:00,72.97500000000001
2024-10-14 17:00:00,72.22500000000001
2024-10-14 18:00:00,72.675
2024-10-14 19:00:00,72.72500000000001
2024-10-14 23:00:00,72.72500000000001
2024-10-15 14:30:00,73.05
2024-10-15 15:00:00,72.625
2024-10-15 16:00:00,72.7
2024-10-15 17:00:00,72.7
2024-10-15 18:00:00,72.175
2024-10-15 19:00:00,72.125
2024-10-15 23:00:00,72.125
2024-10-16 14:30:00,73.675
2024-10-16 15:00:00,73.65
2024-10-16 16:00:00,73.85000000000001
2024-10-16 17:00:00,73.97500000000001
2024-10-16 18:00:00,74.05
2024-10-16 19:00:00,73.97500000000001
2024-10-16 23:00:00,73.97500000000001
2024-10-17 14:30:00,74.5
2024-10-17 15:00:00,74.72500000000001
2024-10-17 16:00:00,73.85000000000001
2024-10-17 17:00:00,74.45
2024-10-17 18:00:00,74.425
2024-10-17 19:00:00,74.3
2024-10-17 23:00:00,74.3
2024-10-18 14:30:00,74.7
2024-10-18 15:00:00,74.425
2024-10-18 16:00:00,74.875
2024-10-18 17:00:00,75.0
2024-10-18 18:00:00,74.775
2024-10-18 19:00:00,74.60000000000001
2024-10-18 23:00:00,74.60000000000001
2024-10-21 14:30:00,75.0
2024-10-21 15:00:00,74.60000000000001
2024-10-21 16:00:00,74.97500000000001
2024-10-21 17:00:00,75.10000000000001
2024-10-21 18:00:00,75.2
2024-10-21 19:00:00,75.175
2024-10-21 23:00:00,75.175
2024-10-22 14:30:00,75.47500000000001
2024-10-22 15:00:00,75.525
2024-10-22 16:00:00,75.47500000000001
2024-10-22 17:00:00,75.625
2024-10-22 18:00:00,75.7
2024-10-22 19:00:00,75.5
2024-10-22 23:00:00,75.5
2024-10-23 14:30:00,75.925
2024-10-23 15:00:00,76.075
2024-10-23 16:00:00,76.22500000000001
2024-10-23 17:00:00,76.10000000000001
2024-10-23 18:00:00,76.35000000000001
2024-10-23 19:00:00,76.175
2024-10-23 23:00:00,76.175
2024-10-24 14:30:00,76.3
2024-10-24 15:00:00,76.5
2024-10-24 16:00:00,76.025
2024-10-24 17:00:00,75.525
2024-10-24 18:00:00,75.72500000000001
2024-10-24 19:00:00,75.675
2024-10-24 23:00:00,75.675
2024-10-25 14:30:00,75.925
2024-10-25 15:00:00,75.375
2024-10-25 16:00:00,75.7
2024-10-25 17:00:00,76.325
2024-10-25 18:00:00,76.35000000000001
2024-10-25 19:00:00,76.22500000000001
2024-10-25 23:00:00,76.22500000000001
2024-10-28 13:30:00,76.47500000000001
2024-10-28 14:00:00,76.65
2024-10-28 15:00:00,76.85000000000001
2024-10-28 16:00:00,76.925
2024-10-28 17:00:00,77.15
2024-10-28 18:00:00,77.0
2024-10-28 23:00:00,77.0
2024-10-29 13:30:00,77.60000000000001
2024-10-29 14:00:00,78.05
2024-10-29 15:00:00,78.22500000000001
2024-10-29 16:00:00,78.35000000000001
2024-10-29 17:00:00,78.3
2024-10-29 18:00:00,78.15
2024-10-29 23:00:00,78.15
2024-10-30 13:30:00,78.775
2024-10-30 14:00:00,78.9
2024-10-30 15:00:00,79.10000000000001
2024-10-30 16:00:00,78.95
2024-10-30 17:00:00,78.60000000000001
2024-10-30 18:00:00,78.55
2024-10-30 23:00:00,78.55
2024-10-31 13:30:00,78.525
2024-10-31 14:00:00,77.75
2024-10-31 15:00:00,78.22500000000001
2024-10-31 16:00:00,78.25
2024-10-31 17:00:00,78.2
2024-10-31 18:00:00,78.075
2024-10-31 23:00:00,78.075
2024-11-01 13:30:00,78.85000000000001
2024-11-01 14:00:00,79.15
2024-11-01 15:00:00,79.325
2024-11-01 16:00:00,78.55
2024-11-01 17:00:00,78.9
2024-11-01 18:00:00,78.675
2024-11-01 23:00:00,78.675
2024-11-04 14:30:00,78.60000000000001
2024-11-04 15:00:00,78.875
2024-11-04 16:00:00,78.675
2024-11-04 17:00:00,78.60000000000001
2024-11-04 18:00:00,78.3
2024-11-04 19:00:00,78.4
2024-11-04 23:00:00,78.4
2024-11-05 14:30:00,77.55
2024-11-05 15:00:00,77.575
2024-11-05 16:00:00,77.375
2024-11-05 17:00:00,77.7
2024-11-05 18:00:00,77.425
2024-11-05 19:00:00,77.45
2024-11-05 23:00:00,77.45
2024-11-06 14:30:00,77.375
2024-11-06 15:00:00,77.525
2024-11-06 16:00:00,77.775
2024-11-06 17:00:00,78.0
2024-11-06 18:00:00,78.10000000000001
2024-11-06 19:00:00,78.10000000000001
2024-11-06 23:00:00,78.10000000000001
2024-11-07 14:30:00,77.7
2024-11-07 15:00:00,78.25
2024-11-07 16:00:00,77.875
2024-11-07 17:00:00,78.10000000000001
2024-11-07 18:00:00,78.2
2024-11-07 19:00:00,78.35000000000001
2024-11-07 23:00:00,78.35000000000001
2024-11-08 14:30:00,77.775
2024-11-08 15:00:00,77.45
2024-11-08 16:00:00,77.575
2024-11-08 17:00:00,77.925
2024-11-08 18:00:00,77.75
2024-11-08 19:00:00,77.925
2024-11-08 23:00:00,77.925
2024-11-11 14:30:00,78.55
2024-11-11 15:00:00,78.22500000000001
2024-11-11 16:00:00,78.3
2024-11-11 17:00:00,78.7
2024-11-11 18:00:00,78.95
2024-11-11 19:00:00,78.825
2024-11-11 23:00:00,78.825
2024-11-12 14:30:00,79.825
2024-11-12 15:00:00,79.325
2024-11-12 16:00:00,79.275
2024-11-12 17:00:00,79.3
2024-11-12 18:00:00,79.275
2024-11-12 19:00:00,79.3
2024-11-12 23:00:00,79.3
2024-11-13 14:30:00,77.95
2024-11-13 15:00:00,78.60000000000001
2024-11-13 16:00:00,78.8
2024-11-13 17:00:00,79.125
2024-11-13 18:00:00,78.97500000000001
2024-11-13 19:00:00,78.85000000000001
2024-11-13 23:00:00,78.85000000000001
2024-11-14 14:30:00,78.72500000000001
2024-11-14 15:00:00,78.4
2024-11-14 16:00:00,78.25
2024-11-14 17:00:00,76.825
2024-11-14 18:00:00,76.75
2024-11-14 19:00:00,76.55
2024-11-14 23:00:00,76.55
2024-11-15 14:30:00,76.525
2024-11-15 15:00:00,75.575
2024-11-15 16:00:00,76.425
2024-11-15 17:00:00,75.72500000000001
2024-11-15 18:00:00,75.875
2024-11-15 19:00:00,75.8
2024-11-15 23:00:00,75.8
2024-11-18 14:30:00,76.65
2024-11-18 15:00:00,75.97500000000001
2024-11-18 16:00:00,76.375
2024-11-18 17:00:00,76.3
2024-11-18 18:00:00,76.275
2024-11-18 19:00:00,76.325
2024-11-18 23:00:00,76.325
2024-11-19 14:30:00,76.47500000000001
2024-11-19 15:00:00,76.15
2024-11-19 16:00:00,76.05
2024-11-19 17:00:00,75.575
2024-11-19 18:00:00,75.8
2024-11-19 19:00:00,75.7
2024-11-19 23:00:00,75.7
2024-11-20 14:30:00,76.075
2024-11-20 15:00:00,76.55
2024-11-20 16:00:00,77.025
2024-11-20 17:00:00,77.525
2024-11-20 18:00:00,77.425
2024-11-20 19:00:00,77.4
2024-11-20 23:00:00,77.4
2024-11-21 14:30:00,77.05
2024-11-21 15:00:00,77.825
2024-11-21 16:00:00,77.875
2024-11-21 17:00:00,77.7
2024-11-21 18:00:00,77.625
2024-11-21 19:00:00,77.60000000000001
2024-11-21 23:00:00,77.60000000000001
2024-11-22 14:30:00,77.625
2024-11-22 15:00:00,77.675
2024-11-22 16:00:00,77.85000000000001
2024-11-22 17:00:00,78.325
2024-11-22 18:00:00,78.625
2024-11-22 19:00:00,78.65
2024-11-22 23:00:00,78.65
2024-11-25 14:30:00,78.625
2024-11-25 15:00:00,78.825
2024-11-25 16:00:00,79.35000000000001
2024-11-25 17:00:00,79.2
2024-11-25 18:00:00,78.85000000000001
2024-11-25 19:00:00,79.0
2024-11-25 23:00:00,79.0
2024-11-26 14:30:00,79.35000000000001
2024-11-26 15:00:00,79.625
2024-11-26 16:00:00,80.275
2024-11-26 17:00:00,80.675
2024-11-26 18:00:00,81.22500000000001
2024-11-26 19:00:00,81.3
2024-11-26 23:00:00,81.3
2024-11-27 14:30:00,82.25
2024-11-27 15:00:00,82.45
2024-11-27 16:00:00,81.35000000000001
2024-11-27 17:00:00,81.425
2024-11-27 18:00:00,80.85000000000001
2024-11-27 19:00:00,80.825
2024-11-27 23:00:00,80.825
2024-11-29 14:30:00,80.85000000000001
2024-11-29 15:00:00,80.15
2024-11-29 16:00:00,80.075
2024-11-29 17:00:00,79.22500000000001
2024-11-29 18:00:00,79.35000000000001
2024-11-29 18:00:01,79.35000000000001
2024-11-29 23:00:00,79.35000000000001
2024-12-02 14:30:00,80.05000000000001
2024-12-02 15:00:00,80.30000000000001
2024-12-02 16:00:00,80.525
2024-12-02 17:00:00,80.575
2024-12-02 18:00:00,81.075
2024-12-02 19:00:00,81.12500000000001
2024-12-02 23:00:00,81.12500000000001
2024-12-03 14:30:00,81.9
2024-12-03 15:00:00,81.22500000000001
2024-12-03 16:00:00,81.2
2024-12-03 17:00:00,80.825
2024-12-03 18:00:00,80.95
2024-12-03 19:00:00,80.92500000000001
2024-12-03 23:00:00,80.92500000000001
2024-12-04 14:30:00,80.00000000000001
2024-12-04 15:00:00,79.7
2024-12-04 16:00:00,79.55000000000001
2024-12-04 17:00:00,79.525
2024-12-04 18:00:00,79.62500000000001
2024-12-04 19:00:00,79.67500000000001
2024-12-04 23:00:00,79.67500000000001
2024-12-05 14:30:00,79.9
2024-12-05 15:00:00,79.7
2024-12-05 16:00:00,79.97500000000001
2024-12-05 17:00:00,80.025
2024-12-05 18:00:00,79.75000000000001
2024-12-05 19:00:00,79.75000000000001
2024-12-05 23:00:00,79.75000000000001
2024-12-06 14:30:00,79.075
2024-12-06 15:00:00,79.7
2024-12-06 16:00:00,79.775
2024-12-06 17:00:00,80.525
2024-12-06 18:00:00,80.45
2024-12-06 19:00:00,80.47500000000001
2024-12-06 23:00:00,80.47500000000001
2024-12-09 14:30:00,79.9
2024-12-09 15:00:00,79.67500000000001
2024-12-09 16:00:00,79.80000000000001
2024-12-09 17:00:00,79.67500000000001
2024-12-09 18:00:00,79.825
2024-12-09 19:00:00,79.775
2024-12-09 23:00:00,79.775
2024-12-10 14:30:00,79.97500000000001
2024-12-10 15:00:00,79.10000000000001
2024-12-10 16:00:00,79.12500000000001
2024-12-10 17:00:00,77.42500000000001
2024-12-10 18:00:00,77.525
2024-12-10 19:00:00,77.4
2024-12-10 23:00:00,77.4
2024-12-11 14:30:00,78.025
2024-12-11 15:00:00,76.825
2024-12-11 16:00:00,76.7
2024-12-11 17:00:00,76.825
2024-12-11 18:00:00,76.825
2024-12-11 19:00:00,76.775
2024-12-11 23:00:00,76.775
2024-12-12 14:30:00,77.275
2024-12-12 15:00:00,76.75000000000001
2024-12-12 16:00:00,77.45
2024-12-12 17:00:00,77.15
2024-12-12 18:00:00,77.05000000000001
2024-12-12 19:00:00,77.075
2024-12-12 23:00:00,77.075
2024-12-13 14:30:00,77.4
2024-12-13 15:00:00,77.12500000000001
2024-12-13 16:00:00,77.47500000000001
2024-12-13 17:00:00,78.42500000000001
2024-12-13 18:00:00,78.35000000000001
2024-12-13 19:00:00,78.47500000000001
2024-12-13 23:00:00,78.47500000000001
2024-12-16 14:30:00,78.9
2024-12-16 15:00:00,78.00000000000001
2024-12-16 16:00:00,76.92500000000001
2024-12-16 17:00:00,76.87500000000001
2024-12-16 18:00:00,76.9
2024-12-16 19:00:00,76.9
2024-12-16 23:00:00,76.9
2024-12-17 14:30:00,77.22500000000001
2024-12-17 15:00:00,76.75000000000001
2024-12-17 16:00:00,76.72500000000001
2024-12-17 17:00:00,76.525
2024-12-17 18:00:00,76.67500000000001
2024-12-17 19:00:00,76.72500000000001
2024-12-17 23:00:00,76.72500000000001
2024-12-18 14:30:00,77.17500000000001
2024-12-18 15:00:00,76.825
2024-12-18 16:00:00,77.45
2024-12-18 17:00:00,77.325
2024-12-18 18:00:00,77.45
2024-12-18 19:00:00,77.50000000000001
2024-12-18 23:00:00,77.50000000000001
2024-12-19 14:30:00,78.00000000000001
2024-12-19 15:00:00,77.65
2024-12-19 16:00:00,77.75000000000001
2024-12-19 17:00:00,77.7
2024-12-19 18:00:00,77.22500000000001
2024-12-19 19:00:00,77.15
2024-12-19 23:00:00,77.15
2024-12-20 14:30:00,77.775
2024-12-20 15:00:00,78.4
2024-12-20 16:00:00,78.575
2024-12-20 17:00:00,78.67500000000001
2024-12-20 18:00:00,79.12500000000001
2024-12-20 19:00:00,79.05000000000001
2024-12-20 23:00:00,79.05000000000001
2024-12-23 14:30:00,78.37500000000001
2024-12-23 15:00:00,77.00000000000001
2024-12-23 16:00:00,77.85000000000001
2024-12-23 17:00:00,77.72500000000001
2024-12-23 18:00:00,78.25000000000001
2024-12-23 19:00:00,78.17500000000001
2024-12-23 23:00:00,78.17500000000001
2024-12-24 14:30:00,77.275
2024-12-24 15:00:00,77.37500000000001
2024-12-24 16:00:00,77.65
2024-12-24 17:00:00,77.775
2024-12-24 18:00:00,77.65
2024-12-24 23:00:00,77.65
2024-12-26 14:30:00,77.30000000000001
2024-12-26 15:00:00,77.60000000000001
2024-12-26 16:00:00,78.10000000000001
2024-12-26 17:00:00,77.87500000000001
2024-12-26 18:00:00,77.9
2024-12-26 19:00:00,77.87500000000001
2024-12-26 23:00:00,77.87500000000001
2024-12-27 14:30:00,77.9
2024-12-27 15:00:00,77.75000000000001
2024-12-27 16:00:00,78.60000000000001
2024-12-27 17:00:00,78.05000000000001
2024-12-27 18:00:00,78.10000000000001
2024-12-27 19:00:00,78.2
2024-12-27 23:00:00,78.2
2024-12-30 14:30:00,77.525
2024-12-30 15:00:00,75.75000000000001
2024-12-30 16:00:00,75.325
2024-12-30 17:00:00,75.67500000000001
2024-12-30 18:00:00,75.65
2024-12-30 19:00:00,75.67500000000001
2024-12-30 23:00:00,75.67500000000001
2024-12-31 14:30:00,74.4
2024-12-31 15:00:00,75.60000000000001
2024-12-31 16:00:00,75.00000000000001
2024-12-31 17:00:00,75.075
2024-12-31 18:00:00,75.2
2024-12-31 19:00:00,75.37500000000001
2024-12-31 23:00:00,75.37500000000001
2025-01-02 14:30:00,74.575
2025-01-02 15:00:00,74.60000000000001
2025-01-02 16:00:00,74.825
2025-01-02 17:00:00,75.525
2025-01-02 18:00:00,75.2
2025-01-02 19:00:00,75.075
2025-01-02 23:00:00,75.075
2025-01-03 14:30:00,74.37500000000001
2025-01-03 15:00:00,73.9
2025-01-03 16:00:00,74.50000000000001
2025-01-03 17:00:00,74.7
2025-01-03 18:00:00,74.47500000000001
2025-01-03 19:00:00,74.4
2025-01-03 23:00:00,74.4
2025-01-06 14:30:00,74.45
2025-01-06 15:00:00,73.9
2025-01-06 16:00:00,73.97500000000001
2025-01-06 17:00:00,74.25000000000001
2025-01-06 18:00:00,74.55000000000001
2025-01-06 19:00:00,74.4
2025-01-06 23:00:00,74.4
2025-01-07 14:30:00,74.025
2025-01-07 15:00:00,74.22500000000001
2025-01-07 16:00:00,74.22500000000001
2025-01-07 17:00:00,74.05000000000001
2025-01-07 18:00:00,74.35000000000001
2025-01-07 19:00:00,74.30000000000001
2025-01-07 23:00:00,74.30000000000001
2025-01-08 14:30:00,74.60000000000001
2025-01-08 15:00:00,74.075
2025-01-08 16:00:00,74.05000000000001
2025-01-08 17:00:00,74.60000000000001
2025-01-08 18:00:00,73.85000000000001
2025-01-08 19:00:00,73.95
2025-01-08 23:00:00,73.95
2025-01-09 14:30:00,75.575
2025-01-09 15:00:00,75.80000000000001
2025-01-09 16:00:00,75.65
2025-01-09 17:00:00,76.025
2025-01-09 18:00:00,76.37500000000001
2025-01-09 23:00:00,76.37500000000001
2025-01-10 14:30:00,76.45
2025-01-10 15:00:00,76.4
2025-01-10 16:00:00,76.7
2025-01-10 17:00:00,77.00000000000001
2025-01-10 18:00:00,77.325
2025-01-10 19:00:00,77.22500000000001
2025-01-10 23:00:00,77.22500000000001
2025-01-13 14:30:00,77.30000000000001
2025-01-13 15:00:00,78.05000000000001
2025-01-13 16:00:00,78.65
2025-01-13 17:00:00,78.37500000000001
2025-01-13 18:00:00,77.9
2025-01-13 19:00:00,77.9
2025-01-13 23:00:00,77.9
2025-01-14 14:30:00,78.62500000000001
2025-01-14 15:00:00,78.7
2025-01-14 16:00:00,78.825
2025-01-14 17:00:00,79.025
2025-01-14 18:00:00,79.025
2025-01-14 19:00:00,79.025
2025-01-14 23:00:00,79.025
2025-01-15 14:30:00,79.4
2025-01-15 15:00:00,79.72500000000001
2025-01-15 16:00:00,79.92500000000001
2025-01-15 17:00:00,79.50000000000001
2025-01-15 18:00:00,79.60000000000001
2025-01-15 19:00:00,79.575
2025-01-15 23:00:00,79.575
2025-01-16 14:30:00,79.25000000000001
2025-01-16 15:00:00,79.2
2025-01-16 16:00:00,79.17500000000001
2025-01-16 17:00:00,79.12500000000001
2025-01-16 18:00:00,79.10000000000001
2025-01-16 19:00:00,79.10000000000001
2025-01-16 23:00:00,79.10000000000001
2025-01-17 14:30:00,78.075
2025-01-17 15:00:00,77.35000000000001
2025-01-17 16:00:00,77.42500000000001
2025-01-17 17:00:00,77.25000000000001
2025-01-17 18:00:00,76.95
2025-01-17 19:00:00,76.7
2025-01-17 23:00:00,76.7
2025-01-21 14:30:00,77.35000000000001
2025-01-21 15:00:00,76.275
2025-01-21 16:00:00,75.50000000000001
2025-01-21 17:00:00,75.25000000000001
2025-01-21 18:00:00,75.30000000000001
2025-01-21 19:00:00,75.30000000000001
2025-01-21 23:00:00,75.30000000000001
2025-01-22 14:30:00,74.9
2025-01-22 15:00:00,74.65
2025-01-22 16:00:00,75.275
2025-01-22 17:00:00,75.525
2025-01-22 18:00:00,75.87500000000001
2025-01-22 19:00:00,75.72500000000001
2025-01-22 23:00:00,75.72500000000001
2025-01-23 14:30:00,74.97500000000001
2025-01-23 15:00:00,75.17500000000001
2025-01-23 16:00:00,76.05000000000001
2025-01-23 17:00:00,76.025
2025-01-23 18:00:00,75.80000000000001
2025-01-23 19:00:00,75.7
2025-01-23 23:00:00,75.7
2025-01-24 14:30:00,76.025
2025-01-24 15:00:00,75.65
2025-01-24 16:00:00,75.85000000000001
2025-01-24 17:00:00,76.12500000000001
2025-01-24 18:00:00,76.775
2025-01-24 19:00:00,76.67500000000001
2025-01-24 23:00:00,76.67500000000001
2025-01-27 14:30:00,78.50000000000001
2025-01-27 15:00:00,78.275
2025-01-27 16:00:00,78.55000000000001
2025-01-27 17:00:00,78.7
2025-01-27 18:00:00,78.4
2025-01-27 19:00:00,78.25000000000001
2025-01-27 23:00:00,78.25000000000001
2025-01-28 14:30:00,79.17500000000001
2025-01-28 15:00:00,79.7
2025-01-28 16:00:00,79.55000000000001
2025-01-28 17:00:00,79.42500000000001
2025-01-28 18:00:00,79.50000000000001
2025-01-28 19:00:00,79.325
2025-01-28 23:00:00,79.325
2025-01-29 14:30:00,79.12500000000001
2025-01-29 15:00:00,80.47500000000001
2025-01-29 16:00:00,80.95
2025-01-29 17:00:00,80.72500000000001
2025-01-29 18:00:00,79.9
2025-01-29 19:00:00,79.80000000000001
2025-01-29 23:00:00,79.80000000000001
2025-01-30 14:30:00,80.075
2025-01-30 15:00:00,80.72500000000001
2025-01-30 16:00:00,80.95
2025-01-30 17:00:00,80.325
2025-01-30 18:00:00,80.47500000000001
2025-01-30 19:00:00,80.35000000000001
2025-01-30 23:00:00,80.35000000000001
2025-01-31 14:30:00,78.825
2025-01-31 15:00:00,79.12500000000001
2025-01-31 16:00:00,79.75000000000001
2025-01-31 17:00:00,80.325
2025-01-31 18:00:00,78.92500000000001
2025-01-31 19:00:00,78.9
2025-01-31 19:00:01,78.9
2025-01-31 23:00:00,78.9
2025-02-03 14:30:00,76.05000000000001
2025-02-03 15:00:00,77.55000000000001
2025-02-03 16:00:00,75.35000000000001
2025-02-03 17:00:00,75.55000000000001
2025-02-03 18:00:00,75.4
2025-02-03 19:00:00,75.325
2025-02-03 23:00:00,75.325
2025-02-04 14:30:00,76.60000000000001
2025-02-04 15:00:00,77.67500000000001
2025-02-04 16:00:00,77.87500000000001
2025-02-04 17:00:00,78.00000000000001
2025-02-04 18:00:00,77.9
2025-02-04 19:00:00,77.80000000000001
2025-02-04 23:00:00,77.80000000000001
2025-02-05 14:30:00,79.37500000000001
2025-02-05 15:00:00,79.575
2025-02-05 16:00:00,78.92500000000001
2025-02-05 17:00:00,79.55000000000001
2025-02-05 18:00:00,79.9
2025-02-05 19:00:00,79.95
2025-02-05 23:00:00,79.95
2025-02-06 14:30:00,79.7
2025-02-06 15:00:00,79.45
2025-02-06 16:00:00,79.80000000000001
2025-02-06 17:00:00,79.97500000000001
2025-02-06 18:00:00,79.85000000000001
2025-02-06 19:00:00,79.85000000000001
2025-02-06 23:00:00,79.85000000000001
2025-02-07 14:30:00,79.72500000000001
2025-02-07 15:00:00,79.92500000000001
2025-02-07 16:00:00,80.22500000000001
2025-02-07 17:00:00,79.92500000000001
2025-02-07 18:00:00,80.15
2025-02-07 19:00:00,80.075
2025-02-07 23:00:00,80.075
2025-02-10 14:30:00,80.62500000000001
2025-02-10 15:00:00,79.4
2025-02-10 16:00:00,79.67500000000001
2025-02-10 17:00:00,79.95
2025-02-10 18:00:00,79.95
2025-02-10 19:00:00,79.92500000000001
2025-02-10 23:00:00,79.92500000000001
2025-02-11 14:30:00,80.00000000000001
2025-02-11 15:00:00,80.2
2025-02-11 16:00:00,80.00000000000001
2025-02-11 17:00:00,80.17500000000001
2025-02-11 18:00:00,80.60000000000001
2025-02-11 19:00:00,80.62500000000001
2025-02-11 23:00:00,80.62500000000001
2025-02-12 14:30:00,81.72500000000001
2025-02-12 15:00:00,81.92500000000001
2025-02-12 16:00:00,81.85000000000001
2025-02-12 17:00:00,81.825
2025-02-12 18:00:00,81.92500000000001
2025-02-12 19:00:00,81.825
2025-02-12 23:00:00,81.825
2025-02-13 14:30:00,81.75000000000001
2025-02-13 15:00:00,81.97500000000001
2025-02-13 16:00:00,82.10000000000001
2025-02-13 17:00:00,81.65
2025-02-13 18:00:00,81.2
2025-02-13 19:00:00,81.2
2025-02-13 23:00:00,81.2
2025-02-14 14:30:00,81.80000000000001
2025-02-14 15:00:00,81.42500000000001
2025-02-14 16:00:00,81.575
2025-02-14 17:00:00,81.10000000000001
2025-02-14 18:00:00,80.62500000000001
2025-02-14 19:00:00,80.60000000000001
2025-02-14 23:00:00,80.60000000000001
2025-02-18 14:30:00,81.87500000000001
2025-02-18 15:00:00,82.075
2025-02-18 16:00:00,81.80000000000001
2025-02-18 17:00:00,81.30000000000001
2025-02-18 18:00:00,81.22500000000001
2025-02-18 19:00:00,81.275
2025-02-18 23:00:00,81.275
2025-02-19 14:30:00,79.9
2025-02-19 15:00:00,79.87500000000001
2025-02-19 16:00:00,78.2
2025-02-19 17:00:00,78.15
2025-02-19 18:00:00,77.55000000000001
2025-02-19 19:00:00,77.575
2025-02-19 23:00:00,77.575
2025-02-20 14:30:00,77.55000000000001
2025-02-20 15:00:00,76.87500000000001
2025-02-20 16:00:00,76.65
2025-02-20 17:00:00,76.525
2025-02-20 18:00:00,76.25000000000001
2025-02-20 19:00:00,76.4
2025-02-20 23:00:00,76.4
2025-02-21 14:30:00,76.15
2025-02-21 15:00:00,76.025
2025-02-21 16:00:00,76.97500000000001
2025-02-21 17:00:00,76.80000000000001
2025-02-21 18:00:00,76.575
2025-02-21 19:00:00,76.60000000000001
2025-02-21 23:00:00,76.60000000000001
2025-02-24 14:30:00,76.25000000000001
2025-02-24 15:00:00,76.67500000000001
2025-02-24 16:00:00,76.65
2025-02-24 17:00:00,76.275
2025-02-24 18:00:00,75.9
2025-02-24 19:00:00,75.92500000000001
2025-02-24 23:00:00,75.92500000000001
2025-02-25 14:30:00,75.22500000000001
2025-02-25 15:00:00,75.2
2025-02-25 16:00:00,74.85000000000001
2025-02-25 17:00:00,75.075
2025-02-25 18:00:00,75.05000000000001
2025-02-25 19:00:00,75.15
2025-02-25 23:00:00,75.15
2025-02-26 14:30:00,75.85000000000001
2025-02-26 15:00:00,75.325
2025-02-26 16:00:00,75.85000000000001
2025-02-26 17:00:00,76.35000000000001
2025-02-26 18:00:00,76.85000000000001
2025-02-26 19:00:00,76.80000000000001
2025-02-26 23:00:00,76.80000000000001
2025-02-27 14:30:00,75.25000000000001
2025-02-27 15:00:00,73.95
2025-02-27 16:00:00,73.67500000000001
2025-02-27 17:00:00,73.47500000000001
2025-02-27 18:00:00,73.525
2025-02-27 19:00:00,73.525
2025-02-27 23:00:00,73.525
2025-02-28 14:30:00,73.42500000000001
2025-02-28 15:00:00,73.30000000000001
2025-02-28 16:00:00,73.15
2025-02-28 17:00:00,72.97500000000001
2025-02-28 18:00:00,71.2
2025-02-28 19:00:00,71.50000000000001
2025-02-28 23:00:00,71.50000000000001
2025-03-03 14:30:00,70.775
2025-03-03 15:00:00,70.95
2025-03-03 16:00:00,71.4
2025-03-03 17:00:00,71.72500000000001
2025-03-03 18:00:00,71.35000000000001
2025-03-03 19:00:00,71.37500000000001
2025-03-03 23:00:00,71.37500000000001
2025-03-04 14:30:00,68.97500000000001
2025-03-04 15:00:00,69.17500000000001
2025-03-04 16:00:00,68.80000000000001
2025-03-04 17:00:00,68.92500000000001
2025-03-04 18:00:00,69.22500000000001
2025-03-04 19:00:00,69.025
2025-03-04 23:00:00,69.025
2025-03-05 14:30:00,70.10000000000001
2025-03-05 15:00:00,70.025
2025-03-05 16:00:00,70.9
2025-03-05 17:00:00,70.65
2025-03-05 18:00:00,70.60000000000001
2025-03-05 19:00:00,70.60000000000001
2025-03-05 23:00:00,70.60000000000001
2025-03-06 14:30:00,70.25000000000001
2025-03-06 15:00:00,72.42500000000001
2025-03-06 16:00:00,72.55000000000001
2025-03-06 17:00:00,72.45
2025-03-06 18:00:00,73.05000000000001
2025-03-06 19:00:00,72.97500000000001
2025-03-06 23:00:00,72.97500000000001
2025-03-07 14:30:00,74.00000000000001
2025-03-07 15:00:00,74.47500000000001
2025-03-07 16:00:00,73.80000000000001
2025-03-07 17:00:00,74.62500000000001
2025-03-07 18:00:00,74.67500000000001
2025-03-07 19:00:00,74.12500000000001
2025-03-07 23:00:00,74.12500000000001
2025-03-10 13:30:00,74.50000000000001
2025-03-10 14:00:00,73.85000000000001
2025-03-10 15:00:00,74.575
2025-03-10 16:00:00,74.37500000000001
2025-03-10 17:00:00,74.80000000000001
2025-03-10 18:00:00,74.50000000000001
2025-03-10 23:00:00,74.50000000000001
2025-03-11 13:30:00,74.85000000000001
2025-03-11 14:00:00,74.42500000000001
2025-03-11 15:00:00,74.55000000000001
2025-03-11 16:00:00,74.47500000000001
2025-03-11 17:00:00,74.275
2025-03-11 18:00:00,74.325
2025-03-11 23:00:00,74.325
2025-03-12 13:30:00,74.825
2025-03-12 14:00:00,74.85000000000001
2025-03-12 15:00:00,74.525
2025-03-12 16:00:00,74.47500000000001
2025-03-12 17:00:00,74.72500000000001
2025-03-12 18:00:00,74.80000000000001
2025-03-12 23:00:00,74.80000000000001
2025-03-13 13:30:00,73.30000000000001
2025-03-13 14:00:00,72.575
2025-03-13 15:00:00,73.12500000000001
2025-03-13 16:00:00,72.50000000000001
2025-03-13 17:00:00,72.15
2025-03-13 18:00:00,72.10000000000001
2025-03-13 23:00:00,72.10000000000001
2025-03-14 13:30:00,71.67500000000001
2025-03-14 14:00:00,72.325
2025-03-14 15:00:00,72.30000000000001
2025-03-14 16:00:00,72.2
2025-03-14 17:00:00,72.30000000000001
2025-03-14 18:00:00,72.12500000000001
2025-03-14 23:00:00,72.12500000000001
2025-03-17 13:30:00,74.4
2025-03-17 14:00:00,74.4
2025-03-17 15:00:00,75.15
2025-03-17 16:00:00,75.025
2025-03-17 17:00:00,75.10000000000001
2025-03-17 18:00:00,75.25000000000001
2025-03-17 23:00:00,75.25000000000001
2025-03-18 13:30:00,74.17500000000001
2025-03-18 14:00:00,73.72500000000001
2025-03-18 15:00:00,72.62500000000001
2025-03-18 16:00:00,72.60000000000001
2025-03-18 17:00:00,73.25000000000001
2025-03-18 18:00:00,73.17500000000001
2025-03-18 23:00:00,73.17500000000001
2025-03-19 13:30:00,72.9
2025-03-19 14:00:00,73.05000000000001
2025-03-19 15:00:00,72.92500000000001
2025-03-19 16:00:00,72.42500000000001
2025-03-19 17:00:00,72.50000000000001
2025-03-19 18:00:00,72.50000000000001
2025-03-19 23:00:00,72.50000000000001
2025-03-20 13:30:00,73.42500000000001
2025-03-20 14:00:00,73.10000000000001
2025-03-20 15:00:00,72.55000000000001
2025-03-20 16:00:00,71.9
2025-03-20 17:00:00,72.2
2025-03-20 18:00:00,72.37500000000001
2025-03-20 23:00:00,72.22500000000001
2025-03-21 13:30:00,73.525
2025-03-21 14:00:00,73.85000000000001
2025-03-21 15:00:00,74.12500000000001
2025-03-21 16:00:00,74.4
2025-03-21 17:00:00,73.42500000000001
2025-03-21 18:00:00,73.35000000000001
2025-03-21 23:00:00,73.45
2025-03-24 13:30:00,70.60000000000001
2025-03-24 14:00:00,71.30000000000001
2025-03-24 15:00:00,72.22500000000001
2025-03-24 16:00:00,72.05000000000001
2025-03-24 17:00:00,71.775
2025-03-24 18:00:00,71.72500000000001
2025-03-24 23:00:00,71.775
2025-03-25 13:30:00,73.87500000000001
2025-03-25 14:00:00,74.05000000000001
2025-03-25 15:00:00,73.30000000000001
2025-03-25 16:00:00,72.325
2025-03-25 17:00:00,72.17500000000001
2025-03-25 18:00:00,72.275
2025-03-25 23:00:00,72.22500000000001
2025-03-26 13:30:00,71.9
2025-03-26 14:00:00,72.60000000000001
2025-03-26 15:00:00,73.30000000000001
2025-03-26 16:00:00,72.95
2025-03-26 17:00:00,72.575
2025-03-26 18:00:00,72.62500000000001
2025-03-26 23:00:00,72.525
2025-03-27 13:30:00,70.67500000000001
2025-03-27 14:00:00,70.67500000000001
2025-03-27 15:00:00,70.35000000000001
2025-03-27 16:00:00,70.75000000000001
2025-03-27 17:00:00,72.12500000000001
2025-03-27 18:00:00,72.2
2025-03-27 23:00:00,72.15
2025-03-28 13:30:00,73.37500000000001
2025-03-28 14:00:00,72.72500000000001
2025-03-28 15:00:00,72.50000000000001
2025-03-28 16:00:00,72.12500000000001
2025-03-28 17:00:00,71.7
2025-03-28 18:00:00,71.75000000000001
2025-03-28 23:00:00,71.75000000000001
2025-03-31 14:30:00,70.2
2025-03-31 15:00:00,71.67500000000001
2025-03-31 16:00:00,71.50000000000001
2025-03-31 17:00:00,71.42500000000001
2025-03-31 18:00:00,71.275
2025-03-31 19:00:00,71.50000000000001
2025-03-31 23:00:00,71.25000000000001
2025-04-01 14:30:00,71.47500000000001
2025-04-01 15:00:00,72.95
2025-04-01 16:00:00,73.7
2025-04-01 17:00:00,73.60000000000001
2025-04-01 18:00:00,72.95
2025-04-01 19:00:00,73.10000000000001
2025-04-01 23:00:00,73.00000000000001
2025-04-02 14:30:00,72.22500000000001
2025-04-02 15:00:00,71.575
2025-04-02 16:00:00,71.85000000000001
2025-04-02 17:00:00,71.95
2025-04-02 18:00:00,72.50000000000001
2025-04-02 19:00:00,72.525
2025-04-02 19:00:01,72.525
2025-04-02 23:00:00,72.47500000000001
2025-04-03 14:30:00,71.5
2025-04-03 15:00:00,72.7
2025-04-03 16:00:00,71.525
2025-04-03 17:00:00,71.60000000000001
2025-04-03 18:00:00,71.72500000000001
2025-04-03 19:00:00,71.55000000000001
2025-04-03 23:00:00,71.65
2025-04-04 14:30:00,69.55000000000001
2025-04-04 15:00:00,68.17500000000001
2025-04-04 16:00:00,67.95
2025-04-04 17:00:00,67.75
2025-04-04 18:00:00,67.65
2025-04-04 19:00:00,67.65
2025-04-04 23:00:00,67.65
2025-04-07 14:30:00,67.80000000000001
2025-04-07 15:00:00,65.92500000000001
2025-04-07 16:00:00,65.17500000000001
2025-04-07 17:00:00,65.325
2025-04-07 18:00:00,65.45
2025-04-07 19:00:00,65.7
2025-04-07 23:00:00,65.5
2025-04-08 14:30:00,66.67500000000001
2025-04-08 15:00:00,66.075
2025-04-08 16:00:00,65.775
2025-04-08 17:00:00,65.075
2025-04-08 18:00:00,64.95
2025-04-08 19:00:00,64.97500000000001
2025-04-08 23:00:00,64.85000000000001
2025-04-09 14:30:00,65.125
2025-04-09 15:00:00,65.15
2025-04-09 16:00:00,65.05000000000001
2025-04-09 17:00:00,65.42500000000001
2025-04-09 18:00:00,67.075
2025-04-09 19:00:00,66.95
2025-04-09 23:00:00,66.92500000000001
2025-04-10 14:30:00,67.4
2025-04-10 15:00:00,68.92500000000001
2025-04-10 16:00:00,68.30000000000001
2025-04-10 17:00:00,68.72500000000001
2025-04-10 18:00:00,68.80000000000001
2025-04-10 19:00:00,68.65
2025-04-10 23:00:00,68.775
2025-04-11 14:30:00,69.42500000000001
2025-04-11 15:00:00,69.55000000000001
2025-04-11 16:00:00,69.47500000000001
2025-04-11 17:00:00,69.60000000000001
2025-04-11 18:00:00,69.275
2025-04-11 19:00:00,69.275
2025-04-11 23:00:00,69.25
2025-04-14 14:30:00,70.525
2025-04-14 15:00:00,70.72500000000001
2025-04-14 16:00:00,70.65
2025-04-14 17:00:00,71.17500000000001
2025-04-14 18:00:00,71.125
2025-04-14 19:00:00,71.075
2025-04-14 23:00:00,71.15
2025-04-15 14:30:00,71.17500000000001
2025-04-15 15:00:00,71.825
2025-04-15 16:00:00,71.10000000000001
2025-04-15 17:00:00,71.22500000000001
2025-04-15 18:00:00,71.075
2025-04-15 19:00:00,71.0
2025-04-15 23:00:00,71.125
2025-04-16 14:30:00,72.22500000000001
2025-04-16 15:00:00,72.575
2025-04-16 16:00:00,73.325
2025-04-16 17:00:00,73.525
2025-04-16 18:00:00,73.575
2025-04-16 19:00:00,73.55000000000001
2025-04-16 23:00:00,73.55000000000001
2025-04-17 14:30:00,73.30000000000001
2025-04-17 15:00:00,73.7
2025-04-17 16:00:00,74.125
2025-04-17 17:00:00,74.025
2025-04-17 18:00:00,73.7
2025-04-17 19:00:00,73.67500000000001
2025-04-17 23:00:00,73.75
2025-04-21 14:30:00,74.375
2025-04-21 15:00:00,73.75
2025-04-21 16:00:00,74.0
2025-04-21 17:00:00,73.55000000000001
2025-04-21 18:00:00,73.85000000000001
2025-04-21 19:00:00,73.9
2025-04-21 23:00:00,73.9
2025-04-22 14:30:00,74.75
2025-04-22 15:00:00,75.2
2025-04-22 16:00:00,76.05000000000001
2025-04-22 17:00:00,76.17500000000001
2025-04-22 18:00:00,75.875
2025-04-22 19:00:00,76.025
2025-04-22 23:00:00,75.92500000000001
2025-04-23 14:30:00,76.4
2025-04-23 15:00:00,75.775
2025-04-23 16:00:00,76.2
2025-04-23 17:00:00,76.275
2025-04-23 18:00:00,75.92500000000001
2025-04-23 19:00:00,75.7
2025-04-23 23:00:00,75.95
2025-04-24 14:30:00,75.2
2025-04-24 15:00:00,75.2
2025-04-24 16:00:00,75.4
2025-04-24 17:00:00,75.55000000000001
2025-04-24 18:00:00,75.72500000000001
2025-04-24 19:00:00,75.67500000000001
2025-04-24 23:00:00,75.7
2025-04-25 14:30:00,75.72500000000001
2025-04-25 15:00:00,75.92500000000001
2025-04-25 16:00:00,76.30000000000001
2025-04-25 17:00:00,76.75
2025-04-25 18:00:00,76.72500000000001
2025-04-25 19:00:00,76.7
2025-04-25 23:00:00,76.825
2025-04-28 14:30:00,76.45
2025-04-28 15:00:00,76.75
2025-04-28 16:00:00,77.275
2025-04-28 17:00:00,76.45
2025-04-28 18:00:00,76.95
2025-04-28 19:00:00,77.0
2025-04-28 23:00:00,76.875
2025-04-29 14:30:00,76.05000000000001
2025-04-29 15:00:00,76.2
2025-04-29 16:00:00,76.22500000000001
2025-04-29 17:00:00,75.775
2025-04-29 18:00:00,75.22500000000001
2025-04-29 19:00:00,75.22500000000001
2025-04-29 23:00:00,75.25
2025-04-30 14:30:00,74.55000000000001
2025-04-30 15:00:00,75.65
2025-04-30 16:00:00,74.10000000000001
2025-04-30 17:00:00,73.85000000000001
2025-04-30 18:00:00,74.25
2025-04-30 19:00:00,74.25
2025-04-30 23:00:00,74.25
2025-05-01 14:30:00,74.17500000000001
2025-05-01 15:00:00,74.10000000000001
2025-05-01 16:00:00,74.30000000000001
2025-05-01 17:00:00,74.55000000000001
2025-05-01 18:00:00,74.625
2025-05-01 19:00:00,74.575
2025-05-01 23:00:00,74.575
2025-05-02 14:30:00,74.55000000000001
2025-05-02 15:00:00,75.25
2025-05-02 16:00:00,75.9
2025-05-02 17:00:00,76.375
2025-05-02 18:00:00,76.375
2025-05-02 19:00:00,76.375
2025-05-02 23:00:00,76.35000000000001
2025-05-05 14:30:00,75.7
2025-05-05 15:00:00,75.95
2025-05-05 16:00:00,76.42500000000001
2025-05-05 17:00:00,76.30000000000001
2025-05-05 18:00:00,76.0
2025-05-05 19:00:00,76.025
2025-05-05 19:00:01,76.025
2025-05-05 23:00:00,76.125
2025-05-06 14:30:00,74.675
2025-05-06 15:00:00,75.075
2025-05-06 16:00:00,75.075
2025-05-06 17:00:00,75.0
2025-05-06 18:00:00,75.35000000000001
2025-05-06 19:00:00,75.25
2025-05-06 23:00:00,75.325
2025-05-07 14:30:00,75.35000000000001
2025-05-07 15:00:00,75.15
2025-05-07 16:00:00,75.025
2025-05-07 17:00:00,74.85000000000001
2025-05-07 18:00:00,75.10000000000001
2025-05-07 19:00:00,75.22500000000001
2025-05-07 23:00:00,75.125
2025-05-08 14:30:00,75.125
2025-05-08 15:00:00,75.425
2025-05-08 16:00:00,75.275
2025-05-08 17:00:00,75.4
2025-05-08 18:00:00,75.72500000000001
2025-05-08 19:00:00,75.75
2025-05-08 23:00:00,75.72500000000001
2025-05-09 14:30:00,75.575
2025-05-09 15:00:00,75.65
2025-05-09 16:00:00,76.35000000000001
2025-05-09 17:00:00,76.525
2025-05-09 18:00:00,76.275
2025-05-09 19:00:00,76.325
2025-05-09 23:00:00,76.325
2025-05-12 14:30:00,78.075
2025-05-12 15:00:00,78.25
2025-05-12 16:00:00,78.125
2025-05-12 17:00:00,78.2
2025-05-12 18:00:00,78.525
2025-05-12 19:00:00,78.325
2025-05-12 23:00:00,78.525
2025-05-13 14:30:00,78.45
2025-05-13 15:00:00,78.9
2025-05-13 16:00:00,79.025
2025-05-13 17:00:00,79.325
2025-05-13 18:00:00,79.3
2025-05-13 19:00:00,79.175
2025-05-13 23:00:00,79.325
2025-05-14 14:30:00,78.95
2025-05-14 15:00:00,78.5
2025-05-14 16:00:00,79.125
2025-05-14 17:00:00,78.85000000000001
2025-05-14 18:00:00,78.8
2025-05-14 19:00:00,78.825
2025-05-14 23:00:00,78.85000000000001
2025-05-15 14:30:00,78.375
2025-05-15 15:00:00,78.075
2025-05-15 16:00:00,79.0
2025-05-15 17:00:00,80.05
2025-05-15 18:00:00,80.525
2025-05-15 19:00:00,80.55
2025-05-15 23:00:00,80.55
2025-05-16 14:30:00,81.10000000000001
2025-05-16 15:00:00,81.075
2025-05-16 16:00:00,80.775
2025-05-16 17:00:00,81.025
2025-05-16 18:00:00,80.775
2025-05-16 19:00:00,80.925
2025-05-16 23:00:00,80.825
2025-05-19 14:30:00,80.375
2025-05-19 15:00:00,80.575
2025-05-19 16:00:00,80.425
2025-05-19 17:00:00,80.35000000000001
2025-05-19 18:00:00,80.325
2025-05-19 19:00:00,80.35000000000001
2025-05-19 23:00:00,80.3
2025-05-20 14:30:00,79.4
2025-05-20 15:00:00,79.575
2025-05-20 16:00:00,79.5
2025-05-20 17:00:00,79.825
2025-05-20 18:00:00,80.125
2025-05-20 19:00:00,80.15
2025-05-20 23:00:00,80.2
2025-05-21 14:30:00,79.925
2025-05-21 15:00:00,80.2
2025-05-21 16:00:00,80.65
2025-05-21 17:00:00,80.15
2025-05-21 18:00:00,79.45
2025-05-21 19:00:00,79.675
2025-05-21 23:00:00,79.55
2025-05-22 14:30:00,79.875
2025-05-22 15:00:00,79.5
2025-05-22 16:00:00,79.625
2025-05-22 17:00:00,79.175
2025-05-22 18:00:00,79.15
2025-05-22 19:00:00,79.25
2025-05-22 23:00:00,79.2
2025-05-23 14:30:00,79.4
2025-05-23 15:00:00,78.35000000000001
2025-05-23 16:00:00,78.125
2025-05-23 17:00:00,78.15
2025-05-23 18:00:00,78.45
2025-05-23 19:00:00,78.60000000000001
2025-05-23 23:00:00,78.47500000000001
2025-05-27 14:30:00,78.125
2025-05-27 15:00:00,78.0
2025-05-27 16:00:00,78.5
2025-05-27 17:00:00,78.35000000000001
2025-05-27 18:00:00,79.3
2025-05-27 19:00:00,79.5
2025-05-27 23:00:00,79.375
2025-05-28 14:30:00,80.625
2025-05-28 15:00:00,80.55
2025-05-28 16:00:00,79.72500000000001
2025-05-28 17:00:00,80.3
2025-05-28 18:00:00,80.72500000000001
2025-05-28 19:00:00,80.775
2025-05-28 23:00:00,80.72500000000001
2025-05-29 14:30:00,80.575
2025-05-29 15:00:00,80.65
2025-05-29 16:00:00,80.7
2025-05-29 17:00:00,80.675
2025-05-29 18:00:00,80.625
2025-05-29 19:00:00,80.65
2025-05-29 23:00:00,80.60000000000001
2025-05-30 14:30:00,80.97500000000001
2025-05-30 15:00:00,81.72500000000001
2025-05-30 16:00:00,82.10000000000001
2025-05-30 17:00:00,82.175
2025-05-30 18:00:00,82.22500000000001
2025-05-30 19:00:00,82.10000000000001
2025-05-30 23:00:00,82.22500000000001
2025-06-02 14:30:00,82.675
2025-06-02 15:00:00,83.075
2025-06-02 16:00:00,83.25
2025-06-02 17:00:00,83.15
2025-06-02 18:00:00,83.025
2025-06-02 19:00:00,82.97500000000001
2025-06-02 23:00:00,83.10000000000001
2025-06-03 14:30:00,83.075
2025-06-03 15:00:00,83.525
2025-06-03 16:00:00,83.75
2025-06-03 17:00:00,83.425
2025-06-03 18:00:00,83.72500000000001
2025-06-03 19:00:00,83.47500000000001
2025-06-03 23:00:00,83.65
2025-06-04 14:30:00,83.425
2025-06-04 15:00:00,84.275
2025-06-04 16:00:00,84.65
2025-06-04 17:00:00,84.575
2025-06-04 18:00:00,84.7
2025-06-04 19:00:00,84.60000000000001
2025-06-04 23:00:00,84.7
2025-06-05 14:30:00,84.425
2025-06-05 15:00:00,84.55
2025-06-05 16:00:00,84.175
2025-06-05 17:00:00,84.22500000000001
2025-06-05 18:00:00,84.22500000000001
2025-06-05 19:00:00,84.0
2025-06-05 19:00:01,84.0
2025-06-05 23:00:00,84.15
2025-06-06 14:30:00,84.45
2025-06-06 15:00:00,84.575
2025-06-06 16:00:00,84.72500000000001
2025-06-06 17:00:00,85.22500000000001
2025-06-06 18:00:00,85.65
2025-06-06 19:00:00,85.775
2025-06-06 23:00:00,85.65
2025-06-09 14:30:00,86.025
2025-06-09 15:00:00,86.25
2025-06-09 16:00:00,86.375
2025-06-09 17:00:00,86.775
2025-06-09 18:00:00,86.3
2025-06-09 19:00:00,86.125
2025-06-09 23:00:00,86.375
2025-06-10 14:30:00,86.125
2025-06-10 15:00:00,86.275
2025-06-10 16:00:00,85.72500000000001
2025-06-10 17:00:00,85.575
2025-06-10 18:00:00,86.275
2025-06-10 19:00:00,86.22500000000001
2025-06-10 23:00:00,86.175
2025-06-11 14:30:00,86.65
2025-06-11 15:00:00,87.2
2025-06-11 16:00:00,86.97500000000001
2025-06-11 17:00:00,86.60000000000001
2025-06-11 18:00:00,86.8
2025-06-11 19:00:00,86.97500000000001
2025-06-11 23:00:00,86.825
2025-06-12 14:30:00,87.125
2025-06-12 15:00:00,87.25
2025-06-12 16:00:00,87.375
2025-06-12 17:00:00,87.075
2025-06-12 18:00:00,86.97500000000001
2025-06-12 19:00:00,86.925
2025-06-12 23:00:00,87.0
2025-06-13 14:30:00,86.325
2025-06-13 15:00:00,86.10000000000001
2025-06-13 16:00:00,87.025
2025-06-13 17:00:00,87.10000000000001
2025-06-13 18:00:00,87.275
2025-06-13 19:00:00,87.22500000000001
2025-06-13 23:00:00,87.275
2025-06-16 14:30:00,88.175
2025-06-16 15:00:00,88.275
2025-06-16 16:00:00,88.625
2025-06-16 17:00:00,88.65
2025-06-16 18:00:00,89.25
2025-06-16 19:00:00,89.45
2025-06-16 23:00:00,89.25
2025-06-17 14:30:00,89.175
2025-06-17 15:00:00,88.9
2025-06-17 16:00:00,88.625
2025-06-17 17:00:00,88.675
2025-06-17 18:00:00,88.25
2025-06-17 19:00:00,88.15
2025-06-17 23:00:00,88.25
2025-06-18 14:30:00,88.35000000000001
2025-06-18 15:00:00,88.575
2025-06-18 16:00:00,87.95
2025-06-18 17:00:00,88.25
2025-06-18 18:00:00,88.25
2025-06-18 19:00:00,88.35000000000001
2025-06-18 23:00:00,88.22500000000001
2025-06-20 14:30:00,87.925
2025-06-20 15:00:00,88.2
2025-06-20 16:00:00,89.45
2025-06-20 17:00:00,89.175
2025-06-20 18:00:00,89.05
2025-06-20 19:00:00,88.85000000000001
2025-06-20 23:00:00,89.10000000000001
2025-06-23 14:30:00,88.85000000000001
2025-06-23 15:00:00,89.45
2025-06-23 16:00:00,89.72500000000001
2025-06-23 17:00:00,89.7
2025-06-23 18:00:00,89.925
2025-06-23 19:00:00,89.8
2025-06-23 23:00:00,89.95
2025-06-24 14:30:00,88.95
2025-06-24 15:00:00,88.85000000000001
2025-06-24 16:00:00,88.72500000000001
2025-06-24 17:00:00,88.825
2025-06-24 18:00:00,88.47500000000001
2025-06-24 19:00:00,88.4
2025-06-24 23:00:00,88.55
2025-06-25 14:30:00,88.125
2025-06-25 15:00:00,88.55
2025-06-25 16:00:00,88.325
2025-06-25 17:00:00,88.45
2025-06-25 18:00:00,88.775
2025-06-25 19:00:00,88.75
2025-06-25 23:00:00,88.8
2025-06-26 14:30:00,88.55
2025-06-26 15:00:00,88.275
2025-06-26 16:00:00,88.375
2025-06-26 17:00:00,87.95
2025-06-26 18:00:00,87.925
2025-06-26 19:00:00,87.95
2025-06-26 23:00:00,87.95
2025-06-27 14:30:00,86.425
2025-06-27 15:00:00,86.525
2025-06-27 16:00:00,86.9
2025-06-27 17:00:00,87.4
2025-06-27 18:00:00,87.72500000000001
2025-06-27 19:00:00,87.55
2025-06-27 23:00:00,87.7
2025-06-30 14:30:00,85.9
2025-06-30 15:00:00,85.65
2025-06-30 16:00:00,85.825
2025-06-30 17:00:00,85.5
2025-06-30 18:00:00,85.5
2025-06-30 19:00:00,85.3
2025-06-30 23:00:00,85.47500000000001
2025-07-01 14:30:00,85.875
2025-07-01 15:00:00,85.775
2025-07-01 16:00:00,85.25
2025-07-01 17:00:00,85.5
2025-07-01 18:00:00,85.575
2025-07-01 19:00:00,85.47500000000001
2025-07-01 23:00:00,85.65
2025-07-02 14:30:00,85.175
2025-07-02 15:00:00,85.05
2025-07-02 16:00:00,85.275
2025-07-02 17:00:00,85.72500000000001
2025-07-02 18:00:00,86.05
2025-07-02 19:00:00,86.0
2025-07-02 23:00:00,86.075
2025-07-03 14:30:00,85.925
2025-07-03 15:00:00,85.55
2025-07-03 16:00:00,85.825
2025-07-03 17:00:00,84.8
2025-07-03 23:00:00,84.8
2025-07-07 14:30:00,85.825
2025-07-07 15:00:00,85.525
2025-07-07 16:00:00,85.925
2025-07-07 17:00:00,86.10000000000001
2025-07-07 18:00:00,85.95
2025-07-07 19:00:00,86.05
2025-07-07 23:00:00,86.05
2025-07-08 14:30:00,85.875
2025-07-08 15:00:00,85.425
2025-07-08 16:00:00,85.55
2025-07-08 17:00:00,85.825
2025-07-08 18:00:00,86.0
2025-07-08 19:00:00,86.125
2025-07-08 23:00:00,86.125
2025-07-09 14:30:00,86.625
2025-07-09 15:00:00,86.85000000000001
2025-07-09 16:00:00,87.05
2025-07-09 17:00:00,87.025
2025-07-09 18:00:00,86.9
2025-07-09 19:00:00,87.075
2025-07-09 23:00:00,87.075
2025-07-10 14:30:00,86.825
2025-07-10 15:00:00,86.075
2025-07-10 16:00:00,85.925
2025-07-10 17:00:00,85.60000000000001
2025-07-10 18:00:00,85.4
2025-07-10 19:00:00,85.425
2025-07-10 23:00:00,85.425
2025-07-11 14:30:00,85.9
2025-07-11 15:00:00,85.55
2025-07-11 16:00:00,84.8
2025-07-11 17:00:00,84.55
2025-07-11 18:00:00,83.675
2025-07-11 19:00:00,83.875
2025-07-11 23:00:00,83.875
2025-07-14 14:30:00,82.85000000000001
2025-07-14 15:00:00,81.275
2025-07-14 16:00:00,80.72500000000001
2025-07-14 17:00:00,81.25
2025-07-14 18:00:00,80.75
2025-07-14 19:00:00,80.8
2025-07-14 23:00:00,80.8
2025-07-15 14:30:00,80.47500000000001
2025-07-15 15:00:00,79.22500000000001
2025-07-15 16:00:00,79.575
2025-07-15 17:00:00,80.175
2025-07-15 18:00:00,80.60000000000001
2025-07-15 19:00:00,80.575
2025-07-15 23:00:00,80.575
2025-07-16 14:30:00,81.55
2025-07-16 15:00:00,81.55
2025-07-16 16:00:00,82.075
2025-07-16 17:00:00,81.8
2025-07-16 18:00:00,81.575
2025-07-16 19:00:00,81.72500000000001
2025-07-16 23:00:00,81.72500000000001
2025-07-17 14:30:00,82.25
2025-07-17 15:00:00,83.22500000000001
2025-07-17 16:00:00,83.275
2025-07-17 17:00:00,83.575
2025-07-17 18:00:00,83.72500000000001
2025-07-17 19:00:00,83.9
2025-07-17 23:00:00,83.9
2025-07-18 14:30:00,83.525
2025-07-18 15:00:00,83.7
2025-07-18 16:00:00,82.825
2025-07-18 17:00:00,83.55
2025-07-18 18:00:00,83.7
2025-07-18 19:00:00,83.7
2025-07-18 23:00:00,83.7
2025-07-21 14:30:00,82.55
2025-07-21 15:00:00,82.85000000000001
2025-07-21 16:00:00,83.425
2025-07-21 17:00:00,83.4
2025-07-21 18:00:00,84.075
2025-07-21 19:00:00,84.0
2025-07-21 23:00:00,84.0
2025-07-22 14:30:00,83.72500000000001
2025-07-22 15:00:00,83.8
2025-07-22 16:00:00,83.825
2025-07-22 17:00:00,83.8
2025-07-22 18:00:00,83.575
2025-07-22 19:00:00,83.525
2025-07-22 23:00:00,83.525
2025-07-23 14:30:00,82.95
2025-07-23 15:00:00,82.85000000000001
2025-07-23 16:00:00,83.025
2025-07-23 17:00:00,83.125
2025-07-23 18:00:00,83.97500000000001
2025-07-23 19:00:00,83.925
2025-07-23 23:00:00,83.925
2025-07-24 14:30:00,83.675
2025-07-24 15:00:00,84.025
2025-07-24 16:00:00,84.9
2025-07-24 17:00:00,84.675
2025-07-24 18:00:00,84.175
2025-07-24 19:00:00,84.05
2025-07-24 23:00:00,84.05
2025-07-25 14:30:00,83.8
2025-07-25 15:00:00,83.05
2025-07-25 16:00:00,82.625
2025-07-25 17:00:00,83.275
2025-07-25 18:00:00,83.65
2025-07-25 19:00:00,83.60000000000001
2025-07-25 23:00:00,83.60000000000001
2025-07-28 14:30:00,83.525
2025-07-28 15:00:00,83.45
2025-07-28 16:00:00,83.575
2025-07-28 17:00:00,83.675
2025-07-28 18:00:00,83.95
2025-07-28 19:00:00,83.75
2025-07-28 23:00:00,83.75
2025-07-29 14:30:00,82.0
2025-07-29 15:00:00,82.275
2025-07-29 16:00:00,81.775
2025-07-29 17:00:00,81.72500000000001
2025-07-29 18:00:00,81.75
2025-07-29 19:00:00,81.60000000000001
2025-07-29 23:00:00,81.60000000000001
2025-07-30 14:30:00,82.05
2025-07-30 15:00:00,81.65
2025-07-30 16:00:00,82.625
2025-07-30 17:00:00,82.275
2025-07-30 18:00:00,82.2
2025-07-30 19:00:00,82.375
2025-07-30 23:00:00,82.375
2025-07-31 14:30:00,82.8
2025-07-31 15:00:00,82.825
2025-07-31 16:00:00,82.9
2025-07-31 17:00:00,82.47500000000001
2025-07-31 18:00:00,82.65
2025-07-31 19:00:00,82.625
2025-07-31 23:00:00,82.625
2025-08-01 14:30:00,81.95
2025-08-01 15:00:00,82.10000000000001
2025-08-01 16:00:00,82.425
2025-08-01 17:00:00,83.325
2025-08-01 18:00:00,83.125
2025-08-01 19:00:00,83.2
2025-08-01 23:00:00,83.2
2025-08-04 14:30:00,83.625
2025-08-04 15:00:00,84.2
2025-08-04 16:00:00,83.875
2025-08-04 17:00:00,83.72500000000001
2025-08-04 18:00:00,83.95
2025-08-04 19:00:00,83.925
2025-08-04 23:00:00,83.925
2025-08-05 14:30:00,84.47500000000001
2025-08-05 15:00:00,85.72500000000001
2025-08-05 16:00:00,85.85000000000001
2025-08-05 17:00:00,85.95
2025-08-05 18:00:00,85.875
2025-08-05 19:00:00,85.85000000000001
2025-08-05 23:00:00,85.85000000000001
2025-08-06 14:30:00,86.075
2025-08-06 15:00:00,85.175
2025-08-06 16:00:00,84.9
2025-08-06 17:00:00,84.72500000000001
2025-08-06 18:00:00,85.025
2025-08-06 19:00:00,85.0
2025-08-06 23:00:00,85.0
2025-08-07 14:30:00,84.35000000000001
2025-08-07 15:00:00,83.47500000000001
2025-08-07 16:00:00,84.025
2025-08-07 17:00:00,83.825
2025-08-07 18:00:00,83.97500000000001
2025-08-07 19:00:00,83.97500000000001
2025-08-07 23:00:00,83.97500000000001
2025-08-08 14:30:00,83.75
2025-08-08 15:00:00,83.97500000000001
2025-08-08 16:00:00,84.0
2025-08-08 17:00:00,84.075
2025-08-08 18:00:00,83.75
2025-08-08 19:00:00,83.625
2025-08-08 19:00:01,83.625
2025-08-08 23:00:00,83.625
2025-08-11 14:30:00,83.7
2025-08-11 15:00:00,83.825
2025-08-11 16:00:00,83.925
2025-08-11 17:00:00,84.225
2025-08-11 18:00:00,84.225
2025-08-11 19:00:00,84.075
2025-08-11 23:00:00,84.075
2025-08-12 14:30:00,83.85
2025-08-12 15:00:00,84.25
2025-08-12 16:00:00,83.35
2025-08-12 17:00:00,83.95
2025-08-12 18:00:00,83.8
2025-08-12 19:00:00,83.7
2025-08-12 23:00:00,83.7
2025-08-13 14:30:00,83.65
2025-08-13 15:00:00,83.35
2025-08-13 16:00:00,82.55
2025-08-13 17:00:00,82.725
2025-08-13 18:00:00,83.05
2025-08-13 19:00:00,83.05
2025-08-13 23:00:00,83.05
2025-08-14 14:30:00,82.025
2025-08-14 15:00:00,81.5
2025-08-14 16:00:00,81.35
2025-08-14 17:00:00,81.225
2025-08-14 18:00:00,81.725
2025-08-14 19:00:00,81.525
2025-08-14 23:00:00,81.525
2025-08-15 14:30:00,81.9
2025-08-15 15:00:00,82.025
2025-08-15 16:00:00,82.5
2025-08-15 17:00:00,83.15
2025-08-15 18:00:00,82.975
2025-08-15 19:00:00,82.975
2025-08-15 23:00:00,82.975
2025-08-18 14:30:00,83.375
2025-08-18 15:00:00,83.725
2025-08-18 16:00:00,83.85
2025-08-18 17:00:00,83.825
2025-08-18 18:00:00,83.45
2025-08-18 19:00:00,83.425
2025-08-18 23:00:00,83.425
2025-08-19 14:30:00,83.5
2025-08-19 15:00:00,82.85
2025-08-19 16:00:00,82.875
2025-08-19 17:00:00,82.925
2025-08-19 18:00:00,83.0
2025-08-19 19:00:00,83.025
2025-08-19 23:00:00,83.025
2025-08-20 14:30:00,82.1
2025-08-20 15:00:00,82.35
2025-08-20 16:00:00,83.275
2025-08-20 17:00:00,82.9
2025-08-20 18:00:00,82.95
2025-08-20 19:00:00,83.0
2025-08-20 23:00:00,83.0
2025-08-21 14:30:00,83.125
2025-08-21 15:00:00,83.15
2025-08-21 16:00:00,83.075
2025-08-21 17:00:00,83.125
2025-08-21 18:00:00,83.05
2025-08-21 19:00:00,83.075
2025-08-21 23:00:00,83.075
2025-08-22 14:30:00,84.0
2025-08-22 15:00:00,84.325
2025-08-22 16:00:00,84.4
2025-08-22 17:00:00,84.325
2025-08-22 18:00:00,84.35
2025-08-22 19:00:00,84.425
2025-08-22 23:00:00,84.425
2025-08-25 14:30:00,84.475
2025-08-25 15:00:00,84.3
2025-08-25 16:00:00,84.9
2025-08-25 17:00:00,84.8
2025-08-25 18:00:00,84.725
2025-08-25 19:00:00,84.75
2025-08-25 23:00:00,84.75
2025-08-26 14:30:00,85.0
2025-08-26 15:00:00,85.5
2025-08-26 16:00:00,85.475
2025-08-26 17:00:00,85.65
2025-08-26 18:00:00,85.925
2025-08-26 19:00:00,85.85
2025-08-26 23:00:00,85.85
2025-08-27 14:30:00,86.2
2025-08-27 15:00:00,86.85
2025-08-27 16:00:00,87.125
2025-08-27 17:00:00,86.925
2025-08-27 18:00:00,86.5
2025-08-27 19:00:00,86.5
2025-08-27 23:00:00,86.5
2025-08-28 14:30:00,86.775
2025-08-28 15:00:00,86.7
2025-08-28 16:00:00,87.05
2025-08-28 17:00:00,86.95
2025-08-28 18:00:00,86.95
2025-08-28 19:00:00,86.85
2025-08-28 23:00:00,86.85
2025-08-29 14:30:00,86.95
2025-08-29 15:00:00,87.2
2025-08-29 16:00:00,87.675
2025-08-29 17:00:00,87.5
2025-08-29 18:00:00,87.4
2025-08-29 19:00:00,87.475
2025-08-29 23:00:00,87.475
2025-09-02 14:30:00,87.95
2025-09-02 15:00:00,87.925
2025-09-02 16:00:00,88.25
2025-09-02 17:00:00,88.1
2025-09-02 18:00:00,88.175
2025-09-02 19:00:00,88.075
2025-09-02 23:00:00,88.075
2025-09-03 14:30:00,87.8
2025-09-03 15:00:00,87.325
2025-09-03 16:00:00,87.5
2025-09-03 17:00:00,87.225
2025-09-03 18:00:00,87.05
2025-09-03 19:00:00,87.05
2025-09-03 23:00:00,87.05
2025-09-04 14:30:00,87.7
2025-09-04 15:00:00,87.85
2025-09-04 16:00:00,87.55
2025-09-04 17:00:00,87.125
2025-09-04 18:00:00,87.4
2025-09-04 19:00:00,87.375
2025-09-04 23:00:00,87.375
2025-09-05 14:30:00,88.275
2025-09-05 15:00:00,88.375
2025-09-05 16:00:00,88.6
2025-09-05 17:00:00,88.475
2025-09-05 18:00:00,88.325
2025-09-05 19:00:00,88.4
2025-09-05 23:00:00,88.4
2025-09-08 14:30:00,88.2
2025-09-08 15:00:00,88.475
2025-09-08 16:00:00,88.425
2025-09-08 17:00:00,88.2
2025-09-08 18:00:00,88.125
2025-09-08 19:00:00,88.125
2025-09-08 23:00:00,88.125
2025-09-09 14:30:00,88.225
2025-09-09 15:00:00,88.15
2025-09-09 16:00:00,87.75
2025-09-09 17:00:00,88.025
2025-09-09 18:00:00,87.85
2025-09-09 19:00:00,87.8
2025-09-09 23:00:00,87.8
2025-09-10 14:30:00,88.35
2025-09-10 15:00:00,88.25
2025-09-10 16:00:00,88.35
2025-09-10 17:00:00,88.375
2025-09-10 18:00:00,88.275
2025-09-10 19:00:00,88.1
2025-09-10 23:00:00,88.1
2025-09-11 14:30:00,88.85
2025-09-11 15:00:00,88.725
2025-09-11 16:00:00,88.875
2025-09-11 17:00:00,89.15
2025-09-11 18:00:00,89.2
2025-09-11 19:00:00,89.2
2025-09-11 23:00:00,89.2
2025-09-12 14:30:00,89.35
2025-09-12 15:00:00,89.4
2025-09-12 16:00:00,88.575
2025-09-12 17:00:00,88.75
2025-09-12 18:00:00,88.575
2025-09-12 19:00:00,88.575
2025-09-12 23:00:00,88.575
2025-09-15 14:30:00,88.85
2025-09-15 15:00:00,89.125
2025-09-15 16:00:00,89.05
2025-09-15 17:00:00,89.25
2025-09-15 18:00:00,88.85
2025-09-15 19:00:00,88.75
2025-09-15 23:00:00,88.75
2025-09-16 14:30:00,89.15
2025-09-16 15:00:00,88.55
2025-09-16 16:00:00,88.475
2025-09-16 17:00:00,88.375
2025-09-16 18:00:00,88.225
2025-09-16 19:00:00,88.175
2025-09-16 23:00:00,88.175
2025-09-17 14:30:00,87.9
2025-09-17 15:00:00,87.725
2025-09-17 16:00:00,88.2
2025-09-17 17:00:00,87.625
2025-09-17 18:00:00,87.65
2025-09-17 19:00:00,87.7
2025-09-17 23:00:00,87.7
2025-09-18 14:30:00,86.825
2025-09-18 15:00:00,87.575
2025-09-18 16:00:00,87.925
2025-09-18 17:00:00,87.675
2025-09-18 18:00:00,87.675
2025-09-18 19:00:00,87.775
2025-09-18 23:00:00,87.775
2025-09-19 14:30:00,87.825
2025-09-19 15:00:00,87.725
2025-09-19 16:00:00,87.4
2025-09-19 17:00:00,87.625
2025-09-19 18:00:00,87.625
2025-09-19 19:00:00,87.625
2025-09-19 23:00:00,87.625
2025-09-22 14:30:00,88.225
2025-09-22 15:00:00,88.925
2025-09-22 16:00:00,88.625
2025-09-22 17:00:00,88.775
2025-09-22 18:00:00,88.8
2025-09-22 19:00:00,88.7
2025-09-22 23:00:00,88.7
2025-09-23 14:30:00,89.925
2025-09-23 15:00:00,89.95
2025-09-23 16:00:00,89.9
2025-09-23 17:00:00,90.55
2025-09-23 18:00:00,90.675
2025-09-23 19:00:00,90.575
