DATETIME,price
2003-06-13 05:00:00,0.28055050000000037
2003-06-16 05:00:00,0.2826504000000004
2003-06-17 05:00:00,0.2869504000000004
2003-06-18 05:00:00,0.2856504000000004
2003-06-19 05:00:00,0.2856504000000004
2003-06-20 05:00:00,0.2843505000000004
2003-06-23 05:00:00,0.2866504000000004
2003-06-24 05:00:00,0.2861505000000004
2003-06-25 05:00:00,0.2889504000000004
2003-06-26 05:00:00,0.28115040000000036
2003-06-27 05:00:00,0.28345040000000044
2003-06-30 05:00:00,0.2886505000000005
2003-07-01 05:00:00,0.2965505000000004
2003-07-02 05:00:00,0.29815040000000037
2003-07-03 05:00:00,0.2988504000000004
2003-07-07 05:00:00,0.30365040000000043
2003-07-08 05:00:00,0.2911505000000004
2003-07-09 05:00:00,0.2906504000000004
2003-07-10 05:00:00,0.2926504000000004
2003-07-11 05:00:00,0.29615040000000037
2003-07-14 05:00:00,0.2928504000000004
2003-07-15 05:00:00,0.2826504000000004
2003-07-16 05:00:00,0.2861505000000004
2003-07-17 05:00:00,0.2861505000000004
2003-07-18 05:00:00,0.27645040000000043
2003-07-21 05:00:00,0.2789504000000004
2003-07-22 05:00:00,0.2786504000000004
2003-07-23 05:00:00,0.2845504000000004
2003-07-24 05:00:00,0.2906504000000004
2003-07-25 05:00:00,0.2916504000000004
2003-07-28 05:00:00,0.29215040000000037
2003-07-29 05:00:00,0.2946504000000004
2003-07-30 05:00:00,0.28715040000000036
2003-07-31 05:00:00,0.2838504000000004
2003-08-01 05:00:00,0.2886505000000005
2003-08-04 05:00:00,0.2866504000000004
2003-08-05 05:00:00,0.28515040000000036
2003-08-06 05:00:00,0.2856504000000004
2003-08-07 05:00:00,0.2861505000000004
2003-08-08 05:00:00,0.2861505000000004
2003-08-11 05:00:00,0.29345040000000044
2003-08-12 05:00:00,0.29315040000000037
2003-08-13 05:00:00,0.2939504000000004
2003-08-14 05:00:00,0.2911505000000004
2003-08-15 05:00:00,0.2941504000000005
2003-08-18 05:00:00,0.29315040000000037
2003-08-19 05:00:00,0.29015040000000036
2003-08-20 05:00:00,0.2965505000000004
2003-08-21 05:00:00,0.29085050000000046
2003-08-22 05:00:00,0.2896504000000004
2003-08-25 05:00:00,0.2891504000000005
2003-08-26 05:00:00,0.28225040000000035
2003-08-27 05:00:00,0.2776504000000004
2003-08-28 05:00:00,0.27915040000000046
2003-08-29 05:00:00,0.28515040000000036
2003-09-02 05:00:00,0.27015040000000035
2003-09-03 05:00:00,0.2749504000000004
2003-09-04 05:00:00,0.27615040000000035
2003-09-05 05:00:00,0.28315040000000047
2003-09-08 05:00:00,0.2848504000000004
2003-09-09 05:00:00,0.29085050000000046
2003-09-10 05:00:00,0.28945040000000044
2003-09-11 05:00:00,0.2897504000000004
2003-09-12 05:00:00,0.28945040000000044
2003-09-15 05:00:00,0.2939504000000004
2003-09-16 05:00:00,0.2917504000000004
2003-09-17 05:00:00,0.29035040000000045
2003-09-18 05:00:00,0.29245040000000044
2003-09-19 05:00:00,0.29945040000000045
2003-09-22 05:00:00,0.30645040000000046
2003-09-23 05:00:00,0.3029504000000004
2003-09-24 05:00:00,0.30245040000000045
2003-09-25 05:00:00,0.3034505000000004
2003-09-26 05:00:00,0.29825040000000047
2003-09-29 05:00:00,0.30145040000000045
2003-09-30 05:00:00,0.30265040000000043
2003-10-01 05:00:00,0.30745040000000046
2003-10-02 05:00:00,0.3079504000000004
2003-10-03 05:00:00,0.2989504000000004
2003-10-06 05:00:00,0.30365040000000043
2003-10-07 05:00:00,0.3057504000000004
2003-10-08 05:00:00,0.30645040000000046
2003-10-09 05:00:00,0.3061504000000004
2003-10-10 05:00:00,0.30945040000000046
2003-10-14 05:00:00,0.30445040000000045
2003-10-15 05:00:00,0.30445040000000045
2003-10-16 05:00:00,0.3034505000000004
2003-10-17 05:00:00,0.3069504000000004
2003-10-20 05:00:00,0.3069504000000004
2003-10-21 05:00:00,0.3109504000000004
2003-10-22 05:00:00,0.31555040000000045
2003-10-23 05:00:00,0.3174505000000004
2003-10-24 05:00:00,0.31845040000000047
2003-10-27 06:00:00,0.3209504000000004
2003-10-28 06:00:00,0.32145040000000047
2003-10-29 06:00:00,0.32275040000000044
2003-10-30 06:00:00,0.3209504000000004
2003-10-31 06:00:00,0.3239504000000004
2003-11-03 06:00:00,0.31845040000000047
2003-11-04 06:00:00,0.3224505000000004
2003-11-05 06:00:00,0.3269504000000004
2003-11-06 06:00:00,0.32345040000000047
2003-11-07 06:00:00,0.3279504000000004
2003-11-10 06:00:00,0.3324504000000005
2003-11-12 06:00:00,0.3374504000000005
2003-11-13 06:00:00,0.34095040000000043
2003-11-14 06:00:00,0.3421504000000004
2003-11-17 06:00:00,0.3372504000000004
2003-11-18 06:00:00,0.3479505000000005
2003-11-19 06:00:00,0.3492504000000004
2003-11-20 06:00:00,0.35445050000000045
2003-11-21 06:00:00,0.3534504000000004
2003-11-24 06:00:00,0.34895040000000044
2003-11-25 06:00:00,0.34875040000000046
2003-11-26 06:00:00,0.35295040000000044
2003-11-28 06:00:00,0.3519505000000005
2003-12-01 06:00:00,0.3556504000000005
2003-12-02 06:00:00,0.3595504000000004
2003-12-03 06:00:00,0.36195040000000045
2003-12-04 06:00:00,0.35795040000000045
2003-12-05 06:00:00,0.3569505000000005
2003-12-08 06:00:00,0.3595504000000004
2003-12-09 06:00:00,0.3605504000000004
2003-12-10 06:00:00,0.36065050000000043
2003-12-11 06:00:00,0.3576505000000004
2003-12-12 06:00:00,0.36165050000000043
2003-12-15 06:00:00,0.36185060000000047
2003-12-16 06:00:00,0.3641505000000004
2003-12-17 06:00:00,0.3601505000000004
2003-12-18 06:00:00,0.36115060000000043
2003-12-19 06:00:00,0.3586506000000005
2003-12-22 06:00:00,0.3546506000000005
2003-12-23 06:00:00,0.35415050000000037
2003-12-24 06:00:00,0.36185060000000047
2003-12-26 06:00:00,0.3606505000000003
2003-12-29 06:00:00,0.36465050000000043
2003-12-30 06:00:00,0.36865050000000044
2003-12-31 06:00:00,0.36965050000000044
2004-01-02 06:00:00,0.3726506000000004
2004-01-05 06:00:00,0.3866506000000004
2004-01-06 06:00:00,0.38735060000000043
2004-01-07 06:00:00,0.38565050000000034
2004-01-08 06:00:00,0.39085050000000043
2004-01-09 06:00:00,0.39665050000000046
2004-01-12 06:00:00,0.3974505000000004
2004-01-13 06:00:00,0.3971505000000004
2004-01-14 06:00:00,0.3961505000000004
2004-01-15 06:00:00,0.3875506000000004
2004-01-16 06:00:00,0.3791505000000004
2004-01-20 06:00:00,0.3811505000000004
2004-01-21 06:00:00,0.38865050000000045
2004-01-22 06:00:00,0.3932505000000004
2004-01-23 06:00:00,0.38845050000000036
2004-01-26 06:00:00,0.38585050000000043
2004-01-27 06:00:00,0.3945506000000004
2004-01-28 06:00:00,0.39065050000000034
2004-01-29 06:00:00,0.38585050000000043
2004-01-30 06:00:00,0.39145050000000037
2004-02-02 06:00:00,0.38915060000000046
2004-02-03 06:00:00,0.3971505000000004
2004-02-04 06:00:00,0.39765050000000035
2004-02-05 06:00:00,0.4041505000000004
2004-02-06 06:00:00,0.4081505000000004
2004-02-09 06:00:00,0.4121506000000005
2004-02-10 06:00:00,0.41695050000000045
2004-02-11 06:00:00,0.4181505000000004
2004-02-12 06:00:00,0.4171506000000005
2004-02-13 06:00:00,0.4173505000000004
2004-02-17 06:00:00,0.42595050000000045
2004-02-18 06:00:00,0.4166505000000005
2004-02-19 06:00:00,0.41865060000000043
2004-02-20 06:00:00,0.39965050000000046
2004-02-23 06:00:00,0.39815060000000047
2004-02-24 06:00:00,0.4081505000000004
2004-02-25 06:00:00,0.4054505000000004
2004-02-26 06:00:00,0.40565050000000036
2004-02-27 06:00:00,0.4061505000000004
2004-03-01 06:00:00,0.40795050000000044
2004-03-02 06:00:00,0.3991505000000004
2004-03-03 06:00:00,0.38775050000000044
2004-03-04 06:00:00,0.3866506000000004
2004-03-05 06:00:00,0.3916506000000004
2004-03-08 06:00:00,0.39315060000000046
2004-03-09 06:00:00,0.3951505000000004
2004-03-10 06:00:00,0.3871505000000004
2004-03-11 06:00:00,0.36965050000000044
2004-03-12 06:00:00,0.3631505000000004
2004-03-15 06:00:00,0.36365050000000043
2004-03-16 06:00:00,0.3689505000000004
2004-03-17 06:00:00,0.37165050000000044
2004-03-18 06:00:00,0.3796506000000004
2004-03-19 06:00:00,0.37565050000000044
2004-03-22 06:00:00,0.38045050000000047
2004-03-23 06:00:00,0.38065050000000045
2004-03-24 06:00:00,0.37265050000000033
2004-03-25 06:00:00,0.3676505000000003
2004-03-26 06:00:00,0.3711505000000004
2004-03-29 06:00:00,0.3721505000000004
2004-03-30 06:00:00,0.3778506000000005
2004-03-31 06:00:00,0.3891505000000004
2004-04-01 06:00:00,0.38965050000000034
2004-04-02 06:00:00,0.3791505000000004
2004-04-05 05:00:00,0.3711505000000004
2004-04-06 05:00:00,0.37765050000000033
2004-04-07 05:00:00,0.3796506000000004
2004-04-08 05:00:00,0.38065050000000045
2004-04-12 05:00:00,0.3838505000000004
2004-04-13 05:00:00,0.37545050000000046
2004-04-14 05:00:00,0.35645050000000045
2004-04-15 05:00:00,0.36065050000000043
2004-04-16 05:00:00,0.3607505000000004
2004-04-19 05:00:00,0.3656506000000005
2004-04-20 05:00:00,0.35615050000000037
2004-04-21 05:00:00,0.3439505000000004
2004-04-22 05:00:00,0.3496505000000004
2004-04-23 05:00:00,0.3509505000000004
2004-04-26 05:00:00,0.35215050000000037
2004-04-27 05:00:00,0.35385060000000046
2004-04-28 05:00:00,0.3456505000000004
2004-04-29 05:00:00,0.3449505000000004
2004-04-30 05:00:00,0.3506505000000004
2004-05-03 05:00:00,0.3491505000000005
2004-05-04 05:00:00,0.3556505000000004
2004-05-05 05:00:00,0.35885060000000046
2004-05-06 05:00:00,0.3546505000000004
2004-05-07 05:00:00,0.34215050000000047
2004-05-10 05:00:00,0.32915050000000046
2004-05-11 05:00:00,0.32865060000000046
2004-05-12 05:00:00,0.33365060000000046
2004-05-13 05:00:00,0.3246505000000004
2004-05-14 05:00:00,0.3296505000000004
2004-05-17 05:00:00,0.3206505000000004
2004-05-18 05:00:00,0.3221506000000004
2004-05-19 05:00:00,0.33315050000000046
2004-05-20 05:00:00,0.3316505000000004
2004-05-21 05:00:00,0.3370506000000004
2004-05-24 05:00:00,0.3346505000000004
2004-05-25 05:00:00,0.34445050000000044
2004-05-26 05:00:00,0.3471505000000005
2004-05-27 05:00:00,0.3616506000000005
2004-05-28 05:00:00,0.3549505000000004
2004-06-01 05:00:00,0.3541506000000004
2004-06-02 05:00:00,0.3466505000000004
2004-06-03 05:00:00,0.3451506000000004
2004-06-04 05:00:00,0.3489505000000004
2004-06-07 05:00:00,0.3601505000000004
2004-06-08 05:00:00,0.3526505000000004
2004-06-09 05:00:00,0.34485060000000045
2004-06-10 05:00:00,0.35965050000000043
2004-06-14 05:00:00,0.3516505000000004
2004-06-15 05:00:00,0.36345050000000045
2004-06-16 05:00:00,0.3559505000000004
2004-06-17 05:00:00,0.35055050000000043
2004-06-18 05:00:00,0.35335050000000046
2004-06-21 05:00:00,0.3548505000000004
2004-06-22 05:00:00,0.35535050000000046
2004-06-23 05:00:00,0.35345050000000044
2004-06-24 05:00:00,0.3621505000000004
2004-06-25 05:00:00,0.3631505000000004
2004-06-28 05:00:00,0.3686506000000005
2004-06-29 05:00:00,0.35945050000000045
2004-06-30 05:00:00,0.3621505000000004
2004-07-01 05:00:00,0.3686506000000005
2004-07-02 05:00:00,0.3759505000000004
2004-07-06 05:00:00,0.3776506000000005
2004-07-07 05:00:00,0.3850505000000004
2004-07-08 05:00:00,0.38465050000000034
2004-07-09 05:00:00,0.38585050000000043
2004-07-12 05:00:00,0.3898506000000005
2004-07-13 05:00:00,0.3869505000000004
2004-07-14 05:00:00,0.3811505000000004
2004-07-15 05:00:00,0.3778505000000004
2004-07-16 05:00:00,0.38765050000000045
2004-07-19 05:00:00,0.38565050000000045
2004-07-20 05:00:00,0.38265050000000045
2004-07-21 05:00:00,0.3671505000000004
2004-07-22 05:00:00,0.3709505000000004
2004-07-23 05:00:00,0.36535050000000047
2004-07-26 05:00:00,0.36535050000000047
2004-07-27 05:00:00,0.35685060000000046
2004-07-28 05:00:00,0.3578505000000004
2004-07-29 05:00:00,0.3631505000000004
2004-07-30 05:00:00,0.36465050000000043
2004-08-02 05:00:00,0.3701505000000004
2004-08-03 05:00:00,0.37465050000000033
2004-08-04 05:00:00,0.37565050000000044
2004-08-05 05:00:00,0.37465050000000033
2004-08-06 05:00:00,0.38305060000000046
2004-08-09 05:00:00,0.38605060000000047
2004-08-10 05:00:00,0.38265050000000045
2004-08-11 05:00:00,0.3853505000000004
2004-08-12 05:00:00,0.39065050000000046
2004-08-13 05:00:00,0.39815060000000047
2004-08-16 05:00:00,0.3972505000000004
2004-08-17 05:00:00,0.3951505000000004
2004-08-18 05:00:00,0.3959505000000004
2004-08-19 05:00:00,0.4030505000000004
2004-08-20 05:00:00,0.40465050000000036
2004-08-23 05:00:00,0.3929505000000004
2004-08-24 05:00:00,0.37965050000000033
2004-08-25 05:00:00,0.38265050000000045
2004-08-26 05:00:00,0.38365050000000045
2004-08-27 05:00:00,0.3866506000000004
2004-08-30 05:00:00,0.3819505000000004
2004-08-31 05:00:00,0.3874505000000005
2004-09-01 05:00:00,0.38865050000000045
2004-09-02 05:00:00,0.38165050000000045
2004-09-03 05:00:00,0.37965050000000033
2004-09-07 05:00:00,0.3802505000000004
2004-09-08 05:00:00,0.38265050000000045
2004-09-09 05:00:00,0.3851505000000004
2004-09-10 05:00:00,0.38965050000000034
2004-09-13 05:00:00,0.38965050000000034
2004-09-14 05:00:00,0.3961505000000004
2004-09-15 05:00:00,0.3901505000000004
2004-09-16 05:00:00,0.3939505000000004
2004-09-17 05:00:00,0.39415060000000035
2004-09-20 05:00:00,0.39575050000000034
2004-09-21 05:00:00,0.39635060000000044
2004-09-22 05:00:00,0.3966506000000004
2004-09-23 05:00:00,0.4021505000000003
2004-09-24 05:00:00,0.4021505000000003
2004-09-27 05:00:00,0.39875050000000034
2004-09-28 05:00:00,0.4038506000000004
2004-09-29 05:00:00,0.4041505000000003
2004-09-30 05:00:00,0.41265050000000036
2004-10-01 05:00:00,0.40995050000000033
2004-10-04 05:00:00,0.40665050000000036
2004-10-05 05:00:00,0.4093505000000004
2004-10-06 05:00:00,0.4101505000000004
2004-10-07 05:00:00,0.4121505000000003
2004-10-08 05:00:00,0.4221506000000004
2004-10-12 05:00:00,0.41565050000000037
2004-10-13 05:00:00,0.41195050000000033
2004-10-14 05:00:00,0.41765050000000037
2004-10-15 05:00:00,0.4241505000000003
2004-10-18 05:00:00,0.42165050000000037
2004-10-19 05:00:00,0.4226505000000004
2004-10-20 05:00:00,0.4266505000000004
2004-10-21 05:00:00,0.43075050000000037
2004-10-22 05:00:00,0.4326505000000004
2004-10-25 05:00:00,0.43715050000000033
2004-10-26 05:00:00,0.4340506000000004
2004-10-27 05:00:00,0.4311506000000004
2004-10-28 05:00:00,0.42065050000000037
2004-10-29 05:00:00,0.4226505000000004
2004-11-01 06:00:00,0.42175050000000036
2004-11-02 06:00:00,0.42195050000000034
2004-11-03 06:00:00,0.4273505000000004
2004-11-04 06:00:00,0.42985050000000036
2004-11-05 06:00:00,0.4321505000000003
2004-11-08 06:00:00,0.4296505000000004
2004-11-09 06:00:00,0.4296505000000004
2004-11-10 06:00:00,0.4226505000000004
2004-11-12 06:00:00,0.4316505000000004
2004-11-15 06:00:00,0.43815050000000044
2004-11-16 06:00:00,0.43915050000000033
2004-11-17 06:00:00,0.4473506000000004
2004-11-18 06:00:00,0.44615050000000034
2004-11-19 06:00:00,0.44815050000000045
2004-11-22 06:00:00,0.44795050000000036
2004-11-23 06:00:00,0.4517505000000004
2004-11-24 06:00:00,0.4501506000000004
2004-11-26 06:00:00,0.4574505000000004
2004-11-29 06:00:00,0.45665060000000035
2004-11-30 06:00:00,0.45595050000000037
2004-12-01 06:00:00,0.45615050000000035
2004-12-02 06:00:00,0.4574505000000004
2004-12-03 06:00:00,0.4606505000000004
2004-12-06 06:00:00,0.4603506000000004
2004-12-07 06:00:00,0.45935050000000033
2004-12-08 06:00:00,0.4463505000000004
2004-12-09 06:00:00,0.4523506000000004
2004-12-10 06:00:00,0.4473506000000004
2004-12-13 06:00:00,0.4508505000000004
2004-12-14 06:00:00,0.44985060000000043
2004-12-15 06:00:00,0.45955060000000036
2004-12-16 06:00:00,0.4515505000000004
2004-12-17 06:00:00,0.45615050000000035
2004-12-20 06:00:00,0.45935050000000033
2004-12-21 06:00:00,0.4516505000000004
2004-12-22 06:00:00,0.45455060000000036
2004-12-23 06:00:00,0.4558505000000004
2004-12-27 06:00:00,0.4648505000000004
2004-12-28 06:00:00,0.4628505000000004
2004-12-29 06:00:00,0.4558505000000004
2004-12-30 06:00:00,0.4605505000000004
2004-12-31 06:00:00,0.4608505000000004
2005-01-03 06:00:00,0.4583505000000003
2005-01-04 06:00:00,0.4453505000000004
2005-01-05 06:00:00,0.4426505000000004
2005-01-06 06:00:00,0.4403505000000004
2005-01-07 06:00:00,0.4353505000000004
2005-01-10 06:00:00,0.43785050000000036
2005-01-11 06:00:00,0.4423505000000004
2005-01-12 06:00:00,0.4506505000000004
2005-01-13 06:00:00,0.4473506000000004
2005-01-14 06:00:00,0.4413505000000003
2005-01-18 06:00:00,0.4403505000000004
2005-01-19 06:00:00,0.4453505000000004
2005-01-20 06:00:00,0.4483505000000003
2005-01-21 06:00:00,0.4578505000000004
2005-01-24 06:00:00,0.45895050000000037
2005-01-25 06:00:00,0.4538505000000004
2005-01-26 06:00:00,0.4626505000000004
2005-01-27 06:00:00,0.46005050000000036
2005-01-28 06:00:00,0.4573506000000004
2005-01-31 06:00:00,0.45485060000000044
2005-02-01 06:00:00,0.4573506000000004
2005-02-02 06:00:00,0.45885060000000033
2005-02-03 06:00:00,0.4543505000000003
2005-02-04 06:00:00,0.4558505000000004
2005-02-07 06:00:00,0.4468505000000004
2005-02-08 06:00:00,0.4453505000000004
2005-02-09 06:00:00,0.4483505000000003
2005-02-10 06:00:00,0.45505050000000036
2005-02-11 06:00:00,0.4598505000000004
2005-02-14 06:00:00,0.46115050000000035
2005-02-15 06:00:00,0.46235050000000044
2005-02-16 06:00:00,0.46035050000000044
2005-02-17 06:00:00,0.4648505000000004
2005-02-18 06:00:00,0.4698505000000004
2005-02-22 06:00:00,0.4768505000000004
2005-02-23 06:00:00,0.4709505000000004
2005-02-24 06:00:00,0.46835050000000034
2005-02-25 06:00:00,0.46935050000000034
2005-02-28 06:00:00,0.47435050000000034
2005-03-01 06:00:00,0.4740505000000004
2005-03-02 06:00:00,0.4738505000000004
2005-03-03 06:00:00,0.4745505000000003
2005-03-04 06:00:00,0.4803506000000004
2005-03-07 06:00:00,0.48315050000000037
2005-03-08 06:00:00,0.4871505000000004
2005-03-09 06:00:00,0.48145050000000034
2005-03-10 06:00:00,0.48545050000000034
2005-03-11 06:00:00,0.4871505000000004
2005-03-14 06:00:00,0.4861504000000003
2005-03-15 06:00:00,0.4886505000000003
2005-03-16 06:00:00,0.4918505000000003
2005-03-17 06:00:00,0.4906504000000004
2005-03-18 06:00:00,0.4926504000000004
2005-03-21 06:00:00,0.48565040000000037
2005-03-22 06:00:00,0.48085040000000034
2005-03-23 06:00:00,0.4651504000000003
2005-03-24 06:00:00,0.4621504000000004
2005-03-28 06:00:00,0.4558504000000003
2005-03-29 06:00:00,0.46065040000000035
2005-03-30 06:00:00,0.4581504000000003
2005-03-31 06:00:00,0.4621504000000004
2005-04-01 06:00:00,0.45805050000000036
2005-04-04 05:00:00,0.4571504000000004
2005-04-05 05:00:00,0.45865040000000035
2005-04-06 05:00:00,0.4628505000000004
2005-04-07 05:00:00,0.4616505000000004
2005-04-08 05:00:00,0.46605050000000037
2005-04-11 05:00:00,0.47185040000000034
2005-04-12 05:00:00,0.4714504000000004
2005-04-13 05:00:00,0.47465040000000036
2005-04-14 05:00:00,0.4722504000000003
2005-04-15 05:00:00,0.46665040000000035
2005-04-18 05:00:00,0.4669504000000003
2005-04-19 05:00:00,0.47265040000000036
2005-04-20 05:00:00,0.47865040000000036
2005-04-21 05:00:00,0.47865040000000036
2005-04-22 05:00:00,0.4841504000000004
2005-04-25 05:00:00,0.4801504000000003
2005-04-26 05:00:00,0.4751504000000003
2005-04-27 05:00:00,0.4721504000000004
2005-04-28 05:00:00,0.4791504000000004
2005-04-29 05:00:00,0.4831504000000003
2005-05-02 05:00:00,0.4813504000000003
2005-05-03 05:00:00,0.47765040000000036
2005-05-04 05:00:00,0.48565040000000037
2005-05-05 05:00:00,0.48665040000000037
2005-05-06 05:00:00,0.4851504000000003
2005-05-09 05:00:00,0.4822504000000003
2005-05-10 05:00:00,0.4846505000000003
2005-05-11 05:00:00,0.48265040000000037
2005-05-12 05:00:00,0.4711504000000003
2005-05-13 05:00:00,0.4651504000000003
2005-05-16 05:00:00,0.4592504000000003
2005-05-17 05:00:00,0.4616505000000004
2005-05-18 05:00:00,0.4679504000000003
2005-05-19 05:00:00,0.46415050000000035
2005-05-20 05:00:00,0.46105050000000036
2005-05-23 05:00:00,0.46265040000000035
2005-05-24 05:00:00,0.46815050000000036
2005-05-25 05:00:00,0.46765040000000035
2005-05-26 05:00:00,0.4656505000000003
2005-05-27 05:00:00,0.46815050000000036
2005-05-31 05:00:00,0.45915050000000035
2005-06-01 05:00:00,0.4526505000000004
2005-06-02 05:00:00,0.4548505000000004
2005-06-03 05:00:00,0.45365040000000034
2005-06-06 05:00:00,0.4629504000000003
2005-06-07 05:00:00,0.4699504000000003
2005-06-08 05:00:00,0.4671504000000004
2005-06-09 05:00:00,0.4672504000000003
2005-06-10 05:00:00,0.46045040000000037
2005-06-13 05:00:00,0.4599504000000003
2005-06-14 05:00:00,0.46395040000000043
2005-06-15 05:00:00,0.4669504000000003
2005-06-16 05:00:00,0.4709505000000004
2005-06-17 05:00:00,0.4719504000000003
2005-06-20 05:00:00,0.47055040000000037
2005-06-21 05:00:00,0.4729504000000003
2005-06-22 05:00:00,0.4729504000000003
2005-06-23 05:00:00,0.46175040000000034
2005-06-24 05:00:00,0.46175040000000034
2005-06-27 05:00:00,0.4644504000000004
2005-06-28 05:00:00,0.45695050000000037
2005-06-29 05:00:00,0.4544505000000004
2005-06-30 05:00:00,0.45145040000000036
2005-07-01 05:00:00,0.4389504000000004
2005-07-05 05:00:00,0.43345040000000035
2005-07-06 05:00:00,0.4299504000000003
2005-07-07 05:00:00,0.4299504000000003
2005-07-08 05:00:00,0.43035040000000035
2005-07-11 05:00:00,0.43725040000000037
2005-07-12 05:00:00,0.4437504000000003
2005-07-13 05:00:00,0.43045040000000034
2005-07-14 05:00:00,0.43245040000000035
2005-07-15 05:00:00,0.4307504000000003
2005-07-18 05:00:00,0.4359504000000004
2005-07-19 05:00:00,0.4319504000000004
2005-07-20 05:00:00,0.43395050000000035
2005-07-21 05:00:00,0.4452504000000004
2005-07-22 05:00:00,0.44445040000000036
2005-07-25 05:00:00,0.44295050000000036
2005-07-26 05:00:00,0.4407504000000003
2005-07-27 05:00:00,0.43845040000000035
2005-07-28 05:00:00,0.4407504000000003
2005-07-29 05:00:00,0.43945040000000035
2005-08-01 05:00:00,0.4436505000000004
2005-08-02 05:00:00,0.4467504000000003
2005-08-03 05:00:00,0.4502504000000004
2005-08-04 05:00:00,0.45045040000000036
2005-08-05 05:00:00,0.4499504000000003
2005-08-08 05:00:00,0.45275040000000033
2005-08-09 05:00:00,0.4511504000000004
2005-08-10 05:00:00,0.45545040000000037
2005-08-11 05:00:00,0.46395040000000043
2005-08-12 05:00:00,0.4679504000000003
2005-08-15 05:00:00,0.4644504000000004
2005-08-16 05:00:00,0.4624504000000004
2005-08-17 05:00:00,0.45965040000000035
2005-08-18 05:00:00,0.4549504000000003
2005-08-19 05:00:00,0.4539504000000004
2005-08-22 05:00:00,0.45695050000000037
2005-08-23 05:00:00,0.45745040000000037
2005-08-24 05:00:00,0.4582504000000004
2005-08-25 05:00:00,0.4589504000000004
2005-08-26 05:00:00,0.4559504000000004
2005-08-29 05:00:00,0.45345040000000036
2005-08-30 05:00:00,0.4489504000000004
2005-08-31 05:00:00,0.4559504000000004
2005-09-01 05:00:00,0.4674504000000004
2005-09-02 05:00:00,0.4669504000000003
2005-09-06 05:00:00,0.4699504000000003
2005-09-07 05:00:00,0.46575040000000034
2005-09-08 05:00:00,0.4664504000000004
2005-09-09 05:00:00,0.4679504000000003
2005-09-12 05:00:00,0.4654504000000004
2005-09-13 05:00:00,0.46455040000000036
2005-09-14 05:00:00,0.46935030000000044
2005-09-15 05:00:00,0.46665040000000035
2005-09-16 05:00:00,0.4658503000000004
2005-09-19 05:00:00,0.46135030000000044
2005-09-20 05:00:00,0.4623504000000004
2005-09-21 05:00:00,0.45985040000000044
2005-09-22 05:00:00,0.45505030000000035
2005-09-23 05:00:00,0.45015030000000034
2005-09-26 05:00:00,0.44835040000000037
2005-09-27 05:00:00,0.4436503000000004
2005-09-28 05:00:00,0.44785030000000037
2005-09-29 05:00:00,0.4533503000000003
2005-09-30 05:00:00,0.45285030000000037
2005-10-03 05:00:00,0.4533503000000003
2005-10-04 05:00:00,0.4573504000000004
2005-10-05 05:00:00,0.4568503000000004
2005-10-06 05:00:00,0.4603503000000003
2005-10-07 05:00:00,0.4583503000000003
2005-10-11 05:00:00,0.4553503000000003
2005-10-12 05:00:00,0.46075040000000045
2005-10-13 05:00:00,0.45485040000000043
2005-10-14 05:00:00,0.45935030000000043
2005-10-17 05:00:00,0.45935030000000043
2005-10-18 05:00:00,0.45985040000000044
2005-10-19 05:00:00,0.4608503000000004
2005-10-20 05:00:00,0.46485040000000044
2005-10-21 05:00:00,0.4633503000000003
2005-10-24 05:00:00,0.4653503000000003
2005-10-25 05:00:00,0.46935030000000044
2005-10-26 05:00:00,0.4670504000000004
2005-10-27 05:00:00,0.47035030000000033
2005-10-28 05:00:00,0.4678503000000004
2005-10-31 06:00:00,0.46485040000000044
2005-11-01 06:00:00,0.4618503000000004
2005-11-02 06:00:00,0.4578503000000004
2005-11-03 06:00:00,0.45315030000000034
2005-11-04 06:00:00,0.44815030000000033
2005-11-07 06:00:00,0.44415030000000033
2005-11-08 06:00:00,0.44785030000000037
2005-11-09 06:00:00,0.4503503000000003
2005-11-10 06:00:00,0.45085040000000043
2005-11-14 06:00:00,0.4458504000000004
2005-11-15 06:00:00,0.44985030000000037
2005-11-16 06:00:00,0.4503503000000003
2005-11-17 06:00:00,0.45285030000000037
2005-11-18 06:00:00,0.4523504000000004
2005-11-21 06:00:00,0.45505030000000035
2005-11-22 06:00:00,0.4568503000000004
2005-11-23 06:00:00,0.4585503000000004
2005-11-25 06:00:00,0.46135030000000044
2005-11-28 06:00:00,0.46885040000000044
2005-11-29 06:00:00,0.46715030000000035
2005-11-30 06:00:00,0.46915030000000035
2005-12-01 06:00:00,0.4706503000000004
2005-12-02 06:00:00,0.4798503000000004
2005-12-05 06:00:00,0.4856503000000004
2005-12-06 06:00:00,0.4838503000000004
2005-12-07 06:00:00,0.4713504000000004
2005-12-08 06:00:00,0.46615030000000035
2005-12-09 06:00:00,0.4698503000000004
2005-12-12 06:00:00,0.47735030000000034
2005-12-13 06:00:00,0.47515030000000036
2005-12-14 06:00:00,0.4736503000000004
2005-12-15 06:00:00,0.46135030000000044
2005-12-16 06:00:00,0.45715030000000034
2005-12-19 06:00:00,0.4573504000000004
2005-12-20 06:00:00,0.45085040000000043
2005-12-21 06:00:00,0.4473503000000004
2005-12-22 06:00:00,0.44085030000000036
2005-12-23 06:00:00,0.44085030000000036
2005-12-27 06:00:00,0.4405503000000004
2005-12-28 06:00:00,0.44685030000000037
2005-12-29 06:00:00,0.45085040000000043
2005-12-30 06:00:00,0.44985030000000037
2006-01-03 06:00:00,0.4533504000000004
2006-01-04 06:00:00,0.45715030000000034
2006-01-05 06:00:00,0.4548503000000004
2006-01-06 06:00:00,0.4603503000000003
2006-01-09 06:00:00,0.4623504000000004
2006-01-10 06:00:00,0.4623504000000004
2006-01-11 06:00:00,0.4656503000000004
2006-01-12 06:00:00,0.4623504000000004
2006-01-13 06:00:00,0.46835030000000033
2006-01-17 06:00:00,0.4603503000000003
2006-01-18 06:00:00,0.45635030000000043
2006-01-19 06:00:00,0.4485503000000004
2006-01-20 06:00:00,0.4493503000000004
2006-01-23 06:00:00,0.4535503000000004
2006-01-24 06:00:00,0.45085040000000043
2006-01-25 06:00:00,0.45435030000000043
2006-01-26 06:00:00,0.45375040000000044
2006-01-27 06:00:00,0.45185030000000037
2006-01-30 06:00:00,0.4506503000000004
2006-01-31 06:00:00,0.45505030000000035
2006-02-01 06:00:00,0.4548503000000004
2006-02-02 06:00:00,0.4603503000000003
2006-02-03 06:00:00,0.4573504000000004
2006-02-06 06:00:00,0.4513503000000004
2006-02-07 06:00:00,0.45005030000000035
2006-02-08 06:00:00,0.44715030000000033
2006-02-09 06:00:00,0.44885030000000037
2006-02-10 06:00:00,0.44915030000000034
2006-02-13 06:00:00,0.44975040000000044
2006-02-14 06:00:00,0.4463503000000004
2006-02-15 06:00:00,0.4458504000000004
2006-02-16 06:00:00,0.4403503000000003
2006-02-17 06:00:00,0.43785030000000036
2006-02-21 06:00:00,0.43385030000000036
2006-02-22 06:00:00,0.4306503000000004
2006-02-23 06:00:00,0.43205030000000033
2006-02-24 06:00:00,0.43415030000000043
2006-02-27 06:00:00,0.4313503000000004
2006-02-28 06:00:00,0.4333503000000003
2006-03-01 06:00:00,0.4361503000000003
2006-03-02 06:00:00,0.43935040000000036
2006-03-03 06:00:00,0.4373503000000004
2006-03-06 06:00:00,0.4284503000000004
2006-03-07 06:00:00,0.41965030000000036
2006-03-08 06:00:00,0.4228504000000004
2006-03-09 06:00:00,0.41785030000000034
2006-03-10 06:00:00,0.4127504000000004
2006-03-13 06:00:00,0.41465030000000047
2006-03-14 06:00:00,0.4130504000000005
2006-03-15 06:00:00,0.4182503000000004
2006-03-16 06:00:00,0.41165030000000047
2006-03-17 06:00:00,0.4063503000000004
2006-03-20 06:00:00,0.39685030000000043
2006-03-21 06:00:00,0.3963503000000005
2006-03-22 06:00:00,0.4000504000000005
2006-03-23 06:00:00,0.3971503000000004
2006-03-24 06:00:00,0.3818503000000004
2006-03-27 06:00:00,0.3795504000000005
2006-03-28 06:00:00,0.3751503000000005
2006-03-29 06:00:00,0.3780503000000004
2006-03-30 06:00:00,0.3853503000000005
2006-03-31 06:00:00,0.3891503000000004
2006-04-03 05:00:00,0.3830503000000004
2006-04-04 05:00:00,0.3811503000000004
2006-04-05 05:00:00,0.38945030000000047
2006-04-06 05:00:00,0.38725040000000044
2006-04-07 05:00:00,0.3823503000000005
2006-04-10 05:00:00,0.3829503000000004
2006-04-11 05:00:00,0.38555030000000046
2006-04-12 05:00:00,0.3899503000000004
2006-04-13 05:00:00,0.39375030000000044
2006-04-17 05:00:00,0.39855030000000047
2006-04-18 05:00:00,0.40385030000000044
2006-04-19 05:00:00,0.4081503000000004
2006-04-20 05:00:00,0.4002503000000004
2006-04-21 05:00:00,0.40785030000000044
2006-04-24 05:00:00,0.40185030000000044
2006-04-25 05:00:00,0.39825040000000045
2006-04-26 05:00:00,0.4061503000000004
2006-04-27 05:00:00,0.4087504000000005
2006-04-28 05:00:00,0.41225040000000046
2006-05-01 05:00:00,0.4125503000000005
2006-05-02 05:00:00,0.4144503000000004
2006-05-03 05:00:00,0.4163503000000004
2006-05-04 05:00:00,0.41675030000000046
2006-05-05 05:00:00,0.41655040000000043
2006-05-08 05:00:00,0.4068504000000005
2006-05-09 05:00:00,0.4040504000000005
2006-05-10 05:00:00,0.4020503000000004
2006-05-11 05:00:00,0.40585030000000044
2006-05-12 05:00:00,0.40365030000000046
2006-05-15 05:00:00,0.39505040000000047
2006-05-16 05:00:00,0.40285030000000044
2006-05-17 05:00:00,0.39765030000000046
2006-05-18 05:00:00,0.39775030000000045
2006-05-19 05:00:00,0.39605040000000047
2006-05-22 05:00:00,0.39675030000000044
2006-05-23 05:00:00,0.40435040000000044
2006-05-24 05:00:00,0.40865030000000047
2006-05-25 05:00:00,0.4166503000000005
2006-05-26 05:00:00,0.4085503000000005
2006-05-30 05:00:00,0.41675030000000046
2006-05-31 05:00:00,0.4110503000000004
2006-06-01 05:00:00,0.40675030000000045
2006-06-02 05:00:00,0.40665030000000046
2006-06-05 05:00:00,0.4095503000000005
2006-06-06 05:00:00,0.4031503000000004
2006-06-07 05:00:00,0.4021503000000004
2006-06-08 05:00:00,0.4010503000000004
2006-06-09 05:00:00,0.4091503000000004
2006-06-12 05:00:00,0.40785030000000044
2006-06-13 05:00:00,0.3979503000000004
2006-06-14 05:00:00,0.39835040000000044
2006-06-15 05:00:00,0.39955030000000036
2006-06-16 05:00:00,0.39465030000000045
2006-06-19 05:00:00,0.39385030000000043
2006-06-20 05:00:00,0.3973503000000004
2006-06-21 05:00:00,0.3982503000000004
2006-06-22 05:00:00,0.38735030000000037
2006-06-23 05:00:00,0.3851503000000004
2006-06-26 05:00:00,0.3825504000000004
2006-06-27 05:00:00,0.38275030000000043
2006-06-28 05:00:00,0.3741503000000004
2006-06-29 05:00:00,0.3792503000000004
2006-06-30 05:00:00,0.3861503000000004
2006-07-03 05:00:00,0.3841503000000004
2006-07-05 05:00:00,0.38235030000000036
2006-07-06 05:00:00,0.38265030000000044
2006-07-07 05:00:00,0.38935040000000043
2006-07-10 05:00:00,0.38875030000000044
2006-07-11 05:00:00,0.39475030000000044
2006-07-12 05:00:00,0.3941503000000004
2006-07-13 05:00:00,0.3973503000000004
2006-07-14 05:00:00,0.39905040000000047
2006-07-17 05:00:00,0.39985030000000044
2006-07-18 05:00:00,0.4043503000000004
2006-07-19 05:00:00,0.40185030000000044
2006-07-20 05:00:00,0.40145030000000037
2006-07-21 05:00:00,0.4020504000000005
2006-07-24 05:00:00,0.4020504000000005
2006-07-25 05:00:00,0.4012503000000004
2006-07-26 05:00:00,0.4045504000000004
2006-07-27 05:00:00,0.39765030000000046
2006-07-28 05:00:00,0.39575030000000044
2006-07-31 05:00:00,0.39575030000000044
2006-08-01 05:00:00,0.39845030000000037
2006-08-02 05:00:00,0.39935040000000044
2006-08-03 05:00:00,0.39845030000000037
2006-08-04 05:00:00,0.4044503000000004
2006-08-07 05:00:00,0.4019503000000004
2006-08-08 05:00:00,0.4053503000000004
2006-08-09 05:00:00,0.4082503000000004
2006-08-10 05:00:00,0.41155030000000037
2006-08-11 05:00:00,0.41195030000000044
2006-08-14 05:00:00,0.40775030000000045
2006-08-15 05:00:00,0.41365030000000036
2006-08-16 05:00:00,0.4210504000000004
2006-08-17 05:00:00,0.4184503000000004
2006-08-18 05:00:00,0.4184503000000004
2006-08-21 05:00:00,0.4193503000000004
2006-08-22 05:00:00,0.41675030000000046
2006-08-23 05:00:00,0.41875030000000035
2006-08-24 05:00:00,0.41465030000000036
2006-08-25 05:00:00,0.41555040000000043
2006-08-28 05:00:00,0.41775030000000035
2006-08-29 05:00:00,0.42275030000000036
2006-08-30 05:00:00,0.4286503000000004
2006-08-31 05:00:00,0.43485030000000036
2006-09-01 05:00:00,0.43375030000000037
2006-09-05 05:00:00,0.42495030000000045
2006-09-06 05:00:00,0.4286503000000004
2006-09-07 05:00:00,0.4261503000000003
2006-09-08 05:00:00,0.4164503000000004
2006-09-11 05:00:00,0.41865030000000036
2006-09-12 05:00:00,0.4210504000000004
2006-09-13 05:00:00,0.42575030000000036
2006-09-14 05:00:00,0.4398502000000003
2006-09-15 05:00:00,0.4420502000000003
2006-09-18 05:00:00,0.44495030000000035
2006-09-19 05:00:00,0.43975030000000037
2006-09-20 05:00:00,0.44095030000000035
2006-09-21 05:00:00,0.44115020000000027
2006-09-22 05:00:00,0.44135020000000036
2006-09-25 05:00:00,0.4494503000000003
2006-09-26 05:00:00,0.44565020000000033
2006-09-27 05:00:00,0.4366502000000003
2006-09-28 05:00:00,0.4372503000000003
2006-09-29 05:00:00,0.4334503000000003
2006-10-02 05:00:00,0.43835020000000036
2006-10-03 05:00:00,0.4389502000000003
2006-10-04 05:00:00,0.44325020000000026
2006-10-05 05:00:00,0.4444503000000003
2006-10-06 05:00:00,0.4407502000000003
2006-10-10 05:00:00,0.4395502000000002
2006-10-11 05:00:00,0.44025020000000026
2006-10-12 05:00:00,0.44095030000000035
2006-10-13 05:00:00,0.4384503000000003
2006-10-16 05:00:00,0.43875030000000037
2006-10-17 05:00:00,0.4448502000000003
2006-10-18 05:00:00,0.4450502000000003
2006-10-19 05:00:00,0.4502503000000003
2006-10-20 05:00:00,0.44965020000000033
2006-10-23 05:00:00,0.4448502000000003
2006-10-24 05:00:00,0.44455020000000023
2006-10-25 05:00:00,0.4429502000000003
2006-10-26 05:00:00,0.43875030000000037
2006-10-27 05:00:00,0.4440502000000003
2006-10-30 06:00:00,0.44755020000000034
2006-10-31 06:00:00,0.45225020000000027
2006-11-01 06:00:00,0.45525030000000033
2006-11-02 06:00:00,0.4560502000000003
2006-11-03 06:00:00,0.4519502000000003
2006-11-06 06:00:00,0.4512503000000003
2006-11-07 06:00:00,0.45265020000000034
2006-11-08 06:00:00,0.4511502000000003
2006-11-09 06:00:00,0.44725020000000026
2006-11-10 06:00:00,0.4479502000000003
2006-11-13 06:00:00,0.44235020000000036
2006-11-14 06:00:00,0.4424503000000003
2006-11-15 06:00:00,0.4415503000000003
2006-11-16 06:00:00,0.44655020000000023
2006-11-17 06:00:00,0.44695030000000036
2006-11-20 06:00:00,0.4517502000000003
2006-11-21 06:00:00,0.45255020000000035
2006-11-22 06:00:00,0.45335020000000026
2006-11-24 06:00:00,0.45425030000000033
2006-11-27 06:00:00,0.4520502000000003
2006-11-28 06:00:00,0.4638502000000003
2006-11-29 06:00:00,0.4618502000000003
2006-11-30 06:00:00,0.46755020000000036
2006-12-01 06:00:00,0.47065020000000035
2006-12-04 06:00:00,0.4729503000000004
2006-12-05 06:00:00,0.4699503000000004
2006-12-06 06:00:00,0.46665020000000035
2006-12-07 06:00:00,0.4720502000000003
2006-12-08 06:00:00,0.46985020000000033
2006-12-11 06:00:00,0.47085020000000033
2006-12-12 06:00:00,0.47475020000000034
2006-12-13 06:00:00,0.47345020000000027
2006-12-14 06:00:00,0.4729502000000003
2006-12-15 06:00:00,0.4729502000000003
2006-12-18 06:00:00,0.47485020000000033
2006-12-19 06:00:00,0.47775020000000035
2006-12-20 06:00:00,0.4811502000000003
2006-12-21 06:00:00,0.47985020000000034
2006-12-22 06:00:00,0.48435030000000034
2006-12-26 06:00:00,0.4849503000000004
2006-12-27 06:00:00,0.4862502000000003
2006-12-28 06:00:00,0.48975020000000036
2006-12-29 06:00:00,0.4880502000000003
2007-01-02 06:00:00,0.4924502000000003
2007-01-03 06:00:00,0.49195020000000034
2007-01-04 06:00:00,0.4823502000000003
2007-01-05 06:00:00,0.47175020000000034
2007-01-08 06:00:00,0.4728503000000004
2007-01-09 06:00:00,0.4762502000000003
2007-01-10 06:00:00,0.4712502000000003
2007-01-11 06:00:00,0.4768503000000004
2007-01-12 06:00:00,0.4756503000000003
2007-01-16 06:00:00,0.48055020000000037
2007-01-17 06:00:00,0.4762502000000003
2007-01-18 06:00:00,0.4808503000000004
2007-01-19 06:00:00,0.48075020000000035
2007-01-22 06:00:00,0.4836503000000003
2007-01-23 06:00:00,0.4867503000000003
2007-01-24 06:00:00,0.48045020000000027
2007-01-25 06:00:00,0.4825502000000004
2007-01-26 06:00:00,0.4800502000000003
2007-01-29 06:00:00,0.4806503000000003
2007-01-30 06:00:00,0.4744502000000004
2007-01-31 06:00:00,0.4742502000000003
2007-02-01 06:00:00,0.4680502000000003
2007-02-02 06:00:00,0.4672502000000003
2007-02-05 06:00:00,0.46915030000000035
2007-02-06 06:00:00,0.46735030000000033
2007-02-07 06:00:00,0.4702502000000003
2007-02-08 06:00:00,0.46985020000000033
2007-02-09 06:00:00,0.4679502000000003
2007-02-12 06:00:00,0.47035030000000033
2007-02-13 06:00:00,0.47545020000000027
2007-02-14 06:00:00,0.48055020000000037
2007-02-15 06:00:00,0.48045020000000027
2007-02-16 06:00:00,0.4834502000000003
2007-02-20 06:00:00,0.4880502000000003
2007-02-21 06:00:00,0.49265020000000037
2007-02-22 06:00:00,0.4920502000000003
2007-02-23 06:00:00,0.4924502000000003
2007-02-26 06:00:00,0.4974502000000003
2007-02-27 06:00:00,0.4873502000000003
2007-02-28 06:00:00,0.4878503000000003
2007-03-01 06:00:00,0.4801502000000003
2007-03-02 06:00:00,0.47555020000000037
2007-03-05 06:00:00,0.4622502000000003
2007-03-06 06:00:00,0.4688503000000004
2007-03-07 06:00:00,0.4718503000000004
2007-03-08 06:00:00,0.4714502000000004
2007-03-09 06:00:00,0.4772502000000003
2007-03-12 05:00:00,0.4823502000000003
2007-03-13 05:00:00,0.47855020000000037
2007-03-14 05:00:00,0.47825010000000034
2007-03-15 05:00:00,0.48335010000000034
2007-03-16 05:00:00,0.4857501000000004
2007-03-19 05:00:00,0.48835010000000034
2007-03-20 05:00:00,0.49335010000000035
2007-03-21 05:00:00,0.49785020000000035
2007-03-22 05:00:00,0.4996501000000003
2007-03-23 05:00:00,0.4996501000000003
2007-03-26 05:00:00,0.5044501000000003
2007-03-27 05:00:00,0.5055501000000003
2007-03-28 05:00:00,0.49745010000000034
2007-03-29 05:00:00,0.5025502000000004
2007-03-30 05:00:00,0.5025502000000004
2007-04-02 05:00:00,0.5090502000000003
2007-04-03 05:00:00,0.5078502000000004
2007-04-04 05:00:00,0.5089501000000004
2007-04-05 05:00:00,0.5115502000000004
2007-04-06 05:00:00,0.5089501000000004
2007-04-09 05:00:00,0.5080502000000003
2007-04-10 05:00:00,0.5174501000000004
2007-04-11 05:00:00,0.5160501000000004
2007-04-12 05:00:00,0.5177501000000003
2007-04-13 05:00:00,0.5257501000000003
2007-04-16 05:00:00,0.5273502000000003
2007-04-17 05:00:00,0.5325501000000004
2007-04-18 05:00:00,0.5335502000000004
2007-04-19 05:00:00,0.5329501000000003
2007-04-20 05:00:00,0.5363502000000003
2007-04-23 05:00:00,0.5336501000000003
2007-04-24 05:00:00,0.5316501000000003
2007-04-25 05:00:00,0.5331501000000004
2007-04-26 05:00:00,0.5285501000000004
2007-04-27 05:00:00,0.5312501000000004
2007-04-30 05:00:00,0.5313501000000004
2007-05-01 05:00:00,0.5307501000000003
2007-05-02 05:00:00,0.5272501000000004
2007-05-03 05:00:00,0.5252501000000004
2007-05-04 05:00:00,0.5246501000000003
2007-05-07 05:00:00,0.5270502000000004
2007-05-08 05:00:00,0.5264501000000004
2007-05-09 05:00:00,0.5239501000000003
2007-05-10 05:00:00,0.5191501000000004
2007-05-11 05:00:00,0.5236502000000004
2007-05-14 05:00:00,0.5270502000000004
2007-05-15 05:00:00,0.5275501000000004
2007-05-16 05:00:00,0.5230502000000004
2007-05-17 05:00:00,0.5210501000000004
2007-05-18 05:00:00,0.5205502000000004
2007-05-21 05:00:00,0.5207501000000003
2007-05-22 05:00:00,0.5169501000000003
2007-05-23 05:00:00,0.5200502000000004
2007-05-24 05:00:00,0.5162501000000004
2007-05-25 05:00:00,0.5164502000000004
2007-05-29 05:00:00,0.5168502000000004
2007-05-30 05:00:00,0.5210501000000004
2007-05-31 05:00:00,0.5281501000000004
2007-06-01 05:00:00,0.5349501000000003
2007-06-04 05:00:00,0.5377501000000003
2007-06-05 05:00:00,0.5403501000000004
2007-06-06 05:00:00,0.5417501000000003
2007-06-07 05:00:00,0.5437501000000003
2007-06-08 05:00:00,0.5523501000000004
2007-06-11 05:00:00,0.5421501000000003
2007-06-12 05:00:00,0.5431501000000003
2007-06-13 05:00:00,0.5420502000000004
2007-06-14 05:00:00,0.5421502000000004
2007-06-15 05:00:00,0.5451503000000004
2007-06-18 05:00:00,0.5456502000000004
2007-06-19 05:00:00,0.5506503000000004
2007-06-20 05:00:00,0.5535502000000004
2007-06-21 05:00:00,0.5545502000000004
2007-06-22 05:00:00,0.5575502000000004
2007-06-25 05:00:00,0.5561502000000004
2007-06-26 05:00:00,0.5587503000000004
2007-06-27 05:00:00,0.5505502000000004
2007-06-28 05:00:00,0.5608502000000004
2007-06-29 05:00:00,0.5618503000000004
2007-07-02 05:00:00,0.5750502000000004
2007-07-03 05:00:00,0.5736502000000003
2007-07-05 05:00:00,0.5746503000000004
2007-07-06 05:00:00,0.5727502000000004
2007-07-09 05:00:00,0.5728503000000004
2007-07-10 05:00:00,0.5717502000000004
2007-07-11 05:00:00,0.5724503000000004
2007-07-12 05:00:00,0.5763503000000004
2007-07-13 05:00:00,0.5788502000000004
2007-07-16 05:00:00,0.5851502000000004
2007-07-17 05:00:00,0.5841502000000004
2007-07-18 05:00:00,0.5861503000000005
2007-07-19 05:00:00,0.5866502000000003
2007-07-20 05:00:00,0.5897502000000003
2007-07-23 05:00:00,0.5985502000000004
2007-07-24 05:00:00,0.6014502000000004
2007-07-25 05:00:00,0.5962502000000004
2007-07-26 05:00:00,0.5760502000000004
2007-07-27 05:00:00,0.5608502000000004
2007-07-30 05:00:00,0.5577502000000004
2007-07-31 05:00:00,0.5600502000000004
2007-08-01 05:00:00,0.5538503000000005
2007-08-02 05:00:00,0.5609503000000005
2007-08-03 05:00:00,0.5582502000000004
2007-08-06 05:00:00,0.5573503000000004
2007-08-07 05:00:00,0.5541503000000004
2007-08-08 05:00:00,0.5632502000000004
2007-08-09 05:00:00,0.5502502000000004
2007-08-10 05:00:00,0.5400502000000004
2007-08-13 05:00:00,0.5342502000000003
2007-08-14 05:00:00,0.5222502000000003
2007-08-15 05:00:00,0.5108502000000004
2007-08-16 05:00:00,0.4749502000000003
2007-08-17 05:00:00,0.4874502000000004
2007-08-20 05:00:00,0.49515020000000043
2007-08-21 05:00:00,0.4921502000000004
2007-08-22 05:00:00,0.4965502000000004
2007-08-23 05:00:00,0.5067502000000004
2007-08-24 05:00:00,0.5143503000000004
2007-08-27 05:00:00,0.5152502000000004
2007-08-28 05:00:00,0.49845030000000046
2007-08-29 05:00:00,0.49715020000000043
2007-08-30 05:00:00,0.49875020000000037
2007-08-31 05:00:00,0.4954502000000004
2007-09-04 05:00:00,0.49135030000000046
2007-09-05 05:00:00,0.4831502000000004
2007-09-06 05:00:00,0.48945030000000045
2007-09-07 05:00:00,0.48675020000000035
2007-09-10 05:00:00,0.4920502000000003
2007-09-11 05:00:00,0.5030502000000003
2007-09-12 05:00:00,0.5103502000000003
2007-09-13 05:00:00,0.5126502000000003
2007-09-14 05:00:00,0.5096502000000003
2007-09-17 05:00:00,0.5032502000000003
2007-09-18 05:00:00,0.5182502000000003
2007-09-19 05:00:00,0.5298502000000003
2007-09-20 05:00:00,0.5375502000000003
2007-09-21 05:00:00,0.5397502000000003
2007-09-24 05:00:00,0.5419503000000003
2007-09-25 05:00:00,0.5389503000000003
2007-09-26 05:00:00,0.5397502000000003
2007-09-27 05:00:00,0.5476502000000003
2007-09-28 05:00:00,0.5545502000000003
2007-10-01 05:00:00,0.5639502000000003
2007-10-02 05:00:00,0.5588502000000003
2007-10-03 05:00:00,0.5530502000000003
2007-10-04 05:00:00,0.5515502000000004
2007-10-05 05:00:00,0.5585502000000002
2007-10-09 05:00:00,0.5599502000000003
2007-10-10 05:00:00,0.5597503000000004
2007-10-11 05:00:00,0.5698502000000003
2007-10-12 05:00:00,0.5732502000000004
2007-10-15 05:00:00,0.5601502000000004
2007-10-16 05:00:00,0.5409502000000003
2007-10-17 05:00:00,0.5449503000000003
2007-10-18 05:00:00,0.5530502000000003
2007-10-19 05:00:00,0.5498502000000003
2007-10-22 05:00:00,0.5410503000000003
2007-10-23 05:00:00,0.5549502000000003
2007-10-24 05:00:00,0.5507503000000004
2007-10-25 05:00:00,0.5607502000000003
2007-10-26 05:00:00,0.5649502000000003
2007-10-29 05:00:00,0.5663502000000004
2007-10-30 05:00:00,0.5648502000000003
2007-10-31 05:00:00,0.5725502000000003
2007-11-01 05:00:00,0.5612503000000003
2007-11-02 05:00:00,0.5620502000000003
2007-11-05 06:00:00,0.5678502000000003
2007-11-06 06:00:00,0.5781502000000003
2007-11-07 06:00:00,0.5804502000000004
2007-11-08 06:00:00,0.5727503000000004
2007-11-09 06:00:00,0.5668502000000003
2007-11-13 06:00:00,0.5557503000000004
2007-11-14 06:00:00,0.5662503000000003
2007-11-15 06:00:00,0.5550503000000003
2007-11-16 06:00:00,0.5548502000000003
2007-11-19 06:00:00,0.5558502000000003
2007-11-20 06:00:00,0.5609503000000003
2007-11-21 06:00:00,0.5510502000000004
2007-11-23 06:00:00,0.5591502000000004
2007-11-26 06:00:00,0.5543502000000003
2007-11-27 06:00:00,0.5588502000000003
2007-11-28 06:00:00,0.5769503000000004
2007-11-29 06:00:00,0.5724503000000003
2007-11-30 06:00:00,0.5626502000000003
2007-12-03 06:00:00,0.5667502000000003
2007-12-04 06:00:00,0.5640503000000003
2007-12-05 06:00:00,0.5662503000000003
2007-12-06 06:00:00,0.5795502000000003
2007-12-07 06:00:00,0.5786502000000003
2007-12-10 06:00:00,0.5817503000000004
2007-12-11 06:00:00,0.5785502000000002
2007-12-12 06:00:00,0.5925502000000004
2007-12-13 06:00:00,0.5826502000000003
2007-12-14 06:00:00,0.5698502000000003
2007-12-17 06:00:00,0.5584502000000003
2007-12-18 06:00:00,0.5569502000000004
2007-12-19 06:00:00,0.5584502000000003
2007-12-20 06:00:00,0.5615502000000003
2007-12-21 06:00:00,0.5664502000000003
2007-12-24 06:00:00,0.5699502000000004
2007-12-26 06:00:00,0.5703503000000004
2007-12-27 06:00:00,0.5754502000000004
2007-12-28 06:00:00,0.5765503000000004
2007-12-31 06:00:00,0.5697503000000004
2008-01-02 06:00:00,0.5786502000000003
2008-01-03 06:00:00,0.5752503000000003
2008-01-04 06:00:00,0.5704502000000004
2008-01-07 06:00:00,0.5699502000000004
2008-01-08 06:00:00,0.5755502000000003
2008-01-09 06:00:00,0.5752503000000003
2008-01-10 06:00:00,0.5896502000000003
2008-01-11 06:00:00,0.5862503000000003
2008-01-14 06:00:00,0.5938502000000003
2008-01-15 06:00:00,0.5857502000000003
2008-01-16 06:00:00,0.5768503000000004
2008-01-17 06:00:00,0.5717502000000003
2008-01-18 06:00:00,0.5634502000000003
2008-01-22 06:00:00,0.5683502000000004
2008-01-23 06:00:00,0.5642503000000004
2008-01-24 06:00:00,0.5781502000000004
2008-01-25 06:00:00,0.5736502000000003
2008-01-28 06:00:00,0.5814502000000004
2008-01-29 06:00:00,0.5825502000000004
2008-01-30 06:00:00,0.5951503000000004
2008-01-31 06:00:00,0.5937503000000004
2008-02-01 06:00:00,0.5986502000000004
2008-02-04 06:00:00,0.5992503000000003
2008-02-05 06:00:00,0.5888502000000003
2008-02-06 06:00:00,0.5910502000000003
2008-02-07 06:00:00,0.5927503000000004
2008-02-08 06:00:00,0.5940502000000003
2008-02-11 06:00:00,0.5956502000000004
2008-02-12 06:00:00,0.5980503000000004
2008-02-13 06:00:00,0.5897503000000004
2008-02-14 06:00:00,0.5957502000000003
2008-02-15 06:00:00,0.5946502000000004
2008-02-19 06:00:00,0.6063503000000003
2008-02-20 06:00:00,0.6054502000000004
2008-02-21 06:00:00,0.6073503000000003
2008-02-22 06:00:00,0.6148502000000003
2008-02-25 06:00:00,0.6181503000000004
2008-02-26 06:00:00,0.6232503000000004
2008-02-27 06:00:00,0.6229502000000003
2008-02-28 06:00:00,0.6246502000000004
2008-02-29 06:00:00,0.6069502000000003
2008-03-03 06:00:00,0.6136502000000004
2008-03-04 06:00:00,0.6083502000000003
2008-03-05 06:00:00,0.6072502000000004
2008-03-06 06:00:00,0.6069502000000003
2008-03-07 06:00:00,0.6013502000000003
2008-03-10 05:00:00,0.5987503000000004
2008-03-11 05:00:00,0.6108502000000003
2008-03-12 05:00:00,0.6180502000000003
2008-03-13 05:00:00,0.6275503000000003
2008-03-14 05:00:00,0.6230502000000003
2008-03-17 05:00:00,0.6060502000000003
2008-03-18 05:00:00,0.6160503000000004
2008-03-19 05:00:00,0.6122502000000003
2008-03-20 05:00:00,0.5990502000000003
2008-03-24 05:00:00,0.6088502000000003
2008-03-25 05:00:00,0.6187502000000004
2008-03-26 05:00:00,0.6152503000000004
2008-03-27 05:00:00,0.6154503000000003
2008-03-28 05:00:00,0.6068502000000003
2008-03-31 05:00:00,0.5984503000000003
2008-04-01 05:00:00,0.5967502000000003
2008-04-02 05:00:00,0.6027503000000004
2008-04-03 05:00:00,0.6000502000000003
2008-04-04 05:00:00,0.6020502000000003
2008-04-07 05:00:00,0.6110502000000003
2008-04-08 05:00:00,0.6115502000000004
2008-04-09 05:00:00,0.6110502000000003
2008-04-10 05:00:00,0.6140502000000003
2008-04-11 05:00:00,0.6081502000000003
2008-04-14 05:00:00,0.6027503000000004
2008-04-15 05:00:00,0.5993502000000004
2008-04-16 05:00:00,0.6041502000000003
2008-04-17 05:00:00,0.6030503000000004
2008-04-18 05:00:00,0.6052503000000004
2008-04-21 05:00:00,0.6086502000000004
2008-04-22 05:00:00,0.6128502000000003
2008-04-23 05:00:00,0.6149503000000004
2008-04-24 05:00:00,0.6057502000000003
2008-04-25 05:00:00,0.5970502000000003
2008-04-28 05:00:00,0.6019503000000004
2008-04-29 05:00:00,0.5899503000000004
2008-04-30 05:00:00,0.6011502000000003
2008-05-01 05:00:00,0.5950502000000003
2008-05-02 05:00:00,0.5986502000000004
2008-05-05 05:00:00,0.6022502000000003
2008-05-06 05:00:00,0.6086502000000004
2008-05-07 05:00:00,0.5993502000000004
2008-05-08 05:00:00,0.5889502000000003
2008-05-09 05:00:00,0.5859503000000004
2008-05-12 05:00:00,0.5882502000000004
2008-05-13 05:00:00,0.5834503000000003
2008-05-14 05:00:00,0.5795502000000003
2008-05-15 05:00:00,0.5824502000000004
2008-05-16 05:00:00,0.5918502000000003
2008-05-19 05:00:00,0.5908502000000003
2008-05-20 05:00:00,0.5936502000000003
2008-05-21 05:00:00,0.5953502000000004
2008-05-22 05:00:00,0.6028502000000003
2008-05-23 05:00:00,0.6077503000000004
2008-05-27 05:00:00,0.6097502000000004
2008-05-28 05:00:00,0.6042503000000004
2008-05-29 05:00:00,0.5993502000000004
2008-05-30 05:00:00,0.6049503000000004
2008-06-02 05:00:00,0.6057502000000003
2008-06-03 05:00:00,0.6028502000000003
2008-06-04 05:00:00,0.6009503000000004
2008-06-05 05:00:00,0.5886502000000003
2008-06-06 05:00:00,0.5892502000000004
2008-06-09 05:00:00,0.5809503000000004
2008-06-10 05:00:00,0.5731502000000004
2008-06-11 05:00:00,0.5780502000000003
2008-06-12 05:00:00,0.5725503000000004
2008-06-13 05:00:00,0.5720503000000003
2008-06-16 05:00:00,0.5760503000000003
2008-06-17 05:00:00,0.5790503000000004
2008-06-18 05:00:00,0.5827503000000005
2008-06-19 05:00:00,0.5852503000000003
2008-06-20 05:00:00,0.5848503000000004
2008-06-23 05:00:00,0.5800503000000004
2008-06-24 05:00:00,0.5819504000000004
2008-06-25 05:00:00,0.5825503000000004
2008-06-26 05:00:00,0.5804503000000004
2008-06-27 05:00:00,0.5848503000000004
2008-06-30 05:00:00,0.5867503000000004
2008-07-01 05:00:00,0.5806504000000005
2008-07-02 05:00:00,0.5851504000000004
2008-07-03 05:00:00,0.5803503000000004
2008-07-07 05:00:00,0.5789503000000004
2008-07-08 05:00:00,0.5772504000000004
2008-07-09 05:00:00,0.5854503000000004
2008-07-10 05:00:00,0.5843503000000004
2008-07-11 05:00:00,0.5857503000000004
2008-07-14 05:00:00,0.5906504000000005
2008-07-15 05:00:00,0.5979503000000004
2008-07-16 05:00:00,0.5978503000000004
2008-07-17 05:00:00,0.5883503000000004
2008-07-18 05:00:00,0.5882503000000003
2008-07-21 05:00:00,0.5878503000000004
2008-07-22 05:00:00,0.5863503000000004
2008-07-23 05:00:00,0.5774503000000004
2008-07-24 05:00:00,0.5689503000000004
2008-07-25 05:00:00,0.5701504000000004
2008-07-28 05:00:00,0.5724503000000004
2008-07-29 05:00:00,0.5678503000000004
2008-07-30 05:00:00,0.5626504000000004
2008-07-31 05:00:00,0.5627503000000005
2008-08-01 05:00:00,0.5556503000000004
2008-08-04 05:00:00,0.5587503000000004
2008-08-05 05:00:00,0.5551504000000004
2008-08-06 05:00:00,0.5475503000000004
2008-08-07 05:00:00,0.5445503000000004
2008-08-08 05:00:00,0.5342503000000004
2008-08-11 05:00:00,0.5294503000000004
2008-08-12 05:00:00,0.5297503000000003
2008-08-13 05:00:00,0.5352504000000005
2008-08-14 05:00:00,0.5302503000000004
2008-08-15 05:00:00,0.5372503000000004
2008-08-18 05:00:00,0.5417503000000004
2008-08-19 05:00:00,0.5431504000000004
2008-08-20 05:00:00,0.5428503000000003
2008-08-21 05:00:00,0.5511504000000004
2008-08-22 05:00:00,0.5400503000000004
2008-08-25 05:00:00,0.5357503000000005
2008-08-26 05:00:00,0.5290503000000004
2008-08-27 05:00:00,0.5326503000000004
2008-08-28 05:00:00,0.5332503000000004
2008-08-29 05:00:00,0.5309504000000004
2008-09-02 05:00:00,0.5196503000000003
2008-09-03 05:00:00,0.5167503000000003
2008-09-04 05:00:00,0.5054504000000004
2008-09-05 05:00:00,0.4998503000000004
2008-09-08 05:00:00,0.5014504000000004
2008-09-09 05:00:00,0.5045503000000003
2008-09-10 05:00:00,0.49925030000000037
2008-09-11 05:00:00,0.48465040000000037
2008-09-12 05:00:00,0.5001504000000003
2008-09-15 05:00:00,0.4891504000000003
2008-09-16 05:00:00,0.4926504000000004
2008-09-17 05:00:00,0.5051504000000003
2008-09-18 05:00:00,0.5089505000000004
2008-09-19 05:00:00,0.5222505000000004
2008-09-22 05:00:00,0.5276504000000004
2008-09-23 05:00:00,0.5186504000000004
2008-09-24 05:00:00,0.5199504000000004
2008-09-25 05:00:00,0.5171504000000003
2008-09-26 05:00:00,0.5197505000000003
2008-09-29 05:00:00,0.5099504000000004
2008-09-30 05:00:00,0.5055504000000004
2008-10-01 05:00:00,0.5097504000000004
2008-10-02 05:00:00,0.4955504000000004
2008-10-03 05:00:00,0.49875040000000037
2008-10-06 05:00:00,0.4581504000000004
2008-10-07 05:00:00,0.4682504000000004
2008-10-08 05:00:00,0.4488504000000003
2008-10-09 05:00:00,0.4552504000000004
2008-10-10 05:00:00,0.4326504000000003
2008-10-13 05:00:00,0.4470504000000004
2008-10-14 05:00:00,0.45855040000000036
2008-10-15 05:00:00,0.44465040000000033
2008-10-16 05:00:00,0.4492504000000004
2008-10-17 05:00:00,0.4562504000000004
2008-10-20 05:00:00,0.4618504000000003
2008-10-21 05:00:00,0.4533504000000004
2008-10-22 05:00:00,0.4264505000000004
2008-10-23 05:00:00,0.41715040000000037
2008-10-24 05:00:00,0.3974504000000003
2008-10-27 05:00:00,0.3789505000000004
2008-10-28 05:00:00,0.40015040000000035
2008-10-29 05:00:00,0.42435040000000035
2008-10-30 05:00:00,0.43225040000000037
2008-10-31 05:00:00,0.42445040000000034
2008-11-03 06:00:00,0.4324505000000004
2008-11-04 06:00:00,0.44155040000000034
2008-11-05 06:00:00,0.4410504000000004
2008-11-06 06:00:00,0.4296504000000003
2008-11-07 06:00:00,0.4291504000000004
2008-11-10 06:00:00,0.4228504000000004
2008-11-11 06:00:00,0.4105504000000003
2008-11-12 06:00:00,0.4007504000000004
2008-11-13 06:00:00,0.4034505000000004
2008-11-14 06:00:00,0.40415040000000035
2008-11-17 06:00:00,0.3968504000000004
2008-11-18 06:00:00,0.3863504000000003
2008-11-19 06:00:00,0.3872504000000003
2008-11-20 06:00:00,0.36685040000000035
2008-11-21 06:00:00,0.3675504000000004
2008-11-24 06:00:00,0.38285040000000037
2008-11-25 06:00:00,0.38545050000000036
2008-11-26 06:00:00,0.3933504000000003
2008-11-28 06:00:00,0.39015040000000034
2008-12-01 06:00:00,0.37505040000000034
2008-12-02 06:00:00,0.3701504000000003
2008-12-03 06:00:00,0.36795040000000034
2008-12-04 06:00:00,0.3743504000000004
2008-12-05 06:00:00,0.3741504000000003
2008-12-08 06:00:00,0.3884504000000004
2008-12-09 06:00:00,0.3812504000000003
2008-12-10 06:00:00,0.3825504000000004
2008-12-11 06:00:00,0.3913504000000003
2008-12-12 06:00:00,0.38735030000000026
2008-12-15 06:00:00,0.39345030000000025
2008-12-16 06:00:00,0.41455030000000026
2008-12-17 06:00:00,0.43285030000000024
2008-12-18 06:00:00,0.43065030000000026
2008-12-19 06:00:00,0.41555030000000026
2008-12-22 06:00:00,0.41575030000000024
2008-12-23 06:00:00,0.40845030000000027
2008-12-24 06:00:00,0.4153503000000003
2008-12-26 06:00:00,0.41965030000000025
2008-12-29 06:00:00,0.42065030000000025
2008-12-30 06:00:00,0.41965030000000025
2008-12-31 06:00:00,0.4294503000000003
2009-01-02 06:00:00,0.4281503000000003
2009-01-05 06:00:00,0.43205030000000033
2009-01-06 06:00:00,0.44105030000000023
2009-01-07 06:00:00,0.43525040000000026
2009-01-08 06:00:00,0.43565030000000027
2009-01-09 06:00:00,0.4354503000000003
2009-01-12 06:00:00,0.42125040000000025
2009-01-13 06:00:00,0.39375030000000033
2009-01-14 06:00:00,0.3847503000000003
2009-01-15 06:00:00,0.38235030000000025
2009-01-16 06:00:00,0.38545030000000025
2009-01-20 06:00:00,0.36435030000000024
2009-01-21 06:00:00,0.3725503000000002
2009-01-22 06:00:00,0.37315030000000027
2009-01-23 06:00:00,0.3749503000000003
2009-01-26 06:00:00,0.3688503000000003
2009-01-27 06:00:00,0.3740503000000003
2009-01-28 06:00:00,0.3752504000000003
2009-01-29 06:00:00,0.3588503000000003
2009-01-30 06:00:00,0.3513503000000002
2009-02-02 06:00:00,0.3493503000000002
2009-02-03 06:00:00,0.3590504000000003
2009-02-04 06:00:00,0.3524503000000003
2009-02-05 06:00:00,0.3628503000000003
2009-02-06 06:00:00,0.3776503000000003
2009-02-09 06:00:00,0.3840503000000003
2009-02-10 06:00:00,0.36405040000000033
2009-02-11 06:00:00,0.37275040000000026
2009-02-12 06:00:00,0.3606503000000003
2009-02-13 06:00:00,0.3707503000000003
2009-02-17 06:00:00,0.3558503000000003
2009-02-18 06:00:00,0.35625030000000024
2009-02-19 06:00:00,0.3576503000000003
2009-02-20 06:00:00,0.35935030000000023
2009-02-23 06:00:00,0.3546503000000003
2009-02-24 06:00:00,0.3612504000000003
2009-02-25 06:00:00,0.3557503000000003
2009-02-26 06:00:00,0.3557503000000003
2009-02-27 06:00:00,0.3498503000000003
2009-03-02 06:00:00,0.3395503000000003
2009-03-03 06:00:00,0.3437503000000003
2009-03-04 06:00:00,0.35415030000000025
2009-03-05 06:00:00,0.3446503000000003
2009-03-06 06:00:00,0.3478503000000003
2009-03-09 05:00:00,0.34035030000000027
2009-03-10 05:00:00,0.3474503000000003
2009-03-11 05:00:00,0.35255040000000026
2009-03-12 05:00:00,0.36745030000000023
2009-03-13 05:00:00,0.3720503000000003
2009-03-16 05:00:00,0.3787503000000003
2009-03-17 05:00:00,0.37715030000000027
2009-03-18 05:00:00,0.3910503000000003
2009-03-19 05:00:00,0.4018503000000003
2009-03-20 05:00:00,0.40545030000000026
2009-03-23 05:00:00,0.41735040000000034
2009-03-24 05:00:00,0.41185030000000034
2009-03-25 05:00:00,0.4092503000000003
2009-03-26 05:00:00,0.42195030000000033
2009-03-27 05:00:00,0.4172503000000003
2009-03-30 05:00:00,0.4078503000000002
2009-03-31 05:00:00,0.41795030000000033
2009-04-01 05:00:00,0.4141503000000003
2009-04-02 05:00:00,0.42555030000000027
2009-04-03 05:00:00,0.4343503000000003
2009-04-06 05:00:00,0.4345503000000003
2009-04-07 05:00:00,0.42235040000000035
2009-04-08 05:00:00,0.42475030000000025
2009-04-09 05:00:00,0.42975030000000025
2009-04-13 05:00:00,0.4394503000000003
2009-04-14 05:00:00,0.43165030000000026
2009-04-15 05:00:00,0.4253503000000003
2009-04-16 05:00:00,0.4194503000000003
2009-04-17 05:00:00,0.41305040000000026
2009-04-20 05:00:00,0.39965030000000024
2009-04-21 05:00:00,0.4099503000000003
2009-04-22 05:00:00,0.40545030000000026
2009-04-23 05:00:00,0.4081503000000003
2009-04-24 05:00:00,0.4195504000000003
2009-04-27 05:00:00,0.41365030000000025
2009-04-28 05:00:00,0.4078503000000002
2009-04-29 05:00:00,0.4234503000000003
2009-04-30 05:00:00,0.41445030000000027
2009-05-01 05:00:00,0.41865030000000025
2009-05-04 05:00:00,0.4214503000000003
2009-05-05 05:00:00,0.42655030000000027
2009-05-06 05:00:00,0.43355040000000034
2009-05-07 05:00:00,0.4393503000000003
2009-05-08 05:00:00,0.45285030000000026
2009-05-11 05:00:00,0.4533503000000003
2009-05-12 05:00:00,0.45525030000000033
2009-05-13 05:00:00,0.4397504000000003
2009-05-14 05:00:00,0.44685030000000026
2009-05-15 05:00:00,0.4333503000000003
2009-05-18 05:00:00,0.44215030000000033
2009-05-19 05:00:00,0.4526503000000003
2009-05-20 05:00:00,0.45785030000000027
2009-05-21 05:00:00,0.4556503000000003
2009-05-22 05:00:00,0.47015030000000024
2009-05-26 05:00:00,0.47335030000000033
2009-05-27 05:00:00,0.46825030000000023
2009-05-28 05:00:00,0.47275040000000035
2009-05-29 05:00:00,0.48775040000000025
2009-06-01 05:00:00,0.5033503000000003
2009-06-02 05:00:00,0.5078504000000003
2009-06-03 05:00:00,0.47905030000000026
2009-06-04 05:00:00,0.4839503000000003
2009-06-05 05:00:00,0.4778503000000003
2009-06-08 05:00:00,0.46735030000000033
2009-06-09 05:00:00,0.47695030000000027
2009-06-10 05:00:00,0.4758503000000003
2009-06-11 05:00:00,0.4958503000000002
2009-06-12 05:00:00,0.4918503000000002
2009-06-15 05:00:00,0.4794503000000002
2009-06-16 05:00:00,0.48195030000000016
2009-06-17 05:00:00,0.4847503000000002
2009-06-18 05:00:00,0.48975040000000025
2009-06-19 05:00:00,0.49395040000000023
2009-06-22 05:00:00,0.48135030000000023
2009-06-23 05:00:00,0.4906503000000002
2009-06-24 05:00:00,0.49035030000000024
2009-06-25 05:00:00,0.4950504000000002
2009-06-26 05:00:00,0.49625030000000026
2009-06-29 05:00:00,0.5018503000000002
2009-06-30 05:00:00,0.4966503000000002
2009-07-01 05:00:00,0.4932504000000002
2009-07-02 05:00:00,0.4810504000000002
2009-07-06 05:00:00,0.48225030000000024
2009-07-07 05:00:00,0.48205030000000015
2009-07-08 05:00:00,0.4737503000000002
2009-07-09 05:00:00,0.48175040000000025
2009-07-10 05:00:00,0.4784503000000002
2009-07-13 05:00:00,0.4829504000000002
2009-07-14 05:00:00,0.48635030000000024
2009-07-15 05:00:00,0.5021503000000002
2009-07-16 05:00:00,0.4986503000000002
2009-07-17 05:00:00,0.49625030000000026
2009-07-20 05:00:00,0.5080503000000002
2009-07-21 05:00:00,0.5049503000000002
2009-07-22 05:00:00,0.5130503000000002
2009-07-23 05:00:00,0.5081503000000002
2009-07-24 05:00:00,0.5081503000000002
2009-07-27 05:00:00,0.5077503000000002
2009-07-28 05:00:00,0.5102503000000002
2009-07-29 05:00:00,0.5053503000000003
2009-07-30 05:00:00,0.5047504000000003
2009-07-31 05:00:00,0.5124504000000002
2009-08-03 05:00:00,0.5183503000000002
2009-08-04 05:00:00,0.5177504000000003
2009-08-05 05:00:00,0.5257503000000002
2009-08-06 05:00:00,0.5218503000000002
2009-08-07 05:00:00,0.5240503000000002
2009-08-10 05:00:00,0.5268503000000002
2009-08-11 05:00:00,0.5207503000000002
2009-08-12 05:00:00,0.5271503000000002
2009-08-13 05:00:00,0.5308503000000002
2009-08-14 05:00:00,0.5277504000000002
2009-08-17 05:00:00,0.5218503000000002
2009-08-18 05:00:00,0.5273503000000002
2009-08-19 05:00:00,0.5263503000000002
2009-08-20 05:00:00,0.5287503000000002
2009-08-21 05:00:00,0.5353503000000002
2009-08-24 05:00:00,0.5385504000000002
2009-08-25 05:00:00,0.5372503000000002
2009-08-26 05:00:00,0.5339504000000003
2009-08-27 05:00:00,0.5412503000000002
2009-08-28 05:00:00,0.5373503000000002
2009-08-31 05:00:00,0.5378503000000002
2009-09-01 05:00:00,0.5271503000000002
2009-09-02 05:00:00,0.5268503000000002
2009-09-03 05:00:00,0.5296503000000002
2009-09-04 05:00:00,0.5411503000000002
2009-09-08 05:00:00,0.5490503000000002
2009-09-09 05:00:00,0.5488503000000002
2009-09-10 05:00:00,0.5567503000000003
2009-09-11 05:00:00,0.5605503000000003
2009-09-14 05:00:00,0.5538503000000004
2009-09-15 05:00:00,0.5572504000000004
2009-09-16 05:00:00,0.5674504000000004
2009-09-17 05:00:00,0.5640504000000004
2009-09-18 05:00:00,0.5637504000000003
2009-09-21 05:00:00,0.5604504000000003
2009-09-22 05:00:00,0.5734504000000004
2009-09-23 05:00:00,0.5786503000000003
2009-09-24 05:00:00,0.5700503000000003
2009-09-25 05:00:00,0.5716503000000003
2009-09-28 05:00:00,0.5702504000000004
2009-09-29 05:00:00,0.5691503000000003
2009-09-30 05:00:00,0.5777504000000003
2009-10-01 05:00:00,0.5702504000000004
2009-10-02 05:00:00,0.5704503000000003
2009-10-05 05:00:00,0.5854504000000004
2009-10-06 05:00:00,0.5866503000000003
2009-10-07 05:00:00,0.5877504000000003
2009-10-08 05:00:00,0.5973503000000003
2009-10-09 05:00:00,0.5883503000000003
2009-10-12 05:00:00,0.5890503000000004
2009-10-13 05:00:00,0.5880503000000004
2009-10-14 05:00:00,0.5923503000000003
2009-10-15 05:00:00,0.5978503000000003
2009-10-16 05:00:00,0.5939504000000003
2009-10-19 05:00:00,0.6083503000000003
2009-10-20 05:00:00,0.6023503000000003
2009-10-21 05:00:00,0.6170503000000003
2009-10-22 05:00:00,0.6132504000000003
2009-10-23 05:00:00,0.6087503000000003
2009-10-26 05:00:00,0.6014504000000004
2009-10-27 05:00:00,0.6004504000000004
2009-10-28 05:00:00,0.5837503000000003
2009-10-29 05:00:00,0.5911503000000004
2009-10-30 05:00:00,0.5734504000000004
2009-11-02 06:00:00,0.5714503000000003
2009-11-03 06:00:00,0.5753503000000003
2009-11-04 06:00:00,0.5853503000000003
2009-11-05 06:00:00,0.5772503000000003
2009-11-06 06:00:00,0.5791503000000003
2009-11-09 06:00:00,0.5979504000000003
2009-11-10 06:00:00,0.5988503000000003
2009-11-11 06:00:00,0.5956503000000003
2009-11-12 06:00:00,0.5887503000000003
2009-11-13 06:00:00,0.5984503000000003
2009-11-16 06:00:00,0.6051503000000004
2009-11-17 06:00:00,0.5999504000000003
2009-11-18 06:00:00,0.6000503000000004
2009-11-19 06:00:00,0.5873503000000003
2009-11-20 06:00:00,0.5801503000000003
2009-11-23 06:00:00,0.5899504000000003
2009-11-24 06:00:00,0.5828503000000003
2009-11-25 06:00:00,0.5872503000000003
2009-11-27 06:00:00,0.5658503000000004
2009-11-30 06:00:00,0.5708503000000004
2009-12-01 06:00:00,0.5841503000000003
2009-12-02 06:00:00,0.5789504000000003
2009-12-03 06:00:00,0.5816503000000003
2009-12-04 06:00:00,0.5711503000000003
2009-12-07 06:00:00,0.5701503000000003
2009-12-08 06:00:00,0.5627503000000004
2009-12-09 06:00:00,0.5698503000000004
2009-12-10 06:00:00,0.5857503000000003
2009-12-11 06:00:00,0.5813503000000003
2009-12-14 06:00:00,0.5849504000000004
2009-12-15 06:00:00,0.5791504000000004
2009-12-16 06:00:00,0.5773503000000003
2009-12-17 06:00:00,0.5678503000000004
2009-12-18 06:00:00,0.5682503000000003
2009-12-21 06:00:00,0.5622503000000003
2009-12-22 06:00:00,0.5607503000000004
2009-12-23 06:00:00,0.5627503000000004
2009-12-24 06:00:00,0.5644504000000004
2009-12-28 06:00:00,0.5663503000000003
2009-12-29 06:00:00,0.5771504000000004
2009-12-30 06:00:00,0.5795503000000004
2009-12-31 06:00:00,0.5844503000000003
2010-01-04 06:00:00,0.5922503000000003
2010-01-05 06:00:00,0.5932503000000003
2010-01-06 06:00:00,0.5973503000000003
2010-01-07 06:00:00,0.5926504000000004
2010-01-08 06:00:00,0.5950503000000004
2010-01-11 06:00:00,0.6020503000000004
2010-01-12 06:00:00,0.5983503000000003
2010-01-13 06:00:00,0.5991503000000004
2010-01-14 06:00:00,0.6020503000000004
2010-01-15 06:00:00,0.5964504000000004
2010-01-19 06:00:00,0.5979504000000003
2010-01-20 06:00:00,0.5790503000000004
2010-01-21 06:00:00,0.5724504000000004
2010-01-22 06:00:00,0.5699504000000004
2010-01-25 06:00:00,0.5743503000000003
2010-01-26 06:00:00,0.5690503000000003
2010-01-27 06:00:00,0.5654503000000004
2010-01-28 06:00:00,0.5650503000000003
2010-01-29 06:00:00,0.5629503000000003
2010-02-01 06:00:00,0.5689503000000004
2010-02-02 06:00:00,0.5717503000000004
2010-02-03 06:00:00,0.5685503000000004
2010-02-04 06:00:00,0.5488503000000003
2010-02-05 06:00:00,0.5454504000000003
2010-02-08 06:00:00,0.5454504000000003
2010-02-09 06:00:00,0.5532503000000003
2010-02-10 06:00:00,0.5548503000000004
2010-02-11 06:00:00,0.5620503000000003
2010-02-12 06:00:00,0.5576504000000003
2010-02-16 06:00:00,0.5671504000000004
2010-02-17 06:00:00,0.5647503000000004
2010-02-18 06:00:00,0.5672503000000003
2010-02-19 06:00:00,0.5593503000000004
2010-02-22 06:00:00,0.5630503000000003
2010-02-23 06:00:00,0.5538503000000004
2010-02-24 06:00:00,0.5538503000000004
2010-02-25 06:00:00,0.5511504000000004
2010-02-26 06:00:00,0.5612504000000004
2010-03-01 06:00:00,0.5613503000000004
2010-03-02 06:00:00,0.5577503000000004
2010-03-03 06:00:00,0.5554504000000003
2010-03-04 06:00:00,0.5480503000000003
2010-03-05 06:00:00,0.5584504000000003
2010-03-08 06:00:00,0.5624503000000004
2010-03-09 06:00:00,0.5645503000000004
2010-03-10 06:00:00,0.5707503000000004
2010-03-11 06:00:00,0.5626504000000003
2010-03-12 06:00:00,0.5633504000000003
2010-03-15 05:00:00,0.5629504000000003
2010-03-16 05:00:00,0.5712505000000003
2010-03-17 05:00:00,0.5767505000000003
2010-03-18 05:00:00,0.5770505000000002
2010-03-19 05:00:00,0.5713504000000003
2010-03-22 05:00:00,0.5681504000000003
2010-03-23 05:00:00,0.5682504000000003
2010-03-24 05:00:00,0.5658505000000003
2010-03-25 05:00:00,0.5676504000000002
2010-03-26 05:00:00,0.5660504000000003
2010-03-29 05:00:00,0.5715504000000002
2010-03-30 05:00:00,0.5729504000000003
2010-03-31 05:00:00,0.5730505000000004
2010-04-01 05:00:00,0.5698504000000003
2010-04-02 05:00:00,0.5690504000000003
2010-04-05 05:00:00,0.5672504000000003
2010-04-06 05:00:00,0.5693504000000003
2010-04-07 05:00:00,0.5718504000000003
2010-04-08 05:00:00,0.5703504000000003
2010-04-09 05:00:00,0.5781504000000003
2010-04-12 05:00:00,0.5761504000000003
2010-04-13 05:00:00,0.5743504000000003
2010-04-14 05:00:00,0.5774505000000003
2010-04-15 05:00:00,0.5759505000000003
2010-04-16 05:00:00,0.5721504000000003
2010-04-19 05:00:00,0.5731504000000003
2010-04-20 05:00:00,0.5750504000000003
2010-04-21 05:00:00,0.5739505000000003
2010-04-22 05:00:00,0.5750504000000003
2010-04-23 05:00:00,0.5799505000000003
2010-04-26 05:00:00,0.5869504000000003
2010-04-27 05:00:00,0.5760504000000003
2010-04-28 05:00:00,0.5852505000000003
2010-04-29 05:00:00,0.5879505000000003
2010-04-30 05:00:00,0.5921504000000003
2010-05-03 05:00:00,0.5966504000000002
2010-05-04 05:00:00,0.5837504000000002
2010-05-05 05:00:00,0.5809505000000003
2010-05-06 05:00:00,0.5736504000000002
2010-05-07 05:00:00,0.5793504000000003
2010-05-10 05:00:00,0.5866504000000002
2010-05-11 05:00:00,0.5839505000000003
2010-05-12 05:00:00,0.5769504000000003
2010-05-13 05:00:00,0.5811504000000003
2010-05-14 05:00:00,0.5715504000000002
2010-05-17 05:00:00,0.5613504000000002
2010-05-18 05:00:00,0.5585504000000003
2010-05-19 05:00:00,0.5395504000000002
2010-05-20 05:00:00,0.5374504000000003
2010-05-21 05:00:00,0.5409504000000003
2010-05-24 05:00:00,0.5393504000000002
2010-05-25 05:00:00,0.5303504000000002
2010-05-26 05:00:00,0.5295504000000002
2010-05-27 05:00:00,0.5478504000000003
2010-05-28 05:00:00,0.5437504000000003
2010-06-01 05:00:00,0.5461504000000003
2010-06-02 05:00:00,0.5455504000000003
2010-06-03 05:00:00,0.5492504000000002
2010-06-04 05:00:00,0.5350504000000003
2010-06-07 05:00:00,0.5265504000000003
2010-06-08 05:00:00,0.5295504000000002
2010-06-09 05:00:00,0.5322504000000002
2010-06-10 05:00:00,0.5526504000000003
2010-06-11 05:00:00,0.5547505000000003
2010-06-14 05:00:00,0.5643504000000003
2010-06-15 05:00:00,0.5646505000000003
2010-06-16 05:00:00,0.5647504000000002
2010-06-17 05:00:00,0.5692504000000002
2010-06-18 05:00:00,0.5724505000000002
2010-06-21 05:00:00,0.5757504000000002
2010-06-22 05:00:00,0.5723504000000001
2010-06-23 05:00:00,0.5811505000000002
2010-06-24 05:00:00,0.5777505000000003
2010-06-25 05:00:00,0.5820504000000002
2010-06-28 05:00:00,0.5763504000000002
2010-06-29 05:00:00,0.5606505000000003
2010-06-30 05:00:00,0.5551505000000002
2010-07-01 05:00:00,0.5562505000000002
2010-07-02 05:00:00,0.5554504000000002
2010-07-06 05:00:00,0.5601505000000002
2010-07-07 05:00:00,0.5718504000000002
2010-07-08 05:00:00,0.5762504000000002
2010-07-09 05:00:00,0.5777505000000003
2010-07-12 05:00:00,0.5782504000000003
2010-07-13 05:00:00,0.5869504000000002
2010-07-14 05:00:00,0.5907504000000002
2010-07-15 05:00:00,0.5954505000000002
2010-07-16 05:00:00,0.5807504000000002
2010-07-19 05:00:00,0.5753504000000002
2010-07-20 05:00:00,0.5833504000000002
2010-07-21 05:00:00,0.5808504000000002
2010-07-22 05:00:00,0.5939505000000003
2010-07-23 05:00:00,0.5950504000000002
2010-07-26 05:00:00,0.6022504000000002
2010-07-27 05:00:00,0.6010504000000002
2010-07-28 05:00:00,0.5966504000000002
2010-07-29 05:00:00,0.5944504000000002
2010-07-30 05:00:00,0.5933504000000002
2010-08-02 05:00:00,0.6015504000000002
2010-08-03 05:00:00,0.6039504000000002
2010-08-04 05:00:00,0.6042504000000002
2010-08-05 05:00:00,0.5977504000000002
2010-08-06 05:00:00,0.6007505000000002
2010-08-09 05:00:00,0.5982505000000002
2010-08-10 05:00:00,0.5945504000000003
2010-08-11 05:00:00,0.5851504000000002
2010-08-12 05:00:00,0.5769504000000002
2010-08-13 05:00:00,0.5749505000000003
2010-08-16 05:00:00,0.5765504000000002
2010-08-17 05:00:00,0.5827504000000002
2010-08-18 05:00:00,0.5849505000000003
2010-08-19 05:00:00,0.5764504000000003
2010-08-20 05:00:00,0.5765504000000002
2010-08-23 05:00:00,0.5780504000000002
2010-08-24 05:00:00,0.5748504000000002
2010-08-25 05:00:00,0.5678504000000002
2010-08-26 05:00:00,0.5728504000000002
2010-08-27 05:00:00,0.5823504000000002
2010-08-30 05:00:00,0.5789505000000003
2010-08-31 05:00:00,0.5673504000000003
2010-09-01 05:00:00,0.5821505000000002
2010-09-02 05:00:00,0.5856505000000002
2010-09-03 05:00:00,0.5916504000000002
2010-09-07 05:00:00,0.5915504000000003
2010-09-08 05:00:00,0.5939505000000003
2010-09-09 05:00:00,0.5972504000000002
2010-09-10 05:00:00,0.5995504000000001
2010-09-13 05:00:00,0.6045504000000002
2010-09-14 05:00:00,0.6087504000000001
2010-09-15 05:00:00,0.6024505000000002
2010-09-16 05:00:00,0.5955504000000003
2010-09-17 05:00:00,0.5983504000000002
2010-09-20 05:00:00,0.6012504000000002
2010-09-21 05:00:00,0.6064505000000002
2010-09-22 05:00:00,0.6092504000000002
2010-09-23 05:00:00,0.6036504000000001
2010-09-24 05:00:00,0.6051504000000002
2010-09-27 05:00:00,0.6082505000000002
2010-09-28 05:00:00,0.6109504000000002
2010-09-29 05:00:00,0.6112504000000002
2010-09-30 05:00:00,0.6075504000000002
2010-10-01 05:00:00,0.6166504000000002
2010-10-04 05:00:00,0.6140504000000002
2010-10-05 05:00:00,0.6210504000000002
2010-10-06 05:00:00,0.6253504000000002
2010-10-07 05:00:00,0.6224504000000002
2010-10-08 05:00:00,0.6261504000000002
2010-10-11 05:00:00,0.6255504000000003
2010-10-12 05:00:00,0.6276504000000002
2010-10-13 05:00:00,0.6347504000000002
2010-10-14 05:00:00,0.6287505000000002
2010-10-15 05:00:00,0.6268504000000001
2010-10-18 05:00:00,0.6319505000000002
2010-10-19 05:00:00,0.6183504000000002
2010-10-20 05:00:00,0.6282504000000002
2010-10-21 05:00:00,0.6199504000000001
2010-10-22 05:00:00,0.6206504000000002
2010-10-25 05:00:00,0.6269505000000002
2010-10-26 05:00:00,0.6223504000000002
2010-10-27 05:00:00,0.6166504000000002
2010-10-28 05:00:00,0.6274505000000002
2010-10-29 05:00:00,0.6351504000000002
2010-11-01 05:00:00,0.6402505000000002
2010-11-02 05:00:00,0.6457504000000002
2010-11-03 05:00:00,0.6522504000000001
2010-11-04 05:00:00,0.6698504000000002
2010-11-05 05:00:00,0.6687504000000002
2010-11-08 06:00:00,0.6625504000000001
2010-11-09 06:00:00,0.6578504000000002
2010-11-10 06:00:00,0.6583504000000002
2010-11-11 06:00:00,0.6532504000000001
2010-11-12 06:00:00,0.6485504000000002
2010-11-15 06:00:00,0.6493504000000002
2010-11-16 06:00:00,0.6424505000000001
2010-11-17 06:00:00,0.6453504000000002
2010-11-18 06:00:00,0.6528504000000002
2010-11-19 06:00:00,0.6534505000000002
2010-11-22 06:00:00,0.6480505000000002
2010-11-23 06:00:00,0.6342504000000002
2010-11-24 06:00:00,0.6364504000000002
2010-11-26 06:00:00,0.6253504000000002
2010-11-29 06:00:00,0.6229505000000002
2010-11-30 06:00:00,0.6200505000000002
2010-12-01 06:00:00,0.6262505000000002
2010-12-02 06:00:00,0.6305504000000002
2010-12-03 06:00:00,0.6400504000000001
2010-12-06 06:00:00,0.6382504000000002
2010-12-07 06:00:00,0.6349505000000002
2010-12-08 06:00:00,0.6257504000000002
2010-12-09 06:00:00,0.6241504000000002
2010-12-10 06:00:00,0.6238504000000001
2010-12-13 06:00:00,0.6327503000000001
2010-12-14 06:00:00,0.6296503000000001
2010-12-15 06:00:00,0.6153503000000001
2010-12-16 06:00:00,0.6147503000000001
2010-12-17 06:00:00,0.6147503000000001
2010-12-20 06:00:00,0.6196503000000001
2010-12-21 06:00:00,0.6192503
2010-12-22 06:00:00,0.6190503
2010-12-23 06:00:00,0.6265503000000001
2010-12-27 06:00:00,0.6270503000000001
2010-12-28 06:00:00,0.6325503000000001
2010-12-29 06:00:00,0.6440503000000001
2010-12-30 06:00:00,0.6495503
2010-12-31 06:00:00,0.6571504000000001
2011-01-03 06:00:00,0.6527504000000001
2011-01-04 06:00:00,0.6453504000000001
2011-01-05 06:00:00,0.6380503000000001
2011-01-06 06:00:00,0.6352503
2011-01-07 06:00:00,0.6384504000000001
2011-01-10 06:00:00,0.6417503000000001
2011-01-11 06:00:00,0.6381504000000001
2011-01-12 06:00:00,0.6407503000000001
2011-01-13 06:00:00,0.6470503000000001
2011-01-14 06:00:00,0.6479503
2011-01-18 06:00:00,0.6497503000000001
2011-01-19 06:00:00,0.6478504
2011-01-20 06:00:00,0.6365503000000001
2011-01-21 06:00:00,0.6358504000000001
2011-01-24 06:00:00,0.6421503000000001
2011-01-25 06:00:00,0.6430503000000001
2011-01-26 06:00:00,0.6448504
2011-01-27 06:00:00,0.6522503000000001
2011-01-28 06:00:00,0.6528504
2011-01-31 06:00:00,0.6514503
2011-02-01 06:00:00,0.6596504000000001
2011-02-02 06:00:00,0.6585503
2011-02-03 06:00:00,0.6525503
2011-02-04 06:00:00,0.6484504000000001
2011-02-07 06:00:00,0.6511503000000001
2011-02-08 06:00:00,0.6544503
2011-02-09 06:00:00,0.6505503
2011-02-10 06:00:00,0.6425503000000001
2011-02-11 06:00:00,0.6404503
2011-02-14 06:00:00,0.6375503000000001
2011-02-15 06:00:00,0.6322503
2011-02-16 06:00:00,0.6367503000000001
2011-02-17 06:00:00,0.6399503000000001
2011-02-18 06:00:00,0.6430503000000001
2011-02-22 06:00:00,0.6271503
2011-02-23 06:00:00,0.6257503000000001
2011-02-24 06:00:00,0.6289503000000001
2011-02-25 06:00:00,0.6321503
2011-02-28 06:00:00,0.6344504000000001
2011-03-01 06:00:00,0.6294504000000001
2011-03-02 06:00:00,0.6250503000000001
2011-03-03 06:00:00,0.6218504000000001
2011-03-04 06:00:00,0.6189503000000001
2011-03-07 06:00:00,0.6180503
2011-03-08 06:00:00,0.6210503
2011-03-09 06:00:00,0.6204504000000001
2011-03-10 06:00:00,0.6161504000000001
2011-03-11 06:00:00,0.6253503
2011-03-14 05:00:00,0.6214502999999999
2011-03-15 05:00:00,0.6120502999999999
2011-03-16 05:00:00,0.6112504
2011-03-17 05:00:00,0.6003503
2011-03-18 05:00:00,0.6138503
2011-03-21 05:00:00,0.6168503
2011-03-22 05:00:00,0.6237503999999999
2011-03-23 05:00:00,0.6248503999999999
2011-03-24 05:00:00,0.6329503
2011-03-25 05:00:00,0.6361503
2011-03-28 05:00:00,0.6359503
2011-03-29 05:00:00,0.6399503
2011-03-30 05:00:00,0.6452502999999999
2011-03-31 05:00:00,0.6462502999999999
2011-04-01 05:00:00,0.6510503999999999
2011-04-04 05:00:00,0.6503504
2011-04-05 05:00:00,0.6513502999999999
2011-04-06 05:00:00,0.6625504
2011-04-07 05:00:00,0.6612503999999999
2011-04-08 05:00:00,0.6636502999999999
2011-04-11 05:00:00,0.6619502999999999
2011-04-12 05:00:00,0.6684502999999999
2011-04-13 05:00:00,0.6713503
2011-04-14 05:00:00,0.6765504
2011-04-15 05:00:00,0.6824503
2011-04-18 05:00:00,0.6733503999999999
2011-04-19 05:00:00,0.6707502999999999
2011-04-20 05:00:00,0.6782503
2011-04-21 05:00:00,0.6857504
2011-04-25 05:00:00,0.6839502999999999
2011-04-26 05:00:00,0.6895503999999999
2011-04-27 05:00:00,0.6889502999999999
2011-04-28 05:00:00,0.6841502999999999
2011-04-29 05:00:00,0.6938504
2011-05-02 05:00:00,0.6917504
2011-05-03 05:00:00,0.6815502999999999
2011-05-04 05:00:00,0.6743502999999998
2011-05-05 05:00:00,0.6680503999999999
2011-05-06 05:00:00,0.6738502999999999
2011-05-09 05:00:00,0.6786502999999999
2011-05-10 05:00:00,0.6791502999999999
2011-05-11 05:00:00,0.6725502999999999
2011-05-12 05:00:00,0.6794503
2011-05-13 05:00:00,0.6723502999999998
2011-05-16 05:00:00,0.6673502999999998
2011-05-17 05:00:00,0.6689502999999999
2011-05-18 05:00:00,0.6726502999999999
2011-05-19 05:00:00,0.6747504
2011-05-20 05:00:00,0.6837504
2011-05-23 05:00:00,0.6770503999999999
2011-05-24 05:00:00,0.6822503
2011-05-25 05:00:00,0.6835502999999999
2011-05-26 05:00:00,0.6965503
2011-05-27 05:00:00,0.7036503
2011-05-31 05:00:00,0.7091502999999999
2011-06-01 05:00:00,0.7042503999999999
2011-06-02 05:00:00,0.7023502999999999
2011-06-03 05:00:00,0.7033503
2011-06-06 05:00:00,0.6996503
2011-06-07 05:00:00,0.7084503
2011-06-08 05:00:00,0.7015503
2011-06-09 05:00:00,0.7139502999999999
2011-06-10 05:00:00,0.7089502999999999
2011-06-13 05:00:00,0.7020502999999999
2011-06-14 05:00:00,0.7055501999999999
2011-06-15 05:00:00,0.6914501999999999
2011-06-16 05:00:00,0.6866502999999999
2011-06-17 05:00:00,0.6992503
2011-06-20 05:00:00,0.6964503
2011-06-21 05:00:00,0.6987502
2011-06-22 05:00:00,0.7026503
2011-06-23 05:00:00,0.6987502
2011-06-24 05:00:00,0.6969502
2011-06-27 05:00:00,0.6924503
2011-06-28 05:00:00,0.6991501999999999
2011-06-29 05:00:00,0.7102501999999999
2011-06-30 05:00:00,0.7150502
2011-07-01 05:00:00,0.7157503
2011-07-05 05:00:00,0.7135503
2011-07-06 05:00:00,0.7148502
2011-07-07 05:00:00,0.7192502
2011-07-08 05:00:00,0.7239502999999999
2011-07-11 05:00:00,0.7171502999999999
2011-07-12 05:00:00,0.7084501999999999
2011-07-13 05:00:00,0.7238501999999999
2011-07-14 05:00:00,0.7293502
2011-07-15 05:00:00,0.7326503
2011-07-18 05:00:00,0.7322502999999999
2011-07-19 05:00:00,0.7441502999999999
2011-07-20 05:00:00,0.7446503
2011-07-21 05:00:00,0.7516503
2011-07-22 05:00:00,0.7533502
2011-07-25 05:00:00,0.7545502
2011-07-26 05:00:00,0.7605502
2011-07-27 05:00:00,0.7574502999999999
2011-07-28 05:00:00,0.7582502
2011-07-29 05:00:00,0.7667503
2011-08-01 05:00:00,0.7646503
2011-08-02 05:00:00,0.7579501999999999
2011-08-03 05:00:00,0.7517501999999999
2011-08-04 05:00:00,0.7319502999999999
2011-08-05 05:00:00,0.7324501999999999
2011-08-08 05:00:00,0.7123501999999999
2011-08-09 05:00:00,0.6992503
2011-08-10 05:00:00,0.7037502
2011-08-11 05:00:00,0.7181502
2011-08-12 05:00:00,0.7221502
2011-08-15 05:00:00,0.7228501999999999
2011-08-16 05:00:00,0.7253502
2011-08-17 05:00:00,0.7278501999999999
2011-08-18 05:00:00,0.7097501999999999
2011-08-19 05:00:00,0.7096503
2011-08-22 05:00:00,0.7153501999999999
2011-08-23 05:00:00,0.7237502
2011-08-24 05:00:00,0.7171502999999999
2011-08-25 05:00:00,0.7189502999999999
2011-08-26 05:00:00,0.7283502
2011-08-29 05:00:00,0.7358501999999999
2011-08-30 05:00:00,0.7453502
2011-08-31 05:00:00,0.7431502999999999
2011-09-01 05:00:00,0.7419503
2011-09-02 05:00:00,0.7363502
2011-09-06 05:00:00,0.7116501999999999
2011-09-07 05:00:00,0.7223501999999999
2011-09-08 05:00:00,0.7237502
2011-09-09 05:00:00,0.7117503
2011-09-12 05:00:00,0.7071503
2011-09-13 05:00:00,0.7172502
2011-09-14 05:00:00,0.7099502999999999
2011-09-15 05:00:00,0.7146501999999999
2011-09-16 05:00:00,0.7218501999999999
2011-09-19 05:00:00,0.7113501999999999
2011-09-20 05:00:00,0.7160502999999999
2011-09-21 05:00:00,0.6985501999999999
2011-09-22 05:00:00,0.6683501999999999
2011-09-23 05:00:00,0.6652501999999999
2011-09-26 05:00:00,0.6685502999999999
2011-09-27 05:00:00,0.6849502999999999
2011-09-28 05:00:00,0.6718502
2011-09-29 05:00:00,0.6590501999999999
2011-09-30 05:00:00,0.6564502999999999
2011-10-03 05:00:00,0.6485501999999999
2011-10-04 05:00:00,0.6425502
2011-10-05 05:00:00,0.6591501999999999
2011-10-06 05:00:00,0.6643501999999999
2011-10-07 05:00:00,0.6638502
2011-10-10 05:00:00,0.6786501999999999
2011-10-11 05:00:00,0.6755501999999999
2011-10-12 05:00:00,0.6918501999999999
2011-10-13 05:00:00,0.6893501999999999
2011-10-14 05:00:00,0.6986501999999999
2011-10-17 05:00:00,0.6873501999999999
2011-10-18 05:00:00,0.6886501999999999
2011-10-19 05:00:00,0.6856501999999999
2011-10-20 05:00:00,0.6888501999999999
2011-10-21 05:00:00,0.6956501999999999
2011-10-24 05:00:00,0.7029501999999999
2011-10-25 05:00:00,0.6913501999999999
2011-10-26 05:00:00,0.6889502
2011-10-27 05:00:00,0.7138501999999999
2011-10-28 05:00:00,0.7169501999999999
2011-10-31 05:00:00,0.7063501999999999
2011-11-01 05:00:00,0.6896501999999999
2011-11-02 05:00:00,0.6846501999999999
2011-11-03 05:00:00,0.6898501999999999
2011-11-04 05:00:00,0.6897502999999999
2011-11-07 06:00:00,0.6917501999999999
2011-11-08 06:00:00,0.6932501999999999
2011-11-09 06:00:00,0.6763501999999999
2011-11-10 06:00:00,0.6708502
2011-11-11 06:00:00,0.6809502999999999
2011-11-14 06:00:00,0.6725502999999999
2011-11-15 06:00:00,0.6667502999999999
2011-11-16 06:00:00,0.6648502
2011-11-17 06:00:00,0.6529503
2011-11-18 06:00:00,0.6516502
2011-11-21 06:00:00,0.6429501999999999
2011-11-22 06:00:00,0.6427502999999999
2011-11-23 06:00:00,0.6353501999999999
2011-11-25 06:00:00,0.6351501999999999
2011-11-28 06:00:00,0.6502503
2011-11-29 06:00:00,0.6580501999999998
2011-11-30 06:00:00,0.6755501999999999
2011-12-01 06:00:00,0.6759502999999999
2011-12-02 06:00:00,0.6747502999999999
2011-12-05 06:00:00,0.6766501999999999
2011-12-06 06:00:00,0.6775502999999999
2011-12-07 06:00:00,0.6743501999999999
2011-12-08 06:00:00,0.6702501999999999
2011-12-09 06:00:00,0.6720501999999999
2011-12-12 06:00:00,0.6591501999999999
2011-12-13 06:00:00,0.6555501999999999
2011-12-14 06:00:00,0.6474502999999998
2011-12-15 06:00:00,0.6498501999999998
2011-12-16 06:00:00,0.6583501999999999
2011-12-19 06:00:00,0.6542502999999998
2011-12-20 06:00:00,0.6656501999999999
2011-12-21 06:00:00,0.6655501999999999
2011-12-22 06:00:00,0.6704502999999998
2011-12-23 06:00:00,0.6724501999999999
2011-12-27 06:00:00,0.6697501999999999
2011-12-28 06:00:00,0.6667501999999998
2011-12-29 06:00:00,0.6684501999999999
2011-12-30 06:00:00,0.6784501999999998
2012-01-03 06:00:00,0.6882501999999998
2012-01-04 06:00:00,0.6853501999999998
2012-01-05 06:00:00,0.6794502999999998
2012-01-06 06:00:00,0.6794502999999998
2012-01-09 06:00:00,0.6854501999999998
2012-01-10 06:00:00,0.6922501999999998
2012-01-11 06:00:00,0.6946502999999998
2012-01-12 06:00:00,0.6928501999999999
2012-01-13 06:00:00,0.6906502999999998
2012-01-17 06:00:00,0.6976501999999999
2012-01-18 06:00:00,0.7057501999999999
2012-01-19 06:00:00,0.7008501999999999
2012-01-20 06:00:00,0.7046502999999998
2012-01-23 06:00:00,0.7093501999999998
2012-01-24 06:00:00,0.7096502999999998
2012-01-25 06:00:00,0.7129501999999999
2012-01-26 06:00:00,0.7186502999999999
2012-01-27 06:00:00,0.7231501999999999
2012-01-30 06:00:00,0.7190501999999999
2012-01-31 06:00:00,0.7241502999999998
2012-02-01 06:00:00,0.7314502999999999
2012-02-02 06:00:00,0.7330501999999999
2012-02-03 06:00:00,0.7361502999999998
2012-02-06 06:00:00,0.7333501999999998
2012-02-07 06:00:00,0.7345501999999998
2012-02-08 06:00:00,0.7344502999999999
2012-02-09 06:00:00,0.7340501999999999
2012-02-10 06:00:00,0.7274501999999998
2012-02-13 06:00:00,0.7352501999999999
2012-02-14 06:00:00,0.7280501999999999
2012-02-15 06:00:00,0.7335501999999998
2012-02-16 06:00:00,0.7330501999999999
2012-02-17 06:00:00,0.7350502999999998
2012-02-21 06:00:00,0.7342501999999999
2012-02-22 06:00:00,0.7299501999999999
2012-02-23 06:00:00,0.7343501999999998
2012-02-24 06:00:00,0.7368501999999998
2012-02-27 06:00:00,0.7403501999999998
2012-02-28 06:00:00,0.7376502999999999
2012-02-29 06:00:00,0.7383501999999998
2012-03-01 06:00:00,0.7395501999999998
2012-03-02 06:00:00,0.7298501999999998
2012-03-05 06:00:00,0.7219501999999999
2012-03-06 06:00:00,0.7117502999999998
2012-03-07 06:00:00,0.7210502999999998
2012-03-08 06:00:00,0.7272501999999998
2012-03-09 06:00:00,0.7226502999999999
2012-03-12 05:00:00,0.7188501999999999
2012-03-13 05:00:00,0.7214502999999999
2012-03-14 05:00:00,0.7094502999999999
2012-03-15 05:00:00,0.7229502999999999
2012-03-16 05:00:00,0.7256502999999999
2012-03-19 05:00:00,0.7287503999999999
2012-03-20 05:00:00,0.7183502999999999
2012-03-21 05:00:00,0.7163502999999999
2012-03-22 05:00:00,0.7102502999999999
2012-03-23 05:00:00,0.7200503999999999
2012-03-26 05:00:00,0.7243504
2012-03-27 05:00:00,0.7245502999999999
2012-03-28 05:00:00,0.7193504
2012-03-29 05:00:00,0.7176502999999999
2012-03-30 05:00:00,0.7214502999999999
2012-04-02 05:00:00,0.7279502999999999
2012-04-03 05:00:00,0.7196502999999999
2012-04-04 05:00:00,0.7171503999999999
2012-04-05 05:00:00,0.7190503999999999
2012-04-06 05:00:00,0.7224502999999999
2012-04-09 05:00:00,0.7265503999999999
2012-04-10 05:00:00,0.7163502999999999
2012-04-11 05:00:00,0.7203502999999999
2012-04-12 05:00:00,0.7310502999999999
2012-04-13 05:00:00,0.7281502999999999
2012-04-16 05:00:00,0.7239502999999999
2012-04-17 05:00:00,0.7259502999999999
2012-04-18 05:00:00,0.7194502999999999
2012-04-19 05:00:00,0.7168503999999999
2012-04-20 05:00:00,0.7209502999999999
2012-04-23 05:00:00,0.7165503999999999
2012-04-24 05:00:00,0.7147503999999999
2012-04-25 05:00:00,0.7173502999999999
2012-04-26 05:00:00,0.7202504
2012-04-27 05:00:00,0.7274502999999999
2012-04-30 05:00:00,0.7217502999999998
2012-05-01 05:00:00,0.7195502999999999
2012-05-02 05:00:00,0.7148502999999998
2012-05-03 05:00:00,0.7037502999999999
2012-05-04 05:00:00,0.6998502999999998
2012-05-07 05:00:00,0.7000504
2012-05-08 05:00:00,0.6928502999999998
2012-05-09 05:00:00,0.6898503999999999
2012-05-10 05:00:00,0.6910504
2012-05-11 05:00:00,0.6892503999999999
2012-05-14 05:00:00,0.6829502999999999
2012-05-15 05:00:00,0.6750502999999999
2012-05-16 05:00:00,0.6698502999999999
2012-05-17 05:00:00,0.6711502999999999
2012-05-18 05:00:00,0.6584502999999999
2012-05-21 05:00:00,0.6678502999999998
2012-05-22 05:00:00,0.6636502999999999
2012-05-23 05:00:00,0.6548502999999999
2012-05-24 05:00:00,0.6555502999999999
2012-05-25 05:00:00,0.6610502999999999
2012-05-29 05:00:00,0.6680503999999999
2012-05-30 05:00:00,0.6595502999999999
2012-05-31 05:00:00,0.6595502999999999
2012-06-01 05:00:00,0.6595502999999999
2012-06-04 05:00:00,0.6629502999999999
2012-06-05 05:00:00,0.6620502999999999
2012-06-06 05:00:00,0.6753502999999998
2012-06-07 05:00:00,0.6782502999999999
2012-06-08 05:00:00,0.6763502999999998
2012-06-11 05:00:00,0.6778502999999998
2012-06-12 05:00:00,0.6828502999999998
2012-06-13 05:00:00,0.6845503999999999
2012-06-14 05:00:00,0.6864503999999999
2012-06-15 05:00:00,0.6969502999999999
2012-06-18 05:00:00,0.6985503999999999
2012-06-19 05:00:00,0.7049502999999999
2012-06-20 05:00:00,0.7018502999999999
2012-06-21 05:00:00,0.6947502999999999
2012-06-22 05:00:00,0.6985503999999999
2012-06-25 05:00:00,0.6935503999999999
2012-06-26 05:00:00,0.6995502999999998
2012-06-27 05:00:00,0.6985503999999999
2012-06-28 05:00:00,0.6923503
2012-06-29 05:00:00,0.7095502999999999
2012-07-02 05:00:00,0.7121502999999999
2012-07-03 05:00:00,0.7122504
2012-07-05 05:00:00,0.7119504
2012-07-06 05:00:00,0.7039504
2012-07-09 05:00:00,0.7041502999999999
2012-07-10 05:00:00,0.7012502999999999
2012-07-11 05:00:00,0.7031502999999999
2012-07-12 05:00:00,0.6983503
2012-07-13 05:00:00,0.7023502999999999
2012-07-16 05:00:00,0.7067502999999999
2012-07-17 05:00:00,0.7071502999999999
2012-07-18 05:00:00,0.7071502999999999
2012-07-19 05:00:00,0.7121502999999999
2012-07-20 05:00:00,0.7073502999999999
2012-07-23 05:00:00,0.6969502999999999
2012-07-24 05:00:00,0.6940502999999999
2012-07-25 05:00:00,0.6993502999999999
2012-07-26 05:00:00,0.7109504
2012-07-27 05:00:00,0.7185503
2012-07-30 05:00:00,0.7179504
2012-07-31 05:00:00,0.7191502999999999
2012-08-01 05:00:00,0.7185503
2012-08-02 05:00:00,0.7178502999999999
2012-08-03 05:00:00,0.7275502999999999
2012-08-06 05:00:00,0.7301502999999999
2012-08-07 05:00:00,0.7248503
2012-08-08 05:00:00,0.7245502999999999
2012-08-09 05:00:00,0.7214502999999999
2012-08-10 05:00:00,0.7220502999999999
2012-08-13 05:00:00,0.7185503
2012-08-14 05:00:00,0.7154503999999999
2012-08-15 05:00:00,0.7171502999999999
2012-08-16 05:00:00,0.7212504
2012-08-17 05:00:00,0.7169504
2012-08-20 05:00:00,0.7193504
2012-08-21 05:00:00,0.7208502999999999
2012-08-22 05:00:00,0.7230502999999999
2012-08-23 05:00:00,0.7241502999999999
2012-08-24 05:00:00,0.7215503999999999
2012-08-27 05:00:00,0.7199502999999999
2012-08-28 05:00:00,0.7138502999999999
2012-08-29 05:00:00,0.7126503
2012-08-30 05:00:00,0.7093502999999999
2012-08-31 05:00:00,0.7140502999999999
2012-09-04 05:00:00,0.7046503
2012-09-05 05:00:00,0.7063502999999999
2012-09-06 05:00:00,0.7135503
2012-09-07 05:00:00,0.7228503
2012-09-10 05:00:00,0.7201502999999999
2012-09-11 05:00:00,0.7296503
2012-09-12 05:00:00,0.7312504
2012-09-13 05:00:00,0.7425503999999999
2012-09-14 05:00:00,0.7408505
2012-09-17 05:00:00,0.7368505
2012-09-18 05:00:00,0.7379505000000001
2012-09-19 05:00:00,0.7406504
2012-09-20 05:00:00,0.7404505
2012-09-21 05:00:00,0.7413505
2012-09-24 05:00:00,0.7337504
2012-09-25 05:00:00,0.7352504
2012-09-26 05:00:00,0.7359504
2012-09-27 05:00:00,0.7433505
2012-09-28 05:00:00,0.7403504
2012-10-01 05:00:00,0.7411505
2012-10-02 05:00:00,0.7387504
2012-10-03 05:00:00,0.7309504
2012-10-04 05:00:00,0.7342504
2012-10-05 05:00:00,0.7294503999999999
2012-10-08 05:00:00,0.7349504
2012-10-09 05:00:00,0.7312504
2012-10-10 05:00:00,0.7299504
2012-10-11 05:00:00,0.7309504
2012-10-12 05:00:00,0.7306504
2012-10-15 05:00:00,0.7309504
2012-10-16 05:00:00,0.7263504
2012-10-17 05:00:00,0.7351505
2012-10-18 05:00:00,0.7328505000000001
2012-10-19 05:00:00,0.7294503999999999
2012-10-22 05:00:00,0.7295504
2012-10-23 05:00:00,0.7257504
2012-10-24 05:00:00,0.7304504
2012-10-25 05:00:00,0.7358505000000001
2012-10-26 05:00:00,0.7361505
2012-10-29 05:00:00,0.7332504
2012-10-30 05:00:00,0.7353504
2012-10-31 05:00:00,0.7361505
2012-11-01 05:00:00,0.7415503999999999
2012-11-02 05:00:00,0.7390504
2012-11-05 06:00:00,0.7387504
2012-11-06 06:00:00,0.7421504
2012-11-07 06:00:00,0.7401505
2012-11-08 06:00:00,0.7297504
2012-11-09 06:00:00,0.7290504
2012-11-12 06:00:00,0.7324504
2012-11-13 06:00:00,0.7348505000000001
2012-11-14 06:00:00,0.7253505
2012-11-15 06:00:00,0.7243505
2012-11-16 06:00:00,0.7250504
2012-11-19 06:00:00,0.7334504000000001
2012-11-20 06:00:00,0.7305504
2012-11-21 06:00:00,0.7289505000000001
2012-11-23 06:00:00,0.7402504
2012-11-26 06:00:00,0.7374504
2012-11-27 06:00:00,0.7357505
2012-11-28 06:00:00,0.7391504
2012-11-29 06:00:00,0.7384504000000001
2012-11-30 06:00:00,0.7353504
2012-12-03 06:00:00,0.7360504
2012-12-04 06:00:00,0.7400504
2012-12-05 06:00:00,0.7415503999999999
2012-12-06 06:00:00,0.7473505
2012-12-07 06:00:00,0.7489504
2012-12-10 06:00:00,0.7500504
2012-12-11 06:00:00,0.7548505
2012-12-12 06:00:00,0.7602504
2012-12-13 06:00:00,0.7593504
2012-12-14 06:00:00,0.7621503
2012-12-17 06:00:00,0.7605504
2012-12-18 06:00:00,0.7587503999999999
2012-12-19 06:00:00,0.7531502999999999
2012-12-20 06:00:00,0.7509503
2012-12-21 06:00:00,0.7406503999999999
2012-12-24 06:00:00,0.7390502999999999
2012-12-26 06:00:00,0.7353503
2012-12-27 06:00:00,0.7374503
2012-12-28 06:00:00,0.7372504
2012-12-31 06:00:00,0.7435504
2013-01-02 06:00:00,0.7478504
2013-01-03 06:00:00,0.7460504
2013-01-04 06:00:00,0.7484502999999999
2013-01-07 06:00:00,0.7540504
2013-01-08 06:00:00,0.7541502999999999
2013-01-09 06:00:00,0.7561502999999999
2013-01-10 06:00:00,0.7624502999999999
2013-01-11 06:00:00,0.7545503
2013-01-14 06:00:00,0.7586503
2013-01-15 06:00:00,0.7570503
2013-01-16 06:00:00,0.7590504
2013-01-17 06:00:00,0.7596503
2013-01-18 06:00:00,0.7544502999999999
2013-01-22 06:00:00,0.7595502999999999
2013-01-23 06:00:00,0.7603503
2013-01-24 06:00:00,0.7576503
2013-01-25 06:00:00,0.7559503
2013-01-28 06:00:00,0.7511502999999999
2013-01-29 06:00:00,0.7564502999999999
2013-01-30 06:00:00,0.7510504
2013-01-31 06:00:00,0.7583503
2013-02-01 06:00:00,0.7642502999999999
2013-02-04 06:00:00,0.7625504
2013-02-05 06:00:00,0.7652504
2013-02-06 06:00:00,0.7618503999999999
2013-02-07 06:00:00,0.7505503
2013-02-08 06:00:00,0.7534502999999999
2013-02-11 06:00:00,0.7562504
2013-02-12 06:00:00,0.7603503
2013-02-13 06:00:00,0.7604502999999999
2013-02-14 06:00:00,0.7687504
2013-02-15 06:00:00,0.7637503999999999
2013-02-19 06:00:00,0.7682502999999999
2013-02-20 06:00:00,0.7542502999999999
2013-02-21 06:00:00,0.7526503
2013-02-22 06:00:00,0.7582504
2013-02-25 06:00:00,0.7569503
2013-02-26 06:00:00,0.7457503999999999
2013-02-27 06:00:00,0.7488503
2013-02-28 06:00:00,0.7479503
2013-03-01 06:00:00,0.7445503
2013-03-04 06:00:00,0.7480503
2013-03-05 06:00:00,0.7520503
2013-03-06 06:00:00,0.7502502999999999
2013-03-07 06:00:00,0.7498503
2013-03-08 06:00:00,0.7414503
2013-03-11 05:00:00,0.7473502999999999
2013-03-12 05:00:00,0.7463502999999999
2013-03-13 05:00:00,0.7467503999999999
2013-03-14 05:00:00,0.7433504
2013-03-15 05:00:00,0.7477505
2013-03-18 05:00:00,0.7463504
2013-03-19 05:00:00,0.7450503999999999
2013-03-20 05:00:00,0.7443504
2013-03-21 05:00:00,0.7545504
2013-03-22 05:00:00,0.7568503999999999
2013-03-25 05:00:00,0.7576504
2013-03-26 05:00:00,0.7605504
2013-03-27 05:00:00,0.7588503999999999
2013-03-28 05:00:00,0.7583503999999999
2013-04-01 05:00:00,0.7599505
2013-04-02 05:00:00,0.7637503999999999
2013-04-03 05:00:00,0.7640503999999999
2013-04-04 05:00:00,0.7642504999999999
2013-04-05 05:00:00,0.7649505
2013-04-08 05:00:00,0.7685504999999999
2013-04-09 05:00:00,0.7760505
2013-04-10 05:00:00,0.7799503999999999
2013-04-11 05:00:00,0.7862503999999999
2013-04-12 05:00:00,0.7807504999999999
2013-04-15 05:00:00,0.7641503999999999
2013-04-16 05:00:00,0.7723503999999999
2013-04-17 05:00:00,0.7664504999999999
2013-04-18 05:00:00,0.7634504
2013-04-19 05:00:00,0.7657504999999999
2013-04-22 05:00:00,0.7649505
2013-04-23 05:00:00,0.7633503999999999
2013-04-24 05:00:00,0.7717504999999999
2013-04-25 05:00:00,0.7750503999999999
2013-04-26 05:00:00,0.7720503999999999
2013-04-29 05:00:00,0.7808504
2013-04-30 05:00:00,0.7803503999999999
2013-05-01 05:00:00,0.7749503999999999
2013-05-02 05:00:00,0.7735504999999999
2013-05-03 05:00:00,0.7777504
2013-05-06 05:00:00,0.7754504999999999
2013-05-07 05:00:00,0.7700503999999999
2013-05-08 05:00:00,0.7626504999999999
2013-05-09 05:00:00,0.7600503999999999
2013-05-10 05:00:00,0.7544504
2013-05-13 05:00:00,0.7486504999999999
2013-05-14 05:00:00,0.7424504999999999
2013-05-15 05:00:00,0.7466504999999999
2013-05-16 05:00:00,0.7428503999999999
2013-05-17 05:00:00,0.7313504
2013-05-20 05:00:00,0.7424504999999999
2013-05-21 05:00:00,0.7407503999999999
2013-05-22 05:00:00,0.7315503999999999
2013-05-23 05:00:00,0.7393504
2013-05-24 05:00:00,0.7323504
2013-05-28 05:00:00,0.7354504
2013-05-29 05:00:00,0.7379503999999999
2013-05-30 05:00:00,0.7335503999999999
2013-05-31 05:00:00,0.7195503999999999
2013-06-03 05:00:00,0.7340504999999999
2013-06-04 05:00:00,0.7252504
2013-06-05 05:00:00,0.7188503999999999
2013-06-06 05:00:00,0.7290503999999999
2013-06-07 05:00:00,0.7144503999999999
2013-06-10 05:00:00,0.7166505
2013-06-11 05:00:00,0.7141504999999999
2013-06-12 05:00:00,0.7235503999999999
2013-06-13 05:00:00,0.7302502999999999
2013-06-14 05:00:00,0.7325503999999999
2013-06-17 05:00:00,0.7240503999999999
2013-06-18 05:00:00,0.7267502999999998
2013-06-19 05:00:00,0.7140502999999999
2013-06-20 05:00:00,0.6985503999999999
2013-06-21 05:00:00,0.7035503999999999
2013-06-24 05:00:00,0.7029502999999999
2013-06-25 05:00:00,0.7005503999999999
2013-06-26 05:00:00,0.7042502999999999
2013-06-27 05:00:00,0.7055503999999999
2013-06-28 05:00:00,0.7023503999999999
2013-07-01 05:00:00,0.7074502999999999
2013-07-02 05:00:00,0.7015502999999998
2013-07-03 05:00:00,0.7047502999999998
2013-07-05 05:00:00,0.6978502999999999
2013-07-08 05:00:00,0.7088503999999999
2013-07-09 05:00:00,0.7140502999999999
2013-07-10 05:00:00,0.7064502999999999
2013-07-11 05:00:00,0.7113503999999999
2013-07-12 05:00:00,0.7061502999999999
2013-07-15 05:00:00,0.7088503999999999
2013-07-16 05:00:00,0.7161502999999999
2013-07-17 05:00:00,0.7171502999999998
2013-07-18 05:00:00,0.7180502999999999
2013-07-19 05:00:00,0.7217502999999998
2013-07-22 05:00:00,0.7235503999999999
2013-07-23 05:00:00,0.7282502999999999
2013-07-24 05:00:00,0.7211502999999999
2013-07-25 05:00:00,0.7339502999999998
2013-07-26 05:00:00,0.7369502999999998
2013-07-29 05:00:00,0.7311502999999999
2013-07-30 05:00:00,0.7263502999999999
2013-07-31 05:00:00,0.7297502999999999
2013-08-01 05:00:00,0.7163503999999999
2013-08-02 05:00:00,0.7127502999999998
2013-08-05 05:00:00,0.7098503999999999
2013-08-06 05:00:00,0.7202502999999999
2013-08-07 05:00:00,0.7250503999999999
2013-08-08 05:00:00,0.7318503999999999
2013-08-09 05:00:00,0.7346503999999999
2013-08-12 05:00:00,0.7298502999999998
2013-08-13 05:00:00,0.7255502999999999
2013-08-14 05:00:00,0.7331502999999999
2013-08-15 05:00:00,0.7371503999999999
2013-08-16 05:00:00,0.7410502999999998
2013-08-19 05:00:00,0.7367502999999999
2013-08-20 05:00:00,0.7278503999999999
2013-08-21 05:00:00,0.7192502999999999
2013-08-22 05:00:00,0.7121502999999998
2013-08-23 05:00:00,0.7115502999999999
2013-08-26 05:00:00,0.7151502999999999
2013-08-27 05:00:00,0.7098503999999999
2013-08-28 05:00:00,0.7095503999999999
2013-08-29 05:00:00,0.7074502999999999
2013-08-30 05:00:00,0.7036502999999998
2013-09-03 05:00:00,0.7098503999999999
2013-09-04 05:00:00,0.7213504
2013-09-05 05:00:00,0.7191502999999998
2013-09-06 05:00:00,0.7310503999999999
2013-09-09 05:00:00,0.7325503999999999
2013-09-10 05:00:00,0.7378503999999999
2013-09-11 05:00:00,0.7397502999999999
2013-09-12 05:00:00,0.7454502999999999
2013-09-13 05:00:00,0.7459503999999999
2013-09-16 05:00:00,0.7468502999999999
2013-09-17 05:00:00,0.7552503999999999
2013-09-18 05:00:00,0.7683502999999998
2013-09-19 05:00:00,0.7681503999999999
2013-09-20 05:00:00,0.7694502999999999
2013-09-23 05:00:00,0.7695503999999999
2013-09-24 05:00:00,0.7597502999999999
2013-09-25 05:00:00,0.7562503999999999
2013-09-26 05:00:00,0.7602503999999999
2013-09-27 05:00:00,0.7595502999999999
2013-09-30 05:00:00,0.7626502999999999
2013-10-01 05:00:00,0.7587503999999999
2013-10-02 05:00:00,0.7638502999999999
2013-10-03 05:00:00,0.7615502999999999
2013-10-04 05:00:00,0.7651502999999998
2013-10-07 05:00:00,0.7653502999999998
2013-10-08 05:00:00,0.7618502999999999
2013-10-09 05:00:00,0.7632502999999999
2013-10-10 05:00:00,0.7618502999999999
2013-10-11 05:00:00,0.7648502999999999
2013-10-14 05:00:00,0.7690502999999999
2013-10-15 05:00:00,0.7695503999999999
2013-10-16 05:00:00,0.7764503999999999
2013-10-17 05:00:00,0.7831502999999999
2013-10-18 05:00:00,0.7816502999999999
2013-10-21 05:00:00,0.7790502999999999
2013-10-22 05:00:00,0.7848502999999999
2013-10-23 05:00:00,0.7715502999999999
2013-10-24 05:00:00,0.7679502999999999
2013-10-25 05:00:00,0.7616503999999998
2013-10-28 05:00:00,0.7639503999999999
2013-10-29 05:00:00,0.7587503999999999
2013-10-30 05:00:00,0.7563502999999999
2013-10-31 05:00:00,0.7601502999999998
2013-11-01 05:00:00,0.7568502999999999
2013-11-04 06:00:00,0.7620502999999998
2013-11-05 06:00:00,0.7653502999999998
2013-11-06 06:00:00,0.7734502999999999
2013-11-07 06:00:00,0.7662502999999998
2013-11-08 06:00:00,0.7581503999999999
2013-11-11 06:00:00,0.7574503999999999
2013-11-12 06:00:00,0.7571503999999999
2013-11-13 06:00:00,0.7599503999999999
2013-11-14 06:00:00,0.7624503999999999
2013-11-15 06:00:00,0.7677503999999999
2013-11-18 06:00:00,0.7685502999999999
2013-11-19 06:00:00,0.7699503999999999
2013-11-20 06:00:00,0.7608502999999999
2013-11-21 06:00:00,0.7542502999999998
2013-11-22 06:00:00,0.7528502999999999
2013-11-25 06:00:00,0.7550502999999998
2013-11-26 06:00:00,0.7553502999999999
2013-11-27 06:00:00,0.7493502999999999
2013-11-29 06:00:00,0.7486502999999999
2013-12-02 06:00:00,0.7535502999999999
2013-12-03 06:00:00,0.7611503999999999
2013-12-04 06:00:00,0.7554502999999999
2013-12-05 06:00:00,0.7574503999999999
2013-12-06 06:00:00,0.7639503999999999
2013-12-09 06:00:00,0.7641503999999999
2013-12-10 06:00:00,0.7674503999999999
2013-12-11 06:00:00,0.7612502999999998
2013-12-12 06:00:00,0.7608502999999999
2013-12-13 06:00:00,0.7625501999999998
2013-12-16 06:00:00,0.7620501999999998
2013-12-17 06:00:00,0.7618502999999998
2013-12-18 06:00:00,0.7610501999999998
2013-12-19 06:00:00,0.7544501999999997
2013-12-20 06:00:00,0.7558502999999999
2013-12-23 06:00:00,0.7569501999999998
2013-12-24 06:00:00,0.7551502999999998
2013-12-26 06:00:00,0.7527501999999998
2013-12-27 06:00:00,0.7518502999999999
2013-12-30 06:00:00,0.7574501999999997
2013-12-31 06:00:00,0.7608502999999999
2014-01-02 06:00:00,0.7547501999999998
2014-01-03 06:00:00,0.7666502999999998
2014-01-06 06:00:00,0.7659501999999998
2014-01-07 06:00:00,0.7661502999999998
2014-01-08 06:00:00,0.7639502999999999
2014-01-09 06:00:00,0.7622501999999998
2014-01-10 06:00:00,0.7676502999999998
2014-01-13 06:00:00,0.7749501999999998
2014-01-14 06:00:00,0.7755501999999997
2014-01-15 06:00:00,0.7717501999999998
2014-01-16 06:00:00,0.7735501999999997
2014-01-17 06:00:00,0.7640501999999998
2014-01-21 06:00:00,0.7696501999999998
2014-01-22 06:00:00,0.7690501999999998
2014-01-23 06:00:00,0.7688502999999998
2014-01-24 06:00:00,0.7635501999999998
2014-01-27 06:00:00,0.7628501999999998
2014-01-28 06:00:00,0.7647501999999998
2014-01-29 06:00:00,0.7659501999999998
2014-01-30 06:00:00,0.7533502999999998
2014-01-31 06:00:00,0.7469501999999998
2014-02-03 06:00:00,0.7479501999999998
2014-02-04 06:00:00,0.7595501999999998
2014-02-05 06:00:00,0.7604502999999998
2014-02-06 06:00:00,0.7653501999999998
2014-02-07 06:00:00,0.7681501999999998
2014-02-10 06:00:00,0.7659501999999998
2014-02-11 06:00:00,0.7723502999999998
2014-02-12 06:00:00,0.7710501999999998
2014-02-13 06:00:00,0.7749501999999998
2014-02-14 06:00:00,0.7771501999999998
2014-02-18 06:00:00,0.7704502999999998
2014-02-19 06:00:00,0.7686502999999998
2014-02-20 06:00:00,0.7690501999999998
2014-02-21 06:00:00,0.7684501999999999
2014-02-24 06:00:00,0.7735501999999997
2014-02-25 06:00:00,0.7734501999999999
2014-02-26 06:00:00,0.7718501999999998
2014-02-27 06:00:00,0.7777501999999998
2014-02-28 06:00:00,0.7802501999999998
2014-03-03 06:00:00,0.7774501999999998
2014-03-04 06:00:00,0.7790501999999998
2014-03-05 06:00:00,0.7824501999999998
2014-03-06 06:00:00,0.7891502999999999
2014-03-07 06:00:00,0.7866502999999998
2014-03-10 05:00:00,0.7877503999999999
2014-03-11 05:00:00,0.7874503999999999
2014-03-12 05:00:00,0.7881502999999999
2014-03-13 05:00:00,0.7938502999999999
2014-03-14 05:00:00,0.7945503999999999
2014-03-17 05:00:00,0.7983502999999998
2014-03-18 05:00:00,0.8043502999999999
2014-03-19 05:00:00,0.7966502999999998
2014-03-20 05:00:00,0.7949503999999998
2014-03-21 05:00:00,0.7955502999999998
2014-03-24 05:00:00,0.7959503999999998
2014-03-25 05:00:00,0.7993502999999998
2014-03-26 05:00:00,0.8019502999999999
2014-03-27 05:00:00,0.8096502999999998
2014-03-28 05:00:00,0.8080502999999999
2014-03-31 05:00:00,0.8094503999999999
2014-04-01 05:00:00,0.8072502999999999
2014-04-02 05:00:00,0.7985502999999998
2014-04-03 05:00:00,0.7966502999999998
2014-04-04 05:00:00,0.8016502999999998
2014-04-07 05:00:00,0.8035503999999999
2014-04-08 05:00:00,0.8093502999999999
2014-04-09 05:00:00,0.8145502999999998
2014-04-10 05:00:00,0.8126502999999998
2014-04-11 05:00:00,0.8114503999999999
2014-04-14 05:00:00,0.8106502999999998
2014-04-15 05:00:00,0.8079503999999998
2014-04-16 05:00:00,0.8068502999999998
2014-04-17 05:00:00,0.8014503999999999
2014-04-21 05:00:00,0.7994502999999998
2014-04-22 05:00:00,0.8034502999999998
2014-04-23 05:00:00,0.8024503999999999
2014-04-24 05:00:00,0.8011502999999999
2014-04-25 05:00:00,0.8016502999999998
2014-04-28 05:00:00,0.7978502999999998
2014-04-29 05:00:00,0.7998502999999998
2014-04-30 05:00:00,0.8070503999999998
2014-05-01 05:00:00,0.8073502999999999
2014-05-02 05:00:00,0.8112502999999999
2014-05-05 05:00:00,0.8128502999999998
2014-05-06 05:00:00,0.8201502999999999
2014-05-07 05:00:00,0.8123502999999999
2014-05-08 05:00:00,0.8095502999999998
2014-05-09 05:00:00,0.8064503999999999
2014-05-12 05:00:00,0.8071502999999999
2014-05-13 05:00:00,0.8087502999999998
2014-05-14 05:00:00,0.8123502999999999
2014-05-15 05:00:00,0.8097503999999999
2014-05-16 05:00:00,0.8089503999999998
2014-05-19 05:00:00,0.8082503999999998
2014-05-20 05:00:00,0.8034502999999998
2014-05-21 05:00:00,0.8023502999999998
2014-05-22 05:00:00,0.8021502999999999
2014-05-23 05:00:00,0.8012502999999999
2014-05-27 05:00:00,0.8005502999999998
2014-05-28 05:00:00,0.7951502999999999
2014-05-29 05:00:00,0.7931502999999999
2014-05-30 05:00:00,0.7953502999999998
2014-06-02 05:00:00,0.7917503999999999
2014-06-03 05:00:00,0.7890502999999999
2014-06-04 05:00:00,0.7884503999999999
2014-06-05 05:00:00,0.7971502999999999
2014-06-06 05:00:00,0.7969502999999999
2014-06-09 05:00:00,0.7954503999999999
2014-06-10 05:00:00,0.7996502999999998
2014-06-11 05:00:00,0.8030502999999999
2014-06-12 05:00:00,0.8157503999999999
2014-06-13 05:00:00,0.8137504999999999
2014-06-16 05:00:00,0.8153503999999999
2014-06-17 05:00:00,0.8126503999999999
2014-06-18 05:00:00,0.8175503999999999
2014-06-19 05:00:00,0.8193503999999999
2014-06-20 05:00:00,0.8175503999999999
2014-06-23 05:00:00,0.8193503999999999
2014-06-24 05:00:00,0.8173503999999999
2014-06-25 05:00:00,0.8217504999999999
2014-06-26 05:00:00,0.8257504999999999
2014-06-27 05:00:00,0.8262504999999999
2014-06-30 05:00:00,0.8241503999999998
2014-07-01 05:00:00,0.8266503999999999
2014-07-02 05:00:00,0.8261503999999998
2014-07-03 05:00:00,0.8246503999999999
2014-07-07 05:00:00,0.8256503999999999
2014-07-08 05:00:00,0.8277505
2014-07-09 05:00:00,0.8319503999999999
2014-07-10 05:00:00,0.8319503999999999
2014-07-11 05:00:00,0.8308503999999998
2014-07-14 05:00:00,0.8298504999999999
2014-07-15 05:00:00,0.8265503999999999
2014-07-16 05:00:00,0.8206503999999999
2014-07-17 05:00:00,0.8198504999999999
2014-07-18 05:00:00,0.8188504
2014-07-21 05:00:00,0.8193503999999999
2014-07-22 05:00:00,0.8167504999999999
2014-07-23 05:00:00,0.8191503999999998
2014-07-24 05:00:00,0.8079503999999998
2014-07-25 05:00:00,0.8055505
2014-07-28 05:00:00,0.8053503999999999
2014-07-29 05:00:00,0.8007504999999999
2014-07-30 05:00:00,0.7998503999999999
2014-07-31 05:00:00,0.8003504999999999
2014-08-01 05:00:00,0.8017503999999999
2014-08-04 05:00:00,0.8037504999999999
2014-08-05 05:00:00,0.7980503999999998
2014-08-06 05:00:00,0.7989503999999998
2014-08-07 05:00:00,0.7990504999999999
2014-08-08 05:00:00,0.7978504999999999
2014-08-11 05:00:00,0.7976503999999999
2014-08-12 05:00:00,0.7958503999999998
2014-08-13 05:00:00,0.7979503999999998
2014-08-14 05:00:00,0.8009503999999998
2014-08-15 05:00:00,0.8010503999999998
2014-08-18 05:00:00,0.7999503999999998
2014-08-19 05:00:00,0.7954503999999999
2014-08-20 05:00:00,0.7909503999999998
2014-08-21 05:00:00,0.7935504999999999
2014-08-22 05:00:00,0.7928504999999999
2014-08-25 05:00:00,0.7882504999999999
2014-08-26 05:00:00,0.7857504999999999
2014-08-27 05:00:00,0.7912504999999999
2014-08-28 05:00:00,0.7920503999999999
2014-08-29 05:00:00,0.7893503999999999
2014-09-02 05:00:00,0.7846503999999999
2014-09-03 05:00:00,0.7862503999999999
2014-09-04 05:00:00,0.7840503999999999
2014-09-05 05:00:00,0.7872504999999999
2014-09-08 05:00:00,0.7825504999999999
2014-09-09 05:00:00,0.7768503999999999
2014-09-10 05:00:00,0.7773504999999999
2014-09-11 05:00:00,0.7719503999999999
2014-09-12 05:00:00,0.7694504
2014-09-15 05:00:00,0.7719503999999999
2014-09-16 05:00:00,0.7747502999999999
2014-09-17 05:00:00,0.7667502999999999
2014-09-18 05:00:00,0.7692502999999999
2014-09-19 05:00:00,0.7686504
2014-09-22 05:00:00,0.7674502999999999
2014-09-23 05:00:00,0.7618503999999999
2014-09-24 05:00:00,0.7625502999999999
2014-09-25 05:00:00,0.7477503
2014-09-26 05:00:00,0.7421504
2014-09-29 05:00:00,0.7332502999999999
2014-09-30 05:00:00,0.7354502999999999
2014-10-01 05:00:00,0.7366503
2014-10-02 05:00:00,0.7464504
2014-10-03 05:00:00,0.7329502999999998
2014-10-06 05:00:00,0.7393504
2014-10-07 05:00:00,0.7400502999999999
2014-10-08 05:00:00,0.7469503
2014-10-09 05:00:00,0.7424504
2014-10-10 05:00:00,0.7388503999999999
2014-10-13 05:00:00,0.7438503
2014-10-14 05:00:00,0.7406503999999999
2014-10-15 05:00:00,0.7529502999999999
2014-10-16 05:00:00,0.7518503999999999
2014-10-17 05:00:00,0.7503504
2014-10-20 05:00:00,0.7551504
2014-10-21 05:00:00,0.7528503999999999
2014-10-22 05:00:00,0.7518503999999999
2014-10-23 05:00:00,0.7401502999999999
2014-10-24 05:00:00,0.7436503999999999
2014-10-27 05:00:00,0.7481502999999999
2014-10-28 05:00:00,0.7513502999999999
2014-10-29 05:00:00,0.7437503
2014-10-30 05:00:00,0.7433504
2014-10-31 05:00:00,0.7371504
2014-11-03 06:00:00,0.7305502999999999
2014-11-04 06:00:00,0.7371504
2014-11-05 06:00:00,0.7321504
2014-11-06 06:00:00,0.7283502999999999
2014-11-07 06:00:00,0.7338503999999999
2014-11-10 06:00:00,0.7334504
2014-11-11 06:00:00,0.7391502999999999
2014-11-12 06:00:00,0.7466502999999999
2014-11-13 06:00:00,0.7492504
2014-11-14 06:00:00,0.7503504
2014-11-17 06:00:00,0.7514504
2014-11-18 06:00:00,0.7530503
2014-11-19 06:00:00,0.7461504
2014-11-20 06:00:00,0.7481502999999999
2014-11-21 06:00:00,0.7480503
2014-11-24 06:00:00,0.7461504
2014-11-25 06:00:00,0.7408503999999999
2014-11-26 06:00:00,0.7491502999999999
2014-11-28 06:00:00,0.7452502999999999
2014-12-01 06:00:00,0.7499502999999998
2014-12-02 06:00:00,0.7411504
2014-12-03 06:00:00,0.7372502999999999
2014-12-04 06:00:00,0.7391502999999999
2014-12-05 06:00:00,0.7322502999999999
2014-12-08 06:00:00,0.7283502999999999
2014-12-09 06:00:00,0.7301502999999999
2014-12-10 06:00:00,0.7305502999999999
2014-12-11 06:00:00,0.7425502999999999
2014-12-12 06:00:00,0.7379501999999999
2014-12-15 06:00:00,0.7360502999999999
2014-12-16 06:00:00,0.7400502999999999
2014-12-17 06:00:00,0.7312501999999999
2014-12-18 06:00:00,0.7364501999999998
2014-12-19 06:00:00,0.7376501999999999
2014-12-22 06:00:00,0.7360502999999999
2014-12-23 06:00:00,0.7325502999999999
2014-12-24 06:00:00,0.7357502999999999
2014-12-26 06:00:00,0.7387502999999999
2014-12-29 06:00:00,0.7420501999999999
2014-12-30 06:00:00,0.7459501999999999
2014-12-31 06:00:00,0.7430501999999999
2015-01-02 06:00:00,0.7341501999999999
2015-01-05 06:00:00,0.7338501999999999
2015-01-06 06:00:00,0.7419501999999999
2015-01-07 06:00:00,0.7420501999999999
2015-01-08 06:00:00,0.7449501999999999
2015-01-09 06:00:00,0.7469501999999999
2015-01-12 06:00:00,0.7418502999999999
2015-01-13 06:00:00,0.7363501999999998
2015-01-14 06:00:00,0.7367501999999999
2015-01-15 06:00:00,0.7466501999999999
2015-01-16 06:00:00,0.7425502999999999
2015-01-20 06:00:00,0.7320501999999999
2015-01-21 06:00:00,0.7217503
2015-01-22 06:00:00,0.7166502999999999
2015-01-23 06:00:00,0.7119501999999999
2015-01-26 06:00:00,0.7069501999999999
2015-01-27 06:00:00,0.7120502999999999
2015-01-28 06:00:00,0.7106501999999999
2015-01-29 06:00:00,0.6917501999999999
2015-01-30 06:00:00,0.6931501999999999
2015-02-02 06:00:00,0.6963501999999999
2015-02-03 06:00:00,0.7030502999999999
2015-02-04 06:00:00,0.7053501999999999
2015-02-05 06:00:00,0.7062502999999999
2015-02-06 06:00:00,0.7018501999999999
2015-02-09 06:00:00,0.7082502999999999
2015-02-10 06:00:00,0.7069501999999999
2015-02-11 06:00:00,0.7049501999999999
2015-02-12 06:00:00,0.7110502999999999
2015-02-13 06:00:00,0.7117503
2015-02-17 06:00:00,0.7216501999999999
2015-02-18 06:00:00,0.7228501999999999
2015-02-19 06:00:00,0.7186501999999999
2015-02-20 06:00:00,0.7209501999999999
2015-02-23 06:00:00,0.7198501999999998
2015-02-24 06:00:00,0.7158501999999999
2015-02-25 06:00:00,0.7221501999999999
2015-02-26 06:00:00,0.7205501999999999
2015-02-27 06:00:00,0.7241501999999999
2015-03-02 06:00:00,0.7190501999999999
2015-03-03 06:00:00,0.7228501999999999
2015-03-04 06:00:00,0.7270501999999999
2015-03-05 06:00:00,0.7163502999999999
2015-03-06 06:00:00,0.7053501999999999
2015-03-09 05:00:00,0.7061501999999998
2015-03-10 05:00:00,0.6946501999999999
2015-03-11 05:00:00,0.6884501999999999
2015-03-12 05:00:00,0.7051500999999999
2015-03-13 05:00:00,0.7009502
2015-03-16 05:00:00,0.7067502
2015-03-17 05:00:00,0.7005501
2015-03-18 05:00:00,0.7126501
2015-03-19 05:00:00,0.7073500999999999
2015-03-20 05:00:00,0.7242500999999999
2015-03-23 05:00:00,0.7340502
2015-03-24 05:00:00,0.7339500999999999
2015-03-25 05:00:00,0.7290500999999999
2015-03-26 05:00:00,0.7259502
2015-03-27 05:00:00,0.7275501999999999
2015-03-30 05:00:00,0.7201500999999999
2015-03-31 05:00:00,0.7181500999999999
2015-04-01 05:00:00,0.7147500999999999
2015-04-02 05:00:00,0.7206501
2015-04-03 05:00:00,0.7296501
2015-04-06 05:00:00,0.7275501999999999
2015-04-07 05:00:00,0.7198500999999999
2015-04-08 05:00:00,0.7265500999999999
2015-04-09 05:00:00,0.7250502
2015-04-10 05:00:00,0.7243500999999999
2015-04-13 05:00:00,0.7153500999999999
2015-04-14 05:00:00,0.7234500999999999
2015-04-15 05:00:00,0.7299500999999999
2015-04-16 05:00:00,0.7383500999999999
2015-04-17 05:00:00,0.7399501999999999
2015-04-20 05:00:00,0.7359501999999999
2015-04-21 05:00:00,0.7371500999999999
2015-04-22 05:00:00,0.7382500999999999
2015-04-23 05:00:00,0.7303500999999999
2015-04-24 05:00:00,0.7320500999999999
2015-04-27 05:00:00,0.7357501
2015-04-28 05:00:00,0.7439501
2015-04-29 05:00:00,0.7419501999999999
2015-04-30 05:00:00,0.7348501
2015-05-01 05:00:00,0.7235501
2015-05-04 05:00:00,0.7251500999999999
2015-05-05 05:00:00,0.7286501
2015-05-06 05:00:00,0.7218500999999999
2015-05-07 05:00:00,0.7160502
2015-05-08 05:00:00,0.7192502
2015-05-11 05:00:00,0.7076501
2015-05-12 05:00:00,0.7093500999999999
2015-05-13 05:00:00,0.7205501
2015-05-14 05:00:00,0.7226501
2015-05-15 05:00:00,0.7222502
2015-05-18 05:00:00,0.7113501999999999
2015-05-19 05:00:00,0.7082501999999999
2015-05-20 05:00:00,0.7048500999999999
2015-05-21 05:00:00,0.7069500999999999
2015-05-22 05:00:00,0.7056501
2015-05-26 05:00:00,0.6966500999999999
2015-05-27 05:00:00,0.6973501
2015-05-28 05:00:00,0.6925501
2015-05-29 05:00:00,0.6848500999999999
2015-06-01 05:00:00,0.6831500999999999
2015-06-02 05:00:00,0.6929500999999999
2015-06-03 05:00:00,0.6880502
2015-06-04 05:00:00,0.6868500999999999
2015-06-05 05:00:00,0.6786500999999999
2015-06-08 05:00:00,0.6888500999999999
2015-06-09 05:00:00,0.6890501
2015-06-10 05:00:00,0.6946500999999999
2015-06-11 05:00:00,0.6760500999999999
2015-06-12 05:00:00,0.6739499999999999
2015-06-15 05:00:00,0.6745499999999999
2015-06-16 05:00:00,0.67375
2015-06-17 05:00:00,0.67465
2015-06-18 05:00:00,0.6681501
2015-06-19 05:00:00,0.66575
2015-06-22 05:00:00,0.6625500999999999
2015-06-23 05:00:00,0.6603499999999999
2015-06-24 05:00:00,0.66475
2015-06-25 05:00:00,0.6671499999999999
2015-06-26 05:00:00,0.66065
2015-06-29 05:00:00,0.6639499999999999
2015-06-30 05:00:00,0.6540499999999999
2015-07-01 05:00:00,0.6509499999999999
2015-07-02 05:00:00,0.6482499999999999
2015-07-06 05:00:00,0.6455500999999999
2015-07-07 05:00:00,0.6423500999999999
2015-07-08 05:00:00,0.6489499999999999
2015-07-09 05:00:00,0.6497499999999999
2015-07-10 05:00:00,0.6481499999999999
2015-07-13 05:00:00,0.6462499999999999
2015-07-14 05:00:00,0.6479499999999999
2015-07-15 05:00:00,0.6370501
2015-07-16 05:00:00,0.6285499999999999
2015-07-17 05:00:00,0.6302499999999999
2015-07-20 05:00:00,0.6349499999999999
2015-07-21 05:00:00,0.6418499999999999
2015-07-22 05:00:00,0.6362499999999999
2015-07-23 05:00:00,0.6395500999999999
2015-07-24 05:00:00,0.6349499999999999
2015-07-27 05:00:00,0.6391499999999999
2015-07-28 05:00:00,0.6465500999999999
2015-07-29 05:00:00,0.6457499999999999
2015-07-30 05:00:00,0.6381499999999999
2015-07-31 05:00:00,0.6368501
2015-08-03 05:00:00,0.6376499999999999
2015-08-04 05:00:00,0.6317499999999999
2015-08-05 05:00:00,0.6280501
2015-08-06 05:00:00,0.6332499999999999
2015-08-07 05:00:00,0.6417499999999999
2015-08-10 05:00:00,0.6402499999999999
2015-08-11 05:00:00,0.63145
2015-08-12 05:00:00,0.6405500999999999
2015-08-13 05:00:00,0.6360499999999999
2015-08-14 05:00:00,0.6329499999999999
2015-08-17 05:00:00,0.6368501
2015-08-18 05:00:00,0.6380501
2015-08-19 05:00:00,0.6413499999999999
2015-08-20 05:00:00,0.6418499999999999
2015-08-21 05:00:00,0.6482499999999999
2015-08-24 05:00:00,0.62845
2015-08-25 05:00:00,0.6277499999999999
2015-08-26 05:00:00,0.6212499999999999
2015-08-27 05:00:00,0.6261499999999999
2015-08-28 05:00:00,0.6266499999999998
2015-08-31 05:00:00,0.6141499999999999
2015-09-01 05:00:00,0.6130499999999999
2015-09-02 05:00:00,0.6136499999999999
2015-09-03 05:00:00,0.6195499999999999
2015-09-04 05:00:00,0.6105499999999999
2015-09-08 05:00:00,0.6146499999999999
2015-09-09 05:00:00,0.6198499999999999
2015-09-10 05:00:00,0.6107499999999999
2015-09-11 05:00:00,0.6131500999999999
2015-09-14 05:00:00,0.6138501
2015-09-15 05:00:00,0.6140500999999999
2015-09-16 05:00:00,0.6169501
2015-09-17 05:00:00,0.6243500999999999
2015-09-18 05:00:00,0.6224500999999999
2015-09-21 05:00:00,0.6125501
2015-09-22 05:00:00,0.6105501999999999
2015-09-23 05:00:00,0.6060500999999999
2015-09-24 05:00:00,0.6178501
2015-09-25 05:00:00,0.6185501
2015-09-28 05:00:00,0.6147501
2015-09-29 05:00:00,0.6156501
2015-09-30 05:00:00,0.6209501
2015-10-01 05:00:00,0.6216501
2015-10-02 05:00:00,0.6244500999999999
2015-10-05 05:00:00,0.6320501
2015-10-06 05:00:00,0.6355500999999999
2015-10-07 05:00:00,0.6420501
2015-10-08 05:00:00,0.6483500999999999
2015-10-09 05:00:00,0.6516500999999999
2015-10-12 05:00:00,0.6551501
2015-10-13 05:00:00,0.6494500999999999
2015-10-14 05:00:00,0.6610501
2015-10-15 05:00:00,0.6685500999999999
2015-10-16 05:00:00,0.6641501
2015-10-19 05:00:00,0.6620501
2015-10-20 05:00:00,0.6572502
2015-10-21 05:00:00,0.6558500999999999
2015-10-22 05:00:00,0.6606500999999999
2015-10-23 05:00:00,0.6574500999999999
2015-10-26 05:00:00,0.6612502
2015-10-27 05:00:00,0.6605502
2015-10-28 05:00:00,0.6474500999999999
2015-10-29 05:00:00,0.6523500999999999
2015-10-30 05:00:00,0.6600501
2015-11-02 06:00:00,0.6561501
2015-11-03 06:00:00,0.6527502
2015-11-04 06:00:00,0.6412502
2015-11-05 06:00:00,0.6449501
2015-11-06 06:00:00,0.6350502
2015-11-09 06:00:00,0.6373500999999999
2015-11-10 06:00:00,0.6353502
2015-11-11 06:00:00,0.6385502
2015-11-12 06:00:00,0.6372502
2015-11-13 06:00:00,0.6373500999999999
2015-11-16 06:00:00,0.6329501
2015-11-17 06:00:00,0.6308500999999999
2015-11-18 06:00:00,0.6288502
2015-11-19 06:00:00,0.6395500999999999
2015-11-20 06:00:00,0.6411501
2015-11-23 06:00:00,0.6353502
2015-11-24 06:00:00,0.6390501
2015-11-25 06:00:00,0.6416501
2015-11-27 06:00:00,0.6381500999999999
2015-11-30 06:00:00,0.6428501999999999
2015-12-01 06:00:00,0.6525502
2015-12-02 06:00:00,0.6477501
2015-12-03 06:00:00,0.6529501
2015-12-04 06:00:00,0.6583502
2015-12-07 06:00:00,0.6491501
2015-12-08 06:00:00,0.6474500999999999
2015-12-09 06:00:00,0.6490502
2015-12-10 06:00:00,0.6598501
2015-12-11 06:00:00,0.6556502
2015-12-14 06:00:00,0.6618501999999999
2015-12-15 06:00:00,0.6619501
2015-12-16 06:00:00,0.6659501
2015-12-17 06:00:00,0.6544500999999999
2015-12-18 06:00:00,0.6596500999999999
2015-12-21 06:00:00,0.6630501
2015-12-22 06:00:00,0.6657501
2015-12-23 06:00:00,0.6654500999999999
2015-12-24 06:00:00,0.6696502
2015-12-28 06:00:00,0.6703502
2015-12-29 06:00:00,0.6735500999999999
2015-12-30 06:00:00,0.6700502
2015-12-31 06:00:00,0.6696502
2016-01-04 06:00:00,0.6606502
2016-01-05 06:00:00,0.6552501
2016-01-06 06:00:00,0.6502500999999999
2016-01-07 06:00:00,0.6489501
2016-01-08 06:00:00,0.6413502
2016-01-11 06:00:00,0.6408501
2016-01-12 06:00:00,0.6400501
2016-01-13 06:00:00,0.6393500999999999
2016-01-14 06:00:00,0.6350501
2016-01-15 06:00:00,0.6311500999999999
2016-01-19 06:00:00,0.6345502
2016-01-20 06:00:00,0.6279501
2016-01-21 06:00:00,0.6365501
2016-01-22 06:00:00,0.6352500999999999
2016-01-25 06:00:00,0.6341500999999999
2016-01-26 06:00:00,0.6369501
2016-01-27 06:00:00,0.6347501
2016-01-28 06:00:00,0.6343501
2016-01-29 06:00:00,0.6346500999999999
2016-02-01 06:00:00,0.6388502
2016-02-02 06:00:00,0.6353501
2016-02-03 06:00:00,0.6549501
2016-02-04 06:00:00,0.6605501
2016-02-05 06:00:00,0.6497501
2016-02-08 06:00:00,0.6495502
2016-02-09 06:00:00,0.6503502
2016-02-10 06:00:00,0.6564500999999999
2016-02-11 06:00:00,0.6567501
2016-02-12 06:00:00,0.6490501
2016-02-16 06:00:00,0.6441502
2016-02-17 06:00:00,0.6508501
2016-02-18 06:00:00,0.6516500999999999
2016-02-19 06:00:00,0.6508501
2016-02-22 06:00:00,0.6588501
2016-02-23 06:00:00,0.6545502
2016-02-24 06:00:00,0.6534500999999999
2016-02-25 06:00:00,0.6604500999999999
2016-02-26 06:00:00,0.6513502
2016-02-29 06:00:00,0.6466502
2016-03-01 06:00:00,0.6503502
2016-03-02 06:00:00,0.6561501
2016-03-03 06:00:00,0.6612501
2016-03-04 06:00:00,0.6688501
2016-03-07 06:00:00,0.6660502
2016-03-08 06:00:00,0.6639501
2016-03-09 06:00:00,0.6671502
2016-03-10 06:00:00,0.6551501
2016-03-11 06:00:00,0.6636501
2016-03-14 05:00:00,0.6552502000000001
2016-03-15 05:00:00,0.6481501000000001
2016-03-16 05:00:00,0.6591501000000001
2016-03-17 05:00:00,0.6746501
2016-03-18 05:00:00,0.6675502000000001
2016-03-21 05:00:00,0.6656501
2016-03-22 05:00:00,0.6634501
2016-03-23 05:00:00,0.6601501000000001
2016-03-24 05:00:00,0.6590501000000001
2016-03-28 05:00:00,0.6620501000000001
2016-03-29 05:00:00,0.6748501
2016-03-30 05:00:00,0.6828501
2016-03-31 05:00:00,0.6814501000000001
2016-04-01 05:00:00,0.6788501000000001
2016-04-04 05:00:00,0.6726501
2016-04-05 05:00:00,0.6693501000000001
2016-04-06 05:00:00,0.6717502000000001
2016-04-07 05:00:00,0.6673501000000001
2016-04-08 05:00:00,0.6709501000000001
2016-04-11 05:00:00,0.6766501
2016-04-12 05:00:00,0.6819501000000001
2016-04-13 05:00:00,0.6820501000000001
2016-04-14 05:00:00,0.6760501000000001
2016-04-15 05:00:00,0.6814501000000001
2016-04-18 05:00:00,0.6843502000000001
2016-04-19 05:00:00,0.6945501000000001
2016-04-20 05:00:00,0.6877502000000001
2016-04-21 05:00:00,0.6810501000000001
2016-04-22 05:00:00,0.6750502
2016-04-25 05:00:00,0.6746501
2016-04-26 05:00:00,0.6784501000000001
2016-04-27 05:00:00,0.6751501000000001
2016-04-28 05:00:00,0.6875501
2016-04-29 05:00:00,0.6882501000000001
2016-05-02 05:00:00,0.6913501000000001
2016-05-03 05:00:00,0.6816501
2016-05-04 05:00:00,0.6779501000000001
2016-05-05 05:00:00,0.6786501
2016-05-06 05:00:00,0.6742501000000001
2016-05-09 05:00:00,0.6685502000000001
2016-05-10 05:00:00,0.6662501000000001
2016-05-11 05:00:00,0.6736501
2016-05-12 05:00:00,0.6730501000000001
2016-05-13 05:00:00,0.6682502000000001
2016-05-16 05:00:00,0.6698501
2016-05-17 05:00:00,0.6720501000000001
2016-05-18 05:00:00,0.6652501000000001
2016-05-19 05:00:00,0.6657502000000001
2016-05-20 05:00:00,0.6670501000000001
2016-05-23 05:00:00,0.6676501
2016-05-24 05:00:00,0.6645501
2016-05-25 05:00:00,0.6682502000000001
2016-05-26 05:00:00,0.6656501
2016-05-27 05:00:00,0.6636501
2016-05-31 05:00:00,0.6667502000000001
2016-06-01 05:00:00,0.6733501000000001
2016-06-02 05:00:00,0.6722502000000001
2016-06-03 05:00:00,0.6869501000000001
2016-06-06 05:00:00,0.6851501000000001
2016-06-07 05:00:00,0.6887502000000001
2016-06-08 05:00:00,0.6934501000000001
2016-06-09 05:00:00,0.7053501000000001
2016-06-10 05:00:00,0.6974501000000001
2016-06-13 05:00:00,0.6964501000000001
2016-06-14 05:00:00,0.6925502000000001
2016-06-15 05:00:00,0.6958501000000001
2016-06-16 05:00:00,0.6963501000000001
2016-06-17 05:00:00,0.6987502000000001
2016-06-20 05:00:00,0.7031501000000001
2016-06-21 05:00:00,0.7066501000000002
2016-06-22 05:00:00,0.7095501000000001
2016-06-23 05:00:00,0.7166501000000002
2016-06-24 05:00:00,0.7072502000000002
2016-06-27 05:00:00,0.6914501000000002
2016-06-28 05:00:00,0.6955501000000002
2016-06-29 05:00:00,0.7045501000000002
2016-06-30 05:00:00,0.7054501000000001
2016-07-01 05:00:00,0.7094501000000001
2016-07-05 05:00:00,0.7073501000000002
2016-07-06 05:00:00,0.7063501000000001
2016-07-07 05:00:00,0.7150501000000001
2016-07-08 05:00:00,0.7222501000000001
2016-07-11 05:00:00,0.7145502000000001
2016-07-12 05:00:00,0.7237502000000001
2016-07-13 05:00:00,0.7202502000000002
2016-07-14 05:00:00,0.7143501000000002
2016-07-15 05:00:00,0.7069501000000001
2016-07-18 05:00:00,0.7041501000000001
2016-07-19 05:00:00,0.6982502000000002
2016-07-20 05:00:00,0.6954501000000001
2016-07-21 05:00:00,0.6923501000000002
2016-07-22 05:00:00,0.6934501000000002
2016-07-25 05:00:00,0.6928502000000002
2016-07-26 05:00:00,0.6975502000000001
2016-07-27 05:00:00,0.7003501000000001
2016-07-28 05:00:00,0.7011501000000001
2016-07-29 05:00:00,0.7160501000000001
2016-08-01 05:00:00,0.7130502000000002
2016-08-02 05:00:00,0.7171501000000001
2016-08-03 05:00:00,0.7089501000000001
2016-08-04 05:00:00,0.7116501000000002
2016-08-05 05:00:00,0.7084501000000001
2016-08-08 05:00:00,0.7081501000000001
2016-08-09 05:00:00,0.7090502000000002
2016-08-10 05:00:00,0.7148501000000002
2016-08-11 05:00:00,0.7153501000000001
2016-08-12 05:00:00,0.7138501000000002
2016-08-15 05:00:00,0.7155502000000001
2016-08-16 05:00:00,0.7224501000000001
2016-08-17 05:00:00,0.7189501000000001
2016-08-18 05:00:00,0.7240501000000001
2016-08-19 05:00:00,0.7209501000000001
2016-08-22 05:00:00,0.7220502000000002
2016-08-23 05:00:00,0.7247501000000002
2016-08-24 05:00:00,0.7254501000000001
2016-08-25 05:00:00,0.7248502000000001
2016-08-26 05:00:00,0.7171501000000001
2016-08-29 05:00:00,0.7205502000000001
2016-08-30 05:00:00,0.7168501000000002
2016-08-31 05:00:00,0.7203501000000001
2016-09-01 05:00:00,0.7231501000000001
2016-09-02 05:00:00,0.7241501000000001
2016-09-06 05:00:00,0.7365501000000001
2016-09-07 05:00:00,0.7395502000000002
2016-09-08 05:00:00,0.7339501000000002
2016-09-09 05:00:00,0.7286501000000001
2016-09-12 05:00:00,0.7299501000000002
2016-09-13 05:00:00,0.7193501000000002
2016-09-14 05:00:00,0.7232501000000002
2016-09-15 05:00:00,0.7266501000000002
2016-09-16 05:00:00,0.7211501000000002
2016-09-19 05:00:00,0.7257502000000002
2016-09-20 05:00:00,0.7265501000000002
2016-09-21 05:00:00,0.7290501000000001
2016-09-22 05:00:00,0.7255502000000003
2016-09-23 05:00:00,0.7194501000000002
2016-09-26 05:00:00,0.7226502000000002
2016-09-27 05:00:00,0.7256501000000002
2016-09-28 05:00:00,0.7234501000000002
2016-09-29 05:00:00,0.7217502000000002
2016-09-30 05:00:00,0.7242502000000002
2016-10-03 05:00:00,0.7229501000000002
2016-10-04 05:00:00,0.7167502000000002
2016-10-05 05:00:00,0.7126501000000002
2016-10-06 05:00:00,0.7107501000000002
2016-10-07 05:00:00,0.7112502000000002
2016-10-10 05:00:00,0.7089501000000001
2016-10-11 05:00:00,0.7018502000000002
2016-10-12 05:00:00,0.7029501000000001
2016-10-13 05:00:00,0.7058501000000001
2016-10-14 05:00:00,0.7054501000000002
2016-10-17 05:00:00,0.7092501000000002
2016-10-18 05:00:00,0.7158502000000002
2016-10-19 05:00:00,0.7188501000000002
2016-10-20 05:00:00,0.7161501000000002
2016-10-21 05:00:00,0.7119501000000001
2016-10-24 05:00:00,0.7097502000000002
2016-10-25 05:00:00,0.7125501000000002
2016-10-26 05:00:00,0.7113501000000002
2016-10-27 05:00:00,0.7086501000000002
2016-10-28 05:00:00,0.7121501000000002
2016-10-31 05:00:00,0.7112502000000002
2016-11-01 05:00:00,0.7133502000000002
2016-11-02 05:00:00,0.7259501000000002
2016-11-03 05:00:00,0.7300501000000001
2016-11-04 05:00:00,0.7292502000000002
2016-11-07 06:00:00,0.7287501000000002
2016-11-08 06:00:00,0.7352502000000002
2016-11-09 06:00:00,0.7260501000000001
2016-11-10 06:00:00,0.7183502000000002
2016-11-11 06:00:00,0.7079501000000001
2016-11-14 06:00:00,0.7062502000000002
2016-11-15 06:00:00,0.7060501000000002
2016-11-16 06:00:00,0.7040502000000002
2016-11-17 06:00:00,0.7006501000000002
2016-11-18 06:00:00,0.6987502000000002
2016-11-21 06:00:00,0.7017501000000002
2016-11-22 06:00:00,0.7027502000000002
2016-11-23 06:00:00,0.6978501000000001
2016-11-25 06:00:00,0.7011501000000002
2016-11-28 06:00:00,0.7041501000000002
2016-11-29 06:00:00,0.7105502000000002
2016-11-30 06:00:00,0.7053501000000002
2016-12-01 06:00:00,0.7050502000000002
2016-12-02 06:00:00,0.7110501000000001
2016-12-05 06:00:00,0.7106501000000002
2016-12-06 06:00:00,0.7086501000000002
2016-12-07 06:00:00,0.7125501000000002
2016-12-08 06:00:00,0.7153501000000002
2016-12-09 06:00:00,0.7116501000000002
2016-12-12 06:00:00,0.7159501000000001
2016-12-13 06:00:00,0.7175501000000002
2016-12-14 06:00:00,0.7111501000000002
2016-12-15 06:00:00,0.7015502000000002
2016-12-16 06:00:00,0.6928502000000002
2016-12-19 06:00:00,0.6913501000000002
2016-12-20 06:00:00,0.6892501000000002
2016-12-21 06:00:00,0.6883501000000002
2016-12-22 06:00:00,0.6883501000000002
2016-12-23 06:00:00,0.6848501000000002
2016-12-27 06:00:00,0.6869501000000002
2016-12-28 06:00:00,0.6903502000000002
2016-12-29 06:00:00,0.6935501000000002
2016-12-30 06:00:00,0.6920501000000002
2017-01-03 06:00:00,0.6895501000000002
2017-01-04 06:00:00,0.6926501000000002
2017-01-05 06:00:00,0.7004501000000002
2017-01-06 06:00:00,0.6947501000000003
2017-01-09 06:00:00,0.6999501000000002
2017-01-10 06:00:00,0.6973501000000002
2017-01-11 06:00:00,0.7034501000000002
2017-01-12 06:00:00,0.7096501000000002
2017-01-13 06:00:00,0.7109501000000003
2017-01-17 06:00:00,0.7193501000000002
2017-01-18 06:00:00,0.7154501000000002
2017-01-19 06:00:00,0.7170502000000002
2017-01-20 06:00:00,0.7161501000000002
2017-01-23 06:00:00,0.7207501000000002
2017-01-24 06:00:00,0.7236501000000003
2017-01-25 06:00:00,0.7245502000000003
2017-01-26 06:00:00,0.7239501000000003
2017-01-27 06:00:00,0.7252501000000002
2017-01-30 06:00:00,0.7274501000000002
2017-01-31 06:00:00,0.7330501000000003
2017-02-01 06:00:00,0.7270502000000002
2017-02-02 06:00:00,0.7278501000000002
2017-02-03 06:00:00,0.7298502000000002
2017-02-06 06:00:00,0.7308501000000002
2017-02-07 06:00:00,0.7304501000000002
2017-02-08 06:00:00,0.7284501000000002
2017-02-09 06:00:00,0.7179501000000003
2017-02-10 06:00:00,0.7189501000000003
2017-02-13 06:00:00,0.7166501000000003
2017-02-14 06:00:00,0.7155502000000002
2017-02-15 06:00:00,0.7209501000000003
2017-02-16 06:00:00,0.7224501000000002
2017-02-17 06:00:00,0.7171501000000002
2017-02-21 06:00:00,0.7158502000000002
2017-02-22 06:00:00,0.7180502000000002
2017-02-23 06:00:00,0.7223502000000003
2017-02-24 06:00:00,0.7186501000000003
2017-02-27 06:00:00,0.7194501000000002
2017-02-28 06:00:00,0.7204501000000002
2017-03-01 06:00:00,0.7135501000000002
2017-03-02 06:00:00,0.7056501000000002
2017-03-03 06:00:00,0.7027501000000002
2017-03-06 06:00:00,0.6988501000000003
2017-03-07 06:00:00,0.6957501000000003
2017-03-08 06:00:00,0.6910502000000003
2017-03-09 06:00:00,0.6893502000000002
2017-03-10 06:00:00,0.6918502000000002
2017-03-13 05:00:00,0.6922501000000001
2017-03-14 05:00:00,0.6923501000000001
2017-03-15 05:00:00,0.7026502000000001
2017-03-16 05:00:00,0.6970501000000001
2017-03-17 05:00:00,0.7024501000000001
2017-03-20 05:00:00,0.7042501000000001
2017-03-21 05:00:00,0.7043502000000001
2017-03-22 05:00:00,0.7059501000000001
2017-03-23 05:00:00,0.7032501000000001
2017-03-24 05:00:00,0.7038501000000001
2017-03-27 05:00:00,0.7044501000000001
2017-03-28 05:00:00,0.7014501000000001
2017-03-29 05:00:00,0.7032501000000001
2017-03-30 05:00:00,0.7008502000000001
2017-03-31 05:00:00,0.7013501000000001
2017-04-03 05:00:00,0.7002501000000001
2017-04-04 05:00:00,0.6974501000000001
2017-04-05 05:00:00,0.6966501000000002
2017-04-06 05:00:00,0.6973502000000001
2017-04-07 05:00:00,0.6934501000000002
2017-04-10 05:00:00,0.6961502000000002
2017-04-11 05:00:00,0.6960501000000001
2017-04-12 05:00:00,0.6913501000000001
2017-04-13 05:00:00,0.7013501000000001
2017-04-17 05:00:00,0.7008502000000001
2017-04-18 05:00:00,0.7041501000000001
2017-04-19 05:00:00,0.7006501000000002
2017-04-20 05:00:00,0.7017501000000002
2017-04-21 05:00:00,0.7029502000000002
2017-04-24 05:00:00,0.7018502000000001
2017-04-25 05:00:00,0.6951501000000001
2017-04-26 05:00:00,0.6886502000000001
2017-04-27 05:00:00,0.6883502000000001
2017-04-28 05:00:00,0.6876501000000002
2017-05-01 05:00:00,0.6917501000000001
2017-05-02 05:00:00,0.6943502000000001
2017-05-03 05:00:00,0.6883502000000001
2017-05-04 05:00:00,0.6862501000000001
2017-05-05 05:00:00,0.6922501000000001
2017-05-08 05:00:00,0.6921502000000002
2017-05-09 05:00:00,0.6896502000000001
2017-05-10 05:00:00,0.6941501000000001
2017-05-11 05:00:00,0.6860501000000001
2017-05-12 05:00:00,0.6865501000000002
2017-05-15 05:00:00,0.6885501000000002
2017-05-16 05:00:00,0.6898501000000001
2017-05-17 05:00:00,0.6946502000000001
2017-05-18 05:00:00,0.6900501000000001
2017-05-19 05:00:00,0.6948502000000002
2017-05-22 05:00:00,0.7002501000000001
2017-05-23 05:00:00,0.7024501000000001
2017-05-24 05:00:00,0.7038501000000001
2017-05-25 05:00:00,0.7034501000000002
2017-05-26 05:00:00,0.7072501000000001
2017-05-30 05:00:00,0.7111501000000001
2017-05-31 05:00:00,0.7111501000000001
2017-06-01 05:00:00,0.7078501000000001
2017-06-02 05:00:00,0.7152501000000001
2017-06-05 05:00:00,0.7156501000000001
2017-06-06 05:00:00,0.7197501000000002
2017-06-07 05:00:00,0.7202501000000001
2017-06-08 05:00:00,0.7228502000000001
2017-06-09 05:00:00,0.7222501000000001
2017-06-12 05:00:00,0.7216502000000001
2017-06-13 05:00:00,0.7239501000000002
2017-06-14 05:00:00,0.7274502000000002
2017-06-15 05:00:00,0.7226501000000001
2017-06-16 05:00:00,0.7271502000000001
2017-06-19 05:00:00,0.7246502000000001
2017-06-20 05:00:00,0.7260502000000001
2017-06-21 05:00:00,0.7248501
2017-06-22 05:00:00,0.7283501000000001
2017-06-23 05:00:00,0.7305502000000001
2017-06-26 05:00:00,0.7307501000000001
2017-06-27 05:00:00,0.7300502000000001
2017-06-28 05:00:00,0.7318502000000001
2017-06-29 05:00:00,0.7308501000000001
2017-06-30 05:00:00,0.7340502000000001
2017-07-03 05:00:00,0.7314501000000001
2017-07-05 05:00:00,0.7298501000000001
2017-07-06 05:00:00,0.7291501000000001
2017-07-07 05:00:00,0.7292501000000001
2017-07-10 05:00:00,0.7295501000000001
2017-07-11 05:00:00,0.7255501000000001
2017-07-12 05:00:00,0.7285502000000001
2017-07-13 05:00:00,0.7342501000000001
2017-07-14 05:00:00,0.7359501
2017-07-17 05:00:00,0.7339501
2017-07-18 05:00:00,0.7374501000000001
2017-07-19 05:00:00,0.7376501000000001
2017-07-20 05:00:00,0.7432501000000001
2017-07-21 05:00:00,0.7475501000000001
2017-07-24 05:00:00,0.7451501000000001
2017-07-25 05:00:00,0.7437501000000001
2017-07-26 05:00:00,0.7506501000000001
2017-07-27 05:00:00,0.7512501000000001
2017-07-28 05:00:00,0.7543501000000001
2017-07-31 05:00:00,0.7529501000000001
2017-08-01 05:00:00,0.7494501000000001
2017-08-02 05:00:00,0.7456501000000001
2017-08-03 05:00:00,0.7459501000000001
2017-08-04 05:00:00,0.7434501000000001
2017-08-07 05:00:00,0.7378501000000001
2017-08-08 05:00:00,0.7348501000000001
2017-08-09 05:00:00,0.7352501000000001
2017-08-10 05:00:00,0.7309501
2017-08-11 05:00:00,0.7343502000000002
2017-08-14 05:00:00,0.7319501
2017-08-15 05:00:00,0.7260502000000001
2017-08-16 05:00:00,0.7325502000000002
2017-08-17 05:00:00,0.7317501000000001
2017-08-18 05:00:00,0.7337501000000001
2017-08-21 05:00:00,0.7345501000000001
2017-08-22 05:00:00,0.7302501000000001
2017-08-23 05:00:00,0.7251501000000001
2017-08-24 05:00:00,0.7239501000000002
2017-08-25 05:00:00,0.7264501000000001
2017-08-28 05:00:00,0.7283501000000001
2017-08-29 05:00:00,0.7280501000000001
2017-08-30 05:00:00,0.7226501000000001
2017-08-31 05:00:00,0.7202501000000001
2017-09-01 05:00:00,0.7189501000000001
2017-09-05 05:00:00,0.7273501000000001
2017-09-06 05:00:00,0.7216501000000002
2017-09-07 05:00:00,0.7240502000000001
2017-09-08 05:00:00,0.7296502000000001
2017-09-11 05:00:00,0.7271502000000001
2017-09-12 05:00:00,0.7318502000000001
2017-09-13 05:00:00,0.7252501000000001
2017-09-14 05:00:00,0.7241502000000001
2017-09-15 05:00:00,0.7311501
2017-09-18 05:00:00,0.7283501000000001
2017-09-19 05:00:00,0.7341502000000001
2017-09-20 05:00:00,0.7371502000000001
2017-09-21 05:00:00,0.7339501
2017-09-22 05:00:00,0.7347501000000001
2017-09-25 05:00:00,0.7295501000000001
2017-09-26 05:00:00,0.7229501000000002
2017-09-27 05:00:00,0.7247501000000001
2017-09-28 05:00:00,0.7266502000000001
2017-09-29 05:00:00,0.7251501
2017-10-02 05:00:00,0.7231502000000001
2017-10-03 05:00:00,0.7186501000000001
2017-10-04 05:00:00,0.7199501
2017-10-05 05:00:00,0.7144502
2017-10-06 05:00:00,0.7123502
2017-10-09 05:00:00,0.7098502000000001
2017-10-10 05:00:00,0.7098502000000001
2017-10-11 05:00:00,0.7113502
2017-10-12 05:00:00,0.7165501000000001
2017-10-13 05:00:00,0.7218501
2017-10-16 05:00:00,0.7198502000000001
2017-10-17 05:00:00,0.7200501
2017-10-18 05:00:00,0.7175501000000001
2017-10-19 05:00:00,0.7045501000000001
2017-10-20 05:00:00,0.6998502000000001
2017-10-23 05:00:00,0.6996501
2017-10-24 05:00:00,0.6930501000000001
2017-10-25 05:00:00,0.6900501000000001
2017-10-26 05:00:00,0.6870501000000001
2017-10-27 05:00:00,0.6903502000000001
2017-10-30 05:00:00,0.6907501
2017-10-31 05:00:00,0.6875501
2017-11-01 05:00:00,0.6917501
2017-11-02 05:00:00,0.6946502000000001
2017-11-03 05:00:00,0.6942501000000001
2017-11-06 06:00:00,0.6968502000000001
2017-11-07 06:00:00,0.6938501
2017-11-08 06:00:00,0.6958502000000001
2017-11-09 06:00:00,0.6990501000000001
2017-11-10 06:00:00,0.6959501000000001
2017-11-13 06:00:00,0.6935501000000001
2017-11-14 06:00:00,0.6917501
2017-11-15 06:00:00,0.6908502000000001
2017-11-16 06:00:00,0.6885501
2017-11-17 06:00:00,0.6848501
2017-11-20 06:00:00,0.6842501000000001
2017-11-21 06:00:00,0.6872501000000001
2017-11-22 06:00:00,0.6920501000000001
2017-11-24 06:00:00,0.6914502000000001
2017-11-27 06:00:00,0.6944501000000001
2017-11-28 06:00:00,0.6942501000000001
2017-11-29 06:00:00,0.6929501000000001
2017-11-30 06:00:00,0.6872501000000001
2017-12-01 06:00:00,0.6926501
2017-12-04 06:00:00,0.6884501000000001
2017-12-05 06:00:00,0.6911502
2017-12-06 06:00:00,0.6913501000000001
2017-12-07 06:00:00,0.6862501000000001
2017-12-08 06:00:00,0.6878502000000001
2017-12-11 06:00:00,0.6954501000000001
2017-12-12 06:00:00,0.6975501000000001
2017-12-13 06:00:00,0.7064501000000001
2017-12-14 06:00:00,0.7034501000000001
2017-12-15 06:00:00,0.7035502000000001
2017-12-18 06:00:00,0.7035502000000001
2017-12-19 06:00:00,0.7030501000000001
2017-12-20 06:00:00,0.7019501000000001
2017-12-21 06:00:00,0.7051501000000001
2017-12-22 06:00:00,0.7059501
2017-12-26 06:00:00,0.7078501
2017-12-27 06:00:00,0.7110502000000001
2017-12-28 06:00:00,0.7131501000000001
2017-12-29 06:00:00,0.7135502000000001
2018-01-02 06:00:00,0.7150502000000001
2018-01-03 06:00:00,0.7146501000000001
2018-01-04 06:00:00,0.7204501000000001
2018-01-05 06:00:00,0.7218501000000002
2018-01-08 06:00:00,0.7221501000000001
2018-01-09 06:00:00,0.7214501000000001
2018-01-10 06:00:00,0.7237502000000001
2018-01-11 06:00:00,0.7304501000000001
2018-01-12 06:00:00,0.7300502000000001
2018-01-16 06:00:00,0.7319501
2018-01-17 06:00:00,0.7346501000000001
2018-01-18 06:00:00,0.7354501000000001
2018-01-19 06:00:00,0.7327502000000001
2018-01-22 06:00:00,0.7358501000000001
2018-01-23 06:00:00,0.7397502000000001
2018-01-24 06:00:00,0.7473501000000001
2018-01-25 06:00:00,0.7379501
2018-01-26 06:00:00,0.7404501000000001
2018-01-29 06:00:00,0.7369501
2018-01-30 06:00:00,0.7379501
2018-01-31 06:00:00,0.7405502
2018-02-01 06:00:00,0.7430502000000001
2018-02-02 06:00:00,0.7350502000000001
2018-02-05 06:00:00,0.7321501
2018-02-06 06:00:00,0.7346501000000001
2018-02-07 06:00:00,0.7303501000000001
2018-02-08 06:00:00,0.7271501000000001
2018-02-09 06:00:00,0.7288501000000002
2018-02-12 06:00:00,0.7288501000000002
2018-02-13 06:00:00,0.7321501
2018-02-14 06:00:00,0.7406501000000001
2018-02-15 06:00:00,0.7455502
2018-02-16 06:00:00,0.7433502000000001
2018-02-20 06:00:00,0.7388501000000002
2018-02-21 06:00:00,0.7379501
2018-02-22 06:00:00,0.7392501000000001
2018-02-23 06:00:00,0.7346501000000001
2018-02-26 06:00:00,0.7360501
2018-02-27 06:00:00,0.7285501000000001
2018-02-28 06:00:00,0.7261501000000001
2018-03-01 06:00:00,0.7301501
2018-03-02 06:00:00,0.7279501
2018-03-05 06:00:00,0.7273501000000001
2018-03-06 06:00:00,0.7342501000000001
2018-03-07 06:00:00,0.7332502000000001
2018-03-08 06:00:00,0.7312502000000001
2018-03-09 06:00:00,0.7338501000000002
2018-03-12 05:00:00,0.7344501000000001
2018-03-13 05:00:00,0.7382501000000001
2018-03-14 05:00:00,0.7376501000000002
2018-03-15 05:00:00,0.7318502000000002
2018-03-16 05:00:00,0.7258501000000002
2018-03-19 05:00:00,0.7309501000000002
2018-03-20 05:00:00,0.7235502000000001
2018-03-21 05:00:00,0.7269501000000002
2018-03-22 05:00:00,0.7272501000000001
2018-03-23 05:00:00,0.7305501000000002
2018-03-26 05:00:00,0.7346502000000001
2018-03-27 05:00:00,0.7316501000000002
2018-03-28 05:00:00,0.7259501000000002
2018-03-29 05:00:00,0.7271502000000002
2018-04-02 05:00:00,0.7263501000000001
2018-04-03 05:00:00,0.7310502000000002
2018-04-04 05:00:00,0.7358502000000002
2018-04-05 05:00:00,0.7320501000000001
2018-04-06 05:00:00,0.7318502000000002
2018-04-09 05:00:00,0.7367501000000002
2018-04-10 05:00:00,0.7426501000000002
2018-04-11 05:00:00,0.7405502000000002
2018-04-12 05:00:00,0.7431501000000001
2018-04-13 05:00:00,0.7397501000000002
2018-04-16 05:00:00,0.7411502000000002
2018-04-17 05:00:00,0.7387501000000002
2018-04-18 05:00:00,0.7374501000000001
2018-04-19 05:00:00,0.7312501000000001
2018-04-20 05:00:00,0.7250502000000002
2018-04-23 05:00:00,0.7198501000000002
2018-04-24 05:00:00,0.7167501000000002
2018-04-25 05:00:00,0.7114501000000002
2018-04-26 05:00:00,0.7116502000000002
2018-04-27 05:00:00,0.7137501000000002
2018-04-30 05:00:00,0.7089501000000001
2018-05-01 05:00:00,0.7052501000000001
2018-05-02 05:00:00,0.7058501000000001
2018-05-03 05:00:00,0.7094501000000002
2018-05-04 05:00:00,0.7069501000000001
2018-05-07 05:00:00,0.7070502000000002
2018-05-08 05:00:00,0.7016501000000002
2018-05-09 05:00:00,0.7040501000000001
2018-05-10 05:00:00,0.7016501000000002
2018-05-11 05:00:00,0.7015501000000002
2018-05-14 05:00:00,0.6968501000000001
2018-05-15 05:00:00,0.6909501000000001
2018-05-16 05:00:00,0.6948502000000002
2018-05-17 05:00:00,0.6923502000000001
2018-05-18 05:00:00,0.6966501000000002
2018-05-21 05:00:00,0.6980502000000002
2018-05-22 05:00:00,0.6980502000000002
2018-05-23 05:00:00,0.6968501000000001
2018-05-24 05:00:00,0.6982501000000002
2018-05-25 05:00:00,0.6972501000000002
2018-05-29 05:00:00,0.6945502000000002
2018-05-30 05:00:00,0.7039501000000001
2018-05-31 05:00:00,0.7054501000000002
2018-06-01 05:00:00,0.7036501000000002
2018-06-04 05:00:00,0.7085502000000001
2018-06-05 05:00:00,0.7079501000000001
2018-06-06 05:00:00,0.7086501000000002
2018-06-07 05:00:00,0.7083501000000002
2018-06-08 05:00:00,0.7088502000000002
2018-06-11 05:00:00,0.7069501000000001
2018-06-12 05:00:00,0.7056501000000002
2018-06-13 05:00:00,0.7059501000000001
2018-06-14 05:00:00,0.7031500000000002
2018-06-15 05:00:00,0.6991500000000002
2018-06-18 05:00:00,0.6981500000000002
2018-06-19 05:00:00,0.6948500000000001
2018-06-20 05:00:00,0.6914501000000002
2018-06-21 05:00:00,0.6931500000000002
2018-06-22 05:00:00,0.6970500000000002
2018-06-25 05:00:00,0.6949500000000001
2018-06-26 05:00:00,0.6905500000000001
2018-06-27 05:00:00,0.6847500000000001
2018-06-28 05:00:00,0.6800500000000002
2018-06-29 05:00:00,0.6820500000000002
2018-07-02 05:00:00,0.6750500000000001
2018-07-03 05:00:00,0.6794500000000001
2018-07-05 05:00:00,0.6832501000000001
2018-07-06 05:00:00,0.6887500000000001
2018-07-09 05:00:00,0.6893500000000001
2018-07-10 05:00:00,0.6890500000000002
2018-07-11 05:00:00,0.6814501000000002
2018-07-12 05:00:00,0.6820500000000002
2018-07-13 05:00:00,0.68095
2018-07-16 05:00:00,0.6818500000000001
2018-07-17 05:00:00,0.6832501000000001
2018-07-18 05:00:00,0.6848500000000001
2018-07-19 05:00:00,0.6793500000000001
2018-07-20 05:00:00,0.6864501000000002
2018-07-23 05:00:00,0.6832501000000001
2018-07-24 05:00:00,0.6848500000000001
2018-07-25 05:00:00,0.6879501000000001
2018-07-26 05:00:00,0.6838500000000001
2018-07-27 05:00:00,0.6846500000000001
2018-07-30 05:00:00,0.6877500000000001
2018-07-31 05:00:00,0.6870500000000002
2018-08-01 05:00:00,0.6841500000000001
2018-08-02 05:00:00,0.6791500000000001
2018-08-03 05:00:00,0.6805500000000001
2018-08-06 05:00:00,0.6781500000000001
2018-08-07 05:00:00,0.6783500000000001
2018-08-08 05:00:00,0.6806500000000001
2018-08-09 05:00:00,0.6671500000000001
2018-08-10 05:00:00,0.6625500000000001
2018-08-13 05:00:00,0.6621500000000001
2018-08-14 05:00:00,0.6620500000000001
2018-08-15 05:00:00,0.6611500000000001
2018-08-16 05:00:00,0.6636500000000001
2018-08-17 05:00:00,0.6682500000000001
2018-08-20 05:00:00,0.66805
2018-08-21 05:00:00,0.6739501000000001
2018-08-22 05:00:00,0.6743500000000001
2018-08-23 05:00:00,0.6686500000000001
2018-08-24 05:00:00,0.6740500000000001
2018-08-27 05:00:00,0.6747500000000001
2018-08-28 05:00:00,0.6759500000000002
2018-08-29 05:00:00,0.6759500000000002
2018-08-30 05:00:00,0.6689501000000001
2018-08-31 05:00:00,0.6661500000000001
2018-09-04 05:00:00,0.6605501000000001
2018-09-05 05:00:00,0.6637500000000001
2018-09-06 05:00:00,0.6648500000000002
2018-09-07 05:00:00,0.6586500000000001
2018-09-10 05:00:00,0.6572500000000001
2018-09-11 05:00:00,0.6556499000000001
2018-09-12 05:00:00,0.6612500000000001
2018-09-13 05:00:00,0.6621499000000001
2018-09-14 05:00:00,0.6602499000000001
2018-09-17 05:00:00,0.66285
2018-09-18 05:00:00,0.6632500000000001
2018-09-19 05:00:00,0.6667499000000001
2018-09-20 05:00:00,0.6738499000000001
2018-09-21 05:00:00,0.6728499
2018-09-24 05:00:00,0.6694499
2018-09-25 05:00:00,0.6700500000000001
2018-09-26 05:00:00,0.6717499000000001
2018-09-27 05:00:00,0.6666499000000001
2018-09-28 05:00:00,0.6679499000000001
2018-10-01 05:00:00,0.66685
2018-10-02 05:00:00,0.6647500000000001
2018-10-03 05:00:00,0.6584499
2018-10-04 05:00:00,0.6530499000000001
2018-10-05 05:00:00,0.6491499000000001
2018-10-08 05:00:00,0.6502499
2018-10-09 05:00:00,0.6519499000000001
2018-10-10 05:00:00,0.6516499000000001
2018-10-11 05:00:00,0.6569499000000001
2018-10-12 05:00:00,0.6555499
2018-10-15 05:00:00,0.6601499000000001
2018-10-16 05:00:00,0.6641499000000001
2018-10-17 05:00:00,0.6610500000000001
2018-10-18 05:00:00,0.6599499000000001
2018-10-19 05:00:00,0.6637500000000001
2018-10-22 05:00:00,0.6602499000000001
2018-10-23 05:00:00,0.6607500000000001
2018-10-24 05:00:00,0.6573499
2018-10-25 05:00:00,0.6568499000000001
2018-10-26 05:00:00,0.6576499000000001
2018-10-29 05:00:00,0.65785
2018-10-30 05:00:00,0.6606499000000001
2018-10-31 05:00:00,0.6571499000000001
2018-11-01 05:00:00,0.6708499
2018-11-02 05:00:00,0.6692499000000001
2018-11-05 06:00:00,0.6724499
2018-11-06 06:00:00,0.6717499000000001
2018-11-07 06:00:00,0.68405
2018-11-08 06:00:00,0.6796499
2018-11-09 06:00:00,0.6786499
2018-11-12 06:00:00,0.6778499
2018-11-13 06:00:00,0.6801499000000001
2018-11-14 06:00:00,0.6855500000000001
2018-11-15 06:00:00,0.6889499000000001
2018-11-16 06:00:00,0.6931499000000001
2018-11-19 06:00:00,0.6885499
2018-11-20 06:00:00,0.6845499
2018-11-21 06:00:00,0.6888499000000001
2018-11-23 06:00:00,0.6826499
2018-11-26 06:00:00,0.6835499
2018-11-27 06:00:00,0.6838499000000001
2018-11-28 06:00:00,0.6929499000000001
2018-11-29 06:00:00,0.6909499000000001
2018-11-30 06:00:00,0.6919499000000001
2018-12-03 06:00:00,0.6970500000000001
2018-12-04 06:00:00,0.6976499
2018-12-05 06:00:00,0.6940499000000001
2018-12-06 06:00:00,0.6916499
2018-12-07 06:00:00,0.6915499
2018-12-10 06:00:00,0.6921499000000001
2018-12-11 06:00:00,0.6927499000000001
2018-12-12 06:00:00,0.6898499000000001
2018-12-13 06:00:00,0.6905499
2018-12-14 06:00:00,0.6848499000000001
2018-12-17 06:00:00,0.6854500000000001
2018-12-18 06:00:00,0.6892499000000001
2018-12-19 06:00:00,0.6850499000000001
2018-12-20 06:00:00,0.6824499
2018-12-21 06:00:00,0.6756499000000001
2018-12-24 06:00:00,0.6766500000000001
2018-12-26 06:00:00,0.6767499
2018-12-27 06:00:00,0.6741500000000001
2018-12-28 06:00:00,0.6754500000000001
2018-12-31 06:00:00,0.6757500000000001
2019-01-02 06:00:00,0.6705499
2019-01-03 06:00:00,0.6737499000000001
2019-01-04 06:00:00,0.6789499000000001
2019-01-07 06:00:00,0.6798499000000001
2019-01-08 06:00:00,0.67695
2019-01-09 06:00:00,0.6845499
2019-01-10 06:00:00,0.6825499
2019-01-11 06:00:00,0.6877499000000001
2019-01-14 06:00:00,0.6867499
2019-01-15 06:00:00,0.6859500000000001
2019-01-16 06:00:00,0.6832499000000001
2019-01-17 06:00:00,0.6814499
2019-01-18 06:00:00,0.6788499000000001
2019-01-22 06:00:00,0.6765499
2019-01-23 06:00:00,0.6834499
2019-01-24 06:00:00,0.6806499
2019-01-25 06:00:00,0.6890499000000001
2019-01-28 06:00:00,0.6871499000000001
2019-01-29 06:00:00,0.6869500000000001
2019-01-30 06:00:00,0.6953499000000001
2019-01-31 06:00:00,0.6950499000000001
2019-02-01 06:00:00,0.6940499000000001
2019-02-04 06:00:00,0.6928499000000001
2019-02-05 06:00:00,0.6933499000000001
2019-02-06 06:00:00,0.6874499000000001
2019-02-07 06:00:00,0.6795499
2019-02-08 06:00:00,0.6790499000000001
2019-02-11 06:00:00,0.6774499
2019-02-12 06:00:00,0.6776500000000001
2019-02-13 06:00:00,0.6843499000000001
2019-02-14 06:00:00,0.6882499000000001
2019-02-15 06:00:00,0.6905499
2019-02-19 06:00:00,0.6922499000000001
2019-02-20 06:00:00,0.6910499000000001
2019-02-21 06:00:00,0.6846499
2019-02-22 06:00:00,0.6885499
2019-02-25 06:00:00,0.6925499
2019-02-26 06:00:00,0.6939499000000001
2019-02-27 06:00:00,0.6880499000000001
2019-02-28 06:00:00,0.6847500000000001
2019-03-01 06:00:00,0.6837499000000001
2019-03-04 06:00:00,0.6856500000000001
2019-03-05 06:00:00,0.6838499000000001
2019-03-06 06:00:00,0.6808499000000001
2019-03-07 06:00:00,0.6786500000000001
2019-03-08 06:00:00,0.6843499000000001
2019-03-11 05:00:00,0.6863499000000001
2019-03-12 05:00:00,0.6908499000000001
2019-03-13 05:00:00,0.6892499000000001
2019-03-14 05:00:00,0.6856499000000001
2019-03-15 05:00:00,0.6883499000000001
2019-03-18 05:00:00,0.6885499
2019-03-19 05:00:00,0.6892499000000001
2019-03-20 05:00:00,0.6948499000000001
2019-03-21 05:00:00,0.6909499000000001
2019-03-22 05:00:00,0.6910499000000001
2019-03-25 05:00:00,0.6942499000000001
2019-03-26 05:00:00,0.6950500000000002
2019-03-27 05:00:00,0.6838499000000001
2019-03-28 05:00:00,0.6823499000000001
2019-03-29 05:00:00,0.6844500000000001
2019-04-01 05:00:00,0.6846499000000001
2019-04-02 05:00:00,0.6781499000000001
2019-04-03 05:00:00,0.6819500000000002
2019-04-04 05:00:00,0.6791499000000001
2019-04-05 05:00:00,0.6762499000000001
2019-04-08 05:00:00,0.6775499000000001
2019-04-09 05:00:00,0.6775499000000001
2019-04-10 05:00:00,0.6794499
2019-04-11 05:00:00,0.6757500000000001
2019-04-12 05:00:00,0.6801499000000001
2019-04-15 05:00:00,0.6793499000000001
2019-04-16 05:00:00,0.6790499000000001
2019-04-17 05:00:00,0.6752499000000001
2019-04-18 05:00:00,0.6705499
2019-04-22 05:00:00,0.6705499
2019-04-23 05:00:00,0.6678499000000001
2019-04-24 05:00:00,0.6615499000000001
2019-04-25 05:00:00,0.6655499
2019-04-26 05:00:00,0.6692500000000001
2019-04-29 05:00:00,0.6698499000000001
2019-04-30 05:00:00,0.6708499000000001
2019-05-01 05:00:00,0.6650499000000001
2019-05-02 05:00:00,0.6644499000000001
2019-05-03 05:00:00,0.6668499000000001
2019-05-06 05:00:00,0.6641499000000001
2019-05-07 05:00:00,0.6629499000000001
2019-05-08 05:00:00,0.6603499000000002
2019-05-09 05:00:00,0.6625499000000001
2019-05-10 05:00:00,0.6625499000000001
2019-05-13 05:00:00,0.6601499000000001
2019-05-14 05:00:00,0.6602500000000001
2019-05-15 05:00:00,0.6591499000000001
2019-05-16 05:00:00,0.6565499000000001
2019-05-17 05:00:00,0.6546499000000001
2019-05-20 05:00:00,0.6559500000000001
2019-05-21 05:00:00,0.6532499
2019-05-22 05:00:00,0.6525499000000001
2019-05-23 05:00:00,0.6546499000000001
2019-05-24 05:00:00,0.6577500000000002
2019-05-28 05:00:00,0.6569500000000001
2019-05-29 05:00:00,0.6538499000000001
2019-05-30 05:00:00,0.6535499
2019-05-31 05:00:00,0.6571499000000001
2019-06-03 05:00:00,0.6625499000000001
2019-06-04 05:00:00,0.6641499000000001
2019-06-05 05:00:00,0.6643499000000002
2019-06-06 05:00:00,0.6649500000000002
2019-06-07 05:00:00,0.6689500000000002
2019-06-10 05:00:00,0.6636500000000002
2019-06-11 05:00:00,0.6608500000000002
2019-06-12 05:00:00,0.6597500000000002
2019-06-13 05:00:00,0.6595500000000002
2019-06-14 05:00:00,0.6515500000000002
2019-06-17 05:00:00,0.6520500000000001
2019-06-18 05:00:00,0.6549500000000001
2019-06-19 05:00:00,0.6568500000000002
2019-06-20 05:00:00,0.6614500000000002
2019-06-21 05:00:00,0.6605500000000002
2019-06-24 05:00:00,0.6642500000000001
2019-06-25 05:00:00,0.6666501000000002
2019-06-26 05:00:00,0.6703501000000002
2019-06-27 05:00:00,0.6725500000000002
2019-06-28 05:00:00,0.6741500000000001
2019-07-01 05:00:00,0.6693501000000002
2019-07-02 05:00:00,0.6696500000000002
2019-07-03 05:00:00,0.6734501000000002
2019-07-05 05:00:00,0.6646500000000002
2019-07-08 05:00:00,0.6647500000000002
2019-07-09 05:00:00,0.6629500000000002
2019-07-10 05:00:00,0.6664500000000002
2019-07-11 05:00:00,0.6689500000000002
2019-07-12 05:00:00,0.6718501000000002
2019-07-15 05:00:00,0.6742500000000001
2019-07-16 05:00:00,0.6725500000000002
2019-07-17 05:00:00,0.6763501000000002
2019-07-18 05:00:00,0.6799501000000002
2019-07-19 05:00:00,0.6785500000000002
2019-07-22 05:00:00,0.6787500000000002
2019-07-23 05:00:00,0.6728501000000002
2019-07-24 05:00:00,0.6725500000000002
2019-07-25 05:00:00,0.6677500000000002
2019-07-26 05:00:00,0.6652500000000001
2019-07-29 05:00:00,0.6650500000000001
2019-07-30 05:00:00,0.6634501000000002
2019-07-31 05:00:00,0.6579500000000001
2019-08-01 05:00:00,0.6574500000000001
2019-08-02 05:00:00,0.6551501000000002
2019-08-05 05:00:00,0.6555500000000002
2019-08-06 05:00:00,0.6543500000000002
2019-08-07 05:00:00,0.6485500000000002
2019-08-08 05:00:00,0.6502500000000002
2019-08-09 05:00:00,0.6485500000000002
2019-08-12 05:00:00,0.6469500000000001
2019-08-13 05:00:00,0.6469500000000001
2019-08-14 05:00:00,0.6454501000000002
2019-08-15 05:00:00,0.6462500000000002
2019-08-16 05:00:00,0.6447500000000002
2019-08-19 05:00:00,0.6428500000000001
2019-08-20 05:00:00,0.6435500000000002
2019-08-21 05:00:00,0.6415500000000002
2019-08-22 05:00:00,0.6385500000000002
2019-08-23 05:00:00,0.6409500000000001
2019-08-26 05:00:00,0.6402500000000002
2019-08-27 05:00:00,0.6380500000000002
2019-08-28 05:00:00,0.6354500000000002
2019-08-29 05:00:00,0.6325500000000002
2019-08-30 05:00:00,0.6309500000000001
2019-09-03 05:00:00,0.6350500000000002
2019-09-04 05:00:00,0.6379500000000001
2019-09-05 05:00:00,0.6388500000000001
2019-09-06 05:00:00,0.6443500000000002
2019-09-09 05:00:00,0.6440500000000001
2019-09-10 05:00:00,0.6434500000000001
2019-09-11 05:00:00,0.64275
2019-09-12 05:00:00,0.6419500000000001
2019-09-13 05:00:00,0.6388501000000001
2019-09-16 05:00:00,0.6358500000000001
2019-09-17 05:00:00,0.6365500000000001
2019-09-18 05:00:00,0.6328500000000001
2019-09-19 05:00:00,0.63165
2019-09-20 05:00:00,0.6271500000000001
2019-09-23 05:00:00,0.6307500000000001
2019-09-24 05:00:00,0.6343500000000001
2019-09-25 05:00:00,0.6284500000000001
2019-09-26 05:00:00,0.63165
2019-09-27 05:00:00,0.6304500000000001
2019-09-30 05:00:00,0.62755
2019-10-01 05:00:00,0.62565
2019-10-02 05:00:00,0.6280501000000002
2019-10-03 05:00:00,0.6309500000000001
2019-10-04 05:00:00,0.6325500000000001
2019-10-07 05:00:00,0.6300500000000001
2019-10-08 05:00:00,0.6303500000000001
2019-10-09 05:00:00,0.6304500000000001
2019-10-10 05:00:00,0.6328500000000001
2019-10-11 05:00:00,0.63465
2019-10-14 05:00:00,0.6307500000000001
2019-10-15 05:00:00,0.6294500000000001
2019-10-16 05:00:00,0.6297500000000001
2019-10-17 05:00:00,0.6359500000000001
2019-10-18 05:00:00,0.63875
2019-10-21 05:00:00,0.6409500000000001
2019-10-22 05:00:00,0.6413501000000001
2019-10-23 05:00:00,0.6430500000000001
2019-10-24 05:00:00,0.63875
2019-10-25 05:00:00,0.6359500000000001
2019-10-28 05:00:00,0.6350500000000001
2019-10-29 05:00:00,0.6362500000000001
2019-10-30 05:00:00,0.63665
2019-10-31 05:00:00,0.64175
2019-11-01 05:00:00,0.6433500000000001
2019-11-04 06:00:00,0.6398501000000001
2019-11-05 06:00:00,0.63875
2019-11-06 06:00:00,0.6373501000000001
2019-11-07 06:00:00,0.6371500000000001
2019-11-08 06:00:00,0.6331500000000001
2019-11-11 06:00:00,0.6372500000000001
2019-11-12 06:00:00,0.63365
2019-11-13 06:00:00,0.6412500000000001
2019-11-14 06:00:00,0.6367500000000001
2019-11-15 06:00:00,0.6404500000000001
2019-11-18 06:00:00,0.6405501000000001
2019-11-19 06:00:00,0.6433500000000001
2019-11-20 06:00:00,0.64175
2019-11-21 06:00:00,0.6404500000000001
2019-11-22 06:00:00,0.6410501000000001
2019-11-25 06:00:00,0.64075
2019-11-26 06:00:00,0.6429500000000001
2019-11-27 06:00:00,0.6428500000000001
2019-11-29 06:00:00,0.6424500000000001
2019-12-02 06:00:00,0.65085
2019-12-03 06:00:00,0.6519500000000001
2019-12-04 06:00:00,0.6529500000000001
2019-12-05 06:00:00,0.6552500000000001
2019-12-06 06:00:00,0.6569500000000001
2019-12-09 06:00:00,0.6556501000000001
2019-12-10 06:00:00,0.6550500000000001
2019-12-11 06:00:00,0.6603500000000001
2019-12-12 06:00:00,0.6584501000000001
2019-12-13 06:00:00,0.6591501000000001
2019-12-16 06:00:00,0.6600500000000001
2019-12-17 06:00:00,0.6569501000000001
2019-12-18 06:00:00,0.6575500000000001
2019-12-19 06:00:00,0.66085
2019-12-20 06:00:00,0.6607500000000001
2019-12-23 06:00:00,0.6637501000000001
2019-12-24 06:00:00,0.66495
2019-12-26 06:00:00,0.66705
2019-12-27 06:00:00,0.6708500000000001
2019-12-30 06:00:00,0.6731501000000001
2019-12-31 06:00:00,0.6742500000000001
2020-01-02 06:00:00,0.6693500000000001
2020-01-03 06:00:00,0.66685
2020-01-06 06:00:00,0.6664500000000001
2020-01-07 06:00:00,0.6642500000000001
2020-01-08 06:00:00,0.6651501000000001
2020-01-09 06:00:00,0.6606501000000001
2020-01-10 06:00:00,0.6637501000000001
2020-01-13 06:00:00,0.66305
2020-01-14 06:00:00,0.6616501000000001
2020-01-15 06:00:00,0.6607500000000001
2020-01-16 06:00:00,0.6633500000000001
2020-01-17 06:00:00,0.6612501000000001
2020-01-21 06:00:00,0.6593500000000001
2020-01-22 06:00:00,0.6592500000000001
2020-01-23 06:00:00,0.6594501000000002
2020-01-24 06:00:00,0.6607500000000001
2020-01-27 06:00:00,0.6540500000000001
2020-01-28 06:00:00,0.6529501000000001
2020-01-29 06:00:00,0.6531500000000001
2020-01-30 06:00:00,0.64775
2020-01-31 06:00:00,0.6460500000000001
2020-02-03 06:00:00,0.6462500000000001
2020-02-04 06:00:00,0.64785
2020-02-05 06:00:00,0.6471500000000001
2020-02-06 06:00:00,0.6454501000000001
2020-02-07 06:00:00,0.6396501000000001
2020-02-10 06:00:00,0.6382501000000002
2020-02-11 06:00:00,0.6394500000000001
2020-02-12 06:00:00,0.6454501000000001
2020-02-13 06:00:00,0.6435500000000001
2020-02-14 06:00:00,0.6426501000000001
2020-02-18 06:00:00,0.6379501000000001
2020-02-19 06:00:00,0.63675
2020-02-20 06:00:00,0.6323500000000001
2020-02-21 06:00:00,0.6348500000000001
2020-02-24 06:00:00,0.63275
2020-02-25 06:00:00,0.6319500000000001
2020-02-26 06:00:00,0.62955
2020-02-27 06:00:00,0.6304500000000001
2020-02-28 06:00:00,0.6248500000000001
2020-03-02 06:00:00,0.62475
2020-03-03 06:00:00,0.6274501000000001
2020-03-04 06:00:00,0.6278500000000001
2020-03-05 06:00:00,0.6286501000000001
2020-03-06 06:00:00,0.6351501
2020-03-09 05:00:00,0.6345500000000001
2020-03-10 05:00:00,0.62575
2020-03-11 05:00:00,0.6281501
2020-03-12 05:00:00,0.6145501000000001
2020-03-13 05:00:00,0.60385
2020-03-16 05:00:00,0.6055501000000001
2020-03-17 05:00:00,0.5943501000000001
2020-03-18 05:00:00,0.57545
2020-03-19 05:00:00,0.57325
2020-03-20 05:00:00,0.5687500000000001
2020-03-23 05:00:00,0.57025
2020-03-24 05:00:00,0.5788500000000001
2020-03-25 05:00:00,0.58425
2020-03-26 05:00:00,0.5990501
2020-03-27 05:00:00,0.60695
2020-03-30 05:00:00,0.6000500000000001
2020-03-31 05:00:00,0.5955501000000001
2020-04-01 05:00:00,0.5918501
2020-04-02 05:00:00,0.59145
2020-04-03 05:00:00,0.58645
2020-04-06 05:00:00,0.59375
2020-04-07 05:00:00,0.5992500000000001
2020-04-08 05:00:00,0.60255
2020-04-09 05:00:00,0.60655
2020-04-13 05:00:00,0.6110501
2020-04-14 05:00:00,0.60965
2020-04-15 05:00:00,0.5998501
2020-04-16 05:00:00,0.5960500000000001
2020-04-17 05:00:00,0.6030501
2020-04-20 05:00:00,0.6051501
2020-04-21 05:00:00,0.5965501000000001
2020-04-22 05:00:00,0.5958501
2020-04-23 05:00:00,0.60275
2020-04-24 05:00:00,0.60095
2020-04-27 05:00:00,0.6063500000000001
2020-04-28 05:00:00,0.60655
2020-04-29 05:00:00,0.6130501
2020-04-30 05:00:00,0.6145501000000001
2020-05-01 05:00:00,0.6052500000000001
2020-05-04 05:00:00,0.60495
2020-05-05 05:00:00,0.60795
2020-05-06 05:00:00,0.6022500000000001
2020-05-07 05:00:00,0.60865
2020-05-08 05:00:00,0.6138501000000001
2020-05-11 05:00:00,0.60755
2020-05-12 05:00:00,0.6101501
2020-05-13 05:00:00,0.59865
2020-05-14 05:00:00,0.5981500000000001
2020-05-15 05:00:00,0.5936501000000001
2020-05-18 05:00:00,0.60365
2020-05-19 05:00:00,0.6111500000000001
2020-05-20 05:00:00,0.6153500000000001
2020-05-21 05:00:00,0.61255
2020-05-22 05:00:00,0.6093500000000001
2020-05-26 05:00:00,0.6232500000000001
2020-05-27 05:00:00,0.6180501
2020-05-28 05:00:00,0.6232500000000001
2020-05-29 05:00:00,0.6203500000000001
2020-06-01 05:00:00,0.63015
2020-06-02 05:00:00,0.63715
2020-06-03 05:00:00,0.6440501000000001
2020-06-04 05:00:00,0.64675
2020-06-05 05:00:00,0.6514500000000001
2020-06-08 05:00:00,0.6570501000000001
2020-06-09 05:00:00,0.65235
2020-06-10 05:00:00,0.6558501000000001
2020-06-11 05:00:00,0.6423500000000001
2020-06-12 05:00:00,0.64305
2020-06-15 05:00:00,0.64845
2020-06-16 05:00:00,0.64545
2020-06-17 05:00:00,0.6469499999999999
2020-06-18 05:00:00,0.64325
2020-06-19 05:00:00,0.64225
2020-06-22 05:00:00,0.6493501
2020-06-23 05:00:00,0.65045
2020-06-24 05:00:00,0.64155
2020-06-25 05:00:00,0.6431501000000001
2020-06-26 05:00:00,0.6431501000000001
2020-06-29 05:00:00,0.6424501
2020-06-30 05:00:00,0.64645
2020-07-01 05:00:00,0.64825
2020-07-02 05:00:00,0.65135
2020-07-06 05:00:00,0.65725
2020-07-07 05:00:00,0.6558501
2020-07-08 05:00:00,0.6586501
2020-07-09 05:00:00,0.65815
2020-07-10 05:00:00,0.65825
2020-07-13 05:00:00,0.6567500000000001
2020-07-14 05:00:00,0.65355
2020-07-15 05:00:00,0.65785
2020-07-16 05:00:00,0.65405
2020-07-17 05:00:00,0.65705
2020-07-20 05:00:00,0.65815
2020-07-21 05:00:00,0.66555
2020-07-22 05:00:00,0.66725
2020-07-23 05:00:00,0.66455
2020-07-24 05:00:00,0.66465
2020-07-27 05:00:00,0.6688501
2020-07-28 05:00:00,0.66655
2020-07-29 05:00:00,0.66655
2020-07-30 05:00:00,0.66845
2020-07-31 05:00:00,0.66385
2020-08-03 05:00:00,0.66225
2020-08-04 05:00:00,0.66215
2020-08-05 05:00:00,0.6651501000000001
2020-08-06 05:00:00,0.66855
2020-08-07 05:00:00,0.66055
2020-08-10 05:00:00,0.6597500000000001
2020-08-11 05:00:00,0.65945
2020-08-12 05:00:00,0.6586501
2020-08-13 05:00:00,0.65495
2020-08-14 05:00:00,0.6558501
2020-08-17 05:00:00,0.65525
2020-08-18 05:00:00,0.66125
2020-08-19 05:00:00,0.65945
2020-08-20 05:00:00,0.65355
2020-08-21 05:00:00,0.65485
2020-08-24 05:00:00,0.65375
2020-08-25 05:00:00,0.65605
2020-08-26 05:00:00,0.66165
2020-08-27 05:00:00,0.66455
2020-08-28 05:00:00,0.6744501
2020-08-31 05:00:00,0.67555
2020-09-01 05:00:00,0.67535
2020-09-02 05:00:00,0.6766501
2020-09-03 05:00:00,0.67095
2020-09-04 05:00:00,0.67405
2020-09-08 05:00:00,0.66245
2020-09-09 05:00:00,0.6676501
2020-09-10 05:00:00,0.66655
2020-09-11 05:00:00,0.6668501
2020-09-14 05:00:00,0.67175
2020-09-15 05:00:00,0.6728500000000001
2020-09-16 05:00:00,0.67355
2020-09-17 05:00:00,0.67575
2020-09-18 05:00:00,0.6776501
2020-09-21 05:00:00,0.6668501
2020-09-22 05:00:00,0.66445
2020-09-23 05:00:00,0.65525
2020-09-24 05:00:00,0.65575
2020-09-25 05:00:00,0.65525
2020-09-28 05:00:00,0.6569499999999999
2020-09-29 05:00:00,0.6601501000000001
2020-09-30 05:00:00,0.66225
2020-10-01 05:00:00,0.66595
2020-10-02 05:00:00,0.66425
2020-10-05 05:00:00,0.66415
2020-10-06 05:00:00,0.66055
2020-10-07 05:00:00,0.65885
2020-10-08 05:00:00,0.65925
2020-10-09 05:00:00,0.66745
2020-10-12 05:00:00,0.66575
2020-10-13 05:00:00,0.66525
2020-10-14 05:00:00,0.66665
2020-10-15 05:00:00,0.66035
2020-10-16 05:00:00,0.66215
2020-10-19 05:00:00,0.6619499999999999
2020-10-20 05:00:00,0.66005
2020-10-21 05:00:00,0.6676501
2020-10-22 05:00:00,0.6688501
2020-10-23 05:00:00,0.66945
2020-10-26 05:00:00,0.66925
2020-10-27 05:00:00,0.67205
2020-10-28 05:00:00,0.66655
2020-10-29 05:00:00,0.66305
2020-10-30 05:00:00,0.6619499999999999
2020-11-02 06:00:00,0.66385
2020-11-03 06:00:00,0.66915
2020-11-04 06:00:00,0.6713501000000001
2020-11-05 06:00:00,0.67815
2020-11-06 06:00:00,0.6783501000000001
2020-11-09 06:00:00,0.6841501
2020-11-10 06:00:00,0.68375
2020-11-11 06:00:00,0.6891501
2020-11-12 06:00:00,0.68555
2020-11-13 06:00:00,0.6849500000000001
2020-11-16 06:00:00,0.69045
2020-11-17 06:00:00,0.69045
2020-11-18 06:00:00,0.69425
2020-11-19 06:00:00,0.69335
2020-11-20 06:00:00,0.69525
2020-11-23 06:00:00,0.69355
2020-11-24 06:00:00,0.69825
2020-11-25 06:00:00,0.70205
2020-11-27 06:00:00,0.70405
2020-11-30 06:00:00,0.70325
2020-12-01 06:00:00,0.70655
2020-12-02 06:00:00,0.70655
2020-12-03 06:00:00,0.70905
2020-12-04 06:00:00,0.70515
2020-12-07 06:00:00,0.70575
2020-12-08 06:00:00,0.70485
2020-12-09 06:00:00,0.70325
2020-12-10 06:00:00,0.70955
2020-12-11 06:00:00,0.7093501000000001
2020-12-14 06:00:00,0.7100501
2020-12-15 06:00:00,0.71035
2020-12-16 06:00:00,0.7093501000000001
2020-12-17 06:00:00,0.71545
2020-12-18 06:00:00,0.7143501000000001
2020-12-21 06:00:00,0.7118501
2020-12-22 06:00:00,0.7053501000000001
2020-12-23 06:00:00,0.70975
2020-12-24 06:00:00,0.71245
2020-12-28 06:00:00,0.7108501
2020-12-29 06:00:00,0.7159500000000001
2020-12-30 06:00:00,0.7209500000000001
2020-12-31 06:00:00,0.71945
2021-01-04 06:00:00,0.72235
2021-01-05 06:00:00,0.7262500000000001
2021-01-06 06:00:00,0.72865
2021-01-07 06:00:00,0.72675
2021-01-08 06:00:00,0.7232500000000001
2021-01-11 06:00:00,0.7181500000000001
2021-01-12 06:00:00,0.72275
2021-01-13 06:00:00,0.71945
2021-01-14 06:00:00,0.7232500000000001
2021-01-15 06:00:00,0.7149500000000001
2021-01-19 06:00:00,0.7121500000000001
2021-01-20 06:00:00,0.7175501000000001
2021-01-21 06:00:00,0.72045
2021-01-22 06:00:00,0.71885
2021-01-25 06:00:00,0.7193501000000001
2021-01-26 06:00:00,0.7246500000000001
2021-01-27 06:00:00,0.71725
2021-01-28 06:00:00,0.71975
2021-01-29 06:00:00,0.7186501000000001
2021-02-01 06:00:00,0.7175501000000001
2021-02-02 06:00:00,0.71635
2021-02-03 06:00:00,0.72075
2021-02-04 06:00:00,0.71635
2021-02-05 06:00:00,0.72075
2021-02-08 06:00:00,0.7230501
2021-02-09 06:00:00,0.7248501
2021-02-10 06:00:00,0.7220501
2021-02-11 06:00:00,0.7229500000000001
2021-02-12 06:00:00,0.72245
2021-02-16 06:00:00,0.7221500000000001
2021-02-17 06:00:00,0.7190501
2021-02-18 06:00:00,0.7220501
2021-02-19 06:00:00,0.7301501
2021-02-22 06:00:00,0.7340500000000001
2021-02-23 06:00:00,0.7345501000000001
2021-02-24 06:00:00,0.74095
2021-02-25 06:00:00,0.7398501000000001
2021-02-26 06:00:00,0.7240501
2021-03-01 06:00:00,0.7271500000000001
2021-03-02 06:00:00,0.73035
2021-03-03 06:00:00,0.7265501000000001
2021-03-04 06:00:00,0.7198501
2021-03-05 06:00:00,0.71745
2021-03-08 06:00:00,0.71445
2021-03-09 06:00:00,0.71775
2021-03-10 06:00:00,0.72005
2021-03-11 06:00:00,0.7231500999999999
2021-03-12 06:00:00,0.71805
2021-03-15 05:00:00,0.72025
2021-03-16 05:00:00,0.7198499999999999
2021-03-17 05:00:00,0.7244499999999999
2021-03-18 05:00:00,0.7171500999999999
2021-03-19 05:00:00,0.7176501
2021-03-22 05:00:00,0.7182499999999999
2021-03-23 05:00:00,0.7006499999999999
2021-03-24 05:00:00,0.6981499999999999
2021-03-25 05:00:00,0.6962499999999999
2021-03-26 05:00:00,0.6996499999999999
2021-03-29 05:00:00,0.7001500999999999
2021-03-30 05:00:00,0.6983499999999999
2021-03-31 05:00:00,0.69905
2021-04-01 05:00:00,0.7024499999999999
2021-04-05 05:00:00,0.7067499999999999
2021-04-06 05:00:00,0.7057499999999999
2021-04-07 05:00:00,0.7013499999999999
2021-04-08 05:00:00,0.7061499999999999
2021-04-09 05:00:00,0.7047500999999999
2021-04-12 05:00:00,0.7031499999999999
2021-04-13 05:00:00,0.7058499999999999
2021-04-14 05:00:00,0.7143499999999999
2021-04-15 05:00:00,0.7181500999999999
2021-04-16 05:00:00,0.71505
2021-04-19 05:00:00,0.7188499999999999
2021-04-20 05:00:00,0.7173499999999999
2021-04-21 05:00:00,0.7215499999999999
2021-04-22 05:00:00,0.7165499999999999
2021-04-23 05:00:00,0.7203499999999999
2021-04-26 05:00:00,0.72475
2021-04-27 05:00:00,0.7212500999999999
2021-04-28 05:00:00,0.7267499999999999
2021-04-29 05:00:00,0.7253499999999999
2021-04-30 05:00:00,0.7165499999999999
2021-05-03 05:00:00,0.7219499999999999
2021-05-04 05:00:00,0.7146499999999999
2021-05-05 05:00:00,0.7218499999999999
2021-05-06 05:00:00,0.7231500999999999
2021-05-07 05:00:00,0.7290499999999999
2021-05-10 05:00:00,0.7278499999999999
2021-05-11 05:00:00,0.7275499999999999
2021-05-12 05:00:00,0.7169499999999999
2021-05-13 05:00:00,0.71925
2021-05-14 05:00:00,0.7256499999999999
2021-05-17 05:00:00,0.7226499999999999
2021-05-18 05:00:00,0.7256499999999999
2021-05-19 05:00:00,0.7162499999999999
2021-05-20 05:00:00,0.7204499999999999
2021-05-21 05:00:00,0.7172499999999999
2021-05-24 05:00:00,0.7224499999999999
2021-05-25 05:00:00,0.7239499999999999
2021-05-26 05:00:00,0.7298499999999999
2021-05-27 05:00:00,0.7305499999999999
2021-05-28 05:00:00,0.7265499999999999
2021-06-01 05:00:00,0.7264499999999999
2021-06-02 05:00:00,0.7245499999999999
2021-06-03 05:00:00,0.7139499999999999
2021-06-04 05:00:00,0.7219499999999999
2021-06-07 05:00:00,0.72415
2021-06-08 05:00:00,0.7206499999999999
2021-06-09 05:00:00,0.7188499999999999
2021-06-10 05:00:00,0.7208499999999999
2021-06-11 05:00:00,0.7136499999999999
2021-06-14 05:00:00,0.7142499999999999
2021-06-15 05:00:00,0.7128499999999999
2021-06-16 05:00:00,0.7063499999999999
2021-06-17 05:00:00,0.7012499999999999
2021-06-18 05:00:00,0.69505
2021-06-21 05:00:00,0.7002499999999999
2021-06-22 05:00:00,0.7036499999999999
2021-06-23 05:00:00,0.7048499999999999
2021-06-24 05:00:00,0.7070499999999998
2021-06-25 05:00:00,0.7068499999999999
2021-06-28 05:00:00,0.70495
2021-06-29 05:00:00,0.7001499999999999
2021-06-30 05:00:00,0.6992499999999999
2021-07-01 05:00:00,0.6971499999999999
2021-07-02 05:00:00,0.7016499999999999
2021-07-06 05:00:00,0.7023499999999999
2021-07-07 05:00:00,0.7025499999999999
2021-07-08 05:00:00,0.69495
2021-07-09 05:00:00,0.7010499999999998
2021-07-12 05:00:00,0.6983499999999999
2021-07-13 05:00:00,0.6952499999999999
2021-07-14 05:00:00,0.7037499999999999
2021-07-15 05:00:00,0.6983499999999999
2021-07-16 05:00:00,0.7016499999999999
2021-07-19 05:00:00,0.6935499999999999
2021-07-20 05:00:00,0.6930499999999999
2021-07-21 05:00:00,0.6978499999999999
2021-07-22 05:00:00,0.6989499999999998
2021-07-23 05:00:00,0.6987499999999999
2021-07-26 05:00:00,0.7001499999999999
2021-07-27 05:00:00,0.6966499999999999
2021-07-28 05:00:00,0.6957499999999999
2021-07-29 05:00:00,0.7023499999999999
2021-07-30 05:00:00,0.6971499999999999
2021-08-02 05:00:00,0.6983499999999999
2021-08-03 05:00:00,0.7023499999999999
2021-08-04 05:00:00,0.7056499999999999
2021-08-05 05:00:00,0.7069499999999999
2021-08-06 05:00:00,0.7019499999999999
2021-08-09 05:00:00,0.7002499999999999
2021-08-10 05:00:00,0.7018499999999999
2021-08-11 05:00:00,0.7048499999999999
2021-08-12 05:00:00,0.7004499999999999
2021-08-13 05:00:00,0.7052499999999999
2021-08-16 05:00:00,0.7023999999999999
2021-08-17 05:00:00,0.6912499999999999
2021-08-18 05:00:00,0.68995
2021-08-19 05:00:00,0.6838999999999998
2021-08-20 05:00:00,0.6845999999999999
2021-08-23 05:00:00,0.691
2021-08-24 05:00:00,0.6956499999999999
2021-08-25 05:00:00,0.6987999999999999
2021-08-26 05:00:00,0.6954499999999999
2021-08-27 05:00:00,0.7021999999999999
2021-08-30 05:00:00,0.7014999999999999
2021-08-31 05:00:00,0.7065999999999999
2021-09-01 05:00:00,0.7078999999999999
2021-09-02 05:00:00,0.7124999999999999
2021-09-03 05:00:00,0.7174499999999999
2021-09-07 05:00:00,0.7106999999999999
2021-09-08 05:00:00,0.7114999999999999
2021-09-09 05:00:00,0.7122999999999999
2021-09-10 05:00:00,0.7132
2021-09-13 05:00:00,0.7113999999999999
2021-09-14 05:00:00,0.7098
2021-09-15 05:00:00,0.71105
2021-09-16 05:00:00,0.7087
2021-09-17 05:00:00,0.70475
2021-09-20 05:00:00,0.7027
2021-09-21 05:00:00,0.7019
2021-09-22 05:00:00,0.70105
2021-09-23 05:00:00,0.70865
2021-09-24 05:00:00,0.7018
2021-09-27 05:00:00,0.7028
2021-09-28 05:00:00,0.6963499999999999
2021-09-29 05:00:00,0.6878
2021-09-30 05:00:00,0.69185
2021-10-01 05:00:00,0.69585
2021-10-04 05:00:00,0.6975
2021-10-05 05:00:00,0.6972499999999999
2021-10-06 05:00:00,0.69265
2021-10-07 05:00:00,0.6940999999999999
2021-10-08 05:00:00,0.6943999999999999
2021-10-11 05:00:00,0.6953499999999999
2021-10-12 05:00:00,0.6947
2021-10-13 05:00:00,0.6964499999999999
2021-10-14 05:00:00,0.70365
2021-10-15 05:00:00,0.70785
2021-10-18 05:00:00,0.7093999999999999
2021-10-19 05:00:00,0.71695
2021-10-20 05:00:00,0.7216499999999999
2021-10-21 05:00:00,0.71575
2021-10-22 05:00:00,0.7152999999999999
2021-10-25 05:00:00,0.71775
2021-10-26 05:00:00,0.71715
2021-10-27 05:00:00,0.7188
2021-10-28 05:00:00,0.7204999999999999
2021-10-29 05:00:00,0.7174999999999999
2021-11-01 05:00:00,0.7193999999999999
2021-11-02 05:00:00,0.71165
2021-11-03 05:00:00,0.7162
2021-11-04 05:00:00,0.7114499999999999
2021-11-05 05:00:00,0.71265
2021-11-08 06:00:00,0.7179
2021-11-09 06:00:00,0.71415
2021-11-10 06:00:00,0.70755
2021-11-11 06:00:00,0.7032499999999999
2021-11-12 06:00:00,0.7054
2021-11-15 06:00:00,0.7054999999999999
2021-11-16 06:00:00,0.7008
2021-11-17 06:00:00,0.7003499999999999
2021-11-18 06:00:00,0.7047
2021-11-19 06:00:00,0.70055
2021-11-22 06:00:00,0.69655
2021-11-23 06:00:00,0.6962999999999999
2021-11-24 06:00:00,0.68775
2021-11-26 06:00:00,0.6834
2021-11-29 06:00:00,0.6818
2021-11-30 06:00:00,0.6834
2021-12-01 06:00:00,0.6829
2021-12-02 06:00:00,0.6821999999999999
2021-12-03 06:00:00,0.6761499999999999
2021-12-06 06:00:00,0.6756
2021-12-07 06:00:00,0.6799
2021-12-08 06:00:00,0.68295
2021-12-09 06:00:00,0.6801999999999999
2021-12-10 06:00:00,0.6807
2021-12-13 06:00:00,0.6773
2021-12-14 06:00:00,0.67545
2021-12-15 06:00:00,0.67675
2021-12-16 06:00:00,0.6799499999999999
2021-12-17 06:00:00,0.6755
2021-12-20 00:00:00,
2021-12-20 06:00:00,0.6727
2021-12-21 06:00:00,0.6777
2021-12-21 09:00:00,
2021-12-22 06:00:00,0.6833999999999999
2021-12-23 06:00:00,0.6850499999999999
2021-12-23 13:00:00,
2021-12-23 17:00:00,
2021-12-27 06:00:00,0.6832999999999999
2021-12-28 06:00:00,0.6816
2021-12-29 06:00:00,0.6839999999999999
2021-12-30 06:00:00,0.68475
2021-12-31 06:00:00,0.68675
2022-01-03 06:00:00,0.68055
2022-01-03 07:00:00,0.6852499999999999
2022-01-03 08:00:00,0.68575
2022-01-03 09:00:00,0.68485
2022-01-03 10:00:00,0.6842999999999999
2022-01-03 11:00:00,0.68495
2022-01-03 12:00:00,0.6842499999999999
2022-01-03 13:00:00,0.6820499999999999
2022-01-03 14:00:00,0.6799999999999999
2022-01-03 15:00:00,0.6792499999999999
2022-01-03 16:00:00,0.6801499999999999
2022-01-03 17:00:00,0.68075
2022-01-03 18:00:00,0.6810999999999999
2022-01-03 19:00:00,0.68045
2022-01-03 20:00:00,0.6800499999999999
2022-01-03 21:00:00,0.68045
2022-01-03 23:00:00,0.6805
2022-01-04 00:00:00,0.6812499999999999
2022-01-04 01:00:00,0.6806
2022-01-04 02:00:00,0.68075
2022-01-04 03:00:00,0.6802499999999999
2022-01-04 04:00:00,0.68085
2022-01-04 05:00:00,0.6812499999999999
2022-01-04 06:00:00,0.6806
2022-01-04 07:00:00,0.68085
2022-01-04 08:00:00,0.6807
2022-01-04 09:00:00,0.6812999999999999
2022-01-04 10:00:00,0.68035
2022-01-04 11:00:00,0.6789
2022-01-04 12:00:00,0.6782499999999999
2022-01-04 13:00:00,0.6797
2022-01-04 14:00:00,0.6809999999999999
2022-01-04 15:00:00,0.6832499999999999
2022-01-04 16:00:00,0.6822999999999999
2022-01-04 17:00:00,0.68265
2022-01-04 18:00:00,0.6816
2022-01-04 19:00:00,0.68265
2022-01-04 20:00:00,0.68245
2022-01-04 21:00:00,0.68255
2022-01-04 23:00:00,0.6829999999999999
2022-01-05 00:00:00,0.6828
2022-01-05 01:00:00,0.68235
2022-01-05 02:00:00,0.6819999999999999
2022-01-05 03:00:00,0.68245
2022-01-05 04:00:00,0.6819
2022-01-05 05:00:00,0.6819
2022-01-05 06:00:00,0.6819999999999999
2022-01-05 07:00:00,0.6816
2022-01-05 08:00:00,0.6822999999999999
2022-01-05 09:00:00,0.68245
2022-01-05 10:00:00,0.68275
2022-01-05 11:00:00,0.68355
2022-01-05 12:00:00,0.6831999999999999
2022-01-05 13:00:00,0.6839
2022-01-05 14:00:00,0.68495
2022-01-05 15:00:00,0.68485
2022-01-05 16:00:00,0.6842999999999999
2022-01-05 17:00:00,0.6848
2022-01-05 18:00:00,0.6841999999999999
2022-01-05 19:00:00,0.6812499999999999
2022-01-05 20:00:00,0.6810999999999999
2022-01-05 21:00:00,0.6812499999999999
2022-01-05 23:00:00,0.6809499999999999
2022-01-06 00:00:00,0.68075
2022-01-06 01:00:00,0.6809499999999999
2022-01-06 02:00:00,0.67975
2022-01-06 03:00:00,0.6786
2022-01-06 04:00:00,0.6777
2022-01-06 05:00:00,0.6770999999999999
2022-01-06 06:00:00,0.6759999999999999
2022-01-06 07:00:00,0.6757
2022-01-06 08:00:00,0.6759499999999999
2022-01-06 09:00:00,0.6763
2022-01-06 10:00:00,0.67835
2022-01-06 11:00:00,0.6777
2022-01-06 12:00:00,0.67735
2022-01-06 13:00:00,0.67635
2022-01-06 14:00:00,0.67645
2022-01-06 15:00:00,0.6760499999999999
2022-01-06 16:00:00,0.6765
2022-01-06 17:00:00,0.6767
2022-01-06 18:00:00,0.6761999999999999
2022-01-06 19:00:00,0.6758
2022-01-06 20:00:00,0.6761499999999999
2022-01-06 21:00:00,0.67665
2022-01-06 23:00:00,0.6757
2022-01-07 00:00:00,0.6761499999999999
2022-01-07 01:00:00,0.6770499999999999
2022-01-07 02:00:00,0.6771499999999999
2022-01-07 03:00:00,0.6771999999999999
2022-01-07 04:00:00,0.6769499999999999
2022-01-07 05:00:00,0.6771499999999999
2022-01-07 06:00:00,0.67685
2022-01-07 07:00:00,0.6767
2022-01-07 08:00:00,0.67685
2022-01-07 09:00:00,0.6769
2022-01-07 10:00:00,0.67685
2022-01-07 11:00:00,0.6769999999999999
2022-01-07 12:00:00,0.67635
2022-01-07 13:00:00,0.6759
2022-01-07 14:00:00,0.6781499999999999
2022-01-07 15:00:00,0.67735
2022-01-07 16:00:00,0.67945
2022-01-07 17:00:00,0.6789499999999999
2022-01-07 18:00:00,0.6791999999999999
2022-01-07 19:00:00,0.6792999999999999
2022-01-07 20:00:00,0.6792499999999999
2022-01-07 21:00:00,0.67955
2022-01-09 23:00:00,0.6791499999999999
2022-01-10 00:00:00,0.6792999999999999
2022-01-10 01:00:00,0.6794
2022-01-10 02:00:00,0.6789999999999999
2022-01-10 03:00:00,0.67875
2022-01-10 04:00:00,0.6787
2022-01-10 05:00:00,0.6787
2022-01-10 06:00:00,0.6789499999999999
2022-01-10 07:00:00,0.6797
2022-01-10 08:00:00,0.67875
2022-01-10 09:00:00,0.67875
2022-01-10 10:00:00,0.6790999999999999
2022-01-10 11:00:00,0.67845
2022-01-10 12:00:00,0.6774
2022-01-10 13:00:00,0.6763
2022-01-10 14:00:00,0.67565
2022-01-10 15:00:00,0.6763
2022-01-10 16:00:00,0.6769999999999999
2022-01-10 17:00:00,0.67665
2022-01-10 18:00:00,0.6771499999999999
2022-01-10 19:00:00,0.6773
2022-01-10 20:00:00,0.6779999999999999
2022-01-10 21:00:00,0.6779
2022-01-10 23:00:00,0.6782999999999999
2022-01-11 00:00:00,0.67865
2022-01-11 01:00:00,0.6776
2022-01-11 02:00:00,0.67865
2022-01-11 03:00:00,0.67875
2022-01-11 04:00:00,0.67865
2022-01-11 05:00:00,0.6788
2022-01-11 06:00:00,0.6777
2022-01-11 07:00:00,0.6787
2022-01-11 08:00:00,0.6789999999999999
2022-01-11 09:00:00,0.6792499999999999
2022-01-11 10:00:00,0.6780999999999999
2022-01-11 11:00:00,0.6779999999999999
2022-01-11 12:00:00,0.6773
2022-01-11 13:00:00,0.6768
2022-01-11 14:00:00,0.6764
2022-01-11 15:00:00,0.6774
2022-01-11 16:00:00,0.6789499999999999
2022-01-11 17:00:00,0.6790499999999999
2022-01-11 18:00:00,0.68055
2022-01-11 19:00:00,0.6799499999999999
2022-01-11 20:00:00,0.6801499999999999
2022-01-11 21:00:00,0.6802999999999999
2022-01-11 23:00:00,0.6799999999999999
2022-01-12 00:00:00,0.68045
2022-01-12 01:00:00,0.6799499999999999
2022-01-12 02:00:00,0.6805
2022-01-12 03:00:00,0.6809999999999999
2022-01-12 04:00:00,0.6807
2022-01-12 05:00:00,0.6810999999999999
2022-01-12 06:00:00,0.6806
2022-01-12 07:00:00,0.6798
2022-01-12 08:00:00,0.67985
2022-01-12 09:00:00,0.6799499999999999
2022-01-12 10:00:00,0.67985
2022-01-12 11:00:00,0.6795
2022-01-12 12:00:00,0.67945
2022-01-12 13:00:00,0.68275
2022-01-12 14:00:00,0.6849
2022-01-12 15:00:00,0.6858
2022-01-12 16:00:00,0.6864
2022-01-12 17:00:00,0.68685
2022-01-12 18:00:00,0.6859999999999999
2022-01-12 19:00:00,0.6869999999999999
2022-01-12 20:00:00,0.6874
2022-01-12 21:00:00,0.6863499999999999
2022-01-12 23:00:00,0.6863499999999999
2022-01-13 00:00:00,0.6871499999999999
2022-01-13 01:00:00,0.6862499999999999
2022-01-13 02:00:00,0.6874
2022-01-13 03:00:00,0.68745
2022-01-13 04:00:00,0.6878
2022-01-13 05:00:00,0.6871999999999999
2022-01-13 06:00:00,0.6874
2022-01-13 07:00:00,0.6888
2022-01-13 08:00:00,0.6892999999999999
2022-01-13 09:00:00,0.6898
2022-01-13 10:00:00,0.6899
2022-01-13 11:00:00,0.6894
2022-01-13 12:00:00,0.68885
2022-01-13 13:00:00,0.6901999999999999
2022-01-13 14:00:00,0.6906
2022-01-13 15:00:00,0.6898
2022-01-13 16:00:00,0.6898
2022-01-13 17:00:00,0.6893499999999999
2022-01-13 18:00:00,0.6890999999999999
2022-01-13 19:00:00,0.689
2022-01-13 20:00:00,0.6878
2022-01-13 21:00:00,0.688
2022-01-13 23:00:00,0.68785
2022-01-14 00:00:00,0.68765
2022-01-14 01:00:00,0.6871499999999999
2022-01-14 02:00:00,0.6877
2022-01-14 03:00:00,0.6873499999999999
2022-01-14 04:00:00,0.6878
2022-01-14 05:00:00,0.6885
2022-01-14 06:00:00,0.6883499999999999
2022-01-14 07:00:00,0.6881499999999999
2022-01-14 08:00:00,0.68775
2022-01-14 09:00:00,0.6869999999999999
2022-01-14 10:00:00,0.6869
2022-01-14 11:00:00,0.68645
2022-01-14 12:00:00,0.68545
2022-01-14 13:00:00,0.6847
2022-01-14 14:00:00,0.6851999999999999
2022-01-14 15:00:00,0.6838
2022-01-14 16:00:00,0.6827
2022-01-14 17:00:00,0.6811499999999999
2022-01-14 18:00:00,0.68165
2022-01-14 19:00:00,0.68255
2022-01-14 20:00:00,0.6828
2022-01-14 21:00:00,0.68255
2022-01-16 23:00:00,0.68255
2022-01-17 00:00:00,0.6816
2022-01-17 01:00:00,0.68075
2022-01-17 02:00:00,0.6819
2022-01-17 03:00:00,0.6820499999999999
2022-01-17 04:00:00,0.68195
2022-01-17 05:00:00,0.68155
2022-01-17 06:00:00,0.6820499999999999
2022-01-17 07:00:00,0.68335
2022-01-17 08:00:00,0.6832999999999999
2022-01-17 09:00:00,0.68265
2022-01-17 10:00:00,0.6828
2022-01-17 11:00:00,0.68265
2022-01-17 12:00:00,0.6819
2022-01-17 13:00:00,0.6819999999999999
2022-01-17 14:00:00,0.6821999999999999
2022-01-17 15:00:00,0.6812999999999999
2022-01-17 16:00:00,0.6815
2022-01-17 17:00:00,0.6817
2022-01-17 18:00:00,0.68155
2022-01-17 19:00:00,0.68135
2022-01-17 20:00:00,0.6812999999999999
2022-01-17 21:00:00,0.6814
2022-01-17 23:00:00,0.6814
2022-01-18 00:00:00,0.6820499999999999
2022-01-18 01:00:00,0.68245
2022-01-18 02:00:00,0.6822499999999999
2022-01-18 03:00:00,0.6788
2022-01-18 04:00:00,0.6797
2022-01-18 05:00:00,0.6792499999999999
2022-01-18 06:00:00,0.6801999999999999
2022-01-18 07:00:00,0.6800499999999999
2022-01-18 08:00:00,0.6790999999999999
2022-01-18 09:00:00,0.6789999999999999
2022-01-18 10:00:00,0.67885
2022-01-18 11:00:00,0.6792999999999999
2022-01-18 12:00:00,0.6792999999999999
2022-01-18 13:00:00,0.67975
2022-01-18 14:00:00,0.6790999999999999
2022-01-18 15:00:00,0.6789499999999999
2022-01-18 16:00:00,0.6787
2022-01-18 17:00:00,0.67755
2022-01-18 18:00:00,0.6780999999999999
2022-01-18 19:00:00,0.6790499999999999
2022-01-18 20:00:00,0.6783999999999999
2022-01-18 21:00:00,0.67885
2022-01-18 23:00:00,0.67885
2022-01-19 00:00:00,0.6791499999999999
2022-01-19 01:00:00,0.6789499999999999
2022-01-19 02:00:00,0.67965
2022-01-19 03:00:00,0.6799
2022-01-19 04:00:00,0.6800999999999999
2022-01-19 05:00:00,0.68065
2022-01-19 06:00:00,0.6807
2022-01-19 07:00:00,0.6796
2022-01-19 08:00:00,0.6802499999999999
2022-01-19 09:00:00,0.6810999999999999
2022-01-19 10:00:00,0.6816
2022-01-19 11:00:00,0.6809999999999999
2022-01-19 12:00:00,0.6807
2022-01-19 13:00:00,0.68175
2022-01-19 14:00:00,0.68255
2022-01-19 15:00:00,0.6809499999999999
2022-01-19 16:00:00,0.6809499999999999
2022-01-19 17:00:00,0.68135
2022-01-19 18:00:00,0.6812999999999999
2022-01-19 19:00:00,0.68165
2022-01-19 20:00:00,0.6807
2022-01-19 21:00:00,0.6801499999999999
2022-01-19 23:00:00,0.6798
2022-01-20 00:00:00,0.6799999999999999
2022-01-20 01:00:00,0.6792499999999999
2022-01-20 02:00:00,0.67875
2022-01-20 03:00:00,0.67855
2022-01-20 04:00:00,0.6785
2022-01-20 05:00:00,0.67785
2022-01-20 06:00:00,0.6779499999999999
2022-01-20 07:00:00,0.67875
2022-01-20 08:00:00,0.6791999999999999
2022-01-20 09:00:00,0.67935
2022-01-20 10:00:00,0.6796
2022-01-20 11:00:00,0.67935
2022-01-20 12:00:00,0.6792999999999999
2022-01-20 13:00:00,0.6812999999999999
2022-01-20 14:00:00,0.68165
2022-01-20 15:00:00,0.68195
2022-01-20 16:00:00,0.6811499999999999
2022-01-20 17:00:00,0.6805
2022-01-20 18:00:00,0.67985
2022-01-20 19:00:00,0.6791499999999999
2022-01-20 20:00:00,0.6771999999999999
2022-01-20 21:00:00,0.67765
2022-01-20 23:00:00,0.6768
2022-01-21 00:00:00,0.67545
2022-01-21 01:00:00,0.6749499999999999
2022-01-21 02:00:00,0.67565
2022-01-21 03:00:00,0.6749499999999999
2022-01-21 04:00:00,0.6748
2022-01-21 05:00:00,0.6751499999999999
2022-01-21 06:00:00,0.6748
2022-01-21 07:00:00,0.67455
2022-01-21 08:00:00,0.67375
2022-01-21 09:00:00,0.6732499999999999
2022-01-21 10:00:00,0.67485
2022-01-21 11:00:00,0.6744
2022-01-21 12:00:00,0.6736
2022-01-21 13:00:00,0.6751999999999999
2022-01-21 14:00:00,0.67465
2022-01-21 15:00:00,0.67445
2022-01-21 16:00:00,0.67455
2022-01-21 17:00:00,0.6743
2022-01-21 18:00:00,0.6738999999999999
2022-01-21 19:00:00,0.6730499999999999
2022-01-21 20:00:00,0.6729999999999999
2022-01-21 21:00:00,0.6731499999999999
2022-01-23 23:00:00,0.6738999999999999
2022-01-24 00:00:00,0.6729499999999999
2022-01-24 01:00:00,0.67345
2022-01-24 02:00:00,0.67385
2022-01-24 03:00:00,0.6735
2022-01-24 04:00:00,0.6737
2022-01-24 05:00:00,0.6731499999999999
2022-01-24 06:00:00,0.67285
2022-01-24 07:00:00,0.6730999999999999
2022-01-24 08:00:00,0.67185
2022-01-24 09:00:00,0.67235
2022-01-24 10:00:00,0.6709499999999999
2022-01-24 11:00:00,0.67075
2022-01-24 12:00:00,0.6705
2022-01-24 13:00:00,0.66965
2022-01-24 14:00:00,0.6695
2022-01-24 15:00:00,0.66925
2022-01-24 16:00:00,0.66875
2022-01-24 17:00:00,0.6689999999999999
2022-01-24 18:00:00,0.6703
2022-01-24 19:00:00,0.67035
2022-01-24 20:00:00,0.6715
2022-01-24 21:00:00,0.6718
2022-01-24 23:00:00,0.6721499999999999
2022-01-25 00:00:00,0.6710999999999999
2022-01-25 01:00:00,0.6711499999999999
2022-01-25 02:00:00,0.6703999999999999
2022-01-25 03:00:00,0.66985
2022-01-25 04:00:00,0.6689999999999999
2022-01-25 05:00:00,0.66975
2022-01-25 06:00:00,0.6694
2022-01-25 07:00:00,0.66985
2022-01-25 08:00:00,0.6691499999999999
2022-01-25 09:00:00,0.66985
2022-01-25 10:00:00,0.66955
2022-01-25 11:00:00,0.66865
2022-01-25 12:00:00,0.66825
2022-01-25 13:00:00,0.66835
2022-01-25 14:00:00,0.66825
2022-01-25 15:00:00,0.6690499999999999
2022-01-25 16:00:00,0.6688
2022-01-25 17:00:00,0.66965
2022-01-25 18:00:00,0.6707
2022-01-25 19:00:00,0.67175
2022-01-25 20:00:00,0.6707
2022-01-25 21:00:00,0.6701999999999999
2022-01-25 23:00:00,0.6708
2022-01-26 00:00:00,0.6699499999999999
2022-01-26 01:00:00,0.6705
2022-01-26 02:00:00,0.6698999999999999
2022-01-26 03:00:00,0.6700499999999999
2022-01-26 04:00:00,0.67035
2022-01-26 05:00:00,0.6707
2022-01-26 06:00:00,0.6700499999999999
2022-01-26 07:00:00,0.67025
2022-01-26 08:00:00,0.67045
2022-01-26 09:00:00,0.6708
2022-01-26 10:00:00,0.6712499999999999
2022-01-26 11:00:00,0.6710999999999999
2022-01-26 12:00:00,0.6707
2022-01-26 13:00:00,0.67055
2022-01-26 14:00:00,0.67075
2022-01-26 15:00:00,0.6703999999999999
2022-01-26 16:00:00,0.67065
2022-01-26 17:00:00,0.6709499999999999
2022-01-26 18:00:00,0.67035
2022-01-26 19:00:00,0.6681999999999999
2022-01-26 20:00:00,0.6671499999999999
2022-01-26 21:00:00,0.6671999999999999
2022-01-26 23:00:00,0.6679499999999999
2022-01-27 00:00:00,0.66575
2022-01-27 01:00:00,0.66435
2022-01-27 02:00:00,0.6639999999999999
2022-01-27 03:00:00,0.6629499999999999
2022-01-27 04:00:00,0.66245
2022-01-27 05:00:00,0.6624
2022-01-27 06:00:00,0.6618499999999999
2022-01-27 07:00:00,0.6620499999999999
2022-01-27 08:00:00,0.66365
2022-01-27 09:00:00,0.6643
2022-01-27 10:00:00,0.6633
2022-01-27 11:00:00,0.66335
2022-01-27 12:00:00,0.66325
2022-01-27 13:00:00,0.66325
2022-01-27 14:00:00,0.6638499999999999
2022-01-27 15:00:00,0.6614
2022-01-27 16:00:00,0.6607
2022-01-27 17:00:00,0.6600499999999999
2022-01-27 18:00:00,0.6603
2022-01-27 19:00:00,0.6590999999999999
2022-01-27 20:00:00,0.6595
2022-01-27 21:00:00,0.66025
2022-01-27 23:00:00,0.6602
2022-01-28 00:00:00,0.6594
2022-01-28 01:00:00,0.6599499999999999
2022-01-28 02:00:00,0.6600999999999999
2022-01-28 03:00:00,0.6593
2022-01-28 04:00:00,0.65955
2022-01-28 05:00:00,0.66035
2022-01-28 06:00:00,0.6597999999999999
2022-01-28 07:00:00,0.65835
2022-01-28 08:00:00,0.6579499999999999
2022-01-28 09:00:00,0.6576
2022-01-28 10:00:00,0.65655
2022-01-28 11:00:00,0.6560499999999999
2022-01-28 12:00:00,0.65525
2022-01-28 13:00:00,0.65815
2022-01-28 14:00:00,0.6573
2022-01-28 15:00:00,0.6577
2022-01-28 16:00:00,0.6573
2022-01-28 17:00:00,0.65635
2022-01-28 18:00:00,0.65615
2022-01-28 19:00:00,0.65515
2022-01-28 20:00:00,0.65645
2022-01-28 21:00:00,0.6560999999999999
2022-01-30 23:00:00,0.6569499999999999
2022-01-31 00:00:00,0.65615
2022-01-31 01:00:00,0.65765
2022-01-31 02:00:00,0.6580499999999999
2022-01-31 03:00:00,0.6582
2022-01-31 04:00:00,0.6580499999999999
2022-01-31 05:00:00,0.6587999999999999
2022-01-31 06:00:00,0.6594
2022-01-31 07:00:00,0.65955
2022-01-31 08:00:00,0.6597
2022-01-31 09:00:00,0.6598499999999999
2022-01-31 10:00:00,0.65925
2022-01-31 11:00:00,0.65935
2022-01-31 12:00:00,0.6591499999999999
2022-01-31 13:00:00,0.6608499999999999
2022-01-31 14:00:00,0.6607999999999999
2022-01-31 15:00:00,0.65925
2022-01-31 16:00:00,0.6597
2022-01-31 17:00:00,0.65935
2022-01-31 18:00:00,0.65975
2022-01-31 19:00:00,0.66065
2022-01-31 20:00:00,0.6598999999999999
2022-01-31 21:00:00,0.65945
2022-01-31 23:00:00,0.6597
2022-02-01 00:00:00,0.6588999999999999
2022-02-01 01:00:00,0.6590999999999999
2022-02-01 02:00:00,0.6598999999999999
2022-02-01 03:00:00,0.6596
2022-02-01 04:00:00,0.6607999999999999
2022-02-01 05:00:00,0.6609499999999999
2022-02-01 06:00:00,0.66025
2022-02-01 07:00:00,0.6620499999999999
2022-02-01 08:00:00,0.6621499999999999
2022-02-01 09:00:00,0.66145
2022-02-01 10:00:00,0.6617999999999999
2022-02-01 11:00:00,0.6629999999999999
2022-02-01 12:00:00,0.66265
2022-02-01 13:00:00,0.66375
2022-02-01 14:00:00,0.6632
2022-02-01 15:00:00,0.6640499999999999
2022-02-01 16:00:00,0.6639999999999999
2022-02-01 17:00:00,0.6650499999999999
2022-02-01 18:00:00,0.66525
2022-02-01 19:00:00,0.6657
2022-02-01 20:00:00,0.6664
2022-02-01 21:00:00,0.6658499999999999
2022-02-01 23:00:00,0.6655
2022-02-02 00:00:00,0.6666
2022-02-02 01:00:00,0.66635
2022-02-02 02:00:00,0.66625
2022-02-02 03:00:00,0.6651499999999999
2022-02-02 04:00:00,0.6650999999999999
2022-02-02 05:00:00,0.6655
2022-02-02 06:00:00,0.6651999999999999
2022-02-02 07:00:00,0.66545
2022-02-02 08:00:00,0.66525
2022-02-02 09:00:00,0.6660999999999999
2022-02-02 10:00:00,0.66645
2022-02-02 11:00:00,0.6661999999999999
2022-02-02 12:00:00,0.6673
2022-02-02 13:00:00,0.6661499999999999
2022-02-02 14:00:00,0.66545
2022-02-02 15:00:00,0.6653999999999999
2022-02-02 16:00:00,0.6646
2022-02-02 17:00:00,0.6657
2022-02-02 18:00:00,0.6656
2022-02-02 19:00:00,0.6657
2022-02-02 20:00:00,0.66545
2022-02-02 21:00:00,0.6651999999999999
2022-02-02 23:00:00,0.6630499999999999
2022-02-03 00:00:00,0.6638
2022-02-03 01:00:00,0.6648499999999999
2022-02-03 02:00:00,0.6650499999999999
2022-02-03 03:00:00,0.6651499999999999
2022-02-03 04:00:00,0.6639999999999999
2022-02-03 05:00:00,0.66435
2022-02-03 06:00:00,0.6638999999999999
2022-02-03 07:00:00,0.6648999999999999
2022-02-03 08:00:00,0.66575
2022-02-03 09:00:00,0.66545
2022-02-03 10:00:00,0.6653
2022-02-03 11:00:00,0.6651499999999999
2022-02-03 12:00:00,0.6667
2022-02-03 13:00:00,0.6676
2022-02-03 14:00:00,0.6680999999999999
2022-02-03 15:00:00,0.6691999999999999
2022-02-03 16:00:00,0.6681999999999999
2022-02-03 17:00:00,0.66845
2022-02-03 18:00:00,0.6681999999999999
2022-02-03 19:00:00,0.66765
2022-02-03 20:00:00,0.66775
2022-02-03 21:00:00,0.66835
2022-02-03 23:00:00,0.66855
2022-02-04 00:00:00,0.6691999999999999
2022-02-04 01:00:00,0.66845
2022-02-04 02:00:00,0.66955
2022-02-04 03:00:00,0.6696
2022-02-04 04:00:00,0.6698999999999999
2022-02-04 05:00:00,0.66925
2022-02-04 06:00:00,0.6687
2022-02-04 07:00:00,0.66755
2022-02-04 08:00:00,0.6664
2022-02-04 09:00:00,0.6666
2022-02-04 10:00:00,0.6650499999999999
2022-02-04 11:00:00,0.66475
2022-02-04 12:00:00,0.6649499999999999
2022-02-04 13:00:00,0.6617
2022-02-04 14:00:00,0.6617999999999999
2022-02-04 15:00:00,0.6613
2022-02-04 16:00:00,0.6621499999999999
2022-02-04 17:00:00,0.66235
2022-02-04 18:00:00,0.6628499999999999
2022-02-04 19:00:00,0.6629999999999999
2022-02-04 20:00:00,0.6629499999999999
2022-02-04 21:00:00,0.6633
2022-02-06 23:00:00,0.6638
2022-02-07 00:00:00,0.6628499999999999
2022-02-07 01:00:00,0.6633999999999999
2022-02-07 02:00:00,0.66255
2022-02-07 03:00:00,0.6629499999999999
2022-02-07 04:00:00,0.6642
2022-02-07 05:00:00,0.6639499999999999
2022-02-07 06:00:00,0.6644
2022-02-07 07:00:00,0.66565
2022-02-07 08:00:00,0.6651499999999999
2022-02-07 09:00:00,0.6641499999999999
2022-02-07 10:00:00,0.66255
2022-02-07 11:00:00,0.6637
2022-02-07 12:00:00,0.66425
2022-02-07 13:00:00,0.6640499999999999
2022-02-07 14:00:00,0.6649499999999999
2022-02-07 15:00:00,0.6648499999999999
2022-02-07 16:00:00,0.6639499999999999
2022-02-07 17:00:00,0.6638499999999999
2022-02-07 18:00:00,0.6644
2022-02-07 19:00:00,0.6659999999999999
2022-02-07 20:00:00,0.6650999999999999
2022-02-07 21:00:00,0.66535
2022-02-07 23:00:00,0.66565
2022-02-08 00:00:00,0.6661999999999999
2022-02-08 01:00:00,0.6661999999999999
2022-02-08 02:00:00,0.6661999999999999
2022-02-08 03:00:00,0.66655
2022-02-08 04:00:00,0.6660499999999999
2022-02-08 05:00:00,0.6653999999999999
2022-02-08 06:00:00,0.6660499999999999
2022-02-08 07:00:00,0.6651999999999999
2022-02-08 08:00:00,0.6660999999999999
2022-02-08 09:00:00,0.6667
2022-02-08 10:00:00,0.6660499999999999
2022-02-08 11:00:00,0.6657
2022-02-08 12:00:00,0.6650499999999999
2022-02-08 13:00:00,0.6657
2022-02-08 14:00:00,0.6657
2022-02-08 15:00:00,0.6655
2022-02-08 16:00:00,0.6659499999999999
2022-02-08 17:00:00,0.6659999999999999
2022-02-08 18:00:00,0.66635
2022-02-08 19:00:00,0.6656
2022-02-08 20:00:00,0.6666
2022-02-08 21:00:00,0.6668
2022-02-08 23:00:00,0.6668499999999999
2022-02-09 00:00:00,0.66635
2022-02-09 01:00:00,0.6670499999999999
2022-02-09 02:00:00,0.6669999999999999
2022-02-09 03:00:00,0.66775
2022-02-09 04:00:00,0.6681499999999999
2022-02-09 05:00:00,0.6676
2022-02-09 06:00:00,0.6674
2022-02-09 07:00:00,0.6675
2022-02-09 08:00:00,0.6679999999999999
2022-02-09 09:00:00,0.66855
2022-02-09 10:00:00,0.6703999999999999
2022-02-09 11:00:00,0.67065
2022-02-09 12:00:00,0.6705
2022-02-09 13:00:00,0.6706
2022-02-09 14:00:00,0.6708
2022-02-09 15:00:00,0.6707
2022-02-09 16:00:00,0.6707
2022-02-09 17:00:00,0.6713
2022-02-09 18:00:00,0.6711999999999999
2022-02-09 19:00:00,0.6708999999999999
2022-02-09 20:00:00,0.67045
2022-02-09 21:00:00,0.6700499999999999
2022-02-09 23:00:00,0.6698999999999999
2022-02-10 00:00:00,0.6701999999999999
2022-02-10 01:00:00,0.66955
2022-02-10 02:00:00,0.6703999999999999
2022-02-10 03:00:00,0.6700499999999999
2022-02-10 04:00:00,0.6700499999999999
2022-02-10 05:00:00,0.67025
2022-02-10 06:00:00,0.6703999999999999
2022-02-10 07:00:00,0.67145
2022-02-10 08:00:00,0.6707
2022-02-10 09:00:00,0.6709999999999999
2022-02-10 10:00:00,0.6724
2022-02-10 11:00:00,0.6718999999999999
2022-02-10 12:00:00,0.6721499999999999
2022-02-10 13:00:00,0.6683999999999999
2022-02-10 14:00:00,0.67135
2022-02-10 15:00:00,0.6740999999999999
2022-02-10 16:00:00,0.6750999999999999
2022-02-10 17:00:00,0.67235
2022-02-10 18:00:00,0.6710499999999999
2022-02-10 19:00:00,0.66925
2022-02-10 20:00:00,0.6691999999999999
2022-02-10 21:00:00,0.6696
2022-02-10 23:00:00,0.66865
2022-02-11 00:00:00,0.6678
2022-02-11 01:00:00,0.6683999999999999
2022-02-11 02:00:00,0.6677
2022-02-11 03:00:00,0.6671999999999999
2022-02-11 04:00:00,0.6656
2022-02-11 05:00:00,0.66535
2022-02-11 06:00:00,0.66545
2022-02-11 07:00:00,0.66645
2022-02-11 08:00:00,0.66735
2022-02-11 09:00:00,0.6669499999999999
2022-02-11 10:00:00,0.6674
2022-02-11 11:00:00,0.6676
2022-02-11 12:00:00,0.6690999999999999
2022-02-11 13:00:00,0.66955
2022-02-11 14:00:00,0.6701499999999999
2022-02-11 15:00:00,0.67055
2022-02-11 16:00:00,0.6703
2022-02-11 17:00:00,0.6699499999999999
2022-02-11 18:00:00,0.6678999999999999
2022-02-11 19:00:00,0.66545
2022-02-11 20:00:00,0.6663
2022-02-11 21:00:00,0.66855
2022-02-13 23:00:00,0.66675
2022-02-14 00:00:00,0.66635
2022-02-14 01:00:00,0.66465
2022-02-14 02:00:00,0.6638499999999999
2022-02-14 03:00:00,0.6640499999999999
2022-02-14 04:00:00,0.6640999999999999
2022-02-14 05:00:00,0.6648999999999999
2022-02-14 06:00:00,0.66475
2022-02-14 07:00:00,0.6649499999999999
2022-02-14 08:00:00,0.6616
2022-02-14 09:00:00,0.6627
2022-02-14 10:00:00,0.66255
2022-02-14 11:00:00,0.6617999999999999
2022-02-14 12:00:00,0.6638499999999999
2022-02-14 13:00:00,0.6624
2022-02-14 14:00:00,0.6638999999999999
2022-02-14 15:00:00,0.66275
2022-02-14 16:00:00,0.6633999999999999
2022-02-14 17:00:00,0.6644
2022-02-14 18:00:00,0.6630999999999999
2022-02-14 19:00:00,0.6632
2022-02-14 20:00:00,0.6631499999999999
2022-02-14 21:00:00,0.6638
2022-02-14 23:00:00,0.6638
2022-02-15 00:00:00,0.6642
2022-02-15 01:00:00,0.66375
2022-02-15 02:00:00,0.6648499999999999
2022-02-15 03:00:00,0.66465
2022-02-15 04:00:00,0.6645
2022-02-15 05:00:00,0.6630999999999999
2022-02-15 06:00:00,0.6640499999999999
2022-02-15 07:00:00,0.6648
2022-02-15 08:00:00,0.6663
2022-02-15 09:00:00,0.6649999999999999
2022-02-15 10:00:00,0.66435
2022-02-15 11:00:00,0.6637
2022-02-15 12:00:00,0.6638499999999999
2022-02-15 13:00:00,0.66465
2022-02-15 14:00:00,0.66225
2022-02-15 15:00:00,0.6649999999999999
2022-02-15 16:00:00,0.6660999999999999
2022-02-15 17:00:00,0.66535
2022-02-15 18:00:00,0.66565
2022-02-15 19:00:00,0.6658999999999999
2022-02-15 20:00:00,0.66575
2022-02-15 21:00:00,0.6660499999999999
2022-02-15 23:00:00,0.6659499999999999
2022-02-16 00:00:00,0.6659999999999999
2022-02-16 01:00:00,0.6658
2022-02-16 02:00:00,0.6658
2022-02-16 03:00:00,0.6656
2022-02-16 04:00:00,0.6660499999999999
2022-02-16 05:00:00,0.66655
2022-02-16 06:00:00,0.6669499999999999
2022-02-16 07:00:00,0.6670499999999999
2022-02-16 08:00:00,0.66765
2022-02-16 09:00:00,0.6671499999999999
2022-02-16 10:00:00,0.66655
2022-02-16 11:00:00,0.6670499999999999
2022-02-16 12:00:00,0.66665
2022-02-16 13:00:00,0.6661499999999999
2022-02-16 14:00:00,0.6678
2022-02-16 15:00:00,0.6677
2022-02-16 16:00:00,0.6689999999999999
2022-02-16 17:00:00,0.6694
2022-02-16 18:00:00,0.6694
2022-02-16 19:00:00,0.67085
2022-02-16 20:00:00,0.67065
2022-02-16 21:00:00,0.6700499999999999
2022-02-16 23:00:00,0.6700999999999999
2022-02-17 00:00:00,0.6711499999999999
2022-02-17 01:00:00,0.6719999999999999
2022-02-17 02:00:00,0.6719999999999999
2022-02-17 03:00:00,0.6690499999999999
2022-02-17 04:00:00,0.66945
2022-02-17 05:00:00,0.67065
2022-02-17 06:00:00,0.6710499999999999
2022-02-17 07:00:00,0.6720499999999999
2022-02-17 08:00:00,0.67185
2022-02-17 09:00:00,0.6719999999999999
2022-02-17 10:00:00,0.6733
2022-02-17 11:00:00,0.6728999999999999
2022-02-17 12:00:00,0.6733999999999999
2022-02-17 13:00:00,0.6726
2022-02-17 14:00:00,0.6724
2022-02-17 15:00:00,0.6725
2022-02-17 16:00:00,0.6718999999999999
2022-02-17 17:00:00,0.67185
2022-02-17 18:00:00,0.67245
2022-02-17 19:00:00,0.6716
2022-02-17 20:00:00,0.6714
2022-02-17 21:00:00,0.6708999999999999
2022-02-17 23:00:00,0.6709999999999999
2022-02-18 00:00:00,0.6709999999999999
2022-02-18 01:00:00,0.6720999999999999
2022-02-18 02:00:00,0.67285
2022-02-18 03:00:00,0.6730999999999999
2022-02-18 04:00:00,0.6730999999999999
2022-02-18 05:00:00,0.6731499999999999
2022-02-18 06:00:00,0.6733999999999999
2022-02-18 07:00:00,0.6738
2022-02-18 08:00:00,0.67465
2022-02-18 09:00:00,0.6741999999999999
2022-02-18 10:00:00,0.6735
2022-02-18 11:00:00,0.6731499999999999
2022-02-18 12:00:00,0.6741499999999999
2022-02-18 13:00:00,0.67355
2022-02-18 14:00:00,0.6736
2022-02-18 15:00:00,0.6717
2022-02-18 16:00:00,0.67135
2022-02-18 17:00:00,0.6709999999999999
2022-02-18 18:00:00,0.6719499999999999
2022-02-18 19:00:00,0.6719999999999999
2022-02-18 20:00:00,0.67145
2022-02-18 21:00:00,0.67145
2022-02-20 23:00:00,0.6709499999999999
2022-02-21 00:00:00,0.6718999999999999
2022-02-21 01:00:00,0.6728999999999999
2022-02-21 02:00:00,0.6733999999999999
2022-02-21 03:00:00,0.6738999999999999
2022-02-21 04:00:00,0.6740499999999999
2022-02-21 05:00:00,0.6741499999999999
2022-02-21 06:00:00,0.67445
2022-02-21 07:00:00,0.6739999999999999
2022-02-21 08:00:00,0.67445
2022-02-21 09:00:00,0.67455
2022-02-21 10:00:00,0.6743
2022-02-21 11:00:00,0.6735
2022-02-21 12:00:00,0.6742499999999999
2022-02-21 13:00:00,0.6739499999999999
2022-02-21 14:00:00,0.6741499999999999
2022-02-21 15:00:00,0.67435
2022-02-21 16:00:00,0.6747
2022-02-21 17:00:00,0.67375
2022-02-21 18:00:00,0.67265
2022-02-21 19:00:00,0.67255
2022-02-21 20:00:00,0.67235
2022-02-21 21:00:00,0.6720499999999999
2022-02-21 23:00:00,0.6716
2022-02-22 00:00:00,0.67265
2022-02-22 01:00:00,0.6724
2022-02-22 02:00:00,0.6725
2022-02-22 03:00:00,0.6724
2022-02-22 04:00:00,0.6730499999999999
2022-02-22 05:00:00,0.6739999999999999
2022-02-22 06:00:00,0.6733
2022-02-22 07:00:00,0.6729499999999999
2022-02-22 08:00:00,0.6737
2022-02-22 09:00:00,0.6733999999999999
2022-02-22 10:00:00,0.6755
2022-02-22 11:00:00,0.67645
2022-02-22 12:00:00,0.6757
2022-02-22 13:00:00,0.6761499999999999
2022-02-22 14:00:00,0.6756
2022-02-22 15:00:00,0.6763
2022-02-22 16:00:00,0.6770499999999999
2022-02-22 17:00:00,0.6763
2022-02-22 18:00:00,0.6755
2022-02-22 19:00:00,0.6759999999999999
2022-02-22 20:00:00,0.67565
2022-02-22 21:00:00,0.6753999999999999
2022-02-22 23:00:00,0.6761999999999999
2022-02-23 00:00:00,0.6761499999999999
2022-02-23 01:00:00,0.6790999999999999
2022-02-23 02:00:00,0.67835
2022-02-23 03:00:00,0.67835
2022-02-23 04:00:00,0.6787
2022-02-23 05:00:00,0.67855
2022-02-23 06:00:00,0.6789999999999999
2022-02-23 07:00:00,0.67975
2022-02-23 08:00:00,0.6810999999999999
2022-02-23 09:00:00,0.6819
2022-02-23 10:00:00,0.6812499999999999
2022-02-23 11:00:00,0.68035
2022-02-23 12:00:00,0.68165
2022-02-23 13:00:00,0.6830499999999999
2022-02-23 14:00:00,0.6812499999999999
2022-02-23 15:00:00,0.67975
2022-02-23 16:00:00,0.6802499999999999
2022-02-23 17:00:00,0.6801999999999999
2022-02-23 18:00:00,0.67975
2022-02-23 19:00:00,0.6790999999999999
2022-02-23 20:00:00,0.6789999999999999
2022-02-23 21:00:00,0.67935
2022-02-23 23:00:00,0.6791499999999999
2022-02-24 00:00:00,0.6770999999999999
2022-02-24 01:00:00,0.6772499999999999
2022-02-24 02:00:00,0.6759999999999999
2022-02-24 03:00:00,0.6741999999999999
2022-02-24 04:00:00,0.6755
2022-02-24 05:00:00,0.6749499999999999
2022-02-24 06:00:00,0.6745
2022-02-24 07:00:00,0.6737
2022-02-24 08:00:00,0.67485
2022-02-24 09:00:00,0.6727
2022-02-24 10:00:00,0.6719499999999999
2022-02-24 11:00:00,0.6720499999999999
2022-02-24 12:00:00,0.67155
2022-02-24 13:00:00,0.6701999999999999
2022-02-24 14:00:00,0.66935
2022-02-24 15:00:00,0.66545
2022-02-24 16:00:00,0.6671499999999999
2022-02-24 17:00:00,0.6680999999999999
2022-02-24 18:00:00,0.6699999999999999
2022-02-24 19:00:00,0.67075
2022-02-24 20:00:00,0.6729999999999999
2022-02-24 21:00:00,0.67165
2022-02-24 23:00:00,0.6709999999999999
2022-02-25 00:00:00,0.6716
2022-02-25 01:00:00,0.6719999999999999
2022-02-25 02:00:00,0.6721999999999999
2022-02-25 03:00:00,0.6728999999999999
2022-02-25 04:00:00,0.67385
2022-02-25 05:00:00,0.6741999999999999
2022-02-25 06:00:00,0.6735
2022-02-25 07:00:00,0.6737
2022-02-25 08:00:00,0.6723
2022-02-25 09:00:00,0.6729499999999999
2022-02-25 10:00:00,0.67365
2022-02-25 11:00:00,0.6739499999999999
2022-02-25 12:00:00,0.67565
2022-02-25 13:00:00,0.6767
2022-02-25 14:00:00,0.6751499999999999
2022-02-25 15:00:00,0.6761499999999999
2022-02-25 16:00:00,0.6760499999999999
2022-02-25 17:00:00,0.67485
2022-02-25 18:00:00,0.6758
2022-02-25 19:00:00,0.6770999999999999
2022-02-25 20:00:00,0.6770999999999999
2022-02-25 21:00:00,0.6765
2022-02-27 23:00:00,0.67145
2022-02-28 00:00:00,0.6711499999999999
2022-02-28 01:00:00,0.6706
2022-02-28 02:00:00,0.6706
2022-02-28 03:00:00,0.6700999999999999
2022-02-28 04:00:00,0.6705
2022-02-28 05:00:00,0.67135
2022-02-28 06:00:00,0.6718
2022-02-28 07:00:00,0.67365
2022-02-28 08:00:00,0.6729499999999999
2022-02-28 09:00:00,0.6738
2022-02-28 10:00:00,0.6761499999999999
2022-02-28 11:00:00,0.67545
2022-02-28 12:00:00,0.67555
2022-02-28 13:00:00,0.6759
2022-02-28 14:00:00,0.67755
2022-02-28 15:00:00,0.6790999999999999
2022-02-28 16:00:00,0.67955
2022-02-28 17:00:00,0.6781999999999999
2022-02-28 18:00:00,0.67865
2022-02-28 19:00:00,0.6788
2022-02-28 20:00:00,0.67885
2022-02-28 21:00:00,0.6799
2022-02-28 23:00:00,0.67885
2022-03-01 00:00:00,0.6783999999999999
2022-03-01 01:00:00,0.6783999999999999
2022-03-01 02:00:00,0.67835
2022-03-01 03:00:00,0.67755
2022-03-01 04:00:00,0.6781999999999999
2022-03-01 05:00:00,0.67875
2022-03-01 06:00:00,0.6798
2022-03-01 07:00:00,0.6805
2022-03-01 08:00:00,0.6811999999999999
2022-03-01 09:00:00,0.6795
2022-03-01 10:00:00,0.6792499999999999
2022-03-01 11:00:00,0.6797
2022-03-01 12:00:00,0.6791499999999999
2022-03-01 13:00:00,0.67975
2022-03-01 14:00:00,0.6797
2022-03-01 15:00:00,0.6791999999999999
2022-03-01 16:00:00,0.67775
2022-03-01 17:00:00,0.6783999999999999
2022-03-01 18:00:00,0.6780999999999999
2022-03-01 19:00:00,0.6770499999999999
2022-03-01 20:00:00,0.6778
2022-03-01 21:00:00,0.6780499999999999
2022-03-01 23:00:00,0.6789499999999999
2022-03-02 00:00:00,0.67875
2022-03-02 01:00:00,0.67945
2022-03-02 02:00:00,0.6801999999999999
2022-03-02 03:00:00,0.67965
2022-03-02 04:00:00,0.67945
2022-03-02 05:00:00,0.6794
2022-03-02 06:00:00,0.67845
2022-03-02 07:00:00,0.6782499999999999
2022-03-02 08:00:00,0.6781499999999999
2022-03-02 09:00:00,0.67845
2022-03-02 10:00:00,0.67835
2022-03-02 11:00:00,0.6791499999999999
2022-03-02 12:00:00,0.67975
2022-03-02 13:00:00,0.67945
2022-03-02 14:00:00,0.6797
2022-03-02 15:00:00,0.6769999999999999
2022-03-02 16:00:00,0.6800999999999999
2022-03-02 17:00:00,0.6802499999999999
2022-03-02 18:00:00,0.6817
2022-03-02 19:00:00,0.68065
2022-03-02 20:00:00,0.6817
2022-03-02 21:00:00,0.6811999999999999
2022-03-02 23:00:00,0.68045
2022-03-03 00:00:00,0.6799999999999999
2022-03-03 01:00:00,0.6794
2022-03-03 02:00:00,0.67965
2022-03-03 03:00:00,0.6794
2022-03-03 04:00:00,0.6800999999999999
2022-03-03 05:00:00,0.68045
2022-03-03 06:00:00,0.6810999999999999
2022-03-03 07:00:00,0.6808
2022-03-03 08:00:00,0.6808
2022-03-03 09:00:00,0.67985
2022-03-03 10:00:00,0.6801499999999999
2022-03-03 11:00:00,0.6799
2022-03-03 12:00:00,0.68045
2022-03-03 13:00:00,0.6811499999999999
2022-03-03 14:00:00,0.6825
2022-03-03 15:00:00,0.6810999999999999
2022-03-03 16:00:00,0.6809499999999999
2022-03-03 17:00:00,0.6810499999999999
2022-03-03 18:00:00,0.68245
2022-03-03 19:00:00,0.6824
2022-03-03 20:00:00,0.6820999999999999
2022-03-03 21:00:00,0.6821499999999999
2022-03-03 23:00:00,0.6832499999999999
2022-03-04 00:00:00,0.6796
2022-03-04 01:00:00,0.6821999999999999
2022-03-04 02:00:00,0.6824
2022-03-04 03:00:00,0.6829
2022-03-04 04:00:00,0.6845
2022-03-04 05:00:00,0.6841999999999999
2022-03-04 06:00:00,0.6839
2022-03-04 07:00:00,0.68465
2022-03-04 08:00:00,0.6861999999999999
2022-03-04 09:00:00,0.6851999999999999
2022-03-04 10:00:00,0.68645
2022-03-04 11:00:00,0.68595
2022-03-04 12:00:00,0.6846
2022-03-04 13:00:00,0.68465
2022-03-04 14:00:00,0.6850499999999999
2022-03-04 15:00:00,0.6860499999999999
2022-03-04 16:00:00,0.6871499999999999
2022-03-04 17:00:00,0.6883999999999999
2022-03-04 18:00:00,0.6889
2022-03-04 19:00:00,0.6890999999999999
2022-03-04 20:00:00,0.6891499999999999
2022-03-04 21:00:00,0.6885
2022-03-06 23:00:00,0.6897
2022-03-07 00:00:00,0.6909
2022-03-07 01:00:00,0.6943499999999999
2022-03-07 02:00:00,0.69185
2022-03-07 03:00:00,0.6916
2022-03-07 04:00:00,0.6926
2022-03-07 05:00:00,0.6921499999999999
2022-03-07 06:00:00,0.6931499999999999
2022-03-07 07:00:00,0.692
2022-03-07 08:00:00,0.69165
2022-03-07 09:00:00,0.6907
2022-03-07 10:00:00,0.69
2022-03-07 11:00:00,0.6913499999999999
2022-03-07 12:00:00,0.6900499999999999
2022-03-07 13:00:00,0.68865
2022-03-07 14:00:00,0.6865
2022-03-07 15:00:00,0.6851999999999999
2022-03-07 16:00:00,0.68485
2022-03-07 17:00:00,0.6850499999999999
2022-03-07 18:00:00,0.6850999999999999
2022-03-07 19:00:00,0.68455
2022-03-07 20:00:00,0.6847
2022-03-07 21:00:00,0.68465
2022-03-07 23:00:00,0.6859999999999999
2022-03-08 00:00:00,0.6862999999999999
2022-03-08 01:00:00,0.68655
2022-03-08 02:00:00,0.6847
2022-03-08 03:00:00,0.68555
2022-03-08 04:00:00,0.6840999999999999
2022-03-08 05:00:00,0.6829999999999999
2022-03-08 06:00:00,0.6830499999999999
2022-03-08 07:00:00,0.68385
2022-03-08 08:00:00,0.6840499999999999
2022-03-08 09:00:00,0.6856
2022-03-08 10:00:00,0.6860499999999999
2022-03-08 11:00:00,0.6866
2022-03-08 12:00:00,0.6851999999999999
2022-03-08 13:00:00,0.68555
2022-03-08 14:00:00,0.68565
2022-03-08 15:00:00,0.6840999999999999
2022-03-08 16:00:00,0.68355
2022-03-08 17:00:00,0.6847
2022-03-08 18:00:00,0.6835
2022-03-08 19:00:00,0.6839999999999999
2022-03-08 20:00:00,0.68295
2022-03-08 21:00:00,0.6827
2022-03-08 23:00:00,0.6827
2022-03-09 00:00:00,0.6838
2022-03-09 01:00:00,0.6835499999999999
2022-03-09 02:00:00,0.68285
2022-03-09 03:00:00,0.68375
2022-03-09 04:00:00,0.68385
2022-03-09 05:00:00,0.6827
2022-03-09 06:00:00,0.6833499999999999
2022-03-09 07:00:00,0.6844499999999999
2022-03-09 08:00:00,0.6855499999999999
2022-03-09 09:00:00,0.6861499999999999
2022-03-09 10:00:00,0.68685
2022-03-09 11:00:00,0.6865499999999999
2022-03-09 12:00:00,0.68685
2022-03-09 13:00:00,0.68695
2022-03-09 14:00:00,0.6869999999999999
2022-03-09 15:00:00,0.6865499999999999
2022-03-09 16:00:00,0.6871499999999999
2022-03-09 17:00:00,0.6866499999999999
2022-03-09 18:00:00,0.6862499999999999
2022-03-09 19:00:00,0.6860499999999999
2022-03-09 20:00:00,0.6868
2022-03-09 21:00:00,0.6865499999999999
2022-03-09 23:00:00,0.68585
2022-03-10 00:00:00,0.6852999999999999
2022-03-10 01:00:00,0.6839
2022-03-10 02:00:00,0.6849
2022-03-10 03:00:00,0.68585
2022-03-10 04:00:00,0.68565
2022-03-10 05:00:00,0.68575
2022-03-10 06:00:00,0.6864499999999999
2022-03-10 07:00:00,0.6872499999999999
2022-03-10 08:00:00,0.68685
2022-03-10 09:00:00,0.6875999999999999
2022-03-10 10:00:00,0.6877
2022-03-10 11:00:00,0.6871999999999999
2022-03-10 12:00:00,0.6875499999999999
2022-03-10 13:00:00,0.6880499999999999
2022-03-10 14:00:00,0.68765
2022-03-10 15:00:00,0.6893499999999999
2022-03-10 16:00:00,0.6890499999999999
2022-03-10 17:00:00,0.6885499999999999
2022-03-10 18:00:00,0.6892499999999999
2022-03-10 19:00:00,0.6895499999999999
2022-03-10 20:00:00,0.689
2022-03-10 21:00:00,0.68875
2022-03-10 23:00:00,0.6898
2022-03-11 00:00:00,0.6884499999999999
2022-03-11 01:00:00,0.68775
2022-03-11 02:00:00,0.6875499999999999
2022-03-11 03:00:00,0.68775
2022-03-11 04:00:00,0.6869
2022-03-11 05:00:00,0.68675
2022-03-11 06:00:00,0.6877
2022-03-11 07:00:00,0.6874499999999999
2022-03-11 08:00:00,0.6864499999999999
2022-03-11 09:00:00,0.6864499999999999
2022-03-11 10:00:00,0.6862499999999999
2022-03-11 11:00:00,0.6874999999999999
2022-03-11 12:00:00,0.68695
2022-03-11 13:00:00,0.68695
2022-03-11 14:00:00,0.6865999999999999
2022-03-11 15:00:00,0.6863999999999999
2022-03-11 16:00:00,0.6841499999999999
2022-03-11 17:00:00,0.6837
2022-03-11 18:00:00,0.6839
2022-03-11 19:00:00,0.6827
2022-03-11 20:00:00,0.6823499999999999
2022-03-11 21:00:00,0.6830499999999999
2022-03-13 22:00:00,0.68265
2022-03-13 23:00:00,0.6836
2022-03-14 00:00:00,0.6827
2022-03-14 01:00:00,0.6815499999999999
2022-03-14 02:00:00,0.6805499999999999
2022-03-14 03:00:00,0.6809999999999999
2022-03-14 04:00:00,0.68175
2022-03-14 05:00:00,0.6810999999999999
2022-03-14 06:00:00,0.6802499999999999
2022-03-14 07:00:00,0.68065
2022-03-14 08:00:00,0.68175
2022-03-14 09:00:00,0.6824499999999999
2022-03-14 10:00:00,0.68185
2022-03-14 11:00:00,0.6812499999999999
2022-03-14 12:00:00,0.6826
2022-03-14 13:00:00,0.6809999999999999
2022-03-14 14:00:00,0.6823999999999999
2022-03-14 15:00:00,0.6809999999999999
2022-03-14 16:00:00,0.67975
2022-03-14 17:00:00,0.6780999999999999
2022-03-14 18:00:00,0.6773499999999999
2022-03-14 19:00:00,0.6772499999999999
2022-03-14 20:00:00,0.6769999999999999
2022-03-14 22:00:00,0.6778
2022-03-14 23:00:00,0.6773499999999999
2022-03-15 00:00:00,0.6763499999999999
2022-03-15 01:00:00,0.6759999999999999
2022-03-15 02:00:00,0.6763999999999999
2022-03-15 03:00:00,0.6771499999999999
2022-03-15 04:00:00,0.67675
2022-03-15 05:00:00,0.6762499999999999
2022-03-15 06:00:00,0.67555
2022-03-15 07:00:00,0.67775
2022-03-15 08:00:00,0.6773499999999999
2022-03-15 09:00:00,0.6770999999999999
2022-03-15 10:00:00,0.6781999999999999
2022-03-15 11:00:00,0.6789
2022-03-15 12:00:00,0.6799499999999999
2022-03-15 13:00:00,0.6812999999999999
2022-03-15 14:00:00,0.6809999999999999
2022-03-15 15:00:00,0.6791999999999999
2022-03-15 16:00:00,0.6786
2022-03-15 17:00:00,0.67855
2022-03-15 18:00:00,0.6790999999999999
2022-03-15 19:00:00,0.6796499999999999
2022-03-15 20:00:00,0.6796
2022-03-15 22:00:00,0.6789999999999999
2022-03-15 23:00:00,0.67855
2022-03-16 00:00:00,0.6768
2022-03-16 01:00:00,0.6786
2022-03-16 02:00:00,0.6790499999999999
2022-03-16 03:00:00,0.6792499999999999
2022-03-16 04:00:00,0.6795499999999999
2022-03-16 05:00:00,0.6808
2022-03-16 06:00:00,0.6810499999999999
2022-03-16 07:00:00,0.6802999999999999
2022-03-16 08:00:00,0.6812999999999999
2022-03-16 09:00:00,0.6812499999999999
2022-03-16 10:00:00,0.6819999999999999
2022-03-16 11:00:00,0.68295
2022-03-16 12:00:00,0.6829
2022-03-16 13:00:00,0.6841999999999999
2022-03-16 14:00:00,0.6829999999999999
2022-03-16 15:00:00,0.6832999999999999
2022-03-16 16:00:00,0.68375
2022-03-16 17:00:00,0.68295
2022-03-16 18:00:00,0.6843499999999999
2022-03-16 19:00:00,0.68695
2022-03-16 20:00:00,0.6861999999999999
2022-03-16 22:00:00,0.6854999999999999
2022-03-16 23:00:00,0.6855499999999999
2022-03-17 00:00:00,0.68685
2022-03-17 01:00:00,0.6853499999999999
2022-03-17 02:00:00,0.6874499999999999
2022-03-17 03:00:00,0.6868
2022-03-17 04:00:00,0.68695
2022-03-17 05:00:00,0.6868
2022-03-17 06:00:00,0.68675
2022-03-17 07:00:00,0.6875999999999999
2022-03-17 08:00:00,0.6870499999999999
2022-03-17 09:00:00,0.6872999999999999
2022-03-17 10:00:00,0.68765
2022-03-17 11:00:00,0.6871999999999999
2022-03-17 12:00:00,0.68775
2022-03-17 13:00:00,0.6883499999999999
2022-03-17 14:00:00,0.6892499999999999
2022-03-17 15:00:00,0.69185
2022-03-17 16:00:00,0.6921999999999999
2022-03-17 17:00:00,0.6923499999999999
2022-03-17 18:00:00,0.6910999999999999
2022-03-17 19:00:00,0.6912499999999999
2022-03-17 20:00:00,0.69085
2022-03-17 22:00:00,0.69075
2022-03-17 23:00:00,0.6917
2022-03-18 00:00:00,0.6915999999999999
2022-03-18 01:00:00,0.6913999999999999
2022-03-18 02:00:00,0.69075
2022-03-18 03:00:00,0.691
2022-03-18 04:00:00,0.691
2022-03-18 05:00:00,0.6922999999999999
2022-03-18 06:00:00,0.69295
2022-03-18 07:00:00,0.6923499999999999
2022-03-18 08:00:00,0.691
2022-03-18 09:00:00,0.6909
2022-03-18 10:00:00,0.6904999999999999
2022-03-18 11:00:00,0.6907
2022-03-18 12:00:00,0.6902499999999999
2022-03-18 13:00:00,0.6910999999999999
2022-03-18 14:00:00,0.6918
2022-03-18 15:00:00,0.6924999999999999
2022-03-18 16:00:00,0.6931499999999999
2022-03-18 17:00:00,0.6935999999999999
2022-03-18 18:00:00,0.6932499999999999
2022-03-18 19:00:00,0.6935499999999999
2022-03-18 20:00:00,0.6933499999999999
2022-03-20 22:00:00,0.6920499999999999
2022-03-20 23:00:00,0.6923499999999999
2022-03-21 00:00:00,0.6941499999999999
2022-03-21 01:00:00,0.6943499999999999
2022-03-21 02:00:00,0.6932999999999999
2022-03-21 03:00:00,0.6930999999999999
2022-03-21 04:00:00,0.693
2022-03-21 05:00:00,0.6924999999999999
2022-03-21 06:00:00,0.6925499999999999
2022-03-21 07:00:00,0.6923999999999999
2022-03-21 08:00:00,0.6924499999999999
2022-03-21 09:00:00,0.692
2022-03-21 10:00:00,0.6913499999999999
2022-03-21 11:00:00,0.6911999999999999
2022-03-21 12:00:00,0.6920999999999999
2022-03-21 13:00:00,0.69285
2022-03-21 14:00:00,0.69285
2022-03-21 15:00:00,0.69275
2022-03-21 16:00:00,0.6916499999999999
2022-03-21 17:00:00,0.6908
2022-03-21 18:00:00,0.6900499999999999
2022-03-21 19:00:00,0.6912999999999999
2022-03-21 20:00:00,0.6913499999999999
2022-03-21 22:00:00,0.691
2022-03-21 23:00:00,0.6904499999999999
2022-03-22 00:00:00,0.6898
2022-03-22 01:00:00,0.6892499999999999
2022-03-22 02:00:00,0.6904499999999999
2022-03-22 03:00:00,0.6910999999999999
2022-03-22 04:00:00,0.6903999999999999
2022-03-22 05:00:00,0.69
2022-03-22 06:00:00,0.6892499999999999
2022-03-22 07:00:00,0.6904499999999999
2022-03-22 08:00:00,0.6934499999999999
2022-03-22 09:00:00,0.6942499999999999
2022-03-22 10:00:00,0.6965499999999999
2022-03-22 11:00:00,0.6962999999999999
2022-03-22 12:00:00,0.69695
2022-03-22 13:00:00,0.69775
2022-03-22 14:00:00,0.697
2022-03-22 15:00:00,0.697
2022-03-22 16:00:00,0.6974499999999999
2022-03-22 17:00:00,0.698
2022-03-22 18:00:00,0.6984999999999999
2022-03-22 19:00:00,0.6988
2022-03-22 20:00:00,0.6991499999999999
2022-03-22 22:00:00,0.6996499999999999
2022-03-22 23:00:00,0.69875
2022-03-23 00:00:00,0.6985999999999999
2022-03-23 01:00:00,0.6991499999999999
2022-03-23 02:00:00,0.6996499999999999
2022-03-23 03:00:00,0.6985499999999999
2022-03-23 04:00:00,0.6980999999999999
2022-03-23 05:00:00,0.6982999999999999
2022-03-23 06:00:00,0.6981999999999999
2022-03-23 07:00:00,0.6981999999999999
2022-03-23 08:00:00,0.6973499999999999
2022-03-23 09:00:00,0.6985499999999999
2022-03-23 10:00:00,0.6984499999999999
2022-03-23 11:00:00,0.6984999999999999
2022-03-23 12:00:00,0.6974499999999999
2022-03-23 13:00:00,0.6964499999999999
2022-03-23 14:00:00,0.6984999999999999
2022-03-23 15:00:00,0.6996999999999999
2022-03-23 16:00:00,0.6993999999999999
2022-03-23 17:00:00,0.6993499999999999
2022-03-23 18:00:00,0.7012999999999999
2022-03-23 19:00:00,0.7005499999999999
2022-03-23 20:00:00,0.7001999999999999
2022-03-23 22:00:00,0.6992499999999999
2022-03-23 23:00:00,0.7002499999999999
2022-03-24 00:00:00,0.6995999999999999
2022-03-24 01:00:00,0.69895
2022-03-24 02:00:00,0.6986999999999999
2022-03-24 03:00:00,0.6984999999999999
2022-03-24 04:00:00,0.6980999999999999
2022-03-24 05:00:00,0.6983999999999999
2022-03-24 06:00:00,0.698
2022-03-24 07:00:00,0.6980999999999999
2022-03-24 08:00:00,0.6973999999999999
2022-03-24 09:00:00,0.6973999999999999
2022-03-24 10:00:00,0.698
2022-03-24 11:00:00,0.698
2022-03-24 12:00:00,0.69805
2022-03-24 13:00:00,0.6973499999999999
2022-03-24 14:00:00,0.69975
2022-03-24 15:00:00,0.69885
2022-03-24 16:00:00,0.6971999999999999
2022-03-24 17:00:00,0.6975499999999999
2022-03-24 18:00:00,0.6983999999999999
2022-03-24 19:00:00,0.69875
2022-03-24 20:00:00,0.6992499999999999
2022-03-24 22:00:00,0.69885
2022-03-24 23:00:00,0.6991499999999999
2022-03-25 00:00:00,0.69875
2022-03-25 01:00:00,0.7002999999999999
2022-03-25 02:00:00,0.6995499999999999
2022-03-25 03:00:00,0.7
2022-03-25 04:00:00,0.7005999999999999
2022-03-25 05:00:00,0.7005499999999999
2022-03-25 06:00:00,0.7004499999999999
2022-03-25 07:00:00,0.6992999999999999
2022-03-25 08:00:00,0.6985499999999999
2022-03-25 09:00:00,0.6992499999999999
2022-03-25 10:00:00,0.6994999999999999
2022-03-25 11:00:00,0.6992499999999999
2022-03-25 12:00:00,0.6992999999999999
2022-03-25 13:00:00,0.69785
2022-03-25 14:00:00,0.69905
2022-03-25 15:00:00,0.6975999999999999
2022-03-25 16:00:00,0.69885
2022-03-25 17:00:00,0.6988
2022-03-25 18:00:00,0.6993499999999999
2022-03-25 19:00:00,0.6991999999999999
2022-03-25 20:00:00,0.6986999999999999
2022-03-27 22:00:00,0.69795
2022-03-27 23:00:00,0.6983999999999999
2022-03-28 00:00:00,0.69765
2022-03-28 01:00:00,0.6971999999999999
2022-03-28 02:00:00,0.69785
2022-03-28 03:00:00,0.69775
2022-03-28 04:00:00,0.6970999999999999
2022-03-28 05:00:00,0.6963999999999999
2022-03-28 06:00:00,0.6965499999999999
2022-03-28 07:00:00,0.6970999999999999
2022-03-28 08:00:00,0.6973499999999999
2022-03-28 09:00:00,0.6959
2022-03-28 10:00:00,0.696
2022-03-28 11:00:00,0.695
2022-03-28 12:00:00,0.6943999999999999
2022-03-28 13:00:00,0.6927
2022-03-28 14:00:00,0.6922499999999999
2022-03-28 15:00:00,0.6923499999999999
2022-03-28 16:00:00,0.6928
2022-03-28 17:00:00,0.6920499999999999
2022-03-28 18:00:00,0.6922999999999999
2022-03-28 19:00:00,0.69265
2022-03-28 20:00:00,0.6922499999999999
2022-03-28 22:00:00,0.6929
2022-03-28 23:00:00,0.6931999999999999
2022-03-29 00:00:00,0.6914999999999999
2022-03-29 01:00:00,0.6930499999999999
2022-03-29 02:00:00,0.6929
2022-03-29 03:00:00,0.6924999999999999
2022-03-29 04:00:00,0.6921499999999999
2022-03-29 05:00:00,0.6928
2022-03-29 06:00:00,0.6937
2022-03-29 07:00:00,0.6920999999999999
2022-03-29 08:00:00,0.6905999999999999
2022-03-29 09:00:00,0.69185
2022-03-29 10:00:00,0.6924999999999999
2022-03-29 11:00:00,0.6935999999999999
2022-03-29 12:00:00,0.6925499999999999
2022-03-29 13:00:00,0.6933499999999999
2022-03-29 14:00:00,0.69485
2022-03-29 15:00:00,0.6952499999999999
2022-03-29 16:00:00,0.6945499999999999
2022-03-29 17:00:00,0.69495
2022-03-29 18:00:00,0.6971999999999999
2022-03-29 19:00:00,0.6968
2022-03-29 20:00:00,0.6962499999999999
2022-03-29 22:00:00,0.69695
2022-03-29 23:00:00,0.6969
2022-03-30 00:00:00,0.6974999999999999
2022-03-30 01:00:00,0.6981999999999999
2022-03-30 02:00:00,0.6982999999999999
2022-03-30 03:00:00,0.6984999999999999
2022-03-30 04:00:00,0.6988
2022-03-30 05:00:00,0.699
2022-03-30 06:00:00,0.6991499999999999
2022-03-30 07:00:00,0.6985499999999999
2022-03-30 08:00:00,0.70005
2022-03-30 09:00:00,0.7002499999999999
2022-03-30 10:00:00,0.7005499999999999
2022-03-30 11:00:00,0.7008
2022-03-30 12:00:00,0.7004999999999999
2022-03-30 13:00:00,0.70085
2022-03-30 14:00:00,0.7018
2022-03-30 15:00:00,0.7003499999999999
2022-03-30 16:00:00,0.70095
2022-03-30 17:00:00,0.7005499999999999
2022-03-30 18:00:00,0.70005
2022-03-30 19:00:00,0.7
2022-03-30 20:00:00,0.7003499999999999
2022-03-30 22:00:00,0.70005
2022-03-30 23:00:00,0.6998
2022-03-31 00:00:00,0.7001999999999999
2022-03-31 01:00:00,0.70005
2022-03-31 02:00:00,0.6995499999999999
2022-03-31 03:00:00,0.6983999999999999
2022-03-31 04:00:00,0.6980999999999999
2022-03-31 05:00:00,0.6980999999999999
2022-03-31 06:00:00,0.6973999999999999
2022-03-31 07:00:00,0.6976999999999999
2022-03-31 08:00:00,0.6961499999999999
2022-03-31 09:00:00,0.6962499999999999
2022-03-31 10:00:00,0.6963499999999999
2022-03-31 11:00:00,0.6959
2022-03-31 12:00:00,0.6964499999999999
2022-03-31 13:00:00,0.6973499999999999
2022-03-31 14:00:00,0.6983499999999999
2022-03-31 15:00:00,0.6971499999999999
2022-03-31 16:00:00,0.69605
2022-03-31 17:00:00,0.697
2022-03-31 18:00:00,0.69605
2022-03-31 19:00:00,0.69585
2022-03-31 20:00:00,0.6961499999999999
2022-03-31 22:00:00,0.6961999999999999
2022-03-31 23:00:00,0.6959
2022-04-01 00:00:00,0.6952999999999999
2022-04-01 01:00:00,0.69595
2022-04-01 02:00:00,0.69495
2022-04-01 03:00:00,0.6955999999999999
2022-04-01 04:00:00,0.6944999999999999
2022-04-01 05:00:00,0.6944499999999999
2022-04-01 06:00:00,0.6941499999999999
2022-04-01 07:00:00,0.69505
2022-04-01 08:00:00,0.6963999999999999
2022-04-01 09:00:00,0.6963499999999999
2022-04-01 10:00:00,0.6971999999999999
2022-04-01 11:00:00,0.6974999999999999
2022-04-01 12:00:00,0.6961999999999999
2022-04-01 13:00:00,0.6941999999999999
2022-04-01 14:00:00,0.6934499999999999
2022-04-01 15:00:00,0.694
2022-04-01 16:00:00,0.6931999999999999
2022-04-01 17:00:00,0.6937
2022-04-01 18:00:00,0.6942499999999999
2022-04-01 19:00:00,0.6946499999999999
2022-04-01 20:00:00,0.69505
2022-04-03 22:00:00,0.6941999999999999
2022-04-03 23:00:00,0.6935499999999999
2022-04-04 00:00:00,0.69485
2022-04-04 01:00:00,0.6951999999999999
2022-04-04 02:00:00,0.69575
2022-04-04 03:00:00,0.6965499999999999
2022-04-04 04:00:00,0.6965499999999999
2022-04-04 05:00:00,0.6965999999999999
2022-04-04 06:00:00,0.6967
2022-04-04 07:00:00,0.6965499999999999
2022-04-04 08:00:00,0.69575
2022-04-04 09:00:00,0.6954999999999999
2022-04-04 10:00:00,0.6955999999999999
2022-04-04 11:00:00,0.6962999999999999
2022-04-04 12:00:00,0.6975499999999999
2022-04-04 13:00:00,0.6981999999999999
2022-04-04 14:00:00,0.69875
2022-04-04 15:00:00,0.6991999999999999
2022-04-04 16:00:00,0.6986499999999999
2022-04-04 17:00:00,0.6984999999999999
2022-04-04 18:00:00,0.69875
2022-04-04 19:00:00,0.6983499999999999
2022-04-04 20:00:00,0.69775
2022-04-04 22:00:00,0.69775
2022-04-04 23:00:00,0.6973999999999999
2022-04-05 00:00:00,0.69775
2022-04-05 01:00:00,0.6973999999999999
2022-04-05 02:00:00,0.6974499999999999
2022-04-05 03:00:00,0.6975499999999999
2022-04-05 04:00:00,0.7003999999999999
2022-04-05 05:00:00,0.7011999999999999
2022-04-05 06:00:00,0.7022999999999999
2022-04-05 07:00:00,0.7023999999999999
2022-04-05 08:00:00,0.7035999999999999
2022-04-05 09:00:00,0.7035499999999999
2022-04-05 10:00:00,0.70285
2022-04-05 11:00:00,0.7035999999999999
2022-04-05 12:00:00,0.7043999999999999
2022-04-05 13:00:00,0.70595
2022-04-05 14:00:00,0.7013999999999999
2022-04-05 15:00:00,0.6993999999999999
2022-04-05 16:00:00,0.699
2022-04-05 17:00:00,0.699
2022-04-05 18:00:00,0.69905
2022-04-05 19:00:00,0.6972499999999999
2022-04-05 20:00:00,0.6974999999999999
2022-04-05 22:00:00,0.69775
2022-04-05 23:00:00,0.69775
2022-04-06 00:00:00,0.6973999999999999
2022-04-06 01:00:00,0.6966499999999999
2022-04-06 02:00:00,0.6965499999999999
2022-04-06 03:00:00,0.6971499999999999
2022-04-06 04:00:00,0.69705
2022-04-06 05:00:00,0.6966499999999999
2022-04-06 06:00:00,0.6975999999999999
2022-04-06 07:00:00,0.6982499999999999
2022-04-06 08:00:00,0.6982999999999999
2022-04-06 09:00:00,0.6994499999999999
2022-04-06 10:00:00,0.6981499999999999
2022-04-06 11:00:00,0.6979
2022-04-06 12:00:00,0.6972999999999999
2022-04-06 13:00:00,0.6963499999999999
2022-04-06 14:00:00,0.6957
2022-04-06 15:00:00,0.6960999999999999
2022-04-06 16:00:00,0.69585
2022-04-06 17:00:00,0.6951999999999999
2022-04-06 18:00:00,0.6943999999999999
2022-04-06 19:00:00,0.6944999999999999
2022-04-06 20:00:00,0.6945499999999999
2022-04-06 22:00:00,0.6949
2022-04-06 23:00:00,0.69395
2022-04-07 00:00:00,0.6938
2022-04-07 01:00:00,0.6934499999999999
2022-04-07 02:00:00,0.6924999999999999
2022-04-07 03:00:00,0.69275
2022-04-07 04:00:00,0.6924999999999999
2022-04-07 05:00:00,0.6925499999999999
2022-04-07 06:00:00,0.6928
2022-04-07 07:00:00,0.6932499999999999
2022-04-07 08:00:00,0.6923999999999999
2022-04-07 09:00:00,0.6931499999999999
2022-04-07 10:00:00,0.6925999999999999
2022-04-07 11:00:00,0.69295
2022-04-07 12:00:00,0.6922499999999999
2022-04-07 13:00:00,0.692
2022-04-07 14:00:00,0.6916499999999999
2022-04-07 15:00:00,0.6915499999999999
2022-04-07 16:00:00,0.6913499999999999
2022-04-07 17:00:00,0.6923999999999999
2022-04-07 18:00:00,0.6922999999999999
2022-04-07 19:00:00,0.6922499999999999
2022-04-07 20:00:00,0.692
2022-04-07 22:00:00,0.6918
2022-04-07 23:00:00,0.6913499999999999
2022-04-08 00:00:00,0.69095
2022-04-08 01:00:00,0.6911499999999999
2022-04-08 02:00:00,0.69085
2022-04-08 03:00:00,0.691
2022-04-08 04:00:00,0.6914999999999999
2022-04-08 05:00:00,0.69175
2022-04-08 06:00:00,0.6911999999999999
2022-04-08 07:00:00,0.689
2022-04-08 08:00:00,0.6889
2022-04-08 09:00:00,0.6880499999999999
2022-04-08 10:00:00,0.6893499999999999
2022-04-08 11:00:00,0.6882499999999999
2022-04-08 12:00:00,0.6871499999999999
2022-04-08 13:00:00,0.6854499999999999
2022-04-08 14:00:00,0.6871499999999999
2022-04-08 15:00:00,0.688
2022-04-08 16:00:00,0.688
2022-04-08 17:00:00,0.6875499999999999
2022-04-08 18:00:00,0.6871999999999999
2022-04-08 19:00:00,0.6871999999999999
2022-04-08 20:00:00,0.6885499999999999
2022-04-10 22:00:00,0.6875999999999999
2022-04-10 23:00:00,0.6861999999999999
2022-04-11 00:00:00,0.6862999999999999
2022-04-11 01:00:00,0.6850999999999999
2022-04-11 02:00:00,0.68485
2022-04-11 03:00:00,0.6854999999999999
2022-04-11 04:00:00,0.6865499999999999
2022-04-11 05:00:00,0.6865499999999999
2022-04-11 06:00:00,0.6855499999999999
2022-04-11 07:00:00,0.6863499999999999
2022-04-11 08:00:00,0.6861999999999999
2022-04-11 09:00:00,0.6874999999999999
2022-04-11 10:00:00,0.6875499999999999
2022-04-11 11:00:00,0.6871999999999999
2022-04-11 12:00:00,0.6874999999999999
2022-04-11 13:00:00,0.6855999999999999
2022-04-11 14:00:00,0.6860999999999999
2022-04-11 15:00:00,0.6854999999999999
2022-04-11 16:00:00,0.6855999999999999
2022-04-11 17:00:00,0.6854999999999999
2022-04-11 18:00:00,0.68675
2022-04-11 19:00:00,0.6854499999999999
2022-04-11 20:00:00,0.6853999999999999
2022-04-11 22:00:00,0.6853999999999999
2022-04-11 23:00:00,0.6847
2022-04-12 00:00:00,0.6843999999999999
2022-04-12 01:00:00,0.6849
2022-04-12 02:00:00,0.68595
2022-04-12 03:00:00,0.6854499999999999
2022-04-12 04:00:00,0.6860499999999999
2022-04-12 05:00:00,0.6864499999999999
2022-04-12 06:00:00,0.6859
2022-04-12 07:00:00,0.6858
2022-04-12 08:00:00,0.6860999999999999
2022-04-12 09:00:00,0.6861499999999999
2022-04-12 10:00:00,0.68675
2022-04-12 11:00:00,0.6874999999999999
2022-04-12 12:00:00,0.6905999999999999
2022-04-12 13:00:00,0.6893999999999999
2022-04-12 14:00:00,0.69065
2022-04-12 15:00:00,0.6910499999999999
2022-04-12 16:00:00,0.69065
2022-04-12 17:00:00,0.6894999999999999
2022-04-12 18:00:00,0.6896499999999999
2022-04-12 19:00:00,0.6885999999999999
2022-04-12 20:00:00,0.6881999999999999
2022-04-12 22:00:00,0.68875
2022-04-12 23:00:00,0.68865
2022-04-13 00:00:00,0.6875999999999999
2022-04-13 01:00:00,0.6896499999999999
2022-04-13 02:00:00,0.68875
2022-04-13 03:00:00,0.6877
2022-04-13 04:00:00,0.68485
2022-04-13 05:00:00,0.6852999999999999
2022-04-13 06:00:00,0.6823499999999999
2022-04-13 07:00:00,0.6831499999999999
2022-04-13 08:00:00,0.68175
2022-04-13 09:00:00,0.6809499999999999
2022-04-13 10:00:00,0.6808
2022-04-13 11:00:00,0.6804999999999999
2022-04-13 12:00:00,0.6796499999999999
2022-04-13 13:00:00,0.6799999999999999
2022-04-13 14:00:00,0.6804999999999999
2022-04-13 15:00:00,0.6813499999999999
2022-04-13 16:00:00,0.6819
2022-04-13 17:00:00,0.6813999999999999
2022-04-13 18:00:00,0.6814999999999999
2022-04-13 19:00:00,0.6821499999999999
2022-04-13 20:00:00,0.68265
2022-04-13 22:00:00,0.68265
2022-04-13 23:00:00,0.68285
2022-04-14 00:00:00,0.6833499999999999
2022-04-14 01:00:00,0.6847
2022-04-14 02:00:00,0.68485
2022-04-14 03:00:00,0.6851999999999999
2022-04-14 04:00:00,0.68565
2022-04-14 05:00:00,0.6854499999999999
2022-04-14 06:00:00,0.6852999999999999
2022-04-14 07:00:00,0.68485
2022-04-14 08:00:00,0.6845499999999999
2022-04-14 09:00:00,0.6848
2022-04-14 10:00:00,0.68475
2022-04-14 11:00:00,0.6842999999999999
2022-04-14 12:00:00,0.6840999999999999
2022-04-14 13:00:00,0.68195
2022-04-14 14:00:00,0.6813999999999999
2022-04-14 15:00:00,0.6802999999999999
2022-04-14 16:00:00,0.6811999999999999
2022-04-14 17:00:00,0.6818
2022-04-14 18:00:00,0.6821499999999999
2022-04-14 19:00:00,0.68175
2022-04-14 20:00:00,0.6818
2022-04-17 22:00:00,0.6807
2022-04-17 23:00:00,0.6790499999999999
2022-04-18 00:00:00,0.6782999999999999
2022-04-18 01:00:00,0.6779499999999999
2022-04-18 02:00:00,0.6771999999999999
2022-04-18 03:00:00,0.67585
2022-04-18 04:00:00,0.6757
2022-04-18 05:00:00,0.6759999999999999
2022-04-18 06:00:00,0.6760499999999999
2022-04-18 07:00:00,0.6763999999999999
2022-04-18 08:00:00,0.6762999999999999
2022-04-18 09:00:00,0.6764999999999999
2022-04-18 10:00:00,0.6770499999999999
2022-04-18 11:00:00,0.6762999999999999
2022-04-18 12:00:00,0.6764999999999999
2022-04-18 13:00:00,0.6760499999999999
2022-04-18 14:00:00,0.67575
2022-04-18 15:00:00,0.6750999999999999
2022-04-18 16:00:00,0.6748999999999999
2022-04-18 17:00:00,0.6756
2022-04-18 18:00:00,0.6753999999999999
2022-04-18 19:00:00,0.6757
2022-04-18 20:00:00,0.6759
2022-04-18 22:00:00,0.67675
2022-04-18 23:00:00,0.6764499999999999
2022-04-19 00:00:00,0.6754999999999999
2022-04-19 01:00:00,0.6761999999999999
2022-04-19 02:00:00,0.6759
2022-04-19 03:00:00,0.6766499999999999
2022-04-19 04:00:00,0.6770499999999999
2022-04-19 05:00:00,0.6764999999999999
2022-04-19 06:00:00,0.6766
2022-04-19 07:00:00,0.6780999999999999
2022-04-19 08:00:00,0.6794499999999999
2022-04-19 09:00:00,0.67765
2022-04-19 10:00:00,0.6769499999999999
2022-04-19 11:00:00,0.6769
2022-04-19 12:00:00,0.6756
2022-04-19 13:00:00,0.6769499999999999
2022-04-19 14:00:00,0.6762499999999999
2022-04-19 15:00:00,0.6757
2022-04-19 16:00:00,0.6759999999999999
2022-04-19 17:00:00,0.6759999999999999
2022-04-19 18:00:00,0.6759999999999999
2022-04-19 19:00:00,0.6761499999999999
2022-04-19 20:00:00,0.6762499999999999
2022-04-19 22:00:00,0.6769
2022-04-19 23:00:00,0.6776
2022-04-20 00:00:00,0.6780499999999999
2022-04-20 01:00:00,0.6792499999999999
2022-04-20 02:00:00,0.6790499999999999
2022-04-20 03:00:00,0.6784499999999999
2022-04-20 04:00:00,0.6800499999999999
2022-04-20 05:00:00,0.6798
2022-04-20 06:00:00,0.6791999999999999
2022-04-20 07:00:00,0.6799999999999999
2022-04-20 08:00:00,0.6816
2022-04-20 09:00:00,0.6815499999999999
2022-04-20 10:00:00,0.68265
2022-04-20 11:00:00,0.6821999999999999
2022-04-20 12:00:00,0.6812999999999999
2022-04-20 13:00:00,0.68175
2022-04-20 14:00:00,0.6839
2022-04-20 15:00:00,0.6839999999999999
2022-04-20 16:00:00,0.6830999999999999
2022-04-20 17:00:00,0.6835499999999999
2022-04-20 18:00:00,0.68275
2022-04-20 19:00:00,0.6837
2022-04-20 20:00:00,0.6839999999999999
2022-04-20 22:00:00,0.6802999999999999
2022-04-20 23:00:00,0.6812999999999999
2022-04-21 00:00:00,0.6807
2022-04-21 01:00:00,0.6810999999999999
2022-04-21 02:00:00,0.68065
2022-04-21 03:00:00,0.6810499999999999
2022-04-21 04:00:00,0.6820499999999999
2022-04-21 05:00:00,0.6819
2022-04-21 06:00:00,0.6819
2022-04-21 07:00:00,0.6834499999999999
2022-04-21 08:00:00,0.6829
2022-04-21 09:00:00,0.68185
2022-04-21 10:00:00,0.6824499999999999
2022-04-21 11:00:00,0.68075
2022-04-21 12:00:00,0.6815499999999999
2022-04-21 13:00:00,0.6804499999999999
2022-04-21 14:00:00,0.6782499999999999
2022-04-21 15:00:00,0.67685
2022-04-21 16:00:00,0.6760999999999999
2022-04-21 17:00:00,0.67675
2022-04-21 18:00:00,0.6762999999999999
2022-04-21 19:00:00,0.6764499999999999
2022-04-21 20:00:00,0.6762499999999999
2022-04-21 22:00:00,0.6764999999999999
2022-04-21 23:00:00,0.6752499999999999
2022-04-22 00:00:00,0.6749499999999999
2022-04-22 01:00:00,0.6748
2022-04-22 02:00:00,0.6743499999999999
2022-04-22 03:00:00,0.6731999999999999
2022-04-22 04:00:00,0.6728999999999999
2022-04-22 05:00:00,0.67255
2022-04-22 06:00:00,0.6713999999999999
2022-04-22 07:00:00,0.67175
2022-04-22 08:00:00,0.67055
2022-04-22 09:00:00,0.6700499999999999
2022-04-22 10:00:00,0.6709499999999999
2022-04-22 11:00:00,0.6716499999999999
2022-04-22 12:00:00,0.67065
2022-04-22 13:00:00,0.6683499999999999
2022-04-22 14:00:00,0.6665
2022-04-22 15:00:00,0.6668
2022-04-22 16:00:00,0.6658
2022-04-22 17:00:00,0.6658999999999999
2022-04-22 18:00:00,0.6659499999999999
2022-04-22 19:00:00,0.6664499999999999
2022-04-22 20:00:00,0.6661499999999999
2022-04-24 22:00:00,0.6660999999999999
2022-04-24 23:00:00,0.6653499999999999
2022-04-25 00:00:00,0.6647
2022-04-25 01:00:00,0.6637
2022-04-25 02:00:00,0.66355
2022-04-25 03:00:00,0.6632999999999999
2022-04-25 04:00:00,0.6623499999999999
2022-04-25 05:00:00,0.6620499999999999
2022-04-25 06:00:00,0.6617
2022-04-25 07:00:00,0.6648499999999999
2022-04-25 08:00:00,0.6646499999999999
2022-04-25 09:00:00,0.66345
2022-04-25 10:00:00,0.6629499999999999
2022-04-25 11:00:00,0.6650499999999999
2022-04-25 12:00:00,0.6647
2022-04-25 13:00:00,0.66255
2022-04-25 14:00:00,0.6625
2022-04-25 15:00:00,0.6628499999999999
2022-04-25 16:00:00,0.6639499999999999
2022-04-25 17:00:00,0.6640499999999999
2022-04-25 18:00:00,0.6642999999999999
2022-04-25 19:00:00,0.6648999999999999
2022-04-25 20:00:00,0.6652499999999999
2022-04-25 22:00:00,0.6650999999999999
2022-04-25 23:00:00,0.6648
2022-04-26 00:00:00,0.6658499999999999
2022-04-26 01:00:00,0.6653999999999999
2022-04-26 02:00:00,0.6664499999999999
2022-04-26 03:00:00,0.6666
2022-04-26 04:00:00,0.6674499999999999
2022-04-26 05:00:00,0.6673499999999999
2022-04-26 06:00:00,0.6658499999999999
2022-04-26 07:00:00,0.66555
2022-04-26 08:00:00,0.6662999999999999
2022-04-26 09:00:00,0.6666499999999999
2022-04-26 10:00:00,0.6667
2022-04-26 11:00:00,0.6661999999999999
2022-04-26 12:00:00,0.6648999999999999
2022-04-26 13:00:00,0.6641999999999999
2022-04-26 14:00:00,0.6619999999999999
2022-04-26 15:00:00,0.6611999999999999
2022-04-26 16:00:00,0.6621499999999999
2022-04-26 17:00:00,0.6611999999999999
2022-04-26 18:00:00,0.6612999999999999
2022-04-26 19:00:00,0.6603999999999999
2022-04-26 20:00:00,0.6593499999999999
2022-04-26 22:00:00,0.6600999999999999
2022-04-26 23:00:00,0.66065
2022-04-27 00:00:00,0.6599999999999999
2022-04-27 01:00:00,0.66045
2022-04-27 02:00:00,0.6598499999999999
2022-04-27 03:00:00,0.65955
2022-04-27 04:00:00,0.6612999999999999
2022-04-27 05:00:00,0.6613499999999999
2022-04-27 06:00:00,0.66055
2022-04-27 07:00:00,0.6607
2022-04-27 08:00:00,0.6601999999999999
2022-04-27 09:00:00,0.6608999999999999
2022-04-27 10:00:00,0.6619999999999999
2022-04-27 11:00:00,0.6599999999999999
2022-04-27 12:00:00,0.6587
2022-04-27 13:00:00,0.6591999999999999
2022-04-27 14:00:00,0.6561499999999999
2022-04-27 15:00:00,0.6568499999999999
2022-04-27 16:00:00,0.6590499999999999
2022-04-27 17:00:00,0.6592999999999999
2022-04-27 18:00:00,0.6574
2022-04-27 19:00:00,0.65755
2022-04-27 20:00:00,0.65745
2022-04-27 22:00:00,0.6575
2022-04-27 23:00:00,0.6572499999999999
2022-04-28 00:00:00,0.6562499999999999
2022-04-28 01:00:00,0.6562999999999999
2022-04-28 02:00:00,0.6561999999999999
2022-04-28 03:00:00,0.6532499999999999
2022-04-28 04:00:00,0.6528999999999999
2022-04-28 05:00:00,0.6527499999999999
2022-04-28 06:00:00,0.6542499999999999
2022-04-28 07:00:00,0.65675
2022-04-28 08:00:00,0.6547
2022-04-28 09:00:00,0.6530499999999999
2022-04-28 10:00:00,0.6511499999999999
2022-04-28 11:00:00,0.6500499999999999
2022-04-28 12:00:00,0.6488499999999999
2022-04-28 13:00:00,0.6509999999999999
2022-04-28 14:00:00,0.65045
2022-04-28 15:00:00,0.6507499999999999
2022-04-28 16:00:00,0.6530499999999999
2022-04-28 17:00:00,0.6527
2022-04-28 18:00:00,0.6520999999999999
2022-04-28 19:00:00,0.6526
2022-04-28 20:00:00,0.6522999999999999
2022-04-28 22:00:00,0.65245
2022-04-28 23:00:00,0.6527499999999999
2022-04-29 00:00:00,0.6532999999999999
2022-04-29 01:00:00,0.6537999999999999
2022-04-29 02:00:00,0.6528499999999999
2022-04-29 03:00:00,0.6537499999999999
2022-04-29 04:00:00,0.6546499999999998
2022-04-29 05:00:00,0.6548999999999999
2022-04-29 06:00:00,0.6552999999999999
2022-04-29 07:00:00,0.65665
2022-04-29 08:00:00,0.6557
2022-04-29 09:00:00,0.6560499999999999
2022-04-29 10:00:00,0.6571999999999999
2022-04-29 11:00:00,0.6566
2022-04-29 12:00:00,0.65675
2022-04-29 13:00:00,0.6561499999999999
2022-04-29 14:00:00,0.6530499999999999
2022-04-29 15:00:00,0.6511999999999999
2022-04-29 16:00:00,0.6496
2022-04-29 17:00:00,0.6510499999999999
2022-04-29 18:00:00,0.65035
2022-04-29 19:00:00,0.6490499999999999
2022-04-29 20:00:00,0.6492499999999999
2022-05-01 22:00:00,0.6496
2022-05-01 23:00:00,0.6489499999999999
2022-05-02 00:00:00,0.6488999999999999
2022-05-02 01:00:00,0.6471999999999999
2022-05-02 02:00:00,0.6459499999999999
2022-05-02 03:00:00,0.6467999999999999
2022-05-02 04:00:00,0.6462499999999999
2022-05-02 05:00:00,0.6461499999999999
2022-05-02 06:00:00,0.6476
2022-05-02 07:00:00,0.6467999999999999
2022-05-02 08:00:00,0.64765
2022-05-02 09:00:00,0.64845
2022-05-02 10:00:00,0.64855
2022-05-02 11:00:00,0.6478499999999999
2022-05-02 12:00:00,0.64565
2022-05-02 13:00:00,0.6469999999999999
2022-05-02 14:00:00,0.6464
2022-05-02 15:00:00,0.6466999999999999
2022-05-02 16:00:00,0.6456
2022-05-02 17:00:00,0.6451999999999999
2022-05-02 18:00:00,0.6448499999999999
2022-05-02 19:00:00,0.6468999999999999
2022-05-02 20:00:00,0.6468999999999999
2022-05-02 22:00:00,0.64665
2022-05-02 23:00:00,0.64765
2022-05-03 00:00:00,0.6499999999999999
2022-05-03 01:00:00,0.6495
2022-05-03 02:00:00,0.6497499999999999
2022-05-03 03:00:00,0.6491499999999999
2022-05-03 04:00:00,0.6468499999999999
2022-05-03 05:00:00,0.6466999999999999
2022-05-03 06:00:00,0.6466
2022-05-03 07:00:00,0.64655
2022-05-03 08:00:00,0.64565
2022-05-03 09:00:00,0.6465
2022-05-03 10:00:00,0.64535
2022-05-03 11:00:00,0.6477499999999999
2022-05-03 12:00:00,0.6482999999999999
2022-05-03 13:00:00,0.64755
2022-05-03 14:00:00,0.6468499999999999
2022-05-03 15:00:00,0.6474
2022-05-03 16:00:00,0.6464
2022-05-03 17:00:00,0.6472499999999999
2022-05-03 18:00:00,0.6469499999999999
2022-05-03 19:00:00,0.6470499999999999
2022-05-03 20:00:00,0.6468999999999999
2022-05-03 22:00:00,0.6471499999999999
2022-05-03 23:00:00,0.64665
2022-05-04 00:00:00,0.6468999999999999
2022-05-04 01:00:00,0.6479999999999999
2022-05-04 02:00:00,0.6480499999999999
2022-05-04 03:00:00,0.64765
2022-05-04 04:00:00,0.6467499999999999
2022-05-04 05:00:00,0.64635
2022-05-04 06:00:00,0.6466
2022-05-04 07:00:00,0.64745
2022-05-04 08:00:00,0.6484
2022-05-04 09:00:00,0.6482499999999999
2022-05-04 10:00:00,0.6489499999999999
2022-05-04 11:00:00,0.6490499999999999
2022-05-04 12:00:00,0.6488999999999999
2022-05-04 13:00:00,0.6470499999999999
2022-05-04 14:00:00,0.6467999999999999
2022-05-04 15:00:00,0.6480499999999999
2022-05-04 16:00:00,0.64845
2022-05-04 17:00:00,0.64835
2022-05-04 18:00:00,0.6547499999999999
2022-05-04 19:00:00,0.6579999999999999
2022-05-04 20:00:00,0.6578499999999999
2022-05-04 22:00:00,0.6565
2022-05-04 23:00:00,0.6582499999999999
2022-05-05 00:00:00,0.6575
2022-05-05 01:00:00,0.6591999999999999
2022-05-05 02:00:00,0.6581999999999999
2022-05-05 03:00:00,0.6578499999999999
2022-05-05 04:00:00,0.6571999999999999
2022-05-05 05:00:00,0.6568999999999999
2022-05-05 06:00:00,0.6548999999999999
2022-05-05 07:00:00,0.6552999999999999
2022-05-05 08:00:00,0.6549499999999999
2022-05-05 09:00:00,0.6547999999999999
2022-05-05 10:00:00,0.6542499999999999
2022-05-05 11:00:00,0.6517999999999999
2022-05-05 12:00:00,0.6517
2022-05-05 13:00:00,0.6497999999999999
2022-05-05 14:00:00,0.64735
2022-05-05 15:00:00,0.6438999999999999
2022-05-05 16:00:00,0.6440999999999999
2022-05-05 17:00:00,0.6433
2022-05-05 18:00:00,0.6443
2022-05-05 19:00:00,0.6464
2022-05-05 20:00:00,0.6458499999999999
2022-05-05 22:00:00,0.64655
2022-05-05 23:00:00,0.6463
2022-05-06 00:00:00,0.6466999999999999
2022-05-06 01:00:00,0.6448499999999999
2022-05-06 02:00:00,0.6458999999999999
2022-05-06 03:00:00,0.6460999999999999
2022-05-06 04:00:00,0.6460499999999999
2022-05-06 05:00:00,0.6448499999999999
2022-05-06 06:00:00,0.6429499999999999
2022-05-06 07:00:00,0.6437999999999999
2022-05-06 08:00:00,0.6448999999999999
2022-05-06 09:00:00,0.64555
2022-05-06 10:00:00,0.64665
2022-05-06 11:00:00,0.6457499999999999
2022-05-06 12:00:00,0.6446999999999999
2022-05-06 13:00:00,0.6450499999999999
2022-05-06 14:00:00,0.6469499999999999
2022-05-06 15:00:00,0.6459999999999999
2022-05-06 16:00:00,0.6467499999999999
2022-05-06 17:00:00,0.6442499999999999
2022-05-06 18:00:00,0.6443
2022-05-06 19:00:00,0.6448999999999999
2022-05-06 20:00:00,0.6445
2022-05-08 22:00:00,0.6431499999999999
2022-05-08 23:00:00,0.6420499999999999
2022-05-09 00:00:00,0.64055
2022-05-09 01:00:00,0.6408499999999999
2022-05-09 02:00:00,0.6395
2022-05-09 03:00:00,0.63855
2022-05-09 04:00:00,0.6377999999999999
2022-05-09 05:00:00,0.6378999999999999
2022-05-09 06:00:00,0.6383
2022-05-09 07:00:00,0.6377499999999999
2022-05-09 08:00:00,0.63755
2022-05-09 09:00:00,0.6380999999999999
2022-05-09 10:00:00,0.63855
2022-05-09 11:00:00,0.6389999999999999
2022-05-09 12:00:00,0.6401999999999999
2022-05-09 13:00:00,0.63825
2022-05-09 14:00:00,0.6369499999999999
2022-05-09 15:00:00,0.6378999999999999
2022-05-09 16:00:00,0.63845
2022-05-09 17:00:00,0.6366999999999999
2022-05-09 18:00:00,0.6365999999999999
2022-05-09 19:00:00,0.6361999999999999
2022-05-09 20:00:00,0.6353
2022-05-09 22:00:00,0.6349999999999999
2022-05-09 23:00:00,0.63525
2022-05-10 00:00:00,0.6324
2022-05-10 01:00:00,0.6335
2022-05-10 02:00:00,0.6368499999999999
2022-05-10 03:00:00,0.6369499999999999
2022-05-10 04:00:00,0.6366999999999999
2022-05-10 05:00:00,0.63745
2022-05-10 06:00:00,0.6364
2022-05-10 07:00:00,0.63425
2022-05-10 08:00:00,0.6361499999999999
2022-05-10 09:00:00,0.6353
2022-05-10 10:00:00,0.6350999999999999
2022-05-10 11:00:00,0.6346499999999999
2022-05-10 12:00:00,0.6348999999999999
2022-05-10 13:00:00,0.6347999999999999
2022-05-10 14:00:00,0.63245
2022-05-10 15:00:00,0.6318999999999999
2022-05-10 16:00:00,0.63155
2022-05-10 17:00:00,0.6337999999999999
2022-05-10 18:00:00,0.63255
2022-05-10 19:00:00,0.63235
2022-05-10 20:00:00,0.63245
2022-05-10 22:00:00,0.6320499999999999
2022-05-10 23:00:00,0.6320999999999999
2022-05-11 00:00:00,0.6326499999999999
2022-05-11 01:00:00,0.6339999999999999
2022-05-11 02:00:00,0.6333
2022-05-11 03:00:00,0.6340999999999999
2022-05-11 04:00:00,0.6342
2022-05-11 05:00:00,0.63355
2022-05-11 06:00:00,0.6346999999999999
2022-05-11 07:00:00,0.6354
2022-05-11 08:00:00,0.6373
2022-05-11 09:00:00,0.6380999999999999
2022-05-11 10:00:00,0.6371999999999999
2022-05-11 11:00:00,0.6375
2022-05-11 12:00:00,0.6318499999999999
2022-05-11 13:00:00,0.64035
2022-05-11 14:00:00,0.6371999999999999
2022-05-11 15:00:00,0.6371499999999999
2022-05-11 16:00:00,0.63425
2022-05-11 17:00:00,0.6327999999999999
2022-05-11 18:00:00,0.6335
2022-05-11 19:00:00,0.6321499999999999
2022-05-11 20:00:00,0.6326499999999999
2022-05-11 22:00:00,0.6325
2022-05-11 23:00:00,0.6317499999999999
2022-05-12 00:00:00,0.6326499999999999
2022-05-12 01:00:00,0.6327499999999999
2022-05-12 02:00:00,0.6305999999999999
2022-05-12 03:00:00,0.6297499999999999
2022-05-12 04:00:00,0.6280999999999999
2022-05-12 05:00:00,0.62735
2022-05-12 06:00:00,0.6290499999999999
2022-05-12 07:00:00,0.6286999999999999
2022-05-12 08:00:00,0.62745
2022-05-12 09:00:00,0.62735
2022-05-12 10:00:00,0.6279999999999999
2022-05-12 11:00:00,0.6266499999999999
2022-05-12 12:00:00,0.6285
2022-05-12 13:00:00,0.6266499999999999
2022-05-12 14:00:00,0.6289999999999999
2022-05-12 15:00:00,0.6270499999999999
2022-05-12 16:00:00,0.62745
2022-05-12 17:00:00,0.6260499999999999
2022-05-12 18:00:00,0.6250999999999999
2022-05-12 19:00:00,0.6270499999999999
2022-05-12 20:00:00,0.6264
2022-05-12 22:00:00,0.6268499999999999
2022-05-12 23:00:00,0.6277999999999999
2022-05-13 00:00:00,0.6275999999999999
2022-05-13 01:00:00,0.62715
2022-05-13 02:00:00,0.6285999999999999
2022-05-13 03:00:00,0.6284
2022-05-13 04:00:00,0.6288999999999999
2022-05-13 05:00:00,0.62935
2022-05-13 06:00:00,0.62815
2022-05-13 07:00:00,0.62845
2022-05-13 08:00:00,0.6279499999999999
2022-05-13 09:00:00,0.6265
2022-05-13 10:00:00,0.6277999999999999
2022-05-13 11:00:00,0.6270499999999999
2022-05-13 12:00:00,0.6267999999999999
2022-05-13 13:00:00,0.6269999999999999
2022-05-13 14:00:00,0.6293
2022-05-13 15:00:00,0.6295499999999999
2022-05-13 16:00:00,0.6295499999999999
2022-05-13 17:00:00,0.6289999999999999
2022-05-13 18:00:00,0.6295499999999999
2022-05-13 19:00:00,0.6298499999999999
2022-05-13 20:00:00,0.6325
2022-05-15 22:00:00,0.6318499999999999
2022-05-15 23:00:00,0.6324
2022-05-16 00:00:00,0.6320499999999999
2022-05-16 01:00:00,0.6299999999999999
2022-05-16 02:00:00,0.6275999999999999
2022-05-16 03:00:00,0.6272
2022-05-16 04:00:00,0.6275499999999999
2022-05-16 05:00:00,0.6275499999999999
2022-05-16 06:00:00,0.6277499999999999
2022-05-16 07:00:00,0.6288499999999999
2022-05-16 08:00:00,0.6305499999999999
2022-05-16 09:00:00,0.6294
2022-05-16 10:00:00,0.6312
2022-05-16 11:00:00,0.6311499999999999
2022-05-16 12:00:00,0.6323
2022-05-16 13:00:00,0.63155
2022-05-16 14:00:00,0.63155
2022-05-16 15:00:00,0.6317499999999999
2022-05-16 16:00:00,0.6316499999999999
2022-05-16 17:00:00,0.6329499999999999
2022-05-16 18:00:00,0.6350499999999999
2022-05-16 19:00:00,0.6344
2022-05-16 20:00:00,0.6345999999999999
2022-05-16 22:00:00,0.63455
2022-05-16 23:00:00,0.6346999999999999
2022-05-17 00:00:00,0.6344
2022-05-17 01:00:00,0.6365
2022-05-17 02:00:00,0.63545
2022-05-17 03:00:00,0.6359499999999999
2022-05-17 04:00:00,0.63655
2022-05-17 05:00:00,0.6366999999999999
2022-05-17 06:00:00,0.6376
2022-05-17 07:00:00,0.6378999999999999
2022-05-17 08:00:00,0.6400499999999999
2022-05-17 09:00:00,0.6397999999999999
2022-05-17 10:00:00,0.6399999999999999
2022-05-17 11:00:00,0.6399999999999999
2022-05-17 12:00:00,0.6398999999999999
2022-05-17 13:00:00,0.6389999999999999
2022-05-17 14:00:00,0.6376
2022-05-17 15:00:00,0.63845
2022-05-17 16:00:00,0.6387499999999999
2022-05-17 17:00:00,0.6391499999999999
2022-05-17 18:00:00,0.6386
2022-05-17 19:00:00,0.6389999999999999
2022-05-17 20:00:00,0.63935
2022-05-17 22:00:00,0.6396
2022-05-17 23:00:00,0.63925
2022-05-18 00:00:00,0.6396999999999999
2022-05-18 01:00:00,0.6391499999999999
2022-05-18 02:00:00,0.6389499999999999
2022-05-18 03:00:00,0.6378499999999999
2022-05-18 04:00:00,0.6380499999999999
2022-05-18 05:00:00,0.6401999999999999
2022-05-18 06:00:00,0.6388999999999999
2022-05-18 07:00:00,0.6389999999999999
2022-05-18 08:00:00,0.6381999999999999
2022-05-18 09:00:00,0.6393
2022-05-18 10:00:00,0.6387999999999999
2022-05-18 11:00:00,0.6385
2022-05-18 12:00:00,0.6389999999999999
2022-05-18 13:00:00,0.6373
2022-05-18 14:00:00,0.6380499999999999
2022-05-18 15:00:00,0.63655
2022-05-18 16:00:00,0.6366999999999999
2022-05-18 17:00:00,0.6345999999999999
2022-05-18 18:00:00,0.6337999999999999
2022-05-18 19:00:00,0.63345
2022-05-18 20:00:00,0.6328999999999999
2022-05-18 22:00:00,0.6339999999999999
2022-05-18 23:00:00,0.6325999999999999
2022-05-19 00:00:00,0.6330999999999999
2022-05-19 01:00:00,0.63345
2022-05-19 02:00:00,0.6360499999999999
2022-05-19 03:00:00,0.6371499999999999
2022-05-19 04:00:00,0.63745
2022-05-19 05:00:00,0.6369999999999999
2022-05-19 06:00:00,0.6354
2022-05-19 07:00:00,0.6367999999999999
2022-05-19 08:00:00,0.6366499999999999
2022-05-19 09:00:00,0.6377499999999999
2022-05-19 10:00:00,0.6388999999999999
2022-05-19 11:00:00,0.63925
2022-05-19 12:00:00,0.6409999999999999
2022-05-19 13:00:00,0.6432499999999999
2022-05-19 14:00:00,0.6429999999999999
2022-05-19 15:00:00,0.6431999999999999
2022-05-19 16:00:00,0.6431999999999999
2022-05-19 17:00:00,0.6439999999999999
2022-05-19 18:00:00,0.6432499999999999
2022-05-19 19:00:00,0.6426
2022-05-19 20:00:00,0.6417499999999999
2022-05-19 22:00:00,0.6415
2022-05-19 23:00:00,0.6415
2022-05-20 00:00:00,0.6409999999999999
2022-05-20 01:00:00,0.6413
2022-05-20 02:00:00,0.6404
2022-05-20 03:00:00,0.6401499999999999
2022-05-20 04:00:00,0.6419999999999999
2022-05-20 05:00:00,0.6434
2022-05-20 06:00:00,0.6436
2022-05-20 07:00:00,0.6437999999999999
2022-05-20 08:00:00,0.6442499999999999
2022-05-20 09:00:00,0.6441999999999999
2022-05-20 10:00:00,0.6438499999999999
2022-05-20 11:00:00,0.64335
2022-05-20 12:00:00,0.6436999999999999
2022-05-20 13:00:00,0.6438999999999999
2022-05-20 14:00:00,0.6419499999999999
2022-05-20 15:00:00,0.6419999999999999
2022-05-20 16:00:00,0.6411499999999999
2022-05-20 17:00:00,0.6415
2022-05-20 18:00:00,0.64135
2022-05-20 19:00:00,0.6426499999999999
2022-05-20 20:00:00,0.6440999999999999
2022-05-22 22:00:00,0.6455
2022-05-22 23:00:00,0.6454
2022-05-23 00:00:00,0.6481999999999999
2022-05-23 01:00:00,0.6482499999999999
2022-05-23 02:00:00,0.6492499999999999
2022-05-23 03:00:00,0.6486999999999999
2022-05-23 04:00:00,0.6488499999999999
2022-05-23 05:00:00,0.6499999999999999
2022-05-23 06:00:00,0.6505
2022-05-23 07:00:00,0.6498999999999999
2022-05-23 08:00:00,0.6502999999999999
2022-05-23 09:00:00,0.6507499999999999
2022-05-23 10:00:00,0.6522999999999999
2022-05-23 11:00:00,0.6507499999999999
2022-05-23 12:00:00,0.6502999999999999
2022-05-23 13:00:00,0.6502499999999999
2022-05-23 14:00:00,0.6496999999999999
2022-05-23 15:00:00,0.6495
2022-05-23 16:00:00,0.6496
2022-05-23 17:00:00,0.6495
2022-05-23 18:00:00,0.6496499999999998
2022-05-23 19:00:00,0.6496999999999999
2022-05-23 20:00:00,0.6500499999999999
2022-05-23 22:00:00,0.6484
2022-05-23 23:00:00,0.6478499999999999
2022-05-24 00:00:00,0.6468999999999999
2022-05-24 01:00:00,0.64665
2022-05-24 02:00:00,0.6468999999999999
2022-05-24 03:00:00,0.6472499999999999
2022-05-24 04:00:00,0.6465
2022-05-24 05:00:00,0.6476
2022-05-24 06:00:00,0.6470999999999999
2022-05-24 07:00:00,0.6487499999999999
2022-05-24 08:00:00,0.6458999999999999
2022-05-24 09:00:00,0.6465
2022-05-24 10:00:00,0.6471499999999999
2022-05-24 11:00:00,0.6471499999999999
2022-05-24 12:00:00,0.6475
2022-05-24 13:00:00,0.6484
2022-05-24 14:00:00,0.6467499999999999
2022-05-24 15:00:00,0.6475
2022-05-24 16:00:00,0.6481499999999999
2022-05-24 17:00:00,0.64865
2022-05-24 18:00:00,0.6479499999999999
2022-05-24 19:00:00,0.6495
2022-05-24 20:00:00,0.6495
2022-05-24 22:00:00,0.6492999999999999
2022-05-24 23:00:00,0.6480999999999999
2022-05-25 00:00:00,0.6477999999999999
2022-05-25 01:00:00,0.6460999999999999
2022-05-25 02:00:00,0.6527999999999999
2022-05-25 03:00:00,0.6539999999999999
2022-05-25 04:00:00,0.6540499999999999
2022-05-25 05:00:00,0.65355
2022-05-25 06:00:00,0.6547999999999999
2022-05-25 07:00:00,0.6520499999999999
2022-05-25 08:00:00,0.65035
2022-05-25 09:00:00,0.6500999999999999
2022-05-25 10:00:00,0.6488499999999999
2022-05-25 11:00:00,0.64845
2022-05-25 12:00:00,0.6478499999999999
2022-05-25 13:00:00,0.6486999999999999
2022-05-25 14:00:00,0.6499499999999999
2022-05-25 15:00:00,0.6491999999999999
2022-05-25 16:00:00,0.6488499999999999
2022-05-25 17:00:00,0.6496999999999999
2022-05-25 18:00:00,0.65135
2022-05-25 19:00:00,0.65145
2022-05-25 20:00:00,0.6511999999999999
2022-05-25 22:00:00,0.6517999999999999
2022-05-25 23:00:00,0.65145
2022-05-26 00:00:00,0.6531499999999999
2022-05-26 01:00:00,0.6502999999999999
2022-05-26 02:00:00,0.6509999999999999
2022-05-26 03:00:00,0.6509499999999999
2022-05-26 04:00:00,0.6492499999999999
2022-05-26 05:00:00,0.64845
2022-05-26 06:00:00,0.64955
2022-05-26 07:00:00,0.6517999999999999
2022-05-26 08:00:00,0.65035
2022-05-26 09:00:00,0.6515
2022-05-26 10:00:00,0.6508499999999999
2022-05-26 11:00:00,0.6504
2022-05-26 12:00:00,0.6492999999999999
2022-05-26 13:00:00,0.6504
2022-05-26 14:00:00,0.6495
2022-05-26 15:00:00,0.64955
2022-05-26 16:00:00,0.6499499999999999
2022-05-26 17:00:00,0.65035
2022-05-26 18:00:00,0.6506
2022-05-26 19:00:00,0.6507
2022-05-26 20:00:00,0.65135
2022-05-26 22:00:00,0.6516
2022-05-26 23:00:00,0.6515
2022-05-27 00:00:00,0.6511499999999999
2022-05-27 01:00:00,0.6539499999999999
2022-05-27 02:00:00,0.6547999999999999
2022-05-27 03:00:00,0.6552499999999999
2022-05-27 04:00:00,0.6555
2022-05-27 05:00:00,0.6546499999999998
2022-05-27 06:00:00,0.6539999999999999
2022-05-27 07:00:00,0.6543499999999999
2022-05-27 08:00:00,0.6558999999999999
2022-05-27 09:00:00,0.65555
2022-05-27 10:00:00,0.6551999999999999
2022-05-27 11:00:00,0.6556
2022-05-27 12:00:00,0.6558499999999999
2022-05-27 13:00:00,0.6577
2022-05-27 14:00:00,0.65675
2022-05-27 15:00:00,0.6567
2022-05-27 16:00:00,0.6558999999999999
2022-05-27 17:00:00,0.65645
2022-05-27 18:00:00,0.6567999999999999
2022-05-27 19:00:00,0.6572499999999999
2022-05-27 20:00:00,0.6570499999999999
2022-05-29 22:00:00,0.6560999999999999
2022-05-29 23:00:00,0.6567
2022-05-30 00:00:00,0.6575
2022-05-30 01:00:00,0.6583499999999999
2022-05-30 02:00:00,0.6582499999999999
2022-05-30 03:00:00,0.6585
2022-05-30 04:00:00,0.6583499999999999
2022-05-30 05:00:00,0.6584
2022-05-30 06:00:00,0.6581499999999999
2022-05-30 07:00:00,0.6571499999999999
2022-05-30 08:00:00,0.6577
2022-05-30 09:00:00,0.65845
2022-05-30 10:00:00,0.6577
2022-05-30 11:00:00,0.6587
2022-05-30 12:00:00,0.6569999999999999
2022-05-30 13:00:00,0.6573499999999999
2022-05-30 14:00:00,0.6588499999999999
2022-05-30 15:00:00,0.65945
2022-05-30 16:00:00,0.6590999999999999
2022-05-30 17:00:00,0.6593499999999999
2022-05-30 18:00:00,0.6592499999999999
2022-05-30 19:00:00,0.6591499999999999
2022-05-30 20:00:00,0.6593499999999999
2022-05-30 22:00:00,0.6589499999999999
2022-05-30 23:00:00,0.6590499999999999
2022-05-31 00:00:00,0.6569999999999999
2022-05-31 01:00:00,0.6566
2022-05-31 02:00:00,0.65665
2022-05-31 03:00:00,0.6575
2022-05-31 04:00:00,0.65745
2022-05-31 05:00:00,0.6570499999999999
2022-05-31 06:00:00,0.6564
2022-05-31 07:00:00,0.6561999999999999
2022-05-31 08:00:00,0.6559499999999999
2022-05-31 09:00:00,0.6549499999999999
2022-05-31 10:00:00,0.6551499999999999
2022-05-31 11:00:00,0.6550499999999999
2022-05-31 12:00:00,0.6519999999999999
2022-05-31 13:00:00,0.6542499999999999
2022-05-31 14:00:00,0.6541999999999999
2022-05-31 15:00:00,0.6553499999999999
2022-05-31 16:00:00,0.6554
2022-05-31 17:00:00,0.6556
2022-05-31 18:00:00,0.6549499999999999
2022-05-31 19:00:00,0.6550499999999999
2022-05-31 20:00:00,0.6550999999999999
2022-05-31 22:00:00,0.6554
2022-05-31 23:00:00,0.6554
2022-06-01 00:00:00,0.6558499999999999
2022-06-01 01:00:00,0.6554
2022-06-01 02:00:00,0.6547499999999999
2022-06-01 03:00:00,0.6537999999999999
2022-06-01 04:00:00,0.65265
2022-06-01 05:00:00,0.65265
2022-06-01 06:00:00,0.6529499999999999
2022-06-01 07:00:00,0.6539999999999999
2022-06-01 08:00:00,0.6537499999999999
2022-06-01 09:00:00,0.6547999999999999
2022-06-01 10:00:00,0.6539999999999999
2022-06-01 11:00:00,0.6541499999999999
2022-06-01 12:00:00,0.65665
2022-06-01 13:00:00,0.6557
2022-06-01 14:00:00,0.6526
2022-06-01 15:00:00,0.6502999999999999
2022-06-01 16:00:00,0.6509499999999999
2022-06-01 17:00:00,0.6524
2022-06-01 18:00:00,0.6525
2022-06-01 19:00:00,0.6518999999999999
2022-06-01 20:00:00,0.6518499999999999
2022-06-01 22:00:00,0.6518999999999999
2022-06-01 23:00:00,0.6515
2022-06-02 00:00:00,0.6518499999999999
2022-06-02 01:00:00,0.6507499999999999
2022-06-02 02:00:00,0.6505
2022-06-02 03:00:00,0.6510499999999999
2022-06-02 04:00:00,0.6515
2022-06-02 05:00:00,0.6507999999999999
2022-06-02 06:00:00,0.6528499999999999
2022-06-02 07:00:00,0.6529499999999999
2022-06-02 08:00:00,0.6537
2022-06-02 09:00:00,0.6537499999999999
2022-06-02 10:00:00,0.6547499999999999
2022-06-02 11:00:00,0.6551499999999999
2022-06-02 12:00:00,0.6561499999999999
2022-06-02 13:00:00,0.6557499999999999
2022-06-02 14:00:00,0.6570999999999999
2022-06-02 15:00:00,0.6585
2022-06-02 16:00:00,0.6590999999999999
2022-06-02 17:00:00,0.65955
2022-06-02 18:00:00,0.6589999999999999
2022-06-02 19:00:00,0.65955
2022-06-02 20:00:00,0.65945
2022-06-02 22:00:00,0.6595
2022-06-02 23:00:00,0.6594
2022-06-03 00:00:00,0.65975
2022-06-03 01:00:00,0.6590999999999999
2022-06-03 02:00:00,0.6591999999999999
2022-06-03 03:00:00,0.6590999999999999
2022-06-03 04:00:00,0.6588499999999999
2022-06-03 05:00:00,0.6592999999999999
2022-06-03 06:00:00,0.6588499999999999
2022-06-03 07:00:00,0.6592499999999999
2022-06-03 08:00:00,0.6589999999999999
2022-06-03 09:00:00,0.6578999999999999
2022-06-03 10:00:00,0.6573499999999999
2022-06-03 11:00:00,0.6570499999999999
2022-06-03 12:00:00,0.65545
2022-06-03 13:00:00,0.6570999999999999
2022-06-03 14:00:00,0.65545
2022-06-03 15:00:00,0.6538999999999999
2022-06-03 16:00:00,0.6550499999999999
2022-06-03 17:00:00,0.6541999999999999
2022-06-03 18:00:00,0.6547499999999999
2022-06-03 19:00:00,0.6546
2022-06-03 20:00:00,0.6540499999999999
2022-06-05 22:00:00,0.6546499999999998
2022-06-05 23:00:00,0.6541499999999999
2022-06-06 00:00:00,0.6538999999999999
2022-06-06 01:00:00,0.6540999999999999
2022-06-06 02:00:00,0.6541499999999999
2022-06-06 03:00:00,0.65365
2022-06-06 04:00:00,0.6540499999999999
2022-06-06 05:00:00,0.6539499999999999
2022-06-06 06:00:00,0.6547
2022-06-06 07:00:00,0.6558499999999999
2022-06-06 08:00:00,0.6570499999999999
2022-06-06 09:00:00,0.65645
2022-06-06 10:00:00,0.6557999999999999
2022-06-06 11:00:00,0.6564
2022-06-06 12:00:00,0.6563499999999999
2022-06-06 13:00:00,0.6566
2022-06-06 14:00:00,0.6549499999999999
2022-06-06 15:00:00,0.6534
2022-06-06 16:00:00,0.6530999999999999
2022-06-06 17:00:00,0.65335
2022-06-06 18:00:00,0.6522999999999999
2022-06-06 19:00:00,0.6528999999999999
2022-06-06 20:00:00,0.65255
2022-06-06 22:00:00,0.6525
2022-06-06 23:00:00,0.6518499999999999
2022-06-07 00:00:00,0.6509499999999999
2022-06-07 01:00:00,0.65055
2022-06-07 02:00:00,0.6500499999999999
2022-06-07 03:00:00,0.65055
2022-06-07 04:00:00,0.6498499999999999
2022-06-07 05:00:00,0.6478999999999999
2022-06-07 06:00:00,0.6489999999999999
2022-06-07 07:00:00,0.6479499999999999
2022-06-07 08:00:00,0.6488999999999999
2022-06-07 09:00:00,0.6490999999999999
2022-06-07 10:00:00,0.6484
2022-06-07 11:00:00,0.6467499999999999
2022-06-07 12:00:00,0.64635
2022-06-07 13:00:00,0.6492999999999999
2022-06-07 14:00:00,0.65135
2022-06-07 15:00:00,0.6509499999999999
2022-06-07 16:00:00,0.6512499999999999
2022-06-07 17:00:00,0.6507999999999999
2022-06-07 18:00:00,0.6528999999999999
2022-06-07 19:00:00,0.6530499999999999
2022-06-07 20:00:00,0.6525
2022-06-07 22:00:00,0.6525
2022-06-07 23:00:00,0.65155
2022-06-08 00:00:00,0.6512499999999999
2022-06-08 01:00:00,0.6508499999999999
2022-06-08 02:00:00,0.65135
2022-06-08 03:00:00,0.6496499999999998
2022-06-08 04:00:00,0.6491499999999999
2022-06-08 05:00:00,0.64935
2022-06-08 06:00:00,0.6491999999999999
2022-06-08 07:00:00,0.6488499999999999
2022-06-08 08:00:00,0.64755
2022-06-08 09:00:00,0.6480999999999999
2022-06-08 10:00:00,0.64855
2022-06-08 11:00:00,0.6491499999999999
2022-06-08 12:00:00,0.6487499999999999
2022-06-08 13:00:00,0.65045
2022-06-08 14:00:00,0.6500999999999999
2022-06-08 15:00:00,0.6506
2022-06-08 16:00:00,0.6495
2022-06-08 17:00:00,0.64855
2022-06-08 18:00:00,0.6484
2022-06-08 19:00:00,0.64855
2022-06-08 20:00:00,0.6482999999999999
2022-06-08 22:00:00,0.6482499999999999
2022-06-08 23:00:00,0.6478499999999999
2022-06-09 00:00:00,0.6476999999999999
2022-06-09 01:00:00,0.6470999999999999
2022-06-09 02:00:00,0.6480999999999999
2022-06-09 03:00:00,0.6487499999999999
2022-06-09 04:00:00,0.6486999999999999
2022-06-09 05:00:00,0.6481499999999999
2022-06-09 06:00:00,0.6484499999999999
2022-06-09 07:00:00,0.6476999999999999
2022-06-09 08:00:00,0.6490499999999999
2022-06-09 09:00:00,0.6483499999999999
2022-06-09 10:00:00,0.6488999999999999
2022-06-09 11:00:00,0.6482999999999999
2022-06-09 12:00:00,0.6470999999999999
2022-06-09 13:00:00,0.6463499999999999
2022-06-09 14:00:00,0.6438499999999999
2022-06-09 15:00:00,0.6440999999999999
2022-06-09 16:00:00,0.6439499999999999
2022-06-09 17:00:00,0.6437499999999999
2022-06-09 18:00:00,0.6426999999999999
2022-06-09 19:00:00,0.6417999999999999
2022-06-09 20:00:00,0.6417499999999999
2022-06-09 22:00:00,0.6420499999999999
2022-06-09 23:00:00,0.6421499999999999
2022-06-10 00:00:00,0.6430499999999999
2022-06-10 01:00:00,0.6432999999999999
2022-06-10 02:00:00,0.6431999999999999
2022-06-10 03:00:00,0.6435999999999998
2022-06-10 04:00:00,0.6433999999999999
2022-06-10 05:00:00,0.6452999999999999
2022-06-10 06:00:00,0.6456499999999998
2022-06-10 07:00:00,0.6458499999999999
2022-06-10 08:00:00,0.6461999999999999
2022-06-10 09:00:00,0.6454499999999999
2022-06-10 10:00:00,0.6453499999999999
2022-06-10 11:00:00,0.6445999999999998
2022-06-10 12:00:00,0.6411999999999999
2022-06-10 13:00:00,0.6412499999999999
2022-06-10 14:00:00,0.6396999999999999
2022-06-10 15:00:00,0.6399999999999999
2022-06-10 16:00:00,0.6390499999999999
2022-06-10 17:00:00,0.6389999999999999
2022-06-10 18:00:00,0.6397499999999999
2022-06-10 19:00:00,0.6395499999999998
2022-06-10 20:00:00,0.6388999999999999
2022-06-12 22:00:00,0.6385499999999998
2022-06-12 23:00:00,0.6373999999999999
2022-06-13 00:00:00,0.6371499999999999
2022-06-13 01:00:00,0.6359999999999999
2022-06-13 02:00:00,0.6369499999999999
2022-06-13 03:00:00,0.6377499999999999
2022-06-13 04:00:00,0.6372999999999999
2022-06-13 05:00:00,0.6382999999999999
2022-06-13 06:00:00,0.6372499999999999
2022-06-13 07:00:00,0.6355499999999998
2022-06-13 08:00:00,0.6349999999999999
2022-06-13 09:00:00,0.6331499999999999
2022-06-13 10:00:00,0.6338999999999999
2022-06-13 11:00:00,0.6317999999999999
2022-06-13 12:00:00,0.6336999999999999
2022-06-13 13:00:00,0.6322999999999999
2022-06-13 14:00:00,0.6297999999999999
2022-06-13 15:00:00,0.6312499999999999
2022-06-13 16:00:00,0.6308999999999999
2022-06-13 17:00:00,0.6319999999999999
2022-06-13 18:00:00,0.6296999999999999
2022-06-13 19:00:00,0.6291499999999999
2022-06-13 20:00:00,0.6299999999999999
2022-06-13 22:00:00,0.6310999999999999
2022-06-13 23:00:00,0.6313999999999999
2022-06-14 00:00:00,0.6318499999999999
2022-06-14 01:00:00,0.6298499999999999
2022-06-14 02:00:00,0.6308499999999999
2022-06-14 03:00:00,0.6310999999999999
2022-06-14 04:00:00,0.6318499999999999
2022-06-14 05:00:00,0.6329499999999999
2022-06-14 06:00:00,0.6325499999999998
2022-06-14 07:00:00,0.6319499999999999
2022-06-14 08:00:00,0.6300999999999999
2022-06-14 09:00:00,0.6293499999999999
2022-06-14 10:00:00,0.6282499999999999
2022-06-14 11:00:00,0.6278499999999999
2022-06-14 12:00:00,0.6283499999999999
2022-06-14 13:00:00,0.6275499999999999
2022-06-14 14:00:00,0.6260999999999999
2022-06-14 15:00:00,0.6263499999999999
2022-06-14 16:00:00,0.6249499999999999
2022-06-14 17:00:00,0.6251499999999999
2022-06-14 18:00:00,0.6245499999999999
2022-06-14 19:00:00,0.6249999999999999
2022-06-14 20:00:00,0.6255999999999999
2022-06-14 22:00:00,0.6261499999999999
2022-06-14 23:00:00,0.6264499999999998
2022-06-15 00:00:00,0.6264999999999998
2022-06-15 01:00:00,0.6275499999999999
2022-06-15 02:00:00,0.6278999999999999
2022-06-15 03:00:00,0.6272999999999999
2022-06-15 04:00:00,0.6261999999999999
2022-06-15 05:00:00,0.6262999999999999
2022-06-15 06:00:00,0.6266499999999999
2022-06-15 07:00:00,0.6258999999999999
2022-06-15 08:00:00,0.6278499999999999
2022-06-15 09:00:00,0.6286999999999999
2022-06-15 10:00:00,0.6287999999999999
2022-06-15 11:00:00,0.6294999999999998
2022-06-15 12:00:00,0.6286999999999999
2022-06-15 13:00:00,0.6296499999999999
2022-06-15 14:00:00,0.6285499999999999
2022-06-15 15:00:00,0.6279999999999999
2022-06-15 16:00:00,0.6278499999999999
2022-06-15 17:00:00,0.6289999999999999
2022-06-15 18:00:00,0.6303999999999998
2022-06-15 19:00:00,0.6334499999999998
2022-06-15 20:00:00,0.6324499999999998
2022-06-15 22:00:00,0.6309499999999999
2022-06-15 23:00:00,0.6331499999999999
2022-06-16 00:00:00,0.6331499999999999
2022-06-16 01:00:00,0.6322999999999999
2022-06-16 02:00:00,0.6334499999999998
2022-06-16 03:00:00,0.6330999999999999
2022-06-16 04:00:00,0.6330999999999999
2022-06-16 05:00:00,0.6320499999999999
2022-06-16 06:00:00,0.6305499999999998
2022-06-16 07:00:00,0.6291499999999999
2022-06-16 08:00:00,0.6309499999999999
2022-06-16 09:00:00,0.6309499999999999
2022-06-16 10:00:00,0.6300499999999999
2022-06-16 11:00:00,0.6286999999999999
2022-06-16 12:00:00,0.6323999999999999
2022-06-16 13:00:00,0.6327999999999999
2022-06-16 14:00:00,0.6332499999999999
2022-06-16 15:00:00,0.6377999999999999
2022-06-16 16:00:00,0.6410499999999999
2022-06-16 17:00:00,0.6425499999999998
2022-06-16 18:00:00,0.6418999999999999
2022-06-16 19:00:00,0.6406499999999999
2022-06-16 20:00:00,0.6399999999999999
2022-06-16 22:00:00,0.6396999999999999
2022-06-16 23:00:00,0.6398499999999999
2022-06-17 00:00:00,0.6383499999999999
2022-06-17 01:00:00,0.6381999999999999
2022-06-17 02:00:00,0.6381499999999999
2022-06-17 03:00:00,0.6370499999999999
2022-06-17 04:00:00,0.6383999999999999
2022-06-17 05:00:00,0.6380499999999999
2022-06-17 06:00:00,0.6359499999999999
2022-06-17 07:00:00,0.6370499999999999
2022-06-17 08:00:00,0.6371999999999999
2022-06-17 09:00:00,0.6375499999999998
2022-06-17 10:00:00,0.6378499999999999
2022-06-17 11:00:00,0.6360999999999999
2022-06-17 12:00:00,0.6361999999999999
2022-06-17 13:00:00,0.6345999999999999
2022-06-17 14:00:00,0.6315499999999998
2022-06-17 15:00:00,0.6330999999999999
2022-06-17 16:00:00,0.6331499999999999
2022-06-17 17:00:00,0.6345499999999998
2022-06-17 18:00:00,0.6348499999999999
2022-06-17 19:00:00,0.6345999999999999
2022-06-17 20:00:00,0.6342999999999999
2022-06-19 22:00:00,0.6360999999999999
2022-06-19 23:00:00,0.6364499999999998
2022-06-20 00:00:00,0.6359499999999999
2022-06-20 01:00:00,0.6347499999999999
2022-06-20 02:00:00,0.6366499999999999
2022-06-20 03:00:00,0.6365499999999998
2022-06-20 04:00:00,0.6368499999999999
2022-06-20 05:00:00,0.6370999999999999
2022-06-20 06:00:00,0.6379499999999999
2022-06-20 07:00:00,0.6382999999999999
2022-06-20 08:00:00,0.6386999999999999
2022-06-20 09:00:00,0.6396499999999999
2022-06-20 10:00:00,0.6396499999999999
2022-06-20 11:00:00,0.6397999999999999
2022-06-20 12:00:00,0.6389999999999999
2022-06-20 13:00:00,0.6375999999999998
2022-06-20 14:00:00,0.6379999999999999
2022-06-20 15:00:00,0.6385499999999998
2022-06-20 16:00:00,0.6376999999999999
2022-06-20 17:00:00,0.6368999999999999
2022-06-20 18:00:00,0.6366999999999999
2022-06-20 19:00:00,0.6373499999999999
2022-06-20 20:00:00,0.6371999999999999
2022-06-20 22:00:00,0.6375499999999998
2022-06-20 23:00:00,0.6374999999999998
2022-06-21 00:00:00,0.6376999999999999
2022-06-21 01:00:00,0.6377999999999999
2022-06-21 02:00:00,0.6379999999999999
2022-06-21 03:00:00,0.6386499999999999
2022-06-21 04:00:00,0.6372999999999999
2022-06-21 05:00:00,0.6367999999999999
2022-06-21 06:00:00,0.6375499999999998
2022-06-21 07:00:00,0.6398499999999999
2022-06-21 08:00:00,0.6402499999999999
2022-06-21 09:00:00,0.6390999999999999
2022-06-21 10:00:00,0.6373999999999999
2022-06-21 11:00:00,0.6365499999999998
2022-06-21 12:00:00,0.6367499999999999
2022-06-21 13:00:00,0.6385499999999998
2022-06-21 14:00:00,0.6387999999999999
2022-06-21 15:00:00,0.6386999999999999
2022-06-21 16:00:00,0.6381499999999999
2022-06-21 17:00:00,0.6377999999999999
2022-06-21 18:00:00,0.6376499999999999
2022-06-21 19:00:00,0.6369999999999999
2022-06-21 20:00:00,0.6374499999999999
2022-06-21 22:00:00,0.6372499999999999
2022-06-21 23:00:00,0.6355999999999999
2022-06-22 00:00:00,0.6340499999999999
2022-06-22 01:00:00,0.6336499999999999
2022-06-22 02:00:00,0.6322499999999999
2022-06-22 03:00:00,0.6313499999999999
2022-06-22 04:00:00,0.6311499999999999
2022-06-22 05:00:00,0.6313499999999999
2022-06-22 06:00:00,0.6300999999999999
2022-06-22 07:00:00,0.6301499999999999
2022-06-22 08:00:00,0.6290499999999999
2022-06-22 09:00:00,0.6304999999999998
2022-06-22 10:00:00,0.6291499999999999
2022-06-22 11:00:00,0.6291499999999999
2022-06-22 12:00:00,0.6304999999999998
2022-06-22 13:00:00,0.6329499999999999
2022-06-22 14:00:00,0.6344999999999998
2022-06-22 15:00:00,0.6333999999999999
2022-06-22 16:00:00,0.6328999999999999
2022-06-22 17:00:00,0.6337499999999999
2022-06-22 18:00:00,0.6325999999999999
2022-06-22 19:00:00,0.6329999999999999
2022-06-22 20:00:00,0.6330999999999999
2022-06-22 22:00:00,0.6328999999999999
2022-06-22 23:00:00,0.6314499999999998
2022-06-23 00:00:00,0.6315999999999999
2022-06-23 01:00:00,0.6302499999999999
2022-06-23 02:00:00,0.6306499999999999
2022-06-23 03:00:00,0.6302999999999999
2022-06-23 04:00:00,0.6308499999999999
2022-06-23 05:00:00,0.6311999999999999
2022-06-23 06:00:00,0.6312999999999999
2022-06-23 07:00:00,0.6294999999999998
2022-06-23 08:00:00,0.6294999999999998
2022-06-23 09:00:00,0.6300999999999999
2022-06-23 10:00:00,0.6313499999999999
2022-06-23 11:00:00,0.6314999999999998
2022-06-23 12:00:00,0.6329499999999999
2022-06-23 13:00:00,0.6351999999999999
2022-06-23 14:00:00,0.6342999999999999
2022-06-23 15:00:00,0.6322499999999999
2022-06-23 16:00:00,0.6310499999999999
2022-06-23 17:00:00,0.6308999999999999
2022-06-23 18:00:00,0.6318499999999999
2022-06-23 19:00:00,0.6328999999999999
2022-06-23 20:00:00,0.6319999999999999
2022-06-23 22:00:00,0.6328499999999999
2022-06-23 23:00:00,0.6327499999999999
2022-06-24 00:00:00,0.6331499999999999
2022-06-24 01:00:00,0.6334499999999998
2022-06-24 02:00:00,0.6332499999999999
2022-06-24 03:00:00,0.6334499999999998
2022-06-24 04:00:00,0.6345499999999998
2022-06-24 05:00:00,0.6342999999999999
2022-06-24 06:00:00,0.6341499999999999
2022-06-24 07:00:00,0.6338999999999999
2022-06-24 08:00:00,0.6342499999999999
2022-06-24 09:00:00,0.6355499999999998
2022-06-24 10:00:00,0.6344499999999998
2022-06-24 11:00:00,0.6332499999999999
2022-06-24 12:00:00,0.6339499999999999
2022-06-24 13:00:00,0.6329999999999999
2022-06-24 14:00:00,0.6355499999999998
2022-06-24 15:00:00,0.6360999999999999
2022-06-24 16:00:00,0.6363499999999999
2022-06-24 17:00:00,0.6356499999999999
2022-06-24 18:00:00,0.6362499999999999
2022-06-24 19:00:00,0.6367499999999999
2022-06-24 20:00:00,0.6356499999999999
2022-06-26 22:00:00,0.6363999999999999
2022-06-26 23:00:00,0.6355999999999999
2022-06-27 00:00:00,0.6346499999999999
2022-06-27 01:00:00,0.6351499999999999
2022-06-27 02:00:00,0.6348999999999999
2022-06-27 03:00:00,0.6350499999999999
2022-06-27 04:00:00,0.6357499999999999
2022-06-27 05:00:00,0.6360999999999999
2022-06-27 06:00:00,0.6353499999999999
2022-06-27 07:00:00,0.6357499999999999
2022-06-27 08:00:00,0.6367499999999999
2022-06-27 09:00:00,0.6352499999999999
2022-06-27 10:00:00,0.6357999999999999
2022-06-27 11:00:00,0.6338999999999999
2022-06-27 12:00:00,0.6343499999999999
2022-06-27 13:00:00,0.6353499999999999
2022-06-27 14:00:00,0.6358999999999999
2022-06-27 15:00:00,0.6359999999999999
2022-06-27 16:00:00,0.6351499999999999
2022-06-27 17:00:00,0.6344999999999998
2022-06-27 18:00:00,0.6337999999999999
2022-06-27 19:00:00,0.6336499999999999
2022-06-27 20:00:00,0.6344499999999998
2022-06-27 22:00:00,0.6339999999999999
2022-06-27 23:00:00,0.6336499999999999
2022-06-28 00:00:00,0.6343999999999999
2022-06-28 01:00:00,0.6340499999999999
2022-06-28 02:00:00,0.6337499999999999
2022-06-28 03:00:00,0.6344999999999998
2022-06-28 04:00:00,0.6336499999999999
2022-06-28 05:00:00,0.6333499999999999
2022-06-28 06:00:00,0.6349999999999999
2022-06-28 07:00:00,0.6333499999999999
2022-06-28 08:00:00,0.6345999999999999
2022-06-28 09:00:00,0.6334999999999998
2022-06-28 10:00:00,0.6324499999999998
2022-06-28 11:00:00,0.6319999999999999
2022-06-28 12:00:00,0.6311499999999999
2022-06-28 13:00:00,0.6316499999999999
2022-06-28 14:00:00,0.6296999999999999
2022-06-28 15:00:00,0.6298499999999999
2022-06-28 16:00:00,0.6299499999999999
2022-06-28 17:00:00,0.6298499999999999
2022-06-28 18:00:00,0.6286999999999999
2022-06-28 19:00:00,0.6287999999999999
2022-06-28 20:00:00,0.6283499999999999
2022-06-28 22:00:00,0.6284999999999998
2022-06-28 23:00:00,0.6279999999999999
2022-06-29 00:00:00,0.6283999999999998
2022-06-29 01:00:00,0.6294499999999998
2022-06-29 02:00:00,0.6295499999999999
2022-06-29 03:00:00,0.6296499999999999
2022-06-29 04:00:00,0.6299999999999999
2022-06-29 05:00:00,0.6292499999999999
2022-06-29 06:00:00,0.6278999999999999
2022-06-29 07:00:00,0.6281499999999999
2022-06-29 08:00:00,0.6266499999999999
2022-06-29 09:00:00,0.6253499999999999
2022-06-29 10:00:00,0.6273999999999998
2022-06-29 11:00:00,0.6279499999999999
2022-06-29 12:00:00,0.6268499999999999
2022-06-29 13:00:00,0.6254999999999998
2022-06-29 14:00:00,0.6260999999999999
2022-06-29 15:00:00,0.6268499999999999
2022-06-29 16:00:00,0.6258999999999999
2022-06-29 17:00:00,0.6267999999999999
2022-06-29 18:00:00,0.6257499999999999
2022-06-29 19:00:00,0.6263499999999999
2022-06-29 20:00:00,0.6264499999999998
2022-06-29 22:00:00,0.6271499999999999
2022-06-29 23:00:00,0.6266999999999999
2022-06-30 00:00:00,0.6257499999999999
2022-06-30 01:00:00,0.6257499999999999
2022-06-30 02:00:00,0.6262999999999999
2022-06-30 03:00:00,0.6262999999999999
2022-06-30 04:00:00,0.6265499999999999
2022-06-30 05:00:00,0.6257999999999999
2022-06-30 06:00:00,0.6257499999999999
2022-06-30 07:00:00,0.6267499999999999
2022-06-30 08:00:00,0.6275999999999999
2022-06-30 09:00:00,0.6273499999999999
2022-06-30 10:00:00,0.6258499999999999
2022-06-30 11:00:00,0.6261999999999999
2022-06-30 12:00:00,0.6270999999999999
2022-06-30 13:00:00,0.6284999999999998
2022-06-30 14:00:00,0.6262499999999999
2022-06-30 15:00:00,0.6289999999999999
2022-06-30 16:00:00,0.6295499999999999
2022-06-30 17:00:00,0.6292999999999999
2022-06-30 18:00:00,0.6292499999999999
2022-06-30 19:00:00,0.6291499999999999
2022-06-30 20:00:00,0.6289499999999999
2022-06-30 22:00:00,0.6280499999999999
2022-06-30 23:00:00,0.6283999999999998
2022-07-01 00:00:00,0.6276499999999999
2022-07-01 01:00:00,0.6276499999999999
2022-07-01 02:00:00,0.6262999999999999
2022-07-01 03:00:00,0.6229499999999999
2022-07-01 04:00:00,0.6220999999999999
2022-07-01 05:00:00,0.6231499999999999
2022-07-01 06:00:00,0.6233499999999998
2022-07-01 07:00:00,0.6216499999999999
2022-07-01 08:00:00,0.6223499999999998
2022-07-01 09:00:00,0.6219999999999999
2022-07-01 10:00:00,0.6208999999999999
2022-07-01 11:00:00,0.6207499999999999
2022-07-01 12:00:00,0.6198499999999999
2022-07-01 13:00:00,0.6218499999999999
2022-07-01 14:00:00,0.6217999999999999
2022-07-01 15:00:00,0.6231499999999999
2022-07-01 16:00:00,0.6230999999999999
2022-07-01 17:00:00,0.6247999999999999
2022-07-01 18:00:00,0.6256499999999999
2022-07-01 19:00:00,0.6253999999999998
2022-07-01 20:00:00,0.6253999999999998
2022-07-03 22:00:00,0.6260499999999999
2022-07-03 23:00:00,0.6251999999999999
2022-07-04 00:00:00,0.6259499999999999
2022-07-04 01:00:00,0.6253499999999999
2022-07-04 02:00:00,0.6252499999999999
2022-07-04 03:00:00,0.6246999999999999
2022-07-04 04:00:00,0.6251499999999999
2022-07-04 05:00:00,0.6267999999999999
2022-07-04 06:00:00,0.6277999999999999
2022-07-04 07:00:00,0.6281499999999999
2022-07-04 08:00:00,0.6275499999999999
2022-07-04 09:00:00,0.6291499999999999
2022-07-04 10:00:00,0.6294999999999998
2022-07-04 11:00:00,0.6288999999999999
2022-07-04 12:00:00,0.6284999999999998
2022-07-04 13:00:00,0.6267499999999999
2022-07-04 14:00:00,0.6254999999999998
2022-07-04 15:00:00,0.6261499999999999
2022-07-04 16:00:00,0.6260499999999999
2022-07-04 17:00:00,0.6252499999999999
2022-07-04 18:00:00,0.6253499999999999
2022-07-04 19:00:00,0.6251499999999999
2022-07-04 20:00:00,0.6254999999999998
2022-07-04 22:00:00,0.6255499999999999
2022-07-04 23:00:00,0.6259999999999999
2022-07-05 00:00:00,0.6266999999999999
2022-07-05 01:00:00,0.6270499999999999
2022-07-05 02:00:00,0.6257499999999999
2022-07-05 03:00:00,0.6254999999999998
2022-07-05 04:00:00,0.6259999999999999
2022-07-05 05:00:00,0.6268499999999999
2022-07-05 06:00:00,0.6255999999999999
2022-07-05 07:00:00,0.6227999999999999
2022-07-05 08:00:00,0.6203499999999998
2022-07-05 09:00:00,0.6203499999999998
2022-07-05 10:00:00,0.6200499999999999
2022-07-05 11:00:00,0.6186999999999999
2022-07-05 12:00:00,0.6189999999999999
2022-07-05 13:00:00,0.6174499999999999
2022-07-05 14:00:00,0.6182999999999998
2022-07-05 15:00:00,0.6187499999999999
2022-07-05 16:00:00,0.6182999999999998
2022-07-05 17:00:00,0.6191999999999999
2022-07-05 18:00:00,0.6209999999999999
2022-07-05 19:00:00,0.6215999999999999
2022-07-05 20:00:00,0.6213999999999998
2022-07-05 22:00:00,0.6215999999999999
2022-07-05 23:00:00,0.6211499999999999
2022-07-06 00:00:00,0.6219499999999999
2022-07-06 01:00:00,0.6219499999999999
2022-07-06 02:00:00,0.6218499999999999
2022-07-06 03:00:00,0.6212499999999999
2022-07-06 04:00:00,0.6205499999999999
2022-07-06 05:00:00,0.6198999999999999
2022-07-06 06:00:00,0.6220499999999999
2022-07-06 07:00:00,0.6224999999999999
2022-07-06 08:00:00,0.6221499999999999
2022-07-06 09:00:00,0.6211499999999999
2022-07-06 10:00:00,0.6215499999999999
2022-07-06 11:00:00,0.6213499999999998
2022-07-06 12:00:00,0.6224499999999998
2022-07-06 13:00:00,0.6213499999999998
2022-07-06 14:00:00,0.6185999999999999
2022-07-06 15:00:00,0.6184499999999998
2022-07-06 16:00:00,0.6182999999999998
2022-07-06 17:00:00,0.6194499999999998
2022-07-06 18:00:00,0.6196499999999999
2022-07-06 19:00:00,0.6195999999999999
2022-07-06 20:00:00,0.6193999999999998
2022-07-06 22:00:00,0.6198499999999999
2022-07-06 23:00:00,0.6195999999999999
2022-07-07 00:00:00,0.6198999999999999
2022-07-07 01:00:00,0.6203999999999998
2022-07-07 02:00:00,0.6222499999999999
2022-07-07 03:00:00,0.6224999999999999
2022-07-07 04:00:00,0.6227499999999999
2022-07-07 05:00:00,0.6230999999999999
2022-07-07 06:00:00,0.6220499999999999
2022-07-07 07:00:00,0.6219499999999999
2022-07-07 08:00:00,0.6226999999999999
2022-07-07 09:00:00,0.6229999999999999
2022-07-07 10:00:00,0.6226999999999999
2022-07-07 11:00:00,0.6229499999999999
2022-07-07 12:00:00,0.6214999999999999
2022-07-07 13:00:00,0.6223999999999998
2022-07-07 14:00:00,0.6221499999999999
2022-07-07 15:00:00,0.6215499999999999
2022-07-07 16:00:00,0.6217999999999999
2022-07-07 17:00:00,0.6220499999999999
2022-07-07 18:00:00,0.6223999999999998
2022-07-07 19:00:00,0.6222999999999999
2022-07-07 20:00:00,0.6221999999999999
2022-07-07 22:00:00,0.6218999999999999
2022-07-07 23:00:00,0.6223499999999998
2022-07-08 00:00:00,0.6236999999999999
2022-07-08 01:00:00,0.6229499999999999
2022-07-08 02:00:00,0.6220999999999999
2022-07-08 03:00:00,0.6215499999999999
2022-07-08 04:00:00,0.6216499999999999
2022-07-08 05:00:00,0.6214499999999998
2022-07-08 06:00:00,0.6213999999999998
2022-07-08 07:00:00,0.6201499999999999
2022-07-08 08:00:00,0.6198999999999999
2022-07-08 09:00:00,0.6204999999999999
2022-07-08 10:00:00,0.6211499999999999
2022-07-08 11:00:00,0.6214499999999998
2022-07-08 12:00:00,0.6188999999999999
2022-07-08 13:00:00,0.6213499999999998
2022-07-08 14:00:00,0.6242999999999999
2022-07-08 15:00:00,0.6239999999999999
2022-07-08 16:00:00,0.6221499999999999
2022-07-08 17:00:00,0.6226499999999999
2022-07-08 18:00:00,0.6228499999999999
2022-07-08 19:00:00,0.6229999999999999
2022-07-08 20:00:00,0.6234499999999998
2022-07-10 22:00:00,0.6230999999999999
2022-07-10 23:00:00,0.6229499999999999
2022-07-11 00:00:00,0.6222999999999999
2022-07-11 01:00:00,0.6214499999999998
2022-07-11 02:00:00,0.6215999999999999
2022-07-11 03:00:00,0.6216999999999999
2022-07-11 04:00:00,0.6216499999999999
2022-07-11 05:00:00,0.6212999999999999
2022-07-11 06:00:00,0.6207999999999999
2022-07-11 07:00:00,0.6207999999999999
2022-07-11 08:00:00,0.6211499999999999
2022-07-11 09:00:00,0.6189999999999999
2022-07-11 10:00:00,0.6194999999999999
2022-07-11 11:00:00,0.6174999999999999
2022-07-11 12:00:00,0.6157499999999999
2022-07-11 13:00:00,0.6154999999999999
2022-07-11 14:00:00,0.6169999999999999
2022-07-11 15:00:00,0.6180499999999999
2022-07-11 16:00:00,0.6165999999999999
2022-07-11 17:00:00,0.6173999999999998
2022-07-11 18:00:00,0.6165499999999999
2022-07-11 19:00:00,0.6158999999999999
2022-07-11 20:00:00,0.6157999999999999
2022-07-11 22:00:00,0.6157999999999999
2022-07-11 23:00:00,0.6165499999999999
2022-07-12 00:00:00,0.6160999999999999
2022-07-12 01:00:00,0.6163999999999998
2022-07-12 02:00:00,0.6163499999999998
2022-07-12 03:00:00,0.6161499999999999
2022-07-12 04:00:00,0.6151499999999999
2022-07-12 05:00:00,0.6149499999999999
2022-07-12 06:00:00,0.6160999999999999
2022-07-12 07:00:00,0.6154499999999999
2022-07-12 08:00:00,0.6149499999999999
2022-07-12 09:00:00,0.6158999999999999
2022-07-12 10:00:00,0.6157999999999999
2022-07-12 11:00:00,0.6162999999999998
2022-07-12 12:00:00,0.6176999999999999
2022-07-12 13:00:00,0.6177499999999999
2022-07-12 14:00:00,0.6179999999999999
2022-07-12 15:00:00,0.6185499999999999
2022-07-12 16:00:00,0.6185999999999999
2022-07-12 17:00:00,0.6183999999999998
2022-07-12 18:00:00,0.6179499999999999
2022-07-12 19:00:00,0.6174499999999999
2022-07-12 20:00:00,0.6173999999999998
2022-07-12 22:00:00,0.6167999999999999
2022-07-12 23:00:00,0.6166999999999999
2022-07-13 00:00:00,0.6165499999999999
2022-07-13 01:00:00,0.6178999999999999
2022-07-13 02:00:00,0.6172499999999999
2022-07-13 03:00:00,0.6173999999999998
2022-07-13 04:00:00,0.6175999999999999
2022-07-13 05:00:00,0.6170999999999999
2022-07-13 06:00:00,0.6171499999999999
2022-07-13 07:00:00,0.6180999999999999
2022-07-13 08:00:00,0.6181499999999999
2022-07-13 09:00:00,0.6181499999999999
2022-07-13 10:00:00,0.6191999999999999
2022-07-13 11:00:00,0.6200499999999999
2022-07-13 12:00:00,0.6147499999999999
2022-07-13 13:00:00,0.6152499999999999
2022-07-13 14:00:00,0.6201999999999999
2022-07-13 15:00:00,0.6198499999999999
2022-07-13 16:00:00,0.6197499999999999
2022-07-13 17:00:00,0.6198999999999999
2022-07-13 18:00:00,0.6184999999999999
2022-07-13 19:00:00,0.6180999999999999
2022-07-13 20:00:00,0.6176999999999999
2022-07-13 22:00:00,0.6171999999999999
2022-07-13 23:00:00,0.6155499999999999
2022-07-14 00:00:00,0.6154499999999999
2022-07-14 01:00:00,0.6158999999999999
2022-07-14 02:00:00,0.6166499999999999
2022-07-14 03:00:00,0.6175999999999999
2022-07-14 04:00:00,0.6173999999999998
2022-07-14 05:00:00,0.6164499999999999
2022-07-14 06:00:00,0.6156499999999999
2022-07-14 07:00:00,0.6164999999999999
2022-07-14 08:00:00,0.6140499999999999
2022-07-14 09:00:00,0.6153999999999998
2022-07-14 10:00:00,0.6133499999999998
2022-07-14 11:00:00,0.6133999999999998
2022-07-14 12:00:00,0.6129999999999999
2022-07-14 13:00:00,0.6124999999999999
2022-07-14 14:00:00,0.6134499999999999
2022-07-14 15:00:00,0.6168999999999999
2022-07-14 16:00:00,0.6146999999999999
2022-07-14 17:00:00,0.6160499999999999
2022-07-14 18:00:00,0.6176999999999999
2022-07-14 19:00:00,0.6168499999999999
2022-07-14 20:00:00,0.6171499999999999
2022-07-14 22:00:00,0.6169499999999999
2022-07-14 23:00:00,0.6176999999999999
2022-07-15 00:00:00,0.6170499999999999
2022-07-15 01:00:00,0.6185999999999999
2022-07-15 02:00:00,0.6183999999999998
2022-07-15 03:00:00,0.6177499999999999
2022-07-15 04:00:00,0.6178999999999999
2022-07-15 05:00:00,0.6170499999999999
2022-07-15 06:00:00,0.6171499999999999
2022-07-15 07:00:00,0.6171999999999999
2022-07-15 08:00:00,0.6177499999999999
2022-07-15 09:00:00,0.6179499999999999
2022-07-15 10:00:00,0.6189499999999999
2022-07-15 11:00:00,0.6185499999999999
2022-07-15 12:00:00,0.6207999999999999
2022-07-15 13:00:00,0.6191999999999999
2022-07-15 14:00:00,0.6209999999999999
2022-07-15 15:00:00,0.6204499999999998
2022-07-15 16:00:00,0.6203499999999998
2022-07-15 17:00:00,0.6205999999999999
2022-07-15 18:00:00,0.6201499999999999
2022-07-15 19:00:00,0.6202499999999999
2022-07-15 20:00:00,0.6210499999999999
2022-07-17 22:00:00,0.6211499999999999
2022-07-17 23:00:00,0.6234999999999999
2022-07-18 00:00:00,0.6233499999999998
2022-07-18 01:00:00,0.6243499999999998
2022-07-18 02:00:00,0.6232999999999999
2022-07-18 03:00:00,0.6222499999999999
2022-07-18 04:00:00,0.6210999999999999
2022-07-18 05:00:00,0.6200999999999999
2022-07-18 06:00:00,0.6211499999999999
2022-07-18 07:00:00,0.6226499999999999
2022-07-18 08:00:00,0.6222499999999999
2022-07-18 09:00:00,0.6226499999999999
2022-07-18 10:00:00,0.6222499999999999
2022-07-18 11:00:00,0.6214499999999998
2022-07-18 12:00:00,0.6221499999999999
2022-07-18 13:00:00,0.6223499999999998
2022-07-18 14:00:00,0.6227499999999999
2022-07-18 15:00:00,0.6218999999999999
2022-07-18 16:00:00,0.6215999999999999
2022-07-18 17:00:00,0.6205999999999999
2022-07-18 18:00:00,0.6203999999999998
2022-07-18 19:00:00,0.6201999999999999
2022-07-18 20:00:00,0.6199999999999999
2022-07-18 22:00:00,0.6197499999999999
2022-07-18 23:00:00,0.6197999999999999
2022-07-19 00:00:00,0.6191999999999999
2022-07-19 01:00:00,0.6196999999999999
2022-07-19 02:00:00,0.6205499999999999
2022-07-19 03:00:00,0.6213999999999998
2022-07-19 04:00:00,0.6216999999999999
2022-07-19 05:00:00,0.6218499999999999
2022-07-19 06:00:00,0.6228499999999999
2022-07-19 07:00:00,0.6263499999999999
2022-07-19 08:00:00,0.6274499999999998
2022-07-19 09:00:00,0.6279499999999999
2022-07-19 10:00:00,0.6279999999999999
2022-07-19 11:00:00,0.6282999999999999
2022-07-19 12:00:00,0.6275999999999999
2022-07-19 13:00:00,0.6276999999999999
2022-07-19 14:00:00,0.6281999999999999
2022-07-19 15:00:00,0.6274499999999998
2022-07-19 16:00:00,0.6275999999999999
2022-07-19 17:00:00,0.6271499999999999
2022-07-19 18:00:00,0.6268499999999999
2022-07-19 19:00:00,0.6271499999999999
2022-07-19 20:00:00,0.6272999999999999
2022-07-19 22:00:00,0.6277499999999999
2022-07-19 23:00:00,0.6278999999999999
2022-07-20 00:00:00,0.6289499999999999
2022-07-20 01:00:00,0.6284499999999998
2022-07-20 02:00:00,0.6303999999999998
2022-07-20 03:00:00,0.6309499999999999
2022-07-20 04:00:00,0.6317499999999999
2022-07-20 05:00:00,0.6300499999999999
2022-07-20 06:00:00,0.6302499999999999
2022-07-20 07:00:00,0.6293999999999998
2022-07-20 08:00:00,0.6288499999999999
2022-07-20 09:00:00,0.6307999999999999
2022-07-20 10:00:00,0.6289499999999999
2022-07-20 11:00:00,0.6296499999999999
2022-07-20 12:00:00,0.6296499999999999
2022-07-20 13:00:00,0.6287999999999999
2022-07-20 14:00:00,0.6294499999999998
2022-07-20 15:00:00,0.6283999999999998
2022-07-20 16:00:00,0.6272499999999999
2022-07-20 17:00:00,0.6265999999999999
2022-07-20 18:00:00,0.6272499999999999
2022-07-20 19:00:00,0.6274999999999998
2022-07-20 20:00:00,0.6275999999999999
2022-07-20 22:00:00,0.6273499999999999
2022-07-20 23:00:00,0.6268499999999999
2022-07-21 00:00:00,0.6270499999999999
2022-07-21 01:00:00,0.6269499999999999
2022-07-21 02:00:00,0.6273999999999998
2022-07-21 03:00:00,0.6269499999999999
2022-07-21 04:00:00,0.6287499999999999
2022-07-21 05:00:00,0.6282499999999999
2022-07-21 06:00:00,0.6272499999999999
2022-07-21 07:00:00,0.6249999999999999
2022-07-21 08:00:00,0.6242499999999999
2022-07-21 09:00:00,0.6240999999999999
2022-07-21 10:00:00,0.6243999999999998
2022-07-21 11:00:00,0.6233499999999998
2022-07-21 12:00:00,0.6269999999999999
2022-07-21 13:00:00,0.6257999999999999
2022-07-21 14:00:00,0.6268499999999999
2022-07-21 15:00:00,0.6261999999999999
2022-07-21 16:00:00,0.6259499999999999
2022-07-21 17:00:00,0.6260999999999999
2022-07-21 18:00:00,0.6267499999999999
2022-07-21 19:00:00,0.6283499999999999
2022-07-21 20:00:00,0.6299999999999999
2022-07-21 22:00:00,0.6291999999999999
2022-07-21 23:00:00,0.6289999999999999
2022-07-22 00:00:00,0.6286999999999999
2022-07-22 01:00:00,0.6284499999999998
2022-07-22 02:00:00,0.6274499999999998
2022-07-22 03:00:00,0.6270499999999999
2022-07-22 04:00:00,0.6260499999999999
2022-07-22 05:00:00,0.6264999999999998
2022-07-22 06:00:00,0.6282499999999999
2022-07-22 07:00:00,0.6274999999999998
2022-07-22 08:00:00,0.6279999999999999
2022-07-22 09:00:00,0.6285999999999999
2022-07-22 10:00:00,0.6291499999999999
2022-07-22 11:00:00,0.6310499999999999
2022-07-22 12:00:00,0.6307499999999999
2022-07-22 13:00:00,0.6339499999999999
2022-07-22 14:00:00,0.6326999999999999
2022-07-22 15:00:00,0.6318499999999999
2022-07-22 16:00:00,0.6317499999999999
2022-07-22 17:00:00,0.6304499999999998
2022-07-22 18:00:00,0.6284499999999998
2022-07-22 19:00:00,0.6291999999999999
2022-07-22 20:00:00,0.6297999999999999
2022-07-24 22:00:00,0.6285999999999999
2022-07-24 23:00:00,0.6278499999999999
2022-07-25 00:00:00,0.6263999999999998
2022-07-25 01:00:00,0.6277499999999999
2022-07-25 02:00:00,0.6281999999999999
2022-07-25 03:00:00,0.6279499999999999
2022-07-25 04:00:00,0.6281499999999999
2022-07-25 05:00:00,0.6277999999999999
2022-07-25 06:00:00,0.6285999999999999
2022-07-25 07:00:00,0.6286999999999999
2022-07-25 08:00:00,0.6300499999999999
2022-07-25 09:00:00,0.6318499999999999
2022-07-25 10:00:00,0.6318499999999999
2022-07-25 11:00:00,0.6316499999999999
2022-07-25 12:00:00,0.6311999999999999
2022-07-25 13:00:00,0.6315999999999999
2022-07-25 14:00:00,0.6300999999999999
2022-07-25 15:00:00,0.6305999999999999
2022-07-25 16:00:00,0.6311499999999999
2022-07-25 17:00:00,0.6315499999999998
2022-07-25 18:00:00,0.6310999999999999
2022-07-25 19:00:00,0.6314999999999998
2022-07-25 20:00:00,0.6308499999999999
2022-07-25 22:00:00,0.6307999999999999
2022-07-25 23:00:00,0.6303999999999998
2022-07-26 00:00:00,0.6305499999999998
2022-07-26 01:00:00,0.6319999999999999
2022-07-26 02:00:00,0.6316499999999999
2022-07-26 03:00:00,0.6313499999999999
2022-07-26 04:00:00,0.6310999999999999
2022-07-26 05:00:00,0.6306999999999999
2022-07-26 06:00:00,0.6303999999999998
2022-07-26 07:00:00,0.6306999999999999
2022-07-26 08:00:00,0.6297999999999999
2022-07-26 09:00:00,0.6283999999999998
2022-07-26 10:00:00,0.6279499999999999
2022-07-26 11:00:00,0.6282999999999999
2022-07-26 12:00:00,0.6280499999999999
2022-07-26 13:00:00,0.6283499999999999
2022-07-26 14:00:00,0.6292999999999999
2022-07-26 15:00:00,0.6282499999999999
2022-07-26 16:00:00,0.6282999999999999
2022-07-26 17:00:00,0.6276499999999999
2022-07-26 18:00:00,0.6274499999999998
2022-07-26 19:00:00,0.6275999999999999
2022-07-26 20:00:00,0.6276999999999999
2022-07-26 22:00:00,0.6285499999999999
2022-07-26 23:00:00,0.6287999999999999
2022-07-27 00:00:00,0.6291499999999999
2022-07-27 01:00:00,0.6283999999999998
2022-07-27 02:00:00,0.6277999999999999
2022-07-27 03:00:00,0.6276999999999999
2022-07-27 04:00:00,0.6285499999999999
2022-07-27 05:00:00,0.6284499999999998
2022-07-27 06:00:00,0.6273499999999999
2022-07-27 07:00:00,0.6275499999999999
2022-07-27 08:00:00,0.6278499999999999
2022-07-27 09:00:00,0.6285999999999999
2022-07-27 10:00:00,0.6280499999999999
2022-07-27 11:00:00,0.6274499999999998
2022-07-27 12:00:00,0.6265999999999999
2022-07-27 13:00:00,0.6257999999999999
2022-07-27 14:00:00,0.6250999999999999
2022-07-27 15:00:00,0.6246499999999999
2022-07-27 16:00:00,0.6245499999999999
2022-07-27 17:00:00,0.6249999999999999
2022-07-27 18:00:00,0.6309999999999999
2022-07-27 19:00:00,0.6311499999999999
2022-07-27 20:00:00,0.6311999999999999
2022-07-27 22:00:00,0.6311499999999999
2022-07-27 23:00:00,0.6306999999999999
2022-07-28 00:00:00,0.6305499999999998
2022-07-28 01:00:00,0.6313999999999999
2022-07-28 02:00:00,0.6311499999999999
2022-07-28 03:00:00,0.6320999999999999
2022-07-28 04:00:00,0.6316499999999999
2022-07-28 05:00:00,0.6323999999999999
2022-07-28 06:00:00,0.6327499999999999
2022-07-28 07:00:00,0.6333999999999999
2022-07-28 08:00:00,0.6338499999999999
2022-07-28 09:00:00,0.6321499999999999
2022-07-28 10:00:00,0.6316499999999999
2022-07-28 11:00:00,0.6317999999999999
2022-07-28 12:00:00,0.6333999999999999
2022-07-28 13:00:00,0.6315999999999999
2022-07-28 14:00:00,0.6321999999999999
2022-07-28 15:00:00,0.6325999999999999
2022-07-28 16:00:00,0.6315999999999999
2022-07-28 17:00:00,0.6321999999999999
2022-07-28 18:00:00,0.6330499999999999
2022-07-28 19:00:00,0.6334499999999998
2022-07-28 20:00:00,0.6337999999999999
2022-07-28 22:00:00,0.6342499999999999
2022-07-28 23:00:00,0.6341999999999999
2022-07-29 00:00:00,0.6340499999999999
2022-07-29 01:00:00,0.6343499999999999
2022-07-29 02:00:00,0.6347999999999999
2022-07-29 03:00:00,0.6359499999999999
2022-07-29 04:00:00,0.6354999999999998
2022-07-29 05:00:00,0.6361999999999999
2022-07-29 06:00:00,0.6372999999999999
2022-07-29 07:00:00,0.6364999999999998
2022-07-29 08:00:00,0.6350499999999999
2022-07-29 09:00:00,0.6339499999999999
2022-07-29 10:00:00,0.6341499999999999
2022-07-29 11:00:00,0.6321999999999999
2022-07-29 12:00:00,0.6299999999999999
2022-07-29 13:00:00,0.6277499999999999
2022-07-29 14:00:00,0.6319999999999999
2022-07-29 15:00:00,0.6324999999999998
2022-07-29 16:00:00,0.6319499999999999
2022-07-29 17:00:00,0.6320499999999999
2022-07-29 18:00:00,0.6343999999999999
2022-07-29 19:00:00,0.6337999999999999
2022-07-29 20:00:00,0.6338999999999999
2022-07-31 22:00:00,0.6334499999999998
2022-07-31 23:00:00,0.6326499999999999
2022-08-01 00:00:00,0.6336999999999999
2022-08-01 01:00:00,0.6340499999999999
2022-08-01 02:00:00,0.6349999999999999
2022-08-01 03:00:00,0.6339999999999999
2022-08-01 04:00:00,0.6345499999999998
2022-08-01 05:00:00,0.6343999999999999
2022-08-01 06:00:00,0.6347999999999999
2022-08-01 07:00:00,0.6363499999999999
2022-08-01 08:00:00,0.6372499999999999
2022-08-01 09:00:00,0.6377499999999999
2022-08-01 10:00:00,0.6377999999999999
2022-08-01 11:00:00,0.6381999999999999
2022-08-01 12:00:00,0.6382999999999999
2022-08-01 13:00:00,0.6383499999999999
2022-08-01 14:00:00,0.6398999999999999
2022-08-01 15:00:00,0.6392999999999999
2022-08-01 16:00:00,0.6393999999999999
2022-08-01 17:00:00,0.6378999999999999
2022-08-01 18:00:00,0.6380499999999999
2022-08-01 19:00:00,0.6382499999999999
2022-08-01 20:00:00,0.6382499999999999
2022-08-01 22:00:00,0.6384999999999998
2022-08-01 23:00:00,0.6380499999999999
2022-08-02 00:00:00,0.6382499999999999
2022-08-02 01:00:00,0.6375499999999998
2022-08-02 02:00:00,0.6378499999999999
2022-08-02 03:00:00,0.6376999999999999
2022-08-02 04:00:00,0.6363999999999999
2022-08-02 05:00:00,0.6355499999999998
2022-08-02 06:00:00,0.6344999999999998
2022-08-02 07:00:00,0.6333499999999999
2022-08-02 08:00:00,0.6326999999999999
2022-08-02 09:00:00,0.6335499999999998
2022-08-02 10:00:00,0.6336499999999999
2022-08-02 11:00:00,0.6341499999999999
2022-08-02 12:00:00,0.6332999999999999
2022-08-02 13:00:00,0.6335999999999999
2022-08-02 14:00:00,0.6335999999999999
2022-08-02 15:00:00,0.6330499999999999
2022-08-02 16:00:00,0.6337499999999999
2022-08-02 17:00:00,0.6320499999999999
2022-08-02 18:00:00,0.6308499999999999
2022-08-02 19:00:00,0.6306499999999999
2022-08-02 20:00:00,0.6302499999999999
2022-08-02 22:00:00,0.6273499999999999
2022-08-02 23:00:00,0.6269999999999999
2022-08-03 00:00:00,0.6267499999999999
2022-08-03 01:00:00,0.6282499999999999
2022-08-03 02:00:00,0.6288499999999999
2022-08-03 03:00:00,0.6308999999999999
2022-08-03 04:00:00,0.6302499999999999
2022-08-03 05:00:00,0.6312499999999999
2022-08-03 06:00:00,0.6306499999999999
2022-08-03 07:00:00,0.6305499999999998
2022-08-03 08:00:00,0.6306999999999999
2022-08-03 09:00:00,0.6302499999999999
2022-08-03 10:00:00,0.6302499999999999
2022-08-03 11:00:00,0.6314999999999998
2022-08-03 12:00:00,0.6306499999999999
2022-08-03 13:00:00,0.6301999999999999
2022-08-03 14:00:00,0.6281499999999999
2022-08-03 15:00:00,0.6298499999999999
2022-08-03 16:00:00,0.6303999999999998
2022-08-03 17:00:00,0.6307499999999999
2022-08-03 18:00:00,0.6311999999999999
2022-08-03 19:00:00,0.6323499999999999
2022-08-03 20:00:00,0.6323999999999999
2022-08-03 22:00:00,0.6321499999999999
2022-08-03 23:00:00,0.6315999999999999
2022-08-04 00:00:00,0.6331499999999999
2022-08-04 01:00:00,0.6329999999999999
2022-08-04 02:00:00,0.6337499999999999
2022-08-04 03:00:00,0.6339499999999999
2022-08-04 04:00:00,0.6340999999999999
2022-08-04 05:00:00,0.6339499999999999
2022-08-04 06:00:00,0.6338999999999999
2022-08-04 07:00:00,0.6349999999999999
2022-08-04 08:00:00,0.6350499999999999
2022-08-04 09:00:00,0.6355999999999999
2022-08-04 10:00:00,0.6360499999999999
2022-08-04 11:00:00,0.6338999999999999
2022-08-04 12:00:00,0.6343499999999999
2022-08-04 13:00:00,0.6334499999999998
2022-08-04 14:00:00,0.6338499999999999
2022-08-04 15:00:00,0.6344499999999998
2022-08-04 16:00:00,0.6346499999999999
2022-08-04 17:00:00,0.6351499999999999
2022-08-04 18:00:00,0.6357999999999999
2022-08-04 19:00:00,0.6355499999999998
2022-08-04 20:00:00,0.6348999999999999
2022-08-04 22:00:00,0.6346999999999999
2022-08-04 23:00:00,0.6345499999999998
2022-08-05 00:00:00,0.6335499999999998
2022-08-05 01:00:00,0.6342499999999999
2022-08-05 02:00:00,0.6336499999999999
2022-08-05 03:00:00,0.6337999999999999
2022-08-05 04:00:00,0.6342999999999999
2022-08-05 05:00:00,0.6346499999999999
2022-08-05 06:00:00,0.6356999999999999
2022-08-05 07:00:00,0.6346999999999999
2022-08-05 08:00:00,0.6344999999999998
2022-08-05 09:00:00,0.6336999999999999
2022-08-05 10:00:00,0.6336499999999999
2022-08-05 11:00:00,0.6343999999999999
2022-08-05 12:00:00,0.6273499999999999
2022-08-05 13:00:00,0.6283999999999998
2022-08-05 14:00:00,0.6298499999999999
2022-08-05 15:00:00,0.6285999999999999
2022-08-05 16:00:00,0.6297499999999999
2022-08-05 17:00:00,0.6294499999999998
2022-08-05 18:00:00,0.6285499999999999
2022-08-05 19:00:00,0.6288999999999999
2022-08-05 20:00:00,0.6281999999999999
2022-08-07 22:00:00,0.6284999999999998
2022-08-07 23:00:00,0.6287999999999999
2022-08-08 00:00:00,0.6281999999999999
2022-08-08 01:00:00,0.6296499999999999
2022-08-08 02:00:00,0.6304999999999998
2022-08-08 03:00:00,0.6288999999999999
2022-08-08 04:00:00,0.6291999999999999
2022-08-08 05:00:00,0.6290999999999999
2022-08-08 06:00:00,0.6293999999999998
2022-08-08 07:00:00,0.6317999999999999
2022-08-08 08:00:00,0.6308999999999999
2022-08-08 09:00:00,0.6318999999999999
2022-08-08 10:00:00,0.6332999999999999
2022-08-08 11:00:00,0.6337999999999999
2022-08-08 12:00:00,0.6343499999999999
2022-08-08 13:00:00,0.6345499999999998
2022-08-08 14:00:00,0.6348499999999999
2022-08-08 15:00:00,0.6336499999999999
2022-08-08 16:00:00,0.6330999999999999
2022-08-08 17:00:00,0.6337499999999999
2022-08-08 18:00:00,0.6330999999999999
2022-08-08 19:00:00,0.6332999999999999
2022-08-08 20:00:00,0.6333999999999999
2022-08-08 22:00:00,0.6333499999999999
2022-08-08 23:00:00,0.6337999999999999
2022-08-09 00:00:00,0.6329499999999999
2022-08-09 01:00:00,0.6324999999999998
2022-08-09 02:00:00,0.6329999999999999
2022-08-09 03:00:00,0.6335499999999998
2022-08-09 04:00:00,0.6329999999999999
2022-08-09 05:00:00,0.6327499999999999
2022-08-09 06:00:00,0.6325499999999998
2022-08-09 07:00:00,0.6331999999999999
2022-08-09 08:00:00,0.6339499999999999
2022-08-09 09:00:00,0.6348999999999999
2022-08-09 10:00:00,0.6337499999999999
2022-08-09 11:00:00,0.6323499999999999
2022-08-09 12:00:00,0.6333499999999999
2022-08-09 13:00:00,0.6331499999999999
2022-08-09 14:00:00,0.6332499999999999
2022-08-09 15:00:00,0.6335499999999998
2022-08-09 16:00:00,0.6327499999999999
2022-08-09 17:00:00,0.6324499999999998
2022-08-09 18:00:00,0.6324999999999998
2022-08-09 19:00:00,0.6331499999999999
2022-08-09 20:00:00,0.6334999999999998
2022-08-09 22:00:00,0.6333999999999999
2022-08-09 23:00:00,0.6334499999999998
2022-08-10 00:00:00,0.6327999999999999
2022-08-10 01:00:00,0.6336999999999999
2022-08-10 02:00:00,0.6339999999999999
2022-08-10 03:00:00,0.6339999999999999
2022-08-10 04:00:00,0.6338499999999999
2022-08-10 05:00:00,0.6338999999999999
2022-08-10 06:00:00,0.6337499999999999
2022-08-10 07:00:00,0.6345999999999999
2022-08-10 08:00:00,0.6358499999999999
2022-08-10 09:00:00,0.6362499999999999
2022-08-10 10:00:00,0.6361999999999999
2022-08-10 11:00:00,0.6370999999999999
2022-08-10 12:00:00,0.6430499999999999
2022-08-10 13:00:00,0.6438999999999999
2022-08-10 14:00:00,0.6468999999999999
2022-08-10 15:00:00,0.6473499999999999
2022-08-10 16:00:00,0.6474999999999999
2022-08-10 17:00:00,0.6474999999999999
2022-08-10 18:00:00,0.6461999999999999
2022-08-10 19:00:00,0.6453999999999999
2022-08-10 20:00:00,0.6452499999999999
2022-08-10 22:00:00,0.6456499999999998
2022-08-10 23:00:00,0.6453499999999999
2022-08-11 00:00:00,0.6453499999999999
2022-08-11 01:00:00,0.6443999999999999
2022-08-11 02:00:00,0.6435499999999998
2022-08-11 03:00:00,0.6439999999999999
2022-08-11 04:00:00,0.6435999999999998
2022-08-11 05:00:00,0.6449499999999999
2022-08-11 06:00:00,0.6466999999999999
2022-08-11 07:00:00,0.6472499999999999
2022-08-11 08:00:00,0.6477499999999999
2022-08-11 09:00:00,0.6472499999999999
2022-08-11 10:00:00,0.6467499999999999
2022-08-11 11:00:00,0.6485499999999998
2022-08-11 12:00:00,0.6497999999999999
2022-08-11 13:00:00,0.6503999999999999
2022-08-11 14:00:00,0.6494499999999999
2022-08-11 15:00:00,0.6491499999999999
2022-08-11 16:00:00,0.6492499999999999
2022-08-11 17:00:00,0.6480499999999999
2022-08-11 18:00:00,0.6480499999999999
2022-08-11 19:00:00,0.6473499999999999
2022-08-11 20:00:00,0.6479999999999999
2022-08-11 22:00:00,0.6480999999999999
2022-08-11 23:00:00,0.6481999999999999
2022-08-12 00:00:00,0.6478499999999999
2022-08-12 01:00:00,0.6477999999999999
2022-08-12 02:00:00,0.6491999999999999
2022-08-12 03:00:00,0.6504499999999999
2022-08-12 04:00:00,0.6509999999999999
2022-08-12 05:00:00,0.6506499999999998
2022-08-12 06:00:00,0.6507499999999999
2022-08-12 07:00:00,0.6503999999999999
2022-08-12 08:00:00,0.6494999999999999
2022-08-12 09:00:00,0.6487499999999999
2022-08-12 10:00:00,0.6477499999999999
2022-08-12 11:00:00,0.6475499999999998
2022-08-12 12:00:00,0.6484999999999999
2022-08-12 13:00:00,0.6494499999999999
2022-08-12 14:00:00,0.6481499999999999
2022-08-12 15:00:00,0.6484999999999999
2022-08-12 16:00:00,0.6495999999999998
2022-08-12 17:00:00,0.6497499999999999
2022-08-12 18:00:00,0.6503499999999999
2022-08-12 19:00:00,0.6502499999999999
2022-08-12 20:00:00,0.6502999999999999
2022-08-14 22:00:00,0.6500499999999999
2022-08-14 23:00:00,0.6496999999999998
2022-08-15 00:00:00,0.6498999999999999
2022-08-15 01:00:00,0.6495999999999998
2022-08-15 02:00:00,0.6476499999999998
2022-08-15 03:00:00,0.6480999999999999
2022-08-15 04:00:00,0.6467999999999999
2022-08-15 05:00:00,0.6463499999999999
2022-08-15 06:00:00,0.6454499999999999
2022-08-15 07:00:00,0.6437999999999999
2022-08-15 08:00:00,0.6420999999999999
2022-08-15 09:00:00,0.6417499999999999
2022-08-15 10:00:00,0.6415999999999998
2022-08-15 11:00:00,0.6416999999999999
2022-08-15 12:00:00,0.6408499999999999
2022-08-15 13:00:00,0.6420499999999999
2022-08-15 14:00:00,0.6426499999999998
2022-08-15 15:00:00,0.6429499999999999
2022-08-15 16:00:00,0.6421999999999999
2022-08-15 17:00:00,0.6415999999999998
2022-08-15 18:00:00,0.6410499999999999
2022-08-15 19:00:00,0.6413499999999999
2022-08-15 20:00:00,0.6413499999999999
2022-08-15 22:00:00,0.6405999999999998
2022-08-15 23:00:00,0.6409999999999999
2022-08-16 00:00:00,0.6400999999999999
2022-08-16 01:00:00,0.6406999999999999
2022-08-16 02:00:00,0.6416999999999999
2022-08-16 03:00:00,0.6412499999999999
2022-08-16 04:00:00,0.6404999999999998
2022-08-16 05:00:00,0.6412999999999999
2022-08-16 06:00:00,0.6386999999999999
2022-08-16 07:00:00,0.6392499999999999
2022-08-16 08:00:00,0.6385999999999998
2022-08-16 09:00:00,0.6369999999999999
2022-08-16 10:00:00,0.6371499999999999
2022-08-16 11:00:00,0.6368499999999999
2022-08-16 12:00:00,0.6373499999999999
2022-08-16 13:00:00,0.6388999999999999
2022-08-16 14:00:00,0.6388499999999999
2022-08-16 15:00:00,0.6383999999999999
2022-08-16 16:00:00,0.6384499999999999
2022-08-16 17:00:00,0.6389499999999999
2022-08-16 18:00:00,0.6391499999999999
2022-08-16 19:00:00,0.6394499999999999
2022-08-16 20:00:00,0.6391999999999999
2022-08-16 22:00:00,0.6393999999999999
2022-08-16 23:00:00,0.6389999999999999
2022-08-17 00:00:00,0.6390999999999999
2022-08-17 01:00:00,0.6382999999999999
2022-08-17 02:00:00,0.6401499999999999
2022-08-17 03:00:00,0.6392499999999999
2022-08-17 04:00:00,0.6408499999999999
2022-08-17 05:00:00,0.6409999999999999
2022-08-17 06:00:00,0.6391999999999999
2022-08-17 07:00:00,0.6366999999999999
2022-08-17 08:00:00,0.6359999999999999
2022-08-17 09:00:00,0.6366499999999999
2022-08-17 10:00:00,0.6345999999999999
2022-08-17 11:00:00,0.6337499999999999
2022-08-17 12:00:00,0.6326499999999999
2022-08-17 13:00:00,0.6323999999999999
2022-08-17 14:00:00,0.6320999999999999
2022-08-17 15:00:00,0.6309999999999999
2022-08-17 16:00:00,0.6321499999999999
2022-08-17 17:00:00,0.6316999999999999
2022-08-17 18:00:00,0.6336499999999999
2022-08-17 19:00:00,0.6330999999999999
2022-08-17 20:00:00,0.6326499999999999
2022-08-17 22:00:00,0.6325999999999999
2022-08-17 23:00:00,0.6325499999999998
2022-08-18 00:00:00,0.6327999999999999
2022-08-18 01:00:00,0.6322999999999999
2022-08-18 02:00:00,0.6328499999999999
2022-08-18 03:00:00,0.6318499999999999
2022-08-18 04:00:00,0.6327499999999999
2022-08-18 05:00:00,0.6321999999999999
2022-08-18 06:00:00,0.6298499999999999
2022-08-18 07:00:00,0.6304999999999998
2022-08-18 08:00:00,0.6316999999999999
2022-08-18 09:00:00,0.6336499999999999
2022-08-18 10:00:00,0.6332499999999999
2022-08-18 11:00:00,0.6352999999999999
2022-08-18 12:00:00,0.6346999999999999
2022-08-18 13:00:00,0.6333999999999999
2022-08-18 14:00:00,0.6327499999999999
2022-08-18 15:00:00,0.6315499999999998
2022-08-18 16:00:00,0.6298999999999999
2022-08-18 17:00:00,0.6301499999999999
2022-08-18 18:00:00,0.6304999999999998
2022-08-18 19:00:00,0.6312499999999999
2022-08-18 20:00:00,0.6306999999999999
2022-08-18 22:00:00,0.6293499999999999
2022-08-18 23:00:00,0.6291999999999999
2022-08-19 00:00:00,0.6280499999999999
2022-08-19 01:00:00,0.6279999999999999
2022-08-19 02:00:00,0.6295999999999999
2022-08-19 03:00:00,0.6289999999999999
2022-08-19 04:00:00,0.6284499999999998
2022-08-19 05:00:00,0.6286499999999999
2022-08-19 06:00:00,0.6281999999999999
2022-08-19 07:00:00,0.6277999999999999
2022-08-19 08:00:00,0.6274999999999998
2022-08-19 09:00:00,0.6264999999999998
2022-08-19 10:00:00,0.6260999999999999
2022-08-19 11:00:00,0.6252499999999999
2022-08-19 12:00:00,0.6262999999999999
2022-08-19 13:00:00,0.6238999999999999
2022-08-19 14:00:00,0.6227499999999999
2022-08-19 15:00:00,0.6224499999999998
2022-08-19 16:00:00,0.6226499999999999
2022-08-19 17:00:00,0.6228499999999999
2022-08-19 18:00:00,0.6214499999999998
2022-08-19 19:00:00,0.6215499999999999
2022-08-19 20:00:00,0.6219999999999999
2022-08-21 22:00:00,0.6224499999999998
2022-08-21 23:00:00,0.6222999999999999
2022-08-22 00:00:00,0.6228999999999999
2022-08-22 01:00:00,0.6231999999999999
2022-08-22 02:00:00,0.6247499999999999
2022-08-22 03:00:00,0.6251499999999999
2022-08-22 04:00:00,0.6249499999999999
2022-08-22 05:00:00,0.6244499999999998
2022-08-22 06:00:00,0.6248499999999999
2022-08-22 07:00:00,0.6238499999999999
2022-08-22 08:00:00,0.6249499999999999
2022-08-22 09:00:00,0.6254499999999998
2022-08-22 10:00:00,0.6249499999999999
2022-08-22 11:00:00,0.6250999999999999
2022-08-22 12:00:00,0.6245999999999999
2022-08-22 13:00:00,0.6226499999999999
2022-08-22 14:00:00,0.6220499999999999
2022-08-22 15:00:00,0.6211999999999999
2022-08-22 16:00:00,0.6214499999999998
2022-08-22 17:00:00,0.6208499999999999
2022-08-22 18:00:00,0.6211999999999999
2022-08-22 19:00:00,0.6220499999999999
2022-08-22 20:00:00,0.6217999999999999
2022-08-22 22:00:00,0.6226999999999999
2022-08-22 23:00:00,0.6223999999999998
2022-08-23 00:00:00,0.6228499999999999
2022-08-23 01:00:00,0.6239499999999999
2022-08-23 02:00:00,0.6239999999999999
2022-08-23 03:00:00,0.6240499999999999
2022-08-23 04:00:00,0.6231499999999999
2022-08-23 05:00:00,0.6225499999999999
2022-08-23 06:00:00,0.6216999999999999
2022-08-23 07:00:00,0.6229999999999999
2022-08-23 08:00:00,0.6234999999999999
2022-08-23 09:00:00,0.6231999999999999
2022-08-23 10:00:00,0.6224499999999998
2022-08-23 11:00:00,0.6224999999999999
2022-08-23 12:00:00,0.6223999999999998
2022-08-23 13:00:00,0.6262499999999999
2022-08-23 14:00:00,0.6278499999999999
2022-08-23 15:00:00,0.6273499999999999
2022-08-23 16:00:00,0.6274499999999998
2022-08-23 17:00:00,0.6258499999999999
2022-08-23 18:00:00,0.6255999999999999
2022-08-23 19:00:00,0.6260499999999999
2022-08-23 20:00:00,0.6262499999999999
2022-08-23 22:00:00,0.6267499999999999
2022-08-23 23:00:00,0.6254999999999998
2022-08-24 00:00:00,0.6242999999999999
2022-08-24 01:00:00,0.6236999999999999
2022-08-24 02:00:00,0.6231499999999999
2022-08-24 03:00:00,0.6234999999999999
2022-08-24 04:00:00,0.6244499999999998
2022-08-24 05:00:00,0.6235499999999999
2022-08-24 06:00:00,0.6237999999999999
2022-08-24 07:00:00,0.6247999999999999
2022-08-24 08:00:00,0.6249999999999999
2022-08-24 09:00:00,0.6246499999999999
2022-08-24 10:00:00,0.6223999999999998
2022-08-24 11:00:00,0.6228499999999999
2022-08-24 12:00:00,0.6222499999999999
2022-08-24 13:00:00,0.6216499999999999
2022-08-24 14:00:00,0.6246999999999999
2022-08-24 15:00:00,0.6237999999999999
2022-08-24 16:00:00,0.6229499999999999
2022-08-24 17:00:00,0.6232999999999999
2022-08-24 18:00:00,0.6228499999999999
2022-08-24 19:00:00,0.6236499999999999
2022-08-24 20:00:00,0.6238999999999999
2022-08-24 22:00:00,0.6235999999999999
2022-08-24 23:00:00,0.6228999999999999
2022-08-25 00:00:00,0.6243499999999998
2022-08-25 01:00:00,0.6253999999999998
2022-08-25 02:00:00,0.6251499999999999
2022-08-25 03:00:00,0.6260999999999999
2022-08-25 04:00:00,0.6269999999999999
2022-08-25 05:00:00,0.6266499999999999
2022-08-25 06:00:00,0.6274999999999998
2022-08-25 07:00:00,0.6283499999999999
2022-08-25 08:00:00,0.6296999999999999
2022-08-25 09:00:00,0.6288999999999999
2022-08-25 10:00:00,0.6281999999999999
2022-08-25 11:00:00,0.6284499999999998
2022-08-25 12:00:00,0.6274999999999998
2022-08-25 13:00:00,0.6266499999999999
2022-08-25 14:00:00,0.6270499999999999
2022-08-25 15:00:00,0.6263499999999999
2022-08-25 16:00:00,0.6266499999999999
2022-08-25 17:00:00,0.6275499999999999
2022-08-25 18:00:00,0.6270999999999999
2022-08-25 19:00:00,0.6270499999999999
2022-08-25 20:00:00,0.6274499999999998
2022-08-25 22:00:00,0.6265499999999999
2022-08-25 23:00:00,0.6264499999999998
2022-08-26 00:00:00,0.6253499999999999
2022-08-26 01:00:00,0.6248499999999999
2022-08-26 02:00:00,0.6252499999999999
2022-08-26 03:00:00,0.6254499999999998
2022-08-26 04:00:00,0.6245499999999999
2022-08-26 05:00:00,0.6247499999999999
2022-08-26 06:00:00,0.6246999999999999
2022-08-26 07:00:00,0.6244999999999998
2022-08-26 08:00:00,0.6247999999999999
2022-08-26 09:00:00,0.6261499999999999
2022-08-26 10:00:00,0.6261499999999999
2022-08-26 11:00:00,0.6255999999999999
2022-08-26 12:00:00,0.6269499999999999
2022-08-26 13:00:00,0.6270999999999999
2022-08-26 14:00:00,0.6224499999999998
2022-08-26 15:00:00,0.6207999999999999
2022-08-26 16:00:00,0.6196999999999999
2022-08-26 17:00:00,0.6192499999999999
2022-08-26 18:00:00,0.6186999999999999
2022-08-26 19:00:00,0.6186999999999999
2022-08-26 20:00:00,0.6182999999999998
2022-08-28 22:00:00,0.6172499999999999
2022-08-28 23:00:00,0.6156999999999999
2022-08-29 00:00:00,0.6157999999999999
2022-08-29 01:00:00,0.6162499999999999
2022-08-29 02:00:00,0.6175999999999999
2022-08-29 03:00:00,0.6165999999999999
2022-08-29 04:00:00,0.6153999999999998
2022-08-29 05:00:00,0.6156999999999999
2022-08-29 06:00:00,0.6156499999999999
2022-08-29 07:00:00,0.6159499999999999
2022-08-29 08:00:00,0.6153999999999998
2022-08-29 09:00:00,0.6161999999999999
2022-08-29 10:00:00,0.6165999999999999
2022-08-29 11:00:00,0.6174499999999999
2022-08-29 12:00:00,0.6195499999999999
2022-08-29 13:00:00,0.6201499999999999
2022-08-29 14:00:00,0.6190999999999999
2022-08-29 15:00:00,0.6207499999999999
2022-08-29 16:00:00,0.6212499999999999
2022-08-29 17:00:00,0.6208499999999999
2022-08-29 18:00:00,0.6199499999999999
2022-08-29 19:00:00,0.6203999999999998
2022-08-29 20:00:00,0.6203999999999998
2022-08-29 22:00:00,0.6201499999999999
2022-08-29 23:00:00,0.6207499999999999
2022-08-30 00:00:00,0.6202999999999999
2022-08-30 01:00:00,0.6193499999999998
2022-08-30 02:00:00,0.6190999999999999
2022-08-30 03:00:00,0.6194999999999999
2022-08-30 04:00:00,0.6192999999999999
2022-08-30 05:00:00,0.6200999999999999
2022-08-30 06:00:00,0.6201499999999999
2022-08-30 07:00:00,0.6212999999999999
2022-08-30 08:00:00,0.6239499999999999
2022-08-30 09:00:00,0.6232499999999999
2022-08-30 10:00:00,0.6228999999999999
2022-08-30 11:00:00,0.6225499999999999
2022-08-30 12:00:00,0.6207999999999999
2022-08-30 13:00:00,0.6201999999999999
2022-08-30 14:00:00,0.6177499999999999
2022-08-30 15:00:00,0.6188499999999999
2022-08-30 16:00:00,0.6185499999999999
2022-08-30 17:00:00,0.6183999999999998
2022-08-30 18:00:00,0.6186499999999999
2022-08-30 19:00:00,0.6195999999999999
2022-08-30 20:00:00,0.6177499999999999
2022-08-30 22:00:00,0.6181999999999999
2022-08-30 23:00:00,0.6178999999999999
2022-08-31 00:00:00,0.6187999999999999
2022-08-31 01:00:00,0.6180499999999999
2022-08-31 02:00:00,0.6187499999999999
2022-08-31 03:00:00,0.6193499999999998
2022-08-31 04:00:00,0.6193999999999998
2022-08-31 05:00:00,0.6200999999999999
2022-08-31 06:00:00,0.6198999999999999
2022-08-31 07:00:00,0.6186999999999999
2022-08-31 08:00:00,0.6177999999999999
2022-08-31 09:00:00,0.6164499999999999
2022-08-31 10:00:00,0.6166499999999999
2022-08-31 11:00:00,0.6175499999999999
2022-08-31 12:00:00,0.6184999999999999
2022-08-31 13:00:00,0.6175999999999999
2022-08-31 14:00:00,0.6179999999999999
2022-08-31 15:00:00,0.6183999999999998
2022-08-31 16:00:00,0.6178499999999999
2022-08-31 17:00:00,0.6174499999999999
2022-08-31 18:00:00,0.6172999999999998
2022-08-31 19:00:00,0.6176999999999999
2022-08-31 20:00:00,0.6169999999999999
2022-08-31 22:00:00,0.6169499999999999
2022-08-31 23:00:00,0.6159999999999999
2022-09-01 00:00:00,0.6148999999999999
2022-09-01 01:00:00,0.6146999999999999
2022-09-01 02:00:00,0.6145999999999999
2022-09-01 03:00:00,0.6138999999999999
2022-09-01 04:00:00,0.6134499999999999
2022-09-01 05:00:00,0.6147499999999999
2022-09-01 06:00:00,0.6149499999999999
2022-09-01 07:00:00,0.6156499999999999
2022-09-01 08:00:00,0.6153499999999998
2022-09-01 09:00:00,0.6154999999999999
2022-09-01 10:00:00,0.6144999999999999
2022-09-01 11:00:00,0.6157999999999999
2022-09-01 12:00:00,0.6149499999999999
2022-09-01 13:00:00,0.6139999999999999
2022-09-01 14:00:00,0.6119999999999999
2022-09-01 15:00:00,0.6115999999999999
2022-09-01 16:00:00,0.6113999999999998
2022-09-01 17:00:00,0.6122499999999998
2022-09-01 18:00:00,0.6118499999999999
2022-09-01 19:00:00,0.6127499999999999
2022-09-01 20:00:00,0.6130499999999999
2022-09-01 22:00:00,0.6129999999999999
2022-09-01 23:00:00,0.6133499999999998
2022-09-02 00:00:00,0.6127499999999999
2022-09-02 01:00:00,0.6117999999999999
2022-09-02 02:00:00,0.6114999999999999
2022-09-02 03:00:00,0.6115499999999999
2022-09-02 04:00:00,0.6105999999999999
2022-09-02 05:00:00,0.6107999999999999
2022-09-02 06:00:00,0.6117999999999999
2022-09-02 07:00:00,0.6126999999999999
2022-09-02 08:00:00,0.6136499999999999
2022-09-02 09:00:00,0.6139999999999999
2022-09-02 10:00:00,0.6144999999999999
2022-09-02 11:00:00,0.6145999999999999
2022-09-02 12:00:00,0.6152999999999998
2022-09-02 13:00:00,0.6160999999999999
2022-09-02 14:00:00,0.6186499999999999
2022-09-02 15:00:00,0.6182999999999998
2022-09-02 16:00:00,0.6152499999999999
2022-09-02 17:00:00,0.6149999999999999
2022-09-02 18:00:00,0.6168499999999999
2022-09-02 19:00:00,0.6169499999999999
2022-09-02 20:00:00,0.6163499999999998
2022-09-04 22:00:00,0.6139999999999999
2022-09-04 23:00:00,0.6133999999999998
2022-09-05 00:00:00,0.6139499999999999
2022-09-05 01:00:00,0.6136999999999999
2022-09-05 02:00:00,0.6132999999999998
2022-09-05 03:00:00,0.6140499999999999
2022-09-05 04:00:00,0.6140499999999999
2022-09-05 05:00:00,0.6135499999999999
2022-09-05 06:00:00,0.6146999999999999
2022-09-05 07:00:00,0.6132499999999999
2022-09-05 08:00:00,0.6135499999999999
2022-09-05 09:00:00,0.6145499999999999
2022-09-05 10:00:00,0.6150999999999999
2022-09-05 11:00:00,0.6144499999999999
2022-09-05 12:00:00,0.6144499999999999
2022-09-05 13:00:00,0.6141999999999999
2022-09-05 14:00:00,0.6142999999999998
2022-09-05 15:00:00,0.6146499999999999
2022-09-05 16:00:00,0.6143499999999998
2022-09-05 17:00:00,0.6144499999999999
2022-09-05 18:00:00,0.6142999999999998
2022-09-05 19:00:00,0.6143999999999998
2022-09-05 20:00:00,0.6144999999999999
2022-09-05 22:00:00,0.6153999999999998
2022-09-05 23:00:00,0.6153999999999998
2022-09-06 00:00:00,0.6176499999999999
2022-09-06 01:00:00,0.6173499999999998
2022-09-06 02:00:00,0.6171999999999999
2022-09-06 03:00:00,0.6149499999999999
2022-09-06 04:00:00,0.6144499999999998
2022-09-06 05:00:00,0.6153499999999998
2022-09-06 06:00:00,0.6141499999999999
2022-09-06 07:00:00,0.6141499999999999
2022-09-06 08:00:00,0.6120499999999999
2022-09-06 09:00:00,0.6126999999999999
2022-09-06 10:00:00,0.6136499999999999
2022-09-06 11:00:00,0.6130999999999999
2022-09-06 12:00:00,0.6119999999999999
2022-09-06 13:00:00,0.6109499999999999
2022-09-06 14:00:00,0.6097999999999999
2022-09-06 15:00:00,0.6099999999999999
2022-09-06 16:00:00,0.6093499999999998
2022-09-06 17:00:00,0.6085499999999999
2022-09-06 18:00:00,0.6089499999999999
2022-09-06 19:00:00,0.6089999999999999
2022-09-06 20:00:00,0.6089499999999999
2022-09-06 22:00:00,0.6081999999999999
2022-09-06 23:00:00,0.6083999999999998
2022-09-07 00:00:00,0.6066999999999999
2022-09-07 01:00:00,0.6063999999999998
2022-09-07 02:00:00,0.6056999999999999
2022-09-07 03:00:00,0.6050499999999999
2022-09-07 04:00:00,0.6062499999999998
2022-09-07 05:00:00,0.6061499999999999
2022-09-07 06:00:00,0.6069499999999999
2022-09-07 07:00:00,0.6079499999999999
2022-09-07 08:00:00,0.6080999999999999
2022-09-07 09:00:00,0.6086999999999999
2022-09-07 10:00:00,0.6077999999999999
2022-09-07 11:00:00,0.6055999999999999
2022-09-07 12:00:00,0.6060499999999999
2022-09-07 13:00:00,0.6069499999999999
2022-09-07 14:00:00,0.6081499999999999
2022-09-07 15:00:00,0.6083999999999998
2022-09-07 16:00:00,0.6096999999999999
2022-09-07 17:00:00,0.6115499999999999
2022-09-07 18:00:00,0.6108499999999999
2022-09-07 19:00:00,0.6114999999999999
2022-09-07 20:00:00,0.6124999999999999
2022-09-07 22:00:00,0.6119499999999999
2022-09-07 23:00:00,0.6112999999999998
2022-09-08 00:00:00,0.6101499999999999
2022-09-08 01:00:00,0.6097499999999999
2022-09-08 02:00:00,0.6101999999999999
2022-09-08 03:00:00,0.6092999999999998
2022-09-08 04:00:00,0.6096499999999999
2022-09-08 05:00:00,0.6108499999999999
2022-09-08 06:00:00,0.6115499999999999
2022-09-08 07:00:00,0.6093999999999998
2022-09-08 08:00:00,0.6092499999999998
2022-09-08 09:00:00,0.6090499999999999
2022-09-08 10:00:00,0.6105499999999999
2022-09-08 11:00:00,0.6123999999999998
2022-09-08 12:00:00,0.6101999999999999
2022-09-08 13:00:00,0.6094999999999999
2022-09-08 14:00:00,0.6096499999999999
2022-09-08 15:00:00,0.6096999999999999
2022-09-08 16:00:00,0.6089999999999999
2022-09-08 17:00:00,0.6106499999999999
2022-09-08 18:00:00,0.6098999999999999
2022-09-08 19:00:00,0.6097999999999999
2022-09-08 20:00:00,0.6105499999999999
2022-09-08 22:00:00,0.6111999999999999
2022-09-08 23:00:00,0.6118999999999999
2022-09-09 00:00:00,0.6132999999999998
2022-09-09 01:00:00,0.6133999999999998
2022-09-09 02:00:00,0.6146999999999999
2022-09-09 03:00:00,0.6156999999999999
2022-09-09 04:00:00,0.6158999999999999
2022-09-09 05:00:00,0.6151999999999999
2022-09-09 06:00:00,0.6158999999999999
2022-09-09 07:00:00,0.6179499999999999
2022-09-09 08:00:00,0.6196999999999999
2022-09-09 09:00:00,0.6183999999999998
2022-09-09 10:00:00,0.6179499999999999
2022-09-09 11:00:00,0.6150499999999999
2022-09-09 12:00:00,0.6164999999999999
2022-09-09 13:00:00,0.6157499999999999
2022-09-09 14:00:00,0.6155999999999999
2022-09-09 15:00:00,0.6160499999999999
2022-09-09 16:00:00,0.6161499999999999
2022-09-09 17:00:00,0.6154999999999999
2022-09-09 18:00:00,0.6154999999999999
2022-09-09 19:00:00,0.6157499999999999
2022-09-09 20:00:00,0.6153499999999998
2022-09-11 22:00:00,0.6164999999999999
2022-09-11 23:00:00,0.6163499999999998
2022-09-12 00:00:00,0.6161499999999999
2022-09-12 01:00:00,0.6166999999999999
2022-09-12 02:00:00,0.6150499999999999
2022-09-12 03:00:00,0.6155999999999999
2022-09-12 04:00:00,0.6151499999999999
2022-09-12 05:00:00,0.6162499999999999
2022-09-12 06:00:00,0.6182499999999999
2022-09-12 07:00:00,0.6199499999999999
2022-09-12 08:00:00,0.6200499999999999
2022-09-12 09:00:00,0.6192499999999999
2022-09-12 10:00:00,0.6193999999999998
2022-09-12 11:00:00,0.6198999999999999
2022-09-12 12:00:00,0.6196999999999999
2022-09-12 13:00:00,0.6201999999999999
2022-09-12 14:00:00,0.6200999999999999
2022-09-12 15:00:00,0.6200999999999999
2022-09-12 16:00:00,0.6206999999999999
2022-09-12 17:00:00,0.6202499999999999
2022-09-12 18:00:00,0.6183999999999998
2022-09-12 19:00:00,0.6185999999999999
2022-09-12 20:00:00,0.6187999999999999
2022-09-12 22:00:00,0.6190999999999999
2022-09-12 23:00:00,0.6196499999999999
2022-09-13 00:00:00,0.6199999999999999
2022-09-13 01:00:00,0.6189999999999999
2022-09-13 02:00:00,0.6180999999999999
2022-09-13 03:00:00,0.6180499999999999
2022-09-13 04:00:00,0.6178999999999999
2022-09-13 05:00:00,0.6180999999999999
2022-09-13 06:00:00,0.6185499999999999
2022-09-13 07:00:00,0.6190499999999999
2022-09-13 08:00:00,0.6191499999999999
2022-09-13 09:00:00,0.6198499999999999
2022-09-13 10:00:00,0.6210499999999999
2022-09-13 11:00:00,0.6200999999999999
2022-09-13 12:00:00,0.6095999999999999
2022-09-13 13:00:00,0.6099499999999999
2022-09-13 14:00:00,0.6077499999999999
2022-09-13 15:00:00,0.6062999999999998
2022-09-13 16:00:00,0.6062499999999998
2022-09-13 17:00:00,0.6057999999999999
2022-09-13 18:00:00,0.6045999999999999
2022-09-13 19:00:00,0.6045499999999999
2022-09-13 20:00:00,0.6051999999999998
2022-09-13 22:00:00,0.6050499999999999
2022-09-13 23:00:00,0.6055499999999999
2022-09-14 00:00:00,0.6060999999999999
2022-09-14 01:00:00,0.6055999999999999
2022-09-14 02:00:00,0.6052999999999998
2022-09-14 03:00:00,0.6048499999999999
2022-09-14 04:00:00,0.6057999999999999
2022-09-14 05:00:00,0.6050999999999999
2022-09-14 06:00:00,0.6039999999999999
2022-09-14 07:00:00,0.6050999999999999
2022-09-14 08:00:00,0.6049499999999999
2022-09-14 09:00:00,0.6056999999999999
2022-09-14 10:00:00,0.6051499999999999
2022-09-14 11:00:00,0.6035999999999999
2022-09-14 12:00:00,0.6047999999999999
2022-09-14 13:00:00,0.6058999999999999
2022-09-14 14:00:00,0.6070999999999999
2022-09-14 15:00:00,0.6065999999999999
2022-09-14 16:00:00,0.6068999999999999
2022-09-14 17:00:00,0.6060499999999999
2022-09-14 18:00:00,0.6054999999999999
2022-09-14 19:00:00,0.6056499999999999
2022-09-14 20:00:00,0.6058999999999999
2022-09-14 22:00:00,0.6067999999999999
2022-09-14 23:00:00,0.6071499999999999
2022-09-15 00:00:00,0.6061999999999999
2022-09-15 01:00:00,0.6071499999999999
2022-09-15 02:00:00,0.6061499999999999
2022-09-15 03:00:00,0.6060999999999999
2022-09-15 04:00:00,0.6060999999999999
2022-09-15 05:00:00,0.6055999999999999
2022-09-15 06:00:00,0.6060499999999999
2022-09-15 07:00:00,0.6063999999999998
2022-09-15 08:00:00,0.6062499999999998
2022-09-15 09:00:00,0.6059499999999999
2022-09-15 10:00:00,0.6041999999999998
2022-09-15 11:00:00,0.6042999999999998
2022-09-15 12:00:00,0.6058999999999999
2022-09-15 13:00:00,0.6065999999999999
2022-09-15 14:00:00,0.6037499999999999
2022-09-15 15:00:00,0.6028999999999999
2022-09-15 16:00:00,0.6034499999999999
2022-09-15 17:00:00,0.6030999999999999
2022-09-15 18:00:00,0.6020999999999999
2022-09-15 19:00:00,0.6018499999999999
2022-09-15 20:00:00,0.6019499999999999
2022-09-15 22:00:00,0.6013499999999998
2022-09-15 23:00:00,0.6009999999999999
2022-09-16 00:00:00,0.6018999999999999
2022-09-16 01:00:00,0.6010499999999999
2022-09-16 02:00:00,0.6016999999999999
2022-09-16 03:00:00,0.6028499999999999
2022-09-16 04:00:00,0.6036999999999999
2022-09-16 05:00:00,0.6022499999999998
2022-09-16 06:00:00,0.6021499999999999
2022-09-16 07:00:00,0.6004999999999999
2022-09-16 08:00:00,0.6006499999999999
2022-09-16 09:00:00,0.6000999999999999
2022-09-16 10:00:00,0.6017499999999999
2022-09-16 11:00:00,0.6016999999999999
2022-09-16 12:00:00,0.6000499999999999
2022-09-16 13:00:00,0.6006999999999999
2022-09-16 14:00:00,0.6030999999999999
2022-09-16 15:00:00,0.6030499999999999
2022-09-16 16:00:00,0.6025499999999999
2022-09-16 17:00:00,0.6023999999999999
2022-09-16 18:00:00,0.6038499999999999
2022-09-16 19:00:00,0.6041999999999998
2022-09-16 20:00:00,0.6043499999999998
2022-09-18 22:00:00,0.6047499999999999
2022-09-18 23:00:00,0.6047999999999999
2022-09-19 00:00:00,0.6041999999999998
2022-09-19 01:00:00,0.6033499999999998
2022-09-19 02:00:00,0.6029499999999999
2022-09-19 03:00:00,0.6024999999999999
2022-09-19 04:00:00,0.6027999999999999
2022-09-19 05:00:00,0.6017499999999999
2022-09-19 06:00:00,0.6009999999999999
2022-09-19 07:00:00,0.6005999999999999
2022-09-19 08:00:00,0.6001499999999999
2022-09-19 09:00:00,0.5997999999999999
2022-09-19 10:00:00,0.6006999999999999
2022-09-19 11:00:00,0.5994999999999999
2022-09-19 12:00:00,0.5993999999999999
2022-09-19 13:00:00,0.5988499999999999
2022-09-19 14:00:00,0.5999499999999999
2022-09-19 15:00:00,0.5987999999999999
2022-09-19 16:00:00,0.6004499999999999
2022-09-19 17:00:00,0.6000999999999999
2022-09-19 18:00:00,0.6003999999999999
2022-09-19 19:00:00,0.6013999999999999
2022-09-19 20:00:00,0.6009999999999999
2022-09-19 22:00:00,0.6013999999999999
2022-09-19 23:00:00,0.6017499999999999
2022-09-20 00:00:00,0.6000499999999999
2022-09-20 01:00:00,0.5988999999999999
2022-09-20 02:00:00,0.5996999999999999
2022-09-20 03:00:00,0.6001499999999999
2022-09-20 04:00:00,0.5990999999999999
2022-09-20 05:00:00,0.5985499999999999
2022-09-20 06:00:00,0.5988499999999999
2022-09-20 07:00:00,0.5992499999999998
2022-09-20 08:00:00,0.5968999999999999
2022-09-20 09:00:00,0.5957499999999999
2022-09-20 10:00:00,0.5962499999999998
2022-09-20 11:00:00,0.5955999999999999
2022-09-20 12:00:00,0.5949499999999999
2022-09-20 13:00:00,0.5950999999999999
2022-09-20 14:00:00,0.5960499999999999
2022-09-20 15:00:00,0.5960499999999999
2022-09-20 16:00:00,0.5951499999999998
2022-09-20 17:00:00,0.5940499999999999
2022-09-20 18:00:00,0.5950499999999999
2022-09-20 19:00:00,0.5950999999999999
2022-09-20 20:00:00,0.5947999999999999
2022-09-20 22:00:00,0.5949999999999999
2022-09-20 23:00:00,0.5955999999999999
2022-09-21 00:00:00,0.5949999999999999
2022-09-21 01:00:00,0.5947499999999999
2022-09-21 02:00:00,0.5950999999999999
2022-09-21 03:00:00,0.5947499999999999
2022-09-21 04:00:00,0.5940999999999999
2022-09-21 05:00:00,0.5938499999999999
2022-09-21 06:00:00,0.5932999999999998
2022-09-21 07:00:00,0.5942999999999998
2022-09-21 08:00:00,0.5937999999999999
2022-09-21 09:00:00,0.5948499999999999
2022-09-21 10:00:00,0.5939499999999999
2022-09-21 11:00:00,0.5932999999999998
2022-09-21 12:00:00,0.5936499999999999
2022-09-21 13:00:00,0.5932499999999998
2022-09-21 14:00:00,0.5930999999999998
2022-09-21 15:00:00,0.5935999999999999
2022-09-21 16:00:00,0.5925999999999999
2022-09-21 17:00:00,0.5934999999999999
2022-09-21 18:00:00,0.5958999999999999
2022-09-21 19:00:00,0.5950999999999999
2022-09-21 20:00:00,0.5903499999999999
2022-09-21 22:00:00,0.5896499999999999
2022-09-21 23:00:00,0.5882499999999998
2022-09-22 00:00:00,0.5864999999999999
2022-09-22 01:00:00,0.5878999999999999
2022-09-22 02:00:00,0.5877999999999999
2022-09-22 03:00:00,0.5870499999999998
2022-09-22 04:00:00,0.5881499999999998
2022-09-22 05:00:00,0.5877999999999999
2022-09-22 06:00:00,0.5861499999999998
2022-09-22 07:00:00,0.5883999999999999
2022-09-22 08:00:00,0.5923999999999999
2022-09-22 09:00:00,0.5902499999999998
2022-09-22 10:00:00,0.5914499999999999
2022-09-22 11:00:00,0.5915499999999999
2022-09-22 12:00:00,0.5928999999999999
2022-09-22 13:00:00,0.5889999999999999
2022-09-22 14:00:00,0.5891499999999998
2022-09-22 15:00:00,0.5896499999999999
2022-09-22 16:00:00,0.5897999999999999
2022-09-22 17:00:00,0.5900999999999998
2022-09-22 18:00:00,0.5891999999999998
2022-09-22 19:00:00,0.5899499999999999
2022-09-22 20:00:00,0.5896499999999999
2022-09-22 22:00:00,0.5896999999999999
2022-09-22 23:00:00,0.5898499999999999
2022-09-23 00:00:00,0.5904999999999999
2022-09-23 01:00:00,0.5898999999999999
2022-09-23 02:00:00,0.5886499999999999
2022-09-23 03:00:00,0.5880499999999999
2022-09-23 04:00:00,0.5876999999999999
2022-09-23 05:00:00,0.5884999999999999
2022-09-23 06:00:00,0.5884999999999999
2022-09-23 07:00:00,0.5871
2022-09-23 08:00:00,0.5853999999999999
2022-09-23 09:00:00,0.5846999999999999
2022-09-23 10:00:00,0.5822999999999999
2022-09-23 11:00:00,0.5840999999999998
2022-09-23 12:00:00,0.5847999999999999
2022-09-23 13:00:00,0.5844999999999999
2022-09-23 14:00:00,0.5813999999999999
2022-09-23 15:00:00,0.5815499999999999
2022-09-23 16:00:00,0.5811499999999998
2022-09-23 17:00:00,0.5801499999999998
2022-09-23 18:00:00,0.5785499999999999
2022-09-23 19:00:00,0.5798999999999999
2022-09-23 20:00:00,0.5793499999999999
2022-09-25 22:00:00,0.5798999999999999
2022-09-25 23:00:00,0.5791999999999999
2022-09-26 00:00:00,0.5746999999999999
2022-09-26 01:00:00,0.5782499999999999
2022-09-26 02:00:00,0.5787499999999999
2022-09-26 03:00:00,0.5768999999999999
2022-09-26 04:00:00,0.5764999999999999
2022-09-26 05:00:00,0.5767999999999999
2022-09-26 06:00:00,0.5774999999999999
2022-09-26 07:00:00,0.5777499999999999
2022-09-26 08:00:00,0.5788999999999999
2022-09-26 09:00:00,0.5765499999999999
2022-09-26 10:00:00,0.5765999999999999
2022-09-26 11:00:00,0.5761999999999999
2022-09-26 12:00:00,0.5778999999999999
2022-09-26 13:00:00,0.5782999999999999
2022-09-26 14:00:00,0.5759499999999999
2022-09-26 15:00:00,0.5716499999999999
2022-09-26 16:00:00,0.5692499999999999
2022-09-26 17:00:00,0.5678999999999998
2022-09-26 18:00:00,0.5689499999999998
2022-09-26 19:00:00,0.5693999999999999
2022-09-26 20:00:00,0.5685499999999999
2022-09-26 22:00:00,0.5694499999999999
2022-09-26 23:00:00,0.5716999999999999
2022-09-27 00:00:00,0.5739499999999998
2022-09-27 01:00:00,0.5725999999999999
2022-09-27 02:00:00,0.5729999999999998
2022-09-27 03:00:00,0.5729499999999998
2022-09-27 04:00:00,0.5733499999999999
2022-09-27 05:00:00,0.5756499999999999
2022-09-27 06:00:00,0.5759499999999999
2022-09-27 07:00:00,0.5753999999999999
2022-09-27 08:00:00,0.5753499999999999
2022-09-27 09:00:00,0.5743999999999999
2022-09-27 10:00:00,0.5758499999999999
2022-09-27 11:00:00,0.5752999999999999
2022-09-27 12:00:00,0.5726999999999999
2022-09-27 13:00:00,0.5719499999999998
2022-09-27 14:00:00,0.5715499999999999
2022-09-27 15:00:00,0.5700999999999998
2022-09-27 16:00:00,0.5683499999999999
2022-09-27 17:00:00,0.5682999999999999
2022-09-27 18:00:00,0.5692499999999999
2022-09-27 19:00:00,0.5683999999999999
2022-09-27 20:00:00,0.5687999999999999
2022-09-27 22:00:00,0.5678499999999999
2022-09-27 23:00:00,0.5682999999999999
2022-09-28 00:00:00,0.5673999999999999
2022-09-28 01:00:00,0.5654499999999999
2022-09-28 02:00:00,0.5629999999999998
2022-09-28 03:00:00,0.5642999999999999
2022-09-28 04:00:00,0.5638999999999998
2022-09-28 05:00:00,0.5644499999999999
2022-09-28 06:00:00,0.5627999999999999
2022-09-28 07:00:00,0.5649999999999998
2022-09-28 08:00:00,0.5648999999999998
2022-09-28 09:00:00,0.5644999999999999
2022-09-28 10:00:00,0.5679499999999998
2022-09-28 11:00:00,0.5665499999999999
2022-09-28 12:00:00,0.5698999999999999
2022-09-28 13:00:00,0.5715499999999999
2022-09-28 14:00:00,0.5715999999999999
2022-09-28 15:00:00,0.5754999999999999
2022-09-28 16:00:00,0.5759999999999998
2022-09-28 17:00:00,0.5776499999999999
2022-09-28 18:00:00,0.5783499999999999
2022-09-28 19:00:00,0.5779999999999998
2022-09-28 20:00:00,0.5784499999999999
2022-09-28 22:00:00,0.5768999999999999
2022-09-28 23:00:00,0.5767999999999999
2022-09-29 00:00:00,0.5754999999999999
2022-09-29 01:00:00,0.5750499999999998
2022-09-29 02:00:00,0.5735499999999999
2022-09-29 03:00:00,0.5741499999999998
2022-09-29 04:00:00,0.5744999999999999
2022-09-29 05:00:00,0.5751999999999999
2022-09-29 06:00:00,0.5726499999999999
2022-09-29 07:00:00,0.5713499999999999
2022-09-29 08:00:00,0.5718999999999999
2022-09-29 09:00:00,0.5743999999999999
2022-09-29 10:00:00,0.5739999999999998
2022-09-29 11:00:00,0.5757499999999999
2022-09-29 12:00:00,0.5718999999999999
2022-09-29 13:00:00,0.5736999999999999
2022-09-29 14:00:00,0.5736499999999999
2022-09-29 15:00:00,0.5759499999999999
2022-09-29 16:00:00,0.5751499999999998
2022-09-29 17:00:00,0.5740499999999998
2022-09-29 18:00:00,0.5752499999999999
2022-09-29 19:00:00,0.5762499999999999
2022-09-29 20:00:00,0.5779999999999998
2022-09-29 22:00:00,0.5787499999999999
2022-09-29 23:00:00,0.5793999999999999
2022-09-30 00:00:00,0.5784499999999999
2022-09-30 01:00:00,0.5773999999999999
2022-09-30 02:00:00,0.5774999999999999
2022-09-30 03:00:00,0.5769999999999998
2022-09-30 04:00:00,0.5764999999999999
2022-09-30 05:00:00,0.5775499999999999
2022-09-30 06:00:00,0.5764499999999999
2022-09-30 07:00:00,0.5776499999999999
2022-09-30 08:00:00,0.5779999999999998
2022-09-30 09:00:00,0.5755999999999999
2022-09-30 10:00:00,0.5736499999999999
2022-09-30 11:00:00,0.5731499999999999
2022-09-30 12:00:00,0.5729499999999998
2022-09-30 13:00:00,0.5744499999999999
2022-09-30 14:00:00,0.5709999999999998
2022-09-30 15:00:00,0.5694999999999999
2022-09-30 16:00:00,0.5688999999999999
2022-09-30 17:00:00,0.5680499999999998
2022-09-30 18:00:00,0.5664999999999999
2022-09-30 19:00:00,0.5657999999999999
2022-09-30 20:00:00,0.5646499999999999
2022-10-02 22:00:00,0.5668499999999999
2022-10-02 23:00:00,0.5671499999999999
2022-10-03 00:00:00,0.5676999999999999
2022-10-03 01:00:00,0.5698499999999999
2022-10-03 02:00:00,0.5687499999999999
2022-10-03 03:00:00,0.5682999999999999
2022-10-03 04:00:00,0.5682999999999999
2022-10-03 05:00:00,0.5712499999999999
2022-10-03 06:00:00,0.5692999999999999
2022-10-03 07:00:00,0.5706999999999999
2022-10-03 08:00:00,0.5708499999999999
2022-10-03 09:00:00,0.5703499999999999
2022-10-03 10:00:00,0.5709999999999998
2022-10-03 11:00:00,0.5716499999999999
2022-10-03 12:00:00,0.5729999999999998
2022-10-03 13:00:00,0.5734999999999999
2022-10-03 14:00:00,0.5767499999999999
2022-10-03 15:00:00,0.5761999999999999
2022-10-03 16:00:00,0.5764499999999999
2022-10-03 17:00:00,0.5764499999999999
2022-10-03 18:00:00,0.5771499999999998
2022-10-03 19:00:00,0.5764499999999999
2022-10-03 20:00:00,0.5772999999999999
2022-10-03 22:00:00,0.5769499999999999
2022-10-03 23:00:00,0.5772999999999999
2022-10-04 00:00:00,0.5767499999999999
2022-10-04 01:00:00,0.5753999999999999
2022-10-04 02:00:00,0.5752499999999999
2022-10-04 03:00:00,0.5771999999999999
2022-10-04 04:00:00,0.5749499999999999
2022-10-04 05:00:00,0.5789999999999998
2022-10-04 06:00:00,0.5802499999999999
2022-10-04 07:00:00,0.5794499999999999
2022-10-04 08:00:00,0.5787999999999999
2022-10-04 09:00:00,0.5767999999999999
2022-10-04 10:00:00,0.5755499999999999
2022-10-04 11:00:00,0.5750999999999998
2022-10-04 12:00:00,0.5763999999999999
2022-10-04 13:00:00,0.5759499999999999
2022-10-04 14:00:00,0.5794999999999999
2022-10-04 15:00:00,0.5791999999999999
2022-10-04 16:00:00,0.5773999999999999
2022-10-04 17:00:00,0.5774999999999999
2022-10-04 18:00:00,0.5789499999999999
2022-10-04 19:00:00,0.5782999999999999
2022-10-04 20:00:00,0.5783499999999999
2022-10-04 22:00:00,0.5782999999999999
2022-10-04 23:00:00,0.5790999999999998
2022-10-05 00:00:00,0.5784999999999999
2022-10-05 01:00:00,0.5820499999999998
2022-10-05 02:00:00,0.5786499999999999
2022-10-05 03:00:00,0.5799499999999999
2022-10-05 04:00:00,0.5788499999999999
2022-10-05 05:00:00,0.5796999999999999
2022-10-05 06:00:00,0.5812499999999999
2022-10-05 07:00:00,0.5782999999999999
2022-10-05 08:00:00,0.5789499999999999
2022-10-05 09:00:00,0.5766999999999999
2022-10-05 10:00:00,0.5774499999999999
2022-10-05 11:00:00,0.5740999999999998
2022-10-05 12:00:00,0.5753499999999999
2022-10-05 13:00:00,0.5744499999999999
2022-10-05 14:00:00,0.5744499999999999
2022-10-05 15:00:00,0.5756999999999999
2022-10-05 16:00:00,0.5758499999999999
2022-10-05 17:00:00,0.5774499999999999
2022-10-05 18:00:00,0.5796499999999999
2022-10-05 19:00:00,0.5804499999999999
2022-10-05 20:00:00,0.5790999999999998
2022-10-05 22:00:00,0.5799999999999998
2022-10-05 23:00:00,0.5829999999999999
2022-10-06 00:00:00,0.5828499999999999
2022-10-06 01:00:00,0.5835499999999999
2022-10-06 02:00:00,0.5851499999999998
2022-10-06 03:00:00,0.5849999999999999
2022-10-06 04:00:00,0.5854499999999999
2022-10-06 05:00:00,0.5703499999999999
2022-10-06 06:00:00,0.5822499999999999
2022-10-06 07:00:00,0.5807499999999999
2022-10-06 08:00:00,0.5778999999999999
2022-10-06 09:00:00,0.5761
2022-10-06 10:00:00,0.5759499999999999
2022-10-06 11:00:00,0.5763499999999999
2022-10-06 12:00:00,0.5760499999999998
2022-10-06 13:00:00,0.5741499999999998
2022-10-06 14:00:00,0.5726499999999999
2022-10-06 15:00:00,0.5711499999999999
2022-10-06 16:00:00,0.5708999999999999
2022-10-06 17:00:00,0.5717499999999999
2022-10-06 18:00:00,0.5702999999999999
2022-10-06 19:00:00,0.5702999999999999
2022-10-06 20:00:00,0.5710999999999999
2022-10-06 22:00:00,0.5714999999999999
2022-10-06 23:00:00,0.5713999999999999
2022-10-07 00:00:00,0.5714999999999999
2022-10-07 01:00:00,0.5726999999999999
2022-10-07 02:00:00,0.5724499999999999
2022-10-07 03:00:00,0.5716999999999999
2022-10-07 04:00:00,0.5702999999999999
2022-10-07 05:00:00,0.5710499999999998
2022-10-07 06:00:00,0.5689499999999998
2022-10-07 07:00:00,0.5697999999999999
2022-10-07 08:00:00,0.5707499999999999
2022-10-07 09:00:00,0.5710999999999999
2022-10-07 10:00:00,0.5714499999999999
2022-10-07 11:00:00,0.5705999999999999
2022-10-07 12:00:00,0.5679999999999998
2022-10-07 13:00:00,0.5683499999999999
2022-10-07 14:00:00,0.5692999999999999
2022-10-07 15:00:00,0.5680999999999998
2022-10-07 16:00:00,0.5670499999999998
2022-10-07 17:00:00,0.5669999999999998
2022-10-07 18:00:00,0.5664999999999999
2022-10-07 19:00:00,0.5660499999999998
2022-10-07 20:00:00,0.5658499999999999
2022-10-09 22:00:00,0.5647999999999999
2022-10-09 23:00:00,0.5660999999999999
2022-10-10 00:00:00,0.5667999999999999
2022-10-10 01:00:00,0.5678999999999998
2022-10-10 02:00:00,0.5675999999999999
2022-10-10 03:00:00,0.5664499999999999
2022-10-10 04:00:00,0.5652499999999999
2022-10-10 05:00:00,0.5617499999999999
2022-10-10 06:00:00,0.5644999999999999
2022-10-10 07:00:00,0.5637999999999999
2022-10-10 08:00:00,0.5640999999999998
2022-10-10 09:00:00,0.5653999999999999
2022-10-10 10:00:00,0.5636499999999999
2022-10-10 11:00:00,0.5640499999999998
2022-10-10 12:00:00,0.5652499999999999
2022-10-10 13:00:00,0.5636999999999999
2022-10-10 14:00:00,0.5613999999999999
2022-10-10 15:00:00,0.5612999999999999
2022-10-10 16:00:00,0.5604499999999999
2022-10-10 17:00:00,0.5619499999999998
2022-10-10 18:00:00,0.5617499999999999
2022-10-10 19:00:00,0.5622499999999999
2022-10-10 20:00:00,0.5619499999999998
2022-10-10 22:00:00,0.5620999999999999
2022-10-10 23:00:00,0.5625999999999999
2022-10-11 00:00:00,0.5632999999999999
2022-10-11 01:00:00,0.5606999999999999
2022-10-11 02:00:00,0.5600999999999999
2022-10-11 03:00:00,0.5602499999999999
2022-10-11 04:00:00,0.5597499999999999
2022-10-11 05:00:00,0.5643499999999999
2022-10-11 06:00:00,0.5605499999999999
2022-10-11 07:00:00,0.5616999999999999
2022-10-11 08:00:00,0.5623999999999999
2022-10-11 09:00:00,0.5623499999999999
2022-10-11 10:00:00,0.5645999999999999
2022-10-11 11:00:00,0.5666499999999999
2022-10-11 12:00:00,0.5663499999999999
2022-10-11 13:00:00,0.5641999999999999
2022-10-11 14:00:00,0.5646999999999999
2022-10-11 15:00:00,0.5694999999999999
2022-10-11 16:00:00,0.5696999999999999
2022-10-11 17:00:00,0.5686499999999999
2022-10-11 18:00:00,0.5644499999999999
2022-10-11 19:00:00,0.5635999999999999
2022-10-11 20:00:00,0.5637499999999999
2022-10-11 22:00:00,0.5643499999999999
2022-10-11 23:00:00,0.5635499999999999
2022-10-12 00:00:00,0.5635999999999999
2022-10-12 01:00:00,0.5623999999999999
2022-10-12 02:00:00,0.5627999999999999
2022-10-12 03:00:00,0.5630999999999998
2022-10-12 04:00:00,0.5646499999999999
2022-10-12 05:00:00,0.5653499999999999
2022-10-12 06:00:00,0.5659999999999998
2022-10-12 07:00:00,0.5646999999999999
2022-10-12 08:00:00,0.5646999999999999
2022-10-12 09:00:00,0.5650499999999998
2022-10-12 10:00:00,0.5646499999999999
2022-10-12 11:00:00,0.5640999999999998
2022-10-12 12:00:00,0.5644499999999999
2022-10-12 13:00:00,0.5645999999999999
2022-10-12 14:00:00,0.5661499999999999
2022-10-12 15:00:00,0.5658499999999999
2022-10-12 16:00:00,0.5653999999999999
2022-10-12 17:00:00,0.5657999999999999
2022-10-12 18:00:00,0.5657999999999999
2022-10-12 19:00:00,0.5659999999999998
2022-10-12 20:00:00,0.5663999999999999
2022-10-12 22:00:00,0.5659499999999998
2022-10-12 23:00:00,0.5663499999999999
2022-10-13 00:00:00,0.5671499999999999
2022-10-13 01:00:00,0.5667499999999999
2022-10-13 02:00:00,0.5661999999999999
2022-10-13 03:00:00,0.5661999999999999
2022-10-13 04:00:00,0.5666999999999999
2022-10-13 05:00:00,0.5662999999999999
2022-10-13 06:00:00,0.5650999999999999
2022-10-13 07:00:00,0.5662499999999999
2022-10-13 08:00:00,0.5671499999999999
2022-10-13 09:00:00,0.5682499999999999
2022-10-13 10:00:00,0.5668499999999999
2022-10-13 11:00:00,0.5681499999999999
2022-10-13 12:00:00,0.5594499999999999
2022-10-13 13:00:00,0.5612499999999999
2022-10-13 14:00:00,0.5621999999999999
2022-10-13 15:00:00,0.5672999999999999
2022-10-13 16:00:00,0.5679499999999998
2022-10-13 17:00:00,0.5703499999999999
2022-10-13 18:00:00,0.5698499999999999
2022-10-13 19:00:00,0.5693499999999999
2022-10-13 20:00:00,0.5694499999999999
2022-10-13 22:00:00,0.5695999999999999
2022-10-13 23:00:00,0.5688999999999999
2022-10-14 00:00:00,0.5705999999999999
2022-10-14 01:00:00,0.5728499999999999
2022-10-14 02:00:00,0.5722999999999999
2022-10-14 03:00:00,0.5720999999999999
2022-10-14 04:00:00,0.5714999999999999
2022-10-14 05:00:00,0.5717999999999999
2022-10-14 06:00:00,0.5727499999999999
2022-10-14 07:00:00,0.5712999999999999
2022-10-14 08:00:00,0.5686999999999999
2022-10-14 09:00:00,0.5679499999999998
2022-10-14 10:00:00,0.5694499999999999
2022-10-14 11:00:00,0.5674499999999999
2022-10-14 12:00:00,0.5705999999999999
2022-10-14 13:00:00,0.5654499999999999
2022-10-14 14:00:00,0.5637499999999999
2022-10-14 15:00:00,0.5620999999999999
2022-10-14 16:00:00,0.5613499999999999
2022-10-14 17:00:00,0.5615499999999999
2022-10-14 18:00:00,0.5610499999999999
2022-10-14 19:00:00,0.5606499999999999
2022-10-14 20:00:00,0.5615499999999999
2022-10-16 22:00:00,0.5617999999999999
2022-10-16 23:00:00,0.5628999999999998
2022-10-17 00:00:00,0.5610999999999999
2022-10-17 01:00:00,0.5634499999999999
2022-10-17 02:00:00,0.5635499999999999
2022-10-17 03:00:00,0.5636499999999999
2022-10-17 04:00:00,0.5632999999999999
2022-10-17 05:00:00,0.5685999999999999
2022-10-17 06:00:00,0.5634999999999999
2022-10-17 07:00:00,0.5650999999999999
2022-10-17 08:00:00,0.5645999999999999
2022-10-17 09:00:00,0.5652499999999999
2022-10-17 10:00:00,0.5652999999999999
2022-10-17 11:00:00,0.5654499999999999
2022-10-17 12:00:00,0.5681999999999999
2022-10-17 13:00:00,0.5679999999999998
2022-10-17 14:00:00,0.5683999999999999
2022-10-17 15:00:00,0.5697499999999999
2022-10-17 16:00:00,0.5685499999999999
2022-10-17 17:00:00,0.5686499999999999
2022-10-17 18:00:00,0.5685999999999999
2022-10-17 19:00:00,0.5679499999999998
2022-10-17 20:00:00,0.5687999999999999
2022-10-17 22:00:00,0.5703499999999999
2022-10-17 23:00:00,0.5709499999999998
2022-10-18 00:00:00,0.5717999999999999
2022-10-18 01:00:00,0.5705999999999999
2022-10-18 02:00:00,0.5708999999999999
2022-10-18 03:00:00,0.5728999999999999
2022-10-18 04:00:00,0.5750499999999998
2022-10-18 05:00:00,0.5728499999999999
2022-10-18 06:00:00,0.5747499999999999
2022-10-18 07:00:00,0.5747999999999999
2022-10-18 08:00:00,0.5717499999999999
2022-10-18 09:00:00,0.5715499999999999
2022-10-18 10:00:00,0.5715999999999999
2022-10-18 11:00:00,0.5745999999999999
2022-10-18 12:00:00,0.5766999999999999
2022-10-18 13:00:00,0.5745999999999999
2022-10-18 14:00:00,0.5729999999999998
2022-10-18 15:00:00,0.5716499999999999
2022-10-18 16:00:00,0.5728499999999999
2022-10-18 17:00:00,0.5737999999999999
2022-10-18 18:00:00,0.5728999999999999
2022-10-18 19:00:00,0.5721499999999999
2022-10-18 20:00:00,0.5737999999999999
2022-10-18 22:00:00,0.5748499999999999
2022-10-18 23:00:00,0.5746499999999999
2022-10-19 00:00:00,0.5748999999999999
2022-10-19 01:00:00,0.5748999999999999
2022-10-19 02:00:00,0.5750499999999998
2022-10-19 03:00:00,0.5749999999999998
2022-10-19 04:00:00,0.5745999999999999
2022-10-19 05:00:00,0.5712999999999999
2022-10-19 06:00:00,0.5725499999999999
2022-10-19 07:00:00,0.5738999999999999
2022-10-19 08:00:00,0.5737999999999999
2022-10-19 09:00:00,0.5754499999999999
2022-10-19 10:00:00,0.5731999999999999
2022-10-19 11:00:00,0.5719999999999998
2022-10-19 12:00:00,0.5717499999999999
2022-10-19 13:00:00,0.5717499999999999
2022-10-19 14:00:00,0.5739999999999998
2022-10-19 15:00:00,0.5721499999999999
2022-10-19 16:00:00,0.5708999999999999
2022-10-19 17:00:00,0.5714499999999999
2022-10-19 18:00:00,0.5712999999999999
2022-10-19 19:00:00,0.5719999999999998
2022-10-19 20:00:00,0.5724499999999999
2022-10-19 22:00:00,0.5717999999999999
2022-10-19 23:00:00,0.5713999999999999
2022-10-20 00:00:00,0.5712999999999999
2022-10-20 01:00:00,0.5690999999999998
2022-10-20 02:00:00,0.5688999999999999
2022-10-20 03:00:00,0.5679999999999998
2022-10-20 04:00:00,0.5698999999999999
2022-10-20 05:00:00,0.5707999999999999
2022-10-20 06:00:00,0.5715499999999999
2022-10-20 07:00:00,0.5713499999999999
2022-10-20 08:00:00,0.5713499999999999
2022-10-20 09:00:00,0.5732999999999999
2022-10-20 10:00:00,0.5757999999999999
2022-10-20 11:00:00,0.5756499999999999
2022-10-20 12:00:00,0.5737499999999999
2022-10-20 13:00:00,0.5753499999999999
2022-10-20 14:00:00,0.5789499999999999
2022-10-20 15:00:00,0.5772499999999999
2022-10-20 16:00:00,0.5754499999999999
2022-10-20 17:00:00,0.5736499999999999
2022-10-20 18:00:00,0.5726499999999999
2022-10-20 19:00:00,0.5724499999999999
2022-10-20 20:00:00,0.5731999999999999
2022-10-20 22:00:00,0.5722999999999999
2022-10-20 23:00:00,0.5720999999999999
2022-10-21 00:00:00,0.5715999999999999
2022-10-21 01:00:00,0.5714499999999999
2022-10-21 02:00:00,0.5716999999999999
2022-10-21 03:00:00,0.5708499999999999
2022-10-21 04:00:00,0.5708999999999999
2022-10-21 05:00:00,0.5707499999999999
2022-10-21 06:00:00,0.5707999999999999
2022-10-21 07:00:00,0.5714999999999999
2022-10-21 08:00:00,0.5696999999999999
2022-10-21 09:00:00,0.5698499999999999
2022-10-21 10:00:00,0.5703999999999999
2022-10-21 11:00:00,0.5685499999999999
2022-10-21 12:00:00,0.5687499999999999
2022-10-21 13:00:00,0.5753499999999999
2022-10-21 14:00:00,0.5755499999999999
2022-10-21 15:00:00,0.5803999999999999
2022-10-21 16:00:00,0.5794499999999999
2022-10-21 17:00:00,0.5792999999999999
2022-10-21 18:00:00,0.5796499999999999
2022-10-21 19:00:00,0.5808999999999999
2022-10-21 20:00:00,0.5813499999999999
2022-10-23 22:00:00,0.5807499999999999
2022-10-23 23:00:00,0.5814499999999999
2022-10-24 00:00:00,0.5812499999999999
2022-10-24 01:00:00,0.5801999999999998
2022-10-24 02:00:00,0.5795999999999999
2022-10-24 03:00:00,0.5781499999999998
2022-10-24 04:00:00,0.5797999999999999
2022-10-24 05:00:00,0.5740999999999998
2022-10-24 06:00:00,0.5785999999999999
2022-10-24 07:00:00,0.5770499999999998
2022-10-24 08:00:00,0.5753999999999999
2022-10-24 09:00:00,0.5742999999999999
2022-10-24 10:00:00,0.5740999999999998
2022-10-24 11:00:00,0.5735499999999999
2022-10-24 12:00:00,0.5722499999999999
2022-10-24 13:00:00,0.5742499999999999
2022-10-24 14:00:00,0.5737499999999999
2022-10-24 15:00:00,0.5742499999999999
2022-10-24 16:00:00,0.5734499999999999
2022-10-24 17:00:00,0.5730499999999998
2022-10-24 18:00:00,0.5741499999999998
2022-10-24 19:00:00,0.5747499999999999
2022-10-24 20:00:00,0.5747499999999999
2022-10-24 22:00:00,0.5761
2022-10-24 23:00:00,0.5756999999999999
2022-10-25 00:00:00,0.5765499999999999
2022-10-25 01:00:00,0.5755499999999999
2022-10-25 02:00:00,0.5763999999999999
2022-10-25 03:00:00,0.5770499999999998
2022-10-25 04:00:00,0.5764999999999999
2022-10-25 05:00:00,0.5758499999999999
2022-10-25 06:00:00,0.5760499999999998
2022-10-25 07:00:00,0.5759999999999998
2022-10-25 08:00:00,0.5746499999999999
2022-10-25 09:00:00,0.5731999999999999
2022-10-25 10:00:00,0.5732999999999999
2022-10-25 11:00:00,0.5743999999999999
2022-10-25 12:00:00,0.5753499999999999
2022-10-25 13:00:00,0.5812999999999999
2022-10-25 14:00:00,0.5811499999999998
2022-10-25 15:00:00,0.5813999999999999
2022-10-25 16:00:00,0.5801499999999998
2022-10-25 17:00:00,0.5809999999999998
2022-10-25 18:00:00,0.5804999999999999
2022-10-25 19:00:00,0.5810499999999998
2022-10-25 20:00:00,0.5808999999999999
2022-10-25 22:00:00,0.5795999999999999
2022-10-25 23:00:00,0.5795999999999999
2022-10-26 00:00:00,0.5784499999999999
2022-10-26 01:00:00,0.5795499999999999
2022-10-26 02:00:00,0.5801499999999998
2022-10-26 03:00:00,0.5805499999999999
2022-10-26 04:00:00,0.5800999999999998
2022-10-26 05:00:00,0.5883999999999999
2022-10-26 06:00:00,0.5829499999999999
2022-10-26 07:00:00,0.5857999999999999
2022-10-26 08:00:00,0.5864499999999999
2022-10-26 09:00:00,0.5850999999999998
2022-10-26 10:00:00,0.5848999999999999
2022-10-26 11:00:00,0.5859999999999999
2022-10-26 12:00:00,0.5844999999999999
2022-10-26 13:00:00,0.5852999999999999
2022-10-26 14:00:00,0.5878499999999999
2022-10-26 15:00:00,0.5885999999999999
2022-10-26 16:00:00,0.5879999999999999
2022-10-26 17:00:00,0.5882499999999998
2022-10-26 18:00:00,0.5882999999999999
2022-10-26 19:00:00,0.5880999999999998
2022-10-26 20:00:00,0.5888999999999999
2022-10-26 22:00:00,0.5874499999999999
2022-10-26 23:00:00,0.5894999999999999
2022-10-27 00:00:00,0.5886999999999999
2022-10-27 01:00:00,0.5895999999999999
2022-10-27 02:00:00,0.5885499999999999
2022-10-27 03:00:00,0.5894499999999999
2022-10-27 04:00:00,0.5914999999999999
2022-10-27 05:00:00,0.5887499999999999
2022-10-27 06:00:00,0.5892499999999998
2022-10-27 07:00:00,0.5893999999999999
2022-10-27 08:00:00,0.5882499999999998
2022-10-27 09:00:00,0.5865499999999999
2022-10-27 10:00:00,0.5854499999999999
2022-10-27 11:00:00,0.5855499999999999
2022-10-27 12:00:00,0.5877999999999999
2022-10-27 13:00:00,0.5886499999999999
2022-10-27 14:00:00,0.5901499999999998
2022-10-27 15:00:00,0.5897999999999999
2022-10-27 16:00:00,0.5893999999999999
2022-10-27 17:00:00,0.5902999999999999
2022-10-27 18:00:00,0.5887999999999999
2022-10-27 19:00:00,0.5891499999999998
2022-10-27 20:00:00,0.5882499999999998
2022-10-27 22:00:00,0.5883499999999999
2022-10-27 23:00:00,0.5881499999999998
2022-10-28 00:00:00,0.5872999999999999
2022-10-28 01:00:00,0.5910499999999999
2022-10-28 02:00:00,0.5922999999999999
2022-10-28 03:00:00,0.5920499999999999
2022-10-28 04:00:00,0.5917999999999999
2022-10-28 05:00:00,0.5860499999999998
2022-10-28 06:00:00,0.5889999999999999
2022-10-28 07:00:00,0.5865499999999999
2022-10-28 08:00:00,0.5858499999999999
2022-10-28 09:00:00,0.5849499999999999
2022-10-28 10:00:00,0.5846999999999999
2022-10-28 11:00:00,0.5856999999999999
2022-10-28 12:00:00,0.5853999999999999
2022-10-28 13:00:00,0.5868999999999999
2022-10-28 14:00:00,0.5864499999999999
2022-10-28 15:00:00,0.5845999999999999
2022-10-28 16:00:00,0.5855499999999999
2022-10-28 17:00:00,0.5854499999999999
2022-10-28 18:00:00,0.5860999999999998
2022-10-28 19:00:00,0.5860499999999998
2022-10-28 20:00:00,0.5863499999999999
2022-10-30 22:00:00,0.5858999999999999
2022-10-30 23:00:00,0.5854999999999999
2022-10-31 00:00:00,0.5861499999999998
2022-10-31 01:00:00,0.5867499999999999
2022-10-31 02:00:00,0.5871499999999998
2022-10-31 03:00:00,0.5877999999999999
2022-10-31 04:00:00,0.5875999999999999
2022-10-31 05:00:00,0.5876999999999999
2022-10-31 06:00:00,0.5882999999999999
2022-10-31 07:00:00,0.5872999999999999
2022-10-31 08:00:00,0.5855999999999999
2022-10-31 09:00:00,0.5869499999999999
2022-10-31 10:00:00,0.5856499999999999
2022-10-31 11:00:00,0.5850999999999998
2022-10-31 12:00:00,0.5847999999999999
2022-10-31 13:00:00,0.5840999999999998
2022-10-31 14:00:00,0.5838999999999999
2022-10-31 15:00:00,0.5863999999999999
2022-10-31 16:00:00,0.5865999999999999
2022-10-31 17:00:00,0.5870499999999998
2022-10-31 18:00:00,0.5863999999999999
2022-10-31 19:00:00,0.5868999999999999
2022-10-31 20:00:00,0.5869499999999999
2022-10-31 22:00:00,0.5871999999999998
2022-10-31 23:00:00,0.5878499999999999
2022-11-01 00:00:00,0.5878499999999999
2022-11-01 01:00:00,0.5895999999999999
2022-11-01 02:00:00,0.5905999999999999
2022-11-01 03:00:00,0.5902999999999999
2022-11-01 04:00:00,0.5908999999999999
2022-11-01 05:00:00,0.5897999999999999
2022-11-01 06:00:00,0.5927999999999999
2022-11-01 07:00:00,0.5916999999999999
2022-11-01 08:00:00,0.5922499999999998
2022-11-01 09:00:00,0.5930999999999998
2022-11-01 10:00:00,0.5936999999999999
2022-11-01 11:00:00,0.5934999999999999
2022-11-01 12:00:00,0.5946499999999999
2022-11-01 13:00:00,0.5937999999999999
2022-11-01 14:00:00,0.5886499999999999
2022-11-01 15:00:00,0.5895999999999999
2022-11-01 16:00:00,0.5891999999999998
2022-11-01 17:00:00,0.5900499999999999
2022-11-01 18:00:00,0.5898499999999999
2022-11-01 19:00:00,0.5895999999999999
2022-11-01 20:00:00,0.5893999999999999
2022-11-01 22:00:00,0.5895999999999999
2022-11-01 23:00:00,0.5900999999999998
2022-11-02 00:00:00,0.5900499999999999
2022-11-02 01:00:00,0.5912999999999999
2022-11-02 02:00:00,0.5921499999999998
2022-11-02 03:00:00,0.5921999999999998
2022-11-02 04:00:00,0.5914999999999999
2022-11-02 05:00:00,0.5921499999999998
2022-11-02 06:00:00,0.5921499999999998
2022-11-02 07:00:00,0.5929499999999999
2022-11-02 08:00:00,0.5930999999999998
2022-11-02 09:00:00,0.5940999999999999
2022-11-02 10:00:00,0.5941499999999998
2022-11-02 11:00:00,0.5934999999999999
2022-11-02 12:00:00,0.5936499999999999
2022-11-02 13:00:00,0.5923999999999999
2022-11-02 14:00:00,0.5921
2022-11-02 15:00:00,0.5916999999999999
2022-11-02 16:00:00,0.5916499999999999
2022-11-02 17:00:00,0.5918499999999999
2022-11-02 18:00:00,0.5920499999999999
2022-11-02 19:00:00,0.5882999999999999
2022-11-02 20:00:00,0.5876999999999999
2022-11-02 22:00:00,0.5871999999999998
2022-11-02 23:00:00,0.5866499999999999
2022-11-03 00:00:00,0.5872499999999998
2022-11-03 01:00:00,0.5882499999999998
2022-11-03 02:00:00,0.5881499999999998
2022-11-03 03:00:00,0.5889499999999999
2022-11-03 04:00:00,0.5887999999999999
2022-11-03 05:00:00,0.5884499999999999
2022-11-03 06:00:00,0.5872999999999999
2022-11-03 07:00:00,0.5850499999999998
2022-11-03 08:00:00,0.5831999999999998
2022-11-03 09:00:00,0.5820499999999998
2022-11-03 10:00:00,0.5818499999999999
2022-11-03 11:00:00,0.5806499999999999
2022-11-03 12:00:00,0.5797999999999999
2022-11-03 13:00:00,0.5811999999999998
2022-11-03 14:00:00,0.5848499999999999
2022-11-03 15:00:00,0.5831499999999998
2022-11-03 16:00:00,0.5834999999999999
2022-11-03 17:00:00,0.5832999999999999
2022-11-03 18:00:00,0.5835499999999999
2022-11-03 19:00:00,0.5831999999999998
2022-11-03 20:00:00,0.5830999999999998
2022-11-03 22:00:00,0.5825499999999999
2022-11-03 23:00:00,0.5822499999999999
2022-11-04 00:00:00,0.5823999999999999
2022-11-04 01:00:00,0.5842999999999999
2022-11-04 02:00:00,0.5847999999999999
2022-11-04 03:00:00,0.5859499999999999
2022-11-04 04:00:00,0.5871999999999998
2022-11-04 05:00:00,0.5988499999999999
2022-11-04 06:00:00,0.5868499999999999
2022-11-04 07:00:00,0.5858499999999999
2022-11-04 08:00:00,0.5875499999999999
2022-11-04 09:00:00,0.5875999999999999
2022-11-04 10:00:00,0.5884999999999999
2022-11-04 11:00:00,0.5889999999999999
2022-11-04 12:00:00,0.5934999999999999
2022-11-04 13:00:00,0.5935999999999999
2022-11-04 14:00:00,0.5964999999999999
2022-11-04 15:00:00,0.5943499999999999
2022-11-04 16:00:00,0.5953999999999999
2022-11-04 17:00:00,0.5959999999999999
2022-11-04 18:00:00,0.5989999999999999
2022-11-04 19:00:00,0.5986499999999999
2022-11-04 20:00:00,0.5986999999999999
2022-11-06 23:00:00,0.5947999999999999
2022-11-07 00:00:00,0.5944999999999999
2022-11-07 01:00:00,0.5939499999999999
2022-11-07 02:00:00,0.5941499999999998
2022-11-07 03:00:00,0.5949999999999999
2022-11-07 04:00:00,0.5948999999999999
2022-11-07 05:00:00,0.5949999999999999
2022-11-07 06:00:00,0.5989499999999999
2022-11-07 07:00:00,0.5931499999999998
2022-11-07 08:00:00,0.5975499999999999
2022-11-07 09:00:00,0.5971999999999998
2022-11-07 10:00:00,0.5968499999999999
2022-11-07 11:00:00,0.5972499999999998
2022-11-07 12:00:00,0.5978999999999999
2022-11-07 13:00:00,0.5986999999999999
2022-11-07 14:00:00,0.5975999999999999
2022-11-07 15:00:00,0.5981999999999998
2022-11-07 16:00:00,0.5973499999999999
2022-11-07 17:00:00,0.5983499999999999
2022-11-07 18:00:00,0.5989999999999999
2022-11-07 19:00:00,0.5989999999999999
2022-11-07 20:00:00,0.5993499999999998
2022-11-07 21:00:00,0.5992499999999998
2022-11-07 23:00:00,0.5993999999999999
2022-11-08 00:00:00,0.5997499999999999
2022-11-08 01:00:00,0.5987499999999999
2022-11-08 02:00:00,0.5985499999999999
2022-11-08 03:00:00,0.5988999999999999
2022-11-08 04:00:00,0.5982499999999998
2022-11-08 05:00:00,0.5969999999999999
2022-11-08 06:00:00,0.5973999999999999
2022-11-08 07:00:00,0.5961499999999998
2022-11-08 08:00:00,0.5971999999999998
2022-11-08 09:00:00,0.5990499999999999
2022-11-08 10:00:00,0.5981999999999998
2022-11-08 11:00:00,0.5984999999999999
2022-11-08 12:00:00,0.5980999999999999
2022-11-08 13:00:00,0.5982499999999998
2022-11-08 14:00:00,0.5993499999999998
2022-11-08 15:00:00,0.6037499999999999
2022-11-08 16:00:00,0.6048499999999999
2022-11-08 17:00:00,0.6035499999999999
2022-11-08 18:00:00,0.6014499999999999
2022-11-08 19:00:00,0.6011999999999998
2022-11-08 20:00:00,0.6015499999999999
2022-11-08 21:00:00,0.6014999999999999
2022-11-08 23:00:00,0.6016499999999999
2022-11-09 00:00:00,0.6004499999999999
2022-11-09 01:00:00,0.5990499999999999
2022-11-09 02:00:00,0.6003499999999998
2022-11-09 03:00:00,0.5998499999999999
2022-11-09 04:00:00,0.5999499999999999
2022-11-09 05:00:00,0.5992999999999998
2022-11-09 06:00:00,0.5986499999999999
2022-11-09 07:00:00,0.5992499999999998
2022-11-09 08:00:00,0.5998999999999999
2022-11-09 09:00:00,0.5961499999999998
2022-11-09 10:00:00,0.5952999999999998
2022-11-09 11:00:00,0.5956999999999999
2022-11-09 12:00:00,0.5959999999999999
2022-11-09 13:00:00,0.5947999999999999
2022-11-09 14:00:00,0.5953499999999999
2022-11-09 15:00:00,0.5941999999999998
2022-11-09 16:00:00,0.5951999999999998
2022-11-09 17:00:00,0.5948999999999999
2022-11-09 18:00:00,0.5936999999999999
2022-11-09 19:00:00,0.5929499999999999
2022-11-09 20:00:00,0.5937499999999999
2022-11-09 21:00:00,0.5937999999999999
2022-11-09 23:00:00,0.5939499999999999
2022-11-10 00:00:00,0.5941499999999998
2022-11-10 01:00:00,0.5932499999999998
2022-11-10 02:00:00,0.5925999999999999
2022-11-10 03:00:00,0.5926499999999999
2022-11-10 04:00:00,0.5925999999999999
2022-11-10 05:00:00,0.5930999999999998
2022-11-10 06:00:00,0.5931999999999998
2022-11-10 07:00:00,0.5910999999999998
2022-11-10 08:00:00,0.5915999999999999
2022-11-10 09:00:00,0.5913999999999999
2022-11-10 10:00:00,0.5913999999999999
2022-11-10 11:00:00,0.5896999999999999
2022-11-10 12:00:00,0.5904999999999999
2022-11-10 13:00:00,0.6009999999999999
2022-11-10 14:00:00,0.6041999999999998
2022-11-10 15:00:00,0.6068499999999999
2022-11-10 16:00:00,0.6062499999999998
2022-11-10 17:00:00,0.6038499999999999
2022-11-10 18:00:00,0.6047999999999999
2022-11-10 19:00:00,0.6065499999999999
2022-11-10 20:00:00,0.6079999999999999
2022-11-10 21:00:00,0.6081499999999999
2022-11-10 23:00:00,0.6072999999999998
2022-11-11 00:00:00,0.6056999999999999
2022-11-11 01:00:00,0.6042999999999998
2022-11-11 02:00:00,0.6072499999999998
2022-11-11 03:00:00,0.6068499999999999
2022-11-11 04:00:00,0.6074499999999999
2022-11-11 05:00:00,0.6091499999999999
2022-11-11 06:00:00,0.6177999999999999
2022-11-11 07:00:00,0.6091999999999999
2022-11-11 08:00:00,0.6103999999999998
2022-11-11 09:00:00,0.6105999999999999
2022-11-11 10:00:00,0.6090499999999999
2022-11-11 11:00:00,0.6107499999999999
2022-11-11 12:00:00,0.6109999999999999
2022-11-11 13:00:00,0.6130499999999999
2022-11-11 14:00:00,0.6118999999999999
2022-11-11 15:00:00,0.6157999999999999
2022-11-11 16:00:00,0.6159499999999999
2022-11-11 17:00:00,0.6166499999999999
2022-11-11 18:00:00,0.6180499999999999
2022-11-11 19:00:00,0.6177499999999999
2022-11-11 20:00:00,0.6170999999999999
2022-11-11 21:00:00,0.6174999999999999
2022-11-13 23:00:00,0.6156999999999999
2022-11-14 00:00:00,0.6165499999999999
2022-11-14 01:00:00,0.6151499999999999
2022-11-14 02:00:00,0.6154499999999998
2022-11-14 03:00:00,0.6152499999999999
2022-11-14 04:00:00,0.6146499999999999
2022-11-14 05:00:00,0.6132499999999999
2022-11-14 06:00:00,0.6169499999999999
2022-11-14 07:00:00,0.6148499999999999
2022-11-14 08:00:00,0.6157499999999999
2022-11-14 09:00:00,0.6135999999999999
2022-11-14 10:00:00,0.6124999999999999
2022-11-14 11:00:00,0.6122499999999998
2022-11-14 12:00:00,0.6139999999999999
2022-11-14 13:00:00,0.6142999999999998
2022-11-14 14:00:00,0.6135499999999999
2022-11-14 15:00:00,0.6159999999999999
2022-11-14 16:00:00,0.6149499999999999
2022-11-14 17:00:00,0.6156999999999999
2022-11-14 18:00:00,0.6170999999999999
2022-11-14 19:00:00,0.6168999999999999
2022-11-14 20:00:00,0.6163999999999998
2022-11-14 21:00:00,0.6149999999999999
2022-11-14 23:00:00,0.6143999999999998
2022-11-15 00:00:00,0.6139999999999999
2022-11-15 01:00:00,0.6148999999999999
2022-11-15 02:00:00,0.6160999999999999
2022-11-15 03:00:00,0.6164999999999999
2022-11-15 04:00:00,0.6157499999999999
2022-11-15 05:00:00,0.6170999999999999
2022-11-15 06:00:00,0.6224499999999998
2022-11-15 07:00:00,0.6212499999999999
2022-11-15 08:00:00,0.6198499999999999
2022-11-15 09:00:00,0.6206499999999999
2022-11-15 10:00:00,0.6215999999999999
2022-11-15 11:00:00,0.6205999999999999
2022-11-15 12:00:00,0.6212499999999999
2022-11-15 13:00:00,0.6215499999999999
2022-11-15 14:00:00,0.6193999999999998
2022-11-15 15:00:00,0.6215999999999999
2022-11-15 16:00:00,0.6226499999999999
2022-11-15 17:00:00,0.6230499999999999
2022-11-15 18:00:00,0.6195999999999999
2022-11-15 19:00:00,0.6226499999999999
2022-11-15 20:00:00,0.6223499999999998
2022-11-15 21:00:00,0.6210999999999999
2022-11-15 23:00:00,0.6218999999999999
2022-11-16 00:00:00,0.6192999999999999
2022-11-16 01:00:00,0.6198999999999999
2022-11-16 02:00:00,0.6211999999999999
2022-11-16 03:00:00,0.6193499999999998
2022-11-16 04:00:00,0.6193499999999998
2022-11-16 05:00:00,0.6216999999999999
2022-11-16 06:00:00,0.6218999999999999
2022-11-16 07:00:00,0.6225999999999999
2022-11-16 08:00:00,0.6219499999999999
2022-11-16 09:00:00,0.6239999999999999
2022-11-16 10:00:00,0.6234499999999998
2022-11-16 11:00:00,0.6218999999999999
2022-11-16 12:00:00,0.6226999999999999
2022-11-16 13:00:00,0.6215499999999999
2022-11-16 14:00:00,0.6222499999999999
2022-11-16 15:00:00,0.6212999999999999
2022-11-16 16:00:00,0.6198999999999999
2022-11-16 17:00:00,0.6203499999999998
2022-11-16 18:00:00,0.6192499999999999
2022-11-16 19:00:00,0.6205999999999999
2022-11-16 20:00:00,0.6200499999999999
2022-11-16 21:00:00,0.6202499999999999
2022-11-16 23:00:00,0.6201999999999999
2022-11-17 00:00:00,0.6190999999999999
2022-11-17 01:00:00,0.6188499999999999
2022-11-17 02:00:00,0.6182999999999998
2022-11-17 03:00:00,0.6182499999999999
2022-11-17 04:00:00,0.6179499999999999
2022-11-17 05:00:00,0.6188499999999999
2022-11-17 06:00:00,0.6175499999999999
2022-11-17 07:00:00,0.6206499999999999
2022-11-17 08:00:00,0.6200999999999999
2022-11-17 09:00:00,0.6174999999999999
2022-11-17 10:00:00,0.6148499999999999
2022-11-17 11:00:00,0.6156499999999999
2022-11-17 12:00:00,0.6129999999999999
2022-11-17 13:00:00,0.6123499999999998
2022-11-17 14:00:00,0.6128999999999999
2022-11-17 15:00:00,0.6138999999999999
2022-11-17 16:00:00,0.6151499999999999
2022-11-17 17:00:00,0.6169499999999999
2022-11-17 18:00:00,0.6177499999999999
2022-11-17 19:00:00,0.6175499999999999
2022-11-17 20:00:00,0.6173499999999998
2022-11-17 21:00:00,0.6179499999999999
2022-11-17 23:00:00,0.6179499999999999
2022-11-18 00:00:00,0.6191499999999999
2022-11-18 01:00:00,0.6207999999999999
2022-11-18 02:00:00,0.6208999999999999
2022-11-18 03:00:00,0.6216999999999999
2022-11-18 04:00:00,0.6207999999999999
2022-11-18 05:00:00,0.6216999999999999
2022-11-18 06:00:00,0.6208499999999999
2022-11-18 07:00:00,0.6225999999999999
2022-11-18 08:00:00,0.6222999999999999
2022-11-18 09:00:00,0.6224999999999998
2022-11-18 10:00:00,0.6237999999999999
2022-11-18 11:00:00,0.6228499999999999
2022-11-18 12:00:00,0.6237999999999999
2022-11-18 13:00:00,0.6225499999999999
2022-11-18 14:00:00,0.6204999999999998
2022-11-18 15:00:00,0.6222999999999999
2022-11-18 16:00:00,0.6211499999999999
2022-11-18 17:00:00,0.6201999999999999
2022-11-18 18:00:00,0.6200499999999999
2022-11-18 19:00:00,0.6208999999999999
2022-11-18 20:00:00,0.6205999999999999
2022-11-18 21:00:00,0.6204499999999998
2022-11-20 23:00:00,0.6217999999999999
2022-11-21 00:00:00,0.6197499999999999
2022-11-21 01:00:00,0.6191499999999999
2022-11-21 02:00:00,0.6181499999999999
2022-11-21 03:00:00,0.6195499999999999
2022-11-21 04:00:00,0.6185499999999999
2022-11-21 05:00:00,0.6182999999999998
2022-11-21 06:00:00,0.6149499999999999
2022-11-21 07:00:00,0.6174999999999999
2022-11-21 08:00:00,0.6174999999999999
2022-11-21 09:00:00,0.6161499999999999
2022-11-21 10:00:00,0.6173999999999998
2022-11-21 11:00:00,0.6165499999999999
2022-11-21 12:00:00,0.6168499999999999
2022-11-21 13:00:00,0.6168999999999999
2022-11-21 14:00:00,0.6167999999999999
2022-11-21 15:00:00,0.6144999999999999
2022-11-21 16:00:00,0.6144999999999999
2022-11-21 17:00:00,0.6147499999999999
2022-11-21 18:00:00,0.6149499999999999
2022-11-21 19:00:00,0.6148999999999999
2022-11-21 20:00:00,0.6145999999999999
2022-11-21 21:00:00,0.6153999999999998
2022-11-21 23:00:00,0.6149499999999999
2022-11-22 00:00:00,0.6160999999999999
2022-11-22 01:00:00,0.6172499999999999
2022-11-22 02:00:00,0.6170999999999999
2022-11-22 03:00:00,0.6172499999999999
2022-11-22 04:00:00,0.6178999999999999
2022-11-22 05:00:00,0.6168499999999999
2022-11-22 06:00:00,0.6168499999999999
2022-11-22 07:00:00,0.6181499999999999
2022-11-22 08:00:00,0.6187999999999999
2022-11-22 09:00:00,0.6198499999999999
2022-11-22 10:00:00,0.6203999999999998
2022-11-22 11:00:00,0.6203499999999998
2022-11-22 12:00:00,0.6199499999999999
2022-11-22 13:00:00,0.6195499999999999
2022-11-22 14:00:00,0.6194499999999998
2022-11-22 15:00:00,0.6198499999999999
2022-11-22 16:00:00,0.6190499999999999
2022-11-22 17:00:00,0.6196499999999999
2022-11-22 18:00:00,0.6203999999999998
2022-11-22 19:00:00,0.6203499999999998
2022-11-22 20:00:00,0.6203999999999998
2022-11-22 21:00:00,0.6206499999999999
2022-11-22 23:00:00,0.6207499999999999
2022-11-23 00:00:00,0.6196499999999999
2022-11-23 01:00:00,0.6224499999999998
2022-11-23 02:00:00,0.6232499999999999
2022-11-23 03:00:00,0.6215499999999999
2022-11-23 04:00:00,0.6212999999999999
2022-11-23 05:00:00,0.6219999999999999
2022-11-23 06:00:00,0.6229999999999999
2022-11-23 07:00:00,0.6240999999999999
2022-11-23 08:00:00,0.6233499999999998
2022-11-23 09:00:00,0.6229999999999999
2022-11-23 10:00:00,0.6221499999999999
2022-11-23 11:00:00,0.6223499999999998
2022-11-23 12:00:00,0.6223999999999998
2022-11-23 13:00:00,0.6236499999999999
2022-11-23 14:00:00,0.6278999999999999
2022-11-23 15:00:00,0.6286999999999999
2022-11-23 16:00:00,0.6271999999999999
2022-11-23 17:00:00,0.6271999999999999
2022-11-23 18:00:00,0.6274499999999998
2022-11-23 19:00:00,0.6296499999999999
2022-11-23 20:00:00,0.6300999999999999
2022-11-23 21:00:00,0.6298499999999999
2022-11-23 23:00:00,0.6305499999999998
2022-11-24 00:00:00,0.6301999999999999
2022-11-24 01:00:00,0.6308999999999999
2022-11-24 02:00:00,0.6312499999999999
2022-11-24 03:00:00,0.6318999999999999
2022-11-24 04:00:00,0.6311999999999999
2022-11-24 05:00:00,0.6306999999999999
2022-11-24 06:00:00,0.6303999999999998
2022-11-24 07:00:00,0.6295999999999999
2022-11-24 08:00:00,0.6300999999999999
2022-11-24 09:00:00,0.6305999999999998
2022-11-24 10:00:00,0.6312999999999999
2022-11-24 11:00:00,0.6313999999999999
2022-11-24 12:00:00,0.6322499999999999
2022-11-24 13:00:00,0.6323999999999999
2022-11-24 14:00:00,0.6339999999999999
2022-11-24 15:00:00,0.6320499999999999
2022-11-24 16:00:00,0.6317499999999999
2022-11-24 17:00:00,0.6321499999999999
2022-11-24 18:00:00,0.6318499999999999
2022-11-24 19:00:00,0.6322499999999999
2022-11-24 20:00:00,0.6321999999999999
2022-11-24 21:00:00,0.6317999999999999
2022-11-24 23:00:00,0.6311499999999999
2022-11-25 00:00:00,0.6303999999999998
2022-11-25 01:00:00,0.6305499999999998
2022-11-25 02:00:00,0.6311499999999999
2022-11-25 03:00:00,0.6317499999999999
2022-11-25 04:00:00,0.6324999999999998
2022-11-25 05:00:00,0.6308499999999999
2022-11-25 06:00:00,0.6315999999999998
2022-11-25 07:00:00,0.6301499999999999
2022-11-25 08:00:00,0.6295999999999999
2022-11-25 09:00:00,0.6285499999999998
2022-11-25 10:00:00,0.6293499999999999
2022-11-25 11:00:00,0.6282999999999999
2022-11-25 12:00:00,0.6286499999999999
2022-11-25 13:00:00,0.6279999999999999
2022-11-25 14:00:00,0.6295499999999998
2022-11-25 15:00:00,0.6291499999999999
2022-11-25 16:00:00,0.6294499999999998
2022-11-25 17:00:00,0.6289999999999999
2022-11-25 18:00:00,0.6292999999999999
2022-11-27 23:00:00,0.6267999999999999
2022-11-28 00:00:00,0.6278999999999999
2022-11-28 01:00:00,0.6250999999999999
2022-11-28 02:00:00,0.6260499999999999
2022-11-28 03:00:00,0.6261499999999999
2022-11-28 04:00:00,0.6266499999999999
2022-11-28 05:00:00,0.6250999999999999
2022-11-28 06:00:00,0.6256999999999999
2022-11-28 07:00:00,0.6259499999999999
2022-11-28 08:00:00,0.6284999999999998
2022-11-28 09:00:00,0.6279499999999999
2022-11-28 10:00:00,0.6280999999999999
2022-11-28 11:00:00,0.6284999999999998
2022-11-28 12:00:00,0.6274999999999998
2022-11-28 13:00:00,0.6269999999999999
2022-11-28 14:00:00,0.6260499999999999
2022-11-28 15:00:00,0.6258499999999999
2022-11-28 16:00:00,0.6254999999999998
2022-11-28 17:00:00,0.6240499999999999
2022-11-28 18:00:00,0.6229999999999999
2022-11-28 19:00:00,0.6212999999999999
2022-11-28 20:00:00,0.6210499999999999
2022-11-28 21:00:00,0.6215999999999999
2022-11-28 23:00:00,0.6214499999999998
2022-11-29 00:00:00,0.6218999999999999
2022-11-29 01:00:00,0.6237999999999999
2022-11-29 02:00:00,0.6237499999999999
2022-11-29 03:00:00,0.6257999999999999
2022-11-29 04:00:00,0.6260999999999999
2022-11-29 05:00:00,0.6264499999999998
2022-11-29 06:00:00,0.6246499999999999
2022-11-29 07:00:00,0.6277999999999999
2022-11-29 08:00:00,0.6294999999999998
2022-11-29 09:00:00,0.6278999999999999
2022-11-29 10:00:00,0.6293499999999999
2022-11-29 11:00:00,0.6302499999999999
2022-11-29 12:00:00,0.6291499999999999
2022-11-29 13:00:00,0.6266499999999999
2022-11-29 14:00:00,0.6262999999999999
2022-11-29 15:00:00,0.6260499999999999
2022-11-29 16:00:00,0.6249999999999999
2022-11-29 17:00:00,0.6250999999999999
2022-11-29 18:00:00,0.6250499999999999
2022-11-29 19:00:00,0.6245999999999999
2022-11-29 20:00:00,0.6245499999999998
2022-11-29 21:00:00,0.6253499999999999
2022-11-29 23:00:00,0.6246499999999999
2022-11-30 00:00:00,0.6259999999999999
2022-11-30 01:00:00,0.6266499999999999
2022-11-30 02:00:00,0.6264499999999998
2022-11-30 03:00:00,0.6267499999999999
2022-11-30 04:00:00,0.6272999999999999
2022-11-30 05:00:00,0.6273499999999999
2022-11-30 06:00:00,0.6351499999999999
2022-11-30 07:00:00,0.6283499999999999
2022-11-30 08:00:00,0.6283999999999998
2022-11-30 09:00:00,0.6289499999999999
2022-11-30 10:00:00,0.6286499999999999
2022-11-30 11:00:00,0.6294999999999998
2022-11-30 12:00:00,0.6289499999999999
2022-11-30 13:00:00,0.6272499999999999
2022-11-30 14:00:00,0.6280499999999999
2022-11-30 15:00:00,0.6261499999999999
2022-11-30 16:00:00,0.6283999999999998
2022-11-30 17:00:00,0.6286999999999999
2022-11-30 18:00:00,0.6331999999999999
2022-11-30 19:00:00,0.6351999999999999
2022-11-30 20:00:00,0.6361499999999999
2022-11-30 21:00:00,0.6347999999999999
2022-11-30 23:00:00,0.6365499999999998
2022-12-01 00:00:00,0.6371499999999999
2022-12-01 01:00:00,0.6369499999999999
2022-12-01 02:00:00,0.6371999999999999
2022-12-01 03:00:00,0.6379999999999999
2022-12-01 04:00:00,0.6377499999999999
2022-12-01 05:00:00,0.6387999999999999
2022-12-01 06:00:00,0.6426499999999998
2022-12-01 07:00:00,0.6365499999999998
2022-12-01 08:00:00,0.6394999999999998
2022-12-01 09:00:00,0.6394499999999999
2022-12-01 10:00:00,0.6394999999999998
2022-12-01 11:00:00,0.6402499999999999
2022-12-01 12:00:00,0.6406499999999998
2022-12-01 13:00:00,0.6416999999999999
2022-12-01 14:00:00,0.6442499999999999
2022-12-01 15:00:00,0.6426999999999998
2022-12-01 16:00:00,0.6422499999999999
2022-12-01 17:00:00,0.6427999999999999
2022-12-01 18:00:00,0.6415499999999998
2022-12-01 19:00:00,0.6427999999999999
2022-12-01 20:00:00,0.6423999999999999
2022-12-01 21:00:00,0.6422999999999999
2022-12-01 23:00:00,0.6420999999999999
2022-12-02 00:00:00,0.6409999999999999
2022-12-02 01:00:00,0.6423999999999999
2022-12-02 02:00:00,0.6424999999999998
2022-12-02 03:00:00,0.6426499999999998
2022-12-02 04:00:00,0.6431499999999999
2022-12-02 05:00:00,0.6435999999999998
2022-12-02 06:00:00,0.6444499999999999
2022-12-02 07:00:00,0.6443999999999999
2022-12-02 08:00:00,0.6452999999999999
2022-12-02 09:00:00,0.6458999999999999
2022-12-02 10:00:00,0.6450999999999999
2022-12-02 11:00:00,0.6456499999999998
2022-12-02 12:00:00,0.6457999999999999
2022-12-02 13:00:00,0.6407499999999999
2022-12-02 14:00:00,0.6415999999999998
2022-12-02 15:00:00,0.6423999999999999
2022-12-02 16:00:00,0.6447999999999999
2022-12-02 17:00:00,0.6449499999999999
2022-12-02 18:00:00,0.6450999999999999
2022-12-02 19:00:00,0.6459499999999999
2022-12-02 20:00:00,0.6461999999999999
2022-12-02 21:00:00,0.6465499999999998
2022-12-04 23:00:00,0.6455999999999998
2022-12-05 00:00:00,0.6457499999999999
2022-12-05 01:00:00,0.6480499999999999
2022-12-05 02:00:00,0.6479999999999999
2022-12-05 03:00:00,0.6489499999999999
2022-12-05 04:00:00,0.6482999999999999
2022-12-05 05:00:00,0.6481999999999999
2022-12-05 06:00:00,0.6364499999999998
2022-12-05 07:00:00,0.6461999999999999
2022-12-05 08:00:00,0.6456499999999998
2022-12-05 09:00:00,0.6457999999999999
2022-12-05 10:00:00,0.6447999999999999
2022-12-05 11:00:00,0.6460999999999998
2022-12-05 12:00:00,0.6472499999999999
2022-12-05 13:00:00,0.6447999999999999
2022-12-05 14:00:00,0.6419499999999999
2022-12-05 15:00:00,0.6385499999999998
2022-12-05 16:00:00,0.6358499999999999
2022-12-05 17:00:00,0.6369999999999999
2022-12-05 18:00:00,0.6368499999999999
2022-12-05 19:00:00,0.6365499999999998
2022-12-05 20:00:00,0.6360499999999999
2022-12-05 21:00:00,0.6372499999999999
2022-12-05 23:00:00,0.6373999999999999
2022-12-06 00:00:00,0.6384999999999998
2022-12-06 01:00:00,0.6393999999999999
2022-12-06 02:00:00,0.6391999999999999
2022-12-06 03:00:00,0.6381999999999999
2022-12-06 04:00:00,0.6379499999999999
2022-12-06 05:00:00,0.6376999999999999
2022-12-06 06:00:00,0.6367999999999999
2022-12-06 07:00:00,0.6366999999999999
2022-12-06 08:00:00,0.6371999999999999
2022-12-06 09:00:00,0.6371999999999999
2022-12-06 10:00:00,0.6376499999999998
2022-12-06 11:00:00,0.6390999999999999
2022-12-06 12:00:00,0.6399499999999999
2022-12-06 13:00:00,0.6389999999999999
2022-12-06 14:00:00,0.6382999999999999
2022-12-06 15:00:00,0.6372999999999999
2022-12-06 16:00:00,0.6377999999999999
2022-12-06 17:00:00,0.6371999999999999
2022-12-06 18:00:00,0.6362999999999999
2022-12-06 19:00:00,0.6368499999999999
2022-12-06 20:00:00,0.6369499999999999
2022-12-06 21:00:00,0.6368999999999999
2022-12-06 23:00:00,0.6375499999999998
2022-12-07 01:00:00,0.6378499999999999
2022-12-07 03:00:00,0.6382499999999999
2022-12-07 04:00:00,0.6387499999999999
2022-12-07 05:00:00,0.6381499999999999
2022-12-07 06:00:00,0.6416999999999999
2022-12-07 07:00:00,0.6378499999999999
2022-12-07 08:00:00,0.6388499999999999
2022-12-07 09:00:00,0.6373999999999999
2022-12-07 11:00:00,0.6384999999999998
2022-12-07 12:00:00,0.6413499999999999
2022-12-07 13:00:00,0.6429499999999999
2022-12-07 14:00:00,0.6430499999999999
2022-12-07 15:00:00,0.6428499999999999
2022-12-07 16:00:00,0.6416999999999999
2022-12-07 17:00:00,0.6429999999999999
2022-12-07 18:00:00,0.6420499999999999
2022-12-07 19:00:00,0.6416999999999999
2022-12-07 20:00:00,0.6417999999999999
2022-12-07 21:00:00,0.6415499999999998
2022-12-07 23:00:00,0.6412999999999999
2022-12-08 00:00:00,0.6400999999999999
2022-12-08 01:00:00,0.6389999999999999
2022-12-08 02:00:00,0.6401499999999999
2022-12-08 03:00:00,0.6414499999999999
2022-12-08 06:00:00,0.6435999999999998
2022-12-08 07:00:00,0.6422999999999999
2022-12-08 09:00:00,0.6406499999999999
2022-12-08 10:00:00,0.6406499999999999
2022-12-08 11:00:00,0.6400499999999999
2022-12-08 12:00:00,0.6406499999999999
2022-12-08 13:00:00,0.6427999999999999
2022-12-08 14:00:00,0.6427499999999999
2022-12-08 15:00:00,0.6428499999999999
2022-12-08 16:00:00,0.6430999999999999
2022-12-08 17:00:00,0.6427499999999999
2022-12-08 18:00:00,0.6437499999999999
2022-12-08 19:00:00,0.6436499999999998
2022-12-08 20:00:00,0.6441999999999999
2022-12-09 01:00:00,0.6464999999999999
2022-12-09 02:00:00,0.6447999999999999
2022-12-09 03:00:00,0.6462999999999999
2022-12-09 04:00:00,0.6464499999999999
2022-12-09 05:00:00,0.6459999999999999
2022-12-09 06:00:00,0.6480499999999999
2022-12-09 07:00:00,0.6450499999999999
2022-12-09 08:00:00,0.6435499999999998
2022-12-09 09:00:00,0.6429499999999999
2022-12-09 10:00:00,0.6444999999999999
2022-12-09 11:00:00,0.6462999999999999
2022-12-09 12:00:00,0.6459999999999999
2022-12-09 13:00:00,0.6454999999999999
2022-12-09 14:00:00,0.6459999999999999
2022-12-09 15:00:00,0.6467999999999999
2022-12-09 16:00:00,0.6482499999999999
2022-12-09 17:00:00,0.6479499999999999
2022-12-09 18:00:00,0.6480999999999999
2022-12-09 19:00:00,0.6478999999999999
2022-12-09 20:00:00,0.6480499999999999
2022-12-09 21:00:00,0.6469999999999999
2022-12-11 23:00:00,0.6451499999999999
2022-12-12 00:00:00,0.6445499999999998
2022-12-12 01:00:00,0.6452499999999999
2022-12-12 03:00:00,0.6453499999999999
2022-12-12 04:00:00,0.6455999999999998
2022-12-12 05:00:00,0.6450999999999999
2022-12-12 06:00:00,0.6449999999999999
2022-12-12 07:00:00,0.6458499999999999
2022-12-12 08:00:00,0.6454499999999999
2022-12-12 09:00:00,0.6477499999999999
2022-12-12 10:00:00,0.6473499999999999
2022-12-12 11:00:00,0.6456999999999999
2022-12-12 12:00:00,0.6450499999999999
2022-12-12 13:00:00,0.6455999999999998
2022-12-12 14:00:00,0.6449999999999999
2022-12-12 15:00:00,0.6434499999999999
2022-12-12 16:00:00,0.6432499999999999
2022-12-12 17:00:00,0.6435999999999998
2022-12-12 18:00:00,0.6433499999999999
2022-12-12 19:00:00,0.6437999999999999
2022-12-12 20:00:00,0.6438999999999999
2022-12-12 21:00:00,0.6442999999999999
2022-12-12 23:00:00,0.6442499999999999
2022-12-13 00:00:00,0.6450999999999999
2022-12-13 01:00:00,0.6450999999999999
2022-12-13 02:00:00,0.6455499999999998
2022-12-13 03:00:00,0.6440499999999999
2022-12-13 04:00:00,0.6438999999999999
2022-12-13 05:00:00,0.6452499999999999
2022-12-13 06:00:00,0.6450499999999999
2022-12-13 07:00:00,0.6458499999999999
2022-12-13 08:00:00,0.6456499999999998
2022-12-13 09:00:00,0.6450499999999999
2022-12-13 10:00:00,0.6448499999999999
2022-12-13 11:00:00,0.6459999999999999
2022-12-13 12:00:00,0.6463499999999999
2022-12-13 13:00:00,0.6542499999999999
2022-12-13 14:00:00,0.6566499999999998
2022-12-13 15:00:00,0.6548499999999999
2022-12-13 16:00:00,0.6536499999999998
2022-12-13 17:00:00,0.6524999999999999
2022-12-13 18:00:00,0.6521999999999999
2022-12-13 19:00:00,0.6529999999999999
2022-12-13 20:00:00,0.6524999999999999
2022-12-13 21:00:00,0.6522499999999999
2022-12-13 23:00:00,0.6512999999999999
2022-12-14 00:00:00,0.6502999999999999
2022-12-14 01:00:00,0.6505499999999999
2022-12-14 02:00:00,0.6501999999999999
2022-12-14 03:00:00,0.6499499999999999
2022-12-14 04:00:00,0.6501999999999999
2022-12-14 05:00:00,0.6502999999999999
2022-12-14 06:00:00,0.6487999999999999
2022-12-14 07:00:00,0.6499499999999999
2022-12-14 08:00:00,0.6503999999999999
2022-12-14 09:00:00,0.6509999999999999
2022-12-14 10:00:00,0.6503999999999999
2022-12-14 11:00:00,0.6501999999999999
2022-12-14 12:00:00,0.6502499999999999
2022-12-14 13:00:00,0.6502999999999999
2022-12-14 14:00:00,0.6500499999999999
2022-12-14 15:00:00,0.6509499999999999
2022-12-14 16:00:00,0.6506499999999998
2022-12-14 17:00:00,0.6502999999999999
2022-12-14 18:00:00,0.6513999999999999
2022-12-14 19:00:00,0.6487499999999999
2022-12-14 20:00:00,0.6514499999999999
2022-12-14 21:00:00,0.6517499999999999
2022-12-14 23:00:00,0.6511499999999999
2022-12-15 00:00:00,0.6518499999999999
2022-12-15 01:00:00,0.6504999999999999
2022-12-15 02:00:00,0.6505499999999999
2022-12-15 03:00:00,0.6503499999999999
2022-12-15 04:00:00,0.6493999999999999
2022-12-15 05:00:00,0.6499499999999999
2022-12-15 06:00:00,0.6404499999999999
2022-12-15 07:00:00,0.6475499999999998
2022-12-15 08:00:00,0.6449499999999999
2022-12-15 09:00:00,0.6434499999999999
2022-12-15 10:00:00,0.6429999999999999
2022-12-15 11:00:00,0.6431499999999999
2022-12-15 12:00:00,0.6439999999999999
2022-12-15 13:00:00,0.6440999999999999
2022-12-15 14:00:00,0.6437499999999999
2022-12-15 15:00:00,0.6424499999999999
2022-12-15 16:00:00,0.6398999999999999
2022-12-15 17:00:00,0.6382499999999999
2022-12-15 18:00:00,0.6397499999999999
2022-12-15 19:00:00,0.6405499999999998
2022-12-15 20:00:00,0.6405499999999998
2022-12-15 21:00:00,0.6398999999999999
2022-12-15 23:00:00,0.6400999999999999
2022-12-16 00:00:00,0.6410999999999999
2022-12-16 01:00:00,0.6408999999999999
2022-12-16 02:00:00,0.6426999999999999
2022-12-16 03:00:00,0.6418499999999999
2022-12-16 04:00:00,0.6416499999999999
2022-12-16 05:00:00,0.6416999999999999
2022-12-16 06:00:00,0.6441999999999999
2022-12-16 07:00:00,0.6411999999999999
2022-12-16 08:00:00,0.6417499999999999
2022-12-16 09:00:00,0.6406999999999999
2022-12-16 10:00:00,0.6408999999999999
2022-12-16 11:00:00,0.6421499999999999
2022-12-16 12:00:00,0.6419999999999999
2022-12-16 13:00:00,0.6429499999999999
2022-12-16 14:00:00,0.6441499999999999
2022-12-16 15:00:00,0.6423499999999999
2022-12-16 16:00:00,0.6426999999999999
2022-12-16 17:00:00,0.6436999999999999
2022-12-16 18:00:00,0.6451499999999999
2022-12-16 19:00:00,0.6441499999999999
2022-12-16 20:00:00,0.6442499999999999
2022-12-16 21:00:00,0.6437499999999999
2022-12-18 23:00:00,0.6428999999999999
2022-12-19 00:00:00,0.6444499999999999
2022-12-19 01:00:00,0.6448999999999999
2022-12-19 02:00:00,0.6439499999999999
2022-12-19 03:00:00,0.6441499999999999
2022-12-19 04:00:00,0.6445999999999998
2022-12-19 05:00:00,0.6432499999999999
2022-12-19 06:00:00,0.6417999999999999
2022-12-19 07:00:00,0.6446999999999999
2022-12-19 08:00:00,0.6447499999999999
2022-12-19 09:00:00,0.6451999999999999
2022-12-19 10:00:00,0.6446499999999998
2022-12-19 11:00:00,0.6428499999999999
2022-12-19 12:00:00,0.6434999999999998
2022-12-19 13:00:00,0.6425499999999998
2022-12-19 14:00:00,0.6431999999999999
2022-12-19 15:00:00,0.6402999999999999
2022-12-19 16:00:00,0.6428499999999999
2022-12-19 17:00:00,0.6440499999999999
2022-12-19 18:00:00,0.6428499999999999
2022-12-19 19:00:00,0.6417499999999999
2022-12-19 20:00:00,0.6421999999999999
2022-12-19 21:00:00,0.6422499999999999
2022-12-19 23:00:00,0.6419499999999999
2022-12-20 00:00:00,0.6407499999999999
2022-12-20 01:00:00,0.6401999999999999
2022-12-20 02:00:00,0.6402999999999999
2022-12-20 03:00:00,0.6387999999999999
2022-12-20 04:00:00,0.6384999999999998
2022-12-20 05:00:00,0.6373999999999999
2022-12-20 06:00:00,0.6390499999999999
2022-12-20 07:00:00,0.6386499999999999
2022-12-20 08:00:00,0.6425499999999998
2022-12-20 09:00:00,0.6415499999999998
2022-12-20 10:00:00,0.6412499999999999
2022-12-20 11:00:00,0.6413499999999999
2022-12-20 12:00:00,0.6379499999999999
2022-12-20 13:00:00,0.6379499999999999
2022-12-20 14:00:00,0.6396499999999999
2022-12-20 15:00:00,0.6387499999999999
2022-12-20 16:00:00,0.6388499999999999
2022-12-20 17:00:00,0.6384499999999999
2022-12-20 18:00:00,0.6386499999999999
2022-12-20 19:00:00,0.6407499999999999
2022-12-20 20:00:00,0.6399999999999999
2022-12-20 21:00:00,0.6403999999999999
2022-12-20 23:00:00,0.6400999999999999
2022-12-21 00:00:00,0.6395499999999998
2022-12-21 01:00:00,0.6376499999999999
2022-12-21 02:00:00,0.6382499999999999
2022-12-21 03:00:00,0.6367499999999999
2022-12-21 04:00:00,0.6361499999999999
2022-12-21 05:00:00,0.6365499999999998
2022-12-21 06:00:00,0.6352999999999999
2022-12-21 07:00:00,0.6362499999999999
2022-12-21 08:00:00,0.6349999999999999
2022-12-21 09:00:00,0.6351999999999999
2022-12-21 10:00:00,0.6348499999999999
2022-12-21 11:00:00,0.6353999999999999
2022-12-21 12:00:00,0.6363499999999999
2022-12-21 13:00:00,0.6366499999999999
2022-12-21 14:00:00,0.6353999999999999
2022-12-21 15:00:00,0.6355499999999998
2022-12-21 16:00:00,0.6340999999999999
2022-12-21 17:00:00,0.6342499999999999
2022-12-21 18:00:00,0.6349999999999999
2022-12-21 19:00:00,0.6353999999999999
2022-12-21 20:00:00,0.6356499999999999
2022-12-21 21:00:00,0.6352499999999999
2022-12-21 23:00:00,0.6343499999999999
2022-12-22 00:00:00,0.6353999999999999
2022-12-22 01:00:00,0.6360999999999999
2022-12-22 02:00:00,0.6364499999999998
2022-12-22 03:00:00,0.6371999999999999
2022-12-22 04:00:00,0.6378499999999999
2022-12-22 05:00:00,0.6368499999999999
2022-12-22 06:00:00,0.6298499999999999
2022-12-22 07:00:00,0.6380999999999999
2022-12-22 08:00:00,0.6373499999999999
2022-12-22 09:00:00,0.6363999999999999
2022-12-22 10:00:00,0.6347999999999999
2022-12-22 11:00:00,0.6349499999999999
2022-12-22 12:00:00,0.6345499999999998
2022-12-22 13:00:00,0.6313999999999999
2022-12-22 14:00:00,0.6317499999999999
2022-12-22 15:00:00,0.6312499999999999
2022-12-22 16:00:00,0.6308999999999999
2022-12-22 17:00:00,0.6299999999999999
2022-12-22 18:00:00,0.6293499999999999
2022-12-22 19:00:00,0.6298499999999999
2022-12-22 20:00:00,0.6309499999999999
2022-12-22 21:00:00,0.6304499999999998
2022-12-22 23:00:00,0.6307999999999999
2022-12-23 00:00:00,0.6297499999999999
2022-12-23 01:00:00,0.6313499999999999
2022-12-23 02:00:00,0.6328499999999999
2022-12-23 03:00:00,0.6333999999999999
2022-12-23 04:00:00,0.6330499999999999
2022-12-23 05:00:00,0.6333499999999999
2022-12-23 06:00:00,0.6345499999999998
2022-12-23 07:00:00,0.6342499999999999
2022-12-23 08:00:00,0.6335499999999998
2022-12-23 09:00:00,0.6343999999999999
2022-12-23 10:00:00,0.6356499999999999
2022-12-23 11:00:00,0.6350999999999999
2022-12-23 12:00:00,0.6342999999999999
2022-12-23 13:00:00,0.6339499999999999
2022-12-23 14:00:00,0.6338999999999999
2022-12-23 15:00:00,0.6344499999999998
2022-12-23 16:00:00,0.6349999999999999
2022-12-23 17:00:00,0.6348499999999999
2022-12-23 18:00:00,0.6338999999999999
2022-12-23 19:00:00,0.6345499999999998
2022-12-23 20:00:00,0.6347999999999999
2022-12-23 21:00:00,0.6344499999999998
2022-12-26 23:00:00,0.6363499999999999
2022-12-27 00:00:00,0.6355499999999998
2022-12-27 01:00:00,0.6355999999999999
2022-12-27 02:00:00,0.6359499999999999
2022-12-27 03:00:00,0.6337999999999999
2022-12-27 04:00:00,0.6348999999999999
2022-12-27 05:00:00,0.6359999999999999
2022-12-27 06:00:00,0.6337499999999999
2022-12-27 07:00:00,0.6362999999999999
2022-12-27 08:00:00,0.6369499999999999
2022-12-27 09:00:00,0.6367999999999999
2022-12-27 10:00:00,0.6370499999999999
2022-12-27 11:00:00,0.6352499999999999
2022-12-27 12:00:00,0.6335499999999998
2022-12-27 13:00:00,0.6335499999999998
2022-12-27 14:00:00,0.6336999999999999
2022-12-27 15:00:00,0.6344499999999998
2022-12-27 16:00:00,0.6340499999999999
2022-12-27 17:00:00,0.6329999999999999
2022-12-27 18:00:00,0.6342999999999999
2022-12-27 19:00:00,0.6336999999999999
2022-12-27 20:00:00,0.6332999999999999
2022-12-27 21:00:00,0.6330999999999999
2022-12-27 23:00:00,0.6330499999999999
2022-12-28 00:00:00,0.6321999999999999
2022-12-28 01:00:00,0.6332999999999999
2022-12-28 02:00:00,0.6332999999999999
2022-12-28 03:00:00,0.6326499999999999
2022-12-28 04:00:00,0.6318999999999999
2022-12-28 05:00:00,0.6336499999999999
2022-12-28 06:00:00,0.6340999999999999
2022-12-28 07:00:00,0.6360499999999999
2022-12-28 08:00:00,0.6363999999999999
2022-12-28 09:00:00,0.6359499999999999
2022-12-28 10:00:00,0.6377499999999999
2022-12-28 11:00:00,0.6389499999999999
2022-12-28 12:00:00,0.6404499999999999
2022-12-28 13:00:00,0.6387999999999999
2022-12-28 14:00:00,0.6394999999999998
2022-12-28 15:00:00,0.6383999999999999
2022-12-28 16:00:00,0.6361999999999999
2022-12-28 17:00:00,0.6370999999999999
2022-12-28 18:00:00,0.6373999999999999
2022-12-28 19:00:00,0.6372499999999999
2022-12-28 20:00:00,0.6369999999999999
2022-12-28 21:00:00,0.6367499999999999
2022-12-28 23:00:00,0.6373999999999999
2022-12-29 00:00:00,0.6383999999999999
2022-12-29 01:00:00,0.6387499999999999
2022-12-29 02:00:00,0.6385499999999998
2022-12-29 03:00:00,0.6390499999999999
2022-12-29 04:00:00,0.6394499999999999
2022-12-29 05:00:00,0.6396999999999999
2022-12-29 06:00:00,0.6409999999999999
2022-12-29 07:00:00,0.6377499999999999
2022-12-29 08:00:00,0.6368999999999999
2022-12-29 09:00:00,0.6368499999999999
2022-12-29 10:00:00,0.6365999999999998
2022-12-29 11:00:00,0.6364499999999998
2022-12-29 12:00:00,0.6366999999999999
2022-12-29 13:00:00,0.6382499999999999
2022-12-29 14:00:00,0.6397999999999999
2022-12-29 15:00:00,0.6397999999999999
2022-12-29 16:00:00,0.6405499999999998
2022-12-29 17:00:00,0.6408499999999999
2022-12-29 18:00:00,0.6407499999999999
2022-12-29 19:00:00,0.6409999999999999
2022-12-29 20:00:00,0.6403999999999999
2022-12-29 21:00:00,0.6403499999999999
2022-12-29 23:00:00,0.6400499999999999
2022-12-30 00:00:00,0.6389499999999999
2022-12-30 01:00:00,0.6385499999999998
2022-12-30 02:00:00,0.6383499999999999
2022-12-30 03:00:00,0.6377499999999999
2022-12-30 04:00:00,0.6380999999999999
2022-12-30 05:00:00,0.6380999999999999
2022-12-30 06:00:00,0.6381499999999999
2022-12-30 07:00:00,0.6383999999999999
2022-12-30 08:00:00,0.6394999999999998
2022-12-30 09:00:00,0.6390499999999999
2022-12-30 10:00:00,0.6383499999999999
2022-12-30 11:00:00,0.6402499999999999
2022-12-30 12:00:00,0.6404999999999998
2022-12-30 13:00:00,0.6405999999999998
2022-12-30 14:00:00,0.6402499999999999
2022-12-30 15:00:00,0.6380499999999999
2022-12-30 16:00:00,0.6396999999999999
2022-12-30 17:00:00,0.6411499999999999
2022-12-30 18:00:00,0.6398999999999999
2022-12-30 19:00:00,0.6393499999999999
2022-12-30 20:00:00,0.6394999999999998
2022-12-30 21:00:00,0.6406499999999999
2023-01-02 23:00:00,0.6381499999999999
2023-01-03 00:00:00,0.6376999999999999
2023-01-03 01:00:00,0.6359499999999999
2023-01-03 02:00:00,0.6397499999999999
2023-01-03 03:00:00,0.6410499999999999
2023-01-03 04:00:00,0.6401499999999999
2023-01-03 05:00:00,0.6381999999999999
2023-01-03 06:00:00,0.6379499999999999
2023-01-03 07:00:00,0.6352999999999999
2023-01-03 08:00:00,0.6278999999999999
2023-01-03 09:00:00,0.6299999999999999
2023-01-03 10:00:00,0.6266499999999999
2023-01-03 11:00:00,0.6265999999999999
2023-01-03 12:00:00,0.6273999999999998
2023-01-03 13:00:00,0.6307499999999999
2023-01-03 14:00:00,0.6317999999999999
2023-01-03 15:00:00,0.6306499999999999
2023-01-03 16:00:00,0.6299499999999999
2023-01-03 17:00:00,0.6298499999999999
2023-01-03 18:00:00,0.6302499999999999
2023-01-03 19:00:00,0.6306999999999999
2023-01-03 20:00:00,0.6302499999999999
2023-01-03 21:00:00,0.6302999999999999
2023-01-03 23:00:00,0.6301499999999999
2023-01-04 00:00:00,0.6316499999999999
2023-01-04 01:00:00,0.6327999999999999
2023-01-04 02:00:00,0.6316499999999999
2023-01-04 03:00:00,0.6318999999999999
2023-01-04 04:00:00,0.6330999999999999
2023-01-04 05:00:00,0.6327999999999999
2023-01-04 06:00:00,0.6354999999999998
2023-01-04 07:00:00,0.6369999999999999
2023-01-04 08:00:00,0.6391999999999999
2023-01-04 09:00:00,0.6382999999999999
2023-01-04 10:00:00,0.6385999999999998
2023-01-04 11:00:00,0.6373999999999999
2023-01-04 12:00:00,0.6373499999999999
2023-01-04 13:00:00,0.6391999999999999
2023-01-04 14:00:00,0.6386499999999999
2023-01-04 15:00:00,0.6361499999999999
2023-01-04 16:00:00,0.6367499999999999
2023-01-04 17:00:00,0.6359999999999999
2023-01-04 18:00:00,0.6346999999999999
2023-01-04 19:00:00,0.6354999999999998
2023-01-04 20:00:00,0.6353999999999999
2023-01-04 21:00:00,0.6347499999999999
2023-01-04 23:00:00,0.6339499999999999
2023-01-05 00:00:00,0.6354999999999998
2023-01-05 01:00:00,0.6357499999999999
2023-01-05 02:00:00,0.6334999999999998
2023-01-05 03:00:00,0.6322999999999999
2023-01-05 04:00:00,0.6334999999999998
2023-01-05 05:00:00,0.6339999999999999
2023-01-05 06:00:00,0.6340499999999999
2023-01-05 07:00:00,0.6340999999999999
2023-01-05 08:00:00,0.6339499999999999
2023-01-05 09:00:00,0.6334499999999998
2023-01-05 10:00:00,0.6347999999999999
2023-01-05 11:00:00,0.6350999999999999
2023-01-05 12:00:00,0.6353999999999999
2023-01-05 13:00:00,0.6292999999999999
2023-01-05 14:00:00,0.6289499999999999
2023-01-05 15:00:00,0.6271999999999999
2023-01-05 16:00:00,0.6277999999999999
2023-01-05 17:00:00,0.6277499999999999
2023-01-05 18:00:00,0.6298499999999999
2023-01-05 19:00:00,0.6291999999999999
2023-01-05 20:00:00,0.6288499999999999
2023-01-05 21:00:00,0.6280499999999999
2023-01-05 23:00:00,0.6280499999999999
2023-01-06 00:00:00,0.6296499999999999
2023-01-06 01:00:00,0.6286499999999999
2023-01-06 02:00:00,0.6289499999999999
2023-01-06 03:00:00,0.6304499999999998
2023-01-06 04:00:00,0.6299999999999999
2023-01-06 05:00:00,0.6284499999999998
2023-01-06 06:00:00,0.6280999999999999
2023-01-06 07:00:00,0.6272999999999999
2023-01-06 08:00:00,0.6274499999999998
2023-01-06 09:00:00,0.6266999999999999
2023-01-06 10:00:00,0.6263999999999998
2023-01-06 11:00:00,0.6252999999999999
2023-01-06 12:00:00,0.6260999999999999
2023-01-06 13:00:00,0.6314499999999998
2023-01-06 14:00:00,0.6287499999999999
2023-01-06 15:00:00,0.6370999999999999
2023-01-06 16:00:00,0.6387999999999999
2023-01-06 17:00:00,0.6393999999999999
2023-01-06 18:00:00,0.6402499999999999
2023-01-06 19:00:00,0.6409999999999999
2023-01-06 20:00:00,0.6407999999999999
2023-01-06 21:00:00,0.6401999999999999
2023-01-08 23:00:00,0.6415499999999998
2023-01-09 00:00:00,0.6416999999999999
2023-01-09 01:00:00,0.6430499999999999
2023-01-09 02:00:00,0.6441499999999999
2023-01-09 03:00:00,0.6434499999999999
2023-01-09 04:00:00,0.6452999999999999
2023-01-09 05:00:00,0.6451999999999999
2023-01-09 06:00:00,0.6450999999999999
2023-01-09 07:00:00,0.6433499999999999
2023-01-09 08:00:00,0.6447999999999999
2023-01-09 09:00:00,0.6445999999999998
2023-01-09 10:00:00,0.6430499999999999
2023-01-09 11:00:00,0.6440499999999999
2023-01-09 12:00:00,0.6439499999999999
2023-01-09 13:00:00,0.6453999999999999
2023-01-09 14:00:00,0.6447499999999999
2023-01-09 15:00:00,0.6446499999999998
2023-01-09 16:00:00,0.6454999999999999
2023-01-09 17:00:00,0.6443999999999999
2023-01-09 18:00:00,0.6436499999999998
2023-01-09 19:00:00,0.6440999999999999
2023-01-09 20:00:00,0.6434499999999999
2023-01-09 21:00:00,0.6424499999999999
2023-01-09 23:00:00,0.6425499999999998
2023-01-10 00:00:00,0.6427499999999999
2023-01-10 01:00:00,0.6437999999999999
2023-01-10 02:00:00,0.6424999999999998
2023-01-10 03:00:00,0.6424999999999998
2023-01-10 04:00:00,0.6429499999999999
2023-01-10 05:00:00,0.6433999999999999
2023-01-10 06:00:00,0.6430999999999999
2023-01-10 07:00:00,0.6424499999999999
2023-01-10 08:00:00,0.6435999999999998
2023-01-10 09:00:00,0.6436499999999998
2023-01-10 10:00:00,0.6438499999999999
2023-01-10 11:00:00,0.6427999999999999
2023-01-10 12:00:00,0.6404499999999999
2023-01-10 13:00:00,0.6408999999999999
2023-01-10 14:00:00,0.6434499999999999
2023-01-10 15:00:00,0.6416999999999999
2023-01-10 16:00:00,0.6415499999999998
2023-01-10 17:00:00,0.6416999999999999
2023-01-10 18:00:00,0.6416999999999999
2023-01-10 19:00:00,0.6423499999999999
2023-01-10 20:00:00,0.6422999999999999
2023-01-10 21:00:00,0.6421499999999999
2023-01-10 23:00:00,0.6425999999999998
2023-01-11 00:00:00,0.6427999999999999
2023-01-11 01:00:00,0.6423499999999999
2023-01-11 02:00:00,0.6422999999999999
2023-01-11 03:00:00,0.6424499999999999
2023-01-11 04:00:00,0.6434499999999999
2023-01-11 05:00:00,0.6434499999999999
2023-01-11 06:00:00,0.6426999999999999
2023-01-11 07:00:00,0.6422499999999999
2023-01-11 08:00:00,0.6414499999999999
2023-01-11 09:00:00,0.6424499999999999
2023-01-11 10:00:00,0.6412999999999999
2023-01-11 11:00:00,0.6407999999999999
2023-01-11 12:00:00,0.6402999999999999
2023-01-11 13:00:00,0.6409999999999999
2023-01-11 14:00:00,0.6408499999999999
2023-01-11 15:00:00,0.6404499999999999
2023-01-11 16:00:00,0.6401499999999999
2023-01-11 17:00:00,0.6402499999999999
2023-01-11 18:00:00,0.6420999999999999
2023-01-11 19:00:00,0.6426499999999998
2023-01-11 20:00:00,0.6424499999999999
2023-01-11 21:00:00,0.6419999999999999
2023-01-11 23:00:00,0.6421499999999999
2023-01-12 00:00:00,0.6423499999999999
2023-01-12 01:00:00,0.6425499999999998
2023-01-12 02:00:00,0.6426999999999999
2023-01-12 03:00:00,0.6424999999999998
2023-01-12 04:00:00,0.6432999999999999
2023-01-12 05:00:00,0.6418499999999999
2023-01-12 06:00:00,0.6407499999999999
2023-01-12 07:00:00,0.6409499999999999
2023-01-12 08:00:00,0.6398499999999999
2023-01-12 09:00:00,0.6416499999999999
2023-01-12 10:00:00,0.6406999999999999
2023-01-12 11:00:00,0.6403499999999999
2023-01-12 12:00:00,0.6404499999999999
2023-01-12 13:00:00,0.6467999999999999
2023-01-12 14:00:00,0.6388499999999999
2023-01-12 15:00:00,0.6419999999999999
2023-01-12 16:00:00,0.6430499999999999
2023-01-12 17:00:00,0.6454499999999999
2023-01-12 18:00:00,0.6461499999999999
2023-01-12 19:00:00,0.6452499999999999
2023-01-12 20:00:00,0.6446499999999998
2023-01-12 21:00:00,0.6446499999999998
2023-01-12 23:00:00,0.6441499999999999
2023-01-13 00:00:00,0.6431499999999999
2023-01-13 01:00:00,0.6442999999999999
2023-01-13 02:00:00,0.6436499999999998
2023-01-13 03:00:00,0.6427499999999999
2023-01-13 04:00:00,0.6426499999999998
2023-01-13 05:00:00,0.6417999999999999
2023-01-13 06:00:00,0.6438999999999999
2023-01-13 07:00:00,0.6434499999999999
2023-01-13 08:00:00,0.6456999999999999
2023-01-13 09:00:00,0.6448999999999999
2023-01-13 10:00:00,0.6446999999999999
2023-01-13 11:00:00,0.6417499999999999
2023-01-13 12:00:00,0.6410999999999999
2023-01-13 13:00:00,0.6396999999999999
2023-01-13 14:00:00,0.6412499999999999
2023-01-13 15:00:00,0.6423499999999999
2023-01-13 16:00:00,0.6414499999999999
2023-01-13 17:00:00,0.6426999999999999
2023-01-13 18:00:00,0.6432499999999999
2023-01-13 19:00:00,0.6434999999999998
2023-01-13 20:00:00,0.6437499999999999
2023-01-13 21:00:00,0.6437499999999999
2023-01-15 23:00:00,0.6437499999999999
2023-01-16 00:00:00,0.6453499999999999
2023-01-16 01:00:00,0.6468999999999999
2023-01-16 02:00:00,0.6474999999999999
2023-01-16 03:00:00,0.6474499999999999
2023-01-16 04:00:00,0.6458999999999999
2023-01-16 05:00:00,0.6460499999999998
2023-01-16 06:00:00,0.6448499999999999
2023-01-16 07:00:00,0.6446499999999998
2023-01-16 08:00:00,0.6422499999999999
2023-01-16 09:00:00,0.6447499999999999
2023-01-16 10:00:00,0.6447999999999999
2023-01-16 11:00:00,0.6444499999999999
2023-01-16 12:00:00,0.6446499999999998
2023-01-16 13:00:00,0.6437499999999999
2023-01-16 14:00:00,0.6437999999999999
2023-01-16 15:00:00,0.6444499999999999
2023-01-16 16:00:00,0.6441499999999999
2023-01-16 17:00:00,0.6440499999999999
2023-01-16 18:00:00,0.6436499999999998
2023-01-16 19:00:00,0.6439499999999999
2023-01-16 20:00:00,0.6435499999999998
2023-01-16 21:00:00,0.6433999999999999
2023-01-16 23:00:00,0.6443499999999999
2023-01-17 00:00:00,0.6449499999999999
2023-01-17 01:00:00,0.6442999999999999
2023-01-17 02:00:00,0.6441999999999999
2023-01-17 03:00:00,0.6453499999999999
2023-01-17 04:00:00,0.6455499999999998
2023-01-17 05:00:00,0.6453499999999999
2023-01-17 06:00:00,0.6485499999999998
2023-01-17 07:00:00,0.6454999999999999
2023-01-17 08:00:00,0.6461999999999999
2023-01-17 09:00:00,0.6448499999999999
2023-01-17 10:00:00,0.6432499999999999
2023-01-17 11:00:00,0.6455499999999998
2023-01-17 12:00:00,0.6459999999999999
2023-01-17 13:00:00,0.6452999999999999
2023-01-17 14:00:00,0.6470999999999999
2023-01-17 15:00:00,0.6489999999999999
2023-01-17 16:00:00,0.6478499999999999
2023-01-17 17:00:00,0.6478499999999999
2023-01-17 18:00:00,0.6478499999999999
2023-01-17 19:00:00,0.6485999999999998
2023-01-17 20:00:00,0.6484499999999999
2023-01-17 21:00:00,0.6484499999999999
2023-01-17 23:00:00,0.6485999999999998
2023-01-18 00:00:00,0.6479999999999999
2023-01-18 01:00:00,0.6503999999999999
2023-01-18 02:00:00,0.6496999999999998
2023-01-18 03:00:00,0.6495999999999998
2023-01-18 04:00:00,0.6506999999999998
2023-01-18 05:00:00,0.6506499999999998
2023-01-18 06:00:00,0.6518499999999999
2023-01-18 07:00:00,0.6527999999999999
2023-01-18 08:00:00,0.6533999999999999
2023-01-18 09:00:00,0.6541499999999999
2023-01-18 10:00:00,0.6533499999999999
2023-01-18 11:00:00,0.6540999999999999
2023-01-18 12:00:00,0.6543999999999999
2023-01-18 13:00:00,0.6560999999999999
2023-01-18 14:00:00,0.6562999999999999
2023-01-18 15:00:00,0.6525999999999998
2023-01-18 16:00:00,0.6512499999999999
2023-01-18 17:00:00,0.6491999999999999
2023-01-18 18:00:00,0.6488999999999999
2023-01-18 19:00:00,0.6486999999999999
2023-01-18 20:00:00,0.6485499999999998
2023-01-18 21:00:00,0.6498499999999999
2023-01-18 23:00:00,0.6498499999999999
2023-01-19 00:00:00,0.6477499999999999
2023-01-19 01:00:00,0.6477999999999999
2023-01-19 02:00:00,0.6476499999999998
2023-01-19 03:00:00,0.6476499999999998
2023-01-19 04:00:00,0.6472999999999999
2023-01-19 05:00:00,0.6467999999999999
2023-01-19 06:00:00,0.6450999999999999
2023-01-19 07:00:00,0.6455499999999998
2023-01-19 08:00:00,0.6440499999999999
2023-01-19 09:00:00,0.6439499999999999
2023-01-19 10:00:00,0.6438999999999999
2023-01-19 11:00:00,0.6435499999999998
2023-01-19 12:00:00,0.6423999999999999
2023-01-19 13:00:00,0.6444999999999999
2023-01-19 14:00:00,0.6445499999999998
2023-01-19 15:00:00,0.6435499999999998
2023-01-19 16:00:00,0.6426999999999999
2023-01-19 17:00:00,0.6439499999999999
2023-01-19 18:00:00,0.6447999999999999
2023-01-19 19:00:00,0.6450999999999999
2023-01-19 20:00:00,0.6454499999999999
2023-01-19 21:00:00,0.6445999999999998
2023-01-19 23:00:00,0.6447999999999999
2023-01-20 00:00:00,0.6452999999999999
2023-01-20 01:00:00,0.6461999999999999
2023-01-20 02:00:00,0.6468999999999999
2023-01-20 03:00:00,0.6463499999999999
2023-01-20 04:00:00,0.6459499999999999
2023-01-20 05:00:00,0.6466999999999999
2023-01-20 06:00:00,0.6462499999999999
2023-01-20 07:00:00,0.6473999999999999
2023-01-20 08:00:00,0.6482499999999999
2023-01-20 09:00:00,0.6467999999999999
2023-01-20 10:00:00,0.6475499999999998
2023-01-20 11:00:00,0.6469999999999999
2023-01-20 12:00:00,0.6476499999999998
2023-01-20 13:00:00,0.6460999999999999
2023-01-20 14:00:00,0.6480999999999999
2023-01-20 15:00:00,0.6508999999999999
2023-01-20 16:00:00,0.6508499999999999
2023-01-20 17:00:00,0.6513499999999999
2023-01-20 18:00:00,0.6521999999999999
2023-01-20 19:00:00,0.6525499999999999
2023-01-20 20:00:00,0.6522999999999999
2023-01-20 21:00:00,0.6526999999999998
2023-01-22 23:00:00,0.6541999999999999
2023-01-23 00:00:00,0.6542999999999999
2023-01-23 01:00:00,0.6542999999999999
2023-01-23 02:00:00,0.6534499999999999
2023-01-23 03:00:00,0.6528499999999999
2023-01-23 04:00:00,0.6528999999999999
2023-01-23 05:00:00,0.6526499999999998
2023-01-23 06:00:00,0.6533499999999999
2023-01-23 07:00:00,0.6525499999999999
2023-01-23 08:00:00,0.6542499999999999
2023-01-23 09:00:00,0.6546499999999998
2023-01-23 10:00:00,0.6537999999999999
2023-01-23 11:00:00,0.6522499999999999
2023-01-23 12:00:00,0.6531499999999999
2023-01-23 13:00:00,0.6507999999999999
2023-01-23 14:00:00,0.6512499999999999
2023-01-23 15:00:00,0.6538499999999999
2023-01-23 16:00:00,0.6529999999999999
2023-01-23 17:00:00,0.6529999999999999
2023-01-23 18:00:00,0.6538999999999999
2023-01-23 19:00:00,0.6534499999999999
2023-01-23 20:00:00,0.6538499999999999
2023-01-23 21:00:00,0.6542999999999999
2023-01-23 23:00:00,0.6541999999999999
2023-01-24 00:00:00,0.6540999999999999
2023-01-24 01:00:00,0.6548999999999999
2023-01-24 02:00:00,0.6561999999999999
2023-01-24 03:00:00,0.6557499999999998
2023-01-24 04:00:00,0.6550999999999999
2023-01-24 05:00:00,0.6560499999999998
2023-01-24 06:00:00,0.6572499999999999
2023-01-24 07:00:00,0.6560999999999999
2023-01-24 08:00:00,0.6553999999999999
2023-01-24 09:00:00,0.6538499999999999
2023-01-24 10:00:00,0.6541499999999999
2023-01-24 11:00:00,0.6540999999999999
2023-01-24 12:00:00,0.6530499999999999
2023-01-24 13:00:00,0.6534999999999999
2023-01-24 14:00:00,0.6520499999999999
2023-01-24 15:00:00,0.6555999999999998
2023-01-24 16:00:00,0.6553499999999999
2023-01-24 17:00:00,0.6560999999999999
2023-01-24 18:00:00,0.6558499999999999
2023-01-24 19:00:00,0.6563999999999999
2023-01-24 20:00:00,0.6557499999999998
2023-01-24 21:00:00,0.6556499999999998
2023-01-24 23:00:00,0.6548499999999999
2023-01-25 00:00:00,0.6531999999999999
2023-01-25 01:00:00,0.6534499999999999
2023-01-25 02:00:00,0.6539999999999999
2023-01-25 03:00:00,0.6540999999999999
2023-01-25 04:00:00,0.6543499999999999
2023-01-25 05:00:00,0.6536999999999998
2023-01-25 06:00:00,0.6532999999999999
2023-01-25 07:00:00,0.6538499999999999
2023-01-25 08:00:00,0.6539499999999999
2023-01-25 09:00:00,0.6533999999999999
2023-01-25 10:00:00,0.6526499999999998
2023-01-25 11:00:00,0.6531499999999999
2023-01-25 12:00:00,0.6536499999999998
2023-01-25 13:00:00,0.6510999999999999
2023-01-25 14:00:00,0.6515499999999999
2023-01-25 15:00:00,0.6514499999999999
2023-01-25 16:00:00,0.6514499999999999
2023-01-25 17:00:00,0.6518999999999999
2023-01-25 18:00:00,0.6533999999999999
2023-01-25 19:00:00,0.6532999999999999
2023-01-25 20:00:00,0.6529999999999999
2023-01-25 21:00:00,0.6531499999999999
2023-01-25 23:00:00,0.6534499999999999
2023-01-26 00:00:00,0.6533499999999999
2023-01-26 01:00:00,0.6537499999999999
2023-01-26 02:00:00,0.6539499999999999
2023-01-26 03:00:00,0.6541999999999999
2023-01-26 04:00:00,0.6545499999999999
2023-01-26 05:00:00,0.6543999999999999
2023-01-26 06:00:00,0.6542999999999999
2023-01-26 07:00:00,0.6546499999999998
2023-01-26 08:00:00,0.6540499999999999
2023-01-26 09:00:00,0.6530499999999999
2023-01-26 10:00:00,0.6538999999999999
2023-01-26 11:00:00,0.6533499999999999
2023-01-26 12:00:00,0.6538999999999999
2023-01-26 13:00:00,0.6542499999999999
2023-01-26 14:00:00,0.6531999999999999
2023-01-26 15:00:00,0.6516999999999998
2023-01-26 16:00:00,0.6522499999999999
2023-01-26 17:00:00,0.6522499999999999
2023-01-26 18:00:00,0.6534999999999999
2023-01-26 19:00:00,0.6540999999999999
2023-01-26 20:00:00,0.6543499999999999
2023-01-26 21:00:00,0.6543499999999999
2023-01-26 23:00:00,0.6543499999999999
2023-01-27 00:00:00,0.6559999999999999
2023-01-27 01:00:00,0.6556499999999998
2023-01-27 02:00:00,0.6557999999999999
2023-01-27 03:00:00,0.6545499999999999
2023-01-27 04:00:00,0.6540499999999999
2023-01-27 05:00:00,0.6547999999999999
2023-01-27 06:00:00,0.6543499999999999
2023-01-27 07:00:00,0.6542999999999999
2023-01-27 08:00:00,0.6542499999999999
2023-01-27 09:00:00,0.6539499999999999
2023-01-27 10:00:00,0.6539999999999999
2023-01-27 11:00:00,0.6535999999999998
2023-01-27 12:00:00,0.6532999999999999
2023-01-27 13:00:00,0.6537499999999999
2023-01-27 14:00:00,0.6537499999999999
2023-01-27 15:00:00,0.6525999999999998
2023-01-27 16:00:00,0.6535499999999999
2023-01-27 17:00:00,0.6542999999999999
2023-01-27 18:00:00,0.6538999999999999
2023-01-27 19:00:00,0.6543999999999999
2023-01-27 20:00:00,0.6543999999999999
2023-01-27 21:00:00,0.6543499999999999
2023-01-29 23:00:00,0.6545499999999999
2023-01-30 00:00:00,0.6554999999999999
2023-01-30 01:00:00,0.6556999999999998
2023-01-30 02:00:00,0.6546499999999998
2023-01-30 03:00:00,0.6542999999999999
2023-01-30 04:00:00,0.6549499999999999
2023-01-30 05:00:00,0.6545499999999999
2023-01-30 06:00:00,0.6520999999999999
2023-01-30 07:00:00,0.6534499999999999
2023-01-30 08:00:00,0.6529999999999999
2023-01-30 09:00:00,0.6542999999999999
2023-01-30 10:00:00,0.6552499999999999
2023-01-30 11:00:00,0.6535499999999999
2023-01-30 12:00:00,0.6546999999999998
2023-01-30 13:00:00,0.6539999999999999
2023-01-30 14:00:00,0.6539499999999999
2023-01-30 15:00:00,0.6539999999999999
2023-01-30 16:00:00,0.6538999999999999
2023-01-30 17:00:00,0.6534999999999999
2023-01-30 18:00:00,0.6532499999999999
2023-01-30 19:00:00,0.6520499999999999
2023-01-30 20:00:00,0.6523499999999999
2023-01-30 21:00:00,0.6521499999999999
2023-01-30 23:00:00,0.6520499999999999
2023-01-31 00:00:00,0.6520999999999999
2023-01-31 01:00:00,0.6527999999999999
2023-01-31 02:00:00,0.6510999999999999
2023-01-31 03:00:00,0.6503999999999999
2023-01-31 04:00:00,0.6501999999999999
2023-01-31 05:00:00,0.6499499999999999
2023-01-31 06:00:00,0.6514499999999999
2023-01-31 07:00:00,0.6507499999999999
2023-01-31 08:00:00,0.6479499999999999
2023-01-31 09:00:00,0.6480999999999999
2023-01-31 10:00:00,0.6466499999999998
2023-01-31 11:00:00,0.6480999999999999
2023-01-31 12:00:00,0.6476499999999998
2023-01-31 13:00:00,0.6506999999999998
2023-01-31 14:00:00,0.6504499999999999
2023-01-31 15:00:00,0.6512499999999999
2023-01-31 16:00:00,0.6516999999999998
2023-01-31 17:00:00,0.6507499999999999
2023-01-31 18:00:00,0.6521999999999999
2023-01-31 19:00:00,0.6514999999999999
2023-01-31 20:00:00,0.6515499999999999
2023-01-31 21:00:00,0.6492999999999999
2023-01-31 23:00:00,0.6490499999999999
2023-02-01 00:00:00,0.6485499999999998
2023-02-01 01:00:00,0.6485999999999998
2023-02-01 02:00:00,0.6473999999999999
2023-02-01 03:00:00,0.6485999999999998
2023-02-01 04:00:00,0.6488999999999999
2023-02-01 05:00:00,0.6487499999999999
2023-02-01 06:00:00,0.6494499999999999
2023-02-01 07:00:00,0.6500999999999999
2023-02-01 08:00:00,0.6502999999999999
2023-02-01 09:00:00,0.6491499999999999
2023-02-01 10:00:00,0.6496499999999998
2023-02-01 11:00:00,0.6497999999999999
2023-02-01 12:00:00,0.6496499999999998
2023-02-01 13:00:00,0.6505999999999998
2023-02-01 14:00:00,0.6504999999999999
2023-02-01 15:00:00,0.6494499999999999
2023-02-01 16:00:00,0.6487999999999999
2023-02-01 17:00:00,0.6487999999999999
2023-02-01 18:00:00,0.6494499999999999
2023-02-01 19:00:00,0.6538999999999999
2023-02-01 20:00:00,0.6536499999999998
2023-02-01 21:00:00,0.6557999999999999
2023-02-01 23:00:00,0.6568499999999999
2023-02-02 00:00:00,0.6579499999999999
2023-02-02 01:00:00,0.6574999999999999
2023-02-02 02:00:00,0.6586499999999998
2023-02-02 03:00:00,0.6583999999999999
2023-02-02 04:00:00,0.6586999999999998
2023-02-02 05:00:00,0.6584499999999999
2023-02-02 06:00:00,0.6579499999999999
2023-02-02 07:00:00,0.6575499999999999
2023-02-02 08:00:00,0.6575999999999999
2023-02-02 09:00:00,0.6572999999999999
2023-02-02 10:00:00,0.6561499999999999
2023-02-02 11:00:00,0.6573499999999999
2023-02-02 12:00:00,0.6569999999999999
2023-02-02 13:00:00,0.6567499999999998
2023-02-02 14:00:00,0.6536999999999998
2023-02-02 15:00:00,0.6561999999999999
2023-02-02 16:00:00,0.6544999999999999
2023-02-02 17:00:00,0.6534499999999999
2023-02-02 18:00:00,0.6541499999999999
2023-02-02 19:00:00,0.6526499999999998
2023-02-02 20:00:00,0.6526499999999998
2023-02-02 21:00:00,0.6528499999999999
2023-02-02 23:00:00,0.6527499999999999
2023-02-03 00:00:00,0.6525499999999999
2023-02-03 01:00:00,0.6527999999999999
2023-02-03 02:00:00,0.6515999999999998
2023-02-03 03:00:00,0.6522499999999999
2023-02-03 04:00:00,0.6524999999999999
2023-02-03 05:00:00,0.6528999999999999
2023-02-03 06:00:00,0.6382999999999999
2023-02-03 07:00:00,0.6523999999999999
2023-02-03 08:00:00,0.6513499999999999
2023-02-03 09:00:00,0.6523499999999999
2023-02-03 10:00:00,0.6531499999999999
2023-02-03 11:00:00,0.6527999999999999
2023-02-03 12:00:00,0.6526499999999998
2023-02-03 13:00:00,0.6447499999999999
2023-02-03 14:00:00,0.6444999999999999
2023-02-03 15:00:00,0.6430499999999999
2023-02-03 16:00:00,0.6395499999999998
2023-02-03 17:00:00,0.6399499999999999
2023-02-03 18:00:00,0.6389999999999999
2023-02-03 19:00:00,0.6381999999999999
2023-02-03 20:00:00,0.6375499999999998
2023-02-03 21:00:00,0.6375499999999998
2023-02-05 23:00:00,0.6376999999999999
2023-02-06 00:00:00,0.6370999999999999
2023-02-06 01:00:00,0.6374499999999999
2023-02-06 02:00:00,0.6377999999999999
2023-02-06 03:00:00,0.6376999999999999
2023-02-06 04:00:00,0.6381999999999999
2023-02-06 05:00:00,0.6386999999999999
2023-02-06 06:00:00,0.6375999999999998
2023-02-06 07:00:00,0.6373999999999999
2023-02-06 08:00:00,0.6370999999999999
2023-02-06 09:00:00,0.6360999999999999
2023-02-06 10:00:00,0.6348999999999999
2023-02-06 11:00:00,0.6353499999999999
2023-02-06 12:00:00,0.6367499999999999
2023-02-06 13:00:00,0.6366999999999999
2023-02-06 14:00:00,0.6339499999999999
2023-02-06 15:00:00,0.6329499999999999
2023-02-06 16:00:00,0.6334999999999998
2023-02-06 17:00:00,0.6335999999999999
2023-02-06 18:00:00,0.6350499999999999
2023-02-06 19:00:00,0.6349999999999999
2023-02-06 20:00:00,0.6354499999999998
2023-02-06 21:00:00,0.6357999999999999
2023-02-06 23:00:00,0.6359499999999999
2023-02-07 00:00:00,0.6367499999999999
2023-02-07 01:00:00,0.6375499999999998
2023-02-07 02:00:00,0.6385499999999998
2023-02-07 03:00:00,0.6371499999999999
2023-02-07 04:00:00,0.6372499999999999
2023-02-07 05:00:00,0.6375499999999998
2023-02-07 06:00:00,0.6369499999999999
2023-02-07 07:00:00,0.6371499999999999
2023-02-07 08:00:00,0.6370499999999999
2023-02-07 09:00:00,0.6380499999999999
2023-02-07 10:00:00,0.6372499999999999
2023-02-07 11:00:00,0.6360499999999999
2023-02-07 12:00:00,0.6357499999999999
2023-02-07 13:00:00,0.6345999999999999
2023-02-07 14:00:00,0.6335499999999998
2023-02-07 15:00:00,0.6348999999999999
2023-02-07 16:00:00,0.6355999999999999
2023-02-07 17:00:00,0.6404499999999999
2023-02-07 18:00:00,0.6346499999999999
2023-02-07 19:00:00,0.6370499999999999
2023-02-07 20:00:00,0.6365999999999998
2023-02-07 21:00:00,0.6378999999999999
2023-02-07 23:00:00,0.6373999999999999
2023-02-08 00:00:00,0.6373999999999999
2023-02-08 01:00:00,0.6367999999999999
2023-02-08 02:00:00,0.6372999999999999
2023-02-08 03:00:00,0.6378499999999999
2023-02-08 04:00:00,0.6377999999999999
2023-02-08 05:00:00,0.6373499999999999
2023-02-08 06:00:00,0.6374499999999999
2023-02-08 07:00:00,0.6391999999999999
2023-02-08 08:00:00,0.6389499999999999
2023-02-08 09:00:00,0.6394499999999999
2023-02-08 10:00:00,0.6388499999999999
2023-02-08 11:00:00,0.6384999999999998
2023-02-08 12:00:00,0.6381499999999999
2023-02-08 13:00:00,0.6375499999999998
2023-02-08 14:00:00,0.6360499999999999
2023-02-08 15:00:00,0.6358999999999999
2023-02-08 16:00:00,0.6363499999999999
2023-02-08 17:00:00,0.6364499999999998
2023-02-08 18:00:00,0.6364999999999998
2023-02-08 19:00:00,0.6361499999999999
2023-02-08 20:00:00,0.6356499999999999
2023-02-08 21:00:00,0.6358499999999999
2023-02-08 23:00:00,0.6364999999999998
2023-02-09 00:00:00,0.6359999999999999
2023-02-09 01:00:00,0.6372999999999999
2023-02-09 02:00:00,0.6379999999999999
2023-02-09 03:00:00,0.6391499999999999
2023-02-09 04:00:00,0.6394499999999999
2023-02-09 05:00:00,0.6397999999999999
2023-02-09 06:00:00,0.6400499999999999
2023-02-09 07:00:00,0.6408499999999999
2023-02-09 08:00:00,0.6415999999999998
2023-02-09 09:00:00,0.6416999999999999
2023-02-09 10:00:00,0.6422499999999999
2023-02-09 11:00:00,0.6414999999999998
2023-02-09 12:00:00,0.6418999999999999
2023-02-09 13:00:00,0.6440499999999999
2023-02-09 14:00:00,0.6423999999999999
2023-02-09 15:00:00,0.6406999999999999
2023-02-09 16:00:00,0.6403499999999999
2023-02-09 17:00:00,0.6394499999999999
2023-02-09 18:00:00,0.6384499999999999
2023-02-09 19:00:00,0.6378499999999999
2023-02-09 20:00:00,0.6373999999999999
2023-02-09 21:00:00,0.6377499999999999
2023-02-09 23:00:00,0.6377499999999999
2023-02-10 00:00:00,0.6378999999999999
2023-02-10 01:00:00,0.6371499999999999
2023-02-10 02:00:00,0.6365999999999998
2023-02-10 03:00:00,0.6355999999999999
2023-02-10 04:00:00,0.6356999999999999
2023-02-10 05:00:00,0.6366999999999999
2023-02-10 06:00:00,0.6369999999999999
2023-02-10 07:00:00,0.6385499999999998
2023-02-10 08:00:00,0.6391499999999999
2023-02-10 09:00:00,0.6378999999999999
2023-02-10 10:00:00,0.6374499999999999
2023-02-10 11:00:00,0.6371499999999999
2023-02-10 12:00:00,0.6368999999999999
2023-02-10 13:00:00,0.6385999999999998
2023-02-10 14:00:00,0.6381499999999999
2023-02-10 15:00:00,0.6367499999999999
2023-02-10 16:00:00,0.6358999999999999
2023-02-10 17:00:00,0.6354999999999998
2023-02-10 18:00:00,0.6357499999999999
2023-02-10 19:00:00,0.6354499999999998
2023-02-10 20:00:00,0.6355999999999999
2023-02-10 21:00:00,0.6360499999999999
2023-02-12 23:00:00,0.6362999999999999
2023-02-13 00:00:00,0.6357499999999999
2023-02-13 01:00:00,0.6352499999999999
2023-02-13 02:00:00,0.6356499999999999
2023-02-13 03:00:00,0.6353499999999999
2023-02-13 04:00:00,0.6357999999999999
2023-02-13 05:00:00,0.6361499999999999
2023-02-13 06:00:00,0.6368999999999999
2023-02-13 07:00:00,0.6381499999999999
2023-02-13 08:00:00,0.6389999999999999
2023-02-13 09:00:00,0.6380499999999999
2023-02-13 10:00:00,0.6384499999999999
2023-02-13 11:00:00,0.6389999999999999
2023-02-13 12:00:00,0.6396999999999999
2023-02-13 13:00:00,0.6387999999999999
2023-02-13 14:00:00,0.6406999999999999
2023-02-13 15:00:00,0.6410999999999999
2023-02-13 16:00:00,0.6409499999999999
2023-02-13 17:00:00,0.6411999999999999
2023-02-13 18:00:00,0.6416499999999999
2023-02-13 19:00:00,0.6410499999999999
2023-02-13 20:00:00,0.6408999999999999
2023-02-13 21:00:00,0.6412499999999999
2023-02-13 23:00:00,0.6412999999999999
2023-02-14 00:00:00,0.6415499999999998
2023-02-14 01:00:00,0.6404499999999999
2023-02-14 02:00:00,0.6385499999999998
2023-02-14 03:00:00,0.6391499999999999
2023-02-14 04:00:00,0.6400999999999999
2023-02-14 05:00:00,0.6393999999999999
2023-02-14 06:00:00,0.6389499999999999
2023-02-14 07:00:00,0.6385999999999998
2023-02-14 08:00:00,0.6388499999999999
2023-02-14 09:00:00,0.6390499999999999
2023-02-14 10:00:00,0.6384999999999998
2023-02-14 11:00:00,0.6388499999999999
2023-02-14 12:00:00,0.6400499999999999
2023-02-14 13:00:00,0.6401499999999999
2023-02-14 14:00:00,0.6388499999999999
2023-02-14 15:00:00,0.6378999999999999
2023-02-14 16:00:00,0.6374499999999999
2023-02-14 17:00:00,0.6385999999999998
2023-02-14 18:00:00,0.6387499999999999
2023-02-14 19:00:00,0.6395499999999998
2023-02-14 20:00:00,0.6395499999999998
2023-02-14 21:00:00,0.6387499999999999
2023-02-14 23:00:00,0.6385999999999998
2023-02-15 00:00:00,0.6381999999999999
2023-02-15 01:00:00,0.6378999999999999
2023-02-15 02:00:00,0.6362499999999999
2023-02-15 03:00:00,0.6352999999999999
2023-02-15 04:00:00,0.6353999999999999
2023-02-15 05:00:00,0.6352999999999999
2023-02-15 06:00:00,0.6331499999999999
2023-02-15 07:00:00,0.6334999999999998
2023-02-15 08:00:00,0.6338499999999999
2023-02-15 09:00:00,0.6339499999999999
2023-02-15 10:00:00,0.6329999999999999
2023-02-15 11:00:00,0.6320999999999999
2023-02-15 12:00:00,0.6323999999999999
2023-02-15 13:00:00,0.6316999999999999
2023-02-15 14:00:00,0.6305499999999998
2023-02-15 15:00:00,0.6317499999999999
2023-02-15 16:00:00,0.6325999999999999
2023-02-15 17:00:00,0.6317499999999999
2023-02-15 18:00:00,0.6329499999999999
2023-02-15 19:00:00,0.6331499999999999
2023-02-15 20:00:00,0.6332499999999999
2023-02-15 21:00:00,0.6331499999999999
2023-02-15 23:00:00,0.6329999999999999
2023-02-16 00:00:00,0.6313999999999999
2023-02-16 01:00:00,0.6337499999999999
2023-02-16 02:00:00,0.6349499999999999
2023-02-16 03:00:00,0.6345999999999999
2023-02-16 04:00:00,0.6353499999999999
2023-02-16 05:00:00,0.6351499999999999
2023-02-16 06:00:00,0.6347499999999999
2023-02-16 07:00:00,0.6350999999999999
2023-02-16 08:00:00,0.6348499999999999
2023-02-16 09:00:00,0.6345499999999998
2023-02-16 10:00:00,0.6341999999999999
2023-02-16 11:00:00,0.6337999999999999
2023-02-16 12:00:00,0.6330499999999999
2023-02-16 13:00:00,0.6313499999999999
2023-02-16 14:00:00,0.6296999999999999
2023-02-16 15:00:00,0.6306499999999999
2023-02-16 16:00:00,0.6316499999999999
2023-02-16 17:00:00,0.6327999999999999
2023-02-16 18:00:00,0.6324999999999998
2023-02-16 19:00:00,0.6321499999999999
2023-02-16 20:00:00,0.6316999999999999
2023-02-16 21:00:00,0.6307999999999999
2023-02-16 23:00:00,0.6296499999999999
2023-02-17 00:00:00,0.6295499999999999
2023-02-17 01:00:00,0.6281499999999999
2023-02-17 02:00:00,0.6277999999999999
2023-02-17 03:00:00,0.6275499999999999
2023-02-17 04:00:00,0.6272999999999999
2023-02-17 05:00:00,0.6267999999999999
2023-02-17 06:00:00,0.6298499999999999
2023-02-17 07:00:00,0.6267999999999999
2023-02-17 08:00:00,0.6257999999999999
2023-02-17 09:00:00,0.6250999999999999
2023-02-17 10:00:00,0.6249999999999999
2023-02-17 11:00:00,0.6249999999999999
2023-02-17 12:00:00,0.6254499999999998
2023-02-17 13:00:00,0.6264999999999998
2023-02-17 14:00:00,0.6262499999999999
2023-02-17 15:00:00,0.6277999999999999
2023-02-17 16:00:00,0.6285499999999999
2023-02-17 17:00:00,0.6287499999999999
2023-02-17 18:00:00,0.6289999999999999
2023-02-17 19:00:00,0.6297999999999999
2023-02-17 20:00:00,0.6297999999999999
2023-02-17 21:00:00,0.6291999999999999
2023-02-19 23:00:00,0.6285999999999999
2023-02-20 00:00:00,0.6280999999999999
2023-02-20 01:00:00,0.6283999999999998
2023-02-20 02:00:00,0.6292999999999999
2023-02-20 03:00:00,0.6287499999999999
2023-02-20 04:00:00,0.6292999999999999
2023-02-20 05:00:00,0.6298499999999999
2023-02-20 06:00:00,0.6293999999999998
2023-02-20 07:00:00,0.6297499999999999
2023-02-20 08:00:00,0.6283999999999998
2023-02-20 09:00:00,0.6277999999999999
2023-02-20 10:00:00,0.6287999999999999
2023-02-20 11:00:00,0.6298999999999999
2023-02-20 12:00:00,0.6295999999999999
2023-02-20 13:00:00,0.6302999999999999
2023-02-20 14:00:00,0.6307999999999999
2023-02-20 15:00:00,0.6306999999999999
2023-02-20 16:00:00,0.6306499999999999
2023-02-20 17:00:00,0.6304499999999998
2023-02-20 18:00:00,0.6305499999999998
2023-02-20 19:00:00,0.6306499999999999
2023-02-20 20:00:00,0.6306499999999999
2023-02-20 21:00:00,0.6304999999999998
2023-02-20 23:00:00,0.6307499999999999
2023-02-21 00:00:00,0.6301499999999999
2023-02-21 01:00:00,0.6302499999999999
2023-02-21 02:00:00,0.6302499999999999
2023-02-21 03:00:00,0.6293999999999998
2023-02-21 04:00:00,0.6294499999999998
2023-02-21 05:00:00,0.6293499999999999
2023-02-21 06:00:00,0.6260999999999999
2023-02-21 07:00:00,0.6273499999999999
2023-02-21 08:00:00,0.6270999999999999
2023-02-21 09:00:00,0.6291499999999999
2023-02-21 10:00:00,0.6285999999999999
2023-02-21 11:00:00,0.6294999999999998
2023-02-21 12:00:00,0.6289999999999999
2023-02-21 13:00:00,0.6276999999999999
2023-02-21 14:00:00,0.6267999999999999
2023-02-21 15:00:00,0.6285499999999999
2023-02-21 16:00:00,0.6264499999999998
2023-02-21 17:00:00,0.6268499999999999
2023-02-21 18:00:00,0.6259499999999999
2023-02-21 19:00:00,0.6261499999999999
2023-02-21 20:00:00,0.6262499999999999
2023-02-21 21:00:00,0.6263999999999998
2023-02-21 23:00:00,0.6266999999999999
2023-02-22 00:00:00,0.6269499999999999
2023-02-22 01:00:00,0.6273499999999999
2023-02-22 02:00:00,0.6284499999999998
2023-02-22 03:00:00,0.6279499999999999
2023-02-22 04:00:00,0.6277499999999999
2023-02-22 05:00:00,0.6277499999999999
2023-02-22 06:00:00,0.6288499999999999
2023-02-22 07:00:00,0.6283999999999998
2023-02-22 08:00:00,0.6270999999999999
2023-02-22 09:00:00,0.6268999999999999
2023-02-22 10:00:00,0.6270999999999999
2023-02-22 11:00:00,0.6276499999999999
2023-02-22 12:00:00,0.6291499999999999
2023-02-22 13:00:00,0.6289499999999999
2023-02-22 14:00:00,0.6293999999999998
2023-02-22 15:00:00,0.6283999999999998
2023-02-22 16:00:00,0.6282999999999999
2023-02-22 17:00:00,0.6283999999999998
2023-02-22 18:00:00,0.6286499999999999
2023-02-22 19:00:00,0.6261999999999999
2023-02-22 20:00:00,0.6267999999999999
2023-02-22 21:00:00,0.6269499999999999
2023-02-22 23:00:00,0.6273499999999999
2023-02-23 00:00:00,0.6280999999999999
2023-02-23 01:00:00,0.6292499999999999
2023-02-23 02:00:00,0.6296499999999999
2023-02-23 03:00:00,0.6296499999999999
2023-02-23 04:00:00,0.6299999999999999
2023-02-23 05:00:00,0.6289999999999999
2023-02-23 06:00:00,0.6274999999999998
2023-02-23 07:00:00,0.6292999999999999
2023-02-23 08:00:00,0.6282999999999999
2023-02-23 09:00:00,0.6281999999999999
2023-02-23 10:00:00,0.6283499999999999
2023-02-23 11:00:00,0.6286499999999999
2023-02-23 12:00:00,0.6282499999999999
2023-02-23 13:00:00,0.6268499999999999
2023-02-23 14:00:00,0.6288999999999999
2023-02-23 15:00:00,0.6269999999999999
2023-02-23 16:00:00,0.6258999999999999
2023-02-23 17:00:00,0.6255999999999999
2023-02-23 18:00:00,0.6266499999999999
2023-02-23 19:00:00,0.6275999999999999
2023-02-23 20:00:00,0.6275499999999999
2023-02-23 21:00:00,0.6279499999999999
2023-02-23 23:00:00,0.6279999999999999
2023-02-24 00:00:00,0.6288999999999999
2023-02-24 01:00:00,0.6287499999999999
2023-02-24 02:00:00,0.6282999999999999
2023-02-24 03:00:00,0.6285499999999999
2023-02-24 04:00:00,0.6285999999999999
2023-02-24 05:00:00,0.6285499999999999
2023-02-24 06:00:00,0.6215499999999999
2023-02-24 07:00:00,0.6271499999999999
2023-02-24 08:00:00,0.6263499999999999
2023-02-24 09:00:00,0.6264999999999998
2023-02-24 10:00:00,0.6262999999999999
2023-02-24 11:00:00,0.6249499999999999
2023-02-24 12:00:00,0.6227499999999999
2023-02-24 13:00:00,0.6224499999999998
2023-02-24 14:00:00,0.6210499999999999
2023-02-24 15:00:00,0.6205499999999999
2023-02-24 16:00:00,0.6213499999999998
2023-02-24 17:00:00,0.6210499999999999
2023-02-24 18:00:00,0.6213499999999998
2023-02-24 19:00:00,0.6214999999999999
2023-02-24 20:00:00,0.6216999999999999
2023-02-24 21:00:00,0.6212999999999999
2023-02-26 23:00:00,0.6213999999999998
2023-02-27 00:00:00,0.6217999999999999
2023-02-27 01:00:00,0.6222999999999999
2023-02-27 02:00:00,0.6212499999999999
2023-02-27 03:00:00,0.6191999999999999
2023-02-27 04:00:00,0.6193999999999998
2023-02-27 05:00:00,0.6182999999999998
2023-02-27 06:00:00,0.6214999999999999
2023-02-27 07:00:00,0.6199499999999999
2023-02-27 08:00:00,0.6204999999999999
2023-02-27 09:00:00,0.6200999999999999
2023-02-27 10:00:00,0.6204499999999998
2023-02-27 11:00:00,0.6200499999999999
2023-02-27 12:00:00,0.6187999999999999
2023-02-27 13:00:00,0.6210499999999999
2023-02-27 14:00:00,0.6210999999999999
2023-02-27 15:00:00,0.6213999999999998
2023-02-27 16:00:00,0.6212999999999999
2023-02-27 17:00:00,0.6217499999999999
2023-02-27 18:00:00,0.6219999999999999
2023-02-27 19:00:00,0.6213999999999998
2023-02-27 20:00:00,0.6216999999999999
2023-02-27 21:00:00,0.6216499999999999
2023-02-27 23:00:00,0.6213499999999998
2023-02-28 00:00:00,0.6216999999999999
2023-02-28 01:00:00,0.6210999999999999
2023-02-28 02:00:00,0.6214999999999999
2023-02-28 03:00:00,0.6208499999999999
2023-02-28 04:00:00,0.6205499999999999
2023-02-28 05:00:00,0.6199999999999999
2023-02-28 06:00:00,0.6203999999999998
2023-02-28 07:00:00,0.6190499999999999
2023-02-28 08:00:00,0.6195999999999999
2023-02-28 09:00:00,0.6193999999999998
2023-02-28 10:00:00,0.6208499999999999
2023-02-28 11:00:00,0.6210499999999999
2023-02-28 12:00:00,0.6214999999999999
2023-02-28 13:00:00,0.6222999999999999
2023-02-28 14:00:00,0.6226999999999999
2023-02-28 15:00:00,0.6245999999999999
2023-02-28 16:00:00,0.6242499999999999
2023-02-28 17:00:00,0.6252499999999999
2023-02-28 18:00:00,0.6241999999999999
2023-02-28 19:00:00,0.6239999999999999
2023-02-28 20:00:00,0.6237499999999999
2023-02-28 21:00:00,0.6234999999999999
2023-02-28 23:00:00,0.6235999999999999
2023-03-01 00:00:00,0.6217999999999999
2023-03-01 01:00:00,0.6241499999999999
2023-03-01 02:00:00,0.6243499999999998
2023-03-01 03:00:00,0.6254999999999998
2023-03-01 04:00:00,0.6258499999999999
2023-03-01 05:00:00,0.6264499999999998
2023-03-01 06:00:00,0.6299999999999999
2023-03-01 07:00:00,0.6289999999999999
2023-03-01 08:00:00,0.6305499999999998
2023-03-01 09:00:00,0.6305999999999999
2023-03-01 10:00:00,0.6311999999999999
2023-03-01 11:00:00,0.6317999999999999
2023-03-01 12:00:00,0.6321999999999999
2023-03-01 13:00:00,0.6297999999999999
2023-03-01 14:00:00,0.6303999999999998
2023-03-01 15:00:00,0.6306999999999999
2023-03-01 16:00:00,0.6311499999999999
2023-03-01 17:00:00,0.6311499999999999
2023-03-01 18:00:00,0.6298499999999999
2023-03-01 19:00:00,0.6299499999999999
2023-03-01 20:00:00,0.6300999999999999
2023-03-01 21:00:00,0.6308499999999999
2023-03-01 23:00:00,0.6303999999999998
2023-03-02 00:00:00,0.6292499999999999
2023-03-02 01:00:00,0.6282999999999999
2023-03-02 02:00:00,0.6285499999999999
2023-03-02 03:00:00,0.6280999999999999
2023-03-02 04:00:00,0.6281499999999999
2023-03-02 05:00:00,0.6276999999999999
2023-03-02 06:00:00,0.6267499999999999
2023-03-02 07:00:00,0.6269499999999999
2023-03-02 08:00:00,0.6279499999999999
2023-03-02 09:00:00,0.6272999999999999
2023-03-02 10:00:00,0.6263499999999999
2023-03-02 11:00:00,0.6275999999999999
2023-03-02 12:00:00,0.6265999999999999
2023-03-02 13:00:00,0.6251499999999999
2023-03-02 14:00:00,0.6269499999999999
2023-03-02 15:00:00,0.6269499999999999
2023-03-02 16:00:00,0.6258999999999999
2023-03-02 17:00:00,0.6252999999999999
2023-03-02 18:00:00,0.6264499999999998
2023-03-02 19:00:00,0.6266499999999999
2023-03-02 20:00:00,0.6266999999999999
2023-03-02 21:00:00,0.6268999999999999
2023-03-02 23:00:00,0.6269499999999999
2023-03-03 00:00:00,0.6278499999999999
2023-03-03 01:00:00,0.6280999999999999
2023-03-03 02:00:00,0.6273999999999998
2023-03-03 03:00:00,0.6273499999999999
2023-03-03 04:00:00,0.6274499999999998
2023-03-03 05:00:00,0.6276499999999999
2023-03-03 06:00:00,0.6283499999999999
2023-03-03 07:00:00,0.6275499999999999
2023-03-03 08:00:00,0.6282499999999999
2023-03-03 09:00:00,0.6284499999999998
2023-03-03 10:00:00,0.6277499999999999
2023-03-03 11:00:00,0.6275499999999999
2023-03-03 12:00:00,0.6267999999999999
2023-03-03 13:00:00,0.6275499999999999
2023-03-03 14:00:00,0.6260999999999999
2023-03-03 15:00:00,0.6247999999999999
2023-03-03 16:00:00,0.6259499999999999
2023-03-03 17:00:00,0.6264499999999998
2023-03-03 18:00:00,0.6264999999999998
2023-03-03 19:00:00,0.6275999999999999
2023-03-03 20:00:00,0.6276999999999999
2023-03-03 21:00:00,0.6270499999999999
2023-03-05 23:00:00,0.6256499999999999
2023-03-06 00:00:00,0.6264
2023-03-06 01:00:00,0.6261999999999999
2023-03-06 02:00:00,0.62725
2023-03-06 03:00:00,0.6267499999999999
2023-03-06 04:00:00,0.6261499999999999
2023-03-06 05:00:00,0.6258999999999999
2023-03-06 06:00:00,0.6227499999999999
2023-03-06 07:00:00,0.6265499999999999
2023-03-06 08:00:00,0.6244
2023-03-06 09:00:00,0.6236499999999999
2023-03-06 10:00:00,0.6233
2023-03-06 11:00:00,0.62225
2023-03-06 12:00:00,0.6230499999999999
2023-03-06 13:00:00,0.6240499999999999
2023-03-06 14:00:00,0.6237999999999999
2023-03-06 15:00:00,0.6234999999999999
2023-03-06 16:00:00,0.6237499999999999
2023-03-06 17:00:00,0.6236499999999999
2023-03-06 18:00:00,0.6229499999999999
2023-03-06 19:00:00,0.6228499999999999
2023-03-06 20:00:00,0.6228999999999999
2023-03-06 21:00:00,0.6241999999999999
2023-03-06 23:00:00,0.62435
2023-03-07 00:00:00,0.6239499999999999
2023-03-07 01:00:00,0.6245499999999999
2023-03-07 02:00:00,0.6257499999999999
2023-03-07 03:00:00,0.6255499999999999
2023-03-07 04:00:00,0.6250499999999999
2023-03-07 05:00:00,0.6249499999999999
2023-03-07 06:00:00,0.6244999999999999
2023-03-07 07:00:00,0.62645
2023-03-07 08:00:00,0.6254
2023-03-07 09:00:00,0.62425
2023-03-07 10:00:00,0.6247499999999999
2023-03-07 11:00:00,0.6236499999999999
2023-03-07 12:00:00,0.6237999999999999
2023-03-07 13:00:00,0.62345
2023-03-07 14:00:00,0.6237499999999999
2023-03-07 15:00:00,0.6186499999999999
2023-03-07 16:00:00,0.61735
2023-03-07 17:00:00,0.6168999999999999
2023-03-07 18:00:00,0.6155999999999999
2023-03-07 19:00:00,0.6154499999999999
2023-03-07 20:00:00,0.6158499999999999
2023-03-07 21:00:00,0.61525
2023-03-07 23:00:00,0.6156499999999999
2023-03-08 00:00:00,0.6154999999999999
2023-03-08 01:00:00,0.6154999999999999
2023-03-08 02:00:00,0.6137999999999999
2023-03-08 03:00:00,0.6134499999999999
2023-03-08 04:00:00,0.6145499999999999
2023-03-08 05:00:00,0.6144499999999999
2023-03-08 06:00:00,0.61535
2023-03-08 07:00:00,0.6156999999999999
2023-03-08 08:00:00,0.6159999999999999
2023-03-08 09:00:00,0.6164499999999999
2023-03-08 10:00:00,0.6164499999999999
2023-03-08 11:00:00,0.61615
2023-03-08 12:00:00,0.6164499999999999
2023-03-08 13:00:00,0.61635
2023-03-08 14:00:00,0.6174999999999999
2023-03-08 15:00:00,0.61615
2023-03-08 16:00:00,0.6155999999999999
2023-03-08 17:00:00,0.6152
2023-03-08 18:00:00,0.6146999999999999
2023-03-08 19:00:00,0.6152
2023-03-08 20:00:00,0.6152
2023-03-08 21:00:00,0.61535
2023-03-08 23:00:00,0.6159999999999999
2023-03-09 00:00:00,0.61515
2023-03-09 01:00:00,0.6148499999999999
2023-03-09 02:00:00,0.61515
2023-03-09 03:00:00,0.6155999999999999
2023-03-09 04:00:00,0.6169499999999999
2023-03-09 05:00:00,0.6168999999999999
2023-03-09 06:00:00,0.6153
2023-03-09 07:00:00,0.6165499999999999
2023-03-09 08:00:00,0.6168999999999999
2023-03-09 09:00:00,0.6170499999999999
2023-03-09 10:00:00,0.6176999999999999
2023-03-09 11:00:00,0.6182
2023-03-09 12:00:00,0.6176999999999999
2023-03-09 13:00:00,0.6189999999999999
2023-03-09 14:00:00,0.6179499999999999
2023-03-09 15:00:00,0.6176499999999999
2023-03-09 16:00:00,0.6175499999999999
2023-03-09 17:00:00,0.6175499999999999
2023-03-09 18:00:00,0.61715
2023-03-09 19:00:00,0.61535
2023-03-09 20:00:00,0.6153
2023-03-09 21:00:00,0.6144999999999999
2023-03-09 23:00:00,0.6146999999999999
2023-03-10 00:00:00,0.61515
2023-03-10 01:00:00,0.6154
2023-03-10 02:00:00,0.6150499999999999
2023-03-10 03:00:00,0.6146999999999999
2023-03-10 04:00:00,0.6154999999999999
2023-03-10 05:00:00,0.6146999999999999
2023-03-10 06:00:00,0.6180499999999999
2023-03-10 07:00:00,0.6157499999999999
2023-03-10 08:00:00,0.6150999999999999
2023-03-10 09:00:00,0.6156499999999999
2023-03-10 10:00:00,0.61515
2023-03-10 11:00:00,0.6160499999999999
2023-03-10 12:00:00,0.6168499999999999
2023-03-10 13:00:00,0.6183
2023-03-10 14:00:00,0.6199499999999999
2023-03-10 15:00:00,0.6217499999999999
2023-03-10 16:00:00,0.6192
2023-03-10 17:00:00,0.6200999999999999
2023-03-10 18:00:00,0.6172
2023-03-10 19:00:00,0.6182
2023-03-10 20:00:00,0.6179499999999999
2023-03-10 21:00:00,0.6179999999999999
2023-03-12 22:00:00,0.62045
2023-03-12 23:00:00,0.6205499999999999
2023-03-13 00:00:00,0.61935
2023-03-13 01:00:00,0.6191499999999999
2023-03-13 02:00:00,0.6243
2023-03-13 03:00:00,0.6239999999999999
2023-03-13 04:00:00,0.6240999999999999
2023-03-13 05:00:00,0.6275999999999999
2023-03-13 06:00:00,0.6227499999999999
2023-03-13 07:00:00,0.62345
2023-03-13 08:00:00,0.62425
2023-03-13 09:00:00,0.62145
2023-03-13 10:00:00,0.62145
2023-03-13 11:00:00,0.6229499999999999
2023-03-13 12:00:00,0.6246999999999999
2023-03-13 13:00:00,0.62645
2023-03-13 14:00:00,0.6293
2023-03-13 15:00:00,0.6284
2023-03-13 16:00:00,0.6277499999999999
2023-03-13 17:00:00,0.6277499999999999
2023-03-13 18:00:00,0.6275999999999999
2023-03-13 19:00:00,0.6266499999999999
2023-03-13 20:00:00,0.6266999999999999
2023-03-13 22:00:00,0.6263
2023-03-13 23:00:00,0.6257999999999999
2023-03-14 00:00:00,0.6256999999999999
2023-03-14 01:00:00,0.6250999999999999
2023-03-14 02:00:00,0.6246999999999999
2023-03-14 03:00:00,0.6256999999999999
2023-03-14 04:00:00,0.6255999999999999
2023-03-14 05:00:00,0.6259499999999999
2023-03-14 06:00:00,0.6268499999999999
2023-03-14 07:00:00,0.6275499999999999
2023-03-14 08:00:00,0.6265
2023-03-14 09:00:00,0.6255
2023-03-14 10:00:00,0.6267999999999999
2023-03-14 11:00:00,0.6270999999999999
2023-03-14 12:00:00,0.6285
2023-03-14 13:00:00,0.6275999999999999
2023-03-14 14:00:00,0.6265999999999999
2023-03-14 15:00:00,0.6268499999999999
2023-03-14 16:00:00,0.6270999999999999
2023-03-14 17:00:00,0.62735
2023-03-14 18:00:00,0.6288499999999999
2023-03-14 19:00:00,0.6285999999999999
2023-03-14 20:00:00,0.6286499999999999
2023-03-14 22:00:00,0.6281499999999999
2023-03-14 23:00:00,0.6275499999999999
2023-03-15 00:00:00,0.6275
2023-03-15 01:00:00,0.6286999999999999
2023-03-15 02:00:00,0.6291999999999999
2023-03-15 03:00:00,0.6275499999999999
2023-03-15 04:00:00,0.6269499999999999
2023-03-15 05:00:00,0.6247999999999999
2023-03-15 06:00:00,0.6265999999999999
2023-03-15 07:00:00,0.6256999999999999
2023-03-15 08:00:00,0.6261499999999999
2023-03-15 09:00:00,0.6251999999999999
2023-03-15 10:00:00,0.6244
2023-03-15 11:00:00,0.6246499999999999
2023-03-15 12:00:00,0.62445
2023-03-15 13:00:00,0.6238499999999999
2023-03-15 14:00:00,0.6233
2023-03-15 15:00:00,0.6225999999999999
2023-03-15 16:00:00,0.6220999999999999
2023-03-15 17:00:00,0.6225999999999999
2023-03-15 18:00:00,0.6246999999999999
2023-03-15 19:00:00,0.6237499999999999
2023-03-15 20:00:00,0.6238499999999999
2023-03-15 22:00:00,0.6203
2023-03-15 23:00:00,0.6207499999999999
2023-03-16 00:00:00,0.6219499999999999
2023-03-16 01:00:00,0.6214999999999999
2023-03-16 02:00:00,0.6196999999999999
2023-03-16 03:00:00,0.62035
2023-03-16 04:00:00,0.6207499999999999
2023-03-16 05:00:00,0.6216999999999999
2023-03-16 06:00:00,0.62145
2023-03-16 07:00:00,0.62245
2023-03-16 08:00:00,0.62145
2023-03-16 09:00:00,0.6216499999999999
2023-03-16 10:00:00,0.62035
2023-03-16 11:00:00,0.6216499999999999
2023-03-16 12:00:00,0.6218499999999999
2023-03-16 13:00:00,0.6218999999999999
2023-03-16 14:00:00,0.6227499999999999
2023-03-16 15:00:00,0.6216999999999999
2023-03-16 16:00:00,0.6220499999999999
2023-03-16 17:00:00,0.6210499999999999
2023-03-16 18:00:00,0.6216999999999999
2023-03-16 19:00:00,0.6234999999999999
2023-03-16 20:00:00,0.6237499999999999
2023-03-16 22:00:00,0.6236499999999999
2023-03-16 23:00:00,0.6247999999999999
2023-03-17 00:00:00,0.6243
2023-03-17 01:00:00,0.62635
2023-03-17 02:00:00,0.6273
2023-03-17 03:00:00,0.6281499999999999
2023-03-17 04:00:00,0.6286499999999999
2023-03-17 05:00:00,0.6283
2023-03-17 06:00:00,0.6295
2023-03-17 07:00:00,0.62935
2023-03-17 08:00:00,0.6287499999999999
2023-03-17 09:00:00,0.6291999999999999
2023-03-17 10:00:00,0.62835
2023-03-17 11:00:00,0.6286999999999999
2023-03-17 12:00:00,0.6289499999999999
2023-03-17 13:00:00,0.6291999999999999
2023-03-17 14:00:00,0.6297999999999999
2023-03-17 15:00:00,0.6291999999999999
2023-03-17 16:00:00,0.6301999999999999
2023-03-17 17:00:00,0.6316999999999999
2023-03-17 18:00:00,0.6319999999999999
2023-03-17 19:00:00,0.6309499999999999
2023-03-17 20:00:00,0.6310499999999999
2023-03-19 22:00:00,0.6315999999999999
2023-03-19 23:00:00,0.6317499999999999
2023-03-20 00:00:00,0.6319999999999999
2023-03-20 01:00:00,0.6299999999999999
2023-03-20 02:00:00,0.6309499999999999
2023-03-20 03:00:00,0.6295499999999999
2023-03-20 04:00:00,0.6295499999999999
2023-03-20 05:00:00,0.6298499999999999
2023-03-20 06:00:00,0.6294
2023-03-20 07:00:00,0.6296999999999999
2023-03-20 08:00:00,0.62945
2023-03-20 09:00:00,0.6278999999999999
2023-03-20 10:00:00,0.6293
2023-03-20 11:00:00,0.62935
2023-03-20 12:00:00,0.62925
2023-03-20 13:00:00,0.6308999999999999
2023-03-20 14:00:00,0.6295499999999999
2023-03-20 15:00:00,0.6287999999999999
2023-03-20 16:00:00,0.6294
2023-03-20 17:00:00,0.6287999999999999
2023-03-20 18:00:00,0.62935
2023-03-20 19:00:00,0.6291999999999999
2023-03-20 20:00:00,0.6294
2023-03-20 22:00:00,0.6291999999999999
2023-03-20 23:00:00,0.6285999999999999
2023-03-21 00:00:00,0.62835
2023-03-21 01:00:00,0.6273
2023-03-21 02:00:00,0.6266499999999999
2023-03-21 03:00:00,0.6261999999999999
2023-03-21 04:00:00,0.6255999999999999
2023-03-21 05:00:00,0.6224
2023-03-21 06:00:00,0.6246999999999999
2023-03-21 07:00:00,0.6250999999999999
2023-03-21 08:00:00,0.6230999999999999
2023-03-21 09:00:00,0.6235999999999999
2023-03-21 10:00:00,0.6235499999999999
2023-03-21 11:00:00,0.6241499999999999
2023-03-21 12:00:00,0.6237999999999999
2023-03-21 13:00:00,0.62345
2023-03-21 14:00:00,0.62235
2023-03-21 15:00:00,0.62145
2023-03-21 16:00:00,0.6217499999999999
2023-03-21 17:00:00,0.6220499999999999
2023-03-21 18:00:00,0.6224999999999999
2023-03-21 19:00:00,0.62335
2023-03-21 20:00:00,0.62335
2023-03-21 22:00:00,0.6237499999999999
2023-03-21 23:00:00,0.6236999999999999
2023-03-22 00:00:00,0.6229499999999999
2023-03-22 01:00:00,0.62335
2023-03-22 02:00:00,0.6236999999999999
2023-03-22 03:00:00,0.6246999999999999
2023-03-22 04:00:00,0.6244999999999999
2023-03-22 05:00:00,0.6298999999999999
2023-03-22 06:00:00,0.6256999999999999
2023-03-22 07:00:00,0.6259499999999999
2023-03-22 08:00:00,0.6256999999999999
2023-03-22 09:00:00,0.6264
2023-03-22 10:00:00,0.62645
2023-03-22 11:00:00,0.6256499999999999
2023-03-22 12:00:00,0.6255999999999999
2023-03-22 13:00:00,0.6255499999999999
2023-03-22 14:00:00,0.6260999999999999
2023-03-22 15:00:00,0.62645
2023-03-22 16:00:00,0.6259499999999999
2023-03-22 17:00:00,0.6258999999999999
2023-03-22 18:00:00,0.6298999999999999
2023-03-22 19:00:00,0.6271999999999999
2023-03-22 20:00:00,0.6271499999999999
2023-03-22 22:00:00,0.6271499999999999
2023-03-22 23:00:00,0.6276499999999999
2023-03-23 00:00:00,0.6288499999999999
2023-03-23 01:00:00,0.62945
2023-03-23 02:00:00,0.6311499999999999
2023-03-23 03:00:00,0.6320999999999999
2023-03-23 04:00:00,0.6328499999999999
2023-03-23 05:00:00,0.6297999999999999
2023-03-23 06:00:00,0.6325999999999999
2023-03-23 07:00:00,0.6329999999999999
2023-03-23 08:00:00,0.6327999999999999
2023-03-23 09:00:00,0.6328999999999999
2023-03-23 10:00:00,0.6319499999999999
2023-03-23 11:00:00,0.6321999999999999
2023-03-23 12:00:00,0.6305
2023-03-23 13:00:00,0.6323
2023-03-23 14:00:00,0.6326499999999999
2023-03-23 15:00:00,0.6329499999999999
2023-03-23 16:00:00,0.6327499999999999
2023-03-23 17:00:00,0.6317499999999999
2023-03-23 18:00:00,0.6298499999999999
2023-03-23 19:00:00,0.63045
2023-03-23 20:00:00,0.6301499999999999
2023-03-23 22:00:00,0.6291999999999999
2023-03-23 23:00:00,0.6291999999999999
2023-03-24 00:00:00,0.6289999999999999
2023-03-24 01:00:00,0.62825
2023-03-24 02:00:00,0.6279499999999999
2023-03-24 03:00:00,0.6286999999999999
2023-03-24 04:00:00,0.6285
2023-03-24 05:00:00,0.6286499999999999
2023-03-24 06:00:00,0.6279999999999999
2023-03-24 07:00:00,0.6283
2023-03-24 08:00:00,0.6264
2023-03-24 09:00:00,0.6255
2023-03-24 10:00:00,0.6249999999999999
2023-03-24 11:00:00,0.6256499999999999
2023-03-24 12:00:00,0.6249999999999999
2023-03-24 13:00:00,0.6241999999999999
2023-03-24 14:00:00,0.6248999999999999
2023-03-24 15:00:00,0.6253
2023-03-24 16:00:00,0.6251499999999999
2023-03-24 17:00:00,0.6249999999999999
2023-03-24 18:00:00,0.6246499999999999
2023-03-24 19:00:00,0.6245499999999999
2023-03-24 20:00:00,0.6245499999999999
2023-03-26 22:00:00,0.6253
2023-03-26 23:00:00,0.6255999999999999
2023-03-27 00:00:00,0.6246499999999999
2023-03-27 01:00:00,0.6245999999999999
2023-03-27 02:00:00,0.6246499999999999
2023-03-27 03:00:00,0.6254
2023-03-27 04:00:00,0.6247999999999999
2023-03-27 05:00:00,0.6239999999999999
2023-03-27 06:00:00,0.6255999999999999
2023-03-27 07:00:00,0.6243
2023-03-27 08:00:00,0.6249999999999999
2023-03-27 09:00:00,0.62325
2023-03-27 10:00:00,0.6229499999999999
2023-03-27 11:00:00,0.6240499999999999
2023-03-27 12:00:00,0.6228499999999999
2023-03-27 13:00:00,0.6239499999999999
2023-03-27 14:00:00,0.6236499999999999
2023-03-27 15:00:00,0.6235499999999999
2023-03-27 16:00:00,0.6240499999999999
2023-03-27 17:00:00,0.6236499999999999
2023-03-27 18:00:00,0.6239499999999999
2023-03-27 19:00:00,0.6240499999999999
2023-03-27 20:00:00,0.62435
2023-03-27 22:00:00,0.6244999999999999
2023-03-27 23:00:00,0.6249499999999999
2023-03-28 00:00:00,0.6259499999999999
2023-03-28 01:00:00,0.6265
2023-03-28 02:00:00,0.6271999999999999
2023-03-28 03:00:00,0.6280999999999999
2023-03-28 04:00:00,0.6276499999999999
2023-03-28 05:00:00,0.6274
2023-03-28 06:00:00,0.6275499999999999
2023-03-28 07:00:00,0.62745
2023-03-28 08:00:00,0.6266499999999999
2023-03-28 09:00:00,0.6270499999999999
2023-03-28 10:00:00,0.62735
2023-03-28 11:00:00,0.6281499999999999
2023-03-28 12:00:00,0.6281999999999999
2023-03-28 13:00:00,0.6277999999999999
2023-03-28 14:00:00,0.6287999999999999
2023-03-28 15:00:00,0.6295499999999999
2023-03-28 16:00:00,0.62945
2023-03-28 17:00:00,0.6291499999999999
2023-03-28 18:00:00,0.6295499999999999
2023-03-28 19:00:00,0.6296499999999999
2023-03-28 20:00:00,0.6299999999999999
2023-03-28 22:00:00,0.6295999999999999
2023-03-28 23:00:00,0.6300999999999999
2023-03-29 00:00:00,0.63045
2023-03-29 01:00:00,0.6305999999999999
2023-03-29 02:00:00,0.6315
2023-03-29 03:00:00,0.6307499999999999
2023-03-29 04:00:00,0.6307999999999999
2023-03-29 05:00:00,0.6295
2023-03-29 06:00:00,0.6287999999999999
2023-03-29 07:00:00,0.62835
2023-03-29 08:00:00,0.6280499999999999
2023-03-29 09:00:00,0.62945
2023-03-29 10:00:00,0.62835
2023-03-29 11:00:00,0.62835
2023-03-29 12:00:00,0.6275499999999999
2023-03-29 13:00:00,0.6276999999999999
2023-03-29 14:00:00,0.62725
2023-03-29 15:00:00,0.6269999999999999
2023-03-29 16:00:00,0.6268499999999999
2023-03-29 17:00:00,0.6275999999999999
2023-03-29 18:00:00,0.6267499999999999
2023-03-29 19:00:00,0.6265499999999999
2023-03-29 20:00:00,0.62725
2023-03-29 22:00:00,0.6271999999999999
2023-03-29 23:00:00,0.6265499999999999
2023-03-30 00:00:00,0.6259999999999999
2023-03-30 01:00:00,0.6255499999999999
2023-03-30 02:00:00,0.62545
2023-03-30 03:00:00,0.6259999999999999
2023-03-30 04:00:00,0.6264
2023-03-30 05:00:00,0.6275
2023-03-30 06:00:00,0.6285499999999999
2023-03-30 07:00:00,0.6293
2023-03-30 08:00:00,0.6291999999999999
2023-03-30 09:00:00,0.6281499999999999
2023-03-30 10:00:00,0.6280999999999999
2023-03-30 11:00:00,0.6281499999999999
2023-03-30 12:00:00,0.6287999999999999
2023-03-30 13:00:00,0.6303
2023-03-30 14:00:00,0.63035
2023-03-30 15:00:00,0.6298499999999999
2023-03-30 16:00:00,0.6304
2023-03-30 17:00:00,0.6298499999999999
2023-03-30 18:00:00,0.6310499999999999
2023-03-30 19:00:00,0.6310999999999999
2023-03-30 20:00:00,0.6311999999999999
2023-03-30 22:00:00,0.6306999999999999
2023-03-30 23:00:00,0.6316999999999999
2023-03-31 00:00:00,0.6321999999999999
2023-03-31 01:00:00,0.6336499999999999
2023-03-31 02:00:00,0.6337499999999999
2023-03-31 03:00:00,0.6335999999999999
2023-03-31 04:00:00,0.6330999999999999
2023-03-31 05:00:00,0.6298499999999999
2023-03-31 06:00:00,0.6322499999999999
2023-03-31 07:00:00,0.6301999999999999
2023-03-31 08:00:00,0.6307499999999999
2023-03-31 09:00:00,0.6313
2023-03-31 10:00:00,0.6309999999999999
2023-03-31 11:00:00,0.6300499999999999
2023-03-31 12:00:00,0.6309999999999999
2023-03-31 13:00:00,0.63135
2023-03-31 14:00:00,0.63035
2023-03-31 15:00:00,0.6316999999999999
2023-03-31 16:00:00,0.6312499999999999
2023-03-31 17:00:00,0.6295499999999999
2023-03-31 18:00:00,0.6298499999999999
2023-03-31 19:00:00,0.6300499999999999
2023-03-31 20:00:00,0.6301999999999999
2023-04-02 22:00:00,0.6288499999999999
2023-04-02 23:00:00,0.6270999999999999
2023-04-03 00:00:00,0.6270999999999999
2023-04-03 01:00:00,0.6274
2023-04-03 02:00:00,0.6265
2023-04-03 03:00:00,0.6266999999999999
2023-04-03 04:00:00,0.6266999999999999
2023-04-03 05:00:00,0.6260999999999999
2023-04-03 06:00:00,0.62725
2023-04-03 07:00:00,0.6283
2023-04-03 08:00:00,0.62825
2023-04-03 09:00:00,0.62945
2023-04-03 10:00:00,0.6300999999999999
2023-04-03 11:00:00,0.6338499999999999
2023-04-03 12:00:00,0.6329499999999999
2023-04-03 13:00:00,0.63245
2023-04-03 14:00:00,0.6338499999999999
2023-04-03 15:00:00,0.63355
2023-04-03 16:00:00,0.63355
2023-04-03 17:00:00,0.6331999999999999
2023-04-03 18:00:00,0.6337499999999999
2023-04-03 19:00:00,0.6337499999999999
2023-04-03 20:00:00,0.63455
2023-04-03 22:00:00,0.6346499999999999
2023-04-03 23:00:00,0.6347999999999999
2023-04-04 00:00:00,0.6347999999999999
2023-04-04 01:00:00,0.6340999999999999
2023-04-04 02:00:00,0.6346999999999999
2023-04-04 03:00:00,0.6350499999999999
2023-04-04 04:00:00,0.6349999999999999
2023-04-04 05:00:00,0.63445
2023-04-04 06:00:00,0.63545
2023-04-04 07:00:00,0.6345999999999999
2023-04-04 08:00:00,0.6338499999999999
2023-04-04 09:00:00,0.6348499999999999
2023-04-04 10:00:00,0.6348999999999999
2023-04-04 11:00:00,0.6340499999999999
2023-04-04 12:00:00,0.6325
2023-04-04 13:00:00,0.6331499999999999
2023-04-04 14:00:00,0.6355999999999999
2023-04-04 15:00:00,0.6350499999999999
2023-04-04 16:00:00,0.6350499999999999
2023-04-04 17:00:00,0.63445
2023-04-04 18:00:00,0.6349499999999999
2023-04-04 19:00:00,0.6349999999999999
2023-04-04 20:00:00,0.6357499999999999
2023-04-04 22:00:00,0.6358499999999999
2023-04-04 23:00:00,0.63635
2023-04-05 00:00:00,0.63555
2023-04-05 01:00:00,0.6351999999999999
2023-04-05 02:00:00,0.6396499999999999
2023-04-05 03:00:00,0.63955
2023-04-05 04:00:00,0.6395
2023-04-05 05:00:00,0.6389999999999999
2023-04-05 06:00:00,0.6390999999999999
2023-04-05 07:00:00,0.6380999999999999
2023-04-05 08:00:00,0.6360499999999999
2023-04-05 09:00:00,0.6358499999999999
2023-04-05 10:00:00,0.6344
2023-04-05 11:00:00,0.6348999999999999
2023-04-05 12:00:00,0.6367499999999999
2023-04-05 13:00:00,0.6361999999999999
2023-04-05 14:00:00,0.6359499999999999
2023-04-05 15:00:00,0.6372999999999999
2023-04-05 16:00:00,0.63545
2023-04-05 17:00:00,0.6358999999999999
2023-04-05 18:00:00,0.6360499999999999
2023-04-05 19:00:00,0.6359999999999999
2023-04-05 20:00:00,0.63645
2023-04-05 22:00:00,0.6366499999999999
2023-04-05 23:00:00,0.6362499999999999
2023-04-06 00:00:00,0.6351499999999999
2023-04-06 01:00:00,0.63455
2023-04-06 02:00:00,0.63355
2023-04-06 03:00:00,0.6338999999999999
2023-04-06 04:00:00,0.6336999999999999
2023-04-06 05:00:00,0.6327499999999999
2023-04-06 06:00:00,0.6335999999999999
2023-04-06 07:00:00,0.6336999999999999
2023-04-06 08:00:00,0.6328499999999999
2023-04-06 09:00:00,0.6327999999999999
2023-04-06 10:00:00,0.6322499999999999
2023-04-06 11:00:00,0.63235
2023-04-06 12:00:00,0.6299499999999999
2023-04-06 13:00:00,0.6285499999999999
2023-04-06 14:00:00,0.6291499999999999
2023-04-06 15:00:00,0.6295
2023-04-06 16:00:00,0.6299999999999999
2023-04-06 17:00:00,0.6302499999999999
2023-04-06 18:00:00,0.6296999999999999
2023-04-06 19:00:00,0.6296499999999999
2023-04-06 20:00:00,0.6289499999999999
2023-04-06 22:00:00,0.6289999999999999
2023-04-06 23:00:00,0.6288999999999999
2023-04-07 00:00:00,0.62935
2023-04-07 01:00:00,0.6301499999999999
2023-04-07 02:00:00,0.6301999999999999
2023-04-07 03:00:00,0.6306999999999999
2023-04-07 04:00:00,0.6301499999999999
2023-04-07 05:00:00,0.6300499999999999
2023-04-07 06:00:00,0.6300499999999999
2023-04-07 07:00:00,0.6305999999999999
2023-04-07 08:00:00,0.6308499999999999
2023-04-07 09:00:00,0.6309999999999999
2023-04-07 10:00:00,0.6308999999999999
2023-04-07 11:00:00,0.6304
2023-04-07 12:00:00,0.6296999999999999
2023-04-07 13:00:00,0.6295
2023-04-07 14:00:00,0.6296499999999999
2023-04-07 15:00:00,0.6296499999999999
2023-04-09 22:00:00,0.6297999999999999
2023-04-09 23:00:00,0.6299999999999999
2023-04-10 00:00:00,0.6288999999999999
2023-04-10 01:00:00,0.6286499999999999
2023-04-10 02:00:00,0.6279999999999999
2023-04-10 03:00:00,0.6278999999999999
2023-04-10 04:00:00,0.6275999999999999
2023-04-10 05:00:00,0.6257499999999999
2023-04-10 06:00:00,0.6288499999999999
2023-04-10 07:00:00,0.6290499999999999
2023-04-10 08:00:00,0.6291499999999999
2023-04-10 09:00:00,0.6295499999999999
2023-04-10 10:00:00,0.6290499999999999
2023-04-10 11:00:00,0.62745
2023-04-10 12:00:00,0.6244999999999999
2023-04-10 13:00:00,0.6244999999999999
2023-04-10 14:00:00,0.62445
2023-04-10 15:00:00,0.6246499999999999
2023-04-10 16:00:00,0.6254
2023-04-10 17:00:00,0.6257499999999999
2023-04-10 18:00:00,0.6257499999999999
2023-04-10 19:00:00,0.6258999999999999
2023-04-10 20:00:00,0.6265
2023-04-10 22:00:00,0.6268999999999999
2023-04-10 23:00:00,0.6271999999999999
2023-04-11 00:00:00,0.6274
2023-04-11 01:00:00,0.6268499999999999
2023-04-11 02:00:00,0.6271999999999999
2023-04-11 03:00:00,0.6271999999999999
2023-04-11 04:00:00,0.6270999999999999
2023-04-11 05:00:00,0.6235499999999999
2023-04-11 06:00:00,0.6265499999999999
2023-04-11 07:00:00,0.6265
2023-04-11 08:00:00,0.6266999999999999
2023-04-11 09:00:00,0.6260999999999999
2023-04-11 10:00:00,0.62625
2023-04-11 11:00:00,0.62535
2023-04-11 12:00:00,0.6250999999999999
2023-04-11 13:00:00,0.6248999999999999
2023-04-11 14:00:00,0.6245499999999999
2023-04-11 15:00:00,0.6238999999999999
2023-04-11 16:00:00,0.6231499999999999
2023-04-11 17:00:00,0.6236499999999999
2023-04-11 18:00:00,0.6235499999999999
2023-04-11 19:00:00,0.6236999999999999
2023-04-11 20:00:00,0.6235499999999999
2023-04-11 22:00:00,0.6239999999999999
2023-04-11 23:00:00,0.6238499999999999
2023-04-12 00:00:00,0.6241499999999999
2023-04-12 01:00:00,0.6243
2023-04-12 02:00:00,0.6234
2023-04-12 03:00:00,0.6240499999999999
2023-04-12 04:00:00,0.6247999999999999
2023-04-12 05:00:00,0.6243
2023-04-12 06:00:00,0.6235499999999999
2023-04-12 07:00:00,0.62345
2023-04-12 08:00:00,0.6234999999999999
2023-04-12 09:00:00,0.6239999999999999
2023-04-12 10:00:00,0.6238999999999999
2023-04-12 11:00:00,0.6239499999999999
2023-04-12 12:00:00,0.6271499999999999
2023-04-12 13:00:00,0.62635
2023-04-12 14:00:00,0.6256999999999999
2023-04-12 15:00:00,0.6256999999999999
2023-04-12 16:00:00,0.62625
2023-04-12 17:00:00,0.6257999999999999
2023-04-12 18:00:00,0.6260999999999999
2023-04-12 19:00:00,0.6265499999999999
2023-04-12 20:00:00,0.6258499999999999
2023-04-12 22:00:00,0.6260499999999999
2023-04-12 23:00:00,0.6263
2023-04-13 00:00:00,0.6255
2023-04-13 01:00:00,0.6257999999999999
2023-04-13 02:00:00,0.6256999999999999
2023-04-13 03:00:00,0.6261499999999999
2023-04-13 04:00:00,0.6261499999999999
2023-04-13 05:00:00,0.6351999999999999
2023-04-13 06:00:00,0.6264
2023-04-13 07:00:00,0.6276999999999999
2023-04-13 08:00:00,0.6281499999999999
2023-04-13 09:00:00,0.6287499999999999
2023-04-13 10:00:00,0.62845
2023-04-13 11:00:00,0.6290999999999999
2023-04-13 12:00:00,0.6319999999999999
2023-04-13 13:00:00,0.6340999999999999
2023-04-13 14:00:00,0.6335999999999999
2023-04-13 15:00:00,0.6350499999999999
2023-04-13 16:00:00,0.63555
2023-04-13 17:00:00,0.6355
2023-04-13 18:00:00,0.6351999999999999
2023-04-13 19:00:00,0.6349999999999999
2023-04-13 20:00:00,0.6342499999999999
2023-04-13 22:00:00,0.6341999999999999
2023-04-13 23:00:00,0.6347999999999999
2023-04-14 00:00:00,0.6349499999999999
2023-04-14 01:00:00,0.6355999999999999
2023-04-14 02:00:00,0.6355999999999999
2023-04-14 03:00:00,0.6355
2023-04-14 04:00:00,0.63555
2023-04-14 05:00:00,0.62525
2023-04-14 06:00:00,0.6351999999999999
2023-04-14 07:00:00,0.6348999999999999
2023-04-14 08:00:00,0.63335
2023-04-14 09:00:00,0.6334
2023-04-14 10:00:00,0.6338499999999999
2023-04-14 11:00:00,0.6326999999999999
2023-04-14 12:00:00,0.6318999999999999
2023-04-14 13:00:00,0.6305
2023-04-14 14:00:00,0.6265999999999999
2023-04-14 15:00:00,0.6251999999999999
2023-04-14 16:00:00,0.6243
2023-04-14 17:00:00,0.6246999999999999
2023-04-14 18:00:00,0.6253
2023-04-14 19:00:00,0.62525
2023-04-14 20:00:00,0.6254
2023-04-16 22:00:00,0.6250499999999999
2023-04-16 23:00:00,0.6246999999999999
2023-04-17 00:00:00,0.6241999999999999
2023-04-17 01:00:00,0.6240999999999999
2023-04-17 02:00:00,0.6246999999999999
2023-04-17 03:00:00,0.6240499999999999
2023-04-17 04:00:00,0.6240499999999999
2023-04-17 05:00:00,0.62245
2023-04-17 06:00:00,0.6251499999999999
2023-04-17 07:00:00,0.6244
2023-04-17 08:00:00,0.6240999999999999
2023-04-17 09:00:00,0.6243
2023-04-17 10:00:00,0.62435
2023-04-17 11:00:00,0.6243
2023-04-17 12:00:00,0.6225499999999999
2023-04-17 13:00:00,0.6221499999999999
2023-04-17 14:00:00,0.6215499999999999
2023-04-17 15:00:00,0.6218999999999999
2023-04-17 16:00:00,0.6215499999999999
2023-04-17 17:00:00,0.6218499999999999
2023-04-17 18:00:00,0.6223
2023-04-17 19:00:00,0.6225999999999999
2023-04-17 20:00:00,0.6226999999999999
2023-04-17 22:00:00,0.6230499999999999
2023-04-17 23:00:00,0.6226499999999999
2023-04-18 00:00:00,0.62325
2023-04-18 01:00:00,0.6232
2023-04-18 02:00:00,0.62335
2023-04-18 03:00:00,0.62345
2023-04-18 04:00:00,0.6232
2023-04-18 05:00:00,0.6240999999999999
2023-04-18 06:00:00,0.6247499999999999
2023-04-18 07:00:00,0.6251999999999999
2023-04-18 08:00:00,0.6256499999999999
2023-04-18 09:00:00,0.6260999999999999
2023-04-18 10:00:00,0.6258499999999999
2023-04-18 11:00:00,0.62645
2023-04-18 12:00:00,0.6256999999999999
2023-04-18 13:00:00,0.62545
2023-04-18 14:00:00,0.6258499999999999
2023-04-18 15:00:00,0.6247499999999999
2023-04-18 16:00:00,0.6251499999999999
2023-04-18 17:00:00,0.6249499999999999
2023-04-18 18:00:00,0.62535
2023-04-18 19:00:00,0.62535
2023-04-18 20:00:00,0.62545
2023-04-18 22:00:00,0.6257999999999999
2023-04-18 23:00:00,0.6259499999999999
2023-04-19 00:00:00,0.6258999999999999
2023-04-19 01:00:00,0.6248499999999999
2023-04-19 02:00:00,0.6250999999999999
2023-04-19 03:00:00,0.6251999999999999
2023-04-19 04:00:00,0.6250499999999999
2023-04-19 05:00:00,0.6243
2023-04-19 06:00:00,0.6238499999999999
2023-04-19 07:00:00,0.6244
2023-04-19 08:00:00,0.6232
2023-04-19 09:00:00,0.6225999999999999
2023-04-19 10:00:00,0.6228499999999999
2023-04-19 11:00:00,0.6229999999999999
2023-04-19 12:00:00,0.6251499999999999
2023-04-19 13:00:00,0.6259999999999999
2023-04-19 14:00:00,0.6258499999999999
2023-04-19 15:00:00,0.6249499999999999
2023-04-19 16:00:00,0.6257499999999999
2023-04-19 17:00:00,0.6249499999999999
2023-04-19 18:00:00,0.6244999999999999
2023-04-19 19:00:00,0.6243
2023-04-19 20:00:00,0.6245499999999999
2023-04-19 22:00:00,0.6214999999999999
2023-04-19 23:00:00,0.6207999999999999
2023-04-20 00:00:00,0.6207499999999999
2023-04-20 01:00:00,0.6208499999999999
2023-04-20 02:00:00,0.6204999999999999
2023-04-20 03:00:00,0.6203
2023-04-20 04:00:00,0.6202
2023-04-20 05:00:00,0.6219499999999999
2023-04-20 06:00:00,0.6218999999999999
2023-04-20 07:00:00,0.62045
2023-04-20 08:00:00,0.62135
2023-04-20 09:00:00,0.6218499999999999
2023-04-20 10:00:00,0.6227499999999999
2023-04-20 11:00:00,0.6211499999999999
2023-04-20 12:00:00,0.62345
2023-04-20 13:00:00,0.62335
2023-04-20 14:00:00,0.6241499999999999
2023-04-20 15:00:00,0.6234
2023-04-20 16:00:00,0.62335
2023-04-20 17:00:00,0.6232
2023-04-20 18:00:00,0.6218999999999999
2023-04-20 19:00:00,0.6220499999999999
2023-04-20 20:00:00,0.6220999999999999
2023-04-20 22:00:00,0.6221499999999999
2023-04-20 23:00:00,0.62235
2023-04-21 00:00:00,0.6216999999999999
2023-04-21 01:00:00,0.6205499999999999
2023-04-21 02:00:00,0.6207499999999999
2023-04-21 03:00:00,0.62025
2023-04-21 04:00:00,0.6200499999999999
2023-04-21 05:00:00,0.6178499999999999
2023-04-21 06:00:00,0.61825
2023-04-21 07:00:00,0.6182
2023-04-21 08:00:00,0.6180499999999999
2023-04-21 09:00:00,0.6176999999999999
2023-04-21 10:00:00,0.6179499999999999
2023-04-21 11:00:00,0.6173
2023-04-21 12:00:00,0.6188499999999999
2023-04-21 13:00:00,0.6181499999999999
2023-04-21 14:00:00,0.6181499999999999
2023-04-21 15:00:00,0.61825
2023-04-21 16:00:00,0.61825
2023-04-21 17:00:00,0.6189499999999999
2023-04-21 18:00:00,0.6178499999999999
2023-04-21 19:00:00,0.6174999999999999
2023-04-21 20:00:00,0.6188499999999999
2023-04-23 22:00:00,0.6186499999999999
2023-04-23 23:00:00,0.6186999999999999
2023-04-24 00:00:00,0.6189499999999999
2023-04-24 01:00:00,0.6184999999999999
2023-04-24 02:00:00,0.6179499999999999
2023-04-24 03:00:00,0.6178499999999999
2023-04-24 04:00:00,0.6181499999999999
2023-04-24 05:00:00,0.6208499999999999
2023-04-24 06:00:00,0.6177999999999999
2023-04-24 07:00:00,0.6191499999999999
2023-04-24 08:00:00,0.61925
2023-04-24 09:00:00,0.6188999999999999
2023-04-24 10:00:00,0.6188499999999999
2023-04-24 11:00:00,0.6185499999999999
2023-04-24 12:00:00,0.6193
2023-04-24 13:00:00,0.6193
2023-04-24 14:00:00,0.6196999999999999
2023-04-24 15:00:00,0.6185499999999999
2023-04-24 16:00:00,0.6195499999999999
2023-04-24 17:00:00,0.62035
2023-04-24 18:00:00,0.6208499999999999
2023-04-24 19:00:00,0.6211499999999999
2023-04-24 20:00:00,0.6213
2023-04-24 22:00:00,0.6217999999999999
2023-04-24 23:00:00,0.6220499999999999
2023-04-25 00:00:00,0.6218999999999999
2023-04-25 01:00:00,0.6222
2023-04-25 02:00:00,0.6217499999999999
2023-04-25 03:00:00,0.6215999999999999
2023-04-25 04:00:00,0.62145
2023-04-25 05:00:00,0.6180499999999999
2023-04-25 06:00:00,0.6216999999999999
2023-04-25 07:00:00,0.6203
2023-04-25 08:00:00,0.62125
2023-04-25 09:00:00,0.6214999999999999
2023-04-25 10:00:00,0.62135
2023-04-25 11:00:00,0.62025
2023-04-25 12:00:00,0.6209499999999999
2023-04-25 13:00:00,0.6194
2023-04-25 14:00:00,0.6189499999999999
2023-04-25 15:00:00,0.6187999999999999
2023-04-25 16:00:00,0.6187999999999999
2023-04-25 17:00:00,0.6182
2023-04-25 18:00:00,0.6180499999999999
2023-04-25 19:00:00,0.6178499999999999
2023-04-25 20:00:00,0.6181499999999999
2023-04-25 22:00:00,0.61925
2023-04-25 23:00:00,0.61925
2023-04-26 00:00:00,0.6191499999999999
2023-04-26 01:00:00,0.61935
2023-04-26 02:00:00,0.6179999999999999
2023-04-26 03:00:00,0.6174999999999999
2023-04-26 04:00:00,0.6179999999999999
2023-04-26 05:00:00,0.6177999999999999
2023-04-26 06:00:00,0.6185999999999999
2023-04-26 07:00:00,0.6181499999999999
2023-04-26 08:00:00,0.6174499999999999
2023-04-26 09:00:00,0.6172
2023-04-26 10:00:00,0.6176999999999999
2023-04-26 11:00:00,0.6169999999999999
2023-04-26 12:00:00,0.6174999999999999
2023-04-26 13:00:00,0.6185499999999999
2023-04-26 14:00:00,0.6174499999999999
2023-04-26 15:00:00,0.6178999999999999
2023-04-26 16:00:00,0.6169499999999999
2023-04-26 17:00:00,0.6164999999999999
2023-04-26 18:00:00,0.6157999999999999
2023-04-26 19:00:00,0.6159499999999999
2023-04-26 20:00:00,0.61625
2023-04-26 22:00:00,0.6164
2023-04-26 23:00:00,0.6165999999999999
2023-04-27 00:00:00,0.6169999999999999
2023-04-27 01:00:00,0.6176499999999999
2023-04-27 02:00:00,0.6179999999999999
2023-04-27 03:00:00,0.6177499999999999
2023-04-27 04:00:00,0.6188499999999999
2023-04-27 05:00:00,0.6192
2023-04-27 06:00:00,0.6196999999999999
2023-04-27 07:00:00,0.6189999999999999
2023-04-27 08:00:00,0.6198999999999999
2023-04-27 09:00:00,0.6185999999999999
2023-04-27 10:00:00,0.61945
2023-04-27 11:00:00,0.6195499999999999
2023-04-27 12:00:00,0.6181499999999999
2023-04-27 13:00:00,0.6179999999999999
2023-04-27 14:00:00,0.6174499999999999
2023-04-27 15:00:00,0.6176999999999999
2023-04-27 16:00:00,0.6178999999999999
2023-04-27 17:00:00,0.6188999999999999
2023-04-27 18:00:00,0.6192
2023-04-27 19:00:00,0.61925
2023-04-27 20:00:00,0.6194999999999999
2023-04-27 22:00:00,0.6191499999999999
2023-04-27 23:00:00,0.6191499999999999
2023-04-28 00:00:00,0.6194999999999999
2023-04-28 01:00:00,0.6203
2023-04-28 02:00:00,0.6198999999999999
2023-04-28 03:00:00,0.6197999999999999
2023-04-28 04:00:00,0.6189999999999999
2023-04-28 05:00:00,0.6186499999999999
2023-04-28 06:00:00,0.6183
2023-04-28 07:00:00,0.6183
2023-04-28 08:00:00,0.6174
2023-04-28 09:00:00,0.6175499999999999
2023-04-28 10:00:00,0.6185999999999999
2023-04-28 11:00:00,0.6196999999999999
2023-04-28 12:00:00,0.6195999999999999
2023-04-28 13:00:00,0.6200999999999999
2023-04-28 14:00:00,0.6222
2023-04-28 15:00:00,0.6230999999999999
2023-04-28 16:00:00,0.6233
2023-04-28 17:00:00,0.6229999999999999
2023-04-28 18:00:00,0.6233
2023-04-28 19:00:00,0.6233
2023-04-28 20:00:00,0.6228999999999999
2023-04-30 22:00:00,0.6220499999999999
2023-04-30 23:00:00,0.6217499999999999
2023-05-01 00:00:00,0.6218999999999999
2023-05-01 01:00:00,0.6222
2023-05-01 02:00:00,0.62245
2023-05-01 03:00:00,0.6231499999999999
2023-05-01 04:00:00,0.6229499999999999
2023-05-01 05:00:00,0.62345
2023-05-01 06:00:00,0.6230499999999999
2023-05-01 07:00:00,0.6229499999999999
2023-05-01 08:00:00,0.62225
2023-05-01 09:00:00,0.62245
2023-05-01 10:00:00,0.6226999999999999
2023-05-01 11:00:00,0.62225
2023-05-01 12:00:00,0.6245999999999999
2023-05-01 13:00:00,0.6238999999999999
2023-05-01 14:00:00,0.62235
2023-05-01 15:00:00,0.6215499999999999
2023-05-01 16:00:00,0.6215499999999999
2023-05-01 17:00:00,0.6216999999999999
2023-05-01 18:00:00,0.6211499999999999
2023-05-01 19:00:00,0.6210999999999999
2023-05-01 20:00:00,0.6213
2023-05-01 22:00:00,0.6214999999999999
2023-05-01 23:00:00,0.6210499999999999
2023-05-02 00:00:00,0.6215499999999999
2023-05-02 01:00:00,0.6226999999999999
2023-05-02 02:00:00,0.6229499999999999
2023-05-02 03:00:00,0.6224
2023-05-02 04:00:00,0.6227999999999999
2023-05-02 05:00:00,0.6240499999999999
2023-05-02 06:00:00,0.6245999999999999
2023-05-02 07:00:00,0.6240999999999999
2023-05-02 08:00:00,0.6239999999999999
2023-05-02 09:00:00,0.6236499999999999
2023-05-02 10:00:00,0.6238999999999999
2023-05-02 11:00:00,0.6261499999999999
2023-05-02 12:00:00,0.6245499999999999
2023-05-02 13:00:00,0.6241499999999999
2023-05-02 14:00:00,0.6246499999999999
2023-05-02 15:00:00,0.62525
2023-05-02 16:00:00,0.6255999999999999
2023-05-02 17:00:00,0.6255
2023-05-02 18:00:00,0.6255999999999999
2023-05-02 19:00:00,0.6255999999999999
2023-05-02 20:00:00,0.6255
2023-05-02 22:00:00,0.6257999999999999
2023-05-02 23:00:00,0.6271499999999999
2023-05-03 00:00:00,0.62725
2023-05-03 01:00:00,0.6288499999999999
2023-05-03 02:00:00,0.6285999999999999
2023-05-03 03:00:00,0.62825
2023-05-03 04:00:00,0.6279499999999999
2023-05-03 05:00:00,0.6278499999999999
2023-05-03 06:00:00,0.6283
2023-05-03 07:00:00,0.6279999999999999
2023-05-03 08:00:00,0.6280999999999999
2023-05-03 09:00:00,0.62745
2023-05-03 10:00:00,0.62745
2023-05-03 11:00:00,0.6276499999999999
2023-05-03 12:00:00,0.6265999999999999
2023-05-03 13:00:00,0.6270999999999999
2023-05-03 14:00:00,0.6279499999999999
2023-05-03 15:00:00,0.62825
2023-05-03 16:00:00,0.6288499999999999
2023-05-03 17:00:00,0.6287999999999999
2023-05-03 18:00:00,0.6285
2023-05-03 19:00:00,0.62825
2023-05-03 20:00:00,0.62745
2023-05-03 22:00:00,0.6260499999999999
2023-05-03 23:00:00,0.6255
2023-05-04 00:00:00,0.6267499999999999
2023-05-04 01:00:00,0.62825
2023-05-04 02:00:00,0.6291999999999999
2023-05-04 03:00:00,0.6289999999999999
2023-05-04 04:00:00,0.6296999999999999
2023-05-04 05:00:00,0.6295
2023-05-04 06:00:00,0.6293
2023-05-04 07:00:00,0.6288499999999999
2023-05-04 08:00:00,0.6287999999999999
2023-05-04 09:00:00,0.6293
2023-05-04 10:00:00,0.63035
2023-05-04 11:00:00,0.63155
2023-05-04 12:00:00,0.63045
2023-05-04 13:00:00,0.6315
2023-05-04 14:00:00,0.6316499999999999
2023-05-04 15:00:00,0.6327999999999999
2023-05-04 16:00:00,0.6341999999999999
2023-05-04 17:00:00,0.6339499999999999
2023-05-04 18:00:00,0.6333
2023-05-04 19:00:00,0.6332499999999999
2023-05-04 20:00:00,0.6327499999999999
2023-05-04 22:00:00,0.6333
2023-05-04 23:00:00,0.6336999999999999
2023-05-05 00:00:00,0.6339499999999999
2023-05-05 01:00:00,0.6350999999999999
2023-05-05 02:00:00,0.6350999999999999
2023-05-05 03:00:00,0.6357999999999999
2023-05-05 04:00:00,0.6355999999999999
2023-05-05 05:00:00,0.6351999999999999
2023-05-05 06:00:00,0.6357499999999999
2023-05-05 07:00:00,0.6343
2023-05-05 08:00:00,0.6341999999999999
2023-05-05 09:00:00,0.6343
2023-05-05 10:00:00,0.6345
2023-05-05 11:00:00,0.6339999999999999
2023-05-05 12:00:00,0.6317999999999999
2023-05-05 13:00:00,0.6336999999999999
2023-05-05 14:00:00,0.6337499999999999
2023-05-05 15:00:00,0.6344
2023-05-05 16:00:00,0.6350499999999999
2023-05-05 17:00:00,0.6344
2023-05-05 18:00:00,0.6348999999999999
2023-05-05 19:00:00,0.6345999999999999
2023-05-05 20:00:00,0.6335999999999999
2023-05-07 22:00:00,0.6345999999999999
2023-05-07 23:00:00,0.6345
2023-05-08 00:00:00,0.6345999999999999
2023-05-08 01:00:00,0.6346999999999999
2023-05-08 02:00:00,0.6349499999999999
2023-05-08 03:00:00,0.6351499999999999
2023-05-08 04:00:00,0.6359999999999999
2023-05-08 05:00:00,0.6358499999999999
2023-05-08 06:00:00,0.63735
2023-05-08 07:00:00,0.6366999999999999
2023-05-08 08:00:00,0.6369999999999999
2023-05-08 09:00:00,0.6376999999999999
2023-05-08 10:00:00,0.6392499999999999
2023-05-08 11:00:00,0.6389999999999999
2023-05-08 12:00:00,0.63955
2023-05-08 13:00:00,0.64055
2023-05-08 14:00:00,0.6398499999999999
2023-05-08 15:00:00,0.6396
2023-05-08 16:00:00,0.6397999999999999
2023-05-08 17:00:00,0.6395
2023-05-08 18:00:00,0.6395
2023-05-08 19:00:00,0.6395
2023-05-08 20:00:00,0.6391499999999999
2023-05-08 22:00:00,0.6392999999999999
2023-05-08 23:00:00,0.63835
2023-05-09 00:00:00,0.6385
2023-05-09 01:00:00,0.6377499999999999
2023-05-09 02:00:00,0.6379499999999999
2023-05-09 03:00:00,0.6386
2023-05-09 04:00:00,0.6386499999999999
2023-05-09 05:00:00,0.6386499999999999
2023-05-09 06:00:00,0.6377999999999999
2023-05-09 07:00:00,0.6377499999999999
2023-05-09 08:00:00,0.6377999999999999
2023-05-09 09:00:00,0.6379499999999999
2023-05-09 10:00:00,0.63835
2023-05-09 11:00:00,0.6374
2023-05-09 12:00:00,0.6369499999999999
2023-05-09 13:00:00,0.6377499999999999
2023-05-09 14:00:00,0.63735
2023-05-09 15:00:00,0.6367999999999999
2023-05-09 16:00:00,0.6371499999999999
2023-05-09 17:00:00,0.6380499999999999
2023-05-09 18:00:00,0.6381999999999999
2023-05-09 19:00:00,0.6382499999999999
2023-05-09 20:00:00,0.6381999999999999
2023-05-09 22:00:00,0.63845
2023-05-09 23:00:00,0.6385
2023-05-10 00:00:00,0.63835
2023-05-10 01:00:00,0.6384
2023-05-10 02:00:00,0.6389499999999999
2023-05-10 03:00:00,0.6395
2023-05-10 04:00:00,0.6387499999999999
2023-05-10 05:00:00,0.6406999999999999
2023-05-10 06:00:00,0.6384
2023-05-10 07:00:00,0.6382999999999999
2023-05-10 08:00:00,0.6376999999999999
2023-05-10 09:00:00,0.6381499999999999
2023-05-10 10:00:00,0.6376499999999999
2023-05-10 11:00:00,0.6376499999999999
2023-05-10 12:00:00,0.6426
2023-05-10 13:00:00,0.6405
2023-05-10 14:00:00,0.6400999999999999
2023-05-10 15:00:00,0.6399999999999999
2023-05-10 16:00:00,0.64035
2023-05-10 17:00:00,0.63945
2023-05-10 18:00:00,0.6406999999999999
2023-05-10 19:00:00,0.6410999999999999
2023-05-10 20:00:00,0.6412999999999999
2023-05-10 22:00:00,0.6416499999999999
2023-05-10 23:00:00,0.6417499999999999
2023-05-11 00:00:00,0.6425
2023-05-11 01:00:00,0.6419499999999999
2023-05-11 02:00:00,0.6416999999999999
2023-05-11 03:00:00,0.6416
2023-05-11 04:00:00,0.6418999999999999
2023-05-11 05:00:00,0.6418499999999999
2023-05-11 06:00:00,0.6391999999999999
2023-05-11 07:00:00,0.6388499999999999
2023-05-11 08:00:00,0.6390499999999999
2023-05-11 09:00:00,0.6390499999999999
2023-05-11 10:00:00,0.6388499999999999
2023-05-11 11:00:00,0.6387999999999999
2023-05-11 12:00:00,0.6394
2023-05-11 13:00:00,0.63555
2023-05-11 14:00:00,0.6354
2023-05-11 15:00:00,0.6343
2023-05-11 16:00:00,0.6348499999999999
2023-05-11 17:00:00,0.6339999999999999
2023-05-11 18:00:00,0.63455
2023-05-11 19:00:00,0.63445
2023-05-11 20:00:00,0.63445
2023-05-11 22:00:00,0.6346499999999999
2023-05-11 23:00:00,0.6339999999999999
2023-05-12 00:00:00,0.6343
2023-05-12 01:00:00,0.6327499999999999
2023-05-12 02:00:00,0.6326499999999999
2023-05-12 03:00:00,0.6309999999999999
2023-05-12 04:00:00,0.6310499999999999
2023-05-12 05:00:00,0.6236999999999999
2023-05-12 06:00:00,0.63035
2023-05-12 07:00:00,0.62925
2023-05-12 08:00:00,0.6289999999999999
2023-05-12 09:00:00,0.6279499999999999
2023-05-12 10:00:00,0.6280999999999999
2023-05-12 11:00:00,0.6273
2023-05-12 12:00:00,0.6275
2023-05-12 13:00:00,0.6275999999999999
2023-05-12 14:00:00,0.6244999999999999
2023-05-12 15:00:00,0.6238499999999999
2023-05-12 16:00:00,0.6239499999999999
2023-05-12 17:00:00,0.6235499999999999
2023-05-12 18:00:00,0.6236499999999999
2023-05-12 19:00:00,0.6235499999999999
2023-05-12 20:00:00,0.6234999999999999
2023-05-14 22:00:00,0.62425
2023-05-14 23:00:00,0.62425
2023-05-15 00:00:00,0.6241999999999999
2023-05-15 01:00:00,0.6249999999999999
2023-05-15 02:00:00,0.6247499999999999
2023-05-15 03:00:00,0.6249999999999999
2023-05-15 04:00:00,0.6257999999999999
2023-05-15 05:00:00,0.62845
2023-05-15 06:00:00,0.6271999999999999
2023-05-15 07:00:00,0.6274
2023-05-15 08:00:00,0.6266499999999999
2023-05-15 09:00:00,0.62635
2023-05-15 10:00:00,0.6264
2023-05-15 11:00:00,0.6265
2023-05-15 12:00:00,0.6265999999999999
2023-05-15 13:00:00,0.6264
2023-05-15 14:00:00,0.6263
2023-05-15 15:00:00,0.62725
2023-05-15 16:00:00,0.6279999999999999
2023-05-15 17:00:00,0.6284
2023-05-15 18:00:00,0.6284
2023-05-15 19:00:00,0.6284
2023-05-15 20:00:00,0.6285999999999999
2023-05-15 22:00:00,0.6289999999999999
2023-05-15 23:00:00,0.6289999999999999
2023-05-16 00:00:00,0.6300999999999999
2023-05-16 01:00:00,0.6299499999999999
2023-05-16 02:00:00,0.6295
2023-05-16 03:00:00,0.6298499999999999
2023-05-16 04:00:00,0.6298499999999999
2023-05-16 05:00:00,0.6283
2023-05-16 06:00:00,0.6280999999999999
2023-05-16 07:00:00,0.6295
2023-05-16 08:00:00,0.6295499999999999
2023-05-16 09:00:00,0.6301999999999999
2023-05-16 10:00:00,0.6298499999999999
2023-05-16 11:00:00,0.6289999999999999
2023-05-16 12:00:00,0.6291999999999999
2023-05-16 13:00:00,0.6288999999999999
2023-05-16 14:00:00,0.62825
2023-05-16 15:00:00,0.6281999999999999
2023-05-16 16:00:00,0.6275499999999999
2023-05-16 17:00:00,0.6275499999999999
2023-05-16 18:00:00,0.6276499999999999
2023-05-16 19:00:00,0.6276499999999999
2023-05-16 20:00:00,0.6277499999999999
2023-05-16 22:00:00,0.6276999999999999
2023-05-16 23:00:00,0.6283
2023-05-17 00:00:00,0.62835
2023-05-17 01:00:00,0.6290999999999999
2023-05-17 02:00:00,0.6297499999999999
2023-05-17 03:00:00,0.62925
2023-05-17 04:00:00,0.6288999999999999
2023-05-17 05:00:00,0.6279999999999999
2023-05-17 06:00:00,0.6281499999999999
2023-05-17 07:00:00,0.6277999999999999
2023-05-17 08:00:00,0.62845
2023-05-17 09:00:00,0.6295499999999999
2023-05-17 10:00:00,0.6296499999999999
2023-05-17 11:00:00,0.6303
2023-05-17 12:00:00,0.6306499999999999
2023-05-17 13:00:00,0.6296499999999999
2023-05-17 14:00:00,0.6285
2023-05-17 15:00:00,0.6294
2023-05-17 16:00:00,0.6310499999999999
2023-05-17 17:00:00,0.6310499999999999
2023-05-17 18:00:00,0.6300999999999999
2023-05-17 19:00:00,0.6301499999999999
2023-05-17 20:00:00,0.6295499999999999
2023-05-17 22:00:00,0.6289999999999999
2023-05-17 23:00:00,0.6291999999999999
2023-05-18 00:00:00,0.6300499999999999
2023-05-18 01:00:00,0.6293
2023-05-18 02:00:00,0.6308999999999999
2023-05-18 03:00:00,0.6306499999999999
2023-05-18 04:00:00,0.6305999999999999
2023-05-18 05:00:00,0.6260999999999999
2023-05-18 06:00:00,0.6300499999999999
2023-05-18 07:00:00,0.6296999999999999
2023-05-18 08:00:00,0.6285999999999999
2023-05-18 09:00:00,0.6286499999999999
2023-05-18 10:00:00,0.6289499999999999
2023-05-18 11:00:00,0.6286499999999999
2023-05-18 12:00:00,0.6268999999999999
2023-05-18 13:00:00,0.6258499999999999
2023-05-18 14:00:00,0.62545
2023-05-18 15:00:00,0.62635
2023-05-18 16:00:00,0.6255
2023-05-18 17:00:00,0.6257499999999999
2023-05-18 18:00:00,0.6261499999999999
2023-05-18 19:00:00,0.62635
2023-05-18 20:00:00,0.62725
2023-05-18 22:00:00,0.62835
2023-05-18 23:00:00,0.6281999999999999
2023-05-19 00:00:00,0.6286499999999999
2023-05-19 01:00:00,0.6280999999999999
2023-05-19 02:00:00,0.6290999999999999
2023-05-19 03:00:00,0.6289499999999999
2023-05-19 04:00:00,0.6284
2023-05-19 05:00:00,0.6286999999999999
2023-05-19 06:00:00,0.6299999999999999
2023-05-19 07:00:00,0.6307999999999999
2023-05-19 08:00:00,0.6316999999999999
2023-05-19 09:00:00,0.6324
2023-05-19 10:00:00,0.6321499999999999
2023-05-19 11:00:00,0.63255
2023-05-19 12:00:00,0.6327999999999999
2023-05-19 13:00:00,0.6324
2023-05-19 14:00:00,0.63235
2023-05-19 15:00:00,0.6331499999999999
2023-05-19 16:00:00,0.6337499999999999
2023-05-19 17:00:00,0.6332499999999999
2023-05-19 18:00:00,0.6329499999999999
2023-05-19 19:00:00,0.6326499999999999
2023-05-19 20:00:00,0.6320499999999999
2023-05-21 22:00:00,0.6318999999999999
2023-05-21 23:00:00,0.6328499999999999
2023-05-22 00:00:00,0.6331499999999999
2023-05-22 01:00:00,0.6322499999999999
2023-05-22 02:00:00,0.63235
2023-05-22 03:00:00,0.6331999999999999
2023-05-22 04:00:00,0.6330499999999999
2023-05-22 05:00:00,0.63255
2023-05-22 06:00:00,0.6319499999999999
2023-05-22 07:00:00,0.6314
2023-05-22 08:00:00,0.6326499999999999
2023-05-22 09:00:00,0.6326999999999999
2023-05-22 10:00:00,0.6329499999999999
2023-05-22 11:00:00,0.6328499999999999
2023-05-22 12:00:00,0.6327999999999999
2023-05-22 13:00:00,0.63255
2023-05-22 14:00:00,0.6320999999999999
2023-05-22 15:00:00,0.6318499999999999
2023-05-22 16:00:00,0.6325999999999999
2023-05-22 17:00:00,0.6330999999999999
2023-05-22 18:00:00,0.63355
2023-05-22 19:00:00,0.6335
2023-05-22 20:00:00,0.6334
2023-05-22 22:00:00,0.6332499999999999
2023-05-22 23:00:00,0.6331499999999999
2023-05-23 00:00:00,0.6341499999999999
2023-05-23 01:00:00,0.6330999999999999
2023-05-23 02:00:00,0.6334
2023-05-23 03:00:00,0.63335
2023-05-23 04:00:00,0.6330999999999999
2023-05-23 05:00:00,0.6294
2023-05-23 06:00:00,0.6321999999999999
2023-05-23 07:00:00,0.6309999999999999
2023-05-23 08:00:00,0.63155
2023-05-23 09:00:00,0.6295499999999999
2023-05-23 10:00:00,0.6298999999999999
2023-05-23 11:00:00,0.6294
2023-05-23 12:00:00,0.6281999999999999
2023-05-23 13:00:00,0.6297499999999999
2023-05-23 14:00:00,0.63035
2023-05-23 15:00:00,0.63045
2023-05-23 16:00:00,0.6299499999999999
2023-05-23 17:00:00,0.6299999999999999
2023-05-23 18:00:00,0.62945
2023-05-23 19:00:00,0.6291499999999999
2023-05-23 20:00:00,0.6295
2023-05-23 22:00:00,0.6296499999999999
2023-05-23 23:00:00,0.6295
2023-05-24 00:00:00,0.6296499999999999
2023-05-24 01:00:00,0.6295999999999999
2023-05-24 02:00:00,0.6227499999999999
2023-05-24 03:00:00,0.6218999999999999
2023-05-24 04:00:00,0.6214
2023-05-24 05:00:00,0.61415
2023-05-24 06:00:00,0.6193
2023-05-24 07:00:00,0.6181499999999999
2023-05-24 08:00:00,0.6186499999999999
2023-05-24 09:00:00,0.6180499999999999
2023-05-24 10:00:00,0.6165999999999999
2023-05-24 11:00:00,0.6183
2023-05-24 12:00:00,0.61735
2023-05-24 13:00:00,0.6165499999999999
2023-05-24 14:00:00,0.6154999999999999
2023-05-24 15:00:00,0.61525
2023-05-24 16:00:00,0.6150499999999999
2023-05-24 17:00:00,0.6148999999999999
2023-05-24 18:00:00,0.6139999999999999
2023-05-24 19:00:00,0.6149499999999999
2023-05-24 20:00:00,0.6158999999999999
2023-05-24 22:00:00,0.6158999999999999
2023-05-24 23:00:00,0.6150499999999999
2023-05-25 00:00:00,0.6143
2023-05-25 01:00:00,0.6135499999999999
2023-05-25 02:00:00,0.6139499999999999
2023-05-25 03:00:00,0.61335
2023-05-25 04:00:00,0.6128999999999999
2023-05-25 05:00:00,0.6130499999999999
2023-05-25 06:00:00,0.6135999999999999
2023-05-25 07:00:00,0.6128499999999999
2023-05-25 08:00:00,0.61315
2023-05-25 09:00:00,0.6126499999999999
2023-05-25 10:00:00,0.61225
2023-05-25 11:00:00,0.61235
2023-05-25 12:00:00,0.61115
2023-05-25 13:00:00,0.6099499999999999
2023-05-25 14:00:00,0.61015
2023-05-25 15:00:00,0.6095999999999999
2023-05-25 16:00:00,0.6091
2023-05-25 17:00:00,0.6106999999999999
2023-05-25 18:00:00,0.6097499999999999
2023-05-25 19:00:00,0.6101
2023-05-25 20:00:00,0.6109499999999999
2023-05-25 22:00:00,0.6109999999999999
2023-05-25 23:00:00,0.6100499999999999
2023-05-26 00:00:00,0.6106499999999999
2023-05-26 01:00:00,0.6120499999999999
2023-05-26 02:00:00,0.6114999999999999
2023-05-26 03:00:00,0.61115
2023-05-26 04:00:00,0.6117999999999999
2023-05-26 05:00:00,0.6114999999999999
2023-05-26 06:00:00,0.61225
2023-05-26 07:00:00,0.6113
2023-05-26 08:00:00,0.6119499999999999
2023-05-26 09:00:00,0.6128999999999999
2023-05-26 10:00:00,0.6135999999999999
2023-05-26 11:00:00,0.6138499999999999
2023-05-26 12:00:00,0.6118999999999999
2023-05-26 13:00:00,0.6095999999999999
2023-05-26 14:00:00,0.6086999999999999
2023-05-26 15:00:00,0.6089999999999999
2023-05-26 16:00:00,0.60915
2023-05-26 17:00:00,0.6089499999999999
2023-05-26 18:00:00,0.6093
2023-05-26 19:00:00,0.6094499999999999
2023-05-26 20:00:00,0.6089999999999999
2023-05-28 22:00:00,0.60935
2023-05-28 23:00:00,0.61015
2023-05-29 00:00:00,0.6105999999999999
2023-05-29 01:00:00,0.6106999999999999
2023-05-29 02:00:00,0.6102
2023-05-29 03:00:00,0.6092
2023-05-29 04:00:00,0.6105999999999999
2023-05-29 05:00:00,0.6114499999999999
2023-05-29 06:00:00,0.61115
2023-05-29 07:00:00,0.61025
2023-05-29 08:00:00,0.6107999999999999
2023-05-29 09:00:00,0.6104499999999999
2023-05-29 10:00:00,0.6104499999999999
2023-05-29 11:00:00,0.6107999999999999
2023-05-29 12:00:00,0.6105499999999999
2023-05-29 13:00:00,0.6099499999999999
2023-05-29 14:00:00,0.61025
2023-05-29 15:00:00,0.6103999999999999
2023-05-29 16:00:00,0.6102
2023-05-29 17:00:00,0.61015
2023-05-29 18:00:00,0.6102
2023-05-29 19:00:00,0.6102
2023-05-29 20:00:00,0.6102
2023-05-29 22:00:00,0.6098999999999999
2023-05-29 23:00:00,0.6091
2023-05-30 00:00:00,0.6100499999999999
2023-05-30 01:00:00,0.6102
2023-05-30 02:00:00,0.6098999999999999
2023-05-30 03:00:00,0.6081
2023-05-30 04:00:00,0.6088999999999999
2023-05-30 05:00:00,0.6074999999999999
2023-05-30 06:00:00,0.60835
2023-05-30 07:00:00,0.6093999999999999
2023-05-30 08:00:00,0.6096999999999999
2023-05-30 09:00:00,0.6102
2023-05-30 10:00:00,0.6098499999999999
2023-05-30 11:00:00,0.6107999999999999
2023-05-30 12:00:00,0.6100499999999999
2023-05-30 13:00:00,0.60925
2023-05-30 14:00:00,0.60925
2023-05-30 15:00:00,0.6089999999999999
2023-05-30 16:00:00,0.6088499999999999
2023-05-30 17:00:00,0.60815
2023-05-30 18:00:00,0.60915
2023-05-30 19:00:00,0.60915
2023-05-30 20:00:00,0.6089999999999999
2023-05-30 22:00:00,0.6092
2023-05-30 23:00:00,0.6093
2023-05-31 00:00:00,0.6090499999999999
2023-05-31 01:00:00,0.60615
2023-05-31 02:00:00,0.6061
2023-05-31 03:00:00,0.6051
2023-05-31 04:00:00,0.6047499999999999
2023-05-31 05:00:00,0.6056999999999999
2023-05-31 06:00:00,0.6057499999999999
2023-05-31 07:00:00,0.60425
2023-05-31 08:00:00,0.60425
2023-05-31 09:00:00,0.6053499999999999
2023-05-31 10:00:00,0.60515
2023-05-31 11:00:00,0.6050499999999999
2023-05-31 12:00:00,0.6044999999999999
2023-05-31 13:00:00,0.6055499999999999
2023-05-31 14:00:00,0.6039999999999999
2023-05-31 15:00:00,0.6041
2023-05-31 16:00:00,0.6039499999999999
2023-05-31 17:00:00,0.6055499999999999
2023-05-31 18:00:00,0.6055999999999999
2023-05-31 19:00:00,0.6056499999999999
2023-05-31 20:00:00,0.6068499999999999
2023-05-31 22:00:00,0.6070499999999999
2023-05-31 23:00:00,0.6070499999999999
2023-06-01 00:00:00,0.6056999999999999
2023-06-01 01:00:00,0.60625
2023-06-01 02:00:00,0.6059999999999999
2023-06-01 03:00:00,0.6055999999999999
2023-06-01 04:00:00,0.6053999999999999
2023-06-01 05:00:00,0.60525
2023-06-01 06:00:00,0.60515
2023-06-01 07:00:00,0.6043
2023-06-01 08:00:00,0.6053
2023-06-01 09:00:00,0.6059499999999999
2023-06-01 10:00:00,0.6065499999999999
2023-06-01 11:00:00,0.6071
2023-06-01 12:00:00,0.6073999999999999
2023-06-01 13:00:00,0.60825
2023-06-01 14:00:00,0.6102
2023-06-01 15:00:00,0.6120499999999999
2023-06-01 16:00:00,0.6115999999999999
2023-06-01 17:00:00,0.6115499999999999
2023-06-01 18:00:00,0.61115
2023-06-01 19:00:00,0.61115
2023-06-01 20:00:00,0.6118499999999999
2023-06-01 22:00:00,0.6118999999999999
2023-06-01 23:00:00,0.6115499999999998
2023-06-02 00:00:00,0.6111499999999999
2023-06-02 01:00:00,0.6125499999999998
2023-06-02 02:00:00,0.6132999999999998
2023-06-02 03:00:00,0.6152499999999999
2023-06-02 04:00:00,0.6144499999999998
2023-06-02 05:00:00,0.6114999999999998
2023-06-02 06:00:00,0.6142999999999998
2023-06-02 07:00:00,0.6142499999999999
2023-06-02 09:00:00,0.6153499999999998
2023-06-02 10:00:00,0.6149999999999999
2023-06-02 11:00:00,0.6142999999999998
2023-06-02 12:00:00,0.6138999999999999
2023-06-02 13:00:00,0.6148499999999999
2023-06-02 14:00:00,0.6126999999999998
2023-06-02 15:00:00,0.6122499999999998
2023-06-02 16:00:00,0.6117499999999999
2023-06-02 17:00:00,0.6112499999999998
2023-06-02 18:00:00,0.6114999999999998
2023-06-02 19:00:00,0.6110999999999999
2023-06-02 20:00:00,0.6112999999999998
2023-06-04 22:00:00,0.6108499999999999
2023-06-04 23:00:00,0.6106499999999998
2023-06-05 00:00:00,0.6105499999999998
2023-06-05 01:00:00,0.6111999999999999
2023-06-05 02:00:00,0.6109999999999999
2023-06-05 04:00:00,0.6114499999999998
2023-06-05 05:00:00,0.6124499999999998
2023-06-05 06:00:00,0.6108499999999999
2023-06-05 07:00:00,0.6104999999999998
2023-06-05 08:00:00,0.6104499999999998
2023-06-05 09:00:00,0.6101499999999999
2023-06-05 10:00:00,0.6096999999999999
2023-06-05 11:00:00,0.6098499999999999
2023-06-05 12:00:00,0.6108499999999999
2023-06-05 13:00:00,0.6109999999999999
2023-06-05 14:00:00,0.6126999999999998
2023-06-05 15:00:00,0.6124999999999998
2023-06-05 16:00:00,0.6129999999999999
2023-06-05 17:00:00,0.6124999999999998
2023-06-05 18:00:00,0.6125999999999998
2023-06-05 19:00:00,0.6121499999999999
2023-06-05 20:00:00,0.6121999999999999
2023-06-05 22:00:00,0.6119499999999999
2023-06-05 23:00:00,0.6120999999999999
2023-06-06 00:00:00,0.6126499999999998
2023-06-06 01:00:00,0.6123999999999998
2023-06-06 02:00:00,0.6133499999999998
2023-06-06 03:00:00,0.6128499999999999
2023-06-06 04:00:00,0.6135499999999998
2023-06-06 05:00:00,0.6127999999999999
2023-06-06 06:00:00,0.6147499999999999
2023-06-06 07:00:00,0.6130499999999999
2023-06-06 08:00:00,0.6132499999999999
2023-06-06 09:00:00,0.6133499999999998
2023-06-06 10:00:00,0.6128499999999999
2023-06-06 11:00:00,0.6129999999999999
2023-06-06 12:00:00,0.6114499999999998
2023-06-06 13:00:00,0.6102999999999998
2023-06-06 14:00:00,0.6112499999999998
2023-06-06 15:00:00,0.6130499999999999
2023-06-06 16:00:00,0.6125499999999998
2023-06-06 17:00:00,0.6119999999999999
2023-06-06 18:00:00,0.6127999999999999
2023-06-06 19:00:00,0.6128499999999999
2023-06-06 20:00:00,0.6130999999999999
2023-06-06 22:00:00,0.6130499999999999
2023-06-06 23:00:00,0.6126499999999998
2023-06-07 00:00:00,0.6136999999999998
2023-06-07 01:00:00,0.6130499999999999
2023-06-07 02:00:00,0.6130499999999999
2023-06-07 03:00:00,0.6129499999999999
2023-06-07 04:00:00,0.6131499999999999
2023-06-07 05:00:00,0.6122499999999998
2023-06-07 06:00:00,0.6115499999999998
2023-06-07 07:00:00,0.6113999999999998
2023-06-07 08:00:00,0.6126499999999998
2023-06-07 09:00:00,0.6130499999999999
2023-06-07 10:00:00,0.6130999999999999
2023-06-07 11:00:00,0.6126499999999998
2023-06-07 12:00:00,0.6117499999999999
2023-06-07 13:00:00,0.6143499999999998
2023-06-07 14:00:00,0.6105999999999998
2023-06-07 15:00:00,0.6098999999999999
2023-06-07 16:00:00,0.6087499999999999
2023-06-07 17:00:00,0.6090999999999999
2023-06-07 18:00:00,0.6091499999999999
2023-06-07 19:00:00,0.6092499999999998
2023-06-07 20:00:00,0.6086499999999998
2023-06-07 22:00:00,0.6086999999999999
2023-06-07 23:00:00,0.6090499999999999
2023-06-08 00:00:00,0.6101499999999999
2023-06-08 01:00:00,0.6095499999999998
2023-06-08 02:00:00,0.6101499999999999
2023-06-08 03:00:00,0.6099499999999999
2023-06-08 04:00:00,0.6097499999999999
2023-06-08 05:00:00,0.6146499999999998
2023-06-08 06:00:00,0.6101499999999999
2023-06-08 07:00:00,0.6123499999999998
2023-06-08 08:00:00,0.6124999999999998
2023-06-08 09:00:00,0.6122999999999998
2023-06-08 10:00:00,0.6112499999999998
2023-06-08 11:00:00,0.6113999999999998
2023-06-08 12:00:00,0.6128999999999999
2023-06-08 13:00:00,0.6140499999999999
2023-06-08 14:00:00,0.6139999999999999
2023-06-08 15:00:00,0.6144999999999998
2023-06-08 16:00:00,0.6144499999999998
2023-06-08 17:00:00,0.6143499999999998
2023-06-08 18:00:00,0.6145999999999998
2023-06-08 19:00:00,0.6146499999999998
2023-06-08 20:00:00,0.6144499999999998
2023-06-08 22:00:00,0.6146499999999998
2023-06-08 23:00:00,0.6146999999999998
2023-06-09 00:00:00,0.6145999999999998
2023-06-09 01:00:00,0.6139999999999999
2023-06-09 02:00:00,0.6141999999999999
2023-06-09 04:00:00,0.6137999999999999
2023-06-09 05:00:00,0.6145499999999998
2023-06-09 06:00:00,0.6149999999999999
2023-06-09 07:00:00,0.6153499999999998
2023-06-09 08:00:00,0.6144999999999998
2023-06-09 09:00:00,0.6140499999999999
2023-06-09 10:00:00,0.6147499999999999
2023-06-09 11:00:00,0.6166499999999998
2023-06-09 12:00:00,0.6177499999999999
2023-06-09 13:00:00,0.6176499999999998
2023-06-09 14:00:00,0.6178999999999999
2023-06-09 15:00:00,0.6176999999999998
2023-06-09 16:00:00,0.6177499999999999
2023-06-09 17:00:00,0.6176499999999998
2023-06-09 18:00:00,0.6174999999999998
2023-06-09 19:00:00,0.6175999999999998
2023-06-09 20:00:00,0.6182499999999999
2023-06-11 22:00:00,0.6176999999999998
2023-06-11 23:00:00,0.6180499999999999
2023-06-12 00:00:00,0.6175999999999998
2023-06-12 01:00:00,0.6167499999999999
2023-06-12 02:00:00,0.6164499999999998
2023-06-12 03:00:00,0.6171999999999999
2023-06-12 04:00:00,0.6166999999999998
2023-06-12 05:00:00,0.6169499999999999
2023-06-12 06:00:00,0.6177999999999999
2023-06-12 07:00:00,0.6183499999999998
2023-06-12 08:00:00,0.6195499999999998
2023-06-12 09:00:00,0.6196499999999998
2023-06-12 10:00:00,0.6192999999999999
2023-06-12 11:00:00,0.6185999999999998
2023-06-12 12:00:00,0.6183999999999998
2023-06-12 13:00:00,0.6164999999999998
2023-06-12 14:00:00,0.6163999999999998
2023-06-12 15:00:00,0.6164499999999998
2023-06-12 16:00:00,0.6160499999999999
2023-06-12 17:00:00,0.6167999999999999
2023-06-12 18:00:00,0.6168499999999999
2023-06-12 19:00:00,0.6168499999999999
2023-06-12 20:00:00,0.6171999999999999
2023-06-12 22:00:00,0.6173999999999998
2023-06-12 23:00:00,0.6177999999999999
2023-06-13 00:00:00,0.6169999999999999
2023-06-13 01:00:00,0.6169499999999999
2023-06-13 02:00:00,0.6160999999999999
2023-06-13 03:00:00,0.6178999999999999
2023-06-13 04:00:00,0.6179499999999999
2023-06-13 05:00:00,0.6192999999999999
2023-06-13 06:00:00,0.6187499999999998
2023-06-13 07:00:00,0.6196999999999998
2023-06-13 08:00:00,0.6196999999999998
2023-06-13 09:00:00,0.6187999999999999
2023-06-13 10:00:00,0.6191499999999999
2023-06-13 11:00:00,0.6194999999999998
2023-06-13 12:00:00,0.6217499999999998
2023-06-13 13:00:00,0.6197499999999998
2023-06-13 14:00:00,0.6206999999999998
2023-06-13 15:00:00,0.6196999999999998
2023-06-13 16:00:00,0.6208499999999999
2023-06-13 17:00:00,0.6192999999999999
2023-06-13 18:00:00,0.6192999999999999
2023-06-13 19:00:00,0.6194999999999998
2023-06-13 20:00:00,0.6199999999999999
2023-06-13 22:00:00,0.6204999999999998
2023-06-13 23:00:00,0.6209999999999999
2023-06-14 00:00:00,0.6203999999999998
2023-06-14 01:00:00,0.6213499999999998
2023-06-14 02:00:00,0.6211999999999999
2023-06-14 03:00:00,0.6213499999999998
2023-06-14 04:00:00,0.6200999999999999
2023-06-14 05:00:00,0.6194499999999998
2023-06-14 06:00:00,0.6195499999999998
2023-06-14 07:00:00,0.6212499999999999
2023-06-14 08:00:00,0.6216999999999998
2023-06-14 09:00:00,0.6225499999999998
2023-06-14 10:00:00,0.6225999999999998
2023-06-14 11:00:00,0.6224499999999998
2023-06-14 12:00:00,0.6250499999999999
2023-06-14 13:00:00,0.6258999999999999
2023-06-14 14:00:00,0.6278499999999999
2023-06-14 15:00:00,0.6283999999999998
2023-06-14 16:00:00,0.6280499999999999
2023-06-14 17:00:00,0.6272999999999999
2023-06-14 18:00:00,0.6266499999999998
2023-06-14 19:00:00,0.6267499999999998
2023-06-14 20:00:00,0.6255499999999998
2023-06-14 22:00:00,0.6243999999999998
2023-06-14 23:00:00,0.6246999999999998
2023-06-15 00:00:00,0.6242999999999999
2023-06-15 01:00:00,0.6215499999999998
2023-06-15 02:00:00,0.6218499999999999
2023-06-15 03:00:00,0.6229999999999999
2023-06-15 04:00:00,0.6230499999999999
2023-06-15 05:00:00,0.6245499999999998
2023-06-15 06:00:00,0.6224999999999998
2023-06-15 07:00:00,0.6230499999999999
2023-06-15 08:00:00,0.6225499999999998
2023-06-15 09:00:00,0.6235499999999998
2023-06-15 10:00:00,0.6229499999999999
2023-06-15 11:00:00,0.6213499999999998
2023-06-15 12:00:00,0.6222499999999999
2023-06-15 13:00:00,0.6264999999999998
2023-06-15 14:00:00,0.6266499999999998
2023-06-15 15:00:00,0.6275999999999998
2023-06-15 16:00:00,0.6280499999999999
2023-06-15 17:00:00,0.6283999999999998
2023-06-15 18:00:00,0.6292499999999999
2023-06-15 19:00:00,0.6291499999999999
2023-06-15 20:00:00,0.6285499999999998
2023-06-15 22:00:00,0.6283499999999999
2023-06-15 23:00:00,0.6284499999999998
2023-06-16 00:00:00,0.6289999999999999
2023-06-16 01:00:00,0.6289499999999999
2023-06-16 02:00:00,0.6277499999999998
2023-06-16 03:00:00,0.6278999999999999
2023-06-16 04:00:00,0.6280999999999999
2023-06-16 05:00:00,0.6286999999999998
2023-06-16 06:00:00,0.6285999999999998
2023-06-16 07:00:00,0.6278499999999999
2023-06-16 08:00:00,0.6287499999999998
2023-06-16 09:00:00,0.6280499999999999
2023-06-16 10:00:00,0.6277999999999998
2023-06-16 11:00:00,0.6279999999999999
2023-06-16 12:00:00,0.6277999999999998
2023-06-16 13:00:00,0.6274999999999998
2023-06-16 14:00:00,0.6274999999999998
2023-06-16 15:00:00,0.6271499999999999
2023-06-16 16:00:00,0.6272999999999999
2023-06-16 17:00:00,0.6276999999999998
2023-06-16 18:00:00,0.6283499999999999
2023-06-16 19:00:00,0.6277999999999998
2023-06-16 20:00:00,0.6292999999999999
2023-06-18 22:00:00,0.6283499999999999
2023-06-18 23:00:00,0.6279999999999999
2023-06-19 00:00:00,0.6265999999999998
2023-06-19 01:00:00,0.6268999999999999
2023-06-19 02:00:00,0.6271499999999999
2023-06-19 03:00:00,0.6257999999999998
2023-06-19 04:00:00,0.6261499999999999
2023-06-19 05:00:00,0.6270999999999999
2023-06-19 06:00:00,0.6271999999999999
2023-06-19 07:00:00,0.6277499999999998
2023-06-19 08:00:00,0.6277499999999998
2023-06-19 09:00:00,0.6259499999999999
2023-06-19 10:00:00,0.6249499999999999
2023-06-19 11:00:00,0.6245499999999998
2023-06-19 12:00:00,0.6253499999999999
2023-06-19 13:00:00,0.6253999999999998
2023-06-19 14:00:00,0.6252499999999999
2023-06-19 15:00:00,0.6254999999999998
2023-06-19 16:00:00,0.6250999999999999
2023-06-19 17:00:00,0.6249499999999999
2023-06-19 18:00:00,0.6251499999999999
2023-06-19 19:00:00,0.6250499999999999
2023-06-19 20:00:00,0.6250499999999999
2023-06-19 22:00:00,0.6251999999999999
2023-06-19 23:00:00,0.6251499999999999
2023-06-20 00:00:00,0.6252499999999999
2023-06-20 01:00:00,0.6235499999999998
2023-06-20 02:00:00,0.6235499999999998
2023-06-20 03:00:00,0.6232499999999999
2023-06-20 04:00:00,0.6223499999999998
2023-06-20 05:00:00,0.6212999999999999
2023-06-20 06:00:00,0.6223999999999998
2023-06-20 07:00:00,0.6244499999999998
2023-06-20 08:00:00,0.6237999999999999
2023-06-20 09:00:00,0.6226999999999998
2023-06-20 10:00:00,0.6229499999999999
2023-06-20 11:00:00,0.6223999999999998
2023-06-20 12:00:00,0.6208999999999999
2023-06-20 13:00:00,0.6202499999999999
2023-06-20 14:00:00,0.6199499999999999
2023-06-20 15:00:00,0.6198499999999999
2023-06-20 16:00:00,0.6209499999999999
2023-06-20 17:00:00,0.6209499999999999
2023-06-20 18:00:00,0.6211999999999999
2023-06-20 19:00:00,0.6214999999999998
2023-06-20 20:00:00,0.6218999999999999
2023-06-20 22:00:00,0.6217499999999998
2023-06-20 23:00:00,0.6217499999999998
2023-06-21 00:00:00,0.6215999999999998
2023-06-21 01:00:00,0.6219999999999999
2023-06-21 02:00:00,0.6216999999999998
2023-06-21 03:00:00,0.6221999999999999
2023-06-21 04:00:00,0.6233999999999998
2023-06-21 05:00:00,0.6262499999999999
2023-06-21 06:00:00,0.6213999999999998
2023-06-21 07:00:00,0.6215499999999998
2023-06-21 08:00:00,0.6212999999999999
2023-06-21 09:00:00,0.6218499999999999
2023-06-21 10:00:00,0.6220499999999999
2023-06-21 11:00:00,0.6222999999999999
2023-06-21 12:00:00,0.6221999999999999
2023-06-21 13:00:00,0.6223499999999998
2023-06-21 14:00:00,0.6238499999999999
2023-06-21 15:00:00,0.6238499999999999
2023-06-21 16:00:00,0.6252999999999999
2023-06-21 17:00:00,0.6256999999999998
2023-06-21 18:00:00,0.6260999999999999
2023-06-21 19:00:00,0.6256999999999998
2023-06-21 20:00:00,0.6253999999999998
2023-06-21 22:00:00,0.6256999999999998
2023-06-21 23:00:00,0.6257499999999998
2023-06-22 00:00:00,0.6259999999999999
2023-06-22 01:00:00,0.6268999999999999
2023-06-22 02:00:00,0.6261499999999999
2023-06-22 03:00:00,0.6257999999999998
2023-06-22 04:00:00,0.6241499999999999
2023-06-22 05:00:00,0.6227999999999999
2023-06-22 06:00:00,0.6240499999999999
2023-06-22 07:00:00,0.6257499999999998
2023-06-22 08:00:00,0.6258999999999999
2023-06-22 09:00:00,0.6268999999999999
2023-06-22 10:00:00,0.6267499999999998
2023-06-22 11:00:00,0.6261999999999999
2023-06-22 12:00:00,0.6251499999999999
2023-06-22 13:00:00,0.6249999999999999
2023-06-22 14:00:00,0.6245999999999998
2023-06-22 15:00:00,0.6236999999999998
2023-06-22 16:00:00,0.6232499999999999
2023-06-22 17:00:00,0.6229999999999999
2023-06-22 18:00:00,0.6227499999999998
2023-06-22 19:00:00,0.6230499999999999
2023-06-22 20:00:00,0.6227999999999999
2023-06-22 22:00:00,0.6230999999999999
2023-06-22 23:00:00,0.6232499999999999
2023-06-23 00:00:00,0.6239999999999999
2023-06-23 01:00:00,0.6219999999999999
2023-06-23 02:00:00,0.6203999999999998
2023-06-23 03:00:00,0.6199499999999999
2023-06-23 04:00:00,0.6193499999999998
2023-06-23 05:00:00,0.6188499999999999
2023-06-23 06:00:00,0.6194999999999998
2023-06-23 07:00:00,0.6190999999999999
2023-06-23 08:00:00,0.6181999999999999
2023-06-23 09:00:00,0.6186999999999998
2023-06-23 10:00:00,0.6183499999999998
2023-06-23 11:00:00,0.6177999999999999
2023-06-23 12:00:00,0.6179999999999999
2023-06-23 13:00:00,0.6181999999999999
2023-06-23 14:00:00,0.6184999999999998
2023-06-23 15:00:00,0.6197499999999998
2023-06-23 16:00:00,0.6192499999999999
2023-06-23 17:00:00,0.6193999999999998
2023-06-23 18:00:00,0.6191499999999999
2023-06-23 19:00:00,0.6190499999999999
2023-06-23 20:00:00,0.6191499999999999
2023-06-25 22:00:00,0.6202999999999999
2023-06-25 23:00:00,0.6199499999999999
2023-06-26 00:00:00,0.6209499999999999
2023-06-26 01:00:00,0.6213499999999998
2023-06-26 02:00:00,0.6218499999999999
2023-06-26 03:00:00,0.6222999999999999
2023-06-26 04:00:00,0.6219999999999999
2023-06-26 05:00:00,0.6224999999999998
2023-06-26 06:00:00,0.6198499999999999
2023-06-26 07:00:00,0.6209999999999999
2023-06-26 08:00:00,0.6213499999999998
2023-06-26 09:00:00,0.6209999999999999
2023-06-26 10:00:00,0.6218499999999999
2023-06-26 11:00:00,0.6226999999999998
2023-06-26 12:00:00,0.6222499999999999
2023-06-26 13:00:00,0.6209499999999999
2023-06-26 14:00:00,0.6212499999999999
2023-06-26 15:00:00,0.6219499999999999
2023-06-26 16:00:00,0.6222999999999999
2023-06-26 17:00:00,0.6221499999999999
2023-06-26 18:00:00,0.6225499999999998
2023-06-26 19:00:00,0.6226999999999998
2023-06-26 20:00:00,0.6215499999999998
2023-06-26 22:00:00,0.6217499999999998
2023-06-26 23:00:00,0.6214499999999998
2023-06-27 00:00:00,0.6209499999999999
2023-06-27 01:00:00,0.6228999999999999
2023-06-27 02:00:00,0.6236499999999998
2023-06-27 03:00:00,0.6229999999999999
2023-06-27 04:00:00,0.6238499999999999
2023-06-27 05:00:00,0.6236499999999998
2023-06-27 06:00:00,0.6246499999999998
2023-06-27 07:00:00,0.6243499999999998
2023-06-27 08:00:00,0.6227999999999999
2023-06-27 09:00:00,0.6226499999999998
2023-06-27 10:00:00,0.6224499999999998
2023-06-27 11:00:00,0.6220999999999999
2023-06-27 12:00:00,0.6232999999999999
2023-06-27 13:00:00,0.6240499999999999
2023-06-27 14:00:00,0.6225999999999998
2023-06-27 15:00:00,0.6217499999999998
2023-06-27 16:00:00,0.6221499999999999
2023-06-27 17:00:00,0.6223999999999998
2023-06-27 18:00:00,0.6219499999999999
2023-06-27 19:00:00,0.6218999999999999
2023-06-27 20:00:00,0.6213499999999998
2023-06-27 22:00:00,0.6211499999999999
2023-06-27 23:00:00,0.6208499999999999
2023-06-28 00:00:00,0.6202499999999999
2023-06-28 01:00:00,0.6175999999999998
2023-06-28 02:00:00,0.6170999999999999
2023-06-28 03:00:00,0.6172499999999999
2023-06-28 04:00:00,0.6168499999999999
2023-06-28 05:00:00,0.6163499999999998
2023-06-28 06:00:00,0.6151999999999999
2023-06-28 07:00:00,0.6152499999999999
2023-06-28 08:00:00,0.6140999999999999
2023-06-28 09:00:00,0.6141499999999999
2023-06-28 10:00:00,0.6138999999999999
2023-06-28 11:00:00,0.6132499999999999
2023-06-28 12:00:00,0.6121999999999999
2023-06-28 13:00:00,0.6130999999999999
2023-06-28 14:00:00,0.6130499999999999
2023-06-28 15:00:00,0.6138499999999999
2023-06-28 16:00:00,0.6137999999999999
2023-06-28 17:00:00,0.6135499999999998
2023-06-28 18:00:00,0.6132999999999998
2023-06-28 19:00:00,0.6129999999999999
2023-06-28 20:00:00,0.6125499999999998
2023-06-28 22:00:00,0.6121999999999999
2023-06-28 23:00:00,0.6124999999999998
2023-06-29 00:00:00,0.6127499999999999
2023-06-29 01:00:00,0.6134999999999998
2023-06-29 02:00:00,0.6124999999999998
2023-06-29 03:00:00,0.6130499999999999
2023-06-29 04:00:00,0.6129999999999999
2023-06-29 05:00:00,0.6114999999999998
2023-06-29 06:00:00,0.6126999999999998
2023-06-29 07:00:00,0.6134999999999998
2023-06-29 08:00:00,0.6131999999999999
2023-06-29 09:00:00,0.6127999999999999
2023-06-29 10:00:00,0.6144999999999998
2023-06-29 11:00:00,0.6147999999999999
2023-06-29 12:00:00,0.6119499999999999
2023-06-29 13:00:00,0.6106499999999998
2023-06-29 14:00:00,0.6125999999999998
2023-06-29 15:00:00,0.6123499999999998
2023-06-29 16:00:00,0.6119499999999999
2023-06-29 17:00:00,0.6113499999999998
2023-06-29 18:00:00,0.6114499999999998
2023-06-29 19:00:00,0.6116499999999998
2023-06-29 20:00:00,0.6120999999999999
2023-06-29 22:00:00,0.6118999999999999
2023-06-29 23:00:00,0.6115999999999998
2023-06-30 00:00:00,0.6118499999999999
2023-06-30 01:00:00,0.6125999999999998
2023-06-30 02:00:00,0.6132999999999998
2023-06-30 03:00:00,0.6138999999999999
2023-06-30 04:00:00,0.6141999999999999
2023-06-30 05:00:00,0.6142999999999998
2023-06-30 06:00:00,0.6136499999999998
2023-06-30 07:00:00,0.6139499999999999
2023-06-30 08:00:00,0.6130499999999999
2023-06-30 09:00:00,0.6132999999999998
2023-06-30 10:00:00,0.6134999999999998
2023-06-30 11:00:00,0.6128999999999999
2023-06-30 12:00:00,0.6156999999999998
2023-06-30 13:00:00,0.6167999999999999
2023-06-30 14:00:00,0.6178499999999999
2023-06-30 15:00:00,0.6182999999999998
2023-06-30 16:00:00,0.6190499999999999
2023-06-30 17:00:00,0.6188999999999999
2023-06-30 18:00:00,0.6189999999999999
2023-06-30 19:00:00,0.6190999999999999
2023-06-30 20:00:00,0.6189499999999999
2023-07-02 22:00:00,0.6186499999999998
2023-07-02 23:00:00,0.6182499999999999
2023-07-03 00:00:00,0.6179499999999999
2023-07-03 01:00:00,0.6188999999999999
2023-07-03 02:00:00,0.6184499999999998
2023-07-03 03:00:00,0.6200999999999999
2023-07-03 04:00:00,0.6207499999999998
2023-07-03 05:00:00,0.6201999999999999
2023-07-03 06:00:00,0.6195499999999998
2023-07-03 07:00:00,0.6184499999999998
2023-07-03 08:00:00,0.6197999999999999
2023-07-03 09:00:00,0.6191999999999999
2023-07-03 10:00:00,0.6196499999999998
2023-07-03 11:00:00,0.6188999999999999
2023-07-03 12:00:00,0.6200499999999999
2023-07-03 13:00:00,0.6204999999999998
2023-07-03 14:00:00,0.6211999999999999
2023-07-03 15:00:00,0.6204499999999998
2023-07-03 16:00:00,0.6199499999999999
2023-07-03 17:00:00,0.6198999999999999
2023-07-03 18:00:00,0.6200999999999999
2023-07-03 19:00:00,0.6200999999999999
2023-07-03 20:00:00,0.6205499999999998
2023-07-03 22:00:00,0.6203499999999998
2023-07-03 23:00:00,0.6207499999999998
2023-07-04 00:00:00,0.6210499999999999
2023-07-04 01:00:00,0.6211999999999999
2023-07-04 02:00:00,0.6205499999999998
2023-07-04 03:00:00,0.6208999999999999
2023-07-04 04:00:00,0.6195999999999998
2023-07-04 05:00:00,0.6200499999999999
2023-07-04 06:00:00,0.6219499999999999
2023-07-04 07:00:00,0.6221999999999999
2023-07-04 08:00:00,0.6227499999999998
2023-07-04 09:00:00,0.6235499999999998
2023-07-04 10:00:00,0.6235499999999998
2023-07-04 11:00:00,0.6239999999999999
2023-07-04 12:00:00,0.6248499999999999
2023-07-04 13:00:00,0.6251499999999999
2023-07-04 14:00:00,0.6252999999999999
2023-07-04 15:00:00,0.6251999999999999
2023-07-04 16:00:00,0.6245499999999998
2023-07-04 17:00:00,0.6245499999999998
2023-07-04 18:00:00,0.6246999999999998
2023-07-04 19:00:00,0.6246499999999998
2023-07-04 20:00:00,0.6241999999999999
2023-07-04 22:00:00,0.6244999999999998
2023-07-04 23:00:00,0.6248499999999999
2023-07-05 00:00:00,0.6251499999999999
2023-07-05 01:00:00,0.6243999999999998
2023-07-05 02:00:00,0.6248999999999999
2023-07-05 03:00:00,0.6245999999999998
2023-07-05 04:00:00,0.6246999999999998
2023-07-05 05:00:00,0.6232499999999999
2023-07-05 06:00:00,0.6244999999999998
2023-07-05 07:00:00,0.6247499999999998
2023-07-05 08:00:00,0.6241499999999999
2023-07-05 09:00:00,0.6245499999999998
2023-07-05 10:00:00,0.6232999999999999
2023-07-05 11:00:00,0.6237999999999999
2023-07-05 12:00:00,0.6242499999999999
2023-07-05 13:00:00,0.6247499999999998
2023-07-05 14:00:00,0.6240999999999999
2023-07-05 15:00:00,0.6234499999999998
2023-07-05 16:00:00,0.6235499999999998
2023-07-05 17:00:00,0.6238999999999999
2023-07-05 18:00:00,0.6232499999999999
2023-07-05 19:00:00,0.6233499999999998
2023-07-05 20:00:00,0.6229499999999999
2023-07-05 22:00:00,0.6225999999999998
2023-07-05 23:00:00,0.6228999999999999
2023-07-06 00:00:00,0.6233499999999998
2023-07-06 01:00:00,0.6235999999999998
2023-07-06 02:00:00,0.6239999999999999
2023-07-06 03:00:00,0.6227499999999998
2023-07-06 04:00:00,0.6234499999999998
2023-07-06 05:00:00,0.6238499999999999
2023-07-06 06:00:00,0.6259999999999999
2023-07-06 07:00:00,0.6250999999999999
2023-07-06 08:00:00,0.6246999999999998
2023-07-06 09:00:00,0.6242499999999999
2023-07-06 10:00:00,0.6264499999999998
2023-07-06 11:00:00,0.6269999999999999
2023-07-06 12:00:00,0.6222499999999999
2023-07-06 13:00:00,0.6217499999999998
2023-07-06 14:00:00,0.6198499999999999
2023-07-06 15:00:00,0.6201499999999999
2023-07-06 16:00:00,0.6203999999999998
2023-07-06 17:00:00,0.6207999999999999
2023-07-06 18:00:00,0.6210499999999999
2023-07-06 19:00:00,0.6209999999999999
2023-07-06 20:00:00,0.6207999999999999
2023-07-06 22:00:00,0.6216499999999998
2023-07-06 23:00:00,0.6213499999999998
2023-07-07 00:00:00,0.6210999999999999
2023-07-07 01:00:00,0.6215999999999998
2023-07-07 02:00:00,0.6211499999999999
2023-07-07 03:00:00,0.6219499999999999
2023-07-07 04:00:00,0.6223999999999998
2023-07-07 05:00:00,0.6264999999999998
2023-07-07 06:00:00,0.6217999999999999
2023-07-07 07:00:00,0.6225999999999998
2023-07-07 08:00:00,0.6234499999999998
2023-07-07 09:00:00,0.6228999999999999
2023-07-07 10:00:00,0.6230999999999999
2023-07-07 11:00:00,0.6224499999999998
2023-07-07 12:00:00,0.6222499999999999
2023-07-07 13:00:00,0.6244999999999998
2023-07-07 14:00:00,0.6255999999999998
2023-07-07 15:00:00,0.6258999999999999
2023-07-07 16:00:00,0.6271499999999999
2023-07-07 17:00:00,0.6266999999999998
2023-07-07 18:00:00,0.6264499999999998
2023-07-07 19:00:00,0.6263499999999999
2023-07-07 20:00:00,0.6263999999999998
2023-07-09 22:00:00,0.6255999999999998
2023-07-09 23:00:00,0.6257499999999998
2023-07-10 00:00:00,0.6251499999999999
2023-07-10 01:00:00,0.6253999999999998
2023-07-10 02:00:00,0.6248499999999999
2023-07-10 03:00:00,0.6236499999999998
2023-07-10 04:00:00,0.6233499999999998
2023-07-10 05:00:00,0.6267499999999998
2023-07-10 06:00:00,0.6231999999999999
2023-07-10 07:00:00,0.6238999999999999
2023-07-10 08:00:00,0.6238999999999999
2023-07-10 09:00:00,0.6234499999999998
2023-07-10 10:00:00,0.6235499999999998
2023-07-10 11:00:00,0.6237999999999999
2023-07-10 12:00:00,0.6221499999999999
2023-07-10 13:00:00,0.6246499999999998
2023-07-10 14:00:00,0.6245999999999998
2023-07-10 15:00:00,0.6257999999999998
2023-07-10 16:00:00,0.6263499999999999
2023-07-10 17:00:00,0.6268999999999999
2023-07-10 18:00:00,0.6266999999999998
2023-07-10 19:00:00,0.6267499999999998
2023-07-10 20:00:00,0.6260999999999999
2023-07-10 22:00:00,0.6261499999999999
2023-07-10 23:00:00,0.6257999999999998
2023-07-11 00:00:00,0.6269499999999999
2023-07-11 01:00:00,0.6267499999999998
2023-07-11 02:00:00,0.6275499999999998
2023-07-11 03:00:00,0.6269999999999999
2023-07-11 04:00:00,0.6266499999999998
2023-07-11 05:00:00,0.6246999999999998
2023-07-11 06:00:00,0.6264499999999998
2023-07-11 07:00:00,0.6244999999999998
2023-07-11 08:00:00,0.6236999999999998
2023-07-11 09:00:00,0.6239499999999999
2023-07-11 10:00:00,0.6235499999999998
2023-07-11 11:00:00,0.6234999999999998
2023-07-11 12:00:00,0.6228499999999999
2023-07-11 13:00:00,0.6223999999999998
2023-07-11 14:00:00,0.6233999999999998
2023-07-11 15:00:00,0.6231499999999999
2023-07-11 16:00:00,0.6240499999999999
2023-07-11 17:00:00,0.6240999999999999
2023-07-11 18:00:00,0.6247999999999998
2023-07-11 19:00:00,0.6247999999999998
2023-07-11 20:00:00,0.6251999999999999
2023-07-11 22:00:00,0.6247499999999998
2023-07-11 23:00:00,0.6251999999999999
2023-07-12 00:00:00,0.6269499999999999
2023-07-12 01:00:00,0.6272499999999999
2023-07-12 02:00:00,0.6287499999999998
2023-07-12 03:00:00,0.6277999999999998
2023-07-12 04:00:00,0.6281499999999999
2023-07-12 05:00:00,0.6358499999999998
2023-07-12 06:00:00,0.6266999999999998
2023-07-12 07:00:00,0.6257999999999998
2023-07-12 08:00:00,0.6251499999999999
2023-07-12 09:00:00,0.6250999999999999
2023-07-12 10:00:00,0.6240999999999999
2023-07-12 11:00:00,0.6237999999999999
2023-07-12 12:00:00,0.6279999999999999
2023-07-12 13:00:00,0.6326999999999998
2023-07-12 14:00:00,0.6346499999999998
2023-07-12 15:00:00,0.6343999999999999
2023-07-12 16:00:00,0.6353499999999999
2023-07-12 17:00:00,0.6352999999999999
2023-07-12 18:00:00,0.6357499999999998
2023-07-12 19:00:00,0.6359499999999999
2023-07-12 20:00:00,0.6351499999999999
2023-07-12 22:00:00,0.6349999999999999
2023-07-12 23:00:00,0.6357499999999998
2023-07-13 00:00:00,0.6358999999999999
2023-07-13 01:00:00,0.6368999999999998
2023-07-13 02:00:00,0.6377999999999998
2023-07-13 03:00:00,0.6383499999999999
2023-07-13 04:00:00,0.6383499999999999
2023-07-13 05:00:00,0.6445499999999998
2023-07-13 06:00:00,0.6401999999999999
2023-07-13 07:00:00,0.6404499999999999
2023-07-13 08:00:00,0.6407499999999998
2023-07-13 09:00:00,0.6407499999999998
2023-07-13 10:00:00,0.6409499999999999
2023-07-13 11:00:00,0.6409499999999999
2023-07-13 12:00:00,0.6418999999999998
2023-07-13 13:00:00,0.6445999999999998
2023-07-13 14:00:00,0.6439499999999998
2023-07-13 15:00:00,0.6422999999999999
2023-07-13 16:00:00,0.6434499999999999
2023-07-13 17:00:00,0.6441499999999999
2023-07-13 18:00:00,0.6445499999999998
2023-07-13 19:00:00,0.6443499999999999
2023-07-13 20:00:00,0.6445499999999998
2023-07-13 22:00:00,0.6445999999999998
2023-07-13 23:00:00,0.6444499999999999
2023-07-14 00:00:00,0.6439499999999998
2023-07-14 01:00:00,0.6451499999999999
2023-07-14 02:00:00,0.6454999999999999
2023-07-14 03:00:00,0.6461999999999999
2023-07-14 04:00:00,0.6455499999999998
2023-07-14 05:00:00,0.6426999999999998
2023-07-14 06:00:00,0.6425999999999998
2023-07-14 07:00:00,0.6433999999999999
2023-07-14 08:00:00,0.6426999999999998
2023-07-14 09:00:00,0.6427999999999998
2023-07-14 10:00:00,0.6430999999999999
2023-07-14 11:00:00,0.6434499999999999
2023-07-14 12:00:00,0.6434499999999999
2023-07-14 13:00:00,0.6441999999999999
2023-07-14 14:00:00,0.6432999999999999
2023-07-14 15:00:00,0.6426499999999998
2023-07-14 16:00:00,0.6428999999999998
2023-07-14 17:00:00,0.6430999999999999
2023-07-14 18:00:00,0.6426999999999998
2023-07-14 19:00:00,0.6424999999999998
2023-07-14 20:00:00,0.6423999999999999
2023-07-16 22:00:00,0.6415999999999998
2023-07-16 23:00:00,0.6417499999999998
2023-07-17 00:00:00,0.6408999999999998
2023-07-17 01:00:00,0.6405499999999998
2023-07-17 02:00:00,0.6410999999999999
2023-07-17 03:00:00,0.6399999999999999
2023-07-17 04:00:00,0.6404999999999998
2023-07-17 05:00:00,0.6387499999999998
2023-07-17 06:00:00,0.6399499999999999
2023-07-17 07:00:00,0.6397999999999998
2023-07-17 08:00:00,0.6396499999999998
2023-07-17 09:00:00,0.6386999999999998
2023-07-17 10:00:00,0.6390499999999999
2023-07-17 11:00:00,0.6391999999999999
2023-07-17 12:00:00,0.6381999999999999
2023-07-17 13:00:00,0.6375499999999998
2023-07-17 14:00:00,0.6383999999999999
2023-07-17 15:00:00,0.6385499999999998
2023-07-17 16:00:00,0.6386999999999998
2023-07-17 17:00:00,0.6388499999999998
2023-07-17 18:00:00,0.6387499999999998
2023-07-17 19:00:00,0.6387999999999998
2023-07-17 20:00:00,0.6375999999999998
2023-07-17 22:00:00,0.6375999999999998
2023-07-17 23:00:00,0.6373999999999999
2023-07-18 00:00:00,0.6376999999999998
2023-07-18 01:00:00,0.6379499999999999
2023-07-18 02:00:00,0.6390999999999999
2023-07-18 03:00:00,0.6391499999999999
2023-07-18 04:00:00,0.6389499999999999
2023-07-18 05:00:00,0.6333499999999999
2023-07-18 06:00:00,0.6370499999999999
2023-07-18 07:00:00,0.6358499999999998
2023-07-18 08:00:00,0.6346499999999998
2023-07-18 09:00:00,0.6352499999999999
2023-07-18 10:00:00,0.6347999999999998
2023-07-18 11:00:00,0.6333999999999999
2023-07-18 12:00:00,0.6325499999999998
2023-07-18 13:00:00,0.6334499999999998
2023-07-18 14:00:00,0.6348499999999998
2023-07-18 15:00:00,0.6341999999999999
2023-07-18 16:00:00,0.6327999999999998
2023-07-18 17:00:00,0.6328499999999998
2023-07-18 18:00:00,0.6334499999999998
2023-07-18 19:00:00,0.6329999999999999
2023-07-18 20:00:00,0.6323999999999999
2023-07-18 22:00:00,0.6361499999999999
2023-07-18 23:00:00,0.6346499999999998
2023-07-19 00:00:00,0.6344999999999998
2023-07-19 01:00:00,0.6336499999999998
2023-07-19 02:00:00,0.6316999999999998
2023-07-19 03:00:00,0.6315999999999998
2023-07-19 04:00:00,0.6313499999999999
2023-07-19 05:00:00,0.6309499999999999
2023-07-19 06:00:00,0.6291499999999999
2023-07-19 07:00:00,0.6313499999999999
2023-07-19 08:00:00,0.6297499999999998
2023-07-19 09:00:00,0.6295499999999998
2023-07-19 10:00:00,0.6291499999999999
2023-07-19 11:00:00,0.6298999999999999
2023-07-19 12:00:00,0.6303999999999998
2023-07-19 13:00:00,0.6303499999999999
2023-07-19 14:00:00,0.6293999999999998
2023-07-19 15:00:00,0.6293499999999999
2023-07-19 16:00:00,0.6303499999999999
2023-07-19 17:00:00,0.6306999999999998
2023-07-19 18:00:00,0.6308999999999999
2023-07-19 19:00:00,0.6312499999999999
2023-07-19 20:00:00,0.6315999999999998
2023-07-19 22:00:00,0.6311999999999999
2023-07-19 23:00:00,0.6314999999999998
2023-07-20 00:00:00,0.6320499999999999
2023-07-20 01:00:00,0.6350499999999999
2023-07-20 02:00:00,0.6356499999999998
2023-07-20 03:00:00,0.6357499999999998
2023-07-20 04:00:00,0.6356499999999998
2023-07-20 05:00:00,0.6277999999999998
2023-07-20 06:00:00,0.6335499999999998
2023-07-20 07:00:00,0.6327999999999998
2023-07-20 08:00:00,0.6338499999999998
2023-07-20 09:00:00,0.6341999999999999
2023-07-20 10:00:00,0.6338499999999998
2023-07-20 11:00:00,0.6328499999999998
2023-07-20 12:00:00,0.6309499999999999
2023-07-20 13:00:00,0.6308499999999998
2023-07-20 14:00:00,0.6284499999999998
2023-07-20 15:00:00,0.6276499999999998
2023-07-20 16:00:00,0.6271499999999999
2023-07-20 17:00:00,0.6280999999999999
2023-07-20 18:00:00,0.6278499999999999
2023-07-20 19:00:00,0.6276999999999998
2023-07-20 20:00:00,0.6287499999999998
2023-07-20 22:00:00,0.6285499999999998
2023-07-20 23:00:00,0.6283499999999999
2023-07-21 00:00:00,0.6278999999999999
2023-07-21 01:00:00,0.6273999999999998
2023-07-21 02:00:00,0.6280499999999999
2023-07-21 03:00:00,0.6278499999999999
2023-07-21 04:00:00,0.6276999999999998
2023-07-21 05:00:00,0.6225499999999998
2023-07-21 06:00:00,0.6284999999999998
2023-07-21 07:00:00,0.6260999999999999
2023-07-21 08:00:00,0.6244499999999998
2023-07-21 09:00:00,0.6250999999999999
2023-07-21 10:00:00,0.6246999999999998
2023-07-21 11:00:00,0.6237999999999999
2023-07-21 12:00:00,0.6240499999999999
2023-07-21 13:00:00,0.6233499999999998
2023-07-21 14:00:00,0.6227499999999998
2023-07-21 15:00:00,0.6228499999999999
2023-07-21 16:00:00,0.6231999999999999
2023-07-21 17:00:00,0.6229999999999999
2023-07-21 18:00:00,0.6226499999999998
2023-07-21 19:00:00,0.6223499999999998
2023-07-21 20:00:00,0.6216999999999998
2023-07-23 22:00:00,0.6220499999999999
2023-07-23 23:00:00,0.6220499999999999
2023-07-24 00:00:00,0.6225999999999998
2023-07-24 01:00:00,0.6213999999999998
2023-07-24 02:00:00,0.6223499999999998
2023-07-24 03:00:00,0.6222999999999999
2023-07-24 04:00:00,0.6223499999999998
2023-07-24 05:00:00,0.6254499999999998
2023-07-24 06:00:00,0.6235999999999998
2023-07-24 07:00:00,0.6248999999999999
2023-07-24 08:00:00,0.6244999999999998
2023-07-24 09:00:00,0.6251999999999999
2023-07-24 10:00:00,0.6252999999999999
2023-07-24 11:00:00,0.6255999999999998
2023-07-24 12:00:00,0.6253999999999998
2023-07-24 13:00:00,0.6250999999999999
2023-07-24 14:00:00,0.6258999999999999
2023-07-24 15:00:00,0.6261499999999999
2023-07-24 16:00:00,0.6256999999999998
2023-07-24 17:00:00,0.6254499999999998
2023-07-24 18:00:00,0.6253499999999999
2023-07-24 19:00:00,0.6256999999999998
2023-07-24 20:00:00,0.6257999999999998
2023-07-24 22:00:00,0.6257499999999998
2023-07-24 23:00:00,0.6252499999999999
2023-07-25 00:00:00,0.6247499999999998
2023-07-25 01:00:00,0.6266999999999998
2023-07-25 02:00:00,0.6272999999999999
2023-07-25 03:00:00,0.6268999999999999
2023-07-25 04:00:00,0.6262999999999999
2023-07-25 05:00:00,0.6269499999999999
2023-07-25 06:00:00,0.6267499999999998
2023-07-25 07:00:00,0.6263499999999999
2023-07-25 08:00:00,0.6271999999999999
2023-07-25 09:00:00,0.6257499999999998
2023-07-25 10:00:00,0.6258499999999999
2023-07-25 11:00:00,0.6260499999999999
2023-07-25 12:00:00,0.6279499999999999
2023-07-25 13:00:00,0.6263999999999998
2023-07-25 14:00:00,0.6268999999999999
2023-07-25 15:00:00,0.6276999999999998
2023-07-25 16:00:00,0.6269999999999999
2023-07-25 17:00:00,0.6273999999999998
2023-07-25 18:00:00,0.6280499999999999
2023-07-25 19:00:00,0.6281499999999999
2023-07-25 20:00:00,0.6276499999999998
2023-07-25 22:00:00,0.6273499999999999
2023-07-25 23:00:00,0.6268999999999999
2023-07-26 00:00:00,0.6267499999999998
2023-07-26 01:00:00,0.6254999999999998
2023-07-26 02:00:00,0.6263999999999998
2023-07-26 03:00:00,0.6265999999999998
2023-07-26 04:00:00,0.6268999999999999
2023-07-26 05:00:00,0.6274499999999998
2023-07-26 06:00:00,0.6278499999999999
2023-07-26 07:00:00,0.6274499999999998
2023-07-26 08:00:00,0.6273999999999998
2023-07-26 09:00:00,0.6275999999999998
2023-07-26 10:00:00,0.6273499999999999
2023-07-26 11:00:00,0.6262999999999999
2023-07-26 12:00:00,0.6259499999999999
2023-07-26 13:00:00,0.6262999999999999
2023-07-26 14:00:00,0.6263499999999999
2023-07-26 15:00:00,0.6261999999999999
2023-07-26 16:00:00,0.6256999999999998
2023-07-26 17:00:00,0.6250499999999999
2023-07-26 18:00:00,0.6287499999999998
2023-07-26 19:00:00,0.6283499999999999
2023-07-26 20:00:00,0.6261999999999999
2023-07-26 22:00:00,0.6262999999999999
2023-07-26 23:00:00,0.6264499999999998
2023-07-27 00:00:00,0.6282999999999999
2023-07-27 01:00:00,0.6296999999999998
2023-07-27 02:00:00,0.6306499999999998
2023-07-27 03:00:00,0.6310999999999999
2023-07-27 04:00:00,0.6308999999999999
2023-07-27 05:00:00,0.6231499999999999
2023-07-27 06:00:00,0.6299999999999999
2023-07-27 07:00:00,0.6308499999999998
2023-07-27 08:00:00,0.6308499999999998
2023-07-27 09:00:00,0.6299499999999999
2023-07-27 10:00:00,0.6299999999999999
2023-07-27 11:00:00,0.6310499999999999
2023-07-27 12:00:00,0.6290999999999999
2023-07-27 13:00:00,0.6268499999999999
2023-07-27 14:00:00,0.6249499999999999
2023-07-27 15:00:00,0.6261499999999999
2023-07-27 16:00:00,0.6256999999999998
2023-07-27 17:00:00,0.6255499999999998
2023-07-27 18:00:00,0.6231499999999999
2023-07-27 19:00:00,0.6229999999999999
2023-07-27 20:00:00,0.6235999999999998
2023-07-27 22:00:00,0.6243499999999998
2023-07-27 23:00:00,0.6239999999999999
2023-07-28 00:00:00,0.6227499999999998
2023-07-28 01:00:00,0.6226499999999998
2023-07-28 02:00:00,0.6229499999999999
2023-07-28 03:00:00,0.6211999999999999
2023-07-28 04:00:00,0.6205499999999998
2023-07-28 05:00:00,0.6220499999999999
2023-07-28 06:00:00,0.6203499999999998
2023-07-28 07:00:00,0.6178999999999999
2023-07-28 08:00:00,0.6185999999999998
2023-07-28 09:00:00,0.6203499999999998
2023-07-28 10:00:00,0.6208499999999999
2023-07-28 11:00:00,0.6217999999999999
2023-07-28 12:00:00,0.6212499999999999
2023-07-28 13:00:00,0.6203999999999998
2023-07-28 14:00:00,0.6222499999999999
2023-07-28 15:00:00,0.6220499999999999
2023-07-28 16:00:00,0.6217499999999998
2023-07-28 17:00:00,0.6209999999999999
2023-07-28 18:00:00,0.6206499999999998
2023-07-28 19:00:00,0.6203499999999998
2023-07-28 20:00:00,0.6206499999999998
2023-07-30 22:00:00,0.6211999999999999
2023-07-30 23:00:00,0.6212499999999999
2023-07-31 00:00:00,0.6218499999999999
2023-07-31 01:00:00,0.6224999999999998
2023-07-31 02:00:00,0.6233499999999998
2023-07-31 03:00:00,0.6239499999999999
2023-07-31 04:00:00,0.6243499999999998
2023-07-31 05:00:00,0.6248999999999999
2023-07-31 06:00:00,0.6247999999999998
2023-07-31 07:00:00,0.6244499999999998
2023-07-31 08:00:00,0.6246999999999998
2023-07-31 09:00:00,0.6249499999999999
2023-07-31 10:00:00,0.6255499999999998
2023-07-31 11:00:00,0.6256999999999998
2023-07-31 12:00:00,0.6254999999999998
2023-07-31 13:00:00,0.6266499999999998
2023-07-31 14:00:00,0.6275999999999998
2023-07-31 15:00:00,0.6271499999999999
2023-07-31 16:00:00,0.6274499999999998
2023-07-31 17:00:00,0.6273999999999998
2023-07-31 18:00:00,0.6267999999999998
2023-07-31 19:00:00,0.6267999999999998
2023-07-31 20:00:00,0.6261999999999999
2023-07-31 22:00:00,0.6262499999999999
2023-07-31 23:00:00,0.6256999999999998
2023-08-01 00:00:00,0.6260499999999999
2023-08-01 01:00:00,0.6254499999999998
2023-08-01 02:00:00,0.6244999999999998
2023-08-01 03:00:00,0.6246499999999998
2023-08-01 04:00:00,0.6246999999999998
2023-08-01 05:00:00,0.6246999999999998
2023-08-01 06:00:00,0.6238999999999999
2023-08-01 07:00:00,0.6220999999999999
2023-08-01 08:00:00,0.6212999999999999
2023-08-01 09:00:00,0.6214999999999998
2023-08-01 10:00:00,0.6217999999999999
2023-08-01 11:00:00,0.6206499999999998
2023-08-01 12:00:00,0.6192999999999999
2023-08-01 13:00:00,0.6204499999999998
2023-08-01 14:00:00,0.6204499999999998
2023-08-01 15:00:00,0.6194499999999998
2023-08-01 16:00:00,0.6188999999999999
2023-08-01 17:00:00,0.6187999999999999
2023-08-01 18:00:00,0.6196499999999998
2023-08-01 19:00:00,0.6198499999999999
2023-08-01 20:00:00,0.6203499999999998
2023-08-01 22:00:00,0.6195999999999998
2023-08-01 23:00:00,0.6193499999999998
2023-08-02 00:00:00,0.6185499999999998
2023-08-02 01:00:00,0.6184499999999998
2023-08-02 02:00:00,0.6174999999999998
2023-08-02 03:00:00,0.6162499999999999
2023-08-02 04:00:00,0.6157999999999999
2023-08-02 05:00:00,0.6159499999999999
2023-08-02 06:00:00,0.6157499999999999
2023-08-02 07:00:00,0.6160499999999999
2023-08-02 08:00:00,0.6166499999999998
2023-08-02 09:00:00,0.6172499999999999
2023-08-02 10:00:00,0.6168999999999999
2023-08-02 11:00:00,0.6160499999999999
2023-08-02 12:00:00,0.6146999999999998
2023-08-02 13:00:00,0.6144999999999998
2023-08-02 14:00:00,0.6132499999999999
2023-08-02 15:00:00,0.6135999999999998
2023-08-02 16:00:00,0.6141499999999999
2023-08-02 17:00:00,0.6140999999999999
2023-08-02 18:00:00,0.6139499999999999
2023-08-02 19:00:00,0.6141999999999999
2023-08-02 20:00:00,0.6133499999999998
2023-08-02 22:00:00,0.6138499999999999
2023-08-02 23:00:00,0.6138999999999999
2023-08-03 00:00:00,0.6134999999999998
2023-08-03 01:00:00,0.6134499999999998
2023-08-03 02:00:00,0.6121499999999999
2023-08-03 03:00:00,0.6128999999999999
2023-08-03 04:00:00,0.6123499999999998
2023-08-03 05:00:00,0.6124999999999998
2023-08-03 06:00:00,0.6120999999999999
2023-08-03 07:00:00,0.6127999999999999
2023-08-03 08:00:00,0.6121999999999999
2023-08-03 09:00:00,0.6132999999999998
2023-08-03 10:00:00,0.6128499999999999
2023-08-03 11:00:00,0.6133499999999998
2023-08-03 12:00:00,0.6130499999999999
2023-08-03 13:00:00,0.6117999999999999
2023-08-03 14:00:00,0.6125999999999998
2023-08-03 15:00:00,0.6137499999999999
2023-08-03 16:00:00,0.6143499999999998
2023-08-03 17:00:00,0.6129999999999999
2023-08-03 18:00:00,0.6124999999999998
2023-08-03 19:00:00,0.6124499999999998
2023-08-03 20:00:00,0.6130999999999999
2023-08-03 22:00:00,0.6133499999999998
2023-08-03 23:00:00,0.6134999999999998
2023-08-04 00:00:00,0.6146499999999998
2023-08-04 01:00:00,0.6152999999999998
2023-08-04 02:00:00,0.6142999999999998
2023-08-04 03:00:00,0.6143499999999998
2023-08-04 04:00:00,0.6142999999999998
2023-08-04 05:00:00,0.6148499999999999
2023-08-04 06:00:00,0.6136999999999998
2023-08-04 07:00:00,0.6143999999999998
2023-08-04 08:00:00,0.6131499999999999
2023-08-04 09:00:00,0.6129999999999999
2023-08-04 10:00:00,0.6125499999999998
2023-08-04 11:00:00,0.6127499999999999
2023-08-04 12:00:00,0.6154499999999998
2023-08-04 13:00:00,0.6166999999999998
2023-08-04 14:00:00,0.6166999999999998
2023-08-04 15:00:00,0.6179999999999999
2023-08-04 16:00:00,0.6181499999999999
2023-08-04 17:00:00,0.6169999999999999
2023-08-04 18:00:00,0.6147999999999999
2023-08-04 19:00:00,0.6149499999999999
2023-08-04 20:00:00,0.6150999999999999
2023-08-06 22:00:00,0.6150999999999999
2023-08-06 23:00:00,0.6152499999999999
2023-08-07 00:00:00,0.6161499999999999
2023-08-07 01:00:00,0.6162499999999999
2023-08-07 02:00:00,0.6165499999999998
2023-08-07 03:00:00,0.6155999999999998
2023-08-07 04:00:00,0.6155499999999998
2023-08-07 05:00:00,0.6148499999999999
2023-08-07 06:00:00,0.6149999999999999
2023-08-07 07:00:00,0.6161999999999999
2023-08-07 08:00:00,0.6144999999999998
2023-08-07 09:00:00,0.6148499999999999
2023-08-07 10:00:00,0.6141499999999999
2023-08-07 11:00:00,0.6157499999999999
2023-08-07 12:00:00,0.6164499999999998
2023-08-07 13:00:00,0.6145999999999998
2023-08-07 14:00:00,0.6152999999999998
2023-08-07 15:00:00,0.6147499999999999
2023-08-07 16:00:00,0.6153999999999998
2023-08-07 17:00:00,0.6158999999999999
2023-08-07 18:00:00,0.6158499999999999
2023-08-07 19:00:00,0.6162499999999999
2023-08-07 20:00:00,0.6158999999999999
2023-08-07 22:00:00,0.6158499999999999
2023-08-07 23:00:00,0.6159999999999999
2023-08-08 00:00:00,0.6157999999999999
2023-08-08 01:00:00,0.6129499999999999
2023-08-08 02:00:00,0.6138999999999999
2023-08-08 03:00:00,0.6131999999999999
2023-08-08 04:00:00,0.6132499999999999
2023-08-08 05:00:00,0.6121499999999999
2023-08-08 06:00:00,0.6115999999999998
2023-08-08 07:00:00,0.6113499999999998
2023-08-08 08:00:00,0.6117999999999999
2023-08-08 09:00:00,0.6104499999999998
2023-08-08 10:00:00,0.6095499999999998
2023-08-08 11:00:00,0.6092499999999998
2023-08-08 12:00:00,0.6097999999999999
2023-08-08 13:00:00,0.6092999999999998
2023-08-08 14:00:00,0.6099999999999999
2023-08-08 15:00:00,0.6099499999999999
2023-08-08 16:00:00,0.6102499999999998
2023-08-08 17:00:00,0.6113499999999998
2023-08-08 18:00:00,0.6115499999999998
2023-08-08 19:00:00,0.6116999999999998
2023-08-08 20:00:00,0.6119999999999999
2023-08-08 22:00:00,0.6112499999999998
2023-08-08 23:00:00,0.6110999999999999
2023-08-09 00:00:00,0.6104499999999998
2023-08-09 01:00:00,0.6109499999999999
2023-08-09 02:00:00,0.6123999999999998
2023-08-09 03:00:00,0.6127999999999999
2023-08-09 04:00:00,0.6126999999999998
2023-08-09 05:00:00,0.6129499999999999
2023-08-09 06:00:00,0.6142999999999998
2023-08-09 07:00:00,0.6140999999999999
2023-08-09 08:00:00,0.6132999999999998
2023-08-09 09:00:00,0.6122999999999998
2023-08-09 10:00:00,0.6117999999999999
2023-08-09 11:00:00,0.6113999999999998
2023-08-09 12:00:00,0.6109999999999999
2023-08-09 13:00:00,0.6114999999999998
2023-08-09 14:00:00,0.6103999999999998
2023-08-09 15:00:00,0.6100999999999999
2023-08-09 16:00:00,0.6106499999999998
2023-08-09 17:00:00,0.6113499999999998
2023-08-09 18:00:00,0.6112499999999998
2023-08-09 19:00:00,0.6115999999999998
2023-08-09 20:00:00,0.6105499999999998
2023-08-09 22:00:00,0.6106999999999999
2023-08-09 23:00:00,0.6114499999999998
2023-08-10 00:00:00,0.6109499999999999
2023-08-10 01:00:00,0.6113499999999998
2023-08-10 02:00:00,0.6115499999999998
2023-08-10 03:00:00,0.6117499999999999
2023-08-10 04:00:00,0.6111999999999999
2023-08-10 05:00:00,0.6092499999999998
2023-08-10 06:00:00,0.6124999999999998
2023-08-10 07:00:00,0.6120499999999999
2023-08-10 08:00:00,0.6122499999999998
2023-08-10 09:00:00,0.6120999999999999
2023-08-10 10:00:00,0.6127499999999999
2023-08-10 11:00:00,0.6128499999999999
2023-08-10 12:00:00,0.6147499999999999
2023-08-10 13:00:00,0.6141499999999999
2023-08-10 14:00:00,0.6118999999999999
2023-08-10 15:00:00,0.6113499999999998
2023-08-10 16:00:00,0.6108499999999999
2023-08-10 17:00:00,0.6081999999999999
2023-08-10 18:00:00,0.6092999999999998
2023-08-10 19:00:00,0.6090499999999999
2023-08-10 20:00:00,0.6073999999999998
2023-08-10 22:00:00,0.6070499999999999
2023-08-10 23:00:00,0.6065499999999998
2023-08-11 00:00:00,0.6068999999999999
2023-08-11 01:00:00,0.6068499999999999
2023-08-11 02:00:00,0.6062499999999998
2023-08-11 03:00:00,0.6066499999999998
2023-08-11 04:00:00,0.6059499999999999
2023-08-11 05:00:00,0.6062499999999998
2023-08-11 06:00:00,0.6062499999999998
2023-08-11 07:00:00,0.6063499999999998
2023-08-11 08:00:00,0.6064499999999998
2023-08-11 09:00:00,0.6055999999999998
2023-08-11 10:00:00,0.6057499999999999
2023-08-11 11:00:00,0.6064999999999998
2023-08-11 12:00:00,0.6039999999999999
2023-08-11 13:00:00,0.6041999999999998
2023-08-11 14:00:00,0.6057999999999999
2023-08-11 15:00:00,0.6033999999999998
2023-08-11 16:00:00,0.6033499999999998
2023-08-11 17:00:00,0.6033499999999998
2023-08-11 18:00:00,0.6038499999999999
2023-08-11 19:00:00,0.6036499999999999
2023-08-11 20:00:00,0.6035999999999998
2023-08-13 22:00:00,0.6042499999999998
2023-08-13 23:00:00,0.6036499999999999
2023-08-14 00:00:00,0.6026499999999999
2023-08-14 01:00:00,0.6017499999999999
2023-08-14 02:00:00,0.6011499999999999
2023-08-14 03:00:00,0.6012499999999998
2023-08-14 04:00:00,0.6014999999999998
2023-08-14 05:00:00,0.6018499999999999
2023-08-14 06:00:00,0.6022499999999998
2023-08-14 07:00:00,0.6040999999999999
2023-08-14 08:00:00,0.6033999999999998
2023-08-14 09:00:00,0.6035499999999998
2023-08-14 10:00:00,0.6038999999999999
2023-08-14 11:00:00,0.6034999999999998
2023-08-14 12:00:00,0.6017999999999999
2023-08-14 13:00:00,0.6004499999999998
2023-08-14 14:00:00,0.6032499999999998
2023-08-14 15:00:00,0.6036499999999999
2023-08-14 16:00:00,0.6035499999999998
2023-08-14 17:00:00,0.6029499999999999
2023-08-14 18:00:00,0.6019999999999999
2023-08-14 19:00:00,0.6020499999999999
2023-08-14 20:00:00,0.6027499999999999
2023-08-14 22:00:00,0.6028999999999999
2023-08-14 23:00:00,0.6027499999999999
2023-08-15 00:00:00,0.6022999999999998
2023-08-15 01:00:00,0.6030999999999999
2023-08-15 02:00:00,0.6031499999999999
2023-08-15 03:00:00,0.6040499999999999
2023-08-15 04:00:00,0.6035999999999998
2023-08-15 05:00:00,0.6036999999999999
2023-08-15 06:00:00,0.6033999999999998
2023-08-15 07:00:00,0.6015499999999998
2023-08-15 08:00:00,0.6019499999999999
2023-08-15 09:00:00,0.6023499999999998
2023-08-15 10:00:00,0.6022499999999998
2023-08-15 11:00:00,0.6020999999999999
2023-08-15 12:00:00,0.6023499999999998
2023-08-15 13:00:00,0.6028499999999999
2023-08-15 14:00:00,0.6036499999999999
2023-08-15 15:00:00,0.6028999999999999
2023-08-15 16:00:00,0.6018999999999999
2023-08-15 17:00:00,0.6015999999999998
2023-08-15 18:00:00,0.6014499999999998
2023-08-15 19:00:00,0.6015499999999998
2023-08-15 20:00:00,0.6002499999999998
2023-08-15 22:00:00,0.6003499999999998
2023-08-15 23:00:00,0.6009499999999999
2023-08-16 00:00:00,0.5992999999999998
2023-08-16 01:00:00,0.5994999999999998
2023-08-16 02:00:00,0.6012499999999998
2023-08-16 03:00:00,0.6013499999999998
2023-08-16 04:00:00,0.6020499999999999
2023-08-16 05:00:00,0.5988999999999999
2023-08-16 06:00:00,0.6031499999999999
2023-08-16 07:00:00,0.6044499999999998
2023-08-16 08:00:00,0.6039999999999999
2023-08-16 09:00:00,0.6028999999999999
2023-08-16 10:00:00,0.6020499999999999
2023-08-16 11:00:00,0.6020499999999999
2023-08-16 12:00:00,0.6000499999999999
2023-08-16 13:00:00,0.6012499999999998
2023-08-16 14:00:00,0.6009499999999999
2023-08-16 15:00:00,0.6000999999999999
2023-08-16 16:00:00,0.5996499999999999
2023-08-16 17:00:00,0.5996499999999999
2023-08-16 18:00:00,0.5987499999999999
2023-08-16 19:00:00,0.5985999999999999
2023-08-16 20:00:00,0.5991499999999998
2023-08-16 22:00:00,0.5990999999999999
2023-08-16 23:00:00,0.5984499999999998
2023-08-17 00:00:00,0.5969999999999999
2023-08-17 01:00:00,0.5966999999999999
2023-08-17 02:00:00,0.5964499999999998
2023-08-17 03:00:00,0.5960999999999999
2023-08-17 04:00:00,0.5971499999999998
2023-08-17 05:00:00,0.5975499999999998
2023-08-17 06:00:00,0.5980999999999999
2023-08-17 07:00:00,0.5978499999999999
2023-08-17 08:00:00,0.5981499999999998
2023-08-17 09:00:00,0.5993499999999998
2023-08-17 10:00:00,0.6003999999999998
2023-08-17 11:00:00,0.6007499999999999
2023-08-17 12:00:00,0.6006999999999999
2023-08-17 13:00:00,0.5992999999999998
2023-08-17 14:00:00,0.5991999999999998
2023-08-17 15:00:00,0.5984499999999998
2023-08-17 16:00:00,0.5989499999999999
2023-08-17 17:00:00,0.5977499999999999
2023-08-17 18:00:00,0.5975999999999999
2023-08-17 19:00:00,0.5980499999999999
2023-08-17 20:00:00,0.5977499999999999
2023-08-17 22:00:00,0.5977999999999999
2023-08-17 23:00:00,0.5978499999999999
2023-08-18 00:00:00,0.5984499999999998
2023-08-18 01:00:00,0.5993499999999998
2023-08-18 02:00:00,0.5987999999999999
2023-08-18 03:00:00,0.5981499999999998
2023-08-18 04:00:00,0.5976499999999999
2023-08-18 05:00:00,0.5981999999999998
2023-08-18 06:00:00,0.5981499999999998
2023-08-18 07:00:00,0.5980999999999999
2023-08-18 08:00:00,0.5976499999999999
2023-08-18 09:00:00,0.5979999999999999
2023-08-18 10:00:00,0.5977999999999999
2023-08-18 11:00:00,0.5971999999999998
2023-08-18 12:00:00,0.5968499999999999
2023-08-18 13:00:00,0.5984999999999998
2023-08-18 14:00:00,0.5988499999999999
2023-08-18 15:00:00,0.5992999999999998
2023-08-18 16:00:00,0.5994499999999998
2023-08-18 17:00:00,0.5991999999999998
2023-08-18 18:00:00,0.5981999999999998
2023-08-18 19:00:00,0.5980499999999999
2023-08-18 20:00:00,0.5970999999999999
2023-08-20 22:00:00,0.5978499999999999
2023-08-20 23:00:00,0.5978999999999999
2023-08-21 00:00:00,0.5975999999999999
2023-08-21 01:00:00,0.5963499999999998
2023-08-21 02:00:00,0.5971499999999998
2023-08-21 03:00:00,0.5966999999999999
2023-08-21 04:00:00,0.5970499999999999
2023-08-21 05:00:00,0.5963999999999998
2023-08-21 06:00:00,0.5966999999999999
2023-08-21 07:00:00,0.5967999999999999
2023-08-21 08:00:00,0.5964999999999998
2023-08-21 09:00:00,0.5972999999999998
2023-08-21 10:00:00,0.5964999999999998
2023-08-21 11:00:00,0.5977999999999999
2023-08-21 12:00:00,0.5972499999999998
2023-08-21 13:00:00,0.5964999999999998
2023-08-21 14:00:00,0.5954999999999998
2023-08-21 15:00:00,0.5955999999999999
2023-08-21 16:00:00,0.5970499999999999
2023-08-21 17:00:00,0.5970999999999999
2023-08-21 18:00:00,0.5979999999999999
2023-08-21 19:00:00,0.5981499999999998
2023-08-21 20:00:00,0.5981499999999998
2023-08-21 22:00:00,0.5980499999999999
2023-08-21 23:00:00,0.5982499999999998
2023-08-22 00:00:00,0.5981499999999998
2023-08-22 01:00:00,0.5981499999999998
2023-08-22 02:00:00,0.5983999999999998
2023-08-22 03:00:00,0.5991999999999998
2023-08-22 04:00:00,0.5985999999999999
2023-08-22 05:00:00,0.5999499999999999
2023-08-22 06:00:00,0.6010999999999999
2023-08-22 07:00:00,0.6014499999999998
2023-08-22 08:00:00,0.6008499999999999
2023-08-22 09:00:00,0.6020499999999999
2023-08-22 10:00:00,0.6011999999999998
2023-08-22 11:00:00,0.6013499999999998
2023-08-22 12:00:00,0.5992999999999998
2023-08-22 13:00:00,0.5979999999999999
2023-08-22 14:00:00,0.5994499999999998
2023-08-22 15:00:00,0.5998499999999999
2023-08-22 16:00:00,0.5997999999999999
2023-08-22 17:00:00,0.5997499999999999
2023-08-22 18:00:00,0.5999499999999999
2023-08-22 19:00:00,0.5996999999999999
2023-08-22 20:00:00,0.6000499999999999
2023-08-22 22:00:00,0.5995999999999998
2023-08-22 23:00:00,0.5993499999999998
2023-08-23 00:00:00,0.6002999999999998
2023-08-23 01:00:00,0.6015999999999998
2023-08-23 02:00:00,0.6011499999999999
2023-08-23 03:00:00,0.6001999999999998
2023-08-23 04:00:00,0.6001999999999998
2023-08-23 05:00:00,0.6025999999999998
2023-08-23 06:00:00,0.5999999999999999
2023-08-23 07:00:00,0.5998499999999999
2023-08-23 08:00:00,0.5998499999999999
2023-08-23 09:00:00,0.5987499999999999
2023-08-23 10:00:00,0.5985499999999998
2023-08-23 11:00:00,0.5985499999999998
2023-08-23 12:00:00,0.5983999999999998
2023-08-23 13:00:00,0.6016999999999999
2023-08-23 14:00:00,0.6017999999999999
2023-08-23 15:00:00,0.6026999999999999
2023-08-23 16:00:00,0.6033999999999998
2023-08-23 17:00:00,0.6033999999999998
2023-08-23 18:00:00,0.6025999999999998
2023-08-23 19:00:00,0.6026499999999999
2023-08-23 20:00:00,0.6031999999999998
2023-08-23 22:00:00,0.6029499999999999
2023-08-23 23:00:00,0.6027499999999999
2023-08-24 00:00:00,0.6023499999999998
2023-08-24 01:00:00,0.6014499999999998
2023-08-24 02:00:00,0.6019499999999999
2023-08-24 03:00:00,0.6024999999999998
2023-08-24 04:00:00,0.6025499999999998
2023-08-24 05:00:00,0.6019999999999999
2023-08-24 06:00:00,0.6012499999999998
2023-08-24 07:00:00,0.6001999999999998
2023-08-24 08:00:00,0.6003999999999998
2023-08-24 09:00:00,0.5993999999999998
2023-08-24 10:00:00,0.5998999999999999
2023-08-24 11:00:00,0.5988499999999999
2023-08-24 12:00:00,0.5977999999999999
2023-08-24 13:00:00,0.5990499999999999
2023-08-24 14:00:00,0.5981499999999998
2023-08-24 15:00:00,0.5975999999999999
2023-08-24 16:00:00,0.5977499999999999
2023-08-24 17:00:00,0.5975999999999999
2023-08-24 18:00:00,0.5977499999999999
2023-08-24 19:00:00,0.5977999999999999
2023-08-24 20:00:00,0.5976499999999999
2023-08-24 22:00:00,0.5975999999999999
2023-08-24 23:00:00,0.5971999999999998
2023-08-25 00:00:00,0.5974999999999998
2023-08-25 01:00:00,0.5971499999999998
2023-08-25 02:00:00,0.5971499999999998
2023-08-25 03:00:00,0.5960999999999999
2023-08-25 04:00:00,0.5955499999999998
2023-08-25 05:00:00,0.5970999999999999
2023-08-25 06:00:00,0.5954999999999998
2023-08-25 07:00:00,0.5958499999999999
2023-08-25 08:00:00,0.5964499999999998
2023-08-25 09:00:00,0.5962999999999998
2023-08-25 10:00:00,0.5972499999999998
2023-08-25 11:00:00,0.5971499999999998
2023-08-25 12:00:00,0.5975999999999999
2023-08-25 13:00:00,0.5969999999999999
2023-08-25 14:00:00,0.5946999999999999
2023-08-25 15:00:00,0.5951999999999998
2023-08-25 16:00:00,0.5958999999999999
2023-08-25 17:00:00,0.5963499999999998
2023-08-25 18:00:00,0.5970999999999999
2023-08-25 19:00:00,0.5968999999999999
2023-08-25 20:00:00,0.5954999999999998
2023-08-27 22:00:00,0.5960999999999999
2023-08-27 23:00:00,0.5963499999999998
2023-08-28 00:00:00,0.5968499999999999
2023-08-28 01:00:00,0.5970499999999999
2023-08-28 02:00:00,0.5973499999999999
2023-08-28 03:00:00,0.5969999999999999
2023-08-28 04:00:00,0.5969499999999999
2023-08-28 05:00:00,0.5963499999999998
2023-08-28 06:00:00,0.5970499999999999
2023-08-28 07:00:00,0.5951499999999998
2023-08-28 08:00:00,0.5955499999999998
2023-08-28 09:00:00,0.5951999999999998
2023-08-28 10:00:00,0.5955499999999998
2023-08-28 11:00:00,0.5960999999999999
2023-08-28 12:00:00,0.5965999999999999
2023-08-28 13:00:00,0.5965999999999999
2023-08-28 14:00:00,0.5959499999999999
2023-08-28 15:00:00,0.5963999999999998
2023-08-28 16:00:00,0.5965499999999998
2023-08-28 17:00:00,0.5960499999999999
2023-08-28 18:00:00,0.5963999999999998
2023-08-28 19:00:00,0.5963499999999998
2023-08-28 20:00:00,0.5963999999999998
2023-08-28 22:00:00,0.5963499999999998
2023-08-28 23:00:00,0.5960499999999999
2023-08-29 00:00:00,0.5957999999999999
2023-08-29 01:00:00,0.5965999999999999
2023-08-29 02:00:00,0.5973999999999998
2023-08-29 03:00:00,0.5976999999999999
2023-08-29 04:00:00,0.5974999999999998
2023-08-29 05:00:00,0.6019499999999999
2023-08-29 06:00:00,0.5978499999999999
2023-08-29 07:00:00,0.5975499999999998
2023-08-29 08:00:00,0.5971999999999998
2023-08-29 09:00:00,0.5982999999999998
2023-08-29 10:00:00,0.5963999999999998
2023-08-29 11:00:00,0.5953499999999998
2023-08-29 12:00:00,0.5944999999999998
2023-08-29 13:00:00,0.5952499999999998
2023-08-29 14:00:00,0.5988499999999999
2023-08-29 15:00:00,0.5999499999999999
2023-08-29 16:00:00,0.6001999999999998
2023-08-29 17:00:00,0.6010999999999999
2023-08-29 18:00:00,0.6020499999999999
2023-08-29 19:00:00,0.6019499999999999
2023-08-29 20:00:00,0.6026499999999999
2023-08-29 22:00:00,0.6026999999999999
2023-08-29 23:00:00,0.6020499999999999
2023-08-30 00:00:00,0.6022499999999998
2023-08-30 01:00:00,0.6006499999999999
2023-08-30 02:00:00,0.6001499999999999
2023-08-30 03:00:00,0.6005499999999998
2023-08-30 04:00:00,0.6004999999999998
2023-08-30 05:00:00,0.6023999999999998
2023-08-30 06:00:00,0.6002499999999998
2023-08-30 07:00:00,0.6003499999999998
2023-08-30 08:00:00,0.5997999999999999
2023-08-30 09:00:00,0.6005999999999998
2023-08-30 10:00:00,0.6012499999999998
2023-08-30 11:00:00,0.6010999999999999
2023-08-30 12:00:00,0.6050999999999999
2023-08-30 13:00:00,0.6057499999999999
2023-08-30 14:00:00,0.6032499999999998
2023-08-30 15:00:00,0.6034999999999998
2023-08-30 16:00:00,0.6023999999999998
2023-08-30 17:00:00,0.6019499999999999
2023-08-30 18:00:00,0.6023999999999998
2023-08-30 19:00:00,0.6025499999999998
2023-08-30 20:00:00,0.6009499999999999
2023-08-30 22:00:00,0.6007499999999999
2023-08-30 23:00:00,0.6007999999999999
2023-08-31 00:00:00,0.6009999999999999
2023-08-31 01:00:00,0.6020999999999999
2023-08-31 02:00:00,0.6018499999999999
2023-08-31 03:00:00,0.6012499999999998
2023-08-31 04:00:00,0.6011999999999998
2023-08-31 05:00:00,0.6010999999999999
2023-08-31 06:00:00,0.6005499999999998
2023-08-31 07:00:00,0.6014499999999998
2023-08-31 08:00:00,0.6004999999999998
2023-08-31 09:00:00,0.6001499999999999
2023-08-31 10:00:00,0.5996999999999999
2023-08-31 11:00:00,0.6004499999999998
2023-08-31 12:00:00,0.6019499999999999
2023-08-31 13:00:00,0.6000999999999999
2023-08-31 14:00:00,0.6007499999999999
2023-08-31 15:00:00,0.5999999999999999
2023-08-31 16:00:00,0.6003499999999998
2023-08-31 17:00:00,0.6010999999999999
2023-08-31 18:00:00,0.6011499999999999
2023-08-31 19:00:00,0.6013499999999998
2023-08-31 20:00:00,0.6020999999999999
2023-08-31 22:00:00,0.6018999999999999
2023-08-31 23:00:00,0.6027499999999999
2023-09-01 00:00:00,0.6015499999999998
2023-09-01 01:00:00,0.6029999999999999
2023-09-01 02:00:00,0.6011499999999999
2023-09-01 03:00:00,0.6009499999999999
2023-09-01 04:00:00,0.6017499999999999
2023-09-01 05:00:00,0.5996499999999999
2023-09-01 06:00:00,0.6007499999999999
2023-09-01 07:00:00,0.6019999999999999
2023-09-01 08:00:00,0.6011999999999998
2023-09-01 09:00:00,0.6013999999999998
2023-09-01 10:00:00,0.6017999999999999
2023-09-01 11:00:00,0.6023499999999998
2023-09-01 12:00:00,0.6055499999999998
2023-09-01 13:00:00,0.6027499999999999
2023-09-01 14:00:00,0.6008999999999999
2023-09-01 15:00:00,0.5992499999999998
2023-09-01 16:00:00,0.5994499999999998
2023-09-01 17:00:00,0.5995499999999998
2023-09-01 18:00:00,0.5996999999999999
2023-09-01 19:00:00,0.5997499999999999
2023-09-01 20:00:00,0.5995999999999998
2023-09-03 22:00:00,0.5992499999999998
2023-09-03 23:00:00,0.5995499999999998
2023-09-04 00:00:00,0.5998499999999999
2023-09-04 01:00:00,0.5999499999999999
2023-09-04 02:00:00,0.6009499999999999
2023-09-04 03:00:00,0.6002499999999998
2023-09-04 04:00:00,0.6000999999999999
2023-09-04 05:00:00,0.6004999999999998
2023-09-04 06:00:00,0.6009499999999999
2023-09-04 07:00:00,0.6000499999999999
2023-09-04 08:00:00,0.5997499999999999
2023-09-04 09:00:00,0.5999499999999999
2023-09-04 10:00:00,0.6000499999999999
2023-09-04 11:00:00,0.5999999999999999
2023-09-04 12:00:00,0.5994999999999998
2023-09-04 13:00:00,0.5991999999999998
2023-09-04 14:00:00,0.5986999999999999
2023-09-04 15:00:00,0.5991999999999998
2023-09-04 16:00:00,0.5992499999999998
2023-09-04 17:00:00,0.5992499999999998
2023-09-04 18:00:00,0.5992999999999998
2023-09-04 19:00:00,0.5992499999999998
2023-09-04 20:00:00,0.5993499999999998
2023-09-04 22:00:00,0.5992999999999998
2023-09-04 23:00:00,0.5989999999999999
2023-09-05 00:00:00,0.5989999999999999
2023-09-05 01:00:00,0.5976999999999999
2023-09-05 02:00:00,0.5971999999999998
2023-09-05 03:00:00,0.5971999999999998
2023-09-05 04:00:00,0.5969999999999999
2023-09-05 05:00:00,0.5956999999999999
2023-09-05 06:00:00,0.5939499999999999
2023-09-05 07:00:00,0.5935499999999998
2023-09-05 08:00:00,0.5929999999999999
2023-09-05 09:00:00,0.5931499999999998
2023-09-05 10:00:00,0.5922499999999998
2023-09-05 11:00:00,0.5918999999999999
2023-09-05 12:00:00,0.5936499999999999
2023-09-05 13:00:00,0.5929499999999999
2023-09-05 14:00:00,0.5930499999999999
2023-09-05 15:00:00,0.5934999999999998
2023-09-05 16:00:00,0.5937999999999999
2023-09-05 17:00:00,0.5932499999999998
2023-09-05 18:00:00,0.5935999999999999
2023-09-05 19:00:00,0.5934999999999998
2023-09-05 20:00:00,0.5936499999999999
2023-09-05 22:00:00,0.5937499999999999
2023-09-05 23:00:00,0.5936999999999999
2023-09-06 00:00:00,0.5924499999999998
2023-09-06 01:00:00,0.5915999999999999
2023-09-06 02:00:00,0.5940499999999999
2023-09-06 03:00:00,0.5937999999999999
2023-09-06 04:00:00,0.5942999999999998
2023-09-06 05:00:00,0.5922999999999998
2023-09-06 06:00:00,0.5945499999999998
2023-09-06 07:00:00,0.5934999999999998
2023-09-06 08:00:00,0.5943499999999998
2023-09-06 09:00:00,0.5941999999999998
2023-09-06 10:00:00,0.5948499999999999
2023-09-06 11:00:00,0.5944499999999998
2023-09-06 12:00:00,0.5941999999999998
2023-09-06 13:00:00,0.5947499999999999
2023-09-06 14:00:00,0.5923499999999999
2023-09-06 15:00:00,0.5926999999999999
2023-09-06 16:00:00,0.5921999999999998
2023-09-06 17:00:00,0.5923499999999999
2023-09-06 18:00:00,0.5922499999999998
2023-09-06 19:00:00,0.5920999999999998
2023-09-06 20:00:00,0.5926999999999999
2023-09-06 22:00:00,0.5925999999999999
2023-09-06 23:00:00,0.5923499999999999
2023-09-07 00:00:00,0.5919999999999999
2023-09-07 01:00:00,0.5922999999999998
2023-09-07 02:00:00,0.5919499999999999
2023-09-07 03:00:00,0.5925499999999999
2023-09-07 04:00:00,0.5923499999999999
2023-09-07 05:00:00,0.5932499999999998
2023-09-07 06:00:00,0.5934499999999998
2023-09-07 07:00:00,0.5939499999999999
2023-09-07 08:00:00,0.5940999999999999
2023-09-07 09:00:00,0.5939999999999999
2023-09-07 10:00:00,0.5936499999999999
2023-09-07 11:00:00,0.5935999999999999
2023-09-07 12:00:00,0.5943499999999998
2023-09-07 13:00:00,0.5927499999999999
2023-09-07 14:00:00,0.5934999999999998
2023-09-07 15:00:00,0.5935499999999998
2023-09-07 16:00:00,0.5933499999999998
2023-09-07 17:00:00,0.5933999999999998
2023-09-07 18:00:00,0.5933499999999998
2023-09-07 19:00:00,0.5934499999999998
2023-09-07 20:00:00,0.5928499999999999
2023-09-07 22:00:00,0.5929999999999999
2023-09-07 23:00:00,0.5931999999999998
2023-09-08 00:00:00,0.5945999999999999
2023-09-08 01:00:00,0.5944499999999998
2023-09-08 02:00:00,0.5948999999999999
2023-09-08 03:00:00,0.5948499999999999
2023-09-08 04:00:00,0.5946999999999999
2023-09-08 05:00:00,0.5936999999999999
2023-09-08 06:00:00,0.5956999999999999
2023-09-08 07:00:00,0.5954499999999998
2023-09-08 08:00:00,0.5958499999999999
2023-09-08 09:00:00,0.5963499999999998
2023-09-08 10:00:00,0.5963999999999998
2023-09-08 11:00:00,0.5959499999999999
2023-09-08 12:00:00,0.5959999999999999
2023-09-08 13:00:00,0.5965499999999998
2023-09-08 14:00:00,0.5953999999999998
2023-09-08 15:00:00,0.5949499999999999
2023-09-08 16:00:00,0.5941999999999998
2023-09-08 17:00:00,0.5944999999999998
2023-09-08 18:00:00,0.5937999999999999
2023-09-08 19:00:00,0.5938499999999999
2023-09-08 20:00:00,0.5935999999999999
2023-09-10 22:00:00,0.5949999999999999
2023-09-10 23:00:00,0.5952999999999998
2023-09-11 00:00:00,0.5954999999999998
2023-09-11 01:00:00,0.5957499999999999
2023-09-11 02:00:00,0.5964499999999998
2023-09-11 03:00:00,0.5968499999999999
2023-09-11 04:00:00,0.5983999999999998
2023-09-11 05:00:00,0.5968999999999999
2023-09-11 06:00:00,0.5980499999999999
2023-09-11 07:00:00,0.5974999999999998
2023-09-11 08:00:00,0.5975999999999999
2023-09-11 09:00:00,0.5974999999999998
2023-09-11 10:00:00,0.5968999999999999
2023-09-11 11:00:00,0.5969999999999999
2023-09-11 12:00:00,0.5975999999999999
2023-09-11 13:00:00,0.5975999999999999
2023-09-11 14:00:00,0.5975499999999998
2023-09-11 15:00:00,0.5972499999999998
2023-09-11 16:00:00,0.5974499999999998
2023-09-11 17:00:00,0.5972499999999998
2023-09-11 18:00:00,0.5969499999999999
2023-09-11 19:00:00,0.5970999999999999
2023-09-11 20:00:00,0.5971999999999998
2023-09-11 22:00:00,0.5972499999999998
2023-09-11 23:00:00,0.5968999999999999
2023-09-12 00:00:00,0.5962499999999998
2023-09-12 01:00:00,0.5966499999999999
2023-09-12 02:00:00,0.5972999999999998
2023-09-12 03:00:00,0.5971499999999998
2023-09-12 04:00:00,0.5963499999999998
2023-09-12 05:00:00,0.5956999999999999
2023-09-12 06:00:00,0.5967999999999999
2023-09-12 07:00:00,0.5961999999999998
2023-09-12 08:00:00,0.5958499999999999
2023-09-12 09:00:00,0.5959499999999999
2023-09-12 10:00:00,0.5951499999999998
2023-09-12 11:00:00,0.5958999999999999
2023-09-12 12:00:00,0.5950499999999999
2023-09-12 13:00:00,0.5951999999999998
2023-09-12 14:00:00,0.5951999999999998
2023-09-12 15:00:00,0.5955999999999999
2023-09-12 16:00:00,0.5952999999999998
2023-09-12 17:00:00,0.5953499999999998
2023-09-12 18:00:00,0.5959499999999999
2023-09-12 19:00:00,0.5960499999999999
2023-09-12 20:00:00,0.5956499999999999
2023-09-12 22:00:00,0.5961499999999998
2023-09-12 23:00:00,0.5962499999999998
2023-09-13 00:00:00,0.5961999999999998
2023-09-13 01:00:00,0.5955999999999999
2023-09-13 02:00:00,0.5945499999999998
2023-09-13 03:00:00,0.5947999999999999
2023-09-13 04:00:00,0.5950999999999999
2023-09-13 05:00:00,0.5951999999999998
2023-09-13 06:00:00,0.5950999999999999
2023-09-13 07:00:00,0.5955499999999998
2023-09-13 08:00:00,0.5961499999999998
2023-09-13 09:00:00,0.5955499999999998
2023-09-13 10:00:00,0.5956999999999999
2023-09-13 11:00:00,0.5958499999999999
2023-09-13 12:00:00,0.5962999999999998
2023-09-13 13:00:00,0.5970999999999999
2023-09-13 14:00:00,0.5968499999999999
2023-09-13 15:00:00,0.5968999999999999
2023-09-13 16:00:00,0.5973499999999999
2023-09-13 17:00:00,0.5973999999999998
2023-09-13 18:00:00,0.5961999999999998
2023-09-13 19:00:00,0.5961499999999998
2023-09-13 20:00:00,0.5972499999999998
2023-09-13 22:00:00,0.5973999999999998
2023-09-13 23:00:00,0.5973499999999999
2023-09-14 00:00:00,0.5988999999999999
2023-09-14 01:00:00,0.5985499999999998
2023-09-14 02:00:00,0.5978999999999999
2023-09-14 03:00:00,0.5983999999999998
2023-09-14 04:00:00,0.5982499999999998
2023-09-14 05:00:00,0.5964499999999998
2023-09-14 06:00:00,0.5989499999999999
2023-09-14 07:00:00,0.5973499999999999
2023-09-14 08:00:00,0.5976999999999999
2023-09-14 09:00:00,0.5971999999999998
2023-09-14 10:00:00,0.5979999999999999
2023-09-14 11:00:00,0.5981499999999998
2023-09-14 12:00:00,0.5971999999999998
2023-09-14 13:00:00,0.5968499999999999
2023-09-14 14:00:00,0.5969999999999999
2023-09-14 15:00:00,0.5968999999999999
2023-09-14 16:00:00,0.5975999999999999
2023-09-14 17:00:00,0.5963999999999998
2023-09-14 18:00:00,0.5964499999999998
2023-09-14 19:00:00,0.5965499999999998
2023-09-14 20:00:00,0.5961999999999998
2023-09-14 22:00:00,0.5964499999999998
2023-09-14 23:00:00,0.5956999999999999
2023-09-15 00:00:00,0.5966499999999999
2023-09-15 01:00:00,0.5970499999999999
2023-09-15 02:00:00,0.5979499999999999
2023-09-15 03:00:00,0.5981999999999998
2023-09-15 04:00:00,0.5988999999999999
2023-09-15 05:00:00,0.5987999999999999
2023-09-15 06:00:00,0.5987999999999999
2023-09-15 07:00:00,0.5975999999999999
2023-09-15 08:00:00,0.5966499999999999
2023-09-15 09:00:00,0.5969499999999999
2023-09-15 10:00:00,0.5967499999999999
2023-09-15 11:00:00,0.5968999999999999
2023-09-15 12:00:00,0.5955499999999998
2023-09-15 13:00:00,0.5951499999999998
2023-09-15 14:00:00,0.5955999999999999
2023-09-15 15:00:00,0.5958499999999999
2023-09-15 16:00:00,0.5957999999999999
2023-09-15 17:00:00,0.5957499999999999
2023-09-15 18:00:00,0.5951999999999998
2023-09-15 19:00:00,0.5950499999999999
2023-09-15 20:00:00,0.5953999999999998
2023-09-17 22:00:00,0.5955999999999999
2023-09-17 23:00:00,0.5962
2023-09-18 00:00:00,0.5972
2023-09-18 01:00:00,0.5964999999999999
2023-09-18 02:00:00,0.5967999999999999
2023-09-18 03:00:00,0.5966499999999999
2023-09-18 04:00:00,0.5972
2023-09-18 05:00:00,0.5967999999999999
2023-09-18 06:00:00,0.597
2023-09-18 07:00:00,0.5963499999999999
2023-09-18 08:00:00,0.5965499999999999
2023-09-18 09:00:00,0.5965999999999999
2023-09-18 10:00:00,0.5965499999999999
2023-09-18 11:00:00,0.5962
2023-09-18 12:00:00,0.5956999999999999
2023-09-18 13:00:00,0.5956999999999999
2023-09-18 14:00:00,0.5963499999999999
2023-09-18 15:00:00,0.5974999999999999
2023-09-18 16:00:00,0.59725
2023-09-18 17:00:00,0.59705
2023-09-18 18:00:00,0.5967999999999999
2023-09-18 19:00:00,0.5967999999999999
2023-09-18 20:00:00,0.5974499999999999
2023-09-18 22:00:00,0.5977
2023-09-18 23:00:00,0.5977499999999999
2023-09-19 00:00:00,0.5974999999999999
2023-09-19 01:00:00,0.59725
2023-09-19 02:00:00,0.5973499999999999
2023-09-19 03:00:00,0.5974499999999999
2023-09-19 04:00:00,0.5978999999999999
2023-09-19 05:00:00,0.59895
2023-09-19 06:00:00,0.5973499999999999
2023-09-19 07:00:00,0.5992999999999999
2023-09-19 08:00:00,0.59915
2023-09-19 09:00:00,0.5994999999999999
2023-09-19 10:00:00,0.5997499999999999
2023-09-19 11:00:00,0.6
2023-09-19 12:00:00,0.6
2023-09-19 13:00:00,0.5995999999999999
2023-09-19 14:00:00,0.5993499999999999
2023-09-19 15:00:00,0.5985499999999999
2023-09-19 16:00:00,0.5984499999999999
2023-09-19 17:00:00,0.5988499999999999
2023-09-19 18:00:00,0.59895
2023-09-19 19:00:00,0.5991
2023-09-19 20:00:00,0.5993999999999999
2023-09-19 22:00:00,0.60005
2023-09-19 23:00:00,0.6006999999999999
2023-09-20 00:00:00,0.5998499999999999
2023-09-20 01:00:00,0.60005
2023-09-20 02:00:00,0.5997499999999999
2023-09-20 03:00:00,0.5992
2023-09-20 04:00:00,0.5994499999999999
2023-09-20 05:00:00,0.60005
2023-09-20 06:00:00,0.5993999999999999
2023-09-20 07:00:00,0.5995999999999999
2023-09-20 08:00:00,0.6
2023-09-20 09:00:00,0.6004999999999999
2023-09-20 10:00:00,0.602
2023-09-20 11:00:00,0.6023
2023-09-20 12:00:00,0.6018999999999999
2023-09-20 13:00:00,0.60305
2023-09-20 14:00:00,0.6029499999999999
2023-09-20 15:00:00,0.6032
2023-09-20 16:00:00,0.6041
2023-09-20 17:00:00,0.6034999999999999
2023-09-20 18:00:00,0.5999499999999999
2023-09-20 19:00:00,0.5998999999999999
2023-09-20 20:00:00,0.5986499999999999
2023-09-20 22:00:00,0.5996499999999999
2023-09-20 23:00:00,0.59805
2023-09-21 00:00:00,0.5968499999999999
2023-09-21 01:00:00,0.5973999999999999
2023-09-21 02:00:00,0.59615
2023-09-21 03:00:00,0.5967999999999999
2023-09-21 04:00:00,0.59615
2023-09-21 05:00:00,0.59595
2023-09-21 06:00:00,0.5967499999999999
2023-09-21 07:00:00,0.5974999999999999
2023-09-21 08:00:00,0.597
2023-09-21 09:00:00,0.5978499999999999
2023-09-21 10:00:00,0.5977499999999999
2023-09-21 11:00:00,0.5964999999999999
2023-09-21 12:00:00,0.5965999999999999
2023-09-21 13:00:00,0.5963499999999999
2023-09-21 14:00:00,0.5986999999999999
2023-09-21 15:00:00,0.5988999999999999
2023-09-21 16:00:00,0.5987499999999999
2023-09-21 17:00:00,0.5994499999999999
2023-09-21 18:00:00,0.59915
2023-09-21 19:00:00,0.59905
2023-09-21 20:00:00,0.5988999999999999
2023-09-21 22:00:00,0.59905
2023-09-21 23:00:00,0.5987999999999999
2023-09-22 00:00:00,0.5983499999999999
2023-09-22 01:00:00,0.5982999999999999
2023-09-22 02:00:00,0.5985999999999999
2023-09-22 03:00:00,0.5991
2023-09-22 04:00:00,0.5993999999999999
2023-09-22 05:00:00,0.5994999999999999
2023-09-22 06:00:00,0.5994999999999999
2023-09-22 07:00:00,0.6009499999999999
2023-09-22 08:00:00,0.60125
2023-09-22 09:00:00,0.6013
2023-09-22 10:00:00,0.60205
2023-09-22 11:00:00,0.6028499999999999
2023-09-22 12:00:00,0.6037499999999999
2023-09-22 13:00:00,0.60405
2023-09-22 14:00:00,0.6036999999999999
2023-09-22 15:00:00,0.603
2023-09-22 16:00:00,0.6028499999999999
2023-09-22 17:00:00,0.60225
2023-09-22 18:00:00,0.602
2023-09-22 19:00:00,0.6021
2023-09-22 20:00:00,0.6018999999999999
2023-09-24 22:00:00,0.6014999999999999
2023-09-24 23:00:00,0.6013
2023-09-25 00:00:00,0.6017499999999999
2023-09-25 01:00:00,0.6009499999999999
2023-09-25 02:00:00,0.601
2023-09-25 03:00:00,0.6004499999999999
2023-09-25 04:00:00,0.6006499999999999
2023-09-25 05:00:00,0.60215
2023-09-25 06:00:00,0.6008999999999999
2023-09-25 07:00:00,0.6007499999999999
2023-09-25 08:00:00,0.6005499999999999
2023-09-25 09:00:00,0.6015999999999999
2023-09-25 10:00:00,0.603
2023-09-25 11:00:00,0.60205
2023-09-25 12:00:00,0.6023499999999999
2023-09-25 13:00:00,0.6026499999999999
2023-09-25 14:00:00,0.60105
2023-09-25 15:00:00,0.6021
2023-09-25 16:00:00,0.60215
2023-09-25 17:00:00,0.6024499999999999
2023-09-25 18:00:00,0.60215
2023-09-25 19:00:00,0.6022
2023-09-25 20:00:00,0.6024999999999999
2023-09-25 22:00:00,0.60225
2023-09-25 23:00:00,0.6024499999999999
2023-09-26 00:00:00,0.60225
2023-09-26 01:00:00,0.6028499999999999
2023-09-26 02:00:00,0.6023999999999999
2023-09-26 03:00:00,0.6021
2023-09-26 04:00:00,0.6021
2023-09-26 05:00:00,0.6015499999999999
2023-09-26 06:00:00,0.6004499999999999
2023-09-26 07:00:00,0.6008499999999999
2023-09-26 08:00:00,0.6016999999999999
2023-09-26 09:00:00,0.60205
2023-09-26 10:00:00,0.6017999999999999
2023-09-26 11:00:00,0.6017999999999999
2023-09-26 12:00:00,0.6026499999999999
2023-09-26 13:00:00,0.6021
2023-09-26 14:00:00,0.602
2023-09-26 15:00:00,0.6009499999999999
2023-09-26 16:00:00,0.6012
2023-09-26 17:00:00,0.6011
2023-09-26 18:00:00,0.6003
2023-09-26 19:00:00,0.6002
2023-09-26 20:00:00,0.6002
2023-09-26 22:00:00,0.6003999999999999
2023-09-26 23:00:00,0.6004499999999999
2023-09-27 00:00:00,0.6001
2023-09-27 01:00:00,0.60115
2023-09-27 02:00:00,0.5994499999999999
2023-09-27 03:00:00,0.5986499999999999
2023-09-27 04:00:00,0.5986499999999999
2023-09-27 05:00:00,0.5987499999999999
2023-09-27 06:00:00,0.5993999999999999
2023-09-27 07:00:00,0.59915
2023-09-27 08:00:00,0.5998999999999999
2023-09-27 09:00:00,0.59925
2023-09-27 10:00:00,0.5984999999999999
2023-09-27 11:00:00,0.59825
2023-09-27 12:00:00,0.5987999999999999
2023-09-27 13:00:00,0.5986999999999999
2023-09-27 14:00:00,0.5994499999999999
2023-09-27 15:00:00,0.5983499999999999
2023-09-27 16:00:00,0.5974999999999999
2023-09-27 17:00:00,0.5965999999999999
2023-09-27 18:00:00,0.5977499999999999
2023-09-27 19:00:00,0.5977499999999999
2023-09-27 20:00:00,0.59805
2023-09-27 22:00:00,0.5973999999999999
2023-09-27 23:00:00,0.5973499999999999
2023-09-28 00:00:00,0.5986999999999999
2023-09-28 01:00:00,0.5997999999999999
2023-09-28 02:00:00,0.59905
2023-09-28 03:00:00,0.60005
2023-09-28 04:00:00,0.5996999999999999
2023-09-28 05:00:00,0.6003
2023-09-28 06:00:00,0.5995999999999999
2023-09-28 07:00:00,0.5995499999999999
2023-09-28 08:00:00,0.60015
2023-09-28 09:00:00,0.6008499999999999
2023-09-28 10:00:00,0.6017999999999999
2023-09-28 11:00:00,0.60105
2023-09-28 12:00:00,0.5994999999999999
2023-09-28 13:00:00,0.6006999999999999
2023-09-28 14:00:00,0.6014499999999999
2023-09-28 15:00:00,0.6026499999999999
2023-09-28 16:00:00,0.60215
2023-09-28 17:00:00,0.6017499999999999
2023-09-28 18:00:00,0.60225
2023-09-28 19:00:00,0.6022
2023-09-28 20:00:00,0.6017999999999999
2023-09-28 22:00:00,0.6021
2023-09-28 23:00:00,0.6021
2023-09-29 00:00:00,0.6023
2023-09-29 01:00:00,0.6046499999999999
2023-09-29 02:00:00,0.6057499999999999
2023-09-29 03:00:00,0.6056999999999999
2023-09-29 04:00:00,0.6061
2023-09-29 05:00:00,0.6058499999999999
2023-09-29 06:00:00,0.6084999999999999
2023-09-29 07:00:00,0.6085499999999999
2023-09-29 08:00:00,0.6086999999999999
2023-09-29 09:00:00,0.61005
2023-09-29 10:00:00,0.6099499999999999
2023-09-29 11:00:00,0.6084499999999999
2023-09-29 12:00:00,0.60935
2023-09-29 13:00:00,0.6078499999999999
2023-09-29 14:00:00,0.6066499999999999
2023-09-29 15:00:00,0.6066499999999999
2023-09-29 16:00:00,0.60615
2023-09-29 17:00:00,0.6048999999999999
2023-09-29 18:00:00,0.6058499999999999
2023-09-29 19:00:00,0.6058999999999999
2023-09-29 20:00:00,0.6053999999999999
2023-10-01 22:00:00,0.6049499999999999
2023-10-01 23:00:00,0.60525
2023-10-02 00:00:00,0.6048499999999999
2023-10-02 01:00:00,0.60525
2023-10-02 02:00:00,0.6046499999999999
2023-10-02 03:00:00,0.6047999999999999
2023-10-02 04:00:00,0.6045499999999999
2023-10-02 05:00:00,0.6003499999999999
2023-10-02 06:00:00,0.6058999999999999
2023-10-02 07:00:00,0.6049499999999999
2023-10-02 08:00:00,0.6038999999999999
2023-10-02 09:00:00,0.6029499999999999
2023-10-02 10:00:00,0.6031
2023-10-02 11:00:00,0.6025499999999999
2023-10-02 12:00:00,0.6023999999999999
2023-10-02 13:00:00,0.6014999999999999
2023-10-02 14:00:00,0.60115
2023-10-02 15:00:00,0.6013499999999999
2023-10-02 16:00:00,0.6003499999999999
2023-10-02 17:00:00,0.6008999999999999
2023-10-02 18:00:00,0.6003
2023-10-02 19:00:00,0.60025
2023-10-02 20:00:00,0.6003499999999999
2023-10-02 22:00:00,0.6003999999999999
2023-10-02 23:00:00,0.5997499999999999
2023-10-03 00:00:00,0.5995999999999999
2023-10-03 01:00:00,0.5982
2023-10-03 02:00:00,0.5977
2023-10-03 03:00:00,0.5982
2023-10-03 04:00:00,0.5967499999999999
2023-10-03 05:00:00,0.5966499999999999
2023-10-03 06:00:00,0.5973999999999999
2023-10-03 07:00:00,0.5964499999999999
2023-10-03 08:00:00,0.59695
2023-10-03 09:00:00,0.5958499999999999
2023-10-03 10:00:00,0.59525
2023-10-03 11:00:00,0.5955499999999999
2023-10-03 12:00:00,0.5954499999999999
2023-10-03 13:00:00,0.59705
2023-10-03 14:00:00,0.5962
2023-10-03 15:00:00,0.59495
2023-10-03 16:00:00,0.5957499999999999
2023-10-03 17:00:00,0.5958499999999999
2023-10-03 18:00:00,0.5964999999999999
2023-10-03 19:00:00,0.5964999999999999
2023-10-03 20:00:00,0.5966499999999999
2023-10-03 22:00:00,0.596
2023-10-03 23:00:00,0.59695
2023-10-04 00:00:00,0.5978999999999999
2023-10-04 01:00:00,0.59405
2023-10-04 02:00:00,0.5944499999999999
2023-10-04 03:00:00,0.5941
2023-10-04 04:00:00,0.596
2023-10-04 05:00:00,0.5951
2023-10-04 06:00:00,0.5942999999999999
2023-10-04 07:00:00,0.5953499999999999
2023-10-04 08:00:00,0.59595
2023-10-04 09:00:00,0.5958499999999999
2023-10-04 10:00:00,0.5955999999999999
2023-10-04 11:00:00,0.5957499999999999
2023-10-04 12:00:00,0.5975499999999999
2023-10-04 13:00:00,0.5965999999999999
2023-10-04 14:00:00,0.5946499999999999
2023-10-04 15:00:00,0.5978999999999999
2023-10-04 16:00:00,0.5974999999999999
2023-10-04 17:00:00,0.5964999999999999
2023-10-04 18:00:00,0.5965499999999999
2023-10-04 19:00:00,0.5964499999999999
2023-10-04 20:00:00,0.5972
2023-10-04 22:00:00,0.5973499999999999
2023-10-04 23:00:00,0.5975999999999999
2023-10-05 00:00:00,0.599
2023-10-05 01:00:00,0.6003499999999999
2023-10-05 02:00:00,0.6002
2023-10-05 03:00:00,0.6005499999999999
2023-10-05 04:00:00,0.6006999999999999
2023-10-05 05:00:00,0.6023999999999999
2023-10-05 06:00:00,0.59905
2023-10-05 07:00:00,0.5988499999999999
2023-10-05 08:00:00,0.59805
2023-10-05 09:00:00,0.5988999999999999
2023-10-05 10:00:00,0.6002
2023-10-05 11:00:00,0.60005
2023-10-05 12:00:00,0.5997499999999999
2023-10-05 13:00:00,0.6007499999999999
2023-10-05 14:00:00,0.60025
2023-10-05 15:00:00,0.60025
2023-10-05 16:00:00,0.6015499999999999
2023-10-05 17:00:00,0.6018999999999999
2023-10-05 18:00:00,0.6023
2023-10-05 19:00:00,0.6023
2023-10-05 20:00:00,0.6024499999999999
2023-10-05 22:00:00,0.6023499999999999
2023-10-05 23:00:00,0.6023999999999999
2023-10-06 00:00:00,0.6023999999999999
2023-10-06 01:00:00,0.60215
2023-10-06 02:00:00,0.6025499999999999
2023-10-06 03:00:00,0.60205
2023-10-06 04:00:00,0.6015499999999999
2023-10-06 05:00:00,0.6057499999999999
2023-10-06 06:00:00,0.60115
2023-10-06 07:00:00,0.6023
2023-10-06 08:00:00,0.6021
2023-10-06 09:00:00,0.6019499999999999
2023-10-06 10:00:00,0.6021
2023-10-06 11:00:00,0.60225
2023-10-06 12:00:00,0.5992
2023-10-06 13:00:00,0.5998499999999999
2023-10-06 14:00:00,0.6013
2023-10-06 15:00:00,0.6052
2023-10-06 16:00:00,0.6041
2023-10-06 17:00:00,0.6048499999999999
2023-10-06 18:00:00,0.6057499999999999
2023-10-06 19:00:00,0.6058499999999999
2023-10-06 20:00:00,0.6048999999999999
2023-10-08 22:00:00,0.6023499999999999
2023-10-08 23:00:00,0.6029499999999999
2023-10-09 00:00:00,0.6043
2023-10-09 01:00:00,0.6038499999999999
2023-10-09 02:00:00,0.6037499999999999
2023-10-09 03:00:00,0.6027499999999999
2023-10-09 04:00:00,0.6023499999999999
2023-10-09 05:00:00,0.6028999999999999
2023-10-09 06:00:00,0.602
2023-10-09 07:00:00,0.603
2023-10-09 08:00:00,0.60315
2023-10-09 09:00:00,0.6033
2023-10-09 10:00:00,0.6033999999999999
2023-10-09 11:00:00,0.6035999999999999
2023-10-09 12:00:00,0.60425
2023-10-09 13:00:00,0.6058499999999999
2023-10-09 14:00:00,0.6057999999999999
2023-10-09 15:00:00,0.6058999999999999
2023-10-09 16:00:00,0.6058999999999999
2023-10-09 17:00:00,0.6074999999999999
2023-10-09 18:00:00,0.60825
2023-10-09 19:00:00,0.6085499999999999
2023-10-09 20:00:00,0.60815
2023-10-09 22:00:00,0.6077999999999999
2023-10-09 23:00:00,0.6088999999999999
2023-10-10 00:00:00,0.6086999999999999
2023-10-10 01:00:00,0.6092
2023-10-10 02:00:00,0.6078999999999999
2023-10-10 03:00:00,0.6079499999999999
2023-10-10 04:00:00,0.6074499999999999
2023-10-10 05:00:00,0.6095999999999999
2023-10-10 06:00:00,0.6068499999999999
2023-10-10 07:00:00,0.60615
2023-10-10 08:00:00,0.6078499999999999
2023-10-10 09:00:00,0.6078999999999999
2023-10-10 10:00:00,0.60715
2023-10-10 11:00:00,0.60625
2023-10-10 12:00:00,0.6069499999999999
2023-10-10 13:00:00,0.60735
2023-10-10 14:00:00,0.60835
2023-10-10 15:00:00,0.6098999999999999
2023-10-10 16:00:00,0.6098999999999999
2023-10-10 17:00:00,0.6088499999999999
2023-10-10 18:00:00,0.6095499999999999
2023-10-10 19:00:00,0.6097499999999999
2023-10-10 20:00:00,0.6103999999999999
2023-10-10 22:00:00,0.6098999999999999
2023-10-10 23:00:00,0.6099499999999999
2023-10-11 00:00:00,0.6106499999999999
2023-10-11 01:00:00,0.6102
2023-10-11 02:00:00,0.6095499999999999
2023-10-11 03:00:00,0.6085999999999999
2023-10-11 04:00:00,0.6083
2023-10-11 05:00:00,0.60735
2023-10-11 06:00:00,0.60835
2023-10-11 07:00:00,0.60815
2023-10-11 08:00:00,0.60805
2023-10-11 09:00:00,0.60815
2023-10-11 10:00:00,0.6081
2023-10-11 11:00:00,0.6076499999999999
2023-10-11 12:00:00,0.60835
2023-10-11 13:00:00,0.6086499999999999
2023-10-11 14:00:00,0.6086499999999999
2023-10-11 15:00:00,0.6079999999999999
2023-10-11 16:00:00,0.6077499999999999
2023-10-11 17:00:00,0.60705
2023-10-11 18:00:00,0.60735
2023-10-11 19:00:00,0.6074499999999999
2023-10-11 20:00:00,0.6077499999999999
2023-10-11 22:00:00,0.6077999999999999
2023-10-11 23:00:00,0.6076999999999999
2023-10-12 00:00:00,0.6076999999999999
2023-10-12 01:00:00,0.6079999999999999
2023-10-12 02:00:00,0.6066999999999999
2023-10-12 03:00:00,0.60715
2023-10-12 04:00:00,0.6074499999999999
2023-10-12 05:00:00,0.6071
2023-10-12 06:00:00,0.6067499999999999
2023-10-12 07:00:00,0.6057999999999999
2023-10-12 08:00:00,0.6059999999999999
2023-10-12 09:00:00,0.6059499999999999
2023-10-12 10:00:00,0.6054999999999999
2023-10-12 11:00:00,0.6057999999999999
2023-10-12 12:00:00,0.6038499999999999
2023-10-12 13:00:00,0.6011
2023-10-12 14:00:00,0.6009499999999999
2023-10-12 15:00:00,0.5998999999999999
2023-10-12 16:00:00,0.5992999999999999
2023-10-12 17:00:00,0.5986499999999999
2023-10-12 18:00:00,0.5986999999999999
2023-10-12 19:00:00,0.5986499999999999
2023-10-12 20:00:00,0.5983999999999999
2023-10-12 22:00:00,0.59805
2023-10-12 23:00:00,0.5977999999999999
2023-10-13 00:00:00,0.5984999999999999
2023-10-13 01:00:00,0.5978999999999999
2023-10-13 02:00:00,0.5977999999999999
2023-10-13 03:00:00,0.5974999999999999
2023-10-13 04:00:00,0.59725
2023-10-13 05:00:00,0.5978499999999999
2023-10-13 06:00:00,0.59715
2023-10-13 07:00:00,0.59795
2023-10-13 08:00:00,0.59725
2023-10-13 09:00:00,0.5967499999999999
2023-10-13 10:00:00,0.59625
2023-10-13 11:00:00,0.5964999999999999
2023-10-13 12:00:00,0.5976499999999999
2023-10-13 13:00:00,0.5964999999999999
2023-10-13 14:00:00,0.59515
2023-10-13 15:00:00,0.5947999999999999
2023-10-13 16:00:00,0.5948999999999999
2023-10-13 17:00:00,0.5952
2023-10-13 18:00:00,0.5947499999999999
2023-10-13 19:00:00,0.59495
2023-10-13 20:00:00,0.594
2023-10-15 22:00:00,0.596
2023-10-15 23:00:00,0.5963999999999999
2023-10-16 00:00:00,0.5962
2023-10-16 01:00:00,0.5975999999999999
2023-10-16 02:00:00,0.5977499999999999
2023-10-16 03:00:00,0.5981
2023-10-16 04:00:00,0.5981
2023-10-16 05:00:00,0.5984499999999999
2023-10-16 06:00:00,0.5976499999999999
2023-10-16 07:00:00,0.5983999999999999
2023-10-16 08:00:00,0.5977
2023-10-16 09:00:00,0.5973999999999999
2023-10-16 10:00:00,0.59725
2023-10-16 11:00:00,0.59805
2023-10-16 12:00:00,0.5982
2023-10-16 13:00:00,0.59695
2023-10-16 14:00:00,0.5977499999999999
2023-10-16 15:00:00,0.59795
2023-10-16 16:00:00,0.59815
2023-10-16 17:00:00,0.5986499999999999
2023-10-16 18:00:00,0.5984499999999999
2023-10-16 19:00:00,0.5983499999999999
2023-10-16 20:00:00,0.5985999999999999
2023-10-16 22:00:00,0.59595
2023-10-16 23:00:00,0.5957999999999999
2023-10-17 00:00:00,0.5964999999999999
2023-10-17 01:00:00,0.59605
2023-10-17 02:00:00,0.5964499999999999
2023-10-17 03:00:00,0.59595
2023-10-17 04:00:00,0.59595
2023-10-17 05:00:00,0.5955999999999999
2023-10-17 06:00:00,0.5953499999999999
2023-10-17 07:00:00,0.5953499999999999
2023-10-17 08:00:00,0.59405
2023-10-17 09:00:00,0.5946499999999999
2023-10-17 10:00:00,0.5942
2023-10-17 11:00:00,0.5955999999999999
2023-10-17 12:00:00,0.5933999999999999
2023-10-17 13:00:00,0.59395
2023-10-17 14:00:00,0.5956499999999999
2023-10-17 15:00:00,0.5963999999999999
2023-10-17 16:00:00,0.5958499999999999
2023-10-17 17:00:00,0.5946499999999999
2023-10-17 18:00:00,0.595
2023-10-17 19:00:00,0.5951
2023-10-17 20:00:00,0.5953499999999999
2023-10-17 22:00:00,0.5951
2023-10-17 23:00:00,0.5952
2023-10-18 00:00:00,0.5943499999999999
2023-10-18 01:00:00,0.5943499999999999
2023-10-18 02:00:00,0.59625
2023-10-18 03:00:00,0.5962999999999999
2023-10-18 04:00:00,0.5963499999999999
2023-10-18 05:00:00,0.5915499999999999
2023-10-18 06:00:00,0.59695
2023-10-18 07:00:00,0.5962
2023-10-18 08:00:00,0.596
2023-10-18 09:00:00,0.5958499999999999
2023-10-18 10:00:00,0.59505
2023-10-18 11:00:00,0.5948499999999999
2023-10-18 12:00:00,0.5941
2023-10-18 13:00:00,0.5935999999999999
2023-10-18 14:00:00,0.59215
2023-10-18 15:00:00,0.5914499999999999
2023-10-18 16:00:00,0.5914499999999999
2023-10-18 17:00:00,0.59295
2023-10-18 18:00:00,0.5915499999999999
2023-10-18 19:00:00,0.5912499999999999
2023-10-18 20:00:00,0.5912999999999999
2023-10-18 22:00:00,0.5907999999999999
2023-10-18 23:00:00,0.59105
2023-10-19 00:00:00,0.5904499999999999
2023-10-19 01:00:00,0.5894499999999999
2023-10-19 02:00:00,0.58905
2023-10-19 03:00:00,0.5884499999999999
2023-10-19 04:00:00,0.5883499999999999
2023-10-19 05:00:00,0.59015
2023-10-19 06:00:00,0.5886499999999999
2023-10-19 07:00:00,0.5875999999999999
2023-10-19 08:00:00,0.5877499999999999
2023-10-19 09:00:00,0.588
2023-10-19 10:00:00,0.5885999999999999
2023-10-19 11:00:00,0.5882499999999999
2023-10-19 12:00:00,0.5891
2023-10-19 13:00:00,0.5895499999999999
2023-10-19 14:00:00,0.5891
2023-10-19 15:00:00,0.5895499999999999
2023-10-19 16:00:00,0.5915999999999999
2023-10-19 17:00:00,0.5912
2023-10-19 18:00:00,0.5901
2023-10-19 19:00:00,0.5907999999999999
2023-10-19 20:00:00,0.5905999999999999
2023-10-19 22:00:00,0.5896499999999999
2023-10-19 23:00:00,0.5898499999999999
2023-10-20 00:00:00,0.5889
2023-10-20 01:00:00,0.5886499999999999
2023-10-20 02:00:00,0.5895499999999999
2023-10-20 03:00:00,0.589
2023-10-20 04:00:00,0.5887499999999999
2023-10-20 05:00:00,0.58805
2023-10-20 06:00:00,0.5886999999999999
2023-10-20 07:00:00,0.5877999999999999
2023-10-20 08:00:00,0.58895
2023-10-20 09:00:00,0.5889
2023-10-20 10:00:00,0.5884999999999999
2023-10-20 11:00:00,0.5885999999999999
2023-10-20 12:00:00,0.5881
2023-10-20 13:00:00,0.58895
2023-10-20 14:00:00,0.5884999999999999
2023-10-20 15:00:00,0.5884999999999999
2023-10-20 16:00:00,0.5887999999999999
2023-10-20 17:00:00,0.5886999999999999
2023-10-20 18:00:00,0.588
2023-10-20 19:00:00,0.5881
2023-10-20 20:00:00,0.5885499999999999
2023-10-22 22:00:00,0.5885999999999999
2023-10-22 23:00:00,0.5885499999999999
2023-10-23 00:00:00,0.58795
2023-10-23 01:00:00,0.5885499999999999
2023-10-23 02:00:00,0.5877499999999999
2023-10-23 03:00:00,0.5879
2023-10-23 04:00:00,0.5879
2023-10-23 05:00:00,0.5882499999999999
2023-10-23 06:00:00,0.5883499999999999
2023-10-23 07:00:00,0.5877
2023-10-23 08:00:00,0.5872499999999999
2023-10-23 09:00:00,0.5867499999999999
2023-10-23 10:00:00,0.5872499999999999
2023-10-23 11:00:00,0.5877499999999999
2023-10-23 12:00:00,0.5876499999999999
2023-10-23 13:00:00,0.5883499999999999
2023-10-23 14:00:00,0.58915
2023-10-23 15:00:00,0.5899
2023-10-23 16:00:00,0.5908499999999999
2023-10-23 17:00:00,0.59095
2023-10-23 18:00:00,0.59105
2023-10-23 19:00:00,0.59105
2023-10-23 20:00:00,0.5903499999999999
2023-10-23 22:00:00,0.5906499999999999
2023-10-23 23:00:00,0.5907999999999999
2023-10-24 00:00:00,0.59105
2023-10-24 01:00:00,0.5906499999999999
2023-10-24 02:00:00,0.5916999999999999
2023-10-24 03:00:00,0.5915999999999999
2023-10-24 04:00:00,0.5913999999999999
2023-10-24 05:00:00,0.5898499999999999
2023-10-24 06:00:00,0.5927999999999999
2023-10-24 07:00:00,0.5916499999999999
2023-10-24 08:00:00,0.5915499999999999
2023-10-24 09:00:00,0.5907499999999999
2023-10-24 10:00:00,0.59015
2023-10-24 11:00:00,0.5907499999999999
2023-10-24 12:00:00,0.5905999999999999
2023-10-24 13:00:00,0.5899
2023-10-24 14:00:00,0.5898499999999999
2023-10-24 15:00:00,0.58895
2023-10-24 16:00:00,0.58905
2023-10-24 17:00:00,0.5898499999999999
2023-10-24 18:00:00,0.5899
2023-10-24 19:00:00,0.59005
2023-10-24 20:00:00,0.5901
2023-10-24 22:00:00,0.58995
2023-10-24 23:00:00,0.5903499999999999
2023-10-25 00:00:00,0.5916999999999999
2023-10-25 01:00:00,0.5913999999999999
2023-10-25 02:00:00,0.5912
2023-10-25 03:00:00,0.5909
2023-10-25 04:00:00,0.59115
2023-10-25 05:00:00,0.5907499999999999
2023-10-25 06:00:00,0.5903999999999999
2023-10-25 07:00:00,0.58995
2023-10-25 08:00:00,0.5897499999999999
2023-10-25 09:00:00,0.588
2023-10-25 10:00:00,0.5877499999999999
2023-10-25 11:00:00,0.5875999999999999
2023-10-25 12:00:00,0.5876499999999999
2023-10-25 13:00:00,0.5878499999999999
2023-10-25 14:00:00,0.5882
2023-10-25 15:00:00,0.58805
2023-10-25 16:00:00,0.5872499999999999
2023-10-25 17:00:00,0.5865999999999999
2023-10-25 18:00:00,0.5863999999999999
2023-10-25 19:00:00,0.5863999999999999
2023-10-25 20:00:00,0.58585
2023-10-25 22:00:00,0.5846499999999999
2023-10-25 23:00:00,0.58485
2023-10-26 00:00:00,0.584
2023-10-26 01:00:00,0.5844499999999999
2023-10-26 02:00:00,0.5833499999999999
2023-10-26 03:00:00,0.5835499999999999
2023-10-26 04:00:00,0.5837999999999999
2023-10-26 05:00:00,0.5882
2023-10-26 06:00:00,0.5846499999999999
2023-10-26 07:00:00,0.5856999999999999
2023-10-26 08:00:00,0.58615
2023-10-26 09:00:00,0.5863499999999999
2023-10-26 10:00:00,0.5857499999999999
2023-10-26 11:00:00,0.5851999999999999
2023-10-26 12:00:00,0.5875499999999999
2023-10-26 13:00:00,0.5875499999999999
2023-10-26 14:00:00,0.5877499999999999
2023-10-26 15:00:00,0.58715
2023-10-26 16:00:00,0.5866999999999999
2023-10-26 17:00:00,0.58795
2023-10-26 18:00:00,0.58815
2023-10-26 19:00:00,0.5882999999999999
2023-10-26 20:00:00,0.5877499999999999
2023-10-26 22:00:00,0.5878499999999999
2023-10-26 23:00:00,0.5885499999999999
2023-10-27 00:00:00,0.5882
2023-10-27 01:00:00,0.5883999999999999
2023-10-27 02:00:00,0.5884499999999999
2023-10-27 03:00:00,0.588
2023-10-27 04:00:00,0.5881
2023-10-27 05:00:00,0.58795
2023-10-27 06:00:00,0.5872999999999999
2023-10-27 07:00:00,0.5876499999999999
2023-10-27 08:00:00,0.5883999999999999
2023-10-27 09:00:00,0.58895
2023-10-27 10:00:00,0.58805
2023-10-27 11:00:00,0.5875999999999999
2023-10-27 12:00:00,0.5887499999999999
2023-10-27 13:00:00,0.5888499999999999
2023-10-27 14:00:00,0.5883999999999999
2023-10-27 15:00:00,0.58815
2023-10-27 16:00:00,0.5873999999999999
2023-10-27 17:00:00,0.5869
2023-10-27 18:00:00,0.5869
2023-10-27 19:00:00,0.587
2023-10-27 20:00:00,0.5866999999999999
2023-10-29 22:00:00,0.5865999999999999
2023-10-29 23:00:00,0.5864999999999999
2023-10-30 00:00:00,0.5873999999999999
2023-10-30 01:00:00,0.588
2023-10-30 02:00:00,0.5883499999999999
2023-10-30 03:00:00,0.58815
2023-10-30 04:00:00,0.5884999999999999
2023-10-30 05:00:00,0.5899
2023-10-30 06:00:00,0.58895
2023-10-30 07:00:00,0.5883499999999999
2023-10-30 08:00:00,0.5881
2023-10-30 09:00:00,0.5892999999999999
2023-10-30 10:00:00,0.5887499999999999
2023-10-30 11:00:00,0.5892
2023-10-30 12:00:00,0.58915
2023-10-30 13:00:00,0.5892
2023-10-30 14:00:00,0.58905
2023-10-30 15:00:00,0.5892
2023-10-30 16:00:00,0.5888499999999999
2023-10-30 17:00:00,0.5892499999999999
2023-10-30 18:00:00,0.5898499999999999
2023-10-30 19:00:00,0.59005
2023-10-30 20:00:00,0.59005
2023-10-30 22:00:00,0.5893999999999999
2023-10-30 23:00:00,0.5896999999999999
2023-10-31 00:00:00,0.5895499999999999
2023-10-31 01:00:00,0.5894499999999999
2023-10-31 02:00:00,0.589
2023-10-31 03:00:00,0.5886999999999999
2023-10-31 04:00:00,0.5883499999999999
2023-10-31 05:00:00,0.58805
2023-10-31 06:00:00,0.58915
2023-10-31 07:00:00,0.5901
2023-10-31 08:00:00,0.59105
2023-10-31 09:00:00,0.5909
2023-10-31 10:00:00,0.5909
2023-10-31 11:00:00,0.5906499999999999
2023-10-31 12:00:00,0.5888499999999999
2023-10-31 13:00:00,0.5879
2023-10-31 14:00:00,0.5877
2023-10-31 15:00:00,0.5873999999999999
2023-10-31 16:00:00,0.5867999999999999
2023-10-31 17:00:00,0.5876499999999999
2023-10-31 18:00:00,0.58805
2023-10-31 19:00:00,0.5883499999999999
2023-10-31 20:00:00,0.5882999999999999
2023-10-31 22:00:00,0.5865499999999999
2023-10-31 23:00:00,0.5864999999999999
2023-11-01 00:00:00,0.5857999999999999
2023-11-01 01:00:00,0.5849
2023-11-01 02:00:00,0.5857999999999999
2023-11-01 03:00:00,0.5862999999999999
2023-11-01 04:00:00,0.5863999999999999
2023-11-01 05:00:00,0.5864499999999999
2023-11-01 06:00:00,0.5873999999999999
2023-11-01 07:00:00,0.58715
2023-11-01 08:00:00,0.5875999999999999
2023-11-01 09:00:00,0.5876499999999999
2023-11-01 10:00:00,0.5881
2023-11-01 11:00:00,0.588
2023-11-01 12:00:00,0.5886999999999999
2023-11-01 13:00:00,0.5886499999999999
2023-11-01 14:00:00,0.5902499999999999
2023-11-01 15:00:00,0.5886999999999999
2023-11-01 16:00:00,0.5883499999999999
2023-11-01 17:00:00,0.5884499999999999
2023-11-01 18:00:00,0.5898499999999999
2023-11-01 19:00:00,0.5907499999999999
2023-11-01 20:00:00,0.5907499999999999
2023-11-01 22:00:00,0.5921
2023-11-01 23:00:00,0.5936499999999999
2023-11-02 00:00:00,0.59495
2023-11-02 01:00:00,0.5948999999999999
2023-11-02 02:00:00,0.5948999999999999
2023-11-02 03:00:00,0.5946499999999999
2023-11-02 04:00:00,0.594
2023-11-02 05:00:00,0.59525
2023-11-02 06:00:00,0.5941
2023-11-02 07:00:00,0.59415
2023-11-02 08:00:00,0.5944499999999999
2023-11-02 09:00:00,0.5962999999999999
2023-11-02 10:00:00,0.5965499999999999
2023-11-02 11:00:00,0.5953499999999999
2023-11-02 12:00:00,0.5972999999999999
2023-11-02 13:00:00,0.5956999999999999
2023-11-02 14:00:00,0.5946499999999999
2023-11-02 15:00:00,0.5942
2023-11-02 16:00:00,0.5938499999999999
2023-11-02 17:00:00,0.5951
2023-11-02 18:00:00,0.5952999999999999
2023-11-02 19:00:00,0.5954499999999999
2023-11-02 20:00:00,0.5954499999999999
2023-11-02 22:00:00,0.5953499999999999
2023-11-02 23:00:00,0.59525
2023-11-03 00:00:00,0.5945499999999999
2023-11-03 01:00:00,0.5947499999999999
2023-11-03 02:00:00,0.59525
2023-11-03 03:00:00,0.5953499999999999
2023-11-03 04:00:00,0.5956499999999999
2023-11-03 05:00:00,0.6053999999999999
2023-11-03 06:00:00,0.5964499999999999
2023-11-03 07:00:00,0.5965499999999999
2023-11-03 08:00:00,0.5965999999999999
2023-11-03 09:00:00,0.5976499999999999
2023-11-03 10:00:00,0.5978999999999999
2023-11-03 11:00:00,0.59805
2023-11-03 12:00:00,0.6029499999999999
2023-11-03 13:00:00,0.60405
2023-11-03 14:00:00,0.6035499999999999
2023-11-03 15:00:00,0.6046499999999999
2023-11-03 16:00:00,0.6053
2023-11-03 17:00:00,0.60505
2023-11-03 18:00:00,0.6053499999999999
2023-11-03 19:00:00,0.6047999999999999
2023-11-03 20:00:00,0.6056499999999999
2023-11-05 23:00:00,0.6053
2023-11-06 00:00:00,0.6049499999999999
2023-11-06 01:00:00,0.6045499999999999
2023-11-06 02:00:00,0.6044999999999999
2023-11-06 03:00:00,0.6047499999999999
2023-11-06 04:00:00,0.605
2023-11-06 05:00:00,0.6054999999999999
2023-11-06 06:00:00,0.6024999999999999
2023-11-06 07:00:00,0.6045499999999999
2023-11-06 08:00:00,0.60525
2023-11-06 09:00:00,0.6043499999999999
2023-11-06 10:00:00,0.6033999999999999
2023-11-06 11:00:00,0.6038499999999999
2023-11-06 12:00:00,0.6027999999999999
2023-11-06 13:00:00,0.6028999999999999
2023-11-06 14:00:00,0.603
2023-11-06 15:00:00,0.6035999999999999
2023-11-06 16:00:00,0.6035499999999999
2023-11-06 17:00:00,0.6033999999999999
2023-11-06 18:00:00,0.6035499999999999
2023-11-06 19:00:00,0.6024999999999999
2023-11-06 20:00:00,0.6023999999999999
2023-11-06 21:00:00,0.60215
2023-11-06 23:00:00,0.6018999999999999
2023-11-07 00:00:00,0.60125
2023-11-07 01:00:00,0.6008499999999999
2023-11-07 02:00:00,0.60125
2023-11-07 03:00:00,0.6007999999999999
2023-11-07 04:00:00,0.5991
2023-11-07 05:00:00,0.5991
2023-11-07 06:00:00,0.59825
2023-11-07 07:00:00,0.5976499999999999
2023-11-07 08:00:00,0.5983499999999999
2023-11-07 09:00:00,0.5975999999999999
2023-11-07 10:00:00,0.5981
2023-11-07 11:00:00,0.5973999999999999
2023-11-07 12:00:00,0.59725
2023-11-07 13:00:00,0.5977
2023-11-07 14:00:00,0.59795
2023-11-07 15:00:00,0.5985499999999999
2023-11-07 16:00:00,0.5987499999999999
2023-11-07 17:00:00,0.5978999999999999
2023-11-07 18:00:00,0.5995999999999999
2023-11-07 19:00:00,0.5994499999999999
2023-11-07 20:00:00,0.5994499999999999
2023-11-07 21:00:00,0.5992999999999999
2023-11-07 23:00:00,0.5992
2023-11-08 00:00:00,0.5984499999999999
2023-11-08 01:00:00,0.5985999999999999
2023-11-08 02:00:00,0.5994999999999999
2023-11-08 03:00:00,0.5993499999999999
2023-11-08 04:00:00,0.5996999999999999
2023-11-08 05:00:00,0.59895
2023-11-08 06:00:00,0.599
2023-11-08 07:00:00,0.5995499999999999
2023-11-08 08:00:00,0.59925
2023-11-08 09:00:00,0.598
2023-11-08 10:00:00,0.5982999999999999
2023-11-08 11:00:00,0.5988999999999999
2023-11-08 12:00:00,0.59795
2023-11-08 13:00:00,0.5982999999999999
2023-11-08 14:00:00,0.5985499999999999
2023-11-08 15:00:00,0.5977
2023-11-08 16:00:00,0.5984499999999999
2023-11-08 17:00:00,0.5978499999999999
2023-11-08 18:00:00,0.5975999999999999
2023-11-08 19:00:00,0.5966499999999999
2023-11-08 20:00:00,0.5964499999999999
2023-11-08 21:00:00,0.5968499999999999
2023-11-08 23:00:00,0.597
2023-11-09 00:00:00,0.5966999999999999
2023-11-09 01:00:00,0.5977499999999999
2023-11-09 02:00:00,0.5976499999999999
2023-11-09 03:00:00,0.59805
2023-11-09 04:00:00,0.5984999999999999
2023-11-09 05:00:00,0.59825
2023-11-09 06:00:00,0.5961
2023-11-09 07:00:00,0.5988499999999999
2023-11-09 08:00:00,0.5986999999999999
2023-11-09 09:00:00,0.599
2023-11-09 10:00:00,0.5988999999999999
2023-11-09 11:00:00,0.5985499999999999
2023-11-09 12:00:00,0.5986499999999999
2023-11-09 13:00:00,0.59925
2023-11-09 14:00:00,0.6008999999999999
2023-11-09 15:00:00,0.6007499999999999
2023-11-09 16:00:00,0.6002
2023-11-09 17:00:00,0.5996499999999999
2023-11-09 18:00:00,0.5984499999999999
2023-11-09 19:00:00,0.59615
2023-11-09 20:00:00,0.59595
2023-11-09 21:00:00,0.595
2023-11-09 23:00:00,0.5945999999999999
2023-11-10 00:00:00,0.595
2023-11-10 01:00:00,0.5954499999999999
2023-11-10 02:00:00,0.59495
2023-11-10 03:00:00,0.59495
2023-11-10 04:00:00,0.5952999999999999
2023-11-10 05:00:00,0.5951
2023-11-10 06:00:00,0.5958499999999999
2023-11-10 07:00:00,0.5954999999999999
2023-11-10 08:00:00,0.5945499999999999
2023-11-10 09:00:00,0.5948499999999999
2023-11-10 10:00:00,0.5952999999999999
2023-11-10 11:00:00,0.5948999999999999
2023-11-10 12:00:00,0.5953499999999999
2023-11-10 13:00:00,0.5956999999999999
2023-11-10 14:00:00,0.5944499999999999
2023-11-10 15:00:00,0.5942999999999999
2023-11-10 16:00:00,0.59395
2023-11-10 17:00:00,0.5945999999999999
2023-11-10 18:00:00,0.5947999999999999
2023-11-10 19:00:00,0.5945499999999999
2023-11-10 20:00:00,0.5946499999999999
2023-11-10 21:00:00,0.5947499999999999
2023-11-12 23:00:00,0.59515
2023-11-13 00:00:00,0.5946499999999999
2023-11-13 01:00:00,0.5948999999999999
2023-11-13 02:00:00,0.5946999999999999
2023-11-13 03:00:00,0.59505
2023-11-13 04:00:00,0.59495
2023-11-13 05:00:00,0.5951
2023-11-13 06:00:00,0.59415
2023-11-13 07:00:00,0.59505
2023-11-13 08:00:00,0.5942
2023-11-13 09:00:00,0.59425
2023-11-13 10:00:00,0.5946499999999999
2023-11-13 11:00:00,0.5941
2023-11-13 12:00:00,0.5938499999999999
2023-11-13 13:00:00,0.5934499999999999
2023-11-13 14:00:00,0.593
2023-11-13 15:00:00,0.5942
2023-11-13 16:00:00,0.5947499999999999
2023-11-13 17:00:00,0.5943999999999999
2023-11-13 18:00:00,0.5946499999999999
2023-11-13 19:00:00,0.59425
2023-11-13 20:00:00,0.59405
2023-11-13 21:00:00,0.5933499999999999
2023-11-13 23:00:00,0.5938999999999999
2023-11-14 00:00:00,0.5936999999999999
2023-11-14 01:00:00,0.5934999999999999
2023-11-14 02:00:00,0.5935499999999999
2023-11-14 03:00:00,0.593
2023-11-14 04:00:00,0.5928499999999999
2023-11-14 05:00:00,0.5923499999999999
2023-11-14 06:00:00,0.6067999999999999
2023-11-14 07:00:00,0.5927999999999999
2023-11-14 08:00:00,0.5924499999999999
2023-11-14 09:00:00,0.5935499999999999
2023-11-14 10:00:00,0.5929
2023-11-14 11:00:00,0.5922999999999999
2023-11-14 12:00:00,0.5922999999999999
2023-11-14 13:00:00,0.5998499999999999
2023-11-14 14:00:00,0.60305
2023-11-14 15:00:00,0.60315
2023-11-14 16:00:00,0.60425
2023-11-14 17:00:00,0.6047499999999999
2023-11-14 18:00:00,0.6053999999999999
2023-11-14 19:00:00,0.6068999999999999
2023-11-14 20:00:00,0.6067999999999999
2023-11-14 21:00:00,0.6066499999999999
2023-11-14 23:00:00,0.6062
2023-11-15 00:00:00,0.6062
2023-11-15 01:00:00,0.6064499999999999
2023-11-15 02:00:00,0.6078999999999999
2023-11-15 03:00:00,0.6082
2023-11-15 04:00:00,0.60825
2023-11-15 05:00:00,0.6082
2023-11-15 06:00:00,0.6081
2023-11-15 07:00:00,0.60915
2023-11-15 08:00:00,0.6096499999999999
2023-11-15 09:00:00,0.6093
2023-11-15 10:00:00,0.6097499999999999
2023-11-15 11:00:00,0.6099999999999999
2023-11-15 12:00:00,0.6096999999999999
2023-11-15 13:00:00,0.6083
2023-11-15 14:00:00,0.6066499999999999
2023-11-15 15:00:00,0.6088499999999999
2023-11-15 16:00:00,0.6084999999999999
2023-11-15 17:00:00,0.6086999999999999
2023-11-15 18:00:00,0.6079999999999999
2023-11-15 19:00:00,0.6081
2023-11-15 20:00:00,0.60805
2023-11-15 21:00:00,0.6079999999999999
2023-11-15 23:00:00,0.6086499999999999
2023-11-16 00:00:00,0.6063999999999999
2023-11-16 01:00:00,0.6046999999999999
2023-11-16 02:00:00,0.6034499999999999
2023-11-16 03:00:00,0.6037499999999999
2023-11-16 04:00:00,0.604
2023-11-16 05:00:00,0.6041
2023-11-16 06:00:00,0.6044999999999999
2023-11-16 07:00:00,0.6038999999999999
2023-11-16 08:00:00,0.6054499999999999
2023-11-16 09:00:00,0.6055999999999999
2023-11-16 10:00:00,0.60505
2023-11-16 11:00:00,0.6047999999999999
2023-11-16 12:00:00,0.6035499999999999
2023-11-16 13:00:00,0.6068499999999999
2023-11-16 14:00:00,0.60605
2023-11-16 15:00:00,0.6053
2023-11-16 16:00:00,0.6033999999999999
2023-11-16 17:00:00,0.60425
2023-11-16 18:00:00,0.6045999999999999
2023-11-16 19:00:00,0.6033999999999999
2023-11-16 20:00:00,0.6034499999999999
2023-11-16 21:00:00,0.6026999999999999
2023-11-16 23:00:00,0.6022
2023-11-17 00:00:00,0.60215
2023-11-17 01:00:00,0.6013
2023-11-17 02:00:00,0.6014999999999999
2023-11-17 03:00:00,0.6015999999999999
2023-11-17 04:00:00,0.6015999999999999
2023-11-17 05:00:00,0.6017499999999999
2023-11-17 06:00:00,0.6013
2023-11-17 07:00:00,0.6008999999999999
2023-11-17 08:00:00,0.6023999999999999
2023-11-17 09:00:00,0.6028999999999999
2023-11-17 10:00:00,0.60525
2023-11-17 11:00:00,0.6041
2023-11-17 12:00:00,0.6037999999999999
2023-11-17 13:00:00,0.60315
2023-11-17 14:00:00,0.6026999999999999
2023-11-17 15:00:00,0.6036499999999999
2023-11-17 16:00:00,0.6025499999999999
2023-11-17 17:00:00,0.6035499999999999
2023-11-17 18:00:00,0.6043999999999999
2023-11-17 19:00:00,0.60415
2023-11-17 20:00:00,0.6044499999999999
2023-11-17 21:00:00,0.605
2023-11-19 23:00:00,0.6052
2023-11-20 00:00:00,0.6055999999999999
2023-11-20 01:00:00,0.6066999999999999
2023-11-20 02:00:00,0.6077999999999999
2023-11-20 03:00:00,0.60835
2023-11-20 04:00:00,0.6087499999999999
2023-11-20 05:00:00,0.6083999999999999
2023-11-20 06:00:00,0.6089499999999999
2023-11-20 07:00:00,0.6087999999999999
2023-11-20 08:00:00,0.6085999999999999
2023-11-20 09:00:00,0.6098499999999999
2023-11-20 10:00:00,0.6086499999999999
2023-11-20 11:00:00,0.6083
2023-11-20 12:00:00,0.6081
2023-11-20 13:00:00,0.6077499999999999
2023-11-20 14:00:00,0.6068499999999999
2023-11-20 15:00:00,0.6075999999999999
2023-11-20 16:00:00,0.6084999999999999
2023-11-20 17:00:00,0.60815
2023-11-20 18:00:00,0.6087999999999999
2023-11-20 19:00:00,0.6089499999999999
2023-11-20 20:00:00,0.6089999999999999
2023-11-20 21:00:00,0.6093999999999999
2023-11-20 23:00:00,0.6096999999999999
2023-11-21 00:00:00,0.61015
2023-11-21 01:00:00,0.6112
2023-11-21 02:00:00,0.6124499999999999
2023-11-21 03:00:00,0.6130499999999999
2023-11-21 04:00:00,0.61225
2023-11-21 05:00:00,0.6117499999999999
2023-11-21 06:00:00,0.6113999999999999
2023-11-21 07:00:00,0.61235
2023-11-21 08:00:00,0.6132
2023-11-21 09:00:00,0.6118499999999999
2023-11-21 10:00:00,0.6125999999999999
2023-11-21 11:00:00,0.6124999999999999
2023-11-21 12:00:00,0.61315
2023-11-21 13:00:00,0.61215
2023-11-21 14:00:00,0.6136999999999999
2023-11-21 15:00:00,0.6115999999999999
2023-11-21 16:00:00,0.6117499999999999
2023-11-21 17:00:00,0.61115
2023-11-21 18:00:00,0.6099499999999999
2023-11-21 19:00:00,0.6106999999999999
2023-11-21 20:00:00,0.6107499999999999
2023-11-21 21:00:00,0.6106999999999999
2023-11-21 23:00:00,0.6111
2023-11-22 00:00:00,0.6113
2023-11-22 01:00:00,0.6105999999999999
2023-11-22 02:00:00,0.6107999999999999
2023-11-22 03:00:00,0.6104499999999999
2023-11-22 04:00:00,0.61005
2023-11-22 05:00:00,0.60905
2023-11-22 06:00:00,0.6079499999999999
2023-11-22 07:00:00,0.6087499999999999
2023-11-22 08:00:00,0.6076499999999999
2023-11-22 09:00:00,0.6085999999999999
2023-11-22 10:00:00,0.60935
2023-11-22 11:00:00,0.6094499999999999
2023-11-22 12:00:00,0.60935
2023-11-22 13:00:00,0.60825
2023-11-22 14:00:00,0.60725
2023-11-22 15:00:00,0.6065999999999999
2023-11-22 16:00:00,0.6069499999999999
2023-11-22 17:00:00,0.6075499999999999
2023-11-22 18:00:00,0.6077999999999999
2023-11-22 19:00:00,0.6079499999999999
2023-11-22 20:00:00,0.6079499999999999
2023-11-22 21:00:00,0.6078999999999999
2023-11-22 23:00:00,0.6077999999999999
2023-11-23 00:00:00,0.6086999999999999
2023-11-23 01:00:00,0.6097499999999999
2023-11-23 02:00:00,0.6106999999999999
2023-11-23 03:00:00,0.6108499999999999
2023-11-23 04:00:00,0.6105999999999999
2023-11-23 05:00:00,0.6115999999999999
2023-11-23 06:00:00,0.6117499999999999
2023-11-23 07:00:00,0.6116999999999999
2023-11-23 08:00:00,0.6112
2023-11-23 09:00:00,0.6105999999999999
2023-11-23 10:00:00,0.6103999999999999
2023-11-23 11:00:00,0.6106999999999999
2023-11-23 12:00:00,0.6098499999999999
2023-11-23 13:00:00,0.61015
2023-11-23 14:00:00,0.6101
2023-11-23 15:00:00,0.6103
2023-11-23 16:00:00,0.6105499999999999
2023-11-23 17:00:00,0.61035
2023-11-23 18:00:00,0.6103
2023-11-23 19:00:00,0.61035
2023-11-23 20:00:00,0.61025
2023-11-23 21:00:00,0.6106999999999999
2023-11-23 23:00:00,0.6105499999999999
2023-11-24 00:00:00,0.6112
2023-11-24 01:00:00,0.6111
2023-11-24 02:00:00,0.6104999999999999
2023-11-24 03:00:00,0.6106999999999999
2023-11-24 04:00:00,0.61115
2023-11-24 05:00:00,0.6115999999999999
2023-11-24 06:00:00,0.61135
2023-11-24 07:00:00,0.61125
2023-11-24 08:00:00,0.6117499999999999
2023-11-24 09:00:00,0.6112
2023-11-24 10:00:00,0.6121
2023-11-24 11:00:00,0.61215
2023-11-24 12:00:00,0.6125999999999999
2023-11-24 13:00:00,0.6125999999999999
2023-11-24 14:00:00,0.6135499999999999
2023-11-24 15:00:00,0.61425
2023-11-24 16:00:00,0.6138499999999999
2023-11-24 17:00:00,0.6140499999999999
2023-11-24 18:00:00,0.6137999999999999
2023-11-26 23:00:00,0.6134
2023-11-27 00:00:00,0.6134499999999999
2023-11-27 01:00:00,0.6144
2023-11-27 02:00:00,0.6124499999999999
2023-11-27 03:00:00,0.61235
2023-11-27 04:00:00,0.6123
2023-11-27 05:00:00,0.6124999999999999
2023-11-27 06:00:00,0.6161
2023-11-27 07:00:00,0.6138499999999999
2023-11-27 08:00:00,0.6146999999999999
2023-11-27 09:00:00,0.6135499999999999
2023-11-27 10:00:00,0.6152
2023-11-27 11:00:00,0.6153
2023-11-27 12:00:00,0.6155499999999999
2023-11-27 13:00:00,0.6149999999999999
2023-11-27 14:00:00,0.6139499999999999
2023-11-27 15:00:00,0.6147999999999999
2023-11-27 16:00:00,0.6144999999999999
2023-11-27 17:00:00,0.6143
2023-11-27 18:00:00,0.6154
2023-11-27 19:00:00,0.6161
2023-11-27 20:00:00,0.6159499999999999
2023-11-27 21:00:00,0.6155999999999999
2023-11-27 23:00:00,0.6159999999999999
2023-11-28 00:00:00,0.6160499999999999
2023-11-28 01:00:00,0.6164499999999999
2023-11-28 02:00:00,0.6164
2023-11-28 03:00:00,0.6157999999999999
2023-11-28 04:00:00,0.6159999999999999
2023-11-28 05:00:00,0.6154999999999999
2023-11-28 06:00:00,0.6195999999999999
2023-11-28 07:00:00,0.6148999999999999
2023-11-28 08:00:00,0.61435
2023-11-28 09:00:00,0.6149999999999999
2023-11-28 10:00:00,0.6149999999999999
2023-11-28 11:00:00,0.6149999999999999
2023-11-28 12:00:00,0.6148999999999999
2023-11-28 13:00:00,0.6160499999999999
2023-11-28 14:00:00,0.6166499999999999
2023-11-28 15:00:00,0.6190499999999999
2023-11-28 16:00:00,0.62025
2023-11-28 17:00:00,0.6187999999999999
2023-11-28 18:00:00,0.6183
2023-11-28 19:00:00,0.6196499999999999
2023-11-28 20:00:00,0.6194
2023-11-28 21:00:00,0.6194999999999999
2023-11-28 23:00:00,0.6203
2023-11-29 00:00:00,0.6206999999999999
2023-11-29 01:00:00,0.6249999999999999
2023-11-29 02:00:00,0.6251499999999999
2023-11-29 03:00:00,0.6246999999999999
2023-11-29 04:00:00,0.62545
2023-11-29 05:00:00,0.6249999999999999
2023-11-29 06:00:00,0.6214
2023-11-29 07:00:00,0.6217499999999999
2023-11-29 08:00:00,0.6226499999999999
2023-11-29 09:00:00,0.6209999999999999
2023-11-29 10:00:00,0.6204999999999999
2023-11-29 11:00:00,0.62115
2023-11-29 12:00:00,0.62145
2023-11-29 13:00:00,0.62045
2023-11-29 14:00:00,0.6217499999999999
2023-11-29 15:00:00,0.6213
2023-11-29 16:00:00,0.6204999999999999
2023-11-29 17:00:00,0.6210999999999999
2023-11-29 18:00:00,0.6219999999999999
2023-11-29 19:00:00,0.62135
2023-11-29 20:00:00,0.6214
2023-11-29 21:00:00,0.6213
2023-11-29 23:00:00,0.6212
2023-11-30 00:00:00,0.6227999999999999
2023-11-30 01:00:00,0.62245
2023-11-30 02:00:00,0.6237499999999999
2023-11-30 03:00:00,0.6235999999999999
2023-11-30 04:00:00,0.6234999999999999
2023-11-30 05:00:00,0.6224999999999999
2023-11-30 06:00:00,0.6233
2023-11-30 07:00:00,0.62315
2023-11-30 08:00:00,0.6218999999999999
2023-11-30 09:00:00,0.62115
2023-11-30 10:00:00,0.6204
2023-11-30 11:00:00,0.6197999999999999
2023-11-30 12:00:00,0.6205499999999999
2023-11-30 13:00:00,0.62015
2023-11-30 14:00:00,0.6195999999999999
2023-11-30 15:00:00,0.6233
2023-11-30 16:00:00,0.62215
2023-11-30 17:00:00,0.6210499999999999
2023-11-30 18:00:00,0.6210499999999999
2023-11-30 19:00:00,0.6217499999999999
2023-11-30 20:00:00,0.6217999999999999
2023-11-30 21:00:00,0.6212
2023-11-30 23:00:00,0.6214999999999999
2023-12-01 00:00:00,0.6229999999999999
2023-12-01 01:00:00,0.6247499999999999
2023-12-01 02:00:00,0.6237499999999999
2023-12-01 03:00:00,0.6218999999999999
2023-12-01 04:00:00,0.6220999999999999
2023-12-01 05:00:00,0.6223
2023-12-01 06:00:00,0.6212
2023-12-01 07:00:00,0.62115
2023-12-01 08:00:00,0.6229499999999999
2023-12-01 09:00:00,0.6238499999999999
2023-12-01 10:00:00,0.6229999999999999
2023-12-01 11:00:00,0.6227499999999999
2023-12-01 12:00:00,0.6219999999999999
2023-12-01 13:00:00,0.6216499999999999
2023-12-01 14:00:00,0.62125
2023-12-01 15:00:00,0.6234
2023-12-01 16:00:00,0.62525
2023-12-01 17:00:00,0.6258499999999999
2023-12-01 18:00:00,0.6257999999999999
2023-12-01 19:00:00,0.6258999999999999
2023-12-01 20:00:00,0.6256999999999999
2023-12-01 21:00:00,0.6267999999999999
2023-12-03 23:00:00,0.62725
2023-12-04 00:00:00,0.6270499999999999
2023-12-04 01:00:00,0.6258999999999999
2023-12-04 02:00:00,0.6262
2023-12-04 03:00:00,0.6253
2023-12-04 04:00:00,0.62535
2023-12-04 05:00:00,0.6252
2023-12-04 06:00:00,0.6222
2023-12-04 07:00:00,0.6233
2023-12-04 08:00:00,0.6239999999999999
2023-12-04 09:00:00,0.6247499999999999
2023-12-04 10:00:00,0.6253
2023-12-04 11:00:00,0.6252
2023-12-04 12:00:00,0.6254
2023-12-04 13:00:00,0.6244999999999999
2023-12-04 14:00:00,0.62335
2023-12-04 15:00:00,0.62215
2023-12-04 16:00:00,0.6225499999999999
2023-12-04 17:00:00,0.6225999999999999
2023-12-04 18:00:00,0.6213
2023-12-04 19:00:00,0.6222
2023-12-04 20:00:00,0.6223
2023-12-04 21:00:00,0.62215
2023-12-04 23:00:00,0.6222
2023-12-05 00:00:00,0.6227999999999999
2023-12-05 01:00:00,0.6222
2023-12-05 02:00:00,0.6204
2023-12-05 03:00:00,0.6203
2023-12-05 04:00:00,0.6209499999999999
2023-12-05 05:00:00,0.62115
2023-12-05 06:00:00,0.6210499999999999
2023-12-05 07:00:00,0.62045
2023-12-05 08:00:00,0.62145
2023-12-05 09:00:00,0.6206999999999999
2023-12-05 10:00:00,0.6205499999999999
2023-12-05 11:00:00,0.6198999999999999
2023-12-05 12:00:00,0.6195999999999999
2023-12-05 13:00:00,0.6195499999999999
2023-12-05 14:00:00,0.6187999999999999
2023-12-05 15:00:00,0.6200999999999999
2023-12-05 16:00:00,0.6187999999999999
2023-12-05 17:00:00,0.61945
2023-12-05 18:00:00,0.6190999999999999
2023-12-05 19:00:00,0.6185999999999999
2023-12-05 20:00:00,0.6186499999999999
2023-12-05 21:00:00,0.6185499999999999
2023-12-05 23:00:00,0.6189999999999999
2023-12-06 00:00:00,0.6204
2023-12-06 01:00:00,0.6220999999999999
2023-12-06 02:00:00,0.62235
2023-12-06 03:00:00,0.6225499999999999
2023-12-06 04:00:00,0.62225
2023-12-06 05:00:00,0.6224999999999999
2023-12-06 06:00:00,0.62015
2023-12-06 07:00:00,0.62325
2023-12-06 08:00:00,0.6209999999999999
2023-12-06 09:00:00,0.62045
2023-12-06 10:00:00,0.6207499999999999
2023-12-06 11:00:00,0.6207999999999999
2023-12-06 12:00:00,0.62115
2023-12-06 13:00:00,0.62225
2023-12-06 14:00:00,0.62235
2023-12-06 15:00:00,0.6214999999999999
2023-12-06 16:00:00,0.62115
2023-12-06 17:00:00,0.6210499999999999
2023-12-06 18:00:00,0.62145
2023-12-06 19:00:00,0.62015
2023-12-06 20:00:00,0.6199999999999999
2023-12-06 21:00:00,0.61945
2023-12-06 23:00:00,0.6196999999999999
2023-12-07 00:00:00,0.6196999999999999
2023-12-07 01:00:00,0.61925
2023-12-07 02:00:00,0.6176999999999999
2023-12-07 03:00:00,0.61735
2023-12-07 04:00:00,0.6178999999999999
2023-12-07 05:00:00,0.6179499999999999
2023-12-07 06:00:00,0.6229999999999999
2023-12-07 07:00:00,0.61945
2023-12-07 08:00:00,0.6190499999999999
2023-12-07 09:00:00,0.6207499999999999
2023-12-07 10:00:00,0.6205499999999999
2023-12-07 11:00:00,0.6199499999999999
2023-12-07 12:00:00,0.6194999999999999
2023-12-07 13:00:00,0.62135
2023-12-07 14:00:00,0.6199999999999999
2023-12-07 15:00:00,0.6217499999999999
2023-12-07 16:00:00,0.6227999999999999
2023-12-07 17:00:00,0.6239499999999999
2023-12-07 18:00:00,0.62315
2023-12-07 19:00:00,0.6230499999999999
2023-12-07 20:00:00,0.6227999999999999
2023-12-07 21:00:00,0.6227499999999999
2023-12-07 23:00:00,0.6217999999999999
2023-12-08 00:00:00,0.6224999999999999
2023-12-08 01:00:00,0.62235
2023-12-08 02:00:00,0.6226499999999999
2023-12-08 03:00:00,0.6218999999999999
2023-12-08 04:00:00,0.6223
2023-12-08 05:00:00,0.6219499999999999
2023-12-08 06:00:00,0.61815
2023-12-08 07:00:00,0.62105
2023-12-08 08:00:00,0.62105
2023-12-08 09:00:00,0.62025
2023-12-08 10:00:00,0.62105
2023-12-08 11:00:00,0.62045
2023-12-08 12:00:00,0.62025
2023-12-08 13:00:00,0.6189499999999999
2023-12-08 14:00:00,0.6178999999999999
2023-12-08 15:00:00,0.6184
2023-12-08 16:00:00,0.6175499999999999
2023-12-08 17:00:00,0.61805
2023-12-08 18:00:00,0.61825
2023-12-08 19:00:00,0.61815
2023-12-08 20:00:00,0.61795
2023-12-08 21:00:00,0.618
2023-12-10 23:00:00,0.61805
2023-12-11 00:00:00,0.61805
2023-12-11 01:00:00,0.6168499999999999
2023-12-11 02:00:00,0.6175999999999999
2023-12-11 04:00:00,0.6166499999999999
2023-12-11 05:00:00,0.6167499999999999
2023-12-11 06:00:00,0.61825
2023-12-11 07:00:00,0.61635
2023-12-11 08:00:00,0.61695
2023-12-11 09:00:00,0.6167999999999999
2023-12-11 10:00:00,0.6175499999999999
2023-12-11 11:00:00,0.61805
2023-12-11 12:00:00,0.6174
2023-12-11 13:00:00,0.61805
2023-12-11 14:00:00,0.6178999999999999
2023-12-11 15:00:00,0.6177499999999999
2023-12-11 16:00:00,0.6175999999999999
2023-12-11 17:00:00,0.61715
2023-12-11 18:00:00,0.6184
2023-12-11 19:00:00,0.61835
2023-12-11 20:00:00,0.6183
2023-12-11 21:00:00,0.61815
2023-12-11 23:00:00,0.61795
2023-12-12 00:00:00,0.6185499999999999
2023-12-12 01:00:00,0.61925
2023-12-12 02:00:00,0.619
2023-12-12 03:00:00,0.62035
2023-12-12 04:00:00,0.6205499999999999
2023-12-12 05:00:00,0.6216499999999999
2023-12-12 06:00:00,0.6184999999999999
2023-12-12 07:00:00,0.6212
2023-12-12 08:00:00,0.62015
2023-12-12 09:00:00,0.6208999999999999
2023-12-12 10:00:00,0.6215499999999999
2023-12-12 11:00:00,0.62015
2023-12-12 12:00:00,0.6205499999999999
2023-12-12 13:00:00,0.6176999999999999
2023-12-12 14:00:00,0.61715
2023-12-12 15:00:00,0.6184
2023-12-12 16:00:00,0.6185999999999999
2023-12-12 17:00:00,0.6178999999999999
2023-12-12 18:00:00,0.6187499999999999
2023-12-12 19:00:00,0.6185999999999999
2023-12-12 20:00:00,0.6186499999999999
2023-12-12 21:00:00,0.6192
2023-12-12 23:00:00,0.61945
2023-12-13 00:00:00,0.619
2023-12-13 01:00:00,0.6176499999999999
2023-12-13 02:00:00,0.6164999999999999
2023-12-13 03:00:00,0.61625
2023-12-13 04:00:00,0.6155999999999999
2023-12-13 05:00:00,0.6156999999999999
2023-12-13 06:00:00,0.6262
2023-12-13 07:00:00,0.6151
2023-12-13 08:00:00,0.6146999999999999
2023-12-13 09:00:00,0.6154
2023-12-13 10:00:00,0.61535
2023-12-13 11:00:00,0.6154
2023-12-13 12:00:00,0.61525
2023-12-13 13:00:00,0.6174999999999999
2023-12-13 14:00:00,0.61705
2023-12-13 15:00:00,0.61815
2023-12-13 16:00:00,0.6181
2023-12-13 17:00:00,0.6178999999999999
2023-12-13 18:00:00,0.6176499999999999
2023-12-13 19:00:00,0.62615
2023-12-13 20:00:00,0.6262
2023-12-13 21:00:00,0.62315
2023-12-13 23:00:00,0.6248499999999999
2023-12-14 00:00:00,0.6273
2023-12-14 01:00:00,0.62735
2023-12-14 02:00:00,0.6297499999999999
2023-12-14 03:00:00,0.6295499999999999
2023-12-14 04:00:00,0.6289999999999999
2023-12-14 05:00:00,0.6295999999999999
2023-12-14 06:00:00,0.6293
2023-12-14 07:00:00,0.62745
2023-12-14 08:00:00,0.62505
2023-12-14 09:00:00,0.6269999999999999
2023-12-14 10:00:00,0.6268999999999999
2023-12-14 11:00:00,0.6269999999999999
2023-12-14 12:00:00,0.6266499999999999
2023-12-14 13:00:00,0.62625
2023-12-14 14:00:00,0.6267499999999999
2023-12-14 15:00:00,0.62625
2023-12-14 16:00:00,0.6276499999999999
2023-12-14 17:00:00,0.6279499999999999
2023-12-14 18:00:00,0.6262
2023-12-14 19:00:00,0.6264
2023-12-14 20:00:00,0.62645
2023-12-14 21:00:00,0.6265
2023-12-14 23:00:00,0.6271
2023-12-15 00:00:00,0.6258999999999999
2023-12-15 01:00:00,0.6255499999999999
2023-12-15 02:00:00,0.6275
2023-12-15 03:00:00,0.6275
2023-12-15 04:00:00,0.6275
2023-12-15 05:00:00,0.6257499999999999
2023-12-15 06:00:00,0.6256999999999999
2023-12-15 07:00:00,0.6265499999999999
2023-12-15 08:00:00,0.6275499999999999
2023-12-15 09:00:00,0.6279999999999999
2023-12-15 10:00:00,0.6278499999999999
2023-12-15 11:00:00,0.6276999999999999
2023-12-15 12:00:00,0.6269999999999999
2023-12-15 13:00:00,0.6243
2023-12-15 14:00:00,0.6261
2023-12-15 15:00:00,0.6276999999999999
2023-12-15 16:00:00,0.6275999999999999
2023-12-15 17:00:00,0.62705
2023-12-15 18:00:00,0.6259499999999999
2023-12-15 19:00:00,0.6265999999999999
2023-12-15 20:00:00,0.6267999999999999
2023-12-15 21:00:00,0.6266499999999999
2023-12-17 23:00:00,0.6266499999999999
2023-12-18 00:00:00,0.6279999999999999
2023-12-18 01:00:00,0.6279499999999999
2023-12-18 02:00:00,0.6287499999999999
2023-12-18 03:00:00,0.6295999999999999
2023-12-18 04:00:00,0.62945
2023-12-18 05:00:00,0.62945
2023-12-18 06:00:00,0.6298999999999999
2023-12-18 07:00:00,0.6297999999999999
2023-12-18 08:00:00,0.6299999999999999
2023-12-18 09:00:00,0.63025
2023-12-18 10:00:00,0.6285499999999999
2023-12-18 11:00:00,0.6288999999999999
2023-12-18 12:00:00,0.6288999999999999
2023-12-18 13:00:00,0.6289999999999999
2023-12-18 14:00:00,0.6284
2023-12-18 15:00:00,0.6261
2023-12-18 16:00:00,0.6262
2023-12-18 17:00:00,0.6266499999999999
2023-12-18 18:00:00,0.6266499999999999
2023-12-18 19:00:00,0.6266999999999999
2023-12-18 20:00:00,0.6265
2023-12-18 21:00:00,0.6268499999999999
2023-12-18 23:00:00,0.6271
2023-12-19 00:00:00,0.6275499999999999
2023-12-19 01:00:00,0.6275499999999999
2023-12-19 02:00:00,0.62815
2023-12-19 03:00:00,0.6284
2023-12-19 04:00:00,0.6286999999999999
2023-12-19 05:00:00,0.6285999999999999
2023-12-19 06:00:00,0.6323
2023-12-19 07:00:00,0.6277999999999999
2023-12-19 08:00:00,0.62915
2023-12-19 09:00:00,0.6295999999999999
2023-12-19 10:00:00,0.6289999999999999
2023-12-19 11:00:00,0.6292
2023-12-19 12:00:00,0.6302
2023-12-19 13:00:00,0.6308499999999999
2023-12-19 14:00:00,0.6319499999999999
2023-12-19 15:00:00,0.6325
2023-12-19 16:00:00,0.6325
2023-12-19 17:00:00,0.63225
2023-12-19 18:00:00,0.63245
2023-12-19 19:00:00,0.63235
2023-12-19 20:00:00,0.63235
2023-12-19 21:00:00,0.6329499999999999
2023-12-19 23:00:00,0.63225
2023-12-20 00:00:00,0.6319999999999999
2023-12-20 01:00:00,0.63215
2023-12-20 02:00:00,0.6319499999999999
2023-12-20 03:00:00,0.63335
2023-12-20 04:00:00,0.6336999999999999
2023-12-20 05:00:00,0.63355
2023-12-20 06:00:00,0.63245
2023-12-20 07:00:00,0.6339499999999999
2023-12-20 08:00:00,0.6343
2023-12-20 09:00:00,0.63455
2023-12-20 10:00:00,0.6341
2023-12-20 11:00:00,0.6346499999999999
2023-12-20 12:00:00,0.6339999999999999
2023-12-20 13:00:00,0.6350499999999999
2023-12-20 14:00:00,0.6351
2023-12-20 15:00:00,0.6347499999999999
2023-12-20 16:00:00,0.6338499999999999
2023-12-20 17:00:00,0.6340499999999999
2023-12-20 18:00:00,0.63415
2023-12-20 19:00:00,0.63255
2023-12-20 20:00:00,0.6322
2023-12-20 21:00:00,0.63035
2023-12-20 23:00:00,0.6310499999999999
2023-12-21 00:00:00,0.6317499999999999
2023-12-21 01:00:00,0.6313
2023-12-21 02:00:00,0.6304
2023-12-21 03:00:00,0.6308499999999999
2023-12-21 04:00:00,0.6305999999999999
2023-12-21 05:00:00,0.6308499999999999
2023-12-21 06:00:00,0.6343
2023-12-21 07:00:00,0.63025
2023-12-21 08:00:00,0.63045
2023-12-21 09:00:00,0.6308999999999999
2023-12-21 10:00:00,0.6308499999999999
2023-12-21 11:00:00,0.6321
2023-12-21 12:00:00,0.6318999999999999
2023-12-21 13:00:00,0.6340499999999999
2023-12-21 14:00:00,0.6339999999999999
2023-12-21 15:00:00,0.6339499999999999
2023-12-21 16:00:00,0.6339999999999999
2023-12-21 17:00:00,0.6334
2023-12-21 18:00:00,0.6332
2023-12-21 19:00:00,0.6344
2023-12-21 20:00:00,0.63425
2023-12-21 21:00:00,0.63515
2023-12-21 23:00:00,0.6351
2023-12-22 00:00:00,0.6349499999999999
2023-12-22 01:00:00,0.6345
2023-12-22 02:00:00,0.6344
2023-12-22 03:00:00,0.6337999999999999
2023-12-22 04:00:00,0.6343
2023-12-22 05:00:00,0.6336499999999999
2023-12-22 06:00:00,0.6336499999999999
2023-12-22 07:00:00,0.6339499999999999
2023-12-22 08:00:00,0.6336999999999999
2023-12-22 09:00:00,0.6343
2023-12-22 10:00:00,0.6353
2023-12-22 11:00:00,0.6359999999999999
2023-12-22 12:00:00,0.63525
2023-12-22 13:00:00,0.63655
2023-12-22 14:00:00,0.6368999999999999
2023-12-22 15:00:00,0.63645
2023-12-22 16:00:00,0.6352
2023-12-22 17:00:00,0.6355999999999999
2023-12-22 18:00:00,0.6356999999999999
2023-12-22 19:00:00,0.63535
2023-12-22 20:00:00,0.63535
2023-12-22 21:00:00,0.6353
2023-12-25 23:00:00,0.6360499999999999
2023-12-26 00:00:00,0.6370499999999999
2023-12-26 01:00:00,0.63755
2023-12-26 02:00:00,0.6378499999999999
2023-12-26 03:00:00,0.6379999999999999
2023-12-26 04:00:00,0.6378499999999999
2023-12-26 05:00:00,0.6382
2023-12-26 06:00:00,0.6377999999999999
2023-12-26 07:00:00,0.6366999999999999
2023-12-26 08:00:00,0.6362
2023-12-26 09:00:00,0.6364
2023-12-26 10:00:00,0.6370499999999999
2023-12-26 11:00:00,0.6368999999999999
2023-12-26 12:00:00,0.63725
2023-12-26 13:00:00,0.6377999999999999
2023-12-26 14:00:00,0.6373
2023-12-26 15:00:00,0.6374
2023-12-26 16:00:00,0.6377499999999999
2023-12-26 17:00:00,0.6376
2023-12-26 18:00:00,0.6376999999999999
2023-12-26 19:00:00,0.6389999999999999
2023-12-26 20:00:00,0.6388999999999999
2023-12-26 21:00:00,0.6386
2023-12-26 23:00:00,0.6387999999999999
2023-12-27 00:00:00,0.63815
2023-12-27 01:00:00,0.6386499999999999
2023-12-27 02:00:00,0.6390499999999999
2023-12-27 03:00:00,0.6388499999999999
2023-12-27 04:00:00,0.6394
2023-12-27 05:00:00,0.6390999999999999
2023-12-27 06:00:00,0.6392
2023-12-27 07:00:00,0.63845
2023-12-27 08:00:00,0.63745
2023-12-27 09:00:00,0.63845
2023-12-27 10:00:00,0.6384
2023-12-27 11:00:00,0.6388999999999999
2023-12-27 12:00:00,0.6386
2023-12-27 13:00:00,0.63815
2023-12-27 14:00:00,0.63915
2023-12-27 15:00:00,0.6397999999999999
2023-12-27 16:00:00,0.6398999999999999
2023-12-27 17:00:00,0.6396499999999999
2023-12-27 18:00:00,0.6398999999999999
2023-12-27 19:00:00,0.6392
2023-12-27 20:00:00,0.63935
2023-12-27 21:00:00,0.6397999999999999
2023-12-27 23:00:00,0.6406
2023-12-28 00:00:00,0.64145
2023-12-28 01:00:00,0.6423
2023-12-28 02:00:00,0.6414
2023-12-28 03:00:00,0.6416
2023-12-28 04:00:00,0.6403
2023-12-28 05:00:00,0.6403
2023-12-28 06:00:00,0.6387999999999999
2023-12-28 07:00:00,0.6410499999999999
2023-12-28 08:00:00,0.6393
2023-12-28 09:00:00,0.6385
2023-12-28 10:00:00,0.6399499999999999
2023-12-28 11:00:00,0.6396999999999999
2023-12-28 12:00:00,0.63945
2023-12-28 13:00:00,0.6386999999999999
2023-12-28 14:00:00,0.6408999999999999
2023-12-28 15:00:00,0.6415
2023-12-28 16:00:00,0.6400999999999999
2023-12-28 17:00:00,0.64055
2023-12-28 18:00:00,0.63945
2023-12-28 19:00:00,0.6387999999999999
2023-12-28 20:00:00,0.6386999999999999
2023-12-28 21:00:00,0.6389499999999999
2023-12-28 23:00:00,0.6392
2023-12-29 00:00:00,0.6396999999999999
2023-12-29 01:00:00,0.64045
2023-12-29 02:00:00,0.64035
2023-12-29 03:00:00,0.6404
2023-12-29 04:00:00,0.6409499999999999
2023-12-29 05:00:00,0.64115
2023-12-29 06:00:00,0.6377999999999999
2023-12-29 07:00:00,0.6399999999999999
2023-12-29 08:00:00,0.63915
2023-12-29 09:00:00,0.6368999999999999
2023-12-29 10:00:00,0.6372
2023-12-29 11:00:00,0.6376499999999999
2023-12-29 12:00:00,0.6366999999999999
2023-12-29 13:00:00,0.63635
2023-12-29 14:00:00,0.6389499999999999
2023-12-29 15:00:00,0.6387999999999999
2023-12-29 16:00:00,0.6395
2023-12-29 17:00:00,0.6400499999999999
2023-12-29 18:00:00,0.6386999999999999
2023-12-29 19:00:00,0.6377499999999999
2023-12-29 20:00:00,0.6376999999999999
2023-12-29 21:00:00,0.63745
2024-01-01 23:00:00,0.6370999999999999
2024-01-02 00:00:00,0.6370499999999999
2024-01-02 01:00:00,0.6361
2024-01-02 02:00:00,0.63535
2024-01-02 03:00:00,0.6358499999999999
2024-01-02 04:00:00,0.6360499999999999
2024-01-02 05:00:00,0.6373
2024-01-02 06:00:00,0.6367499999999999
2024-01-02 07:00:00,0.6359499999999999
2024-01-02 08:00:00,0.63615
2024-01-02 09:00:00,0.6367499999999999
2024-01-02 10:00:00,0.6365
2024-01-02 11:00:00,0.6338499999999999
2024-01-02 12:00:00,0.6328999999999999
2024-01-02 13:00:00,0.63255
2024-01-02 14:00:00,0.6335
2024-01-02 15:00:00,0.6318499999999999
2024-01-02 16:00:00,0.6317999999999999
2024-01-02 17:00:00,0.63155
2024-01-02 18:00:00,0.6310499999999999
2024-01-02 19:00:00,0.6307999999999999
2024-01-02 20:00:00,0.6306999999999999
2024-01-02 21:00:00,0.6307499999999999
2024-01-02 23:00:00,0.6308499999999999
2024-01-03 00:00:00,0.63115
2024-01-03 01:00:00,0.6312
2024-01-03 02:00:00,0.63125
2024-01-03 03:00:00,0.6324
2024-01-03 04:00:00,0.6324
2024-01-03 05:00:00,0.6326999999999999
2024-01-03 06:00:00,0.6299999999999999
2024-01-03 07:00:00,0.6317999999999999
2024-01-03 08:00:00,0.6317499999999999
2024-01-03 09:00:00,0.63115
2024-01-03 10:00:00,0.6311
2024-01-03 11:00:00,0.6299499999999999
2024-01-03 12:00:00,0.62925
2024-01-03 13:00:00,0.6279999999999999
2024-01-03 14:00:00,0.6292
2024-01-03 15:00:00,0.6284
2024-01-03 16:00:00,0.62905
2024-01-03 17:00:00,0.62915
2024-01-03 18:00:00,0.6296999999999999
2024-01-03 19:00:00,0.6299999999999999
2024-01-03 20:00:00,0.6298499999999999
2024-01-03 21:00:00,0.6303
2024-01-03 23:00:00,0.6308499999999999
2024-01-04 00:00:00,0.6297999999999999
2024-01-04 01:00:00,0.6297999999999999
2024-01-04 02:00:00,0.6306999999999999
2024-01-04 03:00:00,0.6322
2024-01-04 04:00:00,0.6321
2024-01-04 05:00:00,0.6318999999999999
2024-01-04 06:00:00,0.6331
2024-01-04 07:00:00,0.6327499999999999
2024-01-04 08:00:00,0.6327999999999999
2024-01-04 09:00:00,0.6318499999999999
2024-01-04 10:00:00,0.63115
2024-01-04 11:00:00,0.6305499999999999
2024-01-04 12:00:00,0.6304
2024-01-04 13:00:00,0.6292
2024-01-04 14:00:00,0.6284
2024-01-04 15:00:00,0.6288499999999999
2024-01-04 16:00:00,0.6288499999999999
2024-01-04 17:00:00,0.6283
2024-01-04 18:00:00,0.6283
2024-01-04 19:00:00,0.6285499999999999
2024-01-04 20:00:00,0.6285999999999999
2024-01-04 21:00:00,0.6293
2024-01-04 23:00:00,0.6287499999999999
2024-01-05 00:00:00,0.6293
2024-01-05 01:00:00,0.6295499999999999
2024-01-05 02:00:00,0.6292
2024-01-05 03:00:00,0.6286499999999999
2024-01-05 04:00:00,0.6285499999999999
2024-01-05 05:00:00,0.6287999999999999
2024-01-05 06:00:00,0.6278999999999999
2024-01-05 07:00:00,0.62815
2024-01-05 08:00:00,0.6279999999999999
2024-01-05 09:00:00,0.6275999999999999
2024-01-05 10:00:00,0.6269999999999999
2024-01-05 11:00:00,0.62725
2024-01-05 12:00:00,0.6275499999999999
2024-01-05 13:00:00,0.62735
2024-01-05 14:00:00,0.6289499999999999
2024-01-05 15:00:00,0.63255
2024-01-05 16:00:00,0.6309999999999999
2024-01-05 17:00:00,0.63035
2024-01-05 18:00:00,0.6310499999999999
2024-01-05 19:00:00,0.63025
2024-01-05 20:00:00,0.63035
2024-01-05 21:00:00,0.63025
2024-01-07 23:00:00,0.6305499999999999
2024-01-08 00:00:00,0.63115
2024-01-08 01:00:00,0.6310499999999999
2024-01-08 02:00:00,0.6301
2024-01-08 03:00:00,0.62925
2024-01-08 04:00:00,0.62915
2024-01-08 05:00:00,0.6294
2024-01-08 06:00:00,0.6302
2024-01-08 07:00:00,0.6292
2024-01-08 08:00:00,0.6285499999999999
2024-01-08 09:00:00,0.62905
2024-01-08 10:00:00,0.6282
2024-01-08 11:00:00,0.62735
2024-01-08 12:00:00,0.6277999999999999
2024-01-08 13:00:00,0.62745
2024-01-08 14:00:00,0.62915
2024-01-08 15:00:00,0.6298499999999999
2024-01-08 16:00:00,0.6305999999999999
2024-01-08 17:00:00,0.6302
2024-01-08 18:00:00,0.63005
2024-01-08 19:00:00,0.6306999999999999
2024-01-08 20:00:00,0.6306499999999999
2024-01-08 21:00:00,0.6306999999999999
2024-01-08 23:00:00,0.6307999999999999
2024-01-09 00:00:00,0.6311
2024-01-09 01:00:00,0.6315999999999999
2024-01-09 02:00:00,0.6318499999999999
2024-01-09 03:00:00,0.6316499999999999
2024-01-09 04:00:00,0.6306999999999999
2024-01-09 05:00:00,0.6298499999999999
2024-01-09 06:00:00,0.62945
2024-01-09 07:00:00,0.63035
2024-01-09 08:00:00,0.6305999999999999
2024-01-09 09:00:00,0.6305
2024-01-09 10:00:00,0.63005
2024-01-09 11:00:00,0.6295
2024-01-09 12:00:00,0.6301
2024-01-09 13:00:00,0.6304
2024-01-09 14:00:00,0.6296999999999999
2024-01-09 15:00:00,0.6291
2024-01-09 16:00:00,0.6296999999999999
2024-01-09 17:00:00,0.6292
2024-01-09 18:00:00,0.62905
2024-01-09 19:00:00,0.6295499999999999
2024-01-09 20:00:00,0.6298499999999999
2024-01-09 21:00:00,0.6296499999999999
2024-01-09 23:00:00,0.62935
2024-01-10 00:00:00,0.6292
2024-01-10 01:00:00,0.6298499999999999
2024-01-10 02:00:00,0.6296499999999999
2024-01-10 03:00:00,0.6297999999999999
2024-01-10 04:00:00,0.63005
2024-01-10 05:00:00,0.6296999999999999
2024-01-10 06:00:00,0.6284
2024-01-10 07:00:00,0.6295499999999999
2024-01-10 08:00:00,0.63045
2024-01-10 09:00:00,0.6303
2024-01-10 10:00:00,0.6299499999999999
2024-01-10 11:00:00,0.6295
2024-01-10 12:00:00,0.6289499999999999
2024-01-10 13:00:00,0.62845
2024-01-10 14:00:00,0.62805
2024-01-10 15:00:00,0.6285499999999999
2024-01-10 16:00:00,0.6278999999999999
2024-01-10 17:00:00,0.6285499999999999
2024-01-10 18:00:00,0.6285999999999999
2024-01-10 19:00:00,0.6284
2024-01-10 20:00:00,0.62845
2024-01-10 21:00:00,0.6283
2024-01-10 23:00:00,0.6285499999999999
2024-01-11 00:00:00,0.62935
2024-01-11 01:00:00,0.6297499999999999
2024-01-11 02:00:00,0.6295
2024-01-11 03:00:00,0.6305999999999999
2024-01-11 04:00:00,0.6305999999999999
2024-01-11 05:00:00,0.6306499999999999
2024-01-11 06:00:00,0.6310499999999999
2024-01-11 07:00:00,0.6305499999999999
2024-01-11 08:00:00,0.63045
2024-01-11 09:00:00,0.63035
2024-01-11 10:00:00,0.6305499999999999
2024-01-11 11:00:00,0.6308999999999999
2024-01-11 12:00:00,0.6308999999999999
2024-01-11 13:00:00,0.6264
2024-01-11 14:00:00,0.62735
2024-01-11 15:00:00,0.6269499999999999
2024-01-11 16:00:00,0.6265499999999999
2024-01-11 17:00:00,0.6269999999999999
2024-01-11 18:00:00,0.6278999999999999
2024-01-11 19:00:00,0.6291
2024-01-11 20:00:00,0.6287999999999999
2024-01-11 21:00:00,0.6289499999999999
2024-01-11 23:00:00,0.6298999999999999
2024-01-12 00:00:00,0.62945
2024-01-12 01:00:00,0.6308999999999999
2024-01-12 02:00:00,0.6309499999999999
2024-01-12 03:00:00,0.6306999999999999
2024-01-12 04:00:00,0.6301
2024-01-12 05:00:00,0.6296999999999999
2024-01-12 06:00:00,0.6298999999999999
2024-01-12 07:00:00,0.6297499999999999
2024-01-12 08:00:00,0.6306499999999999
2024-01-12 09:00:00,0.6299499999999999
2024-01-12 10:00:00,0.6299499999999999
2024-01-12 11:00:00,0.6294
2024-01-12 12:00:00,0.62905
2024-01-12 13:00:00,0.6312
2024-01-12 14:00:00,0.6326499999999999
2024-01-12 15:00:00,0.6311
2024-01-12 16:00:00,0.6303
2024-01-12 17:00:00,0.6299999999999999
2024-01-12 18:00:00,0.63015
2024-01-12 19:00:00,0.63025
2024-01-12 20:00:00,0.6303
2024-01-12 21:00:00,0.6296999999999999
2024-01-14 23:00:00,0.6287499999999999
2024-01-15 00:00:00,0.6286499999999999
2024-01-15 01:00:00,0.62905
2024-01-15 02:00:00,0.6296999999999999
2024-01-15 03:00:00,0.6292
2024-01-15 04:00:00,0.6286499999999999
2024-01-15 05:00:00,0.62825
2024-01-15 06:00:00,0.6282
2024-01-15 07:00:00,0.6265
2024-01-15 08:00:00,0.6256999999999999
2024-01-15 09:00:00,0.6243
2024-01-15 10:00:00,0.6251
2024-01-15 11:00:00,0.62515
2024-01-15 12:00:00,0.6247499999999999
2024-01-15 13:00:00,0.62505
2024-01-15 14:00:00,0.6247999999999999
2024-01-15 15:00:00,0.6254
2024-01-15 16:00:00,0.6256499999999999
2024-01-15 17:00:00,0.6258999999999999
2024-01-15 18:00:00,0.6255
2024-01-15 19:00:00,0.6251
2024-01-15 20:00:00,0.6251
2024-01-15 21:00:00,0.6257499999999999
2024-01-15 23:00:00,0.6246499999999999
2024-01-16 00:00:00,0.62235
2024-01-16 01:00:00,0.62335
2024-01-16 02:00:00,0.6224999999999999
2024-01-16 03:00:00,0.6222
2024-01-16 04:00:00,0.6221
2024-01-16 05:00:00,0.6221
2024-01-16 06:00:00,0.6193
2024-01-16 07:00:00,0.62225
2024-01-16 08:00:00,0.6216999999999999
2024-01-16 09:00:00,0.6215999999999999
2024-01-16 10:00:00,0.62115
2024-01-16 11:00:00,0.62115
2024-01-16 12:00:00,0.62145
2024-01-16 13:00:00,0.6208999999999999
2024-01-16 14:00:00,0.6206999999999999
2024-01-16 15:00:00,0.62105
2024-01-16 16:00:00,0.6203
2024-01-16 17:00:00,0.6188999999999999
2024-01-16 18:00:00,0.6185999999999999
2024-01-16 19:00:00,0.61935
2024-01-16 20:00:00,0.6194
2024-01-16 21:00:00,0.6193
2024-01-16 23:00:00,0.6196499999999999
2024-01-17 00:00:00,0.6194
2024-01-17 01:00:00,0.6204
2024-01-17 02:00:00,0.6198499999999999
2024-01-17 03:00:00,0.6187499999999999
2024-01-17 04:00:00,0.6188999999999999
2024-01-17 05:00:00,0.618
2024-01-17 06:00:00,0.618
2024-01-17 07:00:00,0.6175499999999999
2024-01-17 08:00:00,0.6167499999999999
2024-01-17 09:00:00,0.6174499999999999
2024-01-17 10:00:00,0.61735
2024-01-17 11:00:00,0.6176999999999999
2024-01-17 12:00:00,0.6175499999999999
2024-01-17 13:00:00,0.616
2024-01-17 14:00:00,0.6147999999999999
2024-01-17 15:00:00,0.6151
2024-01-17 16:00:00,0.6157499999999999
2024-01-17 17:00:00,0.61615
2024-01-17 18:00:00,0.6156499999999999
2024-01-17 19:00:00,0.6158999999999999
2024-01-17 20:00:00,0.6158999999999999
2024-01-17 21:00:00,0.6172
2024-01-17 23:00:00,0.6168499999999999
2024-01-18 00:00:00,0.6178499999999999
2024-01-18 01:00:00,0.6186999999999999
2024-01-18 02:00:00,0.6177499999999999
2024-01-18 03:00:00,0.6178499999999999
2024-01-18 04:00:00,0.6177499999999999
2024-01-18 05:00:00,0.6174
2024-01-18 06:00:00,0.6157499999999999
2024-01-18 07:00:00,0.61725
2024-01-18 08:00:00,0.6174
2024-01-18 09:00:00,0.6176999999999999
2024-01-18 10:00:00,0.61795
2024-01-18 11:00:00,0.6177999999999999
2024-01-18 12:00:00,0.6168999999999999
2024-01-18 13:00:00,0.61525
2024-01-18 14:00:00,0.61625
2024-01-18 15:00:00,0.6158499999999999
2024-01-18 16:00:00,0.6161
2024-01-18 17:00:00,0.6155999999999999
2024-01-18 18:00:00,0.6164499999999999
2024-01-18 19:00:00,0.6156999999999999
2024-01-18 20:00:00,0.6157999999999999
2024-01-18 21:00:00,0.61725
2024-01-18 23:00:00,0.6176499999999999
2024-01-19 00:00:00,0.6177499999999999
2024-01-19 01:00:00,0.61705
2024-01-19 02:00:00,0.6166499999999999
2024-01-19 03:00:00,0.61605
2024-01-19 04:00:00,0.6154499999999999
2024-01-19 05:00:00,0.6148999999999999
2024-01-19 06:00:00,0.6168499999999999
2024-01-19 07:00:00,0.61595
2024-01-19 08:00:00,0.6163
2024-01-19 09:00:00,0.6174999999999999
2024-01-19 10:00:00,0.6173
2024-01-19 11:00:00,0.6175999999999999
2024-01-19 12:00:00,0.6171
2024-01-19 13:00:00,0.6164
2024-01-19 14:00:00,0.61615
2024-01-19 15:00:00,0.6156499999999999
2024-01-19 16:00:00,0.6156999999999999
2024-01-19 17:00:00,0.6165499999999999
2024-01-19 18:00:00,0.61615
2024-01-19 19:00:00,0.6168499999999999
2024-01-19 20:00:00,0.617
2024-01-19 21:00:00,0.61705
2024-01-21 23:00:00,0.6174499999999999
2024-01-22 00:00:00,0.6186999999999999
2024-01-22 01:00:00,0.6183
2024-01-22 02:00:00,0.6185499999999999
2024-01-22 03:00:00,0.61795
2024-01-22 04:00:00,0.61715
2024-01-22 05:00:00,0.6165999999999999
2024-01-22 06:00:00,0.6137999999999999
2024-01-22 07:00:00,0.61635
2024-01-22 08:00:00,0.6158499999999999
2024-01-22 09:00:00,0.61635
2024-01-22 10:00:00,0.61715
2024-01-22 11:00:00,0.6172
2024-01-22 12:00:00,0.6175999999999999
2024-01-22 13:00:00,0.61725
2024-01-22 14:00:00,0.61715
2024-01-22 15:00:00,0.61605
2024-01-22 16:00:00,0.6156499999999999
2024-01-22 17:00:00,0.6154999999999999
2024-01-22 18:00:00,0.6142
2024-01-22 19:00:00,0.6137999999999999
2024-01-22 20:00:00,0.6136999999999999
2024-01-22 21:00:00,0.6132
2024-01-22 23:00:00,0.6128999999999999
2024-01-23 00:00:00,0.6137499999999999
2024-01-23 01:00:00,0.6142
2024-01-23 02:00:00,0.6145999999999999
2024-01-23 03:00:00,0.61505
2024-01-23 04:00:00,0.6155999999999999
2024-01-23 05:00:00,0.616
2024-01-23 06:00:00,0.6137999999999999
2024-01-23 07:00:00,0.6157499999999999
2024-01-23 08:00:00,0.6147999999999999
2024-01-23 09:00:00,0.6145499999999999
2024-01-23 10:00:00,0.614
2024-01-23 11:00:00,0.6135499999999999
2024-01-23 12:00:00,0.6142
2024-01-23 13:00:00,0.61495
2024-01-23 14:00:00,0.6136499999999999
2024-01-23 15:00:00,0.6128499999999999
2024-01-23 16:00:00,0.6125499999999999
2024-01-23 17:00:00,0.6125499999999999
2024-01-23 18:00:00,0.6131
2024-01-23 19:00:00,0.6137999999999999
2024-01-23 20:00:00,0.6135499999999999
2024-01-23 21:00:00,0.61595
2024-01-23 23:00:00,0.6158999999999999
2024-01-24 00:00:00,0.6155999999999999
2024-01-24 01:00:00,0.6158499999999999
2024-01-24 02:00:00,0.6146499999999999
2024-01-24 03:00:00,0.61515
2024-01-24 04:00:00,0.6157999999999999
2024-01-24 05:00:00,0.6158999999999999
2024-01-24 06:00:00,0.6167999999999999
2024-01-24 07:00:00,0.6167499999999999
2024-01-24 08:00:00,0.61825
2024-01-24 09:00:00,0.61905
2024-01-24 10:00:00,0.6186499999999999
2024-01-24 11:00:00,0.6185499999999999
2024-01-24 12:00:00,0.6182
2024-01-24 13:00:00,0.62
2024-01-24 14:00:00,0.6186999999999999
2024-01-24 15:00:00,0.6184
2024-01-24 16:00:00,0.6181
2024-01-24 17:00:00,0.6186499999999999
2024-01-24 18:00:00,0.61735
2024-01-24 19:00:00,0.6167999999999999
2024-01-24 20:00:00,0.6167499999999999
2024-01-24 21:00:00,0.6166999999999999
2024-01-24 23:00:00,0.6164
2024-01-25 00:00:00,0.61615
2024-01-25 01:00:00,0.6165999999999999
2024-01-25 02:00:00,0.6164
2024-01-25 03:00:00,0.6166999999999999
2024-01-25 04:00:00,0.61615
2024-01-25 05:00:00,0.61605
2024-01-25 06:00:00,0.6166999999999999
2024-01-25 07:00:00,0.61705
2024-01-25 08:00:00,0.6174499999999999
2024-01-25 09:00:00,0.618
2024-01-25 10:00:00,0.6182
2024-01-25 11:00:00,0.618
2024-01-25 12:00:00,0.617
2024-01-25 13:00:00,0.6186499999999999
2024-01-25 14:00:00,0.61835
2024-01-25 15:00:00,0.61705
2024-01-25 16:00:00,0.6167999999999999
2024-01-25 17:00:00,0.61705
2024-01-25 18:00:00,0.61615
2024-01-25 19:00:00,0.6166999999999999
2024-01-25 20:00:00,0.6166499999999999
2024-01-25 21:00:00,0.6166499999999999
2024-01-25 23:00:00,0.61635
2024-01-26 00:00:00,0.61605
2024-01-26 01:00:00,0.6161
2024-01-26 02:00:00,0.6164
2024-01-26 03:00:00,0.6163
2024-01-26 04:00:00,0.6161
2024-01-26 05:00:00,0.61635
2024-01-26 06:00:00,0.6156999999999999
2024-01-26 07:00:00,0.6152
2024-01-26 08:00:00,0.6154499999999999
2024-01-26 09:00:00,0.6158499999999999
2024-01-26 10:00:00,0.6164999999999999
2024-01-26 11:00:00,0.6166499999999999
2024-01-26 12:00:00,0.61595
2024-01-26 13:00:00,0.617
2024-01-26 14:00:00,0.6165499999999999
2024-01-26 15:00:00,0.61615
2024-01-26 16:00:00,0.6157999999999999
2024-01-26 17:00:00,0.6154499999999999
2024-01-26 18:00:00,0.6148999999999999
2024-01-26 19:00:00,0.6151
2024-01-26 20:00:00,0.61505
2024-01-26 21:00:00,0.6145999999999999
2024-01-28 23:00:00,0.6147499999999999
2024-01-29 00:00:00,0.6152
2024-01-29 01:00:00,0.61605
2024-01-29 02:00:00,0.6154999999999999
2024-01-29 03:00:00,0.61525
2024-01-29 04:00:00,0.61525
2024-01-29 05:00:00,0.6153
2024-01-29 06:00:00,0.61705
2024-01-29 07:00:00,0.6166999999999999
2024-01-29 08:00:00,0.6171
2024-01-29 09:00:00,0.61705
2024-01-29 10:00:00,0.6173
2024-01-29 11:00:00,0.6168999999999999
2024-01-29 12:00:00,0.61695
2024-01-29 13:00:00,0.6168999999999999
2024-01-29 14:00:00,0.61615
2024-01-29 15:00:00,0.6165499999999999
2024-01-29 16:00:00,0.6165499999999999
2024-01-29 17:00:00,0.61615
2024-01-29 18:00:00,0.6162
2024-01-29 19:00:00,0.61705
2024-01-29 20:00:00,0.618
2024-01-29 21:00:00,0.6187999999999999
2024-01-29 23:00:00,0.6189499999999999
2024-01-30 00:00:00,0.6197499999999999
2024-01-30 01:00:00,0.61905
2024-01-30 02:00:00,0.6191
2024-01-30 03:00:00,0.6194
2024-01-30 04:00:00,0.6192
2024-01-30 05:00:00,0.6196999999999999
2024-01-30 06:00:00,0.6189499999999999
2024-01-30 07:00:00,0.6202
2024-01-30 08:00:00,0.6188499999999999
2024-01-30 09:00:00,0.6188999999999999
2024-01-30 10:00:00,0.6184999999999999
2024-01-30 11:00:00,0.6182
2024-01-30 12:00:00,0.6178999999999999
2024-01-30 13:00:00,0.6176999999999999
2024-01-30 14:00:00,0.61905
2024-01-30 15:00:00,0.61705
2024-01-30 16:00:00,0.61825
2024-01-30 17:00:00,0.6178499999999999
2024-01-30 18:00:00,0.61825
2024-01-30 19:00:00,0.619
2024-01-30 20:00:00,0.61905
2024-01-30 21:00:00,0.6191
2024-01-30 23:00:00,0.6187499999999999
2024-01-31 00:00:00,0.6187999999999999
2024-01-31 01:00:00,0.6178999999999999
2024-01-31 02:00:00,0.6173
2024-01-31 03:00:00,0.61695
2024-01-31 04:00:00,0.61735
2024-01-31 05:00:00,0.6168999999999999
2024-01-31 06:00:00,0.6165999999999999
2024-01-31 07:00:00,0.6178999999999999
2024-01-31 08:00:00,0.6183
2024-01-31 09:00:00,0.61815
2024-01-31 10:00:00,0.6173
2024-01-31 11:00:00,0.6174
2024-01-31 12:00:00,0.6177499999999999
2024-01-31 13:00:00,0.6195999999999999
2024-01-31 14:00:00,0.62225
2024-01-31 15:00:00,0.62115
2024-01-31 16:00:00,0.6201
2024-01-31 17:00:00,0.6195999999999999
2024-01-31 18:00:00,0.6198499999999999
2024-01-31 19:00:00,0.6203
2024-01-31 20:00:00,0.619
2024-01-31 21:00:00,0.61735
2024-01-31 23:00:00,0.6167999999999999
2024-02-01 00:00:00,0.6176999999999999
2024-02-01 01:00:00,0.618
2024-02-01 02:00:00,0.6192
2024-02-01 03:00:00,0.6187999999999999
2024-02-01 04:00:00,0.6178999999999999
2024-02-01 05:00:00,0.6165999999999999
2024-02-01 06:00:00,0.6192
2024-02-01 07:00:00,0.6157999999999999
2024-02-01 08:00:00,0.6148999999999999
2024-02-01 09:00:00,0.6148999999999999
2024-02-01 10:00:00,0.614
2024-02-01 11:00:00,0.6144999999999999
2024-02-01 12:00:00,0.6147499999999999
2024-02-01 13:00:00,0.6148499999999999
2024-02-01 14:00:00,0.6164999999999999
2024-02-01 15:00:00,0.61725
2024-02-01 16:00:00,0.6188999999999999
2024-02-01 17:00:00,0.61905
2024-02-01 18:00:00,0.61935
2024-02-01 19:00:00,0.6192
2024-02-01 20:00:00,0.6192
2024-02-01 21:00:00,0.6199499999999999
2024-02-01 23:00:00,0.6201
2024-02-02 00:00:00,0.6201
2024-02-02 01:00:00,0.6205999999999999
2024-02-02 02:00:00,0.6213
2024-02-02 03:00:00,0.6207999999999999
2024-02-02 04:00:00,0.6206999999999999
2024-02-02 05:00:00,0.6207499999999999
2024-02-02 06:00:00,0.6126999999999999
2024-02-02 07:00:00,0.6202
2024-02-02 08:00:00,0.62015
2024-02-02 09:00:00,0.6209499999999999
2024-02-02 10:00:00,0.62125
2024-02-02 11:00:00,0.6214
2024-02-02 12:00:00,0.6213
2024-02-02 13:00:00,0.615
2024-02-02 14:00:00,0.6145999999999999
2024-02-02 15:00:00,0.61295
2024-02-02 16:00:00,0.612
2024-02-02 17:00:00,0.6118999999999999
2024-02-02 18:00:00,0.61235
2024-02-02 19:00:00,0.6126999999999999
2024-02-02 20:00:00,0.6128499999999999
2024-02-02 21:00:00,0.61195
2024-02-04 23:00:00,0.6117499999999999
2024-02-05 00:00:00,0.6106999999999999
2024-02-05 01:00:00,0.6117499999999999
2024-02-05 02:00:00,0.6118999999999999
2024-02-05 03:00:00,0.6126999999999999
2024-02-05 04:00:00,0.6126999999999999
2024-02-05 05:00:00,0.6131
2024-02-05 06:00:00,0.6107999999999999
2024-02-05 07:00:00,0.6132
2024-02-05 08:00:00,0.61235
2024-02-05 09:00:00,0.6118999999999999
2024-02-05 10:00:00,0.6118999999999999
2024-02-05 11:00:00,0.61195
2024-02-05 12:00:00,0.61095
2024-02-05 13:00:00,0.6108499999999999
2024-02-05 14:00:00,0.61125
2024-02-05 15:00:00,0.61005
2024-02-05 16:00:00,0.6103999999999999
2024-02-05 17:00:00,0.6111
2024-02-05 18:00:00,0.6113
2024-02-05 19:00:00,0.6107499999999999
2024-02-05 20:00:00,0.611
2024-02-05 21:00:00,0.61095
2024-02-05 23:00:00,0.6108499999999999
2024-02-06 00:00:00,0.61105
2024-02-06 01:00:00,0.6121
2024-02-06 02:00:00,0.612
2024-02-06 03:00:00,0.6118499999999999
2024-02-06 04:00:00,0.6127499999999999
2024-02-06 05:00:00,0.6125999999999999
2024-02-06 06:00:00,0.6128999999999999
2024-02-06 07:00:00,0.6125999999999999
2024-02-06 08:00:00,0.6116499999999999
2024-02-06 09:00:00,0.61095
2024-02-06 10:00:00,0.6105499999999999
2024-02-06 11:00:00,0.6107499999999999
2024-02-06 12:00:00,0.6114499999999999
2024-02-06 13:00:00,0.6108499999999999
2024-02-06 14:00:00,0.6115499999999999
2024-02-06 15:00:00,0.6121
2024-02-06 16:00:00,0.6126999999999999
2024-02-06 17:00:00,0.61335
2024-02-06 18:00:00,0.6135499999999999
2024-02-06 19:00:00,0.61315
2024-02-06 20:00:00,0.6133
2024-02-06 21:00:00,0.61535
2024-02-06 23:00:00,0.6154999999999999
2024-02-07 00:00:00,0.61515
2024-02-07 01:00:00,0.6165499999999999
2024-02-07 02:00:00,0.6163
2024-02-07 03:00:00,0.6162
2024-02-07 04:00:00,0.6155999999999999
2024-02-07 05:00:00,0.6158499999999999
2024-02-07 06:00:00,0.616
2024-02-07 07:00:00,0.61605
2024-02-07 08:00:00,0.6156999999999999
2024-02-07 09:00:00,0.61605
2024-02-07 10:00:00,0.6155999999999999
2024-02-07 11:00:00,0.6165999999999999
2024-02-07 12:00:00,0.6168999999999999
2024-02-07 13:00:00,0.617
2024-02-07 14:00:00,0.6172
2024-02-07 15:00:00,0.6166999999999999
2024-02-07 16:00:00,0.6164499999999999
2024-02-07 17:00:00,0.6161
2024-02-07 18:00:00,0.6162
2024-02-07 19:00:00,0.6164
2024-02-07 20:00:00,0.6164499999999999
2024-02-07 21:00:00,0.6168999999999999
2024-02-07 23:00:00,0.6164499999999999
2024-02-08 00:00:00,0.61695
2024-02-08 01:00:00,0.6173
2024-02-08 02:00:00,0.6173
2024-02-08 03:00:00,0.6171
2024-02-08 04:00:00,0.6167999999999999
2024-02-08 05:00:00,0.6165999999999999
2024-02-08 06:00:00,0.6146999999999999
2024-02-08 07:00:00,0.6166499999999999
2024-02-08 08:00:00,0.61605
2024-02-08 09:00:00,0.6164
2024-02-08 10:00:00,0.6154999999999999
2024-02-08 11:00:00,0.6147499999999999
2024-02-08 12:00:00,0.6144
2024-02-08 13:00:00,0.6138999999999999
2024-02-08 14:00:00,0.61435
2024-02-08 15:00:00,0.61435
2024-02-08 16:00:00,0.6146499999999999
2024-02-08 17:00:00,0.6148499999999999
2024-02-08 18:00:00,0.6148999999999999
2024-02-08 19:00:00,0.6147499999999999
2024-02-08 20:00:00,0.6147499999999999
2024-02-08 21:00:00,0.6152
2024-02-08 23:00:00,0.6168499999999999
2024-02-09 00:00:00,0.6167999999999999
2024-02-09 01:00:00,0.61795
2024-02-09 02:00:00,0.6181
2024-02-09 03:00:00,0.618
2024-02-09 04:00:00,0.6175499999999999
2024-02-09 05:00:00,0.6174
2024-02-09 06:00:00,0.62035
2024-02-09 07:00:00,0.6184999999999999
2024-02-09 08:00:00,0.6194
2024-02-09 09:00:00,0.6198499999999999
2024-02-09 10:00:00,0.6195499999999999
2024-02-09 11:00:00,0.61945
2024-02-09 12:00:00,0.6189499999999999
2024-02-09 13:00:00,0.6198499999999999
2024-02-09 14:00:00,0.6198999999999999
2024-02-09 15:00:00,0.6198999999999999
2024-02-09 16:00:00,0.6194
2024-02-09 17:00:00,0.6198999999999999
2024-02-09 18:00:00,0.6203
2024-02-09 19:00:00,0.62035
2024-02-09 20:00:00,0.62025
2024-02-09 21:00:00,0.6206499999999999
2024-02-11 23:00:00,0.6203
2024-02-12 00:00:00,0.6204999999999999
2024-02-12 01:00:00,0.6191
2024-02-12 02:00:00,0.61935
2024-02-12 03:00:00,0.6183
2024-02-12 04:00:00,0.61835
2024-02-12 05:00:00,0.6184499999999999
2024-02-12 06:00:00,0.6186999999999999
2024-02-12 07:00:00,0.61945
2024-02-12 08:00:00,0.6177499999999999
2024-02-12 09:00:00,0.6177999999999999
2024-02-12 10:00:00,0.6183
2024-02-12 11:00:00,0.6181
2024-02-12 12:00:00,0.6187499999999999
2024-02-12 13:00:00,0.618
2024-02-12 14:00:00,0.6186499999999999
2024-02-12 15:00:00,0.6185999999999999
2024-02-12 16:00:00,0.6191
2024-02-12 17:00:00,0.6194999999999999
2024-02-12 18:00:00,0.61915
2024-02-12 19:00:00,0.61835
2024-02-12 20:00:00,0.6184999999999999
2024-02-12 21:00:00,0.6184999999999999
2024-02-12 23:00:00,0.6184
2024-02-13 00:00:00,0.6183
2024-02-13 01:00:00,0.61815
2024-02-13 02:00:00,0.6157499999999999
2024-02-13 03:00:00,0.61535
2024-02-13 04:00:00,0.6154499999999999
2024-02-13 05:00:00,0.61595
2024-02-13 06:00:00,0.61635
2024-02-13 07:00:00,0.6163
2024-02-13 08:00:00,0.6158499999999999
2024-02-13 09:00:00,0.6157999999999999
2024-02-13 10:00:00,0.6164
2024-02-13 11:00:00,0.6167999999999999
2024-02-13 12:00:00,0.61725
2024-02-13 13:00:00,0.6117499999999999
2024-02-13 14:00:00,0.6112
2024-02-13 15:00:00,0.6116999999999999
2024-02-13 16:00:00,0.6115499999999999
2024-02-13 17:00:00,0.6113
2024-02-13 18:00:00,0.6108499999999999
2024-02-13 19:00:00,0.6105499999999999
2024-02-13 20:00:00,0.6113999999999999
2024-02-13 21:00:00,0.6116499999999999
2024-02-13 23:00:00,0.61125
2024-02-14 00:00:00,0.61105
2024-02-14 01:00:00,0.6115999999999999
2024-02-14 02:00:00,0.6116999999999999
2024-02-14 03:00:00,0.6125999999999999
2024-02-14 04:00:00,0.6128499999999999
2024-02-14 05:00:00,0.61325
2024-02-14 06:00:00,0.6137999999999999
2024-02-14 07:00:00,0.6138499999999999
2024-02-14 08:00:00,0.6131
2024-02-14 09:00:00,0.6135499999999999
2024-02-14 10:00:00,0.6134499999999999
2024-02-14 11:00:00,0.6134
2024-02-14 12:00:00,0.6134999999999999
2024-02-14 13:00:00,0.61295
2024-02-14 14:00:00,0.6133
2024-02-14 15:00:00,0.6138499999999999
2024-02-14 16:00:00,0.61435
2024-02-14 17:00:00,0.61425
2024-02-14 18:00:00,0.6142
2024-02-14 19:00:00,0.61395
2024-02-14 20:00:00,0.614
2024-02-14 21:00:00,0.61415
2024-02-14 23:00:00,0.6145499999999999
2024-02-15 00:00:00,0.6145499999999999
2024-02-15 01:00:00,0.6138999999999999
2024-02-15 02:00:00,0.61435
2024-02-15 03:00:00,0.6137999999999999
2024-02-15 04:00:00,0.6138499999999999
2024-02-15 05:00:00,0.6138499999999999
2024-02-15 06:00:00,0.6168499999999999
2024-02-15 07:00:00,0.6142
2024-02-15 08:00:00,0.6141
2024-02-15 09:00:00,0.61415
2024-02-15 10:00:00,0.6147499999999999
2024-02-15 11:00:00,0.615
2024-02-15 12:00:00,0.61535
2024-02-15 13:00:00,0.61725
2024-02-15 14:00:00,0.6177499999999999
2024-02-15 15:00:00,0.6168499999999999
2024-02-15 16:00:00,0.6157999999999999
2024-02-15 17:00:00,0.61595
2024-02-15 18:00:00,0.6166999999999999
2024-02-15 19:00:00,0.6168499999999999
2024-02-15 20:00:00,0.6165499999999999
2024-02-15 21:00:00,0.61615
2024-02-15 23:00:00,0.6165999999999999
2024-02-16 00:00:00,0.61505
2024-02-16 01:00:00,0.6153
2024-02-16 02:00:00,0.615
2024-02-16 03:00:00,0.6151
2024-02-16 04:00:00,0.61535
2024-02-16 05:00:00,0.615
2024-02-16 06:00:00,0.6154499999999999
2024-02-16 07:00:00,0.6156999999999999
2024-02-16 08:00:00,0.6161
2024-02-16 09:00:00,0.6164499999999999
2024-02-16 10:00:00,0.6166999999999999
2024-02-16 11:00:00,0.6164
2024-02-16 12:00:00,0.616
2024-02-16 13:00:00,0.6152
2024-02-16 14:00:00,0.6154999999999999
2024-02-16 15:00:00,0.617
2024-02-16 16:00:00,0.6172
2024-02-16 17:00:00,0.6183
2024-02-16 18:00:00,0.6187999999999999
2024-02-16 19:00:00,0.6184
2024-02-16 20:00:00,0.6182
2024-02-16 21:00:00,0.61815
2024-02-18 23:00:00,0.61905
2024-02-19 00:00:00,0.6194999999999999
2024-02-19 01:00:00,0.6189499999999999
2024-02-19 02:00:00,0.6191
2024-02-19 03:00:00,0.6193
2024-02-19 04:00:00,0.6195499999999999
2024-02-19 05:00:00,0.6195999999999999
2024-02-19 06:00:00,0.6203
2024-02-19 07:00:00,0.62045
2024-02-19 08:00:00,0.6204
2024-02-19 09:00:00,0.6201
2024-02-19 10:00:00,0.6196999999999999
2024-02-19 11:00:00,0.61935
2024-02-19 12:00:00,0.61945
2024-02-19 13:00:00,0.6202
2024-02-19 14:00:00,0.62005
2024-02-19 15:00:00,0.6197999999999999
2024-02-19 16:00:00,0.6197999999999999
2024-02-19 17:00:00,0.62005
2024-02-19 18:00:00,0.62015
2024-02-19 19:00:00,0.6204
2024-02-19 20:00:00,0.62035
2024-02-19 21:00:00,0.6204999999999999
2024-02-19 23:00:00,0.6197499999999999
2024-02-20 00:00:00,0.6193
2024-02-20 01:00:00,0.6192
2024-02-20 02:00:00,0.6186999999999999
2024-02-20 03:00:00,0.61935
2024-02-20 04:00:00,0.61945
2024-02-20 05:00:00,0.6193
2024-02-20 06:00:00,0.6194999999999999
2024-02-20 07:00:00,0.61945
2024-02-20 08:00:00,0.6207499999999999
2024-02-20 09:00:00,0.622
2024-02-20 10:00:00,0.6225499999999999
2024-02-20 11:00:00,0.62235
2024-02-20 12:00:00,0.6228499999999999
2024-02-20 13:00:00,0.62425
2024-02-20 14:00:00,0.6235999999999999
2024-02-20 15:00:00,0.6236999999999999
2024-02-20 16:00:00,0.62315
2024-02-20 17:00:00,0.6228999999999999
2024-02-20 18:00:00,0.6225499999999999
2024-02-20 19:00:00,0.62235
2024-02-20 20:00:00,0.6223
2024-02-20 21:00:00,0.622
2024-02-20 23:00:00,0.6223
2024-02-21 00:00:00,0.6225499999999999
2024-02-21 01:00:00,0.62325
2024-02-21 02:00:00,0.624
2024-02-21 03:00:00,0.6244999999999999
2024-02-21 04:00:00,0.6244
2024-02-21 05:00:00,0.6246499999999999
2024-02-21 06:00:00,0.6242
2024-02-21 07:00:00,0.6245499999999999
2024-02-21 08:00:00,0.6237499999999999
2024-02-21 09:00:00,0.6239499999999999
2024-02-21 10:00:00,0.6244
2024-02-21 11:00:00,0.6237999999999999
2024-02-21 12:00:00,0.6233
2024-02-21 13:00:00,0.6236999999999999
2024-02-21 14:00:00,0.6237999999999999
2024-02-21 15:00:00,0.6224999999999999
2024-02-21 16:00:00,0.6228499999999999
2024-02-21 17:00:00,0.62245
2024-02-21 18:00:00,0.6226999999999999
2024-02-21 19:00:00,0.6232
2024-02-21 20:00:00,0.6233
2024-02-21 21:00:00,0.6235999999999999
2024-02-21 23:00:00,0.6236999999999999
2024-02-22 00:00:00,0.6252
2024-02-22 01:00:00,0.62425
2024-02-22 02:00:00,0.6244999999999999
2024-02-22 03:00:00,0.62425
2024-02-22 04:00:00,0.6248999999999999
2024-02-22 05:00:00,0.6251
2024-02-22 06:00:00,0.6255
2024-02-22 07:00:00,0.62705
2024-02-22 08:00:00,0.6266999999999999
2024-02-22 09:00:00,0.62625
2024-02-22 10:00:00,0.6265
2024-02-22 11:00:00,0.62605
2024-02-22 12:00:00,0.6254
2024-02-22 13:00:00,0.6239499999999999
2024-02-22 14:00:00,0.6245499999999999
2024-02-22 15:00:00,0.6241
2024-02-22 16:00:00,0.62415
2024-02-22 17:00:00,0.6249499999999999
2024-02-22 18:00:00,0.62525
2024-02-22 19:00:00,0.6255499999999999
2024-02-22 20:00:00,0.62545
2024-02-22 21:00:00,0.62515
2024-02-22 23:00:00,0.6249999999999999
2024-02-23 00:00:00,0.6246999999999999
2024-02-23 01:00:00,0.6253
2024-02-23 02:00:00,0.6255999999999999
2024-02-23 03:00:00,0.6258999999999999
2024-02-23 04:00:00,0.6257999999999999
2024-02-23 05:00:00,0.6255499999999999
2024-02-23 06:00:00,0.62515
2024-02-23 07:00:00,0.6257499999999999
2024-02-23 08:00:00,0.6246499999999999
2024-02-23 09:00:00,0.6238499999999999
2024-02-23 10:00:00,0.62445
2024-02-23 11:00:00,0.6249999999999999
2024-02-23 12:00:00,0.62635
2024-02-23 13:00:00,0.6256999999999999
2024-02-23 14:00:00,0.6254
2024-02-23 15:00:00,0.6246999999999999
2024-02-23 16:00:00,0.6252
2024-02-23 17:00:00,0.6252
2024-02-23 18:00:00,0.6253
2024-02-23 19:00:00,0.62515
2024-02-23 20:00:00,0.62505
2024-02-23 21:00:00,0.6253
2024-02-25 23:00:00,0.62415
2024-02-26 00:00:00,0.62205
2024-02-26 01:00:00,0.6223
2024-02-26 02:00:00,0.6224999999999999
2024-02-26 03:00:00,0.6223
2024-02-26 04:00:00,0.6225999999999999
2024-02-26 05:00:00,0.62225
2024-02-26 06:00:00,0.6226999999999999
2024-02-26 07:00:00,0.62235
2024-02-26 08:00:00,0.62235
2024-02-26 09:00:00,0.6225499999999999
2024-02-26 10:00:00,0.623
2024-02-26 11:00:00,0.6233
2024-02-26 12:00:00,0.6233
2024-02-26 13:00:00,0.6237999999999999
2024-02-26 14:00:00,0.62235
2024-02-26 15:00:00,0.6228499999999999
2024-02-26 16:00:00,0.623
2024-02-26 17:00:00,0.6228499999999999
2024-02-26 18:00:00,0.6226499999999999
2024-02-26 19:00:00,0.6226999999999999
2024-02-26 20:00:00,0.6228499999999999
2024-02-26 21:00:00,0.6228499999999999
2024-02-26 23:00:00,0.62215
2024-02-27 00:00:00,0.6215499999999999
2024-02-27 01:00:00,0.6216499999999999
2024-02-27 02:00:00,0.621
2024-02-27 03:00:00,0.6215999999999999
2024-02-27 04:00:00,0.6217499999999999
2024-02-27 05:00:00,0.6218999999999999
2024-02-27 06:00:00,0.6222
2024-02-27 07:00:00,0.6226999999999999
2024-02-27 08:00:00,0.62245
2024-02-27 09:00:00,0.62225
2024-02-27 10:00:00,0.622
2024-02-27 11:00:00,0.62205
2024-02-27 12:00:00,0.62245
2024-02-27 13:00:00,0.62225
2024-02-27 14:00:00,0.6222
2024-02-27 15:00:00,0.6226499999999999
2024-02-27 16:00:00,0.6226999999999999
2024-02-27 17:00:00,0.6225999999999999
2024-02-27 18:00:00,0.6229499999999999
2024-02-27 19:00:00,0.6226499999999999
2024-02-27 20:00:00,0.6225499999999999
2024-02-27 21:00:00,0.6225999999999999
2024-02-27 23:00:00,0.6224999999999999
2024-02-28 00:00:00,0.6228999999999999
2024-02-28 01:00:00,0.6178499999999999
2024-02-28 02:00:00,0.6168999999999999
2024-02-28 03:00:00,0.6163
2024-02-28 04:00:00,0.6167999999999999
2024-02-28 05:00:00,0.61695
2024-02-28 06:00:00,0.6147999999999999
2024-02-28 07:00:00,0.6164999999999999
2024-02-28 08:00:00,0.6158499999999999
2024-02-28 09:00:00,0.6148499999999999
2024-02-28 10:00:00,0.6154999999999999
2024-02-28 11:00:00,0.6154999999999999
2024-02-28 12:00:00,0.6147499999999999
2024-02-28 13:00:00,0.61505
2024-02-28 14:00:00,0.6145999999999999
2024-02-28 15:00:00,0.6144499999999999
2024-02-28 16:00:00,0.6145999999999999
2024-02-28 17:00:00,0.6146999999999999
2024-02-28 18:00:00,0.61495
2024-02-28 19:00:00,0.6147999999999999
2024-02-28 20:00:00,0.6153
2024-02-28 21:00:00,0.61535
2024-02-28 23:00:00,0.61515
2024-02-29 00:00:00,0.6146499999999999
2024-02-29 01:00:00,0.6152
2024-02-29 02:00:00,0.6161
2024-02-29 03:00:00,0.6161
2024-02-29 04:00:00,0.6158999999999999
2024-02-29 05:00:00,0.6157999999999999
2024-02-29 06:00:00,0.6137499999999999
2024-02-29 07:00:00,0.6152
2024-02-29 08:00:00,0.61525
2024-02-29 09:00:00,0.6147999999999999
2024-02-29 10:00:00,0.6137999999999999
2024-02-29 11:00:00,0.6137999999999999
2024-02-29 12:00:00,0.61335
2024-02-29 13:00:00,0.61505
2024-02-29 14:00:00,0.6162
2024-02-29 15:00:00,0.6146999999999999
2024-02-29 16:00:00,0.6144999999999999
2024-02-29 17:00:00,0.6136999999999999
2024-02-29 18:00:00,0.6143
2024-02-29 19:00:00,0.6136999999999999
2024-02-29 20:00:00,0.61405
2024-02-29 21:00:00,0.61425
2024-02-29 23:00:00,0.6142
2024-03-01 00:00:00,0.6143
2024-03-01 01:00:00,0.615
2024-03-01 02:00:00,0.6147499999999999
2024-03-01 03:00:00,0.6152
2024-03-01 04:00:00,0.6146999999999999
2024-03-01 05:00:00,0.6146499999999999
2024-03-01 06:00:00,0.61615
2024-03-01 07:00:00,0.6142
2024-03-01 08:00:00,0.6138499999999999
2024-03-01 09:00:00,0.6147499999999999
2024-03-01 10:00:00,0.61525
2024-03-01 11:00:00,0.61515
2024-03-01 12:00:00,0.6143
2024-03-01 13:00:00,0.6142
2024-03-01 14:00:00,0.6135499999999999
2024-03-01 15:00:00,0.6164499999999999
2024-03-01 16:00:00,0.6158999999999999
2024-03-01 17:00:00,0.61605
2024-03-01 18:00:00,0.616
2024-03-01 19:00:00,0.6161
2024-03-01 20:00:00,0.6161
2024-03-01 21:00:00,0.6162
2024-03-03 23:00:00,0.6157999999999999
2024-03-04 00:00:00,0.6162
2024-03-04 01:00:00,0.61525
2024-03-04 02:00:00,0.6156499999999999
2024-03-04 03:00:00,0.6154499999999999
2024-03-04 04:00:00,0.6152
2024-03-04 05:00:00,0.6152
2024-03-04 06:00:00,0.61495
2024-03-04 07:00:00,0.61595
2024-03-04 08:00:00,0.6147499999999999
2024-03-04 09:00:00,0.61605
2024-03-04 10:00:00,0.6158999999999999
2024-03-04 11:00:00,0.6156499999999999
2024-03-04 12:00:00,0.61535
2024-03-04 13:00:00,0.6151
2024-03-04 14:00:00,0.61605
2024-03-04 15:00:00,0.61535
2024-03-04 16:00:00,0.6154999999999999
2024-03-04 17:00:00,0.6151
2024-03-04 18:00:00,0.6147499999999999
2024-03-04 19:00:00,0.61495
2024-03-04 20:00:00,0.6151
2024-03-04 21:00:00,0.61495
2024-03-04 23:00:00,0.615
2024-03-05 00:00:00,0.6148999999999999
2024-03-05 01:00:00,0.6148499999999999
2024-03-05 02:00:00,0.61405
2024-03-05 03:00:00,0.6146499999999999
2024-03-05 04:00:00,0.61435
2024-03-05 05:00:00,0.6137999999999999
2024-03-05 06:00:00,0.6131
2024-03-05 07:00:00,0.6132
2024-03-05 08:00:00,0.6127499999999999
2024-03-05 09:00:00,0.61305
2024-03-05 10:00:00,0.6137999999999999
2024-03-05 11:00:00,0.6136999999999999
2024-03-05 12:00:00,0.61315
2024-03-05 13:00:00,0.614
2024-03-05 14:00:00,0.61425
2024-03-05 15:00:00,0.6157499999999999
2024-03-05 16:00:00,0.6144
2024-03-05 17:00:00,0.6146499999999999
2024-03-05 18:00:00,0.61425
2024-03-05 19:00:00,0.61405
2024-03-05 20:00:00,0.6138999999999999
2024-03-05 21:00:00,0.61415
2024-03-05 23:00:00,0.6143
2024-03-06 00:00:00,0.613
2024-03-06 01:00:00,0.6133
2024-03-06 02:00:00,0.6142
2024-03-06 03:00:00,0.6144
2024-03-06 04:00:00,0.6145999999999999
2024-03-06 05:00:00,0.61495
2024-03-06 06:00:00,0.6184999999999999
2024-03-06 07:00:00,0.61505
2024-03-06 08:00:00,0.6154
2024-03-06 09:00:00,0.6158499999999999
2024-03-06 10:00:00,0.6153
2024-03-06 11:00:00,0.6158499999999999
2024-03-06 12:00:00,0.6155999999999999
2024-03-06 13:00:00,0.617
2024-03-06 14:00:00,0.6175999999999999
2024-03-06 15:00:00,0.61825
2024-03-06 16:00:00,0.6195499999999999
2024-03-06 17:00:00,0.6188499999999999
2024-03-06 18:00:00,0.61905
2024-03-06 19:00:00,0.6184499999999999
2024-03-06 20:00:00,0.6184
2024-03-06 21:00:00,0.6184999999999999
2024-03-06 23:00:00,0.6184
2024-03-07 00:00:00,0.6187999999999999
2024-03-07 01:00:00,0.6187999999999999
2024-03-07 02:00:00,0.61925
2024-03-07 03:00:00,0.6197499999999999
2024-03-07 04:00:00,0.62035
2024-03-07 05:00:00,0.6197999999999999
2024-03-07 06:00:00,0.62015
2024-03-07 07:00:00,0.6205499999999999
2024-03-07 08:00:00,0.6211
2024-03-07 09:00:00,0.62105
2024-03-07 10:00:00,0.6217499999999999
2024-03-07 11:00:00,0.6214
2024-03-07 12:00:00,0.6216999999999999
2024-03-07 13:00:00,0.6221
2024-03-07 14:00:00,0.6221
2024-03-07 15:00:00,0.6222
2024-03-07 16:00:00,0.6226499999999999
2024-03-07 17:00:00,0.6226499999999999
2024-03-07 18:00:00,0.6227499999999999
2024-03-07 19:00:00,0.6231
2024-03-07 20:00:00,0.6227999999999999
2024-03-07 21:00:00,0.6229499999999999
2024-03-07 23:00:00,0.6234
2024-03-08 00:00:00,0.6234
2024-03-08 01:00:00,0.6223
2024-03-08 02:00:00,0.62245
2024-03-08 03:00:00,0.6227999999999999
2024-03-08 04:00:00,0.6228499999999999
2024-03-08 05:00:00,0.62315
2024-03-08 06:00:00,0.6233
2024-03-08 07:00:00,0.6235499999999999
2024-03-08 08:00:00,0.6235499999999999
2024-03-08 09:00:00,0.62405
2024-03-08 10:00:00,0.62415
2024-03-08 11:00:00,0.62405
2024-03-08 12:00:00,0.6239499999999999
2024-03-08 13:00:00,0.6253
2024-03-08 14:00:00,0.6257999999999999
2024-03-08 15:00:00,0.6247499999999999
2024-03-08 16:00:00,0.62335
2024-03-08 17:00:00,0.6232
2024-03-08 18:00:00,0.6228499999999999
2024-03-08 19:00:00,0.62335
2024-03-08 20:00:00,0.6234
2024-03-08 21:00:00,0.62325
2024-03-10 22:00:00,0.6226499999999999
2024-03-10 23:00:00,0.6234999999999999
2024-03-11 00:00:00,0.6232
2024-03-11 01:00:00,0.6232
2024-03-11 02:00:00,0.6224999999999999
2024-03-11 03:00:00,0.6227499999999999
2024-03-11 04:00:00,0.6228999999999999
2024-03-11 05:00:00,0.6223
2024-03-11 06:00:00,0.6233
2024-03-11 07:00:00,0.6233
2024-03-11 08:00:00,0.62245
2024-03-11 09:00:00,0.6234999999999999
2024-03-11 10:00:00,0.6234
2024-03-11 11:00:00,0.6234
2024-03-11 12:00:00,0.6224
2024-03-11 13:00:00,0.6218499999999999
2024-03-11 14:00:00,0.6224
2024-03-11 15:00:00,0.6223
2024-03-11 16:00:00,0.6225999999999999
2024-03-11 17:00:00,0.62205
2024-03-11 18:00:00,0.62225
2024-03-11 19:00:00,0.62225
2024-03-11 20:00:00,0.6223
2024-03-11 22:00:00,0.62225
2024-03-11 23:00:00,0.6224999999999999
2024-03-12 00:00:00,0.62225
2024-03-12 01:00:00,0.62245
2024-03-12 02:00:00,0.6228499999999999
2024-03-12 03:00:00,0.62305
2024-03-12 04:00:00,0.6226999999999999
2024-03-12 05:00:00,0.62245
2024-03-12 06:00:00,0.6225499999999999
2024-03-12 07:00:00,0.6226499999999999
2024-03-12 08:00:00,0.6218499999999999
2024-03-12 09:00:00,0.6218499999999999
2024-03-12 10:00:00,0.622
2024-03-12 11:00:00,0.6217999999999999
2024-03-12 12:00:00,0.6218499999999999
2024-03-12 13:00:00,0.62015
2024-03-12 14:00:00,0.6199499999999999
2024-03-12 15:00:00,0.6204
2024-03-12 16:00:00,0.6202
2024-03-12 17:00:00,0.62005
2024-03-12 18:00:00,0.6206999999999999
2024-03-12 19:00:00,0.6207499999999999
2024-03-12 20:00:00,0.6206999999999999
2024-03-12 22:00:00,0.62045
2024-03-12 23:00:00,0.62045
2024-03-13 00:00:00,0.6202
2024-03-13 01:00:00,0.6203
2024-03-13 02:00:00,0.62145
2024-03-13 03:00:00,0.6217999999999999
2024-03-13 04:00:00,0.6217499999999999
2024-03-13 05:00:00,0.6222
2024-03-13 06:00:00,0.6217999999999999
2024-03-13 07:00:00,0.622
2024-03-13 08:00:00,0.6216499999999999
2024-03-13 09:00:00,0.6208499999999999
2024-03-13 10:00:00,0.6207999999999999
2024-03-13 11:00:00,0.62125
2024-03-13 12:00:00,0.621
2024-03-13 13:00:00,0.62125
2024-03-13 14:00:00,0.6216499999999999
2024-03-13 15:00:00,0.6213
2024-03-13 16:00:00,0.6214999999999999
2024-03-13 17:00:00,0.62215
2024-03-13 18:00:00,0.6214999999999999
2024-03-13 19:00:00,0.621
2024-03-13 20:00:00,0.6211
2024-03-13 22:00:00,0.62125
2024-03-13 23:00:00,0.622
2024-03-14 00:00:00,0.62235
2024-03-14 01:00:00,0.623
2024-03-14 02:00:00,0.6216499999999999
2024-03-14 03:00:00,0.6213
2024-03-14 04:00:00,0.6215499999999999
2024-03-14 05:00:00,0.6213
2024-03-14 06:00:00,0.62125
2024-03-14 07:00:00,0.6217499999999999
2024-03-14 08:00:00,0.6214999999999999
2024-03-14 09:00:00,0.6224
2024-03-14 10:00:00,0.62245
2024-03-14 11:00:00,0.6226499999999999
2024-03-14 12:00:00,0.62135
2024-03-14 13:00:00,0.6204999999999999
2024-03-14 14:00:00,0.6191
2024-03-14 15:00:00,0.6186499999999999
2024-03-14 16:00:00,0.6191
2024-03-14 17:00:00,0.6186999999999999
2024-03-14 18:00:00,0.6186999999999999
2024-03-14 19:00:00,0.6186999999999999
2024-03-14 20:00:00,0.6185999999999999
2024-03-14 22:00:00,0.618
2024-03-14 23:00:00,0.61795
2024-03-15 00:00:00,0.6162
2024-03-15 01:00:00,0.6158499999999999
2024-03-15 02:00:00,0.6154499999999999
2024-03-15 03:00:00,0.6156499999999999
2024-03-15 04:00:00,0.6157999999999999
2024-03-15 05:00:00,0.6154999999999999
2024-03-15 06:00:00,0.6158499999999999
2024-03-15 07:00:00,0.6153
2024-03-15 08:00:00,0.6147499999999999
2024-03-15 09:00:00,0.6152
2024-03-15 10:00:00,0.6151
2024-03-15 11:00:00,0.6154499999999999
2024-03-15 12:00:00,0.6151
2024-03-15 13:00:00,0.61495
2024-03-15 14:00:00,0.6148499999999999
2024-03-15 15:00:00,0.6144
2024-03-15 16:00:00,0.6138499999999999
2024-03-15 17:00:00,0.6138999999999999
2024-03-15 18:00:00,0.6143
2024-03-15 19:00:00,0.614
2024-03-15 20:00:00,0.61405
2024-03-17 22:00:00,0.61415
2024-03-17 23:00:00,0.61425
2024-03-18 00:00:00,0.614
2024-03-18 01:00:00,0.6144999999999999
2024-03-18 02:00:00,0.61505
2024-03-18 03:00:00,0.6148499999999999
2024-03-18 04:00:00,0.6148499999999999
2024-03-18 05:00:00,0.6134
2024-03-18 06:00:00,0.6144
2024-03-18 07:00:00,0.615
2024-03-18 08:00:00,0.61535
2024-03-18 09:00:00,0.61515
2024-03-18 10:00:00,0.6146499999999999
2024-03-18 11:00:00,0.6148499999999999
2024-03-18 12:00:00,0.6145999999999999
2024-03-18 13:00:00,0.6144499999999999
2024-03-18 14:00:00,0.6142
2024-03-18 15:00:00,0.61395
2024-03-18 16:00:00,0.6135499999999999
2024-03-18 17:00:00,0.6135499999999999
2024-03-18 18:00:00,0.61335
2024-03-18 19:00:00,0.6135999999999999
2024-03-18 20:00:00,0.6136999999999999
2024-03-18 22:00:00,0.6138999999999999
2024-03-18 23:00:00,0.6136999999999999
2024-03-19 00:00:00,0.61295
2024-03-19 01:00:00,0.6123999999999999
2024-03-19 02:00:00,0.613
2024-03-19 03:00:00,0.6125499999999999
2024-03-19 04:00:00,0.6117499999999999
2024-03-19 05:00:00,0.6107499999999999
2024-03-19 06:00:00,0.6104499999999999
2024-03-19 07:00:00,0.6108499999999999
2024-03-19 08:00:00,0.6103
2024-03-19 09:00:00,0.60935
2024-03-19 10:00:00,0.60995
2024-03-19 11:00:00,0.6107499999999999
2024-03-19 12:00:00,0.6106499999999999
2024-03-19 13:00:00,0.61005
2024-03-19 14:00:00,0.61115
2024-03-19 15:00:00,0.61035
2024-03-19 16:00:00,0.6107999999999999
2024-03-19 17:00:00,0.61095
2024-03-19 18:00:00,0.6105499999999999
2024-03-19 19:00:00,0.61095
2024-03-19 20:00:00,0.61095
2024-03-19 22:00:00,0.6107999999999999
2024-03-19 23:00:00,0.6102
2024-03-20 00:00:00,0.6102
2024-03-20 01:00:00,0.6103
2024-03-20 02:00:00,0.6111
2024-03-20 03:00:00,0.6106499999999999
2024-03-20 04:00:00,0.6094999999999999
2024-03-20 05:00:00,0.6133
2024-03-20 06:00:00,0.6097999999999999
2024-03-20 07:00:00,0.60995
2024-03-20 08:00:00,0.6092
2024-03-20 09:00:00,0.6083
2024-03-20 10:00:00,0.6083999999999999
2024-03-20 11:00:00,0.6086499999999999
2024-03-20 12:00:00,0.6085999999999999
2024-03-20 13:00:00,0.6086499999999999
2024-03-20 14:00:00,0.6089
2024-03-20 15:00:00,0.60895
2024-03-20 16:00:00,0.6093999999999999
2024-03-20 17:00:00,0.6095999999999999
2024-03-20 18:00:00,0.6133
2024-03-20 19:00:00,0.6137999999999999
2024-03-20 20:00:00,0.6136499999999999
2024-03-20 22:00:00,0.6147499999999999
2024-03-20 23:00:00,0.6144999999999999
2024-03-21 00:00:00,0.6144
2024-03-21 01:00:00,0.6145999999999999
2024-03-21 02:00:00,0.6148499999999999
2024-03-21 03:00:00,0.61505
2024-03-21 04:00:00,0.61495
2024-03-21 05:00:00,0.6095999999999999
2024-03-21 06:00:00,0.61515
2024-03-21 07:00:00,0.6152
2024-03-21 08:00:00,0.61415
2024-03-21 09:00:00,0.6141
2024-03-21 10:00:00,0.61435
2024-03-21 11:00:00,0.6132
2024-03-21 12:00:00,0.613
2024-03-21 13:00:00,0.6115499999999999
2024-03-21 14:00:00,0.6109
2024-03-21 15:00:00,0.61
2024-03-21 16:00:00,0.61
2024-03-21 17:00:00,0.6096499999999999
2024-03-21 18:00:00,0.6096999999999999
2024-03-21 19:00:00,0.6096999999999999
2024-03-21 20:00:00,0.6096999999999999
2024-03-21 22:00:00,0.61
2024-03-21 23:00:00,0.6101
2024-03-22 00:00:00,0.6104499999999999
2024-03-22 01:00:00,0.6084499999999999
2024-03-22 02:00:00,0.6073
2024-03-22 03:00:00,0.607
2024-03-22 04:00:00,0.6067499999999999
2024-03-22 05:00:00,0.6047999999999999
2024-03-22 06:00:00,0.6065999999999999
2024-03-22 07:00:00,0.6063
2024-03-22 08:00:00,0.6063999999999999
2024-03-22 09:00:00,0.60605
2024-03-22 10:00:00,0.6058499999999999
2024-03-22 11:00:00,0.6056999999999999
2024-03-22 12:00:00,0.6065999999999999
2024-03-22 13:00:00,0.60695
2024-03-22 14:00:00,0.60595
2024-03-22 15:00:00,0.60515
2024-03-22 16:00:00,0.6051
2024-03-22 17:00:00,0.6052
2024-03-22 18:00:00,0.6047999999999999
2024-03-22 19:00:00,0.6046999999999999
2024-03-22 20:00:00,0.6046999999999999
2024-03-24 22:00:00,0.6044499999999999
2024-03-24 23:00:00,0.6045499999999999
2024-03-25 00:00:00,0.6047499999999999
2024-03-25 01:00:00,0.6058499999999999
2024-03-25 02:00:00,0.6066499999999999
2024-03-25 03:00:00,0.6052
2024-03-25 04:00:00,0.6053
2024-03-25 05:00:00,0.6056499999999999
2024-03-25 06:00:00,0.605
2024-03-25 07:00:00,0.60515
2024-03-25 08:00:00,0.6057999999999999
2024-03-25 09:00:00,0.6057999999999999
2024-03-25 10:00:00,0.6062
2024-03-25 11:00:00,0.6062
2024-03-25 12:00:00,0.6058499999999999
2024-03-25 13:00:00,0.6063
2024-03-25 14:00:00,0.60615
2024-03-25 15:00:00,0.6057499999999999
2024-03-25 16:00:00,0.6058499999999999
2024-03-25 17:00:00,0.6058499999999999
2024-03-25 18:00:00,0.6056499999999999
2024-03-25 19:00:00,0.6056999999999999
2024-03-25 20:00:00,0.6057499999999999
2024-03-25 22:00:00,0.6055999999999999
2024-03-25 23:00:00,0.6055999999999999
2024-03-26 00:00:00,0.60625
2024-03-26 01:00:00,0.60635
2024-03-26 02:00:00,0.60635
2024-03-26 03:00:00,0.6059
2024-03-26 04:00:00,0.6061
2024-03-26 05:00:00,0.6061
2024-03-26 06:00:00,0.60705
2024-03-26 07:00:00,0.6069
2024-03-26 08:00:00,0.60725
2024-03-26 09:00:00,0.608
2024-03-26 10:00:00,0.6083
2024-03-26 11:00:00,0.6079
2024-03-26 12:00:00,0.60735
2024-03-26 13:00:00,0.6073999999999999
2024-03-26 14:00:00,0.6064999999999999
2024-03-26 15:00:00,0.6064999999999999
2024-03-26 16:00:00,0.6063999999999999
2024-03-26 17:00:00,0.60615
2024-03-26 18:00:00,0.60615
2024-03-26 19:00:00,0.6055499999999999
2024-03-26 20:00:00,0.6056999999999999
2024-03-26 22:00:00,0.6057999999999999
2024-03-26 23:00:00,0.6063
2024-03-27 00:00:00,0.6054999999999999
2024-03-27 01:00:00,0.6049
2024-03-27 02:00:00,0.6045999999999999
2024-03-27 03:00:00,0.6047999999999999
2024-03-27 04:00:00,0.6054999999999999
2024-03-27 05:00:00,0.6054499999999999
2024-03-27 06:00:00,0.6057999999999999
2024-03-27 07:00:00,0.606
2024-03-27 08:00:00,0.6053999999999999
2024-03-27 09:00:00,0.6057499999999999
2024-03-27 10:00:00,0.6061
2024-03-27 11:00:00,0.6056499999999999
2024-03-27 12:00:00,0.6051
2024-03-27 13:00:00,0.6056499999999999
2024-03-27 14:00:00,0.6059
2024-03-27 15:00:00,0.6055499999999999
2024-03-27 16:00:00,0.6054999999999999
2024-03-27 17:00:00,0.6053
2024-03-27 18:00:00,0.6054999999999999
2024-03-27 19:00:00,0.6057499999999999
2024-03-27 20:00:00,0.6057999999999999
2024-03-27 22:00:00,0.6045999999999999
2024-03-27 23:00:00,0.60485
2024-03-28 00:00:00,0.6046499999999999
2024-03-28 01:00:00,0.6046999999999999
2024-03-28 02:00:00,0.6053
2024-03-28 03:00:00,0.6045499999999999
2024-03-28 04:00:00,0.6047499999999999
2024-03-28 05:00:00,0.60305
2024-03-28 06:00:00,0.6045999999999999
2024-03-28 07:00:00,0.60315
2024-03-28 08:00:00,0.60195
2024-03-28 09:00:00,0.6014499999999999
2024-03-28 10:00:00,0.60205
2024-03-28 11:00:00,0.6017499999999999
2024-03-28 12:00:00,0.60285
2024-03-28 13:00:00,0.6034999999999999
2024-03-28 14:00:00,0.6035499999999999
2024-03-28 15:00:00,0.6036499999999999
2024-03-28 16:00:00,0.6036999999999999
2024-03-28 17:00:00,0.6033999999999999
2024-03-28 18:00:00,0.603
2024-03-28 19:00:00,0.60295
2024-03-28 20:00:00,0.60285
2024-03-31 22:00:00,0.6036999999999999
2024-03-31 23:00:00,0.6041
2024-04-01 00:00:00,0.6044999999999999
2024-04-01 01:00:00,0.604
2024-04-01 02:00:00,0.6039
2024-04-01 03:00:00,0.6039
2024-04-01 04:00:00,0.6036499999999999
2024-04-01 05:00:00,0.6033
2024-04-01 06:00:00,0.6034499999999999
2024-04-01 07:00:00,0.6037499999999999
2024-04-01 08:00:00,0.6037999999999999
2024-04-01 09:00:00,0.6035999999999999
2024-04-01 10:00:00,0.6033
2024-04-01 11:00:00,0.60305
2024-04-01 12:00:00,0.6025499999999999
2024-04-01 13:00:00,0.6019
2024-04-01 14:00:00,0.6005499999999999
2024-04-01 15:00:00,0.5996999999999999
2024-04-01 16:00:00,0.5997999999999999
2024-04-01 17:00:00,0.60015
2024-04-01 18:00:00,0.6001
2024-04-01 19:00:00,0.6003499999999999
2024-04-01 20:00:00,0.60085
2024-04-01 22:00:00,0.6005499999999999
2024-04-01 23:00:00,0.6006999999999999
2024-04-02 00:00:00,0.6005499999999999
2024-04-02 01:00:00,0.6009
2024-04-02 02:00:00,0.6007499999999999
2024-04-02 03:00:00,0.60015
2024-04-02 04:00:00,0.6002
2024-04-02 05:00:00,0.6019
2024-04-02 06:00:00,0.6003999999999999
2024-04-02 07:00:00,0.6006999999999999
2024-04-02 08:00:00,0.60115
2024-04-02 09:00:00,0.6013999999999999
2024-04-02 10:00:00,0.6013999999999999
2024-04-02 11:00:00,0.6015499999999999
2024-04-02 12:00:00,0.6011
2024-04-02 13:00:00,0.6016999999999999
2024-04-02 14:00:00,0.6017999999999999
2024-04-02 15:00:00,0.6021
2024-04-02 16:00:00,0.6016999999999999
2024-04-02 17:00:00,0.60215
2024-04-02 18:00:00,0.60185
2024-04-02 19:00:00,0.60185
2024-04-02 20:00:00,0.6026999999999999
2024-04-02 22:00:00,0.6024499999999999
2024-04-02 23:00:00,0.6023499999999999
2024-04-03 00:00:00,0.6015499999999999
2024-04-03 01:00:00,0.6013999999999999
2024-04-03 02:00:00,0.6013999999999999
2024-04-03 03:00:00,0.6025999999999999
2024-04-03 04:00:00,0.6027499999999999
2024-04-03 05:00:00,0.6065499999999999
2024-04-03 06:00:00,0.60285
2024-04-03 07:00:00,0.60225
2024-04-03 08:00:00,0.60215
2024-04-03 09:00:00,0.60205
2024-04-03 10:00:00,0.6024999999999999
2024-04-03 11:00:00,0.6025999999999999
2024-04-03 12:00:00,0.60225
2024-04-03 13:00:00,0.6021
2024-04-03 14:00:00,0.6043499999999999
2024-04-03 15:00:00,0.6053999999999999
2024-04-03 16:00:00,0.60595
2024-04-03 17:00:00,0.6064499999999999
2024-04-03 18:00:00,0.6065499999999999
2024-04-03 19:00:00,0.6065999999999999
2024-04-03 20:00:00,0.6065999999999999
2024-04-03 22:00:00,0.6068499999999999
2024-04-03 23:00:00,0.607
2024-04-04 00:00:00,0.6079
2024-04-04 01:00:00,0.6077499999999999
2024-04-04 02:00:00,0.6076999999999999
2024-04-04 03:00:00,0.60815
2024-04-04 04:00:00,0.6083999999999999
2024-04-04 05:00:00,0.60915
2024-04-04 06:00:00,0.6092
2024-04-04 07:00:00,0.609
2024-04-04 08:00:00,0.60935
2024-04-04 09:00:00,0.6095499999999999
2024-04-04 10:00:00,0.6097999999999999
2024-04-04 11:00:00,0.609
2024-04-04 12:00:00,0.6097499999999999
2024-04-04 13:00:00,0.6095999999999999
2024-04-04 14:00:00,0.6096499999999999
2024-04-04 15:00:00,0.6095999999999999
2024-04-04 16:00:00,0.6097499999999999
2024-04-04 17:00:00,0.60995
2024-04-04 18:00:00,0.6093
2024-04-04 19:00:00,0.6087499999999999
2024-04-04 20:00:00,0.6082
2024-04-04 22:00:00,0.6077499999999999
2024-04-04 23:00:00,0.60825
2024-04-05 00:00:00,0.6084999999999999
2024-04-05 01:00:00,0.60705
2024-04-05 02:00:00,0.6064499999999999
2024-04-05 03:00:00,0.6068499999999999
2024-04-05 04:00:00,0.6063999999999999
2024-04-05 05:00:00,0.6069
2024-04-05 06:00:00,0.6068499999999999
2024-04-05 07:00:00,0.6075499999999999
2024-04-05 08:00:00,0.6073999999999999
2024-04-05 09:00:00,0.6075999999999999
2024-04-05 10:00:00,0.6076999999999999
2024-04-05 11:00:00,0.6076999999999999
2024-04-05 12:00:00,0.60515
2024-04-05 13:00:00,0.6051
2024-04-05 14:00:00,0.6063999999999999
2024-04-05 15:00:00,0.6073999999999999
2024-04-05 16:00:00,0.6071
2024-04-05 17:00:00,0.6069
2024-04-05 18:00:00,0.6068499999999999
2024-04-05 19:00:00,0.6068499999999999
2024-04-05 20:00:00,0.6068499999999999
2024-04-07 22:00:00,0.6062
2024-04-07 23:00:00,0.6059
2024-04-08 00:00:00,0.6061
2024-04-08 01:00:00,0.6065999999999999
2024-04-08 02:00:00,0.6072
2024-04-08 03:00:00,0.60635
2024-04-08 04:00:00,0.6068499999999999
2024-04-08 05:00:00,0.6068499999999999
2024-04-08 06:00:00,0.6071
2024-04-08 07:00:00,0.60695
2024-04-08 08:00:00,0.6067499999999999
2024-04-08 09:00:00,0.6074999999999999
2024-04-08 10:00:00,0.60825
2024-04-08 11:00:00,0.6075499999999999
2024-04-08 12:00:00,0.6077499999999999
2024-04-08 13:00:00,0.6093
2024-04-08 14:00:00,0.6086999999999999
2024-04-08 15:00:00,0.6084999999999999
2024-04-08 16:00:00,0.6084999999999999
2024-04-08 17:00:00,0.60895
2024-04-08 18:00:00,0.6087999999999999
2024-04-08 19:00:00,0.609
2024-04-08 20:00:00,0.6087499999999999
2024-04-08 22:00:00,0.6087499999999999
2024-04-08 23:00:00,0.60895
2024-04-09 00:00:00,0.6095999999999999
2024-04-09 01:00:00,0.61015
2024-04-09 02:00:00,0.6096999999999999
2024-04-09 03:00:00,0.60925
2024-04-09 04:00:00,0.6097999999999999
2024-04-09 05:00:00,0.61095
2024-04-09 06:00:00,0.6091
2024-04-09 07:00:00,0.60925
2024-04-09 08:00:00,0.6098499999999999
2024-04-09 09:00:00,0.6107499999999999
2024-04-09 10:00:00,0.61105
2024-04-09 11:00:00,0.611
2024-04-09 12:00:00,0.61205
2024-04-09 13:00:00,0.6126999999999999
2024-04-09 14:00:00,0.61115
2024-04-09 15:00:00,0.611
2024-04-09 16:00:00,0.6109
2024-04-09 17:00:00,0.6106999999999999
2024-04-09 18:00:00,0.61095
2024-04-09 19:00:00,0.6108499999999999
2024-04-09 20:00:00,0.6115999999999999
2024-04-09 22:00:00,0.6118499999999999
2024-04-09 23:00:00,0.6121
2024-04-10 00:00:00,0.6117499999999999
2024-04-10 01:00:00,0.6113999999999999
2024-04-10 02:00:00,0.6126499999999999
2024-04-10 03:00:00,0.613
2024-04-10 04:00:00,0.61295
2024-04-10 05:00:00,0.6124999999999999
2024-04-10 06:00:00,0.6127999999999999
2024-04-10 07:00:00,0.6126499999999999
2024-04-10 08:00:00,0.61295
2024-04-10 09:00:00,0.613
2024-04-10 10:00:00,0.61335
2024-04-10 11:00:00,0.6134499999999999
2024-04-10 12:00:00,0.60715
2024-04-10 13:00:00,0.605
2024-04-10 14:00:00,0.6045499999999999
2024-04-10 15:00:00,0.6033499999999999
2024-04-10 16:00:00,0.603
2024-04-10 17:00:00,0.6036999999999999
2024-04-10 18:00:00,0.6023999999999999
2024-04-10 19:00:00,0.60325
2024-04-10 20:00:00,0.6029
2024-04-10 22:00:00,0.6033999999999999
2024-04-10 23:00:00,0.603
2024-04-11 00:00:00,0.60305
2024-04-11 01:00:00,0.6036499999999999
2024-04-11 02:00:00,0.6037499999999999
2024-04-11 03:00:00,0.6037499999999999
2024-04-11 04:00:00,0.60415
2024-04-11 05:00:00,0.6052
2024-04-11 06:00:00,0.6041
2024-04-11 07:00:00,0.6044999999999999
2024-04-11 08:00:00,0.6043
2024-04-11 09:00:00,0.6044499999999999
2024-04-11 10:00:00,0.6045999999999999
2024-04-11 11:00:00,0.6043
2024-04-11 12:00:00,0.6063
2024-04-11 13:00:00,0.60505
2024-04-11 14:00:00,0.60295
2024-04-11 15:00:00,0.6037999999999999
2024-04-11 16:00:00,0.60415
2024-04-11 17:00:00,0.60515
2024-04-11 18:00:00,0.6052
2024-04-11 19:00:00,0.6052
2024-04-11 20:00:00,0.60525
2024-04-11 22:00:00,0.6057999999999999
2024-04-11 23:00:00,0.6056999999999999
2024-04-12 00:00:00,0.606
2024-04-12 01:00:00,0.6064499999999999
2024-04-12 02:00:00,0.60625
2024-04-12 03:00:00,0.6053499999999999
2024-04-12 04:00:00,0.60495
2024-04-12 05:00:00,0.5991
2024-04-12 06:00:00,0.60325
2024-04-12 07:00:00,0.6037499999999999
2024-04-12 08:00:00,0.60305
2024-04-12 09:00:00,0.6026499999999999
2024-04-12 10:00:00,0.6013499999999999
2024-04-12 11:00:00,0.6017999999999999
2024-04-12 12:00:00,0.60085
2024-04-12 13:00:00,0.6001
2024-04-12 14:00:00,0.5999
2024-04-12 15:00:00,0.6003499999999999
2024-04-12 16:00:00,0.5994499999999999
2024-04-12 17:00:00,0.5996499999999999
2024-04-12 18:00:00,0.59905
2024-04-12 19:00:00,0.5991
2024-04-12 20:00:00,0.59915
2024-04-14 22:00:00,0.59995
2024-04-14 23:00:00,0.59995
2024-04-15 00:00:00,0.59905
2024-04-15 01:00:00,0.5994999999999999
2024-04-15 02:00:00,0.5999
2024-04-15 03:00:00,0.6007499999999999
2024-04-15 04:00:00,0.6003499999999999
2024-04-15 05:00:00,0.5962
2024-04-15 06:00:00,0.5999
2024-04-15 07:00:00,0.5994499999999999
2024-04-15 08:00:00,0.5995999999999999
2024-04-15 09:00:00,0.59995
2024-04-15 10:00:00,0.5997999999999999
2024-04-15 11:00:00,0.5996999999999999
2024-04-15 12:00:00,0.5991
2024-04-15 13:00:00,0.5979
2024-04-15 14:00:00,0.5973499999999999
2024-04-15 15:00:00,0.59815
2024-04-15 16:00:00,0.5974499999999999
2024-04-15 17:00:00,0.5965999999999999
2024-04-15 18:00:00,0.59615
2024-04-15 19:00:00,0.59615
2024-04-15 20:00:00,0.59585
2024-04-15 22:00:00,0.5959
2024-04-15 23:00:00,0.5958
2024-04-16 00:00:00,0.5947499999999999
2024-04-16 01:00:00,0.5942
2024-04-16 02:00:00,0.5933999999999999
2024-04-16 03:00:00,0.5935999999999999
2024-04-16 04:00:00,0.5942
2024-04-16 05:00:00,0.5945499999999999
2024-04-16 06:00:00,0.5943499999999999
2024-04-16 07:00:00,0.5943499999999999
2024-04-16 08:00:00,0.5943999999999999
2024-04-16 09:00:00,0.5942
2024-04-16 10:00:00,0.59395
2024-04-16 11:00:00,0.595
2024-04-16 12:00:00,0.5941
2024-04-16 13:00:00,0.5931
2024-04-16 14:00:00,0.5936499999999999
2024-04-16 15:00:00,0.59415
2024-04-16 16:00:00,0.5942
2024-04-16 17:00:00,0.59405
2024-04-16 18:00:00,0.5945499999999999
2024-04-16 19:00:00,0.5944499999999999
2024-04-16 20:00:00,0.5936499999999999
2024-04-16 22:00:00,0.5947499999999999
2024-04-16 23:00:00,0.5946999999999999
2024-04-17 00:00:00,0.5954499999999999
2024-04-17 01:00:00,0.5959
2024-04-17 02:00:00,0.596
2024-04-17 03:00:00,0.5961
2024-04-17 04:00:00,0.5958
2024-04-17 05:00:00,0.5972
2024-04-17 06:00:00,0.59725
2024-04-17 07:00:00,0.5959
2024-04-17 08:00:00,0.5963999999999999
2024-04-17 09:00:00,0.5963499999999999
2024-04-17 10:00:00,0.5963999999999999
2024-04-17 11:00:00,0.5963999999999999
2024-04-17 12:00:00,0.59605
2024-04-17 13:00:00,0.5965999999999999
2024-04-17 14:00:00,0.5955999999999999
2024-04-17 15:00:00,0.5955999999999999
2024-04-17 16:00:00,0.5955999999999999
2024-04-17 17:00:00,0.5971
2024-04-17 18:00:00,0.5972
2024-04-17 19:00:00,0.59715
2024-04-17 20:00:00,0.5972
2024-04-17 22:00:00,0.59725
2024-04-17 23:00:00,0.59685
2024-04-18 00:00:00,0.59695
2024-04-18 01:00:00,0.5973499999999999
2024-04-18 02:00:00,0.5981
2024-04-18 03:00:00,0.59815
2024-04-18 04:00:00,0.5975999999999999
2024-04-18 05:00:00,0.5979
2024-04-18 06:00:00,0.5985499999999999
2024-04-18 07:00:00,0.5985499999999999
2024-04-18 08:00:00,0.5985499999999999
2024-04-18 09:00:00,0.59825
2024-04-18 10:00:00,0.5983499999999999
2024-04-18 11:00:00,0.5984499999999999
2024-04-18 12:00:00,0.59795
2024-04-18 13:00:00,0.597
2024-04-18 14:00:00,0.5969
2024-04-18 15:00:00,0.5972999999999999
2024-04-18 16:00:00,0.5964999999999999
2024-04-18 17:00:00,0.5958
2024-04-18 18:00:00,0.5959
2024-04-18 19:00:00,0.5962
2024-04-18 20:00:00,0.5957499999999999
2024-04-18 22:00:00,0.5956499999999999
2024-04-18 23:00:00,0.5958
2024-04-19 00:00:00,0.5951
2024-04-19 01:00:00,0.5922499999999999
2024-04-19 02:00:00,0.59175
2024-04-19 03:00:00,0.5932499999999999
2024-04-19 04:00:00,0.5939
2024-04-19 05:00:00,0.59415
2024-04-19 06:00:00,0.5944999999999999
2024-04-19 07:00:00,0.59515
2024-04-19 08:00:00,0.5945999999999999
2024-04-19 09:00:00,0.59495
2024-04-19 10:00:00,0.59415
2024-04-19 11:00:00,0.59405
2024-04-19 12:00:00,0.595
2024-04-19 13:00:00,0.59505
2024-04-19 14:00:00,0.5952999999999999
2024-04-19 15:00:00,0.595
2024-04-19 16:00:00,0.5947499999999999
2024-04-19 17:00:00,0.5947499999999999
2024-04-19 18:00:00,0.5942
2024-04-19 19:00:00,0.5942999999999999
2024-04-19 20:00:00,0.59425
2024-04-21 22:00:00,0.5948
2024-04-21 23:00:00,0.5954499999999999
2024-04-22 00:00:00,0.59615
2024-04-22 01:00:00,0.598
2024-04-22 02:00:00,0.5975499999999999
2024-04-22 03:00:00,0.59685
2024-04-22 04:00:00,0.5967499999999999
2024-04-22 05:00:00,0.5976499999999999
2024-04-22 06:00:00,0.5963999999999999
2024-04-22 07:00:00,0.59625
2024-04-22 08:00:00,0.5962
2024-04-22 09:00:00,0.5962
2024-04-22 10:00:00,0.5964999999999999
2024-04-22 11:00:00,0.59625
2024-04-22 12:00:00,0.59625
2024-04-22 13:00:00,0.5954999999999999
2024-04-22 14:00:00,0.5961
2024-04-22 15:00:00,0.5963999999999999
2024-04-22 16:00:00,0.5967499999999999
2024-04-22 17:00:00,0.5973999999999999
2024-04-22 18:00:00,0.5976499999999999
2024-04-22 19:00:00,0.5974999999999999
2024-04-22 20:00:00,0.5974999999999999
2024-04-22 22:00:00,0.5975999999999999
2024-04-22 23:00:00,0.5976499999999999
2024-04-23 00:00:00,0.5981
2024-04-23 01:00:00,0.5973999999999999
2024-04-23 02:00:00,0.5978
2024-04-23 03:00:00,0.5973499999999999
2024-04-23 04:00:00,0.5972999999999999
2024-04-23 05:00:00,0.5992999999999999
2024-04-23 06:00:00,0.5967499999999999
2024-04-23 07:00:00,0.5964499999999999
2024-04-23 08:00:00,0.5962999999999999
2024-04-23 09:00:00,0.5961
2024-04-23 10:00:00,0.5964499999999999
2024-04-23 11:00:00,0.5969
2024-04-23 12:00:00,0.59715
2024-04-23 13:00:00,0.5994999999999999
2024-04-23 14:00:00,0.5989
2024-04-23 15:00:00,0.59885
2024-04-23 16:00:00,0.5993999999999999
2024-04-23 17:00:00,0.5995999999999999
2024-04-23 18:00:00,0.5993499999999999
2024-04-23 19:00:00,0.59925
2024-04-23 20:00:00,0.5987499999999999
2024-04-23 22:00:00,0.599
2024-04-23 23:00:00,0.5991
2024-04-24 00:00:00,0.5997999999999999
2024-04-24 01:00:00,0.5997499999999999
2024-04-24 02:00:00,0.60015
2024-04-24 03:00:00,0.5996999999999999
2024-04-24 04:00:00,0.60005
2024-04-24 05:00:00,0.5985499999999999
2024-04-24 06:00:00,0.5992999999999999
2024-04-24 07:00:00,0.5992
2024-04-24 08:00:00,0.5992999999999999
2024-04-24 09:00:00,0.599
2024-04-24 10:00:00,0.5989
2024-04-24 11:00:00,0.599
2024-04-24 12:00:00,0.5983499999999999
2024-04-24 13:00:00,0.59885
2024-04-24 14:00:00,0.5983499999999999
2024-04-24 15:00:00,0.5978
2024-04-24 16:00:00,0.5983499999999999
2024-04-24 17:00:00,0.59905
2024-04-24 18:00:00,0.5985499999999999
2024-04-24 19:00:00,0.5985999999999999
2024-04-24 20:00:00,0.5992
2024-04-24 22:00:00,0.599
2024-04-24 23:00:00,0.59915
2024-04-25 00:00:00,0.5994499999999999
2024-04-25 01:00:00,0.5996499999999999
2024-04-25 02:00:00,0.59985
2024-04-25 03:00:00,0.5994499999999999
2024-04-25 04:00:00,0.5997999999999999
2024-04-25 05:00:00,0.5999
2024-04-25 06:00:00,0.60085
2024-04-25 07:00:00,0.6013499999999999
2024-04-25 08:00:00,0.60185
2024-04-25 09:00:00,0.6013499999999999
2024-04-25 10:00:00,0.6013999999999999
2024-04-25 11:00:00,0.6014999999999999
2024-04-25 12:00:00,0.5984999999999999
2024-04-25 13:00:00,0.5982
2024-04-25 14:00:00,0.59915
2024-04-25 15:00:00,0.5995999999999999
2024-04-25 16:00:00,0.60005
2024-04-25 17:00:00,0.6004999999999999
2024-04-25 18:00:00,0.6001
2024-04-25 19:00:00,0.6004499999999999
2024-04-25 20:00:00,0.6003999999999999
2024-04-25 22:00:00,0.6009
2024-04-25 23:00:00,0.6012
2024-04-26 00:00:00,0.60185
2024-04-26 01:00:00,0.60215
2024-04-26 02:00:00,0.6016499999999999
2024-04-26 03:00:00,0.60115
2024-04-26 04:00:00,0.60115
2024-04-26 05:00:00,0.6003499999999999
2024-04-26 06:00:00,0.60195
2024-04-26 07:00:00,0.6014999999999999
2024-04-26 08:00:00,0.6016999999999999
2024-04-26 09:00:00,0.60115
2024-04-26 10:00:00,0.6004499999999999
2024-04-26 11:00:00,0.6005499999999999
2024-04-26 12:00:00,0.601
2024-04-26 13:00:00,0.6012
2024-04-26 14:00:00,0.5993499999999999
2024-04-26 15:00:00,0.5992999999999999
2024-04-26 16:00:00,0.5996999999999999
2024-04-26 17:00:00,0.5997999999999999
2024-04-26 18:00:00,0.6003999999999999
2024-04-26 19:00:00,0.6003499999999999
2024-04-26 20:00:00,0.5994499999999999
2024-04-28 22:00:00,0.5999
2024-04-28 23:00:00,0.6003499999999999
2024-04-29 00:00:00,0.6005499999999999
2024-04-29 01:00:00,0.6016499999999999
2024-04-29 02:00:00,0.60195
2024-04-29 03:00:00,0.6017999999999999
2024-04-29 04:00:00,0.60295
2024-04-29 05:00:00,0.6027999999999999
2024-04-29 06:00:00,0.6015499999999999
2024-04-29 07:00:00,0.6021
2024-04-29 08:00:00,0.60195
2024-04-29 09:00:00,0.60305
2024-04-29 10:00:00,0.60295
2024-04-29 11:00:00,0.603
2024-04-29 12:00:00,0.60215
2024-04-29 13:00:00,0.60185
2024-04-29 14:00:00,0.6024999999999999
2024-04-29 15:00:00,0.6027499999999999
2024-04-29 16:00:00,0.6034499999999999
2024-04-29 17:00:00,0.6035999999999999
2024-04-29 18:00:00,0.6035499999999999
2024-04-29 19:00:00,0.6027999999999999
2024-04-29 20:00:00,0.6033499999999999
2024-04-29 22:00:00,0.6033
2024-04-29 23:00:00,0.6025499999999999
2024-04-30 00:00:00,0.6023999999999999
2024-04-30 01:00:00,0.6015999999999999
2024-04-30 02:00:00,0.6013499999999999
2024-04-30 03:00:00,0.6004999999999999
2024-04-30 04:00:00,0.6004499999999999
2024-04-30 05:00:00,0.5955999999999999
2024-04-30 06:00:00,0.5993999999999999
2024-04-30 07:00:00,0.5993999999999999
2024-04-30 08:00:00,0.59985
2024-04-30 09:00:00,0.6004499999999999
2024-04-30 10:00:00,0.6003999999999999
2024-04-30 11:00:00,0.60015
2024-04-30 12:00:00,0.59725
2024-04-30 13:00:00,0.5965499999999999
2024-04-30 14:00:00,0.59715
2024-04-30 15:00:00,0.5965499999999999
2024-04-30 16:00:00,0.59605
2024-04-30 17:00:00,0.5959
2024-04-30 18:00:00,0.5953499999999999
2024-04-30 19:00:00,0.5955999999999999
2024-04-30 20:00:00,0.5942999999999999
2024-04-30 22:00:00,0.5932999999999999
2024-04-30 23:00:00,0.5932999999999999
2024-05-01 00:00:00,0.59395
2024-05-01 01:00:00,0.5944499999999999
2024-05-01 02:00:00,0.5942
2024-05-01 03:00:00,0.59405
2024-05-01 04:00:00,0.59415
2024-05-01 05:00:00,0.5987499999999999
2024-05-01 06:00:00,0.59395
2024-05-01 07:00:00,0.59415
2024-05-01 08:00:00,0.5944999999999999
2024-05-01 09:00:00,0.5945499999999999
2024-05-01 10:00:00,0.5943499999999999
2024-05-01 11:00:00,0.59495
2024-05-01 12:00:00,0.5952999999999999
2024-05-01 13:00:00,0.5953499999999999
2024-05-01 14:00:00,0.5956999999999999
2024-05-01 15:00:00,0.5956499999999999
2024-05-01 16:00:00,0.59525
2024-05-01 17:00:00,0.5955499999999999
2024-05-01 18:00:00,0.59905
2024-05-01 19:00:00,0.5987499999999999
2024-05-01 20:00:00,0.5984999999999999
2024-05-01 22:00:00,0.5983999999999999
2024-05-01 23:00:00,0.5983999999999999
2024-05-02 00:00:00,0.5975999999999999
2024-05-02 01:00:00,0.5979
2024-05-02 02:00:00,0.5984499999999999
2024-05-02 03:00:00,0.59805
2024-05-02 04:00:00,0.5982999999999999
2024-05-02 05:00:00,0.5989
2024-05-02 06:00:00,0.5991
2024-05-02 07:00:00,0.5994499999999999
2024-05-02 08:00:00,0.599
2024-05-02 09:00:00,0.5985999999999999
2024-05-02 10:00:00,0.59785
2024-05-02 11:00:00,0.5984999999999999
2024-05-02 12:00:00,0.5983999999999999
2024-05-02 13:00:00,0.59785
2024-05-02 14:00:00,0.5983999999999999
2024-05-02 15:00:00,0.5996499999999999
2024-05-02 16:00:00,0.6004999999999999
2024-05-02 17:00:00,0.60095
2024-05-02 18:00:00,0.60225
2024-05-02 19:00:00,0.6017999999999999
2024-05-02 20:00:00,0.6016999999999999
2024-05-02 22:00:00,0.6019
2024-05-02 23:00:00,0.60185
2024-05-03 00:00:00,0.6024999999999999
2024-05-03 01:00:00,0.603
2024-05-03 02:00:00,0.6021
2024-05-03 03:00:00,0.6024999999999999
2024-05-03 04:00:00,0.6024499999999999
2024-05-03 05:00:00,0.603
2024-05-03 06:00:00,0.602
2024-05-03 07:00:00,0.6027499999999999
2024-05-03 08:00:00,0.6035999999999999
2024-05-03 09:00:00,0.6034999999999999
2024-05-03 10:00:00,0.6036999999999999
2024-05-03 11:00:00,0.604
2024-05-03 12:00:00,0.6093
2024-05-03 13:00:00,0.6083
2024-05-03 14:00:00,0.60695
2024-05-03 15:00:00,0.6074499999999999
2024-05-03 16:00:00,0.6066999999999999
2024-05-03 17:00:00,0.6069
2024-05-03 18:00:00,0.60715
2024-05-03 19:00:00,0.60695
2024-05-03 20:00:00,0.6066999999999999
2024-05-05 22:00:00,0.6067499999999999
2024-05-05 23:00:00,0.6063
2024-05-06 00:00:00,0.6061
2024-05-06 01:00:00,0.6064499999999999
2024-05-06 02:00:00,0.60615
2024-05-06 03:00:00,0.6056499999999999
2024-05-06 04:00:00,0.6055999999999999
2024-05-06 05:00:00,0.60695
2024-05-06 06:00:00,0.6066499999999999
2024-05-06 07:00:00,0.6069
2024-05-06 08:00:00,0.6073999999999999
2024-05-06 09:00:00,0.6074999999999999
2024-05-06 10:00:00,0.6074499999999999
2024-05-06 11:00:00,0.6076999999999999
2024-05-06 12:00:00,0.6083
2024-05-06 13:00:00,0.6074999999999999
2024-05-06 14:00:00,0.6066999999999999
2024-05-06 15:00:00,0.6068499999999999
2024-05-06 16:00:00,0.6066999999999999
2024-05-06 17:00:00,0.60695
2024-05-06 18:00:00,0.60695
2024-05-06 19:00:00,0.60695
2024-05-06 20:00:00,0.6065999999999999
2024-05-06 22:00:00,0.6062
2024-05-06 23:00:00,0.6064499999999999
2024-05-07 00:00:00,0.6077999999999999
2024-05-07 01:00:00,0.6067999999999999
2024-05-07 02:00:00,0.6063999999999999
2024-05-07 03:00:00,0.60705
2024-05-07 04:00:00,0.6064999999999999
2024-05-07 05:00:00,0.6053999999999999
2024-05-07 06:00:00,0.60605
2024-05-07 07:00:00,0.60635
2024-05-07 08:00:00,0.6064999999999999
2024-05-07 09:00:00,0.6057999999999999
2024-05-07 10:00:00,0.6063
2024-05-07 11:00:00,0.6063999999999999
2024-05-07 12:00:00,0.6071
2024-05-07 13:00:00,0.6069
2024-05-07 14:00:00,0.60735
2024-05-07 15:00:00,0.6065999999999999
2024-05-07 16:00:00,0.60635
2024-05-07 17:00:00,0.6055999999999999
2024-05-07 18:00:00,0.6054499999999999
2024-05-07 19:00:00,0.6053999999999999
2024-05-07 20:00:00,0.6057499999999999
2024-05-07 22:00:00,0.6054999999999999
2024-05-07 23:00:00,0.6052
2024-05-08 00:00:00,0.60495
2024-05-08 01:00:00,0.60415
2024-05-08 02:00:00,0.6043499999999999
2024-05-08 03:00:00,0.6045499999999999
2024-05-08 04:00:00,0.60485
2024-05-08 05:00:00,0.6053499999999999
2024-05-08 06:00:00,0.6046999999999999
2024-05-08 07:00:00,0.6043999999999999
2024-05-08 08:00:00,0.60385
2024-05-08 09:00:00,0.6043499999999999
2024-05-08 10:00:00,0.6045499999999999
2024-05-08 11:00:00,0.60425
2024-05-08 12:00:00,0.60425
2024-05-08 13:00:00,0.6047999999999999
2024-05-08 14:00:00,0.60525
2024-05-08 15:00:00,0.6057499999999999
2024-05-08 16:00:00,0.6054999999999999
2024-05-08 17:00:00,0.6055999999999999
2024-05-08 18:00:00,0.6053499999999999
2024-05-08 19:00:00,0.6053499999999999
2024-05-08 20:00:00,0.60595
2024-05-08 22:00:00,0.60615
2024-05-08 23:00:00,0.60595
2024-05-09 00:00:00,0.6049
2024-05-09 01:00:00,0.60615
2024-05-09 02:00:00,0.6058499999999999
2024-05-09 03:00:00,0.60615
2024-05-09 04:00:00,0.6058499999999999
2024-05-09 05:00:00,0.6057999999999999
2024-05-09 06:00:00,0.605
2024-05-09 07:00:00,0.6053499999999999
2024-05-09 08:00:00,0.6051
2024-05-09 09:00:00,0.6053499999999999
2024-05-09 10:00:00,0.6054999999999999
2024-05-09 11:00:00,0.6056499999999999
2024-05-09 12:00:00,0.6071
2024-05-09 13:00:00,0.60695
2024-05-09 14:00:00,0.6075999999999999
2024-05-09 15:00:00,0.6073
2024-05-09 16:00:00,0.6077499999999999
2024-05-09 17:00:00,0.6081
2024-05-09 18:00:00,0.6089
2024-05-09 19:00:00,0.6088499999999999
2024-05-09 20:00:00,0.60905
2024-05-09 22:00:00,0.6094499999999999
2024-05-09 23:00:00,0.6091
2024-05-10 00:00:00,0.6084499999999999
2024-05-10 01:00:00,0.60815
2024-05-10 02:00:00,0.60725
2024-05-10 03:00:00,0.6076499999999999
2024-05-10 04:00:00,0.6079
2024-05-10 05:00:00,0.6076499999999999
2024-05-10 06:00:00,0.60805
2024-05-10 07:00:00,0.6074999999999999
2024-05-10 08:00:00,0.6072
2024-05-10 09:00:00,0.6074999999999999
2024-05-10 10:00:00,0.6072
2024-05-10 11:00:00,0.6069
2024-05-10 12:00:00,0.6072
2024-05-10 13:00:00,0.6088499999999999
2024-05-10 14:00:00,0.6069
2024-05-10 15:00:00,0.60735
2024-05-10 16:00:00,0.6074999999999999
2024-05-10 17:00:00,0.6075499999999999
2024-05-10 18:00:00,0.6075499999999999
2024-05-10 19:00:00,0.6076499999999999
2024-05-10 20:00:00,0.6075499999999999
2024-05-12 22:00:00,0.6073999999999999
2024-05-12 23:00:00,0.60725
2024-05-13 00:00:00,0.60705
2024-05-13 01:00:00,0.6064999999999999
2024-05-13 02:00:00,0.6071
2024-05-13 03:00:00,0.6065499999999999
2024-05-13 04:00:00,0.6062
2024-05-13 05:00:00,0.6072
2024-05-13 06:00:00,0.6063
2024-05-13 07:00:00,0.6063999999999999
2024-05-13 08:00:00,0.6067499999999999
2024-05-13 09:00:00,0.6066499999999999
2024-05-13 10:00:00,0.6066499999999999
2024-05-13 11:00:00,0.6075999999999999
2024-05-13 12:00:00,0.60815
2024-05-13 13:00:00,0.60805
2024-05-13 14:00:00,0.60805
2024-05-13 15:00:00,0.6073
2024-05-13 16:00:00,0.6072
2024-05-13 17:00:00,0.60735
2024-05-13 18:00:00,0.6073
2024-05-13 19:00:00,0.6072
2024-05-13 20:00:00,0.60725
2024-05-13 22:00:00,0.6075499999999999
2024-05-13 23:00:00,0.6078499999999999
2024-05-14 00:00:00,0.60725
2024-05-14 01:00:00,0.607
2024-05-14 02:00:00,0.60705
2024-05-14 03:00:00,0.6072
2024-05-14 04:00:00,0.607
2024-05-14 05:00:00,0.6073
2024-05-14 06:00:00,0.6075999999999999
2024-05-14 07:00:00,0.6082
2024-05-14 08:00:00,0.60795
2024-05-14 09:00:00,0.60795
2024-05-14 10:00:00,0.6076499999999999
2024-05-14 11:00:00,0.6074499999999999
2024-05-14 12:00:00,0.6077999999999999
2024-05-14 13:00:00,0.6092
2024-05-14 14:00:00,0.60925
2024-05-14 15:00:00,0.6089
2024-05-14 16:00:00,0.609
2024-05-14 17:00:00,0.60895
2024-05-14 18:00:00,0.6095999999999999
2024-05-14 19:00:00,0.6097499999999999
2024-05-14 20:00:00,0.6096999999999999
2024-05-14 22:00:00,0.6096499999999999
2024-05-14 23:00:00,0.6097999999999999
2024-05-15 00:00:00,0.60995
2024-05-15 01:00:00,0.61015
2024-05-15 02:00:00,0.6108499999999999
2024-05-15 03:00:00,0.61125
2024-05-15 04:00:00,0.6112
2024-05-15 05:00:00,0.6177499999999999
2024-05-15 06:00:00,0.6116499999999999
2024-05-15 07:00:00,0.6113999999999999
2024-05-15 08:00:00,0.6118999999999999
2024-05-15 09:00:00,0.6118999999999999
2024-05-15 10:00:00,0.6114499999999999
2024-05-15 11:00:00,0.6117999999999999
2024-05-15 12:00:00,0.6138999999999999
2024-05-15 13:00:00,0.6116999999999999
2024-05-15 14:00:00,0.6144
2024-05-15 15:00:00,0.6156999999999999
2024-05-15 16:00:00,0.61705
2024-05-15 17:00:00,0.61795
2024-05-15 18:00:00,0.6176499999999999
2024-05-15 19:00:00,0.6177499999999999
2024-05-15 20:00:00,0.6178499999999999
2024-05-15 22:00:00,0.618
2024-05-15 23:00:00,0.6184999999999999
2024-05-16 00:00:00,0.6194
2024-05-16 01:00:00,0.61795
2024-05-16 02:00:00,0.61815
2024-05-16 03:00:00,0.61835
2024-05-16 04:00:00,0.6178999999999999
2024-05-16 05:00:00,0.6175999999999999
2024-05-16 06:00:00,0.6167999999999999
2024-05-16 07:00:00,0.6168499999999999
2024-05-16 08:00:00,0.6167999999999999
2024-05-16 09:00:00,0.6166999999999999
2024-05-16 10:00:00,0.6164999999999999
2024-05-16 11:00:00,0.616
2024-05-16 12:00:00,0.61595
2024-05-16 13:00:00,0.6157499999999999
2024-05-16 14:00:00,0.6171
2024-05-16 15:00:00,0.6176499999999999
2024-05-16 16:00:00,0.6174999999999999
2024-05-16 17:00:00,0.6174499999999999
2024-05-16 18:00:00,0.6177499999999999
2024-05-16 19:00:00,0.6175999999999999
2024-05-16 20:00:00,0.6177999999999999
2024-05-16 22:00:00,0.6178499999999999
2024-05-16 23:00:00,0.61795
2024-05-17 00:00:00,0.6173
2024-05-17 01:00:00,0.6167499999999999
2024-05-17 02:00:00,0.6165999999999999
2024-05-17 03:00:00,0.6167499999999999
2024-05-17 04:00:00,0.6166999999999999
2024-05-17 05:00:00,0.6175499999999999
2024-05-17 06:00:00,0.6174499999999999
2024-05-17 07:00:00,0.61695
2024-05-17 08:00:00,0.6162
2024-05-17 09:00:00,0.6163
2024-05-17 10:00:00,0.61605
2024-05-17 11:00:00,0.61625
2024-05-17 12:00:00,0.6167499999999999
2024-05-17 13:00:00,0.6174499999999999
2024-05-17 14:00:00,0.6187999999999999
2024-05-17 15:00:00,0.6184999999999999
2024-05-17 16:00:00,0.6188499999999999
2024-05-17 17:00:00,0.6189499999999999
2024-05-17 18:00:00,0.61945
2024-05-17 19:00:00,0.61935
2024-05-17 20:00:00,0.6189499999999999
2024-05-19 22:00:00,0.6187999999999999
2024-05-19 23:00:00,0.61905
2024-05-20 00:00:00,0.6184499999999999
2024-05-20 01:00:00,0.6185999999999999
2024-05-20 02:00:00,0.6181
2024-05-20 03:00:00,0.6184
2024-05-20 04:00:00,0.6185999999999999
2024-05-20 05:00:00,0.6188999999999999
2024-05-20 06:00:00,0.61805
2024-05-20 07:00:00,0.6177499999999999
2024-05-20 08:00:00,0.6174499999999999
2024-05-20 09:00:00,0.6177499999999999
2024-05-20 10:00:00,0.61735
2024-05-20 11:00:00,0.6168999999999999
2024-05-20 12:00:00,0.6156999999999999
2024-05-20 13:00:00,0.617
2024-05-20 14:00:00,0.617
2024-05-20 15:00:00,0.6166999999999999
2024-05-20 16:00:00,0.6168499999999999
2024-05-20 17:00:00,0.6167499999999999
2024-05-20 18:00:00,0.6164
2024-05-20 19:00:00,0.61635
2024-05-20 20:00:00,0.6161
2024-05-20 22:00:00,0.6163
2024-05-20 23:00:00,0.61625
2024-05-21 00:00:00,0.61635
2024-05-21 01:00:00,0.6154499999999999
2024-05-21 02:00:00,0.6151
2024-05-21 03:00:00,0.61525
2024-05-21 04:00:00,0.6156499999999999
2024-05-21 05:00:00,0.6148499999999999
2024-05-21 06:00:00,0.6153
2024-05-21 07:00:00,0.6155499999999999
2024-05-21 08:00:00,0.6158999999999999
2024-05-21 09:00:00,0.6157999999999999
2024-05-21 10:00:00,0.6156499999999999
2024-05-21 11:00:00,0.61605
2024-05-21 12:00:00,0.6155499999999999
2024-05-21 13:00:00,0.6155499999999999
2024-05-21 14:00:00,0.6156999999999999
2024-05-21 15:00:00,0.615
2024-05-21 16:00:00,0.6148999999999999
2024-05-21 17:00:00,0.61505
2024-05-21 18:00:00,0.6148499999999999
2024-05-21 19:00:00,0.6148499999999999
2024-05-21 20:00:00,0.6146999999999999
2024-05-21 22:00:00,0.6148999999999999
2024-05-21 23:00:00,0.6147999999999999
2024-05-22 00:00:00,0.6154999999999999
2024-05-22 01:00:00,0.6158499999999999
2024-05-22 02:00:00,0.6193
2024-05-22 03:00:00,0.618
2024-05-22 04:00:00,0.61735
2024-05-22 05:00:00,0.6184
2024-05-22 06:00:00,0.6173
2024-05-22 07:00:00,0.61725
2024-05-22 08:00:00,0.61695
2024-05-22 09:00:00,0.6174499999999999
2024-05-22 10:00:00,0.6176499999999999
2024-05-22 11:00:00,0.6164
2024-05-22 12:00:00,0.6168499999999999
2024-05-22 13:00:00,0.6174499999999999
2024-05-22 14:00:00,0.61635
2024-05-22 15:00:00,0.616
2024-05-22 16:00:00,0.61635
2024-05-22 17:00:00,0.6155999999999999
2024-05-22 18:00:00,0.61415
2024-05-22 19:00:00,0.61425
2024-05-22 20:00:00,0.61525
2024-05-22 22:00:00,0.616
2024-05-22 23:00:00,0.6154999999999999
2024-05-23 00:00:00,0.6158999999999999
2024-05-23 01:00:00,0.6165499999999999
2024-05-23 02:00:00,0.6165499999999999
2024-05-23 03:00:00,0.6175499999999999
2024-05-23 04:00:00,0.6174999999999999
2024-05-23 05:00:00,0.61495
2024-05-23 06:00:00,0.6167999999999999
2024-05-23 07:00:00,0.6164499999999999
2024-05-23 08:00:00,0.61705
2024-05-23 09:00:00,0.6184499999999999
2024-05-23 10:00:00,0.61825
2024-05-23 11:00:00,0.6184499999999999
2024-05-23 12:00:00,0.61835
2024-05-23 13:00:00,0.6165499999999999
2024-05-23 14:00:00,0.6168999999999999
2024-05-23 15:00:00,0.6168999999999999
2024-05-23 16:00:00,0.6163
2024-05-23 17:00:00,0.6154
2024-05-23 18:00:00,0.6151
2024-05-23 19:00:00,0.61495
2024-05-23 20:00:00,0.6154
2024-05-23 22:00:00,0.6154499999999999
2024-05-23 23:00:00,0.61515
2024-05-24 00:00:00,0.61495
2024-05-24 01:00:00,0.61505
2024-05-24 02:00:00,0.6147999999999999
2024-05-24 03:00:00,0.61505
2024-05-24 04:00:00,0.61535
2024-05-24 05:00:00,0.61525
2024-05-24 06:00:00,0.6148499999999999
2024-05-24 07:00:00,0.6157999999999999
2024-05-24 08:00:00,0.61615
2024-05-24 09:00:00,0.61615
2024-05-24 10:00:00,0.6165999999999999
2024-05-24 11:00:00,0.6165499999999999
2024-05-24 12:00:00,0.6165999999999999
2024-05-24 13:00:00,0.6164499999999999
2024-05-24 14:00:00,0.61735
2024-05-24 15:00:00,0.6174499999999999
2024-05-24 16:00:00,0.61735
2024-05-24 17:00:00,0.6181
2024-05-24 18:00:00,0.6177999999999999
2024-05-24 19:00:00,0.6176999999999999
2024-05-24 20:00:00,0.6176999999999999
2024-05-26 22:00:00,0.6181
2024-05-26 23:00:00,0.6175999999999999
2024-05-27 00:00:00,0.6178499999999999
2024-05-27 01:00:00,0.6184
2024-05-27 02:00:00,0.6184999999999999
2024-05-27 03:00:00,0.6184999999999999
2024-05-27 04:00:00,0.6185999999999999
2024-05-27 05:00:00,0.6184999999999999
2024-05-27 06:00:00,0.6185999999999999
2024-05-27 07:00:00,0.6185499999999999
2024-05-27 08:00:00,0.6191
2024-05-27 09:00:00,0.6195999999999999
2024-05-27 10:00:00,0.62005
2024-05-27 11:00:00,0.6197499999999999
2024-05-27 12:00:00,0.6202
2024-05-27 13:00:00,0.62035
2024-05-27 14:00:00,0.6205999999999999
2024-05-27 15:00:00,0.6208499999999999
2024-05-27 16:00:00,0.6204
2024-05-27 17:00:00,0.6205499999999999
2024-05-27 18:00:00,0.6204999999999999
2024-05-27 19:00:00,0.62045
2024-05-27 20:00:00,0.6205499999999999
2024-05-27 22:00:00,0.6206499999999999
2024-05-27 23:00:00,0.6206999999999999
2024-05-28 00:00:00,0.6212
2024-05-28 01:00:00,0.6216999999999999
2024-05-28 02:00:00,0.6218499999999999
2024-05-28 03:00:00,0.6217499999999999
2024-05-28 04:00:00,0.6214999999999999
2024-05-28 05:00:00,0.6197999999999999
2024-05-28 06:00:00,0.62125
2024-05-28 07:00:00,0.622
2024-05-28 08:00:00,0.6215999999999999
2024-05-28 09:00:00,0.6215999999999999
2024-05-28 10:00:00,0.6214999999999999
2024-05-28 11:00:00,0.6218999999999999
2024-05-28 12:00:00,0.6223
2024-05-28 13:00:00,0.621
2024-05-28 14:00:00,0.62115
2024-05-28 15:00:00,0.62105
2024-05-28 16:00:00,0.6206499999999999
2024-05-28 17:00:00,0.6198499999999999
2024-05-28 18:00:00,0.6196999999999999
2024-05-28 19:00:00,0.6197999999999999
2024-05-28 20:00:00,0.6196499999999999
2024-05-28 22:00:00,0.6198999999999999
2024-05-28 23:00:00,0.6195999999999999
2024-05-29 00:00:00,0.619
2024-05-29 01:00:00,0.6196499999999999
2024-05-29 02:00:00,0.6185999999999999
2024-05-29 03:00:00,0.6191
2024-05-29 04:00:00,0.6186499999999999
2024-05-29 05:00:00,0.6184499999999999
2024-05-29 06:00:00,0.6192
2024-05-29 07:00:00,0.61945
2024-05-29 08:00:00,0.61935
2024-05-29 09:00:00,0.6193
2024-05-29 10:00:00,0.6187999999999999
2024-05-29 11:00:00,0.61825
2024-05-29 12:00:00,0.6185999999999999
2024-05-29 13:00:00,0.61805
2024-05-29 14:00:00,0.6176999999999999
2024-05-29 15:00:00,0.61715
2024-05-29 16:00:00,0.61735
2024-05-29 17:00:00,0.6174499999999999
2024-05-29 18:00:00,0.61705
2024-05-29 19:00:00,0.61715
2024-05-29 20:00:00,0.617
2024-05-29 22:00:00,0.6168999999999999
2024-05-29 23:00:00,0.6168999999999999
2024-05-30 00:00:00,0.6162
2024-05-30 01:00:00,0.6162
2024-05-30 02:00:00,0.61635
2024-05-30 03:00:00,0.61595
2024-05-30 04:00:00,0.616
2024-05-30 05:00:00,0.6175999999999999
2024-05-30 06:00:00,0.61525
2024-05-30 07:00:00,0.6156999999999999
2024-05-30 08:00:00,0.61635
2024-05-30 09:00:00,0.6157999999999999
2024-05-30 10:00:00,0.61615
2024-05-30 11:00:00,0.6166999999999999
2024-05-30 12:00:00,0.61725
2024-05-30 13:00:00,0.6177499999999999
2024-05-30 14:00:00,0.61805
2024-05-30 15:00:00,0.6182
2024-05-30 16:00:00,0.6184
2024-05-30 17:00:00,0.61805
2024-05-30 18:00:00,0.6177999999999999
2024-05-30 19:00:00,0.6175999999999999
2024-05-30 20:00:00,0.61705
2024-05-30 22:00:00,0.61725
2024-05-30 23:00:00,0.6171
2024-05-31 00:00:00,0.618
2024-05-31 01:00:00,0.6176999999999999
2024-05-31 02:00:00,0.6178999999999999
2024-05-31 03:00:00,0.61825
2024-05-31 04:00:00,0.618
2024-05-31 05:00:00,0.6184
2024-05-31 06:00:00,0.6183
2024-05-31 07:00:00,0.6174499999999999
2024-05-31 08:00:00,0.6182
2024-05-31 09:00:00,0.6185999999999999
2024-05-31 10:00:00,0.6192
2024-05-31 11:00:00,0.6188499999999999
2024-05-31 12:00:00,0.6211
2024-05-31 13:00:00,0.62135
2024-05-31 14:00:00,0.6199499999999999
2024-05-31 15:00:00,0.61905
2024-05-31 16:00:00,0.6191
2024-05-31 17:00:00,0.61935
2024-05-31 18:00:00,0.61945
2024-05-31 19:00:00,0.6195499999999999
2024-05-31 20:00:00,0.6198499999999999
2024-06-02 22:00:00,0.62025
2024-06-02 23:00:00,0.62035
2024-06-03 00:00:00,0.6209499999999999
2024-06-03 01:00:00,0.6212
2024-06-03 02:00:00,0.6207499999999999
2024-06-03 03:00:00,0.6199499999999999
2024-06-03 04:00:00,0.6203
2024-06-03 05:00:00,0.6197999999999999
2024-06-03 06:00:00,0.61945
2024-06-03 07:00:00,0.61915
2024-06-03 08:00:00,0.6196999999999999
2024-06-03 09:00:00,0.6193
2024-06-03 10:00:00,0.62025
2024-06-03 11:00:00,0.62125
2024-06-03 12:00:00,0.6215999999999999
2024-06-03 13:00:00,0.6216499999999999
2024-06-03 14:00:00,0.62325
2024-06-03 15:00:00,0.6238499999999999
2024-06-03 16:00:00,0.62315
2024-06-03 17:00:00,0.6229499999999999
2024-06-03 18:00:00,0.62345
2024-06-03 19:00:00,0.6235499999999999
2024-06-03 20:00:00,0.6248499999999999
2024-06-03 22:00:00,0.6245999999999999
2024-06-03 23:00:00,0.6247999999999999
2024-06-04 00:00:00,0.6245499999999999
2024-06-04 01:00:00,0.6236499999999999
2024-06-04 02:00:00,0.6243
2024-06-04 03:00:00,0.6244
2024-06-04 04:00:00,0.6246999999999999
2024-06-04 05:00:00,0.62325
2024-06-04 06:00:00,0.6237999999999999
2024-06-04 07:00:00,0.6236999999999999
2024-06-04 08:00:00,0.6225999999999999
2024-06-04 09:00:00,0.6217999999999999
2024-06-04 10:00:00,0.6216499999999999
2024-06-04 11:00:00,0.6219499999999999
2024-06-04 12:00:00,0.6227499999999999
2024-06-04 13:00:00,0.6224999999999999
2024-06-04 14:00:00,0.6232
2024-06-04 15:00:00,0.6227999999999999
2024-06-04 16:00:00,0.6228999999999999
2024-06-04 17:00:00,0.6234
2024-06-04 18:00:00,0.6236999999999999
2024-06-04 19:00:00,0.62345
2024-06-04 20:00:00,0.62325
2024-06-04 22:00:00,0.6233
2024-06-04 23:00:00,0.623
2024-06-05 00:00:00,0.6236999999999999
2024-06-05 01:00:00,0.6244
2024-06-05 02:00:00,0.6244
2024-06-05 03:00:00,0.6241
2024-06-05 04:00:00,0.6243
2024-06-05 05:00:00,0.6236999999999999
2024-06-05 06:00:00,0.6241
2024-06-05 07:00:00,0.6244999999999999
2024-06-05 08:00:00,0.62415
2024-06-05 09:00:00,0.6238999999999999
2024-06-05 10:00:00,0.6236499999999999
2024-06-05 11:00:00,0.6239499999999999
2024-06-05 12:00:00,0.62445
2024-06-05 13:00:00,0.6249499999999999
2024-06-05 14:00:00,0.62305
2024-06-05 15:00:00,0.6238999999999999
2024-06-05 16:00:00,0.624
2024-06-05 17:00:00,0.6244999999999999
2024-06-05 18:00:00,0.6247999999999999
2024-06-05 19:00:00,0.6248499999999999
2024-06-05 20:00:00,0.6248499999999999
2024-06-05 22:00:00,0.6251
2024-06-05 23:00:00,0.6252
2024-06-06 00:00:00,0.62615
2024-06-06 01:00:00,0.6265999999999999
2024-06-06 02:00:00,0.6259499999999999
2024-06-06 03:00:00,0.6256499999999999
2024-06-06 04:00:00,0.62515
2024-06-06 05:00:00,0.6246499999999999
2024-06-06 06:00:00,0.62515
2024-06-06 07:00:00,0.6244
2024-06-06 08:00:00,0.62415
2024-06-06 09:00:00,0.62425
2024-06-06 10:00:00,0.62415
2024-06-06 11:00:00,0.6234999999999999
2024-06-06 12:00:00,0.6235999999999999
2024-06-06 13:00:00,0.62445
2024-06-06 14:00:00,0.62415
2024-06-06 15:00:00,0.62505
2024-06-06 16:00:00,0.62515
2024-06-06 17:00:00,0.6259499999999999
2024-06-06 18:00:00,0.6259999999999999
2024-06-06 19:00:00,0.6258499999999999
2024-06-06 20:00:00,0.6255999999999999
2024-06-06 22:00:00,0.6255
2024-06-06 23:00:00,0.62535
2024-06-07 00:00:00,0.6249999999999999
2024-06-07 01:00:00,0.6247999999999999
2024-06-07 02:00:00,0.62505
2024-06-07 03:00:00,0.6254
2024-06-07 04:00:00,0.6254
2024-06-07 05:00:00,0.62505
2024-06-07 06:00:00,0.6249499999999999
2024-06-07 07:00:00,0.6254
2024-06-07 08:00:00,0.6245999999999999
2024-06-07 09:00:00,0.6246999999999999
2024-06-07 10:00:00,0.6242
2024-06-07 11:00:00,0.6249999999999999
2024-06-07 12:00:00,0.6195999999999999
2024-06-07 13:00:00,0.6177999999999999
2024-06-07 14:00:00,0.6173
2024-06-07 15:00:00,0.6166499999999999
2024-06-07 16:00:00,0.6165499999999999
2024-06-07 17:00:00,0.6168499999999999
2024-06-07 18:00:00,0.6165999999999999
2024-06-07 19:00:00,0.6165499999999999
2024-06-07 20:00:00,0.61595
2024-06-09 22:00:00,0.61605
2024-06-09 23:00:00,0.61605
2024-06-10 00:00:00,0.6155499999999999
2024-06-10 02:00:00,0.61615
2024-06-10 03:00:00,0.61595
2024-06-10 04:00:00,0.61615
2024-06-10 05:00:00,0.61625
2024-06-10 06:00:00,0.61625
2024-06-10 07:00:00,0.6166499999999999
2024-06-10 08:00:00,0.6165499999999999
2024-06-10 09:00:00,0.61605
2024-06-10 10:00:00,0.61605
2024-06-10 11:00:00,0.6164999999999999
2024-06-10 12:00:00,0.61625
2024-06-10 13:00:00,0.6164
2024-06-10 14:00:00,0.6168499999999999
2024-06-10 15:00:00,0.61795
2024-06-10 16:00:00,0.6175999999999999
2024-06-10 17:00:00,0.6178999999999999
2024-06-10 18:00:00,0.6177499999999999
2024-06-10 19:00:00,0.6177499999999999
2024-06-10 20:00:00,0.6183
2024-06-10 22:00:00,0.6184499999999999
2024-06-10 23:00:00,0.6184499999999999
2024-06-11 00:00:00,0.61825
2024-06-11 01:00:00,0.6176499999999999
2024-06-11 02:00:00,0.6178999999999999
2024-06-11 03:00:00,0.6175999999999999
2024-06-11 05:00:00,0.618
2024-06-11 06:00:00,0.61835
2024-06-11 07:00:00,0.61805
2024-06-11 08:00:00,0.61815
2024-06-11 09:00:00,0.6181
2024-06-11 10:00:00,0.6181
2024-06-11 11:00:00,0.6177499999999999
2024-06-11 12:00:00,0.6185499999999999
2024-06-11 13:00:00,0.6177499999999999
2024-06-11 14:00:00,0.61815
2024-06-11 15:00:00,0.6186499999999999
2024-06-11 16:00:00,0.61915
2024-06-11 17:00:00,0.6196499999999999
2024-06-11 18:00:00,0.6201
2024-06-11 19:00:00,0.62015
2024-06-11 20:00:00,0.62
2024-06-11 22:00:00,0.6198499999999999
2024-06-11 23:00:00,0.6201
2024-06-12 00:00:00,0.6193
2024-06-12 01:00:00,0.62
2024-06-12 02:00:00,0.62025
2024-06-12 03:00:00,0.62005
2024-06-12 04:00:00,0.6198499999999999
2024-06-12 05:00:00,0.6252
2024-06-12 06:00:00,0.6195499999999999
2024-06-12 07:00:00,0.6202
2024-06-12 08:00:00,0.6197999999999999
2024-06-12 09:00:00,0.6201
2024-06-12 10:00:00,0.6201
2024-06-12 11:00:00,0.6199499999999999
2024-06-12 12:00:00,0.6265999999999999
2024-06-12 13:00:00,0.6268999999999999
2024-06-12 14:00:00,0.6271
2024-06-12 15:00:00,0.6273
2024-06-12 16:00:00,0.62715
2024-06-12 17:00:00,0.6268999999999999
2024-06-12 18:00:00,0.6252
2024-06-12 19:00:00,0.6252
2024-06-12 20:00:00,0.6241
2024-06-12 22:00:00,0.6238999999999999
2024-06-12 23:00:00,0.62415
2024-06-13 00:00:00,0.6237499999999999
2024-06-13 01:00:00,0.6227999999999999
2024-06-13 02:00:00,0.6228499999999999
2024-06-13 03:00:00,0.6232
2024-06-13 04:00:00,0.6224999999999999
2024-06-13 05:00:00,0.6223
2024-06-13 06:00:00,0.62225
2024-06-13 07:00:00,0.6229499999999999
2024-06-13 08:00:00,0.62315
2024-06-13 09:00:00,0.6233
2024-06-13 10:00:00,0.6229499999999999
2024-06-13 11:00:00,0.6224
2024-06-13 12:00:00,0.6236499999999999
2024-06-13 13:00:00,0.6228499999999999
2024-06-13 14:00:00,0.6225999999999999
2024-06-13 15:00:00,0.6226999999999999
2024-06-13 16:00:00,0.6217999999999999
2024-06-13 17:00:00,0.62245
2024-06-13 18:00:00,0.6227999999999999
2024-06-13 19:00:00,0.6225499999999999
2024-06-13 20:00:00,0.6224999999999999
2024-06-13 22:00:00,0.6218499999999999
2024-06-13 23:00:00,0.6214999999999999
2024-06-14 00:00:00,0.6204
2024-06-14 01:00:00,0.6212
2024-06-14 02:00:00,0.6214
2024-06-14 03:00:00,0.6207499999999999
2024-06-14 04:00:00,0.6205999999999999
2024-06-14 05:00:00,0.6203
2024-06-14 06:00:00,0.61945
2024-06-14 07:00:00,0.6196499999999999
2024-06-14 08:00:00,0.619
2024-06-14 09:00:00,0.6185999999999999
2024-06-14 10:00:00,0.619
2024-06-14 11:00:00,0.6191
2024-06-14 12:00:00,0.6184999999999999
2024-06-14 13:00:00,0.6175499999999999
2024-06-14 14:00:00,0.6186999999999999
2024-06-14 15:00:00,0.6195499999999999
2024-06-14 16:00:00,0.6196999999999999
2024-06-14 17:00:00,0.6193
2024-06-14 18:00:00,0.6193
2024-06-14 19:00:00,0.61925
2024-06-14 20:00:00,0.6197499999999999
2024-06-16 22:00:00,0.6195499999999999
2024-06-16 23:00:00,0.61915
2024-06-17 00:00:00,0.6186499999999999
2024-06-17 01:00:00,0.6184999999999999
2024-06-17 02:00:00,0.61835
2024-06-17 03:00:00,0.6183
2024-06-17 04:00:00,0.618
2024-06-17 05:00:00,0.6186999999999999
2024-06-17 06:00:00,0.6168499999999999
2024-06-17 07:00:00,0.61715
2024-06-17 08:00:00,0.6176499999999999
2024-06-17 09:00:00,0.6178499999999999
2024-06-17 10:00:00,0.6178999999999999
2024-06-17 11:00:00,0.6166499999999999
2024-06-17 12:00:00,0.6164999999999999
2024-06-17 13:00:00,0.6171
2024-06-17 14:00:00,0.6168999999999999
2024-06-17 15:00:00,0.61715
2024-06-17 16:00:00,0.6177499999999999
2024-06-17 17:00:00,0.6184999999999999
2024-06-17 18:00:00,0.6186999999999999
2024-06-17 19:00:00,0.6186999999999999
2024-06-17 20:00:00,0.6187499999999999
2024-06-17 22:00:00,0.61905
2024-06-17 23:00:00,0.61905
2024-06-18 00:00:00,0.6191
2024-06-18 01:00:00,0.6181
2024-06-18 02:00:00,0.61805
2024-06-18 03:00:00,0.6174999999999999
2024-06-18 04:00:00,0.6172
2024-06-18 05:00:00,0.6199499999999999
2024-06-18 06:00:00,0.6177499999999999
2024-06-18 07:00:00,0.6157499999999999
2024-06-18 08:00:00,0.6161
2024-06-18 09:00:00,0.61605
2024-06-18 10:00:00,0.616
2024-06-18 11:00:00,0.6155499999999999
2024-06-18 12:00:00,0.617
2024-06-18 13:00:00,0.6184499999999999
2024-06-18 14:00:00,0.6184499999999999
2024-06-18 15:00:00,0.6193
2024-06-18 16:00:00,0.62
2024-06-18 17:00:00,0.6196999999999999
2024-06-18 18:00:00,0.6201
2024-06-18 19:00:00,0.6199499999999999
2024-06-18 20:00:00,0.6199499999999999
2024-06-18 22:00:00,0.62
2024-06-18 23:00:00,0.6195999999999999
2024-06-19 00:00:00,0.61945
2024-06-19 01:00:00,0.6195999999999999
2024-06-19 02:00:00,0.61925
2024-06-19 03:00:00,0.6189499999999999
2024-06-19 04:00:00,0.6187499999999999
2024-06-19 05:00:00,0.6191
2024-06-19 06:00:00,0.6187999999999999
2024-06-19 07:00:00,0.61935
2024-06-19 08:00:00,0.6194
2024-06-19 09:00:00,0.61915
2024-06-19 10:00:00,0.61925
2024-06-19 11:00:00,0.61905
2024-06-19 12:00:00,0.619
2024-06-19 13:00:00,0.6188999999999999
2024-06-19 14:00:00,0.6192
2024-06-19 15:00:00,0.6189499999999999
2024-06-19 16:00:00,0.6186499999999999
2024-06-19 17:00:00,0.6185999999999999
2024-06-19 18:00:00,0.6184499999999999
2024-06-19 19:00:00,0.6184999999999999
2024-06-19 20:00:00,0.6187499999999999
2024-06-19 22:00:00,0.6198999999999999
2024-06-19 23:00:00,0.6193
2024-06-20 00:00:00,0.6187499999999999
2024-06-20 01:00:00,0.6191
2024-06-20 02:00:00,0.6185499999999999
2024-06-20 03:00:00,0.619
2024-06-20 04:00:00,0.6189499999999999
2024-06-20 05:00:00,0.6177499999999999
2024-06-20 06:00:00,0.6188499999999999
2024-06-20 07:00:00,0.6186499999999999
2024-06-20 08:00:00,0.6182
2024-06-20 09:00:00,0.61835
2024-06-20 10:00:00,0.6183
2024-06-20 11:00:00,0.618
2024-06-20 12:00:00,0.6181
2024-06-20 13:00:00,0.6181
2024-06-20 14:00:00,0.6183
2024-06-20 15:00:00,0.6174999999999999
2024-06-20 16:00:00,0.61715
2024-06-20 17:00:00,0.6174
2024-06-20 18:00:00,0.6181
2024-06-20 19:00:00,0.6177499999999999
2024-06-20 20:00:00,0.6174999999999999
2024-06-20 22:00:00,0.61735
2024-06-20 23:00:00,0.6177499999999999
2024-06-21 00:00:00,0.6172
2024-06-21 01:00:00,0.6177999999999999
2024-06-21 02:00:00,0.6178999999999999
2024-06-21 03:00:00,0.6181
2024-06-21 04:00:00,0.6182
2024-06-21 05:00:00,0.6178999999999999
2024-06-21 06:00:00,0.6182
2024-06-21 07:00:00,0.6176499999999999
2024-06-21 08:00:00,0.6183
2024-06-21 09:00:00,0.61815
2024-06-21 10:00:00,0.61805
2024-06-21 11:00:00,0.6186999999999999
2024-06-21 12:00:00,0.6185499999999999
2024-06-21 13:00:00,0.6174
2024-06-21 14:00:00,0.61705
2024-06-21 15:00:00,0.6173
2024-06-21 16:00:00,0.6174499999999999
2024-06-21 17:00:00,0.6174
2024-06-21 18:00:00,0.6178499999999999
2024-06-21 19:00:00,0.6178999999999999
2024-06-21 20:00:00,0.6174499999999999
2024-06-23 22:00:00,0.6174
2024-06-23 23:00:00,0.6166499999999999
2024-06-24 00:00:00,0.6167999999999999
2024-06-24 01:00:00,0.6164999999999999
2024-06-24 02:00:00,0.6164999999999999
2024-06-24 03:00:00,0.6166999999999999
2024-06-24 04:00:00,0.6168499999999999
2024-06-24 05:00:00,0.6184999999999999
2024-06-24 06:00:00,0.6171
2024-06-24 07:00:00,0.6177499999999999
2024-06-24 08:00:00,0.61835
2024-06-24 09:00:00,0.6182
2024-06-24 10:00:00,0.618
2024-06-24 11:00:00,0.6175999999999999
2024-06-24 12:00:00,0.6176999999999999
2024-06-24 13:00:00,0.619
2024-06-24 14:00:00,0.6184999999999999
2024-06-24 15:00:00,0.61805
2024-06-24 16:00:00,0.61795
2024-06-24 17:00:00,0.6177499999999999
2024-06-24 18:00:00,0.6185499999999999
2024-06-24 19:00:00,0.6184999999999999
2024-06-24 20:00:00,0.61805
2024-06-24 22:00:00,0.6174999999999999
2024-06-24 23:00:00,0.6174999999999999
2024-06-25 00:00:00,0.6176499999999999
2024-06-25 01:00:00,0.6176999999999999
2024-06-25 02:00:00,0.6176499999999999
2024-06-25 03:00:00,0.6177999999999999
2024-06-25 04:00:00,0.6177999999999999
2024-06-25 05:00:00,0.6178999999999999
2024-06-25 06:00:00,0.6184
2024-06-25 07:00:00,0.61815
2024-06-25 08:00:00,0.6183
2024-06-25 09:00:00,0.6178999999999999
2024-06-25 10:00:00,0.6184
2024-06-25 11:00:00,0.6175499999999999
2024-06-25 12:00:00,0.61735
2024-06-25 13:00:00,0.617
2024-06-25 14:00:00,0.6165999999999999
2024-06-25 15:00:00,0.6167999999999999
2024-06-25 16:00:00,0.6164999999999999
2024-06-25 17:00:00,0.61715
2024-06-25 18:00:00,0.6174999999999999
2024-06-25 19:00:00,0.6175999999999999
2024-06-25 20:00:00,0.6175999999999999
2024-06-25 22:00:00,0.6174999999999999
2024-06-25 23:00:00,0.6173
2024-06-26 00:00:00,0.6173
2024-06-26 01:00:00,0.61725
2024-06-26 02:00:00,0.6167499999999999
2024-06-26 03:00:00,0.61695
2024-06-26 04:00:00,0.6168499999999999
2024-06-26 05:00:00,0.6174499999999999
2024-06-26 06:00:00,0.6168999999999999
2024-06-26 07:00:00,0.6168499999999999
2024-06-26 08:00:00,0.616
2024-06-26 09:00:00,0.61605
2024-06-26 10:00:00,0.615
2024-06-26 11:00:00,0.61505
2024-06-26 12:00:00,0.6144
2024-06-26 13:00:00,0.6137499999999999
2024-06-26 14:00:00,0.61415
2024-06-26 15:00:00,0.6133
2024-06-26 16:00:00,0.6134499999999999
2024-06-26 17:00:00,0.614
2024-06-26 18:00:00,0.6133
2024-06-26 19:00:00,0.61305
2024-06-26 20:00:00,0.6137499999999999
2024-06-26 22:00:00,0.6138499999999999
2024-06-26 23:00:00,0.6134999999999999
2024-06-27 00:00:00,0.6125999999999999
2024-06-27 01:00:00,0.61335
2024-06-27 02:00:00,0.6134499999999999
2024-06-27 03:00:00,0.614
2024-06-27 04:00:00,0.6143
2024-06-27 05:00:00,0.6141
2024-06-27 06:00:00,0.61505
2024-06-27 07:00:00,0.6147999999999999
2024-06-27 08:00:00,0.61515
2024-06-27 09:00:00,0.6157999999999999
2024-06-27 10:00:00,0.6157999999999999
2024-06-27 11:00:00,0.615
2024-06-27 12:00:00,0.6162
2024-06-27 13:00:00,0.6157499999999999
2024-06-27 14:00:00,0.615
2024-06-27 15:00:00,0.61435
2024-06-27 16:00:00,0.6144999999999999
2024-06-27 17:00:00,0.6143
2024-06-27 18:00:00,0.614
2024-06-27 19:00:00,0.6141
2024-06-27 20:00:00,0.6136999999999999
2024-06-27 22:00:00,0.6135999999999999
2024-06-27 23:00:00,0.6138999999999999
2024-06-28 00:00:00,0.6128999999999999
2024-06-28 01:00:00,0.6118999999999999
2024-06-28 02:00:00,0.6126499999999999
2024-06-28 03:00:00,0.61205
2024-06-28 04:00:00,0.6114499999999999
2024-06-28 05:00:00,0.6148499999999999
2024-06-28 06:00:00,0.6121
2024-06-28 07:00:00,0.61235
2024-06-28 08:00:00,0.6125999999999999
2024-06-28 09:00:00,0.6135499999999999
2024-06-28 10:00:00,0.614
2024-06-28 11:00:00,0.6134
2024-06-28 12:00:00,0.6147499999999999
2024-06-28 13:00:00,0.6147999999999999
2024-06-28 14:00:00,0.615
2024-06-28 15:00:00,0.6148999999999999
2024-06-28 16:00:00,0.6151
2024-06-28 17:00:00,0.6153
2024-06-28 18:00:00,0.61505
2024-06-28 19:00:00,0.6148499999999999
2024-06-28 20:00:00,0.6146999999999999
2024-06-30 22:00:00,0.6155499999999999
2024-06-30 23:00:00,0.6154499999999999
2024-07-01 00:00:00,0.6154499999999999
2024-07-01 01:00:00,0.6156499999999999
2024-07-01 02:00:00,0.6156499999999999
2024-07-01 03:00:00,0.6154999999999999
2024-07-01 04:00:00,0.61535
2024-07-01 05:00:00,0.6126999999999999
2024-07-01 06:00:00,0.6157499999999999
2024-07-01 07:00:00,0.6154999999999999
2024-07-01 08:00:00,0.616
2024-07-01 09:00:00,0.6154
2024-07-01 10:00:00,0.61515
2024-07-01 11:00:00,0.61515
2024-07-01 12:00:00,0.6142
2024-07-01 13:00:00,0.6147999999999999
2024-07-01 14:00:00,0.6125499999999999
2024-07-01 15:00:00,0.6124999999999999
2024-07-01 16:00:00,0.6127499999999999
2024-07-01 17:00:00,0.6127999999999999
2024-07-01 18:00:00,0.6125499999999999
2024-07-01 19:00:00,0.6126999999999999
2024-07-01 20:00:00,0.61315
2024-07-01 22:00:00,0.6123
2024-07-01 23:00:00,0.612
2024-07-02 00:00:00,0.6112
2024-07-02 01:00:00,0.6113999999999999
2024-07-02 02:00:00,0.6106999999999999
2024-07-02 03:00:00,0.61095
2024-07-02 04:00:00,0.611
2024-07-02 05:00:00,0.61105
2024-07-02 06:00:00,0.6107499999999999
2024-07-02 07:00:00,0.6107999999999999
2024-07-02 08:00:00,0.61125
2024-07-02 09:00:00,0.61095
2024-07-02 10:00:00,0.61105
2024-07-02 11:00:00,0.6113999999999999
2024-07-02 12:00:00,0.6118999999999999
2024-07-02 13:00:00,0.6132
2024-07-02 14:00:00,0.6126499999999999
2024-07-02 15:00:00,0.6125999999999999
2024-07-02 16:00:00,0.6126499999999999
2024-07-02 17:00:00,0.61305
2024-07-02 18:00:00,0.6134999999999999
2024-07-02 19:00:00,0.61335
2024-07-02 20:00:00,0.6134
2024-07-02 22:00:00,0.6138999999999999
2024-07-02 23:00:00,0.6136999999999999
2024-07-03 00:00:00,0.6137499999999999
2024-07-03 01:00:00,0.6135999999999999
2024-07-03 02:00:00,0.6132
2024-07-03 03:00:00,0.6136499999999999
2024-07-03 04:00:00,0.6133
2024-07-03 05:00:00,0.6128999999999999
2024-07-03 06:00:00,0.6134999999999999
2024-07-03 07:00:00,0.6136999999999999
2024-07-03 08:00:00,0.61325
2024-07-03 09:00:00,0.6127999999999999
2024-07-03 10:00:00,0.6126999999999999
2024-07-03 11:00:00,0.6127499999999999
2024-07-03 12:00:00,0.6135499999999999
2024-07-03 13:00:00,0.6148999999999999
2024-07-03 14:00:00,0.6172
2024-07-03 15:00:00,0.6167499999999999
2024-07-03 16:00:00,0.6167999999999999
2024-07-03 17:00:00,0.61595
2024-07-03 18:00:00,0.6154499999999999
2024-07-03 19:00:00,0.6155499999999999
2024-07-03 20:00:00,0.6157499999999999
2024-07-03 22:00:00,0.61605
2024-07-03 23:00:00,0.6163
2024-07-04 00:00:00,0.617
2024-07-04 01:00:00,0.61695
2024-07-04 02:00:00,0.6164499999999999
2024-07-04 03:00:00,0.6164499999999999
2024-07-04 04:00:00,0.6164499999999999
2024-07-04 05:00:00,0.6168499999999999
2024-07-04 06:00:00,0.61715
2024-07-04 07:00:00,0.6168999999999999
2024-07-04 08:00:00,0.61725
2024-07-04 09:00:00,0.6172
2024-07-04 10:00:00,0.6175499999999999
2024-07-04 11:00:00,0.6175499999999999
2024-07-04 12:00:00,0.61735
2024-07-04 13:00:00,0.6174
2024-07-04 14:00:00,0.61715
2024-07-04 15:00:00,0.6174
2024-07-04 16:00:00,0.6174999999999999
2024-07-04 17:00:00,0.61735
2024-07-04 18:00:00,0.6173
2024-07-04 19:00:00,0.6173
2024-07-04 20:00:00,0.61725
2024-07-04 22:00:00,0.6172
2024-07-04 23:00:00,0.6168999999999999
2024-07-05 00:00:00,0.61725
2024-07-05 01:00:00,0.6176999999999999
2024-07-05 02:00:00,0.6174499999999999
2024-07-05 03:00:00,0.6178499999999999
2024-07-05 04:00:00,0.6174999999999999
2024-07-05 05:00:00,0.62015
2024-07-05 06:00:00,0.61705
2024-07-05 07:00:00,0.6173
2024-07-05 08:00:00,0.6175999999999999
2024-07-05 09:00:00,0.6178999999999999
2024-07-05 10:00:00,0.618
2024-07-05 11:00:00,0.6176999999999999
2024-07-05 12:00:00,0.6184999999999999
2024-07-05 13:00:00,0.6177999999999999
2024-07-05 14:00:00,0.6187499999999999
2024-07-05 15:00:00,0.6193
2024-07-05 16:00:00,0.61905
2024-07-05 17:00:00,0.6195499999999999
2024-07-05 18:00:00,0.62015
2024-07-05 19:00:00,0.6202
2024-07-05 20:00:00,0.6201
2024-07-07 22:00:00,0.6196499999999999
2024-07-07 23:00:00,0.6196499999999999
2024-07-08 00:00:00,0.61925
2024-07-08 01:00:00,0.6201
2024-07-08 02:00:00,0.62
2024-07-08 03:00:00,0.6205499999999999
2024-07-08 04:00:00,0.62035
2024-07-08 05:00:00,0.61835
2024-07-08 06:00:00,0.61935
2024-07-08 07:00:00,0.6196999999999999
2024-07-08 08:00:00,0.619
2024-07-08 09:00:00,0.61915
2024-07-08 10:00:00,0.6187499999999999
2024-07-08 11:00:00,0.6191
2024-07-08 12:00:00,0.6195999999999999
2024-07-08 13:00:00,0.6195499999999999
2024-07-08 14:00:00,0.6194
2024-07-08 15:00:00,0.6187999999999999
2024-07-08 16:00:00,0.6188999999999999
2024-07-08 17:00:00,0.6188999999999999
2024-07-08 18:00:00,0.6184
2024-07-08 19:00:00,0.61835
2024-07-08 20:00:00,0.6181
2024-07-08 22:00:00,0.6183
2024-07-08 23:00:00,0.6186499999999999
2024-07-09 00:00:00,0.61795
2024-07-09 01:00:00,0.6178999999999999
2024-07-09 02:00:00,0.6173
2024-07-09 03:00:00,0.6175999999999999
2024-07-09 04:00:00,0.61815
2024-07-09 05:00:00,0.6181
2024-07-09 06:00:00,0.6178999999999999
2024-07-09 07:00:00,0.6175499999999999
2024-07-09 08:00:00,0.6171
2024-07-09 09:00:00,0.6172
2024-07-09 10:00:00,0.6174999999999999
2024-07-09 11:00:00,0.61715
2024-07-09 12:00:00,0.6175499999999999
2024-07-09 13:00:00,0.6184
2024-07-09 14:00:00,0.6178499999999999
2024-07-09 15:00:00,0.6175999999999999
2024-07-09 16:00:00,0.6176999999999999
2024-07-09 17:00:00,0.6178499999999999
2024-07-09 18:00:00,0.61805
2024-07-09 19:00:00,0.6181
2024-07-09 20:00:00,0.6181
2024-07-09 22:00:00,0.61825
2024-07-09 23:00:00,0.6183
2024-07-10 00:00:00,0.6181
2024-07-10 01:00:00,0.61835
2024-07-10 02:00:00,0.6135999999999999
2024-07-10 03:00:00,0.61495
2024-07-10 04:00:00,0.6147499999999999
2024-07-10 05:00:00,0.61335
2024-07-10 06:00:00,0.6147499999999999
2024-07-10 07:00:00,0.61295
2024-07-10 08:00:00,0.6126499999999999
2024-07-10 09:00:00,0.6126499999999999
2024-07-10 10:00:00,0.6126999999999999
2024-07-10 11:00:00,0.61335
2024-07-10 12:00:00,0.6134499999999999
2024-07-10 13:00:00,0.61395
2024-07-10 14:00:00,0.6136499999999999
2024-07-10 15:00:00,0.6137499999999999
2024-07-10 16:00:00,0.6138499999999999
2024-07-10 17:00:00,0.6134999999999999
2024-07-10 18:00:00,0.6134
2024-07-10 19:00:00,0.61335
2024-07-10 20:00:00,0.6137499999999999
2024-07-10 22:00:00,0.61395
2024-07-10 23:00:00,0.61435
2024-07-11 00:00:00,0.6145499999999999
2024-07-11 01:00:00,0.6147499999999999
2024-07-11 02:00:00,0.615
2024-07-11 03:00:00,0.6154
2024-07-11 04:00:00,0.6152
2024-07-11 05:00:00,0.61525
2024-07-11 06:00:00,0.6147499999999999
2024-07-11 07:00:00,0.6147499999999999
2024-07-11 08:00:00,0.6147999999999999
2024-07-11 09:00:00,0.6146999999999999
2024-07-11 10:00:00,0.6141
2024-07-11 11:00:00,0.61425
2024-07-11 12:00:00,0.6181
2024-07-11 13:00:00,0.6177499999999999
2024-07-11 14:00:00,0.6173
2024-07-11 15:00:00,0.6166999999999999
2024-07-11 16:00:00,0.61595
2024-07-11 17:00:00,0.615
2024-07-11 18:00:00,0.6153
2024-07-11 19:00:00,0.61525
2024-07-11 20:00:00,0.6151
2024-07-11 22:00:00,0.61425
2024-07-11 23:00:00,0.6151
2024-07-12 00:00:00,0.6136999999999999
2024-07-12 01:00:00,0.6142
2024-07-12 02:00:00,0.615
2024-07-12 03:00:00,0.6154499999999999
2024-07-12 04:00:00,0.6156999999999999
2024-07-12 05:00:00,0.6177499999999999
2024-07-12 06:00:00,0.6151
2024-07-12 07:00:00,0.6158499999999999
2024-07-12 08:00:00,0.6165999999999999
2024-07-12 09:00:00,0.61635
2024-07-12 10:00:00,0.6165499999999999
2024-07-12 11:00:00,0.6164999999999999
2024-07-12 12:00:00,0.6167499999999999
2024-07-12 13:00:00,0.6173
2024-07-12 14:00:00,0.6176999999999999
2024-07-12 15:00:00,0.6177499999999999
2024-07-12 16:00:00,0.6174499999999999
2024-07-12 17:00:00,0.6176499999999999
2024-07-12 18:00:00,0.6177999999999999
2024-07-12 19:00:00,0.6177499999999999
2024-07-12 20:00:00,0.6174999999999999
2024-07-15 01:00:00,
2024-07-15 05:00:00,0.6155499999999999
2024-07-15 06:00:00,0.6147999999999999
2024-07-15 07:00:00,0.6148499999999999
2024-07-15 08:00:00,0.6155499999999999
2024-07-15 09:00:00,0.61495
2024-07-15 10:00:00,0.6148999999999999
2024-07-15 11:00:00,0.6145499999999999
2024-07-15 12:00:00,0.6143
2024-07-15 13:00:00,0.61525
2024-07-15 14:00:00,0.61495
2024-07-15 15:00:00,0.6147999999999999
2024-07-15 16:00:00,0.6145499999999999
2024-07-15 17:00:00,0.6131
2024-07-15 18:00:00,0.6134499999999999
2024-07-15 19:00:00,0.6134499999999999
2024-07-15 20:00:00,0.613
2024-07-15 22:00:00,0.6128999999999999
2024-07-15 23:00:00,0.61315
2024-07-16 00:00:00,0.612
2024-07-16 01:00:00,0.6118499999999999
2024-07-16 02:00:00,0.61125
2024-07-16 03:00:00,0.6114499999999999
2024-07-16 04:00:00,0.611
2024-07-16 05:00:00,0.61035
2024-07-16 06:00:00,0.6113
2024-07-16 07:00:00,0.6114999999999999
2024-07-16 08:00:00,0.6113999999999999
2024-07-16 09:00:00,0.61225
2024-07-16 10:00:00,0.6122
2024-07-16 11:00:00,0.6124999999999999
2024-07-16 12:00:00,0.6103999999999999
2024-07-16 13:00:00,0.6103
2024-07-16 14:00:00,0.6097999999999999
2024-07-16 15:00:00,0.6099
2024-07-16 16:00:00,0.6095999999999999
2024-07-16 17:00:00,0.6101
2024-07-16 18:00:00,0.6104499999999999
2024-07-16 19:00:00,0.61035
2024-07-16 20:00:00,0.6105499999999999
2024-07-16 22:00:00,0.61215
2024-07-16 23:00:00,0.6125499999999999
2024-07-17 00:00:00,0.6131
2024-07-17 01:00:00,0.6135499999999999
2024-07-17 02:00:00,0.6132
2024-07-17 03:00:00,0.6123
2024-07-17 04:00:00,0.61225
2024-07-17 05:00:00,0.6122
2024-07-17 06:00:00,0.6127999999999999
2024-07-17 07:00:00,0.6132
2024-07-17 08:00:00,0.6146999999999999
2024-07-17 09:00:00,0.61515
2024-07-17 10:00:00,0.6145499999999999
2024-07-17 11:00:00,0.6143
2024-07-17 12:00:00,0.6141
2024-07-17 13:00:00,0.6142
2024-07-17 14:00:00,0.6128999999999999
2024-07-17 15:00:00,0.6126499999999999
2024-07-17 16:00:00,0.6127499999999999
2024-07-17 17:00:00,0.6127999999999999
2024-07-17 18:00:00,0.61305
2024-07-17 19:00:00,0.61315
2024-07-17 20:00:00,0.61395
2024-07-17 22:00:00,0.6135499999999999
2024-07-17 23:00:00,0.6135999999999999
2024-07-18 00:00:00,0.6128999999999999
2024-07-18 01:00:00,0.6127499999999999
2024-07-18 02:00:00,0.6136499999999999
2024-07-18 03:00:00,0.6127499999999999
2024-07-18 04:00:00,0.6127499999999999
2024-07-18 05:00:00,0.61305
2024-07-18 06:00:00,0.6127499999999999
2024-07-18 07:00:00,0.6128499999999999
2024-07-18 08:00:00,0.6126499999999999
2024-07-18 09:00:00,0.6124999999999999
2024-07-18 10:00:00,0.61295
2024-07-18 11:00:00,0.6123999999999999
2024-07-18 12:00:00,0.6128499999999999
2024-07-18 13:00:00,0.6126999999999999
2024-07-18 14:00:00,0.6127499999999999
2024-07-18 15:00:00,0.6118999999999999
2024-07-18 16:00:00,0.6118999999999999
2024-07-18 17:00:00,0.61135
2024-07-18 18:00:00,0.61035
2024-07-18 19:00:00,0.61035
2024-07-18 20:00:00,0.6101
2024-07-18 22:00:00,0.60995
2024-07-18 23:00:00,0.6097999999999999
2024-07-19 00:00:00,0.609
2024-07-19 01:00:00,0.60825
2024-07-19 02:00:00,0.609
2024-07-19 03:00:00,0.6083999999999999
2024-07-19 04:00:00,0.6078499999999999
2024-07-19 05:00:00,0.6086999999999999
2024-07-19 06:00:00,0.60915
2024-07-19 07:00:00,0.6085999999999999
2024-07-19 08:00:00,0.6082
2024-07-19 09:00:00,0.6076999999999999
2024-07-19 10:00:00,0.60795
2024-07-19 11:00:00,0.6081
2024-07-19 12:00:00,0.6074999999999999
2024-07-19 13:00:00,0.6076999999999999
2024-07-19 14:00:00,0.6073999999999999
2024-07-19 15:00:00,0.60735
2024-07-19 16:00:00,0.6068499999999999
2024-07-19 17:00:00,0.6069
2024-07-19 18:00:00,0.6064499999999999
2024-07-19 19:00:00,0.6065499999999999
2024-07-19 20:00:00,0.6064499999999999
2024-07-21 22:00:00,0.6081
2024-07-21 23:00:00,0.6078499999999999
2024-07-22 00:00:00,0.607
2024-07-22 01:00:00,0.60625
2024-07-22 02:00:00,0.60595
2024-07-22 03:00:00,0.6054999999999999
2024-07-22 04:00:00,0.6049
2024-07-22 05:00:00,0.6031
2024-07-22 06:00:00,0.6054499999999999
2024-07-22 07:00:00,0.6053499999999999
2024-07-22 08:00:00,0.6055999999999999
2024-07-22 09:00:00,0.6058499999999999
2024-07-22 10:00:00,0.6054999999999999
2024-07-22 11:00:00,0.60495
2024-07-22 12:00:00,0.60415
2024-07-22 13:00:00,0.6034499999999999
2024-07-22 14:00:00,0.6034499999999999
2024-07-22 15:00:00,0.60315
2024-07-22 16:00:00,0.603
2024-07-22 17:00:00,0.6034499999999999
2024-07-22 18:00:00,0.60325
2024-07-22 19:00:00,0.6031
2024-07-22 20:00:00,0.6033499999999999
2024-07-22 22:00:00,0.6033999999999999
2024-07-22 23:00:00,0.6032
2024-07-23 00:00:00,0.6023499999999999
2024-07-23 01:00:00,0.6025999999999999
2024-07-23 02:00:00,0.6024999999999999
2024-07-23 03:00:00,0.6024999999999999
2024-07-23 04:00:00,0.60215
2024-07-23 05:00:00,0.6024499999999999
2024-07-23 06:00:00,0.60195
2024-07-23 07:00:00,0.6019
2024-07-23 08:00:00,0.6019
2024-07-23 09:00:00,0.602
2024-07-23 10:00:00,0.60205
2024-07-23 11:00:00,0.6017999999999999
2024-07-23 12:00:00,0.6015999999999999
2024-07-23 13:00:00,0.6012
2024-07-23 14:00:00,0.6007999999999999
2024-07-23 15:00:00,0.6013999999999999
2024-07-23 16:00:00,0.6009
2024-07-23 17:00:00,0.60085
2024-07-23 18:00:00,0.6009
2024-07-23 19:00:00,0.60085
2024-07-23 20:00:00,0.60115
2024-07-23 22:00:00,0.60105
2024-07-23 23:00:00,0.6007499999999999
2024-07-24 00:00:00,0.60005
2024-07-24 01:00:00,0.59925
2024-07-24 02:00:00,0.599
2024-07-24 03:00:00,0.5984999999999999
2024-07-24 04:00:00,0.5973999999999999
2024-07-24 05:00:00,0.5982999999999999
2024-07-24 06:00:00,0.5983499999999999
2024-07-24 07:00:00,0.5985999999999999
2024-07-24 08:00:00,0.5982
2024-07-24 09:00:00,0.5988
2024-07-24 10:00:00,0.59885
2024-07-24 11:00:00,0.5995999999999999
2024-07-24 12:00:00,0.60025
2024-07-24 13:00:00,0.5993499999999999
2024-07-24 14:00:00,0.6002
2024-07-24 15:00:00,0.60005
2024-07-24 16:00:00,0.5999
2024-07-24 17:00:00,0.5992
2024-07-24 18:00:00,0.59805
2024-07-24 19:00:00,0.5981
2024-07-24 20:00:00,0.5986499999999999
2024-07-24 22:00:00,0.5982999999999999
2024-07-24 23:00:00,0.5981
2024-07-25 00:00:00,0.5974499999999999
2024-07-25 01:00:00,0.5977499999999999
2024-07-25 02:00:00,0.5977499999999999
2024-07-25 03:00:00,0.5973999999999999
2024-07-25 04:00:00,0.59685
2024-07-25 05:00:00,0.5944499999999999
2024-07-25 06:00:00,0.597
2024-07-25 07:00:00,0.5971
2024-07-25 08:00:00,0.5967499999999999
2024-07-25 09:00:00,0.5963499999999999
2024-07-25 10:00:00,0.5959
2024-07-25 11:00:00,0.5951
2024-07-25 12:00:00,0.59485
2024-07-25 13:00:00,0.5959
2024-07-25 14:00:00,0.5959
2024-07-25 15:00:00,0.5956499999999999
2024-07-25 16:00:00,0.5961
2024-07-25 17:00:00,0.59505
2024-07-25 18:00:00,0.5945499999999999
2024-07-25 19:00:00,0.5944499999999999
2024-07-25 20:00:00,0.59425
2024-07-25 22:00:00,0.5941
2024-07-25 23:00:00,0.5944499999999999
2024-07-26 00:00:00,0.5942999999999999
2024-07-26 01:00:00,0.5947499999999999
2024-07-26 02:00:00,0.59425
2024-07-26 03:00:00,0.59415
2024-07-26 04:00:00,0.5944999999999999
2024-07-26 05:00:00,0.5946499999999999
2024-07-26 06:00:00,0.5949
2024-07-26 07:00:00,0.5954999999999999
2024-07-26 08:00:00,0.5958
2024-07-26 09:00:00,0.5952
2024-07-26 10:00:00,0.5952
2024-07-26 11:00:00,0.595
2024-07-26 12:00:00,0.595
2024-07-26 13:00:00,0.5955999999999999
2024-07-26 14:00:00,0.5945999999999999
2024-07-26 15:00:00,0.59495
2024-07-26 16:00:00,0.5954499999999999
2024-07-26 17:00:00,0.5948
2024-07-26 18:00:00,0.5945499999999999
2024-07-26 19:00:00,0.5944999999999999
2024-07-26 20:00:00,0.5942
2024-07-28 22:00:00,0.5942999999999999
2024-07-28 23:00:00,0.5944499999999999
2024-07-29 00:00:00,0.5953499999999999
2024-07-29 01:00:00,0.5954499999999999
2024-07-29 02:00:00,0.59515
2024-07-29 03:00:00,0.5953499999999999
2024-07-29 04:00:00,0.5942
2024-07-29 05:00:00,0.5941
2024-07-29 06:00:00,0.5946499999999999
2024-07-29 07:00:00,0.5937499999999999
2024-07-29 08:00:00,0.5934499999999999
2024-07-29 09:00:00,0.5938
2024-07-29 10:00:00,0.59385
2024-07-29 11:00:00,0.59285
2024-07-29 12:00:00,0.5923499999999999
2024-07-29 13:00:00,0.5922499999999999
2024-07-29 14:00:00,0.5921
2024-07-29 15:00:00,0.5925499999999999
2024-07-29 16:00:00,0.59295
2024-07-29 17:00:00,0.59315
2024-07-29 18:00:00,0.59305
2024-07-29 19:00:00,0.5933499999999999
2024-07-29 20:00:00,0.59315
2024-07-29 22:00:00,0.5936999999999999
2024-07-29 23:00:00,0.5932
2024-07-30 00:00:00,0.5932499999999999
2024-07-30 01:00:00,0.5924499999999999
2024-07-30 02:00:00,0.5935999999999999
2024-07-30 03:00:00,0.59425
2024-07-30 04:00:00,0.5947499999999999
2024-07-30 05:00:00,0.5945999999999999
2024-07-30 06:00:00,0.5954999999999999
2024-07-30 07:00:00,0.5948
2024-07-30 08:00:00,0.5951
2024-07-30 09:00:00,0.59505
2024-07-30 10:00:00,0.5947499999999999
2024-07-30 11:00:00,0.5943499999999999
2024-07-30 12:00:00,0.59425
2024-07-30 13:00:00,0.59505
2024-07-30 14:00:00,0.5953499999999999
2024-07-30 15:00:00,0.59525
2024-07-30 16:00:00,0.5955999999999999
2024-07-30 17:00:00,0.5955999999999999
2024-07-30 18:00:00,0.5956499999999999
2024-07-30 19:00:00,0.5953999999999999
2024-07-30 20:00:00,0.596
2024-07-30 22:00:00,0.59605
2024-07-30 23:00:00,0.5959
2024-07-31 00:00:00,0.596
2024-07-31 01:00:00,0.5962999999999999
2024-07-31 02:00:00,0.59625
2024-07-31 03:00:00,0.59595
2024-07-31 04:00:00,0.5962999999999999
2024-07-31 05:00:00,0.6013999999999999
2024-07-31 06:00:00,0.5982
2024-07-31 07:00:00,0.598
2024-07-31 08:00:00,0.5971
2024-07-31 09:00:00,0.5972999999999999
2024-07-31 10:00:00,0.5973999999999999
2024-07-31 11:00:00,0.5975499999999999
2024-07-31 12:00:00,0.5989
2024-07-31 13:00:00,0.6003499999999999
2024-07-31 14:00:00,0.5995499999999999
2024-07-31 15:00:00,0.6002
2024-07-31 16:00:00,0.59995
2024-07-31 17:00:00,0.6006499999999999
2024-07-31 18:00:00,0.60095
2024-07-31 19:00:00,0.6013999999999999
2024-07-31 20:00:00,0.6006999999999999
2024-07-31 22:00:00,0.60095
2024-07-31 23:00:00,0.6007499999999999
2024-08-01 00:00:00,0.6014499999999999
2024-08-01 01:00:00,0.6009
2024-08-01 02:00:00,0.60115
2024-08-01 03:00:00,0.6007499999999999
2024-08-01 04:00:00,0.60095
2024-08-01 05:00:00,0.60115
2024-08-01 06:00:00,0.6004999999999999
2024-08-01 07:00:00,0.6003999999999999
2024-08-01 08:00:00,0.5994999999999999
2024-08-01 09:00:00,0.5997999999999999
2024-08-01 10:00:00,0.5997999999999999
2024-08-01 11:00:00,0.60005
2024-08-01 12:00:00,0.6013499999999999
2024-08-01 13:00:00,0.60315
2024-08-01 14:00:00,0.6017499999999999
2024-08-01 15:00:00,0.6016499999999999
2024-08-01 16:00:00,0.60125
2024-08-01 17:00:00,0.60095
2024-08-01 18:00:00,0.6003
2024-08-01 19:00:00,0.6
2024-08-01 20:00:00,0.6006499999999999
2024-08-01 22:00:00,0.5996999999999999
2024-08-01 23:00:00,0.59915
2024-08-02 00:00:00,0.5993499999999999
2024-08-02 01:00:00,0.6001
2024-08-02 02:00:00,0.6005499999999999
2024-08-02 03:00:00,0.6002
2024-08-02 04:00:00,0.6007499999999999
2024-08-02 05:00:00,0.6011
2024-08-02 06:00:00,0.6013499999999999
2024-08-02 07:00:00,0.6004999999999999
2024-08-02 08:00:00,0.6002
2024-08-02 09:00:00,0.6006499999999999
2024-08-02 10:00:00,0.6007999999999999
2024-08-02 11:00:00,0.60085
2024-08-02 12:00:00,0.6025999999999999
2024-08-02 13:00:00,0.6036499999999999
2024-08-02 14:00:00,0.6026999999999999
2024-08-02 15:00:00,0.6027499999999999
2024-08-02 16:00:00,0.602
2024-08-02 17:00:00,0.6013
2024-08-02 18:00:00,0.6015499999999999
2024-08-02 19:00:00,0.6015999999999999
2024-08-02 20:00:00,0.6013
2024-08-04 22:00:00,0.6006999999999999
2024-08-04 23:00:00,0.6003499999999999
2024-08-05 00:00:00,0.6007499999999999
2024-08-05 01:00:00,0.6005999999999999
2024-08-05 02:00:00,0.601
2024-08-05 03:00:00,0.60085
2024-08-05 04:00:00,0.59995
2024-08-05 05:00:00,0.596
2024-08-05 06:00:00,0.595
2024-08-05 07:00:00,0.59825
2024-08-05 08:00:00,0.59815
2024-08-05 09:00:00,0.59885
2024-08-05 10:00:00,0.5994999999999999
2024-08-05 11:00:00,0.5993999999999999
2024-08-05 12:00:00,0.5989
2024-08-05 13:00:00,0.60125
2024-08-05 14:00:00,0.5987499999999999
2024-08-05 15:00:00,0.5986499999999999
2024-08-05 16:00:00,0.59825
2024-08-05 17:00:00,0.5986499999999999
2024-08-05 18:00:00,0.59825
2024-08-05 19:00:00,0.5986499999999999
2024-08-05 20:00:00,0.5997999999999999
2024-08-05 22:00:00,0.60015
2024-08-05 23:00:00,0.6005499999999999
2024-08-06 00:00:00,0.6031
2024-08-06 01:00:00,0.60105
2024-08-06 02:00:00,0.6007999999999999
2024-08-06 03:00:00,0.6002
2024-08-06 04:00:00,0.5985999999999999
2024-08-06 05:00:00,0.60115
2024-08-06 06:00:00,0.5984999999999999
2024-08-06 07:00:00,0.5974499999999999
2024-08-06 08:00:00,0.5986999999999999
2024-08-06 09:00:00,0.5978
2024-08-06 10:00:00,0.5976499999999999
2024-08-06 11:00:00,0.5974499999999999
2024-08-06 12:00:00,0.597
2024-08-06 13:00:00,0.5993499999999999
2024-08-06 14:00:00,0.5997999999999999
2024-08-06 15:00:00,0.6006499999999999
2024-08-06 16:00:00,0.6014999999999999
2024-08-06 17:00:00,0.60125
2024-08-06 18:00:00,0.6014499999999999
2024-08-06 19:00:00,0.60115
2024-08-06 20:00:00,0.60105
2024-08-06 22:00:00,0.60425
2024-08-06 23:00:00,0.6029
2024-08-07 00:00:00,0.6053
2024-08-07 01:00:00,0.6051
2024-08-07 02:00:00,0.6057499999999999
2024-08-07 03:00:00,0.6067999999999999
2024-08-07 04:00:00,0.6063999999999999
2024-08-07 05:00:00,0.60705
2024-08-07 06:00:00,0.60635
2024-08-07 07:00:00,0.6065999999999999
2024-08-07 08:00:00,0.6072
2024-08-07 09:00:00,0.60735
2024-08-07 10:00:00,0.6078499999999999
2024-08-07 11:00:00,0.6073999999999999
2024-08-07 12:00:00,0.6076499999999999
2024-08-07 13:00:00,0.6067999999999999
2024-08-07 14:00:00,0.60725
2024-08-07 15:00:00,0.6067499999999999
2024-08-07 16:00:00,0.6065499999999999
2024-08-07 17:00:00,0.6055499999999999
2024-08-07 18:00:00,0.6046999999999999
2024-08-07 19:00:00,0.6049
2024-08-07 20:00:00,0.6051
2024-08-07 22:00:00,0.6047999999999999
2024-08-07 23:00:00,0.6045499999999999
2024-08-08 00:00:00,0.6051
2024-08-08 01:00:00,0.6053999999999999
2024-08-08 02:00:00,0.60605
2024-08-08 03:00:00,0.60605
2024-08-08 04:00:00,0.6057499999999999
2024-08-08 05:00:00,0.6062
2024-08-08 06:00:00,0.606
2024-08-08 07:00:00,0.605
2024-08-08 08:00:00,0.6053499999999999
2024-08-08 09:00:00,0.60485
2024-08-08 10:00:00,0.6049
2024-08-08 11:00:00,0.6049
2024-08-08 12:00:00,0.6037499999999999
2024-08-08 13:00:00,0.6041
2024-08-08 14:00:00,0.6054499999999999
2024-08-08 15:00:00,0.6057499999999999
2024-08-08 16:00:00,0.6053499999999999
2024-08-08 17:00:00,0.6058499999999999
2024-08-08 18:00:00,0.6066499999999999
2024-08-08 19:00:00,0.6062
2024-08-08 20:00:00,0.607
2024-08-08 22:00:00,0.6064999999999999
2024-08-08 23:00:00,0.6062
2024-08-09 00:00:00,0.6062
2024-08-09 01:00:00,0.6077499999999999
2024-08-09 02:00:00,0.6086499999999999
2024-08-09 03:00:00,0.6089
2024-08-09 04:00:00,0.6082
2024-08-09 05:00:00,0.6055499999999999
2024-08-09 06:00:00,0.6084999999999999
2024-08-09 07:00:00,0.6077499999999999
2024-08-09 08:00:00,0.6082
2024-08-09 09:00:00,0.6077499999999999
2024-08-09 10:00:00,0.607
2024-08-09 11:00:00,0.60725
2024-08-09 12:00:00,0.6065999999999999
2024-08-09 13:00:00,0.6065499999999999
2024-08-09 14:00:00,0.6076499999999999
2024-08-09 15:00:00,0.6067999999999999
2024-08-09 16:00:00,0.6063
2024-08-09 17:00:00,0.6059
2024-08-09 18:00:00,0.6056499999999999
2024-08-09 19:00:00,0.6055499999999999
2024-08-09 20:00:00,0.6053499999999999
2024-08-11 22:00:00,0.60515
2024-08-11 23:00:00,0.60485
2024-08-12 00:00:00,0.6066499999999999
2024-08-12 01:00:00,0.6066999999999999
2024-08-12 02:00:00,0.6064499999999999
2024-08-12 03:00:00,0.6066999999999999
2024-08-12 04:00:00,0.60695
2024-08-12 05:00:00,0.6067999999999999
2024-08-12 06:00:00,0.6071
2024-08-12 07:00:00,0.60825
2024-08-12 08:00:00,0.6083999999999999
2024-08-12 09:00:00,0.6086499999999999
2024-08-12 10:00:00,0.6084499999999999
2024-08-12 11:00:00,0.6085499999999999
2024-08-12 12:00:00,0.6077999999999999
2024-08-12 13:00:00,0.6079
2024-08-12 14:00:00,0.6083
2024-08-12 15:00:00,0.6076499999999999
2024-08-12 16:00:00,0.6071
2024-08-12 17:00:00,0.6075999999999999
2024-08-12 18:00:00,0.6077499999999999
2024-08-12 19:00:00,0.6077499999999999
2024-08-12 20:00:00,0.6075999999999999
2024-08-12 22:00:00,0.60795
2024-08-12 23:00:00,0.6078499999999999
2024-08-13 00:00:00,0.608
2024-08-13 01:00:00,0.6083
2024-08-13 02:00:00,0.6083999999999999
2024-08-13 03:00:00,0.6085499999999999
2024-08-13 04:00:00,0.6091
2024-08-13 05:00:00,0.6137499999999999
2024-08-13 06:00:00,0.60925
2024-08-13 07:00:00,0.6099
2024-08-13 08:00:00,0.6094999999999999
2024-08-13 09:00:00,0.6096999999999999
2024-08-13 10:00:00,0.60925
2024-08-13 11:00:00,0.6097999999999999
2024-08-13 12:00:00,0.61095
2024-08-13 13:00:00,0.6116999999999999
2024-08-13 14:00:00,0.6113
2024-08-13 15:00:00,0.6114499999999999
2024-08-13 16:00:00,0.6125499999999999
2024-08-13 17:00:00,0.6125499999999999
2024-08-13 18:00:00,0.6136499999999999
2024-08-13 19:00:00,0.6137499999999999
2024-08-13 20:00:00,0.6134999999999999
2024-08-13 22:00:00,0.61325
2024-08-13 23:00:00,0.6134999999999999
2024-08-14 00:00:00,0.6136999999999999
2024-08-14 01:00:00,0.61315
2024-08-14 02:00:00,0.6091
2024-08-14 03:00:00,0.60705
2024-08-14 04:00:00,0.6063999999999999
2024-08-14 05:00:00,0.6056499999999999
2024-08-14 06:00:00,0.60735
2024-08-14 07:00:00,0.60695
2024-08-14 08:00:00,0.6068499999999999
2024-08-14 09:00:00,0.6074499999999999
2024-08-14 10:00:00,0.60795
2024-08-14 11:00:00,0.6074999999999999
2024-08-14 12:00:00,0.6067499999999999
2024-08-14 13:00:00,0.60735
2024-08-14 14:00:00,0.6084499999999999
2024-08-14 15:00:00,0.6076499999999999
2024-08-14 16:00:00,0.6068499999999999
2024-08-14 17:00:00,0.6057999999999999
2024-08-14 18:00:00,0.6056499999999999
2024-08-14 19:00:00,0.6056499999999999
2024-08-14 20:00:00,0.6053
2024-08-14 22:00:00,0.6055499999999999
2024-08-14 23:00:00,0.6054999999999999
2024-08-15 00:00:00,0.6052
2024-08-15 01:00:00,0.605
2024-08-15 02:00:00,0.6054999999999999
2024-08-15 03:00:00,0.606
2024-08-15 04:00:00,0.60615
2024-08-15 05:00:00,0.6062
2024-08-15 06:00:00,0.6063999999999999
2024-08-15 07:00:00,0.60635
2024-08-15 08:00:00,0.6055999999999999
2024-08-15 09:00:00,0.6064999999999999
2024-08-15 10:00:00,0.6063999999999999
2024-08-15 11:00:00,0.607
2024-08-15 12:00:00,0.6043
2024-08-15 13:00:00,0.6053499999999999
2024-08-15 14:00:00,0.6066499999999999
2024-08-15 15:00:00,0.60625
2024-08-15 16:00:00,0.6056999999999999
2024-08-15 17:00:00,0.6043999999999999
2024-08-15 18:00:00,0.6047999999999999
2024-08-15 19:00:00,0.6047999999999999
2024-08-15 20:00:00,0.604
2024-08-15 22:00:00,0.6041
2024-08-15 23:00:00,0.6036999999999999
2024-08-16 00:00:00,0.6044999999999999
2024-08-16 01:00:00,0.6058499999999999
2024-08-16 02:00:00,0.60595
2024-08-16 03:00:00,0.6064499999999999
2024-08-16 04:00:00,0.6071
2024-08-16 05:00:00,0.6076499999999999
2024-08-16 06:00:00,0.60735
2024-08-16 07:00:00,0.60725
2024-08-16 08:00:00,0.6074999999999999
2024-08-16 09:00:00,0.60805
2024-08-16 10:00:00,0.6081
2024-08-16 11:00:00,0.6084499999999999
2024-08-16 12:00:00,0.60805
2024-08-16 13:00:00,0.6086499999999999
2024-08-16 14:00:00,0.6078499999999999
2024-08-16 15:00:00,0.60905
2024-08-16 16:00:00,0.6097999999999999
2024-08-16 17:00:00,0.6103999999999999
2024-08-16 18:00:00,0.611
2024-08-16 19:00:00,0.6111
2024-08-16 20:00:00,0.6112
2024-08-18 22:00:00,0.61105
2024-08-18 23:00:00,0.61135
2024-08-19 00:00:00,0.61125
2024-08-19 01:00:00,0.6125499999999999
2024-08-19 02:00:00,0.6126999999999999
2024-08-19 03:00:00,0.6134999999999999
2024-08-19 04:00:00,0.6136999999999999
2024-08-19 05:00:00,0.6166499999999999
2024-08-19 06:00:00,0.6131
2024-08-19 07:00:00,0.61295
2024-08-19 08:00:00,0.6127999999999999
2024-08-19 09:00:00,0.6125499999999999
2024-08-19 10:00:00,0.6125999999999999
2024-08-19 11:00:00,0.6134
2024-08-19 12:00:00,0.61305
2024-08-19 13:00:00,0.6136499999999999
2024-08-19 14:00:00,0.6148999999999999
2024-08-19 15:00:00,0.615
2024-08-19 16:00:00,0.6151
2024-08-19 17:00:00,0.61635
2024-08-19 18:00:00,0.6166499999999999
2024-08-19 19:00:00,0.6166499999999999
2024-08-19 20:00:00,0.617
2024-08-19 22:00:00,0.61715
2024-08-19 23:00:00,0.6174
2024-08-20 00:00:00,0.6174999999999999
2024-08-20 01:00:00,0.6177999999999999
2024-08-20 02:00:00,0.61705
2024-08-20 03:00:00,0.61705
2024-08-20 04:00:00,0.6174999999999999
2024-08-20 05:00:00,0.6211
2024-08-20 06:00:00,0.6184499999999999
2024-08-20 07:00:00,0.6187999999999999
2024-08-20 08:00:00,0.61925
2024-08-20 09:00:00,0.61915
2024-08-20 10:00:00,0.6197999999999999
2024-08-20 11:00:00,0.6198999999999999
2024-08-20 12:00:00,0.6201
2024-08-20 13:00:00,0.62
2024-08-20 14:00:00,0.6205999999999999
2024-08-20 15:00:00,0.62
2024-08-20 16:00:00,0.62015
2024-08-20 17:00:00,0.6203
2024-08-20 18:00:00,0.62125
2024-08-20 19:00:00,0.6211
2024-08-20 20:00:00,0.62105
2024-08-20 22:00:00,0.6213
2024-08-20 23:00:00,0.62125
2024-08-21 00:00:00,0.6219499999999999
2024-08-21 01:00:00,0.6207999999999999
2024-08-21 02:00:00,0.6204999999999999
2024-08-21 03:00:00,0.6204999999999999
2024-08-21 04:00:00,0.6199499999999999
2024-08-21 05:00:00,0.62015
2024-08-21 06:00:00,0.62
2024-08-21 07:00:00,0.6193
2024-08-21 08:00:00,0.61945
2024-08-21 09:00:00,0.6196499999999999
2024-08-21 10:00:00,0.6198999999999999
2024-08-21 11:00:00,0.6197499999999999
2024-08-21 12:00:00,0.62025
2024-08-21 13:00:00,0.6203
2024-08-21 14:00:00,0.6204
2024-08-21 15:00:00,0.6216999999999999
2024-08-21 16:00:00,0.6213
2024-08-21 17:00:00,0.62205
2024-08-21 18:00:00,0.6225499999999999
2024-08-21 19:00:00,0.6221
2024-08-21 20:00:00,0.62125
2024-08-21 22:00:00,0.6218499999999999
2024-08-21 23:00:00,0.6217999999999999
2024-08-22 00:00:00,0.6211
2024-08-22 01:00:00,0.6206499999999999
2024-08-22 02:00:00,0.6204999999999999
2024-08-22 03:00:00,0.6206499999999999
2024-08-22 04:00:00,0.6207999999999999
2024-08-22 05:00:00,0.621
2024-08-22 06:00:00,0.6214999999999999
2024-08-22 07:00:00,0.6222
2024-08-22 08:00:00,0.6217499999999999
2024-08-22 09:00:00,0.6216499999999999
2024-08-22 10:00:00,0.62125
2024-08-22 11:00:00,0.6207499999999999
2024-08-22 12:00:00,0.62145
2024-08-22 13:00:00,0.6198499999999999
2024-08-22 14:00:00,0.6201
2024-08-22 15:00:00,0.6195999999999999
2024-08-22 16:00:00,0.61945
2024-08-22 17:00:00,0.6189499999999999
2024-08-22 18:00:00,0.6198999999999999
2024-08-22 19:00:00,0.6198499999999999
2024-08-22 20:00:00,0.6196999999999999
2024-08-22 22:00:00,0.6198499999999999
2024-08-22 23:00:00,0.6198499999999999
2024-08-23 00:00:00,0.62025
2024-08-23 01:00:00,0.6211
2024-08-23 02:00:00,0.6206499999999999
2024-08-23 03:00:00,0.6206499999999999
2024-08-23 04:00:00,0.621
2024-08-23 05:00:00,0.6282
2024-08-23 06:00:00,0.62125
2024-08-23 07:00:00,0.6207999999999999
2024-08-23 08:00:00,0.621
2024-08-23 09:00:00,0.62125
2024-08-23 10:00:00,0.6213
2024-08-23 11:00:00,0.62145
2024-08-23 12:00:00,0.6215999999999999
2024-08-23 13:00:00,0.6218999999999999
2024-08-23 14:00:00,0.6261
2024-08-23 15:00:00,0.6267999999999999
2024-08-23 16:00:00,0.62715
2024-08-23 17:00:00,0.62835
2024-08-23 18:00:00,0.6285
2024-08-23 19:00:00,0.62825
2024-08-23 20:00:00,0.62915
2024-08-25 22:00:00,0.6281
2024-08-25 23:00:00,0.6279999999999999
2024-08-26 00:00:00,0.62845
2024-08-26 01:00:00,0.62805
2024-08-26 02:00:00,0.6278499999999999
2024-08-26 03:00:00,0.62725
2024-08-26 04:00:00,0.62715
2024-08-26 05:00:00,0.6267499999999999
2024-08-26 06:00:00,0.6266999999999999
2024-08-26 07:00:00,0.6265
2024-08-26 08:00:00,0.6264
2024-08-26 09:00:00,0.6262
2024-08-26 10:00:00,0.62645
2024-08-26 11:00:00,0.6257499999999999
2024-08-26 12:00:00,0.62625
2024-08-26 13:00:00,0.62625
2024-08-26 14:00:00,0.6269499999999999
2024-08-26 15:00:00,0.62605
2024-08-26 16:00:00,0.6269999999999999
2024-08-26 17:00:00,0.6266999999999999
2024-08-26 18:00:00,0.6266499999999999
2024-08-26 19:00:00,0.6267499999999999
2024-08-26 20:00:00,0.6261
2024-08-26 22:00:00,0.62625
2024-08-26 23:00:00,0.6261
2024-08-27 00:00:00,0.62535
2024-08-27 01:00:00,0.6269999999999999
2024-08-27 02:00:00,0.6268499999999999
2024-08-27 03:00:00,0.6272
2024-08-27 04:00:00,0.6275
2024-08-27 05:00:00,0.6303
2024-08-27 06:00:00,0.62735
2024-08-27 07:00:00,0.6271
2024-08-27 08:00:00,0.6275
2024-08-27 09:00:00,0.6279499999999999
2024-08-27 10:00:00,0.62815
2024-08-27 11:00:00,0.6286499999999999
2024-08-27 12:00:00,0.62815
2024-08-27 13:00:00,0.62835
2024-08-27 14:00:00,0.6288999999999999
2024-08-27 15:00:00,0.6291
2024-08-27 16:00:00,0.62915
2024-08-27 17:00:00,0.6303
2024-08-27 18:00:00,0.6306499999999999
2024-08-27 19:00:00,0.6303
2024-08-27 20:00:00,0.6309999999999999
2024-08-27 22:00:00,0.63035
2024-08-27 23:00:00,0.6298999999999999
2024-08-28 00:00:00,0.6304
2024-08-28 01:00:00,0.6295499999999999
2024-08-28 02:00:00,0.6296999999999999
2024-08-28 03:00:00,0.6306499999999999
2024-08-28 04:00:00,0.6303
2024-08-28 05:00:00,0.6298999999999999
2024-08-28 06:00:00,0.6291
2024-08-28 07:00:00,0.6295
2024-08-28 08:00:00,0.63005
2024-08-28 09:00:00,0.6303
2024-08-28 10:00:00,0.6299499999999999
2024-08-28 11:00:00,0.6295999999999999
2024-08-28 12:00:00,0.6292
2024-08-28 13:00:00,0.6291
2024-08-28 14:00:00,0.6305
2024-08-28 15:00:00,0.6297999999999999
2024-08-28 16:00:00,0.6292
2024-08-28 17:00:00,0.6285999999999999
2024-08-28 18:00:00,0.6296999999999999
2024-08-28 19:00:00,0.6298999999999999
2024-08-28 20:00:00,0.63015
2024-08-28 22:00:00,0.6303
2024-08-28 23:00:00,0.63025
2024-08-29 00:00:00,0.6316499999999999
2024-08-29 01:00:00,0.6339499999999999
2024-08-29 02:00:00,0.6334
2024-08-29 03:00:00,0.63445
2024-08-29 04:00:00,0.6348499999999999
2024-08-29 05:00:00,0.6316499999999999
2024-08-29 06:00:00,0.6340499999999999
2024-08-29 07:00:00,0.6338499999999999
2024-08-29 08:00:00,0.6331
2024-08-29 09:00:00,0.6335999999999999
2024-08-29 10:00:00,0.63355
2024-08-29 11:00:00,0.63325
2024-08-29 12:00:00,0.63145
2024-08-29 13:00:00,0.6310499999999999
2024-08-29 14:00:00,0.6312
2024-08-29 15:00:00,0.6322
2024-08-29 16:00:00,0.6321
2024-08-29 17:00:00,0.6325999999999999
2024-08-29 18:00:00,0.6316999999999999
2024-08-29 19:00:00,0.6316499999999999
2024-08-29 20:00:00,0.6315
2024-08-29 22:00:00,0.6316999999999999
2024-08-29 23:00:00,0.6318499999999999
2024-08-30 00:00:00,0.6327499999999999
2024-08-30 01:00:00,0.63235
2024-08-30 02:00:00,0.6322
2024-08-30 03:00:00,0.63215
2024-08-30 04:00:00,0.6317499999999999
2024-08-30 05:00:00,0.6317499999999999
2024-08-30 06:00:00,0.63135
2024-08-30 07:00:00,0.6319499999999999
2024-08-30 08:00:00,0.6317999999999999
2024-08-30 09:00:00,0.6320499999999999
2024-08-30 10:00:00,0.6314
2024-08-30 11:00:00,0.6313
2024-08-30 12:00:00,0.6305499999999999
2024-08-30 13:00:00,0.6307499999999999
2024-08-30 14:00:00,0.63125
2024-08-30 15:00:00,0.6296999999999999
2024-08-30 16:00:00,0.62925
2024-08-30 17:00:00,0.6296999999999999
2024-08-30 18:00:00,0.6305999999999999
2024-08-30 19:00:00,0.63025
2024-08-30 20:00:00,0.6305999999999999
2024-09-01 22:00:00,0.6307999999999999
2024-09-01 23:00:00,0.63035
2024-09-02 00:00:00,0.6305
2024-09-02 01:00:00,0.6296499999999999
2024-09-02 02:00:00,0.62915
2024-09-02 03:00:00,0.6294
2024-09-02 04:00:00,0.6289499999999999
2024-09-02 05:00:00,0.6289499999999999
2024-09-02 06:00:00,0.6291
2024-09-02 07:00:00,0.62845
2024-09-02 08:00:00,0.6288999999999999
2024-09-02 09:00:00,0.6287499999999999
2024-09-02 10:00:00,0.62815
2024-09-02 11:00:00,0.6279999999999999
2024-09-02 12:00:00,0.6285499999999999
2024-09-02 13:00:00,0.62825
2024-09-02 14:00:00,0.6286999999999999
2024-09-02 15:00:00,0.6285499999999999
2024-09-02 16:00:00,0.62845
2024-09-02 17:00:00,0.6286999999999999
2024-09-02 18:00:00,0.6287999999999999
2024-09-02 19:00:00,0.6288999999999999
2024-09-02 20:00:00,0.6286999999999999
2024-09-02 22:00:00,0.6282
2024-09-02 23:00:00,0.6285499999999999
2024-09-03 00:00:00,0.6279999999999999
2024-09-03 01:00:00,0.6279499999999999
2024-09-03 02:00:00,0.6273
2024-09-03 03:00:00,0.6255999999999999
2024-09-03 04:00:00,0.6246999999999999
2024-09-03 05:00:00,0.6243
2024-09-03 06:00:00,0.6247499999999999
2024-09-03 07:00:00,0.6253
2024-09-03 08:00:00,0.6251
2024-09-03 09:00:00,0.6242
2024-09-03 10:00:00,0.62415
2024-09-03 11:00:00,0.6242
2024-09-03 12:00:00,0.6251
2024-09-03 13:00:00,0.6256999999999999
2024-09-03 14:00:00,0.62435
2024-09-03 15:00:00,0.62445
2024-09-03 16:00:00,0.62445
2024-09-03 17:00:00,0.6237999999999999
2024-09-03 18:00:00,0.62425
2024-09-03 19:00:00,0.62435
2024-09-03 20:00:00,0.6243
2024-09-03 22:00:00,0.6243
2024-09-03 23:00:00,0.62395
2024-09-04 00:00:00,0.6224
2024-09-04 01:00:00,0.62305
2024-09-04 02:00:00,0.62305
2024-09-04 03:00:00,0.6231
2024-09-04 04:00:00,0.6238
2024-09-04 05:00:00,0.62475
2024-09-04 06:00:00,0.6239
2024-09-04 07:00:00,0.6236
2024-09-04 08:00:00,0.6232
2024-09-04 09:00:00,0.6241
2024-09-04 10:00:00,0.62385
2024-09-04 11:00:00,0.62395
2024-09-04 12:00:00,0.62435
2024-09-04 13:00:00,0.6252
2024-09-04 14:00:00,0.6261
2024-09-04 15:00:00,0.625
2024-09-04 16:00:00,0.62545
2024-09-04 17:00:00,0.6244999999999999
2024-09-04 18:00:00,0.6246
2024-09-04 19:00:00,0.62475
2024-09-04 20:00:00,0.62525
2024-09-04 22:00:00,0.625
2024-09-04 23:00:00,0.6239
2024-09-05 00:00:00,0.62355
2024-09-05 01:00:00,0.6247
2024-09-05 02:00:00,0.62505
2024-09-05 03:00:00,0.62515
2024-09-05 04:00:00,0.6254
2024-09-05 05:00:00,0.62545
2024-09-05 06:00:00,0.62585
2024-09-05 07:00:00,0.625
2024-09-05 08:00:00,0.6257
2024-09-05 09:00:00,0.6256
2024-09-05 10:00:00,0.62625
2024-09-05 11:00:00,0.6258
2024-09-05 12:00:00,0.62705
2024-09-05 13:00:00,0.62765
2024-09-05 14:00:00,0.62565
2024-09-05 15:00:00,0.62635
2024-09-05 16:00:00,0.627
2024-09-05 17:00:00,0.6274
2024-09-05 18:00:00,0.6274
2024-09-05 19:00:00,0.6272
2024-09-05 20:00:00,0.6277
2024-09-05 22:00:00,0.62745
2024-09-05 23:00:00,0.6276
2024-09-06 00:00:00,0.6275
2024-09-06 01:00:00,0.62695
2024-09-06 02:00:00,0.6267
2024-09-06 03:00:00,0.6269
2024-09-06 04:00:00,0.62725
2024-09-06 05:00:00,0.62255
2024-09-06 06:00:00,0.6278
2024-09-06 07:00:00,0.6275
2024-09-06 08:00:00,0.6281
2024-09-06 09:00:00,0.62825
2024-09-06 10:00:00,0.62795
2024-09-06 11:00:00,0.6275
2024-09-06 12:00:00,0.6289
2024-09-06 13:00:00,0.62525
2024-09-06 14:00:00,0.6252
2024-09-06 15:00:00,0.6229
2024-09-06 16:00:00,0.6214999999999999
2024-09-06 17:00:00,0.6224999999999999
2024-09-06 18:00:00,0.62265
2024-09-06 19:00:00,0.62255
2024-09-06 20:00:00,0.6228
2024-09-08 22:00:00,0.62275
2024-09-08 23:00:00,0.6226
2024-09-09 00:00:00,0.62235
2024-09-09 01:00:00,0.62355
2024-09-09 02:00:00,0.6236
2024-09-09 03:00:00,0.62255
2024-09-09 04:00:00,0.6221
2024-09-09 05:00:00,0.61935
2024-09-09 06:00:00,0.62055
2024-09-09 07:00:00,0.62035
2024-09-09 08:00:00,0.6188
2024-09-09 09:00:00,0.6192
2024-09-09 10:00:00,0.61805
2024-09-09 11:00:00,0.61895
2024-09-09 12:00:00,0.61875
2024-09-09 13:00:00,0.61995
2024-09-09 14:00:00,0.61955
2024-09-09 15:00:00,0.6201
2024-09-09 16:00:00,0.62085
2024-09-09 17:00:00,0.62035
2024-09-09 18:00:00,0.61975
2024-09-09 19:00:00,0.61935
2024-09-09 20:00:00,0.6197
2024-09-09 22:00:00,0.62005
2024-09-09 23:00:00,0.61945
2024-09-10 00:00:00,0.61855
2024-09-10 01:00:00,0.61915
2024-09-10 02:00:00,0.619
2024-09-10 03:00:00,0.61945
2024-09-10 04:00:00,0.6201
2024-09-10 05:00:00,0.6207
2024-09-10 06:00:00,0.62085
2024-09-10 07:00:00,0.62035
2024-09-10 08:00:00,0.6202
2024-09-10 09:00:00,0.62105
2024-09-10 10:00:00,0.62145
2024-09-10 11:00:00,0.6207
2024-09-10 12:00:00,0.6206
2024-09-10 13:00:00,0.61995
2024-09-10 14:00:00,0.6202
2024-09-10 15:00:00,0.62065
2024-09-10 16:00:00,0.62045
2024-09-10 17:00:00,0.62045
2024-09-10 18:00:00,0.62075
2024-09-10 19:00:00,0.62055
2024-09-10 20:00:00,0.6203
2024-09-10 22:00:00,0.62035
2024-09-10 23:00:00,0.62025
2024-09-11 00:00:00,0.61955
2024-09-11 01:00:00,0.6201
2024-09-11 02:00:00,0.61985
2024-09-11 03:00:00,0.6194
2024-09-11 04:00:00,0.61945
2024-09-11 05:00:00,0.61885
2024-09-11 06:00:00,0.62065
2024-09-11 07:00:00,0.6201
2024-09-11 08:00:00,0.61985
2024-09-11 09:00:00,0.61955
2024-09-11 10:00:00,0.6201
2024-09-11 11:00:00,0.62015
2024-09-11 12:00:00,0.6181
2024-09-11 13:00:00,0.6175
2024-09-11 14:00:00,0.6169
2024-09-11 15:00:00,0.6174
2024-09-11 16:00:00,0.61775
2024-09-11 17:00:00,0.6183
2024-09-11 18:00:00,0.61855
2024-09-11 19:00:00,0.61885
2024-09-11 20:00:00,0.61905
2024-09-11 22:00:00,0.6192
2024-09-11 23:00:00,0.6186
2024-09-12 00:00:00,0.61865
2024-09-12 01:00:00,0.6186
2024-09-12 02:00:00,0.6186
2024-09-12 03:00:00,0.61985
2024-09-12 04:00:00,0.6204999999999999
2024-09-12 05:00:00,0.6227
2024-09-12 06:00:00,0.6203
2024-09-12 07:00:00,0.6191
2024-09-12 08:00:00,0.61855
2024-09-12 09:00:00,0.6188
2024-09-12 10:00:00,0.619
2024-09-12 11:00:00,0.61865
2024-09-12 12:00:00,0.61955
2024-09-12 13:00:00,0.6196
2024-09-12 14:00:00,0.62035
2024-09-12 15:00:00,0.6206
2024-09-12 16:00:00,0.62125
2024-09-12 17:00:00,0.6224999999999999
2024-09-12 18:00:00,0.62265
2024-09-12 19:00:00,0.6227
2024-09-12 20:00:00,0.62375
2024-09-12 22:00:00,0.6237
2024-09-12 23:00:00,0.624
2024-09-13 00:00:00,0.62435
2024-09-13 01:00:00,0.62335
2024-09-13 02:00:00,0.62335
2024-09-13 03:00:00,0.62345
2024-09-13 04:00:00,0.62365
2024-09-13 05:00:00,0.62335
2024-09-13 06:00:00,0.6234
2024-09-13 07:00:00,0.62385
2024-09-13 08:00:00,0.6236
2024-09-13 09:00:00,0.6236
2024-09-13 10:00:00,0.62265
2024-09-13 11:00:00,0.62175
2024-09-13 12:00:00,0.62235
2024-09-13 13:00:00,0.62285
2024-09-13 14:00:00,0.6219
2024-09-13 15:00:00,0.6219
2024-09-13 16:00:00,0.6216
2024-09-13 17:00:00,0.6214
2024-09-13 18:00:00,0.62105
2024-09-13 19:00:00,0.62075
2024-09-13 20:00:00,0.62095
2024-09-15 22:00:00,0.62165
2024-09-15 23:00:00,0.6216
2024-09-16 00:00:00,0.62155
2024-09-16 01:00:00,0.6208
2024-09-16 02:00:00,0.6213
2024-09-16 03:00:00,0.6231
2024-09-16 04:00:00,0.6228
2024-09-16 05:00:00,0.62395
2024-09-16 06:00:00,0.62325
2024-09-16 07:00:00,0.62345
2024-09-16 08:00:00,0.6243
2024-09-16 09:00:00,0.62405
2024-09-16 10:00:00,0.6242
2024-09-16 11:00:00,0.625
2024-09-16 12:00:00,0.62415
2024-09-16 13:00:00,0.6242
2024-09-16 14:00:00,0.6238
2024-09-16 15:00:00,0.62375
2024-09-16 16:00:00,0.62435
2024-09-16 17:00:00,0.6244
2024-09-16 18:00:00,0.62415
2024-09-16 19:00:00,0.62395
2024-09-16 20:00:00,0.62545
2024-09-16 22:00:00,0.6249
2024-09-16 23:00:00,0.6248
2024-09-17 00:00:00,0.6236
2024-09-17 01:00:00,0.6243
2024-09-17 02:00:00,0.6248
2024-09-17 03:00:00,0.62435
2024-09-17 04:00:00,0.62415
2024-09-17 05:00:00,0.6242
2024-09-17 06:00:00,0.6247
2024-09-17 07:00:00,0.6257
2024-09-17 08:00:00,0.6261
2024-09-17 09:00:00,0.6257
2024-09-17 10:00:00,0.6253
2024-09-17 11:00:00,0.62565
2024-09-17 12:00:00,0.62385
2024-09-17 13:00:00,0.6233
2024-09-17 14:00:00,0.62445
2024-09-17 15:00:00,0.6234999999999999
2024-09-17 16:00:00,0.6234999999999999
2024-09-17 17:00:00,0.62355
2024-09-17 18:00:00,0.62425
2024-09-17 19:00:00,0.6242
2024-09-17 20:00:00,0.6237
2024-09-17 22:00:00,0.6242
2024-09-17 23:00:00,0.62445
2024-09-18 00:00:00,0.62515
2024-09-18 01:00:00,0.6257
2024-09-18 02:00:00,0.62585
2024-09-18 03:00:00,0.6255
2024-09-18 04:00:00,0.62475
2024-09-18 05:00:00,0.62525
2024-09-18 06:00:00,0.6255499999999999
2024-09-18 07:00:00,0.6267
2024-09-18 08:00:00,0.627
2024-09-18 09:00:00,0.62775
2024-09-18 10:00:00,0.62765
2024-09-18 11:00:00,0.6275499999999999
2024-09-18 12:00:00,0.62735
2024-09-18 13:00:00,0.6274
2024-09-18 14:00:00,0.6261
2024-09-18 15:00:00,0.6255
2024-09-18 16:00:00,0.6264
2024-09-18 17:00:00,0.62665
2024-09-18 18:00:00,0.62845
2024-09-18 19:00:00,0.62745
2024-09-18 20:00:00,0.626
2024-09-18 22:00:00,0.62695
2024-09-18 23:00:00,0.626
2024-09-19 00:00:00,0.6237
2024-09-19 01:00:00,0.6249
2024-09-19 02:00:00,0.62715
2024-09-19 03:00:00,0.62725
2024-09-19 04:00:00,0.6266
2024-09-19 05:00:00,0.6297
2024-09-19 06:00:00,0.62895
2024-09-19 07:00:00,0.62975
2024-09-19 08:00:00,0.63075
2024-09-19 09:00:00,0.6319
2024-09-19 10:00:00,0.63165
2024-09-19 11:00:00,0.63025
2024-09-19 12:00:00,0.628
2024-09-19 13:00:00,0.62775
2024-09-19 14:00:00,0.6285
2024-09-19 15:00:00,0.62915
2024-09-19 16:00:00,0.6294
2024-09-19 17:00:00,0.63005
2024-09-19 18:00:00,0.63
2024-09-19 19:00:00,0.6297
2024-09-19 20:00:00,0.629
2024-09-19 22:00:00,0.62905
2024-09-19 23:00:00,0.62875
2024-09-20 00:00:00,0.6285
2024-09-20 01:00:00,0.6285499999999999
2024-09-20 02:00:00,0.6293
2024-09-20 03:00:00,0.62945
2024-09-20 04:00:00,0.62925
2024-09-20 05:00:00,0.62945
2024-09-20 06:00:00,0.63
2024-09-20 07:00:00,0.6293
2024-09-20 08:00:00,0.62885
2024-09-20 09:00:00,0.62835
2024-09-20 10:00:00,0.628
2024-09-20 11:00:00,0.62795
2024-09-20 12:00:00,0.62935
2024-09-20 13:00:00,0.62695
2024-09-20 14:00:00,0.6272
2024-09-20 15:00:00,0.62845
2024-09-20 16:00:00,0.6299
2024-09-20 17:00:00,0.629
2024-09-20 18:00:00,0.6294
2024-09-20 19:00:00,0.62905
2024-09-20 20:00:00,0.6289
2024-09-22 22:00:00,0.62885
2024-09-22 23:00:00,0.62865
2024-09-23 00:00:00,0.62865
2024-09-23 01:00:00,0.6285499999999999
2024-09-23 02:00:00,0.62875
2024-09-23 03:00:00,0.6289
2024-09-23 04:00:00,0.62965
2024-09-23 05:00:00,0.6297
2024-09-23 06:00:00,0.6294
2024-09-23 07:00:00,0.628
2024-09-23 08:00:00,0.62875
2024-09-23 09:00:00,0.62975
2024-09-23 10:00:00,0.63015
2024-09-23 11:00:00,0.6309
2024-09-23 12:00:00,0.6312
2024-09-23 13:00:00,0.63145
2024-09-23 14:00:00,0.632
2024-09-23 15:00:00,0.63215
2024-09-23 16:00:00,0.632
2024-09-23 17:00:00,0.63265
2024-09-23 18:00:00,0.633
2024-09-23 19:00:00,0.63285
2024-09-23 20:00:00,0.6318
2024-09-23 22:00:00,0.63165
2024-09-23 23:00:00,0.6318
2024-09-24 00:00:00,0.6315
2024-09-24 01:00:00,0.63175
2024-09-24 02:00:00,0.63175
2024-09-24 03:00:00,0.6318
2024-09-24 04:00:00,0.6327
2024-09-24 05:00:00,0.6385
2024-09-24 06:00:00,0.6322
2024-09-24 07:00:00,0.63135
2024-09-24 08:00:00,0.6322
2024-09-24 09:00:00,0.6328
2024-09-24 10:00:00,0.633
2024-09-24 11:00:00,0.63355
2024-09-24 12:00:00,0.63525
2024-09-24 13:00:00,0.63685
2024-09-24 14:00:00,0.6372
2024-09-24 15:00:00,0.63705
2024-09-24 16:00:00,0.63795
2024-09-24 17:00:00,0.6381
2024-09-24 18:00:00,0.6385
2024-09-24 19:00:00,0.6386
2024-09-24 20:00:00,0.63915
2024-09-24 22:00:00,0.6398
2024-09-24 23:00:00,0.64035
2024-09-25 00:00:00,0.6405
2024-09-25 01:00:00,0.6396
2024-09-25 02:00:00,0.63895
2024-09-25 03:00:00,0.63875
2024-09-25 04:00:00,0.6385
2024-09-25 05:00:00,0.63795
2024-09-25 06:00:00,0.63775
2024-09-25 07:00:00,0.6373
2024-09-25 08:00:00,0.63705
2024-09-25 09:00:00,0.6362
2024-09-25 10:00:00,0.6365999999999999
2024-09-25 11:00:00,0.6368
2024-09-25 12:00:00,0.63635
2024-09-25 13:00:00,0.6365
2024-09-25 14:00:00,0.63535
2024-09-25 15:00:00,0.63295
2024-09-25 16:00:00,0.6321
2024-09-25 17:00:00,0.63235
2024-09-25 18:00:00,0.63165
2024-09-25 19:00:00,0.63205
2024-09-25 20:00:00,0.63135
2024-09-25 22:00:00,0.6311
2024-09-25 23:00:00,0.6307
2024-09-26 00:00:00,0.6313
2024-09-26 01:00:00,0.6315999999999999
2024-09-26 02:00:00,0.632
2024-09-26 03:00:00,0.6321
2024-09-26 04:00:00,0.6315999999999999
2024-09-26 05:00:00,0.6331
2024-09-26 06:00:00,0.6334
2024-09-26 07:00:00,0.63335
2024-09-26 08:00:00,0.63345
2024-09-26 09:00:00,0.63375
2024-09-26 10:00:00,0.63575
2024-09-26 11:00:00,0.63575
2024-09-26 12:00:00,0.6365
2024-09-26 13:00:00,0.6355
2024-09-26 14:00:00,0.6366499999999999
2024-09-26 15:00:00,0.63785
2024-09-26 16:00:00,0.63705
2024-09-26 17:00:00,0.63775
2024-09-26 18:00:00,0.63795
2024-09-26 19:00:00,0.63815
2024-09-26 20:00:00,0.638
2024-09-26 21:00:00,0.63795
2024-09-26 23:00:00,0.63795
2024-09-27 14:30:00,0.64085
2024-09-27 15:00:00,0.6416499999999999
2024-09-27 16:00:00,0.6394
2024-09-27 17:00:00,0.63985
2024-09-27 18:00:00,0.6399
2024-09-27 19:00:00,0.64055
2024-09-27 20:00:00,0.63975
2024-09-27 21:00:00,0.6393
2024-09-27 23:00:00,0.6393
2024-09-30 14:30:00,0.64125
2024-09-30 15:00:00,0.6413
2024-09-30 16:00:00,0.6414
2024-09-30 17:00:00,0.6425
2024-09-30 18:00:00,0.6425
2024-09-30 19:00:00,0.64055
2024-09-30 20:00:00,0.64055
2024-09-30 21:00:00,0.6401
2024-09-30 23:00:00,0.6401
2024-10-01 14:30:00,0.6351
2024-10-01 15:00:00,0.63465
2024-10-01 16:00:00,0.6337
2024-10-01 17:00:00,0.6331
2024-10-01 18:00:00,0.63395
2024-10-01 19:00:00,0.63505
2024-10-01 20:00:00,0.63485
2024-10-01 21:00:00,0.6333
2024-10-01 23:00:00,0.6333
2024-10-02 14:30:00,0.6324
2024-10-02 15:00:00,0.6315999999999999
2024-10-02 16:00:00,0.6328
2024-10-02 17:00:00,0.63285
2024-10-02 18:00:00,0.63205
2024-10-02 19:00:00,0.6313
2024-10-02 20:00:00,0.6319
2024-10-02 21:00:00,0.63155
2024-10-02 23:00:00,0.63155
2024-10-03 14:30:00,0.6283
2024-10-03 15:00:00,0.62715
2024-10-03 16:00:00,0.6269
2024-10-03 17:00:00,0.62735
2024-10-03 18:00:00,0.6271
2024-10-03 19:00:00,0.6265499999999999
2024-10-03 20:00:00,0.6265499999999999
2024-10-03 21:00:00,0.6266
2024-10-03 23:00:00,0.6266
2024-10-04 14:30:00,0.62135
2024-10-04 15:00:00,0.62185
2024-10-04 16:00:00,0.621
2024-10-04 17:00:00,0.621
2024-10-04 18:00:00,0.6213
2024-10-04 19:00:00,0.62155
2024-10-04 20:00:00,0.62165
2024-10-04 21:00:00,0.62125
2024-10-04 23:00:00,0.62125
2024-10-07 14:30:00,0.61945
2024-10-07 15:00:00,0.61775
2024-10-07 16:00:00,0.6177
2024-10-07 17:00:00,0.61795
2024-10-07 18:00:00,0.6181
2024-10-07 19:00:00,0.61685
2024-10-07 20:00:00,0.61715
2024-10-07 21:00:00,0.6178
2024-10-07 23:00:00,0.6178
2024-10-08 14:30:00,0.6171
2024-10-08 15:00:00,0.61685
2024-10-08 16:00:00,0.6174499999999999
2024-10-08 17:00:00,0.6174499999999999
2024-10-08 18:00:00,0.61735
2024-10-08 19:00:00,0.61755
2024-10-08 20:00:00,0.6189
2024-10-08 21:00:00,0.61915
2024-10-08 23:00:00,0.61915
2024-10-09 14:30:00,0.6123999999999999
2024-10-09 15:00:00,0.611
2024-10-09 16:00:00,0.6119
2024-10-09 17:00:00,0.6115
2024-10-09 18:00:00,0.611
2024-10-09 19:00:00,0.61085
2024-10-09 20:00:00,0.6113999999999999
2024-10-09 21:00:00,0.6117
2024-10-09 23:00:00,0.6117
2024-10-10 14:30:00,0.61335
2024-10-10 15:00:00,0.61295
2024-10-10 16:00:00,0.6139
2024-10-10 17:00:00,0.6126
2024-10-10 18:00:00,0.61385
2024-10-10 19:00:00,0.6135
2024-10-10 20:00:00,0.614
2024-10-10 21:00:00,0.6146
2024-10-10 23:00:00,0.6146
2024-10-11 14:30:00,0.6153
2024-10-11 15:00:00,0.61535
2024-10-11 16:00:00,0.6164499999999999
2024-10-11 17:00:00,0.61685
2024-10-11 18:00:00,0.61705
2024-10-11 19:00:00,0.61695
2024-10-11 20:00:00,0.6168
2024-10-11 21:00:00,0.61635
2024-10-11 23:00:00,0.61635
2024-10-14 14:30:00,0.61475
2024-10-14 15:00:00,0.6147
2024-10-14 16:00:00,0.61435
2024-10-14 17:00:00,0.6143
2024-10-14 18:00:00,0.6143
2024-10-14 19:00:00,0.61425
2024-10-14 20:00:00,0.6145
2024-10-14 21:00:00,0.61505
2024-10-14 23:00:00,0.61505
2024-10-15 14:30:00,0.615
2024-10-15 15:00:00,0.61455
2024-10-15 16:00:00,0.61395
2024-10-15 17:00:00,0.6135
2024-10-15 18:00:00,0.61305
2024-10-15 19:00:00,0.6132
2024-10-15 20:00:00,0.6134499999999999
2024-10-15 21:00:00,0.61375
2024-10-15 23:00:00,0.61375
2024-10-16 14:30:00,0.6121
2024-10-16 15:00:00,0.6119
2024-10-16 16:00:00,0.61105
2024-10-16 17:00:00,0.61135
2024-10-16 18:00:00,0.6112
2024-10-16 19:00:00,0.61115
2024-10-16 20:00:00,0.61105
2024-10-16 21:00:00,0.6111
2024-10-16 23:00:00,0.6111
2024-10-17 14:30:00,0.61175
2024-10-17 15:00:00,0.6114499999999999
2024-10-17 16:00:00,0.61165
2024-10-17 17:00:00,0.61155
2024-10-17 18:00:00,0.61175
2024-10-17 19:00:00,0.6113
2024-10-17 20:00:00,0.6113
2024-10-17 21:00:00,0.6113999999999999
2024-10-17 23:00:00,0.6113999999999999
2024-10-18 14:30:00,0.61275
2024-10-18 15:00:00,0.61235
2024-10-18 16:00:00,0.6118
2024-10-18 17:00:00,0.61275
2024-10-18 18:00:00,0.61215
2024-10-18 19:00:00,0.61225
2024-10-18 20:00:00,0.61215
2024-10-18 21:00:00,0.6126
2024-10-18 23:00:00,0.6126
2024-10-21 14:30:00,0.6112
2024-10-21 15:00:00,0.6097
2024-10-21 16:00:00,0.60865
2024-10-21 17:00:00,0.60875
2024-10-21 18:00:00,0.60885
2024-10-21 19:00:00,0.6083999999999999
2024-10-21 20:00:00,0.6083999999999999
2024-10-21 21:00:00,0.60845
2024-10-21 23:00:00,0.60845
2024-10-22 14:30:00,0.6107
2024-10-22 15:00:00,0.6101
2024-10-22 16:00:00,0.6097
2024-10-22 17:00:00,0.6101
2024-10-22 18:00:00,0.6107
2024-10-22 19:00:00,0.60985
2024-10-22 20:00:00,0.6099
2024-10-22 21:00:00,0.60975
2024-10-22 23:00:00,0.60975
2024-10-23 14:30:00,0.60615
2024-10-23 15:00:00,0.606
2024-10-23 16:00:00,0.6059
2024-10-23 17:00:00,0.60545
2024-10-23 18:00:00,0.6048
2024-10-23 19:00:00,0.60515
2024-10-23 20:00:00,0.60555
2024-10-23 21:00:00,0.60585
2024-10-23 23:00:00,0.60585
2024-10-24 14:30:00,0.60675
2024-10-24 15:00:00,0.6062
2024-10-24 16:00:00,0.60605
2024-10-24 17:00:00,0.6063
2024-10-24 18:00:00,0.60675
2024-10-24 19:00:00,0.60705
2024-10-24 20:00:00,0.60675
2024-10-24 21:00:00,0.60685
2024-10-24 23:00:00,0.60685
2024-10-25 14:30:00,0.60605
2024-10-25 15:00:00,0.60595
2024-10-25 16:00:00,0.6046
2024-10-25 17:00:00,0.60385
2024-10-25 18:00:00,0.6032
2024-10-25 19:00:00,0.6032
2024-10-25 20:00:00,0.6031
2024-10-25 21:00:00,0.60305
2024-10-25 23:00:00,0.60305
2024-10-28 13:30:00,0.6048
2024-10-28 14:00:00,0.60465
2024-10-28 15:00:00,0.60325
2024-10-28 16:00:00,0.60315
2024-10-28 17:00:00,0.6029
2024-10-28 18:00:00,0.6031
2024-10-28 19:00:00,0.60345
2024-10-28 20:00:00,0.60345
2024-10-28 23:00:00,0.6033499999999999
2024-10-29 13:30:00,0.6015
2024-10-29 14:00:00,0.60195
2024-10-29 15:00:00,0.6013499999999999
2024-10-29 16:00:00,0.6012
2024-10-29 17:00:00,0.60155
2024-10-29 18:00:00,0.60195
2024-10-29 19:00:00,0.60195
2024-10-29 20:00:00,0.6022
2024-10-29 23:00:00,0.6026
2024-10-30 13:30:00,0.60425
2024-10-30 14:00:00,0.6031
2024-10-30 15:00:00,0.6039
2024-10-30 16:00:00,0.6036
2024-10-30 17:00:00,0.6036
2024-10-30 18:00:00,0.60365
2024-10-30 19:00:00,0.60315
2024-10-30 20:00:00,0.60295
2024-10-30 23:00:00,0.6027
2024-10-31 13:30:00,0.60005
2024-10-31 14:00:00,0.6
2024-10-31 15:00:00,0.6003499999999999
2024-10-31 16:00:00,0.60105
2024-10-31 17:00:00,0.6015
2024-10-31 18:00:00,0.60215
2024-10-31 19:00:00,0.6029
2024-10-31 20:00:00,0.60295
2024-10-31 23:00:00,0.60295
2024-11-01 13:30:00,0.60405
2024-11-01 14:00:00,0.60355
2024-11-01 15:00:00,0.6033
2024-11-01 16:00:00,0.603
2024-11-01 17:00:00,0.6017
2024-11-01 18:00:00,0.60175
2024-11-01 19:00:00,0.6014
2024-11-01 20:00:00,0.6013499999999999
2024-11-01 23:00:00,0.6016
2024-11-04 14:30:00,0.6047
2024-11-04 15:00:00,0.6044
2024-11-04 16:00:00,0.60295
2024-11-04 17:00:00,0.6034
2024-11-04 18:00:00,0.60325
2024-11-04 19:00:00,0.60275
2024-11-04 20:00:00,0.6028
2024-11-04 21:00:00,0.60255
2024-11-04 23:00:00,0.60255
2024-11-05 14:30:00,0.60605
2024-11-05 15:00:00,0.60515
2024-11-05 16:00:00,0.60515
2024-11-05 17:00:00,0.60525
2024-11-05 18:00:00,0.60495
2024-11-05 19:00:00,0.60495
2024-11-05 20:00:00,0.605
2024-11-05 21:00:00,0.6059
2024-11-05 23:00:00,0.6059
2024-11-06 14:30:00,0.599
2024-11-06 15:00:00,0.6003
2024-11-06 16:00:00,0.59965
2024-11-06 17:00:00,0.59955
2024-11-06 18:00:00,0.6009
2024-11-06 19:00:00,0.6002
2024-11-06 20:00:00,0.60045
2024-11-06 21:00:00,0.5991
2024-11-06 23:00:00,0.5991
2024-11-07 14:30:00,0.6081
2024-11-07 15:00:00,0.6087
2024-11-07 16:00:00,0.60725
2024-11-07 17:00:00,0.60785
2024-11-07 18:00:00,0.6073
2024-11-07 19:00:00,0.607
2024-11-07 20:00:00,0.6077
2024-11-07 21:00:00,0.6078
2024-11-07 23:00:00,0.6078
2024-11-08 14:30:00,0.6037
2024-11-08 15:00:00,0.6033
2024-11-08 16:00:00,0.6013
2024-11-08 17:00:00,0.6013
2024-11-08 18:00:00,0.601
2024-11-08 19:00:00,0.6013
2024-11-08 20:00:00,0.60095
2024-11-08 21:00:00,0.60195
2024-11-08 23:00:00,0.60195
2024-11-11 14:30:00,0.601
2024-11-11 15:00:00,0.60115
2024-11-11 16:00:00,0.60125
2024-11-11 17:00:00,0.6011
2024-11-11 18:00:00,0.60125
2024-11-11 19:00:00,0.6012
2024-11-11 20:00:00,0.6014
2024-11-11 21:00:00,0.60165
2024-11-11 23:00:00,0.60165
2024-11-12 14:30:00,0.59925
2024-11-12 15:00:00,0.59845
2024-11-12 16:00:00,0.59695
2024-11-12 17:00:00,0.59655
2024-11-12 18:00:00,0.5975
2024-11-12 19:00:00,0.5974
2024-11-12 20:00:00,0.5976
2024-11-12 21:00:00,0.5979
2024-11-12 23:00:00,0.5979
2024-11-13 14:30:00,0.5957
2024-11-13 15:00:00,0.5954
2024-11-13 16:00:00,0.5939
2024-11-13 17:00:00,0.59355
2024-11-13 18:00:00,0.5938
2024-11-13 19:00:00,0.59355
2024-11-13 20:00:00,0.59345
2024-11-13 21:00:00,0.5932
2024-11-13 23:00:00,0.5932
2024-11-14 14:30:00,0.5924
2024-11-14 15:00:00,0.59305
2024-11-14 16:00:00,0.59245
2024-11-14 17:00:00,0.59295
2024-11-14 18:00:00,0.592
2024-11-14 19:00:00,0.59185
2024-11-14 20:00:00,0.5902499999999999
2024-11-14 21:00:00,0.59015
2024-11-14 23:00:00,0.59015
2024-11-15 14:30:00,0.5905
2024-11-15 15:00:00,0.5915
2024-11-15 16:00:00,0.59145
2024-11-15 17:00:00,0.59185
2024-11-15 18:00:00,0.59195
2024-11-15 19:00:00,0.59115
2024-11-15 20:00:00,0.591
2024-11-15 21:00:00,0.59165
2024-11-15 23:00:00,0.59165
2024-11-18 14:30:00,0.591
2024-11-18 15:00:00,0.5919
2024-11-18 16:00:00,0.59335
2024-11-18 17:00:00,0.59395
2024-11-18 18:00:00,0.5947
2024-11-18 19:00:00,0.59425
2024-11-18 20:00:00,0.5944
2024-11-18 21:00:00,0.5945
2024-11-18 23:00:00,0.5945
2024-11-19 14:30:00,0.5947
2024-11-19 15:00:00,0.5955
2024-11-19 16:00:00,0.59585
2024-11-19 17:00:00,0.5955
2024-11-19 18:00:00,0.5962
2024-11-19 19:00:00,0.59635
2024-11-19 20:00:00,0.5964
2024-11-19 21:00:00,0.59645
2024-11-19 23:00:00,0.59645
2024-11-20 14:30:00,0.59175
2024-11-20 15:00:00,0.5924
2024-11-20 16:00:00,0.5923
2024-11-20 17:00:00,0.59265
2024-11-20 18:00:00,0.5924
2024-11-20 19:00:00,0.59235
2024-11-20 20:00:00,0.5925
2024-11-20 21:00:00,0.5929
2024-11-20 23:00:00,0.5929
2024-11-21 14:30:00,0.5931
2024-11-21 15:00:00,0.5918
2024-11-21 16:00:00,0.5904
2024-11-21 17:00:00,0.5917
2024-11-21 18:00:00,0.59185
2024-11-21 19:00:00,0.59185
2024-11-21 20:00:00,0.5917
2024-11-21 21:00:00,0.5912499999999999
2024-11-21 23:00:00,0.5912499999999999
2024-11-22 14:30:00,0.5883
2024-11-22 15:00:00,0.5879
2024-11-22 16:00:00,0.5878
2024-11-22 17:00:00,0.58835
2024-11-22 18:00:00,0.58835
2024-11-22 19:00:00,0.5881
2024-11-22 20:00:00,0.5879
2024-11-22 21:00:00,0.58875
2024-11-22 23:00:00,0.58875
2024-11-25 14:30:00,0.5907
2024-11-25 15:00:00,0.59
2024-11-25 16:00:00,0.58915
2024-11-25 17:00:00,0.5893
2024-11-25 18:00:00,0.5903
2024-11-25 19:00:00,0.5902
2024-11-25 20:00:00,0.5902499999999999
2024-11-25 21:00:00,0.5898
2024-11-25 23:00:00,0.5898
2024-11-26 14:30:00,0.5884
2024-11-26 15:00:00,0.5881
2024-11-26 16:00:00,0.58765
2024-11-26 17:00:00,0.5873
2024-11-26 18:00:00,0.5874
2024-11-26 19:00:00,0.58795
2024-11-26 20:00:00,0.5881
2024-11-26 21:00:00,0.5887
2024-11-26 23:00:00,0.5887
2024-11-27 14:30:00,0.59565
2024-11-27 15:00:00,0.59565
2024-11-27 16:00:00,0.59535
2024-11-27 17:00:00,0.5955
2024-11-27 18:00:00,0.5952999999999999
2024-11-27 19:00:00,0.595
2024-11-27 20:00:00,0.59475
2024-11-27 21:00:00,0.59465
2024-11-27 23:00:00,0.59465
2024-11-28 14:30:00,0.59405
2024-11-28 15:00:00,0.5938
2024-11-28 16:00:00,0.59435
2024-11-28 17:00:00,0.59435
2024-11-28 18:00:00,0.59415
2024-11-28 19:00:00,0.59435
2024-11-28 20:00:00,0.5942999999999999
2024-11-28 21:00:00,0.5941
2024-11-28 23:00:00,0.5941
2024-11-29 14:30:00,0.5976
2024-11-29 15:00:00,0.5968
2024-11-29 16:00:00,0.5962999999999999
2024-11-29 17:00:00,0.59745
2024-11-29 18:00:00,0.5974
2024-11-29 19:00:00,0.5977
2024-11-29 23:00:00,0.5977
2024-12-02 14:30:00,0.59215
2024-12-02 15:00:00,0.59215
2024-12-02 16:00:00,0.5927
2024-12-02 17:00:00,0.5929
2024-12-02 18:00:00,0.5934
2024-12-02 19:00:00,0.5936
2024-12-02 20:00:00,0.59335
2024-12-02 21:00:00,0.59405
2024-12-02 23:00:00,0.59405
2024-12-03 14:30:00,0.5941
2024-12-03 15:00:00,0.593
2024-12-03 16:00:00,0.59335
2024-12-03 17:00:00,0.594
2024-12-03 18:00:00,0.5944
2024-12-03 19:00:00,0.59265
2024-12-03 20:00:00,0.5932
2024-12-03 20:00:01,0.5932
2024-12-03 21:00:00,0.5935499999999999
2024-12-03 23:00:00,0.5932
2024-12-04 14:30:00,0.5896499999999999
2024-12-04 15:00:00,0.5916999999999999
2024-12-04 16:00:00,0.5917499999999999
2024-12-04 17:00:00,0.5922499999999999
2024-12-04 18:00:00,0.5913999999999999
2024-12-04 19:00:00,0.5918999999999999
2024-12-04 20:00:00,0.5913499999999999
2024-12-04 21:00:00,0.5907999999999999
2024-12-04 23:00:00,0.5917499999999999
2024-12-05 14:30:00,0.5931499999999998
2024-12-05 15:00:00,0.5928499999999999
2024-12-05 16:00:00,0.5926499999999999
2024-12-05 17:00:00,0.5926499999999999
2024-12-05 18:00:00,0.5929499999999999
2024-12-05 19:00:00,0.5941499999999998
2024-12-05 20:00:00,0.5938999999999999
2024-12-05 21:00:00,0.5943499999999999
2024-12-05 23:00:00,0.5940999999999999
2024-12-06 14:30:00,0.5908999999999999
2024-12-06 15:00:00,0.5889499999999999
2024-12-06 16:00:00,0.5886499999999999
2024-12-06 17:00:00,0.5882
2024-12-06 18:00:00,0.58815
2024-12-06 19:00:00,0.5884999999999999
2024-12-06 20:00:00,0.5885999999999999
2024-12-06 21:00:00,0.5886499999999999
2024-12-06 23:00:00,0.5884999999999999
2024-12-09 14:30:00,0.5930999999999998
2024-12-09 15:00:00,0.5940999999999999
2024-12-09 16:00:00,0.5934499999999999
2024-12-09 17:00:00,0.5931499999999998
2024-12-09 18:00:00,0.5930499999999999
2024-12-09 19:00:00,0.5923999999999999
2024-12-09 20:00:00,0.5923499999999999
2024-12-09 21:00:00,0.5920999999999998
2024-12-09 23:00:00,0.5924499999999999
2024-12-10 14:30:00,0.5865499999999999
2024-12-10 15:00:00,0.5853499999999999
2024-12-10 16:00:00,0.5854499999999999
2024-12-10 17:00:00,0.5850499999999998
2024-12-10 18:00:00,0.5857499999999999
2024-12-10 19:00:00,0.5855999999999999
2024-12-10 20:00:00,0.5856499999999999
2024-12-10 21:00:00,0.5853999999999999
2024-12-10 23:00:00,0.5856999999999999
2024-12-11 14:30:00,0.5841
2024-12-11 15:00:00,0.58415
2024-12-11 16:00:00,0.5850499999999998
2024-12-11 17:00:00,0.5837999999999999
2024-12-11 18:00:00,0.5836999999999999
2024-12-11 19:00:00,0.5841
2024-12-11 20:00:00,0.5842499999999999
2024-12-11 21:00:00,0.5839999999999999
2024-12-11 23:00:00,0.5840499999999998
2024-12-12 14:30:00,0.5851999999999999
2024-12-12 15:00:00,0.5834999999999999
2024-12-12 16:00:00,0.5842499999999999
2024-12-12 17:00:00,0.5837499999999999
2024-12-12 18:00:00,0.5829499999999999
2024-12-12 19:00:00,0.5819999999999999
2024-12-12 20:00:00,0.5822999999999999
2024-12-12 21:00:00,0.5822499999999999
2024-12-12 23:00:00,0.5821
2024-12-13 14:30:00,0.5817499999999999
2024-12-13 15:00:00,0.5813499999999999
2024-12-13 16:00:00,0.5812999999999999
2024-12-13 17:00:00,0.5811499999999999
2024-12-13 18:00:00,0.5811499999999999
2024-12-13 19:00:00,0.5811999999999999
2024-12-13 20:00:00,0.5809499999999999
2024-12-13 21:00:00,0.5816999999999999
2024-12-13 23:00:00,0.5811499999999999
2024-12-16 14:30:00,0.5821
2024-12-16 15:00:00,0.5836999999999999
2024-12-16 16:00:00,0.5834999999999999
2024-12-16 17:00:00,0.5834999999999999
2024-12-16 18:00:00,0.5837499999999999
2024-12-16 19:00:00,0.5833999999999999
2024-12-16 20:00:00,0.58315
2024-12-16 21:00:00,0.5836499999999999
2024-12-16 23:00:00,0.5833999999999999
2024-12-17 14:30:00,0.5814999999999999
2024-12-17 15:00:00,0.5813499999999999
2024-12-17 16:00:00,0.5811999999999999
2024-12-17 17:00:00,0.5814999999999999
2024-12-17 18:00:00,0.5812499999999999
2024-12-17 19:00:00,0.5809499999999999
2024-12-17 20:00:00,0.5807999999999999
2024-12-17 21:00:00,0.5807499999999999
2024-12-17 23:00:00,0.5809499999999999
2024-12-18 14:30:00,0.5789999999999998
2024-12-18 15:00:00,0.5774999999999999
2024-12-18 16:00:00,0.5771999999999999
2024-12-18 17:00:00,0.5773999999999999
2024-12-18 18:00:00,0.5776499999999999
2024-12-18 19:00:00,0.572
2024-12-18 20:00:00,0.5712499999999999
2024-12-18 21:00:00,0.5676999999999999
2024-12-18 23:00:00,0.5718999999999999
2024-12-19 14:30:00,0.5712999999999999
2024-12-19 15:00:00,0.5703999999999999
2024-12-19 16:00:00,0.5695999999999999
2024-12-19 17:00:00,0.5694999999999999
2024-12-19 18:00:00,0.5698499999999999
2024-12-19 19:00:00,0.569
2024-12-19 20:00:00,0.5691499999999999
2024-12-19 21:00:00,0.5684999999999999
2024-12-19 23:00:00,0.569
2024-12-20 14:30:00,0.5692499999999999
2024-12-20 15:00:00,0.57
2024-12-20 16:00:00,0.5717499999999999
2024-12-20 17:00:00,0.5717499999999999
2024-12-20 18:00:00,0.5714999999999999
2024-12-20 19:00:00,0.5720999999999999
2024-12-20 20:00:00,0.572
2024-12-20 21:00:00,0.571
2024-12-20 23:00:00,0.57205
2024-12-23 14:30:00,0.5694999999999999
2024-12-23 15:00:00,0.5693999999999999
2024-12-23 16:00:00,0.5700999999999999
2024-12-23 17:00:00,0.5700999999999999
2024-12-23 18:00:00,0.5703999999999999
2024-12-23 19:00:00,0.5704999999999999
2024-12-23 20:00:00,0.5702999999999999
2024-12-23 21:00:00,0.5701999999999999
2024-12-23 23:00:00,0.5705499999999999
2024-12-24 14:30:00,0.5697499999999999
2024-12-24 15:00:00,0.56905
2024-12-24 16:00:00,0.5690999999999999
2024-12-24 17:00:00,0.569
2024-12-24 18:00:00,0.569
2024-12-24 23:00:00,0.5689499999999998
2024-12-26 14:30:00,0.5680999999999999
2024-12-26 15:00:00,0.5677499999999999
2024-12-26 16:00:00,0.5683999999999999
2024-12-26 17:00:00,0.5679499999999998
2024-12-26 18:00:00,0.5684999999999999
2024-12-26 19:00:00,0.5677999999999999
2024-12-26 20:00:00,0.5678499999999999
2024-12-26 21:00:00,0.5677499999999999
2024-12-26 23:00:00,0.5678999999999998
2024-12-27 14:30:00,0.5684499999999999
2024-12-27 15:00:00,0.5690999999999999
2024-12-27 16:00:00,0.5683499999999999
2024-12-27 17:00:00,0.568
2024-12-27 18:00:00,0.5686999999999999
2024-12-27 19:00:00,0.5691499999999999
2024-12-27 20:00:00,0.5687499999999999
2024-12-27 21:00:00,0.5686499999999999
2024-12-27 23:00:00,0.5691499999999999
2024-12-30 14:30:00,0.5697499999999999
2024-12-30 15:00:00,0.5690999999999999
2024-12-30 16:00:00,0.5690999999999999
2024-12-30 17:00:00,0.5696499999999999
2024-12-30 18:00:00,0.5701999999999999
2024-12-30 19:00:00,0.5693999999999999
2024-12-30 20:00:00,0.5696999999999999
2024-12-30 21:00:00,0.5692999999999999
2024-12-30 23:00:00,0.5694499999999999
2024-12-31 14:30:00,0.5661499999999999
2024-12-31 15:00:00,0.5656999999999999
2024-12-31 16:00:00,0.5646999999999999
2024-12-31 17:00:00,0.5645999999999999
2024-12-31 18:00:00,0.56495
2024-12-31 19:00:00,0.5646999999999999
2024-12-31 20:00:00,0.565
2024-12-31 21:00:00,0.5647499999999999
2024-12-31 23:00:00,0.5646999999999999
2025-01-02 14:30:00,0.5660999999999999
2025-01-02 15:00:00,0.5655999999999999
2025-01-02 16:00:00,0.5652999999999999
2025-01-02 17:00:00,0.5648999999999998
2025-01-02 18:00:00,0.5645499999999999
2025-01-02 19:00:00,0.5640999999999999
2025-01-02 20:00:00,0.5646499999999999
2025-01-02 21:00:00,0.5648499999999999
2025-01-02 23:00:00,0.5640499999999999
2025-01-03 14:30:00,0.5663999999999999
2025-01-03 15:00:00,0.5654499999999999
2025-01-03 16:00:00,0.5656999999999999
2025-01-03 17:00:00,0.5660499999999999
2025-01-03 18:00:00,0.5660499999999999
2025-01-03 19:00:00,0.5662999999999999
2025-01-03 20:00:00,0.5666499999999999
2025-01-03 21:00:00,0.5665999999999999
2025-01-03 23:00:00,0.5662499999999999
2025-01-06 14:30:00,0.5709499999999998
2025-01-06 15:00:00,0.5694499999999999
2025-01-06 16:00:00,0.5697999999999999
2025-01-06 17:00:00,0.5693999999999999
2025-01-06 18:00:00,0.5686999999999999
2025-01-06 19:00:00,0.5692499999999999
2025-01-06 20:00:00,0.5692999999999999
2025-01-06 21:00:00,0.5696999999999999
2025-01-06 23:00:00,0.5691999999999999
2025-01-07 14:30:00,0.5721999999999999
2025-01-07 15:00:00,0.5701499999999999
2025-01-07 16:00:00,0.5695499999999999
2025-01-07 17:00:00,0.57
2025-01-07 18:00:00,0.5693499999999999
2025-01-07 19:00:00,0.5694999999999999
2025-01-07 20:00:00,0.5690999999999999
2025-01-07 21:00:00,0.5688499999999999
2025-01-07 23:00:00,0.5693999999999999
2025-01-08 14:30:00,0.5650999999999999
2025-01-08 15:00:00,0.566
2025-01-08 16:00:00,0.5664999999999999
2025-01-08 17:00:00,0.5656999999999999
2025-01-08 18:00:00,0.5657499999999999
2025-01-08 19:00:00,0.5657499999999999
2025-01-08 20:00:00,0.56595
2025-01-08 21:00:00,0.5662999999999999
2025-01-08 23:00:00,0.5657499999999999
2025-01-09 14:30:00,0.5653999999999999
2025-01-09 15:00:00,0.5646499999999999
2025-01-09 16:00:00,0.5648999999999998
2025-01-09 17:00:00,0.5650999999999999
2025-01-09 18:00:00,0.5652999999999999
2025-01-09 19:00:00,0.5652499999999999
2025-01-09 20:00:00,0.5653499999999999
2025-01-09 21:00:00,0.5652499999999999
2025-01-09 23:00:00,0.5652999999999999
2025-01-10 14:30:00,0.5617999999999999
2025-01-10 15:00:00,0.5615499999999999
2025-01-10 16:00:00,0.5607499999999999
2025-01-10 17:00:00,0.5616499999999999
2025-01-10 18:00:00,0.5615499999999999
2025-01-10 19:00:00,0.5612999999999999
2025-01-10 20:00:00,0.5608499999999998
2025-01-10 21:00:00,0.56095
2025-01-10 23:00:00,0.5612999999999999
2025-01-13 14:30:00,0.5611499999999999
2025-01-13 15:00:00,0.5603499999999999
2025-01-13 16:00:00,0.5607999999999999
2025-01-13 17:00:00,0.5612499999999999
2025-01-13 18:00:00,0.5614999999999999
2025-01-13 19:00:00,0.5610499999999999
2025-01-13 20:00:00,0.5614499999999999
2025-01-13 21:00:00,0.5635999999999999
2025-01-13 23:00:00,0.5610999999999999
2025-01-14 14:30:00,0.5647999999999999
2025-01-14 15:00:00,0.5657499999999999
2025-01-14 16:00:00,0.5648499999999999
2025-01-14 17:00:00,0.5644499999999999
2025-01-14 18:00:00,0.5651999999999999
2025-01-14 19:00:00,0.5651499999999999
2025-01-14 20:00:00,0.5650499999999999
2025-01-14 21:00:00,0.5657499999999999
2025-01-14 23:00:00,0.5650999999999999
2025-01-15 14:30:00,0.5689499999999998
2025-01-15 15:00:00,0.5676499999999999
2025-01-15 16:00:00,0.5663999999999999
2025-01-15 17:00:00,0.5665999999999999
2025-01-15 18:00:00,0.5666499999999999
2025-01-15 19:00:00,0.567
2025-01-15 20:00:00,0.5670999999999999
2025-01-15 21:00:00,0.5668499999999999
2025-01-15 23:00:00,0.5670499999999999
2025-01-16 14:30:00,0.5647499999999999
2025-01-16 15:00:00,0.5667499999999999
2025-01-16 16:00:00,0.5668999999999998
2025-01-16 17:00:00,0.5666499999999999
2025-01-16 18:00:00,0.5663499999999999
2025-01-16 19:00:00,0.5662999999999999
2025-01-16 20:00:00,0.5660499999999999
2025-01-16 21:00:00,0.5661499999999999
2025-01-16 23:00:00,0.5662499999999999
2025-01-17 14:30:00,0.5646999999999999
2025-01-17 15:00:00,0.5656499999999999
2025-01-17 16:00:00,0.5647999999999999
2025-01-17 17:00:00,0.5644499999999999
2025-01-17 18:00:00,0.5642499999999999
2025-01-17 19:00:00,0.5637999999999999
2025-01-17 20:00:00,0.5637499999999999
2025-01-17 21:00:00,0.5634999999999999
2025-01-17 23:00:00,0.5638499999999999
2025-01-20 14:30:00,0.5724999999999999
2025-01-20 15:00:00,0.5707999999999999
2025-01-20 16:00:00,0.5708999999999999
2025-01-20 17:00:00,0.5707999999999999
2025-01-20 18:00:00,0.5715499999999999
2025-01-20 19:00:00,0.5727999999999999
2025-01-20 20:00:00,0.5727999999999999
2025-01-20 21:00:00,0.5724499999999999
2025-01-20 23:00:00,0.5638499999999999
2025-01-21 14:30:00,0.5696999999999999
2025-01-21 15:00:00,0.5709499999999998
2025-01-21 16:00:00,0.5718499999999999
2025-01-21 17:00:00,0.5717499999999999
2025-01-21 18:00:00,0.5722499999999999
2025-01-21 19:00:00,0.5719499999999998
2025-01-21 20:00:00,0.5723999999999999
2025-01-21 21:00:00,0.5732499999999999
2025-01-21 23:00:00,0.5719499999999998
2025-01-22 14:30:00,0.5721999999999999
2025-01-22 15:00:00,0.5718499999999999
2025-01-22 16:00:00,0.57205
2025-01-22 17:00:00,0.57205
2025-01-22 18:00:00,0.5721499999999999
2025-01-22 19:00:00,0.5722499999999999
2025-01-22 20:00:00,0.5723499999999999
2025-01-22 21:00:00,0.5717999999999999
2025-01-22 23:00:00,0.5721999999999999
2025-01-23 14:30:00,0.5720999999999999
2025-01-23 15:00:00,0.5714999999999999
2025-01-23 16:00:00,0.5728999999999999
2025-01-23 17:00:00,0.5736999999999999
2025-01-23 18:00:00,0.5729499999999998
2025-01-23 19:00:00,0.57305
2025-01-23 20:00:00,0.5732999999999999
2025-01-23 21:00:00,0.5727999999999999
2025-01-23 23:00:00,0.57305
2025-01-24 14:30:00,0.5759999999999998
2025-01-24 15:00:00,0.5772499999999999
2025-01-24 16:00:00,0.5771499999999999
2025-01-24 17:00:00,0.5769999999999998
2025-01-24 18:00:00,0.5764499999999999
2025-01-24 19:00:00,0.5766499999999999
2025-01-24 20:00:00,0.5767499999999999
2025-01-24 21:00:00,0.5764499999999999
2025-01-24 23:00:00,0.5765999999999999
2025-01-27 14:30:00,0.5740999999999999
2025-01-27 15:00:00,0.5736999999999999
2025-01-27 16:00:00,0.5733999999999999
2025-01-27 17:00:00,0.5733999999999999
2025-01-27 18:00:00,0.5735499999999999
2025-01-27 19:00:00,0.5741999999999999
2025-01-27 20:00:00,0.5741999999999999
2025-01-27 21:00:00,0.5746499999999999
2025-01-27 23:00:00,0.5742499999999999
2025-01-28 14:30:00,0.5708999999999999
2025-01-28 15:00:00,0.5710999999999999
2025-01-28 16:00:00,0.5712999999999999
2025-01-28 17:00:00,0.5715999999999999
2025-01-28 18:00:00,0.5716999999999999
2025-01-28 19:00:00,0.5721499999999999
2025-01-28 20:00:00,0.5721499999999999
2025-01-28 21:00:00,0.5718499999999999
2025-01-28 23:00:00,0.5721499999999999
2025-01-29 14:30:00,0.5696499999999999
2025-01-29 15:00:00,0.5705499999999999
2025-01-29 16:00:00,0.5704499999999999
2025-01-29 17:00:00,0.5707499999999999
2025-01-29 18:00:00,0.5706499999999999
2025-01-29 19:00:00,0.5707499999999999
2025-01-29 20:00:00,0.5710999999999999
2025-01-29 21:00:00,0.5711499999999999
2025-01-29 23:00:00,0.5706499999999999
2025-01-30 14:30:00,0.5705499999999999
2025-01-30 15:00:00,0.5705499999999999
2025-01-30 16:00:00,0.5704499999999999
2025-01-30 17:00:00,0.5703999999999999
2025-01-30 18:00:00,0.5707999999999999
2025-01-30 19:00:00,0.5707999999999999
2025-01-30 20:00:00,0.5708499999999999
2025-01-30 21:00:00,0.5687499999999999
2025-01-30 23:00:00,0.5707999999999999
2025-01-31 14:30:00,0.5694499999999999
2025-01-31 15:00:00,0.5706999999999999
2025-01-31 16:00:00,0.5716999999999999
2025-01-31 17:00:00,0.5728999999999999
2025-01-31 18:00:00,0.5694999999999999
2025-01-31 19:00:00,0.5691999999999999
2025-01-31 20:00:00,0.5691499999999999
2025-01-31 21:00:00,0.5689499999999998
2025-01-31 23:00:00,0.5692999999999999
2025-02-03 14:30:00,0.56195
2025-02-03 15:00:00,0.5655999999999999
2025-02-03 16:00:00,0.564
2025-02-03 17:00:00,0.5643999999999999
2025-02-03 18:00:00,0.5641499999999999
2025-02-03 19:00:00,0.5643999999999999
2025-02-03 20:00:00,0.5648499999999999
2025-02-03 21:00:00,0.5682999999999999
2025-02-03 23:00:00,0.5643999999999999
2025-02-04 14:30:00,0.5682499999999999
2025-02-04 15:00:00,0.5695499999999999
2025-02-04 16:00:00,0.5700999999999999
2025-02-04 17:00:00,0.5698499999999999
2025-02-04 18:00:00,0.5703499999999999
2025-02-04 19:00:00,0.5706499999999999
2025-02-04 20:00:00,0.5703999999999999
2025-02-04 21:00:00,0.5704499999999999
2025-02-04 23:00:00,0.5706499999999999
2025-02-05 14:30:00,0.5735999999999999
2025-02-05 15:00:00,0.5749499999999999
2025-02-05 16:00:00,0.5747999999999999
2025-02-05 17:00:00,0.5745499999999999
2025-02-05 18:00:00,0.5743999999999999
2025-02-05 19:00:00,0.5738999999999999
2025-02-05 20:00:00,0.5738999999999999
2025-02-05 21:00:00,0.57405
2025-02-05 23:00:00,0.5738999999999999
2025-02-06 14:30:00,0.5707999999999999
2025-02-06 15:00:00,0.5722999999999999
2025-02-06 16:00:00,0.572
2025-02-06 17:00:00,0.5727999999999999
2025-02-06 18:00:00,0.5728999999999999
2025-02-06 19:00:00,0.5724499999999999
2025-02-06 20:00:00,0.5725499999999999
2025-02-06 21:00:00,0.5727499999999999
2025-02-06 23:00:00,0.5724999999999999
2025-02-07 14:30:00,0.5730999999999999
2025-02-07 15:00:00,0.5712999999999999
2025-02-07 16:00:00,0.5701999999999999
2025-02-07 17:00:00,0.5704999999999999
2025-02-07 18:00:00,0.5706999999999999
2025-02-07 19:00:00,0.5710999999999999
2025-02-07 20:00:00,0.571
2025-02-07 21:00:00,0.5710999999999999
2025-02-07 23:00:00,0.5710999999999999
2025-02-10 14:30:00,0.5706999999999999
2025-02-10 15:00:00,0.5708499999999999
2025-02-10 16:00:00,0.5701999999999999
2025-02-10 17:00:00,0.5699499999999998
2025-02-10 18:00:00,0.5694499999999999
2025-02-10 19:00:00,0.5694499999999999
2025-02-10 20:00:00,0.5693499999999999
2025-02-10 21:00:00,0.5692999999999999
2025-02-10 23:00:00,0.5694499999999999
2025-02-11 14:30:00,0.5703499999999999
2025-02-11 15:00:00,0.5702499999999999
2025-02-11 16:00:00,0.5707999999999999
2025-02-11 17:00:00,0.5705499999999999
2025-02-11 18:00:00,0.57005
2025-02-11 19:00:00,0.5703999999999999
2025-02-11 20:00:00,0.5707499999999999
2025-02-11 21:00:00,0.5705999999999999
2025-02-11 23:00:00,0.5703999999999999
2025-02-12 14:30:00,0.5670999999999999
2025-02-12 15:00:00,0.5683499999999999
2025-02-12 16:00:00,0.5691999999999999
2025-02-12 17:00:00,0.5711499999999999
2025-02-12 18:00:00,0.5696499999999999
2025-02-12 19:00:00,0.5697999999999999
2025-02-12 20:00:00,0.5699499999999998
2025-02-12 21:00:00,0.5694999999999999
2025-02-12 23:00:00,0.5698499999999999
2025-02-13 14:30:00,0.5687499999999999
2025-02-13 15:00:00,0.5705999999999999
2025-02-13 16:00:00,0.5702999999999999
2025-02-13 17:00:00,0.5702999999999999
2025-02-13 18:00:00,0.57005
2025-02-13 19:00:00,0.5714499999999999
2025-02-13 20:00:00,0.5724499999999999
2025-02-13 21:00:00,0.5728999999999999
2025-02-13 23:00:00,0.5713999999999999
2025-02-14 14:30:00,0.5781999999999999
2025-02-14 15:00:00,0.5779999999999998
2025-02-14 16:00:00,0.5785499999999999
2025-02-14 17:00:00,0.5788499999999999
2025-02-14 18:00:00,0.5785499999999999
2025-02-14 19:00:00,0.5789999999999998
2025-02-14 20:00:00,0.5786999999999999
2025-02-14 21:00:00,0.5782999999999999
2025-02-14 23:00:00,0.57905
2025-02-17 14:30:00,0.5788999999999999
2025-02-17 15:00:00,0.5787999999999999
2025-02-17 16:00:00,0.5788499999999999
2025-02-17 17:00:00,0.5791499999999999
2025-02-17 18:00:00,0.5789999999999998
2025-02-17 19:00:00,0.5786999999999999
2025-02-17 20:00:00,0.5788999999999999
2025-02-17 21:00:00,0.5787499999999999
2025-02-17 23:00:00,0.57905
2025-02-18 14:30:00,0.5752499999999999
2025-02-18 15:00:00,0.5754499999999999
2025-02-18 16:00:00,0.5756999999999999
2025-02-18 17:00:00,0.5751499999999999
2025-02-18 18:00:00,0.5751499999999999
2025-02-18 19:00:00,0.5753999999999999
2025-02-18 20:00:00,0.5753499999999999
2025-02-18 21:00:00,0.5756499999999999
2025-02-18 23:00:00,0.5753999999999999
2025-02-19 14:30:00,0.5763999999999999
2025-02-19 15:00:00,0.5762499999999999
2025-02-19 16:00:00,0.57505
2025-02-19 17:00:00,0.5751999999999999
2025-02-19 18:00:00,0.5752499999999999
2025-02-19 19:00:00,0.5755999999999999
2025-02-19 20:00:00,0.5755499999999999
2025-02-19 21:00:00,0.5756999999999999
2025-02-19 23:00:00,0.5755499999999999
2025-02-20 14:30:00,0.5796499999999999
2025-02-20 15:00:00,0.5807499999999999
2025-02-20 16:00:00,0.5806499999999999
2025-02-20 17:00:00,0.5813499999999999
2025-02-20 18:00:00,0.5817499999999999
2025-02-20 19:00:00,0.5815499999999999
2025-02-20 20:00:00,0.5814499999999999
2025-02-20 21:00:00,0.5814999999999999
2025-02-20 23:00:00,0.5815499999999999
2025-02-21 14:30:00,0.5813499999999999
2025-02-21 15:00:00,0.5801999999999999
2025-02-21 16:00:00,0.5801499999999999
2025-02-21 17:00:00,0.5799499999999999
2025-02-21 18:00:00,0.5791999999999999
2025-02-21 19:00:00,0.5788999999999999
2025-02-21 20:00:00,0.5793499999999999
2025-02-21 21:00:00,0.5793999999999999
2025-02-21 23:00:00,0.5788499999999999
2025-02-24 14:30:00,0.5786499999999999
2025-02-24 15:00:00,0.5792499999999999
2025-02-24 16:00:00,0.5795499999999999
2025-02-24 17:00:00,0.5793999999999999
2025-02-24 18:00:00,0.5796999999999999
2025-02-24 19:00:00,0.5793499999999999
2025-02-24 20:00:00,0.5788999999999999
2025-02-24 21:00:00,0.5784499999999999
2025-02-24 23:00:00,0.5793999999999999
2025-02-25 14:30:00,0.5773499999999999
2025-02-25 15:00:00,0.5766999999999999
2025-02-25 16:00:00,0.5766499999999999
2025-02-25 17:00:00,0.5767999999999999
2025-02-25 18:00:00,0.5769999999999998
2025-02-25 19:00:00,0.5771999999999999
2025-02-25 20:00:00,0.5773999999999999
2025-02-25 21:00:00,0.5776999999999999
2025-02-25 23:00:00,0.5771499999999999
2025-02-26 14:30:00,0.5746499999999999
2025-02-26 15:00:00,0.5755499999999999
2025-02-26 16:00:00,0.57605
2025-02-26 17:00:00,0.5754999999999999
2025-02-26 18:00:00,0.5751
2025-02-26 19:00:00,0.5751
2025-02-26 20:00:00,0.5745499999999999
2025-02-26 21:00:00,0.5746499999999999
2025-02-26 23:00:00,0.5751
2025-02-27 14:30:00,0.57
2025-02-27 15:00:00,0.5697499999999999
2025-02-27 16:00:00,0.5696499999999999
2025-02-27 17:00:00,0.569
2025-02-27 18:00:00,0.5697499999999999
2025-02-27 19:00:00,0.5687999999999999
2025-02-27 20:00:00,0.5683999999999999
2025-02-27 21:00:00,0.5682999999999999
2025-02-27 23:00:00,0.5687999999999999
2025-02-28 14:30:00,0.5650999999999999
2025-02-28 15:00:00,0.5654499999999999
2025-02-28 16:00:00,0.5650499999999999
2025-02-28 17:00:00,0.5648499999999999
2025-02-28 18:00:00,0.5638999999999998
2025-02-28 19:00:00,0.56395
2025-02-28 20:00:00,0.5646499999999999
2025-02-28 21:00:00,0.5647999999999999
2025-02-28 23:00:00,0.5638999999999998
2025-03-03 14:30:00,0.5675999999999999
2025-03-03 15:00:00,0.5676999999999999
2025-03-03 16:00:00,0.5684499999999999
2025-03-03 17:00:00,0.5685999999999999
2025-03-03 18:00:00,0.5677499999999999
2025-03-03 19:00:00,0.5667999999999999
2025-03-03 20:00:00,0.5656999999999999
2025-03-03 21:00:00,0.5667499999999999
2025-03-03 23:00:00,0.5667999999999999
2025-03-04 14:30:00,0.5665499999999999
2025-03-04 15:00:00,0.56695
2025-03-04 16:00:00,0.567
2025-03-04 17:00:00,0.5671499999999999
2025-03-04 18:00:00,0.5681999999999999
2025-03-04 19:00:00,0.5694499999999999
2025-03-04 20:00:00,0.5703499999999999
2025-03-04 20:00:01,0.5703499999999999
2025-03-04 21:00:00,0.5710999999999999
2025-03-04 23:00:00,0.5691999999999999
2025-03-05 14:30:00,0.57595
2025-03-05 15:00:00,0.57495
2025-03-05 16:00:00,0.5752499999999999
2025-03-05 17:00:00,0.5761499999999999
2025-03-05 18:00:00,0.5759
2025-03-05 19:00:00,0.5776499999999999
2025-03-05 20:00:00,0.5774999999999999
2025-03-05 21:00:00,0.5774999999999999
2025-03-05 23:00:00,0.5777
2025-03-06 14:30:00,0.57895
2025-03-06 15:00:00,0.5794999999999999
2025-03-06 16:00:00,0.5796499999999999
2025-03-06 17:00:00,0.5791
2025-03-06 18:00:00,0.5784999999999999
2025-03-06 19:00:00,0.57895
2025-03-06 20:00:00,0.57875
2025-03-06 21:00:00,0.5784499999999999
2025-03-06 23:00:00,0.57885
2025-03-07 14:30:00,0.5761499999999999
2025-03-07 15:00:00,0.5765499999999999
2025-03-07 16:00:00,0.5754999999999999
2025-03-07 17:00:00,0.5743999999999999
2025-03-07 18:00:00,0.57495
2025-03-07 19:00:00,0.5757
2025-03-07 20:00:00,0.57595
2025-03-07 21:00:00,0.57585
2025-03-07 23:00:00,0.5756499999999999
2025-03-10 13:30:00,0.5781499999999999
2025-03-10 14:00:00,0.57775
2025-03-10 15:00:00,0.5771
2025-03-10 16:00:00,0.57685
2025-03-10 17:00:00,0.57585
2025-03-10 18:00:00,0.5741999999999999
2025-03-10 19:00:00,0.5746499999999999
2025-03-10 20:00:00,0.5741999999999999
2025-03-10 23:00:00,0.5741999999999999
2025-03-11 13:30:00,0.576
2025-03-11 14:00:00,0.5744499999999999
2025-03-11 15:00:00,0.5756499999999999
2025-03-11 16:00:00,0.5755499999999999
2025-03-11 17:00:00,0.57575
2025-03-11 18:00:00,0.57685
2025-03-11 19:00:00,0.5762999999999999
2025-03-11 20:00:00,0.57595
2025-03-11 23:00:00,0.5769
2025-03-12 13:30:00,0.5751999999999999
2025-03-12 14:00:00,0.57605
2025-03-12 15:00:00,0.577
2025-03-12 16:00:00,0.5773999999999999
2025-03-12 17:00:00,0.5772999999999999
2025-03-12 18:00:00,0.5775999999999999
2025-03-12 19:00:00,0.5777
2025-03-12 20:00:00,0.5779
2025-03-12 23:00:00,0.5774499999999999
2025-03-13 13:30:00,0.5738
2025-03-13 14:00:00,0.5754499999999999
2025-03-13 15:00:00,0.5754999999999999
2025-03-13 16:00:00,0.5755499999999999
2025-03-13 17:00:00,0.5743999999999999
2025-03-13 18:00:00,0.5751999999999999
2025-03-13 19:00:00,0.5749
2025-03-13 20:00:00,0.5745999999999999
2025-03-13 23:00:00,0.5751
2025-03-14 13:30:00,0.5786499999999999
2025-03-14 14:00:00,0.57895
2025-03-14 15:00:00,0.5786999999999999
2025-03-14 16:00:00,0.5793999999999999
2025-03-14 17:00:00,0.5793499999999999
2025-03-14 18:00:00,0.5794999999999999
2025-03-14 19:00:00,0.5799
2025-03-14 20:00:00,0.5802499999999999
2025-03-14 23:00:00,0.5794999999999999
2025-03-17 13:30:00,0.5844499999999999
2025-03-17 14:00:00,0.58485
2025-03-17 15:00:00,0.5857499999999999
2025-03-17 16:00:00,0.5863499999999999
2025-03-17 17:00:00,0.5868
2025-03-17 18:00:00,0.5873499999999999
2025-03-17 19:00:00,0.58705
2025-03-17 20:00:00,0.5872499999999999
2025-03-17 23:00:00,0.5873499999999999
2025-03-18 13:30:00,0.58595
2025-03-18 14:00:00,0.58495
2025-03-18 15:00:00,0.5857499999999999
2025-03-18 16:00:00,0.5861999999999999
2025-03-18 17:00:00,0.5865999999999999
2025-03-18 18:00:00,0.5865999999999999
2025-03-18 19:00:00,0.5865999999999999
2025-03-18 20:00:00,0.5867499999999999
2025-03-18 23:00:00,0.5865499999999999
2025-03-19 13:30:00,0.5826499999999999
2025-03-19 14:00:00,0.58315
2025-03-19 15:00:00,0.583
2025-03-19 16:00:00,0.5831999999999999
2025-03-19 17:00:00,0.5828
2025-03-19 18:00:00,0.5853999999999999
2025-03-19 19:00:00,0.5854499999999999
2025-03-19 20:00:00,0.5859
2025-03-19 23:00:00,0.5854499999999999
2025-03-20 13:30:00,0.5779
2025-03-20 14:00:00,0.5788
2025-03-20 15:00:00,0.5795999999999999
2025-03-20 16:00:00,0.5791499999999999
2025-03-20 17:00:00,0.5795999999999999
2025-03-20 18:00:00,0.5803499999999999
2025-03-20 19:00:00,0.58085
2025-03-20 20:00:00,0.58075
2025-03-20 23:00:00,0.5803999999999999
2025-03-21 13:30:00,0.5794999999999999
2025-03-21 14:00:00,0.5793999999999999
2025-03-21 15:00:00,0.5777
2025-03-21 16:00:00,0.5783499999999999
2025-03-21 17:00:00,0.5782999999999999
2025-03-21 18:00:00,0.5781999999999999
2025-03-21 19:00:00,0.5781999999999999
2025-03-21 20:00:00,0.57795
2025-03-21 23:00:00,0.5781499999999999
2025-03-24 13:30:00,0.5766499999999999
2025-03-24 14:00:00,0.5771999999999999
2025-03-24 15:00:00,0.5765499999999999
2025-03-24 16:00:00,0.57605
2025-03-24 17:00:00,0.57605
2025-03-24 18:00:00,0.57705
2025-03-24 19:00:00,0.5771999999999999
2025-03-24 20:00:00,0.5775499999999999
2025-03-24 23:00:00,0.57705
2025-03-25 13:30:00,0.579
2025-03-25 14:00:00,0.5786999999999999
2025-03-25 15:00:00,0.5783999999999999
2025-03-25 16:00:00,0.5784999999999999
2025-03-25 17:00:00,0.5785499999999999
2025-03-25 18:00:00,0.57785
2025-03-25 19:00:00,0.57805
2025-03-25 20:00:00,0.5778
2025-03-25 23:00:00,0.57785
2025-03-26 13:30:00,0.579
2025-03-26 14:00:00,0.5794499999999999
2025-03-26 15:00:00,0.5789
2025-03-26 16:00:00,0.5786999999999999
2025-03-26 17:00:00,0.5775499999999999
2025-03-26 18:00:00,0.5771
2025-03-26 19:00:00,0.5772499999999999
2025-03-26 20:00:00,0.5773499999999999
2025-03-26 23:00:00,0.5771499999999999
2025-03-27 13:30:00,0.5783999999999999
2025-03-27 14:00:00,0.57905
2025-03-27 15:00:00,0.5793499999999999
2025-03-27 16:00:00,0.5789
2025-03-27 17:00:00,0.5785999999999999
2025-03-27 18:00:00,0.5782999999999999
2025-03-27 19:00:00,0.5783499999999999
2025-03-27 20:00:00,0.5784499999999999
2025-03-27 23:00:00,0.5783499999999999
2025-03-28 13:30:00,0.57795
2025-03-28 14:00:00,0.577
2025-03-28 15:00:00,0.5774999999999999
2025-03-28 16:00:00,0.57695
2025-03-28 17:00:00,0.5764999999999999
2025-03-28 18:00:00,0.5761
2025-03-28 19:00:00,0.5761
2025-03-28 20:00:00,0.576
2025-03-28 23:00:00,0.5761
2025-03-31 14:30:00,0.5711999999999999
2025-03-31 15:00:00,0.571
2025-03-31 16:00:00,0.57105
2025-03-31 17:00:00,0.5717
2025-03-31 18:00:00,0.57165
2025-03-31 19:00:00,0.5723499999999999
2025-03-31 20:00:00,0.5722999999999999
2025-03-31 21:00:00,0.5724999999999999
2025-03-31 23:00:00,0.5722999999999999
2025-04-01 14:30:00,0.5723999999999999
2025-04-01 15:00:00,0.5748
2025-04-01 16:00:00,0.57495
2025-04-01 17:00:00,0.5744499999999999
2025-04-01 18:00:00,0.5741499999999999
2025-04-01 19:00:00,0.5735999999999999
2025-04-01 20:00:00,0.5742999999999999
2025-04-01 21:00:00,0.5747
2025-04-01 23:00:00,0.5735999999999999
2025-04-02 14:30:00,0.579
2025-04-02 15:00:00,0.5788
2025-04-02 16:00:00,0.5786499999999999
2025-04-02 17:00:00,0.5781499999999999
2025-04-02 18:00:00,0.5781999999999999
2025-04-02 19:00:00,0.5781999999999999
2025-04-02 20:00:00,0.5785499999999999
2025-04-02 21:00:00,0.5796499999999999
2025-04-02 23:00:00,0.5781999999999999
2025-04-03 14:30:00,0.5882
2025-04-03 15:00:00,0.5887499999999999
2025-04-03 16:00:00,0.586
2025-04-03 17:00:00,0.5858
2025-04-03 18:00:00,0.58495
2025-04-03 19:00:00,0.58495
2025-04-03 20:00:00,0.5835999999999999
2025-04-03 21:00:00,0.5842499999999999
2025-04-03 23:00:00,0.5846999999999999
2025-04-04 14:30:00,0.5674499999999999
2025-04-04 15:00:00,0.56595
2025-04-04 16:00:00,0.56395
2025-04-04 17:00:00,0.5616
2025-04-04 18:00:00,0.563
2025-04-04 19:00:00,0.5623999999999999
2025-04-04 20:00:00,0.5635499999999999
2025-04-04 21:00:00,0.5641999999999999
2025-04-04 23:00:00,0.5622999999999999
2025-04-07 14:30:00,0.56395
2025-04-07 15:00:00,0.5594499999999999
2025-04-07 16:00:00,0.5581499999999999
2025-04-07 17:00:00,0.55575
2025-04-07 18:00:00,0.55975
2025-04-07 19:00:00,0.55755
2025-04-07 20:00:00,0.5581499999999999
2025-04-07 21:00:00,0.5586
2025-04-07 23:00:00,0.55765
2025-04-08 14:30:00,0.5662999999999999
2025-04-08 15:00:00,0.5629
2025-04-08 16:00:00,0.5621499999999999
2025-04-08 17:00:00,0.5603999999999999
2025-04-08 18:00:00,0.5602499999999999
2025-04-08 19:00:00,0.5594999999999999
2025-04-08 20:00:00,0.5593999999999999
2025-04-08 21:00:00,0.55795
2025-04-08 23:00:00,0.5594999999999999
2025-04-09 14:30:00,0.5638
2025-04-09 15:00:00,0.5598
2025-04-09 16:00:00,0.5605499999999999
2025-04-09 17:00:00,0.56185
2025-04-09 18:00:00,0.5688
2025-04-09 19:00:00,0.5695499999999999
2025-04-09 20:00:00,0.5710999999999999
2025-04-09 21:00:00,0.5691499999999999
2025-04-09 23:00:00,0.5694999999999999
2025-04-10 14:30:00,0.5753499999999999
2025-04-10 15:00:00,0.5786499999999999
2025-04-10 16:00:00,0.57675
2025-04-10 17:00:00,0.5772999999999999
2025-04-10 18:00:00,0.5794499999999999
2025-04-10 19:00:00,0.57995
2025-04-10 20:00:00,0.5781
2025-04-10 21:00:00,0.5784999999999999
2025-04-10 23:00:00,0.57995
2025-04-11 14:30:00,0.585
2025-04-11 15:00:00,0.584
2025-04-11 16:00:00,0.5841
2025-04-11 17:00:00,0.58475
2025-04-11 18:00:00,0.5853499999999999
2025-04-11 19:00:00,0.5866999999999999
2025-04-11 20:00:00,0.5877499999999999
2025-04-11 21:00:00,0.5871999999999999
2025-04-11 23:00:00,0.5866499999999999
2025-04-14 14:30:00,0.5903999999999999
2025-04-14 15:00:00,0.59285
2025-04-14 16:00:00,0.5912999999999999
2025-04-14 17:00:00,0.5911
2025-04-14 18:00:00,0.5923999999999999
2025-04-14 19:00:00,0.5934499999999999
2025-04-14 20:00:00,0.5933999999999999
2025-04-14 21:00:00,0.5923499999999999
2025-04-14 23:00:00,0.5933999999999999
2025-04-15 14:30:00,0.59825
2025-04-15 15:00:00,0.5976999999999999
2025-04-15 16:00:00,0.59615
2025-04-15 17:00:00,0.5953999999999999
2025-04-15 18:00:00,0.59515
2025-04-15 19:00:00,0.5945499999999999
2025-04-15 20:00:00,0.59485
2025-04-15 21:00:00,0.5944499999999999
2025-04-15 23:00:00,0.5945999999999999
2025-04-16 14:30:00,0.5956999999999999
2025-04-16 15:00:00,0.5964499999999999
2025-04-16 16:00:00,0.5973499999999999
2025-04-16 17:00:00,0.5972999999999999
2025-04-16 18:00:00,0.5956999999999999
2025-04-16 19:00:00,0.5972
2025-04-16 20:00:00,0.5974999999999999
2025-04-16 21:00:00,0.59815
2025-04-16 23:00:00,0.59725
2025-04-17 14:30:00,0.6014499999999999
2025-04-17 15:00:00,0.6003499999999999
2025-04-17 16:00:00,0.6013
2025-04-17 17:00:00,0.6015999999999999
2025-04-17 18:00:00,0.6016499999999999
2025-04-17 19:00:00,0.60215
2025-04-17 20:00:00,0.6017499999999999
2025-04-17 21:00:00,0.602
2025-04-17 23:00:00,0.6022
2025-04-21 14:30:00,0.6053999999999999
2025-04-21 15:00:00,0.60515
2025-04-21 16:00:00,0.6044999999999999
2025-04-21 17:00:00,0.6046999999999999
2025-04-21 18:00:00,0.6044499999999999
2025-04-21 19:00:00,0.6051
2025-04-21 20:00:00,0.6047499999999999
2025-04-21 21:00:00,0.6047499999999999
2025-04-21 23:00:00,0.6051
2025-04-22 14:30:00,0.6038499999999999
2025-04-22 15:00:00,0.6042
2025-04-22 16:00:00,0.6037999999999999
2025-04-22 17:00:00,0.6033999999999999
2025-04-22 18:00:00,0.60315
2025-04-22 19:00:00,0.6024999999999999
2025-04-22 20:00:00,0.6021
2025-04-22 21:00:00,0.6009
2025-04-22 23:00:00,0.6024499999999999
2025-04-23 14:30:00,0.6027499999999999
2025-04-23 15:00:00,0.6029
2025-04-23 16:00:00,0.6008499999999999
2025-04-23 17:00:00,0.6004499999999999
2025-04-23 18:00:00,0.6005999999999999
2025-04-23 19:00:00,0.6001
2025-04-23 20:00:00,0.6001
2025-04-23 21:00:00,0.59905
2025-04-23 23:00:00,0.60015
2025-04-24 14:30:00,0.6024499999999999
2025-04-24 15:00:00,0.60325
2025-04-24 16:00:00,0.6029
2025-04-24 17:00:00,0.6038999999999999
2025-04-24 18:00:00,0.60325
2025-04-24 19:00:00,0.6036499999999999
2025-04-24 20:00:00,0.6041
2025-04-24 21:00:00,0.6042
2025-04-24 23:00:00,0.6036499999999999
2025-04-25 14:30:00,0.60015
2025-04-25 15:00:00,0.6007999999999999
2025-04-25 16:00:00,0.60125
2025-04-25 17:00:00,0.60115
2025-04-25 18:00:00,0.601
2025-04-25 19:00:00,0.6015499999999999
2025-04-25 20:00:00,0.6013499999999999
2025-04-25 21:00:00,0.6006999999999999
2025-04-25 23:00:00,0.6014999999999999
2025-04-28 14:30:00,0.6004999999999999
2025-04-28 15:00:00,0.60225
2025-04-28 16:00:00,0.6007999999999999
2025-04-28 17:00:00,0.6014499999999999
2025-04-28 18:00:00,0.6007499999999999
2025-04-28 19:00:00,0.6013
2025-04-28 20:00:00,0.6016999999999999
2025-04-28 21:00:00,0.6023999999999999
2025-04-28 23:00:00,0.6013
2025-04-29 14:30:00,0.5983499999999999
2025-04-29 15:00:00,0.5976499999999999
2025-04-29 16:00:00,0.5983499999999999
2025-04-29 17:00:00,0.5986999999999999
2025-04-29 18:00:00,0.5987999999999999
2025-04-29 19:00:00,0.5984499999999999
2025-04-29 20:00:00,0.5984999999999999
2025-04-29 21:00:00,0.5974999999999999
2025-04-29 23:00:00,0.5984499999999999
2025-04-30 14:30:00,0.595
2025-04-30 15:00:00,0.5978499999999999
2025-04-30 16:00:00,0.5976499999999999
2025-04-30 17:00:00,0.5975999999999999
2025-04-30 18:00:00,0.5978499999999999
2025-04-30 19:00:00,0.5983499999999999
2025-04-30 20:00:00,0.5984499999999999
2025-04-30 21:00:00,0.5977999999999999
2025-04-30 23:00:00,0.5982999999999999
2025-05-01 14:30:00,0.5963999999999999
2025-05-01 15:00:00,0.5952
2025-05-01 16:00:00,0.5943499999999999
2025-05-01 17:00:00,0.5946499999999999
2025-05-01 18:00:00,0.5943999999999999
2025-05-01 19:00:00,0.5951
2025-05-01 20:00:00,0.5952999999999999
2025-05-01 21:00:00,0.595
2025-05-01 23:00:00,0.59515
2025-05-02 14:30:00,0.60115
2025-05-02 15:00:00,0.6016499999999999
2025-05-02 16:00:00,0.5997499999999999
2025-05-02 17:00:00,0.5995999999999999
2025-05-02 18:00:00,0.5992
2025-05-02 19:00:00,0.5986999999999999
2025-05-02 20:00:00,0.599
2025-05-02 21:00:00,0.5988499999999999
2025-05-02 23:00:00,0.5986999999999999
2025-05-05 14:30:00,0.6023999999999999
2025-05-05 15:00:00,0.6027999999999999
2025-05-05 16:00:00,0.6015499999999999
2025-05-05 17:00:00,0.6007499999999999
2025-05-05 18:00:00,0.6006499999999999
2025-05-05 19:00:00,0.6009
2025-05-05 20:00:00,0.6013499999999999
2025-05-05 21:00:00,0.601
2025-05-05 23:00:00,0.6008499999999999
2025-05-06 14:30:00,0.6035499999999999
2025-05-06 15:00:00,0.6038999999999999
2025-05-06 16:00:00,0.6045999999999999
2025-05-06 17:00:00,0.6043499999999999
2025-05-06 18:00:00,0.6043999999999999
2025-05-06 19:00:00,0.60515
2025-05-06 20:00:00,0.6053499999999999
2025-05-06 21:00:00,0.60505
2025-05-06 23:00:00,0.60515
2025-05-07 14:30:00,0.6033999999999999
2025-05-07 15:00:00,0.6027499999999999
2025-05-07 16:00:00,0.60195
2025-05-07 17:00:00,0.60195
2025-05-07 18:00:00,0.6012
2025-05-07 19:00:00,0.6005499999999999
2025-05-07 20:00:00,0.5982999999999999
2025-05-07 21:00:00,0.5982
2025-05-07 23:00:00,0.6005499999999999
2025-05-08 14:30:00,0.5981
2025-05-08 15:00:00,0.5967999999999999
2025-05-08 16:00:00,0.5964499999999999
2025-05-08 17:00:00,0.5956499999999999
2025-05-08 18:00:00,0.59515
2025-05-08 19:00:00,0.5944499999999999
2025-05-08 20:00:00,0.5945999999999999
2025-05-08 21:00:00,0.5947999999999999
2025-05-08 23:00:00,0.5944999999999999
2025-05-09 14:30:00,0.5953499999999999
2025-05-09 15:00:00,0.59525
2025-05-09 16:00:00,0.59605
2025-05-09 17:00:00,0.5954999999999999
2025-05-09 18:00:00,0.59585
2025-05-09 19:00:00,0.5956999999999999
2025-05-09 20:00:00,0.5953999999999999
2025-05-09 21:00:00,0.5952
2025-05-09 23:00:00,0.5956999999999999
2025-05-12 14:30:00,0.5922499999999999
2025-05-12 15:00:00,0.59095
2025-05-12 16:00:00,0.5904499999999999
2025-05-12 17:00:00,0.5896999999999999
2025-05-12 18:00:00,0.5893499999999999
2025-05-12 19:00:00,0.5898
2025-05-12 20:00:00,0.5902499999999999
2025-05-12 21:00:00,0.5896999999999999
2025-05-12 23:00:00,0.58985
2025-05-13 14:30:00,0.5946499999999999
2025-05-13 15:00:00,0.59715
2025-05-13 16:00:00,0.5977999999999999
2025-05-13 17:00:00,0.5978499999999999
2025-05-13 18:00:00,0.5981
2025-05-13 19:00:00,0.59825
2025-05-13 20:00:00,0.5983499999999999
2025-05-13 21:00:00,0.5979
2025-05-13 23:00:00,0.59825
2025-05-14 14:30:00,0.5978499999999999
2025-05-14 15:00:00,0.5969
2025-05-14 16:00:00,0.5957499999999999
2025-05-14 17:00:00,0.59485
2025-05-14 18:00:00,0.59505
2025-05-14 19:00:00,0.594
2025-05-14 20:00:00,0.59385
2025-05-14 21:00:00,0.59395
2025-05-14 23:00:00,0.59405
2025-05-15 14:30:00,0.5913499999999999
2025-05-15 15:00:00,0.59085
2025-05-15 16:00:00,0.5913999999999999
2025-05-15 17:00:00,0.5913499999999999
2025-05-15 18:00:00,0.59105
2025-05-15 19:00:00,0.5913999999999999
2025-05-15 20:00:00,0.5913999999999999
2025-05-15 21:00:00,0.5919
2025-05-15 23:00:00,0.5913999999999999
2025-05-16 14:30:00,0.5939
2025-05-16 15:00:00,0.5917999999999999
2025-05-16 16:00:00,0.5912
2025-05-16 17:00:00,0.5915999999999999
2025-05-16 18:00:00,0.5916499999999999
2025-05-16 19:00:00,0.59205
2025-05-16 20:00:00,0.5922
2025-05-16 21:00:00,0.5922999999999999
2025-05-16 23:00:00,0.5921
2025-05-19 14:30:00,0.5953499999999999
2025-05-19 15:00:00,0.5965999999999999
2025-05-19 16:00:00,0.5965499999999999
2025-05-19 17:00:00,0.5964999999999999
2025-05-19 18:00:00,0.59615
2025-05-19 19:00:00,0.5962
2025-05-19 20:00:00,0.59625
2025-05-19 21:00:00,0.59715
2025-05-19 23:00:00,0.59625
2025-05-20 14:30:00,0.5947999999999999
2025-05-20 15:00:00,0.5953499999999999
2025-05-20 16:00:00,0.595
2025-05-20 17:00:00,0.5959
2025-05-20 18:00:00,0.5961
2025-05-20 19:00:00,0.5955499999999999
2025-05-20 20:00:00,0.5959
2025-05-20 21:00:00,0.5967499999999999
2025-05-20 23:00:00,0.5955999999999999
2025-05-21 14:30:00,0.5987499999999999
2025-05-21 15:00:00,0.5998499999999999
2025-05-21 16:00:00,0.6004499999999999
2025-05-21 17:00:00,0.6004499999999999
2025-05-21 18:00:00,0.59925
2025-05-21 19:00:00,0.5984999999999999
2025-05-21 20:00:00,0.5982999999999999
2025-05-21 21:00:00,0.598
2025-05-21 23:00:00,0.5985499999999999
2025-05-22 14:30:00,0.59395
2025-05-22 15:00:00,0.5944999999999999
2025-05-22 16:00:00,0.5945999999999999
2025-05-22 17:00:00,0.5942999999999999
2025-05-22 18:00:00,0.5942
2025-05-22 19:00:00,0.5942
2025-05-22 20:00:00,0.59415
2025-05-22 21:00:00,0.5937499999999999
2025-05-22 23:00:00,0.59415
2025-05-23 14:30:00,0.59915
2025-05-23 15:00:00,0.6013499999999999
2025-05-23 16:00:00,0.6014999999999999
2025-05-23 17:00:00,0.60225
2025-05-23 18:00:00,0.6025999999999999
2025-05-23 19:00:00,0.6026499999999999
2025-05-23 20:00:00,0.6026999999999999
2025-05-23 21:00:00,0.6027499999999999
2025-05-23 23:00:00,0.6027499999999999
2025-05-26 14:30:00,0.6053499999999999
2025-05-26 15:00:00,0.6052
2025-05-26 16:00:00,0.6046499999999999
2025-05-26 17:00:00,0.6044499999999999
2025-05-26 18:00:00,0.60415
2025-05-26 19:00:00,0.6041
2025-05-26 20:00:00,0.6042
2025-05-26 21:00:00,0.60395
2025-05-26 23:00:00,0.6027499999999999
2025-05-27 14:30:00,0.5995499999999999
2025-05-27 15:00:00,0.5985999999999999
2025-05-27 16:00:00,0.59825
2025-05-27 17:00:00,0.5987499999999999
2025-05-27 18:00:00,0.5988499999999999
2025-05-27 19:00:00,0.59895
2025-05-27 20:00:00,0.5987499999999999
2025-05-27 21:00:00,0.5987999999999999
2025-05-27 23:00:00,0.59895
2025-05-28 14:30:00,0.5988499999999999
2025-05-28 15:00:00,0.5997499999999999
2025-05-28 16:00:00,0.59905
2025-05-28 17:00:00,0.5996499999999999
2025-05-28 18:00:00,0.60015
2025-05-28 19:00:00,0.6001
2025-05-28 20:00:00,0.6
2025-05-28 21:00:00,0.6004999999999999
2025-05-28 23:00:00,0.60015
2025-05-29 14:30:00,0.60105
2025-05-29 15:00:00,0.6015999999999999
2025-05-29 16:00:00,0.6016999999999999
2025-05-29 17:00:00,0.60205
2025-05-29 18:00:00,0.60205
2025-05-29 19:00:00,0.6023
2025-05-29 20:00:00,0.60205
2025-05-29 21:00:00,0.6006999999999999
2025-05-29 23:00:00,0.6023
2025-05-30 14:30:00,0.599
2025-05-30 15:00:00,0.6009
2025-05-30 16:00:00,0.6008499999999999
2025-05-30 17:00:00,0.6001
2025-05-30 18:00:00,0.601
2025-05-30 19:00:00,0.6012
2025-05-30 20:00:00,0.6013999999999999
2025-05-30 21:00:00,0.6003499999999999
2025-05-30 23:00:00,0.6013
2025-06-02 14:30:00,0.6053999999999999
2025-06-02 15:00:00,0.60735
2025-06-02 16:00:00,0.6072
2025-06-02 17:00:00,0.60625
2025-06-02 18:00:00,0.60625
2025-06-02 19:00:00,0.60735
2025-06-02 20:00:00,0.6074999999999999
2025-06-02 21:00:00,0.6075499999999999
2025-06-02 23:00:00,0.60735
2025-06-03 14:30:00,0.6036999999999999
2025-06-03 15:00:00,0.6043
2025-06-03 16:00:00,0.6035999999999999
2025-06-03 17:00:00,0.6037999999999999
2025-06-03 18:00:00,0.6043499999999999
2025-06-03 19:00:00,0.6043499999999999
2025-06-03 20:00:00,0.6041
2025-06-03 21:00:00,0.6036499999999999
2025-06-03 23:00:00,0.6043499999999999
2025-06-04 14:30:00,0.6055999999999999
2025-06-04 15:00:00,0.607
2025-06-04 16:00:00,0.6068499999999999
2025-06-04 17:00:00,0.6075499999999999
2025-06-04 18:00:00,0.6074499999999999
2025-06-04 19:00:00,0.607
2025-06-04 20:00:00,0.60695
2025-06-04 21:00:00,0.6064999999999999
2025-06-04 23:00:00,0.607
2025-06-05 14:30:00,0.6103999999999999
2025-06-05 15:00:00,0.6095499999999999
2025-06-05 16:00:00,0.6081
2025-06-05 17:00:00,0.6081
2025-06-05 18:00:00,0.60835
2025-06-05 19:00:00,0.6077999999999999
2025-06-05 20:00:00,0.6077499999999999
2025-06-05 20:00:01,0.6077499999999999
2025-06-05 21:00:00,0.6074499999999999
2025-06-05 23:00:00,0.6079499999999999
2025-06-06 14:30:00,0.6055499999999999
2025-06-06 15:00:00,0.60525
2025-06-06 16:00:00,0.6057499999999999
2025-06-06 17:00:00,0.6049499999999999
2025-06-06 18:00:00,0.6057499999999999
2025-06-06 19:00:00,0.6061499999999999
2025-06-06 20:00:00,0.6060999999999999
2025-06-06 21:00:00,0.6056999999999999
2025-06-06 23:00:00,0.6061499999999999
2025-06-09 14:30:00,0.6076999999999999
2025-06-09 15:00:00,0.6083
2025-06-09 16:00:00,0.6094999999999999
2025-06-09 17:00:00,0.6090999999999999
2025-06-09 18:00:00,0.6091999999999999
2025-06-09 19:00:00,0.6094499999999999
2025-06-09 20:00:00,0.6092499999999998
2025-06-09 21:00:00,0.6086999999999999
2025-06-09 23:00:00,0.6094499999999999
2025-06-10 14:30:00,0.6095499999999999
2025-06-10 15:00:00,0.6085999999999999
2025-06-10 16:00:00,0.6081999999999999
2025-06-10 17:00:00,0.6082499999999998
2025-06-10 18:00:00,0.6080999999999999
2025-06-10 19:00:00,0.6081499999999999
2025-06-10 20:00:00,0.6086499999999999
2025-06-10 21:00:00,0.6090999999999999
2025-06-10 23:00:00,0.6080999999999999
2025-06-11 14:30:00,0.6080499999999999
2025-06-11 15:00:00,0.6078999999999999
2025-06-11 16:00:00,0.60835
2025-06-11 17:00:00,0.6080999999999999
2025-06-11 18:00:00,0.6080499999999999
2025-06-11 19:00:00,0.60725
2025-06-11 20:00:00,0.6064499999999999
2025-06-11 21:00:00,0.6066999999999999
2025-06-11 23:00:00,0.60725
2025-06-12 14:30:00,0.6094499999999999
2025-06-12 15:00:00,0.6100999999999999
2025-06-12 16:00:00,0.6098499999999999
2025-06-12 17:00:00,0.6099499999999999
2025-06-12 18:00:00,0.6099499999999999
2025-06-12 19:00:00,0.6101999999999999
2025-06-12 20:00:00,0.6101999999999999
2025-06-12 21:00:00,0.6106999999999999
2025-06-12 23:00:00,0.6101999999999999
2025-06-13 14:30:00,0.6055999999999999
2025-06-13 15:00:00,0.6066499999999999
2025-06-13 16:00:00,0.60725
2025-06-13 17:00:00,0.6074999999999999
2025-06-13 18:00:00,0.6064499999999999
2025-06-13 19:00:00,0.6055499999999999
2025-06-13 20:00:00,0.6054499999999999
2025-06-13 21:00:00,0.6054999999999999
2025-06-13 23:00:00,0.6055999999999999
2025-06-16 14:30:00,0.6111499999999999
2025-06-16 15:00:00,0.6111999999999999
2025-06-16 16:00:00,0.6108999999999999
2025-06-16 17:00:00,0.6115999999999999
2025-06-16 18:00:00,0.6108999999999999
2025-06-16 19:00:00,0.6107499999999999
2025-06-16 20:00:00,0.61035
2025-06-16 21:00:00,0.6097999999999999
2025-06-16 23:00:00,0.6107999999999999
2025-06-17 14:30:00,0.6107499999999999
2025-06-17 15:00:00,0.6083
2025-06-17 16:00:00,0.6089999999999999
2025-06-17 17:00:00,0.60725
2025-06-17 18:00:00,0.6056499999999999
2025-06-17 19:00:00,0.6050999999999999
2025-06-17 20:00:00,0.6049499999999999
2025-06-17 21:00:00,0.6051499999999999
2025-06-17 23:00:00,0.6050999999999999
2025-06-18 14:30:00,0.6063
2025-06-18 15:00:00,0.6075999999999999
2025-06-18 16:00:00,0.6081499999999999
2025-06-18 17:00:00,0.6075499999999999
2025-06-18 18:00:00,0.6075499999999999
2025-06-18 19:00:00,0.6059999999999999
2025-06-18 20:00:00,0.6055499999999999
2025-06-18 21:00:00,0.6065499999999999
2025-06-18 23:00:00,0.6059999999999999
2025-06-19 14:30:00,0.6008999999999999
2025-06-19 15:00:00,0.6002
2025-06-19 16:00:00,0.6003999999999999
2025-06-19 17:00:00,0.6002
2025-06-19 18:00:00,0.6019499999999999
2025-06-19 19:00:00,0.6021999999999998
2025-06-19 20:00:00,0.6026499999999999
2025-06-19 21:00:00,0.6029999999999999
2025-06-19 23:00:00,0.6059999999999999
2025-06-20 14:30:00,0.6016499999999999
2025-06-20 15:00:00,0.6007499999999999
2025-06-20 16:00:00,0.6003
2025-06-20 17:00:00,0.6009999999999999
2025-06-20 18:00:00,0.6007999999999999
2025-06-20 19:00:00,0.6005499999999999
2025-06-20 20:00:00,0.6004999999999999
2025-06-20 21:00:00,0.6003499999999999
2025-06-20 23:00:00,0.6005999999999999
2025-06-23 14:30:00,0.5949499999999999
2025-06-23 15:00:00,0.5980999999999999
2025-06-23 16:00:00,0.5974499999999999
2025-06-23 17:00:00,0.5976499999999999
2025-06-23 18:00:00,0.6002
2025-06-23 19:00:00,0.6009999999999999
2025-06-23 20:00:00,0.6008499999999999
2025-06-23 21:00:00,0.6013
2025-06-23 23:00:00,0.6009999999999999
2025-06-24 14:30:00,0.6047499999999999
2025-06-24 15:00:00,0.6058999999999999
2025-06-24 16:00:00,0.6049499999999999
2025-06-24 17:00:00,0.6056499999999999
2025-06-24 18:00:00,0.6056999999999999
2025-06-24 19:00:00,0.6053999999999999
2025-06-24 20:00:00,0.6054499999999999
2025-06-24 21:00:00,0.60425
2025-06-24 23:00:00,0.6054499999999999
2025-06-25 14:30:00,0.6050999999999999
2025-06-25 15:00:00,0.6056499999999999
2025-06-25 16:00:00,0.6054499999999999
2025-06-25 17:00:00,0.60635
2025-06-25 18:00:00,0.6065499999999999
2025-06-25 19:00:00,0.6073
2025-06-25 20:00:00,0.6074999999999999
2025-06-25 21:00:00,0.6073
2025-06-25 23:00:00,0.6073
2025-06-26 14:30:00,0.6101999999999999
2025-06-26 15:00:00,0.6099499999999999
2025-06-26 16:00:00,0.6102499999999998
2025-06-26 17:00:00,0.6103
2025-06-26 18:00:00,0.6106999999999999
2025-06-26 19:00:00,0.6106999999999999
2025-06-26 20:00:00,0.6099499999999999
2025-06-26 21:00:00,0.6091999999999999
2025-06-26 23:00:00,0.6106999999999999
2025-06-27 14:30:00,0.6089499999999999
2025-06-27 15:00:00,0.6091999999999999
2025-06-27 16:00:00,0.6095499999999999
2025-06-27 17:00:00,0.6097999999999999
2025-06-27 18:00:00,0.6083
2025-06-27 19:00:00,0.6080499999999999
2025-06-27 20:00:00,0.6083
2025-06-27 21:00:00,0.6090999999999999
2025-06-27 23:00:00,0.6080499999999999
2025-06-30 14:30:00,0.6101499999999999
2025-06-30 15:00:00,0.6105999999999999
2025-06-30 16:00:00,0.6124999999999999
2025-06-30 17:00:00,0.6123999999999999
2025-06-30 18:00:00,0.6120999999999999
2025-06-30 19:00:00,0.6128999999999999
2025-06-30 20:00:00,0.6129499999999999
2025-06-30 21:00:00,0.6131499999999999
2025-06-30 23:00:00,0.6129499999999999
2025-07-01 14:30:00,0.6133
2025-07-01 15:00:00,0.6126999999999999
2025-07-01 16:00:00,0.6121499999999999
2025-07-01 17:00:00,0.6117499999999999
2025-07-01 18:00:00,0.6125999999999999
2025-07-01 19:00:00,0.6124999999999999
2025-07-01 20:00:00,0.6126999999999999
2025-07-01 21:00:00,0.6133
2025-07-01 23:00:00,0.6124499999999999
2025-07-02 14:30:00,0.6087999999999999
2025-07-02 15:00:00,0.6101999999999999
2025-07-02 16:00:00,0.6109499999999999
2025-07-02 17:00:00,0.6111999999999999
2025-07-02 18:00:00,0.6114999999999999
2025-07-02 19:00:00,0.6121999999999999
2025-07-02 20:00:00,0.6123
2025-07-02 21:00:00,0.6121999999999999
2025-07-02 23:00:00,0.6121499999999999
2025-07-03 14:30:00,0.61035
2025-07-03 15:00:00,0.6091499999999999
2025-07-03 16:00:00,0.6100499999999999
2025-07-03 17:00:00,0.6101499999999999
2025-07-03 23:00:00,0.6101499999999999
2025-07-07 14:30:00,0.6046499999999999
2025-07-07 15:00:00,0.6048499999999999
2025-07-07 16:00:00,0.6045499999999999
2025-07-07 17:00:00,0.6027999999999999
2025-07-07 18:00:00,0.60325
2025-07-07 19:00:00,0.6035499999999999
2025-07-07 20:00:00,0.6034999999999999
2025-07-07 21:00:00,0.6026499999999999
2025-07-07 23:00:00,0.6026499999999999
2025-07-08 14:30:00,0.6029499999999999
2025-07-08 15:00:00,0.6017999999999999
2025-07-08 16:00:00,0.6025499999999999
2025-07-08 17:00:00,0.6028999999999999
2025-07-08 18:00:00,0.6035999999999999
2025-07-08 19:00:00,0.6033
2025-07-08 20:00:00,0.6030999999999999
2025-07-08 21:00:00,0.6030999999999999
2025-07-08 23:00:00,0.6030999999999999
2025-07-09 14:30:00,0.60325
2025-07-09 15:00:00,0.6025999999999999
2025-07-09 16:00:00,0.6023999999999999
2025-07-09 17:00:00,0.6026499999999999
2025-07-09 18:00:00,0.6027999999999999
2025-07-09 19:00:00,0.6031499999999999
2025-07-09 20:00:00,0.6038999999999999
2025-07-09 21:00:00,0.6031999999999998
2025-07-09 23:00:00,0.6031999999999998
2025-07-10 14:30:00,0.60325
2025-07-10 15:00:00,0.6037999999999999
2025-07-10 16:00:00,0.6051499999999999
2025-07-10 17:00:00,0.6054499999999999
2025-07-10 18:00:00,0.6055999999999999
2025-07-10 19:00:00,0.6061499999999999
2025-07-10 20:00:00,0.6063999999999999
2025-07-10 21:00:00,0.6067999999999999
2025-07-10 23:00:00,0.6067999999999999
2025-07-11 14:30:00,0.6037999999999999
2025-07-11 15:00:00,0.6036499999999999
2025-07-11 16:00:00,0.6041499999999999
2025-07-11 17:00:00,0.6039499999999999
2025-07-11 18:00:00,0.6040999999999999
2025-07-11 19:00:00,0.6040999999999999
2025-07-11 20:00:00,0.6039499999999999
2025-07-11 21:00:00,0.6038999999999999
2025-07-11 23:00:00,0.6038999999999999
2025-07-14 14:30:00,0.6017999999999999
2025-07-14 15:00:00,0.6009999999999999
2025-07-14 16:00:00,0.6003
2025-07-14 17:00:00,0.6004999999999999
2025-07-14 18:00:00,0.6004999999999999
2025-07-14 19:00:00,0.6007499999999999
2025-07-14 20:00:00,0.6005499999999999
2025-07-14 21:00:00,0.6003999999999999
2025-07-14 23:00:00,0.6003999999999999
2025-07-15 14:30:00,0.6000499999999999
2025-07-15 15:00:00,0.59825
2025-07-15 16:00:00,0.5980999999999999
2025-07-15 17:00:00,0.5973499999999999
2025-07-15 18:00:00,0.5975999999999999
2025-07-15 19:00:00,0.5977999999999999
2025-07-15 20:00:00,0.5977999999999999
2025-07-15 21:00:00,0.5975999999999999
2025-07-15 23:00:00,0.5975999999999999
2025-07-16 14:30:00,0.5952999999999999
2025-07-16 15:00:00,0.5954499999999999
2025-07-16 16:00:00,0.5970499999999999
2025-07-16 17:00:00,0.5974999999999999
2025-07-16 18:00:00,0.5976499999999999
2025-07-16 19:00:00,0.5969999999999999
2025-07-16 20:00:00,0.5972
2025-07-16 21:00:00,0.5977499999999999
2025-07-16 23:00:00,0.5977499999999999
2025-07-17 14:30:00,0.5954499999999999
2025-07-17 15:00:00,0.5950999999999999
2025-07-17 16:00:00,0.5958999999999999
2025-07-17 17:00:00,0.5954499999999999
2025-07-17 18:00:00,0.5954999999999999
2025-07-17 19:00:00,0.5954999999999999
2025-07-17 20:00:00,0.5959499999999999
2025-07-17 21:00:00,0.5961499999999998
2025-07-17 23:00:00,0.5961499999999998
2025-07-18 14:30:00,0.6016499999999999
2025-07-18 15:00:00,0.6005499999999999
2025-07-18 16:00:00,0.6006499999999999
2025-07-18 17:00:00,0.5995999999999999
2025-07-18 18:00:00,0.5994499999999999
2025-07-18 19:00:00,0.5991499999999998
2025-07-18 20:00:00,0.5990999999999999
2025-07-18 21:00:00,0.5989999999999999
2025-07-18 23:00:00,0.5989999999999999
2025-07-21 14:30:00,0.5994999999999999
2025-07-21 15:00:00,0.6004499999999999
2025-07-21 16:00:00,0.6006999999999999
2025-07-21 17:00:00,0.6008999999999999
2025-07-21 18:00:00,0.6003999999999999
2025-07-21 19:00:00,0.6005499999999999
2025-07-21 20:00:00,0.6003499999999999
2025-07-21 21:00:00,0.5998499999999999
2025-07-21 23:00:00,0.5998499999999999
2025-07-22 14:30:00,0.6000999999999999
2025-07-22 15:00:00,0.6018999999999999
2025-07-22 16:00:00,0.6029499999999999
2025-07-22 17:00:00,0.6031499999999999
2025-07-22 18:00:00,0.6027999999999999
2025-07-22 19:00:00,0.6029999999999999
2025-07-22 20:00:00,0.6031999999999998
2025-07-22 21:00:00,0.60325
2025-07-22 23:00:00,0.60325
2025-07-23 14:30:00,0.6067499999999999
2025-07-23 15:00:00,0.6069499999999999
2025-07-23 16:00:00,0.6067999999999999
2025-07-23 17:00:00,0.6058999999999999
2025-07-23 18:00:00,0.6066999999999999
2025-07-23 19:00:00,0.6073
2025-07-23 20:00:00,0.6074499999999999
2025-07-23 21:00:00,0.6075999999999999
2025-07-23 23:00:00,0.6075999999999999
2025-07-24 14:30:00,0.6075499999999999
2025-07-24 15:00:00,0.6074999999999999
2025-07-24 16:00:00,0.6069499999999999
2025-07-24 17:00:00,0.6068499999999999
2025-07-24 18:00:00,0.6071499999999999
2025-07-24 19:00:00,0.6070499999999999
2025-07-24 20:00:00,0.6070999999999999
2025-07-24 21:00:00,0.6059499999999999
2025-07-24 23:00:00,0.6059499999999999
2025-07-25 14:30:00,0.6038499999999999
2025-07-25 15:00:00,0.6037499999999999
2025-07-25 16:00:00,0.6035499999999999
2025-07-25 17:00:00,0.6039499999999999
2025-07-25 18:00:00,0.6040999999999999
2025-07-25 19:00:00,0.6043499999999999
2025-07-25 20:00:00,0.6044999999999999
2025-07-25 21:00:00,0.6045999999999999
2025-07-25 23:00:00,0.6045999999999999
2025-07-28 14:30:00,0.60025
2025-07-28 15:00:00,0.6009999999999999
2025-07-28 16:00:00,0.6002
2025-07-28 17:00:00,0.6000499999999999
2025-07-28 18:00:00,0.5997499999999999
2025-07-28 19:00:00,0.5998999999999999
2025-07-28 20:00:00,0.5996499999999999
2025-07-28 21:00:00,0.5998499999999999
2025-07-28 23:00:00,0.5998499999999999
2025-07-29 14:30:00,0.5980499999999999
2025-07-29 15:00:00,0.5979999999999999
2025-07-29 16:00:00,0.59825
2025-07-29 17:00:00,0.5980999999999999
2025-07-29 18:00:00,0.5982999999999999
2025-07-29 19:00:00,0.5986499999999999
2025-07-29 20:00:00,0.5988499999999999
2025-07-29 21:00:00,0.5982999999999999
2025-07-29 23:00:00,0.5982999999999999
2025-07-30 14:30:00,0.59425
2025-07-30 15:00:00,0.5947499999999999
2025-07-30 16:00:00,0.5938999999999999
2025-07-30 17:00:00,0.5944499999999999
2025-07-30 18:00:00,0.5950999999999999
2025-07-30 19:00:00,0.5920499999999999
2025-07-30 20:00:00,0.5919999999999999
2025-07-30 21:00:00,0.5923499999999999
2025-07-30 23:00:00,0.5923499999999999
2025-07-31 14:30:00,0.5919999999999999
2025-07-31 15:00:00,0.5929999999999999
2025-07-31 16:00:00,0.5920999999999998
2025-07-31 17:00:00,0.5924499999999999
2025-07-31 18:00:00,0.5917499999999999
2025-07-31 19:00:00,0.59215
2025-07-31 20:00:00,0.5923999999999999
2025-07-31 21:00:00,0.5917499999999999
2025-07-31 23:00:00,0.5917499999999999
2025-08-01 14:30:00,0.5934999999999999
2025-08-01 15:00:00,0.5930999999999998
2025-08-01 16:00:00,0.5937999999999999
2025-08-01 17:00:00,0.5932
2025-08-01 18:00:00,0.5922
2025-08-01 19:00:00,0.5920999999999998
2025-08-01 20:00:00,0.5924499999999999
2025-08-01 21:00:00,0.5943499999999999
2025-08-01 23:00:00,0.5943499999999999
2025-08-04 14:30:00,0.5950999999999999
2025-08-04 15:00:00,0.5939999999999999
2025-08-04 16:00:00,0.5933499999999999
2025-08-04 17:00:00,0.5932499999999999
2025-08-04 18:00:00,0.59315
2025-08-04 19:00:00,0.5927499999999999
2025-08-04 20:00:00,0.5932499999999999
2025-08-04 21:00:00,0.5935499999999999
2025-08-04 23:00:00,0.5935499999999999
2025-08-05 14:30:00,0.5920499999999999
2025-08-05 15:00:00,0.5918499999999999
2025-08-05 16:00:00,0.5926499999999999
2025-08-05 17:00:00,0.5927999999999999
2025-08-05 18:00:00,0.5926499999999999
2025-08-05 19:00:00,0.59215
2025-08-05 20:00:00,0.5920499999999999
2025-08-05 21:00:00,0.5928999999999999
2025-08-05 23:00:00,0.5928999999999999
2025-08-06 14:30:00,0.5957999999999999
2025-08-06 15:00:00,0.5952999999999999
2025-08-06 16:00:00,0.5964499999999999
2025-08-06 17:00:00,0.5958499999999999
2025-08-06 18:00:00,0.5962999999999999
2025-08-06 19:00:00,0.5963499999999999
2025-08-06 20:00:00,0.5962999999999999
2025-08-06 21:00:00,0.5956499999999999
2025-08-06 23:00:00,0.5956499999999999
2025-08-07 14:30:00,0.5978999999999999
2025-08-07 15:00:00,0.5963499999999999
2025-08-07 16:00:00,0.5969999999999999
2025-08-07 17:00:00,0.5971499999999998
2025-08-07 18:00:00,0.5973499999999999
2025-08-07 19:00:00,0.5968499999999999
2025-08-07 20:00:00,0.5967499999999999
2025-08-07 21:00:00,0.5986999999999999
2025-08-07 23:00:00,0.5986999999999999
2025-08-08 14:30:00,0.5983499999999999
2025-08-08 15:00:00,0.5978999999999999
2025-08-08 16:00:00,0.5980499999999999
2025-08-08 17:00:00,0.5977999999999999
2025-08-08 18:00:00,0.5981499999999998
2025-08-08 19:00:00,0.59825
2025-08-08 20:00:00,0.5977499999999999
2025-08-08 21:00:00,0.5979999999999999
2025-08-08 23:00:00,0.5979999999999999
2025-08-11 14:30:00,0.5960499999999999
2025-08-11 15:00:00,0.5956499999999999
2025-08-11 16:00:00,0.5960499999999999
2025-08-11 17:00:00,0.5960499999999999
2025-08-11 18:00:00,0.59625
2025-08-11 19:00:00,0.5964499999999999
2025-08-11 20:00:00,0.5960499999999999
2025-08-11 21:00:00,0.5964499999999999
2025-08-11 23:00:00,0.5964499999999999
2025-08-12 14:30:00,0.5958499999999999
2025-08-12 15:00:00,0.5968999999999999
2025-08-12 16:00:00,0.59825
2025-08-12 17:00:00,0.5982999999999999
2025-08-12 18:00:00,0.5982
2025-08-12 19:00:00,0.5980999999999999
2025-08-12 20:00:00,0.5978999999999999
2025-08-12 21:00:00,0.5981499999999998
2025-08-12 23:00:00,0.5981499999999998
2025-08-13 14:30:00,0.6006999999999999
2025-08-13 15:00:00,0.6008499999999999
2025-08-13 16:00:00,0.6002
2025-08-13 17:00:00,0.6002
2025-08-13 18:00:00,0.5997999999999999
2025-08-13 19:00:00,0.5997999999999999
2025-08-13 20:00:00,0.5999999999999999
2025-08-13 21:00:00,0.6002
2025-08-13 23:00:00,0.6002
2025-08-14 14:30:00,0.5944999999999999
2025-08-14 15:00:00,0.5953999999999999
2025-08-14 16:00:00,0.5940499999999999
2025-08-14 17:00:00,0.5938499999999999
2025-08-14 18:00:00,0.5940999999999999
2025-08-14 19:00:00,0.5940499999999999
2025-08-14 20:00:00,0.5943999999999999
2025-08-14 21:00:00,0.59425
2025-08-14 23:00:00,0.59425
2025-08-15 14:30:00,0.5954999999999999
2025-08-15 15:00:00,0.5957999999999999
2025-08-15 16:00:00,0.5953999999999999
2025-08-15 17:00:00,0.59525
2025-08-15 18:00:00,0.5950499999999999
2025-08-15 19:00:00,0.5948999999999999
2025-08-15 20:00:00,0.5948999999999999
2025-08-15 21:00:00,0.5947999999999999
2025-08-15 23:00:00,0.5947999999999999
2025-08-18 14:30:00,0.5952
2025-08-18 15:00:00,0.5937999999999999
2025-08-18 16:00:00,0.5947999999999999
2025-08-18 17:00:00,0.5945499999999999
2025-08-18 18:00:00,0.5945499999999999
2025-08-18 19:00:00,0.5945999999999999
2025-08-18 20:00:00,0.5948999999999999
2025-08-18 21:00:00,0.5947499999999999
2025-08-18 23:00:00,0.5947499999999999
2025-08-19 14:30:00,0.5944999999999999
2025-08-19 15:00:00,0.5934999999999999
2025-08-19 16:00:00,0.5924499999999999
2025-08-19 17:00:00,0.5924499999999999
2025-08-19 18:00:00,0.5926999999999999
2025-08-19 19:00:00,0.5918999999999999
2025-08-19 20:00:00,0.5918499999999999
2025-08-19 21:00:00,0.5917499999999999
2025-08-19 23:00:00,0.5917499999999999
2025-08-20 14:30:00,0.5844999999999999
2025-08-20 15:00:00,0.5852999999999999
2025-08-20 16:00:00,0.5844999999999999
2025-08-20 17:00:00,0.5853499999999999
2025-08-20 18:00:00,0.5857999999999999
2025-08-20 19:00:00,0.5849499999999999
2025-08-20 20:00:00,0.5849499999999999
2025-08-20 21:00:00,0.5847999999999999
2025-08-20 23:00:00,0.5847999999999999
2025-08-21 14:30:00,0.5845499999999999
2025-08-21 15:00:00,0.5843499999999999
2025-08-21 16:00:00,0.5839999999999999
2025-08-21 17:00:00,0.5841
2025-08-21 18:00:00,0.5844999999999999
2025-08-21 19:00:00,0.5841999999999999
2025-08-21 20:00:00,0.5842499999999999
2025-08-21 21:00:00,0.5842499999999999
2025-08-21 23:00:00,0.5842499999999999
2025-08-22 14:30:00,0.5833999999999999
2025-08-22 15:00:00,0.5892499999999999
2025-08-22 16:00:00,0.5883999999999999
2025-08-22 17:00:00,0.5890499999999999
2025-08-22 18:00:00,0.5893499999999999
2025-08-22 19:00:00,0.5889999999999999
2025-08-22 20:00:00,0.5890499999999999
2025-08-22 21:00:00,0.5892499999999999
2025-08-22 23:00:00,0.5892499999999999
2025-08-25 14:30:00,0.5895999999999999
2025-08-25 15:00:00,0.5896499999999999
2025-08-25 16:00:00,0.5889999999999999
2025-08-25 17:00:00,0.5886999999999999
2025-08-25 18:00:00,0.58815
2025-08-25 19:00:00,0.5873499999999999
2025-08-25 20:00:00,0.5873999999999999
2025-08-25 21:00:00,0.5872499999999999
2025-08-25 23:00:00,0.5872499999999999
2025-08-26 14:30:00,0.5879499999999999
2025-08-26 15:00:00,0.5882499999999999
2025-08-26 16:00:00,0.5886999999999999
2025-08-26 17:00:00,0.5886499999999999
2025-08-26 18:00:00,0.5885499999999999
2025-08-26 19:00:00,0.5882999999999999
2025-08-26 20:00:00,0.5883999999999999
2025-08-26 21:00:00,0.5884499999999999
2025-08-26 23:00:00,0.5884499999999999
2025-08-27 14:30:00,0.5853499999999999
2025-08-27 15:00:00,0.58615
2025-08-27 16:00:00,0.5869499999999999
2025-08-27 17:00:00,0.5884499999999999
2025-08-27 18:00:00,0.5886499999999999
2025-08-27 19:00:00,0.5883999999999999
2025-08-27 20:00:00,0.5882999999999999
2025-08-27 21:00:00,0.5882499999999999
2025-08-27 23:00:00,0.5882499999999999
2025-08-28 14:30:00,0.58915
2025-08-28 15:00:00,0.5900999999999998
2025-08-28 16:00:00,0.5905499999999999
2025-08-28 17:00:00,0.5909999999999999
2025-08-28 18:00:00,0.5910999999999998
2025-08-28 19:00:00,0.5909999999999999
2025-08-28 20:00:00,0.5909499999999999
2025-08-28 21:00:00,0.5906999999999999
2025-08-28 23:00:00,0.5906999999999999
2025-08-29 14:30:00,0.5913499999999999
2025-08-29 15:00:00,0.5923499999999999
2025-08-29 16:00:00,0.5922
2025-08-29 17:00:00,0.5923999999999999
2025-08-29 18:00:00,0.59215
2025-08-29 19:00:00,0.5923499999999999
2025-08-29 20:00:00,0.5922
2025-08-29 21:00:00,0.5919999999999999
2025-08-29 23:00:00,0.5919999999999999
2025-09-02 14:30:00,0.5879999999999999
2025-09-02 15:00:00,0.5889499999999999
2025-09-02 16:00:00,0.5884499999999999
2025-09-02 17:00:00,0.5887499999999999
2025-09-02 18:00:00,0.5883499999999999
2025-09-02 19:00:00,0.5881
2025-09-02 20:00:00,0.58815
2025-09-02 21:00:00,0.5887499999999999
2025-09-02 23:00:00,0.5887499999999999
2025-09-03 14:30:00,0.5887499999999999
2025-09-03 15:00:00,0.5896999999999999
2025-09-03 16:00:00,0.5900999999999998
2025-09-03 17:00:00,0.5902
2025-09-03 18:00:00,0.5897499999999999
2025-09-03 19:00:00,0.5896999999999999
2025-09-03 20:00:00,0.5895999999999999
2025-09-03 21:00:00,0.5899499999999999
2025-09-03 23:00:00,0.5899499999999999
2025-09-04 14:30:00,0.5875999999999999
2025-09-04 15:00:00,0.5856999999999999
2025-09-04 16:00:00,0.5857999999999999
2025-09-04 17:00:00,0.5856999999999999
2025-09-04 18:00:00,0.5856999999999999
2025-09-04 19:00:00,0.5860499999999998
2025-09-04 20:00:00,0.5861
2025-09-04 20:00:01,0.5861
2025-09-04 21:00:00,0.5867
2025-09-04 23:00:00,0.5867
2025-09-05 14:30:00,0.5936
2025-09-05 15:00:00,0.5915
2025-09-05 16:00:00,0.59275
2025-09-05 17:00:00,0.59205
2025-09-05 18:00:00,0.5913
2025-09-05 19:00:00,0.59095
2025-09-05 20:00:00,0.591
2025-09-05 21:00:00,0.59135
2025-09-05 23:00:00,0.59135
2025-09-08 14:30:00,0.59595
2025-09-08 15:00:00,0.59555
2025-09-08 16:00:00,0.59585
2025-09-08 17:00:00,0.5953
2025-09-08 18:00:00,0.5951
2025-09-08 19:00:00,0.59605
2025-09-08 20:00:00,0.5961
2025-09-08 21:00:00,0.59595
2025-09-08 23:00:00,0.59595
2025-09-09 14:30:00,0.5966
2025-09-09 15:00:00,0.5954
2025-09-09 16:00:00,0.5949
2025-09-09 17:00:00,0.595
2025-09-09 18:00:00,0.5945
2025-09-09 19:00:00,0.59445
2025-09-09 20:00:00,0.59435
2025-09-09 21:00:00,0.5945
2025-09-09 23:00:00,0.5945
2025-09-10 14:30:00,0.59755
2025-09-10 15:00:00,0.5979
2025-09-10 16:00:00,0.59735
2025-09-10 17:00:00,0.5966
2025-09-10 18:00:00,0.5969
2025-09-10 19:00:00,0.59655
2025-09-10 20:00:00,0.5966
2025-09-10 21:00:00,0.59595
2025-09-10 23:00:00,0.59595
2025-09-11 14:30:00,0.59725
2025-09-11 15:00:00,0.5981
2025-09-11 16:00:00,0.599
2025-09-11 17:00:00,0.59915
2025-09-11 18:00:00,0.59905
2025-09-11 19:00:00,0.5993
2025-09-11 20:00:00,0.59915
2025-09-11 21:00:00,0.59955
2025-09-11 23:00:00,0.59955
2025-09-12 14:30:00,0.59705
2025-09-12 15:00:00,0.59715
2025-09-12 16:00:00,0.5965
2025-09-12 17:00:00,0.59705
2025-09-12 18:00:00,0.59745
2025-09-12 19:00:00,0.59795
2025-09-12 20:00:00,0.59795
2025-09-12 21:00:00,0.5975
2025-09-12 23:00:00,0.5975
2025-09-15 14:30:00,0.59785
2025-09-15 15:00:00,0.59795
2025-09-15 16:00:00,0.59885
2025-09-15 17:00:00,0.5983
2025-09-15 18:00:00,0.5992
2025-09-15 19:00:00,0.599
2025-09-15 20:00:00,0.5989
2025-09-15 21:00:00,0.59885
2025-09-15 23:00:00,0.59885
2025-09-16 14:30:00,0.5994
2025-09-16 15:00:00,0.59985
2025-09-16 16:00:00,0.5997
2025-09-16 17:00:00,0.6004
2025-09-16 18:00:00,0.6007
2025-09-16 19:00:00,0.60075
2025-09-16 20:00:00,0.60065
2025-09-16 21:00:00,0.6007
2025-09-16 23:00:00,0.6007
2025-09-17 14:30:00,0.6002
2025-09-17 15:00:00,0.5992
2025-09-17 16:00:00,0.59885
2025-09-17 17:00:00,0.59875
2025-09-17 18:00:00,0.59925
2025-09-17 19:00:00,0.59785
2025-09-17 20:00:00,0.5978
2025-09-17 21:00:00,0.59805
2025-09-17 23:00:00,0.59805
2025-09-18 14:30:00,0.59005
2025-09-18 15:00:00,0.5901
2025-09-18 16:00:00,0.5895
2025-09-18 17:00:00,0.59005
2025-09-18 18:00:00,0.59005
2025-09-18 19:00:00,0.5901
2025-09-18 20:00:00,0.5901
2025-09-18 21:00:00,0.5901
2025-09-18 23:00:00,0.5901
2025-09-19 14:30:00,0.58785
2025-09-19 15:00:00,0.58795
2025-09-19 16:00:00,0.58755
2025-09-19 17:00:00,0.5877
2025-09-19 18:00:00,0.5876
2025-09-19 19:00:00,0.58755
2025-09-19 20:00:00,0.5877
2025-09-19 21:00:00,0.5875
2025-09-19 23:00:00,0.5875
2025-09-22 14:30:00,0.5878
2025-09-22 15:00:00,0.5877
2025-09-22 16:00:00,0.5879
2025-09-22 17:00:00,0.58815
2025-09-22 18:00:00,0.58865
2025-09-22 19:00:00,0.5888
2025-09-22 20:00:00,0.58885
2025-09-22 21:00:00,0.58865
2025-09-22 23:00:00,0.58865
2025-09-23 14:30:00,0.58745
2025-09-23 15:00:00,0.5877
2025-09-23 16:00:00,0.5874
2025-09-23 17:00:00,0.58765
2025-09-23 18:00:00,0.58745
2025-09-23 19:00:00,0.58725
2025-09-23 20:00:00,0.5873
