DATETIME,price
1989-06-21 00:00:00,79.4499999999999
1989-06-22 00:00:00,79.4399999999999
1989-06-23 00:00:00,79.5299999999999
1989-06-26 00:00:00,79.6199999999999
1989-06-27 00:00:00,79.6299999999999
1989-06-28 00:00:00,79.5799999999999
1989-06-29 00:00:00,79.6299999999999
1989-06-30 00:00:00,79.6199999999999
1989-07-03 00:00:00,79.6599999999999
1989-07-05 00:00:00,79.6399999999999
1989-07-06 00:00:00,79.6699999999999
1989-07-07 00:00:00,79.7399999999999
1989-07-10 00:00:00,79.7199999999999
1989-07-11 00:00:00,79.7099999999999
1989-07-12 00:00:00,79.7499999999999
1989-07-13 00:00:00,79.7699999999999
1989-07-14 00:00:00,79.7399999999999
1989-07-17 00:00:00,79.7099999999999
1989-07-18 00:00:00,79.6399999999999
1989-07-19 00:00:00,79.7399999999999
1989-07-20 00:00:00,79.8099999999999
1989-07-21 00:00:00,79.6899999999999
1989-07-24 00:00:00,79.7299999999999
1989-07-25 00:00:00,79.8299999999999
1989-07-26 00:00:00,79.8299999999999
1989-07-27 00:00:00,79.8699999999999
1989-07-28 00:00:00,79.9899999999999
1989-07-31 00:00:00,80.0099999999999
1989-08-01 00:00:00,80.0199999999999
1989-08-02 00:00:00,79.9599999999999
1989-08-03 00:00:00,79.92999999999991
1989-08-04 00:00:00,79.67999999999991
1989-08-07 00:00:00,79.67999999999991
1989-08-08 00:00:00,79.7199999999999
1989-08-09 00:00:00,79.6999999999999
1989-08-10 00:00:00,79.7699999999999
1989-08-11 00:00:00,79.6599999999999
1989-08-14 00:00:00,79.4899999999999
1989-08-15 00:00:00,79.56999999999991
1989-08-16 00:00:00,79.7299999999999
1989-08-17 00:00:00,79.6899999999999
1989-08-18 00:00:00,79.6699999999999
1989-08-21 00:00:00,79.6699999999999
1989-08-22 00:00:00,79.5899999999999
1989-08-23 00:00:00,79.6399999999999
1989-08-24 00:00:00,79.6699999999999
1989-08-25 00:00:00,79.6699999999999
1989-08-28 00:00:00,79.6199999999999
1989-08-29 00:00:00,79.56999999999991
1989-08-30 00:00:00,79.56999999999991
1989-08-31 00:00:00,79.5499999999999
1989-09-01 00:00:00,79.6899999999999
1989-09-05 00:00:00,79.5899999999999
1989-09-06 00:00:00,79.5599999999999
1989-09-07 00:00:00,79.5999999999999
1989-09-08 00:00:00,79.6599999999999
1989-09-11 00:00:00,79.6899999999999
1989-09-12 00:00:00,79.67999999999991
1989-09-13 00:00:00,79.6499999999999
1989-09-14 00:00:00,79.6499999999999
1989-09-15 00:00:00,79.6699999999999
1989-09-18 00:00:00,79.6999999999999
1989-09-19 00:00:00,79.6899999999999
1989-09-20 00:00:00,79.6299999999999
1989-09-21 00:00:00,79.5999999999999
1989-09-22 00:00:00,79.5999999999999
1989-09-25 00:00:00,79.50999999999989
1989-09-26 00:00:00,79.5199999999999
1989-09-27 00:00:00,79.47999999999989
1989-09-28 00:00:00,79.3899999999999
1989-09-29 00:00:00,79.3599999999999
1989-10-02 00:00:00,79.3799999999999
1989-10-03 00:00:00,79.47999999999989
1989-10-04 00:00:00,79.4999999999999
1989-10-05 00:00:00,79.5899999999999
1989-10-06 00:00:00,79.6999999999999
1989-10-09 00:00:00,79.7099999999999
1989-10-10 00:00:00,79.7199999999999
1989-10-11 00:00:00,79.6999999999999
1989-10-12 00:00:00,79.7399999999999
1989-10-13 00:00:00,79.75999999999989
1989-10-16 00:00:00,79.72999999999989
1989-10-17 00:00:00,79.7199999999999
1989-10-18 00:00:00,79.7499999999999
1989-10-19 00:00:00,79.75999999999989
1989-10-20 00:00:00,79.72999999999989
1989-10-23 00:00:00,79.7499999999999
1989-10-24 00:00:00,79.8099999999999
1989-10-25 00:00:00,79.8199999999999
1989-10-26 00:00:00,79.8099999999999
1989-10-27 00:00:00,79.7199999999999
1989-10-30 00:00:00,79.7199999999999
1989-10-31 00:00:00,79.7199999999999
1989-11-01 00:00:00,79.75999999999989
1989-11-02 00:00:00,79.7699999999999
1989-11-03 00:00:00,79.6699999999999
1989-11-06 00:00:00,79.5999999999999
1989-11-07 00:00:00,79.7699999999999
1989-11-08 00:00:00,79.7999999999999
1989-11-09 00:00:00,79.7499999999999
1989-11-10 00:00:00,79.72999999999989
1989-11-13 00:00:00,79.6799999999999
1989-11-14 00:00:00,79.75999999999989
1989-11-15 00:00:00,79.8299999999999
1989-11-16 00:00:00,79.8199999999999
1989-11-17 00:00:00,79.8199999999999
1989-11-20 00:00:00,79.7799999999999
1989-11-21 00:00:00,79.8299999999999
1989-11-22 00:00:00,79.8599999999999
1989-11-24 00:00:00,79.9099999999999
1989-11-27 00:00:00,79.78999999999989
1989-11-28 00:00:00,79.7699999999999
1989-11-29 00:00:00,79.7499999999999
1989-11-30 00:00:00,79.7799999999999
1989-12-01 00:00:00,79.8099999999999
1989-12-04 00:00:00,79.7799999999999
1989-12-05 00:00:00,79.7699999999999
1989-12-06 00:00:00,79.7499999999999
1989-12-07 00:00:00,79.7199999999999
1989-12-08 00:00:00,79.8099999999999
1989-12-11 00:00:00,79.8099999999999
1989-12-12 00:00:00,79.7799999999999
1989-12-13 00:00:00,79.75999999999989
1989-12-14 00:00:00,79.8299999999999
1989-12-15 00:00:00,79.8599999999999
1989-12-18 00:00:00,79.8899999999999
1989-12-19 00:00:00,79.8499999999999
1989-12-20 00:00:00,79.86999999999989
1989-12-21 00:00:00,79.8299999999999
1989-12-22 00:00:00,79.7699999999999
1989-12-26 00:00:00,79.6899999999999
1989-12-27 00:00:00,79.6599999999999
1989-12-28 00:00:00,79.6599999999999
1989-12-29 00:00:00,79.6799999999999
1990-01-02 00:00:00,79.6399999999999
1990-01-03 00:00:00,79.5999999999999
1990-01-04 00:00:00,79.6699999999999
1990-01-05 00:00:00,79.6599999999999
1990-01-08 00:00:00,79.6599999999999
1990-01-09 00:00:00,79.69999999999989
1990-01-10 00:00:00,79.6799999999999
1990-01-11 00:00:00,79.6599999999999
1990-01-12 00:00:00,79.5999999999999
1990-01-15 00:00:00,79.50999999999989
1990-01-16 00:00:00,79.4399999999999
1990-01-17 00:00:00,79.4899999999999
1990-01-18 00:00:00,79.3599999999999
1990-01-19 00:00:00,79.39999999999989
1990-01-22 00:00:00,79.39999999999989
1990-01-23 00:00:00,79.39999999999989
1990-01-24 00:00:00,79.33999999999989
1990-01-25 00:00:00,79.2799999999999
1990-01-26 00:00:00,79.2099999999999
1990-01-29 00:00:00,79.2199999999999
1990-01-30 00:00:00,79.14999999999989
1990-01-31 00:00:00,79.19999999999989
1990-02-01 00:00:00,79.2399999999999
1990-02-02 00:00:00,79.19999999999989
1990-02-05 00:00:00,79.19999999999989
1990-02-06 00:00:00,79.1899999999999
1990-02-07 00:00:00,79.1699999999999
1990-02-08 00:00:00,79.25999999999989
1990-02-09 00:00:00,79.39999999999989
1990-02-12 00:00:00,79.3599999999999
1990-02-13 00:00:00,79.3899999999999
1990-02-14 00:00:00,79.3499999999999
1990-02-15 00:00:00,79.2499999999999
1990-02-16 00:00:00,79.3099999999999
1990-02-20 00:00:00,79.0999999999999
1990-02-21 00:00:00,79.14999999999989
1990-02-22 00:00:00,79.1599999999999
1990-02-23 00:00:00,79.2199999999999
1990-02-26 00:00:00,79.2799999999999
1990-02-27 00:00:00,79.2799999999999
1990-02-28 00:00:00,79.2399999999999
1990-03-01 00:00:00,79.1899999999999
1990-03-02 00:00:00,79.2199999999999
1990-03-05 00:00:00,79.11999999999989
1990-03-06 00:00:00,79.1399999999999
1990-03-07 00:00:00,79.1599999999999
1990-03-08 00:00:00,79.1299999999999
1990-03-09 00:00:00,79.0499999999999
1990-03-12 00:00:00,79.11999999999989
1990-03-13 00:00:00,79.0599999999999
1990-03-14 00:00:00,79.0999999999999
1990-03-15 00:00:00,79.08999999999989
1990-03-16 00:00:00,79.13999999999989
1990-03-19 00:00:00,79.11999999999989
1990-03-20 00:00:00,79.10999999999989
1990-03-21 00:00:00,79.08999999999989
1990-03-22 00:00:00,79.1299999999999
1990-03-23 00:00:00,79.13999999999989
1990-03-26 00:00:00,79.16999999999989
1990-03-27 00:00:00,79.16999999999989
1990-03-28 00:00:00,79.1899999999999
1990-03-29 00:00:00,79.1299999999999
1990-03-30 00:00:00,79.0699999999999
1990-04-02 00:00:00,79.0799999999999
1990-04-03 00:00:00,79.08999999999989
1990-04-04 00:00:00,79.1299999999999
1990-04-05 00:00:00,79.11999999999989
1990-04-06 00:00:00,79.1299999999999
1990-04-09 00:00:00,79.0799999999999
1990-04-10 00:00:00,79.08999999999989
1990-04-11 00:00:00,79.08999999999989
1990-04-12 00:00:00,79.0499999999999
1990-04-16 00:00:00,79.0199999999999
1990-04-17 00:00:00,78.9299999999999
1990-04-18 00:00:00,78.7999999999999
1990-04-19 00:00:00,78.7999999999999
1990-04-20 00:00:00,78.7999999999999
1990-04-23 00:00:00,78.75999999999989
1990-04-24 00:00:00,78.72999999999989
1990-04-25 00:00:00,78.74999999999989
1990-04-26 00:00:00,78.6799999999999
1990-04-27 00:00:00,78.7099999999999
1990-04-30 00:00:00,78.72999999999989
1990-05-01 00:00:00,78.71999999999989
1990-05-02 00:00:00,78.72999999999989
1990-05-03 00:00:00,78.7699999999999
1990-05-04 00:00:00,78.94999999999989
1990-05-07 00:00:00,78.88999999999989
1990-05-08 00:00:00,78.91999999999989
1990-05-09 00:00:00,78.85999999999989
1990-05-10 00:00:00,78.9099999999999
1990-05-11 00:00:00,79.02999999999989
1990-05-14 00:00:00,79.05999999999989
1990-05-15 00:00:00,79.02999999999989
1990-05-16 00:00:00,79.03999999999989
1990-05-17 00:00:00,78.99999999999989
1990-05-18 00:00:00,78.9599999999999
1990-05-21 00:00:00,78.96999999999989
1990-05-22 00:00:00,79.02999999999989
1990-05-23 00:00:00,79.05999999999989
1990-05-24 00:00:00,79.0699999999999
1990-05-25 00:00:00,79.00999999999989
1990-05-29 00:00:00,79.03999999999989
1990-05-30 00:00:00,79.0799999999999
1990-05-31 00:00:00,79.0699999999999
1990-06-01 00:00:00,79.2099999999999
1990-06-04 00:00:00,79.1899999999999
1990-06-05 00:00:00,79.1799999999999
1990-06-06 00:00:00,79.13999999999989
1990-06-07 00:00:00,79.13999999999989
1990-06-08 00:00:00,79.13999999999989
1990-06-11 00:00:00,79.10999999999989
1990-06-12 00:00:00,79.08999999999989
1990-06-13 00:00:00,79.16999999999989
1990-06-14 00:00:00,79.1899999999999
1990-06-15 00:00:00,79.11999999999989
1990-06-18 00:00:00,79.05999999999989
1990-06-19 00:00:00,79.04999999999988
1990-06-20 00:00:00,79.02999999999989
1990-06-21 00:00:00,79.04999999999988
1990-06-22 00:00:00,79.05999999999989
1990-06-25 00:00:00,79.00999999999989
1990-06-26 00:00:00,79.02999999999989
1990-06-27 00:00:00,79.0699999999999
1990-06-28 00:00:00,79.14999999999989
1990-06-29 00:00:00,79.21999999999989
1990-07-02 00:00:00,79.21999999999989
1990-07-03 00:00:00,79.2399999999999
1990-07-05 00:00:00,79.21999999999989
1990-07-06 00:00:00,79.1299999999999
1990-07-09 00:00:00,79.05999999999989
1990-07-10 00:00:00,79.04999999999988
1990-07-11 00:00:00,79.05999999999989
1990-07-12 00:00:00,79.11999999999989
1990-07-13 00:00:00,79.18999999999988
1990-07-16 00:00:00,79.18999999999988
1990-07-17 00:00:00,79.2099999999999
1990-07-18 00:00:00,79.18999999999988
1990-07-19 00:00:00,79.19999999999989
1990-07-20 00:00:00,79.26999999999988
1990-07-23 00:00:00,79.28999999999989
1990-07-24 00:00:00,79.22999999999989
1990-07-25 00:00:00,79.24999999999989
1990-07-26 00:00:00,79.21999999999989
1990-07-27 00:00:00,79.30999999999989
1990-07-30 00:00:00,79.38999999999989
1990-07-31 00:00:00,79.4599999999999
1990-08-01 00:00:00,79.51999999999988
1990-08-02 00:00:00,79.4299999999999
1990-08-03 00:00:00,79.4599999999999
1990-08-06 00:00:00,79.18999999999988
1990-08-07 00:00:00,79.0699999999999
1990-08-08 00:00:00,79.0699999999999
1990-08-09 00:00:00,79.15999999999988
1990-08-10 00:00:00,79.10999999999989
1990-08-13 00:00:00,79.1799999999999
1990-08-14 00:00:00,79.19999999999989
1990-08-15 00:00:00,79.22999999999989
1990-08-16 00:00:00,79.16999999999989
1990-08-17 00:00:00,79.19999999999989
1990-08-20 00:00:00,79.2099999999999
1990-08-21 00:00:00,79.13999999999989
1990-08-22 00:00:00,79.1299999999999
1990-08-23 00:00:00,79.08999999999989
1990-08-24 00:00:00,79.03999999999989
1990-08-27 00:00:00,79.1799999999999
1990-08-28 00:00:00,79.10999999999989
1990-08-29 00:00:00,79.18999999999988
1990-08-30 00:00:00,79.18999999999988
1990-08-31 00:00:00,79.2099999999999
1990-09-04 00:00:00,79.19999999999989
1990-09-05 00:00:00,79.22999999999989
1990-09-06 00:00:00,79.2399999999999
1990-09-07 00:00:00,79.26999999999988
1990-09-10 00:00:00,79.24999999999989
1990-09-11 00:00:00,79.24999999999989
1990-09-12 00:00:00,79.27999999999989
1990-09-13 00:00:00,79.3199999999999
1990-09-14 00:00:00,79.29999999999988
1990-09-17 00:00:00,79.28999999999988
1990-09-18 00:00:00,79.28999999999988
1990-09-19 00:00:00,79.25999999999988
1990-09-20 00:00:00,79.23999999999988
1990-09-21 00:00:00,79.18999999999988
1990-09-24 00:00:00,79.11999999999988
1990-09-25 00:00:00,79.09999999999988
1990-09-26 00:00:00,79.08999999999989
1990-09-27 00:00:00,79.19999999999989
1990-09-28 00:00:00,79.22999999999989
1990-10-01 00:00:00,79.26999999999988
1990-10-02 00:00:00,79.25999999999988
1990-10-03 00:00:00,79.25999999999988
1990-10-04 00:00:00,79.24999999999989
1990-10-05 00:00:00,79.26999999999988
1990-10-08 00:00:00,79.28999999999988
1990-10-09 00:00:00,79.16999999999989
1990-10-10 00:00:00,79.08999999999989
1990-10-11 00:00:00,79.04999999999988
1990-10-12 00:00:00,79.08999999999989
1990-10-15 00:00:00,79.08999999999989
1990-10-16 00:00:00,79.09999999999988
1990-10-17 00:00:00,79.14999999999988
1990-10-18 00:00:00,79.21999999999989
1990-10-19 00:00:00,79.34999999999988
1990-10-22 00:00:00,79.37999999999988
1990-10-23 00:00:00,79.38999999999989
1990-10-24 00:00:00,79.38999999999989
1990-10-25 00:00:00,79.39999999999988
1990-10-26 00:00:00,79.38999999999989
1990-10-29 00:00:00,79.33999999999989
1990-10-30 00:00:00,79.31999999999988
1990-10-31 00:00:00,79.35999999999989
1990-11-01 00:00:00,79.42999999999988
1990-11-02 00:00:00,79.41999999999989
1990-11-05 00:00:00,79.43999999999988
1990-11-06 00:00:00,79.42999999999988
1990-11-07 00:00:00,79.41999999999989
1990-11-08 00:00:00,79.43999999999988
1990-11-09 00:00:00,79.50999999999988
1990-11-12 00:00:00,79.56999999999988
1990-11-13 00:00:00,79.59999999999988
1990-11-14 00:00:00,79.59999999999988
1990-11-15 00:00:00,79.61999999999988
1990-11-16 00:00:00,79.65999999999988
1990-11-19 00:00:00,79.64999999999988
1990-11-20 00:00:00,79.68999999999988
1990-11-21 00:00:00,79.76999999999988
1990-11-23 00:00:00,79.77999999999989
1990-11-26 00:00:00,79.75999999999988
1990-11-27 00:00:00,79.70999999999988
1990-11-28 00:00:00,79.72999999999989
1990-11-29 00:00:00,79.71999999999989
1990-11-30 00:00:00,79.71999999999989
1990-12-03 00:00:00,79.72999999999989
1990-12-04 00:00:00,79.74999999999989
1990-12-05 00:00:00,79.74999999999989
1990-12-06 00:00:00,79.76999999999988
1990-12-07 00:00:00,79.87999999999988
1990-12-10 00:00:00,79.84999999999988
1990-12-11 00:00:00,79.87999999999988
1990-12-12 00:00:00,79.90999999999988
1990-12-13 00:00:00,79.84999999999988
1990-12-14 00:00:00,79.77999999999989
1990-12-17 00:00:00,79.8199999999999
1990-12-18 00:00:00,79.83999999999989
1990-12-19 00:00:00,79.83999999999989
1990-12-20 00:00:00,79.8199999999999
1990-12-21 00:00:00,79.7999999999999
1990-12-24 00:00:00,79.7399999999999
1990-12-26 00:00:00,79.7499999999999
1990-12-27 00:00:00,79.7499999999999
1990-12-28 00:00:00,79.6899999999999
1990-12-31 00:00:00,79.69999999999989
1991-01-02 00:00:00,79.75999999999989
1991-01-03 00:00:00,79.8199999999999
1991-01-04 00:00:00,79.77999999999989
1991-01-07 00:00:00,79.6899999999999
1991-01-08 00:00:00,79.69999999999989
1991-01-09 00:00:00,79.5699999999999
1991-01-10 00:00:00,79.61999999999989
1991-01-11 00:00:00,79.58999999999989
1991-01-14 00:00:00,79.5499999999999
1991-01-15 00:00:00,79.6299999999999
1991-01-16 00:00:00,79.6099999999999
1991-01-17 00:00:00,79.7099999999999
1991-01-18 00:00:00,79.7399999999999
1991-01-21 00:00:00,79.7699999999999
1991-01-22 00:00:00,79.7399999999999
1991-01-23 00:00:00,79.78999999999989
1991-01-24 00:00:00,79.8299999999999
1991-01-25 00:00:00,79.77999999999989
1991-01-28 00:00:00,79.77999999999989
1991-01-29 00:00:00,79.80999999999989
1991-01-30 00:00:00,79.83999999999989
1991-01-31 00:00:00,79.8799999999999
1991-02-01 00:00:00,80.00999999999989
1991-02-04 00:00:00,80.0499999999999
1991-02-05 00:00:00,80.05999999999989
1991-02-06 00:00:00,80.0499999999999
1991-02-07 00:00:00,80.05999999999989
1991-02-08 00:00:00,80.08999999999989
1991-02-11 00:00:00,80.14999999999989
1991-02-12 00:00:00,80.1799999999999
1991-02-13 00:00:00,80.19999999999989
1991-02-14 00:00:00,80.2099999999999
1991-02-15 00:00:00,80.1899999999999
1991-02-19 00:00:00,80.0999999999999
1991-02-20 00:00:00,80.0699999999999
1991-02-21 00:00:00,80.00999999999989
1991-02-22 00:00:00,79.94999999999989
1991-02-25 00:00:00,79.91999999999989
1991-02-26 00:00:00,79.8599999999999
1991-02-27 00:00:00,79.86999999999989
1991-02-28 00:00:00,79.83999999999989
1991-03-01 00:00:00,79.72999999999989
1991-03-04 00:00:00,79.75999999999989
1991-03-05 00:00:00,79.8299999999999
1991-03-06 00:00:00,79.7999999999999
1991-03-07 00:00:00,79.83999999999989
1991-03-08 00:00:00,79.75999999999989
1991-03-11 00:00:00,79.7399999999999
1991-03-12 00:00:00,79.69999999999989
1991-03-13 00:00:00,79.72999999999989
1991-03-14 00:00:00,79.80999999999989
1991-03-15 00:00:00,79.7699999999999
1991-03-18 00:00:00,79.6799999999999
1991-03-19 00:00:00,79.5499999999999
1991-03-20 00:00:00,79.6099999999999
1991-03-21 00:00:00,79.64999999999989
1991-03-22 00:00:00,79.6799999999999
1991-03-25 00:00:00,79.6799999999999
1991-03-26 00:00:00,79.6899999999999
1991-03-27 00:00:00,79.72999999999989
1991-03-28 00:00:00,79.75999999999989
1991-04-01 00:00:00,79.7699999999999
1991-04-02 00:00:00,79.8599999999999
1991-04-03 00:00:00,79.8799999999999
1991-04-04 00:00:00,79.9299999999999
1991-04-05 00:00:00,79.9299999999999
1991-04-08 00:00:00,79.9099999999999
1991-04-09 00:00:00,79.8599999999999
1991-04-10 00:00:00,79.75999999999989
1991-04-11 00:00:00,79.7799999999999
1991-04-12 00:00:00,79.8599999999999
1991-04-15 00:00:00,79.8399999999999
1991-04-16 00:00:00,79.8299999999999
1991-04-17 00:00:00,79.8599999999999
1991-04-18 00:00:00,79.8199999999999
1991-04-19 00:00:00,79.8199999999999
1991-04-22 00:00:00,79.8199999999999
1991-04-23 00:00:00,79.8199999999999
1991-04-24 00:00:00,79.86999999999989
1991-04-25 00:00:00,79.86999999999989
1991-04-26 00:00:00,79.86999999999989
1991-04-29 00:00:00,79.86999999999989
1991-04-30 00:00:00,79.8799999999999
1991-05-01 00:00:00,79.8399999999999
1991-05-02 00:00:00,79.8799999999999
1991-05-03 00:00:00,79.8599999999999
1991-05-06 00:00:00,79.8399999999999
1991-05-07 00:00:00,79.8299999999999
1991-05-08 00:00:00,79.8099999999999
1991-05-09 00:00:00,79.8099999999999
1991-05-10 00:00:00,79.7699999999999
1991-05-13 00:00:00,79.7499999999999
1991-05-14 00:00:00,79.7199999999999
1991-05-15 00:00:00,79.7399999999999
1991-05-16 00:00:00,79.7699999999999
1991-05-17 00:00:00,79.7499999999999
1991-05-20 00:00:00,79.7499999999999
1991-05-21 00:00:00,79.7999999999999
1991-05-22 00:00:00,79.8499999999999
1991-05-23 00:00:00,79.8799999999999
1991-05-24 00:00:00,79.8899999999999
1991-05-28 00:00:00,79.89999999999989
1991-05-29 00:00:00,79.9099999999999
1991-05-30 00:00:00,79.9399999999999
1991-05-31 00:00:00,79.8899999999999
1991-06-03 00:00:00,79.8399999999999
1991-06-04 00:00:00,79.86999999999989
1991-06-05 00:00:00,79.8599999999999
1991-06-06 00:00:00,79.7999999999999
1991-06-07 00:00:00,79.7399999999999
1991-06-10 00:00:00,79.7699999999999
1991-06-11 00:00:00,79.75999999999989
1991-06-12 00:00:00,79.6999999999999
1991-06-13 00:00:00,79.6999999999999
1991-06-14 00:00:00,79.7499999999999
1991-06-17 00:00:00,79.7499999999999
1991-06-18 00:00:00,79.7899999999999
1991-06-19 00:00:00,79.7899999999999
1991-06-20 00:00:00,79.8299999999999
1991-06-21 00:00:00,79.7799999999999
1991-06-24 00:00:00,79.73999999999991
1991-06-25 00:00:00,79.6899999999999
1991-06-26 00:00:00,79.6899999999999
1991-06-27 00:00:00,79.67999999999991
1991-06-28 00:00:00,79.7299999999999
1991-07-01 00:00:00,79.6699999999999
1991-07-02 00:00:00,79.6899999999999
1991-07-03 00:00:00,79.67999999999991
1991-07-05 00:00:00,79.6099999999999
1991-07-08 00:00:00,79.6499999999999
1991-07-09 00:00:00,79.6399999999999
1991-07-10 00:00:00,79.65999999999991
1991-07-11 00:00:00,79.7199999999999
1991-07-12 00:00:00,79.76999999999991
1991-07-15 00:00:00,79.7599999999999
1991-07-16 00:00:00,79.7599999999999
1991-07-17 00:00:00,79.7499999999999
1991-07-18 00:00:00,79.7499999999999
1991-07-19 00:00:00,79.8299999999999
1991-07-22 00:00:00,79.8299999999999
1991-07-23 00:00:00,79.8099999999999
1991-07-24 00:00:00,79.84999999999991
1991-07-25 00:00:00,79.87999999999991
1991-07-26 00:00:00,79.8899999999999
1991-07-29 00:00:00,79.8699999999999
1991-07-30 00:00:00,79.8699999999999
1991-07-31 00:00:00,79.87999999999991
1991-08-01 00:00:00,79.87999999999991
1991-08-02 00:00:00,80.0099999999999
1991-08-05 00:00:00,80.0099999999999
1991-08-06 00:00:00,80.1099999999999
1991-08-07 00:00:00,80.1199999999999
1991-08-08 00:00:00,80.09999999999991
1991-08-09 00:00:00,80.1199999999999
1991-08-12 00:00:00,80.1199999999999
1991-08-13 00:00:00,80.1699999999999
1991-08-14 00:00:00,80.2599999999999
1991-08-15 00:00:00,80.2599999999999
1991-08-16 00:00:00,80.3299999999999
1991-08-19 00:00:00,80.31999999999991
1991-08-20 00:00:00,80.3399999999999
1991-08-21 00:00:00,80.3399999999999
1991-08-22 00:00:00,80.3399999999999
1991-08-23 00:00:00,80.2799999999999
1991-08-26 00:00:00,80.2299999999999
1991-08-27 00:00:00,80.23999999999991
1991-08-28 00:00:00,80.2999999999999
1991-08-29 00:00:00,80.3699999999999
1991-08-30 00:00:00,80.2999999999999
1991-09-03 00:00:00,80.34999999999991
1991-09-04 00:00:00,80.3599999999999
1991-09-05 00:00:00,80.37999999999991
1991-09-06 00:00:00,80.4399999999999
1991-09-09 00:00:00,80.45999999999991
1991-09-10 00:00:00,80.4799999999999
1991-09-11 00:00:00,80.48999999999991
1991-09-12 00:00:00,80.5299999999999
1991-09-13 00:00:00,80.5899999999999
1991-09-16 00:00:00,80.59999999999991
1991-09-17 00:00:00,80.60999999999991
1991-09-18 00:00:00,80.59999999999991
1991-09-19 00:00:00,80.57999999999991
1991-09-20 00:00:00,80.60999999999991
1991-09-23 00:00:00,80.5899999999999
1991-09-24 00:00:00,80.59999999999991
1991-09-25 00:00:00,80.59999999999991
1991-09-26 00:00:00,80.62999999999991
1991-09-27 00:00:00,80.6699999999999
1991-09-30 00:00:00,80.71999999999991
1991-10-01 00:00:00,80.73999999999991
1991-10-02 00:00:00,80.6999999999999
1991-10-03 00:00:00,80.7299999999999
1991-10-04 00:00:00,80.76999999999991
1991-10-07 00:00:00,80.7499999999999
1991-10-08 00:00:00,80.7299999999999
1991-10-09 00:00:00,80.65999999999991
1991-10-10 00:00:00,80.6199999999999
1991-10-11 00:00:00,80.68999999999991
1991-10-14 00:00:00,80.71999999999991
1991-10-15 00:00:00,80.68999999999991
1991-10-16 00:00:00,80.71999999999991
1991-10-17 00:00:00,80.65999999999991
1991-10-18 00:00:00,80.6699999999999
1991-10-21 00:00:00,80.60999999999991
1991-10-22 00:00:00,80.56999999999991
1991-10-23 00:00:00,80.5299999999999
1991-10-24 00:00:00,80.56999999999991
1991-10-25 00:00:00,80.54999999999991
1991-10-28 00:00:00,80.5899999999999
1991-10-29 00:00:00,80.65999999999991
1991-10-30 00:00:00,80.65999999999991
1991-10-31 00:00:00,80.6699999999999
1991-11-01 00:00:00,80.68999999999991
1991-11-04 00:00:00,80.67999999999991
1991-11-05 00:00:00,80.65999999999991
1991-11-06 00:00:00,80.70999999999991
1991-11-07 00:00:00,80.7899999999999
1991-11-08 00:00:00,80.79999999999991
1991-11-11 00:00:00,80.82999999999991
1991-11-12 00:00:00,80.90999999999991
1991-11-13 00:00:00,80.9799999999999
1991-11-14 00:00:00,81.07999999999991
1991-11-15 00:00:00,81.12999999999991
1991-11-18 00:00:00,81.12999999999991
1991-11-19 00:00:00,81.1499999999999
1991-11-20 00:00:00,81.07999999999991
1991-11-21 00:00:00,81.04999999999991
1991-11-22 00:00:00,81.01999999999991
1991-11-25 00:00:00,80.9999999999999
1991-11-26 00:00:00,81.0099999999999
1991-11-27 00:00:00,80.9999999999999
1991-11-29 00:00:00,81.0399999999999
1991-12-02 00:00:00,81.0899999999999
1991-12-03 00:00:00,81.1399999999999
1991-12-04 00:00:00,81.2299999999999
1991-12-05 00:00:00,81.2499999999999
1991-12-06 00:00:00,81.23999999999991
1991-12-09 00:00:00,81.26999999999991
1991-12-10 00:00:00,81.23999999999991
1991-12-11 00:00:00,81.2499999999999
1991-12-12 00:00:00,81.26999999999991
1991-12-13 00:00:00,81.2299999999999
1991-12-16 00:00:00,81.23999999999991
1991-12-17 00:00:00,81.24999999999991
1991-12-18 00:00:00,81.20999999999992
1991-12-19 00:00:00,81.25999999999992
1991-12-20 00:00:00,81.36999999999992
1991-12-23 00:00:00,81.39999999999992
1991-12-24 00:00:00,81.39999999999992
1991-12-26 00:00:00,81.41999999999992
1991-12-27 00:00:00,81.43999999999991
1991-12-30 00:00:00,81.47999999999992
1991-12-31 00:00:00,81.52999999999992
1992-01-02 00:00:00,81.46999999999991
1992-01-03 00:00:00,81.41999999999992
1992-01-06 00:00:00,81.41999999999992
1992-01-07 00:00:00,81.50999999999992
1992-01-08 00:00:00,81.50999999999992
1992-01-09 00:00:00,81.45999999999992
1992-01-10 00:00:00,81.38999999999992
1992-01-13 00:00:00,81.33999999999992
1992-01-14 00:00:00,81.08999999999992
1992-01-15 00:00:00,81.11999999999992
1992-01-16 00:00:00,81.07999999999991
1992-01-17 00:00:00,81.03999999999992
1992-01-20 00:00:00,81.09999999999992
1992-01-21 00:00:00,81.09999999999992
1992-01-22 00:00:00,81.09999999999992
1992-01-23 00:00:00,81.05999999999992
1992-01-24 00:00:00,80.97999999999992
1992-01-27 00:00:00,80.99999999999991
1992-01-28 00:00:00,81.09999999999992
1992-01-29 00:00:00,80.98999999999991
1992-01-30 00:00:00,80.91999999999992
1992-01-31 00:00:00,80.97999999999992
1992-02-03 00:00:00,80.92999999999992
1992-02-04 00:00:00,80.95999999999992
1992-02-05 00:00:00,80.99999999999991
1992-02-06 00:00:00,81.03999999999992
1992-02-07 00:00:00,81.05999999999992
1992-02-10 00:00:00,81.04999999999991
1992-02-11 00:00:00,80.98999999999991
1992-02-12 00:00:00,80.96999999999991
1992-02-13 00:00:00,80.83999999999992
1992-02-14 00:00:00,80.79999999999991
1992-02-18 00:00:00,80.76999999999991
1992-02-19 00:00:00,80.77999999999992
1992-02-20 00:00:00,80.81999999999992
1992-02-21 00:00:00,80.69999999999992
1992-02-24 00:00:00,80.70999999999992
1992-02-25 00:00:00,80.75999999999992
1992-02-26 00:00:00,80.83999999999992
1992-02-27 00:00:00,80.87999999999991
1992-02-28 00:00:00,80.99999999999991
1992-03-02 00:00:00,80.90999999999991
1992-03-03 00:00:00,80.92999999999992
1992-03-04 00:00:00,80.92999999999992
1992-03-05 00:00:00,80.80999999999992
1992-03-06 00:00:00,80.81999999999992
1992-03-09 00:00:00,80.86999999999992
1992-03-10 00:00:00,80.91999999999992
1992-03-11 00:00:00,80.85999999999991
1992-03-12 00:00:00,80.67999999999992
1992-03-13 00:00:00,80.60999999999991
1992-03-16 00:00:00,80.59999999999992
1992-03-17 00:00:00,80.62999999999991
1992-03-18 00:00:00,80.60999999999991
1992-03-19 00:00:00,80.64999999999992
1992-03-20 00:00:00,80.56999999999992
1992-03-23 00:00:00,80.57999999999991
1992-03-24 00:00:00,80.64999999999992
1992-03-25 00:00:00,80.66999999999992
1992-03-26 00:00:00,80.65999999999991
1992-03-27 00:00:00,80.69999999999992
1992-03-30 00:00:00,80.73999999999992
1992-03-31 00:00:00,80.74999999999991
1992-04-01 00:00:00,80.81999999999992
1992-04-02 00:00:00,80.79999999999991
1992-04-03 00:00:00,80.91999999999992
1992-04-06 00:00:00,80.91999999999992
1992-04-07 00:00:00,80.90999999999991
1992-04-08 00:00:00,80.91999999999992
1992-04-09 00:00:00,81.05999999999992
1992-04-10 00:00:00,80.95999999999992
1992-04-13 00:00:00,80.95999999999992
1992-04-14 00:00:00,80.94999999999992
1992-04-15 00:00:00,80.94999999999992
1992-04-16 00:00:00,80.85999999999991
1992-04-20 00:00:00,80.75999999999992
1992-04-21 00:00:00,80.77999999999992
1992-04-22 00:00:00,80.75999999999992
1992-04-23 00:00:00,80.74999999999991
1992-04-24 00:00:00,80.80999999999992
1992-04-27 00:00:00,80.76999999999991
1992-04-28 00:00:00,80.80999999999992
1992-04-29 00:00:00,80.80999999999992
1992-04-30 00:00:00,80.81999999999992
1992-05-01 00:00:00,80.88999999999992
1992-05-04 00:00:00,80.86999999999992
1992-05-05 00:00:00,80.85999999999991
1992-05-06 00:00:00,80.89999999999992
1992-05-07 00:00:00,80.87999999999991
1992-05-08 00:00:00,80.94999999999992
1992-05-11 00:00:00,81.01999999999991
1992-05-12 00:00:00,81.07999999999991
1992-05-13 00:00:00,81.17999999999992
1992-05-14 00:00:00,81.16999999999992
1992-05-15 00:00:00,81.19999999999992
1992-05-18 00:00:00,81.24999999999991
1992-05-19 00:00:00,81.35999999999991
1992-05-20 00:00:00,81.33999999999992
1992-05-21 00:00:00,81.18999999999991
1992-05-22 00:00:00,81.24999999999991
1992-05-26 00:00:00,81.18999999999991
1992-05-27 00:00:00,81.20999999999992
1992-05-28 00:00:00,81.25999999999992
1992-05-29 00:00:00,81.28999999999992
1992-06-01 00:00:00,81.20999999999992
1992-06-02 00:00:00,81.26999999999991
1992-06-03 00:00:00,81.31999999999992
1992-06-04 00:00:00,81.29999999999991
1992-06-05 00:00:00,81.34999999999992
1992-06-08 00:00:00,81.35999999999991
1992-06-09 00:00:00,81.34999999999992
1992-06-10 00:00:00,81.32999999999991
1992-06-11 00:00:00,81.33999999999992
1992-06-12 00:00:00,81.39999999999992
1992-06-15 00:00:00,81.41999999999992
1992-06-16 00:00:00,81.46999999999991
1992-06-17 00:00:00,81.46999999999991
1992-06-18 00:00:00,81.51999999999991
1992-06-19 00:00:00,81.47999999999992
1992-06-22 00:00:00,81.50999999999992
1992-06-23 00:00:00,81.46999999999991
1992-06-24 00:00:00,81.5399999999999
1992-06-25 00:00:00,81.56999999999991
1992-06-26 00:00:00,81.55999999999992
1992-06-29 00:00:00,81.56999999999991
1992-06-30 00:00:00,81.55999999999992
1992-07-01 00:00:00,81.60999999999991
1992-07-02 00:00:00,81.79999999999991
1992-07-06 00:00:00,81.84999999999991
1992-07-07 00:00:00,81.89999999999992
1992-07-08 00:00:00,81.84999999999991
1992-07-09 00:00:00,81.83999999999992
1992-07-10 00:00:00,81.86999999999992
1992-07-13 00:00:00,81.84999999999991
1992-07-14 00:00:00,81.86999999999992
1992-07-15 00:00:00,81.94999999999992
1992-07-16 00:00:00,81.97999999999992
1992-07-17 00:00:00,81.94999999999992
1992-07-20 00:00:00,81.92999999999991
1992-07-21 00:00:00,81.93999999999991
1992-07-22 00:00:00,82.02999999999992
1992-07-23 00:00:00,82.30999999999992
1992-07-24 00:00:00,82.30999999999992
1992-07-27 00:00:00,82.33999999999992
1992-07-28 00:00:00,82.39999999999992
1992-07-29 00:00:00,82.43999999999991
1992-07-30 00:00:00,82.20999999999991
1992-07-31 00:00:00,82.16999999999992
1992-08-03 00:00:00,82.14999999999992
1992-08-04 00:00:00,82.23999999999991
1992-08-05 00:00:00,82.27999999999992
1992-08-06 00:00:00,82.29999999999991
1992-08-07 00:00:00,82.38999999999992
1992-08-10 00:00:00,82.50999999999992
1992-08-11 00:00:00,82.5399999999999
1992-08-12 00:00:00,82.48999999999991
1992-08-13 00:00:00,82.47999999999992
1992-08-14 00:00:00,82.48999999999991
1992-08-17 00:00:00,82.49999999999991
1992-08-18 00:00:00,82.56999999999991
1992-08-19 00:00:00,82.59999999999991
1992-08-20 00:00:00,82.60999999999991
1992-08-21 00:00:00,82.49999999999991
1992-08-24 00:00:00,82.2899999999999
1992-08-25 00:00:00,82.25999999999992
1992-08-26 00:00:00,82.25999999999992
1992-08-27 00:00:00,82.29999999999991
1992-08-28 00:00:00,82.35999999999991
1992-08-31 00:00:00,82.41999999999992
1992-09-01 00:00:00,82.51999999999991
1992-09-02 00:00:00,82.54999999999991
1992-09-03 00:00:00,82.55999999999992
1992-09-04 00:00:00,82.71999999999991
1992-09-08 00:00:00,82.81999999999991
1992-09-09 00:00:00,82.76999999999991
1992-09-10 00:00:00,82.74999999999991
1992-09-11 00:00:00,82.68999999999991
1992-09-14 00:00:00,82.71999999999991
1992-09-15 00:00:00,82.67999999999992
1992-09-16 00:00:00,82.61999999999992
1992-09-17 00:00:00,82.61999999999992
1992-09-18 00:00:00,82.56999999999992
1992-09-21 00:00:00,82.52999999999992
1992-09-22 00:00:00,82.46999999999991
1992-09-23 00:00:00,82.43999999999991
1992-09-24 00:00:00,82.47999999999992
1992-09-25 00:00:00,82.59999999999991
1992-09-28 00:00:00,82.67999999999992
1992-09-29 00:00:00,82.65999999999991
1992-09-30 00:00:00,82.65999999999991
1992-10-01 00:00:00,82.79999999999991
1992-10-02 00:00:00,82.79999999999991
1992-10-05 00:00:00,82.81999999999992
1992-10-06 00:00:00,82.75999999999992
1992-10-07 00:00:00,82.55999999999992
1992-10-08 00:00:00,82.55999999999992
1992-10-09 00:00:00,82.43999999999991
1992-10-12 00:00:00,82.45999999999992
1992-10-13 00:00:00,82.48999999999991
1992-10-14 00:00:00,82.51999999999991
1992-10-15 00:00:00,82.54999999999991
1992-10-16 00:00:00,82.46999999999991
1992-10-19 00:00:00,82.32999999999991
1992-10-20 00:00:00,82.03999999999992
1992-10-21 00:00:00,82.16999999999992
1992-10-22 00:00:00,82.18999999999991
1992-10-23 00:00:00,82.09999999999991
1992-10-26 00:00:00,82.11999999999992
1992-10-27 00:00:00,82.26999999999991
1992-10-28 00:00:00,82.29999999999991
1992-10-29 00:00:00,82.30999999999992
1992-10-30 00:00:00,82.23999999999991
1992-11-02 00:00:00,82.16999999999992
1992-11-03 00:00:00,82.12999999999991
1992-11-04 00:00:00,82.10999999999991
1992-11-05 00:00:00,82.08999999999992
1992-11-06 00:00:00,81.96999999999991
1992-11-09 00:00:00,81.95999999999992
1992-11-10 00:00:00,82.05999999999992
1992-11-11 00:00:00,82.12999999999991
1992-11-12 00:00:00,82.18999999999991
1992-11-13 00:00:00,82.11999999999992
1992-11-16 00:00:00,82.02999999999992
1992-11-17 00:00:00,82.10999999999991
1992-11-18 00:00:00,82.18999999999991
1992-11-19 00:00:00,82.17999999999992
1992-11-20 00:00:00,82.11999999999992
1992-11-23 00:00:00,82.08999999999992
1992-11-24 00:00:00,82.14999999999992
1992-11-25 00:00:00,82.05999999999992
1992-11-27 00:00:00,81.95999999999992
1992-11-30 00:00:00,81.96999999999991
1992-12-01 00:00:00,81.97999999999992
1992-12-02 00:00:00,81.98999999999991
1992-12-03 00:00:00,82.01999999999991
1992-12-04 00:00:00,82.12999999999991
1992-12-07 00:00:00,82.19999999999992
1992-12-08 00:00:00,82.21999999999991
1992-12-09 00:00:00,82.19999999999992
1992-12-10 00:00:00,82.19999999999992
1992-12-11 00:00:00,82.13999999999992
1992-12-14 00:00:00,82.13999999999992
1992-12-15 00:00:00,82.18999999999991
1992-12-16 00:00:00,82.23999999999991
1992-12-17 00:00:00,82.19999999999992
1992-12-18 00:00:00,82.16999999999992
1992-12-21 00:00:00,82.19999999999992
1992-12-22 00:00:00,82.23999999999991
1992-12-23 00:00:00,82.23999999999991
1992-12-24 00:00:00,82.22999999999992
1992-12-28 00:00:00,82.20999999999992
1992-12-29 00:00:00,82.23999999999991
1992-12-30 00:00:00,82.26999999999991
1992-12-31 00:00:00,82.20999999999992
1993-01-04 00:00:00,82.33999999999992
1993-01-05 00:00:00,82.34999999999991
1993-01-06 00:00:00,82.34999999999991
1993-01-07 00:00:00,82.22999999999992
1993-01-08 00:00:00,82.28999999999992
1993-01-11 00:00:00,82.33999999999992
1993-01-12 00:00:00,82.30999999999992
1993-01-13 00:00:00,82.34999999999991
1993-01-14 00:00:00,82.37999999999991
1993-01-15 00:00:00,82.42999999999992
1993-01-18 00:00:00,82.40999999999991
1993-01-19 00:00:00,82.40999999999991
1993-01-20 00:00:00,82.43999999999991
1993-01-21 00:00:00,82.46999999999991
1993-01-22 00:00:00,82.55999999999992
1993-01-25 00:00:00,82.62999999999991
1993-01-26 00:00:00,82.60999999999991
1993-01-27 00:00:00,82.62999999999991
1993-01-28 00:00:00,82.67999999999992
1993-01-29 00:00:00,82.72999999999992
1993-02-01 00:00:00,82.76999999999991
1993-02-02 00:00:00,82.71999999999991
1993-02-03 00:00:00,82.73999999999991
1993-02-04 00:00:00,82.83999999999992
1993-02-05 00:00:00,82.97999999999992
1993-02-08 00:00:00,82.93999999999991
1993-02-09 00:00:00,82.92999999999992
1993-02-10 00:00:00,82.81999999999992
1993-02-11 00:00:00,82.87999999999991
1993-02-12 00:00:00,82.87999999999991
1993-02-16 00:00:00,82.93999999999991
1993-02-17 00:00:00,83.03999999999992
1993-02-18 00:00:00,83.18999999999991
1993-02-19 00:00:00,83.18999999999991
1993-02-22 00:00:00,83.20999999999992
1993-02-23 00:00:00,83.37999999999991
1993-02-24 00:00:00,83.31999999999992
1993-02-25 00:00:00,83.29999999999991
1993-02-26 00:00:00,83.29999999999991
1993-03-01 00:00:00,83.37999999999991
1993-03-02 00:00:00,83.39999999999992
1993-03-03 00:00:00,83.50999999999992
1993-03-04 00:00:00,83.57999999999991
1993-03-05 00:00:00,83.45999999999992
1993-03-08 00:00:00,83.46999999999991
1993-03-09 00:00:00,83.39999999999992
1993-03-10 00:00:00,83.34999999999991
1993-03-11 00:00:00,83.40999999999991
1993-03-12 00:00:00,83.21999999999991
1993-03-15 00:00:00,83.12999999999991
1993-03-16 00:00:00,83.25999999999992
1993-03-17 00:00:00,83.31999999999991
1993-03-18 00:00:00,83.44999999999992
1993-03-19 00:00:00,83.38999999999992
1993-03-22 00:00:00,83.36999999999992
1993-03-23 00:00:00,83.43999999999991
1993-03-24 00:00:00,83.39999999999992
1993-03-25 00:00:00,83.38999999999992
1993-03-26 00:00:00,83.24999999999991
1993-03-29 00:00:00,83.27999999999992
1993-03-30 00:00:00,83.33999999999992
1993-03-31 00:00:00,83.32999999999991
1993-04-01 00:00:00,83.33999999999992
1993-04-02 00:00:00,83.22999999999992
1993-04-05 00:00:00,83.26999999999991
1993-04-06 00:00:00,83.31999999999991
1993-04-07 00:00:00,83.32999999999991
1993-04-08 00:00:00,83.43999999999991
1993-04-12 00:00:00,83.47999999999992
1993-04-13 00:00:00,83.44999999999992
1993-04-14 00:00:00,83.49999999999991
1993-04-15 00:00:00,83.49999999999991
1993-04-16 00:00:00,83.49999999999991
1993-04-19 00:00:00,83.54999999999991
1993-04-20 00:00:00,83.55999999999992
1993-04-21 00:00:00,83.59999999999991
1993-04-22 00:00:00,83.61999999999992
1993-04-23 00:00:00,83.57999999999991
1993-04-26 00:00:00,83.5399999999999
1993-04-27 00:00:00,83.44999999999992
1993-04-28 00:00:00,83.42999999999991
1993-04-29 00:00:00,83.52999999999992
1993-04-30 00:00:00,83.48999999999991
1993-05-03 00:00:00,83.55999999999992
1993-05-04 00:00:00,83.57999999999991
1993-05-05 00:00:00,83.58999999999992
1993-05-06 00:00:00,83.64999999999992
1993-05-07 00:00:00,83.64999999999992
1993-05-10 00:00:00,83.67999999999991
1993-05-11 00:00:00,83.67999999999991
1993-05-12 00:00:00,83.65999999999991
1993-05-13 00:00:00,83.59999999999991
1993-05-14 00:00:00,83.59999999999991
1993-05-17 00:00:00,83.51999999999991
1993-05-18 00:00:00,83.49999999999991
1993-05-19 00:00:00,83.5399999999999
1993-05-20 00:00:00,83.54999999999991
1993-05-21 00:00:00,83.50999999999992
1993-05-24 00:00:00,83.49999999999991
1993-05-25 00:00:00,83.48999999999991
1993-05-26 00:00:00,83.51999999999991
1993-05-27 00:00:00,83.49999999999991
1993-05-28 00:00:00,83.48999999999991
1993-06-01 00:00:00,83.60999999999991
1993-06-02 00:00:00,83.59999999999991
1993-06-03 00:00:00,83.64999999999992
1993-06-04 00:00:00,83.55999999999992
1993-06-07 00:00:00,83.59999999999991
1993-06-08 00:00:00,83.58999999999992
1993-06-09 00:00:00,83.59999999999991
1993-06-10 00:00:00,83.57999999999991
1993-06-11 00:00:00,83.69999999999992
1993-06-14 00:00:00,83.73999999999991
1993-06-15 00:00:00,83.75999999999992
1993-06-16 00:00:00,83.73999999999992
1993-06-17 00:00:00,83.73999999999992
1993-06-18 00:00:00,83.69999999999992
1993-06-21 00:00:00,83.75999999999992
1993-06-22 00:00:00,83.75999999999992
1993-06-23 00:00:00,83.75999999999992
1993-06-24 00:00:00,83.80999999999992
1993-06-25 00:00:00,83.85999999999993
1993-06-28 00:00:00,83.88999999999993
1993-06-29 00:00:00,83.90999999999993
1993-06-30 00:00:00,83.88999999999993
1993-07-01 00:00:00,83.89999999999992
1993-07-02 00:00:00,83.91999999999992
1993-07-06 00:00:00,83.87999999999992
1993-07-07 00:00:00,83.88999999999993
1993-07-08 00:00:00,83.91999999999992
1993-07-09 00:00:00,83.94999999999992
1993-07-12 00:00:00,83.96999999999993
1993-07-13 00:00:00,83.95999999999992
1993-07-14 00:00:00,84.01999999999992
1993-07-15 00:00:00,84.01999999999992
1993-07-16 00:00:00,84.02999999999993
1993-07-19 00:00:00,84.01999999999992
1993-07-20 00:00:00,83.93999999999993
1993-07-21 00:00:00,83.86999999999992
1993-07-22 00:00:00,83.78999999999992
1993-07-23 00:00:00,83.73999999999992
1993-07-26 00:00:00,83.75999999999992
1993-07-27 00:00:00,83.74999999999993
1993-07-28 00:00:00,83.77999999999993
1993-07-29 00:00:00,83.86999999999992
1993-07-30 00:00:00,83.84999999999992
1993-08-02 00:00:00,83.78999999999992
1993-08-03 00:00:00,83.80999999999992
1993-08-04 00:00:00,83.80999999999992
1993-08-05 00:00:00,83.84999999999992
1993-08-06 00:00:00,83.87999999999992
1993-08-09 00:00:00,83.92999999999992
1993-08-10 00:00:00,83.88999999999993
1993-08-11 00:00:00,83.90999999999993
1993-08-12 00:00:00,83.92999999999992
1993-08-13 00:00:00,83.97999999999992
1993-08-16 00:00:00,83.98999999999992
1993-08-17 00:00:00,83.98999999999992
1993-08-18 00:00:00,84.00999999999992
1993-08-19 00:00:00,84.08999999999992
1993-08-20 00:00:00,84.11999999999992
1993-08-23 00:00:00,84.11999999999992
1993-08-24 00:00:00,84.21999999999993
1993-08-25 00:00:00,84.23999999999992
1993-08-26 00:00:00,84.29999999999993
1993-08-27 00:00:00,84.29999999999993
1993-08-30 00:00:00,84.33999999999992
1993-08-31 00:00:00,84.33999999999992
1993-09-01 00:00:00,84.34999999999992
1993-09-02 00:00:00,84.39999999999992
1993-09-03 00:00:00,84.50999999999992
1993-09-07 00:00:00,84.54999999999993
1993-09-08 00:00:00,84.53999999999992
1993-09-09 00:00:00,84.43999999999993
1993-09-10 00:00:00,84.49999999999993
1993-09-13 00:00:00,84.49999999999993
1993-09-14 00:00:00,84.39999999999992
1993-09-15 00:00:00,84.42999999999992
1993-09-16 00:00:00,84.41999999999992
1993-09-17 00:00:00,84.40999999999991
1993-09-20 00:00:00,84.38999999999992
1993-09-21 00:00:00,84.37999999999992
1993-09-22 00:00:00,84.37999999999992
1993-09-23 00:00:00,84.36999999999992
1993-09-24 00:00:00,84.37999999999992
1993-09-27 00:00:00,84.48999999999992
1993-09-28 00:00:00,84.50999999999992
1993-09-29 00:00:00,84.44999999999992
1993-09-30 00:00:00,84.39999999999992
1993-10-01 00:00:00,84.46999999999991
1993-10-04 00:00:00,84.48999999999992
1993-10-05 00:00:00,84.45999999999992
1993-10-06 00:00:00,84.47999999999992
1993-10-07 00:00:00,84.47999999999992
1993-10-08 00:00:00,84.57999999999991
1993-10-11 00:00:00,84.56999999999992
1993-10-12 00:00:00,84.55999999999992
1993-10-13 00:00:00,84.55999999999992
1993-10-14 00:00:00,84.61999999999992
1993-10-15 00:00:00,84.65999999999991
1993-10-18 00:00:00,84.56999999999992
1993-10-19 00:00:00,84.56999999999992
1993-10-20 00:00:00,84.59999999999992
1993-10-21 00:00:00,84.50999999999992
1993-10-22 00:00:00,84.43999999999991
1993-10-25 00:00:00,84.36999999999992
1993-10-26 00:00:00,84.39999999999992
1993-10-27 00:00:00,84.37999999999992
1993-10-28 00:00:00,84.37999999999992
1993-10-29 00:00:00,84.35999999999991
1993-11-01 00:00:00,84.21999999999991
1993-11-02 00:00:00,84.14999999999992
1993-11-03 00:00:00,84.14999999999992
1993-11-04 00:00:00,84.10999999999991
1993-11-05 00:00:00,84.00999999999992
1993-11-08 00:00:00,84.09999999999992
1993-11-09 00:00:00,84.12999999999992
1993-11-10 00:00:00,84.07999999999991
1993-11-11 00:00:00,84.04999999999991
1993-11-12 00:00:00,84.12999999999992
1993-11-15 00:00:00,84.13999999999992
1993-11-16 00:00:00,84.16999999999992
1993-11-17 00:00:00,84.17999999999992
1993-11-18 00:00:00,84.11999999999992
1993-11-19 00:00:00,84.02999999999992
1993-11-22 00:00:00,83.98999999999992
1993-11-23 00:00:00,84.06999999999992
1993-11-24 00:00:00,84.05999999999992
1993-11-26 00:00:00,84.09999999999992
1993-11-29 00:00:00,84.08999999999992
1993-11-30 00:00:00,84.02999999999992
1993-12-01 00:00:00,84.05999999999992
1993-12-02 00:00:00,84.05999999999992
1993-12-03 00:00:00,84.03999999999992
1993-12-06 00:00:00,84.13999999999992
1993-12-07 00:00:00,84.12999999999992
1993-12-08 00:00:00,84.13999999999992
1993-12-09 00:00:00,84.15999999999991
1993-12-10 00:00:00,84.11999999999992
1993-12-13 00:00:00,84.07999999999991
1993-12-14 00:00:00,84.04999999999991
1993-12-15 00:00:00,84.03999999999992
1993-12-16 00:00:00,84.02999999999993
1993-12-17 00:00:00,84.03999999999992
1993-12-20 00:00:00,84.02999999999993
1993-12-21 00:00:00,84.00999999999992
1993-12-22 00:00:00,84.10999999999993
1993-12-23 00:00:00,84.13999999999993
1993-12-27 00:00:00,84.13999999999993
1993-12-28 00:00:00,84.12999999999992
1993-12-29 00:00:00,84.12999999999992
1993-12-30 00:00:00,84.03999999999992
1993-12-31 00:00:00,84.02999999999993
1994-01-03 00:00:00,83.93999999999993
1994-01-04 00:00:00,83.97999999999992
1994-01-05 00:00:00,83.97999999999992
1994-01-06 00:00:00,84.02999999999993
1994-01-07 00:00:00,84.22999999999992
1994-01-10 00:00:00,84.23999999999992
1994-01-11 00:00:00,84.26999999999992
1994-01-12 00:00:00,84.32999999999993
1994-01-13 00:00:00,84.21999999999993
1994-01-14 00:00:00,84.15999999999993
1994-01-17 00:00:00,84.16999999999992
1994-01-18 00:00:00,84.20999999999992
1994-01-19 00:00:00,84.21999999999993
1994-01-20 00:00:00,84.26999999999992
1994-01-21 00:00:00,84.26999999999992
1994-01-24 00:00:00,84.27999999999993
1994-01-25 00:00:00,84.23999999999992
1994-01-26 00:00:00,84.23999999999992
1994-01-27 00:00:00,84.27999999999993
1994-01-28 00:00:00,84.32999999999993
1994-01-31 00:00:00,84.31999999999992
1994-02-01 00:00:00,84.24999999999993
1994-02-02 00:00:00,84.22999999999992
1994-02-03 00:00:00,84.15999999999993
1994-02-04 00:00:00,84.01999999999992
1994-02-07 00:00:00,83.96999999999993
1994-02-08 00:00:00,83.91999999999992
1994-02-09 00:00:00,83.96999999999993
1994-02-10 00:00:00,83.95999999999992
1994-02-11 00:00:00,83.99999999999993
1994-02-14 00:00:00,83.99999999999993
1994-02-15 00:00:00,83.99999999999993
1994-02-16 00:00:00,84.00999999999992
1994-02-17 00:00:00,83.91999999999992
1994-02-18 00:00:00,83.80999999999992
1994-02-22 00:00:00,83.84999999999992
1994-02-23 00:00:00,83.75999999999992
1994-02-24 00:00:00,83.70999999999992
1994-02-25 00:00:00,83.71999999999993
1994-02-28 00:00:00,83.75999999999992
1994-03-01 00:00:00,83.62999999999992
1994-03-02 00:00:00,83.59999999999992
1994-03-03 00:00:00,83.54999999999993
1994-03-04 00:00:00,83.49999999999993
1994-03-07 00:00:00,83.54999999999993
1994-03-08 00:00:00,83.50999999999992
1994-03-09 00:00:00,83.49999999999993
1994-03-10 00:00:00,83.40999999999993
1994-03-11 00:00:00,83.40999999999993
1994-03-14 00:00:00,83.35999999999993
1994-03-15 00:00:00,83.36999999999992
1994-03-16 00:00:00,83.43999999999991
1994-03-17 00:00:00,83.42999999999991
1994-03-18 00:00:00,83.32999999999991
1994-03-21 00:00:00,83.24999999999991
1994-03-22 00:00:00,83.36999999999992
1994-03-23 00:00:00,83.38999999999992
1994-03-24 00:00:00,83.21999999999991
1994-03-25 00:00:00,83.16999999999992
1994-03-28 00:00:00,83.13999999999992
1994-03-29 00:00:00,83.04999999999991
1994-03-30 00:00:00,82.99999999999991
1994-03-31 00:00:00,82.93999999999991
1994-04-01 00:00:00,82.66999999999992
1994-04-04 00:00:00,82.47999999999992
1994-04-05 00:00:00,82.68999999999991
1994-04-06 00:00:00,82.75999999999992
1994-04-07 00:00:00,82.84999999999991
1994-04-08 00:00:00,82.75999999999992
1994-04-11 00:00:00,82.74999999999991
1994-04-12 00:00:00,82.81999999999991
1994-04-13 00:00:00,82.74999999999991
1994-04-14 00:00:00,82.69999999999992
1994-04-15 00:00:00,82.71999999999991
1994-04-18 00:00:00,82.52999999999992
1994-04-19 00:00:00,82.57999999999991
1994-04-20 00:00:00,82.65999999999991
1994-04-21 00:00:00,82.87999999999991
1994-04-22 00:00:00,82.83999999999992
1994-04-25 00:00:00,82.89999999999992
1994-04-26 00:00:00,82.92999999999991
1994-04-28 00:00:00,82.69999999999992
1994-04-29 00:00:00,82.71999999999991
1994-05-02 00:00:00,82.68999999999991
1994-05-03 00:00:00,82.64999999999992
1994-05-04 00:00:00,82.66999999999992
1994-05-05 00:00:00,82.71999999999991
1994-05-06 00:00:00,82.47999999999992
1994-05-09 00:00:00,82.35999999999991
1994-05-10 00:00:00,82.54999999999991
1994-05-11 00:00:00,82.45999999999991
1994-05-12 00:00:00,82.50999999999992
1994-05-13 00:00:00,82.59999999999991
1994-05-16 00:00:00,82.64999999999992
1994-05-17 00:00:00,82.79999999999991
1994-05-18 00:00:00,82.85999999999991
1994-05-19 00:00:00,82.95999999999991
1994-05-20 00:00:00,82.87999999999991
1994-05-23 00:00:00,82.70999999999991
1994-05-24 00:00:00,82.73999999999991
1994-05-25 00:00:00,82.74999999999991
1994-05-26 00:00:00,82.7899999999999
1994-05-27 00:00:00,82.72999999999992
1994-05-31 00:00:00,82.70999999999991
1994-06-01 00:00:00,82.74999999999991
1994-06-02 00:00:00,82.82999999999991
1994-06-03 00:00:00,82.92999999999991
1994-06-06 00:00:00,83.00999999999992
1994-06-07 00:00:00,82.97999999999992
1994-06-08 00:00:00,82.99999999999991
1994-06-09 00:00:00,82.96999999999991
1994-06-10 00:00:00,82.88999999999992
1994-06-13 00:00:00,82.84999999999991
1994-06-14 00:00:00,82.95999999999991
1994-06-15 00:00:00,82.86999999999992
1994-06-16 00:00:00,82.87999999999991
1994-06-17 00:00:00,82.83999999999992
1994-06-20 00:00:00,82.80999999999992
1994-06-21 00:00:00,82.73999999999992
1994-06-22 00:00:00,82.80999999999992
1994-06-23 00:00:00,82.85999999999991
1994-06-24 00:00:00,82.70999999999992
1994-06-27 00:00:00,82.76999999999991
1994-06-28 00:00:00,82.68999999999991
1994-06-29 00:00:00,82.70999999999992
1994-06-30 00:00:00,82.62999999999991
1994-07-01 00:00:00,82.61999999999992
1994-07-05 00:00:00,82.65999999999991
1994-07-06 00:00:00,82.65999999999991
1994-07-07 00:00:00,82.67999999999992
1994-07-08 00:00:00,82.53999999999992
1994-07-11 00:00:00,82.49999999999991
1994-07-12 00:00:00,82.52999999999992
1994-07-13 00:00:00,82.53999999999992
1994-07-14 00:00:00,82.70999999999992
1994-07-15 00:00:00,82.70999999999992
1994-07-18 00:00:00,82.75999999999992
1994-07-19 00:00:00,82.82999999999991
1994-07-20 00:00:00,82.70999999999992
1994-07-21 00:00:00,82.67999999999992
1994-07-22 00:00:00,82.63999999999992
1994-07-25 00:00:00,82.66999999999992
1994-07-26 00:00:00,82.67999999999992
1994-07-27 00:00:00,82.61999999999992
1994-07-28 00:00:00,82.66999999999992
1994-07-29 00:00:00,82.84999999999992
1994-08-01 00:00:00,82.82999999999991
1994-08-02 00:00:00,82.87999999999991
1994-08-03 00:00:00,82.88999999999992
1994-08-04 00:00:00,82.86999999999992
1994-08-05 00:00:00,82.69999999999992
1994-08-08 00:00:00,82.71999999999991
1994-08-09 00:00:00,82.67999999999992
1994-08-10 00:00:00,82.69999999999992
1994-08-11 00:00:00,82.63999999999992
1994-08-12 00:00:00,82.70999999999992
1994-08-15 00:00:00,82.69999999999992
1994-08-16 00:00:00,82.81999999999992
1994-08-17 00:00:00,82.86999999999992
1994-08-18 00:00:00,82.75999999999992
1994-08-19 00:00:00,82.76999999999991
1994-08-22 00:00:00,82.70999999999992
1994-08-23 00:00:00,82.73999999999992
1994-08-24 00:00:00,82.80999999999992
1994-08-25 00:00:00,82.76999999999991
1994-08-26 00:00:00,82.81999999999992
1994-08-29 00:00:00,82.82999999999991
1994-08-30 00:00:00,82.84999999999992
1994-08-31 00:00:00,82.86999999999992
1994-09-01 00:00:00,82.87999999999991
1994-09-02 00:00:00,82.87999999999991
1994-09-06 00:00:00,82.80999999999992
1994-09-07 00:00:00,82.77999999999992
1994-09-08 00:00:00,82.78999999999992
1994-09-09 00:00:00,82.64999999999992
1994-09-12 00:00:00,82.61999999999992
1994-09-13 00:00:00,82.62999999999991
1994-09-14 00:00:00,82.65999999999991
1994-09-15 00:00:00,82.71999999999991
1994-09-16 00:00:00,82.55999999999992
1994-09-19 00:00:00,82.56999999999991
1994-09-20 00:00:00,82.51999999999991
1994-09-21 00:00:00,82.48999999999991
1994-09-22 00:00:00,82.5099999999999
1994-09-23 00:00:00,82.48999999999991
1994-09-26 00:00:00,82.48999999999991
1994-09-27 00:00:00,82.45999999999991
1994-09-28 00:00:00,82.48999999999991
1994-09-29 00:00:00,82.38999999999992
1994-09-30 00:00:00,82.41999999999992
1994-10-03 00:00:00,82.35999999999991
1994-10-04 00:00:00,82.34999999999991
1994-10-05 00:00:00,82.24999999999991
1994-10-06 00:00:00,82.23999999999991
1994-10-07 00:00:00,82.29999999999991
1994-10-10 00:00:00,82.29999999999991
1994-10-11 00:00:00,82.36999999999992
1994-10-12 00:00:00,82.35999999999991
1994-10-13 00:00:00,82.3999999999999
1994-10-14 00:00:00,82.43999999999991
1994-10-17 00:00:00,82.41999999999992
1994-10-18 00:00:00,82.42999999999991
1994-10-19 00:00:00,82.35999999999991
1994-10-20 00:00:00,82.23999999999991
1994-10-21 00:00:00,82.22999999999992
1994-10-24 00:00:00,82.18999999999991
1994-10-25 00:00:00,82.1499999999999
1994-10-26 00:00:00,82.13999999999992
1994-10-27 00:00:00,82.12999999999991
1994-10-28 00:00:00,82.19999999999992
1994-10-31 00:00:00,82.19999999999992
1994-11-01 00:00:00,82.07999999999991
1994-11-02 00:00:00,82.0399999999999
1994-11-03 00:00:00,82.01999999999991
1994-11-04 00:00:00,81.96999999999991
1994-11-07 00:00:00,81.94999999999992
1994-11-08 00:00:00,81.99999999999991
1994-11-09 00:00:00,82.06999999999991
1994-11-10 00:00:00,82.02999999999992
1994-11-11 00:00:00,81.96999999999991
1994-11-14 00:00:00,82.05999999999992
1994-11-15 00:00:00,82.06999999999991
1994-11-16 00:00:00,82.04999999999991
1994-11-17 00:00:00,82.0099999999999
1994-11-18 00:00:00,82.02999999999992
1994-11-21 00:00:00,82.0099999999999
1994-11-22 00:00:00,82.0399999999999
1994-11-23 00:00:00,82.18999999999991
1994-11-25 00:00:00,82.19999999999992
1994-11-28 00:00:00,82.09999999999991
1994-11-29 00:00:00,82.05999999999992
1994-11-30 00:00:00,82.1499999999999
1994-12-01 00:00:00,82.16999999999992
1994-12-02 00:00:00,82.32999999999991
1994-12-05 00:00:00,82.2899999999999
1994-12-06 00:00:00,82.42999999999991
1994-12-07 00:00:00,82.29999999999991
1994-12-08 00:00:00,82.2599999999999
1994-12-09 00:00:00,82.33999999999992
1994-12-12 00:00:00,82.2899999999999
1994-12-13 00:00:00,82.2899999999999
1994-12-14 00:00:00,82.3999999999999
1994-12-15 00:00:00,82.37999999999991
1994-12-16 00:00:00,82.37999999999991
1994-12-19 00:00:00,82.33999999999992
1994-12-20 00:00:00,82.33999999999992
1994-12-21 00:00:00,82.3699999999999
1994-12-22 00:00:00,82.30999999999992
1994-12-23 00:00:00,82.29999999999991
1994-12-27 00:00:00,82.3999999999999
1994-12-28 00:00:00,82.37999999999991
1994-12-29 00:00:00,82.3699999999999
1994-12-30 00:00:00,82.31999999999991
1995-01-03 00:00:00,82.29999999999991
1995-01-04 00:00:00,82.34999999999991
1995-01-05 00:00:00,82.2599999999999
1995-01-06 00:00:00,82.2299999999999
1995-01-09 00:00:00,82.21999999999991
1995-01-10 00:00:00,82.26999999999991
1995-01-11 00:00:00,82.29999999999991
1995-01-12 00:00:00,82.27999999999992
1995-01-13 00:00:00,82.32999999999991
1995-01-16 00:00:00,82.30999999999992
1995-01-17 00:00:00,82.32999999999991
1995-01-18 00:00:00,82.31999999999991
1995-01-19 00:00:00,82.2899999999999
1995-01-20 00:00:00,82.21999999999991
1995-01-23 00:00:00,82.19999999999992
1995-01-24 00:00:00,82.16999999999992
1995-01-25 00:00:00,82.2299999999999
1995-01-26 00:00:00,82.29999999999991
1995-01-27 00:00:00,82.41999999999992
1995-01-30 00:00:00,82.44999999999992
1995-01-31 00:00:00,82.4799999999999
1995-02-01 00:00:00,82.43999999999991
1995-02-02 00:00:00,82.42999999999991
1995-02-03 00:00:00,82.6199999999999
1995-02-06 00:00:00,82.57999999999991
1995-02-07 00:00:00,82.58999999999992
1995-02-08 00:00:00,82.56999999999991
1995-02-09 00:00:00,82.5099999999999
1995-02-10 00:00:00,82.4799999999999
1995-02-13 00:00:00,82.52999999999992
1995-02-14 00:00:00,82.62999999999991
1995-02-15 00:00:00,82.68999999999991
1995-02-16 00:00:00,82.7599999999999
1995-02-17 00:00:00,82.71999999999991
1995-02-21 00:00:00,82.70999999999991
1995-02-22 00:00:00,82.85999999999991
1995-02-23 00:00:00,82.83999999999992
1995-02-24 00:00:00,82.87999999999991
1995-02-27 00:00:00,82.98999999999991
1995-02-28 00:00:00,83.01999999999991
1995-03-01 00:00:00,83.0399999999999
1995-03-02 00:00:00,82.95999999999991
1995-03-03 00:00:00,82.8999999999999
1995-03-06 00:00:00,82.85999999999991
1995-03-07 00:00:00,82.82999999999991
1995-03-08 00:00:00,82.88999999999992
1995-03-09 00:00:00,82.9799999999999
1995-03-10 00:00:00,83.04999999999991
1995-03-13 00:00:00,83.10999999999991
1995-03-14 00:00:00,83.17999999999991
1995-03-15 00:00:00,83.17999999999991
1995-03-16 00:00:00,83.2299999999999
1995-03-17 00:00:00,83.13999999999992
1995-03-20 00:00:00,83.10999999999991
1995-03-21 00:00:00,83.06999999999991
1995-03-22 00:00:00,83.0099999999999
1995-03-23 00:00:00,83.0099999999999
1995-03-24 00:00:00,83.13999999999992
1995-03-27 00:00:00,83.17999999999991
1995-03-28 00:00:00,83.0899999999999
1995-03-29 00:00:00,83.07999999999991
1995-03-30 00:00:00,83.0399999999999
1995-03-31 00:00:00,82.99999999999991
1995-04-03 00:00:00,83.1199999999999
1995-04-04 00:00:00,83.15999999999991
1995-04-05 00:00:00,83.1699999999999
1995-04-06 00:00:00,83.21999999999991
1995-04-07 00:00:00,83.1999999999999
1995-04-10 00:00:00,83.18999999999991
1995-04-11 00:00:00,83.18999999999991
1995-04-12 00:00:00,83.20999999999991
1995-04-13 00:00:00,83.2899999999999
1995-04-17 00:00:00,83.3099999999999
1995-04-18 00:00:00,83.31999999999991
1995-04-19 00:00:00,83.26999999999991
1995-04-20 00:00:00,83.31999999999991
1995-04-21 00:00:00,83.3099999999999
1995-04-24 00:00:00,83.3099999999999
1995-04-25 00:00:00,83.2799999999999
1995-04-26 00:00:00,83.2599999999999
1995-04-27 00:00:00,83.23999999999991
1995-04-28 00:00:00,83.1999999999999
1995-05-01 00:00:00,83.17999999999991
1995-05-02 00:00:00,83.24999999999991
1995-05-03 00:00:00,83.34999999999991
1995-05-04 00:00:00,83.45999999999991
1995-05-05 00:00:00,83.6699999999999
1995-05-08 00:00:00,83.6499999999999
1995-05-09 00:00:00,83.73999999999991
1995-05-10 00:00:00,83.6699999999999
1995-05-11 00:00:00,83.62999999999991
1995-05-12 00:00:00,83.59999999999991
1995-05-15 00:00:00,83.6499999999999
1995-05-16 00:00:00,83.6999999999999
1995-05-17 00:00:00,83.73999999999991
1995-05-18 00:00:00,83.65999999999991
1995-05-19 00:00:00,83.65999999999991
1995-05-22 00:00:00,83.63999999999992
1995-05-23 00:00:00,83.70999999999991
1995-05-24 00:00:00,83.82999999999991
1995-05-25 00:00:00,83.87999999999991
1995-05-26 00:00:00,83.8999999999999
1995-05-30 00:00:00,84.0099999999999
1995-05-31 00:00:00,83.99999999999991
1995-06-01 00:00:00,84.12999999999991
1995-06-02 00:00:00,84.21999999999991
1995-06-05 00:00:00,84.2299999999999
1995-06-06 00:00:00,84.1999999999999
1995-06-07 00:00:00,84.0599999999999
1995-06-08 00:00:00,84.0299999999999
1995-06-09 00:00:00,83.81999999999991
1995-06-12 00:00:00,83.84999999999991
1995-06-13 00:00:00,84.09999999999991
1995-06-14 00:00:00,84.09999999999991
1995-06-15 00:00:00,84.04999999999991
1995-06-16 00:00:00,84.02999999999992
1995-06-19 00:00:00,84.09999999999991
1995-06-20 00:00:00,84.07999999999991
1995-06-21 00:00:00,84.10999999999991
1995-06-22 00:00:00,84.2299999999999
1995-06-23 00:00:00,84.20999999999991
1995-06-26 00:00:00,84.16999999999992
1995-06-27 00:00:00,84.12999999999991
1995-06-28 00:00:00,84.16999999999992
1995-06-29 00:00:00,84.01999999999991
1995-06-30 00:00:00,84.07999999999991
1995-07-03 00:00:00,84.10999999999991
1995-07-05 00:00:00,84.1199999999999
1995-07-06 00:00:00,84.24999999999991
1995-07-07 00:00:00,84.2899999999999
1995-07-10 00:00:00,84.2899999999999
1995-07-11 00:00:00,84.23999999999991
1995-07-12 00:00:00,84.2299999999999
1995-07-13 00:00:00,84.19999999999992
1995-07-14 00:00:00,84.13999999999992
1995-07-17 00:00:00,84.06999999999991
1995-07-18 00:00:00,84.0099999999999
1995-07-19 00:00:00,83.8399999999999
1995-07-20 00:00:00,83.81999999999991
1995-07-21 00:00:00,83.7299999999999
1995-07-24 00:00:00,83.76999999999991
1995-07-25 00:00:00,83.80999999999992
1995-07-26 00:00:00,83.7599999999999
1995-07-27 00:00:00,83.82999999999991
1995-07-28 00:00:00,83.77999999999992
1995-07-31 00:00:00,83.8399999999999
1995-08-01 00:00:00,83.7899999999999
1995-08-02 00:00:00,83.8699999999999
1995-08-03 00:00:00,83.76999999999991
1995-08-04 00:00:00,83.79999999999991
1995-08-07 00:00:00,83.81999999999991
1995-08-08 00:00:00,83.81999999999991
1995-08-09 00:00:00,83.76999999999991
1995-08-10 00:00:00,83.7299999999999
1995-08-11 00:00:00,83.60999999999991
1995-08-14 00:00:00,83.6199999999999
1995-08-15 00:00:00,83.59999999999991
1995-08-16 00:00:00,83.67999999999991
1995-08-17 00:00:00,83.63999999999992
1995-08-18 00:00:00,83.6499999999999
1995-08-21 00:00:00,83.71999999999991
1995-08-22 00:00:00,83.66999999999992
1995-08-23 00:00:00,83.65999999999991
1995-08-24 00:00:00,83.74999999999991
1995-08-25 00:00:00,83.8699999999999
1995-08-28 00:00:00,83.90999999999991
1995-08-29 00:00:00,83.85999999999991
1995-08-30 00:00:00,83.91999999999992
1995-08-31 00:00:00,83.96999999999991
1995-09-01 00:00:00,84.04999999999991
1995-09-05 00:00:00,84.0899999999999
1995-09-06 00:00:00,84.1199999999999
1995-09-07 00:00:00,84.07999999999991
1995-09-08 00:00:00,84.0399999999999
1995-09-11 00:00:00,84.0399999999999
1995-09-12 00:00:00,84.09999999999991
1995-09-13 00:00:00,84.0899999999999
1995-09-14 00:00:00,84.19999999999992
1995-09-15 00:00:00,84.16999999999992
1995-09-18 00:00:00,84.11999999999992
1995-09-19 00:00:00,84.14999999999992
1995-09-20 00:00:00,84.16999999999992
1995-09-21 00:00:00,84.08999999999992
1995-09-22 00:00:00,84.06999999999992
1995-09-25 00:00:00,84.06999999999992
1995-09-26 00:00:00,84.03999999999992
1995-09-27 00:00:00,84.02999999999992
1995-09-28 00:00:00,84.02999999999992
1995-09-29 00:00:00,84.12999999999992
1995-10-02 00:00:00,84.14999999999992
1995-10-03 00:00:00,84.19999999999992
1995-10-04 00:00:00,84.24999999999991
1995-10-05 00:00:00,84.26999999999992
1995-10-06 00:00:00,84.25999999999992
1995-10-09 00:00:00,84.22999999999992
1995-10-10 00:00:00,84.23999999999992
1995-10-11 00:00:00,84.23999999999992
1995-10-12 00:00:00,84.27999999999992
1995-10-13 00:00:00,84.37999999999992
1995-10-16 00:00:00,84.36999999999992
1995-10-17 00:00:00,84.38999999999992
1995-10-18 00:00:00,84.35999999999991
1995-10-19 00:00:00,84.36999999999992
1995-10-20 00:00:00,84.30999999999992
1995-10-23 00:00:00,84.27999999999992
1995-10-24 00:00:00,84.34999999999992
1995-10-25 00:00:00,84.35999999999991
1995-10-26 00:00:00,84.31999999999992
1995-10-27 00:00:00,84.31999999999992
1995-10-30 00:00:00,84.32999999999991
1995-10-31 00:00:00,84.33999999999992
1995-11-01 00:00:00,84.40999999999993
1995-11-02 00:00:00,84.45999999999992
1995-11-03 00:00:00,84.43999999999991
1995-11-06 00:00:00,84.40999999999993
1995-11-07 00:00:00,84.37999999999992
1995-11-08 00:00:00,84.44999999999992
1995-11-09 00:00:00,84.41999999999992
1995-11-10 00:00:00,84.37999999999992
1995-11-13 00:00:00,84.41999999999992
1995-11-14 00:00:00,84.42999999999992
1995-11-15 00:00:00,84.39999999999992
1995-11-16 00:00:00,84.46999999999991
1995-11-17 00:00:00,84.48999999999992
1995-11-20 00:00:00,84.48999999999992
1995-11-21 00:00:00,84.45999999999992
1995-11-22 00:00:00,84.43999999999991
1995-11-24 00:00:00,84.45999999999992
1995-11-27 00:00:00,84.49999999999991
1995-11-28 00:00:00,84.49999999999991
1995-11-29 00:00:00,84.55999999999992
1995-11-30 00:00:00,84.66999999999992
1995-12-01 00:00:00,84.70999999999992
1995-12-04 00:00:00,84.79999999999993
1995-12-05 00:00:00,84.75999999999992
1995-12-06 00:00:00,84.72999999999992
1995-12-07 00:00:00,84.67999999999992
1995-12-08 00:00:00,84.64999999999992
1995-12-11 00:00:00,84.66999999999992
1995-12-12 00:00:00,84.64999999999992
1995-12-13 00:00:00,84.62999999999992
1995-12-14 00:00:00,84.62999999999992
1995-12-15 00:00:00,84.61999999999992
1995-12-18 00:00:00,84.47999999999992
1995-12-19 00:00:00,84.58999999999992
1995-12-20 00:00:00,84.59999999999991
1995-12-21 00:00:00,84.58999999999992
1995-12-22 00:00:00,84.65999999999991
1995-12-26 00:00:00,84.67999999999992
1995-12-27 00:00:00,84.71999999999991
1995-12-28 00:00:00,84.74999999999991
1995-12-29 00:00:00,84.79999999999991
1996-01-02 00:00:00,84.78999999999992
1996-01-03 00:00:00,84.81999999999992
1996-01-04 00:00:00,84.80999999999992
1996-01-05 00:00:00,84.74999999999991
1996-01-08 00:00:00,84.74999999999991
1996-01-09 00:00:00,84.73999999999991
1996-01-10 00:00:00,84.60999999999991
1996-01-11 00:00:00,84.66999999999992
1996-01-12 00:00:00,84.71999999999991
1996-01-15 00:00:00,84.74999999999991
1996-01-16 00:00:00,84.76999999999991
1996-01-17 00:00:00,84.84999999999991
1996-01-18 00:00:00,84.91999999999992
1996-01-19 00:00:00,84.89999999999992
1996-01-22 00:00:00,84.80999999999992
1996-01-23 00:00:00,84.76999999999991
1996-01-24 00:00:00,84.79999999999991
1996-01-25 00:00:00,84.68999999999991
1996-01-26 00:00:00,84.74999999999991
1996-01-29 00:00:00,84.72999999999992
1996-01-30 00:00:00,84.78999999999992
1996-01-31 00:00:00,84.84999999999991
1996-02-01 00:00:00,84.84999999999991
1996-02-02 00:00:00,84.82999999999991
1996-02-05 00:00:00,84.79999999999991
1996-02-06 00:00:00,84.80999999999992
1996-02-07 00:00:00,84.79999999999991
1996-02-08 00:00:00,84.80999999999992
1996-02-09 00:00:00,84.82999999999991
1996-02-12 00:00:00,84.90999999999991
1996-02-13 00:00:00,84.96999999999991
1996-02-14 00:00:00,84.93999999999991
1996-02-15 00:00:00,84.84999999999991
1996-02-16 00:00:00,84.79999999999991
1996-02-20 00:00:00,84.53999999999992
1996-02-21 00:00:00,84.54999999999991
1996-02-22 00:00:00,84.61999999999992
1996-02-23 00:00:00,84.55999999999992
1996-02-26 00:00:00,84.51999999999991
1996-02-27 00:00:00,84.38999999999992
1996-02-28 00:00:00,84.28999999999992
1996-02-29 00:00:00,84.25999999999992
1996-03-01 00:00:00,84.38999999999992
1996-03-04 00:00:00,84.50999999999992
1996-03-05 00:00:00,84.44999999999992
1996-03-06 00:00:00,84.35999999999991
1996-03-07 00:00:00,84.32999999999991
1996-03-08 00:00:00,83.95999999999991
1996-03-11 00:00:00,84.04999999999991
1996-03-12 00:00:00,83.99999999999991
1996-03-13 00:00:00,84.02999999999992
1996-03-14 00:00:00,84.03999999999992
1996-03-15 00:00:00,83.90999999999991
1996-03-18 00:00:00,83.92999999999992
1996-03-19 00:00:00,83.94999999999992
1996-03-20 00:00:00,84.04999999999991
1996-03-21 00:00:00,84.08999999999992
1996-03-22 00:00:00,84.06999999999992
1996-03-25 00:00:00,84.12999999999992
1996-03-26 00:00:00,84.12999999999992
1996-03-27 00:00:00,84.04999999999991
1996-03-28 00:00:00,83.92999999999992
1996-03-29 00:00:00,83.98999999999992
1996-04-01 00:00:00,83.99999999999991
1996-04-02 00:00:00,84.04999999999991
1996-04-03 00:00:00,84.03999999999992
1996-04-04 00:00:00,83.97999999999992
1996-04-05 00:00:00,83.69999999999992
1996-04-08 00:00:00,83.62999999999992
1996-04-09 00:00:00,83.71999999999991
1996-04-10 00:00:00,83.66999999999992
1996-04-11 00:00:00,83.59999999999992
1996-04-12 00:00:00,83.79999999999991
1996-04-15 00:00:00,83.85999999999991
1996-04-16 00:00:00,83.84999999999992
1996-04-17 00:00:00,83.79999999999991
1996-04-18 00:00:00,83.71999999999991
1996-04-19 00:00:00,83.77999999999992
1996-04-22 00:00:00,83.82999999999991
1996-04-23 00:00:00,83.82999999999991
1996-04-24 00:00:00,83.76999999999991
1996-04-25 00:00:00,83.78999999999992
1996-04-26 00:00:00,83.83999999999992
1996-04-29 00:00:00,83.79999999999991
1996-04-30 00:00:00,83.72999999999992
1996-05-01 00:00:00,83.73999999999992
1996-05-02 00:00:00,83.53999999999992
1996-05-03 00:00:00,83.49999999999991
1996-05-06 00:00:00,83.51999999999991
1996-05-07 00:00:00,83.50999999999992
1996-05-08 00:00:00,83.54999999999991
1996-05-09 00:00:00,83.54999999999991
1996-05-10 00:00:00,83.64999999999992
1996-05-13 00:00:00,83.65999999999991
1996-05-14 00:00:00,83.71999999999991
1996-05-15 00:00:00,83.73999999999992
1996-05-16 00:00:00,83.67999999999992
1996-05-17 00:00:00,83.71999999999991
1996-05-20 00:00:00,83.75999999999992
1996-05-21 00:00:00,83.74999999999991
1996-05-22 00:00:00,83.77999999999992
1996-05-23 00:00:00,83.73999999999992
1996-05-24 00:00:00,83.76999999999991
1996-05-28 00:00:00,83.74999999999991
1996-05-29 00:00:00,83.60999999999991
1996-05-30 00:00:00,83.59999999999992
1996-05-31 00:00:00,83.51999999999991
1996-06-03 00:00:00,83.51999999999991
1996-06-04 00:00:00,83.52999999999992
1996-06-05 00:00:00,83.56999999999992
1996-06-06 00:00:00,83.64999999999992
1996-06-07 00:00:00,83.42999999999992
1996-06-10 00:00:00,83.40999999999991
1996-06-11 00:00:00,83.38999999999992
1996-06-12 00:00:00,83.36999999999992
1996-06-13 00:00:00,83.39999999999992
1996-06-14 00:00:00,83.46999999999991
1996-06-17 00:00:00,83.51999999999991
1996-06-18 00:00:00,83.49999999999991
1996-06-19 00:00:00,83.46999999999991
1996-06-20 00:00:00,83.44999999999992
1996-06-21 00:00:00,83.47999999999992
1996-06-24 00:00:00,83.49999999999991
1996-06-25 00:00:00,83.52999999999992
1996-06-26 00:00:00,83.54999999999991
1996-06-27 00:00:00,83.62999999999991
1996-06-28 00:00:00,83.73999999999991
1996-07-01 00:00:00,83.73999999999991
1996-07-02 00:00:00,83.68999999999991
1996-07-03 00:00:00,83.71999999999991
1996-07-05 00:00:00,83.42999999999992
1996-07-08 00:00:00,83.42999999999992
1996-07-09 00:00:00,83.46999999999991
1996-07-10 00:00:00,83.53999999999992
1996-07-11 00:00:00,83.56999999999991
1996-07-12 00:00:00,83.59999999999991
1996-07-15 00:00:00,83.57999999999991
1996-07-16 00:00:00,83.65999999999991
1996-07-17 00:00:00,83.63999999999992
1996-07-18 00:00:00,83.75999999999992
1996-07-19 00:00:00,83.70999999999991
1996-07-22 00:00:00,83.64999999999992
1996-07-23 00:00:00,83.66999999999992
1996-07-24 00:00:00,83.60999999999991
1996-07-25 00:00:00,83.60999999999991
1996-07-26 00:00:00,83.61999999999992
1996-07-29 00:00:00,83.55999999999992
1996-07-30 00:00:00,83.59999999999991
1996-07-31 00:00:00,83.68999999999991
1996-08-01 00:00:00,83.85999999999991
1996-08-02 00:00:00,83.99999999999991
1996-08-05 00:00:00,83.97999999999992
1996-08-06 00:00:00,83.95999999999991
1996-08-07 00:00:00,83.91999999999992
1996-08-08 00:00:00,83.88999999999992
1996-08-09 00:00:00,83.95999999999991
1996-08-12 00:00:00,83.96999999999991
1996-08-13 00:00:00,83.89999999999992
1996-08-14 00:00:00,83.88999999999992
1996-08-15 00:00:00,83.84999999999991
1996-08-16 00:00:00,83.91999999999992
1996-08-19 00:00:00,83.89999999999992
1996-08-20 00:00:00,83.88999999999992
1996-08-21 00:00:00,83.85999999999991
1996-08-22 00:00:00,83.84999999999991
1996-08-23 00:00:00,83.74999999999991
1996-08-26 00:00:00,83.65999999999991
1996-08-27 00:00:00,83.68999999999991
1996-08-28 00:00:00,83.66999999999992
1996-08-29 00:00:00,83.61999999999992
1996-08-30 00:00:00,83.49999999999991
1996-09-03 00:00:00,83.54999999999991
1996-09-04 00:00:00,83.52999999999992
1996-09-05 00:00:00,83.49999999999991
1996-09-06 00:00:00,83.54999999999991
1996-09-09 00:00:00,83.60999999999991
1996-09-10 00:00:00,83.58999999999992
1996-09-11 00:00:00,83.57999999999991
1996-09-12 00:00:00,83.62999999999991
1996-09-13 00:00:00,83.78999999999992
1996-09-16 00:00:00,83.79999999999991
1996-09-17 00:00:00,83.71999999999991
1996-09-18 00:00:00,83.68999999999991
1996-09-19 00:00:00,83.66999999999992
1996-09-20 00:00:00,83.68999999999991
1996-09-23 00:00:00,83.70999999999992
1996-09-24 00:00:00,83.77999999999992
1996-09-25 00:00:00,83.82999999999991
1996-09-26 00:00:00,83.86999999999992
1996-09-27 00:00:00,83.85999999999991
1996-09-30 00:00:00,83.82999999999991
1996-10-01 00:00:00,83.89999999999992
1996-10-02 00:00:00,83.94999999999992
1996-10-03 00:00:00,83.95999999999992
1996-10-04 00:00:00,84.09999999999992
1996-10-07 00:00:00,84.04999999999991
1996-10-08 00:00:00,84.03999999999992
1996-10-09 00:00:00,83.98999999999992
1996-10-10 00:00:00,83.93999999999991
1996-10-11 00:00:00,84.00999999999992
1996-10-14 00:00:00,84.00999999999992
1996-10-15 00:00:00,84.00999999999992
1996-10-16 00:00:00,83.98999999999992
1996-10-17 00:00:00,84.04999999999991
1996-10-18 00:00:00,84.07999999999991
1996-10-21 00:00:00,84.05999999999992
1996-10-22 00:00:00,84.03999999999992
1996-10-23 00:00:00,84.03999999999992
1996-10-24 00:00:00,84.02999999999992
1996-10-25 00:00:00,84.05999999999992
1996-10-28 00:00:00,84.05999999999992
1996-10-29 00:00:00,84.21999999999991
1996-10-30 00:00:00,84.21999999999991
1996-10-31 00:00:00,84.25999999999992
1996-11-01 00:00:00,84.24999999999991
1996-11-04 00:00:00,84.24999999999991
1996-11-05 00:00:00,84.29999999999991
1996-11-06 00:00:00,84.29999999999991
1996-11-07 00:00:00,84.31999999999992
1996-11-08 00:00:00,84.31999999999992
1996-11-11 00:00:00,84.31999999999992
1996-11-12 00:00:00,84.39999999999992
1996-11-13 00:00:00,84.39999999999992
1996-11-14 00:00:00,84.44999999999992
1996-11-15 00:00:00,84.43999999999991
1996-11-18 00:00:00,84.41999999999992
1996-11-19 00:00:00,84.44999999999992
1996-11-20 00:00:00,84.48999999999992
1996-11-21 00:00:00,84.49999999999991
1996-11-22 00:00:00,84.48999999999992
1996-11-25 00:00:00,84.49999999999991
1996-11-26 00:00:00,84.50999999999992
1996-11-27 00:00:00,84.50999999999992
1996-11-29 00:00:00,84.59999999999992
1996-12-02 00:00:00,84.58999999999992
1996-12-03 00:00:00,84.59999999999992
1996-12-04 00:00:00,84.53999999999992
1996-12-05 00:00:00,84.41999999999992
1996-12-06 00:00:00,84.38999999999992
1996-12-09 00:00:00,84.44999999999992
1996-12-10 00:00:00,84.42999999999992
1996-12-11 00:00:00,84.27999999999992
1996-12-12 00:00:00,84.22999999999992
1996-12-13 00:00:00,84.30999999999992
1996-12-16 00:00:00,84.25999999999992
1996-12-17 00:00:00,84.20999999999992
1996-12-18 00:00:00,84.17999999999992
1996-12-19 00:00:00,84.25999999999992
1996-12-20 00:00:00,84.26999999999992
1996-12-23 00:00:00,84.25999999999992
1996-12-24 00:00:00,84.25999999999992
1996-12-26 00:00:00,84.25999999999992
1996-12-27 00:00:00,84.28999999999992
1996-12-30 00:00:00,84.28999999999992
1996-12-31 00:00:00,84.14999999999992
1997-01-02 00:00:00,84.04999999999993
1997-01-03 00:00:00,84.06999999999992
1997-01-06 00:00:00,84.07999999999993
1997-01-07 00:00:00,84.04999999999993
1997-01-08 00:00:00,84.02999999999993
1997-01-09 00:00:00,84.09999999999992
1997-01-10 00:00:00,83.96999999999993
1997-01-13 00:00:00,83.97999999999992
1997-01-14 00:00:00,84.09999999999992
1997-01-15 00:00:00,84.11999999999992
1997-01-16 00:00:00,84.04999999999993
1997-01-17 00:00:00,84.08999999999992
1997-01-21 00:00:00,84.11999999999992
1997-01-22 00:00:00,84.09999999999992
1997-01-23 00:00:00,84.05999999999992
1997-01-24 00:00:00,83.99999999999993
1997-01-27 00:00:00,83.95999999999992
1997-01-28 00:00:00,84.00999999999992
1997-01-29 00:00:00,84.01999999999992
1997-01-30 00:00:00,84.05999999999992
1997-01-31 00:00:00,84.13999999999993
1997-02-03 00:00:00,84.21999999999993
1997-02-04 00:00:00,84.21999999999993
1997-02-05 00:00:00,84.20999999999992
1997-02-06 00:00:00,84.19999999999992
1997-02-07 00:00:00,84.25999999999992
1997-02-10 00:00:00,84.25999999999992
1997-02-11 00:00:00,84.24999999999993
1997-02-12 00:00:00,84.23999999999992
1997-02-13 00:00:00,84.30999999999992
1997-02-14 00:00:00,84.36999999999992
1997-02-18 00:00:00,84.36999999999992
1997-02-19 00:00:00,84.34999999999992
1997-02-20 00:00:00,84.28999999999992
1997-02-21 00:00:00,84.27999999999993
1997-02-24 00:00:00,84.24999999999993
1997-02-25 00:00:00,84.23999999999992
1997-02-26 00:00:00,84.04999999999993
1997-02-27 00:00:00,84.04999999999993
1997-02-28 00:00:00,84.06999999999992
1997-03-03 00:00:00,84.04999999999993
1997-03-04 00:00:00,84.02999999999993
1997-03-05 00:00:00,84.02999999999993
1997-03-06 00:00:00,83.98999999999992
1997-03-07 00:00:00,84.04999999999993
1997-03-10 00:00:00,84.05999999999992
1997-03-11 00:00:00,84.04999999999993
1997-03-12 00:00:00,84.01999999999992
1997-03-13 00:00:00,83.88999999999993
1997-03-14 00:00:00,83.91999999999992
1997-03-17 00:00:00,83.88999999999992
1997-03-18 00:00:00,83.89999999999992
1997-03-19 00:00:00,83.86999999999992
1997-03-20 00:00:00,83.85999999999991
1997-03-21 00:00:00,83.86999999999992
1997-03-24 00:00:00,83.88999999999992
1997-03-25 00:00:00,83.83999999999992
1997-03-26 00:00:00,83.81999999999992
1997-03-27 00:00:00,83.71999999999991
1997-03-31 00:00:00,83.69999999999992
1997-04-01 00:00:00,83.73999999999992
1997-04-02 00:00:00,83.74999999999991
1997-04-03 00:00:00,83.76999999999992
1997-04-04 00:00:00,83.70999999999992
1997-04-07 00:00:00,83.74999999999991
1997-04-08 00:00:00,83.72999999999992
1997-04-09 00:00:00,83.72999999999992
1997-04-10 00:00:00,83.70999999999992
1997-04-11 00:00:00,83.62999999999992
1997-04-14 00:00:00,83.61999999999992
1997-04-15 00:00:00,83.71999999999991
1997-04-16 00:00:00,83.69999999999992
1997-04-17 00:00:00,83.74999999999991
1997-04-18 00:00:00,83.76999999999992
1997-04-21 00:00:00,83.73999999999992
1997-04-22 00:00:00,83.76999999999992
1997-04-23 00:00:00,83.72999999999992
1997-04-24 00:00:00,83.67999999999992
1997-04-25 00:00:00,83.65999999999993
1997-04-28 00:00:00,83.67999999999992
1997-04-29 00:00:00,83.84999999999992
1997-04-30 00:00:00,83.89999999999992
1997-05-01 00:00:00,83.94999999999992
1997-05-02 00:00:00,83.95999999999992
1997-05-05 00:00:00,83.95999999999992
1997-05-06 00:00:00,83.94999999999992
1997-05-07 00:00:00,83.88999999999992
1997-05-08 00:00:00,83.90999999999993
1997-05-09 00:00:00,83.98999999999992
1997-05-12 00:00:00,84.01999999999992
1997-05-13 00:00:00,83.95999999999992
1997-05-14 00:00:00,83.98999999999992
1997-05-15 00:00:00,83.99999999999991
1997-05-16 00:00:00,83.96999999999991
1997-05-19 00:00:00,83.95999999999992
1997-05-20 00:00:00,83.97999999999992
1997-05-21 00:00:00,83.94999999999992
1997-05-22 00:00:00,83.92999999999992
1997-05-23 00:00:00,83.92999999999992
1997-05-27 00:00:00,83.87999999999992
1997-05-28 00:00:00,83.86999999999992
1997-05-29 00:00:00,83.90999999999993
1997-05-30 00:00:00,83.98999999999992
1997-06-02 00:00:00,84.00999999999992
1997-06-03 00:00:00,84.04999999999993
1997-06-04 00:00:00,84.04999999999993
1997-06-05 00:00:00,84.04999999999993
1997-06-06 00:00:00,84.15999999999993
1997-06-09 00:00:00,84.11999999999992
1997-06-10 00:00:00,84.09999999999992
1997-06-11 00:00:00,84.08999999999992
1997-06-12 00:00:00,84.18999999999993
1997-06-13 00:00:00,84.23999999999992
1997-06-16 00:00:00,84.25999999999992
1997-06-17 00:00:00,84.24999999999993
1997-06-18 00:00:00,84.27999999999993
1997-06-19 00:00:00,84.26999999999992
1997-06-20 00:00:00,84.27999999999993
1997-06-23 00:00:00,84.24999999999993
1997-06-24 00:00:00,84.24999999999993
1997-06-25 00:00:00,84.21999999999993
1997-06-26 00:00:00,84.16999999999993
1997-06-27 00:00:00,84.17999999999992
1997-06-30 00:00:00,84.12999999999992
1997-07-01 00:00:00,84.20999999999992
1997-07-02 00:00:00,84.23999999999992
1997-07-03 00:00:00,84.35999999999993
1997-07-07 00:00:00,84.39999999999992
1997-07-08 00:00:00,84.39999999999992
1997-07-09 00:00:00,84.41999999999993
1997-07-10 00:00:00,84.41999999999993
1997-07-11 00:00:00,84.42999999999992
1997-07-14 00:00:00,84.40999999999993
1997-07-15 00:00:00,84.40999999999993
1997-07-16 00:00:00,84.46999999999993
1997-07-17 00:00:00,84.46999999999993
1997-07-18 00:00:00,84.41999999999993
1997-07-21 00:00:00,84.38999999999993
1997-07-22 00:00:00,84.49999999999993
1997-07-23 00:00:00,84.52999999999993
1997-07-24 00:00:00,84.52999999999993
1997-07-25 00:00:00,84.47999999999993
1997-07-28 00:00:00,84.49999999999993
1997-07-29 00:00:00,84.53999999999992
1997-07-30 00:00:00,84.59999999999992
1997-07-31 00:00:00,84.64999999999992
1997-08-01 00:00:00,84.46999999999993
1997-08-04 00:00:00,84.42999999999992
1997-08-05 00:00:00,84.41999999999993
1997-08-06 00:00:00,84.43999999999993
1997-08-07 00:00:00,84.41999999999993
1997-08-08 00:00:00,84.28999999999992
1997-08-11 00:00:00,84.30999999999993
1997-08-12 00:00:00,84.29999999999993
1997-08-13 00:00:00,84.32999999999993
1997-08-14 00:00:00,84.38999999999993
1997-08-15 00:00:00,84.40999999999993
1997-08-18 00:00:00,84.45999999999992
1997-08-19 00:00:00,84.45999999999992
1997-08-20 00:00:00,84.42999999999992
1997-08-21 00:00:00,84.37999999999992
1997-08-22 00:00:00,84.31999999999992
1997-08-25 00:00:00,84.28999999999992
1997-08-26 00:00:00,84.29999999999993
1997-08-27 00:00:00,84.28999999999992
1997-08-28 00:00:00,84.36999999999993
1997-08-29 00:00:00,84.32999999999993
1997-09-02 00:00:00,84.37999999999992
1997-09-03 00:00:00,84.36999999999993
1997-09-04 00:00:00,84.35999999999993
1997-09-05 00:00:00,84.33999999999993
1997-09-08 00:00:00,84.35999999999993
1997-09-09 00:00:00,84.34999999999992
1997-09-10 00:00:00,84.31999999999992
1997-09-11 00:00:00,84.29999999999993
1997-09-12 00:00:00,84.39999999999992
1997-09-15 00:00:00,84.39999999999992
1997-09-16 00:00:00,84.57999999999991
1997-09-17 00:00:00,84.57999999999991
1997-09-18 00:00:00,84.56999999999992
1997-09-19 00:00:00,84.56999999999992
1997-09-22 00:00:00,84.59999999999992
1997-09-23 00:00:00,84.55999999999992
1997-09-24 00:00:00,84.59999999999992
1997-09-25 00:00:00,84.50999999999992
1997-09-26 00:00:00,84.53999999999992
1997-09-29 00:00:00,84.54999999999993
1997-09-30 00:00:00,84.51999999999992
1997-10-01 00:00:00,84.59999999999992
1997-10-02 00:00:00,84.62999999999992
1997-10-03 00:00:00,84.62999999999992
1997-10-06 00:00:00,84.68999999999993
1997-10-07 00:00:00,84.71999999999991
1997-10-08 00:00:00,84.58999999999992
1997-10-09 00:00:00,84.57999999999991
1997-10-10 00:00:00,84.52999999999992
1997-10-13 00:00:00,84.52999999999992
1997-10-14 00:00:00,84.59999999999992
1997-10-15 00:00:00,84.54999999999993
1997-10-16 00:00:00,84.54999999999993
1997-10-17 00:00:00,84.46999999999991
1997-10-20 00:00:00,84.47999999999992
1997-10-21 00:00:00,84.47999999999992
1997-10-22 00:00:00,84.49999999999991
1997-10-23 00:00:00,84.58999999999992
1997-10-24 00:00:00,84.61999999999992
1997-10-27 00:00:00,84.71999999999991
1997-10-28 00:00:00,84.64999999999992
1997-10-29 00:00:00,84.68999999999993
1997-10-30 00:00:00,84.73999999999992
1997-10-31 00:00:00,84.74999999999991
1997-11-03 00:00:00,84.69999999999992
1997-11-04 00:00:00,84.65999999999993
1997-11-05 00:00:00,84.66999999999992
1997-11-06 00:00:00,84.70999999999992
1997-11-07 00:00:00,84.70999999999992
1997-11-10 00:00:00,84.68999999999993
1997-11-11 00:00:00,84.68999999999993
1997-11-12 00:00:00,84.70999999999992
1997-11-13 00:00:00,84.72999999999992
1997-11-14 00:00:00,84.73999999999992
1997-11-17 00:00:00,84.73999999999992
1997-11-18 00:00:00,84.74999999999991
1997-11-19 00:00:00,84.77999999999992
1997-11-20 00:00:00,84.75999999999992
1997-11-21 00:00:00,84.78999999999992
1997-11-24 00:00:00,84.75999999999992
1997-11-25 00:00:00,84.77999999999992
1997-11-26 00:00:00,84.76999999999992
1997-11-28 00:00:00,84.75999999999992
1997-12-01 00:00:00,84.75999999999992
1997-12-02 00:00:00,84.76999999999992
1997-12-03 00:00:00,84.79999999999993
1997-12-04 00:00:00,84.81999999999992
1997-12-05 00:00:00,84.73999999999992
1997-12-08 00:00:00,84.68999999999993
1997-12-09 00:00:00,84.69999999999992
1997-12-10 00:00:00,84.74999999999991
1997-12-11 00:00:00,84.82999999999991
1997-12-12 00:00:00,84.89999999999992
1997-12-15 00:00:00,84.86999999999992
1997-12-16 00:00:00,84.86999999999992
1997-12-17 00:00:00,84.83999999999992
1997-12-18 00:00:00,84.87999999999992
1997-12-19 00:00:00,84.91999999999993
1997-12-22 00:00:00,84.89999999999992
1997-12-23 00:00:00,84.89999999999992
1997-12-24 00:00:00,84.88999999999993
1997-12-26 00:00:00,84.87999999999992
1997-12-29 00:00:00,84.85999999999993
1997-12-30 00:00:00,84.82999999999993
1997-12-31 00:00:00,84.86999999999992
1998-01-02 00:00:00,84.93999999999993
1998-01-05 00:00:00,85.10999999999993
1998-01-06 00:00:00,85.13999999999993
1998-01-07 00:00:00,85.10999999999993
1998-01-08 00:00:00,85.19999999999992
1998-01-09 00:00:00,85.26999999999992
1998-01-12 00:00:00,85.26999999999992
1998-01-13 00:00:00,85.23999999999992
1998-01-14 00:00:00,85.20999999999992
1998-01-15 00:00:00,85.19999999999992
1998-01-16 00:00:00,85.14999999999992
1998-01-20 00:00:00,85.12999999999992
1998-01-21 00:00:00,85.14999999999992
1998-01-22 00:00:00,85.13999999999993
1998-01-23 00:00:00,85.00999999999992
1998-01-26 00:00:00,85.05999999999992
1998-01-27 00:00:00,84.98999999999992
1998-01-28 00:00:00,84.98999999999992
1998-01-29 00:00:00,85.09999999999992
1998-01-30 00:00:00,85.14999999999992
1998-02-02 00:00:00,85.11999999999992
1998-02-03 00:00:00,85.13999999999993
1998-02-04 00:00:00,85.14999999999992
1998-02-05 00:00:00,85.09999999999992
1998-02-06 00:00:00,85.09999999999992
1998-02-09 00:00:00,85.05999999999992
1998-02-10 00:00:00,85.06999999999992
1998-02-11 00:00:00,85.11999999999992
1998-02-12 00:00:00,85.10999999999993
1998-02-13 00:00:00,85.13999999999993
1998-02-17 00:00:00,85.17999999999992
1998-02-18 00:00:00,85.14999999999992
1998-02-19 00:00:00,85.13999999999993
1998-02-20 00:00:00,85.10999999999993
1998-02-23 00:00:00,85.06999999999992
1998-02-24 00:00:00,84.95999999999992
1998-02-25 00:00:00,85.00999999999992
1998-02-26 00:00:00,84.98999999999992
1998-02-27 00:00:00,84.99999999999993
1998-03-02 00:00:00,84.92999999999992
1998-03-03 00:00:00,84.86999999999992
1998-03-04 00:00:00,84.87999999999992
1998-03-05 00:00:00,84.86999999999992
1998-03-06 00:00:00,84.92999999999992
1998-03-09 00:00:00,84.98999999999992
1998-03-10 00:00:00,84.98999999999992
1998-03-11 00:00:00,85.01999999999992
1998-03-12 00:00:00,85.06999999999992
1998-03-13 00:00:00,85.05999999999992
1998-03-16 00:00:00,85.08999999999992
1998-03-17 00:00:00,85.07999999999991
1998-03-18 00:00:00,85.06999999999992
1998-03-19 00:00:00,85.05999999999992
1998-03-20 00:00:00,85.06999999999992
1998-03-23 00:00:00,85.06999999999992
1998-03-24 00:00:00,85.05999999999992
1998-03-25 00:00:00,84.98999999999992
1998-03-26 00:00:00,84.95999999999992
1998-03-27 00:00:00,84.93999999999993
1998-03-30 00:00:00,84.90999999999993
1998-03-31 00:00:00,84.95999999999992
1998-04-01 00:00:00,84.99999999999991
1998-04-02 00:00:00,85.05999999999992
1998-04-03 00:00:00,85.14999999999992
1998-04-06 00:00:00,85.11999999999992
1998-04-07 00:00:00,85.09999999999992
1998-04-08 00:00:00,85.04999999999993
1998-04-09 00:00:00,85.03999999999992
1998-04-13 00:00:00,84.96999999999991
1998-04-14 00:00:00,85.00999999999992
1998-04-15 00:00:00,85.02999999999992
1998-04-16 00:00:00,85.04999999999993
1998-04-17 00:00:00,85.05999999999992
1998-04-20 00:00:00,85.01999999999992
1998-04-21 00:00:00,84.97999999999992
1998-04-22 00:00:00,84.98999999999992
1998-04-23 00:00:00,84.97999999999992
1998-04-24 00:00:00,84.99999999999991
1998-04-27 00:00:00,84.85999999999991
1998-04-28 00:00:00,84.85999999999991
1998-04-29 00:00:00,84.84999999999992
1998-04-30 00:00:00,84.98999999999992
1998-05-01 00:00:00,84.99999999999991
1998-05-04 00:00:00,84.99999999999991
1998-05-05 00:00:00,84.95999999999992
1998-05-06 00:00:00,84.99999999999991
1998-05-07 00:00:00,84.99999999999991
1998-05-08 00:00:00,84.96999999999991
1998-05-11 00:00:00,84.89999999999992
1998-05-12 00:00:00,84.97999999999992
1998-05-13 00:00:00,84.99999999999991
1998-05-14 00:00:00,84.95999999999992
1998-05-15 00:00:00,84.95999999999992
1998-05-18 00:00:00,84.98999999999992
1998-05-19 00:00:00,84.97999999999992
1998-05-20 00:00:00,85.02999999999992
1998-05-21 00:00:00,84.97999999999992
1998-05-22 00:00:00,84.98999999999992
1998-05-26 00:00:00,85.02999999999992
1998-05-27 00:00:00,85.06999999999992
1998-05-28 00:00:00,85.04999999999993
1998-05-29 00:00:00,85.06999999999992
1998-06-01 00:00:00,85.09999999999992
1998-06-02 00:00:00,85.06999999999992
1998-06-03 00:00:00,85.04999999999993
1998-06-04 00:00:00,85.02999999999992
1998-06-05 00:00:00,85.02999999999992
1998-06-08 00:00:00,85.02999999999992
1998-06-09 00:00:00,85.02999999999992
1998-06-10 00:00:00,85.07999999999991
1998-06-11 00:00:00,85.16999999999992
1998-06-12 00:00:00,85.19999999999992
1998-06-15 00:00:00,85.21999999999991
1998-06-16 00:00:00,85.15999999999991
1998-06-17 00:00:00,85.07999999999991
1998-06-18 00:00:00,85.10999999999991
1998-06-19 00:00:00,85.12999999999991
1998-06-22 00:00:00,85.13999999999992
1998-06-23 00:00:00,85.1499999999999
1998-06-24 00:00:00,85.1499999999999
1998-06-25 00:00:00,85.1199999999999
1998-06-26 00:00:00,85.1199999999999
1998-06-29 00:00:00,85.1199999999999
1998-06-30 00:00:00,85.13999999999992
1998-07-01 00:00:00,85.16999999999992
1998-07-02 00:00:00,85.19999999999992
1998-07-06 00:00:00,85.20999999999991
1998-07-07 00:00:00,85.18999999999991
1998-07-08 00:00:00,85.16999999999992
1998-07-09 00:00:00,85.19999999999992
1998-07-10 00:00:00,85.20999999999991
1998-07-13 00:00:00,85.15999999999991
1998-07-14 00:00:00,85.13999999999992
1998-07-15 00:00:00,85.13999999999992
1998-07-16 00:00:00,85.1199999999999
1998-07-17 00:00:00,85.1199999999999
1998-07-20 00:00:00,85.1499999999999
1998-07-21 00:00:00,85.16999999999992
1998-07-22 00:00:00,85.15999999999991
1998-07-23 00:00:00,85.16999999999992
1998-07-24 00:00:00,85.15999999999991
1998-07-27 00:00:00,85.13999999999992
1998-07-28 00:00:00,85.1199999999999
1998-07-29 00:00:00,85.0899999999999
1998-07-30 00:00:00,85.09999999999991
1998-07-31 00:00:00,85.09999999999991
1998-08-03 00:00:00,85.1499999999999
1998-08-04 00:00:00,85.15999999999991
1998-08-05 00:00:00,85.15999999999991
1998-08-06 00:00:00,85.1499999999999
1998-08-07 00:00:00,85.18999999999991
1998-08-10 00:00:00,85.17999999999991
1998-08-11 00:00:00,85.17999999999991
1998-08-12 00:00:00,85.16999999999992
1998-08-13 00:00:00,85.12999999999991
1998-08-14 00:00:00,85.16999999999992
1998-08-17 00:00:00,85.15999999999991
1998-08-18 00:00:00,85.13999999999992
1998-08-19 00:00:00,85.13999999999992
1998-08-20 00:00:00,85.12999999999991
1998-08-21 00:00:00,85.1199999999999
1998-08-24 00:00:00,85.09999999999991
1998-08-25 00:00:00,85.13999999999992
1998-08-26 00:00:00,85.19999999999992
1998-08-27 00:00:00,85.24999999999991
1998-08-28 00:00:00,85.27999999999992
1998-08-31 00:00:00,85.3399999999999
1998-09-01 00:00:00,85.31999999999991
1998-09-02 00:00:00,85.3399999999999
1998-09-03 00:00:00,85.3999999999999
1998-09-04 00:00:00,85.41999999999992
1998-09-08 00:00:00,85.4799999999999
1998-09-09 00:00:00,85.57999999999991
1998-09-10 00:00:00,85.74999999999991
1998-09-11 00:00:00,85.6199999999999
1998-09-14 00:00:00,85.6199999999999
1998-09-15 00:00:00,85.59999999999991
1998-09-16 00:00:00,85.60999999999991
1998-09-17 00:00:00,85.6499999999999
1998-09-18 00:00:00,85.73999999999991
1998-09-21 00:00:00,85.7299999999999
1998-09-22 00:00:00,85.70999999999991
1998-09-23 00:00:00,85.7599999999999
1998-09-24 00:00:00,85.84999999999991
1998-09-25 00:00:00,85.8699999999999
1998-09-28 00:00:00,85.84999999999991
1998-09-29 00:00:00,85.8699999999999
1998-09-30 00:00:00,85.98999999999991
1998-10-01 00:00:00,86.07999999999991
1998-10-02 00:00:00,86.04999999999991
1998-10-05 00:00:00,86.0899999999999
1998-10-06 00:00:00,86.02999999999992
1998-10-07 00:00:00,85.95999999999991
1998-10-08 00:00:00,85.68999999999991
1998-10-09 00:00:00,85.46999999999991
1998-10-13 00:00:00,85.49999999999991
1998-10-14 00:00:00,85.6499999999999
1998-10-15 00:00:00,85.70999999999991
1998-10-16 00:00:00,85.90999999999991
1998-10-19 00:00:00,85.90999999999991
1998-10-20 00:00:00,85.8699999999999
1998-10-21 00:00:00,85.82999999999991
1998-10-22 00:00:00,85.79999999999991
1998-10-23 00:00:00,85.70999999999991
1998-10-26 00:00:00,85.68999999999991
1998-10-27 00:00:00,85.79999999999991
1998-10-28 00:00:00,85.84999999999991
1998-10-29 00:00:00,85.9499999999999
1998-10-30 00:00:00,85.85999999999991
1998-11-02 00:00:00,85.73999999999991
1998-11-03 00:00:00,85.7599999999999
1998-11-04 00:00:00,85.66999999999992
1998-11-05 00:00:00,85.68999999999991
1998-11-06 00:00:00,85.68999999999991
1998-11-09 00:00:00,85.74999999999991
1998-11-10 00:00:00,85.74999999999991
1998-11-11 00:00:00,85.74999999999991
1998-11-12 00:00:00,85.76999999999991
1998-11-13 00:00:00,85.70999999999991
1998-11-16 00:00:00,85.66999999999992
1998-11-17 00:00:00,85.66999999999992
1998-11-18 00:00:00,85.6999999999999
1998-11-19 00:00:00,85.68999999999991
1998-11-20 00:00:00,85.70999999999991
1998-11-23 00:00:00,85.7299999999999
1998-11-24 00:00:00,85.6999999999999
1998-11-25 00:00:00,85.65999999999991
1998-11-27 00:00:00,85.68999999999991
1998-11-30 00:00:00,85.71999999999991
1998-12-01 00:00:00,85.74999999999991
1998-12-02 00:00:00,85.81999999999991
1998-12-03 00:00:00,85.85999999999991
1998-12-04 00:00:00,85.77999999999992
1998-12-07 00:00:00,85.71999999999991
1998-12-08 00:00:00,85.7899999999999
1998-12-09 00:00:00,85.8399999999999
1998-12-10 00:00:00,85.8699999999999
1998-12-11 00:00:00,85.7899999999999
1998-12-14 00:00:00,85.81999999999991
1998-12-15 00:00:00,85.7899999999999
1998-12-16 00:00:00,85.81999999999991
1998-12-17 00:00:00,85.80999999999992
1998-12-18 00:00:00,85.7899999999999
1998-12-21 00:00:00,85.73999999999991
1998-12-22 00:00:00,85.68999999999991
1998-12-23 00:00:00,85.60999999999991
1998-12-24 00:00:00,85.56999999999991
1998-12-28 00:00:00,85.60999999999991
1998-12-29 00:00:00,85.66999999999992
1998-12-30 00:00:00,85.72999999999992
1998-12-31 00:00:00,85.72999999999992
1999-01-04 00:00:00,85.74999999999991
1999-01-05 00:00:00,85.74999999999991
1999-01-06 00:00:00,85.72999999999992
1999-01-07 00:00:00,85.66999999999992
1999-01-08 00:00:00,85.6199999999999
1999-01-11 00:00:00,85.58999999999992
1999-01-12 00:00:00,85.63999999999992
1999-01-13 00:00:00,85.68999999999991
1999-01-14 00:00:00,85.76999999999991
1999-01-15 00:00:00,85.72999999999992
1999-01-19 00:00:00,85.70999999999991
1999-01-20 00:00:00,85.68999999999991
1999-01-21 00:00:00,85.74999999999991
1999-01-22 00:00:00,85.80999999999992
1999-01-25 00:00:00,85.76999999999991
1999-01-26 00:00:00,85.74999999999991
1999-01-27 00:00:00,85.76999999999991
1999-01-28 00:00:00,85.7899999999999
1999-01-29 00:00:00,85.80999999999992
1999-02-01 00:00:00,85.74999999999991
1999-02-02 00:00:00,85.68999999999991
1999-02-03 00:00:00,85.6499999999999
1999-02-04 00:00:00,85.57999999999991
1999-02-05 00:00:00,85.5399999999999
1999-02-08 00:00:00,85.54999999999991
1999-02-09 00:00:00,85.56999999999991
1999-02-10 00:00:00,85.56999999999991
1999-02-11 00:00:00,85.52999999999992
1999-02-12 00:00:00,85.38999999999992
1999-02-16 00:00:00,85.40999999999991
1999-02-17 00:00:00,85.46999999999991
1999-02-18 00:00:00,85.42999999999991
1999-02-19 00:00:00,85.40999999999991
1999-02-22 00:00:00,85.44999999999992
1999-02-23 00:00:00,85.37999999999991
1999-02-24 00:00:00,85.30999999999992
1999-02-25 00:00:00,85.16999999999992
1999-02-26 00:00:00,85.16999999999992
1999-03-01 00:00:00,85.04999999999991
1999-03-02 00:00:00,85.07999999999991
1999-03-03 00:00:00,85.05999999999992
1999-03-04 00:00:00,85.02999999999992
1999-03-05 00:00:00,85.08999999999992
1999-03-08 00:00:00,85.10999999999991
1999-03-09 00:00:00,85.18999999999991
1999-03-10 00:00:00,85.18999999999991
1999-03-11 00:00:00,85.20999999999991
1999-03-12 00:00:00,85.26999999999991
1999-03-15 00:00:00,85.27999999999992
1999-03-16 00:00:00,85.31999999999991
1999-03-17 00:00:00,85.27999999999992
1999-03-18 00:00:00,85.31999999999991
1999-03-19 00:00:00,85.26999999999991
1999-03-22 00:00:00,85.23999999999991
1999-03-23 00:00:00,85.23999999999991
1999-03-24 00:00:00,85.26999999999991
1999-03-25 00:00:00,85.23999999999991
1999-03-26 00:00:00,85.22999999999992
1999-03-29 00:00:00,85.15999999999991
1999-03-30 00:00:00,85.21999999999991
1999-03-31 00:00:00,85.18999999999991
1999-04-01 00:00:00,85.13999999999992
1999-04-02 00:00:00,85.23999999999991
1999-04-05 00:00:00,85.23999999999991
1999-04-06 00:00:00,85.31999999999991
1999-04-07 00:00:00,85.31999999999991
1999-04-08 00:00:00,85.41999999999992
1999-04-09 00:00:00,85.3999999999999
1999-04-12 00:00:00,85.38999999999992
1999-04-13 00:00:00,85.33999999999992
1999-04-14 00:00:00,85.31999999999991
1999-04-15 00:00:00,85.27999999999992
1999-04-16 00:00:00,85.21999999999991
1999-04-19 00:00:00,85.27999999999992
1999-04-20 00:00:00,85.29999999999991
1999-04-21 00:00:00,85.29999999999991
1999-04-22 00:00:00,85.21999999999991
1999-04-23 00:00:00,85.21999999999991
1999-04-26 00:00:00,85.21999999999991
1999-04-27 00:00:00,85.23999999999991
1999-04-28 00:00:00,85.20999999999991
1999-04-29 00:00:00,85.26999999999991
1999-04-30 00:00:00,85.11999999999992
1999-05-03 00:00:00,85.11999999999992
1999-05-04 00:00:00,85.07999999999991
1999-05-05 00:00:00,85.11999999999992
1999-05-06 00:00:00,85.0399999999999
1999-05-07 00:00:00,84.99999999999991
1999-05-10 00:00:00,85.01999999999991
1999-05-11 00:00:00,84.95999999999991
1999-05-12 00:00:00,84.95999999999991
1999-05-13 00:00:00,85.06999999999991
1999-05-14 00:00:00,84.86999999999992
1999-05-17 00:00:00,84.83999999999992
1999-05-18 00:00:00,84.80999999999992
1999-05-19 00:00:00,84.83999999999992
1999-05-20 00:00:00,84.81999999999991
1999-05-21 00:00:00,84.83999999999992
1999-05-24 00:00:00,84.84999999999991
1999-05-25 00:00:00,84.85999999999991
1999-05-26 00:00:00,84.81999999999991
1999-05-27 00:00:00,84.69999999999992
1999-05-28 00:00:00,84.65999999999991
1999-06-01 00:00:00,84.51999999999991
1999-06-02 00:00:00,84.49999999999991
1999-06-03 00:00:00,84.47999999999992
1999-06-04 00:00:00,84.47999999999992
1999-06-07 00:00:00,84.51999999999991
1999-06-08 00:00:00,84.50999999999992
1999-06-09 00:00:00,84.45999999999991
1999-06-10 00:00:00,84.37999999999991
1999-06-11 00:00:00,84.24999999999991
1999-06-14 00:00:00,84.25999999999992
1999-06-15 00:00:00,84.25999999999992
1999-06-16 00:00:00,84.25999999999992
1999-06-17 00:00:00,84.46999999999993
1999-06-18 00:00:00,84.43999999999993
1999-06-21 00:00:00,84.37999999999992
1999-06-22 00:00:00,84.32999999999993
1999-06-23 00:00:00,84.25999999999992
1999-06-24 00:00:00,84.20999999999992
1999-06-25 00:00:00,84.22999999999992
1999-06-28 00:00:00,84.30999999999992
1999-06-29 00:00:00,84.33999999999992
1999-06-30 00:00:00,84.49999999999993
1999-07-01 00:00:00,84.48999999999992
1999-07-02 00:00:00,84.53999999999992
1999-07-06 00:00:00,84.47999999999992
1999-07-07 00:00:00,84.43999999999993
1999-07-08 00:00:00,84.51999999999992
1999-07-09 00:00:00,84.51999999999992
1999-07-12 00:00:00,84.59999999999992
1999-07-13 00:00:00,84.59999999999992
1999-07-14 00:00:00,84.56999999999992
1999-07-15 00:00:00,84.57999999999993
1999-07-16 00:00:00,84.61999999999992
1999-07-19 00:00:00,84.65999999999993
1999-07-20 00:00:00,84.65999999999993
1999-07-21 00:00:00,84.63999999999993
1999-07-22 00:00:00,84.47999999999992
1999-07-23 00:00:00,84.39999999999992
1999-07-26 00:00:00,84.33999999999992
1999-07-27 00:00:00,84.39999999999992
1999-07-28 00:00:00,84.42999999999992
1999-07-29 00:00:00,84.31999999999992
1999-07-30 00:00:00,84.27999999999993
1999-08-02 00:00:00,84.23999999999992
1999-08-03 00:00:00,84.17999999999992
1999-08-04 00:00:00,84.13999999999993
1999-08-05 00:00:00,84.13999999999993
1999-08-06 00:00:00,84.03999999999992
1999-08-09 00:00:00,83.91999999999992
1999-08-10 00:00:00,83.85999999999993
1999-08-11 00:00:00,83.91999999999992
1999-08-12 00:00:00,83.95999999999992
1999-08-13 00:00:00,84.13999999999993
1999-08-16 00:00:00,84.19999999999992
1999-08-17 00:00:00,84.33999999999992
1999-08-18 00:00:00,84.33999999999992
1999-08-19 00:00:00,84.27999999999993
1999-08-20 00:00:00,84.22999999999992
1999-08-23 00:00:00,84.21999999999993
1999-08-24 00:00:00,84.35999999999993
1999-08-25 00:00:00,84.49999999999993
1999-08-26 00:00:00,84.47999999999992
1999-08-27 00:00:00,84.33999999999992
1999-08-30 00:00:00,84.17999999999992
1999-08-31 00:00:00,84.09999999999992
1999-09-01 00:00:00,84.11999999999992
1999-09-02 00:00:00,84.06999999999992
1999-09-03 00:00:00,84.21999999999993
1999-09-07 00:00:00,84.15999999999993
1999-09-08 00:00:00,84.21999999999993
1999-09-09 00:00:00,84.22999999999992
1999-09-10 00:00:00,84.32999999999993
1999-09-13 00:00:00,84.37999999999992
1999-09-14 00:00:00,84.32999999999993
1999-09-15 00:00:00,84.41999999999992
1999-09-16 00:00:00,84.48999999999991
1999-09-17 00:00:00,84.49999999999991
1999-09-20 00:00:00,84.39999999999992
1999-09-21 00:00:00,84.35999999999991
1999-09-22 00:00:00,84.38999999999992
1999-09-23 00:00:00,84.47999999999992
1999-09-24 00:00:00,84.55999999999992
1999-09-27 00:00:00,84.48999999999991
1999-09-28 00:00:00,84.43999999999991
1999-09-29 00:00:00,84.31999999999991
1999-09-30 00:00:00,84.39999999999992
1999-10-01 00:00:00,84.32999999999991
1999-10-04 00:00:00,84.39999999999992
1999-10-05 00:00:00,84.2899999999999
1999-10-06 00:00:00,84.29999999999991
1999-10-07 00:00:00,84.30999999999992
1999-10-08 00:00:00,84.33999999999992
1999-10-12 00:00:00,84.32999999999991
1999-10-13 00:00:00,84.27999999999992
1999-10-14 00:00:00,84.21999999999991
1999-10-15 00:00:00,84.22999999999992
1999-10-18 00:00:00,84.23999999999991
1999-10-19 00:00:00,84.21999999999991
1999-10-20 00:00:00,84.19999999999992
1999-10-21 00:00:00,84.19999999999992
1999-10-22 00:00:00,84.19999999999992
1999-10-25 00:00:00,84.15999999999991
1999-10-26 00:00:00,84.13999999999992
1999-10-27 00:00:00,84.19999999999992
1999-10-28 00:00:00,84.27999999999992
1999-10-29 00:00:00,84.38999999999992
1999-11-01 00:00:00,84.35999999999991
1999-11-02 00:00:00,84.37999999999991
1999-11-03 00:00:00,84.39999999999992
1999-11-04 00:00:00,84.46999999999991
1999-11-05 00:00:00,84.55999999999992
1999-11-08 00:00:00,84.51999999999991
1999-11-09 00:00:00,84.50999999999992
1999-11-10 00:00:00,84.46999999999991
1999-11-12 00:00:00,84.55999999999992
1999-11-15 00:00:00,84.5399999999999
1999-11-16 00:00:00,84.50999999999992
1999-11-17 00:00:00,84.45999999999991
1999-11-18 00:00:00,84.43999999999991
1999-11-19 00:00:00,84.42999999999991
1999-11-22 00:00:00,84.37999999999991
1999-11-23 00:00:00,84.37999999999991
1999-11-24 00:00:00,84.37999999999991
1999-11-26 00:00:00,84.33999999999992
1999-11-29 00:00:00,84.25999999999992
1999-11-30 00:00:00,84.27999999999992
1999-12-01 00:00:00,84.25999999999992
1999-12-02 00:00:00,84.23999999999991
1999-12-03 00:00:00,84.29999999999991
1999-12-06 00:00:00,84.33999999999992
1999-12-07 00:00:00,84.37999999999991
1999-12-08 00:00:00,84.35999999999991
1999-12-09 00:00:00,84.37999999999991
1999-12-10 00:00:00,84.41999999999992
1999-12-13 00:00:00,84.38999999999992
1999-12-14 00:00:00,84.25999999999992
1999-12-15 00:00:00,84.22999999999992
1999-12-16 00:00:00,84.1499999999999
1999-12-17 00:00:00,84.1499999999999
1999-12-20 00:00:00,84.08999999999992
1999-12-21 00:00:00,84.06999999999991
1999-12-22 00:00:00,84.08999999999992
1999-12-23 00:00:00,84.08999999999992
1999-12-27 00:00:00,84.08999999999992
1999-12-28 00:00:00,84.07999999999991
1999-12-29 00:00:00,84.10999999999991
1999-12-30 00:00:00,84.11999999999992
1999-12-31 00:00:00,84.06999999999991
2000-01-03 00:00:00,83.94999999999992
2000-01-04 00:00:00,84.0099999999999
2000-01-05 00:00:00,83.91999999999992
2000-01-06 00:00:00,83.95999999999991
2000-01-07 00:00:00,84.01999999999991
2000-01-10 00:00:00,83.96999999999991
2000-01-11 00:00:00,83.84999999999991
2000-01-12 00:00:00,83.81999999999991
2000-01-13 00:00:00,83.90999999999991
2000-01-14 00:00:00,83.84999999999991
2000-01-18 00:00:00,83.7899999999999
2000-01-19 00:00:00,83.80999999999992
2000-01-20 00:00:00,83.7899999999999
2000-01-21 00:00:00,83.80999999999992
2000-01-24 00:00:00,83.88999999999992
2000-01-25 00:00:00,83.88999999999992
2000-01-26 00:00:00,83.85999999999991
2000-01-27 00:00:00,83.79999999999991
2000-01-28 00:00:00,83.73999999999991
2000-01-31 00:00:00,83.66999999999992
2000-02-01 00:00:00,83.70999999999991
2000-02-02 00:00:00,83.6499999999999
2000-02-03 00:00:00,83.69999999999992
2000-02-04 00:00:00,83.66999999999992
2000-02-07 00:00:00,83.62999999999991
2000-02-08 00:00:00,83.67999999999991
2000-02-09 00:00:00,83.6499999999999
2000-02-10 00:00:00,83.60999999999991
2000-02-11 00:00:00,83.6499999999999
2000-02-14 00:00:00,83.72999999999992
2000-02-15 00:00:00,83.66999999999992
2000-02-16 00:00:00,83.63999999999992
2000-02-17 00:00:00,83.61999999999992
2000-02-18 00:00:00,83.68999999999991
2000-02-22 00:00:00,83.80999999999992
2000-02-23 00:00:00,83.74999999999991
2000-02-24 00:00:00,83.84999999999991
2000-02-25 00:00:00,83.88999999999992
2000-02-28 00:00:00,83.79999999999991
2000-02-29 00:00:00,83.80999999999992
2000-03-01 00:00:00,83.83999999999992
2000-03-02 00:00:00,83.83999999999992
2000-03-03 00:00:00,83.86999999999992
2000-03-06 00:00:00,83.81999999999991
2000-03-07 00:00:00,83.84999999999991
2000-03-08 00:00:00,83.83999999999992
2000-03-09 00:00:00,83.86999999999992
2000-03-10 00:00:00,83.79999999999991
2000-03-13 00:00:00,83.81999999999991
2000-03-14 00:00:00,83.82999999999991
2000-03-15 00:00:00,83.8399999999999
2000-03-16 00:00:00,83.88999999999992
2000-03-17 00:00:00,83.9499999999999
2000-03-20 00:00:00,83.92999999999991
2000-03-21 00:00:00,83.92999999999991
2000-03-22 00:00:00,83.9199999999999
2000-03-23 00:00:00,83.96999999999991
2000-03-24 00:00:00,83.90999999999991
2000-03-27 00:00:00,83.92999999999991
2000-03-28 00:00:00,83.90999999999991
2000-03-29 00:00:00,83.88999999999992
2000-03-30 00:00:00,83.9799999999999
2000-03-31 00:00:00,84.0299999999999
2000-04-03 00:00:00,84.0899999999999
2000-04-04 00:00:00,84.2299999999999
2000-04-05 00:00:00,84.18999999999991
2000-04-06 00:00:00,84.12999999999991
2000-04-07 00:00:00,84.1699999999999
2000-04-10 00:00:00,84.18999999999991
2000-04-11 00:00:00,84.13999999999992
2000-04-12 00:00:00,84.09999999999991
2000-04-13 00:00:00,84.13999999999992
2000-04-14 00:00:00,84.17999999999991
2000-04-17 00:00:00,84.12999999999991
2000-04-18 00:00:00,84.09999999999991
2000-04-19 00:00:00,84.12999999999991
2000-04-20 00:00:00,84.12999999999991
2000-04-24 00:00:00,84.12999999999991
2000-04-25 00:00:00,84.01999999999991
2000-04-26 00:00:00,84.0099999999999
2000-04-27 00:00:00,83.8999999999999
2000-04-28 00:00:00,83.90999999999991
2000-05-01 00:00:00,83.90999999999991
2000-05-02 00:00:00,83.84999999999991
2000-05-03 00:00:00,83.70999999999991
2000-05-04 00:00:00,83.60999999999991
2000-05-05 00:00:00,83.5299999999999
2000-05-08 00:00:00,83.46999999999991
2000-05-09 00:00:00,83.51999999999991
2000-05-10 00:00:00,83.57999999999991
2000-05-11 00:00:00,83.5899999999999
2000-05-12 00:00:00,83.48999999999991
2000-05-15 00:00:00,83.48999999999991
2000-05-16 00:00:00,83.5899999999999
2000-05-17 00:00:00,83.5399999999999
2000-05-18 00:00:00,83.4499999999999
2000-05-19 00:00:00,83.5099999999999
2000-05-22 00:00:00,83.59999999999991
2000-05-23 00:00:00,83.5899999999999
2000-05-24 00:00:00,83.56999999999991
2000-05-25 00:00:00,83.6699999999999
2000-05-26 00:00:00,83.70999999999991
2000-05-30 00:00:00,83.62999999999991
2000-05-31 00:00:00,83.7299999999999
2000-06-01 00:00:00,83.84999999999991
2000-06-02 00:00:00,83.9499999999999
2000-06-05 00:00:00,84.0399999999999
2000-06-06 00:00:00,83.98999999999991
2000-06-07 00:00:00,83.95999999999991
2000-06-08 00:00:00,83.92999999999991
2000-06-09 00:00:00,83.93999999999991
2000-06-12 00:00:00,83.99999999999991
2000-06-13 00:00:00,84.0399999999999
2000-06-14 00:00:00,84.0899999999999
2000-06-15 00:00:00,84.0899999999999
2000-06-16 00:00:00,84.18999999999991
2000-06-19 00:00:00,84.1499999999999
2000-06-20 00:00:00,84.0899999999999
2000-06-21 00:00:00,84.0099999999999
2000-06-22 00:00:00,83.96999999999991
2000-06-23 00:00:00,83.9499999999999
2000-06-26 00:00:00,84.0399999999999
2000-06-27 00:00:00,84.0399999999999
2000-06-28 00:00:00,84.0099999999999
2000-06-29 00:00:00,84.0899999999999
2000-06-30 00:00:00,84.10999999999991
2000-07-03 00:00:00,84.1499999999999
2000-07-05 00:00:00,84.18999999999991
2000-07-06 00:00:00,84.13999999999992
2000-07-07 00:00:00,84.20999999999991
2000-07-10 00:00:00,84.1699999999999
2000-07-11 00:00:00,84.1499999999999
2000-07-12 00:00:00,84.12999999999991
2000-07-13 00:00:00,84.18999999999991
2000-07-14 00:00:00,84.07999999999991
2000-07-17 00:00:00,84.01999999999991
2000-07-18 00:00:00,84.0099999999999
2000-07-19 00:00:00,83.98999999999991
2000-07-20 00:00:00,84.1699999999999
2000-07-21 00:00:00,84.1699999999999
2000-07-24 00:00:00,84.13999999999992
2000-07-25 00:00:00,84.1499999999999
2000-07-26 00:00:00,84.15999999999991
2000-07-27 00:00:00,84.1699999999999
2000-07-28 00:00:00,84.12999999999991
2000-07-31 00:00:00,84.1499999999999
2000-08-01 00:00:00,84.1699999999999
2000-08-02 00:00:00,84.20999999999991
2000-08-03 00:00:00,84.21999999999991
2000-08-04 00:00:00,84.2899999999999
2000-08-07 00:00:00,84.24999999999991
2000-08-08 00:00:00,84.29999999999991
2000-08-09 00:00:00,84.2899999999999
2000-08-10 00:00:00,84.34999999999991
2000-08-11 00:00:00,84.2799999999999
2000-08-14 00:00:00,84.2899999999999
2000-08-15 00:00:00,84.2899999999999
2000-08-16 00:00:00,84.26999999999991
2000-08-17 00:00:00,84.2899999999999
2000-08-18 00:00:00,84.3099999999999
2000-08-21 00:00:00,84.2899999999999
2000-08-22 00:00:00,84.3099999999999
2000-08-23 00:00:00,84.37999999999991
2000-08-24 00:00:00,84.3999999999999
2000-08-25 00:00:00,84.40999999999991
2000-08-28 00:00:00,84.35999999999991
2000-08-29 00:00:00,84.3099999999999
2000-08-30 00:00:00,84.29999999999991
2000-08-31 00:00:00,84.37999999999991
2000-09-01 00:00:00,84.4799999999999
2000-09-05 00:00:00,84.46999999999991
2000-09-06 00:00:00,84.4199999999999
2000-09-07 00:00:00,84.37999999999991
2000-09-08 00:00:00,84.38999999999992
2000-09-11 00:00:00,84.37999999999991
2000-09-12 00:00:00,84.37999999999991
2000-09-13 00:00:00,84.4499999999999
2000-09-14 00:00:00,84.40999999999991
2000-09-15 00:00:00,84.4199999999999
2000-09-18 00:00:00,84.4499999999999
2000-09-19 00:00:00,84.4199999999999
2000-09-20 00:00:00,84.3699999999999
2000-09-21 00:00:00,84.3899999999999
2000-09-22 00:00:00,84.42999999999991
2000-09-25 00:00:00,84.43999999999991
2000-09-26 00:00:00,84.46999999999991
2000-09-27 00:00:00,84.46999999999991
2000-09-28 00:00:00,84.4799999999999
2000-09-29 00:00:00,84.5299999999999
2000-10-02 00:00:00,84.5299999999999
2000-10-03 00:00:00,84.4999999999999
2000-10-04 00:00:00,84.4499999999999
2000-10-05 00:00:00,84.4499999999999
2000-10-06 00:00:00,84.4499999999999
2000-10-10 00:00:00,84.4499999999999
2000-10-11 00:00:00,84.4799999999999
2000-10-12 00:00:00,84.5399999999999
2000-10-13 00:00:00,84.54999999999991
2000-10-16 00:00:00,84.5299999999999
2000-10-17 00:00:00,84.6099999999999
2000-10-18 00:00:00,84.6099999999999
2000-10-19 00:00:00,84.6399999999999
2000-10-20 00:00:00,84.67999999999991
2000-10-23 00:00:00,84.71999999999991
2000-10-24 00:00:00,84.68999999999991
2000-10-25 00:00:00,84.62999999999991
2000-10-26 00:00:00,84.6099999999999
2000-10-27 00:00:00,84.5399999999999
2000-10-30 00:00:00,84.5299999999999
2000-10-31 00:00:00,84.51999999999991
2000-11-01 00:00:00,84.56999999999991
2000-11-02 00:00:00,84.5899999999999
2000-11-03 00:00:00,84.5099999999999
2000-11-06 00:00:00,84.4499999999999
2000-11-07 00:00:00,84.4499999999999
2000-11-08 00:00:00,84.4499999999999
2000-11-09 00:00:00,84.48999999999991
2000-11-10 00:00:00,84.4999999999999
2000-11-13 00:00:00,84.5299999999999
2000-11-14 00:00:00,84.5399999999999
2000-11-15 00:00:00,84.56999999999991
2000-11-16 00:00:00,84.6099999999999
2000-11-17 00:00:00,84.5899999999999
2000-11-20 00:00:00,84.5899999999999
2000-11-21 00:00:00,84.5899999999999
2000-11-22 00:00:00,84.6099999999999
2000-11-24 00:00:00,84.59999999999991
2000-11-27 00:00:00,84.6099999999999
2000-11-28 00:00:00,84.6699999999999
2000-11-29 00:00:00,84.71999999999991
2000-11-30 00:00:00,84.8099999999999
2000-12-01 00:00:00,84.76999999999991
2000-12-04 00:00:00,84.7799999999999
2000-12-05 00:00:00,84.90999999999991
2000-12-06 00:00:00,85.04999999999991
2000-12-07 00:00:00,85.1099999999999
2000-12-08 00:00:00,85.0599999999999
2000-12-11 00:00:00,85.04999999999991
2000-12-12 00:00:00,85.0299999999999
2000-12-13 00:00:00,85.12999999999991
2000-12-14 00:00:00,85.1999999999999
2000-12-15 00:00:00,85.23999999999991
2000-12-18 00:00:00,85.27999999999992
2000-12-19 00:00:00,85.20999999999991
2000-12-20 00:00:00,85.3099999999999
2000-12-21 00:00:00,85.35999999999991
2000-12-22 00:00:00,85.37999999999991
2000-12-26 00:00:00,85.3399999999999
2000-12-27 00:00:00,85.26999999999991
2000-12-28 00:00:00,85.1999999999999
2000-12-29 00:00:00,85.21999999999991
2001-01-02 00:00:00,85.49999999999991
2001-01-03 00:00:00,85.2599999999999
2001-01-04 00:00:00,85.40999999999991
2001-01-05 00:00:00,85.59999999999991
2001-01-08 00:00:00,85.6999999999999
2001-01-09 00:00:00,85.5899999999999
2001-01-10 00:00:00,85.43999999999991
2001-01-11 00:00:00,85.37999999999991
2001-01-12 00:00:00,85.23999999999991
2001-01-16 00:00:00,85.23999999999991
2001-01-17 00:00:00,85.31999999999991
2001-01-18 00:00:00,85.3999999999999
2001-01-19 00:00:00,85.29999999999991
2001-01-22 00:00:00,85.23999999999991
2001-01-23 00:00:00,85.1499999999999
2001-01-24 00:00:00,85.1499999999999
2001-01-25 00:00:00,85.20999999999991
2001-01-26 00:00:00,85.21999999999991
2001-01-29 00:00:00,85.20999999999991
2001-01-30 00:00:00,85.27999999999992
2001-01-31 00:00:00,85.41999999999992
2001-02-01 00:00:00,85.51999999999991
2001-02-02 00:00:00,85.40999999999991
2001-02-05 00:00:00,85.37999999999991
2001-02-06 00:00:00,85.3099999999999
2001-02-07 00:00:00,85.34999999999991
2001-02-08 00:00:00,85.31999999999991
2001-02-09 00:00:00,85.3999999999999
2001-02-12 00:00:00,85.38999999999992
2001-02-13 00:00:00,85.35999999999991
2001-02-14 00:00:00,85.2599999999999
2001-02-15 00:00:00,85.18999999999991
2001-02-16 00:00:00,85.31999999999991
2001-02-20 00:00:00,85.31999999999991
2001-02-21 00:00:00,85.29999999999991
2001-02-22 00:00:00,85.29999999999991
2001-02-23 00:00:00,85.32999999999991
2001-02-26 00:00:00,85.34999999999991
2001-02-27 00:00:00,85.43999999999991
2001-02-28 00:00:00,85.5599999999999
2001-03-01 00:00:00,85.57999999999991
2001-03-02 00:00:00,85.4799999999999
2001-03-05 00:00:00,85.4799999999999
2001-03-06 00:00:00,85.45999999999991
2001-03-07 00:00:00,85.5099999999999
2001-03-08 00:00:00,85.51999999999991
2001-03-09 00:00:00,85.4499999999999
2001-03-12 00:00:00,85.43999999999991
2001-03-13 00:00:00,85.40999999999991
2001-03-14 00:00:00,85.49999999999991
2001-03-15 00:00:00,85.57999999999991
2001-03-16 00:00:00,85.61999999999992
2001-03-19 00:00:00,85.56999999999992
2001-03-20 00:00:00,85.62999999999991
2001-03-21 00:00:00,85.66999999999992
2001-03-22 00:00:00,85.72999999999992
2001-03-23 00:00:00,85.62999999999991
2001-03-26 00:00:00,85.58999999999992
2001-03-27 00:00:00,85.40999999999991
2001-03-28 00:00:00,85.42999999999992
2001-03-29 00:00:00,85.44999999999992
2001-03-30 00:00:00,85.48999999999992
2001-04-02 00:00:00,85.45999999999992
2001-04-03 00:00:00,85.48999999999992
2001-04-04 00:00:00,85.52999999999992
2001-04-05 00:00:00,85.46999999999991
2001-04-06 00:00:00,85.59999999999992
2001-04-09 00:00:00,85.56999999999992
2001-04-10 00:00:00,85.42999999999992
2001-04-11 00:00:00,85.38999999999992
2001-04-12 00:00:00,85.31999999999992
2001-04-16 00:00:00,85.14999999999992
2001-04-17 00:00:00,85.28999999999992
2001-04-18 00:00:00,85.40999999999991
2001-04-19 00:00:00,85.26999999999991
2001-04-20 00:00:00,85.24999999999991
2001-04-23 00:00:00,85.32999999999991
2001-04-24 00:00:00,85.34999999999992
2001-04-25 00:00:00,85.26999999999991
2001-04-26 00:00:00,85.37999999999991
2001-04-27 00:00:00,85.24999999999991
2001-04-30 00:00:00,85.20999999999992
2001-05-01 00:00:00,85.24999999999991
2001-05-02 00:00:00,85.26999999999991
2001-05-03 00:00:00,85.34999999999992
2001-05-04 00:00:00,85.38999999999992
2001-05-07 00:00:00,85.34999999999992
2001-05-08 00:00:00,85.34999999999992
2001-05-09 00:00:00,85.38999999999992
2001-05-10 00:00:00,85.22999999999992
2001-05-11 00:00:00,84.96999999999991
2001-05-14 00:00:00,85.04999999999991
2001-05-15 00:00:00,84.99999999999991
2001-05-16 00:00:00,85.00999999999992
2001-05-17 00:00:00,85.02999999999992
2001-05-18 00:00:00,85.04999999999991
2001-05-21 00:00:00,85.06999999999992
2001-05-22 00:00:00,85.08999999999992
2001-05-23 00:00:00,85.09999999999992
2001-05-24 00:00:00,84.98999999999992
2001-05-25 00:00:00,84.97999999999992
2001-05-29 00:00:00,84.94999999999992
2001-05-30 00:00:00,84.90999999999991
2001-05-31 00:00:00,85.04999999999991
2001-06-01 00:00:00,85.07999999999991
2001-06-04 00:00:00,85.09999999999992
2001-06-05 00:00:00,85.16999999999992
2001-06-06 00:00:00,85.18999999999991
2001-06-07 00:00:00,85.12999999999991
2001-06-08 00:00:00,85.02999999999992
2001-06-11 00:00:00,85.09999999999992
2001-06-12 00:00:00,85.16999999999992
2001-06-13 00:00:00,85.16999999999992
2001-06-14 00:00:00,85.18999999999991
2001-06-15 00:00:00,85.13999999999992
2001-06-18 00:00:00,85.11999999999992
2001-06-19 00:00:00,85.10999999999991
2001-06-20 00:00:00,85.13999999999992
2001-06-21 00:00:00,85.15999999999993
2001-06-22 00:00:00,85.26999999999992
2001-06-25 00:00:00,85.24999999999991
2001-06-26 00:00:00,85.14999999999992
2001-06-27 00:00:00,85.07999999999993
2001-06-28 00:00:00,84.94999999999992
2001-06-29 00:00:00,84.89999999999992
2001-07-02 00:00:00,84.93999999999993
2001-07-03 00:00:00,84.91999999999992
2001-07-05 00:00:00,84.87999999999992
2001-07-06 00:00:00,84.93999999999993
2001-07-09 00:00:00,84.96999999999991
2001-07-10 00:00:00,85.01999999999992
2001-07-11 00:00:00,85.01999999999992
2001-07-12 00:00:00,85.04999999999993
2001-07-13 00:00:00,85.06999999999992
2001-07-16 00:00:00,85.12999999999992
2001-07-17 00:00:00,85.13999999999992
2001-07-18 00:00:00,85.24999999999991
2001-07-19 00:00:00,85.21999999999991
2001-07-20 00:00:00,85.20999999999992
2001-07-23 00:00:00,85.22999999999992
2001-07-24 00:00:00,85.24999999999991
2001-07-25 00:00:00,85.19999999999992
2001-07-26 00:00:00,85.23999999999992
2001-07-27 00:00:00,85.29999999999993
2001-07-30 00:00:00,85.31999999999992
2001-07-31 00:00:00,85.39999999999992
2001-08-01 00:00:00,85.34999999999992
2001-08-02 00:00:00,85.25999999999992
2001-08-03 00:00:00,85.19999999999992
2001-08-06 00:00:00,85.21999999999991
2001-08-07 00:00:00,85.21999999999991
2001-08-08 00:00:00,85.33999999999992
2001-08-09 00:00:00,85.29999999999993
2001-08-10 00:00:00,85.33999999999992
2001-08-13 00:00:00,85.42999999999992
2001-08-14 00:00:00,85.39999999999992
2001-08-15 00:00:00,85.35999999999991
2001-08-16 00:00:00,85.39999999999992
2001-08-17 00:00:00,85.48999999999992
2001-08-20 00:00:00,85.41999999999992
2001-08-21 00:00:00,85.45999999999992
2001-08-22 00:00:00,85.45999999999992
2001-08-23 00:00:00,85.49999999999991
2001-08-24 00:00:00,85.46999999999991
2001-08-27 00:00:00,85.46999999999991
2001-08-28 00:00:00,85.57999999999993
2001-08-29 00:00:00,85.65999999999993
2001-08-30 00:00:00,85.65999999999993
2001-08-31 00:00:00,85.61999999999992
2001-09-04 00:00:00,85.41999999999992
2001-09-05 00:00:00,85.47999999999992
2001-09-06 00:00:00,85.61999999999992
2001-09-07 00:00:00,85.67999999999992
2001-09-10 00:00:00,85.62999999999992
2001-09-11 00:00:00,85.69999999999992
2001-09-13 00:00:00,85.79999999999993
2001-09-14 00:00:00,85.93999999999993
2001-09-17 00:00:00,85.86999999999993
2001-09-18 00:00:00,85.77999999999993
2001-09-19 00:00:00,85.88999999999993
2001-09-20 00:00:00,85.93999999999993
2001-09-21 00:00:00,86.02999999999993
2001-09-24 00:00:00,85.96999999999993
2001-09-25 00:00:00,86.00999999999993
2001-09-26 00:00:00,86.04999999999993
2001-09-27 00:00:00,86.14999999999993
2001-09-28 00:00:00,86.11999999999993
2001-10-01 00:00:00,86.09999999999994
2001-10-02 00:00:00,86.11999999999993
2001-10-03 00:00:00,86.12999999999992
2001-10-04 00:00:00,86.09999999999994
2001-10-05 00:00:00,86.07999999999993
2001-10-09 00:00:00,85.99999999999993
2001-10-10 00:00:00,86.00999999999993
2001-10-11 00:00:00,85.89999999999993
2001-10-12 00:00:00,85.89999999999993
2001-10-15 00:00:00,85.96999999999993
2001-10-16 00:00:00,86.01999999999992
2001-10-17 00:00:00,86.03999999999994
2001-10-18 00:00:00,86.04999999999993
2001-10-19 00:00:00,86.01999999999992
2001-10-22 00:00:00,85.99999999999993
2001-10-23 00:00:00,85.95999999999994
2001-10-24 00:00:00,86.00999999999993
2001-10-25 00:00:00,86.05999999999993
2001-10-26 00:00:00,86.05999999999993
2001-10-29 00:00:00,86.11999999999993
2001-10-30 00:00:00,86.18999999999993
2001-10-31 00:00:00,86.31999999999994
2001-11-01 00:00:00,86.37999999999992
2001-11-02 00:00:00,86.18999999999993
2001-11-05 00:00:00,86.24999999999993
2001-11-06 00:00:00,86.31999999999994
2001-11-07 00:00:00,86.42999999999994
2001-11-08 00:00:00,86.31999999999994
2001-11-09 00:00:00,86.31999999999994
2001-11-13 00:00:00,86.23999999999994
2001-11-14 00:00:00,86.08999999999993
2001-11-15 00:00:00,85.77999999999993
2001-11-16 00:00:00,85.62999999999992
2001-11-19 00:00:00,85.75999999999993
2001-11-20 00:00:00,85.65999999999993
2001-11-21 00:00:00,85.49999999999993
2001-11-23 00:00:00,85.45999999999994
2001-11-26 00:00:00,85.40999999999993
2001-11-27 00:00:00,85.47999999999993
2001-11-28 00:00:00,85.41999999999993
2001-11-29 00:00:00,85.63999999999993
2001-11-30 00:00:00,85.71999999999993
2001-12-03 00:00:00,85.75999999999993
2001-12-04 00:00:00,85.84999999999994
2001-12-05 00:00:00,85.57999999999993
2001-12-06 00:00:00,85.42999999999994
2001-12-07 00:00:00,85.24999999999993
2001-12-10 00:00:00,85.21999999999993
2001-12-11 00:00:00,85.27999999999993
2001-12-12 00:00:00,85.35999999999993
2001-12-13 00:00:00,85.23999999999994
2001-12-14 00:00:00,85.10999999999993
2001-12-17 00:00:00,84.92999999999994
2001-12-18 00:00:00,85.09999999999994
2001-12-19 00:00:00,85.20999999999994
2001-12-20 00:00:00,85.18999999999993
2001-12-21 00:00:00,85.17999999999994
2001-12-24 00:00:00,85.12999999999994
2001-12-26 00:00:00,85.05999999999993
2001-12-27 00:00:00,85.18999999999993
2001-12-28 00:00:00,85.18999999999993
2001-12-31 00:00:00,85.30999999999993
2002-01-02 00:00:00,85.16999999999993
2002-01-03 00:00:00,85.22999999999993
2002-01-04 00:00:00,85.23999999999994
2002-01-07 00:00:00,85.38999999999993
2002-01-08 00:00:00,85.38999999999993
2002-01-09 00:00:00,85.40999999999993
2002-01-10 00:00:00,85.50999999999993
2002-01-11 00:00:00,85.64999999999993
2002-01-14 00:00:00,85.64999999999993
2002-01-15 00:00:00,85.66999999999993
2002-01-16 00:00:00,85.62999999999994
2002-01-17 00:00:00,85.48999999999994
2002-01-18 00:00:00,85.52999999999993
2002-01-22 00:00:00,85.53999999999994
2002-01-23 00:00:00,85.42999999999994
2002-01-24 00:00:00,85.38999999999993
2002-01-25 00:00:00,85.34999999999994
2002-01-28 00:00:00,85.34999999999994
2002-01-29 00:00:00,85.46999999999993
2002-01-30 00:00:00,85.48999999999994
2002-01-31 00:00:00,85.44999999999993
2002-02-01 00:00:00,85.50999999999993
2002-02-04 00:00:00,85.59999999999994
2002-02-05 00:00:00,85.60999999999993
2002-02-06 00:00:00,85.56999999999994
2002-02-07 00:00:00,85.56999999999994
2002-02-08 00:00:00,85.62999999999994
2002-02-11 00:00:00,85.63999999999993
2002-02-12 00:00:00,85.59999999999994
2002-02-13 00:00:00,85.56999999999994
2002-02-14 00:00:00,85.62999999999994
2002-02-15 00:00:00,85.72999999999993
2002-02-19 00:00:00,85.70999999999994
2002-02-20 00:00:00,85.72999999999993
2002-02-21 00:00:00,85.73999999999994
2002-02-22 00:00:00,85.77999999999993
2002-02-25 00:00:00,85.75999999999993
2002-02-26 00:00:00,85.70999999999994
2002-02-27 00:00:00,85.84999999999994
2002-02-28 00:00:00,85.86999999999993
2002-03-01 00:00:00,85.76999999999994
2002-03-04 00:00:00,85.73999999999994
2002-03-05 00:00:00,85.74999999999993
2002-03-06 00:00:00,85.70999999999994
2002-03-07 00:00:00,85.50999999999993
2002-03-08 00:00:00,85.33999999999993
2002-03-11 00:00:00,85.37999999999994
2002-03-12 00:00:00,85.42999999999994
2002-03-13 00:00:00,85.48999999999994
2002-03-14 00:00:00,85.30999999999993
2002-03-15 00:00:00,85.34999999999994
2002-03-18 00:00:00,85.40999999999994
2002-03-19 00:00:00,85.39999999999993
2002-03-20 00:00:00,85.33999999999995
2002-03-21 00:00:00,85.35999999999994
2002-03-22 00:00:00,85.33999999999995
2002-03-25 00:00:00,85.32999999999994
2002-03-26 00:00:00,85.40999999999994
2002-03-27 00:00:00,85.40999999999994
2002-03-28 00:00:00,85.32999999999994
2002-04-01 00:00:00,85.30999999999995
2002-04-02 00:00:00,85.41999999999994
2002-04-03 00:00:00,85.52999999999994
2002-04-04 00:00:00,85.52999999999994
2002-04-05 00:00:00,85.59999999999994
2002-04-08 00:00:00,85.54999999999994
2002-04-09 00:00:00,85.56999999999994
2002-04-10 00:00:00,85.58999999999995
2002-04-11 00:00:00,85.58999999999995
2002-04-12 00:00:00,85.62999999999994
2002-04-15 00:00:00,85.64999999999993
2002-04-16 00:00:00,85.63999999999994
2002-04-17 00:00:00,85.60999999999994
2002-04-18 00:00:00,85.62999999999994
2002-04-19 00:00:00,85.64999999999993
2002-04-22 00:00:00,85.69999999999995
2002-04-23 00:00:00,85.70999999999994
2002-04-24 00:00:00,85.82999999999994
2002-04-25 00:00:00,85.84999999999994
2002-04-26 00:00:00,85.86999999999995
2002-04-29 00:00:00,85.82999999999994
2002-04-30 00:00:00,85.87999999999994
2002-05-01 00:00:00,85.90999999999994
2002-05-02 00:00:00,85.83999999999995
2002-05-03 00:00:00,85.86999999999995
2002-05-06 00:00:00,85.82999999999994
2002-05-07 00:00:00,85.84999999999994
2002-05-08 00:00:00,85.70999999999994
2002-05-09 00:00:00,85.76999999999994
2002-05-10 00:00:00,85.84999999999994
2002-05-13 00:00:00,85.74999999999994
2002-05-14 00:00:00,85.70999999999994
2002-05-15 00:00:00,85.78999999999994
2002-05-16 00:00:00,85.84999999999994
2002-05-17 00:00:00,85.80999999999995
2002-05-20 00:00:00,85.92999999999994
2002-05-21 00:00:00,85.96999999999994
2002-05-22 00:00:00,85.99999999999994
2002-05-23 00:00:00,85.97999999999995
2002-05-24 00:00:00,85.96999999999994
2002-05-28 00:00:00,85.98999999999994
2002-05-29 00:00:00,86.06999999999994
2002-05-30 00:00:00,86.10999999999994
2002-05-31 00:00:00,86.06999999999994
2002-06-03 00:00:00,86.08999999999995
2002-06-04 00:00:00,86.11999999999995
2002-06-05 00:00:00,86.08999999999995
2002-06-06 00:00:00,86.13999999999994
2002-06-07 00:00:00,86.06999999999994
2002-06-10 00:00:00,86.07999999999994
2002-06-11 00:00:00,86.14999999999993
2002-06-12 00:00:00,86.16999999999994
2002-06-13 00:00:00,86.20999999999994
2002-06-14 00:00:00,86.30999999999995
2002-06-17 00:00:00,86.24999999999994
2002-06-18 00:00:00,86.24999999999994
2002-06-19 00:00:00,86.38999999999994
2002-06-20 00:00:00,86.27999999999994
2002-06-21 00:00:00,86.34999999999995
2002-06-24 00:00:00,86.25999999999995
2002-06-25 00:00:00,86.24999999999994
2002-06-26 00:00:00,86.34999999999995
2002-06-27 00:00:00,86.22999999999995
2002-06-28 00:00:00,86.23999999999995
2002-07-01 00:00:00,86.28999999999995
2002-07-02 00:00:00,86.37999999999995
2002-07-03 00:00:00,86.36999999999995
2002-07-05 00:00:00,86.22999999999995
2002-07-08 00:00:00,86.28999999999995
2002-07-09 00:00:00,86.38999999999994
2002-07-10 00:00:00,86.51999999999995
2002-07-11 00:00:00,86.54999999999995
2002-07-12 00:00:00,86.54999999999995
2002-07-15 00:00:00,86.49999999999994
2002-07-16 00:00:00,86.36999999999995
2002-07-17 00:00:00,86.42999999999995
2002-07-18 00:00:00,86.51999999999995
2002-07-19 00:00:00,86.57999999999996
2002-07-22 00:00:00,86.68999999999996
2002-07-23 00:00:00,86.74999999999994
2002-07-24 00:00:00,86.74999999999994
2002-07-25 00:00:00,86.74999999999994
2002-07-26 00:00:00,86.75999999999995
2002-07-29 00:00:00,86.55999999999995
2002-07-30 00:00:00,86.48999999999995
2002-07-31 00:00:00,86.64999999999995
2002-08-01 00:00:00,86.70999999999995
2002-08-02 00:00:00,86.83999999999995
2002-08-05 00:00:00,86.91999999999994
2002-08-06 00:00:00,86.75999999999995
2002-08-07 00:00:00,86.90999999999995
2002-08-08 00:00:00,86.86999999999995
2002-08-09 00:00:00,86.97999999999995
2002-08-12 00:00:00,87.06999999999995
2002-08-13 00:00:00,87.16999999999994
2002-08-14 00:00:00,87.18999999999996
2002-08-15 00:00:00,87.06999999999995
2002-08-16 00:00:00,86.89999999999995
2002-08-19 00:00:00,86.88999999999994
2002-08-20 00:00:00,87.06999999999995
2002-08-21 00:00:00,87.08999999999995
2002-08-22 00:00:00,87.00999999999995
2002-08-23 00:00:00,87.09999999999995
2002-08-26 00:00:00,87.14999999999995
2002-08-27 00:00:00,87.08999999999995
2002-08-28 00:00:00,87.14999999999995
2002-08-29 00:00:00,87.24999999999994
2002-08-30 00:00:00,87.28999999999995
2002-09-03 00:00:00,87.44999999999995
2002-09-04 00:00:00,87.47999999999995
2002-09-05 00:00:00,87.54999999999995
2002-09-06 00:00:00,87.38999999999994
2002-09-09 00:00:00,87.36999999999995
2002-09-10 00:00:00,87.42999999999995
2002-09-11 00:00:00,87.38999999999994
2002-09-12 00:00:00,87.51999999999995
2002-09-13 00:00:00,87.60999999999994
2002-09-16 00:00:00,87.65999999999995
2002-09-17 00:00:00,87.67999999999996
2002-09-18 00:00:00,87.66999999999996
2002-09-19 00:00:00,87.72999999999996
2002-09-20 00:00:00,87.68999999999996
2002-09-23 00:00:00,87.78999999999996
2002-09-24 00:00:00,87.81999999999996
2002-09-25 00:00:00,87.71999999999996
2002-09-26 00:00:00,87.68999999999996
2002-09-27 00:00:00,87.76999999999995
2002-09-30 00:00:00,87.84999999999997
2002-10-01 00:00:00,87.76999999999995
2002-10-02 00:00:00,87.74999999999996
2002-10-03 00:00:00,87.78999999999996
2002-10-04 00:00:00,87.76999999999995
2002-10-07 00:00:00,87.80999999999996
2002-10-08 00:00:00,87.80999999999996
2002-10-09 00:00:00,87.86999999999996
2002-10-10 00:00:00,87.82999999999996
2002-10-11 00:00:00,87.72999999999996
2002-10-15 00:00:00,87.50999999999996
2002-10-16 00:00:00,87.42999999999996
2002-10-17 00:00:00,87.30999999999996
2002-10-18 00:00:00,87.30999999999996
2002-10-21 00:00:00,87.21999999999996
2002-10-22 00:00:00,87.18999999999996
2002-10-23 00:00:00,87.19999999999996
2002-10-24 00:00:00,87.30999999999996
2002-10-25 00:00:00,87.42999999999996
2002-10-28 00:00:00,87.47999999999996
2002-10-29 00:00:00,87.66999999999996
2002-10-30 00:00:00,87.67999999999996
2002-10-31 00:00:00,87.75999999999996
2002-11-01 00:00:00,87.64999999999996
2002-11-04 00:00:00,87.53999999999996
2002-11-05 00:00:00,87.53999999999996
2002-11-06 00:00:00,87.60999999999996
2002-11-07 00:00:00,87.82999999999996
2002-11-08 00:00:00,87.83999999999996
2002-11-12 00:00:00,87.82999999999996
2002-11-13 00:00:00,87.84999999999997
2002-11-14 00:00:00,87.64999999999996
2002-11-15 00:00:00,87.59999999999997
2002-11-18 00:00:00,87.66999999999996
2002-11-19 00:00:00,87.68999999999996
2002-11-20 00:00:00,87.55999999999996
2002-11-21 00:00:00,87.46999999999996
2002-11-22 00:00:00,87.40999999999995
2002-11-25 00:00:00,87.40999999999995
2002-11-26 00:00:00,87.50999999999996
2002-11-27 00:00:00,87.30999999999996
2002-11-29 00:00:00,87.34999999999997
2002-12-02 00:00:00,87.30999999999996
2002-12-03 00:00:00,87.32999999999996
2002-12-04 00:00:00,87.39999999999996
2002-12-05 00:00:00,87.46999999999996
2002-12-06 00:00:00,87.54999999999995
2002-12-09 00:00:00,87.62999999999997
2002-12-10 00:00:00,87.64999999999996
2002-12-11 00:00:00,87.70999999999997
2002-12-12 00:00:00,87.70999999999997
2002-12-13 00:00:00,87.62999999999997
2002-12-16 00:00:00,87.54999999999995
2002-12-17 00:00:00,87.58999999999996
2002-12-18 00:00:00,87.68999999999996
2002-12-19 00:00:00,87.79999999999995
2002-12-20 00:00:00,87.81999999999996
2002-12-23 00:00:00,87.78999999999996
2002-12-24 00:00:00,87.82999999999996
2002-12-26 00:00:00,87.82999999999996
2002-12-27 00:00:00,87.92999999999996
2002-12-30 00:00:00,88.00999999999996
2002-12-31 00:00:00,87.96999999999996
2003-01-02 00:00:00,87.70999999999997
2003-01-03 00:00:00,87.68999999999996
2003-01-06 00:00:00,87.64999999999996
2003-01-07 00:00:00,87.72999999999996
2003-01-08 00:00:00,87.74999999999996
2003-01-09 00:00:00,87.46999999999996
2003-01-10 00:00:00,87.44999999999996
2003-01-13 00:00:00,87.49999999999996
2003-01-14 00:00:00,87.57999999999996
2003-01-15 00:00:00,87.60999999999996
2003-01-16 00:00:00,87.59999999999997
2003-01-17 00:00:00,87.66999999999996
2003-01-21 00:00:00,87.72999999999996
2003-01-22 00:00:00,87.80999999999996
2003-01-23 00:00:00,87.77999999999996
2003-01-24 00:00:00,87.84999999999997
2003-01-27 00:00:00,87.76999999999997
2003-01-28 00:00:00,87.73999999999997
2003-01-29 00:00:00,87.66999999999996
2003-01-30 00:00:00,87.70999999999997
2003-01-31 00:00:00,87.70999999999997
2003-02-03 00:00:00,87.68999999999996
2003-02-04 00:00:00,87.74999999999996
2003-02-05 00:00:00,87.66999999999996
2003-02-06 00:00:00,87.72999999999996
2003-02-07 00:00:00,87.74999999999996
2003-02-10 00:00:00,87.69999999999996
2003-02-11 00:00:00,87.71999999999996
2003-02-12 00:00:00,87.80999999999996
2003-02-13 00:00:00,87.89999999999996
2003-02-14 00:00:00,87.80999999999996
2003-02-18 00:00:00,87.82999999999996
2003-02-19 00:00:00,87.90999999999995
2003-02-20 00:00:00,87.97999999999996
2003-02-21 00:00:00,87.95999999999997
2003-02-24 00:00:00,87.98999999999997
2003-02-25 00:00:00,88.04999999999995
2003-02-26 00:00:00,88.10999999999996
2003-02-27 00:00:00,88.10999999999996
2003-02-28 00:00:00,88.18999999999996
2003-03-03 00:00:00,88.23999999999997
2003-03-04 00:00:00,88.27999999999996
2003-03-05 00:00:00,88.32999999999996
2003-03-06 00:00:00,88.26999999999997
2003-03-07 00:00:00,88.30999999999996
2003-03-10 00:00:00,88.36999999999996
2003-03-11 00:00:00,88.34999999999997
2003-03-12 00:00:00,88.30999999999996
2003-03-13 00:00:00,88.10999999999996
2003-03-14 00:00:00,88.14999999999996
2003-03-17 00:00:00,88.03999999999996
2003-03-18 00:00:00,87.88999999999996
2003-03-19 00:00:00,87.79999999999997
2003-03-20 00:00:00,87.75999999999996
2003-03-21 00:00:00,87.61999999999996
2003-03-24 00:00:00,87.79999999999997
2003-03-25 00:00:00,87.79999999999997
2003-03-26 00:00:00,87.85999999999996
2003-03-27 00:00:00,87.87999999999997
2003-03-28 00:00:00,87.93999999999997
2003-03-31 00:00:00,88.03999999999996
2003-04-01 00:00:00,88.03999999999996
2003-04-02 00:00:00,87.89999999999996
2003-04-03 00:00:00,87.95999999999997
2003-04-04 00:00:00,87.93999999999997
2003-04-07 00:00:00,87.83999999999996
2003-04-08 00:00:00,87.92999999999996
2003-04-09 00:00:00,87.99999999999996
2003-04-10 00:00:00,87.97999999999996
2003-04-11 00:00:00,87.91999999999996
2003-04-14 00:00:00,87.86999999999996
2003-04-15 00:00:00,87.95999999999997
2003-04-16 00:00:00,87.97999999999996
2003-04-17 00:00:00,87.94999999999996
2003-04-21 00:00:00,87.91999999999996
2003-04-22 00:00:00,87.91999999999996
2003-04-23 00:00:00,87.91999999999996
2003-04-24 00:00:00,88.01999999999997
2003-04-25 00:00:00,88.05999999999996
2003-04-28 00:00:00,88.05999999999996
2003-04-29 00:00:00,87.99999999999996
2003-04-30 00:00:00,88.12999999999997
2003-05-01 00:00:00,88.13999999999996
2003-05-02 00:00:00,88.05999999999996
2003-05-05 00:00:00,88.08999999999996
2003-05-06 00:00:00,88.23999999999997
2003-05-07 00:00:00,88.46999999999996
2003-05-08 00:00:00,88.55999999999996
2003-05-09 00:00:00,88.53999999999996
2003-05-12 00:00:00,88.57999999999996
2003-05-13 00:00:00,88.59999999999997
2003-05-14 00:00:00,88.72999999999996
2003-05-15 00:00:00,88.69999999999996
2003-05-16 00:00:00,88.81999999999996
2003-05-19 00:00:00,88.83999999999996
2003-05-20 00:00:00,88.91999999999996
2003-05-21 00:00:00,88.87999999999997
2003-05-22 00:00:00,88.91999999999996
2003-05-23 00:00:00,88.93999999999997
2003-05-27 00:00:00,88.92999999999996
2003-05-28 00:00:00,88.90999999999997
2003-05-29 00:00:00,89.01999999999997
2003-05-30 00:00:00,89.01999999999997
2003-06-02 00:00:00,88.94999999999996
2003-06-03 00:00:00,89.03999999999996
2003-06-04 00:00:00,89.11999999999996
2003-06-05 00:00:00,89.09999999999997
2003-06-06 00:00:00,89.03999999999996
2003-06-09 00:00:00,89.12999999999997
2003-06-10 00:00:00,89.26999999999997
2003-06-11 00:00:00,89.23999999999997
2003-06-12 00:00:00,89.27999999999996
2003-06-13 00:00:00,89.32999999999996
2003-06-16 00:00:00,89.23999999999997
2003-06-17 00:00:00,89.09999999999997
2003-06-18 00:00:00,88.98999999999997
2003-06-19 00:00:00,89.01999999999997
2003-06-20 00:00:00,88.93999999999997
2003-06-23 00:00:00,89.03999999999996
2003-06-24 00:00:00,89.10999999999997
2003-06-25 00:00:00,89.00999999999996
2003-06-26 00:00:00,88.83999999999996
2003-06-27 00:00:00,88.78999999999996
2003-06-30 00:00:00,88.83999999999996
2003-07-01 00:00:00,88.79999999999997
2003-07-02 00:00:00,88.82999999999997
2003-07-03 00:00:00,88.73999999999997
2003-07-07 00:00:00,88.61999999999996
2003-07-08 00:00:00,88.55999999999996
2003-07-09 00:00:00,88.59999999999997
2003-07-10 00:00:00,88.63999999999997
2003-07-11 00:00:00,88.73999999999997
2003-07-14 00:00:00,88.63999999999997
2003-07-15 00:00:00,88.34999999999997
2003-07-16 00:00:00,88.25999999999996
2003-07-17 00:00:00,88.24999999999997
2003-07-18 00:00:00,88.19999999999996
2003-07-21 00:00:00,87.93999999999997
2003-07-22 00:00:00,87.92999999999996
2003-07-23 00:00:00,87.98999999999997
2003-07-24 00:00:00,87.95999999999997
2003-07-25 00:00:00,87.90999999999997
2003-07-28 00:00:00,87.71999999999997
2003-07-29 00:00:00,87.49999999999997
2003-07-30 00:00:00,87.55999999999996
2003-07-31 00:00:00,87.32999999999997
2003-08-01 00:00:00,87.29999999999997
2003-08-04 00:00:00,87.45999999999997
2003-08-05 00:00:00,87.45999999999997
2003-08-06 00:00:00,87.73999999999997
2003-08-07 00:00:00,87.81999999999996
2003-08-08 00:00:00,87.84999999999997
2003-08-11 00:00:00,87.68999999999997
2003-08-12 00:00:00,87.71999999999997
2003-08-13 00:00:00,87.36999999999996
2003-08-14 00:00:00,87.29999999999997
2003-08-15 00:00:00,87.41999999999996
2003-08-18 00:00:00,87.49999999999997
2003-08-19 00:00:00,87.64999999999996
2003-08-20 00:00:00,87.55999999999996
2003-08-21 00:00:00,87.39999999999996
2003-08-22 00:00:00,87.45999999999997
2003-08-25 00:00:00,87.36999999999996
2003-08-26 00:00:00,87.40999999999997
2003-08-27 00:00:00,87.30999999999996
2003-08-28 00:00:00,87.43999999999997
2003-08-29 00:00:00,87.41999999999996
2003-09-02 00:00:00,87.21999999999997
2003-09-03 00:00:00,87.20999999999997
2003-09-04 00:00:00,87.33999999999996
2003-09-05 00:00:00,87.61999999999996
2003-09-08 00:00:00,87.59999999999997
2003-09-09 00:00:00,87.62999999999997
2003-09-10 00:00:00,87.80999999999996
2003-09-11 00:00:00,87.73999999999997
2003-09-12 00:00:00,87.87999999999997
2003-09-15 00:00:00,87.92999999999996
2003-09-16 00:00:00,87.90999999999997
2003-09-17 00:00:00,88.04999999999997
2003-09-18 00:00:00,88.04999999999997
2003-09-19 00:00:00,88.04999999999997
2003-09-22 00:00:00,87.98999999999997
2003-09-23 00:00:00,88.02999999999997
2003-09-24 00:00:00,88.10999999999997
2003-09-25 00:00:00,88.12999999999997
2003-09-26 00:00:00,88.24999999999997
2003-09-29 00:00:00,88.18999999999997
2003-09-30 00:00:00,88.34999999999997
2003-10-01 00:00:00,88.30999999999997
2003-10-02 00:00:00,88.26999999999997
2003-10-03 00:00:00,88.00999999999996
2003-10-06 00:00:00,88.06999999999996
2003-10-07 00:00:00,87.98999999999997
2003-10-08 00:00:00,88.00999999999996
2003-10-09 00:00:00,87.95999999999997
2003-10-10 00:00:00,88.02999999999997
2003-10-14 00:00:00,87.91999999999997
2003-10-15 00:00:00,87.84999999999997
2003-10-16 00:00:00,87.72999999999998
2003-10-17 00:00:00,87.82999999999997
2003-10-20 00:00:00,87.88999999999997
2003-10-21 00:00:00,87.91999999999997
2003-10-22 00:00:00,88.02999999999997
2003-10-23 00:00:00,87.98999999999997
2003-10-24 00:00:00,88.12999999999997
2003-10-27 00:00:00,88.06999999999996
2003-10-28 00:00:00,88.16999999999997
2003-10-29 00:00:00,88.05999999999997
2003-10-30 00:00:00,87.94999999999997
2003-10-31 00:00:00,87.94999999999997
2003-11-03 00:00:00,87.86999999999998
2003-11-04 00:00:00,87.95999999999997
2003-11-05 00:00:00,87.88999999999997
2003-11-06 00:00:00,87.78999999999996
2003-11-07 00:00:00,87.74999999999997
2003-11-10 00:00:00,87.71999999999997
2003-11-12 00:00:00,87.80999999999997
2003-11-13 00:00:00,88.01999999999997
2003-11-14 00:00:00,88.10999999999997
2003-11-17 00:00:00,88.17999999999996
2003-11-18 00:00:00,88.18999999999997
2003-11-19 00:00:00,88.10999999999997
2003-11-20 00:00:00,88.19999999999997
2003-11-21 00:00:00,88.18999999999997
2003-11-24 00:00:00,88.08999999999997
2003-11-25 00:00:00,88.12999999999997
2003-11-26 00:00:00,88.06999999999996
2003-11-28 00:00:00,87.96999999999997
2003-12-01 00:00:00,87.85999999999997
2003-12-02 00:00:00,87.88999999999997
2003-12-03 00:00:00,87.86999999999998
2003-12-04 00:00:00,87.92999999999996
2003-12-05 00:00:00,88.14999999999996
2003-12-08 00:00:00,88.08999999999997
2003-12-09 00:00:00,87.96999999999997
2003-12-10 00:00:00,88.03999999999996
2003-12-11 00:00:00,88.18999999999997
2003-12-12 00:00:00,88.18999999999997
2003-12-15 00:00:00,88.13999999999997
2003-12-16 00:00:00,88.18999999999997
2003-12-17 00:00:00,88.20999999999997
2003-12-18 00:00:00,88.24999999999997
2003-12-19 00:00:00,88.24999999999997
2003-12-22 00:00:00,88.20999999999997
2003-12-23 00:00:00,88.05999999999996
2003-12-24 00:00:00,88.14999999999996
2003-12-26 00:00:00,88.19999999999996
2003-12-29 00:00:00,88.12999999999997
2003-12-30 00:00:00,88.06999999999996
2003-12-31 00:00:00,88.11999999999996
2004-01-02 00:00:00,87.99999999999997
2004-01-05 00:00:00,87.97999999999996
2004-01-06 00:00:00,88.12999999999997
2004-01-07 00:00:00,88.16999999999996
2004-01-08 00:00:00,88.16999999999996
2004-01-09 00:00:00,88.36999999999996
2004-01-12 00:00:00,88.40999999999997
2004-01-13 00:00:00,88.50999999999996
2004-01-14 00:00:00,88.54999999999997
2004-01-15 00:00:00,88.54999999999997
2004-01-16 00:00:00,88.47999999999996
2004-01-20 00:00:00,88.44999999999996
2004-01-21 00:00:00,88.46999999999997
2004-01-22 00:00:00,88.55999999999996
2004-01-23 00:00:00,88.42999999999996
2004-01-26 00:00:00,88.32999999999997
2004-01-27 00:00:00,88.38999999999997
2004-01-28 00:00:00,88.23999999999997
2004-01-29 00:00:00,88.22999999999996
2004-01-30 00:00:00,88.29999999999997
2004-02-02 00:00:00,88.29999999999997
2004-02-03 00:00:00,88.36999999999996
2004-02-04 00:00:00,88.33999999999996
2004-02-05 00:00:00,88.24999999999997
2004-02-06 00:00:00,88.34999999999997
2004-02-09 00:00:00,88.39999999999996
2004-02-10 00:00:00,88.36999999999996
2004-02-11 00:00:00,88.47999999999996
2004-02-12 00:00:00,88.44999999999996
2004-02-13 00:00:00,88.49999999999997
2004-02-17 00:00:00,88.48999999999997
2004-02-18 00:00:00,88.48999999999997
2004-02-19 00:00:00,88.50999999999996
2004-02-20 00:00:00,88.44999999999996
2004-02-23 00:00:00,88.48999999999997
2004-02-24 00:00:00,88.52999999999997
2004-02-25 00:00:00,88.54999999999997
2004-02-26 00:00:00,88.50999999999996
2004-02-27 00:00:00,88.57999999999997
2004-03-01 00:00:00,88.56999999999996
2004-03-02 00:00:00,88.50999999999996
2004-03-03 00:00:00,88.48999999999997
2004-03-04 00:00:00,88.53999999999996
2004-03-05 00:00:00,88.78999999999996
2004-03-08 00:00:00,88.90999999999997
2004-03-09 00:00:00,88.99999999999997
2004-03-10 00:00:00,89.00999999999996
2004-03-11 00:00:00,88.99999999999997
2004-03-12 00:00:00,88.96999999999997
2004-03-15 00:00:00,88.94999999999996
2004-03-16 00:00:00,89.07999999999996
2004-03-17 00:00:00,89.08999999999995
2004-03-18 00:00:00,89.00999999999995
2004-03-19 00:00:00,88.93999999999996
2004-03-22 00:00:00,89.01999999999995
2004-03-23 00:00:00,89.03999999999995
2004-03-24 00:00:00,89.05999999999996
2004-03-25 00:00:00,89.02999999999996
2004-03-26 00:00:00,88.89999999999995
2004-03-29 00:00:00,88.81999999999995
2004-03-30 00:00:00,88.80999999999996
2004-03-31 00:00:00,88.89999999999995
2004-04-01 00:00:00,88.81999999999995
2004-04-02 00:00:00,88.48999999999995
2004-04-05 00:00:00,88.33999999999995
2004-04-06 00:00:00,88.40999999999995
2004-04-07 00:00:00,88.42999999999995
2004-04-08 00:00:00,88.40999999999995
2004-04-12 00:00:00,88.34999999999995
2004-04-13 00:00:00,88.20999999999995
2004-04-14 00:00:00,88.14999999999995
2004-04-15 00:00:00,88.11999999999995
2004-04-16 00:00:00,88.17999999999995
2004-04-19 00:00:00,88.13999999999996
2004-04-20 00:00:00,88.06999999999995
2004-04-21 00:00:00,88.05999999999996
2004-04-22 00:00:00,88.13999999999996
2004-04-23 00:00:00,88.05999999999996
2004-04-26 00:00:00,88.03999999999995
2004-04-27 00:00:00,88.07999999999996
2004-04-28 00:00:00,87.98999999999995
2004-04-29 00:00:00,87.88999999999996
2004-04-30 00:00:00,87.93999999999996
2004-05-03 00:00:00,87.91999999999996
2004-05-04 00:00:00,87.88999999999996
2004-05-05 00:00:00,87.79999999999995
2004-05-06 00:00:00,87.75999999999995
2004-05-07 00:00:00,87.53999999999995
2004-05-10 00:00:00,87.50999999999995
2004-05-11 00:00:00,87.53999999999995
2004-05-12 00:00:00,87.56999999999995
2004-05-13 00:00:00,87.47999999999995
2004-05-14 00:00:00,87.56999999999995
2004-05-17 00:00:00,87.70999999999995
2004-05-18 00:00:00,87.67999999999995
2004-05-19 00:00:00,87.59999999999995
2004-05-20 00:00:00,87.71999999999996
2004-05-21 00:00:00,87.63999999999996
2004-05-24 00:00:00,87.67999999999995
2004-05-25 00:00:00,87.67999999999995
2004-05-26 00:00:00,87.75999999999995
2004-05-27 00:00:00,87.89999999999995
2004-05-28 00:00:00,87.83999999999995
2004-06-01 00:00:00,87.79999999999995
2004-06-02 00:00:00,87.75999999999995
2004-06-03 00:00:00,87.76999999999995
2004-06-04 00:00:00,87.71999999999996
2004-06-07 00:00:00,87.75999999999995
2004-06-08 00:00:00,87.75999999999995
2004-06-09 00:00:00,87.72999999999995
2004-06-10 00:00:00,87.75999999999995
2004-06-14 00:00:00,87.65999999999995
2004-06-15 00:00:00,87.86999999999995
2004-06-16 00:00:00,87.82999999999996
2004-06-17 00:00:00,87.86999999999995
2004-06-18 00:00:00,87.86999999999995
2004-06-21 00:00:00,87.88999999999996
2004-06-22 00:00:00,87.87999999999995
2004-06-23 00:00:00,87.87999999999995
2004-06-24 00:00:00,87.92999999999995
2004-06-25 00:00:00,87.92999999999995
2004-06-28 00:00:00,87.82999999999996
2004-06-29 00:00:00,87.88999999999996
2004-06-30 00:00:00,87.99999999999996
2004-07-01 00:00:00,88.06999999999995
2004-07-02 00:00:00,88.18999999999996
2004-07-06 00:00:00,88.18999999999996
2004-07-07 00:00:00,88.18999999999996
2004-07-08 00:00:00,88.20999999999995
2004-07-09 00:00:00,88.21999999999996
2004-07-12 00:00:00,88.24999999999996
2004-07-13 00:00:00,88.20999999999995
2004-07-14 00:00:00,88.18999999999996
2004-07-15 00:00:00,88.18999999999996
2004-07-16 00:00:00,88.35999999999996
2004-07-19 00:00:00,88.34999999999995
2004-07-20 00:00:00,88.23999999999995
2004-07-21 00:00:00,88.18999999999996
2004-07-22 00:00:00,88.21999999999996
2004-07-23 00:00:00,88.24999999999996
2004-07-26 00:00:00,88.20999999999995
2004-07-27 00:00:00,88.06999999999995
2004-07-28 00:00:00,88.06999999999995
2004-07-29 00:00:00,88.11999999999995
2004-07-30 00:00:00,88.22999999999995
2004-08-02 00:00:00,88.24999999999996
2004-08-03 00:00:00,88.28999999999995
2004-08-04 00:00:00,88.28999999999995
2004-08-05 00:00:00,88.30999999999996
2004-08-06 00:00:00,88.54999999999995
2004-08-09 00:00:00,88.51999999999995
2004-08-10 00:00:00,88.44999999999995
2004-08-11 00:00:00,88.47999999999995
2004-08-12 00:00:00,88.51999999999995
2004-08-13 00:00:00,88.59999999999995
2004-08-16 00:00:00,88.56999999999995
2004-08-17 00:00:00,88.62999999999995
2004-08-18 00:00:00,88.62999999999995
2004-08-19 00:00:00,88.66999999999996
2004-08-20 00:00:00,88.62999999999995
2004-08-23 00:00:00,88.56999999999995
2004-08-24 00:00:00,88.56999999999995
2004-08-25 00:00:00,88.58999999999995
2004-08-26 00:00:00,88.62999999999995
2004-08-27 00:00:00,88.62999999999995
2004-08-30 00:00:00,88.66999999999996
2004-08-31 00:00:00,88.74999999999996
2004-09-01 00:00:00,88.76999999999995
2004-09-02 00:00:00,88.68999999999996
2004-09-03 00:00:00,88.52999999999996
2004-09-07 00:00:00,88.60999999999996
2004-09-08 00:00:00,88.73999999999995
2004-09-09 00:00:00,88.68999999999996
2004-09-10 00:00:00,88.70999999999995
2004-09-13 00:00:00,88.73999999999995
2004-09-14 00:00:00,88.77999999999996
2004-09-15 00:00:00,88.74999999999996
2004-09-16 00:00:00,88.87999999999995
2004-09-17 00:00:00,88.80999999999996
2004-09-20 00:00:00,88.92999999999996
2004-09-21 00:00:00,88.93999999999996
2004-09-22 00:00:00,88.99999999999996
2004-09-23 00:00:00,88.96999999999996
2004-09-24 00:00:00,88.92999999999996
2004-09-27 00:00:00,88.96999999999996
2004-09-28 00:00:00,88.97999999999996
2004-09-29 00:00:00,88.87999999999995
2004-09-30 00:00:00,88.83999999999996
2004-10-01 00:00:00,88.74999999999996
2004-10-04 00:00:00,88.75999999999996
2004-10-05 00:00:00,88.75999999999996
2004-10-06 00:00:00,88.68999999999996
2004-10-07 00:00:00,88.66999999999996
2004-10-08 00:00:00,88.82999999999996
2004-10-12 00:00:00,88.86999999999996
2004-10-13 00:00:00,88.90999999999995
2004-10-14 00:00:00,89.00999999999996
2004-10-15 00:00:00,88.94999999999996
2004-10-18 00:00:00,88.94999999999996
2004-10-19 00:00:00,88.96999999999996
2004-10-20 00:00:00,89.02999999999996
2004-10-21 00:00:00,89.02999999999996
2004-10-22 00:00:00,89.04999999999995
2004-10-25 00:00:00,89.06999999999995
2004-10-26 00:00:00,89.06999999999995
2004-10-27 00:00:00,88.94999999999996
2004-10-28 00:00:00,88.96999999999996
2004-10-29 00:00:00,89.02999999999996
2004-11-01 00:00:00,88.96999999999996
2004-11-02 00:00:00,88.96999999999996
2004-11-03 00:00:00,88.98999999999995
2004-11-04 00:00:00,88.99999999999996
2004-11-05 00:00:00,88.86999999999996
2004-11-08 00:00:00,88.82999999999996
2004-11-09 00:00:00,88.83999999999996
2004-11-10 00:00:00,88.79999999999995
2004-11-12 00:00:00,88.85999999999996
2004-11-15 00:00:00,88.86999999999996
2004-11-16 00:00:00,88.86999999999996
2004-11-17 00:00:00,88.95999999999995
2004-11-18 00:00:00,88.98999999999995
2004-11-19 00:00:00,88.90999999999995
2004-11-22 00:00:00,88.94999999999996
2004-11-23 00:00:00,88.93999999999996
2004-11-24 00:00:00,88.90999999999995
2004-11-26 00:00:00,88.85999999999996
2004-11-29 00:00:00,88.74999999999996
2004-11-30 00:00:00,88.72999999999996
2004-12-01 00:00:00,88.71999999999996
2004-12-02 00:00:00,88.68999999999996
2004-12-03 00:00:00,88.84999999999995
2004-12-06 00:00:00,88.89999999999996
2004-12-07 00:00:00,88.92999999999996
2004-12-08 00:00:00,89.02999999999996
2004-12-09 00:00:00,89.00999999999996
2004-12-10 00:00:00,89.03999999999996
2004-12-13 00:00:00,89.03999999999996
2004-12-14 00:00:00,89.04999999999995
2004-12-15 00:00:00,89.12999999999995
2004-12-16 00:00:00,89.01999999999995
2004-12-17 00:00:00,88.99999999999996
2004-12-20 00:00:00,89.00999999999995
2004-12-21 00:00:00,89.02999999999994
2004-12-22 00:00:00,88.99999999999996
2004-12-23 00:00:00,88.97999999999995
2004-12-27 00:00:00,88.89999999999995
2004-12-28 00:00:00,88.87999999999995
2004-12-29 00:00:00,88.82999999999996
2004-12-30 00:00:00,88.88999999999994
2004-12-31 00:00:00,88.92999999999995
2005-01-03 00:00:00,88.91999999999994
2005-01-04 00:00:00,88.85999999999996
2005-01-05 00:00:00,88.86999999999995
2005-01-06 00:00:00,88.86999999999995
2005-01-07 00:00:00,88.83999999999995
2005-01-10 00:00:00,88.83999999999995
2005-01-11 00:00:00,88.87999999999995
2005-01-12 00:00:00,88.89999999999995
2005-01-13 00:00:00,88.95999999999995
2005-01-14 00:00:00,88.93999999999996
2005-01-18 00:00:00,88.93999999999996
2005-01-19 00:00:00,88.93999999999996
2005-01-20 00:00:00,88.97999999999995
2005-01-21 00:00:00,89.00999999999995
2005-01-24 00:00:00,89.00999999999995
2005-01-25 00:00:00,88.94999999999995
2005-01-26 00:00:00,88.93999999999996
2005-01-27 00:00:00,88.89999999999995
2005-01-28 00:00:00,88.97999999999995
2005-01-31 00:00:00,88.95999999999995
2005-02-01 00:00:00,88.96999999999996
2005-02-02 00:00:00,88.95999999999995
2005-02-03 00:00:00,88.92999999999995
2005-02-04 00:00:00,89.01999999999995
2005-02-07 00:00:00,89.03999999999995
2005-02-08 00:00:00,89.03999999999995
2005-02-09 00:00:00,89.15999999999995
2005-02-10 00:00:00,89.07999999999996
2005-02-11 00:00:00,89.02999999999994
2005-02-14 00:00:00,89.03999999999995
2005-02-15 00:00:00,89.01999999999995
2005-02-16 00:00:00,88.93999999999996
2005-02-17 00:00:00,88.92999999999995
2005-02-18 00:00:00,88.83999999999995
2005-02-22 00:00:00,88.81999999999995
2005-02-23 00:00:00,88.83999999999995
2005-02-24 00:00:00,88.80999999999995
2005-02-25 00:00:00,88.80999999999995
2005-02-28 00:00:00,88.68999999999996
2005-03-01 00:00:00,88.65999999999995
2005-03-02 00:00:00,88.65999999999995
2005-03-03 00:00:00,88.65999999999995
2005-03-04 00:00:00,88.73999999999995
2005-03-07 00:00:00,88.73999999999995
2005-03-08 00:00:00,88.65999999999995
2005-03-09 00:00:00,88.48999999999995
2005-03-10 00:00:00,88.53999999999995
2005-03-11 00:00:00,88.41999999999994
2005-03-14 00:00:00,88.43999999999996
2005-03-15 00:00:00,88.41999999999994
2005-03-16 00:00:00,88.43999999999994
2005-03-17 00:00:00,88.50999999999995
2005-03-18 00:00:00,88.46999999999994
2005-03-21 00:00:00,88.44999999999995
2005-03-22 00:00:00,88.31999999999994
2005-03-23 00:00:00,88.31999999999994
2005-03-24 00:00:00,88.33999999999995
2005-03-28 00:00:00,88.28999999999995
2005-03-29 00:00:00,88.32999999999994
2005-03-30 00:00:00,88.37999999999994
2005-03-31 00:00:00,88.47999999999995
2005-04-01 00:00:00,88.51999999999994
2005-04-04 00:00:00,88.51999999999994
2005-04-05 00:00:00,88.50999999999995
2005-04-06 00:00:00,88.54999999999994
2005-04-07 00:00:00,88.49999999999994
2005-04-08 00:00:00,88.45999999999994
2005-04-11 00:00:00,88.50999999999995
2005-04-12 00:00:00,88.60999999999994
2005-04-13 00:00:00,88.61999999999995
2005-04-14 00:00:00,88.65999999999994
2005-04-15 00:00:00,88.73999999999994
2005-04-18 00:00:00,88.75999999999995
2005-04-19 00:00:00,88.83999999999995
2005-04-20 00:00:00,88.83999999999995
2005-04-21 00:00:00,88.72999999999995
2005-04-22 00:00:00,88.77999999999994
2005-04-25 00:00:00,88.77999999999994
2005-04-26 00:00:00,88.75999999999995
2005-04-27 00:00:00,88.77999999999994
2005-04-28 00:00:00,88.87999999999994
2005-04-29 00:00:00,88.83999999999995
2005-05-02 00:00:00,88.85999999999994
2005-05-03 00:00:00,88.82999999999994
2005-05-04 00:00:00,88.87999999999994
2005-05-05 00:00:00,88.93999999999994
2005-05-06 00:00:00,88.79999999999994
2005-05-09 00:00:00,88.76999999999994
2005-05-10 00:00:00,88.83999999999995
2005-05-11 00:00:00,88.83999999999995
2005-05-12 00:00:00,88.87999999999994
2005-05-13 00:00:00,88.93999999999994
2005-05-16 00:00:00,88.91999999999994
2005-05-17 00:00:00,88.93999999999994
2005-05-18 00:00:00,88.99999999999994
2005-05-19 00:00:00,88.93999999999994
2005-05-20 00:00:00,88.89999999999995
2005-05-23 00:00:00,88.95999999999994
2005-05-24 00:00:00,89.01999999999994
2005-05-25 00:00:00,89.01999999999994
2005-05-26 00:00:00,89.01999999999994
2005-05-27 00:00:00,89.03999999999995
2005-05-31 00:00:00,89.09999999999994
2005-06-01 00:00:00,89.23999999999994
2005-06-02 00:00:00,89.23999999999994
2005-06-03 00:00:00,89.13999999999994
2005-06-06 00:00:00,89.14999999999995
2005-06-07 00:00:00,89.19999999999995
2005-06-08 00:00:00,89.17999999999994
2005-06-09 00:00:00,89.13999999999994
2005-06-10 00:00:00,89.05999999999995
2005-06-13 00:00:00,88.99999999999994
2005-06-14 00:00:00,88.94999999999995
2005-06-15 00:00:00,88.95999999999994
2005-06-16 00:00:00,89.01999999999994
2005-06-17 00:00:00,89.02999999999993
2005-06-20 00:00:00,88.99999999999993
2005-06-21 00:00:00,89.07999999999994
2005-06-22 00:00:00,89.20999999999994
2005-06-23 00:00:00,89.17999999999994
2005-06-24 00:00:00,89.23999999999994
2005-06-27 00:00:00,89.23999999999994
2005-06-28 00:00:00,89.15999999999994
2005-06-29 00:00:00,89.13999999999993
2005-06-30 00:00:00,89.17999999999994
2005-07-01 00:00:00,89.07999999999994
2005-07-05 00:00:00,88.98999999999994
2005-07-06 00:00:00,89.02999999999993
2005-07-07 00:00:00,89.05999999999993
2005-07-08 00:00:00,88.97999999999993
2005-07-11 00:00:00,88.97999999999993
2005-07-12 00:00:00,88.93999999999994
2005-07-13 00:00:00,88.93999999999994
2005-07-14 00:00:00,88.91999999999993
2005-07-15 00:00:00,88.91999999999993
2005-07-18 00:00:00,88.85999999999993
2005-07-19 00:00:00,88.89999999999993
2005-07-20 00:00:00,88.91999999999993
2005-07-21 00:00:00,88.77999999999993
2005-07-22 00:00:00,88.83999999999993
2005-07-25 00:00:00,88.81999999999994
2005-07-26 00:00:00,88.81999999999994
2005-07-27 00:00:00,88.78999999999994
2005-07-28 00:00:00,88.85999999999993
2005-07-29 00:00:00,88.75999999999993
2005-08-01 00:00:00,88.73999999999994
2005-08-02 00:00:00,88.71999999999993
2005-08-03 00:00:00,88.76999999999994
2005-08-04 00:00:00,88.73999999999994
2005-08-05 00:00:00,88.63999999999993
2005-08-08 00:00:00,88.59999999999994
2005-08-09 00:00:00,88.62999999999994
2005-08-10 00:00:00,88.64999999999993
2005-08-11 00:00:00,88.72999999999993
2005-08-12 00:00:00,88.83999999999993
2005-08-15 00:00:00,88.79999999999994
2005-08-16 00:00:00,88.83999999999993
2005-08-17 00:00:00,88.77999999999993
2005-08-18 00:00:00,88.85999999999993
2005-08-19 00:00:00,88.85999999999993
2005-08-22 00:00:00,88.86999999999993
2005-08-23 00:00:00,88.89999999999993
2005-08-24 00:00:00,88.89999999999993
2005-08-25 00:00:00,88.91999999999993
2005-08-26 00:00:00,88.87999999999994
2005-08-29 00:00:00,88.89999999999993
2005-08-30 00:00:00,89.02999999999993
2005-08-31 00:00:00,89.09999999999994
2005-09-01 00:00:00,89.09999999999994
2005-09-02 00:00:00,89.07999999999994
2005-09-06 00:00:00,89.02999999999993
2005-09-07 00:00:00,88.97999999999993
2005-09-08 00:00:00,88.99999999999993
2005-09-09 00:00:00,89.01999999999994
2005-09-12 00:00:00,88.97999999999993
2005-09-13 00:00:00,89.03999999999994
2005-09-14 00:00:00,88.99999999999993
2005-09-15 00:00:00,88.93999999999994
2005-09-16 00:00:00,88.87999999999994
2005-09-19 00:00:00,88.89999999999993
2005-09-20 00:00:00,88.87999999999994
2005-09-21 00:00:00,88.95999999999994
2005-09-22 00:00:00,88.97999999999995
2005-09-23 00:00:00,88.87999999999994
2005-09-26 00:00:00,88.83999999999995
2005-09-27 00:00:00,88.81999999999994
2005-09-28 00:00:00,88.85999999999994
2005-09-29 00:00:00,88.81999999999994
2005-09-30 00:00:00,88.76999999999994
2005-10-03 00:00:00,88.69999999999995
2005-10-04 00:00:00,88.70999999999994
2005-10-05 00:00:00,88.71999999999994
2005-10-06 00:00:00,88.71999999999994
2005-10-07 00:00:00,88.71999999999994
2005-10-11 00:00:00,88.68999999999994
2005-10-12 00:00:00,88.62999999999994
2005-10-13 00:00:00,88.58999999999995
2005-10-14 00:00:00,88.55999999999995
2005-10-17 00:00:00,88.55999999999995
2005-10-18 00:00:00,88.58999999999995
2005-10-19 00:00:00,88.61999999999995
2005-10-20 00:00:00,88.61999999999995
2005-10-21 00:00:00,88.68999999999994
2005-10-24 00:00:00,88.61999999999995
2005-10-25 00:00:00,88.54999999999994
2005-10-26 00:00:00,88.44999999999995
2005-10-27 00:00:00,88.47999999999995
2005-10-28 00:00:00,88.46999999999994
2005-10-31 00:00:00,88.45999999999994
2005-11-01 00:00:00,88.43999999999994
2005-11-02 00:00:00,88.39999999999993
2005-11-03 00:00:00,88.33999999999995
2005-11-04 00:00:00,88.31999999999994
2005-11-07 00:00:00,88.34999999999994
2005-11-08 00:00:00,88.43999999999994
2005-11-09 00:00:00,88.36999999999995
2005-11-10 00:00:00,88.45999999999994
2005-11-14 00:00:00,88.39999999999993
2005-11-15 00:00:00,88.43999999999994
2005-11-16 00:00:00,88.51999999999994
2005-11-17 00:00:00,88.57999999999994
2005-11-18 00:00:00,88.51999999999994
2005-11-21 00:00:00,88.55999999999995
2005-11-22 00:00:00,88.59999999999994
2005-11-23 00:00:00,88.55999999999995
2005-11-25 00:00:00,88.59999999999994
2005-11-28 00:00:00,88.61999999999995
2005-11-29 00:00:00,88.52999999999994
2005-11-30 00:00:00,88.50999999999993
2005-12-01 00:00:00,88.46999999999994
2005-12-02 00:00:00,88.47999999999995
2005-12-05 00:00:00,88.41999999999994
2005-12-06 00:00:00,88.49999999999994
2005-12-07 00:00:00,88.47999999999995
2005-12-08 00:00:00,88.53999999999994
2005-12-09 00:00:00,88.46999999999994
2005-12-12 00:00:00,88.45999999999994
2005-12-13 00:00:00,88.47999999999995
2005-12-14 00:00:00,88.57999999999994
2005-12-15 00:00:00,88.55999999999995
2005-12-16 00:00:00,88.58999999999995
2005-12-19 00:00:00,88.58999999999995
2005-12-20 00:00:00,88.54999999999995
2005-12-21 00:00:00,88.51999999999995
2005-12-22 00:00:00,88.57999999999996
2005-12-23 00:00:00,88.63999999999996
2005-12-27 00:00:00,88.66999999999994
2005-12-28 00:00:00,88.62999999999995
2005-12-29 00:00:00,88.63999999999996
2005-12-30 00:00:00,88.60999999999996
2006-01-03 00:00:00,88.63999999999996
2006-01-04 00:00:00,88.67999999999995
2006-01-05 00:00:00,88.69999999999995
2006-01-06 00:00:00,88.67999999999995
2006-01-09 00:00:00,88.69999999999995
2006-01-10 00:00:00,88.63999999999996
2006-01-11 00:00:00,88.59999999999995
2006-01-12 00:00:00,88.66999999999994
2006-01-13 00:00:00,88.74999999999996
2006-01-17 00:00:00,88.77999999999994
2006-01-18 00:00:00,88.77999999999994
2006-01-19 00:00:00,88.72999999999995
2006-01-20 00:00:00,88.75999999999995
2006-01-23 00:00:00,88.75999999999995
2006-01-24 00:00:00,88.71999999999996
2006-01-25 00:00:00,88.61999999999995
2006-01-26 00:00:00,88.55999999999995
2006-01-27 00:00:00,88.57999999999996
2006-01-30 00:00:00,88.53999999999995
2006-01-31 00:00:00,88.53999999999995
2006-02-01 00:00:00,88.48999999999995
2006-02-02 00:00:00,88.48999999999995
2006-02-03 00:00:00,88.50999999999995
2006-02-06 00:00:00,88.49999999999996
2006-02-07 00:00:00,88.47999999999995
2006-02-08 00:00:00,88.45999999999995
2006-02-09 00:00:00,88.47999999999995
2006-02-10 00:00:00,88.43999999999996
2006-02-13 00:00:00,88.43999999999996
2006-02-14 00:00:00,88.41999999999994
2006-02-15 00:00:00,88.41999999999994
2006-02-16 00:00:00,88.41999999999994
2006-02-17 00:00:00,88.47999999999995
2006-02-21 00:00:00,88.43999999999996
2006-02-22 00:00:00,88.47999999999995
2006-02-23 00:00:00,88.43999999999996
2006-02-24 00:00:00,88.43999999999996
2006-02-27 00:00:00,88.41999999999994
2006-02-28 00:00:00,88.47999999999995
2006-03-01 00:00:00,88.43999999999996
2006-03-02 00:00:00,88.37999999999995
2006-03-03 00:00:00,88.32999999999996
2006-03-06 00:00:00,88.25999999999995
2006-03-07 00:00:00,88.26999999999995
2006-03-08 00:00:00,88.27999999999994
2006-03-09 00:00:00,88.28999999999995
2006-03-10 00:00:00,88.27999999999994
2006-03-13 00:00:00,88.25999999999995
2006-03-14 00:00:00,88.35999999999996
2006-03-15 00:00:00,88.33999999999995
2006-03-16 00:00:00,88.43999999999996
2006-03-17 00:00:00,88.41999999999996
2006-03-20 00:00:00,88.44999999999995
2006-03-21 00:00:00,88.35999999999996
2006-03-22 00:00:00,88.36999999999995
2006-03-23 00:00:00,88.32999999999996
2006-03-24 00:00:00,88.40999999999995
2006-03-27 00:00:00,88.36999999999995
2006-03-28 00:00:00,88.28999999999995
2006-03-29 00:00:00,88.26999999999995
2006-03-30 00:00:00,88.21999999999996
2006-03-31 00:00:00,88.22999999999995
2006-04-03 00:00:00,88.20999999999995
2006-04-04 00:00:00,88.22999999999995
2006-04-05 00:00:00,88.26999999999995
2006-04-06 00:00:00,88.20999999999995
2006-04-07 00:00:00,88.13999999999996
2006-04-10 00:00:00,88.14999999999995
2006-04-11 00:00:00,88.17999999999995
2006-04-12 00:00:00,88.12999999999995
2006-04-13 00:00:00,88.06999999999995
2006-04-17 00:00:00,88.09999999999995
2006-04-18 00:00:00,88.15999999999995
2006-04-19 00:00:00,88.10999999999996
2006-04-20 00:00:00,88.09999999999995
2006-04-21 00:00:00,88.11999999999995
2006-04-24 00:00:00,88.14999999999995
2006-04-25 00:00:00,88.06999999999995
2006-04-26 00:00:00,88.02999999999996
2006-04-27 00:00:00,88.07999999999996
2006-04-28 00:00:00,88.10999999999996
2006-05-01 00:00:00,88.03999999999995
2006-05-02 00:00:00,88.04999999999995
2006-05-03 00:00:00,88.00999999999995
2006-05-04 00:00:00,87.99999999999996
2006-05-05 00:00:00,88.04999999999995
2006-05-08 00:00:00,88.02999999999996
2006-05-09 00:00:00,88.03999999999995
2006-05-10 00:00:00,88.02999999999996
2006-05-11 00:00:00,88.00999999999995
2006-05-12 00:00:00,87.96999999999996
2006-05-15 00:00:00,88.00999999999995
2006-05-16 00:00:00,88.06999999999995
2006-05-17 00:00:00,88.00999999999995
2006-05-18 00:00:00,88.10999999999996
2006-05-19 00:00:00,88.08999999999995
2006-05-22 00:00:00,88.10999999999996
2006-05-23 00:00:00,88.07999999999996
2006-05-24 00:00:00,88.10999999999996
2006-05-25 00:00:00,88.06999999999995
2006-05-26 00:00:00,88.08999999999995
2006-05-30 00:00:00,88.04999999999995
2006-05-31 00:00:00,87.99999999999996
2006-06-01 00:00:00,88.00999999999995
2006-06-02 00:00:00,88.14999999999995
2006-06-05 00:00:00,88.10999999999996
2006-06-06 00:00:00,88.11999999999995
2006-06-07 00:00:00,88.08999999999995
2006-06-08 00:00:00,88.10999999999996
2006-06-09 00:00:00,88.11999999999995
2006-06-12 00:00:00,88.10999999999996
2006-06-13 00:00:00,88.14999999999995
2006-06-14 00:00:00,88.02999999999996
2006-06-15 00:00:00,87.98999999999995
2006-06-16 00:00:00,87.94999999999996
2006-06-19 00:00:00,87.91999999999996
2006-06-20 00:00:00,87.90999999999995
2006-06-21 00:00:00,87.90999999999995
2006-06-22 00:00:00,87.85999999999996
2006-06-23 00:00:00,87.82999999999996
2006-06-26 00:00:00,87.81999999999995
2006-06-27 00:00:00,87.84999999999995
2006-06-28 00:00:00,87.80999999999996
2006-06-29 00:00:00,87.85999999999996
2006-06-30 00:00:00,87.92999999999995
2006-07-03 00:00:00,87.91999999999996
2006-07-05 00:00:00,87.83999999999995
2006-07-06 00:00:00,87.87999999999995
2006-07-07 00:00:00,87.93999999999996
2006-07-10 00:00:00,87.93999999999996
2006-07-11 00:00:00,87.97999999999995
2006-07-12 00:00:00,87.97999999999995
2006-07-13 00:00:00,87.99999999999996
2006-07-14 00:00:00,88.00999999999995
2006-07-17 00:00:00,87.99999999999996
2006-07-18 00:00:00,87.91999999999996
2006-07-19 00:00:00,88.01999999999995
2006-07-20 00:00:00,88.07999999999996
2006-07-21 00:00:00,88.06999999999995
2006-07-24 00:00:00,88.06999999999995
2006-07-25 00:00:00,88.04999999999995
2006-07-26 00:00:00,88.08999999999995
2006-07-27 00:00:00,88.08999999999995
2006-07-28 00:00:00,88.15999999999995
2006-07-31 00:00:00,88.16999999999996
2006-08-01 00:00:00,88.17999999999995
2006-08-02 00:00:00,88.19999999999996
2006-08-03 00:00:00,88.19999999999996
2006-08-04 00:00:00,88.25999999999995
2006-08-07 00:00:00,88.22999999999995
2006-08-08 00:00:00,88.24999999999996
2006-08-09 00:00:00,88.24999999999996
2006-08-10 00:00:00,88.24999999999996
2006-08-11 00:00:00,88.19999999999996
2006-08-14 00:00:00,88.16999999999996
2006-08-15 00:00:00,88.25999999999995
2006-08-16 00:00:00,88.32999999999996
2006-08-17 00:00:00,88.33999999999995
2006-08-18 00:00:00,88.37999999999995
2006-08-21 00:00:00,88.38999999999996
2006-08-22 00:00:00,88.39999999999995
2006-08-23 00:00:00,88.37999999999995
2006-08-24 00:00:00,88.36999999999995
2006-08-25 00:00:00,88.39999999999995
2006-08-28 00:00:00,88.37999999999995
2006-08-29 00:00:00,88.38999999999996
2006-08-30 00:00:00,88.41999999999996
2006-08-31 00:00:00,88.43999999999996
2006-09-01 00:00:00,88.45999999999995
2006-09-05 00:00:00,88.42999999999995
2006-09-06 00:00:00,88.40999999999995
2006-09-07 00:00:00,88.41999999999996
2006-09-08 00:00:00,88.43999999999996
2006-09-11 00:00:00,88.41999999999996
2006-09-12 00:00:00,88.44999999999996
2006-09-13 00:00:00,88.45999999999995
2006-09-14 00:00:00,88.41999999999996
2006-09-15 00:00:00,88.39999999999995
2006-09-18 00:00:00,88.37999999999994
2006-09-19 00:00:00,88.45999999999995
2006-09-20 00:00:00,88.45999999999995
2006-09-21 00:00:00,88.55999999999995
2006-09-22 00:00:00,88.61999999999995
2006-09-25 00:00:00,88.65999999999994
2006-09-26 00:00:00,88.61999999999995
2006-09-27 00:00:00,88.60999999999994
2006-09-28 00:00:00,88.58999999999995
2006-09-29 00:00:00,88.55999999999995
2006-10-02 00:00:00,88.57999999999994
2006-10-03 00:00:00,88.57999999999994
2006-10-04 00:00:00,88.64999999999995
2006-10-05 00:00:00,88.59999999999995
2006-10-06 00:00:00,88.48999999999995
2006-10-10 00:00:00,88.41999999999994
2006-10-11 00:00:00,88.38999999999994
2006-10-12 00:00:00,88.39999999999995
2006-10-13 00:00:00,88.36999999999995
2006-10-16 00:00:00,88.39999999999995
2006-10-17 00:00:00,88.41999999999994
2006-10-18 00:00:00,88.43999999999994
2006-10-19 00:00:00,88.41999999999994
2006-10-20 00:00:00,88.41999999999994
2006-10-23 00:00:00,88.36999999999995
2006-10-24 00:00:00,88.37999999999994
2006-10-25 00:00:00,88.43999999999994
2006-10-26 00:00:00,88.49999999999994
2006-10-27 00:00:00,88.54999999999994
2006-10-30 00:00:00,88.54999999999994
2006-10-31 00:00:00,88.61999999999995
2006-11-01 00:00:00,88.66999999999994
2006-11-02 00:00:00,88.63999999999994
2006-11-03 00:00:00,88.48999999999995
2006-11-06 00:00:00,88.49999999999994
2006-11-07 00:00:00,88.55999999999995
2006-11-08 00:00:00,88.59999999999995
2006-11-09 00:00:00,88.60999999999994
2006-11-10 00:00:00,88.65999999999994
2006-11-13 00:00:00,88.63999999999994
2006-11-14 00:00:00,88.67999999999995
2006-11-15 00:00:00,88.62999999999994
2006-11-16 00:00:00,88.59999999999995
2006-11-17 00:00:00,88.67999999999995
2006-11-20 00:00:00,88.67999999999995
2006-11-21 00:00:00,88.70999999999995
2006-11-22 00:00:00,88.71999999999994
2006-11-24 00:00:00,88.73999999999995
2006-11-27 00:00:00,88.75999999999995
2006-11-28 00:00:00,88.79999999999994
2006-11-29 00:00:00,88.78999999999995
2006-11-30 00:00:00,88.85999999999994
2006-12-01 00:00:00,88.91999999999994
2006-12-04 00:00:00,88.91999999999994
2006-12-05 00:00:00,88.91999999999994
2006-12-06 00:00:00,88.85999999999994
2006-12-07 00:00:00,88.81999999999995
2006-12-08 00:00:00,88.74999999999994
2006-12-11 00:00:00,88.79999999999994
2006-12-12 00:00:00,88.83999999999995
2006-12-13 00:00:00,88.75999999999995
2006-12-14 00:00:00,88.73999999999995
2006-12-15 00:00:00,88.72999999999995
2006-12-18 00:00:00,88.72999999999995
2006-12-19 00:00:00,88.71999999999994
2006-12-20 00:00:00,88.70999999999995
2006-12-21 00:00:00,88.77999999999994
2006-12-22 00:00:00,88.68999999999994
2006-12-26 00:00:00,88.70999999999995
2006-12-27 00:00:00,88.64999999999995
2006-12-28 00:00:00,88.61999999999995
2006-12-29 00:00:00,88.60999999999994
2007-01-02 00:00:00,88.61999999999995
2007-01-03 00:00:00,88.64999999999995
2007-01-04 00:00:00,88.70999999999995
2007-01-05 00:00:00,88.68999999999994
2007-01-08 00:00:00,88.68999999999994
2007-01-09 00:00:00,88.67999999999995
2007-01-10 00:00:00,88.63999999999994
2007-01-11 00:00:00,88.56999999999995
2007-01-12 00:00:00,88.54999999999994
2007-01-16 00:00:00,88.55999999999995
2007-01-17 00:00:00,88.52999999999994
2007-01-18 00:00:00,88.56999999999995
2007-01-19 00:00:00,88.55999999999995
2007-01-22 00:00:00,88.58999999999995
2007-01-23 00:00:00,88.53999999999995
2007-01-24 00:00:00,88.52999999999994
2007-01-25 00:00:00,88.43999999999994
2007-01-26 00:00:00,88.40999999999994
2007-01-29 00:00:00,88.37999999999995
2007-01-30 00:00:00,88.40999999999994
2007-01-31 00:00:00,88.44999999999995
2007-02-01 00:00:00,88.45999999999995
2007-02-02 00:00:00,88.48999999999995
2007-02-05 00:00:00,88.52999999999994
2007-02-06 00:00:00,88.56999999999995
2007-02-07 00:00:00,88.59999999999995
2007-02-08 00:00:00,88.59999999999995
2007-02-09 00:00:00,88.52999999999994
2007-02-12 00:00:00,88.50999999999995
2007-02-13 00:00:00,88.49999999999994
2007-02-14 00:00:00,88.60999999999994
2007-02-15 00:00:00,88.62999999999995
2007-02-16 00:00:00,88.63999999999994
2007-02-20 00:00:00,88.65999999999994
2007-02-21 00:00:00,88.63999999999994
2007-02-22 00:00:00,88.59999999999995
2007-02-23 00:00:00,88.64999999999995
2007-02-26 00:00:00,88.68999999999994
2007-02-27 00:00:00,88.79999999999994
2007-02-28 00:00:00,88.74999999999994
2007-03-01 00:00:00,88.74999999999994
2007-03-02 00:00:00,88.76999999999995
2007-03-05 00:00:00,88.75999999999995
2007-03-06 00:00:00,88.75999999999995
2007-03-07 00:00:00,88.80999999999995
2007-03-08 00:00:00,88.79999999999994
2007-03-09 00:00:00,88.70999999999995
2007-03-12 00:00:00,88.74999999999994
2007-03-13 00:00:00,88.81999999999995
2007-03-14 00:00:00,88.80999999999995
2007-03-15 00:00:00,88.79999999999994
2007-03-16 00:00:00,88.78999999999994
2007-03-19 00:00:00,88.76999999999994
2007-03-20 00:00:00,88.79999999999994
2007-03-21 00:00:00,88.84999999999994
2007-03-22 00:00:00,88.78999999999994
2007-03-23 00:00:00,88.74999999999994
2007-03-26 00:00:00,88.76999999999994
2007-03-27 00:00:00,88.74999999999994
2007-03-28 00:00:00,88.74999999999994
2007-03-29 00:00:00,88.72999999999993
2007-03-30 00:00:00,88.70999999999994
2007-04-02 00:00:00,88.70999999999994
2007-04-03 00:00:00,88.68999999999994
2007-04-04 00:00:00,88.68999999999994
2007-04-05 00:00:00,88.66999999999994
2007-04-06 00:00:00,88.58999999999993
2007-04-09 00:00:00,88.59999999999994
2007-04-10 00:00:00,88.62999999999994
2007-04-11 00:00:00,88.60999999999994
2007-04-12 00:00:00,88.60999999999994
2007-04-13 00:00:00,88.56999999999994
2007-04-16 00:00:00,88.60999999999994
2007-04-17 00:00:00,88.66999999999994
2007-04-18 00:00:00,88.70999999999994
2007-04-19 00:00:00,88.69999999999993
2007-04-20 00:00:00,88.69999999999993
2007-04-23 00:00:00,88.71999999999994
2007-04-24 00:00:00,88.75999999999993
2007-04-25 00:00:00,88.72999999999993
2007-04-26 00:00:00,88.66999999999994
2007-04-27 00:00:00,88.65999999999994
2007-04-30 00:00:00,88.74999999999994
2007-05-01 00:00:00,88.72999999999993
2007-05-02 00:00:00,88.72999999999993
2007-05-03 00:00:00,88.68999999999994
2007-05-04 00:00:00,88.72999999999993
2007-05-07 00:00:00,88.72999999999993
2007-05-08 00:00:00,88.74999999999994
2007-05-09 00:00:00,88.70999999999994
2007-05-10 00:00:00,88.72999999999993
2007-05-11 00:00:00,88.70999999999994
2007-05-14 00:00:00,88.67999999999994
2007-05-15 00:00:00,88.64999999999993
2007-05-16 00:00:00,88.64999999999993
2007-05-17 00:00:00,88.58999999999993
2007-05-18 00:00:00,88.52999999999994
2007-05-21 00:00:00,88.54999999999994
2007-05-22 00:00:00,88.48999999999994
2007-05-23 00:00:00,88.44999999999993
2007-05-24 00:00:00,88.44999999999993
2007-05-25 00:00:00,88.44999999999993
2007-05-29 00:00:00,88.40999999999994
2007-05-30 00:00:00,88.40999999999994
2007-05-31 00:00:00,88.36999999999993
2007-06-01 00:00:00,88.29999999999994
2007-06-04 00:00:00,88.32999999999994
2007-06-05 00:00:00,88.26999999999994
2007-06-06 00:00:00,88.26999999999994
2007-06-07 00:00:00,88.10999999999994
2007-06-08 00:00:00,88.06999999999994
2007-06-11 00:00:00,88.06999999999994
2007-06-12 00:00:00,87.92999999999994
2007-06-13 00:00:00,87.97999999999993
2007-06-14 00:00:00,87.96999999999994
2007-06-15 00:00:00,88.04999999999994
2007-06-18 00:00:00,88.08999999999993
2007-06-19 00:00:00,88.16999999999993
2007-06-20 00:00:00,88.08999999999993
2007-06-21 00:00:00,88.01999999999994
2007-06-22 00:00:00,88.04999999999994
2007-06-25 00:00:00,88.11999999999993
2007-06-26 00:00:00,88.08999999999993
2007-06-27 00:00:00,88.12999999999994
2007-06-28 00:00:00,88.06999999999994
2007-06-29 00:00:00,88.14999999999993
2007-07-02 00:00:00,88.18999999999994
2007-07-03 00:00:00,88.14999999999993
2007-07-05 00:00:00,88.02999999999993
2007-07-06 00:00:00,87.95999999999994
2007-07-09 00:00:00,87.98999999999994
2007-07-10 00:00:00,88.10999999999993
2007-07-11 00:00:00,88.06999999999994
2007-07-12 00:00:00,88.02999999999993
2007-07-13 00:00:00,88.04999999999994
2007-07-16 00:00:00,88.10999999999993
2007-07-17 00:00:00,88.04999999999994
2007-07-18 00:00:00,88.12999999999994
2007-07-19 00:00:00,88.10999999999993
2007-07-20 00:00:00,88.16999999999993
2007-07-23 00:00:00,88.16999999999993
2007-07-24 00:00:00,88.17999999999994
2007-07-25 00:00:00,88.20999999999994
2007-07-26 00:00:00,88.32999999999994
2007-07-27 00:00:00,88.28999999999994
2007-07-30 00:00:00,88.27999999999993
2007-07-31 00:00:00,88.32999999999994
2007-08-01 00:00:00,88.33999999999993
2007-08-02 00:00:00,88.34999999999994
2007-08-03 00:00:00,88.42999999999994
2007-08-06 00:00:00,88.40999999999994
2007-08-07 00:00:00,88.40999999999994
2007-08-08 00:00:00,88.34999999999994
2007-08-09 00:00:00,88.38999999999993
2007-08-10 00:00:00,88.38999999999993
2007-08-13 00:00:00,88.34999999999994
2007-08-14 00:00:00,88.38999999999993
2007-08-15 00:00:00,88.42999999999994
2007-08-16 00:00:00,88.52999999999993
2007-08-17 00:00:00,88.46999999999993
2007-08-20 00:00:00,88.50999999999993
2007-08-21 00:00:00,88.58999999999993
2007-08-22 00:00:00,88.56999999999994
2007-08-23 00:00:00,88.56999999999994
2007-08-24 00:00:00,88.56999999999994
2007-08-27 00:00:00,88.61999999999993
2007-08-28 00:00:00,88.68999999999994
2007-08-29 00:00:00,88.66999999999993
2007-08-30 00:00:00,88.70999999999994
2007-08-31 00:00:00,88.69999999999993
2007-09-04 00:00:00,88.69999999999993
2007-09-05 00:00:00,88.78999999999994
2007-09-06 00:00:00,88.78999999999994
2007-09-07 00:00:00,88.97999999999993
2007-09-10 00:00:00,89.02999999999993
2007-09-11 00:00:00,88.95999999999994
2007-09-12 00:00:00,88.92999999999994
2007-09-13 00:00:00,88.80999999999993
2007-09-14 00:00:00,88.81999999999994
2007-09-17 00:00:00,88.78999999999994
2007-09-18 00:00:00,88.79999999999994
2007-09-19 00:00:00,88.79999999999994
2007-09-20 00:00:00,88.59999999999994
2007-09-21 00:00:00,88.62999999999994
2007-09-24 00:00:00,88.61999999999995
2007-09-25 00:00:00,88.63999999999994
2007-09-26 00:00:00,88.65999999999994
2007-09-27 00:00:00,88.71999999999994
2007-09-28 00:00:00,88.71999999999994
2007-10-01 00:00:00,88.71999999999994
2007-10-02 00:00:00,88.76999999999994
2007-10-03 00:00:00,88.75999999999995
2007-10-04 00:00:00,88.75999999999995
2007-10-05 00:00:00,88.60999999999994
2007-10-09 00:00:00,88.59999999999994
2007-10-10 00:00:00,88.61999999999995
2007-10-11 00:00:00,88.61999999999995
2007-10-12 00:00:00,88.57999999999994
2007-10-15 00:00:00,88.59999999999994
2007-10-16 00:00:00,88.63999999999994
2007-10-17 00:00:00,88.73999999999994
2007-10-18 00:00:00,88.77999999999994
2007-10-19 00:00:00,88.89999999999995
2007-10-22 00:00:00,88.89999999999995
2007-10-23 00:00:00,88.89999999999995
2007-10-24 00:00:00,88.97999999999995
2007-10-25 00:00:00,88.95999999999994
2007-10-26 00:00:00,88.87999999999994
2007-10-29 00:00:00,88.87999999999994
2007-10-30 00:00:00,88.87999999999994
2007-10-31 00:00:00,88.77999999999994
2007-11-01 00:00:00,88.89999999999995
2007-11-02 00:00:00,88.95999999999994
2007-11-05 00:00:00,88.91999999999994
2007-11-06 00:00:00,88.85999999999994
2007-11-07 00:00:00,88.85999999999994
2007-11-08 00:00:00,88.91999999999994
2007-11-09 00:00:00,88.97999999999995
2007-11-13 00:00:00,88.93999999999994
2007-11-14 00:00:00,88.93999999999994
2007-11-15 00:00:00,89.06999999999994
2007-11-16 00:00:00,89.07999999999994
2007-11-19 00:00:00,89.13999999999994
2007-11-20 00:00:00,89.11999999999995
2007-11-21 00:00:00,89.15999999999994
2007-11-23 00:00:00,89.21999999999994
2007-11-26 00:00:00,89.43999999999994
2007-11-27 00:00:00,89.35999999999994
2007-11-28 00:00:00,89.29999999999994
2007-11-29 00:00:00,89.37999999999994
2007-11-30 00:00:00,89.39999999999995
2007-12-03 00:00:00,89.50999999999995
2007-12-04 00:00:00,89.49999999999994
2007-12-05 00:00:00,89.49999999999994
2007-12-06 00:00:00,89.40999999999994
2007-12-07 00:00:00,89.21999999999994
2007-12-10 00:00:00,89.15999999999994
2007-12-11 00:00:00,89.33999999999995
2007-12-12 00:00:00,89.29999999999994
2007-12-13 00:00:00,89.21999999999994
2007-12-14 00:00:00,89.11999999999995
2007-12-17 00:00:00,89.16999999999996
2007-12-18 00:00:00,89.27999999999996
2007-12-19 00:00:00,89.33999999999996
2007-12-20 00:00:00,89.37999999999995
2007-12-21 00:00:00,89.19999999999996
2007-12-24 00:00:00,89.11999999999995
2007-12-26 00:00:00,89.03999999999995
2007-12-27 00:00:00,89.10999999999996
2007-12-28 00:00:00,89.25999999999995
2007-12-31 00:00:00,89.33999999999996
2008-01-02 00:00:00,89.49999999999996
2008-01-03 00:00:00,89.51999999999995
2008-01-04 00:00:00,89.62999999999995
2008-01-07 00:00:00,89.65999999999995
2008-01-08 00:00:00,89.68999999999996
2008-01-09 00:00:00,89.73999999999995
2008-01-10 00:00:00,89.65999999999995
2008-01-11 00:00:00,89.75999999999995
2008-01-14 00:00:00,89.75999999999995
2008-01-15 00:00:00,89.87999999999995
2008-01-16 00:00:00,89.85999999999996
2008-01-17 00:00:00,89.93999999999996
2008-01-18 00:00:00,89.94999999999996
2008-01-22 00:00:00,90.13999999999996
2008-01-23 00:00:00,90.19999999999996
2008-01-24 00:00:00,89.87999999999995
2008-01-25 00:00:00,89.93999999999996
2008-01-28 00:00:00,89.92999999999995
2008-01-29 00:00:00,89.87999999999995
2008-01-30 00:00:00,89.73999999999995
2008-01-31 00:00:00,89.84999999999995
2008-02-01 00:00:00,89.89999999999995
2008-02-04 00:00:00,89.85999999999996
2008-02-05 00:00:00,89.91999999999996
2008-02-06 00:00:00,89.89999999999995
2008-02-07 00:00:00,89.74999999999996
2008-02-08 00:00:00,89.79999999999995
2008-02-11 00:00:00,89.83999999999996
2008-02-12 00:00:00,89.73999999999995
2008-02-13 00:00:00,89.73999999999995
2008-02-14 00:00:00,89.55999999999996
2008-02-15 00:00:00,89.55999999999996
2008-02-19 00:00:00,89.38999999999996
2008-02-20 00:00:00,89.33999999999996
2008-02-21 00:00:00,89.56999999999995
2008-02-22 00:00:00,89.51999999999995
2008-02-25 00:00:00,89.39999999999995
2008-02-26 00:00:00,89.47999999999996
2008-02-27 00:00:00,89.51999999999995
2008-02-28 00:00:00,89.67999999999995
2008-02-29 00:00:00,89.92999999999995
2008-03-03 00:00:00,89.91999999999996
2008-03-04 00:00:00,89.83999999999996
2008-03-05 00:00:00,89.64999999999995
2008-03-06 00:00:00,89.61999999999995
2008-03-07 00:00:00,89.71999999999996
2008-03-10 00:00:00,89.79999999999995
2008-03-11 00:00:00,89.67999999999995
2008-03-12 00:00:00,89.84999999999995
2008-03-13 00:00:00,89.83999999999996
2008-03-14 00:00:00,89.95999999999995
2008-03-17 00:00:00,90.19999999999995
2008-03-18 00:00:00,90.03999999999995
2008-03-19 00:00:00,90.11999999999995
2008-03-20 00:00:00,90.11999999999995
2008-03-24 00:00:00,89.87999999999995
2008-03-25 00:00:00,89.86999999999995
2008-03-26 00:00:00,89.88999999999996
2008-03-27 00:00:00,89.81999999999995
2008-03-28 00:00:00,89.87999999999995
2008-03-31 00:00:00,89.98999999999995
2008-04-01 00:00:00,89.83999999999995
2008-04-02 00:00:00,89.73999999999995
2008-04-03 00:00:00,89.71999999999996
2008-04-04 00:00:00,89.91999999999994
2008-04-07 00:00:00,89.84999999999995
2008-04-08 00:00:00,89.83999999999995
2008-04-09 00:00:00,89.93999999999996
2008-04-10 00:00:00,89.88999999999996
2008-04-11 00:00:00,89.97999999999995
2008-04-14 00:00:00,89.91999999999994
2008-04-15 00:00:00,89.80999999999995
2008-04-16 00:00:00,89.61999999999995
2008-04-17 00:00:00,89.60999999999996
2008-04-18 00:00:00,89.61999999999995
2008-04-21 00:00:00,89.68999999999996
2008-04-22 00:00:00,89.69999999999995
2008-04-23 00:00:00,89.69999999999995
2008-04-24 00:00:00,89.55999999999995
2008-04-25 00:00:00,89.52999999999994
2008-04-28 00:00:00,89.57999999999996
2008-04-29 00:00:00,89.59999999999995
2008-04-30 00:00:00,89.65999999999995
2008-05-01 00:00:00,89.69999999999995
2008-05-02 00:00:00,89.57999999999996
2008-05-05 00:00:00,89.59999999999995
2008-05-06 00:00:00,89.52999999999994
2008-05-07 00:00:00,89.55999999999995
2008-05-08 00:00:00,89.66999999999994
2008-05-09 00:00:00,89.69999999999995
2008-05-12 00:00:00,89.69999999999995
2008-05-13 00:00:00,89.47999999999995
2008-05-14 00:00:00,89.42999999999995
2008-05-15 00:00:00,89.59999999999995
2008-05-16 00:00:00,89.60999999999996
2008-05-19 00:00:00,89.62999999999995
2008-05-20 00:00:00,89.67999999999995
2008-05-21 00:00:00,89.61999999999995
2008-05-22 00:00:00,89.45999999999995
2008-05-23 00:00:00,89.52999999999994
2008-05-27 00:00:00,89.39999999999995
2008-05-28 00:00:00,89.28999999999995
2008-05-29 00:00:00,89.17999999999995
2008-05-30 00:00:00,89.19999999999995
2008-06-02 00:00:00,89.31999999999995
2008-06-03 00:00:00,89.41999999999994
2008-06-04 00:00:00,89.35999999999996
2008-06-05 00:00:00,89.17999999999995
2008-06-06 00:00:00,89.23999999999995
2008-06-09 00:00:00,89.09999999999995
2008-06-10 00:00:00,88.97999999999995
2008-06-11 00:00:00,89.09999999999995
2008-06-12 00:00:00,88.87999999999995
2008-06-13 00:00:00,88.77999999999994
2008-06-16 00:00:00,88.81999999999995
2008-06-17 00:00:00,88.87999999999995
2008-06-18 00:00:00,89.03999999999995
2008-06-19 00:00:00,88.97999999999995
2008-06-20 00:00:00,89.01999999999995
2008-06-23 00:00:00,88.94999999999995
2008-06-24 00:00:00,89.01999999999995
2008-06-25 00:00:00,88.99999999999994
2008-06-26 00:00:00,89.09999999999995
2008-06-27 00:00:00,89.09999999999995
2008-06-30 00:00:00,89.15999999999995
2008-07-01 00:00:00,89.15999999999995
2008-07-02 00:00:00,89.17999999999995
2008-07-03 00:00:00,89.15999999999995
2008-07-07 00:00:00,89.17999999999995
2008-07-08 00:00:00,89.28999999999995
2008-07-09 00:00:00,89.42999999999995
2008-07-10 00:00:00,89.45999999999995
2008-07-11 00:00:00,89.31999999999995
2008-07-14 00:00:00,89.37999999999995
2008-07-15 00:00:00,89.41999999999994
2008-07-16 00:00:00,89.31999999999995
2008-07-17 00:00:00,89.09999999999995
2008-07-18 00:00:00,89.04999999999994
2008-07-21 00:00:00,89.05999999999995
2008-07-22 00:00:00,89.02999999999994
2008-07-23 00:00:00,88.99999999999994
2008-07-24 00:00:00,89.20999999999995
2008-07-25 00:00:00,89.10999999999994
2008-07-28 00:00:00,89.21999999999994
2008-07-29 00:00:00,89.19999999999995
2008-07-30 00:00:00,89.19999999999995
2008-07-31 00:00:00,89.28999999999995
2008-08-01 00:00:00,89.32999999999994
2008-08-04 00:00:00,89.25999999999995
2008-08-05 00:00:00,89.23999999999995
2008-08-06 00:00:00,89.15999999999995
2008-08-07 00:00:00,89.27999999999994
2008-08-08 00:00:00,89.23999999999995
2008-08-11 00:00:00,89.17999999999995
2008-08-12 00:00:00,89.28999999999995
2008-08-13 00:00:00,89.23999999999995
2008-08-14 00:00:00,89.31999999999995
2008-08-15 00:00:00,89.35999999999994
2008-08-18 00:00:00,89.36999999999995
2008-08-19 00:00:00,89.35999999999994
2008-08-20 00:00:00,89.43999999999994
2008-08-21 00:00:00,89.40999999999995
2008-08-22 00:00:00,89.35999999999994
2008-08-25 00:00:00,89.40999999999995
2008-08-26 00:00:00,89.43999999999994
2008-08-27 00:00:00,89.45999999999995
2008-08-28 00:00:00,89.45999999999995
2008-08-29 00:00:00,89.45999999999995
2008-09-02 00:00:00,89.53999999999995
2008-09-03 00:00:00,89.59999999999995
2008-09-04 00:00:00,89.69999999999995
2008-09-05 00:00:00,89.65999999999995
2008-09-08 00:00:00,89.73999999999995
2008-09-09 00:00:00,89.77999999999994
2008-09-10 00:00:00,89.73999999999995
2008-09-11 00:00:00,89.77999999999994
2008-09-12 00:00:00,89.67999999999995
2008-09-15 00:00:00,89.93999999999994
2008-09-16 00:00:00,89.87999999999994
2008-09-17 00:00:00,89.91999999999993
2008-09-18 00:00:00,89.85999999999993
2008-09-19 00:00:00,89.47999999999993
2008-09-22 00:00:00,89.39999999999993
2008-09-23 00:00:00,89.35999999999993
2008-09-24 00:00:00,89.44999999999993
2008-09-25 00:00:00,89.34999999999994
2008-09-26 00:00:00,89.37999999999994
2008-09-29 00:00:00,89.67999999999994
2008-09-30 00:00:00,89.40999999999994
2008-10-01 00:00:00,89.48999999999994
2008-10-02 00:00:00,89.63999999999993
2008-10-03 00:00:00,89.64999999999993
2008-10-06 00:00:00,89.90999999999994
2008-10-07 00:00:00,89.83999999999993
2008-10-08 00:00:00,89.57999999999994
2008-10-09 00:00:00,89.33999999999993
2008-10-10 00:00:00,89.30999999999993
2008-10-13 00:00:00,89.05999999999993
2008-10-14 00:00:00,89.06999999999994
2008-10-15 00:00:00,89.09999999999994
2008-10-16 00:00:00,89.17999999999994
2008-10-17 00:00:00,89.19999999999993
2008-10-20 00:00:00,89.33999999999993
2008-10-21 00:00:00,89.66999999999993
2008-10-22 00:00:00,89.74999999999993
2008-10-23 00:00:00,89.79999999999994
2008-10-24 00:00:00,89.51999999999994
2008-10-27 00:00:00,89.41999999999993
2008-10-28 00:00:00,89.27999999999993
2008-10-29 00:00:00,89.29999999999994
2008-10-30 00:00:00,89.28999999999994
2008-10-31 00:00:00,89.30999999999993
2008-11-03 00:00:00,89.31999999999994
2008-11-04 00:00:00,89.53999999999994
2008-11-05 00:00:00,89.60999999999993
2008-11-06 00:00:00,89.55999999999993
2008-11-07 00:00:00,89.49999999999993
2008-11-10 00:00:00,89.54999999999994
2008-11-11 00:00:00,89.54999999999994
2008-11-12 00:00:00,89.75999999999993
2008-11-13 00:00:00,89.68999999999994
2008-11-14 00:00:00,89.75999999999993
2008-11-17 00:00:00,89.81999999999994
2008-11-18 00:00:00,89.99999999999993
2008-11-19 00:00:00,90.26999999999994
2008-11-20 00:00:00,90.51999999999994
2008-11-21 00:00:00,90.29999999999994
2008-11-24 00:00:00,90.09999999999994
2008-11-25 00:00:00,90.49999999999993
2008-11-26 00:00:00,90.57999999999994
2008-11-28 00:00:00,90.63999999999993
2008-12-01 00:00:00,90.91999999999993
2008-12-02 00:00:00,90.97999999999993
2008-12-03 00:00:00,90.96999999999994
2008-12-04 00:00:00,90.97999999999993
2008-12-05 00:00:00,90.93999999999994
2008-12-08 00:00:00,90.85999999999993
2008-12-09 00:00:00,90.89999999999993
2008-12-10 00:00:00,90.94999999999993
2008-12-11 00:00:00,91.05999999999993
2008-12-12 00:00:00,91.13999999999993
2008-12-15 00:00:00,91.15999999999994
2008-12-16 00:00:00,91.47999999999995
2008-12-17 00:00:00,91.59999999999995
2008-12-18 00:00:00,91.67999999999995
2008-12-19 00:00:00,91.57999999999994
2008-12-22 00:00:00,91.48999999999995
2008-12-23 00:00:00,91.51999999999994
2008-12-24 00:00:00,91.44999999999995
2008-12-26 00:00:00,91.45999999999995
2008-12-29 00:00:00,91.51999999999994
2008-12-30 00:00:00,91.50999999999995
2008-12-31 00:00:00,91.47999999999995
2009-01-02 00:00:00,91.21999999999994
2009-01-05 00:00:00,91.18999999999994
2009-01-06 00:00:00,91.27999999999994
2009-01-07 00:00:00,91.35999999999994
2009-01-08 00:00:00,91.43999999999994
2009-01-09 00:00:00,91.47999999999995
2009-01-12 00:00:00,91.54999999999994
2009-01-13 00:00:00,91.56999999999995
2009-01-14 00:00:00,91.67999999999995
2009-01-15 00:00:00,91.66999999999994
2009-01-16 00:00:00,91.57999999999994
2009-01-20 00:00:00,91.53999999999995
2009-01-21 00:00:00,91.35999999999994
2009-01-22 00:00:00,91.27999999999994
2009-01-23 00:00:00,91.21999999999994
2009-01-26 00:00:00,91.15999999999994
2009-01-27 00:00:00,91.25999999999995
2009-01-28 00:00:00,91.13999999999994
2009-01-29 00:00:00,90.93999999999994
2009-01-30 00:00:00,90.93999999999994
2009-02-02 00:00:00,91.05999999999995
2009-02-03 00:00:00,90.91999999999994
2009-02-04 00:00:00,90.85999999999994
2009-02-05 00:00:00,90.86999999999995
2009-02-06 00:00:00,90.77999999999994
2009-02-09 00:00:00,90.69999999999995
2009-02-10 00:00:00,90.88999999999994
2009-02-11 00:00:00,90.98999999999995
2009-02-12 00:00:00,91.03999999999995
2009-02-13 00:00:00,90.85999999999994
2009-02-17 00:00:00,91.03999999999995
2009-02-18 00:00:00,90.98999999999995
2009-02-19 00:00:00,90.91999999999994
2009-02-20 00:00:00,90.99999999999994
2009-02-23 00:00:00,90.97999999999995
2009-02-24 00:00:00,90.93999999999994
2009-02-25 00:00:00,90.73999999999995
2009-02-26 00:00:00,90.68999999999994
2009-02-27 00:00:00,90.67999999999995
2009-03-02 00:00:00,90.81999999999995
2009-03-03 00:00:00,90.82999999999994
2009-03-04 00:00:00,90.72999999999995
2009-03-05 00:00:00,90.95999999999995
2009-03-06 00:00:00,90.93999999999994
2009-03-09 00:00:00,90.89999999999995
2009-03-10 00:00:00,90.81999999999995
2009-03-11 00:00:00,90.91999999999994
2009-03-12 00:00:00,90.99999999999994
2009-03-13 00:00:00,90.97999999999995
2009-03-16 00:00:00,90.95999999999995
2009-03-17 00:00:00,90.88999999999996
2009-03-18 00:00:00,91.21999999999996
2009-03-19 00:00:00,91.22999999999996
2009-03-20 00:00:00,91.22999999999996
2009-03-23 00:00:00,91.22999999999996
2009-03-24 00:00:00,91.24999999999996
2009-03-25 00:00:00,91.16999999999996
2009-03-26 00:00:00,91.23999999999995
2009-03-27 00:00:00,91.23999999999995
2009-03-30 00:00:00,91.30999999999996
2009-03-31 00:00:00,91.32999999999996
2009-04-01 00:00:00,91.32999999999996
2009-04-02 00:00:00,91.24999999999996
2009-04-03 00:00:00,91.06999999999995
2009-04-06 00:00:00,91.01999999999995
2009-04-07 00:00:00,91.02999999999996
2009-04-08 00:00:00,91.08999999999996
2009-04-09 00:00:00,91.01999999999995
2009-04-13 00:00:00,91.10999999999996
2009-04-14 00:00:00,91.19999999999996
2009-04-15 00:00:00,91.26999999999995
2009-04-16 00:00:00,91.20999999999995
2009-04-17 00:00:00,91.03999999999995
2009-04-20 00:00:00,91.09999999999995
2009-04-21 00:00:00,91.03999999999995
2009-04-22 00:00:00,90.98999999999995
2009-04-23 00:00:00,91.02999999999996
2009-04-24 00:00:00,90.94999999999996
2009-04-27 00:00:00,91.04999999999995
2009-04-28 00:00:00,90.98999999999995
2009-04-29 00:00:00,90.85999999999996
2009-04-30 00:00:00,90.82999999999996
2009-05-01 00:00:00,90.76999999999995
2009-05-04 00:00:00,90.74999999999996
2009-05-05 00:00:00,90.78999999999995
2009-05-06 00:00:00,90.82999999999996
2009-05-07 00:00:00,90.67999999999995
2009-05-08 00:00:00,90.67999999999995
2009-05-11 00:00:00,90.82999999999996
2009-05-12 00:00:00,90.86999999999996
2009-05-13 00:00:00,90.96999999999996
2009-05-14 00:00:00,90.92999999999995
2009-05-15 00:00:00,90.90999999999995
2009-05-18 00:00:00,90.80999999999996
2009-05-19 00:00:00,90.80999999999996
2009-05-20 00:00:00,90.84999999999995
2009-05-21 00:00:00,90.69999999999996
2009-05-22 00:00:00,90.53999999999995
2009-05-26 00:00:00,90.46999999999996
2009-05-27 00:00:00,90.19999999999996
2009-05-28 00:00:00,90.12999999999995
2009-05-29 00:00:00,90.40999999999995
2009-06-01 00:00:00,90.01999999999995
2009-06-02 00:00:00,90.06999999999995
2009-06-03 00:00:00,90.20999999999995
2009-06-04 00:00:00,90.02999999999996
2009-06-05 00:00:00,89.73999999999995
2009-06-08 00:00:00,89.55999999999996
2009-06-09 00:00:00,89.66999999999996
2009-06-10 00:00:00,89.56999999999995
2009-06-11 00:00:00,89.67999999999995
2009-06-12 00:00:00,89.84999999999995
2009-06-15 00:00:00,90.00999999999995
2009-06-16 00:00:00,90.06999999999995
2009-06-17 00:00:00,90.14999999999995
2009-06-18 00:00:00,89.84999999999995
2009-06-19 00:00:00,89.90999999999995
2009-06-22 00:00:00,89.98999999999995
2009-06-23 00:00:00,90.01999999999995
2009-06-24 00:00:00,90.00999999999995
2009-06-25 00:00:00,90.19999999999995
2009-06-26 00:00:00,90.30999999999995
2009-06-29 00:00:00,90.32999999999996
2009-06-30 00:00:00,90.25999999999995
2009-07-01 00:00:00,90.29999999999995
2009-07-02 00:00:00,90.38999999999996
2009-07-06 00:00:00,90.42999999999995
2009-07-07 00:00:00,90.46999999999996
2009-07-08 00:00:00,90.68999999999996
2009-07-09 00:00:00,90.54999999999995
2009-07-10 00:00:00,90.66999999999994
2009-07-13 00:00:00,90.60999999999996
2009-07-14 00:00:00,90.43999999999996
2009-07-15 00:00:00,90.18999999999996
2009-07-16 00:00:00,90.26999999999995
2009-07-17 00:00:00,90.14999999999995
2009-07-20 00:00:00,90.26999999999995
2009-07-21 00:00:00,90.43999999999996
2009-07-22 00:00:00,90.35999999999996
2009-07-23 00:00:00,90.14999999999995
2009-07-24 00:00:00,90.20999999999995
2009-07-27 00:00:00,90.17999999999995
2009-07-28 00:00:00,90.19999999999995
2009-07-29 00:00:00,90.19999999999995
2009-07-30 00:00:00,90.20999999999995
2009-07-31 00:00:00,90.40999999999995
2009-08-03 00:00:00,90.20999999999995
2009-08-04 00:00:00,90.16999999999994
2009-08-05 00:00:00,90.07999999999996
2009-08-06 00:00:00,90.10999999999996
2009-08-07 00:00:00,89.92999999999995
2009-08-10 00:00:00,90.04999999999995
2009-08-11 00:00:00,90.15999999999995
2009-08-12 00:00:00,90.20999999999995
2009-08-13 00:00:00,90.37999999999995
2009-08-14 00:00:00,90.43999999999996
2009-08-17 00:00:00,90.52999999999996
2009-08-18 00:00:00,90.40999999999995
2009-08-19 00:00:00,90.44999999999995
2009-08-20 00:00:00,90.49999999999996
2009-08-21 00:00:00,90.34999999999995
2009-08-24 00:00:00,90.38999999999996
2009-08-25 00:00:00,90.44999999999995
2009-08-26 00:00:00,90.46999999999996
2009-08-27 00:00:00,90.46999999999996
2009-08-28 00:00:00,90.47999999999995
2009-08-31 00:00:00,90.56999999999995
2009-09-01 00:00:00,90.62999999999995
2009-09-02 00:00:00,90.72999999999995
2009-09-03 00:00:00,90.70999999999995
2009-09-04 00:00:00,90.58999999999995
2009-09-08 00:00:00,90.56999999999995
2009-09-09 00:00:00,90.57999999999996
2009-09-10 00:00:00,90.70999999999995
2009-09-11 00:00:00,90.70999999999995
2009-09-14 00:00:00,90.60999999999996
2009-09-15 00:00:00,90.52999999999996
2009-09-16 00:00:00,90.49999999999996
2009-09-17 00:00:00,90.60999999999996
2009-09-18 00:00:00,90.50999999999996
2009-09-21 00:00:00,90.46999999999996
2009-09-22 00:00:00,90.52999999999996
2009-09-23 00:00:00,90.57999999999996
2009-09-24 00:00:00,90.66999999999996
2009-09-25 00:00:00,90.72999999999996
2009-09-28 00:00:00,90.78999999999996
2009-09-29 00:00:00,90.78999999999996
2009-09-30 00:00:00,90.78999999999996
2009-10-01 00:00:00,90.92999999999996
2009-10-02 00:00:00,90.88999999999996
2009-10-05 00:00:00,90.86999999999996
2009-10-06 00:00:00,90.82999999999996
2009-10-07 00:00:00,90.92999999999996
2009-10-08 00:00:00,90.86999999999996
2009-10-09 00:00:00,90.72999999999996
2009-10-12 00:00:00,90.75999999999996
2009-10-13 00:00:00,90.81999999999996
2009-10-14 00:00:00,90.71999999999996
2009-10-15 00:00:00,90.66999999999996
2009-10-16 00:00:00,90.70999999999997
2009-10-19 00:00:00,90.73999999999995
2009-10-20 00:00:00,90.81999999999996
2009-10-21 00:00:00,90.73999999999995
2009-10-22 00:00:00,90.72999999999996
2009-10-23 00:00:00,90.65999999999995
2009-10-26 00:00:00,90.56999999999996
2009-10-27 00:00:00,90.68999999999996
2009-10-28 00:00:00,90.76999999999995
2009-10-29 00:00:00,90.68999999999996
2009-10-30 00:00:00,90.80999999999996
2009-11-02 00:00:00,90.78999999999996
2009-11-03 00:00:00,90.71999999999996
2009-11-04 00:00:00,90.68999999999996
2009-11-05 00:00:00,90.72999999999996
2009-11-06 00:00:00,90.79999999999995
2009-11-09 00:00:00,90.82999999999996
2009-11-10 00:00:00,90.84999999999995
2009-11-11 00:00:00,90.92999999999996
2009-11-12 00:00:00,90.92999999999996
2009-11-13 00:00:00,90.92999999999996
2009-11-16 00:00:00,91.06999999999996
2009-11-17 00:00:00,91.08999999999996
2009-11-18 00:00:00,91.04999999999995
2009-11-19 00:00:00,91.06999999999996
2009-11-20 00:00:00,91.02999999999996
2009-11-23 00:00:00,91.02999999999996
2009-11-24 00:00:00,91.12999999999995
2009-11-25 00:00:00,91.16999999999996
2009-11-27 00:00:00,91.26999999999995
2009-11-30 00:00:00,91.28999999999996
2009-12-01 00:00:00,91.24999999999996
2009-12-02 00:00:00,91.18999999999996
2009-12-03 00:00:00,91.10999999999996
2009-12-04 00:00:00,90.95999999999997
2009-12-07 00:00:00,91.00999999999996
2009-12-08 00:00:00,91.10999999999996
2009-12-09 00:00:00,91.08999999999996
2009-12-10 00:00:00,91.04999999999995
2009-12-11 00:00:00,90.96999999999996
2009-12-14 00:00:00,90.88999999999996
2009-12-15 00:00:00,90.80999999999996
2009-12-16 00:00:00,90.82999999999997
2009-12-17 00:00:00,90.94999999999996
2009-12-18 00:00:00,90.88999999999997
2009-12-21 00:00:00,90.71999999999997
2009-12-22 00:00:00,90.63999999999997
2009-12-23 00:00:00,90.63999999999997
2009-12-24 00:00:00,90.58999999999996
2009-12-28 00:00:00,90.50999999999996
2009-12-29 00:00:00,90.54999999999997
2009-12-30 00:00:00,90.60999999999997
2009-12-31 00:00:00,90.56999999999996
2010-01-04 00:00:00,90.58999999999996
2010-01-05 00:00:00,90.70999999999997
2010-01-06 00:00:00,90.65999999999997
2010-01-07 00:00:00,90.60999999999997
2010-01-08 00:00:00,90.64999999999996
2010-01-11 00:00:00,90.64999999999996
2010-01-12 00:00:00,90.76999999999997
2010-01-13 00:00:00,90.72999999999996
2010-01-14 00:00:00,90.79999999999997
2010-01-15 00:00:00,90.86999999999996
2010-01-19 00:00:00,90.82999999999997
2010-01-20 00:00:00,90.86999999999996
2010-01-21 00:00:00,90.94999999999996
2010-01-22 00:00:00,90.94999999999996
2010-01-25 00:00:00,90.92999999999996
2010-01-26 00:00:00,90.92999999999996
2010-01-27 00:00:00,90.89999999999996
2010-01-28 00:00:00,90.89999999999996
2010-01-29 00:00:00,90.96999999999997
2010-02-01 00:00:00,90.92999999999996
2010-02-02 00:00:00,90.94999999999996
2010-02-03 00:00:00,90.90999999999997
2010-02-04 00:00:00,91.02999999999996
2010-02-05 00:00:00,91.12999999999997
2010-02-08 00:00:00,91.08999999999996
2010-02-09 00:00:00,91.02999999999996
2010-02-10 00:00:00,90.94999999999996
2010-02-11 00:00:00,90.94999999999996
2010-02-12 00:00:00,90.99999999999997
2010-02-16 00:00:00,91.03999999999996
2010-02-17 00:00:00,90.93999999999997
2010-02-18 00:00:00,90.86999999999996
2010-02-19 00:00:00,90.84999999999997
2010-02-22 00:00:00,90.86999999999996
2010-02-23 00:00:00,90.98999999999997
2010-02-24 00:00:00,90.98999999999997
2010-02-25 00:00:00,91.08999999999996
2010-02-26 00:00:00,91.15999999999997
2010-03-01 00:00:00,91.14999999999996
2010-03-02 00:00:00,91.16999999999996
2010-03-03 00:00:00,91.19999999999996
2010-03-04 00:00:00,91.22999999999996
2010-03-05 00:00:00,91.16999999999996
2010-03-08 00:00:00,91.13999999999997
2010-03-09 00:00:00,91.14999999999996
2010-03-10 00:00:00,91.13999999999997
2010-03-11 00:00:00,91.10999999999997
2010-03-12 00:00:00,91.10999999999997
2010-03-15 00:00:00,91.11999999999996
2010-03-16 00:00:00,91.16999999999997
2010-03-17 00:00:00,91.17999999999996
2010-03-18 00:00:00,91.15999999999997
2010-03-19 00:00:00,91.11999999999996
2010-03-22 00:00:00,91.16999999999997
2010-03-23 00:00:00,91.22999999999996
2010-03-24 00:00:00,91.12999999999997
2010-03-25 00:00:00,91.04999999999997
2010-03-26 00:00:00,91.08999999999997
2010-03-29 00:00:00,91.06999999999996
2010-03-30 00:00:00,91.04999999999997
2010-03-31 00:00:00,91.06999999999996
2010-04-01 00:00:00,91.00999999999996
2010-04-02 00:00:00,90.88999999999997
2010-04-05 00:00:00,90.78999999999996
2010-04-06 00:00:00,90.88999999999997
2010-04-07 00:00:00,91.00999999999996
2010-04-08 00:00:00,90.98999999999997
2010-04-09 00:00:00,90.98999999999997
2010-04-12 00:00:00,91.06999999999996
2010-04-13 00:00:00,91.14999999999996
2010-04-14 00:00:00,91.08999999999997
2010-04-15 00:00:00,91.10999999999997
2010-04-16 00:00:00,91.20999999999997
2010-04-19 00:00:00,91.13999999999997
2010-04-20 00:00:00,91.13999999999997
2010-04-21 00:00:00,91.21999999999997
2010-04-22 00:00:00,91.16999999999997
2010-04-23 00:00:00,91.10999999999997
2010-04-26 00:00:00,91.12999999999997
2010-04-27 00:00:00,91.28999999999996
2010-04-28 00:00:00,91.19999999999997
2010-04-29 00:00:00,91.26999999999997
2010-04-30 00:00:00,91.35999999999997
2010-05-03 00:00:00,91.26999999999997
2010-05-04 00:00:00,91.34999999999997
2010-05-05 00:00:00,91.45999999999997
2010-05-06 00:00:00,91.66999999999997
2010-05-07 00:00:00,91.62999999999997
2010-05-10 00:00:00,91.49999999999997
2010-05-11 00:00:00,91.48999999999997
2010-05-12 00:00:00,91.46999999999997
2010-05-13 00:00:00,91.48999999999997
2010-05-14 00:00:00,91.62999999999997
2010-05-17 00:00:00,91.61999999999996
2010-05-18 00:00:00,91.70999999999997
2010-05-19 00:00:00,91.72999999999996
2010-05-20 00:00:00,91.85999999999997
2010-05-21 00:00:00,91.97999999999996
2010-05-24 00:00:00,91.90999999999997
2010-05-25 00:00:00,91.92999999999996
2010-05-26 00:00:00,91.85999999999997
2010-05-27 00:00:00,91.69999999999997
2010-05-28 00:00:00,91.74999999999997
2010-06-01 00:00:00,91.75999999999996
2010-06-02 00:00:00,91.70999999999997
2010-06-03 00:00:00,91.66999999999997
2010-06-04 00:00:00,91.86999999999996
2010-06-07 00:00:00,91.90999999999997
2010-06-08 00:00:00,91.89999999999996
2010-06-09 00:00:00,91.90999999999997
2010-06-10 00:00:00,91.78999999999996
2010-06-11 00:00:00,91.87999999999997
2010-06-14 00:00:00,91.84999999999997
2010-06-15 00:00:00,91.82999999999997
2010-06-16 00:00:00,91.85999999999997
2010-06-17 00:00:00,91.98999999999998
2010-06-18 00:00:00,91.97999999999998
2010-06-21 00:00:00,91.99999999999997
2010-06-22 00:00:00,92.07999999999997
2010-06-23 00:00:00,92.09999999999998
2010-06-24 00:00:00,92.11999999999998
2010-06-25 00:00:00,92.12999999999998
2010-06-28 00:00:00,92.23999999999998
2010-06-29 00:00:00,92.30999999999997
2010-06-30 00:00:00,92.29999999999998
2010-07-01 00:00:00,92.33999999999997
2010-07-02 00:00:00,92.29999999999998
2010-07-06 00:00:00,92.34999999999998
2010-07-07 00:00:00,92.35999999999997
2010-07-08 00:00:00,92.33999999999997
2010-07-09 00:00:00,92.25999999999998
2010-07-12 00:00:00,92.24999999999997
2010-07-13 00:00:00,92.19999999999997
2010-07-14 00:00:00,92.28999999999998
2010-07-15 00:00:00,92.42999999999998
2010-07-16 00:00:00,92.53999999999998
2010-07-19 00:00:00,92.51999999999998
2010-07-20 00:00:00,92.55999999999997
2010-07-21 00:00:00,92.61999999999998
2010-07-22 00:00:00,92.60999999999997
2010-07-23 00:00:00,92.51999999999998
2010-07-26 00:00:00,92.51999999999998
2010-07-27 00:00:00,92.46999999999997
2010-07-28 00:00:00,92.57999999999997
2010-07-29 00:00:00,92.65999999999998
2010-07-30 00:00:00,92.77999999999997
2010-08-02 00:00:00,92.75999999999998
2010-08-03 00:00:00,92.86999999999998
2010-08-04 00:00:00,92.77999999999997
2010-08-05 00:00:00,92.79999999999998
2010-08-06 00:00:00,92.85999999999997
2010-08-09 00:00:00,92.85999999999997
2010-08-10 00:00:00,92.91999999999997
2010-08-11 00:00:00,92.99999999999997
2010-08-12 00:00:00,92.93999999999997
2010-08-13 00:00:00,92.91999999999997
2010-08-16 00:00:00,93.01999999999998
2010-08-17 00:00:00,92.95999999999998
2010-08-18 00:00:00,92.92999999999998
2010-08-19 00:00:00,92.99999999999997
2010-08-20 00:00:00,92.93999999999997
2010-08-23 00:00:00,92.94999999999997
2010-08-24 00:00:00,93.09999999999998
2010-08-25 00:00:00,93.04999999999998
2010-08-26 00:00:00,93.05999999999997
2010-08-27 00:00:00,92.89999999999998
2010-08-30 00:00:00,93.01999999999998
2010-08-31 00:00:00,93.09999999999998
2010-09-01 00:00:00,93.03999999999998
2010-09-02 00:00:00,92.99999999999997
2010-09-03 00:00:00,92.95999999999998
2010-09-07 00:00:00,93.07999999999997
2010-09-08 00:00:00,93.03999999999998
2010-09-09 00:00:00,92.88999999999997
2010-09-10 00:00:00,92.85999999999997
2010-09-13 00:00:00,92.95999999999998
2010-09-14 00:00:00,93.05999999999997
2010-09-15 00:00:00,93.01999999999998
2010-09-16 00:00:00,92.97999999999998
2010-09-17 00:00:00,92.97999999999998
2010-09-20 00:00:00,93.01999999999998
2010-09-21 00:00:00,93.15999999999998
2010-09-22 00:00:00,93.17999999999998
2010-09-23 00:00:00,93.17999999999998
2010-09-24 00:00:00,93.13999999999997
2010-09-27 00:00:00,93.25999999999998
2010-09-28 00:00:00,93.36999999999998
2010-09-29 00:00:00,93.29999999999998
2010-09-30 00:00:00,93.25999999999998
2010-10-01 00:00:00,93.24999999999999
2010-10-04 00:00:00,93.30999999999997
2010-10-05 00:00:00,93.30999999999997
2010-10-06 00:00:00,93.35999999999999
2010-10-07 00:00:00,93.41999999999997
2010-10-08 00:00:00,93.49999999999999
2010-10-11 00:00:00,93.49999999999999
2010-10-12 00:00:00,93.47999999999998
2010-10-13 00:00:00,93.49999999999999
2010-10-14 00:00:00,93.42999999999998
2010-10-15 00:00:00,93.41999999999997
2010-10-18 00:00:00,93.53999999999998
2010-10-19 00:00:00,93.59999999999998
2010-10-20 00:00:00,93.59999999999998
2010-10-21 00:00:00,93.55999999999997
2010-10-22 00:00:00,93.50999999999998
2010-10-25 00:00:00,93.47999999999998
2010-10-26 00:00:00,93.35999999999999
2010-10-27 00:00:00,93.25999999999998
2010-10-28 00:00:00,93.37999999999998
2010-10-29 00:00:00,93.45999999999998
2010-11-01 00:00:00,93.47999999999998
2010-11-02 00:00:00,93.46999999999998
2010-11-03 00:00:00,93.49999999999999
2010-11-04 00:00:00,93.66999999999997
2010-11-05 00:00:00,93.61999999999998
2010-11-08 00:00:00,93.57999999999998
2010-11-09 00:00:00,93.37999999999998
2010-11-10 00:00:00,93.41999999999997
2010-11-11 00:00:00,93.29999999999998
2010-11-12 00:00:00,93.23999999999998
2010-11-15 00:00:00,93.05999999999997
2010-11-16 00:00:00,93.07999999999998
2010-11-17 00:00:00,93.11999999999998
2010-11-18 00:00:00,93.09999999999998
2010-11-19 00:00:00,93.03999999999998
2010-11-22 00:00:00,93.20999999999998
2010-11-23 00:00:00,93.27999999999997
2010-11-24 00:00:00,93.09999999999998
2010-11-26 00:00:00,93.10999999999999
2010-11-29 00:00:00,93.13999999999997
2010-11-30 00:00:00,93.17999999999998
2010-12-01 00:00:00,92.95999999999998
2010-12-02 00:00:00,92.85999999999999
2010-12-03 00:00:00,92.91999999999997
2010-12-06 00:00:00,93.05999999999997
2010-12-07 00:00:00,92.79999999999998
2010-12-08 00:00:00,92.65999999999998
2010-12-09 00:00:00,92.62999999999998
2010-12-10 00:00:00,92.51999999999998
2010-12-13 00:00:00,92.57999999999998
2010-12-14 00:00:00,92.36999999999998
2010-12-15 00:00:00,92.27999999999997
2010-12-16 00:00:00,92.30999999999997
2010-12-17 00:00:00,92.49999999999997
2010-12-20 00:00:00,92.54999999999997
2010-12-21 00:00:00,92.55999999999997
2010-12-22 00:00:00,92.49999999999997
2010-12-23 00:00:00,92.41999999999997
2010-12-27 00:00:00,92.43999999999997
2010-12-28 00:00:00,92.29999999999997
2010-12-29 00:00:00,92.46999999999997
2010-12-30 00:00:00,92.41999999999997
2010-12-31 00:00:00,92.45999999999997
2011-01-03 00:00:00,92.44999999999997
2011-01-04 00:00:00,92.49999999999997
2011-01-05 00:00:00,92.30999999999997
2011-01-06 00:00:00,92.39999999999996
2011-01-07 00:00:00,92.54999999999997
2011-01-10 00:00:00,92.55999999999997
2011-01-11 00:00:00,92.52999999999997
2011-01-12 00:00:00,92.52999999999997
2011-01-13 00:00:00,92.61999999999998
2011-01-14 00:00:00,92.57999999999997
2011-01-18 00:00:00,92.55999999999997
2011-01-19 00:00:00,92.58999999999997
2011-01-20 00:00:00,92.44999999999997
2011-01-21 00:00:00,92.48999999999997
2011-01-24 00:00:00,92.48999999999997
2011-01-25 00:00:00,92.56999999999996
2011-01-26 00:00:00,92.47999999999998
2011-01-27 00:00:00,92.51999999999997
2011-01-28 00:00:00,92.57999999999997
2011-01-31 00:00:00,92.55999999999997
2011-02-01 00:00:00,92.46999999999997
2011-02-02 00:00:00,92.34999999999997
2011-02-03 00:00:00,92.24999999999997
2011-02-04 00:00:00,92.11999999999998
2011-02-07 00:00:00,92.11999999999998
2011-02-08 00:00:00,91.99999999999997
2011-02-09 00:00:00,92.04999999999997
2011-02-10 00:00:00,91.97999999999998
2011-02-11 00:00:00,92.01999999999997
2011-02-14 00:00:00,92.05999999999997
2011-02-15 00:00:00,92.09999999999997
2011-02-16 00:00:00,92.07999999999997
2011-02-17 00:00:00,92.17999999999996
2011-02-18 00:00:00,92.17999999999996
2011-02-22 00:00:00,92.33999999999997
2011-02-23 00:00:00,92.27999999999997
2011-02-24 00:00:00,92.30999999999997
2011-02-25 00:00:00,92.32999999999997
2011-02-28 00:00:00,92.37999999999997
2011-03-01 00:00:00,92.37999999999997
2011-03-02 00:00:00,92.33999999999997
2011-03-03 00:00:00,92.17999999999996
2011-03-04 00:00:00,92.31999999999996
2011-03-07 00:00:00,92.33999999999997
2011-03-08 00:00:00,92.31999999999996
2011-03-09 00:00:00,92.39999999999996
2011-03-10 00:00:00,92.51999999999997
2011-03-11 00:00:00,92.54999999999997
2011-03-14 00:00:00,92.62999999999997
2011-03-15 00:00:00,92.63999999999997
2011-03-16 00:00:00,92.78999999999998
2011-03-17 00:00:00,92.74999999999997
2011-03-18 00:00:00,92.69999999999997
2011-03-21 00:00:00,92.59999999999998
2011-03-22 00:00:00,92.56999999999998
2011-03-23 00:00:00,92.56999999999998
2011-03-24 00:00:00,92.48999999999998
2011-03-25 00:00:00,92.41999999999997
2011-03-28 00:00:00,92.38999999999997
2011-03-29 00:00:00,92.32999999999997
2011-03-30 00:00:00,92.39999999999998
2011-03-31 00:00:00,92.36999999999998
2011-04-01 00:00:00,92.35999999999997
2011-04-04 00:00:00,92.40999999999997
2011-04-05 00:00:00,92.30999999999997
2011-04-06 00:00:00,92.24999999999997
2011-04-07 00:00:00,92.28999999999998
2011-04-08 00:00:00,92.27999999999997
2011-04-11 00:00:00,92.27999999999997
2011-04-12 00:00:00,92.38999999999997
2011-04-13 00:00:00,92.44999999999997
2011-04-14 00:00:00,92.41999999999997
2011-04-15 00:00:00,92.52999999999997
2011-04-18 00:00:00,92.62999999999997
2011-04-19 00:00:00,92.62999999999997
2011-04-20 00:00:00,92.54999999999997
2011-04-21 00:00:00,92.52999999999997
2011-04-25 00:00:00,92.58999999999997
2011-04-26 00:00:00,92.66999999999997
2011-04-27 00:00:00,92.64999999999998
2011-04-28 00:00:00,92.76999999999997
2011-04-29 00:00:00,92.79999999999997
2011-05-02 00:00:00,92.80999999999997
2011-05-03 00:00:00,92.82999999999997
2011-05-04 00:00:00,92.84999999999998
2011-05-05 00:00:00,92.91999999999997
2011-05-06 00:00:00,92.94999999999997
2011-05-09 00:00:00,92.97999999999998
2011-05-10 00:00:00,92.90999999999997
2011-05-11 00:00:00,92.96999999999997
2011-05-12 00:00:00,92.90999999999997
2011-05-13 00:00:00,92.94999999999997
2011-05-16 00:00:00,93.00999999999998
2011-05-17 00:00:00,93.04999999999997
2011-05-18 00:00:00,92.96999999999997
2011-05-19 00:00:00,92.96999999999997
2011-05-20 00:00:00,93.00999999999998
2011-05-23 00:00:00,93.02999999999997
2011-05-24 00:00:00,93.02999999999997
2011-05-25 00:00:00,93.06999999999998
2011-05-26 00:00:00,93.16999999999997
2011-05-27 00:00:00,93.15999999999997
2011-05-31 00:00:00,93.19999999999997
2011-06-01 00:00:00,93.32999999999997
2011-06-02 00:00:00,93.27999999999997
2011-06-03 00:00:00,93.30999999999997
2011-06-06 00:00:00,93.32999999999997
2011-06-07 00:00:00,93.34999999999998
2011-06-08 00:00:00,93.46999999999997
2011-06-09 00:00:00,93.40999999999997
2011-06-10 00:00:00,93.42999999999998
2011-06-13 00:00:00,93.38999999999997
2011-06-14 00:00:00,93.24999999999997
2011-06-15 00:00:00,93.38999999999997
2011-06-16 00:00:00,93.42999999999996
2011-06-17 00:00:00,93.41999999999997
2011-06-20 00:00:00,93.40999999999997
2011-06-21 00:00:00,93.38999999999997
2011-06-22 00:00:00,93.39999999999996
2011-06-23 00:00:00,93.52999999999997
2011-06-24 00:00:00,93.58999999999997
2011-06-27 00:00:00,93.55999999999997
2011-06-28 00:00:00,93.36999999999996
2011-06-29 00:00:00,93.28999999999996
2011-06-30 00:00:00,93.16999999999997
2011-07-01 00:00:00,93.08999999999997
2011-07-05 00:00:00,93.22999999999998
2011-07-06 00:00:00,93.28999999999996
2011-07-07 00:00:00,93.18999999999997
2011-07-08 00:00:00,93.40999999999997
2011-07-11 00:00:00,93.49999999999997
2011-07-12 00:00:00,93.52999999999997
2011-07-13 00:00:00,93.57999999999997
2011-07-14 00:00:00,93.52999999999997
2011-07-15 00:00:00,93.58999999999997
2011-07-18 00:00:00,93.62999999999997
2011-07-19 00:00:00,93.60999999999997
2011-07-20 00:00:00,93.56999999999996
2011-07-21 00:00:00,93.50999999999996
2011-07-22 00:00:00,93.58999999999997
2011-07-25 00:00:00,93.60999999999997
2011-07-26 00:00:00,93.67999999999996
2011-07-27 00:00:00,93.63999999999997
2011-07-28 00:00:00,93.66999999999997
2011-07-29 00:00:00,93.87999999999997
2011-08-01 00:00:00,93.96999999999997
2011-08-02 00:00:00,94.08999999999997
2011-08-03 00:00:00,94.09999999999997
2011-08-04 00:00:00,94.20999999999997
2011-08-05 00:00:00,94.01999999999997
2011-08-08 00:00:00,94.16999999999997
2011-08-09 00:00:00,94.35999999999997
2011-08-10 00:00:00,94.48999999999997
2011-08-11 00:00:00,94.48999999999997
2011-08-12 00:00:00,94.52999999999997
2011-08-15 00:00:00,94.50999999999996
2011-08-16 00:00:00,94.55999999999997
2011-08-17 00:00:00,94.60999999999997
2011-08-18 00:00:00,94.64999999999996
2011-08-19 00:00:00,94.60999999999997
2011-08-22 00:00:00,94.56999999999996
2011-08-23 00:00:00,94.52999999999997
2011-08-24 00:00:00,94.42999999999996
2011-08-25 00:00:00,94.43999999999997
2011-08-26 00:00:00,94.52999999999997
2011-08-29 00:00:00,94.46999999999997
2011-08-30 00:00:00,94.53999999999996
2011-08-31 00:00:00,94.54999999999997
2011-09-01 00:00:00,94.66999999999997
2011-09-02 00:00:00,94.71999999999997
2011-09-06 00:00:00,94.65999999999997
2011-09-07 00:00:00,94.64999999999996
2011-09-08 00:00:00,94.68999999999997
2011-09-09 00:00:00,94.73999999999997
2011-09-12 00:00:00,94.69999999999997
2011-09-13 00:00:00,94.65999999999997
2011-09-14 00:00:00,94.66999999999997
2011-09-15 00:00:00,94.60999999999997
2011-09-16 00:00:00,94.60999999999997
2011-09-19 00:00:00,94.73999999999997
2011-09-20 00:00:00,94.73999999999997
2011-09-21 00:00:00,94.76999999999997
2011-09-22 00:00:00,94.89999999999996
2011-09-23 00:00:00,94.78999999999996
2011-09-26 00:00:00,94.67999999999996
2011-09-27 00:00:00,94.58999999999996
2011-09-28 00:00:00,94.59999999999997
2011-09-29 00:00:00,94.60999999999997
2011-09-30 00:00:00,94.60999999999997
2011-10-03 00:00:00,94.70999999999997
2011-10-04 00:00:00,94.66999999999997
2011-10-05 00:00:00,94.55999999999997
2011-10-06 00:00:00,94.50999999999996
2011-10-07 00:00:00,94.42999999999996
2011-10-10 00:00:00,94.31999999999996
2011-10-11 00:00:00,94.31999999999996
2011-10-12 00:00:00,94.30999999999997
2011-10-13 00:00:00,94.40999999999997
2011-10-14 00:00:00,94.36999999999996
2011-10-17 00:00:00,94.42999999999996
2011-10-18 00:00:00,94.46999999999997
2011-10-19 00:00:00,94.46999999999997
2011-10-20 00:00:00,94.44999999999997
2011-10-21 00:00:00,94.44999999999997
2011-10-24 00:00:00,94.43999999999997
2011-10-25 00:00:00,94.58999999999996
2011-10-26 00:00:00,94.50999999999996
2011-10-27 00:00:00,94.37999999999997
2011-10-28 00:00:00,94.48999999999997
2011-10-31 00:00:00,94.62999999999997
2011-11-01 00:00:00,94.74999999999997
2011-11-02 00:00:00,94.79999999999997
2011-11-03 00:00:00,94.77999999999997
2011-11-04 00:00:00,94.80999999999997
2011-11-07 00:00:00,94.82999999999997
2011-11-08 00:00:00,94.76999999999997
2011-11-09 00:00:00,94.77999999999997
2011-11-10 00:00:00,94.69999999999997
2011-11-11 00:00:00,94.62999999999997
2011-11-14 00:00:00,94.67999999999996
2011-11-15 00:00:00,94.68999999999997
2011-11-16 00:00:00,94.72999999999996
2011-11-17 00:00:00,94.74999999999997
2011-11-18 00:00:00,94.72999999999996
2011-11-21 00:00:00,94.72999999999996
2011-11-22 00:00:00,94.74999999999997
2011-11-23 00:00:00,94.76999999999997
2011-11-25 00:00:00,94.72999999999996
2011-11-28 00:00:00,94.72999999999996
2011-11-29 00:00:00,94.70999999999997
2011-11-30 00:00:00,94.70999999999997
2011-12-01 00:00:00,94.64999999999996
2011-12-02 00:00:00,94.66999999999997
2011-12-05 00:00:00,94.69999999999997
2011-12-06 00:00:00,94.70999999999997
2011-12-07 00:00:00,94.82999999999997
2011-12-08 00:00:00,94.88999999999997
2011-12-09 00:00:00,94.82999999999997
2011-12-12 00:00:00,94.84999999999997
2011-12-13 00:00:00,94.84999999999997
2011-12-14 00:00:00,94.86999999999996
2011-12-15 00:00:00,94.83999999999996
2011-12-16 00:00:00,94.89999999999996
2011-12-19 00:00:00,94.88999999999996
2011-12-20 00:00:00,94.82999999999996
2011-12-21 00:00:00,94.79999999999995
2011-12-22 00:00:00,94.79999999999995
2011-12-23 00:00:00,94.70999999999997
2011-12-27 00:00:00,94.72999999999996
2011-12-28 00:00:00,94.81999999999996
2011-12-29 00:00:00,94.85999999999996
2011-12-30 00:00:00,94.89999999999996
2012-01-03 00:00:00,94.85999999999996
2012-01-04 00:00:00,94.86999999999996
2012-01-05 00:00:00,94.91999999999996
2012-01-06 00:00:00,94.96999999999996
2012-01-09 00:00:00,94.97999999999996
2012-01-10 00:00:00,94.95999999999997
2012-01-11 00:00:00,95.01999999999995
2012-01-12 00:00:00,95.02999999999996
2012-01-13 00:00:00,95.08999999999996
2012-01-17 00:00:00,95.09999999999997
2012-01-18 00:00:00,95.06999999999996
2012-01-19 00:00:00,94.99999999999996
2012-01-20 00:00:00,94.95999999999997
2012-01-23 00:00:00,94.91999999999996
2012-01-24 00:00:00,94.93999999999996
2012-01-25 00:00:00,95.11999999999996
2012-01-26 00:00:00,95.21999999999996
2012-01-27 00:00:00,95.21999999999996
2012-01-30 00:00:00,95.21999999999996
2012-01-31 00:00:00,95.26999999999995
2012-02-01 00:00:00,95.27999999999996
2012-02-02 00:00:00,95.29999999999995
2012-02-03 00:00:00,95.16999999999996
2012-02-06 00:00:00,95.19999999999996
2012-02-07 00:00:00,95.11999999999996
2012-02-08 00:00:00,95.10999999999996
2012-02-09 00:00:00,95.05999999999996
2012-02-10 00:00:00,95.12999999999995
2012-02-13 00:00:00,95.07999999999996
2012-02-14 00:00:00,95.13999999999996
2012-02-15 00:00:00,95.17999999999996
2012-02-16 00:00:00,95.08999999999996
2012-02-17 00:00:00,95.05999999999996
2012-02-21 00:00:00,94.99999999999996
2012-02-22 00:00:00,95.05999999999996
2012-02-23 00:00:00,95.05999999999996
2012-02-24 00:00:00,95.03999999999996
2012-02-27 00:00:00,95.09999999999997
2012-02-28 00:00:00,95.13999999999996
2012-02-29 00:00:00,95.08999999999996
2012-03-01 00:00:00,95.05999999999996
2012-03-02 00:00:00,95.10999999999996
2012-03-05 00:00:00,95.09999999999997
2012-03-06 00:00:00,95.13999999999996
2012-03-07 00:00:00,95.11999999999996
2012-03-08 00:00:00,95.07999999999996
2012-03-09 00:00:00,95.05999999999996
2012-03-12 00:00:00,95.06999999999996
2012-03-13 00:00:00,94.98999999999995
2012-03-14 00:00:00,94.83999999999996
2012-03-15 00:00:00,94.83999999999996
2012-03-16 00:00:00,94.81999999999996
2012-03-19 00:00:00,94.69999999999996
2012-03-20 00:00:00,94.63999999999996
2012-03-21 00:00:00,94.73999999999997
2012-03-22 00:00:00,94.78999999999996
2012-03-23 00:00:00,94.81999999999996
2012-03-26 00:00:00,94.83999999999996
2012-03-27 00:00:00,94.93999999999996
2012-03-28 00:00:00,94.92999999999996
2012-03-29 00:00:00,94.99999999999996
2012-03-30 00:00:00,94.91999999999996
2012-04-02 00:00:00,94.93999999999996
2012-04-03 00:00:00,94.81999999999996
2012-04-04 00:00:00,94.88999999999996
2012-04-05 00:00:00,94.94999999999996
2012-04-06 00:00:00,95.11999999999996
2012-04-09 00:00:00,95.13999999999996
2012-04-10 00:00:00,95.16999999999996
2012-04-11 00:00:00,95.13999999999996
2012-04-12 00:00:00,95.12999999999997
2012-04-13 00:00:00,95.16999999999996
2012-04-16 00:00:00,95.17999999999996
2012-04-17 00:00:00,95.15999999999997
2012-04-18 00:00:00,95.17999999999996
2012-04-19 00:00:00,95.19999999999996
2012-04-20 00:00:00,95.18999999999996
2012-04-23 00:00:00,95.21999999999996
2012-04-24 00:00:00,95.19999999999996
2012-04-25 00:00:00,95.17999999999996
2012-04-26 00:00:00,95.19999999999996
2012-04-27 00:00:00,95.21999999999996
2012-04-30 00:00:00,95.23999999999997
2012-05-01 00:00:00,95.21999999999996
2012-05-02 00:00:00,95.23999999999997
2012-05-03 00:00:00,95.23999999999997
2012-05-04 00:00:00,95.29999999999997
2012-05-07 00:00:00,95.30999999999996
2012-05-08 00:00:00,95.31999999999996
2012-05-09 00:00:00,95.31999999999996
2012-05-10 00:00:00,95.29999999999997
2012-05-11 00:00:00,95.33999999999996
2012-05-14 00:00:00,95.35999999999996
2012-05-15 00:00:00,95.33999999999996
2012-05-16 00:00:00,95.35999999999996
2012-05-17 00:00:00,95.38999999999996
2012-05-18 00:00:00,95.37999999999997
2012-05-21 00:00:00,95.37999999999997
2012-05-22 00:00:00,95.35999999999996
2012-05-23 00:00:00,95.38999999999996
2012-05-24 00:00:00,95.35999999999996
2012-05-25 00:00:00,95.36999999999996
2012-05-29 00:00:00,95.37999999999997
2012-05-30 00:00:00,95.45999999999997
2012-05-31 00:00:00,95.49999999999996
2012-06-01 00:00:00,95.57999999999996
2012-06-04 00:00:00,95.51999999999997
2012-06-05 00:00:00,95.53999999999996
2012-06-06 00:00:00,95.47999999999996
2012-06-07 00:00:00,95.49999999999996
2012-06-08 00:00:00,95.50999999999996
2012-06-11 00:00:00,95.53999999999996
2012-06-12 00:00:00,95.47999999999996
2012-06-13 00:00:00,95.53999999999996
2012-06-14 00:00:00,95.53999999999996
2012-06-15 00:00:00,95.59999999999997
2012-06-18 00:00:00,95.58999999999996
2012-06-19 00:00:00,95.57999999999997
2012-06-20 00:00:00,95.53999999999996
2012-06-21 00:00:00,95.53999999999996
2012-06-22 00:00:00,95.50999999999996
2012-06-25 00:00:00,95.55999999999996
2012-06-26 00:00:00,95.55999999999996
2012-06-27 00:00:00,95.57999999999997
2012-06-28 00:00:00,95.63999999999997
2012-06-29 00:00:00,95.60999999999997
2012-07-02 00:00:00,95.65999999999997
2012-07-03 00:00:00,95.64999999999996
2012-07-05 00:00:00,95.66999999999997
2012-07-06 00:00:00,95.70999999999997
2012-07-09 00:00:00,95.74999999999997
2012-07-10 00:00:00,95.75999999999996
2012-07-11 00:00:00,95.75999999999996
2012-07-12 00:00:00,95.77999999999997
2012-07-13 00:00:00,95.73999999999997
2012-07-16 00:00:00,95.78999999999996
2012-07-17 00:00:00,95.75999999999996
2012-07-18 00:00:00,95.79999999999997
2012-07-19 00:00:00,95.77999999999997
2012-07-20 00:00:00,95.81999999999996
2012-07-23 00:00:00,95.83999999999996
2012-07-24 00:00:00,95.85999999999997
2012-07-25 00:00:00,95.87999999999997
2012-07-26 00:00:00,95.85999999999997
2012-07-27 00:00:00,95.77999999999997
2012-07-30 00:00:00,95.83999999999996
2012-07-31 00:00:00,95.85999999999997
2012-08-01 00:00:00,95.79999999999997
2012-08-02 00:00:00,95.81999999999996
2012-08-03 00:00:00,95.72999999999996
2012-08-06 00:00:00,95.77999999999997
2012-08-07 00:00:00,95.70999999999997
2012-08-08 00:00:00,95.69999999999996
2012-08-09 00:00:00,95.70999999999997
2012-08-10 00:00:00,95.73999999999997
2012-08-13 00:00:00,95.74999999999997
2012-08-14 00:00:00,95.69999999999996
2012-08-15 00:00:00,95.61999999999996
2012-08-16 00:00:00,95.57999999999997
2012-08-17 00:00:00,95.59999999999997
2012-08-20 00:00:00,95.61999999999996
2012-08-21 00:00:00,95.62999999999997
2012-08-22 00:00:00,95.73999999999997
2012-08-23 00:00:00,95.77999999999997
2012-08-24 00:00:00,95.77999999999997
2012-08-27 00:00:00,95.81999999999996
2012-08-28 00:00:00,95.83999999999996
2012-08-29 00:00:00,95.81999999999996
2012-08-30 00:00:00,95.85999999999997
2012-08-31 00:00:00,95.93999999999997
2012-09-04 00:00:00,95.92999999999996
2012-09-05 00:00:00,95.93999999999997
2012-09-06 00:00:00,95.85999999999997
2012-09-07 00:00:00,95.91999999999997
2012-09-10 00:00:00,95.91999999999997
2012-09-11 00:00:00,95.90999999999997
2012-09-12 00:00:00,95.87999999999997
2012-09-13 00:00:00,95.93999999999997
2012-09-14 00:00:00,95.85999999999997
2012-09-17 00:00:00,95.84999999999997
2012-09-18 00:00:00,95.87999999999997
2012-09-19 00:00:00,95.90999999999997
2012-09-20 00:00:00,95.91999999999997
2012-09-21 00:00:00,95.93999999999997
2012-09-24 00:00:00,95.96999999999997
2012-09-25 00:00:00,95.95999999999997
2012-09-26 00:00:00,95.99999999999997
2012-09-27 00:00:00,95.98999999999997
2012-09-28 00:00:00,95.97999999999996
2012-10-01 00:00:00,96.01999999999997
2012-10-02 00:00:00,96.01999999999997
2012-10-03 00:00:00,96.03999999999996
2012-10-04 00:00:00,96.01999999999997
2012-10-05 00:00:00,95.96999999999997
2012-10-08 00:00:00,95.99999999999997
2012-10-09 00:00:00,95.97999999999996
2012-10-10 00:00:00,95.96999999999997
2012-10-11 00:00:00,95.96999999999997
2012-10-12 00:00:00,95.95999999999997
2012-10-15 00:00:00,95.94999999999996
2012-10-16 00:00:00,95.91999999999997
2012-10-17 00:00:00,95.81999999999996
2012-10-18 00:00:00,95.81999999999996
2012-10-19 00:00:00,95.85999999999997
2012-10-22 00:00:00,95.81999999999996
2012-10-23 00:00:00,95.83999999999996
2012-10-24 00:00:00,95.85999999999997
2012-10-25 00:00:00,95.77999999999997
2012-10-26 00:00:00,95.85999999999997
2012-10-29 00:00:00,95.89999999999996
2012-10-30 00:00:00,95.85999999999997
2012-10-31 00:00:00,95.91999999999997
2012-11-01 00:00:00,95.91999999999997
2012-11-02 00:00:00,95.91999999999997
2012-11-05 00:00:00,95.95999999999997
2012-11-06 00:00:00,95.87999999999997
2012-11-07 00:00:00,96.00999999999996
2012-11-08 00:00:00,96.03999999999996
2012-11-09 00:00:00,96.01999999999997
2012-11-12 00:00:00,96.01999999999997
2012-11-13 00:00:00,96.03999999999996
2012-11-14 00:00:00,96.03999999999996
2012-11-15 00:00:00,96.03999999999996
2012-11-16 00:00:00,96.03999999999996
2012-11-19 00:00:00,96.01999999999997
2012-11-20 00:00:00,95.99999999999997
2012-11-21 00:00:00,95.97999999999996
2012-11-23 00:00:00,95.97999999999996
2012-11-26 00:00:00,95.99999999999997
2012-11-27 00:00:00,96.01999999999997
2012-11-28 00:00:00,96.03999999999996
2012-11-29 00:00:00,96.05999999999997
2012-11-30 00:00:00,96.07999999999997
2012-12-03 00:00:00,96.05999999999997
2012-12-04 00:00:00,96.06999999999996
2012-12-05 00:00:00,96.07999999999997
2012-12-06 00:00:00,96.09999999999997
2012-12-07 00:00:00,96.08999999999996
2012-12-10 00:00:00,96.09999999999997
2012-12-11 00:00:00,96.07999999999997
2012-12-12 00:00:00,96.03999999999996
2012-12-13 00:00:00,95.99999999999997
2012-12-14 00:00:00,95.99999999999997
2012-12-17 00:00:00,95.95999999999998
2012-12-18 00:00:00,95.91999999999997
2012-12-19 00:00:00,95.92999999999998
2012-12-20 00:00:00,95.93999999999998
2012-12-21 00:00:00,95.96999999999997
2012-12-24 00:00:00,95.94999999999997
2012-12-26 00:00:00,95.95999999999998
2012-12-27 00:00:00,96.00999999999998
2012-12-28 00:00:00,96.00999999999998
2012-12-31 00:00:00,95.99999999999997
2013-01-02 00:00:00,95.94999999999997
2013-01-03 00:00:00,95.88999999999997
2013-01-04 00:00:00,95.86999999999998
2013-01-07 00:00:00,95.88999999999997
2013-01-08 00:00:00,95.92999999999998
2013-01-09 00:00:00,95.94999999999997
2013-01-10 00:00:00,95.88999999999997
2013-01-11 00:00:00,95.88999999999997
2013-01-14 00:00:00,95.91999999999997
2013-01-15 00:00:00,95.94999999999997
2013-01-16 00:00:00,95.96999999999997
2013-01-17 00:00:00,95.88999999999997
2013-01-18 00:00:00,95.90999999999998
2013-01-22 00:00:00,95.94999999999997
2013-01-23 00:00:00,95.94999999999997
2013-01-24 00:00:00,95.92999999999998
2013-01-25 00:00:00,95.80999999999997
2013-01-28 00:00:00,95.76999999999998
2013-01-29 00:00:00,95.75999999999998
2013-01-30 00:00:00,95.74999999999997
2013-01-31 00:00:00,95.76999999999998
2013-02-01 00:00:00,95.76999999999998
2013-02-04 00:00:00,95.78999999999998
2013-02-05 00:00:00,95.74999999999997
2013-02-06 00:00:00,95.80999999999997
2013-02-07 00:00:00,95.82999999999997
2013-02-08 00:00:00,95.82999999999997
2013-02-11 00:00:00,95.82999999999997
2013-02-12 00:00:00,95.79999999999998
2013-02-13 00:00:00,95.75999999999998
2013-02-14 00:00:00,95.80999999999997
2013-02-15 00:00:00,95.80999999999997
2013-02-19 00:00:00,95.78999999999998
2013-02-20 00:00:00,95.78999999999998
2013-02-21 00:00:00,95.84999999999998
2013-02-22 00:00:00,95.86999999999998
2013-02-25 00:00:00,95.92999999999998
2013-02-26 00:00:00,95.94999999999997
2013-02-27 00:00:00,95.93999999999998
2013-02-28 00:00:00,95.94999999999997
2013-03-01 00:00:00,95.96999999999997
2013-03-04 00:00:00,95.96999999999997
2013-03-05 00:00:00,95.93999999999998
2013-03-06 00:00:00,95.90999999999998
2013-03-07 00:00:00,95.84999999999998
2013-03-08 00:00:00,95.78999999999998
2013-03-11 00:00:00,95.78999999999998
2013-03-12 00:00:00,95.82999999999997
2013-03-13 00:00:00,95.80999999999997
2013-03-14 00:00:00,95.81999999999998
2013-03-15 00:00:00,95.87999999999998
2013-03-18 00:00:00,95.91999999999997
2013-03-19 00:00:00,95.95999999999998
2013-03-20 00:00:00,95.93999999999998
2013-03-21 00:00:00,95.92999999999998
2013-03-22 00:00:00,95.92999999999998
2013-03-25 00:00:00,95.93999999999998
2013-03-26 00:00:00,95.93999999999998
2013-03-27 00:00:00,95.99999999999997
2013-03-28 00:00:00,95.97999999999998
2013-04-01 00:00:00,95.99999999999997
2013-04-02 00:00:00,95.97999999999998
2013-04-03 00:00:00,96.01999999999998
2013-04-04 00:00:00,96.07999999999998
2013-04-05 00:00:00,96.11999999999998
2013-04-08 00:00:00,96.07999999999998
2013-04-09 00:00:00,96.07999999999998
2013-04-10 00:00:00,96.03999999999998
2013-04-11 00:00:00,96.05999999999997
2013-04-12 00:00:00,96.11999999999998
2013-04-15 00:00:00,96.12999999999998
2013-04-16 00:00:00,96.10999999999999
2013-04-17 00:00:00,96.11999999999998
2013-04-18 00:00:00,96.11999999999998
2013-04-19 00:00:00,96.10999999999999
2013-04-22 00:00:00,96.11999999999998
2013-04-23 00:00:00,96.11999999999998
2013-04-24 00:00:00,96.13999999999997
2013-04-25 00:00:00,96.13999999999997
2013-04-26 00:00:00,96.16999999999997
2013-04-29 00:00:00,96.17999999999998
2013-04-30 00:00:00,96.16999999999997
2013-05-01 00:00:00,96.19999999999997
2013-05-02 00:00:00,96.21999999999998
2013-05-03 00:00:00,96.09999999999998
2013-05-06 00:00:00,96.07999999999998
2013-05-07 00:00:00,96.06999999999998
2013-05-08 00:00:00,96.08999999999997
2013-05-09 00:00:00,96.07999999999998
2013-05-10 00:00:00,95.97999999999998
2013-05-13 00:00:00,95.96999999999998
2013-05-14 00:00:00,95.93999999999998
2013-05-15 00:00:00,95.95999999999998
2013-05-16 00:00:00,96.03999999999998
2013-05-17 00:00:00,95.97999999999998
2013-05-20 00:00:00,95.95999999999998
2013-05-21 00:00:00,95.97999999999998
2013-05-22 00:00:00,95.87999999999998
2013-05-23 00:00:00,95.87999999999998
2013-05-24 00:00:00,95.85999999999999
2013-05-28 00:00:00,95.66999999999997
2013-05-29 00:00:00,95.66999999999997
2013-05-30 00:00:00,95.67999999999998
2013-05-31 00:00:00,95.59999999999998
2013-06-03 00:00:00,95.63999999999997
2013-06-04 00:00:00,95.61999999999998
2013-06-05 00:00:00,95.65999999999998
2013-06-06 00:00:00,95.67999999999998
2013-06-07 00:00:00,95.55999999999997
2013-06-10 00:00:00,95.45999999999998
2013-06-11 00:00:00,95.49999999999997
2013-06-12 00:00:00,95.47999999999998
2013-06-13 00:00:00,95.55999999999997
2013-06-14 00:00:00,95.65999999999998
2013-06-17 00:00:00,95.62999999999998
2013-06-18 00:00:00,95.59999999999998
2013-06-19 00:00:00,95.27999999999999
2013-06-20 00:00:00,95.13999999999999
2013-06-21 00:00:00,95.02999999999999
2013-06-24 00:00:00,94.97999999999998
2013-06-25 00:00:00,94.94999999999997
2013-06-26 00:00:00,95.01999999999998
2013-06-27 00:00:00,95.10999999999999
2013-06-28 00:00:00,95.09999999999998
2013-07-01 00:00:00,95.07999999999998
2013-07-02 00:00:00,95.11999999999998
2013-07-03 00:00:00,95.05999999999999
2013-07-05 00:00:00,94.77999999999999
2013-07-08 00:00:00,94.93999999999998
2013-07-09 00:00:00,94.97999999999998
2013-07-10 00:00:00,94.95999999999998
2013-07-11 00:00:00,95.13999999999999
2013-07-12 00:00:00,95.09999999999998
2013-07-15 00:00:00,95.13999999999999
2013-07-16 00:00:00,95.17999999999998
2013-07-17 00:00:00,95.27999999999999
2013-07-18 00:00:00,95.26999999999998
2013-07-19 00:00:00,95.29999999999998
2013-07-22 00:00:00,95.29999999999998
2013-07-23 00:00:00,95.28999999999998
2013-07-24 00:00:00,95.19999999999997
2013-07-25 00:00:00,95.13999999999999
2013-07-26 00:00:00,95.23999999999998
2013-07-29 00:00:00,95.20999999999998
2013-07-30 00:00:00,95.19999999999997
2013-07-31 00:00:00,95.17999999999998
2013-08-01 00:00:00,95.02999999999999
2013-08-02 00:00:00,95.23999999999998
2013-08-05 00:00:00,95.19999999999997
2013-08-06 00:00:00,95.18999999999998
2013-08-07 00:00:00,95.21999999999998
2013-08-08 00:00:00,95.25999999999998
2013-08-09 00:00:00,95.25999999999998
2013-08-12 00:00:00,95.23999999999998
2013-08-13 00:00:00,95.07999999999998
2013-08-14 00:00:00,95.07999999999998
2013-08-15 00:00:00,94.98999999999998
2013-08-16 00:00:00,94.89999999999998
2013-08-19 00:00:00,94.83999999999997
2013-08-20 00:00:00,94.93999999999998
2013-08-21 00:00:00,94.85999999999999
2013-08-22 00:00:00,94.73999999999998
2013-08-23 00:00:00,94.79999999999998
2013-08-26 00:00:00,94.85999999999999
2013-08-27 00:00:00,94.94999999999997
2013-08-28 00:00:00,94.86999999999998
2013-08-29 00:00:00,94.89999999999998
2013-08-30 00:00:00,94.89999999999998
2013-09-03 00:00:00,94.80999999999999
2013-09-04 00:00:00,94.73999999999998
2013-09-05 00:00:00,94.61999999999998
2013-09-06 00:00:00,94.69999999999997
2013-09-09 00:00:00,94.81999999999998
2013-09-10 00:00:00,94.75999999999998
2013-09-11 00:00:00,94.82999999999998
2013-09-12 00:00:00,94.81999999999998
2013-09-13 00:00:00,94.79999999999998
2013-09-16 00:00:00,94.91999999999999
2013-09-17 00:00:00,94.91
2013-09-18 00:00:00,95.21999999999998
2013-09-19 00:00:00,95.17999999999999
2013-09-20 00:00:00,95.19
2013-09-23 00:00:00,95.21999999999998
2013-09-24 00:00:00,95.30999999999999
2013-09-25 00:00:00,95.36999999999999
2013-09-26 00:00:00,95.33
2013-09-27 00:00:00,95.38999999999999
2013-09-30 00:00:00,95.38999999999999
2013-10-01 00:00:00,95.33
2013-10-02 00:00:00,95.38999999999999
2013-10-03 00:00:00,95.44
2013-10-04 00:00:00,95.38
2013-10-07 00:00:00,95.38999999999999
2013-10-08 00:00:00,95.38999999999999
2013-10-09 00:00:00,95.41
2013-10-10 00:00:00,95.38999999999999
2013-10-11 00:00:00,95.42999999999999
2013-10-14 00:00:00,95.41
2013-10-15 00:00:00,95.41
2013-10-16 00:00:00,95.44999999999999
2013-10-17 00:00:00,95.55999999999999
2013-10-18 00:00:00,95.52999999999999
2013-10-21 00:00:00,95.49
2013-10-22 00:00:00,95.60999999999999
2013-10-23 00:00:00,95.64999999999999
2013-10-24 00:00:00,95.60999999999999
2013-10-25 00:00:00,95.66
2013-10-28 00:00:00,95.66999999999999
2013-10-29 00:00:00,95.69
2013-10-30 00:00:00,95.64999999999999
2013-10-31 00:00:00,95.64999999999999
2013-11-01 00:00:00,95.55999999999999
2013-11-04 00:00:00,95.58999999999999
2013-11-05 00:00:00,95.57
2013-11-06 00:00:00,95.66999999999999
2013-11-07 00:00:00,95.72999999999999
2013-11-08 00:00:00,95.58999999999999
2013-11-11 00:00:00,95.57
2013-11-12 00:00:00,95.53999999999999
2013-11-13 00:00:00,95.63
2013-11-14 00:00:00,95.72999999999999
2013-11-15 00:00:00,95.72999999999999
2013-11-18 00:00:00,95.78999999999999
2013-11-19 00:00:00,95.74999999999999
2013-11-20 00:00:00,95.8
2013-11-21 00:00:00,95.78999999999999
2013-11-22 00:00:00,95.77
2013-11-25 00:00:00,95.77
2013-11-26 00:00:00,95.80999999999999
2013-11-27 00:00:00,95.74999999999999
2013-11-29 00:00:00,95.72999999999999
2013-12-02 00:00:00,95.64999999999999
2013-12-03 00:00:00,95.69
2013-12-04 00:00:00,95.60999999999999
2013-12-05 00:00:00,95.58999999999999
2013-12-06 00:00:00,95.52999999999999
2013-12-09 00:00:00,95.55999999999999
2013-12-10 00:00:00,95.60999999999999
2013-12-11 00:00:00,95.55
2013-12-12 00:00:00,95.49
2013-12-13 00:00:00,95.50999999999999
2013-12-16 00:00:00,95.52999999999999
2013-12-17 00:00:00,95.59999999999998
2013-12-18 00:00:00,95.59999999999998
2013-12-19 00:00:00,95.45999999999998
2013-12-20 00:00:00,95.39999999999998
2013-12-23 00:00:00,95.33999999999999
2013-12-24 00:00:00,95.27999999999999
2013-12-26 00:00:00,95.27999999999999
2013-12-27 00:00:00,95.27999999999999
2013-12-30 00:00:00,95.33999999999999
2013-12-31 00:00:00,95.29999999999998
2014-01-02 00:00:00,95.33999999999999
2014-01-03 00:00:00,95.31999999999998
2014-01-06 00:00:00,95.37999999999998
2014-01-07 00:00:00,95.40999999999998
2014-01-08 00:00:00,95.25999999999998
2014-01-09 00:00:00,95.25999999999998
2014-01-10 00:00:00,95.41999999999999
2014-01-13 00:00:00,95.49999999999999
2014-01-14 00:00:00,95.41999999999999
2014-01-15 00:00:00,95.36999999999999
2014-01-16 00:00:00,95.41999999999999
2014-01-17 00:00:00,95.42999999999998
2014-01-21 00:00:00,95.40999999999998
2014-01-22 00:00:00,95.33999999999999
2014-01-23 00:00:00,95.48999999999998
2014-01-24 00:00:00,95.51999999999998
2014-01-27 00:00:00,95.47999999999999
2014-01-28 00:00:00,95.51999999999998
2014-01-29 00:00:00,95.58999999999999
2014-01-30 00:00:00,95.57999999999998
2014-01-31 00:00:00,95.59999999999998
2014-02-03 00:00:00,95.70999999999998
2014-02-04 00:00:00,95.67999999999998
2014-02-05 00:00:00,95.65999999999998
2014-02-06 00:00:00,95.61999999999999
2014-02-07 00:00:00,95.69999999999999
2014-02-10 00:00:00,95.69999999999999
2014-02-11 00:00:00,95.63999999999999
2014-02-12 00:00:00,95.55999999999999
2014-02-13 00:00:00,95.63999999999999
2014-02-14 00:00:00,95.61999999999999
2014-02-18 00:00:00,95.68999999999998
2014-02-19 00:00:00,95.65999999999998
2014-02-20 00:00:00,95.61999999999999
2014-02-21 00:00:00,95.64999999999998
2014-02-24 00:00:00,95.63999999999999
2014-02-25 00:00:00,95.68999999999998
2014-02-26 00:00:00,95.71999999999998
2014-02-27 00:00:00,95.75999999999998
2014-02-28 00:00:00,95.69999999999999
2014-03-03 00:00:00,95.75999999999998
2014-03-04 00:00:00,95.67999999999998
2014-03-05 00:00:00,95.67999999999998
2014-03-06 00:00:00,95.61999999999999
2014-03-07 00:00:00,95.52999999999999
2014-03-10 00:00:00,95.55999999999999
2014-03-11 00:00:00,95.57999999999998
2014-03-12 00:00:00,95.61999999999999
2014-03-13 00:00:00,95.71999999999998
2014-03-14 00:00:00,95.70999999999998
2014-03-17 00:00:00,95.64999999999998
2014-03-18 00:00:00,95.66999999999997
2014-03-19 00:00:00,95.44999999999997
2014-03-20 00:00:00,95.40999999999997
2014-03-21 00:00:00,95.41999999999997
2014-03-24 00:00:00,95.38999999999997
2014-03-25 00:00:00,95.40999999999997
2014-03-26 00:00:00,95.44999999999997
2014-03-27 00:00:00,95.44999999999997
2014-03-28 00:00:00,95.40999999999997
2014-03-31 00:00:00,95.39999999999998
2014-04-01 00:00:00,95.38999999999997
2014-04-02 00:00:00,95.32999999999997
2014-04-03 00:00:00,95.32999999999997
2014-04-04 00:00:00,95.42999999999998
2014-04-07 00:00:00,95.46999999999997
2014-04-08 00:00:00,95.48999999999997
2014-04-09 00:00:00,95.52999999999997
2014-04-10 00:00:00,95.63999999999997
2014-04-11 00:00:00,95.65999999999997
2014-04-14 00:00:00,95.61999999999998
2014-04-15 00:00:00,95.58999999999997
2014-04-16 00:00:00,95.50999999999998
2014-04-17 00:00:00,95.42999999999998
2014-04-21 00:00:00,95.42999999999998
2014-04-22 00:00:00,95.38999999999997
2014-04-23 00:00:00,95.44999999999997
2014-04-24 00:00:00,95.44999999999997
2014-04-25 00:00:00,95.46999999999997
2014-04-28 00:00:00,95.46999999999997
2014-04-29 00:00:00,95.46999999999997
2014-04-30 00:00:00,95.52999999999997
2014-05-01 00:00:00,95.56999999999998
2014-05-02 00:00:00,95.54999999999997
2014-05-05 00:00:00,95.53999999999998
2014-05-06 00:00:00,95.53999999999998
2014-05-07 00:00:00,95.58999999999997
2014-05-08 00:00:00,95.64999999999998
2014-05-09 00:00:00,95.62999999999997
2014-05-12 00:00:00,95.58999999999997
2014-05-13 00:00:00,95.63999999999997
2014-05-14 00:00:00,95.71999999999997
2014-05-15 00:00:00,95.76999999999997
2014-05-16 00:00:00,95.74999999999997
2014-05-19 00:00:00,95.76999999999997
2014-05-20 00:00:00,95.81999999999998
2014-05-21 00:00:00,95.80999999999997
2014-05-22 00:00:00,95.78999999999998
2014-05-23 00:00:00,95.82999999999997
2014-05-27 00:00:00,95.81999999999998
2014-05-28 00:00:00,95.90999999999997
2014-05-29 00:00:00,95.88999999999997
2014-05-30 00:00:00,95.82999999999997
2014-06-02 00:00:00,95.74999999999997
2014-06-03 00:00:00,95.68999999999997
2014-06-04 00:00:00,95.68999999999997
2014-06-05 00:00:00,95.70999999999998
2014-06-06 00:00:00,95.67999999999998
2014-06-09 00:00:00,95.62999999999997
2014-06-10 00:00:00,95.60999999999997
2014-06-11 00:00:00,95.61999999999998
2014-06-12 00:00:00,95.67999999999998
2014-06-13 00:00:00,95.62999999999997
2014-06-16 00:00:00,95.62999999999997
2014-06-17 00:00:00,95.58999999999996
2014-06-18 00:00:00,95.60999999999997
2014-06-19 00:00:00,95.64999999999996
2014-06-20 00:00:00,95.62999999999997
2014-06-23 00:00:00,95.62999999999997
2014-06-24 00:00:00,95.66999999999996
2014-06-25 00:00:00,95.70999999999997
2014-06-26 00:00:00,95.74999999999997
2014-06-27 00:00:00,95.76999999999997
2014-06-30 00:00:00,95.78999999999996
2014-07-01 00:00:00,95.75999999999996
2014-07-02 00:00:00,95.68999999999997
2014-07-03 00:00:00,95.63999999999997
2014-07-07 00:00:00,95.64999999999996
2014-07-08 00:00:00,95.68999999999997
2014-07-09 00:00:00,95.73999999999997
2014-07-10 00:00:00,95.74999999999997
2014-07-11 00:00:00,95.76999999999997
2014-07-14 00:00:00,95.72999999999996
2014-07-15 00:00:00,95.70999999999997
2014-07-16 00:00:00,95.68999999999997
2014-07-17 00:00:00,95.73999999999997
2014-07-18 00:00:00,95.72999999999996
2014-07-21 00:00:00,95.69999999999996
2014-07-22 00:00:00,95.72999999999996
2014-07-23 00:00:00,95.73999999999997
2014-07-24 00:00:00,95.66999999999996
2014-07-25 00:00:00,95.70999999999997
2014-07-28 00:00:00,95.66999999999996
2014-07-29 00:00:00,95.68999999999997
2014-07-30 00:00:00,95.58999999999996
2014-07-31 00:00:00,95.57999999999997
2014-08-01 00:00:00,95.66999999999996
2014-08-04 00:00:00,95.70999999999997
2014-08-05 00:00:00,95.68999999999997
2014-08-06 00:00:00,95.70999999999997
2014-08-07 00:00:00,95.76999999999997
2014-08-08 00:00:00,95.75999999999996
2014-08-11 00:00:00,95.74999999999997
2014-08-12 00:00:00,95.76999999999997
2014-08-13 00:00:00,95.82999999999997
2014-08-14 00:00:00,95.83999999999996
2014-08-15 00:00:00,95.86999999999996
2014-08-18 00:00:00,95.82999999999997
2014-08-19 00:00:00,95.81999999999996
2014-08-20 00:00:00,95.74999999999997
2014-08-21 00:00:00,95.76999999999997
2014-08-22 00:00:00,95.72999999999996
2014-08-25 00:00:00,95.72999999999996
2014-08-26 00:00:00,95.74999999999997
2014-08-27 00:00:00,95.77999999999997
2014-08-28 00:00:00,95.79999999999997
2014-08-29 00:00:00,95.78999999999996
2014-09-02 00:00:00,95.72999999999996
2014-09-03 00:00:00,95.74999999999997
2014-09-04 00:00:00,95.72999999999996
2014-09-05 00:00:00,95.74999999999997
2014-09-08 00:00:00,95.70999999999997
2014-09-09 00:00:00,95.63999999999997
2014-09-10 00:00:00,95.60999999999997
2014-09-11 00:00:00,95.60999999999997
2014-09-12 00:00:00,95.54999999999997
2014-09-15 00:00:00,95.57999999999997
2014-09-16 00:00:00,95.58999999999997
2014-09-17 00:00:00,95.53999999999998
2014-09-18 00:00:00,95.48999999999998
2014-09-19 00:00:00,95.52999999999997
2014-09-22 00:00:00,95.60999999999997
2014-09-23 00:00:00,95.63999999999997
2014-09-24 00:00:00,95.57999999999997
2014-09-25 00:00:00,95.63999999999997
2014-09-26 00:00:00,95.58999999999997
2014-09-29 00:00:00,95.62999999999998
2014-09-30 00:00:00,95.60999999999997
2014-10-01 00:00:00,95.72999999999998
2014-10-02 00:00:00,95.71999999999997
2014-10-03 00:00:00,95.66999999999997
2014-10-06 00:00:00,95.73999999999998
2014-10-07 00:00:00,95.80999999999997
2014-10-08 00:00:00,95.90999999999998
2014-10-09 00:00:00,95.91999999999997
2014-10-10 00:00:00,95.94999999999997
2014-10-13 00:00:00,96.08999999999997
2014-10-14 00:00:00,96.08999999999997
2014-10-15 00:00:00,96.32999999999997
2014-10-16 00:00:00,96.22999999999998
2014-10-17 00:00:00,96.16999999999997
2014-10-20 00:00:00,96.20999999999998
2014-10-21 00:00:00,96.18999999999998
2014-10-22 00:00:00,96.15999999999998
2014-10-23 00:00:00,96.06999999999998
2014-10-24 00:00:00,96.06999999999998
2014-10-27 00:00:00,96.08999999999997
2014-10-28 00:00:00,96.06999999999998
2014-10-29 00:00:00,95.94999999999997
2014-10-30 00:00:00,95.99999999999997
2014-10-31 00:00:00,95.96999999999997
2014-11-03 00:00:00,95.94999999999997
2014-11-04 00:00:00,95.95999999999998
2014-11-05 00:00:00,95.94999999999997
2014-11-06 00:00:00,95.92999999999998
2014-11-07 00:00:00,96.00999999999998
2014-11-10 00:00:00,95.95999999999998
2014-11-11 00:00:00,95.94999999999997
2014-11-12 00:00:00,95.96999999999997
2014-11-13 00:00:00,95.99999999999997
2014-11-14 00:00:00,96.02999999999997
2014-11-17 00:00:00,96.00999999999998
2014-11-18 00:00:00,96.02999999999997
2014-11-19 00:00:00,96.00999999999998
2014-11-20 00:00:00,96.02999999999997
2014-11-21 00:00:00,96.03999999999998
2014-11-24 00:00:00,96.04999999999998
2014-11-25 00:00:00,96.09999999999998
2014-11-26 00:00:00,96.12999999999998
2014-11-28 00:00:00,96.17999999999998
2014-12-01 00:00:00,96.16999999999997
2014-12-02 00:00:00,96.08999999999997
2014-12-03 00:00:00,96.06999999999998
2014-12-04 00:00:00,96.08999999999997
2014-12-05 00:00:00,95.99999999999997
2014-12-08 00:00:00,96.00999999999998
2014-12-09 00:00:00,96.04999999999998
2014-12-10 00:00:00,96.14999999999998
2014-12-11 00:00:00,96.08999999999997
2014-12-12 00:00:00,96.16999999999997
2014-12-15 00:00:00,96.12999999999998
2014-12-16 00:00:00,96.18999999999997
2014-12-17 00:00:00,96.10999999999997
2014-12-18 00:00:00,96.04999999999997
2014-12-19 00:00:00,96.06999999999998
2014-12-22 00:00:00,96.06999999999998
2014-12-23 00:00:00,95.98999999999998
2014-12-24 00:00:00,95.98999999999998
2014-12-26 00:00:00,95.98999999999998
2014-12-29 00:00:00,96.05999999999997
2014-12-30 00:00:00,96.08999999999997
2014-12-31 00:00:00,96.10999999999997
2015-01-02 00:00:00,96.15999999999997
2015-01-05 00:00:00,96.24999999999997
2015-01-06 00:00:00,96.36999999999998
2015-01-07 00:00:00,96.36999999999998
2015-01-08 00:00:00,96.32999999999997
2015-01-09 00:00:00,96.38999999999997
2015-01-12 00:00:00,96.46999999999997
2015-01-13 00:00:00,96.50999999999998
2015-01-14 00:00:00,96.58999999999997
2015-01-15 00:00:00,96.68999999999997
2015-01-16 00:00:00,96.60999999999997
2015-01-20 00:00:00,96.59999999999998
2015-01-21 00:00:00,96.52999999999997
2015-01-22 00:00:00,96.46999999999997
2015-01-23 00:00:00,96.53999999999998
2015-01-26 00:00:00,96.51999999999998
2015-01-27 00:00:00,96.52999999999997
2015-01-28 00:00:00,96.64999999999998
2015-01-29 00:00:00,96.62999999999998
2015-01-30 00:00:00,96.73999999999998
2015-02-02 00:00:00,96.74999999999997
2015-02-03 00:00:00,96.62999999999998
2015-02-04 00:00:00,96.60999999999997
2015-02-05 00:00:00,96.60999999999997
2015-02-06 00:00:00,96.39999999999998
2015-02-09 00:00:00,96.36999999999998
2015-02-10 00:00:00,96.34999999999998
2015-02-11 00:00:00,96.34999999999998
2015-02-12 00:00:00,96.36999999999998
2015-02-13 00:00:00,96.34999999999998
2015-02-17 00:00:00,96.20999999999998
2015-02-18 00:00:00,96.32999999999997
2015-02-19 00:00:00,96.25999999999998
2015-02-20 00:00:00,96.21999999999997
2015-02-23 00:00:00,96.29999999999997
2015-02-24 00:00:00,96.40999999999997
2015-02-25 00:00:00,96.40999999999997
2015-02-26 00:00:00,96.34999999999998
2015-02-27 00:00:00,96.37999999999998
2015-03-02 00:00:00,96.28999999999998
2015-03-03 00:00:00,96.24999999999997
2015-03-04 00:00:00,96.24999999999997
2015-03-05 00:00:00,96.28999999999998
2015-03-06 00:00:00,96.12999999999998
2015-03-09 00:00:00,96.18999999999997
2015-03-10 00:00:00,96.24999999999997
2015-03-11 00:00:00,96.24999999999997
2015-03-12 00:00:00,96.27999999999997
2015-03-13 00:00:00,96.25999999999998
2015-03-16 00:00:00,96.28999999999998
2015-03-17 00:00:00,96.32999999999997
2015-03-18 00:00:00,96.50999999999998
2015-03-19 00:00:00,96.46999999999997
2015-03-20 00:00:00,96.52999999999997
2015-03-23 00:00:00,96.56999999999998
2015-03-24 00:00:00,96.60999999999997
2015-03-25 00:00:00,96.56999999999998
2015-03-26 00:00:00,96.46999999999997
2015-03-27 00:00:00,96.53999999999998
2015-03-30 00:00:00,96.52999999999997
2015-03-31 00:00:00,96.56999999999998
2015-04-01 00:00:00,96.62999999999997
2015-04-02 00:00:00,96.60999999999997
2015-04-03 00:00:00,96.71999999999997
2015-04-06 00:00:00,96.64999999999998
2015-04-07 00:00:00,96.62999999999997
2015-04-08 00:00:00,96.62999999999997
2015-04-09 00:00:00,96.54999999999997
2015-04-10 00:00:00,96.54999999999997
2015-04-13 00:00:00,96.58999999999997
2015-04-14 00:00:00,96.62999999999997
2015-04-15 00:00:00,96.64999999999998
2015-04-16 00:00:00,96.68999999999997
2015-04-17 00:00:00,96.69999999999997
2015-04-20 00:00:00,96.66999999999997
2015-04-21 00:00:00,96.64999999999998
2015-04-22 00:00:00,96.58999999999997
2015-04-23 00:00:00,96.62999999999997
2015-04-24 00:00:00,96.66999999999997
2015-04-27 00:00:00,96.64999999999998
2015-04-28 00:00:00,96.60999999999997
2015-04-29 00:00:00,96.55999999999997
2015-04-30 00:00:00,96.52999999999997
2015-05-01 00:00:00,96.43999999999997
2015-05-04 00:00:00,96.43999999999997
2015-05-05 00:00:00,96.38999999999997
2015-05-06 00:00:00,96.34999999999998
2015-05-07 00:00:00,96.36999999999998
2015-05-08 00:00:00,96.44999999999997
2015-05-11 00:00:00,96.32999999999997
2015-05-12 00:00:00,96.33999999999997
2015-05-13 00:00:00,96.34999999999998
2015-05-14 00:00:00,96.42999999999998
2015-05-15 00:00:00,96.50999999999998
2015-05-18 00:00:00,96.42999999999998
2015-05-19 00:00:00,96.36999999999998
2015-05-20 00:00:00,96.42999999999998
2015-05-21 00:00:00,96.46999999999997
2015-05-22 00:00:00,96.38999999999997
2015-05-26 00:00:00,96.46999999999997
2015-05-27 00:00:00,96.46999999999997
2015-05-28 00:00:00,96.50999999999998
2015-05-29 00:00:00,96.53999999999998
2015-06-01 00:00:00,96.42999999999998
2015-06-02 00:00:00,96.35999999999997
2015-06-03 00:00:00,96.25999999999998
2015-06-04 00:00:00,96.32999999999997
2015-06-05 00:00:00,96.21999999999997
2015-06-08 00:00:00,96.25999999999998
2015-06-09 00:00:00,96.22999999999998
2015-06-10 00:00:00,96.16999999999997
2015-06-11 00:00:00,96.25999999999998
2015-06-12 00:00:00,96.24999999999997
2015-06-15 00:00:00,96.28999999999998
2015-06-16 00:00:00,96.32999999999998
2015-06-17 00:00:00,96.36999999999998
2015-06-18 00:00:00,96.32999999999998
2015-06-19 00:00:00,96.42999999999998
2015-06-22 00:00:00,96.32999999999998
2015-06-23 00:00:00,96.27999999999999
2015-06-24 00:00:00,96.30999999999999
2015-06-25 00:00:00,96.28999999999998
2015-06-26 00:00:00,96.21999999999998
2015-06-29 00:00:00,96.36999999999998
2015-06-30 00:00:00,96.36999999999998
2015-07-01 00:00:00,96.28999999999998
2015-07-02 00:00:00,96.32999999999998
2015-07-06 00:00:00,96.45999999999998
2015-07-07 00:00:00,96.48999999999998
2015-07-08 00:00:00,96.54999999999998
2015-07-09 00:00:00,96.45999999999998
2015-07-10 00:00:00,96.33999999999997
2015-07-13 00:00:00,96.30999999999999
2015-07-14 00:00:00,96.36999999999998
2015-07-15 00:00:00,96.41999999999999
2015-07-16 00:00:00,96.39999999999998
2015-07-17 00:00:00,96.37999999999998
2015-07-20 00:00:00,96.33999999999997
2015-07-21 00:00:00,96.38999999999999
2015-07-22 00:00:00,96.38999999999999
2015-07-23 00:00:00,96.42999999999998
2015-07-24 00:00:00,96.44999999999999
2015-07-27 00:00:00,96.50999999999998
2015-07-28 00:00:00,96.48999999999998
2015-07-29 00:00:00,96.46999999999998
2015-07-30 00:00:00,96.46999999999998
2015-07-31 00:00:00,96.54999999999998
2015-08-03 00:00:00,96.58999999999997
2015-08-04 00:00:00,96.50999999999998
2015-08-05 00:00:00,96.43999999999998
2015-08-06 00:00:00,96.46999999999998
2015-08-07 00:00:00,96.52999999999999
2015-08-10 00:00:00,96.48999999999998
2015-08-11 00:00:00,96.58999999999997
2015-08-12 00:00:00,96.60999999999999
2015-08-13 00:00:00,96.54999999999998
2015-08-14 00:00:00,96.52999999999999
2015-08-17 00:00:00,96.58999999999997
2015-08-18 00:00:00,96.56999999999998
2015-08-19 00:00:00,96.65999999999998
2015-08-20 00:00:00,96.67999999999998
2015-08-21 00:00:00,96.74999999999999
2015-08-24 00:00:00,96.82999999999998
2015-08-25 00:00:00,96.70999999999998
2015-08-26 00:00:00,96.70999999999998
2015-08-27 00:00:00,96.69999999999999
2015-08-28 00:00:00,96.66999999999999
2015-08-31 00:00:00,96.64999999999998
2015-09-01 00:00:00,96.70999999999998
2015-09-02 00:00:00,96.68999999999998
2015-09-03 00:00:00,96.71999999999998
2015-09-04 00:00:00,96.76999999999998
2015-09-08 00:00:00,96.72999999999998
2015-09-09 00:00:00,96.75999999999998
2015-09-10 00:00:00,96.72999999999998
2015-09-11 00:00:00,96.76999999999998
2015-09-14 00:00:00,96.76999999999998
2015-09-15 00:00:00,96.68999999999998
2015-09-16 00:00:00,96.67999999999999
2015-09-17 00:00:00,96.78999999999999
2015-09-18 00:00:00,96.84999999999998
2015-09-21 00:00:00,96.78999999999999
2015-09-22 00:00:00,96.89999999999999
2015-09-23 00:00:00,96.88999999999999
2015-09-24 00:00:00,96.90999999999998
2015-09-25 00:00:00,96.88999999999999
2015-09-28 00:00:00,96.98999999999998
2015-09-29 00:00:00,97.04999999999998
2015-09-30 00:00:00,97.02999999999999
2015-10-01 00:00:00,97.00999999999999
2015-10-02 00:00:00,97.09999999999998
2015-10-05 00:00:00,97.02999999999999
2015-10-06 00:00:00,97.03999999999999
2015-10-07 00:00:00,97.00999999999999
2015-10-08 00:00:00,96.96999999999998
2015-10-09 00:00:00,96.96999999999998
2015-10-12 00:00:00,96.99999999999999
2015-10-13 00:00:00,97.02999999999999
2015-10-14 00:00:00,97.15999999999998
2015-10-15 00:00:00,97.09999999999998
2015-10-16 00:00:00,97.07
2015-10-19 00:00:00,97.07
2015-10-20 00:00:00,97.01999999999998
2015-10-21 00:00:00,97.04999999999998
2015-10-22 00:00:00,97.07
2015-10-23 00:00:00,97.00999999999999
2015-10-26 00:00:00,97.04999999999998
2015-10-27 00:00:00,97.09999999999998
2015-10-28 00:00:00,96.98999999999998
2015-10-29 00:00:00,96.90999999999998
2015-10-30 00:00:00,96.92999999999999
2015-11-02 00:00:00,96.88999999999999
2015-11-03 00:00:00,96.88999999999999
2015-11-04 00:00:00,96.86999999999999
2015-11-05 00:00:00,96.86999999999999
2015-11-06 00:00:00,96.70999999999998
2015-11-09 00:00:00,96.70999999999998
2015-11-10 00:00:00,96.74999999999999
2015-11-11 00:00:00,96.69999999999999
2015-11-12 00:00:00,96.72999999999999
2015-11-13 00:00:00,96.80999999999999
2015-11-16 00:00:00,96.82
2015-11-17 00:00:00,96.82999999999998
2015-11-18 00:00:00,96.82
2015-11-19 00:00:00,96.86999999999999
2015-11-20 00:00:00,96.86999999999999
2015-11-23 00:00:00,96.86999999999999
2015-11-24 00:00:00,96.84999999999998
2015-11-25 00:00:00,96.87999999999998
2015-11-27 00:00:00,96.89999999999999
2015-11-30 00:00:00,96.90999999999998
2015-12-01 00:00:00,96.96999999999998
2015-12-02 00:00:00,96.92999999999999
2015-12-03 00:00:00,96.78999999999999
2015-12-04 00:00:00,96.82999999999998
2015-12-07 00:00:00,96.86999999999999
2015-12-08 00:00:00,96.85999999999999
2015-12-09 00:00:00,96.90999999999998
2015-12-10 00:00:00,96.84999999999998
2015-12-11 00:00:00,96.94999999999999
2015-12-14 00:00:00,96.90999999999998
2015-12-15 00:00:00,96.84999999999998
2015-12-16 00:00:00,96.79999999999998
2015-12-17 00:00:00,96.81999999999998
2015-12-18 00:00:00,96.83999999999997
2015-12-21 00:00:00,96.85999999999999
2015-12-22 00:00:00,96.81999999999998
2015-12-23 00:00:00,96.79999999999998
2015-12-24 00:00:00,96.81999999999998
2015-12-28 00:00:00,96.81999999999998
2015-12-29 00:00:00,96.73999999999998
2015-12-30 00:00:00,96.75999999999998
2015-12-31 00:00:00,96.78999999999998
2016-01-04 00:00:00,96.82999999999998
2016-01-05 00:00:00,96.85999999999999
2016-01-06 00:00:00,96.95999999999998
2016-01-07 00:00:00,97.00999999999998
2016-01-08 00:00:00,97.07999999999998
2016-01-11 00:00:00,97.09999999999998
2016-01-12 00:00:00,97.13999999999999
2016-01-13 00:00:00,97.17999999999998
2016-01-14 00:00:00,97.17999999999998
2016-01-15 00:00:00,97.25999999999998
2016-01-19 00:00:00,97.23999999999998
2016-01-20 00:00:00,97.29999999999998
2016-01-21 00:00:00,97.25999999999998
2016-01-22 00:00:00,97.21999999999998
2016-01-25 00:00:00,97.21999999999998
2016-01-26 00:00:00,97.25999999999998
2016-01-27 00:00:00,97.24999999999999
2016-01-28 00:00:00,97.27999999999997
2016-01-29 00:00:00,97.35999999999999
2016-02-01 00:00:00,97.29999999999998
2016-02-02 00:00:00,97.41999999999997
2016-02-03 00:00:00,97.45999999999998
2016-02-04 00:00:00,97.45999999999998
2016-02-05 00:00:00,97.45999999999998
2016-02-08 00:00:00,97.55999999999997
2016-02-09 00:00:00,97.59999999999998
2016-02-10 00:00:00,97.64999999999998
2016-02-11 00:00:00,97.73999999999998
2016-02-12 00:00:00,97.59999999999998
2016-02-16 00:00:00,97.59999999999998
2016-02-17 00:00:00,97.54999999999998
2016-02-18 00:00:00,97.61999999999998
2016-02-19 00:00:00,97.60999999999999
2016-02-22 00:00:00,97.59999999999998
2016-02-23 00:00:00,97.61999999999998
2016-02-24 00:00:00,97.62999999999998
2016-02-25 00:00:00,97.69999999999997
2016-02-26 00:00:00,97.61999999999998
2016-02-29 00:00:00,97.62999999999998
2016-03-01 00:00:00,97.52999999999997
2016-03-02 00:00:00,97.48999999999998
2016-03-03 00:00:00,97.49999999999999
2016-03-04 00:00:00,97.42999999999998
2016-03-07 00:00:00,97.39999999999998
2016-03-08 00:00:00,97.47999999999998
2016-03-09 00:00:00,97.43999999999998
2016-03-10 00:00:00,97.36999999999998
2016-03-11 00:00:00,97.30999999999997
2016-03-14 00:00:00,97.31999999999998
2016-03-15 00:00:00,97.31999999999998
2016-03-16 00:00:00,97.37999999999998
2016-03-17 00:00:00,97.41999999999999
2016-03-18 00:00:00,97.46999999999998
2016-03-21 00:00:00,97.40999999999998
2016-03-22 00:00:00,97.37999999999998
2016-03-23 00:00:00,97.43999999999998
2016-03-24 00:00:00,97.39999999999998
2016-03-28 00:00:00,97.42999999999998
2016-03-29 00:00:00,97.49999999999999
2016-03-30 00:00:00,97.53999999999998
2016-03-31 00:00:00,97.58999999999997
2016-04-01 00:00:00,97.55999999999999
2016-04-04 00:00:00,97.57999999999998
2016-04-05 00:00:00,97.64999999999998
2016-04-06 00:00:00,97.61999999999998
2016-04-07 00:00:00,97.69999999999999
2016-04-08 00:00:00,97.65999999999998
2016-04-11 00:00:00,97.65999999999998
2016-04-12 00:00:00,97.60999999999999
2016-04-13 00:00:00,97.62999999999998
2016-04-14 00:00:00,97.59999999999998
2016-04-15 00:00:00,97.63999999999999
2016-04-18 00:00:00,97.61999999999998
2016-04-19 00:00:00,97.57999999999998
2016-04-20 00:00:00,97.49999999999999
2016-04-21 00:00:00,97.46999999999998
2016-04-22 00:00:00,97.45999999999998
2016-04-25 00:00:00,97.43999999999998
2016-04-26 00:00:00,97.40999999999998
2016-04-27 00:00:00,97.47999999999998
2016-04-28 00:00:00,97.51999999999998
2016-04-29 00:00:00,97.52999999999999
2016-05-02 00:00:00,97.47999999999998
2016-05-03 00:00:00,97.55999999999999
2016-05-04 00:00:00,97.58999999999997
2016-05-05 00:00:00,97.63999999999999
2016-05-06 00:00:00,97.61999999999998
2016-05-09 00:00:00,97.65999999999998
2016-05-10 00:00:00,97.65999999999998
2016-05-11 00:00:00,97.66999999999999
2016-05-12 00:00:00,97.61999999999998
2016-05-13 00:00:00,97.65999999999998
2016-05-16 00:00:00,97.59999999999998
2016-05-17 00:00:00,97.57999999999998
2016-05-18 00:00:00,97.43999999999998
2016-05-19 00:00:00,97.46999999999998
2016-05-20 00:00:00,97.46999999999998
2016-05-23 00:00:00,97.47999999999998
2016-05-24 00:00:00,97.43999999999998
2016-05-25 00:00:00,97.42999999999998
2016-05-26 00:00:00,97.48999999999998
2016-05-27 00:00:00,97.47999999999998
2016-05-31 00:00:00,97.47999999999998
2016-06-01 00:00:00,97.43999999999998
2016-06-02 00:00:00,97.47999999999998
2016-06-03 00:00:00,97.63999999999999
2016-06-06 00:00:00,97.61999999999998
2016-06-07 00:00:00,97.63999999999999
2016-06-08 00:00:00,97.63999999999999
2016-06-09 00:00:00,97.67999999999998
2016-06-10 00:00:00,97.71999999999998
2016-06-13 00:00:00,97.76999999999998
2016-06-14 00:00:00,97.77999999999999
2016-06-15 00:00:00,97.80999999999999
2016-06-16 00:00:00,97.82999999999998
2016-06-17 00:00:00,97.76999999999998
2016-06-20 00:00:00,97.71999999999998
2016-06-21 00:00:00,97.67999999999998
2016-06-22 00:00:00,97.69999999999999
2016-06-23 00:00:00,97.63999999999999
2016-06-24 00:00:00,97.80999999999999
2016-06-27 00:00:00,97.93999999999998
2016-06-28 00:00:00,97.93999999999998
2016-06-29 00:00:00,97.91999999999999
2016-06-30 00:00:00,97.90999999999998
2016-07-01 00:00:00,97.89999999999998
2016-07-05 00:00:00,97.98999999999998
2016-07-06 00:00:00,97.95999999999998
2016-07-07 00:00:00,97.97999999999999
2016-07-08 00:00:00,98.01999999999998
2016-07-11 00:00:00,97.93999999999998
2016-07-12 00:00:00,97.85999999999999
2016-07-13 00:00:00,97.89999999999998
2016-07-14 00:00:00,97.85999999999999
2016-07-15 00:00:00,97.77999999999999
2016-07-18 00:00:00,97.79999999999998
2016-07-19 00:00:00,97.80999999999999
2016-07-20 00:00:00,97.76999999999998
2016-07-21 00:00:00,97.77999999999999
2016-07-22 00:00:00,97.74999999999999
2016-07-25 00:00:00,97.73999999999998
2016-07-26 00:00:00,97.75999999999999
2016-07-27 00:00:00,97.79999999999998
2016-07-28 00:00:00,97.81999999999998
2016-07-29 00:00:00,97.89999999999998
2016-08-01 00:00:00,97.86999999999999
2016-08-02 00:00:00,97.82999999999998
2016-08-03 00:00:00,97.83999999999999
2016-08-04 00:00:00,97.87999999999998
2016-08-05 00:00:00,97.75999999999999
2016-08-08 00:00:00,97.74999999999999
2016-08-09 00:00:00,97.78999999999998
2016-08-10 00:00:00,97.83999999999999
2016-08-11 00:00:00,97.77999999999999
2016-08-12 00:00:00,97.83999999999999
2016-08-15 00:00:00,97.80999999999999
2016-08-16 00:00:00,97.78999999999998
2016-08-17 00:00:00,97.77999999999999
2016-08-18 00:00:00,97.81999999999998
2016-08-19 00:00:00,97.76999999999998
2016-08-22 00:00:00,97.81999999999998
2016-08-23 00:00:00,97.79999999999998
2016-08-24 00:00:00,97.80999999999999
2016-08-25 00:00:00,97.77999999999999
2016-08-26 00:00:00,97.67999999999998
2016-08-29 00:00:00,97.75999999999999
2016-08-30 00:00:00,97.74999999999999
2016-08-31 00:00:00,97.73999999999998
2016-09-01 00:00:00,97.73999999999998
2016-09-02 00:00:00,97.74999999999999
2016-09-06 00:00:00,97.83999999999999
2016-09-07 00:00:00,97.83999999999999
2016-09-08 00:00:00,97.76999999999998
2016-09-09 00:00:00,97.70999999999998
2016-09-12 00:00:00,97.73999999999998
2016-09-13 00:00:00,97.68999999999998
2016-09-14 00:00:00,97.75999999999999
2016-09-15 00:00:00,97.75999999999999
2016-09-16 00:00:00,97.73999999999998
2016-09-19 00:00:00,97.73999999999998
2016-09-20 00:00:00,97.73999999999998
2016-09-21 00:00:00,97.73999999999998
2016-09-22 00:00:00,97.77999999999999
2016-09-23 00:00:00,97.79999999999998
2016-09-26 00:00:00,97.83999999999999
2016-09-27 00:00:00,97.84999999999998
2016-09-28 00:00:00,97.83999999999999
2016-09-29 00:00:00,97.85999999999999
2016-09-30 00:00:00,97.80999999999999
2016-10-03 00:00:00,97.77999999999999
2016-10-04 00:00:00,97.73999999999998
2016-10-05 00:00:00,97.69999999999999
2016-10-06 00:00:00,97.66999999999999
2016-10-07 00:00:00,97.67999999999999
2016-10-10 00:00:00,97.63999999999999
2016-10-11 00:00:00,97.65999999999998
2016-10-12 00:00:00,97.65999999999998
2016-10-13 00:00:00,97.70999999999998
2016-10-14 00:00:00,97.67999999999999
2016-10-17 00:00:00,97.68999999999998
2016-10-18 00:00:00,97.71999999999998
2016-10-19 00:00:00,97.71999999999998
2016-10-20 00:00:00,97.71999999999998
2016-10-21 00:00:00,97.71999999999998
2016-10-24 00:00:00,97.68999999999998
2016-10-25 00:00:00,97.67999999999999
2016-10-26 00:00:00,97.63999999999999
2016-10-27 00:00:00,97.59999999999998
2016-10-28 00:00:00,97.61999999999999
2016-10-31 00:00:00,97.61999999999999
2016-11-01 00:00:00,97.65999999999998
2016-11-02 00:00:00,97.67999999999999
2016-11-03 00:00:00,97.67999999999999
2016-11-04 00:00:00,97.69999999999999
2016-11-07 00:00:00,97.63999999999999
2016-11-08 00:00:00,97.58999999999999
2016-11-09 00:00:00,97.35999999999999
2016-11-10 00:00:00,97.26999999999998
2016-11-11 00:00:00,97.16999999999999
2016-11-14 00:00:00,97.09999999999998
2016-11-15 00:00:00,97.08999999999999
2016-11-16 00:00:00,97.10999999999999
2016-11-17 00:00:00,97.07999999999998
2016-11-18 00:00:00,96.99999999999999
2016-11-21 00:00:00,96.99999999999999
2016-11-22 00:00:00,97.02999999999999
2016-11-23 00:00:00,96.97999999999999
2016-11-25 00:00:00,96.95999999999998
2016-11-28 00:00:00,97.01999999999998
2016-11-29 00:00:00,97.05999999999999
2016-11-30 00:00:00,96.98999999999998
2016-12-01 00:00:00,96.89999999999999
2016-12-02 00:00:00,96.95999999999998
2016-12-05 00:00:00,96.93999999999998
2016-12-06 00:00:00,96.93999999999998
2016-12-07 00:00:00,96.99999999999999
2016-12-08 00:00:00,96.96999999999998
2016-12-09 00:00:00,96.87999999999998
2016-12-12 00:00:00,96.87999999999998
2016-12-13 00:00:00,96.85999999999999
2016-12-14 00:00:00,96.75999999999999
2016-12-15 00:00:00,96.60999999999999
2016-12-16 00:00:00,96.63
2016-12-19 00:00:00,96.67999999999999
2016-12-20 00:00:00,96.65999999999998
2016-12-21 00:00:00,96.67999999999999
2016-12-22 00:00:00,96.67999999999999
2016-12-23 00:00:00,96.68999999999998
2016-12-27 00:00:00,96.65999999999998
2016-12-28 00:00:00,96.74
2016-12-29 00:00:00,96.77999999999999
2016-12-30 00:00:00,96.82
2017-01-03 00:00:00,96.82
2017-01-04 00:00:00,96.83999999999999
2017-01-05 00:00:00,96.93999999999998
2017-01-06 00:00:00,96.85999999999999
2017-01-09 00:00:00,96.89999999999999
2017-01-10 00:00:00,96.91999999999999
2017-01-11 00:00:00,96.91999999999999
2017-01-12 00:00:00,96.91999999999999
2017-01-13 00:00:00,96.89999999999999
2017-01-17 00:00:00,96.97999999999999
2017-01-18 00:00:00,96.90999999999998
2017-01-19 00:00:00,96.80999999999999
2017-01-20 00:00:00,96.82
2017-01-23 00:00:00,96.89999999999999
2017-01-24 00:00:00,96.83999999999999
2017-01-25 00:00:00,96.75999999999999
2017-01-26 00:00:00,96.77999999999999
2017-01-27 00:00:00,96.80999999999999
2017-01-30 00:00:00,96.82
2017-01-31 00:00:00,96.85999999999999
2017-02-01 00:00:00,96.82
2017-02-02 00:00:00,96.82999999999998
2017-02-03 00:00:00,96.80999999999999
2017-02-06 00:00:00,96.89999999999999
2017-02-07 00:00:00,96.91999999999999
2017-02-08 00:00:00,96.96999999999998
2017-02-09 00:00:00,96.90999999999998
2017-02-10 00:00:00,96.88
2017-02-13 00:00:00,96.85
2017-02-14 00:00:00,96.79999999999998
2017-02-15 00:00:00,96.75999999999999
2017-02-16 00:00:00,96.82
2017-02-17 00:00:00,96.83999999999999
2017-02-21 00:00:00,96.82
2017-02-22 00:00:00,96.83999999999999
2017-02-23 00:00:00,96.88
2017-02-24 00:00:00,96.96
2017-02-27 00:00:00,96.88
2017-02-28 00:00:00,96.88
2017-03-01 00:00:00,96.75999999999999
2017-03-02 00:00:00,96.71
2017-03-03 00:00:00,96.71
2017-03-06 00:00:00,96.72999999999999
2017-03-07 00:00:00,96.71999999999998
2017-03-08 00:00:00,96.66999999999999
2017-03-09 00:00:00,96.6
2017-03-10 00:00:00,96.61999999999999
2017-03-13 00:00:00,96.6
2017-03-14 00:00:00,96.6
2017-03-15 00:00:00,96.71999999999998
2017-03-16 00:00:00,96.71999999999998
2017-03-17 00:00:00,96.72999999999998
2017-03-20 00:00:00,96.76999999999998
2017-03-21 00:00:00,96.81999999999998
2017-03-22 00:00:00,96.85999999999999
2017-03-23 00:00:00,96.82999999999998
2017-03-24 00:00:00,96.83999999999997
2017-03-27 00:00:00,96.87999999999998
2017-03-28 00:00:00,96.83999999999997
2017-03-29 00:00:00,96.84999999999998
2017-03-30 00:00:00,96.79999999999998
2017-03-31 00:00:00,96.82999999999998
2017-04-03 00:00:00,96.89999999999998
2017-04-04 00:00:00,96.91999999999999
2017-04-05 00:00:00,96.95999999999998
2017-04-06 00:00:00,96.94999999999997
2017-04-07 00:00:00,96.90999999999998
2017-04-10 00:00:00,96.92999999999998
2017-04-11 00:00:00,97.01999999999998
2017-04-12 00:00:00,97.01999999999998
2017-04-13 00:00:00,97.08999999999997
2017-04-17 00:00:00,97.06999999999998
2017-04-18 00:00:00,97.15999999999998
2017-04-19 00:00:00,97.13999999999999
2017-04-20 00:00:00,97.06999999999998
2017-04-21 00:00:00,97.07999999999998
2017-04-24 00:00:00,97.03999999999998
2017-04-25 00:00:00,96.97999999999998
2017-04-26 00:00:00,96.99999999999999
2017-04-27 00:00:00,97.03999999999998
2017-04-28 00:00:00,97.03999999999998
2017-05-01 00:00:00,96.99999999999999
2017-05-02 00:00:00,97.03999999999998
2017-05-03 00:00:00,97.00999999999998
2017-05-04 00:00:00,96.97999999999998
2017-05-05 00:00:00,96.97999999999998
2017-05-08 00:00:00,96.95999999999998
2017-05-09 00:00:00,96.93999999999998
2017-05-10 00:00:00,96.95999999999998
2017-05-11 00:00:00,96.95999999999998
2017-05-12 00:00:00,97.04999999999998
2017-05-15 00:00:00,97.05999999999997
2017-05-16 00:00:00,97.06999999999998
2017-05-17 00:00:00,97.19999999999997
2017-05-18 00:00:00,97.16999999999999
2017-05-19 00:00:00,97.13999999999999
2017-05-22 00:00:00,97.12999999999998
2017-05-23 00:00:00,97.09999999999998
2017-05-24 00:00:00,97.11999999999998
2017-05-25 00:00:00,97.13999999999999
2017-05-26 00:00:00,97.12999999999998
2017-05-30 00:00:00,97.17999999999998
2017-05-31 00:00:00,97.19999999999997
2017-06-01 00:00:00,97.18999999999998
2017-06-02 00:00:00,97.23999999999998
2017-06-05 00:00:00,97.21999999999998
2017-06-06 00:00:00,97.24999999999999
2017-06-07 00:00:00,97.20999999999998
2017-06-08 00:00:00,97.19999999999997
2017-06-09 00:00:00,97.19999999999997
2017-06-12 00:00:00,97.19999999999997
2017-06-13 00:00:00,97.16999999999999
2017-06-14 00:00:00,97.23999999999998
2017-06-15 00:00:00,97.20999999999998
2017-06-16 00:00:00,97.23999999999997
2017-06-19 00:00:00,97.19999999999997
2017-06-20 00:00:00,97.23999999999997
2017-06-21 00:00:00,97.23999999999997
2017-06-22 00:00:00,97.27999999999997
2017-06-23 00:00:00,97.25999999999998
2017-06-26 00:00:00,97.25999999999998
2017-06-27 00:00:00,97.19999999999997
2017-06-28 00:00:00,97.18999999999997
2017-06-29 00:00:00,97.13999999999997
2017-06-30 00:00:00,97.09999999999997
2017-07-03 00:00:00,97.03999999999998
2017-07-05 00:00:00,97.03999999999998
2017-07-06 00:00:00,97.00999999999998
2017-07-07 00:00:00,96.99999999999997
2017-07-10 00:00:00,97.02999999999997
2017-07-11 00:00:00,97.05999999999997
2017-07-12 00:00:00,97.09999999999997
2017-07-13 00:00:00,97.09999999999997
2017-07-14 00:00:00,97.13999999999997
2017-07-17 00:00:00,97.15999999999997
2017-07-18 00:00:00,97.19999999999997
2017-07-19 00:00:00,97.17999999999998
2017-07-20 00:00:00,97.17999999999998
2017-07-21 00:00:00,97.19999999999997
2017-07-24 00:00:00,97.18999999999997
2017-07-25 00:00:00,97.11999999999998
2017-07-26 00:00:00,97.17999999999998
2017-07-27 00:00:00,97.16999999999997
2017-07-28 00:00:00,97.19999999999997
2017-07-31 00:00:00,97.18999999999997
2017-08-01 00:00:00,97.22999999999998
2017-08-02 00:00:00,97.21999999999997
2017-08-03 00:00:00,97.23999999999997
2017-08-04 00:00:00,97.20999999999998
2017-08-07 00:00:00,97.21999999999997
2017-08-08 00:00:00,97.19999999999997
2017-08-09 00:00:00,97.22999999999998
2017-08-10 00:00:00,97.25999999999998
2017-08-11 00:00:00,97.29999999999997
2017-08-14 00:00:00,97.26999999999997
2017-08-15 00:00:00,97.21999999999997
2017-08-16 00:00:00,97.25999999999998
2017-08-17 00:00:00,97.29999999999997
2017-08-18 00:00:00,97.29999999999997
2017-08-21 00:00:00,97.31999999999998
2017-08-22 00:00:00,97.27999999999997
2017-08-23 00:00:00,97.32999999999997
2017-08-24 00:00:00,97.30999999999997
2017-08-25 00:00:00,97.31999999999998
2017-08-28 00:00:00,97.35999999999997
2017-08-29 00:00:00,97.37999999999997
2017-08-30 00:00:00,97.35999999999997
2017-08-31 00:00:00,97.37999999999997
2017-09-01 00:00:00,97.35999999999997
2017-09-05 00:00:00,97.44999999999997
2017-09-06 00:00:00,97.39999999999998
2017-09-07 00:00:00,97.43999999999997
2017-09-08 00:00:00,97.43999999999997
2017-09-11 00:00:00,97.37999999999997
2017-09-12 00:00:00,97.31999999999998
2017-09-13 00:00:00,97.29999999999997
2017-09-14 00:00:00,97.25999999999998
2017-09-15 00:00:00,97.23999999999997
2017-09-18 00:00:00,97.21999999999997
2017-09-19 00:00:00,97.21999999999997
2017-09-20 00:00:00,97.15999999999997
2017-09-21 00:00:00,97.14999999999996
2017-09-22 00:00:00,97.16999999999996
2017-09-25 00:00:00,97.21999999999997
2017-09-26 00:00:00,97.20999999999997
2017-09-27 00:00:00,97.13999999999996
2017-09-28 00:00:00,97.14999999999996
2017-09-29 00:00:00,97.11999999999996
2017-10-02 00:00:00,97.10999999999997
2017-10-03 00:00:00,97.11999999999996
2017-10-04 00:00:00,97.11999999999996
2017-10-05 00:00:00,97.09999999999997
2017-10-06 00:00:00,97.07999999999997
2017-10-09 00:00:00,97.07999999999997
2017-10-10 00:00:00,97.09999999999997
2017-10-11 00:00:00,97.09999999999997
2017-10-12 00:00:00,97.11999999999996
2017-10-13 00:00:00,97.15999999999997
2017-10-16 00:00:00,97.09999999999997
2017-10-17 00:00:00,97.08999999999996
2017-10-18 00:00:00,97.05999999999996
2017-10-19 00:00:00,97.06999999999996
2017-10-20 00:00:00,97.01999999999997
2017-10-23 00:00:00,97.03999999999996
2017-10-24 00:00:00,97.00999999999996
2017-10-25 00:00:00,96.96999999999997
2017-10-26 00:00:00,96.95999999999997
2017-10-27 00:00:00,96.99999999999997
2017-10-30 00:00:00,97.05999999999996
2017-10-31 00:00:00,97.04999999999997
2017-11-01 00:00:00,97.03999999999996
2017-11-02 00:00:00,97.05999999999996
2017-11-03 00:00:00,97.05999999999996
2017-11-06 00:00:00,97.08999999999996
2017-11-07 00:00:00,97.08999999999996
2017-11-08 00:00:00,97.07999999999997
2017-11-09 00:00:00,97.07999999999997
2017-11-10 00:00:00,97.01999999999997
2017-11-13 00:00:00,96.99999999999997
2017-11-14 00:00:00,97.01999999999997
2017-11-15 00:00:00,97.05999999999996
2017-11-16 00:00:00,97.01999999999997
2017-11-17 00:00:00,97.02999999999996
2017-11-20 00:00:00,96.99999999999997
2017-11-21 00:00:00,96.97999999999996
2017-11-22 00:00:00,97.04999999999997
2017-11-24 00:00:00,97.01999999999997
2017-11-27 00:00:00,97.03999999999996
2017-11-28 00:00:00,97.02999999999996
2017-11-29 00:00:00,96.99999999999997
2017-11-30 00:00:00,96.94999999999996
2017-12-01 00:00:00,96.97999999999996
2017-12-04 00:00:00,96.94999999999996
2017-12-05 00:00:00,96.95999999999997
2017-12-06 00:00:00,96.99999999999997
2017-12-07 00:00:00,96.95999999999997
2017-12-08 00:00:00,96.96999999999997
2017-12-11 00:00:00,96.94999999999996
2017-12-12 00:00:00,96.93999999999997
2017-12-13 00:00:00,96.99999999999997
2017-12-14 00:00:00,96.99999999999997
2017-12-15 00:00:00,96.97999999999996
2017-12-18 00:00:00,96.95999999999995
2017-12-19 00:00:00,96.90999999999995
2017-12-20 00:00:00,96.87999999999995
2017-12-21 00:00:00,96.86999999999996
2017-12-22 00:00:00,96.86999999999996
2017-12-26 00:00:00,96.88999999999996
2017-12-27 00:00:00,96.92999999999995
2017-12-28 00:00:00,96.90999999999995
2017-12-29 00:00:00,96.92999999999995
2018-01-02 00:00:00,96.88999999999996
2018-01-03 00:00:00,96.89999999999995
2018-01-04 00:00:00,96.86999999999996
2018-01-05 00:00:00,96.84999999999995
2018-01-08 00:00:00,96.84999999999995
2018-01-09 00:00:00,96.80999999999996
2018-01-10 00:00:00,96.80999999999996
2018-01-11 00:00:00,96.81999999999995
2018-01-12 00:00:00,96.77999999999996
2018-01-16 00:00:00,96.76999999999995
2018-01-17 00:00:00,96.71999999999996
2018-01-18 00:00:00,96.68999999999996
2018-01-19 00:00:00,96.62999999999995
2018-01-22 00:00:00,96.60999999999996
2018-01-23 00:00:00,96.65999999999995
2018-01-24 00:00:00,96.62999999999995
2018-01-25 00:00:00,96.65999999999995
2018-01-26 00:00:00,96.60999999999996
2018-01-29 00:00:00,96.56999999999995
2018-01-30 00:00:00,96.54999999999995
2018-01-31 00:00:00,96.50999999999996
2018-02-01 00:00:00,96.46999999999996
2018-02-02 00:00:00,96.38999999999996
2018-02-05 00:00:00,96.48999999999995
2018-02-06 00:00:00,96.50999999999996
2018-02-07 00:00:00,96.44999999999996
2018-02-08 00:00:00,96.44999999999996
2018-02-09 00:00:00,96.50999999999996
2018-02-12 00:00:00,96.46999999999996
2018-02-13 00:00:00,96.47999999999996
2018-02-14 00:00:00,96.37999999999995
2018-02-15 00:00:00,96.38999999999996
2018-02-16 00:00:00,96.40999999999995
2018-02-20 00:00:00,96.37999999999995
2018-02-21 00:00:00,96.32999999999996
2018-02-22 00:00:00,96.36999999999996
2018-02-23 00:00:00,96.41999999999996
2018-02-26 00:00:00,96.42999999999995
2018-02-27 00:00:00,96.34999999999995
2018-02-28 00:00:00,96.38999999999996
2018-03-01 00:00:00,96.48999999999995
2018-03-02 00:00:00,96.42999999999995
2018-03-05 00:00:00,96.40999999999995
2018-03-06 00:00:00,96.38999999999996
2018-03-07 00:00:00,96.38999999999996
2018-03-08 00:00:00,96.38999999999996
2018-03-09 00:00:00,96.36999999999996
2018-03-12 00:00:00,96.36999999999996
2018-03-13 00:00:00,96.37999999999995
2018-03-14 00:00:00,96.40999999999995
2018-03-15 00:00:00,96.40999999999995
2018-03-16 00:00:00,96.36999999999996
2018-03-19 00:00:00,96.38999999999996
2018-03-20 00:00:00,96.34999999999995
2018-03-21 00:00:00,96.28999999999995
2018-03-22 00:00:00,96.38999999999996
2018-03-23 00:00:00,96.40999999999995
2018-03-26 00:00:00,96.38999999999996
2018-03-27 00:00:00,96.46999999999996
2018-03-28 00:00:00,96.48999999999995
2018-03-29 00:00:00,96.48999999999995
2018-04-02 00:00:00,96.50999999999996
2018-04-03 00:00:00,96.46999999999996
2018-04-04 00:00:00,96.44999999999996
2018-04-05 00:00:00,96.40999999999995
2018-04-06 00:00:00,96.46999999999996
2018-04-09 00:00:00,96.46999999999996
2018-04-10 00:00:00,96.44999999999996
2018-04-11 00:00:00,96.44999999999996
2018-04-12 00:00:00,96.38999999999996
2018-04-13 00:00:00,96.39999999999995
2018-04-16 00:00:00,96.39999999999995
2018-04-17 00:00:00,96.40999999999995
2018-04-18 00:00:00,96.35999999999996
2018-04-19 00:00:00,96.31999999999995
2018-04-20 00:00:00,96.27999999999996
2018-04-23 00:00:00,96.25999999999996
2018-04-24 00:00:00,96.26999999999995
2018-04-25 00:00:00,96.22999999999996
2018-04-26 00:00:00,96.24999999999996
2018-04-27 00:00:00,96.26999999999995
2018-04-30 00:00:00,96.28999999999995
2018-05-01 00:00:00,96.25999999999996
2018-05-02 00:00:00,96.26999999999995
2018-05-03 00:00:00,96.28999999999995
2018-05-04 00:00:00,96.29999999999995
2018-05-07 00:00:00,96.28999999999995
2018-05-08 00:00:00,96.26999999999995
2018-05-09 00:00:00,96.22999999999996
2018-05-10 00:00:00,96.24999999999996
2018-05-11 00:00:00,96.26999999999995
2018-05-14 00:00:00,96.24999999999996
2018-05-15 00:00:00,96.16999999999996
2018-05-16 00:00:00,96.13999999999996
2018-05-17 00:00:00,96.13999999999996
2018-05-18 00:00:00,96.18999999999996
2018-05-21 00:00:00,96.17999999999995
2018-05-22 00:00:00,96.17999999999995
2018-05-23 00:00:00,96.24999999999996
2018-05-24 00:00:00,96.26999999999995
2018-05-25 00:00:00,96.32999999999996
2018-05-29 00:00:00,96.54999999999995
2018-05-30 00:00:00,96.42999999999995
2018-05-31 00:00:00,96.42999999999995
2018-06-01 00:00:00,96.34999999999995
2018-06-04 00:00:00,96.28999999999995
2018-06-05 00:00:00,96.30999999999996
2018-06-06 00:00:00,96.26999999999995
2018-06-07 00:00:00,96.29999999999995
2018-06-08 00:00:00,96.28999999999995
2018-06-11 00:00:00,96.26999999999995
2018-06-12 00:00:00,96.26999999999995
2018-06-13 00:00:00,96.22999999999996
2018-06-14 00:00:00,96.25999999999996
2018-06-15 00:00:00,96.28999999999995
2018-06-18 00:00:00,96.28999999999995
2018-06-19 00:00:00,96.32999999999996
2018-06-20 00:00:00,96.29999999999995
2018-06-21 00:00:00,96.32999999999996
2018-06-22 00:00:00,96.31999999999995
2018-06-25 00:00:00,96.35999999999996
2018-06-26 00:00:00,96.34999999999995
2018-06-27 00:00:00,96.40999999999995
2018-06-28 00:00:00,96.36999999999996
2018-06-29 00:00:00,96.36999999999996
2018-07-02 00:00:00,96.34999999999995
2018-07-03 00:00:00,96.36999999999996
2018-07-05 00:00:00,96.36999999999996
2018-07-06 00:00:00,96.38999999999996
2018-07-09 00:00:00,96.36999999999996
2018-07-10 00:00:00,96.34999999999995
2018-07-11 00:00:00,96.38999999999996
2018-07-12 00:00:00,96.37999999999995
2018-07-13 00:00:00,96.40999999999995
2018-07-16 00:00:00,96.38999999999996
2018-07-17 00:00:00,96.37999999999995
2018-07-18 00:00:00,96.36999999999996
2018-07-19 00:00:00,96.39999999999995
2018-07-20 00:00:00,96.35999999999996
2018-07-23 00:00:00,96.28999999999995
2018-07-24 00:00:00,96.29999999999995
2018-07-25 00:00:00,96.30999999999996
2018-07-26 00:00:00,96.27999999999996
2018-07-27 00:00:00,96.28999999999995
2018-07-30 00:00:00,96.28999999999995
2018-07-31 00:00:00,96.28999999999995
2018-08-01 00:00:00,96.24999999999996
2018-08-02 00:00:00,96.26999999999995
2018-08-03 00:00:00,96.30999999999996
2018-08-06 00:00:00,96.31999999999995
2018-08-07 00:00:00,96.28999999999995
2018-08-08 00:00:00,96.29999999999995
2018-08-09 00:00:00,96.32999999999996
2018-08-10 00:00:00,96.41999999999996
2018-08-13 00:00:00,96.39999999999995
2018-08-14 00:00:00,96.36999999999996
2018-08-15 00:00:00,96.42999999999995
2018-08-16 00:00:00,96.38999999999996
2018-08-17 00:00:00,96.38999999999996
2018-08-20 00:00:00,96.43999999999996
2018-08-21 00:00:00,96.40999999999995
2018-08-22 00:00:00,96.44999999999996
2018-08-23 00:00:00,96.44999999999996
2018-08-24 00:00:00,96.42999999999995
2018-08-27 00:00:00,96.40999999999995
2018-08-28 00:00:00,96.36999999999996
2018-08-29 00:00:00,96.36999999999996
2018-08-30 00:00:00,96.38999999999996
2018-08-31 00:00:00,96.41999999999996
2018-09-04 00:00:00,96.36999999999996
2018-09-05 00:00:00,96.38999999999996
2018-09-06 00:00:00,96.40999999999995
2018-09-07 00:00:00,96.32999999999996
2018-09-10 00:00:00,96.32999999999996
2018-09-11 00:00:00,96.26999999999995
2018-09-12 00:00:00,96.28999999999995
2018-09-13 00:00:00,96.28999999999995
2018-09-14 00:00:00,96.25999999999996
2018-09-17 00:00:00,96.26999999999997
2018-09-18 00:00:00,96.21999999999996
2018-09-19 00:00:00,96.18999999999996
2018-09-20 00:00:00,96.17999999999996
2018-09-21 00:00:00,96.18999999999996
2018-09-24 00:00:00,96.17999999999996
2018-09-25 00:00:00,96.13999999999996
2018-09-26 00:00:00,96.18999999999996
2018-09-27 00:00:00,96.19999999999996
2018-09-28 00:00:00,96.21999999999996
2018-10-01 00:00:00,96.19999999999996
2018-10-02 00:00:00,96.21999999999996
2018-10-03 00:00:00,96.12999999999997
2018-10-04 00:00:00,96.08999999999996
2018-10-05 00:00:00,96.06999999999996
2018-10-08 00:00:00,96.07999999999996
2018-10-09 00:00:00,96.07999999999996
2018-10-10 00:00:00,96.06999999999996
2018-10-11 00:00:00,96.15999999999995
2018-10-12 00:00:00,96.15999999999995
2018-10-15 00:00:00,96.12999999999997
2018-10-16 00:00:00,96.11999999999996
2018-10-17 00:00:00,96.09999999999997
2018-10-18 00:00:00,96.10999999999996
2018-10-19 00:00:00,96.07999999999996
2018-10-22 00:00:00,96.09999999999997
2018-10-23 00:00:00,96.12999999999997
2018-10-24 00:00:00,96.18999999999996
2018-10-25 00:00:00,96.17999999999996
2018-10-26 00:00:00,96.25999999999996
2018-10-29 00:00:00,96.23999999999997
2018-10-30 00:00:00,96.21999999999996
2018-10-31 00:00:00,96.16999999999996
2018-11-01 00:00:00,96.17999999999996
2018-11-02 00:00:00,96.11999999999996
2018-11-05 00:00:00,96.12999999999997
2018-11-06 00:00:00,96.11999999999996
2018-11-07 00:00:00,96.10999999999996
2018-11-08 00:00:00,96.08999999999996
2018-11-09 00:00:00,96.13999999999996
2018-11-12 00:00:00,96.15999999999995
2018-11-13 00:00:00,96.19999999999996
2018-11-14 00:00:00,96.21999999999996
2018-11-15 00:00:00,96.23999999999997
2018-11-16 00:00:00,96.29999999999995
2018-11-19 00:00:00,96.31999999999996
2018-11-20 00:00:00,96.31999999999996
2018-11-21 00:00:00,96.29999999999995
2018-11-23 00:00:00,96.31999999999996
2018-11-26 00:00:00,96.29999999999995
2018-11-27 00:00:00,96.31999999999996
2018-11-28 00:00:00,96.35999999999996
2018-11-29 00:00:00,96.35999999999996
2018-11-30 00:00:00,96.35999999999996
2018-12-03 00:00:00,96.37999999999997
2018-12-04 00:00:00,96.42999999999996
2018-12-06 00:00:00,96.49999999999996
2018-12-07 00:00:00,96.57999999999996
2018-12-10 00:00:00,96.59999999999997
2018-12-11 00:00:00,96.54999999999995
2018-12-12 00:00:00,96.50999999999996
2018-12-13 00:00:00,96.51999999999997
2018-12-14 00:00:00,96.55999999999996
2018-12-17 00:00:00,96.57999999999996
2018-12-18 00:00:00,96.64999999999996
2018-12-19 00:00:00,96.67999999999996
2018-12-20 00:00:00,96.66999999999996
2018-12-21 00:00:00,96.64999999999996
2018-12-24 00:00:00,96.71999999999996
2018-12-26 00:00:00,96.65999999999995
2018-12-27 00:00:00,96.72999999999996
2018-12-28 00:00:00,96.75999999999996
2018-12-31 00:00:00,96.81999999999996
2019-01-02 00:00:00,96.83999999999996
2019-01-03 00:00:00,97.00999999999996
2019-01-04 00:00:00,96.85999999999996
2019-01-07 00:00:00,96.81999999999996
2019-01-08 00:00:00,96.75999999999996
2019-01-09 00:00:00,96.77999999999996
2019-01-10 00:00:00,96.76999999999997
2019-01-11 00:00:00,96.81999999999996
2019-01-14 00:00:00,96.79999999999995
2019-01-15 00:00:00,96.79999999999995
2019-01-16 00:00:00,96.77999999999996
2019-01-17 00:00:00,96.75999999999996
2019-01-18 00:00:00,96.69999999999996
2019-01-22 00:00:00,96.76999999999997
2019-01-23 00:00:00,96.73999999999997
2019-01-24 00:00:00,96.79999999999995
2019-01-25 00:00:00,96.75999999999996
2019-01-28 00:00:00,96.76999999999997
2019-01-29 00:00:00,96.79999999999995
2019-01-30 00:00:00,96.83999999999996
2019-01-31 00:00:00,96.89999999999996
2019-02-01 00:00:00,96.81999999999996
2019-02-04 00:00:00,96.79999999999995
2019-02-05 00:00:00,96.81999999999996
2019-02-06 00:00:00,96.81999999999996
2019-02-07 00:00:00,96.86999999999996
2019-02-08 00:00:00,96.88999999999996
2019-02-11 00:00:00,96.85999999999996
2019-02-12 00:00:00,96.83999999999996
2019-02-13 00:00:00,96.80999999999996
2019-02-14 00:00:00,96.85999999999996
2019-02-15 00:00:00,96.83999999999996
2019-02-19 00:00:00,96.87999999999997
2019-02-20 00:00:00,96.87999999999997
2019-02-21 00:00:00,96.84999999999997
2019-02-22 00:00:00,96.89999999999996
2019-02-25 00:00:00,96.87999999999997
2019-02-26 00:00:00,96.91999999999996
2019-02-27 00:00:00,96.87999999999997
2019-02-28 00:00:00,96.85999999999996
2019-03-01 00:00:00,96.79999999999995
2019-03-04 00:00:00,96.83999999999996
2019-03-05 00:00:00,96.83999999999996
2019-03-06 00:00:00,96.85999999999996
2019-03-07 00:00:00,96.91999999999996
2019-03-08 00:00:00,96.93999999999996
2019-03-11 00:00:00,96.92999999999996
2019-03-12 00:00:00,96.96999999999996
2019-03-13 00:00:00,96.95999999999997
2019-03-14 00:00:00,96.94999999999996
2019-03-15 00:00:00,96.97999999999996
2019-03-18 00:00:00,96.96999999999997
2019-03-19 00:00:00,96.96999999999997
2019-03-20 00:00:00,97.05999999999996
2019-03-21 00:00:00,97.05999999999996
2019-03-22 00:00:00,97.15999999999997
2019-03-25 00:00:00,97.22999999999996
2019-03-26 00:00:00,97.22999999999996
2019-03-27 00:00:00,97.22999999999996
2019-03-28 00:00:00,97.18999999999997
2019-03-29 00:00:00,97.14999999999996
2019-04-01 00:00:00,97.07999999999997
2019-04-02 00:00:00,97.10999999999997
2019-04-03 00:00:00,97.07999999999997
2019-04-04 00:00:00,97.07999999999997
2019-04-05 00:00:00,97.08999999999996
2019-04-08 00:00:00,97.07999999999997
2019-04-09 00:00:00,97.10999999999997
2019-04-10 00:00:00,97.14999999999996
2019-04-11 00:00:00,97.10999999999997
2019-04-12 00:00:00,97.04999999999997
2019-04-15 00:00:00,97.03999999999996
2019-04-16 00:00:00,96.98999999999997
2019-04-17 00:00:00,96.98999999999997
2019-04-18 00:00:00,97.02999999999997
2019-04-22 00:00:00,97.00999999999996
2019-04-23 00:00:00,97.02999999999997
2019-04-24 00:00:00,97.08999999999996
2019-04-25 00:00:00,97.06999999999996
2019-04-26 00:00:00,97.10999999999997
2019-04-29 00:00:00,97.06999999999996
2019-04-30 00:00:00,97.10999999999997
2019-05-01 00:00:00,97.08999999999996
2019-05-02 00:00:00,97.02999999999997
2019-05-03 00:00:00,97.05999999999996
2019-05-06 00:00:00,97.10999999999997
2019-05-07 00:00:00,97.15999999999997
2019-05-08 00:00:00,97.11999999999996
2019-05-09 00:00:00,97.14999999999996
2019-05-10 00:00:00,97.14999999999996
2019-05-13 00:00:00,97.20999999999997
2019-05-14 00:00:00,97.20999999999997
2019-05-15 00:00:00,97.26999999999997
2019-05-16 00:00:00,97.23999999999997
2019-05-17 00:00:00,97.24999999999997
2019-05-20 00:00:00,97.22999999999996
2019-05-21 00:00:00,97.20999999999997
2019-05-22 00:00:00,97.24999999999997
2019-05-23 00:00:00,97.34999999999997
2019-05-24 00:00:00,97.31999999999996
2019-05-28 00:00:00,97.37999999999997
2019-05-29 00:00:00,97.40999999999997
2019-05-30 00:00:00,97.40999999999997
2019-05-31 00:00:00,97.50999999999996
2019-06-03 00:00:00,97.58999999999996
2019-06-04 00:00:00,97.52999999999997
2019-06-05 00:00:00,97.52999999999997
2019-06-06 00:00:00,97.50999999999996
2019-06-07 00:00:00,97.52999999999997
2019-06-10 00:00:00,97.46999999999997
2019-06-11 00:00:00,97.50999999999996
2019-06-12 00:00:00,97.54999999999997
2019-06-13 00:00:00,97.60999999999997
2019-06-14 00:00:00,97.60999999999997
2019-06-17 00:00:00,97.59999999999997
2019-06-18 00:00:00,97.62999999999997
2019-06-19 00:00:00,97.66999999999997
2019-06-20 00:00:00,97.68999999999997
2019-06-21 00:00:00,97.62999999999997
2019-06-24 00:00:00,97.67999999999998
2019-06-25 00:00:00,97.70999999999997
2019-06-26 00:00:00,97.64999999999998
2019-06-27 00:00:00,97.67999999999998
2019-06-28 00:00:00,97.66999999999997
2019-07-01 00:00:00,97.63999999999997
2019-07-02 00:00:00,97.70999999999997
2019-07-03 00:00:00,97.72999999999998
2019-07-05 00:00:00,97.64999999999998
2019-07-08 00:00:00,97.64999999999998
2019-07-09 00:00:00,97.61999999999998
2019-07-10 00:00:00,97.61999999999998
2019-07-11 00:00:00,97.54999999999997
2019-07-12 00:00:00,97.56999999999998
2019-07-15 00:00:00,97.58999999999997
2019-07-16 00:00:00,97.55999999999997
2019-07-17 00:00:00,97.61999999999998
2019-07-18 00:00:00,97.65999999999997
2019-07-19 00:00:00,97.64999999999998
2019-07-22 00:00:00,97.65999999999997
2019-07-23 00:00:00,97.62999999999997
2019-07-24 00:00:00,97.64999999999998
2019-07-25 00:00:00,97.62999999999997
2019-07-26 00:00:00,97.62999999999997
2019-07-29 00:00:00,97.64999999999998
2019-07-30 00:00:00,97.64999999999998
2019-07-31 00:00:00,97.65999999999997
2019-08-01 00:00:00,97.81999999999998
2019-08-02 00:00:00,97.82999999999997
2019-08-05 00:00:00,97.99999999999997
2019-08-06 00:00:00,97.98999999999997
2019-08-07 00:00:00,98.06999999999998
2019-08-08 00:00:00,98.02999999999997
2019-08-09 00:00:00,97.98999999999997
2019-08-12 00:00:00,98.06999999999998
2019-08-13 00:00:00,97.96999999999997
2019-08-14 00:00:00,98.04999999999997
2019-08-15 00:00:00,98.10999999999997
2019-08-16 00:00:00,98.10999999999997
2019-08-19 00:00:00,98.05999999999997
2019-08-20 00:00:00,98.08999999999997
2019-08-21 00:00:00,98.06999999999998
2019-08-22 00:00:00,98.04999999999997
2019-08-23 00:00:00,98.12999999999997
2019-08-26 00:00:00,98.10999999999997
2019-08-27 00:00:00,98.16999999999997
2019-08-28 00:00:00,98.20999999999997
2019-08-29 00:00:00,98.16999999999997
2019-08-30 00:00:00,98.18999999999997
2019-09-03 00:00:00,98.23999999999997
2019-09-04 00:00:00,98.25999999999998
2019-09-05 00:00:00,98.13999999999997
2019-09-06 00:00:00,98.14999999999998
2019-09-09 00:00:00,98.07999999999997
2019-09-10 00:00:00,97.99999999999997
2019-09-11 00:00:00,97.95999999999997
2019-09-12 00:00:00,97.88999999999997
2019-09-13 00:00:00,97.78999999999998
2019-09-16 00:00:00,97.84999999999997
2019-09-17 00:00:00,97.87999999999995
2019-09-18 00:00:00,97.89999999999996
2019-09-19 00:00:00,97.91999999999996
2019-09-20 00:00:00,97.91999999999996
2019-09-23 00:00:00,97.96999999999996
2019-09-24 00:00:00,98.05999999999996
2019-09-25 00:00:00,97.95999999999997
2019-09-26 00:00:00,97.99999999999996
2019-09-27 00:00:00,97.99999999999996
2019-09-30 00:00:00,97.97999999999996
2019-10-01 00:00:00,98.01999999999995
2019-10-02 00:00:00,98.07999999999996
2019-10-03 00:00:00,98.15999999999995
2019-10-04 00:00:00,98.15999999999995
2019-10-07 00:00:00,98.09999999999997
2019-10-08 00:00:00,98.12999999999995
2019-10-09 00:00:00,98.07999999999996
2019-10-10 00:00:00,98.01999999999995
2019-10-11 00:00:00,97.89999999999996
2019-10-14 00:00:00,97.91999999999996
2019-10-15 00:00:00,97.85999999999996
2019-10-16 00:00:00,97.89999999999996
2019-10-17 00:00:00,97.87999999999995
2019-10-18 00:00:00,97.89999999999996
2019-10-21 00:00:00,97.83999999999996
2019-10-22 00:00:00,97.85999999999996
2019-10-23 00:00:00,97.87999999999995
2019-10-24 00:00:00,97.86999999999996
2019-10-25 00:00:00,97.83999999999996
2019-10-28 00:00:00,97.79999999999995
2019-10-29 00:00:00,97.80999999999996
2019-10-30 00:00:00,97.84999999999997
2019-10-31 00:00:00,97.97999999999996
2019-11-01 00:00:00,97.91999999999996
2019-11-04 00:00:00,97.85999999999996
2019-11-05 00:00:00,97.78999999999996
2019-11-06 00:00:00,97.82999999999996
2019-11-07 00:00:00,97.69999999999996
2019-11-08 00:00:00,97.69999999999996
2019-11-11 00:00:00,97.69999999999996
2019-11-12 00:00:00,97.72999999999996
2019-11-13 00:00:00,97.78999999999996
2019-11-14 00:00:00,97.84999999999997
2019-11-15 00:00:00,97.82999999999996
2019-11-18 00:00:00,97.85999999999996
2019-11-19 00:00:00,97.89999999999996
2019-11-20 00:00:00,97.93999999999996
2019-11-21 00:00:00,97.89999999999996
2019-11-22 00:00:00,97.89999999999996
2019-11-25 00:00:00,97.89999999999996
2019-11-26 00:00:00,97.91999999999996
2019-11-27 00:00:00,97.87999999999995
2019-11-29 00:00:00,97.85999999999996
2019-12-02 00:00:00,97.81999999999996
2019-12-03 00:00:00,97.95999999999997
2019-12-04 00:00:00,97.86999999999996
2019-12-05 00:00:00,97.83999999999996
2019-12-06 00:00:00,97.77999999999996
2019-12-09 00:00:00,97.78999999999996
2019-12-10 00:00:00,97.77999999999996
2019-12-11 00:00:00,97.82999999999996
2019-12-12 00:00:00,97.70999999999997
2019-12-13 00:00:00,97.79999999999995
2019-12-16 00:00:00,97.71999999999996
2019-12-17 00:00:00,97.71999999999996
2019-12-18 00:00:00,97.69999999999996
2019-12-19 00:00:00,97.71999999999996
2019-12-20 00:00:00,97.69999999999996
2019-12-23 00:00:00,97.66999999999996
2019-12-24 00:00:00,97.69999999999996
2019-12-26 00:00:00,97.70999999999995
2019-12-27 00:00:00,97.73999999999995
2019-12-30 00:00:00,97.71999999999996
2019-12-31 00:00:00,97.69999999999996
2020-01-02 00:00:00,97.73999999999995
2020-01-03 00:00:00,97.83999999999996
2020-01-06 00:00:00,97.84999999999995
2020-01-07 00:00:00,97.82999999999996
2020-01-08 00:00:00,97.76999999999995
2020-01-09 00:00:00,97.78999999999995
2020-01-10 00:00:00,97.81999999999995
2020-01-13 00:00:00,97.79999999999995
2020-01-14 00:00:00,97.82999999999996
2020-01-15 00:00:00,97.83999999999996
2020-01-16 00:00:00,97.81999999999995
2020-01-17 00:00:00,97.79999999999995
2020-01-21 00:00:00,97.86999999999996
2020-01-22 00:00:00,97.87999999999995
2020-01-23 00:00:00,97.89999999999995
2020-01-24 00:00:00,97.97999999999996
2020-01-27 00:00:00,98.05999999999996
2020-01-28 00:00:00,98.01999999999995
2020-01-29 00:00:00,98.06999999999995
2020-01-30 00:00:00,98.11999999999996
2020-01-31 00:00:00,98.15999999999995
2020-02-03 00:00:00,98.14999999999995
2020-02-04 00:00:00,98.05999999999996
2020-02-05 00:00:00,98.00999999999995
2020-02-06 00:00:00,98.00999999999995
2020-02-07 00:00:00,98.06999999999995
2020-02-10 00:00:00,98.11999999999996
2020-02-11 00:00:00,98.07999999999996
2020-02-12 00:00:00,98.01999999999995
2020-02-13 00:00:00,98.02999999999996
2020-02-14 00:00:00,98.06999999999995
2020-02-18 00:00:00,98.09999999999995
2020-02-19 00:00:00,98.07999999999996
2020-02-20 00:00:00,98.12999999999995
2020-02-21 00:00:00,98.19999999999996
2020-02-24 00:00:00,98.28999999999995
2020-02-25 00:00:00,98.33999999999996
2020-02-26 00:00:00,98.33999999999996
2020-02-27 00:00:00,98.33999999999996
2020-02-28 00:00:00,98.48999999999995
2020-03-02 00:00:00,98.48999999999995
2020-03-03 00:00:00,98.57999999999996
2020-03-04 00:00:00,98.59999999999995
2020-03-05 00:00:00,98.65999999999995
2020-03-06 00:00:00,98.71999999999996
2020-03-09 00:00:00,98.83999999999996
2020-03-10 00:00:00,98.67999999999995
2020-03-11 00:00:00,98.67999999999995
2020-03-12 00:00:00,98.67999999999995
2020-03-13 00:00:00,98.54999999999995
2020-03-16 00:00:00,98.72999999999996
2020-03-17 00:00:00,98.64999999999996
2020-03-18 00:00:00,98.50999999999996
2020-03-19 00:00:00,98.64999999999996
2020-03-20 00:00:00,98.84999999999995
2020-03-23 00:00:00,98.92999999999995
2020-03-24 00:00:00,98.83999999999996
2020-03-25 00:00:00,98.78999999999995
2020-03-26 00:00:00,98.86999999999996
2020-03-27 00:00:00,98.90999999999995
2020-03-30 00:00:00,98.93999999999996
2020-03-31 00:00:00,98.93999999999996
2020-04-01 00:00:00,98.96999999999996
2020-04-02 00:00:00,98.92999999999995
2020-04-03 00:00:00,98.94999999999996
2020-04-06 00:00:00,98.86999999999996
2020-04-07 00:00:00,98.80999999999996
2020-04-08 00:00:00,98.80999999999996
2020-04-09 00:00:00,98.84999999999995
2020-04-13 00:00:00,98.84999999999995
2020-04-14 00:00:00,98.86999999999996
2020-04-15 00:00:00,98.97999999999996
2020-04-16 00:00:00,98.98999999999995
2020-04-17 00:00:00,98.96999999999996
2020-04-20 00:00:00,98.98999999999995
2020-04-21 00:00:00,99.01999999999995
2020-04-22 00:00:00,98.98999999999995
2020-04-23 00:00:00,98.99999999999996
2020-04-24 00:00:00,99.00999999999996
2020-04-27 00:00:00,98.96999999999996
2020-04-28 00:00:00,99.00999999999996
2020-04-29 00:00:00,99.02999999999996
2020-04-30 00:00:00,99.03999999999995
2020-05-01 00:00:00,99.02999999999996
2020-05-04 00:00:00,99.04999999999995
2020-05-05 00:00:00,99.01999999999995
2020-05-06 00:00:00,99.02999999999996
2020-05-07 00:00:00,99.12999999999995
2020-05-08 00:00:00,99.10999999999996
2020-05-11 00:00:00,99.08999999999996
2020-05-12 00:00:00,99.09999999999995
2020-05-13 00:00:00,99.11999999999996
2020-05-14 00:00:00,99.12999999999995
2020-05-15 00:00:00,99.10999999999996
2020-05-18 00:00:00,99.01999999999995
2020-05-19 00:00:00,99.04999999999995
2020-05-20 00:00:00,99.06999999999995
2020-05-21 00:00:00,99.05999999999996
2020-05-22 00:00:00,99.06999999999995
2020-05-26 00:00:00,99.05999999999996
2020-05-27 00:00:00,99.05999999999996
2020-05-28 00:00:00,99.04999999999995
2020-05-29 00:00:00,99.08999999999996
2020-06-01 00:00:00,99.08999999999996
2020-06-02 00:00:00,99.07999999999996
2020-06-03 00:00:00,99.02999999999996
2020-06-04 00:00:00,98.98999999999995
2020-06-05 00:00:00,98.86999999999996
2020-06-08 00:00:00,98.92999999999995
2020-06-09 00:00:00,98.97999999999996
2020-06-10 00:00:00,99.05999999999996
2020-06-11 00:00:00,99.10999999999996
2020-06-12 00:00:00,99.08999999999996
2020-06-15 00:00:00,99.08999999999996
2020-06-16 00:00:00,99.05999999999997
2020-06-17 00:00:00,99.09999999999997
2020-06-18 00:00:00,99.10999999999997
2020-06-19 00:00:00,99.09999999999997
2020-06-22 00:00:00,99.09999999999997
2020-06-23 00:00:00,99.09999999999997
2020-06-24 00:00:00,99.11999999999996
2020-06-25 00:00:00,99.11999999999996
2020-06-26 00:00:00,99.13999999999997
2020-06-29 00:00:00,99.16999999999997
2020-06-30 00:00:00,99.15999999999997
2020-07-01 00:00:00,99.11999999999996
2020-07-02 00:00:00,99.14999999999996
2020-07-06 00:00:00,99.13999999999997
2020-07-07 00:00:00,99.15999999999997
2020-07-08 00:00:00,99.16999999999997
2020-07-09 00:00:00,99.17999999999996
2020-07-10 00:00:00,99.13999999999997
2020-07-13 00:00:00,99.14999999999996
2020-07-14 00:00:00,99.17999999999996
2020-07-15 00:00:00,99.15999999999997
2020-07-16 00:00:00,99.17999999999996
2020-07-17 00:00:00,99.15999999999997
2020-07-20 00:00:00,99.16999999999997
2020-07-21 00:00:00,99.17999999999996
2020-07-22 00:00:00,99.18999999999997
2020-07-23 00:00:00,99.19999999999997
2020-07-24 00:00:00,99.19999999999997
2020-07-27 00:00:00,99.17999999999996
2020-07-28 00:00:00,99.19999999999997
2020-07-29 00:00:00,99.20999999999997
2020-07-30 00:00:00,99.23999999999997
2020-07-31 00:00:00,99.24999999999997
2020-08-03 00:00:00,99.23999999999997
2020-08-04 00:00:00,99.26999999999997
2020-08-05 00:00:00,99.23999999999997
2020-08-06 00:00:00,99.23999999999997
2020-08-07 00:00:00,99.21999999999997
2020-08-10 00:00:00,99.20999999999997
2020-08-11 00:00:00,99.14999999999996
2020-08-12 00:00:00,99.15999999999997
2020-08-13 00:00:00,99.13999999999997
2020-08-14 00:00:00,99.13999999999997
2020-08-17 00:00:00,99.17999999999996
2020-08-18 00:00:00,99.17999999999996
2020-08-19 00:00:00,99.19999999999997
2020-08-20 00:00:00,99.19999999999997
2020-08-21 00:00:00,99.17999999999996
2020-08-24 00:00:00,99.17999999999996
2020-08-25 00:00:00,99.15999999999997
2020-08-26 00:00:00,99.15999999999997
2020-08-27 00:00:00,99.13999999999997
2020-08-28 00:00:00,99.17999999999996
2020-08-31 00:00:00,99.17999999999996
2020-09-01 00:00:00,99.19999999999997
2020-09-02 00:00:00,99.19999999999997
2020-09-03 00:00:00,99.20999999999997
2020-09-04 00:00:00,99.13999999999997
2020-09-08 00:00:00,99.17999999999996
2020-09-09 00:00:00,99.17999999999996
2020-09-10 00:00:00,99.18999999999997
2020-09-11 00:00:00,99.20999999999997
2020-09-14 00:00:00,99.19999999999997
2020-09-15 00:00:00,99.19999999999997
2020-09-16 00:00:00,99.19999999999997
2020-09-17 00:00:00,99.19999999999997
2020-09-18 00:00:00,99.19999999999997
2020-09-21 00:00:00,99.20999999999997
2020-09-22 00:00:00,99.21999999999997
2020-09-23 00:00:00,99.19999999999997
2020-09-24 00:00:00,99.19999999999997
2020-09-25 00:00:00,99.19999999999997
2020-09-28 00:00:00,99.19999999999997
2020-09-29 00:00:00,99.20999999999997
2020-09-30 00:00:00,99.18999999999997
2020-10-01 00:00:00,99.17999999999996
2020-10-02 00:00:00,99.16999999999997
2020-10-05 00:00:00,99.11999999999998
2020-10-06 00:00:00,99.13999999999997
2020-10-07 00:00:00,99.09999999999997
2020-10-08 00:00:00,99.09999999999997
2020-10-09 00:00:00,99.09999999999997
2020-10-12 00:00:00,99.09999999999997
2020-10-13 00:00:00,99.13999999999997
2020-10-14 00:00:00,99.13999999999997
2020-10-15 00:00:00,99.11999999999998
2020-10-16 00:00:00,99.11999999999998
2020-10-19 00:00:00,99.09999999999997
2020-10-20 00:00:00,99.07999999999997
2020-10-21 00:00:00,99.07999999999997
2020-10-22 00:00:00,99.05999999999997
2020-10-23 00:00:00,99.05999999999997
2020-10-26 00:00:00,99.09999999999997
2020-10-27 00:00:00,99.11999999999998
2020-10-28 00:00:00,99.10999999999997
2020-10-29 00:00:00,99.07999999999997
2020-10-30 00:00:00,99.06999999999996
2020-11-02 00:00:00,99.08999999999997
2020-11-03 00:00:00,99.07999999999997
2020-11-04 00:00:00,99.13999999999997
2020-11-05 00:00:00,99.12999999999997
2020-11-06 00:00:00,99.09999999999997
2020-11-09 00:00:00,98.99999999999997
2020-11-10 00:00:00,98.98999999999997
2020-11-11 00:00:00,99.01999999999997
2020-11-12 00:00:00,99.06999999999996
2020-11-13 00:00:00,99.05999999999997
2020-11-16 00:00:00,99.04999999999997
2020-11-17 00:00:00,99.07999999999997
2020-11-18 00:00:00,99.05999999999997
2020-11-19 00:00:00,99.07999999999997
2020-11-20 00:00:00,99.07999999999997
2020-11-23 00:00:00,99.06999999999996
2020-11-24 00:00:00,99.05999999999997
2020-11-25 00:00:00,99.05999999999997
2020-11-27 00:00:00,99.07999999999997
2020-11-30 00:00:00,99.09999999999997
2020-12-01 00:00:00,99.03999999999996
2020-12-02 00:00:00,99.03999999999996
2020-12-03 00:00:00,99.04999999999997
2020-12-04 00:00:00,98.99999999999997
2020-12-07 00:00:00,99.03999999999996
2020-12-08 00:00:00,99.05999999999997
2020-12-09 00:00:00,99.02999999999997
2020-12-10 00:00:00,99.05999999999997
2020-12-11 00:00:00,99.07999999999997
2020-12-14 00:00:00,99.07999999999997
2020-12-15 00:00:00,99.05999999999997
2020-12-16 00:00:00,99.06999999999998
2020-12-17 00:00:00,99.05999999999997
2020-12-18 00:00:00,99.05999999999997
2020-12-21 00:00:00,99.05999999999997
2020-12-22 00:00:00,99.07999999999997
2020-12-23 00:00:00,99.05999999999997
2020-12-24 00:00:00,99.05999999999997
2020-12-28 00:00:00,99.05999999999997
2020-12-29 00:00:00,99.06999999999998
2020-12-30 00:00:00,99.07999999999997
2020-12-31 00:00:00,99.09999999999997
2021-01-04 00:00:00,99.09999999999997
2021-01-05 00:00:00,99.06999999999998
2021-01-06 00:00:00,99.00999999999998
2021-01-07 00:00:00,98.95999999999997
2021-01-08 00:00:00,98.90999999999997
2021-01-11 00:00:00,98.87999999999997
2021-01-12 00:00:00,98.87999999999997
2021-01-13 00:00:00,98.91999999999997
2021-01-14 00:00:00,98.91999999999997
2021-01-15 00:00:00,98.95999999999997
2021-01-19 00:00:00,98.95999999999997
2021-01-20 00:00:00,98.95999999999997
2021-01-21 00:00:00,98.94999999999997
2021-01-22 00:00:00,98.95999999999997
2021-01-25 00:00:00,98.97999999999998
2021-01-26 00:00:00,98.97999999999998
2021-01-27 00:00:00,98.98999999999997
2021-01-28 00:00:00,98.94999999999997
2021-01-29 00:00:00,98.93999999999997
2021-02-01 00:00:00,98.93999999999997
2021-02-02 00:00:00,98.91999999999997
2021-02-03 00:00:00,98.89999999999998
2021-02-04 00:00:00,98.88999999999997
2021-02-05 00:00:00,98.87999999999997
2021-02-08 00:00:00,98.85999999999997
2021-02-09 00:00:00,98.87999999999997
2021-02-10 00:00:00,98.89999999999998
2021-02-11 00:00:00,98.87999999999997
2021-02-12 00:00:00,98.83999999999997
2021-02-16 00:00:00,98.73999999999997
2021-02-17 00:00:00,98.72999999999998
2021-02-18 00:00:00,98.75999999999998
2021-02-19 00:00:00,98.69999999999997
2021-02-22 00:00:00,98.66999999999997
2021-02-23 00:00:00,98.68999999999997
2021-02-24 00:00:00,98.65999999999997
2021-02-25 00:00:00,98.42999999999998
2021-02-26 00:00:00,98.41999999999997
2021-03-01 00:00:00,98.49999999999997
2021-03-02 00:00:00,98.55999999999997
2021-03-03 00:00:00,98.49999999999997
2021-03-04 00:00:00,98.41999999999997
2021-03-05 00:00:00,98.41999999999997
2021-03-08 00:00:00,98.35999999999997
2021-03-09 00:00:00,98.41999999999997
2021-03-10 00:00:00,98.44999999999997
2021-03-11 00:00:00,98.45999999999997
2021-03-12 00:00:00,98.38999999999997
2021-03-15 00:00:00,98.39999999999998
2021-03-16 00:00:00,98.40999999999998
2021-03-17 00:00:00,98.44999999999997
2021-03-18 00:00:00,98.36999999999998
2021-03-19 00:00:00,98.32999999999998
2021-03-22 00:00:00,98.35999999999997
2021-03-23 00:00:00,98.40999999999998
2021-03-24 00:00:00,98.41999999999997
2021-03-25 00:00:00,98.42999999999998
2021-03-26 00:00:00,98.38999999999997
2021-03-29 00:00:00,98.30999999999997
2021-03-30 00:00:00,98.26999999999998
2021-03-31 00:00:00,98.22999999999998
2021-04-01 00:00:00,98.26999999999998
2021-04-05 00:00:00,98.19999999999997
2021-04-06 00:00:00,98.30999999999997
2021-04-07 00:00:00,98.33999999999997
2021-04-08 00:00:00,98.36999999999998
2021-04-09 00:00:00,98.33999999999997
2021-04-12 00:00:00,98.30999999999997
2021-04-13 00:00:00,98.39999999999998
2021-04-14 00:00:00,98.38999999999997
2021-04-15 00:00:00,98.50999999999998
2021-04-16 00:00:00,98.45999999999998
2021-04-19 00:00:00,98.44999999999997
2021-04-20 00:00:00,98.48999999999998
2021-04-21 00:00:00,98.47999999999998
2021-04-22 00:00:00,98.46999999999998
2021-04-23 00:00:00,98.44999999999997
2021-04-26 00:00:00,98.42999999999998
2021-04-27 00:00:00,98.38999999999997
2021-04-28 00:00:00,98.38999999999997
2021-04-29 00:00:00,98.38999999999997
2021-04-30 00:00:00,98.40999999999998
2021-05-03 00:00:00,98.43999999999998
2021-05-04 00:00:00,98.45999999999998
2021-05-05 00:00:00,98.48999999999998
2021-05-06 00:00:00,98.48999999999998
2021-05-07 00:00:00,98.54999999999998
2021-05-10 00:00:00,98.54999999999998
2021-05-11 00:00:00,98.52999999999997
2021-05-12 00:00:00,98.42999999999998
2021-05-13 00:00:00,98.48999999999998
2021-05-14 00:00:00,98.48999999999998
2021-05-17 00:00:00,98.48999999999998
2021-05-18 00:00:00,98.48999999999998
2021-05-19 00:00:00,98.42999999999998
2021-05-20 00:00:00,98.48999999999998
2021-05-21 00:00:00,98.46999999999998
2021-05-24 00:00:00,98.49999999999997
2021-05-25 00:00:00,98.54999999999998
2021-05-26 00:00:00,98.54999999999998
2021-05-27 00:00:00,98.51999999999998
2021-05-28 00:00:00,98.51999999999998
2021-06-01 00:00:00,98.48999999999998
2021-06-02 00:00:00,98.52999999999997
2021-06-03 00:00:00,98.48999999999998
2021-06-04 00:00:00,98.55999999999997
2021-06-07 00:00:00,98.54999999999998
2021-06-08 00:00:00,98.58999999999997
2021-06-09 00:00:00,98.63999999999997
2021-06-10 00:00:00,98.65999999999998
2021-06-11 00:00:00,98.62999999999998
2021-06-14 00:00:00,98.58999999999997
2021-06-15 00:00:00,98.58999999999997
2021-06-16 00:00:00,98.43999999999998
2021-06-17 00:00:00,98.45999999999998
2021-06-18 00:00:00,98.48999999999998
2021-06-21 00:00:00,98.48999999999998
2021-06-22 00:00:00,98.50999999999998
2021-06-23 00:00:00,98.46999999999998
2021-06-24 00:00:00,98.46999999999998
2021-06-25 00:00:00,98.42999999999998
2021-06-28 00:00:00,98.44999999999997
2021-06-29 00:00:00,98.44999999999997
2021-06-30 00:00:00,98.46999999999998
2021-07-01 00:00:00,98.41999999999997
2021-07-02 00:00:00,98.48999999999998
2021-07-06 00:00:00,98.56999999999998
2021-07-07 00:00:00,98.60999999999999
2021-07-08 00:00:00,98.68999999999998
2021-07-09 00:00:00,98.60999999999999
2021-07-12 00:00:00,98.60999999999999
2021-07-13 00:00:00,98.54999999999998
2021-07-14 00:00:00,98.58999999999997
2021-07-15 00:00:00,98.62999999999998
2021-07-16 00:00:00,98.62999999999998
2021-07-19 00:00:00,98.80999999999997
2021-07-20 00:00:00,98.82999999999998
2021-07-21 00:00:00,98.72999999999998
2021-07-22 00:00:00,98.74999999999997
2021-07-23 00:00:00,98.72999999999998
2021-07-26 00:00:00,98.72999999999998
2021-07-27 00:00:00,98.76999999999998
2021-07-28 00:00:00,98.70999999999998
2021-07-29 00:00:00,98.70999999999998
2021-07-30 00:00:00,98.74999999999997
2021-08-02 00:00:00,98.82999999999998
2021-08-03 00:00:00,98.84999999999998
2021-08-04 00:00:00,98.79999999999998
2021-08-05 00:00:00,98.73999999999998
2021-08-06 00:00:00,98.66999999999997
2021-08-09 00:00:00,98.61999999999998
2021-08-10 00:00:00,98.57999999999998
2021-08-11 00:00:00,98.58999999999997
2021-08-12 00:00:00,98.56999999999998
2021-08-13 00:00:00,98.64999999999998
2021-08-16 00:00:00,98.70999999999998
2021-08-17 00:00:00,98.70999999999998
2021-08-18 00:00:00,98.68999999999998
2021-08-19 00:00:00,98.69999999999997
2021-08-20 00:00:00,98.67999999999998
2021-08-23 00:00:00,98.68999999999998
2021-08-24 00:00:00,98.66999999999997
2021-08-25 00:00:00,98.60999999999999
2021-08-26 00:00:00,98.58999999999997
2021-08-27 00:00:00,98.64999999999998
2021-08-30 00:00:00,98.68999999999998
2021-08-31 00:00:00,98.68999999999998
2021-09-01 00:00:00,98.68999999999998
2021-09-02 00:00:00,98.68999999999998
2021-09-03 00:00:00,98.66999999999997
2021-09-07 00:00:00,98.61999999999998
2021-09-08 00:00:00,98.62999999999998
2021-09-09 00:00:00,98.65999999999998
2021-09-10 00:00:00,98.61999999999998
2021-09-13 00:00:00,98.62999999999998
2021-09-14 00:00:00,98.64999999999998
2021-09-15 00:00:00,98.62999999999998
2021-09-16 00:00:00,98.56999999999998
2021-09-17 00:00:00,98.51999999999998
2021-09-20 00:00:00,98.58999999999997
2021-09-21 00:00:00,98.57999999999997
2021-09-22 00:00:00,98.50999999999998
2021-09-23 00:00:00,98.44999999999997
2021-09-24 00:00:00,98.41999999999997
2021-09-27 00:00:00,98.38999999999997
2021-09-28 00:00:00,98.34999999999998
2021-09-29 00:00:00,98.38999999999997
2021-09-30 00:00:00,98.40999999999998
2021-10-01 00:00:00,98.48999999999998
2021-10-04 00:00:00,98.48999999999998
2021-10-05 00:00:00,98.44999999999997
2021-10-06 00:00:00,98.42999999999998
2021-10-07 00:00:00,98.38999999999997
2021-10-08 00:00:00,98.33999999999997
2021-10-11 00:00:00,98.30999999999997
2021-10-12 00:00:00,98.32999999999997
2021-10-13 00:00:00,98.32999999999997
2021-10-14 00:00:00,98.38999999999997
2021-10-15 00:00:00,98.30999999999997
2021-10-18 00:00:00,98.26999999999998
2021-10-19 00:00:00,98.27999999999997
2021-10-20 00:00:00,98.28999999999998
2021-10-21 00:00:00,98.20999999999998
2021-10-22 00:00:00,98.22999999999998
2021-10-25 00:00:00,98.24999999999997
2021-10-26 00:00:00,98.24999999999997
2021-10-27 00:00:00,98.34999999999998
2021-10-28 00:00:00,98.34999999999998
2021-10-29 00:00:00,98.35999999999997
2021-11-01 00:00:00,98.32999999999997
2021-11-02 00:00:00,98.33999999999997
2021-11-03 00:00:00,98.28999999999998
2021-11-04 00:00:00,98.36999999999998
2021-11-05 00:00:00,98.44999999999997
2021-11-08 00:00:00,98.36999999999998
2021-11-09 00:00:00,98.43999999999998
2021-11-10 00:00:00,98.26999999999998
2021-11-11 00:00:00,98.23999999999998
2021-11-12 00:00:00,98.24999999999997
2021-11-15 00:00:00,98.20999999999998
2021-11-16 00:00:00,98.18999999999998
2021-11-17 00:00:00,98.20999999999998
2021-11-18 00:00:00,98.24999999999997
2021-11-19 00:00:00,98.26999999999998
2021-11-22 00:00:00,98.12999999999998
2021-11-23 00:00:00,98.10999999999997
2021-11-24 00:00:00,98.10999999999997
2021-11-26 00:00:00,98.27999999999997
2021-11-29 00:00:00,98.26999999999998
2021-11-30 00:00:00,98.32999999999997
2021-12-01 00:00:00,98.34999999999998
2021-12-02 00:00:00,98.31999999999998
2021-12-03 00:00:00,98.40999999999998
2021-12-06 00:00:00,98.28999999999998
2021-12-07 00:00:00,98.22999999999998
2021-12-08 00:00:00,98.21999999999997
2021-12-09 00:00:00,98.23999999999998
2021-12-10 00:00:00,98.24999999999997
2021-12-13 00:00:00,98.28999999999998
2021-12-14 00:00:00,98.26999999999998
2021-12-15 00:00:00,98.26999999999998
2021-12-16 00:00:00,98.36999999999998
2021-12-17 00:00:00,98.36999999999998
2021-12-20 00:00:00,98.36999999999998
2021-12-21 00:00:00,98.28999999999998
2021-12-22 00:00:00,98.30999999999997
2021-12-23 00:00:00,98.28999999999998
2021-12-27 00:00:00,98.28999999999998
2021-12-28 00:00:00,98.30999999999997
2021-12-29 00:00:00,98.25999999999998
2021-12-30 00:00:00,98.26999999999998
2021-12-31 00:00:00,98.27999999999999
2022-01-03 00:00:00,98.14999999999998
2022-01-04 00:00:00,98.12999999999998
2022-01-05 00:00:00,98.07999999999998
2022-01-06 00:00:00,98.02999999999999
2022-01-07 00:00:00,97.96999999999998
2022-01-10 00:00:00,97.92999999999998
2022-01-11 00:00:00,97.98999999999998
2022-01-12 00:00:00,98.02999999999999
2022-01-13 00:00:00,98.06999999999998
2022-01-14 00:00:00,97.96999999999998
2022-01-18 00:00:00,97.85999999999999
2022-01-19 00:00:00,97.90999999999998
2022-01-20 00:00:00,97.91999999999999
2022-01-21 00:00:00,97.98999999999998
2022-01-24 00:00:00,98.04999999999998
2022-01-25 00:00:00,97.98999999999998
2022-01-26 00:00:00,97.90999999999998
2022-01-27 00:00:00,97.94999999999997
2022-01-28 00:00:00,98.00999999999998
2022-01-31 00:00:00,98.01999999999998
2022-02-01 00:00:00,98.01999999999998
2022-02-02 00:00:00,98.04999999999998
2022-02-03 00:00:00,97.97999999999998
2022-02-04 00:00:00,97.83999999999997
2022-02-07 00:00:00,97.86999999999998
2022-02-08 00:00:00,97.80999999999997
2022-02-09 00:00:00,97.81999999999998
2022-02-10 00:00:00,97.73999999999998
2022-02-11 00:00:00,97.88999999999999
2022-02-14 00:00:00,97.82999999999998
2022-02-15 00:00:00,97.80999999999997
2022-02-16 00:00:00,97.80999999999997
2022-02-17 00:00:00,97.87999999999998
2022-02-18 00:00:00,97.90999999999998
2022-02-22 00:00:00,97.90999999999998
2022-02-23 00:00:00,97.86999999999998
2022-02-24 00:00:00,97.86999999999998
2022-02-25 00:00:00,97.84999999999998
2022-02-28 00:00:00,98.00999999999998
2022-03-01 00:00:00,98.22999999999998
2022-03-02 00:00:00,98.01999999999998
2022-03-03 00:00:00,98.05999999999997
2022-03-04 00:00:00,98.20999999999998
2022-03-07 00:00:00,98.14999999999998
2022-03-08 00:00:00,98.02999999999999
2022-03-09 00:00:00,97.92999999999998
2022-03-10 00:00:00,97.85999999999999
2022-03-11 00:00:00,97.82999999999998
2022-03-14 00:00:00,97.67999999999998
2022-03-15 00:00:00,97.64999999999998
2022-03-16 00:00:00,97.58999999999997
2022-03-17 00:00:00,97.64999999999998
2022-03-18 00:00:00,97.69999999999997
2022-03-21 00:00:00,97.51999999999998
2022-03-22 00:00:00,97.45999999999998
2022-03-23 00:00:00,97.50999999999998
2022-03-24 00:00:00,97.47999999999998
2022-03-25 00:00:00,97.21999999999998
2022-03-28 00:00:00,97.24999999999999
2022-03-29 00:00:00,97.34999999999998
2022-03-30 00:00:00,97.39999999999998
2022-03-31 00:00:00,97.44999999999997
2022-04-01 00:00:00,97.31999999999998
2022-04-04 00:00:00,97.31999999999998
2022-04-05 00:00:00,97.15999999999998
2022-04-06 00:00:00,97.14999999999998
2022-04-07 00:00:00,97.15999999999998
2022-04-08 00:00:00,97.05999999999997
2022-04-11 00:00:00,97.00999999999998
2022-04-12 00:00:00,97.13999999999999
2022-04-13 00:00:00,97.15999999999998
2022-04-14 00:00:00,97.03999999999998
2022-04-18 00:00:00,96.99999999999999
2022-04-19 00:00:00,96.89999999999998
2022-04-20 00:00:00,96.94999999999997
2022-04-21 00:00:00,96.83999999999997
2022-04-22 00:00:00,96.91999999999997
2022-04-25 00:00:00,96.97999999999998
2022-04-26 00:00:00,97.01999999999998
2022-04-27 00:00:00,96.99999999999999
2022-04-28 00:00:00,96.89999999999998
2022-04-29 00:00:00,96.89999999999998
2022-05-02 00:00:00,96.77999999999997
2022-05-03 00:00:00,96.81999999999998
2022-05-04 00:00:00,96.89999999999998
2022-05-05 00:00:00,96.79999999999998
2022-05-06 00:00:00,96.75999999999998
2022-05-06 14:30:00,96.81499999999998
2022-05-06 15:00:00,96.76999999999998
2022-05-06 16:00:00,96.79999999999998
2022-05-06 17:00:00,96.79999999999998
2022-05-06 18:00:00,96.76499999999999
2022-05-06 19:00:00,96.76499999999999
2022-05-06 20:00:00,96.75499999999998
2022-05-06 21:00:00,96.72999999999998
2022-05-09 14:30:00,96.79499999999997
2022-05-09 15:00:00,96.82999999999998
2022-05-09 16:00:00,96.83999999999997
2022-05-09 17:00:00,96.84999999999998
2022-05-09 18:00:00,96.83499999999998
2022-05-09 19:00:00,96.83999999999997
2022-05-09 20:00:00,96.88499999999998
2022-05-09 21:00:00,96.87999999999998
2022-05-10 14:30:00,96.93999999999998
2022-05-10 15:00:00,96.95499999999998
2022-05-10 16:00:00,96.94999999999997
2022-05-10 17:00:00,96.95499999999998
2022-05-10 18:00:00,96.93999999999998
2022-05-10 19:00:00,96.91999999999997
2022-05-10 20:00:00,96.91499999999998
2022-05-10 21:00:00,96.92999999999998
2022-05-11 14:30:00,96.90499999999997
2022-05-11 15:00:00,96.89999999999998
2022-05-11 16:00:00,96.90999999999998
2022-05-11 17:00:00,96.96999999999998
2022-05-11 18:00:00,96.98999999999998
2022-05-11 19:00:00,96.98999999999998
2022-05-11 20:00:00,96.97999999999998
2022-05-11 21:00:00,96.95999999999998
2022-05-12 14:30:00,97.03499999999998
2022-05-12 15:00:00,97.02499999999998
2022-05-12 16:00:00,97.05999999999997
2022-05-12 17:00:00,97.02999999999997
2022-05-12 18:00:00,97.05999999999997
2022-05-12 19:00:00,97.07999999999998
2022-05-12 20:00:00,97.02999999999997
2022-05-12 21:00:00,97.03499999999998
2022-05-13 14:30:00,96.95999999999998
2022-05-13 15:00:00,96.97999999999998
2022-05-13 16:00:00,96.98999999999998
2022-05-13 17:00:00,96.97499999999998
2022-05-13 18:00:00,96.96999999999998
2022-05-13 19:00:00,96.96999999999998
2022-05-13 20:00:00,96.96999999999998
2022-05-13 21:00:00,96.99499999999998
2022-05-13 23:00:00,96.97499999999998
2022-05-16 14:30:00,97.05499999999998
2022-05-16 15:00:00,97.09499999999998
2022-05-16 16:00:00,97.08499999999998
2022-05-16 17:00:00,97.08999999999997
2022-05-16 18:00:00,97.06999999999998
2022-05-16 19:00:00,97.08999999999997
2022-05-16 20:00:00,97.08999999999997
2022-05-16 21:00:00,97.07999999999998
2022-05-17 14:30:00,96.97499999999998
2022-05-17 15:00:00,96.99999999999999
2022-05-17 16:00:00,96.97999999999998
2022-05-17 17:00:00,96.96499999999997
2022-05-17 18:00:00,96.97999999999998
2022-05-17 19:00:00,96.96499999999997
2022-05-17 20:00:00,96.95499999999998
2022-05-17 21:00:00,96.93999999999998
2022-05-18 14:30:00,96.95999999999998
2022-05-18 15:00:00,96.98499999999999
2022-05-18 16:00:00,97.01999999999998
2022-05-18 17:00:00,97.01999999999998
2022-05-18 18:00:00,97.03999999999998
2022-05-18 19:00:00,97.02499999999998
2022-05-18 20:00:00,97.01999999999998
2022-05-18 21:00:00,97.01999999999998
2022-05-19 14:30:00,97.11999999999998
2022-05-19 15:00:00,97.10499999999998
2022-05-19 16:00:00,97.08499999999998
2022-05-19 17:00:00,97.08499999999998
2022-05-19 18:00:00,97.07499999999997
2022-05-19 19:00:00,97.06499999999998
2022-05-19 20:00:00,97.06999999999998
2022-05-19 21:00:00,97.07499999999997
2022-05-20 14:30:00,97.05999999999997
2022-05-20 15:00:00,97.09499999999998
2022-05-20 16:00:00,97.09999999999998
2022-05-20 17:00:00,97.12499999999999
2022-05-20 18:00:00,97.12499999999999
2022-05-20 19:00:00,97.12999999999998
2022-05-20 20:00:00,97.13999999999999
2022-05-20 21:00:00,97.13499999999998
2022-05-23 14:30:00,97.10499999999998
2022-05-23 15:00:00,97.08499999999998
2022-05-23 16:00:00,97.06499999999998
2022-05-23 17:00:00,97.05499999999998
2022-05-23 18:00:00,97.04999999999998
2022-05-23 19:00:00,97.05499999999998
2022-05-23 20:00:00,97.04499999999997
2022-05-23 21:00:00,97.05999999999997
2022-05-24 14:30:00,97.16999999999997
2022-05-24 15:00:00,97.20499999999998
2022-05-24 16:00:00,97.19499999999998
2022-05-24 17:00:00,97.20999999999998
2022-05-24 18:00:00,97.18999999999998
2022-05-24 19:00:00,97.17999999999998
2022-05-24 20:00:00,97.17499999999998
2022-05-24 21:00:00,97.18999999999998
2022-05-25 14:30:00,97.19999999999997
2022-05-25 15:00:00,97.20499999999998
2022-05-25 16:00:00,97.21499999999997
2022-05-25 17:00:00,97.20499999999998
2022-05-25 18:00:00,97.19999999999997
2022-05-25 19:00:00,97.21499999999997
2022-05-25 20:00:00,97.20999999999998
2022-05-25 21:00:00,97.20999999999998
2022-05-26 14:30:00,97.23499999999999
2022-05-26 15:00:00,97.19999999999997
2022-05-26 16:00:00,97.17999999999998
2022-05-26 17:00:00,97.15999999999998
2022-05-26 18:00:00,97.18999999999998
2022-05-26 19:00:00,97.19499999999998
2022-05-26 20:00:00,97.19499999999998
2022-05-26 21:00:00,97.19999999999997
2022-05-27 14:30:00,97.20999999999998
2022-05-27 15:00:00,97.20499999999998
2022-05-27 16:00:00,97.19999999999997
2022-05-27 17:00:00,97.17999999999998
2022-05-27 18:00:00,97.19499999999998
2022-05-27 19:00:00,97.19999999999997
2022-05-27 20:00:00,97.19999999999997
2022-05-27 21:00:00,97.19999999999997
2022-05-27 23:00:00,97.17999999999998
2022-05-31 14:30:00,97.09499999999998
2022-05-31 15:00:00,97.09499999999998
2022-05-31 16:00:00,97.09999999999998
2022-05-31 17:00:00,97.10999999999999
2022-05-31 18:00:00,97.11999999999998
2022-05-31 19:00:00,97.11999999999998
2022-05-31 20:00:00,97.11499999999998
2022-05-31 21:00:00,97.10999999999999
2022-06-01 14:30:00,97.08499999999998
2022-06-01 15:00:00,97.00499999999998
2022-06-01 16:00:00,96.98499999999999
2022-06-01 17:00:00,96.97999999999998
2022-06-01 18:00:00,96.97999999999998
2022-06-01 19:00:00,96.98999999999998
2022-06-01 20:00:00,97.00499999999998
2022-06-01 21:00:00,97.01499999999999
2022-06-02 14:30:00,97.01499999999999
2022-06-02 15:00:00,97.02499999999998
2022-06-02 16:00:00,97.01999999999998
2022-06-02 17:00:00,97.02499999999998
2022-06-02 18:00:00,97.02999999999997
2022-06-02 19:00:00,97.03499999999998
2022-06-02 20:00:00,97.01999999999998
2022-06-02 21:00:00,97.01999999999998
2022-06-03 14:30:00,96.98499999999999
2022-06-03 15:00:00,96.97499999999998
2022-06-03 16:00:00,96.96999999999998
2022-06-03 17:00:00,96.98499999999999
2022-06-03 18:00:00,96.97499999999998
2022-06-03 19:00:00,96.97499999999998
2022-06-03 20:00:00,96.98499999999999
2022-06-03 21:00:00,96.99499999999998
2022-06-06 14:30:00,96.93999999999998
2022-06-06 15:00:00,96.90499999999997
2022-06-06 16:00:00,96.88999999999999
2022-06-06 17:00:00,96.87999999999998
2022-06-06 18:00:00,96.86999999999998
2022-06-06 19:00:00,96.86999999999998
2022-06-06 20:00:00,96.87499999999999
2022-06-06 21:00:00,96.86999999999998
2022-06-07 14:30:00,96.92499999999998
2022-06-07 15:00:00,96.94499999999998
2022-06-07 16:00:00,96.93999999999998
2022-06-07 17:00:00,96.92999999999998
2022-06-07 18:00:00,96.94499999999998
2022-06-07 19:00:00,96.92999999999998
2022-06-07 20:00:00,96.91999999999997
2022-06-07 21:00:00,96.92999999999998
2022-06-08 14:30:00,96.88499999999998
2022-06-08 15:00:00,96.91499999999998
2022-06-08 16:00:00,96.89999999999998
2022-06-08 17:00:00,96.89499999999998
2022-06-08 18:00:00,96.89499999999998
2022-06-08 19:00:00,96.88999999999999
2022-06-08 20:00:00,96.88499999999998
2022-06-08 21:00:00,96.88499999999998
2022-06-08 23:00:00,96.89499999999998
2022-06-09 14:30:00,96.86999999999998
2022-06-09 15:00:00,96.83499999999998
2022-06-09 16:00:00,96.83999999999997
2022-06-09 17:00:00,96.83999999999997
2022-06-09 18:00:00,96.87499999999999
2022-06-09 19:00:00,96.86499999999998
2022-06-09 20:00:00,96.86999999999998
2022-06-09 21:00:00,96.87499999999999
2022-06-10 14:30:00,96.77999999999997
2022-06-10 15:00:00,96.75499999999998
2022-06-10 16:00:00,96.74999999999999
2022-06-10 17:00:00,96.72499999999998
2022-06-10 18:00:00,96.72999999999998
2022-06-10 19:00:00,96.71999999999998
2022-06-10 20:00:00,96.72499999999998
2022-06-10 21:00:00,96.71999999999998
2022-06-10 23:00:00,96.71999999999998
2022-06-10 23:00:01,96.71999999999998
2022-06-13 14:30:00,96.59499999999998
2022-06-13 15:00:00,96.585
2022-06-13 16:00:00,96.53999999999999
2022-06-13 17:00:00,96.53999999999999
2022-06-13 18:00:00,96.53499999999998
2022-06-13 19:00:00,96.50499999999998
2022-06-13 20:00:00,96.48999999999998
2022-06-13 21:00:00,96.57
2022-06-13 23:00:00,96.50499999999998
2022-06-14 14:30:00,96.58999999999999
2022-06-14 15:00:00,96.55499999999999
2022-06-14 16:00:00,96.50499999999998
2022-06-14 17:00:00,96.49499999999999
2022-06-14 18:00:00,96.47999999999999
2022-06-14 19:00:00,96.40499999999999
2022-06-14 20:00:00,96.39499999999998
2022-06-14 21:00:00,96.40999999999998
2022-06-15 14:30:00,96.53499999999998
2022-06-15 15:00:00,96.50499999999998
2022-06-15 16:00:00,96.51999999999998
2022-06-15 17:00:00,96.50499999999998
2022-06-15 18:00:00,96.51999999999998
2022-06-15 19:00:00,96.51999999999998
2022-06-15 20:00:00,96.52499999999999
2022-06-15 21:00:00,96.63499999999999
2022-06-16 14:30:00,96.50999999999999
2022-06-16 15:00:00,96.53499999999998
2022-06-16 16:00:00,96.62999999999998
2022-06-16 17:00:00,96.63499999999999
2022-06-16 18:00:00,96.62499999999999
2022-06-16 19:00:00,96.65499999999999
2022-06-16 20:00:00,96.65499999999999
2022-06-16 21:00:00,96.75499999999998
2022-06-17 14:30:00,96.67499999999998
2022-06-17 15:00:00,96.68499999999999
2022-06-17 16:00:00,96.68499999999999
2022-06-17 17:00:00,96.71499999999999
2022-06-17 18:00:00,96.695
2022-06-17 19:00:00,96.68499999999999
2022-06-17 20:00:00,96.68499999999999
2022-06-17 21:00:00,96.68999999999998
2022-06-17 23:00:00,96.68499999999999
2022-06-21 14:30:00,96.65999999999998
2022-06-21 15:00:00,96.65499999999999
2022-06-21 16:00:00,96.64999999999999
2022-06-21 17:00:00,96.64499999999998
2022-06-21 18:00:00,96.65999999999998
2022-06-21 19:00:00,96.65499999999999
2022-06-21 20:00:00,96.65999999999998
2022-06-21 21:00:00,96.66999999999999
2022-06-22 14:30:00,96.82499999999999
2022-06-22 15:00:00,96.83999999999999
2022-06-22 16:00:00,96.80999999999999
2022-06-22 17:00:00,96.82
2022-06-22 18:00:00,96.82499999999999
2022-06-22 19:00:00,96.80499999999999
2022-06-22 20:00:00,96.81499999999998
2022-06-22 21:00:00,96.78999999999999
2022-06-23 14:30:00,96.97999999999999
2022-06-23 15:00:00,96.975
2022-06-23 16:00:00,96.92999999999999
2022-06-23 17:00:00,96.945
2022-06-23 18:00:00,96.92499999999998
2022-06-23 19:00:00,96.91999999999999
2022-06-23 20:00:00,96.91499999999999
2022-06-23 21:00:00,96.89999999999999
2022-06-24 14:30:00,96.88499999999999
2022-06-24 15:00:00,96.84499999999998
2022-06-24 16:00:00,96.86499999999998
2022-06-24 17:00:00,96.86999999999999
2022-06-24 18:00:00,96.85499999999999
2022-06-24 19:00:00,96.84499999999998
2022-06-24 20:00:00,96.83999999999999
2022-06-24 21:00:00,96.82999999999998
2022-06-27 14:30:00,96.82
2022-06-27 15:00:00,96.82499999999999
2022-06-27 16:00:00,96.79499999999999
2022-06-27 17:00:00,96.78999999999999
2022-06-27 18:00:00,96.75999999999999
2022-06-27 19:00:00,96.75999999999999
2022-06-27 20:00:00,96.76499999999999
2022-06-27 21:00:00,96.75499999999998
2022-06-28 14:30:00,96.74499999999999
2022-06-28 15:00:00,96.72999999999999
2022-06-28 16:00:00,96.76499999999999
2022-06-28 17:00:00,96.75999999999999
2022-06-28 18:00:00,96.74999999999999
2022-06-28 19:00:00,96.74999999999999
2022-06-28 20:00:00,96.75499999999998
2022-06-28 21:00:00,96.77999999999999
2022-06-29 14:30:00,96.82999999999998
2022-06-29 15:00:00,96.85
2022-06-29 16:00:00,96.87499999999999
2022-06-29 17:00:00,96.86999999999999
2022-06-29 18:00:00,96.86499999999998
2022-06-29 19:00:00,96.87999999999998
2022-06-29 20:00:00,96.87999999999998
2022-06-29 21:00:00,96.87999999999998
2022-06-30 14:30:00,96.975
2022-06-30 15:00:00,96.98999999999998
2022-06-30 16:00:00,97.00499999999998
2022-06-30 17:00:00,97.01999999999998
2022-06-30 18:00:00,97.02999999999999
2022-06-30 19:00:00,97.04999999999998
2022-06-30 20:00:00,97.04499999999999
2022-06-30 21:00:00,97.01499999999999
2022-07-01 14:30:00,97.18499999999999
2022-07-01 15:00:00,97.18999999999998
2022-07-01 16:00:00,97.16999999999999
2022-07-01 17:00:00,97.15999999999998
2022-07-01 18:00:00,97.17499999999998
2022-07-01 19:00:00,97.20499999999998
2022-07-01 20:00:00,97.20499999999998
2022-07-01 21:00:00,97.195
2022-07-01 23:00:00,97.15999999999998
2022-07-05 14:30:00,97.26499999999999
2022-07-05 15:00:00,97.24999999999999
2022-07-05 16:00:00,97.29999999999998
2022-07-05 17:00:00,97.27999999999999
2022-07-05 18:00:00,97.26999999999998
2022-07-05 19:00:00,97.25499999999998
2022-07-05 20:00:00,97.24499999999999
2022-07-05 21:00:00,97.25999999999999
2022-07-06 14:30:00,97.24999999999999
2022-07-06 15:00:00,97.16999999999999
2022-07-06 16:00:00,97.15999999999998
2022-07-06 17:00:00,97.14499999999998
2022-07-06 18:00:00,97.15499999999999
2022-07-06 19:00:00,97.11499999999998
2022-07-06 20:00:00,97.10999999999999
2022-07-06 21:00:00,97.1
2022-07-07 14:30:00,97.07
2022-07-07 15:00:00,97.03499999999998
2022-07-07 16:00:00,97.00999999999999
2022-07-07 17:00:00,96.99999999999999
2022-07-07 18:00:00,97.01999999999998
2022-07-07 19:00:00,97.01499999999999
2022-07-07 20:00:00,97.01499999999999
2022-07-07 21:00:00,97.01499999999999
2022-07-08 14:30:00,96.96
2022-07-08 15:00:00,96.96
2022-07-08 16:00:00,96.92499999999998
2022-07-08 17:00:00,96.92999999999999
2022-07-08 18:00:00,96.92999999999999
2022-07-08 19:00:00,96.92999999999999
2022-07-08 20:00:00,96.92999999999999
2022-07-08 21:00:00,96.94999999999999
2022-07-11 14:30:00,97.02999999999999
2022-07-11 15:00:00,97.07499999999999
2022-07-11 16:00:00,97.07499999999999
2022-07-11 17:00:00,97.05499999999999
2022-07-11 18:00:00,97.04499999999999
2022-07-11 19:00:00,97.04999999999998
2022-07-11 20:00:00,97.04999999999998
2022-07-11 21:00:00,97.04499999999999
2022-07-12 14:30:00,97.13999999999999
2022-07-12 15:00:00,97.11499999999998
2022-07-12 16:00:00,97.11999999999999
2022-07-12 17:00:00,97.10499999999999
2022-07-12 18:00:00,97.09499999999998
2022-07-12 19:00:00,97.09499999999998
2022-07-12 20:00:00,97.08999999999999
2022-07-12 21:00:00,97.09499999999998
2022-07-13 14:30:00,97.01999999999998
2022-07-13 15:00:00,97.15999999999998
2022-07-13 16:00:00,97.13499999999999
2022-07-13 17:00:00,97.14999999999999
2022-07-13 18:00:00,97.15499999999999
2022-07-13 19:00:00,97.15999999999998
2022-07-13 20:00:00,97.17499999999998
2022-07-13 21:00:00,97.14999999999999
2022-07-13 23:00:00,97.14999999999999
2022-07-14 14:30:00,97.06499999999998
2022-07-14 15:00:00,97.07499999999999
2022-07-14 16:00:00,97.1
2022-07-14 17:00:00,97.09499999999998
2022-07-14 18:00:00,97.11499999999998
2022-07-14 19:00:00,97.10999999999999
2022-07-14 20:00:00,97.1
2022-07-14 21:00:00,97.1
2022-07-15 14:30:00,97.10499999999999
2022-07-15 15:00:00,97.12999999999998
2022-07-15 16:00:00,97.12999999999998
2022-07-15 17:00:00,97.11999999999999
2022-07-15 18:00:00,97.11999999999999
2022-07-15 19:00:00,97.11999999999999
2022-07-15 20:00:00,97.11999999999999
2022-07-15 21:00:00,97.13999999999999
2022-07-15 23:00:00,97.13999999999999
2022-07-18 14:30:00,97.07499999999999
2022-07-18 15:00:00,97.04999999999998
2022-07-18 16:00:00,97.02999999999999
2022-07-18 17:00:00,97.05999999999999
2022-07-18 18:00:00,97.08999999999999
2022-07-18 19:00:00,97.1
2022-07-18 20:00:00,97.09499999999998
2022-07-18 21:00:00,97.05999999999999
2022-07-19 14:30:00,97.05999999999999
2022-07-19 15:00:00,97.01499999999999
2022-07-19 16:00:00,97.04499999999999
2022-07-19 17:00:00,97.02999999999999
2022-07-19 18:00:00,97.03999999999999
2022-07-19 19:00:00,97.03499999999998
2022-07-19 20:00:00,97.03999999999999
2022-07-19 21:00:00,97.02999999999999
2022-07-20 14:30:00,97.07999999999998
2022-07-20 15:00:00,97.03999999999999
2022-07-20 16:00:00,97.01999999999998
2022-07-20 17:00:00,96.99499999999999
2022-07-20 18:00:00,97.00499999999998
2022-07-20 19:00:00,96.99499999999999
2022-07-20 20:00:00,96.99499999999999
2022-07-20 21:00:00,96.99999999999999
2022-07-21 14:30:00,97.06499999999998
2022-07-21 15:00:00,97.11499999999998
2022-07-21 16:00:00,97.09499999999998
2022-07-21 17:00:00,97.10999999999999
2022-07-21 18:00:00,97.13499999999999
2022-07-21 19:00:00,97.16499999999999
2022-07-21 20:00:00,97.15499999999999
2022-07-21 21:00:00,97.19999999999999
2022-07-22 14:30:00,97.335
2022-07-22 15:00:00,97.29499999999999
2022-07-22 16:00:00,97.28499999999998
2022-07-22 17:00:00,97.31499999999998
2022-07-22 18:00:00,97.30499999999999
2022-07-22 19:00:00,97.30499999999999
2022-07-22 20:00:00,97.30499999999999
2022-07-22 21:00:00,97.34499999999998
2022-07-25 14:30:00,97.28999999999999
2022-07-25 15:00:00,97.27499999999999
2022-07-25 16:00:00,97.29499999999999
2022-07-25 17:00:00,97.29999999999998
2022-07-25 18:00:00,97.28999999999999
2022-07-25 19:00:00,97.28999999999999
2022-07-25 20:00:00,97.29499999999999
2022-07-25 21:00:00,97.30999999999999
2022-07-26 14:30:00,97.39499999999998
2022-07-26 15:00:00,97.36499999999998
2022-07-26 16:00:00,97.35
2022-07-26 17:00:00,97.32
2022-07-26 18:00:00,97.31499999999998
2022-07-26 19:00:00,97.30999999999999
2022-07-26 20:00:00,97.30499999999999
2022-07-26 21:00:00,97.28999999999999
2022-07-27 14:30:00,97.34499999999998
2022-07-27 15:00:00,97.33999999999999
2022-07-27 16:00:00,97.34499999999998
2022-07-27 17:00:00,97.36499999999998
2022-07-27 18:00:00,97.36499999999998
2022-07-27 19:00:00,97.39999999999999
2022-07-27 20:00:00,97.38499999999999
2022-07-27 21:00:00,97.34499999999998
2022-07-28 14:30:00,97.51999999999998
2022-07-28 15:00:00,97.48499999999999
2022-07-28 16:00:00,97.43499999999999
2022-07-28 17:00:00,97.44999999999999
2022-07-28 18:00:00,97.46
2022-07-28 19:00:00,97.47999999999999
2022-07-28 20:00:00,97.48499999999999
2022-07-28 21:00:00,97.48499999999999
2022-07-29 14:30:00,97.45499999999998
2022-07-29 15:00:00,97.47999999999999
2022-07-29 16:00:00,97.51499999999999
2022-07-29 17:00:00,97.51499999999999
2022-07-29 18:00:00,97.52499999999999
2022-07-29 19:00:00,97.50999999999999
2022-07-29 20:00:00,97.50499999999998
2022-07-29 21:00:00,97.53499999999998
2022-08-01 14:30:00,97.57499999999999
2022-08-01 15:00:00,97.585
2022-08-01 16:00:00,97.57499999999999
2022-08-01 17:00:00,97.55999999999999
2022-08-01 18:00:00,97.55499999999999
2022-08-01 19:00:00,97.54999999999998
2022-08-01 20:00:00,97.54999999999998
2022-08-01 21:00:00,97.57499999999999
2022-08-02 14:30:00,97.50999999999999
2022-08-02 15:00:00,97.46499999999999
2022-08-02 16:00:00,97.41999999999999
2022-08-02 17:00:00,97.41499999999999
2022-08-02 18:00:00,97.36499999999998
2022-08-02 19:00:00,97.32499999999999
2022-08-02 20:00:00,97.31499999999998
2022-08-02 21:00:00,97.31499999999998
2022-08-02 23:00:00,97.31499999999998
2022-08-03 14:30:00,97.32
2022-08-03 15:00:00,97.24499999999999
2022-08-03 16:00:00,97.27499999999999
2022-08-03 17:00:00,97.27999999999999
2022-08-03 18:00:00,97.30999999999999
2022-08-03 19:00:00,97.32499999999999
2022-08-03 20:00:00,97.32499999999999
2022-08-03 21:00:00,97.36999999999999
2022-08-04 14:30:00,97.42999999999999
2022-08-04 15:00:00,97.45499999999998
2022-08-04 16:00:00,97.42999999999999
2022-08-04 17:00:00,97.41499999999999
2022-08-04 18:00:00,97.40999999999998
2022-08-04 19:00:00,97.43499999999999
2022-08-04 20:00:00,97.43999999999998
2022-08-04 21:00:00,97.41499999999999
2022-08-05 14:30:00,97.24999999999999
2022-08-05 15:00:00,97.24999999999999
2022-08-05 16:00:00,97.23499999999999
2022-08-05 17:00:00,97.24999999999999
2022-08-05 18:00:00,97.26499999999999
2022-08-05 19:00:00,97.24499999999999
2022-08-05 20:00:00,97.24499999999999
2022-08-05 21:00:00,97.25999999999999
2022-08-08 14:30:00,97.32999999999998
2022-08-08 15:00:00,97.32
2022-08-08 16:00:00,97.32499999999999
2022-08-08 17:00:00,97.33999999999999
2022-08-08 18:00:00,97.34499999999998
2022-08-08 19:00:00,97.34499999999998
2022-08-08 20:00:00,97.33999999999999
2022-08-08 21:00:00,97.33999999999999
2022-08-09 14:30:00,97.26499999999999
2022-08-09 15:00:00,97.29499999999999
2022-08-09 16:00:00,97.29499999999999
2022-08-09 17:00:00,97.28499999999998
2022-08-09 18:00:00,97.27499999999999
2022-08-09 19:00:00,97.26999999999998
2022-08-09 20:00:00,97.26999999999998
2022-08-09 21:00:00,97.29499999999999
2022-08-10 14:30:00,97.39499999999998
2022-08-10 15:00:00,97.39999999999999
2022-08-10 16:00:00,97.35999999999999
2022-08-10 17:00:00,97.35
2022-08-10 18:00:00,97.35
2022-08-10 19:00:00,97.32999999999998
2022-08-10 20:00:00,97.32999999999998
2022-08-10 21:00:00,97.32
2022-08-11 14:30:00,97.35
2022-08-11 15:00:00,97.29999999999998
2022-08-11 16:00:00,97.29499999999999
2022-08-11 17:00:00,97.28499999999998
2022-08-11 18:00:00,97.25999999999999
2022-08-11 19:00:00,97.23999999999998
2022-08-11 20:00:00,97.24499999999999
2022-08-11 21:00:00,97.23499999999999
2022-08-12 14:30:00,97.29499999999999
2022-08-12 15:00:00,97.25499999999998
2022-08-12 16:00:00,97.25999999999999
2022-08-12 17:00:00,97.25999999999999
2022-08-12 18:00:00,97.26499999999999
2022-08-12 19:00:00,97.26499999999999
2022-08-12 20:00:00,97.26999999999998
2022-08-12 21:00:00,97.28999999999999
2022-08-15 14:30:00,97.35999999999999
2022-08-15 15:00:00,97.33999999999999
2022-08-15 16:00:00,97.35
2022-08-15 17:00:00,97.34499999999998
2022-08-15 18:00:00,97.34499999999998
2022-08-15 19:00:00,97.35499999999999
2022-08-15 20:00:00,97.35499999999999
2022-08-15 21:00:00,97.36499999999998
2022-08-16 14:30:00,97.28999999999999
2022-08-16 15:00:00,97.28999999999999
2022-08-16 16:00:00,97.29499999999999
2022-08-16 17:00:00,97.29999999999998
2022-08-16 18:00:00,97.30499999999999
2022-08-16 19:00:00,97.30999999999999
2022-08-16 20:00:00,97.30999999999999
2022-08-16 21:00:00,97.30999999999999
2022-08-17 14:30:00,97.23499999999999
2022-08-17 15:00:00,97.21999999999998
2022-08-17 16:00:00,97.16999999999999
2022-08-17 17:00:00,97.18499999999999
2022-08-17 18:00:00,97.16499999999999
2022-08-17 19:00:00,97.18999999999998
2022-08-17 20:00:00,97.195
2022-08-17 21:00:00,97.17999999999999
2022-08-18 14:30:00,97.24499999999999
2022-08-18 15:00:00,97.23999999999998
2022-08-18 16:00:00,97.225
2022-08-18 17:00:00,97.195
2022-08-18 18:00:00,97.18999999999998
2022-08-18 19:00:00,97.195
2022-08-18 20:00:00,97.195
2022-08-18 21:00:00,97.18499999999999
2022-08-19 14:30:00,97.11999999999999
2022-08-19 15:00:00,97.07499999999999
2022-08-19 16:00:00,97.085
2022-08-19 17:00:00,97.08999999999999
2022-08-19 18:00:00,97.10499999999999
2022-08-19 19:00:00,97.085
2022-08-19 20:00:00,97.08999999999999
2022-08-19 21:00:00,97.1
2022-08-22 14:30:00,97.07
2022-08-22 15:00:00,97.05999999999999
2022-08-22 16:00:00,97.02499999999999
2022-08-22 17:00:00,97.01499999999999
2022-08-22 18:00:00,97.01999999999998
2022-08-22 19:00:00,97.01999999999998
2022-08-22 20:00:00,97.01999999999998
2022-08-22 21:00:00,97.02999999999999
2022-08-23 14:30:00,97.02499999999999
2022-08-23 15:00:00,97.05999999999999
2022-08-23 16:00:00,97.05999999999999
2022-08-23 17:00:00,97.02999999999999
2022-08-23 18:00:00,96.98999999999998
2022-08-23 19:00:00,96.98499999999999
2022-08-23 20:00:00,96.98999999999998
2022-08-23 21:00:00,96.99499999999999
2022-08-24 14:30:00,96.92999999999999
2022-08-24 15:00:00,96.89999999999999
2022-08-24 16:00:00,96.91999999999999
2022-08-24 17:00:00,96.91499999999999
2022-08-24 18:00:00,96.92499999999998
2022-08-24 19:00:00,96.93499999999999
2022-08-24 20:00:00,96.93499999999999
2022-08-24 21:00:00,96.92999999999999
2022-08-25 14:30:00,96.91999999999999
2022-08-25 15:00:00,96.91499999999999
2022-08-25 16:00:00,96.92499999999998
2022-08-25 17:00:00,96.93999999999998
2022-08-25 18:00:00,96.98999999999998
2022-08-25 19:00:00,96.97999999999999
2022-08-25 20:00:00,96.97999999999999
2022-08-25 21:00:00,96.97999999999999
2022-08-26 14:30:00,96.92499999999998
2022-08-26 15:00:00,96.91999999999999
2022-08-26 16:00:00,96.93999999999998
2022-08-26 17:00:00,96.91499999999999
2022-08-26 18:00:00,96.91999999999999
2022-08-26 19:00:00,96.91999999999999
2022-08-26 20:00:00,96.91499999999999
2022-08-26 21:00:00,96.89999999999999
2022-08-29 14:30:00,96.82499999999999
2022-08-29 15:00:00,96.82
2022-08-29 16:00:00,96.82
2022-08-29 17:00:00,96.82999999999998
2022-08-29 18:00:00,96.835
2022-08-29 19:00:00,96.82999999999998
2022-08-29 20:00:00,96.82999999999998
2022-08-29 21:00:00,96.835
2022-08-30 14:30:00,96.87499999999999
2022-08-30 15:00:00,96.82
2022-08-30 16:00:00,96.83999999999999
2022-08-30 17:00:00,96.835
2022-08-30 18:00:00,96.81499999999998
2022-08-30 19:00:00,96.82999999999998
2022-08-30 20:00:00,96.835
2022-08-30 21:00:00,96.835
2022-08-31 14:30:00,96.84499999999998
2022-08-31 15:00:00,96.85499999999999
2022-08-31 16:00:00,96.835
2022-08-31 17:00:00,96.835
2022-08-31 18:00:00,96.835
2022-08-31 19:00:00,96.82999999999998
2022-08-31 20:00:00,96.82999999999998
2022-08-31 21:00:00,96.75499999999998
2022-09-01 14:30:00,96.73999999999998
2022-09-01 15:00:00,96.67999999999999
2022-09-01 16:00:00,96.69999999999999
2022-09-01 17:00:00,96.70499999999998
2022-09-01 18:00:00,96.71999999999998
2022-09-01 19:00:00,96.69999999999999
2022-09-01 20:00:00,96.71
2022-09-01 21:00:00,96.69999999999999
2022-09-02 14:30:00,96.835
2022-09-02 15:00:00,96.80499999999999
2022-09-02 16:00:00,96.76499999999999
2022-09-02 17:00:00,96.76499999999999
2022-09-02 18:00:00,96.77499999999999
2022-09-02 19:00:00,96.79999999999998
2022-09-02 20:00:00,96.79499999999999
2022-09-02 21:00:00,96.79999999999998
2022-09-02 23:00:00,96.79999999999998
2022-09-06 14:30:00,96.66499999999999
2022-09-06 15:00:00,96.63999999999999
2022-09-06 16:00:00,96.63499999999999
2022-09-06 17:00:00,96.63499999999999
2022-09-06 18:00:00,96.65499999999999
2022-09-06 19:00:00,96.65499999999999
2022-09-06 20:00:00,96.66499999999999
2022-09-06 21:00:00,96.64499999999998
2022-09-07 14:30:00,96.725
2022-09-07 15:00:00,96.71999999999998
2022-09-07 16:00:00,96.73999999999998
2022-09-07 17:00:00,96.73999999999998
2022-09-07 18:00:00,96.76499999999999
2022-09-07 19:00:00,96.75999999999999
2022-09-07 20:00:00,96.75999999999999
2022-09-07 21:00:00,96.75499999999998
2022-09-08 14:30:00,96.79499999999999
2022-09-08 15:00:00,96.77499999999999
2022-09-08 16:00:00,96.74499999999999
2022-09-08 17:00:00,96.72999999999999
2022-09-08 18:00:00,96.73999999999998
2022-09-08 19:00:00,96.73999999999998
2022-09-08 20:00:00,96.73999999999998
2022-09-08 21:00:00,96.70499999999998
2022-09-09 14:30:00,96.71999999999998
2022-09-09 15:00:00,96.74499999999999
2022-09-09 16:00:00,96.725
2022-09-09 17:00:00,96.71
2022-09-09 18:00:00,96.69999999999999
2022-09-09 19:00:00,96.695
2022-09-09 20:00:00,96.695
2022-09-09 20:00:01,96.695
2022-09-09 21:00:00,96.69999999999999
2022-09-12 14:00:00,96.755
2022-09-12 14:30:00,96.755
2022-09-12 15:00:00,96.74999999999999
2022-09-12 16:00:00,96.72999999999999
2022-09-12 17:00:00,96.73499999999999
2022-09-12 18:00:00,96.705
2022-09-12 19:00:00,96.675
2022-09-12 20:00:00,96.66999999999999
2022-09-12 21:00:00,96.67999999999999
2022-09-13 14:00:00,96.58999999999999
2022-09-13 14:30:00,96.58999999999999
2022-09-13 15:00:00,96.585
2022-09-13 16:00:00,96.58
2022-09-13 17:00:00,96.58
2022-09-13 18:00:00,96.58
2022-09-13 19:00:00,96.6
2022-09-13 20:00:00,96.6
2022-09-13 21:00:00,96.615
2022-09-14 14:00:00,96.585
2022-09-14 14:30:00,96.585
2022-09-14 15:00:00,96.63
2022-09-14 16:00:00,96.63499999999999
2022-09-14 17:00:00,96.63
2022-09-14 18:00:00,96.63
2022-09-14 19:00:00,96.61999999999999
2022-09-14 20:00:00,96.60999999999999
2022-09-14 21:00:00,96.61999999999999
2022-09-15 14:00:00,96.58
2022-09-15 14:30:00,96.58
2022-09-15 15:00:00,96.565
2022-09-15 16:00:00,96.55
2022-09-15 17:00:00,96.54499999999999
2022-09-15 18:00:00,96.565
2022-09-15 19:00:00,96.55
2022-09-15 20:00:00,96.55499999999999
2022-09-15 21:00:00,96.55
2022-09-16 14:00:00,96.57
2022-09-16 14:30:00,96.57
2022-09-16 15:00:00,96.595
2022-09-16 16:00:00,96.58
2022-09-16 17:00:00,96.57499999999999
2022-09-16 18:00:00,96.585
2022-09-16 19:00:00,96.585
2022-09-16 20:00:00,96.585
2022-09-16 21:00:00,96.57499999999999
2022-09-19 14:00:00,96.505
2022-09-19 14:30:00,96.505
2022-09-19 15:00:00,96.51499999999999
2022-09-19 16:00:00,96.52
2022-09-19 17:00:00,96.52999999999999
2022-09-19 18:00:00,96.52
2022-09-19 19:00:00,96.51499999999999
2022-09-19 20:00:00,96.52
2022-09-19 21:00:00,96.52
2022-09-20 14:00:00,96.445
2022-09-20 14:30:00,96.445
2022-09-20 15:00:00,96.425
2022-09-20 16:00:00,96.44
2022-09-20 17:00:00,96.44999999999999
2022-09-20 18:00:00,96.455
2022-09-20 19:00:00,96.43499999999999
2022-09-20 20:00:00,96.425
2022-09-20 21:00:00,96.43499999999999
2022-09-21 14:00:00,96.46499999999999
2022-09-21 14:30:00,96.46499999999999
2022-09-21 15:00:00,96.44999999999999
2022-09-21 16:00:00,96.43499999999999
2022-09-21 17:00:00,96.41999999999999
2022-09-21 18:00:00,96.41999999999999
2022-09-21 19:00:00,96.50999999999999
2022-09-21 20:00:00,96.47999999999999
2022-09-21 21:00:00,96.47
2022-09-22 14:00:00,96.3
2022-09-22 14:30:00,96.3
2022-09-22 15:00:00,96.25999999999999
2022-09-22 16:00:00,96.30499999999999
2022-09-22 17:00:00,96.30499999999999
2022-09-22 18:00:00,96.315
2022-09-22 19:00:00,96.29499999999999
2022-09-22 20:00:00,96.30499999999999
2022-09-22 21:00:00,96.27999999999999
2022-09-22 23:00:00,96.27999999999999
2022-09-23 14:30:00,96.25999999999999
2022-09-23 15:00:00,96.255
2022-09-23 16:00:00,96.23499999999999
2022-09-23 17:00:00,96.3
2022-09-23 18:00:00,96.28999999999999
2022-09-23 19:00:00,96.26499999999999
2022-09-23 20:00:00,96.27499999999999
2022-09-23 21:00:00,96.255
2022-09-23 23:00:00,96.255
2022-09-26 14:30:00,96.175
2022-09-26 15:00:00,96.16
2022-09-26 16:00:00,96.095
2022-09-26 17:00:00,96.05999999999999
2022-09-26 18:00:00,96.02
2022-09-26 19:00:00,96.035
2022-09-26 20:00:00,96.035
2022-09-26 21:00:00,95.99499999999999
2022-09-26 23:00:00,95.99499999999999
2022-09-27 14:30:00,95.99999999999999
2022-09-27 15:00:00,96.01499999999999
2022-09-27 16:00:00,95.97999999999999
2022-09-27 17:00:00,95.96499999999999
2022-09-27 18:00:00,95.94999999999999
2022-09-27 19:00:00,95.97999999999999
2022-09-27 20:00:00,95.97999999999999
2022-09-27 21:00:00,95.99
2022-09-27 23:00:00,95.99
2022-09-28 14:30:00,96.115
2022-09-28 15:00:00,96.19
2022-09-28 16:00:00,96.22
2022-09-28 17:00:00,96.195
2022-09-28 18:00:00,96.19999999999999
2022-09-28 19:00:00,96.23499999999999
2022-09-28 20:00:00,96.24
2022-09-28 21:00:00,96.22
2022-09-28 23:00:00,96.22
2022-09-29 14:30:00,96.15499999999999
2022-09-29 15:00:00,96.145
2022-09-29 16:00:00,96.22
2022-09-29 17:00:00,96.17999999999999
2022-09-29 18:00:00,96.17999999999999
2022-09-29 19:00:00,96.195
2022-09-29 20:00:00,96.18499999999999
2022-09-29 21:00:00,96.13999999999999
2022-09-29 23:00:00,96.13999999999999
2022-09-30 14:30:00,96.23499999999999
2022-09-30 15:00:00,96.17999999999999
2022-09-30 16:00:00,96.19
2022-09-30 17:00:00,96.18499999999999
2022-09-30 18:00:00,96.16499999999999
2022-09-30 19:00:00,96.10499999999999
2022-09-30 20:00:00,96.1
2022-09-30 21:00:00,96.065
2022-09-30 23:00:00,96.065
2022-10-03 14:30:00,96.19
2022-10-03 15:00:00,96.32499999999999
2022-10-03 16:00:00,96.32499999999999
2022-10-03 17:00:00,96.30999999999999
2022-10-03 18:00:00,96.28999999999999
2022-10-03 19:00:00,96.28999999999999
2022-10-03 20:00:00,96.26499999999999
2022-10-03 21:00:00,96.30499999999999
2022-10-03 23:00:00,96.30499999999999
2022-10-04 14:30:00,96.345
2022-10-04 15:00:00,96.40499999999999
2022-10-04 16:00:00,96.38499999999999
2022-10-04 17:00:00,96.38499999999999
2022-10-04 18:00:00,96.38499999999999
2022-10-04 19:00:00,96.40499999999999
2022-10-04 20:00:00,96.38499999999999
2022-10-04 21:00:00,96.38
2022-10-04 23:00:00,96.38
2022-10-05 14:30:00,96.25999999999999
2022-10-05 15:00:00,96.195
2022-10-05 16:00:00,96.21
2022-10-05 17:00:00,96.21
2022-10-05 18:00:00,96.22
2022-10-05 19:00:00,96.22
2022-10-05 20:00:00,96.205
2022-10-05 21:00:00,96.21
2022-10-05 23:00:00,96.21
2022-10-06 14:30:00,96.14999999999999
2022-10-06 15:00:00,96.13999999999999
2022-10-06 16:00:00,96.145
2022-10-06 17:00:00,96.16
2022-10-06 18:00:00,96.16499999999999
2022-10-06 19:00:00,96.16
2022-10-06 20:00:00,96.16
2022-10-06 21:00:00,96.15499999999999
2022-10-06 23:00:00,96.15499999999999
2022-10-07 14:30:00,96.08999999999999
2022-10-07 15:00:00,96.115
2022-10-07 16:00:00,96.115
2022-10-07 17:00:00,96.10999999999999
2022-10-07 18:00:00,96.10499999999999
2022-10-07 19:00:00,96.08999999999999
2022-10-07 20:00:00,96.085
2022-10-07 21:00:00,96.085
2022-10-07 23:00:00,96.085
2022-10-10 14:30:00,96.07
2022-10-10 15:00:00,95.99999999999999
2022-10-10 16:00:00,95.99999999999999
2022-10-10 17:00:00,95.99999999999999
2022-10-10 18:00:00,96.03999999999999
2022-10-10 19:00:00,96.04499999999999
2022-10-10 20:00:00,96.05499999999999
2022-10-10 21:00:00,96.05499999999999
2022-10-10 23:00:00,96.05499999999999
2022-10-11 14:30:00,96.05999999999999
2022-10-11 15:00:00,96.095
2022-10-11 16:00:00,96.11999999999999
2022-10-11 17:00:00,96.115
2022-10-11 18:00:00,96.115
2022-10-11 19:00:00,96.04499999999999
2022-10-11 20:00:00,96.05499999999999
2022-10-11 21:00:00,96.03999999999999
2022-10-11 23:00:00,96.03999999999999
2022-10-12 14:30:00,96.05999999999999
2022-10-12 15:00:00,96.03999999999999
2022-10-12 16:00:00,96.07499999999999
2022-10-12 17:00:00,96.085
2022-10-12 18:00:00,96.08
2022-10-12 19:00:00,96.1
2022-10-12 20:00:00,96.085
2022-10-12 21:00:00,96.08999999999999
2022-10-12 23:00:00,96.08999999999999
2022-10-13 14:30:00,96.02
2022-10-13 15:00:00,96.02
2022-10-13 16:00:00,96.07
2022-10-13 17:00:00,96.095
2022-10-13 18:00:00,96.145
2022-10-13 19:00:00,96.10999999999999
2022-10-13 20:00:00,96.10999999999999
2022-10-13 21:00:00,96.13499999999999
2022-10-13 23:00:00,96.13499999999999
2022-10-14 14:30:00,96.16
2022-10-14 15:00:00,96.10999999999999
2022-10-14 16:00:00,96.05999999999999
2022-10-14 17:00:00,96.02999999999999
2022-10-14 18:00:00,96.035
2022-10-14 19:00:00,96.05999999999999
2022-10-14 20:00:00,96.065
2022-10-14 21:00:00,96.05499999999999
2022-10-14 23:00:00,96.05499999999999
2022-10-17 14:30:00,96.16
2022-10-17 15:00:00,96.13999999999999
2022-10-17 16:00:00,96.16
2022-10-17 17:00:00,96.10499999999999
2022-10-17 18:00:00,96.095
2022-10-17 19:00:00,96.085
2022-10-17 20:00:00,96.085
2022-10-17 21:00:00,96.095
2022-10-17 23:00:00,96.095
2022-10-18 14:30:00,96.145
2022-10-18 15:00:00,96.13999999999999
2022-10-18 16:00:00,96.065
2022-10-18 17:00:00,96.085
2022-10-18 18:00:00,96.095
2022-10-18 19:00:00,96.10499999999999
2022-10-18 20:00:00,96.10999999999999
2022-10-18 21:00:00,96.08999999999999
2022-10-18 23:00:00,96.08999999999999
2022-10-19 14:30:00,95.99
2022-10-19 15:00:00,95.99499999999999
2022-10-19 16:00:00,95.97999999999999
2022-10-19 17:00:00,95.96499999999999
2022-10-19 18:00:00,95.96499999999999
2022-10-19 19:00:00,95.94999999999999
2022-10-19 20:00:00,95.955
2022-10-19 21:00:00,95.94
2022-10-19 23:00:00,95.94
2022-10-20 14:30:00,95.91
2022-10-20 15:00:00,95.945
2022-10-20 16:00:00,95.91499999999999
2022-10-20 17:00:00,95.88
2022-10-20 18:00:00,95.845
2022-10-20 19:00:00,95.815
2022-10-20 20:00:00,95.815
2022-10-20 21:00:00,95.80499999999999
2022-10-20 23:00:00,95.80499999999999
2022-10-21 14:30:00,95.86999999999999
2022-10-21 15:00:00,95.88499999999999
2022-10-21 16:00:00,95.91499999999999
2022-10-21 17:00:00,95.88
2022-10-21 18:00:00,95.87499999999999
2022-10-21 19:00:00,95.88999999999999
2022-10-21 20:00:00,95.88999999999999
2022-10-21 21:00:00,95.89999999999999
2022-10-21 23:00:00,95.89999999999999
2022-10-24 14:30:00,95.89999999999999
2022-10-24 15:00:00,95.87499999999999
2022-10-24 16:00:00,95.91999999999999
2022-10-24 17:00:00,95.91999999999999
2022-10-24 18:00:00,95.895
2022-10-24 19:00:00,95.88499999999999
2022-10-24 20:00:00,95.88999999999999
2022-10-24 21:00:00,95.88499999999999
2022-10-24 23:00:00,95.88499999999999
2022-10-25 14:30:00,96.05499999999999
2022-10-25 15:00:00,96.02999999999999
2022-10-25 16:00:00,96.03999999999999
2022-10-25 17:00:00,96.00999999999999
2022-10-25 18:00:00,96.01499999999999
2022-10-25 19:00:00,96.005
2022-10-25 20:00:00,95.99999999999999
2022-10-25 21:00:00,95.99499999999999
2022-10-25 23:00:00,95.99499999999999
2022-10-26 14:30:00,96.065
2022-10-26 15:00:00,96.05499999999999
2022-10-26 16:00:00,96.07499999999999
2022-10-26 17:00:00,96.05499999999999
2022-10-26 18:00:00,96.07499999999999
2022-10-26 19:00:00,96.085
2022-10-26 20:00:00,96.065
2022-10-26 21:00:00,96.08999999999999
2022-10-26 23:00:00,96.08999999999999
2022-10-27 14:30:00,96.13
2022-10-27 15:00:00,96.21
2022-10-27 16:00:00,96.19999999999999
2022-10-27 17:00:00,96.175
2022-10-27 18:00:00,96.16499999999999
2022-10-27 19:00:00,96.175
2022-10-27 20:00:00,96.175
2022-10-27 21:00:00,96.19
2022-10-27 23:00:00,96.19
2022-10-28 14:30:00,96.10999999999999
2022-10-28 15:00:00,96.085
2022-10-28 16:00:00,96.05
2022-10-28 17:00:00,96.05
2022-10-28 18:00:00,96.04499999999999
2022-10-28 19:00:00,96.05499999999999
2022-10-28 20:00:00,96.05
2022-10-28 21:00:00,96.065
2022-10-28 23:00:00,96.065
2022-10-31 13:30:00,96.00999999999999
2022-10-31 14:00:00,96.02499999999999
2022-10-31 15:00:00,96.02999999999999
2022-10-31 16:00:00,96.03999999999999
2022-10-31 17:00:00,96.03999999999999
2022-10-31 18:00:00,96.01499999999999
2022-10-31 19:00:00,96.02499999999999
2022-10-31 20:00:00,96.035
2022-10-31 23:00:00,96.035
2022-11-01 13:30:00,96.10499999999999
2022-11-01 14:00:00,96.005
2022-11-01 15:00:00,96.005
2022-11-01 16:00:00,95.99
2022-11-01 17:00:00,95.99499999999999
2022-11-01 18:00:00,96.005
2022-11-01 19:00:00,95.99499999999999
2022-11-01 20:00:00,95.99999999999999
2022-11-01 23:00:00,95.99
2022-11-02 13:30:00,96.02
2022-11-02 14:00:00,96.04499999999999
2022-11-02 15:00:00,96.00999999999999
2022-11-02 16:00:00,96.02
2022-11-02 17:00:00,96.02499999999999
2022-11-02 18:00:00,96.01499999999999
2022-11-02 19:00:00,95.975
2022-11-02 20:00:00,95.975
2022-11-02 23:00:00,95.94999999999999
2022-11-03 13:30:00,95.88499999999999
2022-11-03 14:00:00,95.93499999999999
2022-11-03 15:00:00,95.88
2022-11-03 16:00:00,95.91
2022-11-03 17:00:00,95.94
2022-11-03 18:00:00,95.96
2022-11-03 19:00:00,95.94999999999999
2022-11-03 20:00:00,95.94
2022-11-03 23:00:00,95.93499999999999
2022-11-04 13:30:00,95.945
2022-11-04 14:00:00,95.975
2022-11-04 15:00:00,95.93499999999999
2022-11-04 16:00:00,95.93499999999999
2022-11-04 17:00:00,95.94
2022-11-04 18:00:00,95.96499999999999
2022-11-04 19:00:00,95.955
2022-11-04 20:00:00,95.94999999999999
2022-11-04 23:00:00,95.96
2022-11-07 14:30:00,95.955
2022-11-07 15:00:00,95.96499999999999
2022-11-07 16:00:00,95.93499999999999
2022-11-07 17:00:00,95.945
2022-11-07 18:00:00,95.955
2022-11-07 19:00:00,95.94
2022-11-07 20:00:00,95.945
2022-11-07 21:00:00,95.94
2022-11-07 23:00:00,95.94
2022-11-08 14:30:00,95.99499999999999
2022-11-08 15:00:00,96.00999999999999
2022-11-08 16:00:00,96.01499999999999
2022-11-08 17:00:00,95.99999999999999
2022-11-08 18:00:00,96.02
2022-11-08 19:00:00,96.02499999999999
2022-11-08 20:00:00,96.02499999999999
2022-11-08 21:00:00,96.04499999999999
2022-11-08 23:00:00,96.04499999999999
2022-11-09 14:30:00,96.02
2022-11-09 15:00:00,96.07
2022-11-09 16:00:00,96.07499999999999
2022-11-09 17:00:00,96.07499999999999
2022-11-09 18:00:00,96.05999999999999
2022-11-09 19:00:00,96.07
2022-11-09 20:00:00,96.07
2022-11-09 21:00:00,96.11999999999999
2022-11-09 23:00:00,96.11999999999999
2022-11-10 14:30:00,96.35
2022-11-10 15:00:00,96.41
2022-11-10 16:00:00,96.40499999999999
2022-11-10 17:00:00,96.38499999999999
2022-11-10 18:00:00,96.38999999999999
2022-11-10 19:00:00,96.40499999999999
2022-11-10 20:00:00,96.40499999999999
2022-11-10 21:00:00,96.43499999999999
2022-11-10 23:00:00,96.43499999999999
2022-11-11 14:30:00,96.41
2022-11-11 15:00:00,96.425
2022-11-11 16:00:00,96.42999999999999
2022-11-11 17:00:00,96.455
2022-11-11 18:00:00,96.46
2022-11-11 19:00:00,96.44999999999999
2022-11-11 20:00:00,96.44999999999999
2022-11-11 21:00:00,96.44999999999999
2022-11-11 23:00:00,96.44999999999999
2022-11-14 14:30:00,96.39999999999999
2022-11-14 15:00:00,96.38
2022-11-14 16:00:00,96.39999999999999
2022-11-14 17:00:00,96.39999999999999
2022-11-14 18:00:00,96.41499999999999
2022-11-14 19:00:00,96.40499999999999
2022-11-14 20:00:00,96.40499999999999
2022-11-14 21:00:00,96.41499999999999
2022-11-14 23:00:00,96.41499999999999
2022-11-15 14:30:00,96.49
2022-11-15 15:00:00,96.47999999999999
2022-11-15 16:00:00,96.47
2022-11-15 17:00:00,96.46
2022-11-15 18:00:00,96.505
2022-11-15 19:00:00,96.49999999999999
2022-11-15 20:00:00,96.49499999999999
2022-11-15 21:00:00,96.505
2022-11-15 23:00:00,96.505
2022-11-16 14:30:00,96.585
2022-11-16 15:00:00,96.57
2022-11-16 16:00:00,96.57499999999999
2022-11-16 17:00:00,96.595
2022-11-16 18:00:00,96.585
2022-11-16 19:00:00,96.615
2022-11-16 20:00:00,96.61999999999999
2022-11-16 21:00:00,96.615
2022-11-16 23:00:00,96.615
2022-11-17 14:30:00,96.51499999999999
2022-11-17 15:00:00,96.52499999999999
2022-11-17 16:00:00,96.54499999999999
2022-11-17 17:00:00,96.54499999999999
2022-11-17 18:00:00,96.53999999999999
2022-11-17 19:00:00,96.53999999999999
2022-11-17 20:00:00,96.53999999999999
2022-11-17 21:00:00,96.53999999999999
2022-11-17 23:00:00,96.53999999999999
2022-11-18 14:30:00,96.505
2022-11-18 15:00:00,96.50999999999999
2022-11-18 16:00:00,96.48499999999999
2022-11-18 17:00:00,96.47
2022-11-18 18:00:00,96.46499999999999
2022-11-18 19:00:00,96.455
2022-11-18 20:00:00,96.455
2022-11-18 21:00:00,96.44999999999999
2022-11-18 23:00:00,96.44999999999999
2022-11-21 14:30:00,96.48499999999999
2022-11-21 15:00:00,96.475
2022-11-21 16:00:00,96.455
2022-11-21 17:00:00,96.43499999999999
2022-11-21 18:00:00,96.42999999999999
2022-11-21 19:00:00,96.43499999999999
2022-11-21 20:00:00,96.41999999999999
2022-11-21 21:00:00,96.425
2022-11-21 23:00:00,96.425
2022-11-22 14:30:00,96.48499999999999
2022-11-22 15:00:00,96.49499999999999
2022-11-22 16:00:00,96.49999999999999
2022-11-22 17:00:00,96.50999999999999
2022-11-22 18:00:00,96.50999999999999
2022-11-22 19:00:00,96.51499999999999
2022-11-22 20:00:00,96.505
2022-11-22 21:00:00,96.505
2022-11-22 23:00:00,96.505
2022-11-23 14:30:00,96.535
2022-11-23 15:00:00,96.53999999999999
2022-11-23 16:00:00,96.52499999999999
2022-11-23 17:00:00,96.52499999999999
2022-11-23 18:00:00,96.52
2022-11-23 19:00:00,96.55999999999999
2022-11-23 20:00:00,96.55999999999999
2022-11-23 21:00:00,96.565
2022-11-23 23:00:00,96.565
2022-11-25 14:30:00,96.55
2022-11-25 15:00:00,96.54499999999999
2022-11-25 16:00:00,96.55999999999999
2022-11-25 17:00:00,96.57
2022-11-25 18:00:00,96.58999999999999
2022-11-25 23:00:00,96.58999999999999
2022-11-28 14:30:00,96.58999999999999
2022-11-28 15:00:00,96.6
2022-11-28 16:00:00,96.595
2022-11-28 17:00:00,96.57499999999999
2022-11-28 18:00:00,96.57
2022-11-28 19:00:00,96.57499999999999
2022-11-28 20:00:00,96.585
2022-11-28 21:00:00,96.585
2022-11-28 23:00:00,96.585
2022-11-29 14:30:00,96.55
2022-11-29 15:00:00,96.57
2022-11-29 16:00:00,96.565
2022-11-29 17:00:00,96.55499999999999
2022-11-29 18:00:00,96.55
2022-11-29 19:00:00,96.565
2022-11-29 20:00:00,96.55499999999999
2022-11-29 21:00:00,96.55
2022-11-29 23:00:00,96.55
2022-11-30 14:30:00,96.52999999999999
2022-11-30 15:00:00,96.49499999999999
2022-11-30 16:00:00,96.49999999999999
2022-11-30 17:00:00,96.51499999999999
2022-11-30 18:00:00,96.6
2022-11-30 19:00:00,96.66
2022-11-30 20:00:00,96.66499999999999
2022-11-30 21:00:00,96.75999999999999
2022-11-30 23:00:00,96.75999999999999
2022-12-01 14:30:00,96.755
2022-12-01 15:00:00,96.75999999999999
2022-12-01 16:00:00,96.8
2022-12-01 17:00:00,96.82
2022-12-01 18:00:00,96.79499999999999
2022-12-01 19:00:00,96.82499999999999
2022-12-01 20:00:00,96.83
2022-12-01 21:00:00,96.85
2022-12-01 23:00:00,96.85
2022-12-02 14:30:00,96.74
2022-12-02 15:00:00,96.77
2022-12-02 16:00:00,96.815
2022-12-02 17:00:00,96.835
2022-12-02 18:00:00,96.85499999999999
2022-12-02 19:00:00,96.88999999999999
2022-12-02 20:00:00,96.88499999999999
2022-12-02 21:00:00,96.91
2022-12-02 23:00:00,96.91
2022-12-05 14:30:00,96.82499999999999
2022-12-05 15:00:00,96.80499999999999
2022-12-05 16:00:00,96.80499999999999
2022-12-05 17:00:00,96.78999999999999
2022-12-05 18:00:00,96.75999999999999
2022-12-05 19:00:00,96.75999999999999
2022-12-05 20:00:00,96.74999999999999
2022-12-05 20:00:01,96.74999999999999
2022-12-05 21:00:00,96.76499999999999
2022-12-05 23:00:00,96.76499999999999
2022-12-06 14:30:00,96.75999999999999
2022-12-06 15:00:00,96.76999999999998
2022-12-06 16:00:00,96.77999999999999
2022-12-06 17:00:00,96.76499999999999
2022-12-06 18:00:00,96.77499999999999
2022-12-06 19:00:00,96.82999999999998
2022-12-06 20:00:00,96.82
2022-12-06 21:00:00,96.79999999999998
2022-12-06 23:00:00,96.79999999999998
2022-12-07 14:30:00,96.85999999999999
2022-12-07 15:00:00,96.87499999999999
2022-12-07 16:00:00,96.86999999999999
2022-12-07 17:00:00,96.88499999999999
2022-12-07 18:00:00,96.88999999999999
2022-12-07 19:00:00,96.93499999999999
2022-12-07 20:00:00,96.92999999999999
2022-12-07 21:00:00,96.91999999999999
2022-12-07 23:00:00,96.91999999999999
2022-12-08 14:30:00,96.82
2022-12-08 15:00:00,96.83999999999999
2022-12-08 16:00:00,96.835
2022-12-08 17:00:00,96.80999999999999
2022-12-08 18:00:00,96.80999999999999
2022-12-08 19:00:00,96.81499999999998
2022-12-08 20:00:00,96.81499999999998
2022-12-08 21:00:00,96.80999999999999
2022-12-08 23:00:00,96.80999999999999
2022-12-09 14:30:00,96.75499999999998
2022-12-09 15:00:00,96.75999999999999
2022-12-09 16:00:00,96.76499999999999
2022-12-09 17:00:00,96.73999999999998
2022-12-09 18:00:00,96.74499999999999
2022-12-09 19:00:00,96.73499999999999
2022-12-09 20:00:00,96.71499999999999
2022-12-09 21:00:00,96.71499999999999
2022-12-09 23:00:00,96.71499999999999
2022-12-12 14:30:00,96.74499999999999
2022-12-12 15:00:00,96.73999999999998
2022-12-12 16:00:00,96.70499999999998
2022-12-12 17:00:00,96.71
2022-12-12 18:00:00,96.68999999999998
2022-12-12 19:00:00,96.695
2022-12-12 20:00:00,96.68999999999998
2022-12-12 21:00:00,96.695
2022-12-12 23:00:00,96.695
2022-12-13 14:30:00,96.89499999999998
2022-12-13 15:00:00,96.84499999999998
2022-12-13 16:00:00,96.79999999999998
2022-12-13 17:00:00,96.79999999999998
2022-12-13 18:00:00,96.77499999999999
2022-12-13 19:00:00,96.80999999999999
2022-12-13 20:00:00,96.78499999999998
2022-12-13 21:00:00,96.78999999999999
2022-12-13 23:00:00,96.78999999999999
2022-12-14 14:30:00,96.81499999999998
2022-12-14 15:00:00,96.82
2022-12-14 16:00:00,96.79999999999998
2022-12-14 17:00:00,96.78999999999999
2022-12-14 18:00:00,96.78499999999998
2022-12-14 19:00:00,96.81499999999998
2022-12-14 20:00:00,96.84499999999998
2022-12-14 21:00:00,96.85
2022-12-14 23:00:00,96.84499999999998
2022-12-15 14:30:00,96.82499999999999
2022-12-15 15:00:00,96.82999999999998
2022-12-15 16:00:00,96.85
2022-12-15 17:00:00,96.85499999999999
2022-12-15 18:00:00,96.86499999999998
2022-12-15 19:00:00,96.85499999999999
2022-12-15 20:00:00,96.85999999999999
2022-12-15 21:00:00,96.85999999999999
2022-12-15 23:00:00,96.85999999999999
2022-12-16 14:30:00,96.77999999999999
2022-12-16 15:00:00,96.78999999999999
2022-12-16 16:00:00,96.80499999999999
2022-12-16 17:00:00,96.835
2022-12-16 18:00:00,96.82999999999998
2022-12-16 19:00:00,96.82999999999998
2022-12-16 20:00:00,96.82999999999998
2022-12-16 21:00:00,96.82
2022-12-16 23:00:00,96.82
2022-12-19 14:30:00,96.72999999999999
2022-12-19 15:00:00,96.73499999999999
2022-12-19 16:00:00,96.71999999999998
2022-12-19 17:00:00,96.72999999999999
2022-12-19 18:00:00,96.74999999999999
2022-12-19 19:00:00,96.74499999999999
2022-12-19 20:00:00,96.74499999999999
2022-12-19 21:00:00,96.73999999999998
2022-12-19 23:00:00,96.73999999999998
2022-12-20 14:30:00,96.64499999999998
2022-12-20 15:00:00,96.66999999999999
2022-12-20 16:00:00,96.65499999999999
2022-12-20 17:00:00,96.64999999999999
2022-12-20 18:00:00,96.64499999999998
2022-12-20 19:00:00,96.64999999999999
2022-12-20 20:00:00,96.63999999999999
2022-12-20 21:00:00,96.62999999999998
2022-12-20 23:00:00,96.62999999999998
2022-12-21 14:30:00,96.67499999999998
2022-12-21 15:00:00,96.65499999999999
2022-12-21 16:00:00,96.62999999999998
2022-12-21 17:00:00,96.62999999999998
2022-12-21 18:00:00,96.62999999999998
2022-12-21 19:00:00,96.60999999999999
2022-12-21 20:00:00,96.60499999999999
2022-12-21 21:00:00,96.60999999999999
2022-12-21 23:00:00,96.60999999999999
2022-12-22 14:30:00,96.60499999999999
2022-12-22 15:00:00,96.63499999999999
2022-12-22 16:00:00,96.61999999999999
2022-12-22 17:00:00,96.61499999999998
2022-12-22 18:00:00,96.62499999999999
2022-12-22 19:00:00,96.60999999999999
2022-12-22 20:00:00,96.60499999999999
2022-12-22 21:00:00,96.58999999999999
2022-12-22 23:00:00,96.58999999999999
2022-12-23 14:30:00,96.52999999999999
2022-12-23 15:00:00,96.55999999999999
2022-12-23 16:00:00,96.54499999999999
2022-12-23 17:00:00,96.53499999999998
2022-12-23 18:00:00,96.53999999999999
2022-12-23 19:00:00,96.53999999999999
2022-12-23 20:00:00,96.54499999999999
2022-12-23 21:00:00,96.55499999999999
2022-12-23 23:00:00,96.55499999999999
2022-12-27 14:30:00,96.49999999999999
2022-12-27 15:00:00,96.48499999999999
2022-12-27 16:00:00,96.45499999999998
2022-12-27 17:00:00,96.44999999999999
2022-12-27 18:00:00,96.45499999999998
2022-12-27 19:00:00,96.44999999999999
2022-12-27 20:00:00,96.46
2022-12-27 21:00:00,96.46999999999998
2022-12-27 23:00:00,96.46999999999998
2022-12-28 14:30:00,96.46499999999999
2022-12-28 15:00:00,96.42999999999999
2022-12-28 16:00:00,96.445
2022-12-28 17:00:00,96.445
2022-12-28 18:00:00,96.42999999999999
2022-12-28 19:00:00,96.39999999999999
2022-12-28 20:00:00,96.39499999999998
2022-12-28 21:00:00,96.40999999999998
2022-12-28 23:00:00,96.40999999999998
2022-12-29 14:30:00,96.42499999999998
2022-12-29 15:00:00,96.40499999999999
2022-12-29 16:00:00,96.42499999999998
2022-12-29 17:00:00,96.42999999999999
2022-12-29 18:00:00,96.42999999999999
2022-12-29 19:00:00,96.42499999999998
2022-12-29 20:00:00,96.41999999999999
2022-12-29 21:00:00,96.44999999999999
2022-12-29 23:00:00,96.44999999999999
2022-12-30 14:30:00,96.37499999999999
2022-12-30 15:00:00,96.37499999999999
2022-12-30 16:00:00,96.37999999999998
2022-12-30 17:00:00,96.46
2022-12-30 18:00:00,96.41499999999999
2022-12-30 19:00:00,96.41499999999999
2022-12-30 20:00:00,96.41499999999999
2022-12-30 21:00:00,96.43499999999999
2022-12-30 23:00:00,96.43499999999999
2023-01-03 14:30:00,96.56499999999998
2023-01-03 15:00:00,96.54999999999998
2023-01-03 16:00:00,96.50499999999998
2023-01-03 17:00:00,96.52999999999999
2023-01-03 18:00:00,96.51499999999999
2023-01-03 19:00:00,96.50999999999999
2023-01-03 20:00:00,96.50999999999999
2023-01-03 21:00:00,96.57
2023-01-03 23:00:00,96.57
2023-01-04 14:30:00,96.65499999999999
2023-01-04 15:00:00,96.61999999999999
2023-01-04 16:00:00,96.61499999999998
2023-01-04 17:00:00,96.59499999999998
2023-01-04 18:00:00,96.61999999999999
2023-01-04 19:00:00,96.60999999999999
2023-01-04 20:00:00,96.61999999999999
2023-01-04 21:00:00,96.64999999999999
2023-01-04 23:00:00,96.64999999999999
2023-01-05 14:30:00,96.53499999999998
2023-01-05 15:00:00,96.54499999999999
2023-01-05 16:00:00,96.58999999999999
2023-01-05 17:00:00,96.6
2023-01-05 18:00:00,96.60499999999999
2023-01-05 19:00:00,96.60999999999999
2023-01-05 20:00:00,96.59499999999998
2023-01-05 21:00:00,96.59499999999998
2023-01-05 23:00:00,96.59499999999998
2023-01-06 14:30:00,96.60999999999999
2023-01-06 15:00:00,96.76499999999999
2023-01-06 16:00:00,96.76999999999998
2023-01-06 17:00:00,96.77499999999999
2023-01-06 18:00:00,96.79499999999999
2023-01-06 19:00:00,96.79999999999998
2023-01-06 20:00:00,96.80499999999999
2023-01-06 21:00:00,96.80999999999999
2023-01-06 23:00:00,96.80999999999999
2023-01-09 14:30:00,96.80999999999999
2023-01-09 15:00:00,96.82
2023-01-09 16:00:00,96.86999999999999
2023-01-09 17:00:00,96.83999999999999
2023-01-09 18:00:00,96.83999999999999
2023-01-09 19:00:00,96.84499999999998
2023-01-09 20:00:00,96.83999999999999
2023-01-09 21:00:00,96.82
2023-01-09 23:00:00,96.82
2023-01-10 14:30:00,96.78999999999999
2023-01-10 15:00:00,96.76999999999998
2023-01-10 16:00:00,96.725
2023-01-10 17:00:00,96.725
2023-01-10 18:00:00,96.74999999999999
2023-01-10 19:00:00,96.74499999999999
2023-01-10 20:00:00,96.74999999999999
2023-01-10 21:00:00,96.74999999999999
2023-01-10 23:00:00,96.74999999999999
2023-01-11 14:30:00,96.78999999999999
2023-01-11 15:00:00,96.78499999999998
2023-01-11 16:00:00,96.79999999999998
2023-01-11 17:00:00,96.77499999999999
2023-01-11 18:00:00,96.79499999999999
2023-01-11 19:00:00,96.80499999999999
2023-01-11 20:00:00,96.79999999999998
2023-01-11 21:00:00,96.81499999999998
2023-01-11 23:00:00,96.81499999999998
2023-01-12 14:30:00,96.82999999999998
2023-01-12 15:00:00,96.87999999999998
2023-01-12 16:00:00,96.88499999999999
2023-01-12 17:00:00,96.91499999999999
2023-01-12 18:00:00,96.94999999999999
2023-01-12 19:00:00,96.93499999999999
2023-01-12 20:00:00,96.92999999999999
2023-01-12 21:00:00,96.94999999999999
2023-01-12 23:00:00,96.94999999999999
2023-01-13 14:30:00,96.975
2023-01-13 15:00:00,96.94999999999999
2023-01-13 16:00:00,96.92499999999998
2023-01-13 17:00:00,96.91999999999999
2023-01-13 18:00:00,96.89999999999999
2023-01-13 19:00:00,96.87999999999998
2023-01-13 20:00:00,96.87999999999998
2023-01-13 21:00:00,96.87499999999999
2023-01-13 23:00:00,96.87499999999999
2023-01-17 14:30:00,96.87499999999999
2023-01-17 15:00:00,96.90499999999999
2023-01-17 16:00:00,96.89999999999999
2023-01-17 17:00:00,96.85999999999999
2023-01-17 18:00:00,96.87999999999998
2023-01-17 19:00:00,96.86999999999999
2023-01-17 20:00:00,96.87499999999999
2023-01-17 21:00:00,96.85499999999999
2023-01-17 23:00:00,96.85499999999999
2023-01-18 14:30:00,97.02499999999999
2023-01-18 15:00:00,97.01999999999998
2023-01-18 16:00:00,97.01499999999999
2023-01-18 17:00:00,97.00499999999998
2023-01-18 18:00:00,97.03499999999998
2023-01-18 19:00:00,97.04499999999999
2023-01-18 20:00:00,97.04499999999999
2023-01-18 21:00:00,97.03999999999999
2023-01-18 23:00:00,97.03999999999999
2023-01-19 14:30:00,97.01499999999999
2023-01-19 15:00:00,97.01999999999998
2023-01-19 16:00:00,97.02499999999999
2023-01-19 17:00:00,96.98499999999999
2023-01-19 18:00:00,96.99999999999999
2023-01-19 19:00:00,96.99999999999999
2023-01-19 20:00:00,96.99499999999999
2023-01-19 21:00:00,97.00499999999998
2023-01-19 23:00:00,97.00499999999998
2023-01-20 14:30:00,96.92499999999998
2023-01-20 15:00:00,96.89999999999999
2023-01-20 16:00:00,96.87499999999999
2023-01-20 17:00:00,96.88499999999999
2023-01-20 18:00:00,96.90999999999998
2023-01-20 19:00:00,96.89499999999998
2023-01-20 20:00:00,96.89999999999999
2023-01-20 21:00:00,96.90499999999999
2023-01-20 23:00:00,96.90499999999999
2023-01-23 14:30:00,96.85
2023-01-23 15:00:00,96.85999999999999
2023-01-23 16:00:00,96.835
2023-01-23 17:00:00,96.82499999999999
2023-01-23 18:00:00,96.835
2023-01-23 19:00:00,96.835
2023-01-23 20:00:00,96.83999999999999
2023-01-23 21:00:00,96.84499999999998
2023-01-23 23:00:00,96.84499999999998
2023-01-24 14:30:00,96.81499999999998
2023-01-24 15:00:00,96.88499999999999
2023-01-24 16:00:00,96.88499999999999
2023-01-24 17:00:00,96.88499999999999
2023-01-24 18:00:00,96.89999999999999
2023-01-24 19:00:00,96.89999999999999
2023-01-24 20:00:00,96.89999999999999
2023-01-24 21:00:00,96.90499999999999
2023-01-24 23:00:00,96.90499999999999
2023-01-25 14:30:00,96.92499999999998
2023-01-25 15:00:00,96.87999999999998
2023-01-25 16:00:00,96.88499999999999
2023-01-25 17:00:00,96.88499999999999
2023-01-25 18:00:00,96.90499999999999
2023-01-25 19:00:00,96.89999999999999
2023-01-25 20:00:00,96.90499999999999
2023-01-25 21:00:00,96.91499999999999
2023-01-25 23:00:00,96.91499999999999
2023-01-26 14:30:00,96.84499999999998
2023-01-26 15:00:00,96.82999999999998
2023-01-26 16:00:00,96.82499999999999
2023-01-26 17:00:00,96.85
2023-01-26 18:00:00,96.87499999999999
2023-01-26 19:00:00,96.85499999999999
2023-01-26 20:00:00,96.85
2023-01-26 21:00:00,96.84499999999998
2023-01-26 23:00:00,96.84499999999998
2023-01-27 14:30:00,96.78999999999999
2023-01-27 15:00:00,96.79499999999999
2023-01-27 16:00:00,96.79999999999998
2023-01-27 17:00:00,96.79999999999998
2023-01-27 18:00:00,96.80499999999999
2023-01-27 19:00:00,96.80499999999999
2023-01-27 20:00:00,96.80999999999999
2023-01-27 21:00:00,96.82
2023-01-27 23:00:00,96.82
2023-01-30 14:30:00,96.75999999999999
2023-01-30 15:00:00,96.74499999999999
2023-01-30 16:00:00,96.74499999999999
2023-01-30 17:00:00,96.73999999999998
2023-01-30 18:00:00,96.74999999999999
2023-01-30 19:00:00,96.73999999999998
2023-01-30 20:00:00,96.73999999999998
2023-01-30 21:00:00,96.75999999999999
2023-01-30 23:00:00,96.75999999999999
2023-01-31 14:30:00,96.80999999999999
2023-01-31 15:00:00,96.78999999999999
2023-01-31 16:00:00,96.80499999999999
2023-01-31 17:00:00,96.79999999999998
2023-01-31 18:00:00,96.79999999999998
2023-01-31 19:00:00,96.80499999999999
2023-01-31 20:00:00,96.80499999999999
2023-01-31 21:00:00,96.82499999999999
2023-01-31 23:00:00,96.82499999999999
2023-02-01 14:30:00,96.86499999999998
2023-02-01 15:00:00,96.85
2023-02-01 16:00:00,96.85
2023-02-01 17:00:00,96.86499999999998
2023-02-01 18:00:00,96.82499999999999
2023-02-01 19:00:00,96.96
2023-02-01 20:00:00,96.95499999999998
2023-02-01 21:00:00,96.92499999999998
2023-02-01 23:00:00,96.92499999999998
2023-02-02 14:30:00,96.95499999999998
2023-02-02 15:00:00,97.00499999999998
2023-02-02 16:00:00,96.975
2023-02-02 17:00:00,96.96
2023-02-02 18:00:00,96.945
2023-02-02 19:00:00,96.94999999999999
2023-02-02 20:00:00,96.94999999999999
2023-02-02 21:00:00,96.945
2023-02-02 23:00:00,96.945
2023-02-03 14:30:00,96.84499999999998
2023-02-03 15:00:00,96.79999999999998
2023-02-03 16:00:00,96.79499999999999
2023-02-03 17:00:00,96.79999999999998
2023-02-03 18:00:00,96.79499999999999
2023-02-03 19:00:00,96.76999999999998
2023-02-03 20:00:00,96.76999999999998
2023-02-03 21:00:00,96.77499999999999
2023-02-03 23:00:00,96.77499999999999
2023-02-06 14:30:00,96.67999999999999
2023-02-06 15:00:00,96.65999999999998
2023-02-06 16:00:00,96.65499999999999
2023-02-06 17:00:00,96.64999999999999
2023-02-06 18:00:00,96.65999999999998
2023-02-06 19:00:00,96.64999999999999
2023-02-06 20:00:00,96.65499999999999
2023-02-06 21:00:00,96.64499999999998
2023-02-06 23:00:00,96.64499999999998
2023-02-07 14:30:00,96.695
2023-02-07 15:00:00,96.70499999999998
2023-02-07 16:00:00,96.695
2023-02-07 17:00:00,96.74499999999999
2023-02-07 18:00:00,96.66499999999999
2023-02-07 19:00:00,96.63499999999999
2023-02-07 20:00:00,96.62999999999998
2023-02-07 21:00:00,96.63999999999999
2023-02-07 23:00:00,96.63999999999999
2023-02-08 14:30:00,96.65499999999999
2023-02-08 15:00:00,96.66499999999999
2023-02-08 16:00:00,96.66999999999999
2023-02-08 17:00:00,96.67499999999998
2023-02-08 18:00:00,96.67499999999998
2023-02-08 19:00:00,96.66999999999999
2023-02-08 20:00:00,96.66499999999999
2023-02-08 21:00:00,96.68999999999998
2023-02-08 23:00:00,96.68999999999998
2023-02-09 14:30:00,96.68499999999999
2023-02-09 15:00:00,96.66999999999999
2023-02-09 16:00:00,96.695
2023-02-09 17:00:00,96.67499999999998
2023-02-09 18:00:00,96.60999999999999
2023-02-09 19:00:00,96.59499999999998
2023-02-09 20:00:00,96.60499999999999
2023-02-09 21:00:00,96.62499999999999
2023-02-09 23:00:00,96.62499999999999
2023-02-10 14:30:00,96.60499999999999
2023-02-10 15:00:00,96.57499999999999
2023-02-10 16:00:00,96.56499999999998
2023-02-10 17:00:00,96.57
2023-02-10 18:00:00,96.55999999999999
2023-02-10 19:00:00,96.54999999999998
2023-02-10 20:00:00,96.54499999999999
2023-02-10 21:00:00,96.54499999999999
2023-02-10 23:00:00,96.54499999999999
2023-02-13 14:30:00,96.57
2023-02-13 15:00:00,96.54499999999999
2023-02-13 16:00:00,96.54499999999999
2023-02-13 17:00:00,96.54499999999999
2023-02-13 18:00:00,96.54499999999999
2023-02-13 19:00:00,96.54499999999999
2023-02-13 20:00:00,96.54499999999999
2023-02-13 21:00:00,96.55999999999999
2023-02-13 23:00:00,96.55999999999999
2023-02-14 14:30:00,96.50499999999998
2023-02-14 15:00:00,96.475
2023-02-14 16:00:00,96.46
2023-02-14 17:00:00,96.46
2023-02-14 18:00:00,96.475
2023-02-14 19:00:00,96.475
2023-02-14 20:00:00,96.475
2023-02-14 21:00:00,96.47999999999999
2023-02-14 23:00:00,96.47999999999999
2023-02-15 14:30:00,96.46
2023-02-15 15:00:00,96.43999999999998
2023-02-15 16:00:00,96.41999999999999
2023-02-15 17:00:00,96.42499999999998
2023-02-15 18:00:00,96.40999999999998
2023-02-15 19:00:00,96.42499999999998
2023-02-15 20:00:00,96.41999999999999
2023-02-15 21:00:00,96.42499999999998
2023-02-15 23:00:00,96.42499999999998
2023-02-16 14:30:00,96.35999999999999
2023-02-16 15:00:00,96.37999999999998
2023-02-16 16:00:00,96.39999999999999
2023-02-16 17:00:00,96.39499999999998
2023-02-16 18:00:00,96.39999999999999
2023-02-16 19:00:00,96.39499999999998
2023-02-16 20:00:00,96.37999999999998
2023-02-16 21:00:00,96.36999999999999
2023-02-16 23:00:00,96.36999999999999
2023-02-17 14:30:00,96.35499999999999
2023-02-17 15:00:00,96.39999999999999
2023-02-17 16:00:00,96.40499999999999
2023-02-17 17:00:00,96.40499999999999
2023-02-17 18:00:00,96.41499999999999
2023-02-17 19:00:00,96.42499999999998
2023-02-17 20:00:00,96.42499999999998
2023-02-17 21:00:00,96.42499999999998
2023-02-17 23:00:00,96.42499999999998
2023-02-21 14:30:00,96.27499999999999
2023-02-21 15:00:00,96.30499999999999
2023-02-21 16:00:00,96.29999999999998
2023-02-21 17:00:00,96.29499999999999
2023-02-21 18:00:00,96.25999999999999
2023-02-21 19:00:00,96.26999999999998
2023-02-21 20:00:00,96.26999999999998
2023-02-21 21:00:00,96.26499999999999
2023-02-21 23:00:00,96.26499999999999
2023-02-22 14:30:00,96.30999999999999
2023-02-22 15:00:00,96.30999999999999
2023-02-22 16:00:00,96.29499999999999
2023-02-22 17:00:00,96.29999999999998
2023-02-22 18:00:00,96.29999999999998
2023-02-22 19:00:00,96.28499999999998
2023-02-22 20:00:00,96.27499999999999
2023-02-22 21:00:00,96.26999999999998
2023-02-22 23:00:00,96.26999999999998
2023-02-23 14:30:00,96.29999999999998
2023-02-23 15:00:00,96.28499999999998
2023-02-23 16:00:00,96.29499999999999
2023-02-23 17:00:00,96.29999999999998
2023-02-23 18:00:00,96.335
2023-02-23 19:00:00,96.32499999999999
2023-02-23 20:00:00,96.32499999999999
2023-02-23 21:00:00,96.32499999999999
2023-02-23 23:00:00,96.32499999999999
2023-02-24 14:30:00,96.225
2023-02-24 15:00:00,96.21499999999999
2023-02-24 16:00:00,96.20499999999998
2023-02-24 17:00:00,96.19999999999999
2023-02-24 18:00:00,96.21999999999998
2023-02-24 19:00:00,96.22999999999999
2023-02-24 20:00:00,96.22999999999999
2023-02-24 21:00:00,96.225
2023-02-24 23:00:00,96.225
2023-02-27 14:30:00,96.30499999999999
2023-02-27 15:00:00,96.27999999999999
2023-02-27 16:00:00,96.27999999999999
2023-02-27 17:00:00,96.27999999999999
2023-02-27 18:00:00,96.29499999999999
2023-02-27 19:00:00,96.29499999999999
2023-02-27 20:00:00,96.29499999999999
2023-02-27 21:00:00,96.29499999999999
2023-02-27 23:00:00,96.29499999999999
2023-02-28 14:30:00,96.23999999999998
2023-02-28 15:00:00,96.25999999999999
2023-02-28 16:00:00,96.28499999999998
2023-02-28 17:00:00,96.29499999999999
2023-02-28 18:00:00,96.27999999999999
2023-02-28 19:00:00,96.29999999999998
2023-02-28 20:00:00,96.29999999999998
2023-02-28 21:00:00,96.27999999999999
2023-02-28 23:00:00,96.27999999999999
2023-03-01 14:30:00,96.24499999999999
2023-03-01 15:00:00,96.20499999999998
2023-03-01 16:00:00,96.20499999999998
2023-03-01 17:00:00,96.18499999999999
2023-03-01 18:00:00,96.17999999999999
2023-03-01 19:00:00,96.18999999999998
2023-03-01 20:00:00,96.195
2023-03-01 21:00:00,96.19999999999999
2023-03-01 23:00:00,96.19999999999999
2023-03-02 14:30:00,96.12999999999998
2023-03-02 15:00:00,96.11499999999998
2023-03-02 16:00:00,96.10499999999999
2023-03-02 17:00:00,96.1
2023-03-02 18:00:00,96.11499999999998
2023-03-02 19:00:00,96.1
2023-03-02 20:00:00,96.09499999999998
2023-03-02 21:00:00,96.10499999999999
2023-03-02 23:00:00,96.10499999999999
2023-03-03 14:30:00,96.15999999999998
2023-03-03 15:00:00,96.12999999999998
2023-03-03 16:00:00,96.16499999999999
2023-03-03 17:00:00,96.16499999999999
2023-03-03 18:00:00,96.17499999999998
2023-03-03 19:00:00,96.17999999999999
2023-03-03 20:00:00,96.17999999999999
2023-03-03 21:00:00,96.18499999999999
2023-03-03 23:00:00,96.18499999999999
2023-03-06 14:30:00,96.21999999999998
2023-03-06 15:00:00,96.21499999999999
2023-03-06 16:00:00,96.20499999999998
2023-03-06 17:00:00,96.21
2023-03-06 18:00:00,96.18499999999999
2023-03-06 19:00:00,96.195
2023-03-06 20:00:00,96.18999999999998
2023-03-06 21:00:00,96.21499999999999
2023-03-06 23:00:00,96.21499999999999
2023-03-07 14:30:00,96.21999999999998
2023-03-07 15:00:00,96.19999999999999
2023-03-07 16:00:00,96.21
2023-03-07 17:00:00,96.23999999999998
2023-03-07 18:00:00,96.21999999999998
2023-03-07 19:00:00,96.21499999999999
2023-03-07 20:00:00,96.21499999999999
2023-03-07 21:00:00,96.21
2023-03-07 23:00:00,96.21
2023-03-08 14:30:00,96.26499999999999
2023-03-08 15:00:00,96.24999999999999
2023-03-08 16:00:00,96.20499999999998
2023-03-08 17:00:00,96.195
2023-03-08 18:00:00,96.18499999999999
2023-03-08 19:00:00,96.19999999999999
2023-03-08 20:00:00,96.19999999999999
2023-03-08 20:00:01,96.19999999999999
2023-03-08 21:00:00,96.18499999999999
2023-03-08 23:00:00,96.18499999999999
2023-03-09 14:30:00,96.23499999999999
2023-03-09 15:00:00,96.20999999999998
2023-03-09 16:00:00,96.19999999999999
2023-03-09 17:00:00,96.23499999999999
2023-03-09 18:00:00,96.28499999999998
2023-03-09 19:00:00,96.25999999999999
2023-03-09 20:00:00,96.26999999999998
2023-03-09 21:00:00,96.28999999999999
2023-03-09 23:00:00,96.28999999999999
2023-03-10 14:30:00,96.45499999999998
2023-03-10 15:00:00,96.52999999999999
2023-03-10 16:00:00,96.43499999999999
2023-03-10 17:00:00,96.48999999999998
2023-03-10 18:00:00,96.48999999999998
2023-03-10 19:00:00,96.46499999999999
2023-03-10 20:00:00,96.46499999999999
2023-03-10 21:00:00,96.45999999999998
2023-03-10 23:00:00,96.45999999999998
2023-03-13 13:30:00,96.58499999999998
2023-03-13 14:00:00,96.65999999999998
2023-03-13 15:00:00,96.57999999999998
2023-03-13 16:00:00,96.56499999999998
2023-03-13 17:00:00,96.51999999999998
2023-03-13 18:00:00,96.47499999999998
2023-03-13 19:00:00,96.42499999999998
2023-03-13 20:00:00,96.39999999999999
2023-03-13 23:00:00,96.37499999999999
2023-03-14 13:30:00,96.33499999999998
2023-03-14 14:00:00,96.37499999999999
2023-03-14 15:00:00,96.35499999999999
2023-03-14 16:00:00,96.38499999999999
2023-03-14 17:00:00,96.40499999999999
2023-03-14 18:00:00,96.35999999999999
2023-03-14 19:00:00,96.30499999999999
2023-03-14 20:00:00,96.29999999999998
2023-03-14 23:00:00,96.27999999999999
2023-03-15 13:30:00,96.48999999999998
2023-03-15 14:00:00,96.47999999999999
2023-03-15 15:00:00,96.47999999999999
2023-03-15 16:00:00,96.50999999999999
2023-03-15 17:00:00,96.44499999999998
2023-03-15 18:00:00,96.43499999999999
2023-03-15 19:00:00,96.40499999999999
2023-03-15 20:00:00,96.40999999999998
2023-03-15 23:00:00,96.40499999999999
2023-03-16 13:30:00,96.48499999999999
2023-03-16 14:00:00,96.49499999999999
2023-03-16 15:00:00,96.49999999999999
2023-03-16 16:00:00,96.35499999999999
2023-03-16 17:00:00,96.35999999999999
2023-03-16 18:00:00,96.33499999999998
2023-03-16 19:00:00,96.36999999999999
2023-03-16 20:00:00,96.37499999999999
2023-03-16 23:00:00,96.35999999999999
2023-03-17 13:30:00,96.51999999999998
2023-03-17 14:00:00,96.55999999999999
2023-03-17 15:00:00,96.55999999999999
2023-03-17 16:00:00,96.54999999999998
2023-03-17 17:00:00,96.55499999999999
2023-03-17 18:00:00,96.56499999999998
2023-03-17 19:00:00,96.51499999999999
2023-03-17 20:00:00,96.52999999999999
2023-03-17 23:00:00,96.49999999999999
2023-03-20 13:30:00,96.47499999999998
2023-03-20 14:00:00,96.51999999999998
2023-03-20 15:00:00,96.43499999999999
2023-03-20 16:00:00,96.42999999999999
2023-03-20 17:00:00,96.43499999999999
2023-03-20 18:00:00,96.46499999999999
2023-03-20 19:00:00,96.47499999999998
2023-03-20 20:00:00,96.46999999999998
2023-03-20 23:00:00,96.47999999999999
2023-03-21 13:30:00,96.40499999999999
2023-03-21 14:00:00,96.42999999999999
2023-03-21 15:00:00,96.43499999999999
2023-03-21 16:00:00,96.43999999999998
2023-03-21 17:00:00,96.40499999999999
2023-03-21 18:00:00,96.38499999999999
2023-03-21 19:00:00,96.38499999999999
2023-03-21 20:00:00,96.38999999999999
2023-03-21 23:00:00,96.36999999999999
2023-03-22 13:30:00,96.39499999999998
2023-03-22 14:00:00,96.44499999999998
2023-03-22 15:00:00,96.44999999999999
2023-03-22 16:00:00,96.46499999999999
2023-03-22 17:00:00,96.49499999999999
2023-03-22 18:00:00,96.56999999999998
2023-03-22 19:00:00,96.62999999999998
2023-03-22 20:00:00,96.61999999999999
2023-03-22 23:00:00,96.63999999999999
2023-03-23 13:30:00,96.62999999999998
2023-03-23 14:00:00,96.65499999999999
2023-03-23 15:00:00,96.67999999999999
2023-03-23 16:00:00,96.69999999999999
2023-03-23 17:00:00,96.70999999999998
2023-03-23 18:00:00,96.72999999999999
2023-03-23 19:00:00,96.72499999999998
2023-03-23 20:00:00,96.71499999999999
2023-03-23 23:00:00,96.69499999999998
2023-03-24 13:30:00,96.72499999999998
2023-03-24 14:00:00,96.74499999999999
2023-03-24 15:00:00,96.70999999999998
2023-03-24 16:00:00,96.72499999999998
2023-03-24 17:00:00,96.73999999999998
2023-03-24 18:00:00,96.72499999999998
2023-03-24 19:00:00,96.71999999999998
2023-03-24 20:00:00,96.72499999999998
2023-03-24 23:00:00,96.71999999999998
2023-03-27 14:30:00,96.58499999999998
2023-03-27 15:00:00,96.61499999999998
2023-03-27 16:00:00,96.62499999999999
2023-03-27 17:00:00,96.60999999999999
2023-03-27 18:00:00,96.61499999999998
2023-03-27 19:00:00,96.59999999999998
2023-03-27 20:00:00,96.59999999999998
2023-03-27 21:00:00,96.59499999999998
2023-03-27 23:00:00,96.59499999999998
2023-03-28 14:30:00,96.57499999999999
2023-03-28 15:00:00,96.55999999999999
2023-03-28 16:00:00,96.55999999999999
2023-03-28 17:00:00,96.53499999999998
2023-03-28 18:00:00,96.57499999999999
2023-03-28 19:00:00,96.57499999999999
2023-03-28 20:00:00,96.55499999999999
2023-03-28 21:00:00,96.54999999999998
2023-03-28 23:00:00,96.54999999999998
2023-03-29 14:30:00,96.52499999999999
2023-03-29 15:00:00,96.53499999999998
2023-03-29 16:00:00,96.56999999999998
2023-03-29 17:00:00,96.56499999999998
2023-03-29 18:00:00,96.55499999999999
2023-03-29 19:00:00,96.55499999999999
2023-03-29 20:00:00,96.55499999999999
2023-03-29 21:00:00,96.55999999999999
2023-03-29 23:00:00,96.55999999999999
2023-03-30 14:30:00,96.55499999999999
2023-03-30 15:00:00,96.57999999999998
2023-03-30 16:00:00,96.55999999999999
2023-03-30 17:00:00,96.58999999999999
2023-03-30 18:00:00,96.59499999999998
2023-03-30 19:00:00,96.60499999999999
2023-03-30 20:00:00,96.60999999999999
2023-03-30 21:00:00,96.58999999999999
2023-03-30 23:00:00,96.58999999999999
2023-03-31 14:30:00,
2023-03-31 15:00:00,96.60999999999999
2023-03-31 16:00:00,96.64499999999998
2023-03-31 17:00:00,96.65499999999999
2023-03-31 18:00:00,96.65499999999999
2023-03-31 19:00:00,96.67499999999998
2023-03-31 20:00:00,96.67499999999998
2023-03-31 21:00:00,96.96499999999999
2023-03-31 23:00:00,96.96499999999999
2023-04-03 14:30:00,96.95999999999998
2023-04-03 15:00:00,97.03999999999999
2023-04-03 16:00:00,97.01999999999998
2023-04-03 17:00:00,97.00999999999999
2023-04-03 18:00:00,97.00999999999999
2023-04-03 19:00:00,97.01499999999999
2023-04-03 20:00:00,97.00999999999999
2023-04-03 21:00:00,97.02499999999999
2023-04-03 23:00:00,97.02499999999999
2023-04-04 14:30:00,96.98999999999998
2023-04-04 15:00:00,97.07999999999998
2023-04-04 16:00:00,97.10999999999999
2023-04-04 17:00:00,97.12499999999999
2023-04-04 18:00:00,97.10999999999999
2023-04-04 19:00:00,97.12999999999998
2023-04-04 20:00:00,97.12499999999999
2023-04-04 21:00:00,97.12999999999998
2023-04-04 23:00:00,97.12999999999998
2023-04-05 14:30:00,97.14999999999999
2023-04-05 15:00:00,97.15999999999998
2023-04-05 16:00:00,97.15499999999999
2023-04-05 17:00:00,97.14499999999998
2023-04-05 18:00:00,97.13499999999999
2023-04-05 19:00:00,97.13499999999999
2023-04-05 20:00:00,97.12999999999998
2023-04-05 21:00:00,97.10999999999999
2023-04-05 23:00:00,97.10999999999999
2023-04-06 14:30:00,97.13999999999999
2023-04-06 15:00:00,97.16499999999999
2023-04-06 16:00:00,97.14999999999999
2023-04-06 17:00:00,97.15999999999998
2023-04-06 18:00:00,97.14499999999998
2023-04-06 19:00:00,97.15499999999999
2023-04-06 20:00:00,97.14999999999999
2023-04-06 21:00:00,97.13999999999999
2023-04-06 23:00:00,97.13999999999999
2023-04-10 14:30:00,96.98499999999999
2023-04-10 15:00:00,96.98999999999998
2023-04-10 16:00:00,97.00999999999999
2023-04-10 17:00:00,97.00999999999999
2023-04-10 18:00:00,97.01499999999999
2023-04-10 19:00:00,97.00999999999999
2023-04-10 20:00:00,97.00999999999999
2023-04-10 21:00:00,97.00499999999998
2023-04-10 23:00:00,97.00499999999998
2023-04-11 14:30:00,96.98999999999998
2023-04-11 15:00:00,96.97999999999999
2023-04-11 16:00:00,96.95999999999998
2023-04-11 17:00:00,96.96499999999999
2023-04-11 18:00:00,96.97499999999998
2023-04-11 19:00:00,96.98499999999999
2023-04-11 20:00:00,96.99499999999999
2023-04-11 21:00:00,96.99999999999999
2023-04-11 23:00:00,96.99999999999999
2023-04-12 14:30:00,97.05999999999999
2023-04-12 15:00:00,97.01499999999999
2023-04-12 16:00:00,97.02499999999999
2023-04-12 17:00:00,97.01499999999999
2023-04-12 18:00:00,97.02499999999999
2023-04-12 19:00:00,97.04999999999998
2023-04-12 20:00:00,97.05999999999999
2023-04-12 21:00:00,97.05999999999999
2023-04-12 23:00:00,97.05999999999999
2023-04-13 14:30:00,97.08499999999998
2023-04-13 15:00:00,97.04499999999999
2023-04-13 16:00:00,97.04499999999999
2023-04-13 17:00:00,97.04999999999998
2023-04-13 18:00:00,97.03999999999999
2023-04-13 19:00:00,96.99999999999999
2023-04-13 20:00:00,96.99999999999999
2023-04-13 21:00:00,97.00999999999999
2023-04-13 23:00:00,97.00999999999999
2023-04-14 14:30:00,96.94999999999999
2023-04-14 15:00:00,96.93999999999998
2023-04-14 16:00:00,96.91499999999999
2023-04-14 17:00:00,96.90499999999999
2023-04-14 18:00:00,96.90499999999999
2023-04-14 19:00:00,96.90999999999998
2023-04-14 20:00:00,96.91999999999999
2023-04-14 21:00:00,96.91499999999999
2023-04-14 23:00:00,96.91499999999999
2023-04-17 14:30:00,96.87499999999999
2023-04-17 15:00:00,96.83499999999998
2023-04-17 16:00:00,96.84499999999998
2023-04-17 17:00:00,96.83499999999998
2023-04-17 18:00:00,96.83999999999999
2023-04-17 19:00:00,96.83499999999998
2023-04-17 20:00:00,96.83499999999998
2023-04-17 21:00:00,96.81999999999998
2023-04-17 23:00:00,96.81999999999998
2023-04-18 14:30:00,96.85999999999999
2023-04-18 15:00:00,96.87499999999999
2023-04-18 16:00:00,96.84999999999998
2023-04-18 17:00:00,96.84499999999998
2023-04-18 18:00:00,96.84499999999998
2023-04-18 19:00:00,96.85499999999999
2023-04-18 20:00:00,96.84999999999998
2023-04-18 21:00:00,96.84999999999998
2023-04-18 23:00:00,96.84999999999998
2023-04-19 14:30:00,96.81499999999998
2023-04-19 15:00:00,96.79999999999998
2023-04-19 16:00:00,96.78999999999999
2023-04-19 17:00:00,96.81999999999998
2023-04-19 18:00:00,96.80999999999999
2023-04-19 19:00:00,96.83499999999998
2023-04-19 20:00:00,96.83999999999999
2023-04-19 21:00:00,96.84999999999998
2023-04-19 23:00:00,96.84999999999998
2023-04-20 14:30:00,96.91999999999999
2023-04-20 15:00:00,96.92499999999998
2023-04-20 16:00:00,96.92499999999998
2023-04-20 17:00:00,96.91999999999999
2023-04-20 18:00:00,96.91499999999999
2023-04-20 19:00:00,96.90999999999998
2023-04-20 20:00:00,96.90999999999998
2023-04-20 21:00:00,96.91499999999999
2023-04-20 23:00:00,96.91499999999999
2023-04-21 14:30:00,96.88499999999999
2023-04-21 15:00:00,96.87499999999999
2023-04-21 16:00:00,96.88499999999999
2023-04-21 17:00:00,96.88999999999999
2023-04-21 18:00:00,96.87999999999998
2023-04-21 19:00:00,96.86999999999999
2023-04-21 20:00:00,96.86999999999999
2023-04-21 21:00:00,96.86999999999999
2023-04-21 23:00:00,96.86999999999999
2023-04-24 14:30:00,96.91999999999999
2023-04-24 15:00:00,96.93499999999999
2023-04-24 16:00:00,96.93499999999999
2023-04-24 17:00:00,96.93499999999999
2023-04-24 18:00:00,96.93499999999999
2023-04-24 19:00:00,96.94499999999998
2023-04-24 20:00:00,96.93999999999998
2023-04-24 21:00:00,96.96499999999999
2023-04-24 23:00:00,96.96499999999999
2023-04-25 14:30:00,97.05499999999999
2023-04-25 15:00:00,97.04999999999998
2023-04-25 16:00:00,97.03499999999998
2023-04-25 17:00:00,97.03999999999999
2023-04-25 18:00:00,97.06999999999998
2023-04-25 19:00:00,97.07999999999998
2023-04-25 20:00:00,97.07999999999998
2023-04-25 21:00:00,97.05499999999999
2023-04-25 23:00:00,97.05499999999999
2023-04-26 14:30:00,97.07499999999999
2023-04-26 15:00:00,97.05499999999999
2023-04-26 16:00:00,97.01999999999998
2023-04-26 17:00:00,97.01999999999998
2023-04-26 18:00:00,97.02999999999999
2023-04-26 19:00:00,97.03999999999999
2023-04-26 20:00:00,97.03999999999999
2023-04-26 21:00:00,97.02499999999999
2023-04-26 23:00:00,97.02499999999999
2023-04-27 14:30:00,96.96999999999998
2023-04-27 15:00:00,96.95999999999998
2023-04-27 16:00:00,96.95499999999998
2023-04-27 17:00:00,96.94499999999998
2023-04-27 18:00:00,96.93499999999999
2023-04-27 19:00:00,96.92999999999999
2023-04-27 20:00:00,96.92999999999999
2023-04-27 21:00:00,96.92499999999998
2023-04-27 23:00:00,96.92499999999998
2023-04-28 14:30:00,96.97999999999999
2023-04-28 15:00:00,96.99999999999999
2023-04-28 16:00:00,96.99999999999999
2023-04-28 17:00:00,96.99499999999999
2023-04-28 18:00:00,97.00499999999998
2023-04-28 19:00:00,96.98999999999998
2023-04-28 20:00:00,96.99499999999999
2023-04-28 21:00:00,97.03999999999999
2023-04-28 23:00:00,97.03999999999999
2023-05-01 14:30:00,96.97999999999999
2023-05-01 15:00:00,96.93499999999999
2023-05-01 16:00:00,96.92499999999998
2023-05-01 17:00:00,96.91499999999999
2023-05-01 18:00:00,96.90999999999998
2023-05-01 19:00:00,96.88499999999999
2023-05-01 20:00:00,96.88499999999999
2023-05-01 21:00:00,96.87499999999999
2023-05-01 23:00:00,96.87499999999999
2023-05-02 14:30:00,96.93999999999998
2023-05-02 15:00:00,97.04499999999999
2023-05-02 16:00:00,97.04499999999999
2023-05-02 17:00:00,97.04999999999998
2023-05-02 18:00:00,97.02999999999999
2023-05-02 19:00:00,97.04499999999999
2023-05-02 20:00:00,97.05499999999999
2023-05-02 21:00:00,97.04999999999998
2023-05-02 23:00:00,97.04999999999998
2023-05-03 14:30:00,97.08499999999998
2023-05-03 15:00:00,97.10999999999999
2023-05-03 16:00:00,97.09999999999998
2023-05-03 17:00:00,97.09999999999998
2023-05-03 18:00:00,97.09999999999998
2023-05-03 19:00:00,97.08999999999999
2023-05-03 20:00:00,97.08999999999999
2023-05-03 21:00:00,97.18499999999999
2023-05-03 23:00:00,97.18499999999999
2023-05-04 14:30:00,97.16499999999999
2023-05-04 15:00:00,97.23499999999999
2023-05-04 16:00:00,97.24499999999999
2023-05-04 17:00:00,97.19999999999999
2023-05-04 18:00:00,97.16499999999999
2023-05-04 19:00:00,97.16499999999999
2023-05-04 20:00:00,97.14499999999998
2023-05-04 21:00:00,97.11499999999998
2023-05-04 23:00:00,97.11499999999998
2023-05-05 14:30:00,97.05999999999999
2023-05-05 15:00:00,97.05499999999999
2023-05-05 16:00:00,97.03999999999999
2023-05-05 17:00:00,97.04999999999998
2023-05-05 18:00:00,97.04999999999998
2023-05-05 19:00:00,97.04999999999998
2023-05-05 20:00:00,97.05999999999999
2023-05-05 21:00:00,97.07499999999999
2023-05-05 23:00:00,97.07499999999999
2023-05-08 14:30:00,97.01999999999998
2023-05-08 15:00:00,97.02499999999999
2023-05-08 16:00:00,97.01999999999998
2023-05-08 17:00:00,97.02499999999999
2023-05-08 18:00:00,97.01999999999998
2023-05-08 19:00:00,96.99999999999999
2023-05-08 20:00:00,97.00499999999998
2023-05-08 21:00:00,97.00499999999998
2023-05-08 23:00:00,97.00499999999998
2023-05-09 14:30:00,97.00499999999998
2023-05-09 15:00:00,97.00999999999999
2023-05-09 16:00:00,96.99499999999999
2023-05-09 17:00:00,96.98499999999999
2023-05-09 18:00:00,96.99999999999999
2023-05-09 19:00:00,97.00499999999998
2023-05-09 20:00:00,96.99499999999999
2023-05-09 21:00:00,97.00999999999999
2023-05-09 23:00:00,97.00999999999999
2023-05-10 14:30:00,97.08499999999998
2023-05-10 15:00:00,97.08999999999999
2023-05-10 16:00:00,97.08499999999998
2023-05-10 17:00:00,97.08999999999999
2023-05-10 18:00:00,97.09999999999998
2023-05-10 19:00:00,97.10999999999999
2023-05-10 20:00:00,97.10499999999999
2023-05-10 21:00:00,97.09499999999998
2023-05-10 23:00:00,97.09499999999998
2023-05-11 14:30:00,97.17999999999999
2023-05-11 15:00:00,97.16499999999999
2023-05-11 16:00:00,97.15499999999999
2023-05-11 17:00:00,97.15999999999998
2023-05-11 18:00:00,97.16499999999999
2023-05-11 19:00:00,97.14499999999998
2023-05-11 20:00:00,97.14499999999998
2023-05-11 21:00:00,97.14499999999998
2023-05-11 23:00:00,97.14499999999998
2023-05-12 14:30:00,97.14999999999999
2023-05-12 15:00:00,97.09999999999998
2023-05-12 16:00:00,97.07499999999999
2023-05-12 17:00:00,97.07999999999998
2023-05-12 18:00:00,97.07999999999998
2023-05-12 19:00:00,97.05999999999999
2023-05-12 20:00:00,97.06999999999998
2023-05-12 21:00:00,97.05999999999999
2023-05-12 23:00:00,97.05999999999999
2023-05-15 14:30:00,97.04499999999999
2023-05-15 15:00:00,97.03999999999999
2023-05-15 16:00:00,97.03499999999998
2023-05-15 17:00:00,97.03999999999999
2023-05-15 18:00:00,97.05499999999999
2023-05-15 19:00:00,97.05499999999999
2023-05-15 20:00:00,97.05499999999999
2023-05-15 21:00:00,97.05499999999999
2023-05-15 23:00:00,97.05499999999999
2023-05-16 14:30:00,97.01999999999998
2023-05-16 15:00:00,97.01999999999998
2023-05-16 16:00:00,96.99499999999999
2023-05-16 17:00:00,97.00499999999998
2023-05-16 18:00:00,97.01499999999999
2023-05-16 19:00:00,97.00499999999998
2023-05-16 20:00:00,97.00999999999999
2023-05-16 21:00:00,97.00499999999998
2023-05-16 23:00:00,97.00499999999998
2023-05-17 14:30:00,96.98499999999999
2023-05-17 15:00:00,96.98999999999998
2023-05-17 16:00:00,96.96999999999998
2023-05-17 17:00:00,96.97999999999999
2023-05-17 18:00:00,96.95999999999998
2023-05-17 19:00:00,96.95999999999998
2023-05-17 20:00:00,96.96499999999999
2023-05-17 21:00:00,96.95499999999998
2023-05-17 23:00:00,96.95499999999998
2023-05-18 14:30:00,96.87999999999998
2023-05-18 15:00:00,96.87499999999999
2023-05-18 16:00:00,96.88499999999999
2023-05-18 17:00:00,96.86999999999999
2023-05-18 18:00:00,96.86999999999999
2023-05-18 19:00:00,96.85999999999999
2023-05-18 20:00:00,96.85999999999999
2023-05-18 21:00:00,96.86499999999998
2023-05-18 23:00:00,96.86499999999998
2023-05-19 14:30:00,96.76499999999999
2023-05-19 15:00:00,96.77499999999999
2023-05-19 16:00:00,96.82499999999999
2023-05-19 17:00:00,96.81499999999998
2023-05-19 18:00:00,96.80999999999999
2023-05-19 19:00:00,96.78499999999998
2023-05-19 20:00:00,96.78499999999998
2023-05-19 21:00:00,96.78999999999999
2023-05-19 23:00:00,96.78999999999999
2023-05-22 14:30:00,96.76499999999999
2023-05-22 15:00:00,96.74999999999999
2023-05-22 16:00:00,96.74499999999999
2023-05-22 17:00:00,96.75999999999999
2023-05-22 18:00:00,96.76999999999998
2023-05-22 19:00:00,96.75499999999998
2023-05-22 20:00:00,96.75999999999999
2023-05-22 21:00:00,96.75999999999999
2023-05-22 23:00:00,96.75999999999999
2023-05-23 14:30:00,96.71499999999999
2023-05-23 15:00:00,96.75499999999998
2023-05-23 16:00:00,96.74499999999999
2023-05-23 17:00:00,96.75999999999999
2023-05-23 18:00:00,96.75999999999999
2023-05-23 19:00:00,96.77499999999999
2023-05-23 20:00:00,96.76499999999999
2023-05-23 21:00:00,96.77499999999999
2023-05-23 23:00:00,96.77499999999999
2023-05-24 14:30:00,96.76999999999998
2023-05-24 15:00:00,96.76999999999998
2023-05-24 16:00:00,96.73499999999999
2023-05-24 17:00:00,96.73499999999999
2023-05-24 18:00:00,96.74499999999999
2023-05-24 19:00:00,96.74999999999999
2023-05-24 20:00:00,96.74499999999999
2023-05-24 21:00:00,96.72499999999998
2023-05-24 23:00:00,96.72499999999998
2023-05-25 14:30:00,96.67999999999999
2023-05-25 15:00:00,96.68499999999999
2023-05-25 16:00:00,96.66999999999999
2023-05-25 17:00:00,96.63999999999999
2023-05-25 18:00:00,96.64999999999999
2023-05-25 19:00:00,96.63499999999999
2023-05-25 20:00:00,96.62499999999999
2023-05-25 21:00:00,96.60499999999999
2023-05-25 23:00:00,96.60499999999999
2023-05-26 14:30:00,96.57999999999998
2023-05-26 15:00:00,96.56999999999998
2023-05-26 16:00:00,96.57499999999999
2023-05-26 17:00:00,96.57999999999998
2023-05-26 18:00:00,96.59999999999998
2023-05-26 19:00:00,96.59999999999998
2023-05-26 20:00:00,96.59999999999998
2023-05-26 21:00:00,96.59999999999998
2023-05-26 23:00:00,96.59999999999998
2023-05-30 14:30:00,96.68999999999998
2023-05-30 15:00:00,96.72999999999999
2023-05-30 16:00:00,96.73999999999998
2023-05-30 17:00:00,96.73999999999998
2023-05-30 18:00:00,96.75499999999998
2023-05-30 19:00:00,96.74499999999999
2023-05-30 20:00:00,96.75499999999998
2023-05-30 21:00:00,96.75499999999998
2023-05-30 23:00:00,96.75499999999998
2023-05-31 14:30:00,96.80999999999999
2023-05-31 15:00:00,96.80499999999999
2023-05-31 16:00:00,96.79999999999998
2023-05-31 17:00:00,96.80999999999999
2023-05-31 18:00:00,96.82499999999999
2023-05-31 19:00:00,96.83499999999998
2023-05-31 20:00:00,96.82999999999998
2023-05-31 21:00:00,96.82499999999999
2023-05-31 23:00:00,96.82499999999999
2023-06-01 14:30:00,96.88499999999999
2023-06-01 15:00:00,96.87499999999999
2023-06-01 16:00:00,96.87999999999998
2023-06-01 17:00:00,96.86499999999998
2023-06-01 18:00:00,96.85999999999999
2023-06-01 19:00:00,96.86999999999999
2023-06-01 20:00:00,96.87999999999998
2023-06-01 21:00:00,96.87499999999999
2023-06-01 23:00:00,96.87499999999999
2023-06-02 14:30:00,96.80999999999999
2023-06-02 15:00:00,96.79499999999999
2023-06-02 16:00:00,96.76999999999998
2023-06-02 17:00:00,96.75999999999999
2023-06-02 18:00:00,96.73499999999999
2023-06-02 19:00:00,96.73499999999999
2023-06-02 20:00:00,96.73999999999998
2023-06-02 21:00:00,96.73999999999998
2023-06-02 23:00:00,96.73999999999998
2023-06-05 14:30:00,96.68499999999999
2023-06-05 15:00:00,96.74999999999999
2023-06-05 16:00:00,96.75499999999998
2023-06-05 17:00:00,96.73999999999998
2023-06-05 18:00:00,96.73999999999998
2023-06-05 19:00:00,96.75999999999999
2023-06-05 20:00:00,96.76499999999999
2023-06-05 21:00:00,96.76499999999999
2023-06-05 23:00:00,96.76499999999999
2023-06-06 14:30:00,96.72499999999998
2023-06-06 15:00:00,96.73999999999998
2023-06-06 16:00:00,96.74499999999999
2023-06-06 17:00:00,96.75499999999998
2023-06-06 18:00:00,96.75499999999998
2023-06-06 19:00:00,96.75999999999999
2023-06-06 20:00:00,96.76499999999999
2023-06-06 21:00:00,96.80499999999999
2023-06-06 23:00:00,96.80499999999999
2023-06-07 14:30:00,96.75499999999998
2023-06-07 15:00:00,96.69499999999998
2023-06-07 16:00:00,96.65499999999999
2023-06-07 17:00:00,96.64499999999998
2023-06-07 18:00:00,96.66499999999999
2023-06-07 19:00:00,96.67999999999999
2023-06-07 20:00:00,96.67999999999999
2023-06-07 21:00:00,96.65499999999999
2023-06-07 23:00:00,96.65499999999999
2023-06-08 14:30:00,96.72499999999998
2023-06-08 15:00:00,96.72999999999999
2023-06-08 16:00:00,96.75999999999999
2023-06-08 17:00:00,96.74999999999999
2023-06-08 18:00:00,96.75999999999999
2023-06-08 19:00:00,96.75999999999999
2023-06-08 20:00:00,96.75999999999999
2023-06-08 21:00:00,96.75999999999999
2023-06-08 23:00:00,96.75999999999999
2023-06-09 14:30:00,96.68999999999998
2023-06-09 15:00:00,96.70499999999998
2023-06-09 16:00:00,96.69999999999999
2023-06-09 17:00:00,96.69499999999998
2023-06-09 18:00:00,96.71499999999999
2023-06-09 19:00:00,96.70499999999998
2023-06-09 20:00:00,96.70499999999998
2023-06-09 21:00:00,96.71499999999999
2023-06-09 23:00:00,96.71499999999999
2023-06-12 14:30:00,96.67999999999999
2023-06-12 15:00:00,96.68999999999998
2023-06-12 16:00:00,96.68999999999998
2023-06-12 17:00:00,96.69999999999999
2023-06-12 18:00:00,96.71999999999998
2023-06-12 19:00:00,96.71999999999998
2023-06-12 20:00:00,96.74499999999999
2023-06-12 21:00:00,96.72999999999999
2023-06-12 23:00:00,96.72999999999999
2023-06-13 14:30:00,96.70999999999998
2023-06-13 15:00:00,96.71499999999999
2023-06-13 16:00:00,96.68999999999998
2023-06-13 17:00:00,96.68999999999998
2023-06-13 18:00:00,96.64499999999998
2023-06-13 19:00:00,96.60499999999999
2023-06-13 20:00:00,96.60499999999999
2023-06-13 21:00:00,96.63999999999999
2023-06-13 23:00:00,96.63999999999999
2023-06-14 14:30:00,96.65999999999998
2023-06-14 15:00:00,96.65499999999999
2023-06-14 16:00:00,96.65999999999998
2023-06-14 17:00:00,96.65999999999998
2023-06-14 18:00:00,96.65499999999999
2023-06-14 19:00:00,96.63499999999999
2023-06-14 20:00:00,96.61499999999998
2023-06-14 21:00:00,96.64499999999998
2023-06-14 23:00:00,96.64499999999998
2023-06-15 14:30:00,96.71999999999998
2023-06-15 15:00:00,96.70999999999998
2023-06-15 16:00:00,96.71499999999999
2023-06-15 17:00:00,96.72999999999999
2023-06-15 18:00:00,96.72499999999998
2023-06-15 19:00:00,96.72499999999998
2023-06-15 20:00:00,96.72499999999998
2023-06-15 21:00:00,96.72999999999999
2023-06-15 23:00:00,96.72999999999999
2023-06-16 14:30:00,96.66999999999999
2023-06-16 15:00:00,96.65499999999999
2023-06-16 16:00:00,96.63499999999999
2023-06-16 17:00:00,96.64499999999998
2023-06-16 18:00:00,96.63999999999999
2023-06-16 19:00:00,96.64999999999999
2023-06-16 20:00:00,96.64999999999999
2023-06-16 21:00:00,96.65499999999999
2023-06-16 23:00:00,96.65499999999999
2023-06-20 14:30:00,96.68499999999999
2023-06-20 15:00:00,96.71499999999999
2023-06-20 16:00:00,96.69499999999998
2023-06-20 17:00:00,96.69499999999998
2023-06-20 18:00:00,96.69499999999998
2023-06-20 19:00:00,96.68499999999999
2023-06-20 20:00:00,96.67999999999999
2023-06-20 21:00:00,96.67999999999999
2023-06-20 23:00:00,96.67999999999999
2023-06-21 14:30:00,96.62499999999999
2023-06-21 15:00:00,96.64499999999998
2023-06-21 16:00:00,96.62999999999998
2023-06-21 17:00:00,96.64499999999998
2023-06-21 18:00:00,96.66999999999999
2023-06-21 19:00:00,96.68999999999998
2023-06-21 20:00:00,96.68499999999999
2023-06-21 21:00:00,96.68499999999999
2023-06-21 23:00:00,96.68499999999999
2023-06-22 14:30:00,96.64999999999999
2023-06-22 15:00:00,96.60999999999999
2023-06-22 16:00:00,96.60499999999999
2023-06-22 17:00:00,96.60999999999999
2023-06-22 18:00:00,96.60999999999999
2023-06-22 19:00:00,96.60499999999999
2023-06-22 20:00:00,96.60499999999999
2023-06-22 21:00:00,96.59499999999998
2023-06-22 23:00:00,96.59499999999998
2023-06-23 14:30:00,96.68499999999999
2023-06-23 15:00:00,96.64499999999998
2023-06-23 16:00:00,96.63999999999999
2023-06-23 17:00:00,96.62499999999999
2023-06-23 18:00:00,96.63499999999999
2023-06-23 19:00:00,96.63999999999999
2023-06-23 20:00:00,96.62999999999998
2023-06-23 21:00:00,96.63999999999999
2023-06-23 23:00:00,96.63999999999999
2023-06-26 14:30:00,96.66999999999999
2023-06-26 15:00:00,96.66499999999999
2023-06-26 16:00:00,96.66499999999999
2023-06-26 17:00:00,96.67999999999999
2023-06-26 18:00:00,96.67999999999999
2023-06-26 19:00:00,96.67999999999999
2023-06-26 20:00:00,96.67999999999999
2023-06-26 21:00:00,96.66999999999999
2023-06-26 23:00:00,96.66999999999999
2023-06-27 14:30:00,96.66999999999999
2023-06-27 15:00:00,96.60999999999999
2023-06-27 16:00:00,96.62999999999998
2023-06-27 17:00:00,96.63999999999999
2023-06-27 18:00:00,96.62499999999999
2023-06-27 19:00:00,96.61999999999999
2023-06-27 20:00:00,96.61999999999999
2023-06-27 21:00:00,96.61999999999999
2023-06-27 23:00:00,96.61999999999999
2023-06-28 14:30:00,96.63999999999999
2023-06-28 15:00:00,96.63999999999999
2023-06-28 16:00:00,96.64999999999999
2023-06-28 17:00:00,96.65999999999998
2023-06-28 18:00:00,96.68499999999999
2023-06-28 19:00:00,96.67999999999999
2023-06-28 20:00:00,96.68499999999999
2023-06-28 21:00:00,96.68499999999999
2023-06-28 23:00:00,96.68499999999999
2023-06-29 14:30:00,96.51499999999999
2023-06-29 15:00:00,96.53499999999998
2023-06-29 16:00:00,96.52999999999999
2023-06-29 17:00:00,96.50999999999999
2023-06-29 18:00:00,96.51999999999998
2023-06-29 19:00:00,96.50999999999999
2023-06-29 20:00:00,96.50999999999999
2023-06-29 21:00:00,96.51999999999998
2023-06-29 23:00:00,96.51999999999998
2023-06-30 14:30:00,96.47999999999999
2023-06-30 15:00:00,96.50499999999998
2023-06-30 16:00:00,96.51499999999999
2023-06-30 17:00:00,96.51499999999999
2023-06-30 18:00:00,96.51499999999999
2023-06-30 19:00:00,96.50999999999999
2023-06-30 20:00:00,96.50999999999999
2023-06-30 21:00:00,96.47499999999998
2023-06-30 23:00:00,96.47499999999998
2023-07-03 14:30:00,96.49499999999999
2023-07-03 15:00:00,96.47499999999998
2023-07-03 16:00:00,96.45499999999998
2023-07-03 17:00:00,96.43499999999999
2023-07-03 18:00:00,96.42999999999999
2023-07-03 19:00:00,96.43499999999999
2023-07-03 20:00:00,96.43499999999999
2023-07-03 23:00:00,96.43499999999999
2023-07-05 14:30:00,96.43999999999998
2023-07-05 15:00:00,96.41499999999999
2023-07-05 16:00:00,96.38499999999999
2023-07-05 17:00:00,96.35999999999999
2023-07-05 18:00:00,96.34499999999998
2023-07-05 19:00:00,96.34499999999998
2023-07-05 20:00:00,96.35499999999999
2023-07-05 21:00:00,96.34499999999998
2023-07-05 23:00:00,96.34499999999998
2023-07-06 14:30:00,96.16499999999999
2023-07-06 15:00:00,96.11499999999998
2023-07-06 16:00:00,96.11999999999999
2023-07-06 17:00:00,96.15999999999998
2023-07-06 18:00:00,96.16999999999999
2023-07-06 19:00:00,96.18499999999999
2023-07-06 20:00:00,96.17999999999999
2023-07-06 21:00:00,96.19999999999999
2023-07-06 23:00:00,96.19999999999999
2023-07-07 14:30:00,96.18499999999999
2023-07-07 15:00:00,96.23999999999998
2023-07-07 16:00:00,96.20999999999998
2023-07-07 17:00:00,96.20999999999998
2023-07-07 18:00:00,96.20999999999998
2023-07-07 19:00:00,96.19499999999998
2023-07-07 20:00:00,96.17999999999999
2023-07-07 21:00:00,96.15999999999998
2023-07-07 23:00:00,96.15999999999998
2023-07-10 14:30:00,96.23999999999998
2023-07-10 15:00:00,96.24999999999999
2023-07-10 16:00:00,96.29999999999998
2023-07-10 17:00:00,96.31499999999998
2023-07-10 18:00:00,96.32499999999999
2023-07-10 19:00:00,96.31499999999998
2023-07-10 20:00:00,96.31499999999998
2023-07-10 21:00:00,96.32999999999998
2023-07-10 23:00:00,96.32999999999998
2023-07-11 14:30:00,96.32499999999999
2023-07-11 15:00:00,96.32999999999998
2023-07-11 16:00:00,96.32999999999998
2023-07-11 17:00:00,96.35999999999999
2023-07-11 18:00:00,96.35999999999999
2023-07-11 19:00:00,96.35499999999999
2023-07-11 20:00:00,96.34499999999998
2023-07-11 21:00:00,96.35499999999999
2023-07-11 23:00:00,96.35499999999999
2023-07-12 14:30:00,96.49499999999999
2023-07-12 15:00:00,96.52999999999999
2023-07-12 16:00:00,96.54999999999998
2023-07-12 17:00:00,96.55999999999999
2023-07-12 18:00:00,96.54999999999998
2023-07-12 19:00:00,96.54499999999999
2023-07-12 20:00:00,96.54499999999999
2023-07-12 21:00:00,96.53499999999998
2023-07-12 23:00:00,96.53499999999998
2023-07-13 14:30:00,96.62499999999999
2023-07-13 15:00:00,96.61499999999998
2023-07-13 16:00:00,96.63499999999999
2023-07-13 17:00:00,96.66499999999999
2023-07-13 18:00:00,96.68499999999999
2023-07-13 19:00:00,96.68499999999999
2023-07-13 20:00:00,96.68499999999999
2023-07-13 21:00:00,96.66999999999999
2023-07-13 23:00:00,96.66999999999999
2023-07-14 14:30:00,96.64499999999998
2023-07-14 15:00:00,96.63999999999999
2023-07-14 16:00:00,96.61499999999998
2023-07-14 17:00:00,96.60999999999999
2023-07-14 18:00:00,96.58999999999999
2023-07-14 19:00:00,96.59499999999998
2023-07-14 20:00:00,96.59499999999998
2023-07-14 21:00:00,96.57499999999999
2023-07-14 23:00:00,96.57499999999999
2023-07-17 14:30:00,96.60499999999999
2023-07-17 15:00:00,96.60499999999999
2023-07-17 16:00:00,96.61499999999998
2023-07-17 17:00:00,96.61999999999999
2023-07-17 18:00:00,96.62499999999999
2023-07-17 19:00:00,96.63499999999999
2023-07-17 20:00:00,96.62499999999999
2023-07-17 21:00:00,96.61999999999999
2023-07-17 23:00:00,96.61999999999999
2023-07-18 14:30:00,96.69499999999998
2023-07-18 15:00:00,96.70999999999998
2023-07-18 16:00:00,96.67999999999999
2023-07-18 17:00:00,96.66499999999999
2023-07-18 18:00:00,96.65999999999998
2023-07-18 19:00:00,96.65999999999998
2023-07-18 20:00:00,96.64999999999999
2023-07-18 21:00:00,96.64499999999998
2023-07-18 23:00:00,96.64499999999998
2023-07-19 14:30:00,96.68499999999999
2023-07-19 15:00:00,96.67999999999999
2023-07-19 16:00:00,96.65999999999998
2023-07-19 17:00:00,96.68999999999998
2023-07-19 18:00:00,96.69999999999999
2023-07-19 19:00:00,96.70499999999998
2023-07-19 20:00:00,96.69999999999999
2023-07-19 21:00:00,96.68499999999999
2023-07-19 23:00:00,96.68499999999999
2023-07-20 14:30:00,96.55999999999999
2023-07-20 15:00:00,96.53499999999998
2023-07-20 16:00:00,96.52999999999999
2023-07-20 17:00:00,96.50999999999999
2023-07-20 18:00:00,96.53999999999999
2023-07-20 19:00:00,96.53499999999998
2023-07-20 20:00:00,96.53999999999999
2023-07-20 21:00:00,96.52999999999999
2023-07-20 23:00:00,96.52999999999999
2023-07-21 14:30:00,96.55999999999999
2023-07-21 15:00:00,96.53999999999999
2023-07-21 16:00:00,96.52999999999999
2023-07-21 17:00:00,96.53999999999999
2023-07-21 18:00:00,96.54499999999999
2023-07-21 19:00:00,96.53499999999998
2023-07-21 20:00:00,96.52999999999999
2023-07-21 21:00:00,96.52999999999999
2023-07-21 23:00:00,96.52999999999999
2023-07-24 14:30:00,96.57499999999999
2023-07-24 15:00:00,96.54499999999999
2023-07-24 16:00:00,96.52999999999999
2023-07-24 17:00:00,96.50999999999999
2023-07-24 18:00:00,96.48999999999998
2023-07-24 19:00:00,96.49499999999999
2023-07-24 20:00:00,96.49499999999999
2023-07-24 21:00:00,96.45999999999998
2023-07-24 23:00:00,96.45999999999998
2023-07-25 14:30:00,96.41999999999999
2023-07-25 15:00:00,96.41499999999999
2023-07-25 16:00:00,96.41999999999999
2023-07-25 17:00:00,96.41499999999999
2023-07-25 18:00:00,96.40499999999999
2023-07-25 19:00:00,96.40999999999998
2023-07-25 20:00:00,96.41999999999999
2023-07-25 21:00:00,96.44499999999998
2023-07-25 23:00:00,96.44499999999998
2023-07-26 14:30:00,96.46499999999999
2023-07-26 15:00:00,96.46499999999999
2023-07-26 16:00:00,96.47999999999999
2023-07-26 17:00:00,96.46499999999999
2023-07-26 18:00:00,96.46499999999999
2023-07-26 19:00:00,96.53499999999998
2023-07-26 20:00:00,96.51499999999999
2023-07-26 21:00:00,96.49999999999999
2023-07-26 23:00:00,96.49999999999999
2023-07-27 14:30:00,96.45499999999998
2023-07-27 15:00:00,96.38999999999999
2023-07-27 16:00:00,96.42999999999999
2023-07-27 17:00:00,96.42999999999999
2023-07-27 18:00:00,96.39499999999998
2023-07-27 19:00:00,96.34499999999998
2023-07-27 20:00:00,96.34999999999998
2023-07-27 21:00:00,96.35499999999999
2023-07-27 23:00:00,96.35499999999999
2023-07-28 14:30:00,96.39999999999999
2023-07-28 15:00:00,96.42499999999998
2023-07-28 16:00:00,96.40999999999998
2023-07-28 17:00:00,96.40499999999999
2023-07-28 18:00:00,96.39999999999999
2023-07-28 19:00:00,96.40999999999998
2023-07-28 20:00:00,96.40999999999998
2023-07-28 21:00:00,96.42499999999998
2023-07-28 23:00:00,96.42499999999998
2023-07-31 14:30:00,96.43999999999998
2023-07-31 15:00:00,96.42999999999999
2023-07-31 16:00:00,96.43499999999999
2023-07-31 17:00:00,96.45499999999998
2023-07-31 18:00:00,96.45499999999998
2023-07-31 19:00:00,96.42999999999999
2023-07-31 20:00:00,96.43999999999998
2023-07-31 21:00:00,96.42999999999999
2023-07-31 23:00:00,96.42999999999999
2023-08-01 14:30:00,96.35499999999999
2023-08-01 15:00:00,96.35999999999999
2023-08-01 16:00:00,96.34999999999998
2023-08-01 17:00:00,96.34499999999998
2023-08-01 18:00:00,96.32999999999998
2023-08-01 19:00:00,96.33999999999999
2023-08-01 20:00:00,96.33999999999999
2023-08-01 21:00:00,96.37499999999999
2023-08-01 23:00:00,96.37499999999999
2023-08-02 14:30:00,96.35499999999999
2023-08-02 15:00:00,96.31999999999998
2023-08-02 16:00:00,96.33499999999998
2023-08-02 17:00:00,96.35499999999999
2023-08-02 18:00:00,96.35499999999999
2023-08-02 19:00:00,96.34999999999998
2023-08-02 20:00:00,96.35999999999999
2023-08-02 21:00:00,96.34999999999998
2023-08-02 23:00:00,96.34999999999998
2023-08-03 14:30:00,96.24999999999999
2023-08-03 15:00:00,96.25999999999999
2023-08-03 16:00:00,96.24999999999999
2023-08-03 17:00:00,96.27499999999999
2023-08-03 18:00:00,96.26499999999999
2023-08-03 19:00:00,96.25499999999998
2023-08-03 20:00:00,96.24999999999999
2023-08-03 21:00:00,96.25999999999999
2023-08-03 23:00:00,96.25999999999999
2023-08-04 14:30:00,96.36499999999998
2023-08-04 15:00:00,96.37499999999999
2023-08-04 16:00:00,96.39499999999998
2023-08-04 17:00:00,96.40499999999999
2023-08-04 18:00:00,96.40999999999998
2023-08-04 19:00:00,96.40999999999998
2023-08-04 20:00:00,96.40999999999998
2023-08-04 21:00:00,96.43999999999998
2023-08-04 23:00:00,96.43999999999998
2023-08-07 14:30:00,96.40499999999999
2023-08-07 15:00:00,96.40499999999999
2023-08-07 16:00:00,96.40499999999999
2023-08-07 17:00:00,96.41999999999999
2023-08-07 18:00:00,96.42999999999999
2023-08-07 19:00:00,96.42999999999999
2023-08-07 20:00:00,96.42499999999998
2023-08-07 21:00:00,96.41499999999999
2023-08-07 23:00:00,96.41499999999999
2023-08-08 14:30:00,96.50999999999999
2023-08-08 15:00:00,96.48999999999998
2023-08-08 16:00:00,96.47999999999999
2023-08-08 17:00:00,96.46999999999998
2023-08-08 18:00:00,96.48499999999999
2023-08-08 19:00:00,96.48499999999999
2023-08-08 20:00:00,96.48999999999998
2023-08-08 21:00:00,96.48499999999999
2023-08-08 23:00:00,96.48499999999999
2023-08-09 14:30:00,96.46999999999998
2023-08-09 15:00:00,96.47999999999999
2023-08-09 16:00:00,96.48499999999999
2023-08-09 17:00:00,96.48999999999998
2023-08-09 18:00:00,96.48499999999999
2023-08-09 19:00:00,96.46499999999999
2023-08-09 20:00:00,96.46999999999998
2023-08-09 21:00:00,96.44999999999999
2023-08-09 23:00:00,96.44999999999999
2023-08-10 14:30:00,96.48499999999999
2023-08-10 15:00:00,96.45999999999998
2023-08-10 16:00:00,96.45499999999998
2023-08-10 17:00:00,96.44499999999998
2023-08-10 18:00:00,96.35999999999999
2023-08-10 19:00:00,96.37499999999999
2023-08-10 20:00:00,96.36999999999999
2023-08-10 21:00:00,96.33499999999998
2023-08-10 23:00:00,96.33499999999998
2023-08-11 14:30:00,96.27499999999999
2023-08-11 15:00:00,96.30999999999999
2023-08-11 16:00:00,96.27499999999999
2023-08-11 17:00:00,96.24999999999999
2023-08-11 18:00:00,96.23999999999998
2023-08-11 19:00:00,96.23499999999999
2023-08-11 20:00:00,96.23499999999999
2023-08-11 21:00:00,96.23999999999998
2023-08-11 23:00:00,96.23999999999998
2023-08-14 14:30:00,96.16499999999999
2023-08-14 15:00:00,96.18499999999999
2023-08-14 16:00:00,96.20499999999998
2023-08-14 17:00:00,96.21999999999998
2023-08-14 18:00:00,96.20499999999998
2023-08-14 19:00:00,96.19499999999998
2023-08-14 20:00:00,96.18499999999999
2023-08-14 21:00:00,96.17999999999999
2023-08-14 23:00:00,96.17999999999999
2023-08-15 14:30:00,96.22499999999998
2023-08-15 15:00:00,96.23499999999999
2023-08-15 16:00:00,96.21999999999998
2023-08-15 17:00:00,96.20999999999998
2023-08-15 18:00:00,96.17999999999999
2023-08-15 19:00:00,96.14499999999998
2023-08-15 20:00:00,96.14999999999999
2023-08-15 21:00:00,96.14999999999999
2023-08-15 23:00:00,96.14999999999999
2023-08-16 14:30:00,96.17999999999999
2023-08-16 15:00:00,96.18499999999999
2023-08-16 16:00:00,96.14999999999999
2023-08-16 17:00:00,96.13499999999999
2023-08-16 18:00:00,96.12999999999998
2023-08-16 19:00:00,96.11499999999998
2023-08-16 20:00:00,96.09999999999998
2023-08-16 21:00:00,96.10999999999999
2023-08-16 23:00:00,96.10999999999999
2023-08-17 14:30:00,96.06999999999998
2023-08-17 15:00:00,96.05499999999999
2023-08-17 16:00:00,96.02499999999999
2023-08-17 17:00:00,96.03499999999998
2023-08-17 18:00:00,96.01499999999999
2023-08-17 19:00:00,96.03499999999998
2023-08-17 20:00:00,96.04499999999999
2023-08-17 21:00:00,96.06999999999998
2023-08-17 23:00:00,96.06999999999998
2023-08-18 14:30:00,96.11499999999998
2023-08-18 15:00:00,96.13999999999999
2023-08-18 16:00:00,96.13499999999999
2023-08-18 17:00:00,96.12999999999998
2023-08-18 18:00:00,96.11499999999998
2023-08-18 19:00:00,96.10999999999999
2023-08-18 20:00:00,96.09999999999998
2023-08-18 21:00:00,96.09999999999998
2023-08-18 23:00:00,96.09999999999998
2023-08-21 14:30:00,96.03499999999998
2023-08-21 15:00:00,96.01499999999999
2023-08-21 16:00:00,96.00999999999999
2023-08-21 17:00:00,96.01499999999999
2023-08-21 18:00:00,96.02499999999999
2023-08-21 19:00:00,96.01499999999999
2023-08-21 20:00:00,96.01499999999999
2023-08-21 21:00:00,96.00499999999998
2023-08-21 23:00:00,96.00499999999998
2023-08-22 14:30:00,95.97999999999999
2023-08-22 15:00:00,95.99999999999999
2023-08-22 16:00:00,96.02499999999999
2023-08-22 17:00:00,96.01999999999998
2023-08-22 18:00:00,96.01499999999999
2023-08-22 19:00:00,96.00499999999998
2023-08-22 20:00:00,95.99499999999999
2023-08-22 21:00:00,95.99499999999999
2023-08-22 23:00:00,95.99499999999999
2023-08-23 14:30:00,96.14499999999998
2023-08-23 15:00:00,96.11499999999998
2023-08-23 16:00:00,96.13999999999999
2023-08-23 17:00:00,96.14499999999998
2023-08-23 18:00:00,96.14499999999998
2023-08-23 19:00:00,96.13999999999999
2023-08-23 20:00:00,96.13499999999999
2023-08-23 21:00:00,96.12999999999998
2023-08-23 23:00:00,96.12999999999998
2023-08-24 14:30:00,96.12999999999998
2023-08-24 15:00:00,96.11499999999998
2023-08-24 16:00:00,96.12999999999998
2023-08-24 17:00:00,96.11499999999998
2023-08-24 18:00:00,96.10999999999999
2023-08-24 19:00:00,96.10999999999999
2023-08-24 20:00:00,96.10999999999999
2023-08-24 21:00:00,96.09499999999998
2023-08-24 23:00:00,96.09499999999998
2023-08-25 14:30:00,96.10499999999999
2023-08-25 15:00:00,96.05499999999999
2023-08-25 16:00:00,96.07999999999998
2023-08-25 17:00:00,96.09999999999998
2023-08-25 18:00:00,96.10499999999999
2023-08-25 19:00:00,96.10499999999999
2023-08-25 20:00:00,96.09999999999998
2023-08-25 21:00:00,96.09999999999998
2023-08-25 23:00:00,96.09999999999998
2023-08-28 14:30:00,96.13499999999999
2023-08-28 15:00:00,96.11999999999999
2023-08-28 16:00:00,96.13499999999999
2023-08-28 17:00:00,96.13999999999999
2023-08-28 18:00:00,96.14999999999999
2023-08-28 19:00:00,96.15499999999999
2023-08-28 20:00:00,96.15499999999999
2023-08-28 21:00:00,96.15999999999998
2023-08-28 23:00:00,96.15999999999998
2023-08-29 14:30:00,96.14499999999998
2023-08-29 15:00:00,96.24999999999999
2023-08-29 16:00:00,96.27499999999999
2023-08-29 17:00:00,96.26999999999998
2023-08-29 18:00:00,96.27999999999999
2023-08-29 19:00:00,96.27499999999999
2023-08-29 20:00:00,96.28499999999998
2023-08-29 21:00:00,96.27499999999999
2023-08-29 23:00:00,96.27499999999999
2023-08-30 14:30:00,96.31999999999998
2023-08-30 15:00:00,96.29999999999998
2023-08-30 16:00:00,96.30999999999999
2023-08-30 17:00:00,96.30499999999999
2023-08-30 18:00:00,96.30499999999999
2023-08-30 19:00:00,96.28999999999999
2023-08-30 20:00:00,96.28999999999999
2023-08-30 21:00:00,96.28999999999999
2023-08-30 23:00:00,96.28999999999999
2023-08-31 14:30:00,96.29499999999999
2023-08-31 15:00:00,96.31499999999998
2023-08-31 16:00:00,96.30999999999999
2023-08-31 17:00:00,96.32499999999999
2023-08-31 18:00:00,96.32499999999999
2023-08-31 19:00:00,96.32499999999999
2023-08-31 20:00:00,96.32999999999998
2023-08-31 21:00:00,96.31999999999998
2023-08-31 23:00:00,96.31999999999998
2023-09-01 14:30:00,96.28499999999998
2023-09-01 15:00:00,96.25499999999998
2023-09-01 16:00:00,96.23499999999999
2023-09-01 17:00:00,96.26499999999999
2023-09-01 18:00:00,96.25999999999999
2023-09-01 19:00:00,96.25999999999999
2023-09-01 20:00:00,96.24999999999999
2023-09-01 21:00:00,96.25999999999999
2023-09-01 23:00:00,96.25999999999999
2023-09-05 14:30:00,96.20499999999998
2023-09-05 15:00:00,96.18999999999998
2023-09-05 16:00:00,96.18999999999998
2023-09-05 17:00:00,96.20499999999998
2023-09-05 18:00:00,96.19499999999998
2023-09-05 19:00:00,96.18999999999998
2023-09-05 20:00:00,96.18999999999998
2023-09-05 21:00:00,96.19499999999998
2023-09-05 23:00:00,96.19499999999998
2023-09-06 14:30:00,96.19499999999998
2023-09-06 15:00:00,96.12499999999999
2023-09-06 16:00:00,96.10999999999999
2023-09-06 17:00:00,96.11499999999998
2023-09-06 18:00:00,96.11499999999998
2023-09-06 19:00:00,96.10999999999999
2023-09-06 20:00:00,96.10999999999999
2023-09-06 21:00:00,96.12999999999998
2023-09-06 23:00:00,96.12999999999998
2023-09-07 14:30:00,96.12499999999999
2023-09-07 15:00:00,96.11999999999999
2023-09-07 16:00:00,96.14999999999999
2023-09-07 17:00:00,96.13999999999999
2023-09-07 18:00:00,96.13999999999999
2023-09-07 19:00:00,96.15499999999999
2023-09-07 20:00:00,96.14999999999999
2023-09-07 21:00:00,96.15999999999998
2023-09-07 23:00:00,96.15999999999998
2023-09-08 14:30:00,96.20499999999998
2023-09-08 15:00:00,96.18499999999999
2023-09-08 16:00:00,96.15499999999999
2023-09-08 17:00:00,96.14499999999998
2023-09-08 18:00:00,96.13999999999999
2023-09-08 19:00:00,96.14499999999998
2023-09-08 20:00:00,96.13499999999999
2023-09-08 21:00:00,96.13499999999999
2023-09-08 23:00:00,96.13499999999999
2023-09-11 14:30:00,96.13499999999999
2023-09-11 15:00:00,96.11499999999998
2023-09-11 16:00:00,96.12499999999999
2023-09-11 17:00:00,96.13499999999999
2023-09-11 18:00:00,96.12999999999998
2023-09-11 19:00:00,96.12499999999999
2023-09-11 20:00:00,96.12999999999998
2023-09-11 21:00:00,96.12499999999999
2023-09-11 23:00:00,96.12499999999999
2023-09-12 14:30:00,96.10499999999999
2023-09-12 15:00:00,96.10999999999999
2023-09-12 16:00:00,96.11999999999999
2023-09-12 17:00:00,96.10999999999999
2023-09-12 18:00:00,96.10999999999999
2023-09-12 19:00:00,96.12499999999999
2023-09-12 20:00:00,96.11999999999999
2023-09-12 21:00:00,96.10499999999999
2023-09-12 23:00:00,96.10499999999999
2023-09-13 14:30:00,96.13499999999999
2023-09-13 15:00:00,96.12499999999999
2023-09-13 16:00:00,96.12499999999999
2023-09-13 17:00:00,96.15499999999999
2023-09-13 18:00:00,96.16999999999999
2023-09-13 19:00:00,96.14999999999999
2023-09-13 20:00:00,96.15499999999999
2023-09-13 21:00:00,96.14999999999999
2023-09-13 23:00:00,96.14999999999999
2023-09-14 14:30:00,96.13499999999999
2023-09-14 15:00:00,96.15999999999998
2023-09-14 16:00:00,96.13999999999999
2023-09-14 17:00:00,96.12999999999998
2023-09-14 18:00:00,96.11999999999999
2023-09-14 19:00:00,96.11999999999999
2023-09-14 20:00:00,96.11999999999999
2023-09-14 21:00:00,96.12499999999999
2023-09-14 23:00:00,96.12499999999999
2023-09-15 14:30:00,96.07499999999999
2023-09-15 15:00:00,96.09999999999998
2023-09-15 16:00:00,96.08499999999998
2023-09-15 17:00:00,96.08499999999998
2023-09-15 18:00:00,96.10499999999999
2023-09-15 19:00:00,96.08999999999999
2023-09-15 20:00:00,96.08499999999998
2023-09-15 21:00:00,96.07499999999999
2023-09-15 23:00:00,96.07499999999999
2023-09-18 14:30:00,96.07499999999999
2023-09-18 15:00:00,96.07999999999998
2023-09-18 16:00:00,96.08499999999998
2023-09-18 17:00:00,96.09499999999998
2023-09-18 18:00:00,96.08999999999999
2023-09-18 19:00:00,96.08499999999998
2023-09-18 20:00:00,96.08999999999999
2023-09-18 21:00:00,96.09999999999998
2023-09-18 23:00:00,96.09999999999998
2023-09-19 14:30:00,96.05499999999999
2023-09-19 15:00:00,96.05499999999999
2023-09-19 16:00:00,96.04999999999998
2023-09-19 17:00:00,96.04499999999999
2023-09-19 18:00:00,96.03999999999999
2023-09-19 19:00:00,96.00999999999999
2023-09-19 20:00:00,96.00999999999999
2023-09-19 21:00:00,96.01999999999998
2023-09-19 23:00:00,96.01999999999998
2023-09-20 14:30:00,96.05499999999999
2023-09-20 15:00:00,96.05499999999999
2023-09-20 16:00:00,96.06499999999998
2023-09-20 17:00:00,96.06999999999998
2023-09-20 18:00:00,96.06499999999998
2023-09-20 19:00:00,96.03499999999998
2023-09-20 20:00:00,96.02499999999999
2023-09-20 21:00:00,95.97999999999999
2023-09-20 23:00:00,95.97999999999999
2023-09-21 14:30:00,95.87999999999998
2023-09-21 15:00:00,95.89999999999999
2023-09-21 16:00:00,95.89999999999999
2023-09-21 17:00:00,95.91499999999999
2023-09-21 18:00:00,95.91499999999999
2023-09-21 19:00:00,95.90999999999998
2023-09-21 20:00:00,95.91499999999999
2023-09-21 21:00:00,95.89999999999999
2023-09-21 23:00:00,95.89999999999999
2023-09-22 14:30:00,95.95499999999998
2023-09-22 15:00:00,95.98499999999999
2023-09-22 16:00:00,95.97999999999999
2023-09-22 17:00:00,95.97999999999999
2023-09-22 18:00:00,95.97999999999999
2023-09-22 19:00:00,95.96499999999999
2023-09-22 20:00:00,95.96499999999999
2023-09-22 21:00:00,95.97499999999998
2023-09-22 23:00:00,95.97499999999998
2023-09-25 14:30:00,95.92499999999998
2023-09-25 15:00:00,95.93999999999998
2023-09-25 16:00:00,95.92999999999999
2023-09-25 17:00:00,95.92999999999999
2023-09-25 18:00:00,95.92499999999998
2023-09-25 19:00:00,95.91499999999999
2023-09-25 20:00:00,95.91499999999999
2023-09-25 21:00:00,95.91499999999999
2023-09-25 23:00:00,95.91499999999999
2023-09-26 14:30:00,95.93999999999998
2023-09-26 15:00:00,95.92999999999999
2023-09-26 16:00:00,95.91499999999999
2023-09-26 17:00:00,95.91499999999999
2023-09-26 18:00:00,95.92999999999999
2023-09-26 19:00:00,95.91499999999999
2023-09-26 20:00:00,95.91999999999999
2023-09-26 21:00:00,95.93499999999999
2023-09-26 23:00:00,95.93499999999999
2023-09-27 14:30:00,95.93999999999998
2023-09-27 15:00:00,95.90499999999999
2023-09-27 16:00:00,95.89499999999998
2023-09-27 17:00:00,95.87999999999998
2023-09-27 18:00:00,95.85499999999999
2023-09-27 19:00:00,95.83499999999998
2023-09-27 20:00:00,95.85499999999999
2023-09-27 21:00:00,95.84999999999998
2023-09-27 23:00:00,95.84999999999998
2023-09-28 14:30:00,95.82499999999999
2023-09-28 15:00:00,95.80499999999999
2023-09-28 16:00:00,95.85499999999999
2023-09-28 17:00:00,95.84999999999998
2023-09-28 18:00:00,95.83999999999999
2023-09-28 19:00:00,95.87999999999998
2023-09-28 20:00:00,95.88499999999999
2023-09-28 21:00:00,95.90499999999999
2023-09-28 23:00:00,95.90499999999999
2023-09-29 14:30:00,95.97499999999998
2023-09-29 15:00:00,95.97499999999998
2023-09-29 16:00:00,95.94999999999999
2023-09-29 17:00:00,95.94499999999998
2023-09-29 18:00:00,95.94499999999998
2023-09-29 19:00:00,95.93999999999998
2023-09-29 20:00:00,95.92499999999998
2023-09-29 21:00:00,95.93499999999999
2023-09-29 23:00:00,95.93499999999999
2023-10-02 14:30:00,95.85499999999999
2023-10-02 15:00:00,95.83499999999998
2023-10-02 16:00:00,95.81499999999998
2023-10-02 17:00:00,95.82499999999999
2023-10-02 18:00:00,95.83499999999998
2023-10-02 19:00:00,95.81999999999998
2023-10-02 20:00:00,95.82499999999999
2023-10-02 21:00:00,95.82499999999999
2023-10-02 23:00:00,95.82499999999999
2023-10-03 14:30:00,95.81499999999998
2023-10-03 15:00:00,95.76499999999999
2023-10-03 16:00:00,95.72499999999998
2023-10-03 17:00:00,95.71999999999998
2023-10-03 18:00:00,95.71999999999998
2023-10-03 19:00:00,95.69999999999999
2023-10-03 20:00:00,95.69999999999999
2023-10-03 21:00:00,95.69999999999999
2023-10-03 23:00:00,95.69999999999999
2023-10-04 14:30:00,95.72999999999999
2023-10-04 15:00:00,95.70999999999998
2023-10-04 16:00:00,95.76999999999998
2023-10-04 17:00:00,95.76499999999999
2023-10-04 18:00:00,95.75499999999998
2023-10-04 19:00:00,95.76999999999998
2023-10-04 20:00:00,95.76999999999998
2023-10-04 21:00:00,95.75499999999998
2023-10-04 23:00:00,95.75499999999998
2023-10-05 14:30:00,95.82999999999998
2023-10-05 15:00:00,95.80499999999999
2023-10-05 16:00:00,95.80999999999999
2023-10-05 17:00:00,95.80999999999999
2023-10-05 18:00:00,95.80999999999999
2023-10-05 19:00:00,95.81499999999998
2023-10-05 20:00:00,95.81499999999998
2023-10-05 21:00:00,95.80999999999999
2023-10-05 23:00:00,95.80999999999999
2023-10-06 14:30:00,95.68999999999998
2023-10-06 15:00:00,95.70999999999998
2023-10-06 16:00:00,95.75499999999998
2023-10-06 17:00:00,95.74499999999999
2023-10-06 18:00:00,95.74999999999999
2023-10-06 19:00:00,95.74999999999999
2023-10-06 20:00:00,95.75499999999998
2023-10-06 21:00:00,95.73999999999998
2023-10-06 23:00:00,95.73999999999998
2023-10-09 14:30:00,95.86999999999999
2023-10-09 15:00:00,95.90499999999999
2023-10-09 16:00:00,95.89999999999999
2023-10-09 17:00:00,95.89999999999999
2023-10-09 18:00:00,95.92499999999998
2023-10-09 19:00:00,95.92499999999998
2023-10-09 20:00:00,95.92999999999999
2023-10-09 21:00:00,95.92999999999999
2023-10-09 23:00:00,95.92999999999999
2023-10-10 14:30:00,95.87499999999999
2023-10-10 15:00:00,95.89499999999998
2023-10-10 16:00:00,95.93999999999998
2023-10-10 17:00:00,95.91999999999999
2023-10-10 18:00:00,95.87999999999998
2023-10-10 19:00:00,95.88499999999999
2023-10-10 20:00:00,95.87999999999998
2023-10-10 21:00:00,95.87999999999998
2023-10-10 23:00:00,95.87999999999998
2023-10-11 14:30:00,95.89999999999999
2023-10-11 15:00:00,95.90999999999998
2023-10-11 16:00:00,95.92999999999999
2023-10-11 17:00:00,95.89999999999999
2023-10-11 18:00:00,95.87499999999999
2023-10-11 19:00:00,95.90499999999999
2023-10-11 20:00:00,95.91999999999999
2023-10-11 21:00:00,95.93499999999999
2023-10-11 23:00:00,95.93499999999999
2023-10-12 14:30:00,95.83999999999999
2023-10-12 15:00:00,95.84999999999998
2023-10-12 16:00:00,95.83999999999999
2023-10-12 17:00:00,95.82999999999998
2023-10-12 18:00:00,95.79999999999998
2023-10-12 19:00:00,95.79999999999998
2023-10-12 20:00:00,95.79999999999998
2023-10-12 21:00:00,95.81499999999998
2023-10-12 23:00:00,95.81499999999998
2023-10-13 14:30:00,95.88499999999999
2023-10-13 15:00:00,95.87499999999999
2023-10-13 16:00:00,95.86999999999999
2023-10-13 17:00:00,95.86499999999998
2023-10-13 18:00:00,95.86999999999999
2023-10-13 19:00:00,95.86999999999999
2023-10-13 20:00:00,95.86499999999998
2023-10-13 21:00:00,95.86999999999999
2023-10-13 23:00:00,95.86999999999999
2023-10-16 14:30:00,95.79499999999999
2023-10-16 15:00:00,95.80499999999999
2023-10-16 16:00:00,95.79499999999999
2023-10-16 17:00:00,95.78499999999998
2023-10-16 18:00:00,95.78999999999999
2023-10-16 19:00:00,95.78499999999998
2023-10-16 20:00:00,95.78499999999998
2023-10-16 21:00:00,95.78999999999999
2023-10-16 23:00:00,95.78999999999999
2023-10-17 14:30:00,95.63999999999999
2023-10-17 15:00:00,95.63999999999999
2023-10-17 16:00:00,95.64499999999998
2023-10-17 17:00:00,95.62499999999999
2023-10-17 18:00:00,95.59499999999998
2023-10-17 19:00:00,95.59999999999998
2023-10-17 20:00:00,95.60499999999999
2023-10-17 21:00:00,95.59999999999998
2023-10-17 23:00:00,95.59999999999998
2023-10-18 14:30:00,95.58999999999999
2023-10-18 15:00:00,95.53999999999999
2023-10-18 16:00:00,95.52499999999999
2023-10-18 17:00:00,95.52999999999999
2023-10-18 18:00:00,95.55499999999999
2023-10-18 19:00:00,95.51999999999998
2023-10-18 20:00:00,95.51999999999998
2023-10-18 21:00:00,95.50999999999999
2023-10-18 23:00:00,95.50999999999999
2023-10-19 14:30:00,95.47999999999999
2023-10-19 15:00:00,95.44499999999998
2023-10-19 16:00:00,95.45999999999998
2023-10-19 17:00:00,95.45999999999998
2023-10-19 18:00:00,95.45499999999998
2023-10-19 19:00:00,95.44999999999999
2023-10-19 20:00:00,95.46999999999998
2023-10-19 21:00:00,95.45999999999998
2023-10-19 23:00:00,95.45999999999998
2023-10-20 14:30:00,95.57999999999998
2023-10-20 15:00:00,95.59999999999998
2023-10-20 16:00:00,95.58999999999999
2023-10-20 17:00:00,95.59499999999998
2023-10-20 18:00:00,95.56999999999998
2023-10-20 19:00:00,95.58499999999998
2023-10-20 20:00:00,95.58499999999998
2023-10-20 21:00:00,95.57499999999999
2023-10-20 23:00:00,95.57499999999999
2023-10-23 14:30:00,95.58499999999998
2023-10-23 15:00:00,95.60999999999999
2023-10-23 16:00:00,95.65499999999999
2023-10-23 17:00:00,95.66999999999999
2023-10-23 18:00:00,95.67999999999999
2023-10-23 19:00:00,95.68999999999998
2023-10-23 20:00:00,95.67999999999999
2023-10-23 21:00:00,95.67499999999998
2023-10-23 23:00:00,95.67499999999998
2023-10-24 14:30:00,95.65499999999999
2023-10-24 15:00:00,95.64999999999999
2023-10-24 16:00:00,95.66999999999999
2023-10-24 17:00:00,95.66499999999999
2023-10-24 18:00:00,95.67499999999998
2023-10-24 19:00:00,95.65499999999999
2023-10-24 20:00:00,95.65999999999998
2023-10-24 21:00:00,95.65499999999999
2023-10-24 23:00:00,95.65499999999999
2023-10-25 14:30:00,95.61999999999999
2023-10-25 15:00:00,95.59499999999998
2023-10-25 16:00:00,95.59499999999998
2023-10-25 17:00:00,95.57999999999998
2023-10-25 18:00:00,95.55499999999999
2023-10-25 19:00:00,95.54499999999999
2023-10-25 20:00:00,95.54999999999998
2023-10-25 21:00:00,95.54499999999999
2023-10-25 23:00:00,95.54499999999999
2023-10-26 14:30:00,95.62499999999999
2023-10-26 15:00:00,95.62499999999999
2023-10-26 16:00:00,95.62999999999998
2023-10-26 17:00:00,95.62999999999998
2023-10-26 18:00:00,95.67999999999999
2023-10-26 19:00:00,95.68999999999998
2023-10-26 20:00:00,95.67999999999999
2023-10-26 21:00:00,95.67999999999999
2023-10-26 23:00:00,95.67999999999999
2023-10-27 14:30:00,95.71999999999998
2023-10-27 15:00:00,95.70499999999998
2023-10-27 16:00:00,95.70999999999998
2023-10-27 17:00:00,95.68999999999998
2023-10-27 18:00:00,95.73499999999999
2023-10-27 19:00:00,95.73499999999999
2023-10-27 20:00:00,95.73499999999999
2023-10-27 21:00:00,95.74499999999999
2023-10-27 23:00:00,95.74499999999999
2023-10-30 13:30:00,95.69999999999999
2023-10-30 14:00:00,95.70499999999998
2023-10-30 15:00:00,95.70499999999998
2023-10-30 16:00:00,95.70499999999998
2023-10-30 17:00:00,95.70499999999998
2023-10-30 18:00:00,95.71999999999998
2023-10-30 19:00:00,95.70999999999998
2023-10-30 20:00:00,95.70499999999998
2023-10-30 23:00:00,95.68499999999999
2023-10-31 13:30:00,95.70499999999998
2023-10-31 14:00:00,95.71999999999998
2023-10-31 15:00:00,95.71499999999999
2023-10-31 16:00:00,95.70999999999998
2023-10-31 17:00:00,95.70999999999998
2023-10-31 18:00:00,95.70999999999998
2023-10-31 19:00:00,95.69499999999998
2023-10-31 20:00:00,95.68999999999998
2023-10-31 23:00:00,95.66999999999999
2023-11-01 13:30:00,95.75999999999999
2023-11-01 14:00:00,95.80499999999999
2023-11-01 15:00:00,95.79999999999998
2023-11-01 16:00:00,95.77499999999999
2023-11-01 17:00:00,95.78499999999998
2023-11-01 18:00:00,95.82499999999999
2023-11-01 19:00:00,95.84499999999998
2023-11-01 20:00:00,95.84499999999998
2023-11-01 23:00:00,95.88499999999999
2023-11-02 13:30:00,95.93999999999998
2023-11-02 14:00:00,95.94999999999999
2023-11-02 15:00:00,95.89999999999999
2023-11-02 16:00:00,95.87999999999998
2023-11-02 17:00:00,95.89999999999999
2023-11-02 18:00:00,95.88999999999999
2023-11-02 19:00:00,95.87999999999998
2023-11-02 20:00:00,95.87499999999999
2023-11-02 23:00:00,95.88499999999999
2023-11-03 13:30:00,96.06999999999998
2023-11-03 14:00:00,96.03999999999999
2023-11-03 15:00:00,96.04999999999998
2023-11-03 16:00:00,96.06999999999998
2023-11-03 17:00:00,96.04999999999998
2023-11-03 18:00:00,96.05499999999999
2023-11-03 19:00:00,96.03499999999998
2023-11-03 20:00:00,96.03499999999998
2023-11-03 23:00:00,96.03499999999998
2023-11-06 14:30:00,95.95499999999998
2023-11-06 15:00:00,95.95999999999998
2023-11-06 16:00:00,95.96999999999998
2023-11-06 17:00:00,95.95999999999998
2023-11-06 18:00:00,95.94499999999998
2023-11-06 19:00:00,95.92999999999999
2023-11-06 20:00:00,95.92999999999999
2023-11-06 21:00:00,95.95999999999998
2023-11-06 23:00:00,95.95999999999998
2023-11-07 14:30:00,95.97999999999999
2023-11-07 15:00:00,95.99499999999999
2023-11-07 16:00:00,95.99499999999999
2023-11-07 17:00:00,95.98499999999999
2023-11-07 18:00:00,96.04499999999999
2023-11-07 19:00:00,96.00999999999999
2023-11-07 20:00:00,96.00499999999998
2023-11-07 21:00:00,96.01499999999999
2023-11-07 23:00:00,96.01499999999999
2023-11-08 14:30:00,96.02999999999999
2023-11-08 15:00:00,96.02999999999999
2023-11-08 16:00:00,96.03999999999999
2023-11-08 17:00:00,96.02999999999999
2023-11-08 18:00:00,96.03499999999998
2023-11-08 19:00:00,96.02499999999999
2023-11-08 20:00:00,96.02999999999999
2023-11-08 21:00:00,96.04499999999999
2023-11-08 23:00:00,96.04499999999999
2023-11-09 14:30:00,96.00999999999999
2023-11-09 15:00:00,95.98999999999998
2023-11-09 16:00:00,95.99499999999999
2023-11-09 17:00:00,95.96499999999999
2023-11-09 18:00:00,95.96499999999999
2023-11-09 19:00:00,95.90999999999998
2023-11-09 20:00:00,95.91499999999999
2023-11-09 21:00:00,95.90499999999999
2023-11-09 23:00:00,95.90499999999999
2023-11-10 14:30:00,95.93999999999998
2023-11-10 15:00:00,95.92999999999999
2023-11-10 16:00:00,95.89999999999999
2023-11-10 17:00:00,95.88499999999999
2023-11-10 18:00:00,95.87999999999998
2023-11-10 19:00:00,95.86999999999999
2023-11-10 20:00:00,95.88499999999999
2023-11-10 21:00:00,95.84999999999998
2023-11-10 23:00:00,95.84999999999998
2023-11-13 14:30:00,95.79999999999998
2023-11-13 15:00:00,95.82999999999998
2023-11-13 16:00:00,95.86499999999998
2023-11-13 17:00:00,95.85499999999999
2023-11-13 18:00:00,95.86999999999999
2023-11-13 19:00:00,95.86499999999998
2023-11-13 20:00:00,95.85999999999999
2023-11-13 21:00:00,95.85999999999999
2023-11-13 23:00:00,95.85999999999999
2023-11-14 14:30:00,96.08499999999998
2023-11-14 15:00:00,96.07999999999998
2023-11-14 16:00:00,96.09999999999998
2023-11-14 17:00:00,96.10499999999999
2023-11-14 18:00:00,96.10999999999999
2023-11-14 19:00:00,96.11999999999999
2023-11-14 20:00:00,96.11999999999999
2023-11-14 21:00:00,96.09499999999998
2023-11-14 23:00:00,96.09499999999998
2023-11-15 14:30:00,96.01499999999999
2023-11-15 15:00:00,96.01999999999998
2023-11-15 16:00:00,96.00499999999998
2023-11-15 17:00:00,96.00999999999999
2023-11-15 18:00:00,95.99499999999999
2023-11-15 19:00:00,96.00999999999999
2023-11-15 20:00:00,96.01499999999999
2023-11-15 21:00:00,96.01499999999999
2023-11-15 23:00:00,96.01499999999999
2023-11-16 14:30:00,96.10499999999999
2023-11-16 15:00:00,96.10999999999999
2023-11-16 16:00:00,96.08499999999998
2023-11-16 17:00:00,96.11999999999999
2023-11-16 18:00:00,96.12499999999999
2023-11-16 19:00:00,96.12999999999998
2023-11-16 20:00:00,96.12999999999998
2023-11-16 21:00:00,96.13999999999999
2023-11-16 23:00:00,96.13999999999999
2023-11-17 14:30:00,96.08499999999998
2023-11-17 15:00:00,96.08999999999999
2023-11-17 16:00:00,96.08999999999999
2023-11-17 17:00:00,96.09499999999998
2023-11-17 18:00:00,96.11499999999998
2023-11-17 19:00:00,96.09999999999998
2023-11-17 20:00:00,96.10499999999999
2023-11-17 21:00:00,96.11499999999998
2023-11-17 23:00:00,96.11499999999998
2023-11-20 14:30:00,96.09999999999998
2023-11-20 15:00:00,96.08499999999998
2023-11-20 16:00:00,96.09499999999998
2023-11-20 17:00:00,96.09499999999998
2023-11-20 18:00:00,96.12999999999998
2023-11-20 19:00:00,96.12999999999998
2023-11-20 20:00:00,96.13999999999999
2023-11-20 21:00:00,96.13499999999999
2023-11-20 23:00:00,96.13499999999999
2023-11-21 14:30:00,96.15499999999999
2023-11-21 15:00:00,96.15999999999998
2023-11-21 16:00:00,96.17499999999998
2023-11-21 17:00:00,96.16999999999999
2023-11-21 18:00:00,96.14999999999999
2023-11-21 19:00:00,96.15999999999998
2023-11-21 20:00:00,96.15999999999998
2023-11-21 21:00:00,96.17499999999998
2023-11-21 23:00:00,96.17499999999998
2023-11-22 14:30:00,96.16499999999999
2023-11-22 15:00:00,96.11499999999998
2023-11-22 16:00:00,96.12499999999999
2023-11-22 17:00:00,96.12499999999999
2023-11-22 18:00:00,96.12999999999998
2023-11-22 19:00:00,96.13499999999999
2023-11-22 20:00:00,96.13499999999999
2023-11-22 21:00:00,96.13999999999999
2023-11-22 23:00:00,96.13999999999999
2023-11-24 14:30:00,96.06999999999998
2023-11-24 15:00:00,96.07499999999999
2023-11-24 16:00:00,96.06499999999998
2023-11-24 17:00:00,96.06999999999998
2023-11-24 18:00:00,96.08499999999998
2023-11-24 23:00:00,96.08499999999998
2023-11-27 14:30:00,96.11999999999999
2023-11-27 15:00:00,96.12999999999998
2023-11-27 16:00:00,96.14499999999998
2023-11-27 17:00:00,96.13999999999999
2023-11-27 18:00:00,96.15999999999998
2023-11-27 19:00:00,96.17999999999999
2023-11-27 20:00:00,96.17499999999998
2023-11-27 21:00:00,96.17499999999998
2023-11-27 23:00:00,96.17499999999998
2023-11-28 14:30:00,96.19499999999998
2023-11-28 15:00:00,96.25499999999998
2023-11-28 16:00:00,96.27999999999999
2023-11-28 17:00:00,96.26499999999999
2023-11-28 18:00:00,96.27499999999999
2023-11-28 19:00:00,96.30999999999999
2023-11-28 20:00:00,96.29499999999999
2023-11-28 21:00:00,96.31499999999998
2023-11-28 23:00:00,96.31499999999998
2023-11-29 14:30:00,96.38499999999999
2023-11-29 15:00:00,96.35999999999999
2023-11-29 16:00:00,96.32499999999999
2023-11-29 17:00:00,96.35999999999999
2023-11-29 18:00:00,96.35999999999999
2023-11-29 19:00:00,96.35499999999999
2023-11-29 20:00:00,96.34499999999998
2023-11-29 21:00:00,96.35999999999999
2023-11-29 23:00:00,96.35999999999999
2023-11-30 14:30:00,96.25999999999999
2023-11-30 15:00:00,96.28999999999999
2023-11-30 16:00:00,96.28499999999998
2023-11-30 17:00:00,96.25999999999999
2023-11-30 18:00:00,96.27999999999999
2023-11-30 19:00:00,96.26999999999998
2023-11-30 20:00:00,96.26499999999999
2023-11-30 21:00:00,96.29499999999999
2023-11-30 23:00:00,96.29499999999999
2023-12-01 14:30:00,96.27499999999999
2023-12-01 15:00:00,96.32499999999999
2023-12-01 16:00:00,96.37999999999998
2023-12-01 17:00:00,96.39999999999999
2023-12-01 18:00:00,96.39999999999999
2023-12-01 19:00:00,96.39499999999998
2023-12-01 20:00:00,96.39499999999998
2023-12-01 21:00:00,96.42499999999998
2023-12-01 23:00:00,96.42499999999998
2023-12-04 14:30:00,96.36499999999998
2023-12-04 15:00:00,96.32499999999999
2023-12-04 16:00:00,96.33499999999998
2023-12-04 17:00:00,96.32999999999998
2023-12-04 18:00:00,96.32999999999998
2023-12-04 19:00:00,96.33999999999999
2023-12-04 20:00:00,96.33999999999999
2023-12-04 21:00:00,96.36499999999998
2023-12-04 23:00:00,96.36499999999998
2023-12-05 14:30:00,96.38999999999999
2023-12-05 15:00:00,96.43499999999999
2023-12-05 16:00:00,96.44499999999998
2023-12-05 17:00:00,96.44499999999998
2023-12-05 18:00:00,96.44499999999998
2023-12-05 19:00:00,96.44999999999999
2023-12-05 20:00:00,96.44999999999999
2023-12-05 21:00:00,96.44999999999999
2023-12-05 23:00:00,96.44999999999999
2023-12-06 14:30:00,96.45999999999998
2023-12-06 15:00:00,96.46999999999998
2023-12-06 16:00:00,96.47499999999998
2023-12-06 17:00:00,96.47499999999998
2023-12-06 18:00:00,96.48999999999998
2023-12-06 19:00:00,96.47999999999999
2023-12-06 20:00:00,96.46999999999998
2023-12-06 21:00:00,96.49999999999999
2023-12-06 23:00:00,96.49999999999999
2023-12-07 14:30:00,96.46499999999999
2023-12-07 15:00:00,96.46499999999999
2023-12-07 16:00:00,96.48999999999998
2023-12-07 17:00:00,96.49499999999999
2023-12-07 18:00:00,96.48999999999998
2023-12-07 19:00:00,96.47999999999999
2023-12-07 20:00:00,96.47499999999998
2023-12-07 21:00:00,96.45499999999998
2023-12-07 23:00:00,96.45499999999998
2023-12-08 14:30:00,96.35499999999999
2023-12-08 15:00:00,96.33499999999998
2023-12-08 16:00:00,96.30999999999999
2023-12-08 17:00:00,96.33999999999999
2023-12-08 18:00:00,96.33999999999999
2023-12-08 19:00:00,96.32999999999998
2023-12-08 20:00:00,96.33999999999999
2023-12-08 21:00:00,96.33999999999999
2023-12-08 21:00:01,96.33999999999999
2023-12-08 23:00:00,96.33999999999999
2023-12-11 14:30:00,96.3
2023-12-11 15:00:00,96.29499999999999
2023-12-11 16:00:00,96.27999999999999
2023-12-11 17:00:00,96.27499999999999
2023-12-11 18:00:00,96.30999999999999
2023-12-11 19:00:00,96.315
2023-12-11 20:00:00,96.315
2023-12-11 21:00:00,96.32
2023-12-11 23:00:00,96.32
2023-12-12 14:30:00,96.32499999999999
2023-12-12 15:00:00,96.34499999999998
2023-12-12 16:00:00,96.35
2023-12-12 17:00:00,96.335
2023-12-12 18:00:00,96.35999999999999
2023-12-12 19:00:00,96.365
2023-12-12 20:00:00,96.36999999999999
2023-12-12 21:00:00,96.36999999999999
2023-12-12 23:00:00,96.36999999999999
2023-12-13 14:30:00,96.38
2023-12-13 15:00:00,96.38499999999999
2023-12-13 16:00:00,96.38999999999999
2023-12-13 17:00:00,96.37499999999999
2023-12-13 18:00:00,96.36999999999999
2023-12-13 19:00:00,96.535
2023-12-13 20:00:00,96.55499999999999
2023-12-13 21:00:00,96.565
2023-12-13 23:00:00,96.565
2023-12-14 14:30:00,96.63
2023-12-14 15:00:00,96.65499999999999
2023-12-14 16:00:00,96.675
2023-12-14 17:00:00,96.64999999999999
2023-12-14 18:00:00,96.62499999999999
2023-12-14 19:00:00,96.63499999999999
2023-12-14 20:00:00,96.63499999999999
2023-12-14 21:00:00,96.63499999999999
2023-12-14 23:00:00,96.63499999999999
2023-12-15 14:30:00,96.645
2023-12-15 15:00:00,96.64999999999999
2023-12-15 16:00:00,96.645
2023-12-15 17:00:00,96.645
2023-12-15 18:00:00,96.63499999999999
2023-12-15 19:00:00,96.63499999999999
2023-12-15 20:00:00,96.63999999999999
2023-12-15 21:00:00,96.65499999999999
2023-12-15 23:00:00,96.65499999999999
2023-12-18 14:30:00,96.615
2023-12-18 15:00:00,96.615
2023-12-18 16:00:00,96.60499999999999
2023-12-18 17:00:00,96.60999999999999
2023-12-18 18:00:00,96.60499999999999
2023-12-18 19:00:00,96.6
2023-12-18 20:00:00,96.60499999999999
2023-12-18 21:00:00,96.63499999999999
2023-12-18 23:00:00,96.63499999999999
2023-12-19 14:30:00,96.65499999999999
2023-12-19 15:00:00,96.645
2023-12-19 16:00:00,96.645
2023-12-19 17:00:00,96.63
2023-12-19 18:00:00,96.62499999999999
2023-12-19 19:00:00,96.63
2023-12-19 20:00:00,96.62499999999999
2023-12-19 21:00:00,96.61999999999999
2023-12-19 23:00:00,96.61999999999999
2023-12-20 14:30:00,96.675
2023-12-20 15:00:00,96.64999999999999
2023-12-20 16:00:00,96.66
2023-12-20 17:00:00,96.66999999999999
2023-12-20 18:00:00,96.68499999999999
2023-12-20 19:00:00,96.695
2023-12-20 20:00:00,96.69999999999999
2023-12-20 21:00:00,96.725
2023-12-20 23:00:00,96.725
2023-12-21 14:30:00,96.72999999999999
2023-12-21 15:00:00,96.70499999999998
2023-12-21 16:00:00,96.70499999999998
2023-12-21 17:00:00,96.70499999999998
2023-12-21 18:00:00,96.69
2023-12-21 19:00:00,96.695
2023-12-21 20:00:00,96.695
2023-12-21 21:00:00,96.69999999999999
2023-12-21 23:00:00,96.69999999999999
2023-12-22 14:30:00,96.70499999999998
2023-12-22 15:00:00,96.68499999999999
2023-12-22 16:00:00,96.66499999999999
2023-12-22 17:00:00,96.67999999999999
2023-12-22 18:00:00,96.695
2023-12-22 19:00:00,96.695
2023-12-22 20:00:00,96.695
2023-12-22 21:00:00,96.70499999999998
2023-12-22 23:00:00,96.70499999999998
2023-12-26 14:30:00,96.695
2023-12-26 15:00:00,96.68499999999999
2023-12-26 16:00:00,96.69
2023-12-26 17:00:00,96.69
2023-12-26 18:00:00,96.695
2023-12-26 19:00:00,96.71
2023-12-26 20:00:00,96.69999999999999
2023-12-26 21:00:00,96.695
2023-12-26 23:00:00,96.695
2023-12-27 14:30:00,96.74
2023-12-27 15:00:00,96.76499999999999
2023-12-27 16:00:00,96.77
2023-12-27 17:00:00,96.77499999999999
2023-12-27 18:00:00,96.80499999999999
2023-12-27 19:00:00,96.80499999999999
2023-12-27 20:00:00,96.8
2023-12-27 21:00:00,96.8
2023-12-27 23:00:00,96.8
2023-12-28 14:30:00,96.76499999999999
2023-12-28 15:00:00,96.79499999999999
2023-12-28 16:00:00,96.77499999999999
2023-12-28 17:00:00,96.77499999999999
2023-12-28 18:00:00,96.74999999999999
2023-12-28 19:00:00,96.755
2023-12-28 20:00:00,96.75999999999999
2023-12-28 21:00:00,96.76499999999999
2023-12-28 23:00:00,96.76499999999999
2023-12-29 14:30:00,96.72999999999999
2023-12-29 15:00:00,96.755
2023-12-29 16:00:00,96.75999999999999
2023-12-29 17:00:00,96.77499999999999
2023-12-29 18:00:00,96.755
2023-12-29 19:00:00,96.755
2023-12-29 20:00:00,96.75999999999999
2023-12-29 21:00:00,96.755
2023-12-29 23:00:00,96.755
2024-01-02 14:30:00,96.69999999999999
2024-01-02 15:00:00,96.675
2024-01-02 16:00:00,96.69
2024-01-02 17:00:00,96.66999999999999
2024-01-02 18:00:00,96.66499999999999
2024-01-02 19:00:00,96.66499999999999
2024-01-02 20:00:00,96.66999999999999
2024-01-02 21:00:00,96.675
2024-01-02 23:00:00,96.675
2024-01-03 14:30:00,96.63999999999999
2024-01-03 15:00:00,96.63
2024-01-03 16:00:00,96.65499999999999
2024-01-03 17:00:00,96.68499999999999
2024-01-03 18:00:00,96.68499999999999
2024-01-03 19:00:00,96.70499999999998
2024-01-03 20:00:00,96.69999999999999
2024-01-03 21:00:00,96.68499999999999
2024-01-03 23:00:00,96.68499999999999
2024-01-04 14:30:00,96.58999999999999
2024-01-04 15:00:00,96.60499999999999
2024-01-04 16:00:00,96.6
2024-01-04 17:00:00,96.57999999999998
2024-01-04 18:00:00,96.585
2024-01-04 19:00:00,96.58999999999999
2024-01-04 20:00:00,96.58999999999999
2024-01-04 21:00:00,96.57999999999998
2024-01-04 23:00:00,96.57999999999998
2024-01-05 14:30:00,96.53999999999999
2024-01-05 15:00:00,96.60999999999999
2024-01-05 16:00:00,96.585
2024-01-05 17:00:00,96.53999999999999
2024-01-05 18:00:00,96.55499999999999
2024-01-05 19:00:00,96.55
2024-01-05 20:00:00,96.53999999999999
2024-01-05 21:00:00,96.53999999999999
2024-01-05 23:00:00,96.53999999999999
2024-01-08 14:30:00,96.55499999999999
2024-01-08 15:00:00,96.57499999999999
2024-01-08 16:00:00,96.59499999999998
2024-01-08 17:00:00,96.59499999999998
2024-01-08 18:00:00,96.57
2024-01-08 19:00:00,96.57
2024-01-08 20:00:00,96.565
2024-01-08 21:00:00,96.535
2024-01-08 23:00:00,96.535
2024-01-09 14:30:00,96.57
2024-01-09 15:00:00,96.55999999999999
2024-01-09 16:00:00,96.565
2024-01-09 17:00:00,96.55499999999999
2024-01-09 18:00:00,96.54499999999999
2024-01-09 19:00:00,96.55499999999999
2024-01-09 20:00:00,96.55999999999999
2024-01-09 21:00:00,96.55999999999999
2024-01-09 23:00:00,96.55999999999999
2024-01-10 14:30:00,96.585
2024-01-10 15:00:00,96.57999999999998
2024-01-10 16:00:00,96.57
2024-01-10 17:00:00,96.565
2024-01-10 18:00:00,96.55
2024-01-10 19:00:00,96.54499999999999
2024-01-10 20:00:00,96.55499999999999
2024-01-10 21:00:00,96.565
2024-01-10 23:00:00,96.565
2024-01-11 14:30:00,96.57
2024-01-11 15:00:00,96.57999999999998
2024-01-11 16:00:00,96.565
2024-01-11 17:00:00,96.55499999999999
2024-01-11 18:00:00,96.57999999999998
2024-01-11 19:00:00,96.63999999999999
2024-01-11 20:00:00,96.63
2024-01-11 21:00:00,96.64999999999999
2024-01-11 23:00:00,96.64999999999999
2024-01-12 14:30:00,96.69
2024-01-12 15:00:00,96.675
2024-01-12 16:00:00,96.66499999999999
2024-01-12 17:00:00,96.645
2024-01-12 18:00:00,96.645
2024-01-12 19:00:00,96.66499999999999
2024-01-12 20:00:00,96.66
2024-01-12 21:00:00,96.66999999999999
2024-01-12 23:00:00,96.66999999999999
2024-01-16 14:30:00,96.60999999999999
2024-01-16 15:00:00,96.61999999999999
2024-01-16 16:00:00,96.585
2024-01-16 17:00:00,96.53999999999999
2024-01-16 18:00:00,96.53999999999999
2024-01-16 19:00:00,96.55499999999999
2024-01-16 20:00:00,96.55999999999999
2024-01-16 21:00:00,96.565
2024-01-16 23:00:00,96.565
2024-01-17 14:30:00,96.46999999999998
2024-01-17 15:00:00,96.475
2024-01-17 16:00:00,96.47999999999999
2024-01-17 17:00:00,96.49
2024-01-17 18:00:00,96.475
2024-01-17 19:00:00,96.47999999999999
2024-01-17 20:00:00,96.48499999999999
2024-01-17 21:00:00,96.46999999999998
2024-01-17 23:00:00,96.46999999999998
2024-01-18 14:30:00,96.46999999999998
2024-01-18 15:00:00,96.46499999999999
2024-01-18 16:00:00,96.46
2024-01-18 17:00:00,96.44
2024-01-18 18:00:00,96.45499999999998
2024-01-18 19:00:00,96.43499999999999
2024-01-18 20:00:00,96.43499999999999
2024-01-18 21:00:00,96.43499999999999
2024-01-18 23:00:00,96.43499999999999
2024-01-19 14:30:00,96.38999999999999
2024-01-19 15:00:00,96.38999999999999
2024-01-19 16:00:00,96.38
2024-01-19 17:00:00,96.39999999999999
2024-01-19 18:00:00,96.39999999999999
2024-01-19 19:00:00,96.41499999999999
2024-01-19 20:00:00,96.41499999999999
2024-01-19 21:00:00,96.43499999999999
2024-01-19 23:00:00,96.43499999999999
2024-01-22 14:30:00,96.48499999999999
2024-01-22 15:00:00,96.48499999999999
2024-01-22 16:00:00,96.48499999999999
2024-01-22 17:00:00,96.475
2024-01-22 18:00:00,96.46999999999998
2024-01-22 19:00:00,96.48499999999999
2024-01-22 20:00:00,96.47999999999999
2024-01-22 21:00:00,96.475
2024-01-22 23:00:00,96.475
2024-01-23 14:30:00,96.44999999999999
2024-01-23 15:00:00,96.44999999999999
2024-01-23 16:00:00,96.445
2024-01-23 17:00:00,96.445
2024-01-23 18:00:00,96.44
2024-01-23 19:00:00,96.44999999999999
2024-01-23 20:00:00,96.45499999999998
2024-01-23 21:00:00,96.46
2024-01-23 23:00:00,96.46
2024-01-24 14:30:00,96.46499999999999
2024-01-24 15:00:00,96.44999999999999
2024-01-24 16:00:00,96.44
2024-01-24 17:00:00,96.44999999999999
2024-01-24 18:00:00,96.41
2024-01-24 19:00:00,96.41
2024-01-24 20:00:00,96.41
2024-01-24 21:00:00,96.39999999999999
2024-01-24 23:00:00,96.39999999999999
2024-01-25 14:30:00,96.44
2024-01-25 15:00:00,96.44999999999999
2024-01-25 16:00:00,96.42999999999999
2024-01-25 17:00:00,96.43499999999999
2024-01-25 18:00:00,96.45499999999998
2024-01-25 19:00:00,96.46
2024-01-25 20:00:00,96.46499999999999
2024-01-25 21:00:00,96.48499999999999
2024-01-25 23:00:00,96.48499999999999
2024-01-26 14:30:00,96.44
2024-01-26 15:00:00,96.44
2024-01-26 16:00:00,96.44999999999999
2024-01-26 17:00:00,96.445
2024-01-26 18:00:00,96.42999999999999
2024-01-26 19:00:00,96.425
2024-01-26 20:00:00,96.43499999999999
2024-01-26 21:00:00,96.45499999999998
2024-01-26 23:00:00,96.45499999999998
2024-01-29 14:30:00,96.48499999999999
2024-01-29 15:00:00,96.49
2024-01-29 16:00:00,96.49499999999999
2024-01-29 17:00:00,96.49999999999999
2024-01-29 18:00:00,96.49999999999999
2024-01-29 19:00:00,96.50999999999999
2024-01-29 20:00:00,96.52
2024-01-29 21:00:00,96.50999999999999
2024-01-29 23:00:00,96.50999999999999
2024-01-30 14:30:00,96.54499999999999
2024-01-30 15:00:00,96.475
2024-01-30 16:00:00,96.49999999999999
2024-01-30 17:00:00,96.475
2024-01-30 18:00:00,96.47999999999999
2024-01-30 19:00:00,96.49999999999999
2024-01-30 20:00:00,96.49499999999999
2024-01-30 21:00:00,96.52499999999999
2024-01-30 23:00:00,96.52499999999999
2024-01-31 14:30:00,96.62499999999999
2024-01-31 15:00:00,96.63999999999999
2024-01-31 16:00:00,96.615
2024-01-31 17:00:00,96.615
2024-01-31 18:00:00,96.615
2024-01-31 19:00:00,96.61999999999999
2024-01-31 20:00:00,96.59499999999998
2024-01-31 21:00:00,96.68499999999999
2024-01-31 23:00:00,96.68499999999999
2024-02-01 14:30:00,96.71499999999999
2024-02-01 15:00:00,96.725
2024-02-01 16:00:00,96.71
2024-02-01 17:00:00,96.695
2024-02-01 18:00:00,96.69
2024-02-01 19:00:00,96.70499999999998
2024-02-01 20:00:00,96.70499999999998
2024-02-01 21:00:00,96.69
2024-02-01 23:00:00,96.69
2024-02-02 14:30:00,96.55999999999999
2024-02-02 15:00:00,96.50999999999999
2024-02-02 16:00:00,96.47999999999999
2024-02-02 17:00:00,96.48499999999999
2024-02-02 18:00:00,96.51499999999999
2024-02-02 19:00:00,96.50999999999999
2024-02-02 20:00:00,96.51499999999999
2024-02-02 21:00:00,96.52499999999999
2024-02-02 23:00:00,96.52499999999999
2024-02-05 14:30:00,96.42999999999999
2024-02-05 15:00:00,96.35999999999999
2024-02-05 16:00:00,96.38
2024-02-05 17:00:00,96.395
2024-02-05 18:00:00,96.38999999999999
2024-02-05 19:00:00,96.37499999999999
2024-02-05 20:00:00,96.36999999999999
2024-02-05 21:00:00,96.37499999999999
2024-02-05 23:00:00,96.37499999999999
2024-02-06 14:30:00,96.41999999999999
2024-02-06 15:00:00,96.44
2024-02-06 16:00:00,96.44999999999999
2024-02-06 17:00:00,96.46
2024-02-06 18:00:00,96.475
2024-02-06 19:00:00,96.46
2024-02-06 20:00:00,96.46499999999999
2024-02-06 21:00:00,96.46
2024-02-06 23:00:00,96.46
2024-02-07 14:30:00,96.49
2024-02-07 15:00:00,96.46499999999999
2024-02-07 16:00:00,96.44999999999999
2024-02-07 17:00:00,96.43499999999999
2024-02-07 18:00:00,96.44
2024-02-07 19:00:00,96.42999999999999
2024-02-07 20:00:00,96.43499999999999
2024-02-07 21:00:00,96.41999999999999
2024-02-07 23:00:00,96.41999999999999
2024-02-08 14:30:00,96.38999999999999
2024-02-08 15:00:00,96.37499999999999
2024-02-08 16:00:00,96.38
2024-02-08 17:00:00,96.36999999999999
2024-02-08 18:00:00,96.37499999999999
2024-02-08 19:00:00,96.35999999999999
2024-02-08 20:00:00,96.35499999999999
2024-02-08 21:00:00,96.35999999999999
2024-02-08 23:00:00,96.35999999999999
2024-02-09 14:30:00,96.32999999999998
2024-02-09 15:00:00,96.32
2024-02-09 16:00:00,96.32
2024-02-09 17:00:00,96.32499999999999
2024-02-09 18:00:00,96.32999999999998
2024-02-09 19:00:00,96.32499999999999
2024-02-09 20:00:00,96.32999999999998
2024-02-09 21:00:00,96.33999999999999
2024-02-09 23:00:00,96.33999999999999
2024-02-12 14:30:00,96.34499999999998
2024-02-12 15:00:00,96.32999999999998
2024-02-12 16:00:00,96.33999999999999
2024-02-12 17:00:00,96.36999999999999
2024-02-12 18:00:00,96.38
2024-02-12 19:00:00,96.365
2024-02-12 20:00:00,96.365
2024-02-12 21:00:00,96.35499999999999
2024-02-12 23:00:00,96.35499999999999
2024-02-13 14:30:00,96.225
2024-02-13 15:00:00,96.21
2024-02-13 16:00:00,96.21
2024-02-13 17:00:00,96.195
2024-02-13 18:00:00,96.17999999999999
2024-02-13 19:00:00,96.14999999999999
2024-02-13 20:00:00,96.16
2024-02-13 21:00:00,96.145
2024-02-13 23:00:00,96.145
2024-02-14 14:30:00,96.195
2024-02-14 15:00:00,96.19999999999999
2024-02-14 16:00:00,96.21999999999998
2024-02-14 17:00:00,96.24
2024-02-14 18:00:00,96.22999999999999
2024-02-14 19:00:00,96.21999999999998
2024-02-14 20:00:00,96.21999999999998
2024-02-14 21:00:00,96.225
2024-02-14 23:00:00,96.225
2024-02-15 14:30:00,96.285
2024-02-15 15:00:00,96.24999999999999
2024-02-15 16:00:00,96.24
2024-02-15 17:00:00,96.24499999999999
2024-02-15 18:00:00,96.26499999999999
2024-02-15 19:00:00,96.255
2024-02-15 20:00:00,96.24999999999999
2024-02-15 21:00:00,96.255
2024-02-15 23:00:00,96.255
2024-02-16 14:30:00,96.16499999999999
2024-02-16 15:00:00,96.16499999999999
2024-02-16 16:00:00,96.14999999999999
2024-02-16 17:00:00,96.16999999999999
2024-02-16 18:00:00,96.175
2024-02-16 19:00:00,96.18499999999999
2024-02-16 20:00:00,96.17999999999999
2024-02-16 21:00:00,96.19999999999999
2024-02-16 23:00:00,96.19999999999999
2024-02-20 14:30:00,96.24999999999999
2024-02-20 15:00:00,96.255
2024-02-20 16:00:00,96.24999999999999
2024-02-20 17:00:00,96.24499999999999
2024-02-20 18:00:00,96.24
2024-02-20 19:00:00,96.225
2024-02-20 20:00:00,96.22999999999999
2024-02-20 21:00:00,96.225
2024-02-20 23:00:00,96.225
2024-02-21 14:30:00,96.22999999999999
2024-02-21 15:00:00,96.19999999999999
2024-02-21 16:00:00,96.195
2024-02-21 17:00:00,96.18499999999999
2024-02-21 18:00:00,96.17999999999999
2024-02-21 19:00:00,96.175
2024-02-21 20:00:00,96.17999999999999
2024-02-21 21:00:00,96.175
2024-02-21 23:00:00,96.175
2024-02-22 14:30:00,96.175
2024-02-22 15:00:00,96.16499999999999
2024-02-22 16:00:00,96.145
2024-02-22 17:00:00,96.14999999999999
2024-02-22 18:00:00,96.16
2024-02-22 19:00:00,96.15499999999999
2024-02-22 20:00:00,96.15499999999999
2024-02-22 21:00:00,96.16
2024-02-22 23:00:00,96.16
2024-02-23 14:30:00,96.17999999999999
2024-02-23 15:00:00,96.175
2024-02-23 16:00:00,96.21499999999999
2024-02-23 17:00:00,96.21499999999999
2024-02-23 18:00:00,96.225
2024-02-23 19:00:00,96.21499999999999
2024-02-23 20:00:00,96.21999999999998
2024-02-23 21:00:00,96.22999999999999
2024-02-23 23:00:00,96.22999999999999
2024-02-26 14:30:00,96.225
2024-02-26 15:00:00,96.20499999999998
2024-02-26 16:00:00,96.19999999999999
2024-02-26 17:00:00,96.19
2024-02-26 18:00:00,96.18499999999999
2024-02-26 19:00:00,96.19
2024-02-26 20:00:00,96.20499999999998
2024-02-26 21:00:00,96.20499999999998
2024-02-26 23:00:00,96.20499999999998
2024-02-27 14:30:00,96.20499999999998
2024-02-27 15:00:00,96.21499999999999
2024-02-27 16:00:00,96.21
2024-02-27 17:00:00,96.195
2024-02-27 18:00:00,96.21
2024-02-27 19:00:00,96.19
2024-02-27 20:00:00,96.19
2024-02-27 21:00:00,96.19999999999999
2024-02-27 23:00:00,96.19999999999999
2024-02-28 14:30:00,96.20499999999998
2024-02-28 15:00:00,96.19999999999999
2024-02-28 16:00:00,96.21
2024-02-28 17:00:00,96.21499999999999
2024-02-28 18:00:00,96.21499999999999
2024-02-28 19:00:00,96.225
2024-02-28 20:00:00,96.22999999999999
2024-02-28 21:00:00,96.23499999999999
2024-02-28 23:00:00,96.23499999999999
2024-02-29 14:30:00,96.255
2024-02-29 15:00:00,96.27
2024-02-29 16:00:00,96.26499999999999
2024-02-29 17:00:00,96.24499999999999
2024-02-29 18:00:00,96.255
2024-02-29 19:00:00,96.22999999999999
2024-02-29 20:00:00,96.23499999999999
2024-02-29 21:00:00,96.24
2024-02-29 23:00:00,96.24
2024-03-01 14:30:00,96.21
2024-03-01 15:00:00,96.32499999999999
2024-03-01 16:00:00,96.29499999999999
2024-03-01 17:00:00,96.30499999999999
2024-03-01 18:00:00,96.32
2024-03-01 19:00:00,96.32999999999998
2024-03-01 20:00:00,96.32499999999999
2024-03-01 21:00:00,96.335
2024-03-01 23:00:00,96.335
2024-03-04 14:30:00,96.30999999999999
2024-03-04 15:00:00,96.285
2024-03-04 16:00:00,96.28999999999999
2024-03-04 17:00:00,96.27999999999999
2024-03-04 18:00:00,96.27999999999999
2024-03-04 19:00:00,96.28999999999999
2024-03-04 20:00:00,96.28999999999999
2024-03-04 21:00:00,96.29499999999999
2024-03-04 23:00:00,96.29499999999999
2024-03-05 14:30:00,96.33999999999999
2024-03-05 15:00:00,96.365
2024-03-05 16:00:00,96.35999999999999
2024-03-05 17:00:00,96.35999999999999
2024-03-05 18:00:00,96.36999999999999
2024-03-05 19:00:00,96.37499999999999
2024-03-05 20:00:00,96.36999999999999
2024-03-05 21:00:00,96.365
2024-03-05 23:00:00,96.365
2024-03-06 14:30:00,96.41
2024-03-06 15:00:00,96.41
2024-03-06 16:00:00,96.42999999999999
2024-03-06 17:00:00,96.41499999999999
2024-03-06 18:00:00,96.41499999999999
2024-03-06 19:00:00,96.395
2024-03-06 20:00:00,96.38499999999999
2024-03-06 21:00:00,96.395
2024-03-06 23:00:00,96.395
2024-03-07 14:30:00,96.395
2024-03-07 15:00:00,96.395
2024-03-07 16:00:00,96.395
2024-03-07 17:00:00,96.395
2024-03-07 18:00:00,96.39999999999999
2024-03-07 19:00:00,96.42999999999999
2024-03-07 20:00:00,96.425
2024-03-07 21:00:00,96.43499999999999
2024-03-07 23:00:00,96.43499999999999
2024-03-08 14:30:00,96.46499999999999
2024-03-08 15:00:00,96.45499999999998
2024-03-08 16:00:00,96.44
2024-03-08 17:00:00,96.44999999999999
2024-03-08 18:00:00,96.45499999999998
2024-03-08 19:00:00,96.445
2024-03-08 20:00:00,96.44999999999999
2024-03-08 20:00:01,96.44999999999999
2024-03-08 21:00:00,96.46499999999999
2024-03-08 23:00:00,96.46499999999999
2024-03-11 13:30:00,96.445
2024-03-11 14:00:00,96.43499999999999
2024-03-11 15:00:00,96.43499999999999
2024-03-11 16:00:00,96.42999999999999
2024-03-11 17:00:00,96.42999999999999
2024-03-11 18:00:00,96.42999999999999
2024-03-11 19:00:00,96.42999999999999
2024-03-11 20:00:00,96.42999999999999
2024-03-11 23:00:00,96.42999999999999
2024-03-12 13:30:00,96.38499999999999
2024-03-12 14:00:00,96.37499999999999
2024-03-12 15:00:00,96.36999999999999
2024-03-12 16:00:00,96.35999999999999
2024-03-12 17:00:00,96.35999999999999
2024-03-12 18:00:00,96.365
2024-03-12 19:00:00,96.365
2024-03-12 20:00:00,96.365
2024-03-12 23:00:00,96.365
2024-03-13 13:30:00,96.35
2024-03-13 14:00:00,96.35499999999999
2024-03-13 15:00:00,96.35
2024-03-13 16:00:00,96.335
2024-03-13 17:00:00,96.35
2024-03-13 18:00:00,96.33999999999999
2024-03-13 19:00:00,96.33999999999999
2024-03-13 20:00:00,96.335
2024-03-13 23:00:00,96.335
2024-03-14 13:30:00,96.24499999999999
2024-03-14 14:00:00,96.21
2024-03-14 15:00:00,96.19999999999999
2024-03-14 16:00:00,96.20499999999998
2024-03-14 17:00:00,96.195
2024-03-14 18:00:00,96.195
2024-03-14 19:00:00,96.195
2024-03-14 20:00:00,96.195
2024-03-14 23:00:00,96.195
2024-03-15 13:30:00,96.14999999999999
2024-03-15 14:00:00,96.16
2024-03-15 15:00:00,96.16999999999999
2024-03-15 16:00:00,96.16
2024-03-15 17:00:00,96.16
2024-03-15 18:00:00,96.16
2024-03-15 19:00:00,96.14999999999999
2024-03-15 20:00:00,96.15499999999999
2024-03-15 23:00:00,96.15499999999999
2024-03-18 13:30:00,96.145
2024-03-18 14:00:00,96.13499999999999
2024-03-18 15:00:00,96.13
2024-03-18 16:00:00,96.12499999999999
2024-03-18 17:00:00,96.115
2024-03-18 18:00:00,96.12499999999999
2024-03-18 19:00:00,96.13
2024-03-18 20:00:00,96.13
2024-03-18 23:00:00,96.14999999999999
2024-03-19 13:30:00,96.16999999999999
2024-03-19 14:00:00,96.17999999999999
2024-03-19 15:00:00,96.17999999999999
2024-03-19 16:00:00,96.175
2024-03-19 17:00:00,96.17999999999999
2024-03-19 18:00:00,96.18499999999999
2024-03-19 19:00:00,96.18499999999999
2024-03-19 20:00:00,96.19
2024-03-19 23:00:00,96.19
2024-03-20 13:30:00,96.17999999999999
2024-03-20 14:00:00,96.18499999999999
2024-03-20 15:00:00,96.19
2024-03-20 16:00:00,96.195
2024-03-20 17:00:00,96.195
2024-03-20 18:00:00,96.21999999999998
2024-03-20 19:00:00,96.21
2024-03-20 20:00:00,96.21
2024-03-20 23:00:00,96.21499999999999
2024-03-21 13:30:00,96.21
2024-03-21 14:00:00,96.19
2024-03-21 15:00:00,96.19999999999999
2024-03-21 16:00:00,96.20499999999998
2024-03-21 17:00:00,96.21
2024-03-21 18:00:00,96.21499999999999
2024-03-21 19:00:00,96.21
2024-03-21 20:00:00,96.21499999999999
2024-03-21 23:00:00,96.21499999999999
2024-03-22 13:30:00,96.27999999999999
2024-03-22 14:00:00,96.27499999999999
2024-03-22 15:00:00,96.27999999999999
2024-03-22 16:00:00,96.27499999999999
2024-03-22 17:00:00,96.27999999999999
2024-03-22 18:00:00,96.27499999999999
2024-03-22 19:00:00,96.27999999999999
2024-03-22 20:00:00,96.285
2024-03-22 23:00:00,96.29499999999999
2024-03-25 13:30:00,96.24499999999999
2024-03-25 14:00:00,96.22999999999999
2024-03-25 15:00:00,96.22999999999999
2024-03-25 16:00:00,96.22999999999999
2024-03-25 17:00:00,96.23499999999999
2024-03-25 18:00:00,96.24
2024-03-25 19:00:00,96.24499999999999
2024-03-25 20:00:00,96.24499999999999
2024-03-25 23:00:00,96.24999999999999
2024-03-26 13:30:00,96.21999999999998
2024-03-26 14:00:00,96.225
2024-03-26 15:00:00,96.225
2024-03-26 16:00:00,96.23499999999999
2024-03-26 17:00:00,96.24999999999999
2024-03-26 18:00:00,96.26499999999999
2024-03-26 19:00:00,96.27
2024-03-26 20:00:00,96.26499999999999
2024-03-26 23:00:00,96.26499999999999
2024-03-27 13:30:00,96.27999999999999
2024-03-27 14:00:00,96.3
2024-03-27 15:00:00,96.30999999999999
2024-03-27 16:00:00,96.30999999999999
2024-03-27 17:00:00,96.30499999999999
2024-03-27 18:00:00,96.30999999999999
2024-03-27 19:00:00,96.315
2024-03-27 20:00:00,96.30999999999999
2024-03-27 23:00:00,96.30499999999999
2024-03-28 13:30:00,96.3
2024-03-28 14:00:00,96.30999999999999
2024-03-28 15:00:00,96.315
2024-03-28 16:00:00,96.30999999999999
2024-03-28 17:00:00,96.3
2024-03-28 18:00:00,96.3
2024-03-28 19:00:00,96.29499999999999
2024-03-28 20:00:00,96.28999999999999
2024-03-28 23:00:00,96.28999999999999
2024-04-01 14:30:00,96.21499999999999
2024-04-01 15:00:00,96.175
2024-04-01 16:00:00,96.15499999999999
2024-04-01 17:00:00,96.16
2024-04-01 18:00:00,96.16
2024-04-01 19:00:00,96.15499999999999
2024-04-01 20:00:00,96.16
2024-04-01 21:00:00,96.16999999999999
2024-04-01 23:00:00,96.16999999999999
2024-04-02 14:30:00,96.1
2024-04-02 15:00:00,96.13499999999999
2024-04-02 16:00:00,96.145
2024-04-02 17:00:00,96.13499999999999
2024-04-02 18:00:00,96.13499999999999
2024-04-02 19:00:00,96.13
2024-04-02 20:00:00,96.13
2024-04-02 21:00:00,96.145
2024-04-02 23:00:00,96.145
2024-04-03 14:30:00,96.07
2024-04-03 15:00:00,96.10499999999999
2024-04-03 16:00:00,96.12499999999999
2024-04-03 17:00:00,96.145
2024-04-03 18:00:00,96.13999999999999
2024-04-03 19:00:00,96.14999999999999
2024-04-03 20:00:00,96.145
2024-04-03 21:00:00,96.15499999999999
2024-04-03 23:00:00,96.15499999999999
2024-04-04 14:30:00,96.16
2024-04-04 15:00:00,96.145
2024-04-04 16:00:00,96.13999999999999
2024-04-04 17:00:00,96.13499999999999
2024-04-04 18:00:00,96.12499999999999
2024-04-04 19:00:00,96.18499999999999
2024-04-04 20:00:00,96.16999999999999
2024-04-04 21:00:00,96.175
2024-04-04 23:00:00,96.175
2024-04-05 14:30:00,96.12499999999999
2024-04-05 15:00:00,96.115
2024-04-05 16:00:00,96.12499999999999
2024-04-05 17:00:00,96.12499999999999
2024-04-05 18:00:00,96.11999999999999
2024-04-05 19:00:00,96.115
2024-04-05 20:00:00,96.10499999999999
2024-04-05 21:00:00,96.08999999999999
2024-04-05 23:00:00,96.08999999999999
2024-04-08 14:30:00,96.065
2024-04-08 15:00:00,96.035
2024-04-08 16:00:00,96.03999999999999
2024-04-08 17:00:00,96.02999999999999
2024-04-08 18:00:00,96.04499999999999
2024-04-08 19:00:00,96.035
2024-04-08 20:00:00,96.035
2024-04-08 21:00:00,96.035
2024-04-08 23:00:00,96.035
2024-04-09 14:30:00,96.08999999999999
2024-04-09 15:00:00,96.08999999999999
2024-04-09 16:00:00,96.08999999999999
2024-04-09 17:00:00,96.10499999999999
2024-04-09 18:00:00,96.1
2024-04-09 19:00:00,96.08999999999999
2024-04-09 20:00:00,96.08999999999999
2024-04-09 21:00:00,96.085
2024-04-09 23:00:00,96.085
2024-04-10 14:30:00,95.895
2024-04-10 15:00:00,95.89999999999999
2024-04-10 16:00:00,95.88999999999999
2024-04-10 17:00:00,95.85999999999999
2024-04-10 18:00:00,95.86999999999999
2024-04-10 19:00:00,95.835
2024-04-10 20:00:00,95.83999999999999
2024-04-10 21:00:00,95.85
2024-04-10 23:00:00,95.85
2024-04-11 14:30:00,95.85499999999999
2024-04-11 15:00:00,95.835
2024-04-11 16:00:00,95.82999999999998
2024-04-11 17:00:00,95.82999999999998
2024-04-11 18:00:00,95.85
2024-04-11 19:00:00,95.82499999999999
2024-04-11 20:00:00,95.82999999999998
2024-04-11 21:00:00,95.80999999999999
2024-04-11 23:00:00,95.80999999999999
2024-04-12 14:30:00,95.90499999999999
2024-04-12 15:00:00,95.91999999999999
2024-04-12 16:00:00,95.91
2024-04-12 17:00:00,95.925
2024-04-12 18:00:00,95.93499999999999
2024-04-12 19:00:00,95.91999999999999
2024-04-12 20:00:00,95.91499999999999
2024-04-12 21:00:00,95.895
2024-04-12 23:00:00,95.895
2024-04-15 14:30:00,95.785
2024-04-15 15:00:00,95.77999999999999
2024-04-15 16:00:00,95.77999999999999
2024-04-15 17:00:00,95.78999999999999
2024-04-15 18:00:00,95.80499999999999
2024-04-15 19:00:00,95.79499999999999
2024-04-15 20:00:00,95.79499999999999
2024-04-15 21:00:00,95.82499999999999
2024-04-15 23:00:00,95.82499999999999
2024-04-16 14:30:00,95.74499999999999
2024-04-16 15:00:00,95.76499999999999
2024-04-16 16:00:00,95.75999999999999
2024-04-16 17:00:00,95.74499999999999
2024-04-16 18:00:00,95.73499999999999
2024-04-16 19:00:00,95.74999999999999
2024-04-16 20:00:00,95.74499999999999
2024-04-16 21:00:00,95.72999999999999
2024-04-16 23:00:00,95.72999999999999
2024-04-17 14:30:00,95.78999999999999
2024-04-17 15:00:00,95.78999999999999
2024-04-17 16:00:00,95.815
2024-04-17 17:00:00,95.82999999999998
2024-04-17 18:00:00,95.84499999999998
2024-04-17 19:00:00,95.835
2024-04-17 20:00:00,95.82999999999998
2024-04-17 21:00:00,95.82499999999999
2024-04-17 23:00:00,95.82499999999999
2024-04-18 14:30:00,95.77499999999999
2024-04-18 15:00:00,95.77
2024-04-18 16:00:00,95.75999999999999
2024-04-18 17:00:00,95.74999999999999
2024-04-18 18:00:00,95.75999999999999
2024-04-18 19:00:00,95.755
2024-04-18 20:00:00,95.755
2024-04-18 21:00:00,95.75999999999999
2024-04-18 23:00:00,95.75999999999999
2024-04-19 14:30:00,95.75999999999999
2024-04-19 15:00:00,95.77999999999999
2024-04-19 16:00:00,95.79499999999999
2024-04-19 17:00:00,95.77999999999999
2024-04-19 18:00:00,95.76499999999999
2024-04-19 19:00:00,95.77499999999999
2024-04-19 20:00:00,95.77
2024-04-19 21:00:00,95.755
2024-04-19 23:00:00,95.755
2024-04-22 14:30:00,95.755
2024-04-22 15:00:00,95.77999999999999
2024-04-22 16:00:00,95.79499999999999
2024-04-22 17:00:00,95.78999999999999
2024-04-22 18:00:00,95.77999999999999
2024-04-22 19:00:00,95.77499999999999
2024-04-22 20:00:00,95.77999999999999
2024-04-22 21:00:00,95.785
2024-04-22 23:00:00,95.785
2024-04-23 14:30:00,95.82499999999999
2024-04-23 15:00:00,95.815
2024-04-23 16:00:00,95.815
2024-04-23 17:00:00,95.82999999999998
2024-04-23 18:00:00,95.815
2024-04-23 19:00:00,95.815
2024-04-23 20:00:00,95.80999999999999
2024-04-23 21:00:00,95.80499999999999
2024-04-23 23:00:00,95.80499999999999
2024-04-24 14:30:00,95.755
2024-04-24 15:00:00,95.74999999999999
2024-04-24 16:00:00,95.755
2024-04-24 17:00:00,95.76499999999999
2024-04-24 18:00:00,95.755
2024-04-24 19:00:00,95.75999999999999
2024-04-24 20:00:00,95.75999999999999
2024-04-24 21:00:00,95.77
2024-04-24 23:00:00,95.77
2024-04-25 14:30:00,95.66
2024-04-25 15:00:00,95.69
2024-04-25 16:00:00,95.695
2024-04-25 17:00:00,95.70499999999998
2024-04-25 18:00:00,95.69999999999999
2024-04-25 19:00:00,95.695
2024-04-25 20:00:00,95.695
2024-04-25 21:00:00,95.69
2024-04-25 23:00:00,95.69
2024-04-26 14:30:00,95.74499999999999
2024-04-26 15:00:00,95.72999999999999
2024-04-26 16:00:00,95.73499999999999
2024-04-26 17:00:00,95.72999999999999
2024-04-26 18:00:00,95.725
2024-04-26 19:00:00,95.725
2024-04-26 20:00:00,95.725
2024-04-26 21:00:00,95.725
2024-04-26 23:00:00,95.725
2024-04-29 14:30:00,95.74999999999999
2024-04-29 15:00:00,95.77999999999999
2024-04-29 16:00:00,95.77499999999999
2024-04-29 17:00:00,95.78999999999999
2024-04-29 18:00:00,95.785
2024-04-29 19:00:00,95.78999999999999
2024-04-29 20:00:00,95.77999999999999
2024-04-29 21:00:00,95.785
2024-04-29 23:00:00,95.785
2024-04-30 14:30:00,95.725
2024-04-30 15:00:00,95.725
2024-04-30 16:00:00,95.74
2024-04-30 17:00:00,95.72999999999999
2024-04-30 18:00:00,95.72999999999999
2024-04-30 19:00:00,95.70499999999998
2024-04-30 20:00:00,95.71
2024-04-30 21:00:00,95.71
2024-04-30 23:00:00,95.71
2024-05-01 14:30:00,95.73499999999999
2024-05-01 15:00:00,95.72999999999999
2024-05-01 16:00:00,95.73499999999999
2024-05-01 17:00:00,95.73499999999999
2024-05-01 18:00:00,95.73499999999999
2024-05-01 19:00:00,95.82499999999999
2024-05-01 20:00:00,95.78999999999999
2024-05-01 21:00:00,95.77499999999999
2024-05-01 23:00:00,95.77499999999999
2024-05-02 14:30:00,95.78999999999999
2024-05-02 15:00:00,95.80499999999999
2024-05-02 16:00:00,95.82499999999999
2024-05-02 17:00:00,95.83999999999999
2024-05-02 18:00:00,95.85499999999999
2024-05-02 19:00:00,95.85999999999999
2024-05-02 20:00:00,95.85499999999999
2024-05-02 21:00:00,95.85499999999999
2024-05-02 23:00:00,95.85499999999999
2024-05-03 14:30:00,95.94999999999999
2024-05-03 15:00:00,95.92999999999999
2024-05-03 16:00:00,95.95499999999998
2024-05-03 17:00:00,95.94999999999999
2024-05-03 18:00:00,95.95499999999998
2024-05-03 19:00:00,95.95499999999998
2024-05-03 20:00:00,95.95499999999998
2024-05-03 21:00:00,95.94
2024-05-03 23:00:00,95.94
2024-05-06 14:30:00,95.95499999999998
2024-05-06 15:00:00,95.95499999999998
2024-05-06 16:00:00,95.96
2024-05-06 17:00:00,95.96999999999998
2024-05-06 18:00:00,95.96999999999998
2024-05-06 19:00:00,95.96499999999999
2024-05-06 20:00:00,95.96
2024-05-06 21:00:00,95.96499999999999
2024-05-06 23:00:00,95.96499999999999
2024-05-07 14:30:00,95.99499999999999
2024-05-07 15:00:00,96.005
2024-05-07 16:00:00,96.02
2024-05-07 17:00:00,96.00999999999999
2024-05-07 18:00:00,95.99499999999999
2024-05-07 19:00:00,95.97999999999999
2024-05-07 20:00:00,95.97999999999999
2024-05-07 21:00:00,95.975
2024-05-07 23:00:00,95.975
2024-05-08 14:30:00,95.94999999999999
2024-05-08 15:00:00,95.95499999999998
2024-05-08 16:00:00,95.96
2024-05-08 17:00:00,95.94999999999999
2024-05-08 18:00:00,95.94999999999999
2024-05-08 19:00:00,95.94
2024-05-08 20:00:00,95.94
2024-05-08 21:00:00,95.94
2024-05-08 23:00:00,95.94
2024-05-09 14:30:00,95.925
2024-05-09 15:00:00,95.94
2024-05-09 16:00:00,95.94999999999999
2024-05-09 17:00:00,95.945
2024-05-09 18:00:00,95.96999999999998
2024-05-09 19:00:00,95.97999999999999
2024-05-09 20:00:00,95.96499999999999
2024-05-09 21:00:00,95.96999999999998
2024-05-09 23:00:00,95.96999999999998
2024-05-10 14:30:00,95.94
2024-05-10 15:00:00,95.91999999999999
2024-05-10 16:00:00,95.925
2024-05-10 17:00:00,95.91999999999999
2024-05-10 18:00:00,95.925
2024-05-10 19:00:00,95.91999999999999
2024-05-10 20:00:00,95.91499999999999
2024-05-10 21:00:00,95.91999999999999
2024-05-10 23:00:00,95.91999999999999
2024-05-13 14:30:00,95.95499999999998
2024-05-13 15:00:00,95.96
2024-05-13 16:00:00,95.94
2024-05-13 17:00:00,95.95499999999998
2024-05-13 18:00:00,95.95499999999998
2024-05-13 19:00:00,95.94999999999999
2024-05-13 20:00:00,95.94
2024-05-13 21:00:00,95.93499999999999
2024-05-13 23:00:00,95.93499999999999
2024-05-14 14:30:00,95.98499999999999
2024-05-14 15:00:00,95.97999999999999
2024-05-14 16:00:00,95.975
2024-05-14 17:00:00,95.99499999999999
2024-05-14 18:00:00,95.99
2024-05-14 19:00:00,95.99999999999999
2024-05-14 20:00:00,95.99499999999999
2024-05-14 21:00:00,95.99499999999999
2024-05-14 23:00:00,95.99499999999999
2024-05-15 14:30:00,96.07499999999999
2024-05-15 15:00:00,96.09499999999998
2024-05-15 16:00:00,96.1
2024-05-15 17:00:00,96.12499999999999
2024-05-15 18:00:00,96.13
2024-05-15 19:00:00,96.11999999999999
2024-05-15 20:00:00,96.12499999999999
2024-05-15 21:00:00,96.13499999999999
2024-05-15 23:00:00,96.13499999999999
2024-05-16 14:30:00,96.07
2024-05-16 15:00:00,96.08999999999999
2024-05-16 16:00:00,96.07999999999998
2024-05-16 17:00:00,96.07499999999999
2024-05-16 18:00:00,96.07999999999998
2024-05-16 19:00:00,96.07499999999999
2024-05-16 20:00:00,96.07499999999999
2024-05-16 21:00:00,96.07999999999998
2024-05-16 23:00:00,96.07999999999998
2024-05-17 14:30:00,96.05
2024-05-17 15:00:00,96.05999999999999
2024-05-17 16:00:00,96.035
2024-05-17 17:00:00,96.01499999999999
2024-05-17 18:00:00,96.02
2024-05-17 19:00:00,96.01499999999999
2024-05-17 20:00:00,96.02
2024-05-17 21:00:00,96.02
2024-05-17 23:00:00,96.02
2024-05-20 14:30:00,96.00999999999999
2024-05-20 15:00:00,96.005
2024-05-20 16:00:00,96.005
2024-05-20 17:00:00,96.00999999999999
2024-05-20 18:00:00,96.01499999999999
2024-05-20 19:00:00,96.01499999999999
2024-05-20 20:00:00,96.01499999999999
2024-05-20 21:00:00,95.99999999999999
2024-05-20 23:00:00,95.99999999999999
2024-05-21 14:30:00,96.05499999999999
2024-05-21 15:00:00,96.03999999999999
2024-05-21 16:00:00,96.05499999999999
2024-05-21 17:00:00,96.05499999999999
2024-05-21 18:00:00,96.04499999999999
2024-05-21 19:00:00,96.03999999999999
2024-05-21 20:00:00,96.03999999999999
2024-05-21 21:00:00,96.04499999999999
2024-05-21 23:00:00,96.04499999999999
2024-05-22 14:30:00,96.02
2024-05-22 15:00:00,96.035
2024-05-22 16:00:00,96.02999999999999
2024-05-22 17:00:00,96.035
2024-05-22 18:00:00,96.035
2024-05-22 19:00:00,96.00999999999999
2024-05-22 20:00:00,96.01499999999999
2024-05-22 21:00:00,96.02
2024-05-22 23:00:00,96.02
2024-05-23 14:30:00,95.95499999999998
2024-05-23 15:00:00,95.93499999999999
2024-05-23 16:00:00,95.93499999999999
2024-05-23 17:00:00,95.94
2024-05-23 18:00:00,95.94999999999999
2024-05-23 19:00:00,95.945
2024-05-23 20:00:00,95.94999999999999
2024-05-23 21:00:00,95.94
2024-05-23 23:00:00,95.94
2024-05-24 14:30:00,95.925
2024-05-24 15:00:00,95.945
2024-05-24 16:00:00,95.945
2024-05-24 17:00:00,95.94
2024-05-24 18:00:00,95.945
2024-05-24 19:00:00,95.94999999999999
2024-05-24 20:00:00,95.94999999999999
2024-05-24 21:00:00,95.94999999999999
2024-05-24 23:00:00,95.94999999999999
2024-05-28 14:30:00,95.96
2024-05-28 15:00:00,95.945
2024-05-28 16:00:00,95.925
2024-05-28 17:00:00,95.91999999999999
2024-05-28 18:00:00,95.88
2024-05-28 19:00:00,95.88499999999999
2024-05-28 20:00:00,95.88499999999999
2024-05-28 21:00:00,95.86999999999999
2024-05-28 23:00:00,95.86999999999999
2024-05-29 14:30:00,95.85
2024-05-29 15:00:00,95.82999999999998
2024-05-29 16:00:00,95.80999999999999
2024-05-29 17:00:00,95.80999999999999
2024-05-29 18:00:00,95.80999999999999
2024-05-29 19:00:00,95.80499999999999
2024-05-29 20:00:00,95.80499999999999
2024-05-29 21:00:00,95.815
2024-05-29 23:00:00,95.815
2024-05-30 14:30:00,95.86999999999999
2024-05-30 15:00:00,95.88
2024-05-30 16:00:00,95.88999999999999
2024-05-30 17:00:00,95.88999999999999
2024-05-30 18:00:00,95.88999999999999
2024-05-30 19:00:00,95.88499999999999
2024-05-30 20:00:00,95.88
2024-05-30 21:00:00,95.88499999999999
2024-05-30 23:00:00,95.88499999999999
2024-05-31 14:30:00,95.95499999999998
2024-05-31 15:00:00,95.96499999999999
2024-05-31 16:00:00,95.945
2024-05-31 17:00:00,95.94
2024-05-31 18:00:00,95.945
2024-05-31 19:00:00,95.94
2024-05-31 20:00:00,95.945
2024-05-31 21:00:00,95.96499999999999
2024-05-31 23:00:00,95.96499999999999
2024-06-03 14:30:00,95.99999999999999
2024-06-03 15:00:00,96.05
2024-06-03 16:00:00,96.05999999999999
2024-06-03 17:00:00,96.05499999999999
2024-06-03 18:00:00,96.05999999999999
2024-06-03 19:00:00,96.05999999999999
2024-06-03 20:00:00,96.05999999999999
2024-06-03 21:00:00,96.07
2024-06-03 23:00:00,96.07
2024-06-04 14:30:00,96.11999999999999
2024-06-04 15:00:00,96.11999999999999
2024-06-04 16:00:00,96.13999999999999
2024-06-04 17:00:00,96.145
2024-06-04 18:00:00,96.15499999999999
2024-06-04 19:00:00,96.13499999999999
2024-06-04 20:00:00,96.13499999999999
2024-06-04 21:00:00,96.13999999999999
2024-06-04 23:00:00,96.13999999999999
2024-06-05 14:30:00,96.18499999999999
2024-06-05 15:00:00,96.145
2024-06-05 16:00:00,96.16999999999999
2024-06-05 17:00:00,96.16499999999999
2024-06-05 18:00:00,96.16499999999999
2024-06-05 19:00:00,96.175
2024-06-05 20:00:00,96.175
2024-06-05 21:00:00,96.195
2024-06-05 23:00:00,96.195
2024-06-06 14:30:00,96.19
2024-06-06 15:00:00,96.175
2024-06-06 16:00:00,96.18499999999999
2024-06-06 17:00:00,96.195
2024-06-06 18:00:00,96.195
2024-06-06 19:00:00,96.19999999999999
2024-06-06 20:00:00,96.19999999999999
2024-06-06 21:00:00,96.19
2024-06-06 23:00:00,96.19
2024-06-07 14:30:00,96.035
2024-06-07 15:00:00,96.035
2024-06-07 16:00:00,96.03999999999999
2024-06-07 17:00:00,96.03999999999999
2024-06-07 18:00:00,96.02999999999999
2024-06-07 19:00:00,96.02999999999999
2024-06-07 20:00:00,
2024-06-07 20:00:01,96.035
2024-06-07 20:00:02,96.035
2024-06-07 21:00:00,96.02499999999999
2024-06-07 23:00:00,96.02499999999999
2024-06-10 14:30:00,95.99999999999999
2024-06-10 15:00:00,95.99999999999999
2024-06-10 16:00:00,96.005
2024-06-10 17:00:00,95.98499999999999
2024-06-10 18:00:00,95.975
2024-06-10 19:00:00,95.98499999999999
2024-06-10 20:00:00,95.98499999999999
2024-06-10 21:00:00,95.98499999999999
2024-06-10 23:00:00,95.98499999999999
2024-06-11 14:30:00,96.01499999999999
2024-06-11 15:00:00,96.00999999999999
2024-06-11 16:00:00,96.01499999999999
2024-06-11 17:00:00,96.005
2024-06-11 18:00:00,96.05499999999999
2024-06-11 19:00:00,96.05499999999999
2024-06-11 20:00:00,96.06499999999998
2024-06-11 21:00:00,96.05499999999999
2024-06-11 23:00:00,96.05499999999999
2024-06-12 14:30:00,96.21999999999998
2024-06-12 15:00:00,96.21
2024-06-12 16:00:00,96.21999999999998
2024-06-12 17:00:00,96.23499999999999
2024-06-12 18:00:00,96.22999999999999
2024-06-12 19:00:00,96.18499999999999
2024-06-12 20:00:00,96.17999999999999
2024-06-12 21:00:00,96.16499999999999
2024-06-12 23:00:00,96.16499999999999
2024-06-13 14:30:00,96.21
2024-06-13 15:00:00,96.21999999999998
2024-06-13 16:00:00,96.24999999999999
2024-06-13 17:00:00,96.24999999999999
2024-06-13 18:00:00,96.255
2024-06-13 19:00:00,96.26499999999999
2024-06-13 20:00:00,96.26499999999999
2024-06-13 21:00:00,96.26499999999999
2024-06-13 23:00:00,96.26499999999999
2024-06-14 14:30:00,96.28999999999999
2024-06-14 15:00:00,96.29499999999999
2024-06-14 16:00:00,96.29499999999999
2024-06-14 17:00:00,96.285
2024-06-14 18:00:00,96.28999999999999
2024-06-14 19:00:00,96.28999999999999
2024-06-14 20:00:00,96.285
2024-06-14 21:00:00,96.27499999999999
2024-06-14 23:00:00,96.27499999999999
2024-06-17 14:30:00,96.21
2024-06-17 15:00:00,96.21
2024-06-17 16:00:00,96.20499999999998
2024-06-17 17:00:00,96.21999999999998
2024-06-17 18:00:00,96.21999999999998
2024-06-17 19:00:00,96.20499999999998
2024-06-17 20:00:00,96.21
2024-06-17 21:00:00,96.19999999999999
2024-06-17 23:00:00,96.19999999999999
2024-06-18 14:30:00,96.24999999999999
2024-06-18 15:00:00,96.24999999999999
2024-06-18 16:00:00,96.26499999999999
2024-06-18 17:00:00,96.27499999999999
2024-06-18 18:00:00,96.26499999999999
2024-06-18 19:00:00,96.27999999999999
2024-06-18 20:00:00,96.27999999999999
2024-06-18 21:00:00,96.27
2024-06-18 23:00:00,96.27
2024-06-20 14:30:00,96.20499999999998
2024-06-20 15:00:00,96.20499999999998
2024-06-20 16:00:00,96.21499999999999
2024-06-20 17:00:00,96.21999999999998
2024-06-20 18:00:00,96.225
2024-06-20 19:00:00,96.24
2024-06-20 20:00:00,96.24
2024-06-20 21:00:00,96.225
2024-06-20 23:00:00,96.225
2024-06-21 14:30:00,96.24499999999999
2024-06-21 15:00:00,96.21499999999999
2024-06-21 16:00:00,96.21999999999998
2024-06-21 17:00:00,96.22999999999999
2024-06-21 18:00:00,96.23499999999999
2024-06-21 19:00:00,96.23499999999999
2024-06-21 20:00:00,96.24
2024-06-21 21:00:00,96.23499999999999
2024-06-21 23:00:00,96.23499999999999
2024-06-24 14:30:00,96.23499999999999
2024-06-24 15:00:00,96.225
2024-06-24 16:00:00,96.22999999999999
2024-06-24 17:00:00,96.22999999999999
2024-06-24 18:00:00,96.23499999999999
2024-06-24 19:00:00,96.255
2024-06-24 20:00:00,96.24999999999999
2024-06-24 21:00:00,96.26499999999999
2024-06-24 23:00:00,96.26499999999999
2024-06-25 14:30:00,96.24499999999999
2024-06-25 15:00:00,96.24999999999999
2024-06-25 16:00:00,96.24
2024-06-25 17:00:00,96.23499999999999
2024-06-25 18:00:00,96.24999999999999
2024-06-25 19:00:00,96.24999999999999
2024-06-25 20:00:00,96.255
2024-06-25 21:00:00,96.24
2024-06-25 23:00:00,96.24
2024-06-26 14:30:00,96.17999999999999
2024-06-26 15:00:00,96.16499999999999
2024-06-26 16:00:00,96.17499999999998
2024-06-26 17:00:00,96.17499999999998
2024-06-26 18:00:00,96.17499999999998
2024-06-26 19:00:00,96.16999999999999
2024-06-26 20:00:00,96.16999999999999
2024-06-26 21:00:00,96.16
2024-06-26 23:00:00,96.16
2024-06-27 14:30:00,96.21
2024-06-27 15:00:00,96.20499999999998
2024-06-27 16:00:00,96.195
2024-06-27 17:00:00,96.195
2024-06-27 18:00:00,96.19999999999999
2024-06-27 19:00:00,96.19999999999999
2024-06-27 20:00:00,96.19999999999999
2024-06-27 21:00:00,96.195
2024-06-27 23:00:00,96.195
2024-06-28 14:30:00,96.23499999999999
2024-06-28 15:00:00,96.16999999999999
2024-06-28 16:00:00,96.14999999999999
2024-06-28 17:00:00,96.13999999999999
2024-06-28 18:00:00,96.15499999999999
2024-06-28 19:00:00,96.16
2024-06-28 20:00:00,96.15499999999999
2024-06-28 21:00:00,96.10999999999999
2024-06-28 23:00:00,96.10999999999999
2024-07-01 14:30:00,96.05999999999999
2024-07-01 15:00:00,96.02
2024-07-01 16:00:00,96.02
2024-07-01 17:00:00,96.00999999999999
2024-07-01 18:00:00,96.01499999999999
2024-07-01 19:00:00,96.01499999999999
2024-07-01 20:00:00,96.02
2024-07-01 21:00:00,96.02999999999999
2024-07-01 23:00:00,96.02999999999999
2024-07-02 14:30:00,96.09499999999998
2024-07-02 15:00:00,96.08999999999999
2024-07-02 16:00:00,96.07
2024-07-02 17:00:00,96.05999999999999
2024-07-02 18:00:00,96.06499999999998
2024-07-02 19:00:00,96.07499999999999
2024-07-02 20:00:00,96.07
2024-07-02 21:00:00,96.07
2024-07-02 23:00:00,96.07
2024-07-03 14:30:00,96.10499999999999
2024-07-03 15:00:00,96.18499999999999
2024-07-03 16:00:00,96.16
2024-07-03 17:00:00,96.17499999999998
2024-07-03 23:00:00,96.17499999999998
2024-07-05 14:30:00,96.23499999999999
2024-07-05 15:00:00,96.255
2024-07-05 16:00:00,96.26499999999999
2024-07-05 17:00:00,96.26499999999999
2024-07-05 18:00:00,96.25999999999999
2024-07-05 19:00:00,96.27499999999999
2024-07-05 20:00:00,96.27
2024-07-05 21:00:00,96.26499999999999
2024-07-05 23:00:00,96.26499999999999
2024-07-08 14:30:00,96.255
2024-07-08 15:00:00,96.24499999999999
2024-07-08 16:00:00,96.24499999999999
2024-07-08 17:00:00,96.255
2024-07-08 18:00:00,96.26499999999999
2024-07-08 19:00:00,96.27
2024-07-08 20:00:00,96.27
2024-07-08 21:00:00,96.24999999999999
2024-07-08 23:00:00,96.24999999999999
2024-07-09 14:30:00,96.24999999999999
2024-07-09 15:00:00,96.225
2024-07-09 16:00:00,96.22999999999999
2024-07-09 17:00:00,96.23499999999999
2024-07-09 18:00:00,96.24999999999999
2024-07-09 19:00:00,96.24999999999999
2024-07-09 20:00:00,96.24999999999999
2024-07-09 21:00:00,96.24499999999999
2024-07-09 23:00:00,96.24499999999999
2024-07-10 14:30:00,96.25999999999999
2024-07-10 15:00:00,96.24999999999999
2024-07-10 16:00:00,96.255
2024-07-10 17:00:00,96.26499999999999
2024-07-10 18:00:00,96.25999999999999
2024-07-10 19:00:00,96.25999999999999
2024-07-10 20:00:00,96.25999999999999
2024-07-10 21:00:00,96.25999999999999
2024-07-10 23:00:00,96.25999999999999
2024-07-11 14:30:00,96.38999999999999
2024-07-11 15:00:00,96.38999999999999
2024-07-11 16:00:00,96.395
2024-07-11 17:00:00,96.38999999999999
2024-07-11 18:00:00,96.36999999999999
2024-07-11 19:00:00,96.38499999999999
2024-07-11 20:00:00,96.38499999999999
2024-07-11 21:00:00,96.365
2024-07-11 23:00:00,96.365
2024-07-12 14:30:00,96.38999999999999
2024-07-12 15:00:00,96.38
2024-07-12 16:00:00,96.38999999999999
2024-07-12 17:00:00,96.38499999999999
2024-07-12 18:00:00,96.395
2024-07-12 19:00:00,96.395
2024-07-12 20:00:00,96.395
2024-07-12 21:00:00,96.40499999999999
2024-07-12 23:00:00,96.40499999999999
2024-07-15 14:30:00,96.37499999999999
2024-07-15 15:00:00,96.38
2024-07-15 16:00:00,96.38
2024-07-15 17:00:00,96.36999999999999
2024-07-15 18:00:00,96.365
2024-07-15 19:00:00,96.36999999999999
2024-07-15 20:00:00,96.365
2024-07-15 21:00:00,96.365
2024-07-15 23:00:00,96.365
2024-07-16 14:30:00,96.37499999999999
2024-07-16 15:00:00,96.38
2024-07-16 16:00:00,96.395
2024-07-16 17:00:00,96.38499999999999
2024-07-16 18:00:00,96.40499999999999
2024-07-16 19:00:00,96.41
2024-07-16 20:00:00,96.41499999999999
2024-07-16 21:00:00,96.42499999999998
2024-07-16 23:00:00,96.42499999999998
2024-07-17 14:30:00,96.39999999999999
2024-07-17 15:00:00,96.395
2024-07-17 16:00:00,96.41
2024-07-17 17:00:00,96.41999999999999
2024-07-17 18:00:00,96.42499999999998
2024-07-17 19:00:00,96.43499999999999
2024-07-17 20:00:00,96.43999999999998
2024-07-17 21:00:00,96.42499999999998
2024-07-17 23:00:00,96.42499999999998
2024-07-18 14:30:00,96.41499999999999
2024-07-18 15:00:00,96.41
2024-07-18 16:00:00,96.39999999999999
2024-07-18 17:00:00,96.39999999999999
2024-07-18 18:00:00,96.41
2024-07-18 19:00:00,96.395
2024-07-18 20:00:00,96.38999999999999
2024-07-18 21:00:00,96.37499999999999
2024-07-18 23:00:00,96.37499999999999
2024-07-19 14:30:00,96.31499999999998
2024-07-19 15:00:00,96.33999999999999
2024-07-19 16:00:00,96.32999999999998
2024-07-19 17:00:00,96.32499999999999
2024-07-19 18:00:00,96.335
2024-07-19 19:00:00,96.32
2024-07-19 20:00:00,96.32499999999999
2024-07-19 21:00:00,96.31499999999998
2024-07-19 23:00:00,96.31499999999998
2024-07-22 14:30:00,96.335
2024-07-22 15:00:00,96.33999999999999
2024-07-22 16:00:00,96.29499999999999
2024-07-22 17:00:00,96.28999999999999
2024-07-22 18:00:00,96.30999999999999
2024-07-22 19:00:00,96.31499999999998
2024-07-22 20:00:00,96.32
2024-07-22 21:00:00,96.32
2024-07-22 23:00:00,96.32
2024-07-23 14:30:00,96.34499999999998
2024-07-23 15:00:00,96.34499999999998
2024-07-23 16:00:00,96.35499999999999
2024-07-23 17:00:00,96.34499999999998
2024-07-23 18:00:00,96.34499999999998
2024-07-23 19:00:00,96.33999999999999
2024-07-23 20:00:00,96.33999999999999
2024-07-23 21:00:00,96.32999999999998
2024-07-23 23:00:00,96.32999999999998
2024-07-24 14:30:00,96.365
2024-07-24 15:00:00,96.395
2024-07-24 16:00:00,96.38499999999999
2024-07-24 17:00:00,96.38
2024-07-24 18:00:00,96.34499999999998
2024-07-24 19:00:00,96.33999999999999
2024-07-24 20:00:00,96.335
2024-07-24 21:00:00,96.32499999999999
2024-07-24 23:00:00,96.32499999999999
2024-07-25 14:30:00,96.38499999999999
2024-07-25 15:00:00,96.38499999999999
2024-07-25 16:00:00,96.37499999999999
2024-07-25 17:00:00,96.35499999999999
2024-07-25 18:00:00,96.32999999999998
2024-07-25 19:00:00,96.34499999999998
2024-07-25 20:00:00,96.35499999999999
2024-07-25 21:00:00,96.365
2024-07-25 23:00:00,96.365
2024-07-26 14:30:00,96.41499999999999
2024-07-26 15:00:00,96.40499999999999
2024-07-26 16:00:00,96.39999999999999
2024-07-26 17:00:00,96.39999999999999
2024-07-26 18:00:00,96.41
2024-07-26 19:00:00,96.41499999999999
2024-07-26 20:00:00,96.41
2024-07-26 21:00:00,96.41499999999999
2024-07-26 23:00:00,96.41499999999999
2024-07-29 14:30:00,96.41999999999999
2024-07-29 15:00:00,96.41
2024-07-29 16:00:00,96.42499999999998
2024-07-29 17:00:00,96.42999999999999
2024-07-29 18:00:00,96.42499999999998
2024-07-29 19:00:00,96.42499999999998
2024-07-29 20:00:00,96.42999999999999
2024-07-29 21:00:00,96.41999999999999
2024-07-29 23:00:00,96.41999999999999
2024-07-30 14:30:00,96.43999999999998
2024-07-30 15:00:00,96.42999999999999
2024-07-30 16:00:00,96.43499999999999
2024-07-30 17:00:00,96.46
2024-07-30 18:00:00,96.45499999999998
2024-07-30 19:00:00,96.46
2024-07-30 20:00:00,96.45499999999998
2024-07-30 21:00:00,96.45499999999998
2024-07-30 23:00:00,96.45499999999998
2024-07-31 14:30:00,96.49499999999999
2024-07-31 15:00:00,96.46999999999998
2024-07-31 16:00:00,96.47999999999999
2024-07-31 17:00:00,96.47999999999999
2024-07-31 18:00:00,96.475
2024-07-31 19:00:00,96.49
2024-07-31 20:00:00,96.49
2024-07-31 21:00:00,96.57499999999999
2024-07-31 23:00:00,96.57499999999999
2024-08-01 14:30:00,96.6
2024-08-01 15:00:00,96.63499999999999
2024-08-01 16:00:00,96.615
2024-08-01 17:00:00,96.60999999999999
2024-08-01 18:00:00,96.615
2024-08-01 19:00:00,96.62499999999999
2024-08-01 20:00:00,96.61999999999999
2024-08-01 21:00:00,96.63499999999999
2024-08-01 23:00:00,96.63499999999999
2024-08-02 14:30:00,96.74999999999999
2024-08-02 15:00:00,96.77499999999999
2024-08-02 16:00:00,96.77499999999999
2024-08-02 17:00:00,96.785
2024-08-02 18:00:00,96.785
2024-08-02 19:00:00,96.82499999999999
2024-08-02 20:00:00,96.82
2024-08-02 21:00:00,96.82499999999999
2024-08-02 23:00:00,96.82499999999999
2024-08-05 14:30:00,96.92999999999999
2024-08-05 15:00:00,96.865
2024-08-05 16:00:00,96.82499999999999
2024-08-05 17:00:00,96.80499999999999
2024-08-05 18:00:00,96.80999999999999
2024-08-05 19:00:00,96.80499999999999
2024-08-05 20:00:00,96.80999999999999
2024-08-05 21:00:00,96.79499999999999
2024-08-05 23:00:00,96.79499999999999
2024-08-06 14:30:00,96.76499999999999
2024-08-06 15:00:00,96.72999999999999
2024-08-06 16:00:00,96.71999999999998
2024-08-06 17:00:00,96.71
2024-08-06 18:00:00,96.695
2024-08-06 19:00:00,96.71999999999998
2024-08-06 20:00:00,96.71
2024-08-06 21:00:00,96.70499999999998
2024-08-06 23:00:00,96.70499999999998
2024-08-07 14:30:00,96.66499999999999
2024-08-07 15:00:00,96.65499999999999
2024-08-07 16:00:00,96.64999999999999
2024-08-07 17:00:00,96.66499999999999
2024-08-07 18:00:00,96.65499999999999
2024-08-07 19:00:00,96.63999999999999
2024-08-07 20:00:00,96.63999999999999
2024-08-07 21:00:00,96.66999999999999
2024-08-07 23:00:00,96.66999999999999
2024-08-08 14:30:00,96.60999999999999
2024-08-08 15:00:00,96.60499999999999
2024-08-08 16:00:00,96.61999999999999
2024-08-08 17:00:00,96.60499999999999
2024-08-08 18:00:00,96.58999999999999
2024-08-08 19:00:00,96.60499999999999
2024-08-08 20:00:00,96.60499999999999
2024-08-08 21:00:00,96.60999999999999
2024-08-08 23:00:00,96.60999999999999
2024-08-09 14:30:00,96.67499999999998
2024-08-09 15:00:00,96.64999999999999
2024-08-09 16:00:00,96.66499999999999
2024-08-09 17:00:00,96.65499999999999
2024-08-09 18:00:00,96.645
2024-08-09 19:00:00,96.645
2024-08-09 20:00:00,96.645
2024-08-09 21:00:00,96.645
2024-08-09 23:00:00,96.645
2024-08-12 14:30:00,96.66999999999999
2024-08-12 15:00:00,96.65499999999999
2024-08-12 16:00:00,96.68499999999999
2024-08-12 17:00:00,96.695
2024-08-12 18:00:00,96.70499999999998
2024-08-12 19:00:00,96.69999999999999
2024-08-12 20:00:00,96.69999999999999
2024-08-12 21:00:00,96.71
2024-08-12 23:00:00,96.71
2024-08-13 14:30:00,96.76499999999999
2024-08-13 15:00:00,96.75999999999999
2024-08-13 16:00:00,96.755
2024-08-13 17:00:00,96.76499999999999
2024-08-13 18:00:00,96.755
2024-08-13 19:00:00,96.76499999999999
2024-08-13 20:00:00,96.76499999999999
2024-08-13 21:00:00,96.77499999999999
2024-08-13 23:00:00,96.77499999999999
2024-08-14 14:30:00,96.79999999999998
2024-08-14 15:00:00,96.79499999999999
2024-08-14 16:00:00,96.79499999999999
2024-08-14 17:00:00,96.78999999999999
2024-08-14 18:00:00,96.77999999999999
2024-08-14 19:00:00,96.785
2024-08-14 20:00:00,96.785
2024-08-14 21:00:00,96.77
2024-08-14 23:00:00,96.77
2024-08-15 14:30:00,96.63
2024-08-15 15:00:00,96.64999999999999
2024-08-15 16:00:00,96.645
2024-08-15 17:00:00,96.63999999999999
2024-08-15 18:00:00,96.63999999999999
2024-08-15 19:00:00,96.64999999999999
2024-08-15 20:00:00,96.64999999999999
2024-08-15 21:00:00,96.66
2024-08-15 23:00:00,96.66
2024-08-16 14:30:00,96.67999999999999
2024-08-16 15:00:00,96.66
2024-08-16 16:00:00,96.66499999999999
2024-08-16 17:00:00,96.66999999999999
2024-08-16 18:00:00,96.67499999999998
2024-08-16 19:00:00,96.67499999999998
2024-08-16 20:00:00,96.67999999999999
2024-08-16 21:00:00,96.68999999999998
2024-08-16 23:00:00,96.68999999999998
2024-08-19 14:30:00,96.67999999999999
2024-08-19 15:00:00,96.68499999999999
2024-08-19 16:00:00,96.71
2024-08-19 17:00:00,96.71
2024-08-19 18:00:00,96.69999999999999
2024-08-19 19:00:00,96.695
2024-08-19 20:00:00,96.68999999999998
2024-08-19 21:00:00,96.69999999999999
2024-08-19 23:00:00,96.69999999999999
2024-08-20 14:30:00,96.73499999999999
2024-08-20 15:00:00,96.74499999999999
2024-08-20 16:00:00,96.74999999999999
2024-08-20 17:00:00,96.755
2024-08-20 18:00:00,96.74999999999999
2024-08-20 19:00:00,96.755
2024-08-20 20:00:00,96.755
2024-08-20 21:00:00,96.76499999999999
2024-08-20 23:00:00,96.76499999999999
2024-08-21 14:30:00,96.77999999999999
2024-08-21 15:00:00,96.77999999999999
2024-08-21 16:00:00,96.80999999999999
2024-08-21 17:00:00,96.80499999999999
2024-08-21 18:00:00,96.81499999999998
2024-08-21 19:00:00,96.80499999999999
2024-08-21 20:00:00,96.79999999999998
2024-08-21 21:00:00,96.785
2024-08-21 23:00:00,96.785
2024-08-22 14:30:00,96.74
2024-08-22 15:00:00,96.71999999999998
2024-08-22 16:00:00,96.72999999999999
2024-08-22 17:00:00,96.70499999999998
2024-08-22 18:00:00,96.725
2024-08-22 19:00:00,96.71999999999998
2024-08-22 20:00:00,96.71999999999998
2024-08-22 21:00:00,96.725
2024-08-22 23:00:00,96.725
2024-08-23 14:30:00,96.755
2024-08-23 15:00:00,96.785
2024-08-23 16:00:00,96.785
2024-08-23 17:00:00,96.77
2024-08-23 18:00:00,96.79499999999999
2024-08-23 19:00:00,96.79999999999998
2024-08-23 20:00:00,96.79999999999998
2024-08-23 21:00:00,96.79499999999999
2024-08-23 23:00:00,96.79499999999999
2024-08-26 14:30:00,96.78999999999999
2024-08-26 15:00:00,96.82999999999998
2024-08-26 16:00:00,96.80499999999999
2024-08-26 17:00:00,96.80499999999999
2024-08-26 18:00:00,96.80999999999999
2024-08-26 19:00:00,96.79499999999999
2024-08-26 20:00:00,96.79499999999999
2024-08-26 21:00:00,96.78999999999999
2024-08-26 23:00:00,96.78999999999999
2024-08-27 14:30:00,96.755
2024-08-27 15:00:00,96.77999999999999
2024-08-27 16:00:00,96.77999999999999
2024-08-27 17:00:00,96.785
2024-08-27 18:00:00,96.79499999999999
2024-08-27 19:00:00,96.79499999999999
2024-08-27 20:00:00,96.79499999999999
2024-08-27 21:00:00,96.80499999999999
2024-08-27 23:00:00,96.80499999999999
2024-08-28 14:30:00,96.78999999999999
2024-08-28 15:00:00,96.80999999999999
2024-08-28 16:00:00,96.79999999999998
2024-08-28 17:00:00,96.78999999999999
2024-08-28 18:00:00,96.79499999999999
2024-08-28 19:00:00,96.78999999999999
2024-08-28 20:00:00,96.78999999999999
2024-08-28 21:00:00,96.79999999999998
2024-08-28 23:00:00,96.79999999999998
2024-08-29 14:30:00,96.76499999999999
2024-08-29 15:00:00,96.74999999999999
2024-08-29 16:00:00,96.75999999999999
2024-08-29 17:00:00,96.76499999999999
2024-08-29 18:00:00,96.77
2024-08-29 19:00:00,96.77
2024-08-29 20:00:00,96.76499999999999
2024-08-29 21:00:00,96.77
2024-08-29 23:00:00,96.77
2024-08-30 14:30:00,96.75999999999999
2024-08-30 15:00:00,96.75999999999999
2024-08-30 16:00:00,96.755
2024-08-30 17:00:00,96.725
2024-08-30 18:00:00,96.72999999999999
2024-08-30 19:00:00,96.71999999999998
2024-08-30 20:00:00,96.71999999999998
2024-08-30 21:00:00,96.74
2024-08-30 23:00:00,96.74
2024-09-03 14:30:00,96.78999999999999
2024-09-03 15:00:00,96.79999999999998
2024-09-03 16:00:00,96.77999999999999
2024-09-03 17:00:00,96.785
2024-09-03 18:00:00,96.785
2024-09-03 19:00:00,96.79499999999999
2024-09-03 20:00:00,96.79499999999999
2024-09-03 21:00:00,96.80499999999999
2024-09-03 23:00:00,96.80499999999999
2024-09-04 14:30:00,96.82
2024-09-04 15:00:00,96.84499999999998
2024-09-04 16:00:00,96.83999999999999
2024-09-04 17:00:00,96.85499999999999
2024-09-04 18:00:00,96.85499999999999
2024-09-04 19:00:00,96.865
2024-09-04 20:00:00,96.86999999999999
2024-09-04 21:00:00,96.87499999999999
2024-09-04 23:00:00,96.87499999999999
2024-09-05 14:30:00,96.90499999999999
2024-09-05 15:00:00,96.84499999999998
2024-09-05 16:00:00,96.87499999999999
2024-09-05 17:00:00,96.88499999999999
2024-09-05 18:00:00,96.88499999999999
2024-09-05 19:00:00,96.88499999999999
2024-09-05 20:00:00,96.88999999999999
2024-09-05 21:00:00,96.88499999999999
2024-09-05 23:00:00,96.88999999999999
2024-09-06 14:30:00,96.85999999999999
2024-09-06 15:00:00,96.93499999999999
2024-09-06 16:00:00,96.94999999999999
2024-09-06 17:00:00,96.90499999999999
2024-09-06 18:00:00,96.92499999999998
2024-09-06 19:00:00,96.93999999999998
2024-09-06 20:00:00,96.93499999999999
2024-09-06 20:00:01,96.93499999999999
2024-09-06 21:00:00,96.92999999999999
2024-09-06 23:00:00,96.92999999999999
2024-09-09 14:30:00,96.91999999999999
2024-09-09 15:00:00,96.93499999999999
2024-09-09 16:00:00,96.94
2024-09-09 17:00:00,96.945
2024-09-09 18:00:00,96.945
2024-09-09 19:00:00,96.945
2024-09-09 20:00:00,96.945
2024-09-09 21:00:00,96.94999999999999
2024-09-09 23:00:00,96.94999999999999
2024-09-10 14:30:00,96.95499999999998
2024-09-10 15:00:00,96.96999999999998
2024-09-10 16:00:00,96.99499999999999
2024-09-10 17:00:00,96.975
2024-09-10 18:00:00,96.99999999999999
2024-09-10 19:00:00,97.00999999999999
2024-09-10 20:00:00,97.005
2024-09-10 21:00:00,97.00999999999999
2024-09-10 23:00:00,97.00999999999999
2024-09-11 14:30:00,97.005
2024-09-11 15:00:00,97.02999999999999
2024-09-11 16:00:00,97.005
2024-09-11 17:00:00,96.99
2024-09-11 18:00:00,96.97999999999999
2024-09-11 19:00:00,96.99499999999999
2024-09-11 20:00:00,96.99499999999999
2024-09-11 21:00:00,97.005
2024-09-11 23:00:00,97.005
2024-09-12 14:30:00,96.99999999999999
2024-09-12 15:00:00,96.975
2024-09-12 16:00:00,96.97999999999999
2024-09-12 17:00:00,96.96
2024-09-12 18:00:00,96.96499999999999
2024-09-12 19:00:00,96.96499999999999
2024-09-12 20:00:00,96.96999999999998
2024-09-12 21:00:00,96.96499999999999
2024-09-12 23:00:00,96.96499999999999
2024-09-13 14:30:00,96.96499999999999
2024-09-13 15:00:00,96.96
2024-09-13 16:00:00,96.96999999999998
2024-09-13 17:00:00,96.97999999999999
2024-09-13 18:00:00,96.97999999999999
2024-09-13 19:00:00,96.97999999999999
2024-09-13 20:00:00,96.96499999999999
2024-09-13 21:00:00,96.975
2024-09-13 23:00:00,96.975
2024-09-16 14:30:00,96.96499999999999
2024-09-16 15:00:00,96.96999999999998
2024-09-16 16:00:00,96.96999999999998
2024-09-16 17:00:00,96.975
2024-09-16 18:00:00,96.975
2024-09-16 19:00:00,96.975
2024-09-16 20:00:00,96.975
2024-09-16 21:00:00,96.97999999999999
2024-09-16 23:00:00,96.97999999999999
2024-09-17 14:30:00,96.93499999999999
2024-09-17 15:00:00,96.94999999999999
2024-09-17 16:00:00,96.94
2024-09-17 17:00:00,96.945
2024-09-17 18:00:00,96.94999999999999
2024-09-17 19:00:00,96.96
2024-09-17 20:00:00,96.95499999999998
2024-09-17 21:00:00,96.945
2024-09-17 23:00:00,96.945
2024-09-18 14:30:00,96.91
2024-09-18 15:00:00,96.895
2024-09-18 16:00:00,96.90499999999999
2024-09-18 17:00:00,96.91999999999999
2024-09-18 18:00:00,96.90499999999999
2024-09-18 19:00:00,96.88999999999999
2024-09-18 20:00:00,96.88
2024-09-18 21:00:00,96.88499999999999
2024-09-18 23:00:00,96.88499999999999
2024-09-19 14:30:00,96.84499999999998
2024-09-19 15:00:00,96.85999999999999
2024-09-19 16:00:00,96.84499999999998
2024-09-19 17:00:00,96.84499999999998
2024-09-19 18:00:00,96.83999999999999
2024-09-19 19:00:00,96.85
2024-09-19 20:00:00,96.85499999999999
2024-09-19 21:00:00,96.86999999999999
2024-09-19 23:00:00,96.86999999999999
2024-09-20 14:30:00,96.82999999999998
2024-09-20 15:00:00,96.82
2024-09-20 16:00:00,96.84499999999998
2024-09-20 17:00:00,96.86999999999999
2024-09-20 18:00:00,96.85499999999999
2024-09-20 19:00:00,96.85
2024-09-20 20:00:00,96.85499999999999
2024-09-20 21:00:00,96.83999999999999
2024-09-20 23:00:00,96.83999999999999
2024-09-23 14:30:00,96.785
2024-09-23 15:00:00,96.79499999999999
2024-09-23 16:00:00,96.815
2024-09-23 17:00:00,96.82999999999998
2024-09-23 18:00:00,96.83999999999999
2024-09-23 19:00:00,96.835
2024-09-23 20:00:00,96.82999999999998
2024-09-23 21:00:00,96.82499999999999
2024-09-23 23:00:00,96.82499999999999
2024-09-24 14:30:00,96.80499999999999
2024-09-24 15:00:00,96.84499999999998
2024-09-24 16:00:00,96.82999999999998
2024-09-24 17:00:00,96.83999999999999
2024-09-24 18:00:00,96.83999999999999
2024-09-24 19:00:00,96.85
2024-09-24 20:00:00,96.84499999999998
2024-09-24 21:00:00,96.85499999999999
2024-09-24 23:00:00,96.85499999999999
2024-09-25 14:30:00,96.82
2024-09-25 15:00:00,96.80999999999999
2024-09-25 16:00:00,96.815
2024-09-25 17:00:00,96.80999999999999
2024-09-25 18:00:00,96.80999999999999
2024-09-25 19:00:00,96.80999999999999
2024-09-25 20:00:00,96.80999999999999
2024-09-25 21:00:00,96.8
2024-09-25 23:00:00,96.8
2024-09-26 14:30:00,96.79499999999999
2024-09-26 15:00:00,96.79499999999999
2024-09-26 16:00:00,96.77499999999999
2024-09-26 17:00:00,96.77
2024-09-26 18:00:00,96.785
2024-09-26 19:00:00,96.78999999999999
2024-09-26 20:00:00,96.78999999999999
2024-09-26 21:00:00,96.77499999999999
2024-09-26 23:00:00,96.77499999999999
2024-09-27 14:30:00,96.815
2024-09-27 15:00:00,96.8
2024-09-27 16:00:00,96.82
2024-09-27 17:00:00,96.835
2024-09-27 18:00:00,96.835
2024-09-27 19:00:00,96.83999999999999
2024-09-27 20:00:00,96.835
2024-09-27 21:00:00,96.835
2024-09-27 23:00:00,96.835
2024-09-30 14:30:00,96.82999999999998
2024-09-30 15:00:00,96.815
2024-09-30 16:00:00,96.80999999999999
2024-09-30 17:00:00,96.82499999999999
2024-09-30 18:00:00,96.82499999999999
2024-09-30 19:00:00,96.785
2024-09-30 20:00:00,96.785
2024-09-30 21:00:00,96.80499999999999
2024-09-30 23:00:00,96.80499999999999
2024-10-01 14:30:00,96.88499999999999
2024-10-01 15:00:00,96.87499999999999
2024-10-01 16:00:00,96.88499999999999
2024-10-01 17:00:00,96.895
2024-10-01 18:00:00,96.85499999999999
2024-10-01 19:00:00,96.85
2024-10-01 20:00:00,96.85499999999999
2024-10-01 21:00:00,96.865
2024-10-01 23:00:00,96.865
2024-10-02 14:30:00,96.79499999999999
2024-10-02 15:00:00,96.80499999999999
2024-10-02 16:00:00,96.82499999999999
2024-10-02 17:00:00,96.82
2024-10-02 18:00:00,96.82499999999999
2024-10-02 19:00:00,96.82
2024-10-02 20:00:00,96.82
2024-10-02 21:00:00,96.815
2024-10-02 23:00:00,96.815
2024-10-03 14:30:00,96.77999999999999
2024-10-03 15:00:00,96.76499999999999
2024-10-03 16:00:00,96.75999999999999
2024-10-03 17:00:00,96.75999999999999
2024-10-03 18:00:00,96.755
2024-10-03 19:00:00,96.74499999999999
2024-10-03 20:00:00,96.74499999999999
2024-10-03 21:00:00,96.74999999999999
2024-10-03 23:00:00,96.74999999999999
2024-10-04 14:30:00,96.63
2024-10-04 15:00:00,96.6
2024-10-04 16:00:00,96.60999999999999
2024-10-04 17:00:00,96.585
2024-10-04 18:00:00,96.58999999999999
2024-10-04 19:00:00,96.57
2024-10-04 20:00:00,96.57499999999999
2024-10-04 21:00:00,96.57999999999998
2024-10-04 23:00:00,96.57999999999998
2024-10-07 14:30:00,96.52499999999999
2024-10-07 15:00:00,96.52499999999999
2024-10-07 16:00:00,96.52999999999999
2024-10-07 17:00:00,96.52999999999999
2024-10-07 18:00:00,96.535
2024-10-07 19:00:00,96.52
2024-10-07 20:00:00,96.52499999999999
2024-10-07 21:00:00,96.52999999999999
2024-10-07 23:00:00,96.52999999999999
2024-10-08 14:30:00,96.49499999999999
2024-10-08 15:00:00,96.51499999999999
2024-10-08 16:00:00,96.52999999999999
2024-10-08 17:00:00,96.52499999999999
2024-10-08 18:00:00,96.52499999999999
2024-10-08 19:00:00,96.52
2024-10-08 20:00:00,96.52
2024-10-08 21:00:00,96.53999999999999
2024-10-08 23:00:00,96.53999999999999
2024-10-09 14:30:00,96.49999999999999
2024-10-09 15:00:00,96.49999999999999
2024-10-09 16:00:00,96.49499999999999
2024-10-09 17:00:00,96.49
2024-10-09 18:00:00,96.46999999999998
2024-10-09 19:00:00,96.47999999999999
2024-10-09 20:00:00,96.48499999999999
2024-10-09 21:00:00,96.46999999999998
2024-10-09 23:00:00,96.46999999999998
2024-10-10 14:30:00,96.48499999999999
2024-10-10 15:00:00,96.46999999999998
2024-10-10 16:00:00,96.48499999999999
2024-10-10 17:00:00,96.45499999999998
2024-10-10 18:00:00,96.46499999999999
2024-10-10 19:00:00,96.475
2024-10-10 20:00:00,96.46999999999998
2024-10-10 21:00:00,96.505
2024-10-10 23:00:00,96.505
2024-10-11 14:30:00,96.47999999999999
2024-10-11 15:00:00,96.49
2024-10-11 16:00:00,96.505
2024-10-11 17:00:00,96.51499999999999
2024-10-11 18:00:00,96.50999999999999
2024-10-11 19:00:00,96.51499999999999
2024-10-11 20:00:00,96.50999999999999
2024-10-11 21:00:00,96.48499999999999
2024-10-11 23:00:00,96.48499999999999
2024-10-14 14:30:00,96.44
2024-10-14 15:00:00,96.45499999999998
2024-10-14 16:00:00,96.44999999999999
2024-10-14 17:00:00,96.44999999999999
2024-10-14 18:00:00,96.45499999999998
2024-10-14 19:00:00,96.45499999999998
2024-10-14 20:00:00,96.46999999999998
2024-10-14 21:00:00,96.475
2024-10-14 23:00:00,96.475
2024-10-15 14:30:00,96.52499999999999
2024-10-15 15:00:00,96.52999999999999
2024-10-15 16:00:00,96.53999999999999
2024-10-15 17:00:00,96.52999999999999
2024-10-15 18:00:00,96.52499999999999
2024-10-15 19:00:00,96.52999999999999
2024-10-15 20:00:00,96.535
2024-10-15 21:00:00,96.535
2024-10-15 23:00:00,96.535
2024-10-16 14:30:00,96.55999999999999
2024-10-16 15:00:00,96.55499999999999
2024-10-16 16:00:00,96.55
2024-10-16 17:00:00,96.55
2024-10-16 18:00:00,96.55
2024-10-16 19:00:00,96.55
2024-10-16 20:00:00,96.55
2024-10-16 21:00:00,96.54499999999999
2024-10-16 23:00:00,96.54499999999999
2024-10-17 14:30:00,96.48499999999999
2024-10-17 15:00:00,96.48499999999999
2024-10-17 16:00:00,96.49
2024-10-17 17:00:00,96.47999999999999
2024-10-17 18:00:00,96.47999999999999
2024-10-17 19:00:00,96.47999999999999
2024-10-17 20:00:00,96.49499999999999
2024-10-17 21:00:00,96.49
2024-10-17 23:00:00,96.49
2024-10-18 14:30:00,96.51499999999999
2024-10-18 15:00:00,96.50999999999999
2024-10-18 16:00:00,96.49999999999999
2024-10-18 17:00:00,96.50999999999999
2024-10-18 18:00:00,96.49999999999999
2024-10-18 19:00:00,96.505
2024-10-18 20:00:00,96.505
2024-10-18 21:00:00,96.505
2024-10-18 23:00:00,96.505
2024-10-21 14:30:00,96.42999999999999
2024-10-21 15:00:00,96.41999999999999
2024-10-21 16:00:00,96.40499999999999
2024-10-21 17:00:00,96.395
2024-10-21 18:00:00,96.40499999999999
2024-10-21 19:00:00,96.395
2024-10-21 20:00:00,96.39999999999999
2024-10-21 21:00:00,96.38499999999999
2024-10-21 23:00:00,96.38499999999999
2024-10-22 14:30:00,96.395
2024-10-22 15:00:00,96.38
2024-10-22 16:00:00,96.35999999999999
2024-10-22 17:00:00,96.365
2024-10-22 18:00:00,96.37499999999999
2024-10-22 19:00:00,96.35999999999999
2024-10-22 20:00:00,96.365
2024-10-22 21:00:00,96.35499999999999
2024-10-22 23:00:00,96.35499999999999
2024-10-23 14:30:00,96.285
2024-10-23 15:00:00,96.29499999999999
2024-10-23 16:00:00,96.315
2024-10-23 17:00:00,96.315
2024-10-23 18:00:00,96.28999999999999
2024-10-23 19:00:00,96.29499999999999
2024-10-23 20:00:00,96.30499999999999
2024-10-23 21:00:00,96.28999999999999
2024-10-23 23:00:00,96.28999999999999
2024-10-24 14:30:00,96.32499999999999
2024-10-24 15:00:00,96.35
2024-10-24 16:00:00,96.34499999999998
2024-10-24 17:00:00,96.35
2024-10-24 18:00:00,96.35499999999999
2024-10-24 19:00:00,96.335
2024-10-24 20:00:00,96.32999999999998
2024-10-24 21:00:00,96.32
2024-10-24 23:00:00,96.32
2024-10-25 14:30:00,96.35499999999999
2024-10-25 15:00:00,96.32999999999998
2024-10-25 16:00:00,96.32999999999998
2024-10-25 17:00:00,96.32999999999998
2024-10-25 18:00:00,96.32499999999999
2024-10-25 19:00:00,96.30499999999999
2024-10-25 20:00:00,96.28999999999999
2024-10-25 21:00:00,96.29499999999999
2024-10-25 23:00:00,96.29499999999999
2024-10-28 13:30:00,96.3
2024-10-28 14:00:00,96.285
2024-10-28 15:00:00,96.24499999999999
2024-10-28 16:00:00,96.24999999999999
2024-10-28 17:00:00,96.24499999999999
2024-10-28 18:00:00,96.255
2024-10-28 19:00:00,96.25999999999999
2024-10-28 20:00:00,96.255
2024-10-28 23:00:00,96.24499999999999
2024-10-29 13:30:00,96.19999999999999
2024-10-29 14:00:00,96.22999999999999
2024-10-29 15:00:00,96.225
2024-10-29 16:00:00,96.21499999999999
2024-10-29 17:00:00,96.24999999999999
2024-10-29 18:00:00,96.26499999999999
2024-10-29 19:00:00,96.27
2024-10-29 20:00:00,96.27999999999999
2024-10-29 23:00:00,96.285
2024-10-30 13:30:00,96.32499999999999
2024-10-30 14:00:00,96.26499999999999
2024-10-30 15:00:00,96.255
2024-10-30 16:00:00,96.25999999999999
2024-10-30 17:00:00,96.24499999999999
2024-10-30 18:00:00,96.23499999999999
2024-10-30 19:00:00,96.21499999999999
2024-10-30 20:00:00,96.19999999999999
2024-10-30 23:00:00,96.19
2024-10-31 13:30:00,96.16
2024-10-31 14:00:00,96.16499999999999
2024-10-31 15:00:00,96.195
2024-10-31 16:00:00,96.20499999999998
2024-10-31 17:00:00,96.21499999999999
2024-10-31 18:00:00,96.19999999999999
2024-10-31 19:00:00,96.21499999999999
2024-10-31 20:00:00,96.21
2024-10-31 23:00:00,96.21
2024-11-01 13:30:00,96.24499999999999
2024-11-01 14:00:00,96.19999999999999
2024-11-01 15:00:00,96.17999999999999
2024-11-01 16:00:00,96.195
2024-11-01 17:00:00,96.17999999999999
2024-11-01 18:00:00,96.16499999999999
2024-11-01 19:00:00,96.15499999999999
2024-11-01 20:00:00,96.14999999999999
2024-11-01 23:00:00,96.145
2024-11-04 14:30:00,96.24499999999999
2024-11-04 15:00:00,96.225
2024-11-04 16:00:00,96.21499999999999
2024-11-04 17:00:00,96.195
2024-11-04 18:00:00,96.19
2024-11-04 19:00:00,96.195
2024-11-04 20:00:00,96.19
2024-11-04 21:00:00,96.21499999999999
2024-11-04 23:00:00,96.21499999999999
2024-11-05 14:30:00,96.175
2024-11-05 15:00:00,96.13999999999999
2024-11-05 16:00:00,96.13499999999999
2024-11-05 17:00:00,96.14999999999999
2024-11-05 18:00:00,96.17999999999999
2024-11-05 19:00:00,96.20499999999998
2024-11-05 20:00:00,96.21
2024-11-05 21:00:00,96.22999999999999
2024-11-05 23:00:00,96.22999999999999
2024-11-06 14:30:00,96.05999999999999
2024-11-06 15:00:00,96.05
2024-11-06 16:00:00,96.04499999999999
2024-11-06 17:00:00,96.085
2024-11-06 18:00:00,96.07999999999998
2024-11-06 19:00:00,96.07499999999999
2024-11-06 20:00:00,96.085
2024-11-06 21:00:00,96.07
2024-11-06 23:00:00,96.07
2024-11-07 14:30:00,96.13
2024-11-07 15:00:00,96.15499999999999
2024-11-07 16:00:00,96.13999999999999
2024-11-07 17:00:00,96.16
2024-11-07 18:00:00,96.16
2024-11-07 19:00:00,96.14999999999999
2024-11-07 20:00:00,96.16999999999999
2024-11-07 21:00:00,96.16499999999999
2024-11-07 23:00:00,96.16499999999999
2024-11-08 14:30:00,96.17999999999999
2024-11-08 15:00:00,96.19
2024-11-08 16:00:00,96.16999999999999
2024-11-08 17:00:00,96.16999999999999
2024-11-08 18:00:00,96.16999999999999
2024-11-08 19:00:00,96.15499999999999
2024-11-08 20:00:00,96.14999999999999
2024-11-08 21:00:00,96.15499999999999
2024-11-08 23:00:00,96.15499999999999
2024-11-11 14:30:00,96.08999999999999
2024-11-11 15:00:00,96.10499999999999
2024-11-11 16:00:00,96.1
2024-11-11 17:00:00,96.09499999999998
2024-11-11 18:00:00,96.1
2024-11-11 19:00:00,96.09499999999998
2024-11-11 20:00:00,96.09499999999998
2024-11-11 21:00:00,96.10999999999999
2024-11-11 23:00:00,96.10999999999999
2024-11-12 14:30:00,96.07999999999998
2024-11-12 15:00:00,96.07
2024-11-12 16:00:00,96.05499999999999
2024-11-12 17:00:00,96.04499999999999
2024-11-12 18:00:00,96.05499999999999
2024-11-12 19:00:00,96.05
2024-11-12 20:00:00,96.04499999999999
2024-11-12 21:00:00,96.05
2024-11-12 23:00:00,96.05
2024-11-13 14:30:00,96.085
2024-11-13 15:00:00,96.085
2024-11-13 16:00:00,96.07499999999999
2024-11-13 17:00:00,96.05499999999999
2024-11-13 18:00:00,96.04499999999999
2024-11-13 19:00:00,96.05
2024-11-13 20:00:00,96.04499999999999
2024-11-13 21:00:00,96.03999999999999
2024-11-13 23:00:00,96.03999999999999
2024-11-14 14:30:00,96.05999999999999
2024-11-14 15:00:00,96.05499999999999
2024-11-14 16:00:00,96.065
2024-11-14 17:00:00,96.08999999999999
2024-11-14 18:00:00,96.05499999999999
2024-11-14 19:00:00,96.05999999999999
2024-11-14 20:00:00,96.02
2024-11-14 21:00:00,96.02499999999999
2024-11-14 23:00:00,96.02499999999999
2024-11-15 14:30:00,95.99
2024-11-15 15:00:00,96.03999999999999
2024-11-15 16:00:00,96.035
2024-11-15 17:00:00,96.07
2024-11-15 18:00:00,96.09499999999998
2024-11-15 19:00:00,96.065
2024-11-15 20:00:00,96.05999999999999
2024-11-15 21:00:00,96.05499999999999
2024-11-15 23:00:00,96.05499999999999
2024-11-18 14:30:00,96.05
2024-11-18 15:00:00,96.03999999999999
2024-11-18 16:00:00,96.05499999999999
2024-11-18 17:00:00,96.07
2024-11-18 18:00:00,96.085
2024-11-18 19:00:00,96.07999999999998
2024-11-18 20:00:00,96.085
2024-11-18 21:00:00,96.07999999999998
2024-11-18 23:00:00,96.07999999999998
2024-11-19 14:30:00,96.115
2024-11-19 15:00:00,96.11999999999999
2024-11-19 16:00:00,96.115
2024-11-19 17:00:00,96.10499999999999
2024-11-19 18:00:00,96.11999999999999
2024-11-19 19:00:00,96.10999999999999
2024-11-19 20:00:00,96.10999999999999
2024-11-19 21:00:00,96.09499999999998
2024-11-19 23:00:00,96.09499999999998
2024-11-20 14:30:00,96.085
2024-11-20 15:00:00,96.085
2024-11-20 16:00:00,96.09499999999998
2024-11-20 17:00:00,96.1
2024-11-20 18:00:00,96.085
2024-11-20 19:00:00,96.08999999999999
2024-11-20 20:00:00,96.07999999999998
2024-11-20 21:00:00,96.07999999999998
2024-11-20 23:00:00,96.07999999999998
2024-11-21 14:30:00,96.115
2024-11-21 15:00:00,96.085
2024-11-21 16:00:00,96.05999999999999
2024-11-21 17:00:00,96.07499999999999
2024-11-21 18:00:00,96.05999999999999
2024-11-21 19:00:00,96.05
2024-11-21 20:00:00,96.05499999999999
2024-11-21 21:00:00,96.04499999999999
2024-11-21 23:00:00,96.04499999999999
2024-11-22 14:30:00,96.05999999999999
2024-11-22 15:00:00,96.065
2024-11-22 16:00:00,96.07999999999998
2024-11-22 17:00:00,96.07
2024-11-22 18:00:00,96.07499999999999
2024-11-22 19:00:00,96.07
2024-11-22 20:00:00,96.07
2024-11-22 21:00:00,96.07
2024-11-22 23:00:00,96.07
2024-11-25 14:30:00,96.16999999999999
2024-11-25 15:00:00,96.16499999999999
2024-11-25 16:00:00,96.15499999999999
2024-11-25 17:00:00,96.16
2024-11-25 18:00:00,96.195
2024-11-25 19:00:00,96.19999999999999
2024-11-25 20:00:00,96.19
2024-11-25 21:00:00,96.19
2024-11-25 23:00:00,96.19
2024-11-26 14:30:00,96.16499999999999
2024-11-26 15:00:00,96.14999999999999
2024-11-26 16:00:00,96.145
2024-11-26 17:00:00,96.14999999999999
2024-11-26 18:00:00,96.14999999999999
2024-11-26 19:00:00,96.16
2024-11-26 20:00:00,96.15499999999999
2024-11-26 21:00:00,96.16
2024-11-26 23:00:00,96.16
2024-11-27 14:30:00,96.225
2024-11-27 15:00:00,96.21999999999998
2024-11-27 16:00:00,96.24
2024-11-27 17:00:00,96.24999999999999
2024-11-27 18:00:00,96.24999999999999
2024-11-27 19:00:00,96.24499999999999
2024-11-27 20:00:00,96.23499999999999
2024-11-27 21:00:00,96.21999999999998
2024-11-27 23:00:00,96.21999999999998
2024-11-29 14:30:00,96.27999999999999
2024-11-29 15:00:00,96.27
2024-11-29 16:00:00,96.27
2024-11-29 17:00:00,96.28999999999999
2024-11-29 18:00:00,96.28999999999999
2024-11-29 23:00:00,96.28999999999999
2024-12-02 14:30:00,96.225
2024-12-02 15:00:00,96.255
2024-12-02 16:00:00,96.28999999999999
2024-12-02 17:00:00,96.27499999999999
2024-12-02 18:00:00,96.27999999999999
2024-12-02 19:00:00,96.27499999999999
2024-12-02 20:00:00,96.27
2024-12-02 21:00:00,96.27499999999999
2024-12-02 23:00:00,96.27499999999999
2024-12-03 14:30:00,96.27999999999999
2024-12-03 15:00:00,96.24999999999999
2024-12-03 16:00:00,96.25999999999999
2024-12-03 17:00:00,96.27
2024-12-03 18:00:00,96.26499999999999
2024-12-03 19:00:00,96.24499999999999
2024-12-03 20:00:00,96.24
2024-12-03 21:00:00,96.22999999999999
2024-12-03 23:00:00,96.22999999999999
2024-12-04 14:30:00,96.20499999999998
2024-12-04 15:00:00,96.255
2024-12-04 16:00:00,96.26499999999999
2024-12-04 17:00:00,96.27999999999999
2024-12-04 18:00:00,96.25999999999999
2024-12-04 19:00:00,96.27499999999999
2024-12-04 20:00:00,96.27499999999999
2024-12-04 21:00:00,96.26499999999999
2024-12-04 23:00:00,96.26499999999999
2024-12-05 14:30:00,96.23499999999999
2024-12-05 15:00:00,96.24
2024-12-05 16:00:00,96.24
2024-12-05 17:00:00,96.26499999999999
2024-12-05 18:00:00,96.26499999999999
2024-12-05 19:00:00,96.27
2024-12-05 20:00:00,96.27
2024-12-05 21:00:00,96.27
2024-12-05 23:00:00,96.27
2024-12-06 14:30:00,96.32
2024-12-06 15:00:00,96.29499999999999
2024-12-06 16:00:00,96.30999999999999
2024-12-06 17:00:00,96.3
2024-12-06 18:00:00,96.29499999999999
2024-12-06 19:00:00,96.30499999999999
2024-12-06 20:00:00,96.30499999999999
2024-12-06 20:00:01,96.30499999999999
2024-12-06 21:00:00,96.3
2024-12-06 23:00:00,96.3
2024-12-09 14:30:00,96.27499999999999
2024-12-09 15:00:00,96.27
2024-12-09 16:00:00,96.26499999999999
2024-12-09 17:00:00,96.26499999999999
2024-12-09 18:00:00,96.27499999999999
2024-12-09 19:00:00,96.26499999999999
2024-12-09 20:00:00,96.26499999999999
2024-12-09 21:00:00,96.26499999999999
2024-12-09 23:00:00,96.26499999999999
2024-12-10 14:30:00,96.24499999999999
2024-12-10 15:00:00,96.21499999999999
2024-12-10 16:00:00,96.225
2024-12-10 17:00:00,96.225
2024-12-10 18:00:00,96.23499999999999
2024-12-10 19:00:00,96.24499999999999
2024-12-10 20:00:00,96.24
2024-12-10 21:00:00,96.24
2024-12-10 23:00:00,96.24
2024-12-11 14:30:00,96.24999999999999
2024-12-11 15:00:00,96.21499999999999
2024-12-11 16:00:00,96.22999999999999
2024-12-11 17:00:00,96.20499999999998
2024-12-11 18:00:00,96.175
2024-12-11 19:00:00,96.17999999999999
2024-12-11 20:00:00,96.17999999999999
2024-12-11 21:00:00,96.17999999999999
2024-12-11 23:00:00,96.17999999999999
2024-12-12 14:30:00,96.15499999999999
2024-12-12 15:00:00,96.16
2024-12-12 16:00:00,96.14999999999999
2024-12-12 17:00:00,96.14999999999999
2024-12-12 18:00:00,96.12499999999999
2024-12-12 19:00:00,96.13
2024-12-12 20:00:00,96.12499999999999
2024-12-12 21:00:00,96.115
2024-12-12 23:00:00,96.115
2024-12-13 14:30:00,96.07499999999999
2024-12-13 15:00:00,96.07499999999999
2024-12-13 16:00:00,96.05999999999999
2024-12-13 17:00:00,96.05499999999999
2024-12-13 18:00:00,96.05499999999999
2024-12-13 19:00:00,96.05499999999999
2024-12-13 20:00:00,96.04499999999999
2024-12-13 21:00:00,96.04499999999999
2024-12-13 23:00:00,96.04499999999999
2024-12-16 14:30:00,96.05999999999999
2024-12-16 15:00:00,96.05
2024-12-16 16:00:00,96.035
2024-12-16 17:00:00,96.03999999999999
2024-12-16 18:00:00,96.04499999999999
2024-12-16 19:00:00,96.035
2024-12-16 20:00:00,96.03999999999999
2024-12-16 21:00:00,96.02999999999999
2024-12-16 23:00:00,96.02999999999999
2024-12-17 14:30:00,96.03999999999999
2024-12-17 15:00:00,96.05499999999999
2024-12-17 16:00:00,96.04499999999999
2024-12-17 17:00:00,96.05999999999999
2024-12-17 18:00:00,96.05
2024-12-17 19:00:00,96.05
2024-12-17 20:00:00,96.04499999999999
2024-12-17 21:00:00,96.02499999999999
2024-12-17 23:00:00,96.02499999999999
2024-12-18 14:30:00,96.05
2024-12-18 15:00:00,96.03999999999999
2024-12-18 16:00:00,96.02499999999999
2024-12-18 17:00:00,96.035
2024-12-18 18:00:00,96.04499999999999
2024-12-18 19:00:00,95.91499999999999
2024-12-18 20:00:00,95.91999999999999
2024-12-18 21:00:00,95.88499999999999
2024-12-18 23:00:00,95.88499999999999
2024-12-19 14:30:00,95.865
2024-12-19 15:00:00,95.87499999999999
2024-12-19 16:00:00,95.85999999999999
2024-12-19 17:00:00,95.82999999999998
2024-12-19 18:00:00,95.85
2024-12-19 19:00:00,95.835
2024-12-19 20:00:00,95.82999999999998
2024-12-19 21:00:00,95.84499999999998
2024-12-19 23:00:00,95.84499999999998
2024-12-20 14:30:00,95.91999999999999
2024-12-20 15:00:00,95.92999999999999
2024-12-20 16:00:00,95.945
2024-12-20 17:00:00,95.925
2024-12-20 18:00:00,95.91
2024-12-20 19:00:00,95.89999999999999
2024-12-20 20:00:00,95.90499999999999
2024-12-20 21:00:00,95.88999999999999
2024-12-20 23:00:00,95.88999999999999
2024-12-23 14:30:00,95.85999999999999
2024-12-23 15:00:00,95.85499999999999
2024-12-23 16:00:00,95.85999999999999
2024-12-23 17:00:00,95.835
2024-12-23 18:00:00,95.82499999999999
2024-12-23 19:00:00,95.81499999999998
2024-12-23 20:00:00,95.82999999999998
2024-12-23 21:00:00,95.82499999999999
2024-12-23 23:00:00,95.82499999999999
2024-12-24 14:30:00,95.79499999999999
2024-12-24 15:00:00,95.785
2024-12-24 16:00:00,95.79499999999999
2024-12-24 17:00:00,95.82999999999998
2024-12-24 18:00:00,95.82499999999999
2024-12-24 23:00:00,95.82499999999999
2024-12-26 14:30:00,95.785
2024-12-26 15:00:00,95.8
2024-12-26 16:00:00,95.80999999999999
2024-12-26 17:00:00,95.78999999999999
2024-12-26 18:00:00,95.85
2024-12-26 19:00:00,95.84499999999998
2024-12-26 20:00:00,95.84499999999998
2024-12-26 21:00:00,95.83999999999999
2024-12-26 23:00:00,95.83999999999999
2024-12-27 14:30:00,95.83999999999999
2024-12-27 15:00:00,95.85
2024-12-27 16:00:00,95.82999999999998
2024-12-27 17:00:00,95.81499999999998
2024-12-27 18:00:00,95.81499999999998
2024-12-27 19:00:00,95.8
2024-12-27 20:00:00,95.8
2024-12-27 21:00:00,95.78999999999999
2024-12-27 23:00:00,95.78999999999999
2024-12-30 14:30:00,95.89999999999999
2024-12-30 15:00:00,95.88999999999999
2024-12-30 16:00:00,95.88999999999999
2024-12-30 17:00:00,95.88499999999999
2024-12-30 18:00:00,95.895
2024-12-30 19:00:00,95.88999999999999
2024-12-30 20:00:00,95.88999999999999
2024-12-30 21:00:00,95.90499999999999
2024-12-30 23:00:00,95.90499999999999
2024-12-31 14:30:00,95.91499999999999
2024-12-31 15:00:00,95.89999999999999
2024-12-31 16:00:00,95.865
2024-12-31 17:00:00,95.86999999999999
2024-12-31 18:00:00,95.87499999999999
2024-12-31 19:00:00,95.86999999999999
2024-12-31 20:00:00,95.86999999999999
2024-12-31 21:00:00,95.865
2024-12-31 23:00:00,95.865
2025-01-02 14:30:00,95.90499999999999
2025-01-02 15:00:00,95.895
2025-01-02 16:00:00,95.85499999999999
2025-01-02 17:00:00,95.86999999999999
2025-01-02 18:00:00,95.88999999999999
2025-01-02 19:00:00,95.88
2025-01-02 20:00:00,95.88499999999999
2025-01-02 21:00:00,95.88999999999999
2025-01-02 23:00:00,95.88999999999999
2025-01-03 14:30:00,95.895
2025-01-03 15:00:00,95.86999999999999
2025-01-03 16:00:00,95.86999999999999
2025-01-03 17:00:00,95.865
2025-01-03 18:00:00,95.85999999999999
2025-01-03 19:00:00,95.84499999999998
2025-01-03 20:00:00,95.85499999999999
2025-01-03 21:00:00,95.84499999999998
2025-01-03 23:00:00,95.84499999999998
2025-01-06 14:30:00,95.82
2025-01-06 15:00:00,95.82
2025-01-06 16:00:00,95.80999999999999
2025-01-06 17:00:00,95.81499999999998
2025-01-06 18:00:00,95.78999999999999
2025-01-06 19:00:00,95.80499999999999
2025-01-06 20:00:00,95.80999999999999
2025-01-06 21:00:00,95.78999999999999
2025-01-06 23:00:00,95.78999999999999
2025-01-07 14:30:00,95.77999999999999
2025-01-07 15:00:00,95.72999999999999
2025-01-07 16:00:00,95.73499999999999
2025-01-07 17:00:00,95.74499999999999
2025-01-07 18:00:00,95.72999999999999
2025-01-07 19:00:00,95.74499999999999
2025-01-07 20:00:00,95.74499999999999
2025-01-07 21:00:00,95.755
2025-01-07 23:00:00,95.755
2025-01-08 14:30:00,95.75999999999999
2025-01-08 15:00:00,95.76499999999999
2025-01-08 16:00:00,95.76499999999999
2025-01-08 17:00:00,95.74999999999999
2025-01-08 18:00:00,95.72999999999999
2025-01-08 19:00:00,95.74
2025-01-08 20:00:00,95.74999999999999
2025-01-08 21:00:00,95.755
2025-01-08 23:00:00,95.755
2025-01-10 14:30:00,95.67999999999999
2025-01-10 15:00:00,95.66499999999999
2025-01-10 16:00:00,95.66
2025-01-10 17:00:00,95.65499999999999
2025-01-10 18:00:00,95.63
2025-01-10 19:00:00,95.615
2025-01-10 20:00:00,95.60499999999999
2025-01-10 21:00:00,95.62499999999999
2025-01-10 23:00:00,95.62499999999999
2025-01-13 14:30:00,95.60499999999999
2025-01-13 15:00:00,95.59499999999998
2025-01-13 16:00:00,95.585
2025-01-13 17:00:00,95.60999999999999
2025-01-13 18:00:00,95.60499999999999
2025-01-13 19:00:00,95.57999999999998
2025-01-13 20:00:00,95.58999999999999
2025-01-13 21:00:00,95.59499999999998
2025-01-13 23:00:00,95.59499999999998
2025-01-14 14:30:00,95.59499999999998
2025-01-14 15:00:00,95.59499999999998
2025-01-14 16:00:00,95.6
2025-01-14 17:00:00,95.585
2025-01-14 18:00:00,95.59499999999998
2025-01-14 19:00:00,95.59499999999998
2025-01-14 20:00:00,95.59499999999998
2025-01-14 21:00:00,95.585
2025-01-14 23:00:00,95.585
2025-01-15 14:30:00,95.75999999999999
2025-01-15 15:00:00,95.74999999999999
2025-01-15 16:00:00,95.72999999999999
2025-01-15 17:00:00,95.74
2025-01-15 18:00:00,95.75999999999999
2025-01-15 19:00:00,95.75999999999999
2025-01-15 20:00:00,95.755
2025-01-15 21:00:00,95.76499999999999
2025-01-15 23:00:00,95.76499999999999
2025-01-16 14:30:00,95.73499999999999
2025-01-16 15:00:00,95.785
2025-01-16 16:00:00,95.80499999999999
2025-01-16 17:00:00,95.81499999999998
2025-01-16 18:00:00,95.82499999999999
2025-01-16 19:00:00,95.82
2025-01-16 20:00:00,95.82
2025-01-16 21:00:00,95.81499999999998
2025-01-16 23:00:00,95.81499999999998
2025-01-17 14:30:00,95.78999999999999
2025-01-17 15:00:00,95.8
2025-01-17 16:00:00,95.785
2025-01-17 17:00:00,95.8
2025-01-17 18:00:00,95.80499999999999
2025-01-17 19:00:00,95.79499999999999
2025-01-17 20:00:00,95.8
2025-01-17 21:00:00,95.77999999999999
2025-01-17 23:00:00,95.77999999999999
2025-01-21 14:30:00,95.82
2025-01-21 15:00:00,95.83999999999999
2025-01-21 16:00:00,95.82999999999998
2025-01-21 17:00:00,95.80999999999999
2025-01-21 18:00:00,95.82499999999999
2025-01-21 19:00:00,95.82
2025-01-21 20:00:00,95.83999999999999
2025-01-21 21:00:00,95.82499999999999
2025-01-21 23:00:00,95.82499999999999
2025-01-22 14:30:00,95.81499999999998
2025-01-22 15:00:00,95.8
2025-01-22 16:00:00,95.79499999999999
2025-01-22 17:00:00,95.77999999999999
2025-01-22 18:00:00,95.785
2025-01-22 19:00:00,95.79499999999999
2025-01-22 20:00:00,95.80499999999999
2025-01-22 21:00:00,95.785
2025-01-22 23:00:00,95.785
2025-01-23 14:30:00,95.755
2025-01-23 15:00:00,95.755
2025-01-23 16:00:00,95.77
2025-01-23 17:00:00,95.785
2025-01-23 18:00:00,95.77999999999999
2025-01-23 19:00:00,95.785
2025-01-23 20:00:00,95.77999999999999
2025-01-23 21:00:00,95.77499999999999
2025-01-23 23:00:00,95.77499999999999
2025-01-24 14:30:00,95.77499999999999
2025-01-24 15:00:00,95.82
2025-01-24 16:00:00,95.80999999999999
2025-01-24 17:00:00,95.8
2025-01-24 18:00:00,95.78999999999999
2025-01-24 19:00:00,95.79499999999999
2025-01-24 20:00:00,95.79499999999999
2025-01-24 21:00:00,95.8
2025-01-24 23:00:00,95.8
2025-01-27 14:30:00,95.86999999999999
2025-01-27 15:00:00,95.865
2025-01-27 16:00:00,95.88
2025-01-27 17:00:00,95.895
2025-01-27 18:00:00,95.89999999999999
2025-01-27 19:00:00,95.90499999999999
2025-01-27 20:00:00,95.89999999999999
2025-01-27 21:00:00,95.88999999999999
2025-01-27 23:00:00,95.88999999999999
2025-01-28 14:30:00,95.88499999999999
2025-01-28 15:00:00,95.85
2025-01-28 16:00:00,95.85499999999999
2025-01-28 17:00:00,95.85999999999999
2025-01-28 18:00:00,95.86999999999999
2025-01-28 19:00:00,95.88999999999999
2025-01-28 20:00:00,95.89999999999999
2025-01-28 21:00:00,95.90499999999999
2025-01-28 23:00:00,95.89999999999999
2025-01-29 14:30:00,95.91499999999999
2025-01-29 15:00:00,95.88999999999999
2025-01-29 16:00:00,95.87499999999999
2025-01-29 17:00:00,95.88499999999999
2025-01-29 18:00:00,95.86999999999999
2025-01-29 19:00:00,95.87499999999999
2025-01-29 20:00:00,95.88999999999999
2025-01-29 21:00:00,95.895
2025-01-29 23:00:00,95.895
2025-01-30 14:30:00,95.925
2025-01-30 15:00:00,95.90499999999999
2025-01-30 16:00:00,95.89999999999999
2025-01-30 17:00:00,95.91
2025-01-30 18:00:00,95.91
2025-01-30 19:00:00,95.91999999999999
2025-01-30 20:00:00,95.91999999999999
2025-01-30 21:00:00,95.91999999999999
2025-01-30 23:00:00,95.91999999999999
2025-01-31 14:30:00,95.925
2025-01-31 15:00:00,95.91499999999999
2025-01-31 16:00:00,95.90499999999999
2025-01-31 17:00:00,95.91999999999999
2025-01-31 18:00:00,95.88499999999999
2025-01-31 19:00:00,95.85999999999999
2025-01-31 20:00:00,95.865
2025-01-31 21:00:00,95.91
2025-01-31 23:00:00,95.91
2025-02-03 14:30:00,95.91999999999999
2025-02-03 15:00:00,95.90499999999999
2025-02-03 16:00:00,95.91
2025-02-03 17:00:00,95.91
2025-02-03 18:00:00,95.88499999999999
2025-02-03 19:00:00,95.88499999999999
2025-02-03 20:00:00,95.88
2025-02-03 21:00:00,95.86999999999999
2025-02-03 23:00:00,95.86999999999999
2025-02-04 14:30:00,95.88
2025-02-04 15:00:00,95.895
2025-02-04 16:00:00,95.90499999999999
2025-02-04 17:00:00,95.91999999999999
2025-02-04 18:00:00,95.91499999999999
2025-02-04 19:00:00,95.925
2025-02-04 20:00:00,95.925
2025-02-04 21:00:00,95.91999999999999
2025-02-04 23:00:00,95.91999999999999
2025-02-05 14:30:00,95.99
2025-02-05 15:00:00,96.02
2025-02-05 16:00:00,96.02499999999999
2025-02-05 17:00:00,96.02999999999999
2025-02-05 18:00:00,96.04499999999999
2025-02-05 19:00:00,96.02499999999999
2025-02-05 20:00:00,96.01499999999999
2025-02-05 21:00:00,96.005
2025-02-05 23:00:00,96.005
2025-02-06 14:30:00,95.96999999999998
2025-02-06 15:00:00,95.96999999999998
2025-02-06 16:00:00,95.94999999999999
2025-02-06 17:00:00,95.96499999999999
2025-02-06 18:00:00,95.98499999999999
2025-02-06 19:00:00,95.96999999999998
2025-02-06 20:00:00,95.975
2025-02-06 21:00:00,95.96999999999998
2025-02-06 23:00:00,95.96999999999998
2025-02-07 14:30:00,95.89999999999999
2025-02-07 15:00:00,95.895
2025-02-07 16:00:00,95.895
2025-02-07 17:00:00,95.89999999999999
2025-02-07 18:00:00,95.91
2025-02-07 19:00:00,95.91
2025-02-07 20:00:00,95.90499999999999
2025-02-07 21:00:00,95.895
2025-02-07 23:00:00,95.895
2025-02-10 14:30:00,95.93999999999998
2025-02-10 15:00:00,95.93999999999998
2025-02-10 16:00:00,95.92999999999999
2025-02-10 17:00:00,95.91999999999999
2025-02-10 18:00:00,95.90499999999999
2025-02-10 19:00:00,95.91499999999999
2025-02-10 20:00:00,95.90499999999999
2025-02-10 21:00:00,95.90499999999999
2025-02-10 23:00:00,95.90499999999999
2025-02-11 14:30:00,95.87499999999999
2025-02-11 15:00:00,95.865
2025-02-11 16:00:00,95.865
2025-02-11 17:00:00,95.865
2025-02-11 18:00:00,95.88
2025-02-11 19:00:00,95.86999999999999
2025-02-11 20:00:00,95.87499999999999
2025-02-11 21:00:00,95.86999999999999
2025-02-11 23:00:00,95.86999999999999
2025-02-12 14:30:00,95.74
2025-02-12 15:00:00,95.73499999999999
2025-02-12 16:00:00,95.725
2025-02-12 17:00:00,95.74
2025-02-12 18:00:00,95.74
2025-02-12 19:00:00,95.725
2025-02-12 20:00:00,95.725
2025-02-12 21:00:00,95.74
2025-02-12 23:00:00,95.74
2025-02-13 14:30:00,95.81499999999998
2025-02-13 15:00:00,95.83999999999999
2025-02-13 16:00:00,95.82499999999999
2025-02-13 17:00:00,95.835
2025-02-13 18:00:00,95.82999999999998
2025-02-13 19:00:00,95.83999999999999
2025-02-13 20:00:00,95.83999999999999
2025-02-13 21:00:00,95.835
2025-02-13 23:00:00,95.835
2025-02-14 14:30:00,95.90499999999999
2025-02-14 15:00:00,95.92999999999999
2025-02-14 16:00:00,95.92999999999999
2025-02-14 17:00:00,95.925
2025-02-14 18:00:00,95.925
2025-02-14 19:00:00,95.91
2025-02-14 20:00:00,95.91
2025-02-14 21:00:00,95.91
2025-02-14 23:00:00,95.91
2025-02-18 14:30:00,95.88
2025-02-18 15:00:00,95.88
2025-02-18 16:00:00,95.865
2025-02-18 17:00:00,95.85499999999999
2025-02-18 18:00:00,95.85
2025-02-18 19:00:00,95.84499999999998
2025-02-18 20:00:00,95.83999999999999
2025-02-18 21:00:00,95.83999999999999
2025-02-18 23:00:00,95.83999999999999
2025-02-19 14:30:00,95.85499999999999
2025-02-19 15:00:00,95.85499999999999
2025-02-19 16:00:00,95.84499999999998
2025-02-19 17:00:00,95.83999999999999
2025-02-19 18:00:00,95.84499999999998
2025-02-19 19:00:00,95.85999999999999
2025-02-19 20:00:00,95.85999999999999
2025-02-19 21:00:00,95.86999999999999
2025-02-19 23:00:00,95.86999999999999
2025-02-20 14:30:00,95.895
2025-02-20 15:00:00,95.895
2025-02-20 16:00:00,95.89999999999999
2025-02-20 17:00:00,95.89999999999999
2025-02-20 18:00:00,95.90499999999999
2025-02-20 19:00:00,95.89999999999999
2025-02-20 20:00:00,95.895
2025-02-20 21:00:00,95.88999999999999
2025-02-20 23:00:00,95.88999999999999
2025-02-21 14:30:00,95.945
2025-02-21 15:00:00,95.94999999999999
2025-02-21 16:00:00,95.945
2025-02-21 17:00:00,95.975
2025-02-21 18:00:00,95.99999999999999
2025-02-21 19:00:00,95.99
2025-02-21 20:00:00,95.99
2025-02-21 21:00:00,95.975
2025-02-21 23:00:00,95.975
2025-02-24 14:30:00,95.99
2025-02-24 15:00:00,96.02
2025-02-24 16:00:00,96.02
2025-02-24 17:00:00,96.01499999999999
2025-02-24 18:00:00,96.02
2025-02-24 19:00:00,96.02999999999999
2025-02-24 20:00:00,96.02499999999999
2025-02-24 21:00:00,96.01499999999999
2025-02-24 23:00:00,96.01499999999999
2025-02-25 14:30:00,96.13499999999999
2025-02-25 15:00:00,96.145
2025-02-25 16:00:00,96.13999999999999
2025-02-25 17:00:00,96.13999999999999
2025-02-25 18:00:00,96.13499999999999
2025-02-25 19:00:00,96.16
2025-02-25 20:00:00,96.16
2025-02-25 21:00:00,96.16
2025-02-25 23:00:00,96.16
2025-02-26 14:30:00,96.15499999999999
2025-02-26 15:00:00,96.14999999999999
2025-02-26 16:00:00,96.175
2025-02-26 17:00:00,96.17999999999999
2025-02-26 18:00:00,96.21999999999998
2025-02-26 19:00:00,96.225
2025-02-26 20:00:00,96.225
2025-02-26 21:00:00,96.21999999999998
2025-02-26 23:00:00,96.21999999999998
2025-02-27 14:30:00,96.20499999999998
2025-02-27 15:00:00,96.18999999999998
2025-02-27 16:00:00,96.20499999999998
2025-02-27 17:00:00,96.18499999999999
2025-02-27 18:00:00,96.18499999999999
2025-02-27 19:00:00,96.19999999999999
2025-02-27 20:00:00,96.21
2025-02-27 21:00:00,96.23499999999999
2025-02-27 23:00:00,96.23499999999999
2025-02-28 14:30:00,96.255
2025-02-28 15:00:00,96.24
2025-02-28 16:00:00,96.255
2025-02-28 17:00:00,96.285
2025-02-28 18:00:00,96.29499999999999
2025-02-28 19:00:00,96.27
2025-02-28 20:00:00,96.285
2025-02-28 21:00:00,96.27
2025-02-28 23:00:00,96.27
2025-03-03 14:30:00,96.23499999999999
2025-03-03 15:00:00,96.27499999999999
2025-03-03 16:00:00,96.27499999999999
2025-03-03 17:00:00,96.28999999999999
2025-03-03 18:00:00,96.29499999999999
2025-03-03 19:00:00,96.3
2025-03-03 20:00:00,96.31499999999998
2025-03-03 21:00:00,96.32999999999998
2025-03-03 23:00:00,96.32999999999998
2025-03-04 14:30:00,96.38
2025-03-04 15:00:00,96.38
2025-03-04 16:00:00,96.34499999999998
2025-03-04 17:00:00,96.34499999999998
2025-03-04 18:00:00,96.30999999999999
2025-03-04 19:00:00,96.285
2025-03-04 20:00:00,96.27499999999999
2025-03-04 21:00:00,96.23499999999999
2025-03-04 23:00:00,96.23499999999999
2025-03-05 14:30:00,96.30499999999999
2025-03-05 15:00:00,96.23499999999999
2025-03-05 16:00:00,96.24499999999999
2025-03-05 17:00:00,96.21499999999999
2025-03-05 18:00:00,96.21
2025-03-05 19:00:00,96.20499999999998
2025-03-05 20:00:00,96.18999999999998
2025-03-05 21:00:00,96.17999999999999
2025-03-05 23:00:00,96.17999999999999
2025-03-06 14:30:00,96.195
2025-03-06 15:00:00,96.15499999999999
2025-03-06 16:00:00,96.17999999999999
2025-03-06 17:00:00,96.18999999999998
2025-03-06 18:00:00,96.19999999999999
2025-03-06 19:00:00,96.20499999999998
2025-03-06 20:00:00,96.20499999999998
2025-03-06 21:00:00,96.19999999999999
2025-03-06 23:00:00,96.19999999999999
2025-03-07 14:30:00,96.27
2025-03-07 15:00:00,96.25999999999999
2025-03-07 16:00:00,96.28999999999999
2025-03-07 17:00:00,96.24499999999999
2025-03-07 18:00:00,96.17999999999999
2025-03-07 19:00:00,96.175
2025-03-07 20:00:00,96.175
2025-03-07 20:00:01,96.175
2025-03-07 21:00:00,96.19
2025-03-07 23:00:00,96.19
2025-03-10 13:30:00,96.27499999999999
2025-03-10 14:00:00,96.315
2025-03-10 15:00:00,96.30499999999999
2025-03-10 16:00:00,96.285
2025-03-10 17:00:00,96.3
2025-03-10 18:00:00,96.315
2025-03-10 19:00:00,96.30499999999999
2025-03-10 20:00:00,96.30499999999999
2025-03-10 23:00:00,96.32499999999999
2025-03-11 13:30:00,96.3
2025-03-11 14:00:00,96.33
2025-03-11 15:00:00,96.28999999999999
2025-03-11 16:00:00,96.30499999999999
2025-03-11 17:00:00,96.30999999999999
2025-03-11 18:00:00,96.24499999999999
2025-03-11 19:00:00,96.25999999999999
2025-03-11 20:00:00,96.25999999999999
2025-03-11 23:00:00,96.255
2025-03-12 13:30:00,96.21499999999999
2025-03-12 14:00:00,96.24
2025-03-12 15:00:00,96.21499999999999
2025-03-12 16:00:00,96.21499999999999
2025-03-12 17:00:00,96.24
2025-03-12 18:00:00,96.21
2025-03-12 19:00:00,96.21499999999999
2025-03-12 20:00:00,96.21499999999999
2025-03-12 23:00:00,96.21499999999999
2025-03-13 13:30:00,96.19
2025-03-13 14:00:00,96.205
2025-03-13 15:00:00,96.22999999999999
2025-03-13 16:00:00,96.24
2025-03-13 17:00:00,96.27999999999999
2025-03-13 18:00:00,96.26499999999999
2025-03-13 19:00:00,96.27
2025-03-13 20:00:00,96.26499999999999
2025-03-13 23:00:00,96.25999999999999
2025-03-14 13:30:00,96.225
2025-03-14 14:00:00,96.225
2025-03-14 15:00:00,96.21999999999998
2025-03-14 16:00:00,96.225
2025-03-14 17:00:00,96.21999999999998
2025-03-14 18:00:00,96.21
2025-03-14 19:00:00,96.19999999999999
2025-03-14 20:00:00,96.19999999999999
2025-03-14 23:00:00,96.19999999999999
2025-03-17 13:30:00,96.205
2025-03-17 14:00:00,96.225
2025-03-17 15:00:00,96.24999999999999
2025-03-17 16:00:00,96.22999999999999
2025-03-17 17:00:00,96.21499999999999
2025-03-17 18:00:00,96.19999999999999
2025-03-17 19:00:00,96.195
2025-03-17 20:00:00,96.205
2025-03-17 23:00:00,96.21
2025-03-18 13:30:00,96.21499999999999
2025-03-18 14:00:00,96.21
2025-03-18 15:00:00,96.23499999999999
2025-03-18 16:00:00,96.22999999999999
2025-03-18 17:00:00,96.24499999999999
2025-03-18 18:00:00,96.23499999999999
2025-03-18 19:00:00,96.22999999999999
2025-03-18 20:00:00,96.23499999999999
2025-03-18 23:00:00,96.225
2025-03-19 13:30:00,96.17999999999999
2025-03-19 14:00:00,96.19
2025-03-19 15:00:00,96.19
2025-03-19 16:00:00,96.18499999999999
2025-03-19 17:00:00,96.18499999999999
2025-03-19 18:00:00,96.27
2025-03-19 19:00:00,96.27499999999999
2025-03-19 20:00:00,96.27499999999999
2025-03-19 23:00:00,96.27999999999999
2025-03-20 13:30:00,96.33
2025-03-20 14:00:00,96.30999999999999
2025-03-20 15:00:00,96.28999999999999
2025-03-20 16:00:00,96.28999999999999
2025-03-20 17:00:00,96.285
2025-03-20 18:00:00,96.29499999999999
2025-03-20 19:00:00,96.3
2025-03-20 20:00:00,96.28999999999999
2025-03-20 23:00:00,96.29499999999999
2025-03-21 13:30:00,96.33999999999999
2025-03-21 14:00:00,96.32
2025-03-21 15:00:00,96.33
2025-03-21 16:00:00,96.3
2025-03-21 17:00:00,96.3
2025-03-21 18:00:00,96.3
2025-03-21 19:00:00,96.3
2025-03-21 20:00:00,96.30499999999999
2025-03-21 23:00:00,96.3
2025-03-24 13:30:00,96.225
2025-03-24 14:00:00,96.225
2025-03-24 15:00:00,96.21999999999998
2025-03-24 16:00:00,96.23499999999999
2025-03-24 17:00:00,96.21999999999998
2025-03-24 18:00:00,96.21499999999999
2025-03-24 19:00:00,96.21499999999999
2025-03-24 20:00:00,96.21499999999999
2025-03-24 23:00:00,96.21999999999998
2025-03-25 13:30:00,96.23499999999999
2025-03-25 14:00:00,96.255
2025-03-25 15:00:00,96.26499999999999
2025-03-25 16:00:00,96.27
2025-03-25 17:00:00,96.26499999999999
2025-03-25 18:00:00,96.26499999999999
2025-03-25 19:00:00,96.255
2025-03-25 20:00:00,96.255
2025-03-25 23:00:00,96.255
2025-03-26 13:30:00,96.23499999999999
2025-03-26 14:00:00,96.22999999999999
2025-03-26 15:00:00,96.23499999999999
2025-03-26 16:00:00,96.23499999999999
2025-03-26 17:00:00,96.255
2025-03-26 18:00:00,96.24999999999999
2025-03-26 19:00:00,96.23499999999999
2025-03-26 20:00:00,96.23499999999999
2025-03-26 23:00:00,96.24
2025-03-27 13:30:00,96.24
2025-03-27 14:00:00,96.21999999999998
2025-03-27 15:00:00,96.22999999999999
2025-03-27 16:00:00,96.22999999999999
2025-03-27 17:00:00,96.23499999999999
2025-03-27 18:00:00,96.23499999999999
2025-03-27 19:00:00,96.23499999999999
2025-03-27 20:00:00,96.23499999999999
2025-03-27 23:00:00,96.24
2025-03-28 13:30:00,96.30999999999999
2025-03-28 14:00:00,96.32
2025-03-28 15:00:00,96.335
2025-03-28 16:00:00,96.35
2025-03-28 17:00:00,96.35
2025-03-28 18:00:00,96.35999999999999
2025-03-28 19:00:00,96.35
2025-03-28 20:00:00,96.365
2025-03-28 23:00:00,96.35999999999999
2025-03-31 14:30:00,96.395
2025-03-31 15:00:00,96.38
2025-03-31 16:00:00,96.365
2025-03-31 17:00:00,96.35499999999999
2025-03-31 18:00:00,96.35
2025-03-31 19:00:00,96.35
2025-03-31 20:00:00,96.365
2025-03-31 21:00:00,96.38
2025-03-31 23:00:00,96.38
2025-04-01 14:30:00,96.40499999999999
2025-04-01 15:00:00,96.41999999999999
2025-04-01 16:00:00,96.42999999999999
2025-04-01 17:00:00,96.425
2025-04-01 18:00:00,96.43499999999999
2025-04-01 19:00:00,96.42999999999999
2025-04-01 20:00:00,96.425
2025-04-01 21:00:00,96.41
2025-04-01 23:00:00,96.41
2025-04-02 14:30:00,96.44
2025-04-02 15:00:00,96.40499999999999
2025-04-02 16:00:00,96.38499999999999
2025-04-02 17:00:00,96.35499999999999
2025-04-02 18:00:00,96.365
2025-04-02 19:00:00,96.38
2025-04-02 20:00:00,96.38499999999999
2025-04-02 21:00:00,96.46499999999999
2025-04-02 23:00:00,96.46499999999999
2025-04-03 14:30:00,96.65499999999999
2025-04-03 15:00:00,96.66
2025-04-03 16:00:00,96.615
2025-04-03 17:00:00,96.615
2025-04-03 18:00:00,96.63
2025-04-03 19:00:00,96.615
2025-04-03 20:00:00,96.61999999999999
2025-04-03 21:00:00,96.645
2025-04-03 23:00:00,96.645
2025-04-04 14:30:00,96.74499999999999
2025-04-04 15:00:00,96.785
2025-04-04 16:00:00,96.755
2025-04-04 17:00:00,96.73499999999999
2025-04-04 18:00:00,96.66999999999999
2025-04-04 19:00:00,96.66
2025-04-04 20:00:00,96.65499999999999
2025-04-04 21:00:00,96.66
2025-04-04 23:00:00,96.66
2025-04-07 14:30:00,96.63499999999999
2025-04-07 15:00:00,96.53999999999999
2025-04-07 16:00:00,96.57
2025-04-07 17:00:00,96.55999999999999
2025-04-07 18:00:00,96.52999999999999
2025-04-07 19:00:00,96.535
2025-04-07 20:00:00,96.55
2025-04-07 21:00:00,96.52499999999999
2025-04-07 23:00:00,96.52499999999999
2025-04-08 14:30:00,96.425
2025-04-08 15:00:00,96.47999999999999
2025-04-08 16:00:00,96.47999999999999
2025-04-08 17:00:00,96.535
2025-04-08 18:00:00,96.51499999999999
2025-04-08 19:00:00,96.49
2025-04-08 20:00:00,96.54499999999999
2025-04-08 21:00:00,96.50999999999999
2025-04-08 23:00:00,96.50999999999999
2025-04-09 14:30:00,96.44
2025-04-09 15:00:00,96.43499999999999
2025-04-09 16:00:00,96.35999999999999
2025-04-09 17:00:00,96.365
2025-04-09 18:00:00,96.30499999999999
2025-04-09 19:00:00,96.255
2025-04-09 20:00:00,96.3
2025-04-09 21:00:00,96.30999999999999
2025-04-09 23:00:00,96.30999999999999
2025-04-10 14:30:00,96.46499999999999
2025-04-10 15:00:00,96.44
2025-04-10 16:00:00,96.395
2025-04-10 17:00:00,96.40499999999999
2025-04-10 18:00:00,96.38
2025-04-10 19:00:00,96.35999999999999
2025-04-10 20:00:00,96.34499999999998
2025-04-10 21:00:00,96.30999999999999
2025-04-10 23:00:00,96.30999999999999
2025-04-11 14:30:00,96.24
2025-04-11 15:00:00,96.17999999999999
2025-04-11 16:00:00,96.205
2025-04-11 17:00:00,96.21
2025-04-11 18:00:00,96.21499999999999
2025-04-11 19:00:00,96.21499999999999
2025-04-11 20:00:00,96.22999999999999
2025-04-11 21:00:00,96.21499999999999
2025-04-11 23:00:00,96.21499999999999
2025-04-14 14:30:00,96.30499999999999
2025-04-14 15:00:00,96.28999999999999
2025-04-14 16:00:00,96.33
2025-04-14 17:00:00,96.33
2025-04-14 18:00:00,96.35999999999999
2025-04-14 19:00:00,96.38
2025-04-14 20:00:00,96.35999999999999
2025-04-14 21:00:00,96.35
2025-04-14 23:00:00,96.35
2025-04-15 14:30:00,96.365
2025-04-15 15:00:00,96.39999999999999
2025-04-15 16:00:00,96.395
2025-04-15 17:00:00,96.41
2025-04-15 18:00:00,96.425
2025-04-15 19:00:00,96.41
2025-04-15 20:00:00,96.395
2025-04-15 21:00:00,96.39999999999999
2025-04-15 23:00:00,96.39999999999999
2025-04-16 14:30:00,96.425
2025-04-16 15:00:00,96.41499999999999
2025-04-16 16:00:00,96.44
2025-04-16 17:00:00,96.44
2025-04-16 18:00:00,96.47999999999999
2025-04-16 19:00:00,96.48499999999999
2025-04-16 20:00:00,96.49499999999999
2025-04-16 21:00:00,96.49
2025-04-16 23:00:00,96.49
2025-04-17 14:30:00,96.49499999999999
2025-04-17 15:00:00,96.505
2025-04-17 16:00:00,96.48499999999999
2025-04-17 17:00:00,96.46499999999999
2025-04-17 18:00:00,96.46
2025-04-17 19:00:00,96.44999999999999
2025-04-17 20:00:00,96.46
2025-04-17 21:00:00,96.46999999999998
2025-04-17 23:00:00,96.46999999999998
2025-04-21 14:30:00,96.49499999999999
2025-04-21 15:00:00,96.49999999999999
2025-04-21 16:00:00,96.49499999999999
2025-04-21 17:00:00,96.48499999999999
2025-04-21 18:00:00,96.475
2025-04-21 19:00:00,96.46
2025-04-21 20:00:00,96.44999999999999
2025-04-21 21:00:00,96.44999999999999
2025-04-21 23:00:00,96.44999999999999
2025-04-22 14:30:00,96.46999999999998
2025-04-22 15:00:00,96.46
2025-04-22 16:00:00,96.455
2025-04-22 17:00:00,96.43499999999999
2025-04-22 18:00:00,96.44999999999999
2025-04-22 19:00:00,96.445
2025-04-22 20:00:00,96.445
2025-04-22 21:00:00,96.42999999999999
2025-04-22 23:00:00,96.42999999999999
2025-04-23 14:30:00,96.43499999999999
2025-04-23 15:00:00,96.43499999999999
2025-04-23 16:00:00,96.46
2025-04-23 17:00:00,96.41499999999999
2025-04-23 18:00:00,96.395
2025-04-23 19:00:00,96.395
2025-04-23 20:00:00,96.39999999999999
2025-04-23 21:00:00,96.38999999999999
2025-04-23 23:00:00,96.38999999999999
2025-04-24 14:30:00,96.43499999999999
2025-04-24 15:00:00,96.44
2025-04-24 16:00:00,96.445
2025-04-24 17:00:00,96.46999999999998
2025-04-24 18:00:00,96.475
2025-04-24 19:00:00,96.47999999999999
2025-04-24 20:00:00,96.475
2025-04-24 21:00:00,96.46999999999998
2025-04-24 23:00:00,96.46999999999998
2025-04-25 14:30:00,96.49499999999999
2025-04-25 15:00:00,96.49499999999999
2025-04-25 16:00:00,96.51499999999999
2025-04-25 17:00:00,96.50999999999999
2025-04-25 18:00:00,96.54499999999999
2025-04-25 19:00:00,96.52499999999999
2025-04-25 20:00:00,96.52499999999999
2025-04-25 21:00:00,96.55
2025-04-25 23:00:00,96.55
2025-04-28 14:30:00,96.52499999999999
2025-04-28 15:00:00,96.55499999999999
2025-04-28 16:00:00,96.57
2025-04-28 17:00:00,96.59499999999998
2025-04-28 18:00:00,96.585
2025-04-28 19:00:00,96.6
2025-04-28 20:00:00,96.60499999999999
2025-04-28 21:00:00,96.59499999999998
2025-04-28 23:00:00,96.59499999999998
2025-04-29 14:30:00,96.61999999999999
2025-04-29 15:00:00,96.62499999999999
2025-04-29 16:00:00,96.63
2025-04-29 17:00:00,96.63499999999999
2025-04-29 18:00:00,96.63999999999999
2025-04-29 19:00:00,96.63999999999999
2025-04-29 20:00:00,96.645
2025-04-29 21:00:00,96.64999999999999
2025-04-29 23:00:00,96.64999999999999
2025-04-30 14:30:00,96.67999999999999
2025-04-30 15:00:00,96.68499999999999
2025-04-30 16:00:00,96.675
2025-04-30 17:00:00,96.68499999999999
2025-04-30 18:00:00,96.67999999999999
2025-04-30 19:00:00,96.675
2025-04-30 20:00:00,96.695
2025-04-30 21:00:00,96.69999999999999
2025-04-30 23:00:00,96.69999999999999
2025-05-01 14:30:00,96.74499999999999
2025-05-01 15:00:00,96.66499999999999
2025-05-01 16:00:00,96.63999999999999
2025-05-01 17:00:00,96.64999999999999
2025-05-01 18:00:00,96.60999999999999
2025-05-01 19:00:00,96.62499999999999
2025-05-01 20:00:00,96.61999999999999
2025-05-01 21:00:00,96.63
2025-05-01 23:00:00,96.63
2025-05-02 14:30:00,96.565
2025-05-02 15:00:00,96.52
2025-05-02 16:00:00,96.505
2025-05-02 17:00:00,96.49
2025-05-02 18:00:00,96.50999999999999
2025-05-02 19:00:00,96.49999999999999
2025-05-02 20:00:00,96.50999999999999
2025-05-02 21:00:00,96.52
2025-05-02 23:00:00,96.52
2025-05-05 14:30:00,96.52999999999999
2025-05-05 15:00:00,96.49499999999999
2025-05-05 16:00:00,96.505
2025-05-05 17:00:00,96.48499999999999
2025-05-05 18:00:00,96.48499999999999
2025-05-05 19:00:00,96.49999999999999
2025-05-05 20:00:00,96.49999999999999
2025-05-05 21:00:00,96.505
2025-05-05 23:00:00,96.505
2025-05-06 14:30:00,96.50999999999999
2025-05-06 15:00:00,96.52
2025-05-06 16:00:00,96.52499999999999
2025-05-06 17:00:00,96.52499999999999
2025-05-06 18:00:00,96.54499999999999
2025-05-06 19:00:00,96.55
2025-05-06 20:00:00,96.55
2025-05-06 21:00:00,96.55
2025-05-06 23:00:00,96.55
2025-05-07 14:30:00,96.55
2025-05-07 15:00:00,96.55499999999999
2025-05-07 16:00:00,96.535
2025-05-07 17:00:00,96.55
2025-05-07 18:00:00,96.55499999999999
2025-05-07 19:00:00,96.58
2025-05-07 20:00:00,96.565
2025-05-07 21:00:00,96.57499999999999
2025-05-07 23:00:00,96.57499999999999
2025-05-08 14:30:00,96.51499999999999
2025-05-08 15:00:00,96.50999999999999
2025-05-08 16:00:00,96.47999999999999
2025-05-08 17:00:00,96.44999999999999
2025-05-08 18:00:00,96.42999999999999
2025-05-08 19:00:00,96.42999999999999
2025-05-08 20:00:00,96.42999999999999
2025-05-08 21:00:00,96.42999999999999
2025-05-08 23:00:00,96.42999999999999
2025-05-09 14:30:00,96.46499999999999
2025-05-09 15:00:00,96.475
2025-05-09 16:00:00,96.44
2025-05-09 17:00:00,96.445
2025-05-09 18:00:00,96.445
2025-05-09 19:00:00,96.43499999999999
2025-05-09 20:00:00,96.42999999999999
2025-05-09 21:00:00,96.41499999999999
2025-05-09 23:00:00,96.41499999999999
2025-05-12 14:30:00,96.29499999999999
2025-05-12 15:00:00,96.315
2025-05-12 16:00:00,96.32
2025-05-12 17:00:00,96.3
2025-05-12 18:00:00,96.29499999999999
2025-05-12 19:00:00,96.29499999999999
2025-05-12 20:00:00,96.29499999999999
2025-05-12 21:00:00,96.27499999999999
2025-05-12 23:00:00,96.27499999999999
2025-05-13 14:30:00,96.30499999999999
2025-05-13 15:00:00,96.315
2025-05-13 16:00:00,96.27999999999999
2025-05-13 17:00:00,96.27999999999999
2025-05-13 18:00:00,96.27499999999999
2025-05-13 19:00:00,96.27499999999999
2025-05-13 20:00:00,96.27499999999999
2025-05-13 21:00:00,96.3
2025-05-13 23:00:00,96.3
2025-05-14 14:30:00,96.28999999999999
2025-05-14 15:00:00,96.27499999999999
2025-05-14 16:00:00,96.25999999999999
2025-05-14 17:00:00,96.24499999999999
2025-05-14 18:00:00,96.24999999999999
2025-05-14 19:00:00,96.23499999999999
2025-05-14 20:00:00,96.22999999999999
2025-05-14 21:00:00,96.22999999999999
2025-05-14 23:00:00,96.22999999999999
2025-05-15 14:30:00,96.30499999999999
2025-05-15 15:00:00,96.30999999999999
2025-05-15 16:00:00,96.32
2025-05-15 17:00:00,96.34499999999998
2025-05-15 18:00:00,96.33999999999999
2025-05-15 19:00:00,96.33
2025-05-15 20:00:00,96.335
2025-05-15 21:00:00,96.35
2025-05-15 23:00:00,96.35
2025-05-16 14:30:00,96.39999999999999
2025-05-16 15:00:00,96.35999999999999
2025-05-16 16:00:00,96.35499999999999
2025-05-16 17:00:00,96.365
2025-05-16 18:00:00,96.365
2025-05-16 19:00:00,96.35499999999999
2025-05-16 20:00:00,96.365
2025-05-16 21:00:00,96.32499999999999
2025-05-16 23:00:00,96.32499999999999
2025-05-19 14:30:00,96.32499999999999
2025-05-19 15:00:00,96.33999999999999
2025-05-19 16:00:00,96.33
2025-05-19 17:00:00,96.34499999999998
2025-05-19 18:00:00,96.35499999999999
2025-05-19 19:00:00,96.35499999999999
2025-05-19 20:00:00,96.36999999999999
2025-05-19 21:00:00,96.36999999999999
2025-05-19 23:00:00,96.36999999999999
2025-05-20 14:30:00,96.335
2025-05-20 15:00:00,96.365
2025-05-20 16:00:00,96.36999999999999
2025-05-20 17:00:00,96.38
2025-05-20 18:00:00,96.38499999999999
2025-05-20 19:00:00,96.38
2025-05-20 20:00:00,96.37499999999999
2025-05-20 21:00:00,96.36999999999999
2025-05-20 23:00:00,96.36999999999999
2025-05-21 14:30:00,96.32499999999999
2025-05-21 15:00:00,96.32
2025-05-21 16:00:00,96.30999999999999
2025-05-21 17:00:00,96.30999999999999
2025-05-21 18:00:00,96.27999999999999
2025-05-21 19:00:00,96.285
2025-05-21 20:00:00,96.30499999999999
2025-05-21 21:00:00,96.285
2025-05-21 23:00:00,96.285
2025-05-22 14:30:00,96.32
2025-05-22 15:00:00,96.33
2025-05-22 16:00:00,96.33
2025-05-22 17:00:00,96.335
2025-05-22 18:00:00,96.335
2025-05-22 19:00:00,96.335
2025-05-22 20:00:00,96.33999999999999
2025-05-22 21:00:00,96.35
2025-05-22 23:00:00,96.35
2025-05-23 14:30:00,96.39999999999999
2025-05-23 15:00:00,96.39999999999999
2025-05-23 16:00:00,96.39999999999999
2025-05-23 17:00:00,96.37499999999999
2025-05-23 18:00:00,96.37499999999999
2025-05-23 19:00:00,96.38
2025-05-23 20:00:00,96.38499999999999
2025-05-23 21:00:00,96.38
2025-05-23 23:00:00,96.38
2025-05-27 14:30:00,96.41499999999999
2025-05-27 15:00:00,96.425
2025-05-27 16:00:00,96.44
2025-05-27 17:00:00,96.44
2025-05-27 18:00:00,96.44
2025-05-27 19:00:00,96.44999999999999
2025-05-27 20:00:00,96.44999999999999
2025-05-27 21:00:00,96.44
2025-05-27 23:00:00,96.44
2025-05-28 14:30:00,96.39999999999999
2025-05-28 15:00:00,96.39999999999999
2025-05-28 16:00:00,96.395
2025-05-28 17:00:00,96.395
2025-05-28 18:00:00,96.39999999999999
2025-05-28 19:00:00,96.41
2025-05-28 20:00:00,96.41499999999999
2025-05-28 21:00:00,96.41499999999999
2025-05-28 23:00:00,96.41499999999999
2025-05-29 14:30:00,96.46
2025-05-29 15:00:00,96.44
2025-05-29 16:00:00,96.46999999999998
2025-05-29 17:00:00,96.46
2025-05-29 18:00:00,96.46499999999999
2025-05-29 19:00:00,96.46999999999998
2025-05-29 20:00:00,96.455
2025-05-29 21:00:00,96.46499999999999
2025-05-29 23:00:00,96.46499999999999
2025-05-30 14:30:00,96.46499999999999
2025-05-30 15:00:00,96.46
2025-05-30 16:00:00,96.49
2025-05-30 17:00:00,96.49999999999999
2025-05-30 18:00:00,96.47999999999999
2025-05-30 19:00:00,96.48499999999999
2025-05-30 20:00:00,96.49
2025-05-30 21:00:00,96.505
2025-05-30 23:00:00,96.505
2025-06-02 14:30:00,96.46999999999998
2025-06-02 15:00:00,96.47999999999999
2025-06-02 16:00:00,96.455
2025-06-02 17:00:00,96.44
2025-06-02 18:00:00,96.42999999999999
2025-06-02 19:00:00,96.44
2025-06-02 20:00:00,96.445
2025-06-02 21:00:00,96.44999999999999
2025-06-02 23:00:00,96.44999999999999
2025-06-03 14:30:00,96.475
2025-06-03 15:00:00,96.445
2025-06-03 16:00:00,96.41499999999999
2025-06-03 17:00:00,96.41
2025-06-03 18:00:00,96.41999999999999
2025-06-03 19:00:00,96.41999999999999
2025-06-03 20:00:00,96.41999999999999
2025-06-03 21:00:00,96.41999999999999
2025-06-03 23:00:00,96.41999999999999
2025-06-04 14:30:00,96.455
2025-06-04 15:00:00,96.49999999999999
2025-06-04 16:00:00,96.49999999999999
2025-06-04 17:00:00,96.51499999999999
2025-06-04 18:00:00,96.51499999999999
2025-06-04 19:00:00,96.505
2025-06-04 20:00:00,96.505
2025-06-04 21:00:00,96.51499999999999
2025-06-04 23:00:00,96.51499999999999
2025-06-05 14:30:00,96.51499999999999
2025-06-05 15:00:00,96.46999999999998
2025-06-05 16:00:00,96.455
2025-06-05 17:00:00,96.46
2025-06-05 18:00:00,96.44
2025-06-05 19:00:00,96.44
2025-06-05 20:00:00,96.44
2025-06-05 21:00:00,96.43499999999999
2025-06-05 23:00:00,96.43499999999999
2025-06-06 14:30:00,96.33
2025-06-06 15:00:00,96.335
2025-06-06 16:00:00,96.315
2025-06-06 17:00:00,96.30999999999999
2025-06-06 18:00:00,96.30499999999999
2025-06-06 19:00:00,96.29499999999999
2025-06-06 20:00:00,96.3
2025-06-06 20:00:01,96.3
2025-06-06 21:00:00,96.315
2025-06-06 23:00:00,96.315
2025-06-09 14:30:00,96.33
2025-06-09 15:00:00,96.32
2025-06-09 16:00:00,96.345
2025-06-09 17:00:00,96.35
2025-06-09 18:00:00,96.355
2025-06-09 19:00:00,96.34
2025-06-09 20:00:00,96.34
2025-06-09 21:00:00,96.35
2025-06-09 23:00:00,96.35
2025-06-10 14:30:00,96.38
2025-06-10 15:00:00,96.355
2025-06-10 16:00:00,96.36
2025-06-10 17:00:00,96.36
2025-06-10 18:00:00,96.365
2025-06-10 19:00:00,96.35
2025-06-10 20:00:00,96.35
2025-06-10 21:00:00,96.345
2025-06-10 23:00:00,96.345
2025-06-11 14:30:00,96.395
2025-06-11 15:00:00,96.39999999999999
2025-06-11 16:00:00,96.41
2025-06-11 17:00:00,96.405
2025-06-11 18:00:00,96.41499999999999
2025-06-11 19:00:00,96.42
2025-06-11 20:00:00,96.42
2025-06-11 21:00:00,96.41499999999999
2025-06-11 23:00:00,96.41499999999999
2025-06-12 14:30:00,96.465
2025-06-12 15:00:00,96.46
2025-06-12 16:00:00,96.475
2025-06-12 17:00:00,96.465
2025-06-12 18:00:00,96.465
2025-06-12 19:00:00,96.475
2025-06-12 20:00:00,96.47
2025-06-12 21:00:00,96.465
2025-06-12 23:00:00,96.465
2025-06-13 14:30:00,96.455
2025-06-13 15:00:00,96.425
2025-06-13 16:00:00,96.41
2025-06-13 17:00:00,96.395
2025-06-13 18:00:00,96.39999999999999
2025-06-13 19:00:00,96.42
2025-06-13 20:00:00,96.42999999999999
2025-06-13 21:00:00,96.455
2025-06-13 23:00:00,96.455
2025-06-16 14:30:00,96.44
2025-06-16 15:00:00,96.44
2025-06-16 16:00:00,96.445
2025-06-16 17:00:00,96.42999999999999
2025-06-16 18:00:00,96.41499999999999
2025-06-16 19:00:00,96.41
2025-06-16 20:00:00,96.41
2025-06-16 21:00:00,96.41499999999999
2025-06-16 23:00:00,96.41499999999999
2025-06-17 14:30:00,96.435
2025-06-17 15:00:00,96.42999999999999
2025-06-17 16:00:00,96.445
2025-06-17 17:00:00,96.455
2025-06-17 18:00:00,96.475
2025-06-17 19:00:00,96.47
2025-06-17 20:00:00,96.475
2025-06-17 21:00:00,96.47
2025-06-17 23:00:00,96.47
2025-06-18 14:30:00,96.51
2025-06-18 15:00:00,96.52
2025-06-18 16:00:00,96.535
2025-06-18 17:00:00,96.52499999999999
2025-06-18 18:00:00,96.505
2025-06-18 19:00:00,96.47
2025-06-18 20:00:00,96.485
2025-06-18 21:00:00,96.47
2025-06-18 23:00:00,96.47
2025-06-20 14:30:00,96.465
2025-06-20 15:00:00,96.47
2025-06-20 16:00:00,96.495
2025-06-20 17:00:00,96.52
2025-06-20 18:00:00,96.51
2025-06-20 19:00:00,96.505
2025-06-20 20:00:00,96.505
2025-06-20 21:00:00,96.495
2025-06-20 23:00:00,96.495
2025-06-23 14:30:00,96.55
2025-06-23 15:00:00,96.58
2025-06-23 16:00:00,96.6
2025-06-23 17:00:00,96.595
2025-06-23 18:00:00,96.59
2025-06-23 19:00:00,96.585
2025-06-23 20:00:00,96.575
2025-06-23 21:00:00,96.55499999999999
2025-06-23 23:00:00,96.55499999999999
2025-06-24 14:30:00,96.55
2025-06-24 15:00:00,96.605
2025-06-24 16:00:00,96.61
2025-06-24 17:00:00,96.625
2025-06-24 18:00:00,96.615
2025-06-24 19:00:00,96.62
2025-06-24 20:00:00,96.615
2025-06-24 21:00:00,96.61
2025-06-24 23:00:00,96.61
2025-06-25 14:30:00,96.58
2025-06-25 15:00:00,96.585
2025-06-25 16:00:00,96.6
2025-06-25 17:00:00,96.605
2025-06-25 18:00:00,96.605
2025-06-25 19:00:00,96.625
2025-06-25 20:00:00,96.63
2025-06-25 21:00:00,96.625
2025-06-25 23:00:00,96.625
2025-06-26 14:30:00,96.66499999999999
2025-06-26 15:00:00,96.655
2025-06-26 16:00:00,96.64999999999999
2025-06-26 17:00:00,96.66499999999999
2025-06-26 18:00:00,96.685
2025-06-26 19:00:00,96.685
2025-06-26 20:00:00,96.67999999999999
2025-06-26 21:00:00,96.69
2025-06-26 23:00:00,96.69
2025-06-27 14:30:00,96.64999999999999
2025-06-27 15:00:00,96.64
2025-06-27 16:00:00,96.66
2025-06-27 17:00:00,96.67999999999999
2025-06-27 18:00:00,96.66499999999999
2025-06-27 19:00:00,96.655
2025-06-27 20:00:00,96.64999999999999
2025-06-27 21:00:00,96.64999999999999
2025-06-27 23:00:00,96.64999999999999
2025-06-30 14:30:00,96.66
2025-06-30 15:00:00,96.645
2025-06-30 16:00:00,96.655
2025-06-30 17:00:00,96.675
2025-06-30 18:00:00,96.675
2025-06-30 19:00:00,96.685
2025-06-30 20:00:00,96.67999999999999
2025-06-30 21:00:00,96.67999999999999
2025-06-30 23:00:00,96.67999999999999
2025-07-01 14:30:00,96.66499999999999
2025-07-01 15:00:00,96.62
2025-07-01 16:00:00,96.605
2025-07-01 17:00:00,96.615
2025-07-01 18:00:00,96.625
2025-07-01 19:00:00,96.625
2025-07-01 20:00:00,96.63
2025-07-01 21:00:00,96.63
2025-07-01 23:00:00,96.63
2025-07-02 14:30:00,96.6
2025-07-02 15:00:00,96.605
2025-07-02 16:00:00,96.595
2025-07-02 17:00:00,96.585
2025-07-02 18:00:00,96.595
2025-07-02 19:00:00,96.595
2025-07-02 20:00:00,96.595
2025-07-02 21:00:00,96.6
2025-07-02 23:00:00,96.6
2025-07-03 14:30:00,96.55499999999999
2025-07-03 15:00:00,96.565
2025-07-03 16:00:00,96.565
2025-07-03 17:00:00,96.56
2025-07-03 23:00:00,96.56
2025-07-07 14:30:00,96.55
2025-07-07 15:00:00,96.535
2025-07-07 16:00:00,96.53
2025-07-07 17:00:00,96.545
2025-07-07 18:00:00,96.53999999999999
2025-07-07 19:00:00,96.53999999999999
2025-07-07 20:00:00,96.53999999999999
2025-07-07 21:00:00,96.545
2025-07-07 23:00:00,96.545
2025-07-08 14:30:00,96.515
2025-07-08 15:00:00,96.515
2025-07-08 16:00:00,96.515
2025-07-08 17:00:00,96.505
2025-07-08 18:00:00,96.51
2025-07-08 19:00:00,96.51
2025-07-08 20:00:00,96.515
2025-07-08 21:00:00,96.52499999999999
2025-07-08 23:00:00,96.52499999999999
2025-07-09 14:30:00,96.53
2025-07-09 15:00:00,96.53999999999999
2025-07-09 16:00:00,96.53999999999999
2025-07-09 17:00:00,96.545
2025-07-09 18:00:00,96.57
2025-07-09 19:00:00,96.58
2025-07-09 20:00:00,96.59
2025-07-09 21:00:00,96.59
2025-07-09 23:00:00,96.59
2025-07-10 14:30:00,96.55499999999999
2025-07-10 15:00:00,96.55
2025-07-10 16:00:00,96.55
2025-07-10 17:00:00,96.55
2025-07-10 18:00:00,96.56
2025-07-10 19:00:00,96.57
2025-07-10 20:00:00,96.565
2025-07-10 21:00:00,96.565
2025-07-10 23:00:00,96.565
2025-07-11 14:30:00,96.52499999999999
2025-07-11 15:00:00,96.53
2025-07-11 16:00:00,96.53
2025-07-11 17:00:00,96.52
2025-07-11 18:00:00,96.52
2025-07-11 19:00:00,96.515
2025-07-11 20:00:00,96.515
2025-07-11 21:00:00,96.53
2025-07-11 23:00:00,96.53
2025-07-14 14:30:00,96.53999999999999
2025-07-14 15:00:00,96.51
2025-07-14 16:00:00,96.505
2025-07-14 17:00:00,96.51
2025-07-14 18:00:00,96.515
2025-07-14 19:00:00,96.515
2025-07-14 20:00:00,96.515
2025-07-14 21:00:00,96.505
2025-07-14 23:00:00,96.505
2025-07-15 14:30:00,96.495
2025-07-15 15:00:00,96.465
2025-07-15 16:00:00,96.465
2025-07-15 17:00:00,96.455
2025-07-15 18:00:00,96.45
2025-07-15 19:00:00,96.45
2025-07-15 20:00:00,96.45
2025-07-15 21:00:00,96.46
2025-07-15 23:00:00,96.46
2025-07-16 14:30:00,96.49
2025-07-16 15:00:00,96.505
2025-07-16 16:00:00,96.495
2025-07-16 17:00:00,96.49
2025-07-16 18:00:00,96.53
2025-07-16 19:00:00,96.515
2025-07-16 20:00:00,96.515
2025-07-16 21:00:00,96.505
2025-07-16 23:00:00,96.505
2025-07-17 14:30:00,96.53
2025-07-17 15:00:00,96.52499999999999
2025-07-17 16:00:00,96.51
2025-07-17 17:00:00,96.505
2025-07-17 18:00:00,96.51
2025-07-17 19:00:00,96.495
2025-07-17 20:00:00,96.5
2025-07-17 21:00:00,96.52
2025-07-17 23:00:00,96.52
2025-07-18 14:30:00,96.55
2025-07-18 15:00:00,96.53999999999999
2025-07-18 16:00:00,96.55499999999999
2025-07-18 17:00:00,96.56
2025-07-18 18:00:00,96.56
2025-07-18 19:00:00,96.545
2025-07-18 20:00:00,96.55
2025-07-18 21:00:00,96.56
2025-07-18 23:00:00,96.56
2025-07-21 14:30:00,96.605
2025-07-21 15:00:00,96.61
2025-07-21 16:00:00,96.62
2025-07-21 17:00:00,96.62
2025-07-21 18:00:00,96.615
2025-07-21 19:00:00,96.61
2025-07-21 20:00:00,96.61
2025-07-21 21:00:00,96.6
2025-07-21 23:00:00,96.6
2025-07-22 14:30:00,96.63
2025-07-22 15:00:00,96.635
2025-07-22 16:00:00,96.645
2025-07-22 17:00:00,96.645
2025-07-22 18:00:00,96.645
2025-07-22 19:00:00,96.645
2025-07-22 20:00:00,96.64
2025-07-22 21:00:00,96.63
2025-07-22 23:00:00,96.63
2025-07-23 14:30:00,96.605
2025-07-23 15:00:00,96.61
2025-07-23 16:00:00,96.59
2025-07-23 17:00:00,96.585
2025-07-23 18:00:00,96.59
2025-07-23 19:00:00,96.58
2025-07-23 20:00:00,96.58
2025-07-23 21:00:00,96.585
2025-07-23 23:00:00,96.585
2025-07-24 14:30:00,96.545
2025-07-24 15:00:00,96.535
2025-07-24 16:00:00,96.53999999999999
2025-07-24 17:00:00,96.55
2025-07-24 18:00:00,96.55499999999999
2025-07-24 19:00:00,96.53999999999999
2025-07-24 20:00:00,96.535
2025-07-24 21:00:00,96.55499999999999
2025-07-24 23:00:00,96.55499999999999
2025-07-25 14:30:00,96.53999999999999
2025-07-25 15:00:00,96.55
2025-07-25 16:00:00,96.545
2025-07-25 17:00:00,96.56
2025-07-25 18:00:00,96.57
2025-07-25 19:00:00,96.56
2025-07-25 20:00:00,96.565
2025-07-25 21:00:00,96.55
2025-07-25 23:00:00,96.55
2025-07-28 14:30:00,96.535
2025-07-28 15:00:00,96.53999999999999
2025-07-28 16:00:00,96.535
2025-07-28 17:00:00,96.545
2025-07-28 18:00:00,96.53999999999999
2025-07-28 19:00:00,96.53999999999999
2025-07-28 20:00:00,96.53999999999999
2025-07-28 21:00:00,96.545
2025-07-28 23:00:00,96.545
2025-07-29 14:30:00,96.575
2025-07-29 15:00:00,96.585
2025-07-29 16:00:00,96.58
2025-07-29 17:00:00,96.6
2025-07-29 18:00:00,96.62
2025-07-29 19:00:00,96.62
2025-07-29 20:00:00,96.61
2025-07-29 21:00:00,96.62
2025-07-29 23:00:00,96.62
2025-07-30 14:30:00,96.57
2025-07-30 15:00:00,96.59
2025-07-30 16:00:00,96.575
2025-07-30 17:00:00,96.59
2025-07-30 18:00:00,96.595
2025-07-30 19:00:00,96.57
2025-07-30 20:00:00,96.57
2025-07-30 21:00:00,96.57
2025-07-30 23:00:00,96.57
2025-07-31 14:30:00,96.595
2025-07-31 15:00:00,96.605
2025-07-31 16:00:00,96.605
2025-07-31 17:00:00,96.605
2025-07-31 18:00:00,96.595
2025-07-31 19:00:00,96.575
2025-07-31 20:00:00,96.57
2025-07-31 21:00:00,96.56
2025-07-31 23:00:00,96.56
2025-08-01 14:30:00,96.69
2025-08-01 15:00:00,96.69
2025-08-01 16:00:00,96.7
2025-08-01 17:00:00,96.71
2025-08-01 18:00:00,96.715
2025-08-01 19:00:00,96.725
2025-08-01 20:00:00,96.725
2025-08-01 21:00:00,96.725
2025-08-01 23:00:00,96.725
2025-08-04 14:30:00,96.735
2025-08-04 15:00:00,96.72
2025-08-04 16:00:00,96.745
2025-08-04 17:00:00,96.75
2025-08-04 18:00:00,96.75
2025-08-04 19:00:00,96.755
2025-08-04 20:00:00,96.75
2025-08-04 21:00:00,96.76
2025-08-04 23:00:00,96.76
2025-08-05 14:30:00,96.72
2025-08-05 15:00:00,96.745
2025-08-05 16:00:00,96.735
2025-08-05 17:00:00,96.745
2025-08-05 18:00:00,96.735
2025-08-05 19:00:00,96.74
2025-08-05 20:00:00,96.73
2025-08-05 21:00:00,96.715
2025-08-05 23:00:00,96.715
2025-08-06 14:30:00,96.72
2025-08-06 15:00:00,96.72
2025-08-06 16:00:00,96.71
2025-08-06 17:00:00,96.71
2025-08-06 18:00:00,96.71
2025-08-06 19:00:00,96.73
2025-08-06 20:00:00,96.735
2025-08-06 21:00:00,96.715
2025-08-06 23:00:00,96.715
2025-08-07 14:30:00,96.73
2025-08-07 15:00:00,96.73
2025-08-07 16:00:00,96.725
2025-08-07 17:00:00,96.72
2025-08-07 18:00:00,96.705
2025-08-07 19:00:00,96.71
2025-08-07 20:00:00,96.705
2025-08-07 21:00:00,96.7
2025-08-07 23:00:00,96.7
2025-08-08 14:30:00,96.675
2025-08-08 15:00:00,96.66499999999999
2025-08-08 16:00:00,96.66499999999999
2025-08-08 17:00:00,96.66499999999999
2025-08-08 18:00:00,96.67
2025-08-08 19:00:00,96.66499999999999
2025-08-08 20:00:00,96.66
2025-08-08 21:00:00,96.66499999999999
2025-08-08 23:00:00,96.66499999999999
2025-08-11 14:30:00,96.66
2025-08-11 15:00:00,96.66499999999999
2025-08-11 16:00:00,96.67
2025-08-11 17:00:00,96.67999999999999
2025-08-11 18:00:00,96.67999999999999
2025-08-11 19:00:00,96.675
2025-08-11 20:00:00,96.66
2025-08-11 21:00:00,96.655
2025-08-11 23:00:00,96.655
2025-08-12 14:30:00,96.64
2025-08-12 15:00:00,96.66
2025-08-12 16:00:00,96.66499999999999
2025-08-12 17:00:00,96.66
2025-08-12 18:00:00,96.67
2025-08-12 19:00:00,96.67
2025-08-12 20:00:00,96.66499999999999
2025-08-12 21:00:00,96.67
2025-08-12 23:00:00,96.67
2025-08-13 14:30:00,96.725
2025-08-13 15:00:00,96.735
2025-08-13 16:00:00,96.73
2025-08-13 17:00:00,96.73
2025-08-13 18:00:00,96.72
2025-08-13 19:00:00,96.72
2025-08-13 20:00:00,96.72
2025-08-13 21:00:00,96.735
2025-08-13 23:00:00,96.735
2025-08-14 14:30:00,96.69
2025-08-14 15:00:00,96.695
2025-08-14 16:00:00,96.67
2025-08-14 17:00:00,96.675
2025-08-14 18:00:00,96.675
2025-08-14 19:00:00,96.675
2025-08-14 20:00:00,96.67999999999999
2025-08-14 21:00:00,96.685
2025-08-14 23:00:00,96.685
2025-08-15 14:30:00,96.69
2025-08-15 15:00:00,96.67999999999999
2025-08-15 16:00:00,96.66
2025-08-15 17:00:00,96.64999999999999
2025-08-15 18:00:00,96.64999999999999
2025-08-15 19:00:00,96.655
2025-08-15 20:00:00,96.655
2025-08-15 21:00:00,96.66499999999999
2025-08-15 23:00:00,96.66499999999999
2025-08-18 14:30:00,96.66499999999999
2025-08-18 15:00:00,96.655
2025-08-18 16:00:00,96.64999999999999
2025-08-18 17:00:00,96.66
2025-08-18 18:00:00,96.655
2025-08-18 19:00:00,96.64999999999999
2025-08-18 20:00:00,96.66
2025-08-18 21:00:00,96.66
2025-08-18 23:00:00,96.66
2025-08-19 14:30:00,96.69
2025-08-19 15:00:00,96.69
2025-08-19 16:00:00,96.685
2025-08-19 17:00:00,96.69
2025-08-19 18:00:00,96.695
2025-08-19 19:00:00,96.69
2025-08-19 20:00:00,96.69
2025-08-19 21:00:00,96.67999999999999
2025-08-19 23:00:00,96.67999999999999
2025-08-20 14:30:00,96.7
2025-08-20 15:00:00,96.72
2025-08-20 16:00:00,96.715
2025-08-20 17:00:00,96.72
2025-08-20 18:00:00,96.715
2025-08-20 19:00:00,96.705
2025-08-20 20:00:00,96.705
2025-08-20 21:00:00,96.7
2025-08-20 23:00:00,96.7
2025-08-21 14:30:00,96.675
2025-08-21 15:00:00,96.66499999999999
2025-08-21 16:00:00,96.655
2025-08-21 17:00:00,96.64999999999999
2025-08-21 18:00:00,96.66
2025-08-21 19:00:00,96.655
2025-08-21 20:00:00,96.66
2025-08-21 21:00:00,96.66
2025-08-21 23:00:00,96.66
2025-08-22 14:30:00,96.67999999999999
2025-08-22 15:00:00,96.745
2025-08-22 16:00:00,96.75
2025-08-22 17:00:00,96.76
2025-08-22 18:00:00,96.755
2025-08-22 19:00:00,96.76
2025-08-22 20:00:00,96.755
2025-08-22 21:00:00,96.755
2025-08-22 23:00:00,96.755
2025-08-25 14:30:00,96.725
2025-08-25 15:00:00,96.72
2025-08-25 16:00:00,96.72
2025-08-25 17:00:00,96.735
2025-08-25 18:00:00,96.74
2025-08-25 19:00:00,96.735
2025-08-25 20:00:00,96.73
2025-08-25 21:00:00,96.73
2025-08-25 23:00:00,96.73
2025-08-26 14:30:00,96.76
2025-08-26 15:00:00,96.76
2025-08-26 16:00:00,96.77
2025-08-26 17:00:00,96.78
2025-08-26 18:00:00,96.795
2025-08-26 19:00:00,96.78999999999999
2025-08-26 20:00:00,96.78999999999999
2025-08-26 21:00:00,96.78999999999999
2025-08-26 23:00:00,96.78999999999999
2025-08-27 14:30:00,96.78
2025-08-27 15:00:00,96.785
2025-08-27 16:00:00,96.78999999999999
2025-08-27 17:00:00,96.81
2025-08-27 18:00:00,96.83
2025-08-27 19:00:00,96.83
2025-08-27 20:00:00,96.835
2025-08-27 21:00:00,96.84
2025-08-27 23:00:00,96.84
2025-08-28 14:30:00,96.825
2025-08-28 15:00:00,96.83
2025-08-28 16:00:00,96.84
2025-08-28 17:00:00,96.845
2025-08-28 18:00:00,96.84
2025-08-28 19:00:00,96.84
2025-08-28 20:00:00,96.84
2025-08-28 21:00:00,96.845
2025-08-28 23:00:00,96.845
2025-08-29 14:30:00,96.815
2025-08-29 15:00:00,96.83
2025-08-29 16:00:00,96.835
2025-08-29 17:00:00,96.84
2025-08-29 18:00:00,96.845
2025-08-29 19:00:00,96.845
2025-08-29 20:00:00,96.84
2025-08-29 21:00:00,96.835
2025-08-29 23:00:00,96.835
2025-09-02 14:30:00,96.78999999999999
2025-09-02 15:00:00,96.80499999999999
2025-09-02 16:00:00,96.795
2025-09-02 17:00:00,96.8
2025-09-02 18:00:00,96.795
2025-09-02 19:00:00,96.795
2025-09-02 20:00:00,96.81
2025-09-02 21:00:00,96.815
2025-09-02 23:00:00,96.815
2025-09-03 14:30:00,96.81
2025-09-03 15:00:00,96.83
2025-09-03 16:00:00,96.845
2025-09-03 17:00:00,96.85
2025-09-03 18:00:00,96.845
2025-09-03 19:00:00,96.845
2025-09-03 20:00:00,96.835
2025-09-03 21:00:00,96.835
2025-09-03 23:00:00,96.835
2025-09-04 14:30:00,96.87
2025-09-04 15:00:00,96.855
2025-09-04 16:00:00,96.875
2025-09-04 17:00:00,96.885
2025-09-04 18:00:00,96.885
2025-09-04 19:00:00,96.88
2025-09-04 20:00:00,96.885
2025-09-04 21:00:00,96.885
2025-09-04 23:00:00,96.885
2025-09-05 14:30:00,96.955
2025-09-05 15:00:00,96.96
2025-09-05 16:00:00,96.965
2025-09-05 17:00:00,96.95
2025-09-05 18:00:00,96.935
2025-09-05 19:00:00,96.92
2025-09-05 20:00:00,96.91
2025-09-05 21:00:00,96.925
2025-09-05 23:00:00,96.925
2025-09-08 14:30:00,96.95
2025-09-08 15:00:00,96.94
2025-09-08 16:00:00,96.95
2025-09-08 17:00:00,96.94
2025-09-08 18:00:00,96.935
2025-09-08 19:00:00,96.94
2025-09-08 20:00:00,96.945
2025-09-08 21:00:00,96.955
2025-09-08 23:00:00,96.955
2025-09-09 14:30:00,96.945
2025-09-09 15:00:00,96.92
2025-09-09 16:00:00,96.91
2025-09-09 17:00:00,96.91
2025-09-09 18:00:00,96.925
2025-09-09 19:00:00,96.91499999999999
2025-09-09 20:00:00,96.91499999999999
2025-09-09 21:00:00,96.895
2025-09-09 23:00:00,96.895
2025-09-10 14:30:00,96.92999999999999
2025-09-10 15:00:00,96.925
2025-09-10 16:00:00,96.935
2025-09-10 17:00:00,96.925
2025-09-10 18:00:00,96.935
2025-09-10 19:00:00,96.92999999999999
2025-09-10 20:00:00,96.91499999999999
2025-09-10 21:00:00,96.91
2025-09-10 23:00:00,96.91
2025-09-11 14:30:00,96.945
2025-09-11 15:00:00,96.945
2025-09-11 16:00:00,96.935
2025-09-11 17:00:00,96.935
2025-09-11 18:00:00,96.91
2025-09-11 19:00:00,96.92
2025-09-11 20:00:00,96.91
2025-09-11 21:00:00,96.89999999999999
2025-09-11 23:00:00,96.89999999999999
2025-09-12 14:30:00,96.88
2025-09-12 15:00:00,96.875
2025-09-12 16:00:00,96.85
2025-09-12 17:00:00,96.87
2025-09-12 18:00:00,96.87
2025-09-12 19:00:00,96.875
2025-09-12 19:00:01,96.875
2025-09-12 20:00:00,96.87
2025-09-12 21:00:00,96.865
2025-09-12 23:00:00,96.865
2025-09-15 14:30:00,96.905
2025-09-15 15:00:00,96.9
2025-09-15 16:00:00,96.9
2025-09-15 17:00:00,96.9
2025-09-15 18:00:00,96.9
2025-09-15 19:00:00,96.905
2025-09-15 20:00:00,96.9
2025-09-15 21:00:00,96.9
2025-09-15 23:00:00,96.9
2025-09-16 14:30:00,96.925
2025-09-16 15:00:00,96.915
2025-09-16 16:00:00,96.91
2025-09-16 17:00:00,96.915
2025-09-16 18:00:00,96.915
2025-09-16 19:00:00,96.915
2025-09-16 20:00:00,96.905
2025-09-16 21:00:00,96.905
2025-09-16 23:00:00,96.905
2025-09-17 14:30:00,96.895
2025-09-17 15:00:00,96.875
2025-09-17 16:00:00,96.875
2025-09-17 17:00:00,96.86
2025-09-17 18:00:00,96.865
2025-09-17 19:00:00,96.83
2025-09-17 20:00:00,96.835
2025-09-17 21:00:00,96.82
2025-09-17 23:00:00,96.82
2025-09-18 14:30:00,96.785
2025-09-18 15:00:00,96.795
2025-09-18 16:00:00,96.8
2025-09-18 17:00:00,96.825
2025-09-18 18:00:00,96.82
2025-09-18 19:00:00,96.815
2025-09-18 20:00:00,96.8
2025-09-18 21:00:00,96.81
2025-09-18 23:00:00,96.81
2025-09-19 14:30:00,96.805
2025-09-19 15:00:00,96.795
2025-09-19 16:00:00,96.795
2025-09-19 17:00:00,96.795
2025-09-19 18:00:00,96.785
2025-09-19 19:00:00,96.79
2025-09-19 20:00:00,96.8
2025-09-19 21:00:00,96.805
2025-09-19 23:00:00,96.805
2025-09-22 14:30:00,96.805
2025-09-22 15:00:00,96.8
2025-09-22 16:00:00,96.79
2025-09-22 17:00:00,96.8
2025-09-22 18:00:00,96.79
2025-09-22 19:00:00,96.78
2025-09-22 20:00:00,96.775
2025-09-22 21:00:00,96.78
2025-09-22 23:00:00,96.78
2025-09-23 14:30:00,96.79
2025-09-23 15:00:00,96.78
2025-09-23 16:00:00,96.79
2025-09-23 17:00:00,96.79
2025-09-23 18:00:00,96.81
2025-09-23 19:00:00,96.805
