DATETIME,PRICE
2009-06-19 00:00:00,0.07484
2009-06-22 00:00:00,0.07505
2009-06-23 00:00:00,0.07489
2009-06-24 00:00:00,0.07524
2009-06-25 00:00:00,0.07562
2009-06-26 00:00:00,0.07568
2009-06-29 00:00:00,0.07584
2009-06-30 00:00:00,0.07581
2009-07-01 00:00:00,0.07624
2009-07-02 00:00:00,0.07553
2009-07-03 00:00:00,0.0752
2009-07-06 00:00:00,0.07555
2009-07-07 00:00:00,0.0746
2009-07-08 00:00:00,0.0739
2009-07-09 00:00:00,0.07378
2009-07-10 00:00:00,0.0731
2009-07-13 00:00:00,0.07291
2009-07-14 00:00:00,0.0727299999999999
2009-07-15 00:00:00,0.07381
2009-07-16 00:00:00,0.07381
2009-07-17 00:00:00,0.0749399999999999
2009-07-20 00:00:00,0.07521
2009-07-21 00:00:00,0.07506
2009-07-22 00:00:00,0.0756
2009-07-23 00:00:00,0.0754799999999999
2009-07-24 00:00:00,0.07572
2009-07-27 00:00:00,0.07541
2009-07-28 00:00:00,0.07578
2009-07-29 00:00:00,0.07545
2009-07-30 00:00:00,0.0753799999999999
2009-07-31 00:00:00,0.07574
2009-08-03 00:00:00,0.07627
2009-08-04 00:00:00,0.07617
2009-08-05 00:00:00,0.07665
2009-08-06 00:00:00,0.07676
2009-08-07 00:00:00,0.07724
2009-08-10 00:00:00,0.07737
2009-08-11 00:00:00,0.07677
2009-08-12 00:00:00,0.07716
2009-08-13 00:00:00,0.07773
2009-08-14 00:00:00,0.07781
2009-08-17 00:00:00,0.0769
2009-08-18 00:00:00,0.07736
2009-08-19 00:00:00,0.0776299999999999
2009-08-20 00:00:00,0.0776299999999999
2009-08-21 00:00:00,0.07795
2009-08-24 00:00:00,0.0773
2009-08-25 00:00:00,0.07696
2009-08-26 00:00:00,0.07599
2009-08-27 00:00:00,0.07557
2009-08-28 00:00:00,0.07549
2009-08-31 00:00:00,0.07486
2009-09-01 00:00:00,0.07312
2009-09-02 00:00:00,0.07327
2009-09-03 00:00:00,0.07386
2009-09-04 00:00:00,0.07477
2009-09-07 00:00:00,0.07487
2009-09-08 00:00:00,0.07487
2009-09-09 00:00:00,0.0743
2009-09-10 00:00:00,0.0748
2009-09-11 00:00:00,0.07495
2009-09-14 00:00:00,0.0748
2009-09-15 00:00:00,0.07526
2009-09-16 00:00:00,0.07581
2009-09-17 00:00:00,0.07531
2009-09-18 00:00:00,0.07531
2009-09-21 00:00:00,0.07474
2009-09-22 00:00:00,0.07497
2009-09-23 00:00:00,0.0748
2009-09-24 00:00:00,0.07402
2009-09-25 00:00:00,0.0736899999999999
2009-09-28 00:00:00,0.07382
2009-09-29 00:00:00,0.07392
2009-09-30 00:00:00,0.07402
2009-10-01 00:00:00,0.0727
2009-10-02 00:00:00,0.07337
2009-10-05 00:00:00,0.07347
2009-10-06 00:00:00,0.07425
2009-10-07 00:00:00,0.07483
2009-10-08 00:00:00,0.07546
2009-10-09 00:00:00,0.07513
2009-10-12 00:00:00,0.07549
2009-10-13 00:00:00,0.07622
2009-10-14 00:00:00,0.0764799999999999
2009-10-15 00:00:00,0.07646
2009-10-16 00:00:00,0.0763
2009-10-19 00:00:00,0.07726
2009-10-20 00:00:00,0.07666
2009-10-21 00:00:00,0.07732
2009-10-22 00:00:00,0.07762
2009-10-23 00:00:00,0.07642
2009-10-26 00:00:00,0.07525
2009-10-27 00:00:00,0.07564
2009-10-28 00:00:00,0.07514
2009-10-29 00:00:00,0.07654
2009-10-30 00:00:00,0.07574
2009-11-02 00:00:00,0.07567
2009-11-03 00:00:00,0.07542
2009-11-04 00:00:00,0.0751899999999999
2009-11-05 00:00:00,0.07524
2009-11-06 00:00:00,0.07456
2009-11-09 00:00:00,0.07532
2009-11-10 00:00:00,0.07569
2009-11-11 00:00:00,0.07602
2009-11-12 00:00:00,0.07577
2009-11-13 00:00:00,0.07675
2009-11-16 00:00:00,0.07694
2009-11-17 00:00:00,0.0767
2009-11-18 00:00:00,0.0768799999999999
2009-11-19 00:00:00,0.07657
2009-11-20 00:00:00,0.07651
2009-11-23 00:00:00,0.07712
2009-11-24 00:00:00,0.07755
2009-11-25 00:00:00,0.07796
2009-11-26 00:00:00,0.07695
2009-11-27 00:00:00,0.07729
2009-11-30 00:00:00,0.07733
2009-12-01 00:00:00,0.07781
2009-12-02 00:00:00,0.07861
2009-12-03 00:00:00,0.07914
2009-12-04 00:00:00,0.07899
2009-12-07 00:00:00,0.07881
2009-12-08 00:00:00,0.07737
2009-12-09 00:00:00,0.07751
2009-12-10 00:00:00,0.07727
2009-12-11 00:00:00,0.07761
2009-12-14 00:00:00,0.0785
2009-12-15 00:00:00,0.07879
2009-12-16 00:00:00,0.07864
2009-12-17 00:00:00,0.07774
2009-12-18 00:00:00,0.07789
2009-12-21 00:00:00,0.07735
2009-12-22 00:00:00,0.07761
2009-12-23 00:00:00,0.07742
2009-12-24 00:00:00,0.07754
2009-12-28 00:00:00,0.07669
2009-12-29 00:00:00,0.07691
2009-12-30 00:00:00,0.07645
2009-12-31 00:00:00,0.07637
2010-01-04 00:00:00,0.07764
2010-01-05 00:00:00,0.07807
2010-01-06 00:00:00,0.07851
2010-01-07 00:00:00,0.07818
2010-01-08 00:00:00,0.07872
2010-01-11 00:00:00,0.07849
2010-01-12 00:00:00,0.07803
2010-01-13 00:00:00,0.07869
2010-01-14 00:00:00,0.07892
2010-01-15 00:00:00,0.07879
2010-01-18 00:00:00,0.07901
2010-01-19 00:00:00,0.07911
2010-01-20 00:00:00,0.0783799999999999
2010-01-21 00:00:00,0.07715
2010-01-22 00:00:00,0.07702
2010-01-25 00:00:00,0.07773
2010-01-26 00:00:00,0.0777
2010-01-27 00:00:00,0.07711
2010-01-28 00:00:00,0.07652
2010-01-29 00:00:00,0.07637
2010-02-01 00:00:00,0.07764
2010-02-02 00:00:00,0.07772
2010-02-03 00:00:00,0.07719
2010-02-04 00:00:00,0.07595
2010-02-05 00:00:00,0.07604
2010-02-08 00:00:00,0.0757
2010-02-09 00:00:00,0.0768399999999999
2010-02-10 00:00:00,0.07617
2010-02-11 00:00:00,0.07726
2010-02-12 00:00:00,0.07729
2010-02-15 00:00:00,0.07731
2010-02-16 00:00:00,0.07787
2010-02-17 00:00:00,0.07762
2010-02-18 00:00:00,0.07768
2010-02-19 00:00:00,0.07812
2010-02-22 00:00:00,0.07807
2010-02-23 00:00:00,0.07736
2010-02-24 00:00:00,0.07807
2010-02-25 00:00:00,0.07811
2010-02-26 00:00:00,0.07828
2010-03-01 00:00:00,0.07852
2010-03-02 00:00:00,0.07854
2010-03-03 00:00:00,0.07875
2010-03-04 00:00:00,0.07869
2010-03-05 00:00:00,0.07916
2010-03-08 00:00:00,0.07885
2010-03-09 00:00:00,0.07923
2010-03-10 00:00:00,0.07939
2010-03-11 00:00:00,0.07958
2010-03-12 00:00:00,0.07975
2010-03-15 00:00:00,0.07973
2010-03-16 00:00:00,0.07981
2010-03-17 00:00:00,0.08027
2010-03-18 00:00:00,0.07984
2010-03-19 00:00:00,0.07946
2010-03-22 00:00:00,0.07976
2010-03-23 00:00:00,0.08012
2010-03-24 00:00:00,0.07943
2010-03-25 00:00:00,0.07959
2010-03-26 00:00:00,0.0799899999999999
2010-03-29 00:00:00,0.08045
2010-03-30 00:00:00,0.08082
2010-03-31 00:00:00,0.08087
2010-04-01 00:00:00,0.08114
2010-04-02 00:00:00,0.0812799999999999
2010-04-05 00:00:00,0.0816
2010-04-06 00:00:00,0.08184
2010-04-07 00:00:00,0.08136
2010-04-08 00:00:00,0.08184
2010-04-09 00:00:00,0.0820299999999999
2010-04-12 00:00:00,0.08227
2010-04-13 00:00:00,0.0821399999999999
2010-04-14 00:00:00,0.08197
2010-04-15 00:00:00,0.08221
2010-04-16 00:00:00,0.0814899999999999
2010-04-19 00:00:00,0.0817
2010-04-20 00:00:00,0.08183
2010-04-21 00:00:00,0.08213
2010-04-22 00:00:00,0.0819
2010-04-23 00:00:00,0.08211
2010-04-26 00:00:00,0.08229
2010-04-27 00:00:00,0.08076
2010-04-28 00:00:00,0.0810299999999999
2010-04-29 00:00:00,0.08192
2010-04-30 00:00:00,0.08122
2010-05-03 00:00:00,0.08157
2010-05-04 00:00:00,0.07973
2010-05-05 00:00:00,0.0785299999999999
2010-05-06 00:00:00,0.07695
2010-05-07 00:00:00,0.07794
2010-05-10 00:00:00,0.08026
2010-05-11 00:00:00,0.0799
2010-05-12 00:00:00,0.08086
2010-05-13 00:00:00,0.0804899999999999
2010-05-14 00:00:00,0.07943
2010-05-17 00:00:00,0.07936
2010-05-18 00:00:00,0.07848
2010-05-19 00:00:00,0.0779
2010-05-20 00:00:00,0.0760899999999999
2010-05-21 00:00:00,0.07719
2010-05-24 00:00:00,0.07674
2010-05-25 00:00:00,0.0766299999999999
2010-05-26 00:00:00,0.07628
2010-05-27 00:00:00,0.07806
2010-05-28 00:00:00,0.07724
2010-05-31 00:00:00,0.07733
2010-06-01 00:00:00,0.07706
2010-06-02 00:00:00,0.07826
2010-06-03 00:00:00,0.07828
2010-06-04 00:00:00,0.0770899999999999
2010-06-07 00:00:00,0.0771
2010-06-08 00:00:00,0.0776
2010-06-09 00:00:00,0.07774
2010-06-10 00:00:00,0.07883
2010-06-11 00:00:00,0.07895
2010-06-14 00:00:00,0.0788
2010-06-15 00:00:00,0.07952
2010-06-16 00:00:00,0.07942
2010-06-17 00:00:00,0.07946
2010-06-18 00:00:00,0.07969
2010-06-21 00:00:00,0.07975
2010-06-22 00:00:00,0.0793
2010-06-23 00:00:00,0.07906
2010-06-24 00:00:00,0.07852
2010-06-25 00:00:00,0.07901
2010-06-28 00:00:00,0.07854
2010-06-29 00:00:00,0.07761
2010-06-30 00:00:00,0.07731
2010-07-01 00:00:00,0.07685
2010-07-02 00:00:00,0.07642
2010-07-05 00:00:00,0.07654
2010-07-06 00:00:00,0.07708
2010-07-07 00:00:00,0.0778799999999999
2010-07-08 00:00:00,0.07833
2010-07-09 00:00:00,0.07833
2010-07-12 00:00:00,0.07791
2010-07-13 00:00:00,0.07892
2010-07-14 00:00:00,0.07867
2010-07-15 00:00:00,0.07831
2010-07-16 00:00:00,0.07742
2010-07-19 00:00:00,0.07752
2010-07-20 00:00:00,0.07827
2010-07-21 00:00:00,0.0777
2010-07-22 00:00:00,0.07828
2010-07-23 00:00:00,0.07851
2010-07-26 00:00:00,0.0789
2010-07-27 00:00:00,0.07881
2010-07-28 00:00:00,0.07862
2010-07-29 00:00:00,0.07859
2010-07-30 00:00:00,0.07902
2010-08-02 00:00:00,0.07951
2010-08-03 00:00:00,0.07947
2010-08-04 00:00:00,0.07982
2010-08-05 00:00:00,0.07959
2010-08-06 00:00:00,0.07877
2010-08-09 00:00:00,0.07922
2010-08-10 00:00:00,0.07933
2010-08-11 00:00:00,0.07841
2010-08-12 00:00:00,0.0785299999999999
2010-08-13 00:00:00,0.07858
2010-08-16 00:00:00,0.07898
2010-08-17 00:00:00,0.0793799999999999
2010-08-18 00:00:00,0.07915
2010-08-19 00:00:00,0.07868
2010-08-20 00:00:00,0.07836
2010-08-23 00:00:00,0.07746
2010-08-24 00:00:00,0.0771
2010-08-25 00:00:00,0.0769799999999999
2010-08-26 00:00:00,0.07653
2010-08-27 00:00:00,0.0767299999999999
2010-08-30 00:00:00,0.07606
2010-08-31 00:00:00,0.07578
2010-09-01 00:00:00,0.07652
2010-09-02 00:00:00,0.0767299999999999
2010-09-03 00:00:00,0.07728
2010-09-06 00:00:00,0.0773
2010-09-07 00:00:00,0.07657
2010-09-08 00:00:00,0.07666
2010-09-09 00:00:00,0.07686
2010-09-10 00:00:00,0.07737
2010-09-13 00:00:00,0.07775
2010-09-14 00:00:00,0.07789
2010-09-15 00:00:00,0.0781299999999999
2010-09-16 00:00:00,0.07817
2010-09-17 00:00:00,0.07819
2010-09-20 00:00:00,0.07828
2010-09-21 00:00:00,0.07862
2010-09-22 00:00:00,0.07915
2010-09-23 00:00:00,0.0790299999999999
2010-09-24 00:00:00,0.07967
2010-09-27 00:00:00,0.0798
2010-09-28 00:00:00,0.08001
2010-09-29 00:00:00,0.07973
2010-09-30 00:00:00,0.07941
2010-10-01 00:00:00,0.07979
2010-10-04 00:00:00,0.07944
2010-10-05 00:00:00,0.08015
2010-10-06 00:00:00,0.08012
2010-10-07 00:00:00,0.0797
2010-10-08 00:00:00,0.08056
2010-10-11 00:00:00,0.08032
2010-10-12 00:00:00,0.0806
2010-10-13 00:00:00,0.0807799999999999
2010-10-14 00:00:00,0.08056
2010-10-15 00:00:00,0.08042
2010-10-18 00:00:00,0.08061
2010-10-19 00:00:00,0.07983
2010-10-20 00:00:00,0.08066
2010-10-21 00:00:00,0.08069
2010-10-22 00:00:00,0.0809899999999999
2010-10-25 00:00:00,0.08092
2010-10-26 00:00:00,0.08052
2010-10-27 00:00:00,0.08031
2010-10-28 00:00:00,0.08089
2010-10-29 00:00:00,0.08097
2010-11-01 00:00:00,0.08106
2010-11-02 00:00:00,0.0813
2010-11-03 00:00:00,0.08163
2010-11-04 00:00:00,0.08174
2010-11-05 00:00:00,0.08194
2010-11-08 00:00:00,0.08177
2010-11-09 00:00:00,0.0812799999999999
2010-11-10 00:00:00,0.08185
2010-11-11 00:00:00,0.08155
2010-11-12 00:00:00,0.0809899999999999
2010-11-15 00:00:00,0.08137
2010-11-16 00:00:00,0.08052
2010-11-17 00:00:00,0.08075
2010-11-18 00:00:00,0.08148
2010-11-19 00:00:00,0.0815299999999999
2010-11-22 00:00:00,0.08129
2010-11-23 00:00:00,0.08014
2010-11-24 00:00:00,0.08082
2010-11-25 00:00:00,0.0807799999999999
2010-11-26 00:00:00,0.08006
2010-11-29 00:00:00,0.08005
2010-11-30 00:00:00,0.0801
2010-12-01 00:00:00,0.08061
2010-12-02 00:00:00,0.08115
2010-12-03 00:00:00,0.08107
2010-12-06 00:00:00,0.08084
2010-12-07 00:00:00,0.08007
2010-12-08 00:00:00,0.08056
2010-12-09 00:00:00,0.0801299999999999
2010-12-10 00:00:00,0.08022
2010-12-13 00:00:00,0.08062
2010-12-14 00:00:00,0.0807
2010-12-15 00:00:00,0.08023
2010-12-16 00:00:00,0.08051
2010-12-17 00:00:00,0.0805299999999999
2010-12-20 00:00:00,0.08056
2010-12-21 00:00:00,0.08088
2010-12-22 00:00:00,0.08121
2010-12-23 00:00:00,0.08093
2010-12-24 00:00:00,0.08082
2010-12-27 00:00:00,0.08082
2010-12-28 00:00:00,0.08065
2010-12-29 00:00:00,0.08082
2010-12-30 00:00:00,0.08069
2010-12-31 00:00:00,0.08089
2011-01-03 00:00:00,0.08164
2011-01-04 00:00:00,0.08172
2011-01-05 00:00:00,0.08199
2011-01-06 00:00:00,0.08172
2011-01-07 00:00:00,0.08169
2011-01-10 00:00:00,0.0817799999999999
2011-01-11 00:00:00,0.08231
2011-01-12 00:00:00,0.08276
2011-01-13 00:00:00,0.0824
2011-01-14 00:00:00,0.08308
2011-01-17 00:00:00,0.08342
2011-01-18 00:00:00,0.08313
2011-01-19 00:00:00,0.08271
2011-01-20 00:00:00,0.0828899999999999
2011-01-21 00:00:00,0.08285
2011-01-24 00:00:00,0.083
2011-01-25 00:00:00,0.0826399999999999
2011-01-26 00:00:00,0.0832799999999999
2011-01-27 00:00:00,0.08307
2011-01-28 00:00:00,0.08199
2011-01-31 00:00:00,0.08247
2011-02-01 00:00:00,0.08332
2011-02-02 00:00:00,0.08315
2011-02-03 00:00:00,0.08326
2011-02-04 00:00:00,0.0834299999999999
2011-02-07 00:00:00,0.08325
2011-02-08 00:00:00,0.08301
2011-02-09 00:00:00,0.08279
2011-02-10 00:00:00,0.08274
2011-02-11 00:00:00,0.08309
2011-02-14 00:00:00,0.08297
2011-02-15 00:00:00,0.08226
2011-02-16 00:00:00,0.08283
2011-02-17 00:00:00,0.0832
2011-02-18 00:00:00,0.08315
2011-02-21 00:00:00,0.08281
2011-02-22 00:00:00,0.0823899999999999
2011-02-23 00:00:00,0.08207
2011-02-24 00:00:00,0.0823
2011-02-25 00:00:00,0.08248
2011-02-28 00:00:00,0.08257
2011-03-01 00:00:00,0.08245
2011-03-02 00:00:00,0.0826799999999999
2011-03-03 00:00:00,0.08331
2011-03-04 00:00:00,0.08331
2011-03-07 00:00:00,0.08298
2011-03-08 00:00:00,0.08329
2011-03-09 00:00:00,0.08381
2011-03-10 00:00:00,0.08342
2011-03-11 00:00:00,0.08392
2011-03-14 00:00:00,0.08406
2011-03-15 00:00:00,0.08338
2011-03-16 00:00:00,0.08232
2011-03-17 00:00:00,0.08259
2011-03-18 00:00:00,0.0829299999999999
2011-03-21 00:00:00,0.08345
2011-03-22 00:00:00,0.0834
2011-03-23 00:00:00,0.08321
2011-03-24 00:00:00,0.0836799999999999
2011-03-25 00:00:00,0.08337
2011-03-28 00:00:00,0.08355
2011-03-29 00:00:00,0.08358
2011-03-30 00:00:00,0.08387
2011-03-31 00:00:00,0.08404
2011-04-01 00:00:00,0.08445
2011-04-04 00:00:00,0.08431
2011-04-05 00:00:00,0.08457
2011-04-06 00:00:00,0.08473
2011-04-07 00:00:00,0.08484
2011-04-08 00:00:00,0.08519
2011-04-11 00:00:00,0.08511
2011-04-12 00:00:00,0.08451
2011-04-13 00:00:00,0.08491
2011-04-14 00:00:00,0.08531
2011-04-15 00:00:00,0.08563
2011-04-18 00:00:00,0.08509
2011-04-19 00:00:00,0.0856
2011-04-20 00:00:00,0.08617
2011-04-21 00:00:00,0.08609
2011-04-25 00:00:00,0.08613
2011-04-26 00:00:00,0.08637
2011-04-27 00:00:00,0.0867
2011-04-28 00:00:00,0.0865
2011-04-29 00:00:00,0.08692
2011-05-02 00:00:00,0.08676
2011-05-03 00:00:00,0.08642
2011-05-04 00:00:00,0.0859
2011-05-05 00:00:00,0.08524
2011-05-06 00:00:00,0.08586
2011-05-09 00:00:00,0.0860399999999999
2011-05-10 00:00:00,0.08651
2011-05-11 00:00:00,0.08578
2011-05-12 00:00:00,0.08594
2011-05-13 00:00:00,0.08519
2011-05-16 00:00:00,0.085
2011-05-17 00:00:00,0.08525
2011-05-18 00:00:00,0.08534
2011-05-19 00:00:00,0.08596
2011-05-20 00:00:00,0.0858299999999999
2011-05-23 00:00:00,0.08512
2011-05-24 00:00:00,0.08553
2011-05-25 00:00:00,0.0856
2011-05-26 00:00:00,0.08562
2011-05-27 00:00:00,0.08609
2011-05-30 00:00:00,0.08609
2011-05-31 00:00:00,0.08644
2011-06-01 00:00:00,0.08545
2011-06-02 00:00:00,0.08589
2011-06-03 00:00:00,0.08574
2011-06-06 00:00:00,0.0851
2011-06-07 00:00:00,0.08497
2011-06-08 00:00:00,0.08447
2011-06-09 00:00:00,0.08489
2011-06-10 00:00:00,0.08399
2011-06-13 00:00:00,0.08428
2011-06-14 00:00:00,0.08478
2011-06-15 00:00:00,0.0839
2011-06-16 00:00:00,0.08359
2011-06-17 00:00:00,0.0839299999999999
2011-06-20 00:00:00,0.08421
2011-06-21 00:00:00,0.0848299999999999
2011-06-22 00:00:00,0.08474
2011-06-23 00:00:00,0.08425
2011-06-24 00:00:00,0.08422
2011-06-27 00:00:00,0.08401
2011-06-28 00:00:00,0.0846
2011-06-29 00:00:00,0.08502
2011-06-30 00:00:00,0.0853299999999999
2011-07-01 00:00:00,0.0860399999999999
2011-07-04 00:00:00,0.08627
2011-07-05 00:00:00,0.08592
2011-07-06 00:00:00,0.08594
2011-07-07 00:00:00,0.08657
2011-07-08 00:00:00,0.08601
2011-07-11 00:00:00,0.085
2011-07-12 00:00:00,0.08476
2011-07-13 00:00:00,0.0855399999999999
2011-07-14 00:00:00,0.08524
2011-07-15 00:00:00,0.08515
2011-07-18 00:00:00,0.08525
2011-07-19 00:00:00,0.0857
2011-07-20 00:00:00,0.0857899999999999
2011-07-21 00:00:00,0.0861799999999999
2011-07-22 00:00:00,0.08591
2011-07-25 00:00:00,0.08587
2011-07-26 00:00:00,0.08601
2011-07-27 00:00:00,0.08575
2011-07-28 00:00:00,0.0853
2011-07-29 00:00:00,0.08521
2011-08-01 00:00:00,0.08525
2011-08-02 00:00:00,0.08442
2011-08-03 00:00:00,0.08453
2011-08-04 00:00:00,0.0830299999999999
2011-08-05 00:00:00,0.08333
2011-08-08 00:00:00,0.08115
2011-08-09 00:00:00,0.0828
2011-08-10 00:00:00,0.0799899999999999
2011-08-11 00:00:00,0.08126
2011-08-12 00:00:00,0.08123
2011-08-15 00:00:00,0.08176
2011-08-16 00:00:00,0.08162
2011-08-17 00:00:00,0.08213
2011-08-18 00:00:00,0.08144
2011-08-19 00:00:00,0.08127
2011-08-22 00:00:00,0.08092
2011-08-23 00:00:00,0.08112
2011-08-24 00:00:00,0.08014
2011-08-25 00:00:00,0.07997
2011-08-26 00:00:00,0.08008
2011-08-29 00:00:00,0.08026
2011-08-30 00:00:00,0.07981
2011-08-31 00:00:00,0.0810299999999999
2011-09-01 00:00:00,0.0812399999999999
2011-09-02 00:00:00,0.08018
2011-09-05 00:00:00,0.0797799999999999
2011-09-06 00:00:00,0.07986
2011-09-07 00:00:00,0.08023
2011-09-08 00:00:00,0.07992
2011-09-09 00:00:00,0.07881
2011-09-12 00:00:00,0.07767
2011-09-13 00:00:00,0.07765
2011-09-14 00:00:00,0.07728
2011-09-15 00:00:00,0.07725
2011-09-16 00:00:00,0.07665
2011-09-19 00:00:00,0.07617
2011-09-20 00:00:00,0.07566
2011-09-21 00:00:00,0.0733
2011-09-22 00:00:00,0.07112
2011-09-23 00:00:00,0.07375
2011-09-26 00:00:00,0.07378
2011-09-27 00:00:00,0.07479
2011-09-28 00:00:00,0.07367
2011-09-29 00:00:00,0.0729399999999999
2011-09-30 00:00:00,0.07191
2011-10-03 00:00:00,0.07134
2011-10-04 00:00:00,0.07253
2011-10-05 00:00:00,0.07368
2011-10-06 00:00:00,0.07442
2011-10-07 00:00:00,0.07418
2011-10-10 00:00:00,0.07549
2011-10-11 00:00:00,0.07474
2011-10-12 00:00:00,0.07529
2011-10-13 00:00:00,0.07449
2011-10-14 00:00:00,0.0754
2011-10-17 00:00:00,0.07417
2011-10-18 00:00:00,0.07475
2011-10-19 00:00:00,0.07425
2011-10-20 00:00:00,0.073
2011-10-21 00:00:00,0.0730799999999999
2011-10-24 00:00:00,0.07474
2011-10-25 00:00:00,0.07392
2011-10-26 00:00:00,0.07456
2011-10-27 00:00:00,0.07616
2011-10-28 00:00:00,0.0768399999999999
2011-10-31 00:00:00,0.07488
2011-11-01 00:00:00,0.07342
2011-11-02 00:00:00,0.07384
2011-11-03 00:00:00,0.0749399999999999
2011-11-04 00:00:00,0.07408
2011-11-07 00:00:00,0.07445
2011-11-08 00:00:00,0.07492
2011-11-09 00:00:00,0.07311
2011-11-10 00:00:00,0.07378
2011-11-11 00:00:00,0.07387
2011-11-14 00:00:00,0.07395
2011-11-15 00:00:00,0.07349
2011-11-16 00:00:00,0.0733
2011-11-17 00:00:00,0.07286
2011-11-18 00:00:00,0.07279
2011-11-21 00:00:00,0.07135
2011-11-22 00:00:00,0.0715399999999999
2011-11-23 00:00:00,0.07045
2011-11-24 00:00:00,0.07069
2011-11-25 00:00:00,0.0702899999999999
2011-11-28 00:00:00,0.07123
2011-11-29 00:00:00,0.07237
2011-11-30 00:00:00,0.07328
2011-12-01 00:00:00,0.07349
2011-12-02 00:00:00,0.07335
2011-12-05 00:00:00,0.07386
2011-12-06 00:00:00,0.0741899999999999
2011-12-07 00:00:00,0.07397
2011-12-08 00:00:00,0.07293
2011-12-09 00:00:00,0.07363
2011-12-12 00:00:00,0.07229
2011-12-13 00:00:00,0.07205
2011-12-14 00:00:00,0.0719
2011-12-15 00:00:00,0.07192
2011-12-16 00:00:00,0.07206
2011-12-19 00:00:00,0.07194
2011-12-20 00:00:00,0.0725
2011-12-21 00:00:00,0.07224
2011-12-22 00:00:00,0.07232
2011-12-23 00:00:00,0.07216
2011-12-26 00:00:00,0.07212
2011-12-27 00:00:00,0.07137
2011-12-28 00:00:00,0.07147
2011-12-29 00:00:00,0.07137
2011-12-30 00:00:00,0.0716
2012-01-03 00:00:00,0.07321
2012-01-04 00:00:00,0.07307
2012-01-05 00:00:00,0.07269
2012-01-06 00:00:00,0.0728299999999999
2012-01-09 00:00:00,0.073
2012-01-10 00:00:00,0.07329
2012-01-11 00:00:00,0.07341
2012-01-12 00:00:00,0.07384
2012-01-13 00:00:00,0.0734799999999999
2012-01-16 00:00:00,0.07376
2012-01-17 00:00:00,0.07436
2012-01-18 00:00:00,0.07516
2012-01-19 00:00:00,0.07552
2012-01-20 00:00:00,0.07583
2012-01-23 00:00:00,0.07594
2012-01-24 00:00:00,0.07619
2012-01-25 00:00:00,0.07682
2012-01-26 00:00:00,0.0769
2012-01-27 00:00:00,0.0773399999999999
2012-01-30 00:00:00,0.07699
2012-01-31 00:00:00,0.07669
2012-02-01 00:00:00,0.0775
2012-02-02 00:00:00,0.07802
2012-02-03 00:00:00,0.07892
2012-02-06 00:00:00,0.07889
2012-02-07 00:00:00,0.07887
2012-02-08 00:00:00,0.07864
2012-02-09 00:00:00,0.07885
2012-02-10 00:00:00,0.07799
2012-02-13 00:00:00,0.07873
2012-02-14 00:00:00,0.07831
2012-02-15 00:00:00,0.07767
2012-02-16 00:00:00,0.078
2012-02-17 00:00:00,0.07832
2012-02-20 00:00:00,0.07866
2012-02-21 00:00:00,0.07819
2012-02-22 00:00:00,0.07786
2012-02-23 00:00:00,0.07792
2012-02-24 00:00:00,0.07751
2012-02-27 00:00:00,0.07756
2012-02-28 00:00:00,0.07778
2012-02-29 00:00:00,0.0778
2012-03-01 00:00:00,0.07851
2012-03-02 00:00:00,0.07837
2012-03-05 00:00:00,0.07792
2012-03-06 00:00:00,0.07691
2012-03-07 00:00:00,0.07765
2012-03-08 00:00:00,0.07881
2012-03-09 00:00:00,0.079
2012-03-12 00:00:00,0.0789
2012-03-13 00:00:00,0.07955
2012-03-14 00:00:00,0.07865
2012-03-15 00:00:00,0.079
2012-03-16 00:00:00,0.07887
2012-03-19 00:00:00,0.07907
2012-03-20 00:00:00,0.07895
2012-03-21 00:00:00,0.07866
2012-03-22 00:00:00,0.07807
2012-03-23 00:00:00,0.07831
2012-03-26 00:00:00,0.07897
2012-03-27 00:00:00,0.07874
2012-03-28 00:00:00,0.07835
2012-03-29 00:00:00,0.07808
2012-03-30 00:00:00,0.07808
2012-04-02 00:00:00,0.07852
2012-04-03 00:00:00,0.07828
2012-04-04 00:00:00,0.07816
2012-04-05 00:00:00,0.07769
2012-04-09 00:00:00,0.0771299999999999
2012-04-10 00:00:00,0.07596
2012-04-11 00:00:00,0.07594
2012-04-12 00:00:00,0.07667
2012-04-13 00:00:00,0.07586
2012-04-16 00:00:00,0.07571
2012-04-17 00:00:00,0.07632
2012-04-18 00:00:00,0.07589
2012-04-19 00:00:00,0.07568
2012-04-20 00:00:00,0.07629
2012-04-23 00:00:00,0.0758799999999999
2012-04-24 00:00:00,0.07592
2012-04-25 00:00:00,0.076
2012-04-26 00:00:00,0.07589
2012-04-27 00:00:00,0.07705
2012-04-30 00:00:00,0.07678
2012-05-01 00:00:00,0.07741
2012-05-02 00:00:00,0.07726
2012-05-03 00:00:00,0.07689
2012-05-04 00:00:00,0.07583
2012-05-07 00:00:00,0.07601
2012-05-08 00:00:00,0.07483
2012-05-09 00:00:00,0.07412
2012-05-10 00:00:00,0.07413
2012-05-11 00:00:00,0.07368
2012-05-14 00:00:00,0.07287
2012-05-15 00:00:00,0.0723
2012-05-16 00:00:00,0.07264
2012-05-17 00:00:00,0.07225
2012-05-18 00:00:00,0.0723299999999999
2012-05-21 00:00:00,0.07295
2012-05-22 00:00:00,0.07201
2012-05-23 00:00:00,0.07148
2012-05-24 00:00:00,0.07131
2012-05-25 00:00:00,0.07125
2012-05-28 00:00:00,0.07168
2012-05-29 00:00:00,0.0720399999999999
2012-05-30 00:00:00,0.07071
2012-05-31 00:00:00,0.06963
2012-06-01 00:00:00,0.06989
2012-06-04 00:00:00,0.0703
2012-06-05 00:00:00,0.07028
2012-06-06 00:00:00,0.07123
2012-06-07 00:00:00,0.07109
2012-06-08 00:00:00,0.07174
2012-06-11 00:00:00,0.07098
2012-06-12 00:00:00,0.0715
2012-06-13 00:00:00,0.0713
2012-06-14 00:00:00,0.07189
2012-06-15 00:00:00,0.0717899999999999
2012-06-18 00:00:00,0.07224
2012-06-19 00:00:00,0.073
2012-06-20 00:00:00,0.07282
2012-06-21 00:00:00,0.07187
2012-06-22 00:00:00,0.07217
2012-06-25 00:00:00,0.07178
2012-06-26 00:00:00,0.07272
2012-06-27 00:00:00,0.07365
2012-06-28 00:00:00,0.07342
2012-06-29 00:00:00,0.07478
2012-07-02 00:00:00,0.0749799999999999
2012-07-03 00:00:00,0.07499
2012-07-04 00:00:00,0.0749399999999999
2012-07-05 00:00:00,0.07458
2012-07-06 00:00:00,0.07459
2012-07-09 00:00:00,0.07474
2012-07-10 00:00:00,0.07478
2012-07-11 00:00:00,0.07506
2012-07-12 00:00:00,0.07431
2012-07-13 00:00:00,0.07517
2012-07-16 00:00:00,0.07564
2012-07-17 00:00:00,0.07594
2012-07-18 00:00:00,0.0759799999999999
2012-07-19 00:00:00,0.07564
2012-07-20 00:00:00,0.07485
2012-07-23 00:00:00,0.07371
2012-07-24 00:00:00,0.0729799999999999
2012-07-25 00:00:00,0.07349
2012-07-26 00:00:00,0.07453
2012-07-27 00:00:00,0.07546
2012-07-30 00:00:00,0.07527
2012-07-31 00:00:00,0.07506
2012-08-01 00:00:00,0.07474
2012-08-02 00:00:00,0.07479
2012-08-03 00:00:00,0.07608
2012-08-06 00:00:00,0.07577
2012-08-07 00:00:00,0.07561
2012-08-08 00:00:00,0.07603
2012-08-09 00:00:00,0.0763399999999999
2012-08-10 00:00:00,0.07635
2012-08-13 00:00:00,0.07603
2012-08-14 00:00:00,0.0759
2012-08-15 00:00:00,0.07607
2012-08-16 00:00:00,0.07589
2012-08-17 00:00:00,0.07614
2012-08-20 00:00:00,0.07624
2012-08-21 00:00:00,0.076
2012-08-22 00:00:00,0.07639
2012-08-23 00:00:00,0.076
2012-08-24 00:00:00,0.07579
2012-08-27 00:00:00,0.07579
2012-08-28 00:00:00,0.07582
2012-08-29 00:00:00,0.07517
2012-08-30 00:00:00,0.07488
2012-08-31 00:00:00,0.07575
2012-09-03 00:00:00,0.07574
2012-09-04 00:00:00,0.07592
2012-09-05 00:00:00,0.07619
2012-09-06 00:00:00,0.07655
2012-09-07 00:00:00,0.07699
2012-09-10 00:00:00,0.0764799999999999
2012-09-11 00:00:00,0.07693
2012-09-12 00:00:00,0.07676
2012-09-13 00:00:00,0.07794
2012-09-14 00:00:00,0.07856
2012-09-17 00:00:00,0.07823
2012-09-18 00:00:00,0.07807
2012-09-19 00:00:00,0.07779
2012-09-20 00:00:00,0.07767
2012-09-21 00:00:00,0.07767
2012-09-24 00:00:00,0.0773799999999999
2012-09-25 00:00:00,0.07775
2012-09-26 00:00:00,0.07765
2012-09-27 00:00:00,0.07796
2012-09-28 00:00:00,0.07769
2012-10-01 00:00:00,0.0779
2012-10-02 00:00:00,0.07771
2012-10-03 00:00:00,0.07794
2012-10-04 00:00:00,0.07839
2012-10-05 00:00:00,0.0780899999999999
2012-10-08 00:00:00,0.07804
2012-10-09 00:00:00,0.07761
2012-10-10 00:00:00,0.07719
2012-10-11 00:00:00,0.07741
2012-10-12 00:00:00,0.07768
2012-10-15 00:00:00,0.07804
2012-10-16 00:00:00,0.0778399999999999
2012-10-17 00:00:00,0.07819
2012-10-18 00:00:00,0.0778399999999999
2012-10-19 00:00:00,0.07762
2012-10-22 00:00:00,0.07769
2012-10-23 00:00:00,0.07706
2012-10-24 00:00:00,0.07699
2012-10-25 00:00:00,0.0768399999999999
2012-10-26 00:00:00,0.07686
2012-10-29 00:00:00,0.07646
2012-10-30 00:00:00,0.07645
2012-10-31 00:00:00,0.0763799999999999
2012-11-01 00:00:00,0.07679
2012-11-02 00:00:00,0.07668
2012-11-05 00:00:00,0.07665
2012-11-06 00:00:00,0.07716
2012-11-07 00:00:00,0.07654
2012-11-08 00:00:00,0.07592
2012-11-09 00:00:00,0.07579
2012-11-12 00:00:00,0.0756299999999999
2012-11-13 00:00:00,0.07554
2012-11-14 00:00:00,0.07534
2012-11-15 00:00:00,0.07564
2012-11-16 00:00:00,0.07607
2012-11-19 00:00:00,0.07652
2012-11-20 00:00:00,0.07682
2012-11-21 00:00:00,0.07661
2012-11-22 00:00:00,0.07674
2012-11-23 00:00:00,0.07714
2012-11-26 00:00:00,0.07683
2012-11-27 00:00:00,0.07671
2012-11-28 00:00:00,0.07699
2012-11-29 00:00:00,0.07721
2012-11-30 00:00:00,0.07715
2012-12-03 00:00:00,0.07699
2012-12-04 00:00:00,0.07725
2012-12-05 00:00:00,0.0773799999999999
2012-12-06 00:00:00,0.07766
2012-12-07 00:00:00,0.0778
2012-12-10 00:00:00,0.07807
2012-12-11 00:00:00,0.07843
2012-12-12 00:00:00,0.07846
2012-12-13 00:00:00,0.07804
2012-12-14 00:00:00,0.0784
2012-12-17 00:00:00,0.07852
2012-12-18 00:00:00,0.07861
2012-12-19 00:00:00,0.07836
2012-12-20 00:00:00,0.07839
2012-12-21 00:00:00,0.07731
2012-12-24 00:00:00,0.0768399999999999
2012-12-25 00:00:00,0.07691
2012-12-26 00:00:00,0.07679
2012-12-27 00:00:00,0.07696
2012-12-28 00:00:00,0.0767299999999999
2012-12-31 00:00:00,0.07776
2013-01-01 00:00:00,0.07766
2013-01-02 00:00:00,0.0783799999999999
2013-01-03 00:00:00,0.07811
2013-01-04 00:00:00,0.07842
2013-01-07 00:00:00,0.07832
2013-01-08 00:00:00,0.0781299999999999
2013-01-09 00:00:00,0.07854
2013-01-10 00:00:00,0.07917
2013-01-11 00:00:00,0.07902
2013-01-14 00:00:00,0.0793799999999999
2013-01-15 00:00:00,0.0792399999999999
2013-01-16 00:00:00,0.0792
2013-01-17 00:00:00,0.07947
2013-01-18 00:00:00,0.07891
2013-01-21 00:00:00,0.07876
2013-01-22 00:00:00,0.07914
2013-01-23 00:00:00,0.0787799999999999
2013-01-24 00:00:00,0.0791
2013-01-25 00:00:00,0.07871
2013-01-28 00:00:00,0.07827
2013-01-29 00:00:00,0.07858
2013-01-30 00:00:00,0.0785299999999999
2013-01-31 00:00:00,0.07868
2013-02-01 00:00:00,0.07927
2013-02-04 00:00:00,0.07866
2013-02-05 00:00:00,0.0791299999999999
2013-02-06 00:00:00,0.0788
2013-02-07 00:00:00,0.07851
2013-02-08 00:00:00,0.07852
2013-02-11 00:00:00,0.07849
2013-02-12 00:00:00,0.07872
2013-02-13 00:00:00,0.0787799999999999
2013-02-14 00:00:00,0.07877
2013-02-15 00:00:00,0.07879
2013-02-18 00:00:00,0.07877
2013-02-19 00:00:00,0.0791
2013-02-20 00:00:00,0.07857
2013-02-21 00:00:00,0.07845
2013-02-22 00:00:00,0.0787
2013-02-25 00:00:00,0.07811
2013-02-26 00:00:00,0.07779
2013-02-27 00:00:00,0.07831
2013-02-28 00:00:00,0.07826
2013-03-01 00:00:00,0.07833
2013-03-04 00:00:00,0.0784
2013-03-05 00:00:00,0.07869
2013-03-06 00:00:00,0.07825
2013-03-07 00:00:00,0.0783399999999999
2013-03-08 00:00:00,0.07915
2013-03-11 00:00:00,0.079746
2013-03-12 00:00:00,0.080367
2013-03-13 00:00:00,0.0804059999999999
2013-03-14 00:00:00,0.08044
2013-03-15 00:00:00,0.080383
2013-03-18 00:00:00,0.080506
2013-03-19 00:00:00,0.080373
2013-03-20 00:00:00,0.080861
2013-03-21 00:00:00,0.080471
2013-03-22 00:00:00,0.080897
2013-03-25 00:00:00,0.080929
2013-03-26 00:00:00,0.080933
2013-03-27 00:00:00,0.081019
2013-03-28 00:00:00,0.080919
2013-03-29 00:00:00,0.081127
2013-04-01 00:00:00,0.080863
2013-04-02 00:00:00,0.0814309999999999
2013-04-03 00:00:00,0.080975
2013-04-04 00:00:00,0.081158
2013-04-05 00:00:00,0.082038
2013-04-08 00:00:00,0.08204
2013-04-09 00:00:00,0.082263
2013-04-10 00:00:00,0.082573
2013-04-11 00:00:00,0.083026
2013-04-12 00:00:00,0.082713
2013-04-15 00:00:00,0.081448
2013-04-16 00:00:00,0.082347
2013-04-17 00:00:00,0.08187
2013-04-18 00:00:00,0.081416
2013-04-19 00:00:00,0.0815169999999999
2013-04-22 00:00:00,0.081424
2013-04-23 00:00:00,0.081566
2013-04-24 00:00:00,0.082037
2013-04-25 00:00:00,0.082104
2013-04-26 00:00:00,0.082246
2013-04-29 00:00:00,0.0819059999999999
2013-04-30 00:00:00,0.082331
2013-05-01 00:00:00,0.08187
2013-05-02 00:00:00,0.082078
2013-05-03 00:00:00,0.082783
2013-05-06 00:00:00,0.082547
2013-05-07 00:00:00,0.083085
2013-05-08 00:00:00,0.083389
2013-05-09 00:00:00,0.083225
2013-05-10 00:00:00,0.08267
2013-05-13 00:00:00,0.082185
2013-05-14 00:00:00,0.0820309999999999
2013-05-15 00:00:00,0.0819059999999999
2013-05-16 00:00:00,0.081416
2013-05-17 00:00:00,0.080943
2013-05-20 00:00:00,0.081296
2013-05-21 00:00:00,0.081106
2013-05-22 00:00:00,0.080457
2013-05-23 00:00:00,0.080537
2013-05-24 00:00:00,0.079703
2013-05-27 00:00:00,0.080179
2013-05-28 00:00:00,0.07922
2013-05-29 00:00:00,0.078967
2013-05-30 00:00:00,0.078153
2013-05-31 00:00:00,0.077915
2013-06-03 00:00:00,0.078395
2013-06-04 00:00:00,0.078581
2013-06-05 00:00:00,0.07776
2013-06-06 00:00:00,0.077964
2013-06-07 00:00:00,0.078253
2013-06-10 00:00:00,0.077536
2013-06-11 00:00:00,0.077698
2013-06-12 00:00:00,0.077494
2013-06-13 00:00:00,0.0788809999999999
2013-06-14 00:00:00,0.078583
2013-06-17 00:00:00,0.078019
2013-06-18 00:00:00,0.077569
2013-06-19 00:00:00,0.076653
2013-06-20 00:00:00,0.07483
2013-06-21 00:00:00,0.07506
2013-06-24 00:00:00,0.075199
2013-06-25 00:00:00,0.075584
2013-06-26 00:00:00,0.075885
2013-06-27 00:00:00,0.076889
2013-06-28 00:00:00,0.077167
2013-07-01 00:00:00,0.077184
2013-07-02 00:00:00,0.076555
2013-07-03 00:00:00,0.077067
2013-07-04 00:00:00,0.077331
2013-07-05 00:00:00,0.076427
2013-07-08 00:00:00,0.07758
2013-07-09 00:00:00,0.077521
2013-07-10 00:00:00,0.077226
2013-07-11 00:00:00,0.077996
2013-07-12 00:00:00,0.077947
2013-07-15 00:00:00,0.078875
2013-07-16 00:00:00,0.079145
2013-07-17 00:00:00,0.080082
2013-07-18 00:00:00,0.079903
2013-07-19 00:00:00,0.079528
2013-07-22 00:00:00,0.0799309999999999
2013-07-23 00:00:00,0.079964
2013-07-24 00:00:00,0.079096
2013-07-25 00:00:00,0.079303
2013-07-26 00:00:00,0.078823
2013-07-29 00:00:00,0.078387
2013-07-30 00:00:00,0.07824
2013-07-31 00:00:00,0.078303
2013-08-01 00:00:00,0.077806
2013-08-02 00:00:00,0.078883
2013-08-05 00:00:00,0.079013
2013-08-06 00:00:00,0.07908
2013-08-07 00:00:00,0.078579
2013-08-08 00:00:00,0.079288
2013-08-09 00:00:00,0.079213
2013-08-12 00:00:00,0.078912
2013-08-13 00:00:00,0.078577
2013-08-14 00:00:00,0.078503
2013-08-15 00:00:00,0.077869
2013-08-16 00:00:00,0.077397
2013-08-19 00:00:00,0.076461
2013-08-20 00:00:00,0.0769649999999999
2013-08-21 00:00:00,0.075676
2013-08-22 00:00:00,0.076184
2013-08-23 00:00:00,0.077126
2013-08-26 00:00:00,0.075839
2013-08-27 00:00:00,0.075536
2013-08-28 00:00:00,0.075072
2013-08-29 00:00:00,0.074791
2013-08-30 00:00:00,0.0747039999999999
2013-09-02 00:00:00,0.07496
2013-09-03 00:00:00,0.0746309999999999
2013-09-04 00:00:00,0.075109
2013-09-05 00:00:00,0.074654
2013-09-06 00:00:00,0.075833
2013-09-09 00:00:00,0.076275
2013-09-10 00:00:00,0.076331
2013-09-11 00:00:00,0.076593
2013-09-12 00:00:00,0.076514
2013-09-13 00:00:00,0.076629
2013-09-16 00:00:00,0.07728
2013-09-17 00:00:00,0.0773269999999999
2013-09-18 00:00:00,0.078567
2013-09-19 00:00:00,0.078675
2013-09-20 00:00:00,0.077723
2013-09-23 00:00:00,0.07804
2013-09-24 00:00:00,0.077423
2013-09-25 00:00:00,0.076884
2013-09-26 00:00:00,0.076526
2013-09-27 00:00:00,0.076043
2013-09-30 00:00:00,0.076206
2013-10-01 00:00:00,0.075975
2013-10-02 00:00:00,0.076205
2013-10-03 00:00:00,0.075927
2013-10-04 00:00:00,0.076403
2013-10-07 00:00:00,0.076218
2013-10-08 00:00:00,0.0757019999999999
2013-10-09 00:00:00,0.075776
2013-10-10 00:00:00,0.076429
2013-10-11 00:00:00,0.076923
2013-10-14 00:00:00,0.077025
2013-10-15 00:00:00,0.076963
2013-10-16 00:00:00,0.07776
2013-10-17 00:00:00,0.078217
2013-10-18 00:00:00,0.077793
2013-10-21 00:00:00,0.076988
2013-10-22 00:00:00,0.077837
2013-10-23 00:00:00,0.077008
2013-10-24 00:00:00,0.077141
2013-10-25 00:00:00,0.077613
2013-10-28 00:00:00,0.0776309999999999
2013-10-29 00:00:00,0.077395
2013-10-30 00:00:00,0.077343
2013-10-31 00:00:00,0.076759
2013-11-01 00:00:00,0.076553
2013-11-04 00:00:00,0.076937
2013-11-05 00:00:00,0.075923
2013-11-06 00:00:00,0.0759529999999999
2013-11-07 00:00:00,0.075584
2013-11-08 00:00:00,0.075879
2013-11-11 00:00:00,0.075638
2013-11-12 00:00:00,0.075792
2013-11-13 00:00:00,0.0764659999999999
2013-11-14 00:00:00,0.077081
2013-11-15 00:00:00,0.077253
2013-11-18 00:00:00,0.077498
2013-11-19 00:00:00,0.077135
2013-11-20 00:00:00,0.076388
2013-11-21 00:00:00,0.0767019999999999
2013-11-22 00:00:00,0.077097
2013-11-25 00:00:00,0.076641
2013-11-26 00:00:00,0.0765909999999999
2013-11-27 00:00:00,0.0762029999999999
2013-11-28 00:00:00,0.07652
2013-11-29 00:00:00,0.0762429999999999
2013-12-02 00:00:00,0.075658
2013-12-03 00:00:00,0.0762429999999999
2013-12-04 00:00:00,0.076677
2013-12-05 00:00:00,0.076426
2013-12-06 00:00:00,0.077273
2013-12-09 00:00:00,0.077705
2013-12-10 00:00:00,0.077704
2013-12-11 00:00:00,0.076792
2013-12-12 00:00:00,0.077007
2013-12-13 00:00:00,0.077557
2013-12-16 00:00:00,0.077263
2013-12-17 00:00:00,0.077113
2013-12-18 00:00:00,0.077446
2013-12-19 00:00:00,0.076828
2013-12-20 00:00:00,0.076997
2013-12-23 00:00:00,0.076941
2013-12-24 00:00:00,0.076662
2013-12-26 00:00:00,0.076429
2013-12-27 00:00:00,0.076536
2013-12-30 00:00:00,0.076457
2013-12-31 00:00:00,0.0765179999999999
2014-01-02 00:00:00,0.075997
2014-01-03 00:00:00,0.07631
2014-01-06 00:00:00,0.07637
2014-01-07 00:00:00,0.076771
2014-01-08 00:00:00,0.0761169999999999
2014-01-09 00:00:00,0.0763
2014-01-10 00:00:00,0.077037
2014-01-13 00:00:00,0.076436
2014-01-14 00:00:00,0.0763269999999999
2014-01-15 00:00:00,0.075687
2014-01-16 00:00:00,0.075272
2014-01-17 00:00:00,0.075443
2014-01-20 00:00:00,0.0754809999999999
2014-01-21 00:00:00,0.075294
2014-01-22 00:00:00,0.075074
2014-01-23 00:00:00,0.074638
2014-01-24 00:00:00,0.074246
2014-01-27 00:00:00,0.074766
2014-01-28 00:00:00,0.075398
2014-01-29 00:00:00,0.074649
2014-01-30 00:00:00,0.074757
2014-01-31 00:00:00,0.074806
2014-02-03 00:00:00,0.073827
2014-02-04 00:00:00,0.074964
2014-02-05 00:00:00,0.075267
2014-02-06 00:00:00,0.075339
2014-02-07 00:00:00,0.075223
2014-02-10 00:00:00,0.075025
2014-02-11 00:00:00,0.075237
2014-02-12 00:00:00,0.075043
2014-02-13 00:00:00,0.075385
2014-02-14 00:00:00,0.075483
2014-02-17 00:00:00,0.075699
2014-02-18 00:00:00,0.075522
2014-02-19 00:00:00,0.0749929999999999
2014-02-20 00:00:00,0.0753009999999999
2014-02-21 00:00:00,0.075363
2014-02-24 00:00:00,0.075419
2014-02-25 00:00:00,0.075561
2014-02-26 00:00:00,0.074972
2014-02-27 00:00:00,0.075393
2014-02-28 00:00:00,0.075447
2014-03-03 00:00:00,0.0749809999999999
2014-03-04 00:00:00,0.075294
2014-03-05 00:00:00,0.075491
2014-03-06 00:00:00,0.075977
2014-03-07 00:00:00,0.0757429999999999
2014-03-10 00:00:00,0.075642
2014-03-11 00:00:00,0.075306
2014-03-12 00:00:00,0.075472
2014-03-13 00:00:00,0.075277
2014-03-14 00:00:00,0.075653
2014-03-17 00:00:00,0.075961
2014-03-18 00:00:00,0.075951
2014-03-19 00:00:00,0.07539
2014-03-20 00:00:00,0.075403
2014-03-21 00:00:00,0.075553
2014-03-24 00:00:00,0.075857
2014-03-25 00:00:00,0.0761889999999999
2014-03-26 00:00:00,0.076114
2014-03-27 00:00:00,0.076439
2014-03-28 00:00:00,0.07647
2014-03-31 00:00:00,0.0766
2014-04-01 00:00:00,0.0766169999999999
2014-04-02 00:00:00,0.076373
2014-04-03 00:00:00,0.076208
2014-04-04 00:00:00,0.076857
2014-04-07 00:00:00,0.076883
2014-04-08 00:00:00,0.0766429999999999
2014-04-09 00:00:00,0.077015
2014-04-10 00:00:00,0.076551
2014-04-11 00:00:00,0.076657
2014-04-14 00:00:00,0.076782
2014-04-15 00:00:00,0.076313
2014-04-16 00:00:00,0.076549
2014-04-17 00:00:00,0.0766429999999999
2014-04-21 00:00:00,0.0767549999999999
2014-04-22 00:00:00,0.076576
2014-04-23 00:00:00,0.07646
2014-04-24 00:00:00,0.076313
2014-04-25 00:00:00,0.076133
2014-04-28 00:00:00,0.076171
2014-04-29 00:00:00,0.076326
2014-04-30 00:00:00,0.07643
2014-05-01 00:00:00,0.076652
2014-05-02 00:00:00,0.076817
2014-05-05 00:00:00,0.076628
2014-05-06 00:00:00,0.076764
2014-05-07 00:00:00,0.077124
2014-05-08 00:00:00,0.077178
2014-05-09 00:00:00,0.077213
2014-05-12 00:00:00,0.077173
2014-05-13 00:00:00,0.077458
2014-05-14 00:00:00,0.077521
2014-05-15 00:00:00,0.077161
2014-05-16 00:00:00,0.0774929999999999
2014-05-19 00:00:00,0.077537
2014-05-20 00:00:00,0.077419
2014-05-21 00:00:00,0.077343
2014-05-22 00:00:00,0.077623
2014-05-23 00:00:00,0.077753
2014-05-26 00:00:00,0.077676
2014-05-27 00:00:00,0.077757
2014-05-28 00:00:00,0.077677
2014-05-29 00:00:00,0.077871
2014-05-30 00:00:00,0.0777429999999999
2014-06-02 00:00:00,0.077426
2014-06-03 00:00:00,0.0772809999999999
2014-06-04 00:00:00,0.077331
2014-06-05 00:00:00,0.077678
2014-06-06 00:00:00,0.077323
2014-06-09 00:00:00,0.076766
2014-06-10 00:00:00,0.076787
2014-06-11 00:00:00,0.076839
2014-06-12 00:00:00,0.07704
2014-06-13 00:00:00,0.076803
2014-06-16 00:00:00,0.076653
2014-06-17 00:00:00,0.076249
2014-06-18 00:00:00,0.077011
2014-06-19 00:00:00,0.076762
2014-06-20 00:00:00,0.076963
2014-06-23 00:00:00,0.076778
2014-06-24 00:00:00,0.076532
2014-06-25 00:00:00,0.076874
2014-06-26 00:00:00,0.076819
2014-06-27 00:00:00,0.077107
2014-06-30 00:00:00,0.077073
2014-07-01 00:00:00,0.077257
2014-07-02 00:00:00,0.076927
2014-07-03 00:00:00,0.0771879999999999
2014-07-04 00:00:00,0.07706
2014-07-07 00:00:00,0.076814
2014-07-08 00:00:00,0.076997
2014-07-09 00:00:00,0.0771039999999999
2014-07-10 00:00:00,0.076956
2014-07-11 00:00:00,0.076943
2014-07-14 00:00:00,0.077175
2014-07-15 00:00:00,0.077224
2014-07-16 00:00:00,0.077443
2014-07-17 00:00:00,0.076971
2014-07-18 00:00:00,0.077197
2014-07-21 00:00:00,0.077076
2014-07-22 00:00:00,0.077271
2014-07-23 00:00:00,0.077328
2014-07-24 00:00:00,0.077157
2014-07-25 00:00:00,0.077183
2014-07-28 00:00:00,0.076895
2014-07-29 00:00:00,0.076508
2014-07-30 00:00:00,0.076038
2014-07-31 00:00:00,0.075646
2014-08-01 00:00:00,0.0758269999999999
2014-08-04 00:00:00,0.075764
2014-08-05 00:00:00,0.0752309999999999
2014-08-06 00:00:00,0.075529
2014-08-07 00:00:00,0.075258
2014-08-08 00:00:00,0.075477
2014-08-11 00:00:00,0.075839
2014-08-12 00:00:00,0.076098
2014-08-13 00:00:00,0.076174
2014-08-14 00:00:00,0.0764649999999999
2014-08-15 00:00:00,0.076463
2014-08-18 00:00:00,0.076637
2014-08-19 00:00:00,0.076624
2014-08-20 00:00:00,0.076152
2014-08-21 00:00:00,0.076257
2014-08-22 00:00:00,0.076097
2014-08-25 00:00:00,0.076033
2014-08-26 00:00:00,0.076353
2014-08-27 00:00:00,0.076408
2014-08-28 00:00:00,0.076434
2014-08-29 00:00:00,0.076403
2014-09-01 00:00:00,0.076371
2014-09-02 00:00:00,0.07625
2014-09-03 00:00:00,0.076343
2014-09-04 00:00:00,0.076035
2014-09-05 00:00:00,0.076727
2014-09-08 00:00:00,0.076109
2014-09-09 00:00:00,0.07569
2014-09-10 00:00:00,0.075774
2014-09-11 00:00:00,0.075586
2014-09-12 00:00:00,0.075413
2014-09-15 00:00:00,0.075524
2014-09-16 00:00:00,0.075976
2014-09-17 00:00:00,0.075593
2014-09-18 00:00:00,0.075502
2014-09-19 00:00:00,0.075653
2014-09-22 00:00:00,0.075325
2014-09-23 00:00:00,0.075157
2014-09-24 00:00:00,0.075293
2014-09-25 00:00:00,0.074694
2014-09-26 00:00:00,0.074376
2014-09-29 00:00:00,0.074074
2014-09-30 00:00:00,0.074446
2014-10-01 00:00:00,0.074325
2014-10-02 00:00:00,0.074749
2014-10-03 00:00:00,0.074104
2014-10-06 00:00:00,0.074624
2014-10-07 00:00:00,0.074183
2014-10-08 00:00:00,0.074955
2014-10-09 00:00:00,0.074462
2014-10-10 00:00:00,0.074164
2014-10-13 00:00:00,0.074382
2014-10-14 00:00:00,0.074375
2014-10-15 00:00:00,0.0739
2014-10-16 00:00:00,0.0738
2014-10-17 00:00:00,0.073906
2014-10-20 00:00:00,0.0738549999999999
2014-10-21 00:00:00,0.073839
2014-10-22 00:00:00,0.073769
2014-10-23 00:00:00,0.073751
2014-10-24 00:00:00,0.073734
2014-10-27 00:00:00,0.073787
2014-10-28 00:00:00,0.074363
2014-10-29 00:00:00,0.074119
2014-10-30 00:00:00,0.074403
2014-10-31 00:00:00,0.074154
2014-11-03 00:00:00,0.073492
2014-11-04 00:00:00,0.073763
2014-11-05 00:00:00,0.07368
2014-11-06 00:00:00,0.073325
2014-11-07 00:00:00,0.073834
2014-11-10 00:00:00,0.073487
2014-11-11 00:00:00,0.073504
2014-11-12 00:00:00,0.073748
2014-11-13 00:00:00,0.073496
2014-11-14 00:00:00,0.073884
2014-11-17 00:00:00,0.073599
2014-11-18 00:00:00,0.073758
2014-11-19 00:00:00,0.073429
2014-11-20 00:00:00,0.073265
2014-11-21 00:00:00,0.073416
2014-11-24 00:00:00,0.073206
2014-11-25 00:00:00,0.07313
2014-11-26 00:00:00,0.072806
2014-11-27 00:00:00,0.0726179999999999
2014-11-28 00:00:00,0.071734
2014-12-01 00:00:00,0.07148
2014-12-02 00:00:00,0.070832
2014-12-03 00:00:00,0.070885
2014-12-04 00:00:00,0.070634
2014-12-05 00:00:00,0.069626
2014-12-08 00:00:00,0.069482
2014-12-09 00:00:00,0.069382
2014-12-10 00:00:00,0.068674
2014-12-11 00:00:00,0.067617
2014-12-12 00:00:00,0.067714
2014-12-15 00:00:00,0.067773
2014-12-16 00:00:00,0.067812
2014-12-17 00:00:00,0.068582
2014-12-18 00:00:00,0.068605
2014-12-19 00:00:00,0.068434
2014-12-22 00:00:00,0.0681929999999999
2014-12-23 00:00:00,0.067725
2014-12-24 00:00:00,0.0679039999999999
2014-12-26 00:00:00,0.067884
2014-12-29 00:00:00,0.067676
2014-12-30 00:00:00,0.0678309999999999
2014-12-31 00:00:00,0.067776
2015-01-02 00:00:00,0.067352
2015-01-05 00:00:00,0.066916
2015-01-06 00:00:00,0.067152
2015-01-07 00:00:00,0.067927
2015-01-08 00:00:00,0.068116
2015-01-09 00:00:00,0.068444
2015-01-12 00:00:00,0.068225
2015-01-13 00:00:00,0.068401
2015-01-14 00:00:00,0.068996
2015-01-15 00:00:00,0.068157
2015-01-16 00:00:00,0.0686659999999999
2015-01-19 00:00:00,0.068354
2015-01-20 00:00:00,0.06819
2015-01-21 00:00:00,0.0677649999999999
2015-01-22 00:00:00,0.068289
2015-01-23 00:00:00,0.068164
2015-01-26 00:00:00,0.0685539999999999
2015-01-27 00:00:00,0.068352
2015-01-28 00:00:00,0.0677789999999999
2015-01-29 00:00:00,0.06757
2015-01-30 00:00:00,0.066706
2015-02-02 00:00:00,0.067267
2015-02-03 00:00:00,0.068211
2015-02-04 00:00:00,0.067162
2015-02-05 00:00:00,0.067604
2015-02-06 00:00:00,0.067326
2015-02-09 00:00:00,0.067437
2015-02-10 00:00:00,0.06683
2015-02-11 00:00:00,0.066243
2015-02-12 00:00:00,0.0670159999999999
2015-02-13 00:00:00,0.067144
2015-02-16 00:00:00,0.066997
2015-02-17 00:00:00,0.067054
2015-02-18 00:00:00,0.067296
2015-02-19 00:00:00,0.066622
2015-02-20 00:00:00,0.066494
2015-02-23 00:00:00,0.06626
2015-02-24 00:00:00,0.0670429999999999
2015-02-25 00:00:00,0.066963
2015-02-26 00:00:00,0.066674
2015-02-27 00:00:00,0.066894
2015-03-02 00:00:00,0.066584
2015-03-03 00:00:00,0.066676
2015-03-04 00:00:00,0.0664429999999999
2015-03-05 00:00:00,0.065825
2015-03-06 00:00:00,0.064494
2015-03-09 00:00:00,0.064558
2015-03-10 00:00:00,0.064015
2015-03-11 00:00:00,0.0643779999999999
2015-03-12 00:00:00,0.064719
2015-03-13 00:00:00,0.064546
2015-03-16 00:00:00,0.064791
2015-03-17 00:00:00,0.065012
2015-03-18 00:00:00,0.065956
2015-03-19 00:00:00,0.065385
2015-03-20 00:00:00,0.066356
2015-03-23 00:00:00,0.066957
2015-03-24 00:00:00,0.066923
2015-03-25 00:00:00,0.06665
2015-03-26 00:00:00,0.0660169999999999
2015-03-27 00:00:00,0.065604
2015-03-30 00:00:00,0.065458
2015-03-31 00:00:00,0.065536
2015-04-01 00:00:00,0.065977
2015-04-02 00:00:00,0.066624
2015-04-06 00:00:00,0.066983
2015-04-07 00:00:00,0.066856
2015-04-08 00:00:00,0.067064
2015-04-09 00:00:00,0.06625
2015-04-10 00:00:00,0.0656539999999999
2015-04-13 00:00:00,0.064789
2015-04-14 00:00:00,0.065452
2015-04-15 00:00:00,0.065419
2015-04-16 00:00:00,0.065875
2015-04-17 00:00:00,0.065186
2015-04-20 00:00:00,0.064611
2015-04-21 00:00:00,0.064755
2015-04-22 00:00:00,0.064726
2015-04-23 00:00:00,0.065123
2015-04-24 00:00:00,0.064994
2015-04-27 00:00:00,0.065113
2015-04-28 00:00:00,0.0655419999999999
2015-04-29 00:00:00,0.065686
2015-04-30 00:00:00,0.065136
2015-05-01 00:00:00,0.064176
2015-05-04 00:00:00,0.064723
2015-05-05 00:00:00,0.065091
2015-05-06 00:00:00,0.065072
2015-05-07 00:00:00,0.065263
2015-05-08 00:00:00,0.066116
2015-05-11 00:00:00,0.065025
2015-05-12 00:00:00,0.065132
2015-05-13 00:00:00,0.065449
2015-05-14 00:00:00,0.066226
2015-05-15 00:00:00,0.066586
2015-05-18 00:00:00,0.066135
2015-05-19 00:00:00,0.0657669999999999
2015-05-20 00:00:00,0.065831
2015-05-21 00:00:00,0.06565
2015-05-22 00:00:00,0.0654759999999999
2015-05-25 00:00:00,0.065523
2015-05-26 00:00:00,0.065335
2015-05-27 00:00:00,0.065428
2015-05-28 00:00:00,0.06526
2015-05-29 00:00:00,0.065006
2015-06-01 00:00:00,0.064549
2015-06-02 00:00:00,0.064729
2015-06-03 00:00:00,0.064425
2015-06-04 00:00:00,0.064345
2015-06-05 00:00:00,0.063626
2015-06-08 00:00:00,0.063968
2015-06-09 00:00:00,0.064136
2015-06-10 00:00:00,0.064687
2015-06-11 00:00:00,0.06513
2015-06-12 00:00:00,0.064886
2015-06-15 00:00:00,0.064774
2015-06-16 00:00:00,0.064952
2015-06-17 00:00:00,0.0655309999999999
2015-06-18 00:00:00,0.065097
2015-06-19 00:00:00,0.065134
2015-06-22 00:00:00,0.065172
2015-06-23 00:00:00,0.064802
2015-06-24 00:00:00,0.064507
2015-06-25 00:00:00,0.06456
2015-06-26 00:00:00,0.064194
2015-06-29 00:00:00,0.063651
2015-06-30 00:00:00,0.063555
2015-07-01 00:00:00,0.063342
2015-07-02 00:00:00,0.063845
2015-07-03 00:00:00,0.06346
2015-07-06 00:00:00,0.063559
2015-07-07 00:00:00,0.063284
2015-07-08 00:00:00,0.0630889999999999
2015-07-09 00:00:00,0.063221
2015-07-10 00:00:00,0.063516
2015-07-13 00:00:00,0.063654
2015-07-14 00:00:00,0.063855
2015-07-15 00:00:00,0.063346
2015-07-16 00:00:00,0.063152
2015-07-17 00:00:00,0.062746
2015-07-20 00:00:00,0.062387
2015-07-21 00:00:00,0.062401
2015-07-22 00:00:00,0.061983
2015-07-23 00:00:00,0.061732
2015-07-24 00:00:00,0.061436
2015-07-27 00:00:00,0.061352
2015-07-28 00:00:00,0.061305
2015-07-29 00:00:00,0.061323
2015-07-30 00:00:00,0.061416
2015-07-31 00:00:00,0.062046
2015-08-03 00:00:00,0.061807
2015-08-04 00:00:00,0.06131
2015-08-05 00:00:00,0.0610559999999999
2015-08-06 00:00:00,0.061264
2015-08-07 00:00:00,0.0618059999999999
2015-08-10 00:00:00,0.061821
2015-08-11 00:00:00,0.061199
2015-08-12 00:00:00,0.061358
2015-08-13 00:00:00,0.060736
2015-08-14 00:00:00,0.061024
2015-08-17 00:00:00,0.060857
2015-08-18 00:00:00,0.060944
2015-08-19 00:00:00,0.060134
2015-08-20 00:00:00,0.059595
2015-08-21 00:00:00,0.058836
2015-08-24 00:00:00,0.0581789999999999
2015-08-25 00:00:00,0.057907
2015-08-26 00:00:00,0.0586789999999999
2015-08-27 00:00:00,0.059249
2015-08-28 00:00:00,0.0596559999999999
2015-08-31 00:00:00,0.059533
2015-09-01 00:00:00,0.058907
2015-09-02 00:00:00,0.059426
2015-09-03 00:00:00,0.0594
2015-09-04 00:00:00,0.058934
2015-09-07 00:00:00,0.058824
2015-09-08 00:00:00,0.059438
2015-09-09 00:00:00,0.0593529999999999
2015-09-10 00:00:00,0.0593529999999999
2015-09-11 00:00:00,0.059386
2015-09-14 00:00:00,0.059541
2015-09-15 00:00:00,0.059801
2015-09-16 00:00:00,0.060395
2015-09-17 00:00:00,0.0602049999999999
2015-09-18 00:00:00,0.060012
2015-09-21 00:00:00,0.059898
2015-09-22 00:00:00,0.059114
2015-09-23 00:00:00,0.058422
2015-09-24 00:00:00,0.0591659999999999
2015-09-25 00:00:00,0.058872
2015-09-28 00:00:00,0.058334
2015-09-29 00:00:00,0.058674
2015-09-30 00:00:00,0.0589
2015-10-01 00:00:00,0.058966
2015-10-02 00:00:00,0.059462
2015-10-05 00:00:00,0.0594769999999999
2015-10-06 00:00:00,0.059944
2015-10-07 00:00:00,0.0600929999999999
2015-10-08 00:00:00,0.0605559999999999
2015-10-09 00:00:00,0.0607659999999999
2015-10-12 00:00:00,0.060684
2015-10-13 00:00:00,0.0600539999999999
2015-10-14 00:00:00,0.060576
2015-10-15 00:00:00,0.060854
2015-10-16 00:00:00,0.0607129999999999
2015-10-19 00:00:00,0.060627
2015-10-20 00:00:00,0.060361
2015-10-21 00:00:00,0.0600259999999999
2015-10-22 00:00:00,0.060646
2015-10-23 00:00:00,0.060013
2015-10-26 00:00:00,0.060423
2015-10-27 00:00:00,0.0604
2015-10-28 00:00:00,0.060114
2015-10-29 00:00:00,0.060099
2015-10-30 00:00:00,0.060501
2015-11-02 00:00:00,0.0607889999999999
2015-11-03 00:00:00,0.0609559999999999
2015-11-04 00:00:00,0.060458
2015-11-05 00:00:00,0.0602169999999999
2015-11-06 00:00:00,0.0593
2015-11-09 00:00:00,0.059592
2015-11-10 00:00:00,0.059674
2015-11-11 00:00:00,0.0596929999999999
2015-11-12 00:00:00,0.059749
2015-11-13 00:00:00,0.059904
2015-11-16 00:00:00,0.059625
2015-11-17 00:00:00,0.059711
2015-11-18 00:00:00,0.05968
2015-11-19 00:00:00,0.060171
2015-11-20 00:00:00,0.060148
2015-11-23 00:00:00,0.060327
2015-11-24 00:00:00,0.060469
2015-11-25 00:00:00,0.060465
2015-11-26 00:00:00,0.060344
2015-11-27 00:00:00,0.060109
2015-11-30 00:00:00,0.0603159999999999
2015-12-01 00:00:00,0.0605029999999999
2015-12-02 00:00:00,0.060345
2015-12-03 00:00:00,0.0596779999999999
2015-12-04 00:00:00,0.0599289999999999
2015-12-07 00:00:00,0.059173
2015-12-08 00:00:00,0.058758
2015-12-09 00:00:00,0.058577
2015-12-10 00:00:00,0.058125
2015-12-11 00:00:00,0.057316
2015-12-14 00:00:00,0.057712
2015-12-15 00:00:00,0.0583529999999999
2015-12-16 00:00:00,0.05875
2015-12-17 00:00:00,0.058645
2015-12-18 00:00:00,0.058376
2015-12-21 00:00:00,0.058217
2015-12-22 00:00:00,0.0581519999999999
2015-12-23 00:00:00,0.057962
2015-12-24 00:00:00,0.057914
2015-12-28 00:00:00,0.0579779999999999
2015-12-29 00:00:00,0.057944
2015-12-30 00:00:00,0.057503
2015-12-31 00:00:00,0.057824
2016-01-04 00:00:00,0.057696
2016-01-05 00:00:00,0.057665
2016-01-06 00:00:00,0.057007
2016-01-07 00:00:00,0.056067
2016-01-08 00:00:00,0.05556
2016-01-11 00:00:00,0.05584
2016-01-12 00:00:00,0.055844
2016-01-13 00:00:00,0.055714
2016-01-14 00:00:00,0.055879
2016-01-15 00:00:00,0.0545549999999999
2016-01-18 00:00:00,0.054889
2016-01-19 00:00:00,0.0545779999999999
2016-01-20 00:00:00,0.053747
2016-01-21 00:00:00,0.053301
2016-01-22 00:00:00,0.054146
2016-01-25 00:00:00,0.053706
2016-01-26 00:00:00,0.054047
2016-01-27 00:00:00,0.054138
2016-01-28 00:00:00,0.0543769999999999
2016-01-29 00:00:00,0.055161
2016-02-01 00:00:00,0.054786
2016-02-02 00:00:00,0.053962
2016-02-03 00:00:00,0.054948
2016-02-04 00:00:00,0.054726
2016-02-05 00:00:00,0.054041
2016-02-08 00:00:00,0.053452
2016-02-09 00:00:00,0.053124
2016-02-10 00:00:00,0.052547
2016-02-11 00:00:00,0.052075
2016-02-12 00:00:00,0.052769
2016-02-15 00:00:00,0.0531059999999999
2016-02-16 00:00:00,0.052947
2016-02-17 00:00:00,0.054473
2016-02-18 00:00:00,0.054647
2016-02-19 00:00:00,0.054909
2016-02-22 00:00:00,0.055317
2016-02-23 00:00:00,0.054893
2016-02-24 00:00:00,0.054924
2016-02-25 00:00:00,0.055136
2016-02-26 00:00:00,0.0546
2016-02-29 00:00:00,0.054985
2016-03-01 00:00:00,0.055824
2016-03-02 00:00:00,0.055965
2016-03-03 00:00:00,0.055566
2016-03-04 00:00:00,0.056225
2016-03-07 00:00:00,0.0563549999999999
2016-03-08 00:00:00,0.0556179999999999
2016-03-09 00:00:00,0.056133
2016-03-10 00:00:00,0.055996
2016-03-11 00:00:00,0.056445
2016-03-14 00:00:00,0.056336
2016-03-15 00:00:00,0.055815
2016-03-16 00:00:00,0.056624
2016-03-17 00:00:00,0.057547
2016-03-18 00:00:00,0.05749
2016-03-21 00:00:00,0.057432
2016-03-22 00:00:00,0.057551
2016-03-23 00:00:00,0.056826
2016-03-24 00:00:00,0.056733
2016-03-25 00:00:00,0.056976
2016-03-28 00:00:00,0.0572289999999999
2016-03-29 00:00:00,0.057665
2016-03-30 00:00:00,0.057925
2016-03-31 00:00:00,0.0576929999999999
2016-04-01 00:00:00,0.057627
2016-04-04 00:00:00,0.057046
2016-04-05 00:00:00,0.056473
2016-04-06 00:00:00,0.056522
2016-04-07 00:00:00,0.055897
2016-04-08 00:00:00,0.056219
2016-04-11 00:00:00,0.056619
2016-04-12 00:00:00,0.057199
2016-04-13 00:00:00,0.057245
2016-04-14 00:00:00,0.057385
2016-04-15 00:00:00,0.056589
2016-04-18 00:00:00,0.057346
2016-04-19 00:00:00,0.05778
2016-04-20 00:00:00,0.057919
2016-04-21 00:00:00,0.057222
2016-04-22 00:00:00,0.057129
2016-04-25 00:00:00,0.056866
2016-04-26 00:00:00,0.057533
2016-04-27 00:00:00,0.05761
2016-04-28 00:00:00,0.057801
2016-04-29 00:00:00,0.058115
2016-05-02 00:00:00,0.058112
2016-05-03 00:00:00,0.0568059999999999
2016-05-04 00:00:00,0.0561539999999999
2016-05-05 00:00:00,0.055749
2016-05-06 00:00:00,0.055788
2016-05-09 00:00:00,0.054961
2016-05-10 00:00:00,0.055541
2016-05-11 00:00:00,0.055357
2016-05-12 00:00:00,0.055611
2016-05-13 00:00:00,0.054932
2016-05-16 00:00:00,0.054714
2016-05-17 00:00:00,0.054675
2016-05-18 00:00:00,0.054212
2016-05-19 00:00:00,0.054174
2016-05-20 00:00:00,0.054518
2016-05-23 00:00:00,0.053896
2016-05-24 00:00:00,0.054124
2016-05-25 00:00:00,0.054097
2016-05-26 00:00:00,0.0542
2016-05-27 00:00:00,0.054193
2016-05-30 00:00:00,0.054097
2016-05-31 00:00:00,0.0541559999999999
2016-06-01 00:00:00,0.054013
2016-06-02 00:00:00,0.053555
2016-06-03 00:00:00,0.053755
2016-06-06 00:00:00,0.053588
2016-06-07 00:00:00,0.05442
2016-06-08 00:00:00,0.0552309999999999
2016-06-09 00:00:00,0.054671
2016-06-10 00:00:00,0.053646
2016-06-13 00:00:00,0.053074
2016-06-14 00:00:00,0.052787
2016-06-15 00:00:00,0.052909
2016-06-16 00:00:00,0.052794
2016-06-17 00:00:00,0.053073
2016-06-20 00:00:00,0.05332
2016-06-21 00:00:00,0.053663
2016-06-22 00:00:00,0.053774
2016-06-23 00:00:00,0.054477
2016-06-24 00:00:00,0.052386
2016-06-27 00:00:00,0.052126
2016-06-28 00:00:00,0.0531059999999999
2016-06-29 00:00:00,0.054022
2016-06-30 00:00:00,0.054687
2016-07-01 00:00:00,0.054439
2016-07-04 00:00:00,0.054285
2016-07-05 00:00:00,0.053126
2016-07-06 00:00:00,0.053297
2016-07-07 00:00:00,0.052974
2016-07-08 00:00:00,0.053992
2016-07-11 00:00:00,0.054127
2016-07-12 00:00:00,0.054524
2016-07-13 00:00:00,0.054375
2016-07-14 00:00:00,0.054509
2016-07-15 00:00:00,0.053357
2016-07-18 00:00:00,0.054348
2016-07-19 00:00:00,0.053991
2016-07-20 00:00:00,0.053653
2016-07-21 00:00:00,0.053799
2016-07-22 00:00:00,0.05393
2016-07-25 00:00:00,0.053248
2016-07-26 00:00:00,0.053235
2016-07-27 00:00:00,0.053098
2016-07-28 00:00:00,0.052924
2016-07-29 00:00:00,0.053144
2016-08-01 00:00:00,0.0529769999999999
2016-08-02 00:00:00,0.052814
2016-08-03 00:00:00,0.052935
2016-08-04 00:00:00,0.052898
2016-08-05 00:00:00,0.053282
2016-08-08 00:00:00,0.053734
2016-08-09 00:00:00,0.054219
2016-08-10 00:00:00,0.054301
2016-08-11 00:00:00,0.054802
2016-08-12 00:00:00,0.054764
2016-08-15 00:00:00,0.055272
2016-08-16 00:00:00,0.055387
2016-08-17 00:00:00,0.0550159999999999
2016-08-18 00:00:00,0.054958
2016-08-19 00:00:00,0.0547789999999999
2016-08-22 00:00:00,0.054615
2016-08-23 00:00:00,0.0537789999999999
2016-08-24 00:00:00,0.054136
2016-08-25 00:00:00,0.0544059999999999
2016-08-26 00:00:00,0.053706
2016-08-29 00:00:00,0.053658
2016-08-30 00:00:00,0.053134
2016-08-31 00:00:00,0.053145
2016-09-01 00:00:00,0.053273
2016-09-02 00:00:00,0.053744
2016-09-05 00:00:00,0.053839
2016-09-06 00:00:00,0.054698
2016-09-07 00:00:00,0.0544129999999999
2016-09-08 00:00:00,0.0535039999999999
2016-09-09 00:00:00,0.05289
2016-09-12 00:00:00,0.053125
2016-09-13 00:00:00,0.0524
2016-09-14 00:00:00,0.0518429999999999
2016-09-15 00:00:00,0.051669
2016-09-16 00:00:00,0.050942
2016-09-19 00:00:00,0.050754
2016-09-20 00:00:00,0.050442
2016-09-21 00:00:00,0.050637
2016-09-22 00:00:00,0.050955
2016-09-23 00:00:00,0.050468
2016-09-26 00:00:00,0.050259
2016-09-27 00:00:00,0.051558
2016-09-28 00:00:00,0.051571
2016-09-29 00:00:00,0.0512279999999999
2016-09-30 00:00:00,0.051536
2016-10-03 00:00:00,0.051824
2016-10-04 00:00:00,0.051736
2016-10-05 00:00:00,0.052036
2016-10-06 00:00:00,0.051933
2016-10-07 00:00:00,0.0517539999999999
2016-10-10 00:00:00,0.052805
2016-10-11 00:00:00,0.0528549999999999
2016-10-12 00:00:00,0.052861
2016-10-13 00:00:00,0.0528019999999999
2016-10-14 00:00:00,0.052577
2016-10-17 00:00:00,0.053011
2016-10-18 00:00:00,0.053711
2016-10-19 00:00:00,0.053972
2016-10-20 00:00:00,0.053702
2016-10-21 00:00:00,0.053727
2016-10-24 00:00:00,0.053883
2016-10-25 00:00:00,0.0539809999999999
2016-10-26 00:00:00,0.0534929999999999
2016-10-27 00:00:00,0.053072
2016-10-28 00:00:00,0.052684
2016-10-31 00:00:00,0.0530029999999999
2016-11-01 00:00:00,0.052096
2016-11-02 00:00:00,0.051586
2016-11-03 00:00:00,0.052133
2016-11-04 00:00:00,0.0525299999999999
2016-11-07 00:00:00,0.053739
2016-11-08 00:00:00,0.05454
2016-11-09 00:00:00,0.050354
2016-11-10 00:00:00,0.04855
2016-11-11 00:00:00,0.048059
2016-11-14 00:00:00,0.04827
2016-11-15 00:00:00,0.049318
2016-11-16 00:00:00,0.04945
2016-11-17 00:00:00,0.04891
2016-11-18 00:00:00,0.048437
2016-11-21 00:00:00,0.048865
2016-11-22 00:00:00,0.048529
2016-11-23 00:00:00,0.04841
2016-11-24 00:00:00,0.0481889999999999
2016-11-25 00:00:00,0.048301
2016-11-28 00:00:00,0.048455
2016-11-29 00:00:00,0.048454
2016-11-30 00:00:00,0.0485839999999999
2016-12-01 00:00:00,0.048107
2016-12-02 00:00:00,0.0484319999999999
2016-12-05 00:00:00,0.048522
2016-12-06 00:00:00,0.0490079999999999
2016-12-07 00:00:00,0.049143
2016-12-08 00:00:00,0.049174
2016-12-09 00:00:00,0.049003
2016-12-12 00:00:00,0.049456
2016-12-13 00:00:00,0.049295
2016-12-14 00:00:00,0.048837
2016-12-15 00:00:00,0.049162
2016-12-16 00:00:00,0.048881
2016-12-19 00:00:00,0.049027
2016-12-20 00:00:00,0.048869
2016-12-21 00:00:00,0.04862
2016-12-22 00:00:00,0.048145
2016-12-23 00:00:00,0.048506
2016-12-26 00:00:00,0.048506
2016-12-27 00:00:00,0.048147
2016-12-28 00:00:00,0.048165
2016-12-29 00:00:00,0.048205
2016-12-30 00:00:00,0.048191
2017-01-02 00:00:00,0.048186
2017-01-03 00:00:00,0.047358
2017-01-04 00:00:00,0.046577
2017-01-05 00:00:00,0.046626
2017-01-06 00:00:00,0.047043
2017-01-09 00:00:00,0.046763
2017-01-10 00:00:00,0.045864
2017-01-11 00:00:00,0.045674
2017-01-12 00:00:00,0.045876
2017-01-13 00:00:00,0.046486
2017-01-16 00:00:00,0.045988
2017-01-17 00:00:00,0.0464759999999999
2017-01-18 00:00:00,0.045543
2017-01-19 00:00:00,0.045528
2017-01-20 00:00:00,0.0463019999999999
2017-01-23 00:00:00,0.046732
2017-01-24 00:00:00,0.046441
2017-01-25 00:00:00,0.047435
2017-01-26 00:00:00,0.047116
2017-01-27 00:00:00,0.047851
2017-01-30 00:00:00,0.048082
2017-01-31 00:00:00,0.047993
2017-02-01 00:00:00,0.04827
2017-02-02 00:00:00,0.048621
2017-02-03 00:00:00,0.04911
2017-02-06 00:00:00,0.04862
2017-02-07 00:00:00,0.048458
2017-02-08 00:00:00,0.048815
2017-02-09 00:00:00,0.049122
2017-02-10 00:00:00,0.049136
2017-02-13 00:00:00,0.049296
2017-02-14 00:00:00,0.049346
2017-02-15 00:00:00,0.049292
2017-02-16 00:00:00,0.049051
2017-02-17 00:00:00,0.048907
2017-02-20 00:00:00,0.049068
2017-02-21 00:00:00,0.049946
2017-02-22 00:00:00,0.05022
2017-02-23 00:00:00,0.0508389999999999
2017-02-24 00:00:00,0.050196
2017-02-27 00:00:00,0.050209
2017-02-28 00:00:00,0.049716
2017-03-01 00:00:00,0.050464
2017-03-02 00:00:00,0.04999
2017-03-03 00:00:00,0.051244
2017-03-06 00:00:00,0.0509639999999999
2017-03-07 00:00:00,0.0512809999999999
2017-03-08 00:00:00,0.050814
2017-03-09 00:00:00,0.0504019999999999
2017-03-10 00:00:00,0.0509839999999999
2017-03-13 00:00:00,0.050963
2017-03-14 00:00:00,0.050831
2017-03-15 00:00:00,0.052014
2017-03-16 00:00:00,0.0518929999999999
2017-03-17 00:00:00,0.0524
2017-03-20 00:00:00,0.052594
2017-03-21 00:00:00,0.052334
2017-03-22 00:00:00,0.052544
2017-03-23 00:00:00,0.052804
2017-03-24 00:00:00,0.0533019999999999
2017-03-27 00:00:00,0.052913
2017-03-28 00:00:00,0.052538
2017-03-29 00:00:00,0.053443
2017-03-30 00:00:00,0.0533929999999999
2017-03-31 00:00:00,0.053401
2017-04-03 00:00:00,0.05355
2017-04-04 00:00:00,0.053113
2017-04-05 00:00:00,0.05309
2017-04-06 00:00:00,0.053314
2017-04-07 00:00:00,0.0535799999999999
2017-04-10 00:00:00,0.053514
2017-04-11 00:00:00,0.053229
2017-04-12 00:00:00,0.053894
2017-04-13 00:00:00,0.053777
2017-04-14 00:00:00,0.054013
2017-04-17 00:00:00,0.054051
2017-04-18 00:00:00,0.05376
2017-04-19 00:00:00,0.053044
2017-04-20 00:00:00,0.0532039999999999
2017-04-21 00:00:00,0.053145
2017-04-24 00:00:00,0.05337
2017-04-25 00:00:00,0.052985
2017-04-26 00:00:00,0.052118
2017-04-27 00:00:00,0.0525309999999999
2017-04-28 00:00:00,0.053113
2017-05-01 00:00:00,0.05336
2017-05-02 00:00:00,0.0532669999999999
2017-05-03 00:00:00,0.052993
2017-05-04 00:00:00,0.052465
2017-05-05 00:00:00,0.0526409999999999
2017-05-08 00:00:00,0.05205
2017-05-09 00:00:00,0.05215
2017-05-10 00:00:00,0.052575
2017-05-11 00:00:00,0.0530669999999999
2017-05-12 00:00:00,0.0531639999999999
2017-05-15 00:00:00,0.053444
2017-05-16 00:00:00,0.05362
2017-05-17 00:00:00,0.053223
2017-05-18 00:00:00,0.053057
2017-05-19 00:00:00,0.053415
2017-05-22 00:00:00,0.053567
2017-05-23 00:00:00,0.0536429999999999
2017-05-24 00:00:00,0.054189
2017-05-25 00:00:00,0.054021
2017-05-26 00:00:00,0.0539809999999999
2017-05-29 00:00:00,0.054107
2017-05-30 00:00:00,0.053439
2017-05-31 00:00:00,0.053697
2017-06-01 00:00:00,0.053621
2017-06-02 00:00:00,0.053523
2017-06-05 00:00:00,0.054494
2017-06-06 00:00:00,0.05482
2017-06-07 00:00:00,0.0548539999999999
2017-06-08 00:00:00,0.0549299999999999
2017-06-09 00:00:00,0.055031
2017-06-12 00:00:00,0.055129
2017-06-13 00:00:00,0.05538
2017-06-14 00:00:00,0.055794
2017-06-15 00:00:00,0.055406
2017-06-16 00:00:00,0.055799
2017-06-19 00:00:00,0.05567
2017-06-20 00:00:00,0.054941
2017-06-21 00:00:00,0.054814
2017-06-22 00:00:00,0.055185
2017-06-23 00:00:00,0.055509
2017-06-26 00:00:00,0.055936
2017-06-27 00:00:00,0.055589
2017-06-28 00:00:00,0.056004
2017-06-29 00:00:00,0.055401
2017-06-30 00:00:00,0.055134
2017-07-03 00:00:00,0.054853
2017-07-04 00:00:00,0.0549299999999999
2017-07-05 00:00:00,0.05462
2017-07-06 00:00:00,0.0547519999999999
2017-07-07 00:00:00,0.055255
2017-07-10 00:00:00,0.0556669999999999
2017-07-11 00:00:00,0.0558179999999999
2017-07-12 00:00:00,0.0562309999999999
2017-07-13 00:00:00,0.056534
2017-07-14 00:00:00,0.056921
2017-07-17 00:00:00,0.056843
2017-07-18 00:00:00,0.057209
2017-07-19 00:00:00,0.05695
2017-07-20 00:00:00,0.057172
2017-07-21 00:00:00,0.056628
2017-07-24 00:00:00,0.0563799999999999
2017-07-25 00:00:00,0.05624
2017-07-26 00:00:00,0.056834
2017-07-27 00:00:00,0.056386
2017-07-28 00:00:00,0.0562169999999999
2017-07-31 00:00:00,0.056148
2017-08-01 00:00:00,0.055872
2017-08-02 00:00:00,0.056085
2017-08-03 00:00:00,0.056012
2017-08-04 00:00:00,0.055848
2017-08-07 00:00:00,0.055769
2017-08-08 00:00:00,0.055998
2017-08-09 00:00:00,0.055702
2017-08-10 00:00:00,0.055629
2017-08-11 00:00:00,0.0561
2017-08-14 00:00:00,0.0562649999999999
2017-08-15 00:00:00,0.056139
2017-08-16 00:00:00,0.0566
2017-08-17 00:00:00,0.056003
2017-08-18 00:00:00,0.056451
2017-08-21 00:00:00,0.056623
2017-08-22 00:00:00,0.056594
2017-08-23 00:00:00,0.056534
2017-08-24 00:00:00,0.056392
2017-08-25 00:00:00,0.056727
2017-08-28 00:00:00,0.055934
2017-08-29 00:00:00,0.056033
2017-08-30 00:00:00,0.0564179999999999
2017-08-31 00:00:00,0.055902
2017-09-01 00:00:00,0.056103
2017-09-04 00:00:00,0.055925
2017-09-05 00:00:00,0.055864
2017-09-06 00:00:00,0.056187
2017-09-07 00:00:00,0.056567
2017-09-08 00:00:00,0.056432
2017-09-11 00:00:00,0.056547
2017-09-12 00:00:00,0.0563929999999999
2017-09-13 00:00:00,0.056324
2017-09-14 00:00:00,0.056587
2017-09-15 00:00:00,0.056613
2017-09-18 00:00:00,0.05629
2017-09-19 00:00:00,0.05617
2017-09-20 00:00:00,0.056257
2017-09-21 00:00:00,0.055913
2017-09-22 00:00:00,0.056333
2017-09-25 00:00:00,0.055784
2017-09-26 00:00:00,0.055684
2017-09-27 00:00:00,0.054911
2017-09-28 00:00:00,0.055062
2017-09-29 00:00:00,0.054762
2017-10-02 00:00:00,0.0548409999999999
2017-10-03 00:00:00,0.054886
2017-10-04 00:00:00,0.054724
2017-10-05 00:00:00,0.054049
2017-10-06 00:00:00,0.05393
2017-10-09 00:00:00,0.053541
2017-10-10 00:00:00,0.0530929999999999
2017-10-11 00:00:00,0.053425
2017-10-12 00:00:00,0.052877
2017-10-13 00:00:00,0.052863
2017-10-16 00:00:00,0.052534
2017-10-17 00:00:00,0.05321
2017-10-18 00:00:00,0.053009
2017-10-19 00:00:00,0.0531639999999999
2017-10-20 00:00:00,0.052639
2017-10-23 00:00:00,0.052396
2017-10-24 00:00:00,0.051983
2017-10-25 00:00:00,0.052502
2017-10-26 00:00:00,0.05206
2017-10-27 00:00:00,0.052229
2017-10-30 00:00:00,0.05196
2017-10-31 00:00:00,0.0522139999999999
2017-11-01 00:00:00,0.0524149999999999
2017-11-02 00:00:00,0.05267
2017-11-03 00:00:00,0.052044
2017-11-06 00:00:00,0.052569
2017-11-07 00:00:00,0.0522039999999999
2017-11-08 00:00:00,0.05237
2017-11-09 00:00:00,0.05251
2017-11-10 00:00:00,0.052335
2017-11-13 00:00:00,0.052263
2017-11-14 00:00:00,0.05216
2017-11-15 00:00:00,0.051933
2017-11-16 00:00:00,0.052464
2017-11-17 00:00:00,0.052828
2017-11-20 00:00:00,0.052631
2017-11-21 00:00:00,0.0532539999999999
2017-11-22 00:00:00,0.053616
2017-11-23 00:00:00,0.05362
2017-11-24 00:00:00,0.053834
2017-11-27 00:00:00,0.0537809999999999
2017-11-28 00:00:00,0.05392
2017-11-29 00:00:00,0.05385
2017-11-30 00:00:00,0.0536549999999999
2017-12-01 00:00:00,0.053682
2017-12-04 00:00:00,0.053701
2017-12-05 00:00:00,0.053273
2017-12-06 00:00:00,0.052984
2017-12-07 00:00:00,0.0527
2017-12-08 00:00:00,0.052832
2017-12-11 00:00:00,0.052448
2017-12-12 00:00:00,0.052133
2017-12-13 00:00:00,0.052588
2017-12-14 00:00:00,0.0522169999999999
2017-12-15 00:00:00,0.0522679999999999
2017-12-18 00:00:00,0.052382
2017-12-19 00:00:00,0.052055
2017-12-20 00:00:00,0.0520169999999999
2017-12-21 00:00:00,0.051354
2017-12-22 00:00:00,0.050611
2017-12-25 00:00:00,0.050519
2017-12-26 00:00:00,0.050324
2017-12-27 00:00:00,0.050774
2017-12-28 00:00:00,0.05072
2017-12-29 00:00:00,0.050816
2018-01-01 00:00:00,0.0508259999999999
2018-01-02 00:00:00,0.051174
2018-01-03 00:00:00,0.05167
2018-01-04 00:00:00,0.051825
2018-01-05 00:00:00,0.052113
2018-01-08 00:00:00,0.052002
2018-01-09 00:00:00,0.051962
2018-01-10 00:00:00,0.051823
2018-01-11 00:00:00,0.051873
2018-01-12 00:00:00,0.052514
2018-01-15 00:00:00,0.053012
2018-01-16 00:00:00,0.0532659999999999
2018-01-17 00:00:00,0.053413
2018-01-18 00:00:00,0.053741
2018-01-19 00:00:00,0.0536539999999999
2018-01-22 00:00:00,0.053513
2018-01-23 00:00:00,0.053471
2018-01-24 00:00:00,0.054034
2018-01-25 00:00:00,0.053727
2018-01-26 00:00:00,0.054054
2018-01-29 00:00:00,0.053708
2018-01-30 00:00:00,0.053257
2018-01-31 00:00:00,0.053749
2018-02-01 00:00:00,0.054488
2018-02-02 00:00:00,0.053749
2018-02-05 00:00:00,0.0532179999999999
2018-02-06 00:00:00,0.053741
2018-02-07 00:00:00,0.053187
2018-02-08 00:00:00,0.0529059999999999
2018-02-09 00:00:00,0.053424
2018-02-12 00:00:00,0.053728
2018-02-13 00:00:00,0.053588
2018-02-14 00:00:00,0.053794
2018-02-15 00:00:00,0.054033
2018-02-16 00:00:00,0.053964
2018-02-19 00:00:00,0.053961
2018-02-20 00:00:00,0.053435
2018-02-21 00:00:00,0.053069
2018-02-22 00:00:00,0.05372
2018-02-23 00:00:00,0.053883
2018-02-26 00:00:00,0.053532
2018-02-27 00:00:00,0.053054
2018-02-28 00:00:00,0.053072
2018-03-01 00:00:00,0.053057
2018-03-02 00:00:00,0.053101
2018-03-05 00:00:00,0.053187
2018-03-06 00:00:00,0.053344
2018-03-07 00:00:00,0.053433
2018-03-08 00:00:00,0.0535799999999999
2018-03-09 00:00:00,0.053693
2018-03-12 00:00:00,0.0537809999999999
2018-03-13 00:00:00,0.053732
2018-03-14 00:00:00,0.053794
2018-03-15 00:00:00,0.053464
2018-03-16 00:00:00,0.053465
2018-03-19 00:00:00,0.053445
2018-03-20 00:00:00,0.05327
2018-03-21 00:00:00,0.054224
2018-03-22 00:00:00,0.053633
2018-03-23 00:00:00,0.053961
2018-03-26 00:00:00,0.0545169999999999
2018-03-27 00:00:00,0.054369
2018-03-28 00:00:00,0.054604
2018-03-29 00:00:00,0.054974
2018-03-30 00:00:00,0.054998
2018-04-02 00:00:00,0.054798
2018-04-03 00:00:00,0.054872
2018-04-04 00:00:00,0.055238
2018-04-05 00:00:00,0.054914
2018-04-06 00:00:00,0.0546539999999999
2018-04-09 00:00:00,0.054475
2018-04-10 00:00:00,0.0547529999999999
2018-04-11 00:00:00,0.0548429999999999
2018-04-12 00:00:00,0.054962
2018-04-13 00:00:00,0.055394
2018-04-16 00:00:00,0.055499
2018-04-17 00:00:00,0.055385
2018-04-18 00:00:00,0.055273
2018-04-19 00:00:00,0.0541899999999999
2018-04-20 00:00:00,0.053946
2018-04-23 00:00:00,0.052784
2018-04-24 00:00:00,0.053124
2018-04-25 00:00:00,0.053045
2018-04-26 00:00:00,0.053137
2018-04-27 00:00:00,0.053701
2018-04-30 00:00:00,0.053424
2018-05-01 00:00:00,0.052749
2018-05-02 00:00:00,0.0523799999999999
2018-05-03 00:00:00,0.05245
2018-05-04 00:00:00,0.05189
2018-05-07 00:00:00,0.051364
2018-05-08 00:00:00,0.051074
2018-05-09 00:00:00,0.05106
2018-05-10 00:00:00,0.0520179999999999
2018-05-11 00:00:00,0.051459
2018-05-14 00:00:00,0.05095
2018-05-15 00:00:00,0.050763
2018-05-16 00:00:00,0.051084
2018-05-17 00:00:00,0.050664
2018-05-18 00:00:00,0.050095
2018-05-21 00:00:00,0.050442
2018-05-22 00:00:00,0.050558
2018-05-23 00:00:00,0.050927
2018-05-24 00:00:00,0.05107
2018-05-25 00:00:00,0.051122
2018-05-28 00:00:00,0.051013
2018-05-29 00:00:00,0.050392
2018-05-30 00:00:00,0.0506779999999999
2018-05-31 00:00:00,0.050213
2018-06-01 00:00:00,0.050114
2018-06-04 00:00:00,0.049795
2018-06-05 00:00:00,0.048877
2018-06-06 00:00:00,0.049249
2018-06-07 00:00:00,0.048822
2018-06-08 00:00:00,0.049273
2018-06-11 00:00:00,0.048548
2018-06-12 00:00:00,0.0482519999999999
2018-06-13 00:00:00,0.04843
2018-06-14 00:00:00,0.047857
2018-06-15 00:00:00,0.048461
2018-06-18 00:00:00,0.048729
2018-06-19 00:00:00,0.048708
2018-06-20 00:00:00,0.049095
2018-06-21 00:00:00,0.049192
2018-06-22 00:00:00,0.049944
2018-06-25 00:00:00,0.050272
2018-06-26 00:00:00,0.0501
2018-06-27 00:00:00,0.049545
2018-06-28 00:00:00,0.050723
2018-06-29 00:00:00,0.050217
2018-07-02 00:00:00,0.050094
2018-07-03 00:00:00,0.051371
2018-07-04 00:00:00,0.051412
2018-07-05 00:00:00,0.0520259999999999
2018-07-06 00:00:00,0.0524809999999999
2018-07-09 00:00:00,0.052024
2018-07-10 00:00:00,0.052783
2018-07-11 00:00:00,0.052391
2018-07-12 00:00:00,0.05268
2018-07-13 00:00:00,0.052935
2018-07-16 00:00:00,0.053113
2018-07-17 00:00:00,0.052933
2018-07-18 00:00:00,0.0529139999999999
2018-07-19 00:00:00,0.0524559999999999
2018-07-20 00:00:00,0.052536
2018-07-23 00:00:00,0.052945
2018-07-24 00:00:00,0.0529409999999999
2018-07-25 00:00:00,0.053557
2018-07-26 00:00:00,0.053669
2018-07-27 00:00:00,0.0536639999999999
2018-07-30 00:00:00,0.053928
2018-07-31 00:00:00,0.053614
2018-08-01 00:00:00,0.053786
2018-08-02 00:00:00,0.053617
2018-08-03 00:00:00,0.053857
2018-08-06 00:00:00,0.05397
2018-08-07 00:00:00,0.054166
2018-08-08 00:00:00,0.054124
2018-08-09 00:00:00,0.0534809999999999
2018-08-10 00:00:00,0.052859
2018-08-13 00:00:00,0.0523
2018-08-14 00:00:00,0.052949
2018-08-15 00:00:00,0.052229
2018-08-16 00:00:00,0.05265
2018-08-17 00:00:00,0.052922
2018-08-20 00:00:00,0.052626
2018-08-21 00:00:00,0.052742
2018-08-22 00:00:00,0.053384
2018-08-23 00:00:00,0.052601
2018-08-24 00:00:00,0.052833
2018-08-27 00:00:00,0.053252
2018-08-28 00:00:00,0.0523929999999999
2018-08-29 00:00:00,0.052736
2018-08-30 00:00:00,0.052312
2018-08-31 00:00:00,0.0523789999999999
2018-09-03 00:00:00,0.0521019999999999
2018-09-04 00:00:00,0.051529
2018-09-05 00:00:00,0.051694
2018-09-06 00:00:00,0.05211
2018-09-07 00:00:00,0.051739
2018-09-10 00:00:00,0.051877
2018-09-11 00:00:00,0.052108
2018-09-12 00:00:00,0.0525659999999999
2018-09-13 00:00:00,0.05309
2018-09-14 00:00:00,0.052923
2018-09-17 00:00:00,0.053071
2018-09-18 00:00:00,0.053162
2018-09-19 00:00:00,0.053248
2018-09-20 00:00:00,0.053084
2018-09-21 00:00:00,0.053091
2018-09-24 00:00:00,0.052711
2018-09-25 00:00:00,0.0526429999999999
2018-09-26 00:00:00,0.0530519999999999
2018-09-27 00:00:00,0.053228
2018-09-28 00:00:00,0.0534039999999999
2018-10-01 00:00:00,0.053398
2018-10-02 00:00:00,0.053193
2018-10-03 00:00:00,0.052507
2018-10-04 00:00:00,0.052344
2018-10-05 00:00:00,0.053112
2018-10-08 00:00:00,0.0527799999999999
2018-10-09 00:00:00,0.052522
2018-10-10 00:00:00,0.052186
2018-10-11 00:00:00,0.052685
2018-10-12 00:00:00,0.0530029999999999
2018-10-15 00:00:00,0.053062
2018-10-16 00:00:00,0.0533159999999999
2018-10-17 00:00:00,0.0529559999999999
2018-10-18 00:00:00,0.052199
2018-10-19 00:00:00,0.051848
2018-10-22 00:00:00,0.0515169999999999
2018-10-23 00:00:00,0.051813
2018-10-24 00:00:00,0.050995
2018-10-25 00:00:00,0.051299
2018-10-26 00:00:00,0.051646
2018-10-29 00:00:00,0.049835
2018-10-30 00:00:00,0.049848
2018-10-31 00:00:00,0.04915
2018-11-01 00:00:00,0.049591
2018-11-02 00:00:00,0.049929
2018-11-05 00:00:00,0.050269
2018-11-06 00:00:00,0.050691
2018-11-07 00:00:00,0.050344
2018-11-08 00:00:00,0.049505
2018-11-09 00:00:00,0.0496389999999999
2018-11-12 00:00:00,0.049094
2018-11-13 00:00:00,0.0487839999999999
2018-11-14 00:00:00,0.048981
2018-11-15 00:00:00,0.04942
2018-11-16 00:00:00,0.04958
2018-11-19 00:00:00,0.0490699999999999
2018-11-20 00:00:00,0.049093
2018-11-21 00:00:00,0.04938
2018-11-22 00:00:00,0.049218
2018-11-23 00:00:00,0.048958
2018-11-26 00:00:00,0.048492
2018-11-27 00:00:00,0.048815
2018-11-28 00:00:00,0.049267
2018-11-29 00:00:00,0.049387
2018-11-30 00:00:00,0.048998
2018-12-03 00:00:00,0.049107
2018-12-04 00:00:00,0.048725
2018-12-05 00:00:00,0.048756
2018-12-06 00:00:00,0.0491329999999999
2018-12-07 00:00:00,0.049307
2018-12-10 00:00:00,0.049225
2018-12-11 00:00:00,0.04948
2018-12-12 00:00:00,0.049782
2018-12-13 00:00:00,0.0492019999999999
2018-12-14 00:00:00,0.0493899999999999
2018-12-17 00:00:00,0.049792
2018-12-18 00:00:00,0.049791
2018-12-19 00:00:00,0.0497079999999999
2018-12-20 00:00:00,0.0502709999999999
2018-12-21 00:00:00,0.050094
2018-12-24 00:00:00,0.0502709999999999
2018-12-26 00:00:00,0.0502079999999999
2018-12-27 00:00:00,0.050813
2018-12-28 00:00:00,0.050841
2018-12-31 00:00:00,0.050879
2019-01-02 00:00:00,0.051092
2019-01-03 00:00:00,0.050933
2019-01-04 00:00:00,0.051466
2019-01-07 00:00:00,0.051641
2019-01-08 00:00:00,0.0516429999999999
2019-01-09 00:00:00,0.052011
2019-01-10 00:00:00,0.052265
2019-01-11 00:00:00,0.052237
2019-01-14 00:00:00,0.052673
2019-01-15 00:00:00,0.052622
2019-01-16 00:00:00,0.05292
2019-01-17 00:00:00,0.052574
2019-01-18 00:00:00,0.052389
2019-01-21 00:00:00,0.052162
2019-01-22 00:00:00,0.0521549999999999
2019-01-23 00:00:00,0.052542
2019-01-24 00:00:00,0.052569
2019-01-25 00:00:00,0.0526509999999999
2019-01-28 00:00:00,0.0525179999999999
2019-01-29 00:00:00,0.052625
2019-01-30 00:00:00,0.052246
2019-01-31 00:00:00,0.052324
2019-02-01 00:00:00,0.0523289999999999
2019-02-04 00:00:00,0.052295
2019-02-05 00:00:00,0.052522
2019-02-06 00:00:00,0.052322
2019-02-07 00:00:00,0.052371
2019-02-08 00:00:00,0.052399
2019-02-11 00:00:00,0.051794
2019-02-12 00:00:00,0.0519149999999999
2019-02-13 00:00:00,0.051436
2019-02-14 00:00:00,0.051917
2019-02-15 00:00:00,0.051931
2019-02-18 00:00:00,0.051945
2019-02-19 00:00:00,0.052222
2019-02-20 00:00:00,0.052024
2019-02-21 00:00:00,0.051835
2019-02-22 00:00:00,0.052209
2019-02-25 00:00:00,0.0522539999999999
2019-02-26 00:00:00,0.052137
2019-02-27 00:00:00,0.052169
2019-02-28 00:00:00,0.051855
2019-03-01 00:00:00,0.051876
2019-03-04 00:00:00,0.051811
2019-03-05 00:00:00,0.051946
2019-03-06 00:00:00,0.051648
2019-03-07 00:00:00,0.051143
2019-03-08 00:00:00,0.05127
2019-03-11 00:00:00,0.051536
2019-03-12 00:00:00,0.05168
2019-03-13 00:00:00,0.051838
2019-03-14 00:00:00,0.0517559999999999
2019-03-15 00:00:00,0.052044
2019-03-18 00:00:00,0.0524679999999999
2019-03-19 00:00:00,0.052584
2019-03-20 00:00:00,0.053101
2019-03-21 00:00:00,0.053009
2019-03-22 00:00:00,0.052349
2019-03-25 00:00:00,0.052559
2019-03-26 00:00:00,0.0523179999999999
2019-03-27 00:00:00,0.051635
2019-03-28 00:00:00,0.051687
2019-03-29 00:00:00,0.0514419999999999
2019-04-01 00:00:00,0.052237
2019-04-02 00:00:00,0.051997
2019-04-03 00:00:00,0.052008
2019-04-04 00:00:00,0.0522169999999999
2019-04-05 00:00:00,0.052422
2019-04-08 00:00:00,0.052715
2019-04-09 00:00:00,0.052807
2019-04-10 00:00:00,0.053135
2019-04-11 00:00:00,0.053071
2019-04-12 00:00:00,0.0533
2019-04-15 00:00:00,0.053027
2019-04-16 00:00:00,0.052985
2019-04-17 00:00:00,0.0531049999999999
2019-04-18 00:00:00,0.0531639999999999
2019-04-19 00:00:00,0.053237
2019-04-22 00:00:00,0.0531019999999999
2019-04-23 00:00:00,0.052885
2019-04-24 00:00:00,0.0524309999999999
2019-04-25 00:00:00,0.0525529999999999
2019-04-26 00:00:00,0.0527809999999999
2019-04-29 00:00:00,0.0525809999999999
2019-04-30 00:00:00,0.0527889999999999
2019-05-01 00:00:00,0.052633
2019-05-02 00:00:00,0.052298
2019-05-03 00:00:00,0.052823
2019-05-06 00:00:00,0.052661
2019-05-07 00:00:00,0.052537
2019-05-08 00:00:00,0.052384
2019-05-09 00:00:00,0.051986
2019-05-10 00:00:00,0.052337
2019-05-13 00:00:00,0.052012
2019-05-14 00:00:00,0.052207
2019-05-15 00:00:00,0.052472
2019-05-16 00:00:00,0.052283
2019-05-17 00:00:00,0.0521679999999999
2019-05-20 00:00:00,0.052427
2019-05-21 00:00:00,0.0525789999999999
2019-05-22 00:00:00,0.052652
2019-05-23 00:00:00,0.0525039999999999
2019-05-24 00:00:00,0.052482
2019-05-27 00:00:00,0.052457
2019-05-28 00:00:00,0.052088
2019-05-29 00:00:00,0.05226
2019-05-30 00:00:00,0.052232
2019-05-31 00:00:00,0.050959
2019-06-03 00:00:00,0.050556
2019-06-04 00:00:00,0.051105
2019-06-05 00:00:00,0.051062
2019-06-06 00:00:00,0.050768
2019-06-07 00:00:00,0.050927
2019-06-10 00:00:00,0.052027
2019-06-11 00:00:00,0.052263
2019-06-12 00:00:00,0.052145
2019-06-13 00:00:00,0.0520929999999999
2019-06-14 00:00:00,0.052207
2019-06-17 00:00:00,0.052139
2019-06-18 00:00:00,0.0522809999999999
2019-06-19 00:00:00,0.052577
2019-06-20 00:00:00,0.052626
2019-06-21 00:00:00,0.052285
2019-06-24 00:00:00,0.0520679999999999
2019-06-25 00:00:00,0.052006
2019-06-26 00:00:00,0.052277
2019-06-27 00:00:00,0.052138
2019-06-28 00:00:00,0.052012
2019-07-01 00:00:00,0.052271
2019-07-02 00:00:00,0.052487
2019-07-03 00:00:00,0.052577
2019-07-04 00:00:00,0.052589
2019-07-05 00:00:00,0.052574
2019-07-08 00:00:00,0.052867
2019-07-09 00:00:00,0.052203
2019-07-10 00:00:00,0.0522539999999999
2019-07-11 00:00:00,0.052422
2019-07-12 00:00:00,0.052632
2019-07-15 00:00:00,0.052696
2019-07-16 00:00:00,0.052355
2019-07-17 00:00:00,0.052437
2019-07-18 00:00:00,0.052775
2019-07-19 00:00:00,0.052534
2019-07-22 00:00:00,0.052466
2019-07-23 00:00:00,0.052138
2019-07-24 00:00:00,0.052458
2019-07-25 00:00:00,0.052564
2019-07-26 00:00:00,0.05247
2019-07-29 00:00:00,0.052438
2019-07-30 00:00:00,0.052446
2019-07-31 00:00:00,0.052226
2019-08-01 00:00:00,0.051962
2019-08-02 00:00:00,0.051779
2019-08-05 00:00:00,0.050974
2019-08-06 00:00:00,0.051075
2019-08-07 00:00:00,0.050939
2019-08-08 00:00:00,0.0515169999999999
2019-08-09 00:00:00,0.051503
2019-08-12 00:00:00,0.051004
2019-08-13 00:00:00,0.051597
2019-08-14 00:00:00,0.050822
2019-08-15 00:00:00,0.050987
2019-08-16 00:00:00,0.0508399999999999
2019-08-19 00:00:00,0.050331
2019-08-20 00:00:00,0.050588
2019-08-21 00:00:00,0.050785
2019-08-22 00:00:00,0.050446
2019-08-23 00:00:00,0.050192
2019-08-26 00:00:00,0.0501589999999999
2019-08-27 00:00:00,0.0500209999999999
2019-08-28 00:00:00,0.049735
2019-08-29 00:00:00,0.049638
2019-08-30 00:00:00,0.049821
2019-09-02 00:00:00,0.049618
2019-09-03 00:00:00,0.050059
2019-09-04 00:00:00,0.050705
2019-09-05 00:00:00,0.050629
2019-09-06 00:00:00,0.051171
2019-09-09 00:00:00,0.051105
2019-09-10 00:00:00,0.051293
2019-09-11 00:00:00,0.051251
2019-09-12 00:00:00,0.051436
2019-09-13 00:00:00,0.051525
2019-09-16 00:00:00,0.05143
2019-09-17 00:00:00,0.051637
2019-09-18 00:00:00,0.051544
2019-09-19 00:00:00,0.051395
2019-09-20 00:00:00,0.05141
2019-09-23 00:00:00,0.051324
2019-09-24 00:00:00,0.051419
2019-09-25 00:00:00,0.051084
2019-09-26 00:00:00,0.050821
2019-09-27 00:00:00,0.0507699999999999
2019-09-30 00:00:00,0.050662
2019-10-01 00:00:00,0.050433
2019-10-02 00:00:00,0.05051
2019-10-03 00:00:00,0.050878
2019-10-04 00:00:00,0.0512279999999999
2019-10-07 00:00:00,0.051075
2019-10-08 00:00:00,0.050948
2019-10-09 00:00:00,0.0510829999999999
2019-10-10 00:00:00,0.0514059999999999
2019-10-11 00:00:00,0.0517539999999999
2019-10-14 00:00:00,0.051888
2019-10-15 00:00:00,0.051965
2019-10-16 00:00:00,0.052073
2019-10-17 00:00:00,0.052078
2019-10-18 00:00:00,0.052297
2019-10-21 00:00:00,0.0522889999999999
2019-10-22 00:00:00,0.052215
2019-10-23 00:00:00,0.052302
2019-10-24 00:00:00,0.052256
2019-10-25 00:00:00,0.05244
2019-10-28 00:00:00,0.052299
2019-10-29 00:00:00,0.052292
2019-10-30 00:00:00,0.052396
2019-10-31 00:00:00,0.051988
2019-11-01 00:00:00,0.052315
2019-11-04 00:00:00,0.052148
2019-11-05 00:00:00,0.052098
2019-11-06 00:00:00,0.052229
2019-11-07 00:00:00,0.052239
2019-11-08 00:00:00,0.0523309999999999
2019-11-11 00:00:00,0.052305
2019-11-12 00:00:00,0.0517559999999999
2019-11-13 00:00:00,0.051659
2019-11-14 00:00:00,0.051751
2019-11-15 00:00:00,0.052123
2019-11-18 00:00:00,0.051751
2019-11-19 00:00:00,0.051671
2019-11-20 00:00:00,0.051363
2019-11-21 00:00:00,0.051577
2019-11-22 00:00:00,0.051608
2019-11-25 00:00:00,0.051424
2019-11-26 00:00:00,0.05122
2019-11-27 00:00:00,0.0512309999999999
2019-11-28 00:00:00,0.051348
2019-11-29 00:00:00,0.05114
2019-12-02 00:00:00,0.051077
2019-12-03 00:00:00,0.051124
2019-12-04 00:00:00,0.051447
2019-12-05 00:00:00,0.0516299999999999
2019-12-06 00:00:00,0.051822
2019-12-09 00:00:00,0.051972
2019-12-10 00:00:00,0.051917
2019-12-11 00:00:00,0.052291
2019-12-12 00:00:00,0.052471
2019-12-13 00:00:00,0.052535
2019-12-16 00:00:00,0.0528159999999999
2019-12-17 00:00:00,0.05282
2019-12-18 00:00:00,0.052715
2019-12-19 00:00:00,0.052851
2019-12-20 00:00:00,0.052779
2019-12-23 00:00:00,0.05277
2019-12-24 00:00:00,0.052648
2019-12-26 00:00:00,0.052777
2019-12-27 00:00:00,0.053072
2019-12-30 00:00:00,0.052824
2019-12-31 00:00:00,0.052795
2020-01-02 00:00:00,0.053074
2020-01-03 00:00:00,0.052864
2020-01-06 00:00:00,0.0530659999999999
2020-01-07 00:00:00,0.05292
2020-01-08 00:00:00,0.053134
2020-01-09 00:00:00,0.053074
2020-01-10 00:00:00,0.0531769999999999
2020-01-13 00:00:00,0.053182
2020-01-14 00:00:00,0.053234
2020-01-15 00:00:00,0.053211
2020-01-16 00:00:00,0.053247
2020-01-17 00:00:00,0.0535789999999999
2020-01-20 00:00:00,0.053569
2020-01-21 00:00:00,0.0532679999999999
2020-01-22 00:00:00,0.053514
2020-01-23 00:00:00,0.053297
2020-01-24 00:00:00,0.053212
2020-01-27 00:00:00,0.052875
2020-01-28 00:00:00,0.053407
2020-01-29 00:00:00,0.053474
2020-01-30 00:00:00,0.053244
2020-01-31 00:00:00,0.053045
2020-02-03 00:00:00,0.053137
2020-02-04 00:00:00,0.053558
2020-02-05 00:00:00,0.053772
2020-02-06 00:00:00,0.053585
2020-02-07 00:00:00,0.053257
2020-02-10 00:00:00,0.053471
2020-02-11 00:00:00,0.053571
2020-02-12 00:00:00,0.0536909999999999
2020-02-13 00:00:00,0.053755
2020-02-14 00:00:00,0.053919
2020-02-17 00:00:00,0.05387
2020-02-18 00:00:00,0.053773
2020-02-19 00:00:00,0.0538559999999999
2020-02-20 00:00:00,0.0530879999999999
2020-02-21 00:00:00,0.052881
2020-02-24 00:00:00,0.052433
2020-02-25 00:00:00,0.0524
2020-02-26 00:00:00,0.0518529999999999
2020-02-27 00:00:00,0.051257
2020-02-28 00:00:00,0.050991
2020-03-02 00:00:00,0.051552
2020-03-03 00:00:00,0.051398
2020-03-04 00:00:00,0.051174
2020-03-05 00:00:00,0.050379
2020-03-06 00:00:00,0.049718
2020-03-09 00:00:00,0.048096
2020-03-10 00:00:00,0.047971
2020-03-11 00:00:00,0.046756
2020-03-12 00:00:00,0.045589
2020-03-13 00:00:00,0.045642
2020-03-16 00:00:00,0.043733
2020-03-17 00:00:00,0.043558
2020-03-18 00:00:00,0.042141
2020-03-19 00:00:00,0.041574
2020-03-20 00:00:00,0.040941
2020-03-23 00:00:00,0.039421
2020-03-24 00:00:00,0.040236
2020-03-25 00:00:00,0.041768
2020-03-26 00:00:00,0.043545
2020-03-27 00:00:00,0.042791
2020-03-30 00:00:00,0.042016
2020-03-31 00:00:00,0.042164
2020-04-01 00:00:00,0.041244
2020-04-02 00:00:00,0.0412279999999999
2020-04-03 00:00:00,0.040011
2020-04-06 00:00:00,0.040581
2020-04-07 00:00:00,0.041086
2020-04-08 00:00:00,0.041581
2020-04-09 00:00:00,0.042404
2020-04-10 00:00:00,0.042739
2020-04-13 00:00:00,0.042246
2020-04-14 00:00:00,0.042731
2020-04-15 00:00:00,0.041652
2020-04-16 00:00:00,0.041604
2020-04-17 00:00:00,0.042133
2020-04-20 00:00:00,0.04158
2020-04-21 00:00:00,0.040982
2020-04-22 00:00:00,0.040826
2020-04-23 00:00:00,0.040296
2020-04-24 00:00:00,0.040017
2020-04-27 00:00:00,0.040479
2020-04-28 00:00:00,0.041129
2020-04-29 00:00:00,0.042099
2020-04-30 00:00:00,0.041349
2020-05-01 00:00:00,0.040636
2020-05-04 00:00:00,0.041535
2020-05-05 00:00:00,0.041673
2020-05-06 00:00:00,0.040997
2020-05-07 00:00:00,0.041573
2020-05-08 00:00:00,0.0422279999999999
2020-05-11 00:00:00,0.041759
2020-05-12 00:00:00,0.041026
2020-05-13 00:00:00,0.041313
2020-05-14 00:00:00,0.041886
2020-05-15 00:00:00,0.041731
2020-05-18 00:00:00,0.042094
2020-05-19 00:00:00,0.042301
2020-05-20 00:00:00,0.043099
2020-05-21 00:00:00,0.043724
2020-05-22 00:00:00,0.043973
2020-05-25 00:00:00,0.04432
2020-05-26 00:00:00,0.045029
2020-05-27 00:00:00,0.044759
2020-05-28 00:00:00,0.044985
2020-05-29 00:00:00,0.045073
2020-06-01 00:00:00,0.045382
2020-06-02 00:00:00,0.04588
2020-06-03 00:00:00,0.045933
2020-06-04 00:00:00,0.045602
2020-06-05 00:00:00,0.046319
2020-06-08 00:00:00,0.046505
2020-06-09 00:00:00,0.045619
2020-06-10 00:00:00,0.045713
2020-06-11 00:00:00,0.04388
2020-06-12 00:00:00,0.044926
2020-06-15 00:00:00,0.044973
2020-06-16 00:00:00,0.044758
2020-06-17 00:00:00,0.044814
2020-06-18 00:00:00,0.043931
2020-06-19 00:00:00,0.04414
2020-06-22 00:00:00,0.044418
2020-06-23 00:00:00,0.0446089999999999
2020-06-24 00:00:00,0.043858
2020-06-25 00:00:00,0.044094
2020-06-26 00:00:00,0.043329
2020-06-29 00:00:00,0.043307
2020-06-30 00:00:00,0.043439
2020-07-01 00:00:00,0.044079
2020-07-02 00:00:00,0.044476
2020-07-03 00:00:00,0.044638
2020-07-06 00:00:00,0.044754
2020-07-07 00:00:00,0.043729
2020-07-08 00:00:00,0.04412
2020-07-09 00:00:00,0.044149
2020-07-10 00:00:00,0.044505
2020-07-13 00:00:00,0.0439279999999999
2020-07-14 00:00:00,0.0445259999999999
2020-07-15 00:00:00,0.044778
2020-07-16 00:00:00,0.044587
2020-07-17 00:00:00,0.044342
2020-07-20 00:00:00,0.044453
2020-07-21 00:00:00,0.044766
2020-07-22 00:00:00,0.044701
2020-07-23 00:00:00,0.044418
2020-07-24 00:00:00,0.044854
2020-07-27 00:00:00,0.0456
2020-07-28 00:00:00,0.045567
2020-07-29 00:00:00,0.045499
2020-07-30 00:00:00,0.045375
2020-07-31 00:00:00,0.044874
2020-08-03 00:00:00,0.044149
2020-08-04 00:00:00,0.044091
2020-08-05 00:00:00,0.044688
2020-08-06 00:00:00,0.044614
2020-08-07 00:00:00,0.04464
2020-08-10 00:00:00,0.044486
2020-08-11 00:00:00,0.044625
2020-08-12 00:00:00,0.044713
2020-08-13 00:00:00,0.045072
2020-08-14 00:00:00,0.045466
2020-08-17 00:00:00,0.045074
2020-08-18 00:00:00,0.045094
2020-08-19 00:00:00,0.045147
2020-08-20 00:00:00,0.0452819999999999
2020-08-21 00:00:00,0.045485
2020-08-24 00:00:00,0.045456
2020-08-25 00:00:00,0.045654
2020-08-26 00:00:00,0.045568
2020-08-27 00:00:00,0.045084
2020-08-28 00:00:00,0.045943
2020-08-31 00:00:00,0.0456769999999999
2020-09-01 00:00:00,0.045926
2020-09-02 00:00:00,0.046049
2020-09-03 00:00:00,0.046176
2020-09-04 00:00:00,0.046363
2020-09-07 00:00:00,0.046234
2020-09-08 00:00:00,0.045909
2020-09-09 00:00:00,0.046798
2020-09-10 00:00:00,0.046623
2020-09-11 00:00:00,0.046951
2020-09-14 00:00:00,0.0474259999999999
2020-09-15 00:00:00,0.04726
2020-09-16 00:00:00,0.047688
2020-09-17 00:00:00,0.047914
2020-09-18 00:00:00,0.047281
2020-09-21 00:00:00,0.046816
2020-09-22 00:00:00,0.046029
2020-09-23 00:00:00,0.044657
2020-09-24 00:00:00,0.0451279999999999
2020-09-25 00:00:00,0.044745
2020-09-28 00:00:00,0.044585
2020-09-29 00:00:00,0.0444769999999999
2020-09-30 00:00:00,0.045185
2020-10-01 00:00:00,0.045758
2020-10-02 00:00:00,0.04621
2020-10-05 00:00:00,0.046711
2020-10-06 00:00:00,0.045999
2020-10-07 00:00:00,0.046585
2020-10-08 00:00:00,0.046754
2020-10-09 00:00:00,0.047288
2020-10-12 00:00:00,0.047144
2020-10-13 00:00:00,0.046854
2020-10-14 00:00:00,0.046907
2020-10-15 00:00:00,0.046997
2020-10-16 00:00:00,0.04728
2020-10-19 00:00:00,0.047159
2020-10-20 00:00:00,0.047333
2020-10-21 00:00:00,0.047372
2020-10-22 00:00:00,0.047675
2020-10-23 00:00:00,0.047889
2020-10-26 00:00:00,0.047742
2020-10-27 00:00:00,0.04753
2020-10-28 00:00:00,0.046964
2020-10-29 00:00:00,0.046742
2020-10-30 00:00:00,0.04717
2020-11-02 00:00:00,0.04677
2020-11-03 00:00:00,0.047324
2020-11-04 00:00:00,0.047718
2020-11-05 00:00:00,0.048242
2020-11-06 00:00:00,0.0485149999999999
2020-11-09 00:00:00,0.0491529999999999
2020-11-10 00:00:00,0.049169
2020-11-11 00:00:00,0.048798
2020-11-12 00:00:00,0.048421
2020-11-13 00:00:00,0.048968
2020-11-16 00:00:00,0.0492839999999999
2020-11-17 00:00:00,0.049287
2020-11-18 00:00:00,0.04916
2020-11-19 00:00:00,0.049498
2020-11-20 00:00:00,0.049678
2020-11-23 00:00:00,0.049594
2020-11-24 00:00:00,0.049894
2020-11-25 00:00:00,0.0500829999999999
2020-11-26 00:00:00,0.049873
2020-11-27 00:00:00,0.0499019999999999
2020-11-30 00:00:00,0.049548
2020-12-01 00:00:00,0.049877
2020-12-02 00:00:00,0.050072
2020-12-03 00:00:00,0.050263
2020-12-04 00:00:00,0.050537
2020-12-07 00:00:00,0.050237
2020-12-08 00:00:00,0.0505279999999999
2020-12-09 00:00:00,0.050301
2020-12-10 00:00:00,0.049986
2020-12-11 00:00:00,0.04962
2020-12-14 00:00:00,0.049392
2020-12-15 00:00:00,0.050205
2020-12-16 00:00:00,0.050371
2020-12-17 00:00:00,0.050436
2020-12-18 00:00:00,0.050111
2020-12-21 00:00:00,0.049992
2020-12-22 00:00:00,0.049642
2020-12-23 00:00:00,0.0498199999999999
2020-12-24 00:00:00,0.050233
2020-12-28 00:00:00,0.049922
2020-12-29 00:00:00,0.050196
2020-12-30 00:00:00,0.050207
2020-12-31 00:00:00,0.050244
2021-01-04 00:00:00,0.050039
2021-01-05 00:00:00,0.050232
2021-01-06 00:00:00,0.050862
2021-01-07 00:00:00,0.0499089999999999
2021-01-08 00:00:00,0.049942
2021-01-11 00:00:00,0.049797
2021-01-12 00:00:00,0.050511
2021-01-13 00:00:00,0.050316
2021-01-14 00:00:00,0.050689
2021-01-15 00:00:00,0.050468
2021-01-18 00:00:00,0.050741
2021-01-19 00:00:00,0.05083
2021-01-20 00:00:00,0.051006
2021-01-21 00:00:00,0.050653
2021-01-22 00:00:00,0.050035
2021-01-25 00:00:00,0.049694
2021-01-26 00:00:00,0.049998
2021-01-27 00:00:00,0.0492839999999999
2021-01-28 00:00:00,0.049337
2021-01-29 00:00:00,0.048553
2021-02-01 00:00:00,0.049046
2021-02-02 00:00:00,0.049637
2021-02-03 00:00:00,0.049503
2021-02-04 00:00:00,0.048995
2021-02-05 00:00:00,0.049755
2021-02-08 00:00:00,0.049714
2021-02-09 00:00:00,0.049762
2021-02-10 00:00:00,0.049864
2021-02-11 00:00:00,0.050078
2021-02-12 00:00:00,0.050118
2021-02-15 00:00:00,0.050046
2021-02-16 00:00:00,0.0496
2021-02-17 00:00:00,0.04942
2021-02-18 00:00:00,0.049243
2021-02-19 00:00:00,0.048928
2021-02-22 00:00:00,0.048204
2021-02-23 00:00:00,0.048676
2021-02-24 00:00:00,0.049035
2021-02-25 00:00:00,0.0479259999999999
2021-02-26 00:00:00,0.047913
2021-03-01 00:00:00,0.048406
2021-03-02 00:00:00,0.048506
2021-03-03 00:00:00,0.047738
2021-03-04 00:00:00,0.047302
2021-03-05 00:00:00,0.046896
2021-03-08 00:00:00,0.046452
2021-03-09 00:00:00,0.047138
2021-03-10 00:00:00,0.047855
2021-03-11 00:00:00,0.048503
2021-03-12 00:00:00,0.048233
2021-03-15 00:00:00,0.048414
2021-03-16 00:00:00,0.04848
2021-03-17 00:00:00,0.049005
2021-03-18 00:00:00,0.048792
2021-03-19 00:00:00,0.048742
2021-03-22 00:00:00,0.048601
2021-03-23 00:00:00,0.047967
2021-03-24 00:00:00,0.047729
2021-03-25 00:00:00,0.0483269999999999
2021-03-26 00:00:00,0.048542
2021-03-29 00:00:00,0.0484879999999999
2021-03-30 00:00:00,0.0485279999999999
2021-03-31 00:00:00,0.0488829999999999
2021-04-01 00:00:00,0.049234
2021-04-02 00:00:00,0.0491949999999999
2021-04-05 00:00:00,0.049145
2021-04-06 00:00:00,0.049572
2021-04-07 00:00:00,0.049476
2021-04-08 00:00:00,0.049754
2021-04-09 00:00:00,0.049568
2021-04-12 00:00:00,0.049628
2021-04-13 00:00:00,0.0497779999999999
2021-04-14 00:00:00,0.049812
2021-04-15 00:00:00,0.050133
2021-04-16 00:00:00,0.050148
2021-04-19 00:00:00,0.050437
2021-04-20 00:00:00,0.0500629999999999
2021-04-21 00:00:00,0.050288
2021-04-22 00:00:00,0.050124
2021-04-23 00:00:00,0.050399
2021-04-26 00:00:00,0.0503529999999999
2021-04-27 00:00:00,0.049846
2021-04-28 00:00:00,0.050205
2021-04-29 00:00:00,0.0498529999999999
2021-04-30 00:00:00,0.049355
2021-05-03 00:00:00,0.049543
2021-05-04 00:00:00,0.049436
2021-05-05 00:00:00,0.049357
2021-05-06 00:00:00,0.049769
2021-05-07 00:00:00,0.050198
2021-05-10 00:00:00,0.050099
2021-05-11 00:00:00,0.050084
2021-05-12 00:00:00,0.049558
2021-05-13 00:00:00,0.050141
2021-05-14 00:00:00,0.050299
2021-05-17 00:00:00,0.0505199999999999
2021-05-18 00:00:00,0.0503529999999999
2021-05-19 00:00:00,0.050154
2021-05-20 00:00:00,0.050291
2021-05-21 00:00:00,0.050079
2021-05-24 00:00:00,0.050268
2021-05-25 00:00:00,0.050187
2021-05-26 00:00:00,0.050261
2021-05-27 00:00:00,0.05005
2021-05-28 00:00:00,0.050148
2021-05-31 00:00:00,0.0500899999999999
2021-06-01 00:00:00,0.050061
2021-06-02 00:00:00,0.050239
2021-06-03 00:00:00,0.049569
2021-06-04 00:00:00,0.0500769999999999
2021-06-07 00:00:00,0.050481
2021-06-08 00:00:00,0.050758
2021-06-09 00:00:00,0.050656
2021-06-10 00:00:00,0.050773
2021-06-11 00:00:00,0.05028
2021-06-14 00:00:00,0.050066
2021-06-15 00:00:00,0.04992
2021-06-16 00:00:00,0.048974
2021-06-17 00:00:00,0.048914
2021-06-18 00:00:00,0.048333
2021-06-21 00:00:00,0.048764
2021-06-22 00:00:00,0.049094
2021-06-23 00:00:00,0.049464
2021-06-24 00:00:00,0.050312
2021-06-25 00:00:00,0.05043
2021-06-28 00:00:00,0.050425
2021-06-29 00:00:00,0.050449
2021-06-30 00:00:00,0.050124
2021-07-01 00:00:00,0.049998
2021-07-02 00:00:00,0.050539
2021-07-05 00:00:00,0.050336
2021-07-06 00:00:00,0.049873
2021-07-07 00:00:00,0.050101
2021-07-08 00:00:00,0.049961
2021-07-09 00:00:00,0.0502839999999999
2021-07-12 00:00:00,0.050367
2021-07-13 00:00:00,0.049822
2021-07-14 00:00:00,0.050268
2021-07-15 00:00:00,0.050117
2021-07-16 00:00:00,0.05023
2021-07-19 00:00:00,0.049799
2021-07-20 00:00:00,0.049567
2021-07-21 00:00:00,0.0495829999999999
2021-07-22 00:00:00,0.0497079999999999
2021-07-23 00:00:00,0.0498
2021-07-26 00:00:00,0.049854
2021-07-27 00:00:00,0.050036
2021-07-28 00:00:00,0.050192
2021-07-29 00:00:00,0.050342
2021-07-30 00:00:00,0.050263
2021-08-02 00:00:00,0.050227
2021-08-03 00:00:00,0.050281
2021-08-04 00:00:00,0.050023
2021-08-05 00:00:00,0.05014
2021-08-06 00:00:00,0.049858
2021-08-09 00:00:00,0.049792
2021-08-10 00:00:00,0.049776
2021-08-11 00:00:00,0.050168
2021-08-12 00:00:00,0.050087
2021-08-13 00:00:00,0.050283
2021-08-16 00:00:00,0.050243
2021-08-17 00:00:00,0.0499649999999999
2021-08-18 00:00:00,0.04988
2021-08-19 00:00:00,0.049568
2021-08-20 00:00:00,0.049055
2021-08-23 00:00:00,0.049221
2021-08-24 00:00:00,0.049485
2021-08-25 00:00:00,0.049406
2021-08-26 00:00:00,0.049088
2021-08-27 00:00:00,0.049493
2021-08-30 00:00:00,0.049635
2021-08-31 00:00:00,0.049806
2021-09-01 00:00:00,0.049987
2021-09-02 00:00:00,0.050087
2021-09-03 00:00:00,0.050172
2021-09-06 00:00:00,0.050187
2021-09-07 00:00:00,0.050134
2021-09-08 00:00:00,0.050129
2021-09-09 00:00:00,0.050133
2021-09-10 00:00:00,0.050242
2021-09-13 00:00:00,0.050308
2021-09-14 00:00:00,0.050204
2021-09-15 00:00:00,0.050341
2021-09-16 00:00:00,0.050141
2021-09-17 00:00:00,0.049926
2021-09-20 00:00:00,0.049642
2021-09-21 00:00:00,0.049656
2021-09-22 00:00:00,0.0497709999999999
2021-09-23 00:00:00,0.049856
2021-09-24 00:00:00,0.049854
2021-09-27 00:00:00,0.049741
2021-09-28 00:00:00,0.049166
2021-09-29 00:00:00,0.048729
2021-09-30 00:00:00,0.048438
2021-10-01 00:00:00,0.048861
2021-10-04 00:00:00,0.048783
2021-10-05 00:00:00,0.048616
2021-10-06 00:00:00,0.048638
2021-10-07 00:00:00,0.048378
2021-10-08 00:00:00,0.04825
2021-10-11 00:00:00,0.047889
2021-10-12 00:00:00,0.048111
2021-10-13 00:00:00,0.0486459999999999
2021-10-14 00:00:00,0.048638
2021-10-15 00:00:00,0.049145
2021-10-18 00:00:00,0.048985
2021-10-19 00:00:00,0.049395
2021-10-20 00:00:00,0.049486
2021-10-21 00:00:00,0.049239
2021-10-22 00:00:00,0.04953
2021-10-25 00:00:00,0.049554
2021-10-26 00:00:00,0.04948
2021-10-27 00:00:00,0.049221
2021-10-28 00:00:00,0.049061
2021-10-29 00:00:00,0.0485899999999999
2021-11-01 00:00:00,0.047974
2021-11-02 00:00:00,0.048088
2021-11-03 00:00:00,0.048677
2021-11-04 00:00:00,0.048645
2021-11-05 00:00:00,0.049112
2021-11-08 00:00:00,0.0491389999999999
2021-11-09 00:00:00,0.049192
2021-11-10 00:00:00,0.048436
2021-11-11 00:00:00,0.048426
2021-11-12 00:00:00,0.048707
2021-11-15 00:00:00,0.048468
2021-11-16 00:00:00,0.048121
2021-11-17 00:00:00,0.048407
2021-11-18 00:00:00,0.048116
2021-11-19 00:00:00,0.047944
2021-11-22 00:00:00,0.047591
2021-11-23 00:00:00,0.0470579999999999
2021-11-24 00:00:00,0.0466769999999999
2021-11-25 00:00:00,0.046329
2021-11-26 00:00:00,0.045582
2021-11-29 00:00:00,0.046123
2021-11-30 00:00:00,0.0466139999999999
2021-12-01 00:00:00,0.046471
2021-12-02 00:00:00,0.04701
2021-12-03 00:00:00,0.046966
2021-12-06 00:00:00,0.047093
2021-12-07 00:00:00,0.047525
2021-12-08 00:00:00,0.047737
2021-12-09 00:00:00,0.047705
2021-12-10 00:00:00,0.047851
2021-12-13 00:00:00,0.0475709999999999
2021-12-14 00:00:00,0.047066
2021-12-15 00:00:00,0.047579
2021-12-16 00:00:00,0.047996
2021-12-17 00:00:00,0.047944
2021-12-20 00:00:00,0.048101
2021-12-21 00:00:00,0.048026
2021-12-22 00:00:00,0.048227
2021-12-23 00:00:00,0.048418
2021-12-24 00:00:00,0.048466
2021-12-27 00:00:00,0.048298
2021-12-28 00:00:00,0.0483899999999999
2021-12-29 00:00:00,0.048581
2021-12-30 00:00:00,0.048849
2021-12-31 00:00:00,0.048719
2022-01-03 00:00:00,0.048711
2022-01-04 00:00:00,0.048707
2022-01-05 00:00:00,0.048568
2022-01-06 00:00:00,0.048754
2022-01-07 00:00:00,0.049029
2022-01-10 00:00:00,0.049097
2022-01-11 00:00:00,0.049046
2022-01-12 00:00:00,0.049134
2022-01-13 00:00:00,0.049145
2022-01-14 00:00:00,0.049222
2022-01-17 00:00:00,0.0492509999999999
2022-01-18 00:00:00,0.048997
2022-01-19 00:00:00,0.048724
2022-01-20 00:00:00,0.048657
2022-01-21 00:00:00,0.048802
2022-01-24 00:00:00,0.048569
2022-01-25 00:00:00,0.048507
2022-01-26 00:00:00,0.048169
2022-01-27 00:00:00,0.048132
2022-01-28 00:00:00,0.04803
2022-01-31 00:00:00,0.048448
2022-02-01 00:00:00,0.048656
2022-02-02 00:00:00,0.048589
2022-02-03 00:00:00,0.048645
2022-02-04 00:00:00,0.048337
2022-02-07 00:00:00,0.048545
2022-02-08 00:00:00,0.048478
2022-02-09 00:00:00,0.048819
2022-02-10 00:00:00,0.048602
2022-02-11 00:00:00,0.048641
2022-02-14 00:00:00,0.0489649999999999
2022-02-15 00:00:00,0.049027
2022-02-16 00:00:00,0.049307
2022-02-17 00:00:00,0.049235
2022-02-18 00:00:00,0.049253
2022-02-21 00:00:00,0.049204
2022-02-22 00:00:00,0.049247
2022-02-23 00:00:00,0.049413
2022-02-24 00:00:00,0.0486459999999999
2022-02-25 00:00:00,0.049121
2022-02-28 00:00:00,0.048844
2022-03-01 00:00:00,0.048374
2022-03-02 00:00:00,0.0484389999999999
2022-03-03 00:00:00,0.0484389999999999
2022-03-04 00:00:00,0.047717
2022-03-07 00:00:00,0.046893
2022-03-08 00:00:00,0.046771
2022-03-09 00:00:00,0.047806
2022-03-10 00:00:00,0.0477589999999999
2022-03-11 00:00:00,0.047773
2022-03-14 00:00:00,0.0478009999999999
2022-03-15 00:00:00,0.0480079999999999
2022-03-16 00:00:00,0.0484389999999999
2022-03-17 00:00:00,0.04872
2022-03-18 00:00:00,0.0490699999999999
2022-03-21 00:00:00,0.0490639999999999
2022-03-22 00:00:00,0.049298
2022-03-23 00:00:00,0.049438
2022-03-24 00:00:00,0.04976
2022-03-25 00:00:00,0.049887
2022-03-28 00:00:00,0.049691
2022-03-29 00:00:00,0.05005
2022-03-30 00:00:00,0.050304
2022-03-31 00:00:00,0.050324
2022-04-01 00:00:00,0.050292
2022-04-04 00:00:00,0.050457
2022-04-05 00:00:00,0.049987
2022-04-06 00:00:00,0.049582
2022-04-07 00:00:00,0.049649
2022-04-08 00:00:00,0.049872
2022-04-11 00:00:00,0.050136
2022-04-12 00:00:00,0.050489
2022-04-13 00:00:00,0.050535
2022-04-14 00:00:00,0.050056
2022-04-15 00:00:00,0.050081
2022-04-18 00:00:00,0.050412
2022-04-19 00:00:00,0.04992
2022-04-20 00:00:00,0.05002
2022-04-21 00:00:00,0.049564
2022-04-22 00:00:00,0.049357
2022-04-25 00:00:00,0.049451
2022-04-26 00:00:00,0.048927
2022-04-27 00:00:00,0.049053
2022-04-28 00:00:00,0.048865
2022-04-29 00:00:00,0.048919
2022-05-02 00:00:00,0.048796
2022-05-03 00:00:00,0.04926
2022-05-04 00:00:00,0.049913
2022-05-05 00:00:00,0.0493959999999999
2022-05-06 00:00:00,0.049565
2022-05-09 00:00:00,0.048981
2022-05-10 00:00:00,0.049026
2022-05-11 00:00:00,0.0492149999999999
2022-05-12 00:00:00,0.049364
2022-05-13 00:00:00,0.049706
2022-05-16 00:00:00,0.049932
2022-05-17 00:00:00,0.050142
2022-05-18 00:00:00,0.049866
2022-05-19 00:00:00,0.050155
2022-05-20 00:00:00,0.050345
2022-05-23 00:00:00,0.050323
2022-05-24 00:00:00,0.0503819999999999
2022-05-25 00:00:00,0.050408
2022-05-26 00:00:00,0.050575
2022-05-27 00:00:00,0.051029
2022-05-30 00:00:00,0.051107
2022-05-31 00:00:00,0.050855
2022-06-01 00:00:00,0.0507339999999999
2022-06-02 00:00:00,0.051177
2022-06-03 00:00:00,0.051095
2022-06-06 00:00:00,0.05106
2022-06-07 00:00:00,0.051026
2022-06-08 00:00:00,0.051057
2022-06-09 00:00:00,0.050814
2022-06-10 00:00:00,0.050017
2022-06-13 00:00:00,0.048856
2022-06-14 00:00:00,0.048567
2022-06-15 00:00:00,0.0493529999999999
2022-06-16 00:00:00,0.048975
2022-06-17 00:00:00,0.049144
2022-06-20 00:00:00,0.049273
2022-06-21 00:00:00,0.049681
2022-06-22 00:00:00,0.049862
2022-06-23 00:00:00,0.049951
2022-06-24 00:00:00,0.050302
2022-06-27 00:00:00,0.050175
2022-06-28 00:00:00,0.049635
2022-06-29 00:00:00,0.049666
2022-06-30 00:00:00,0.049723
2022-07-01 00:00:00,0.049326
2022-07-04 00:00:00,0.049289
2022-07-05 00:00:00,0.048718
2022-07-06 00:00:00,0.048392
2022-07-07 00:00:00,0.048724
2022-07-08 00:00:00,0.048813
2022-07-11 00:00:00,0.0482019999999999
2022-07-12 00:00:00,0.04793
2022-07-13 00:00:00,0.048221
2022-07-14 00:00:00,0.04804
2022-07-15 00:00:00,0.048676
2022-07-18 00:00:00,0.04885
2022-07-19 00:00:00,0.048717
2022-07-20 00:00:00,0.048656
2022-07-21 00:00:00,0.04845
2022-07-22 00:00:00,0.048628
2022-07-25 00:00:00,0.048835
2022-07-26 00:00:00,0.048861
2022-07-27 00:00:00,0.048999
2022-07-28 00:00:00,0.049292
2022-07-29 00:00:00,0.049061
2022-08-01 00:00:00,0.049023
2022-08-02 00:00:00,0.048086
2022-08-03 00:00:00,0.048829
2022-08-04 00:00:00,0.049152
2022-08-05 00:00:00,0.048912
2022-08-08 00:00:00,0.049361
2022-08-09 00:00:00,0.0493889999999999
2022-08-10 00:00:00,0.049913
2022-08-11 00:00:00,0.050106
2022-08-12 00:00:00,0.050334
2022-08-15 00:00:00,0.050384
2022-08-16 00:00:00,0.050213
2022-08-17 00:00:00,0.050053
2022-08-18 00:00:00,0.049676
2022-08-19 00:00:00,0.049551
2022-08-22 00:00:00,0.049621
2022-08-23 00:00:00,0.050038
2022-08-24 00:00:00,0.05025
2022-08-25 00:00:00,0.050167
2022-08-26 00:00:00,0.0499029999999999
2022-08-29 00:00:00,0.049937
2022-08-30 00:00:00,0.049596
2022-08-31 00:00:00,0.0496389999999999
2022-09-01 00:00:00,0.049532
2022-09-02 00:00:00,0.050093
2022-09-05 00:00:00,0.049975
2022-09-06 00:00:00,0.0496529999999999
2022-09-07 00:00:00,0.05005
2022-09-08 00:00:00,0.050089
2022-09-09 00:00:00,0.050259
2022-09-12 00:00:00,0.050399
2022-09-13 00:00:00,0.049795
2022-09-14 00:00:00,0.0500829999999999
2022-09-15 00:00:00,0.049796
2022-09-16 00:00:00,0.049865
2022-09-19 00:00:00,0.050204
2022-09-20 00:00:00,0.049996
2022-09-21 00:00:00,0.049939
2022-09-22 00:00:00,0.050135
2022-09-23 00:00:00,0.049467
2022-09-26 00:00:00,0.048973
2022-09-27 00:00:00,0.0490699999999999
2022-09-28 00:00:00,0.04964
2022-09-29 00:00:00,0.049585
2022-09-30 00:00:00,0.049611
2022-10-03 00:00:00,0.049917
2022-10-04 00:00:00,0.050068
2022-10-05 00:00:00,0.0499709999999999
2022-10-05 23:00:00,0.0498957179494855
2022-10-06 23:00:00,0.0497927377292021
2022-10-07 23:00:00,0.0499048065814458
2022-10-10 23:00:00,0.0500485470906779
2022-10-11 23:00:00,0.0499811321226237
2022-10-12 23:00:00,0.0499067990527689
2022-10-13 23:00:00,0.049854797901113
2022-10-14 23:00:00,0.0497938534467305
2022-10-17 23:00:00,0.0500327714653097
2022-10-18 23:00:00,0.0499661479347741
2022-10-19 23:00:00,0.0497073479887164
2022-10-20 23:00:00,0.0499039349252688
2022-10-21 23:00:00,0.0500663378977144
2022-10-24 23:00:00,0.0501298362759547
2022-10-25 23:00:00,0.0502641380454287
2022-10-26 23:00:00,0.0503539885394322
2022-10-27 23:00:00,0.0504126273548998
2022-10-28 23:00:00,0.050452050371327
2022-10-31 23:00:00,0.0503872258305074
2022-11-01 23:00:00,0.0506716527572979
2022-11-02 23:00:00,0.0508392285655457
2022-11-03 23:00:00,0.0508243713025269
2022-11-04 23:00:00,0.0511963302470478
2022-11-07 23:00:00,0.0513978942282734
2022-11-08 23:00:00,0.0513613321075095
2022-11-09 23:00:00,0.0510435861181863
2022-11-10 23:00:00,0.0516595634766886
2022-11-11 23:00:00,0.0512240630158423
2022-11-14 23:00:00,0.0515675238048581
2022-11-15 23:00:00,0.0516169659805481
2022-11-16 23:00:00,0.0517956248235711
2022-11-17 23:00:00,0.0514422477175717
2022-11-18 23:00:00,0.0513393802566712
2022-11-21 23:00:00,0.0513701708828734
2022-11-22 23:00:00,0.0513873954427088
2022-11-23 23:00:00,0.0516193639720068
2022-11-24 23:00:00,0.0516434894989419
2022-11-25 23:00:00,0.0517194118468484
2022-11-28 23:00:00,0.0518149480943757
2022-11-29 23:00:00,0.0520367848031773
2022-11-30 23:00:00,0.0516199635046858
2022-12-01 23:00:00,0.0522534973918973
2022-12-02 23:00:00,0.0516170325884135
2022-12-05 23:00:00,0.0506118338059213
2022-12-06 23:00:00,0.0505386791463511
2022-12-07 23:00:00,0.0506706899194462
2022-12-08 23:00:00,0.0507889427392762
2022-12-09 23:00:00,0.0506140752681913
2022-12-12 23:00:00,0.0505180627333303
2022-12-13 23:00:00,0.0507206774253677
2022-12-14 23:00:00,0.0509192840239473
2022-12-15 23:00:00,0.0506783294395483
2022-12-16 23:00:00,0.050559440205878
2022-12-19 23:00:00,0.050538743000384
2022-12-20 23:00:00,0.0506362444110245
2022-12-21 23:00:00,0.0506706257315571
2022-12-22 23:00:00,0.0510226208789666
2022-12-23 23:00:00,0.0514379478316333
2022-12-26 23:00:00,0.0515331100231898
2022-12-27 23:00:00,0.0513123123893578
2022-12-28 23:00:00,0.0515007313103846
2022-12-29 23:00:00,0.0516831923674261
2022-12-30 23:00:00,0.0512367264855448
2023-01-03 23:00:00,0.0514039709567564
2023-01-04 23:00:00,0.0518762336816822
2023-01-05 23:00:00,0.0515696512602333
2023-01-06 23:00:00,0.0517322545433852
2023-01-09 23:00:00,0.0522099151849927
2023-01-10 23:00:00,0.0522054178782674
2023-01-11 23:00:00,0.0524332982904123
2023-01-12 23:00:00,0.0528650197450848
2023-01-13 23:00:00,0.0529611926860592
2023-01-16 23:00:00,0.0531329865520411
2023-01-17 23:00:00,0.053178760403095
2023-01-18 23:00:00,0.0536535376460046
2023-01-19 23:00:00,0.0526633155243554
2023-01-20 23:00:00,0.0529093530508855
2023-01-23 23:00:00,0.0531142194732662
2023-01-24 23:00:00,0.0530902507717995
2023-01-25 23:00:00,0.0532141336739037
2023-01-26 23:00:00,0.0530939151718517
2023-01-27 23:00:00,0.0531678749066239
2023-01-30 23:00:00,0.0532647283632015
2023-01-31 23:00:00,0.0532749439947151
2023-02-01 23:00:00,0.053076584203347
2023-02-02 23:00:00,0.0538182718414728
2023-02-03 23:00:00,0.0536124037657352
2023-02-06 23:00:00,0.0525006037569432
2023-02-07 23:00:00,0.052197515398267
2023-02-08 23:00:00,0.0529613329308272
2023-02-09 23:00:00,0.0528692121430006
2023-02-10 23:00:00,0.0532777823655868
2023-02-13 23:00:00,0.0538321781845097
2023-02-14 23:00:00,0.0538726343179455
2023-02-15 23:00:00,0.0538871495314512
2023-02-16 23:00:00,0.0538048069214503
2023-02-17 23:00:00,0.0544251749089058
2023-02-20 23:00:00,0.0545073489533226
2023-02-21 23:00:00,0.0543295194010713
2023-02-22 23:00:00,0.0542664264472855
2023-02-23 23:00:00,0.0545006649081118
2023-02-24 23:00:00,0.0544195475014625
2023-02-27 23:00:00,0.0543032619969481
2023-02-28 23:00:00,0.0543827019501636
2023-03-01 23:00:00,0.0547201610961542
2023-03-02 23:00:00,0.0551157016366607
2023-03-03 23:00:00,0.0552600676935829
2023-03-06 23:00:00,0.0556314306456862
2023-03-07 23:00:00,0.0555938535435522
2023-03-08 23:00:00,0.0552324457479301
2023-03-09 23:00:00,0.0556847131541213
2023-03-10 23:00:00,0.0543793010628434
2023-03-13 23:00:00,0.0541720613011045
2023-03-14 23:00:00,0.0527292668522736
2023-03-15 23:00:00,0.0535535455124806
2023-03-16 23:00:00,0.0525834236015438
2023-03-17 23:00:00,0.0528612471554041
2023-03-20 23:00:00,0.0525895073414952
2023-03-21 23:00:00,0.0531137963085911
2023-03-22 23:00:00,0.0537313753620151
2023-03-23 23:00:00,0.054020036031364
2023-03-24 23:00:00,0.0536313807935299
2023-03-27 23:00:00,0.0544780998038788
2023-03-28 23:00:00,0.0545501656961283
2023-03-29 23:00:00,0.0549025205747195
2023-03-30 23:00:00,0.0553345248701022
2023-03-31 23:00:00,0.0552480083093004
2023-04-03 23:00:00,0.0553654674506416
2023-04-04 23:00:00,0.055265412141811
2023-04-05 23:00:00,0.0551538516692313
2023-04-06 23:00:00,0.0544729065381106
2023-04-07 23:00:00,0.054821105029014
2023-04-10 23:00:00,0.0551925114800423
2023-04-11 23:00:00,0.055084127233317
2023-04-12 23:00:00,0.0550315330684482
2023-04-13 23:00:00,0.0554051920205442
2023-04-14 23:00:00,0.0553334532224819
2023-04-17 23:00:00,0.0554826575083293
2023-04-18 23:00:00,0.0554928178420507
2023-04-19 23:00:00,0.0554071874203521
2023-04-20 23:00:00,0.0553290139816418
2023-04-21 23:00:00,0.0554900464729139
2023-04-24 23:00:00,0.0556082289057134
2023-04-25 23:00:00,0.0555544753296463
2023-04-26 23:00:00,0.0553011701727608
2023-04-27 23:00:00,0.0551030978961637
2023-04-28 23:00:00,0.0553010172622125
2023-05-01 23:00:00,0.0555833472291701
2023-05-02 23:00:00,0.0558096444646599
2023-05-03 23:00:00,0.0557551901112594
2023-05-04 23:00:00,0.0558973054703898
2023-05-05 23:00:00,0.0558971492453884
2023-05-08 23:00:00,0.056190508299338
2023-05-09 23:00:00,0.0562478731272973
2023-05-10 23:00:00,0.056301709601412
2023-05-11 23:00:00,0.0570092925146798
2023-05-12 23:00:00,0.0568419197789986
2023-05-15 23:00:00,0.0569544193781716
2023-05-16 23:00:00,0.0572141296014463
2023-05-17 23:00:00,0.0571485720000571
2023-05-18 23:00:00,0.056784949716927
2023-05-19 23:00:00,0.056439938028948
2023-05-22 23:00:00,0.0558596804826276
2023-05-23 23:00:00,0.0559105877880094
2023-05-24 23:00:00,0.0556546517549303
2023-05-25 23:00:00,0.0561031849778111
2023-05-26 23:00:00,0.0560822614611111
2023-05-29 23:00:00,0.0568506448284389
2023-05-30 23:00:00,0.0566288291706424
2023-05-31 23:00:00,0.0565295918280822
2023-06-01 23:00:00,0.0569755119249746
2023-06-02 23:00:00,0.0569552303411903
2023-06-05 23:00:00,0.0569852522167263
2023-06-06 23:00:00,0.0573047840898997
2023-06-07 23:00:00,0.0575282967309545
2023-06-08 23:00:00,0.0576264251735275
2023-06-09 23:00:00,0.0575441867423948
2023-06-12 23:00:00,0.0578285383836923
2023-06-13 23:00:00,0.0578298760705755
2023-06-14 23:00:00,0.0580479069375955
2023-06-15 23:00:00,0.058315498510039
2023-06-16 23:00:00,0.0583502062679791
2023-06-19 23:00:00,0.0585384129065492
2023-06-20 23:00:00,0.0584544070238815
2023-06-21 23:00:00,0.0580287068012545
2023-06-22 23:00:00,0.0583277435912391
2023-06-23 23:00:00,0.0580145674578886
2023-06-26 23:00:00,0.0583490146310154
2023-06-27 23:00:00,0.0584274258336863
2023-06-28 23:00:00,0.0585399549827746
2023-06-29 23:00:00,0.0584679069658664
2023-06-30 23:00:00,0.0584165038306622
2023-07-03 23:00:00,0.0583677459835694
2023-07-04 23:00:00,0.058648446549272
2023-07-05 23:00:00,0.0586173343181045
2023-07-06 23:00:00,0.0587689088964374
2023-07-07 23:00:00,0.0580258447112343
2023-07-10 23:00:00,0.058289494775804
2023-07-11 23:00:00,0.0585759598403219
2023-07-12 23:00:00,0.058607543376908
2023-07-13 23:00:00,0.0591682716060339
2023-07-14 23:00:00,0.0593570444940405
2023-07-17 23:00:00,0.0597508985041362
2023-07-18 23:00:00,0.0598225662684477
2023-07-19 23:00:00,0.0596724578787037
2023-07-20 23:00:00,0.059788945024065
2023-07-21 23:00:00,0.0591740486292331
2023-07-24 23:00:00,0.0593990009088047
2023-07-25 23:00:00,0.0593905343366374
2023-07-26 23:00:00,0.0590568037867222
2023-07-27 23:00:00,0.059381893866741
2023-07-28 23:00:00,0.0594581578078966
2023-07-31 23:00:00,0.0597182492998035
2023-08-01 23:00:00,0.0592773498282438
2023-08-02 23:00:00,0.0587195612474383
2023-08-03 23:00:00,0.0577340538543254
2023-08-04 23:00:00,0.0585531516233861
2023-08-07 23:00:00,0.0586027349896419
2023-08-08 23:00:00,0.0584773093420425
2023-08-09 23:00:00,0.0586205986921744
2023-08-10 23:00:00,0.0583626362402789
2023-08-11 23:00:00,0.0587834183733452
2023-08-14 23:00:00,0.0586505104060668
2023-08-15 23:00:00,0.0583151584422854
2023-08-16 23:00:00,0.0583342083464585
2023-08-17 23:00:00,0.058455432117168
2023-08-18 23:00:00,0.0586285034195074
2023-08-21 23:00:00,0.0586814856978549
2023-08-22 23:00:00,0.0588100376972341
2023-08-23 23:00:00,0.0592003220497519
2023-08-24 23:00:00,0.0595133592613201
2023-08-25 23:00:00,0.0594185891056016
2023-08-28 23:00:00,0.0595672439725395
2023-08-29 23:00:00,0.0596164279028729
2023-08-30 23:00:00,0.0595823278815503
2023-08-31 23:00:00,0.059680826937538
2023-09-01 23:00:00,0.0588666405691226
2023-09-04 23:00:00,0.0586080586080586
2023-09-05 23:00:00,0.0580255080133226
2023-09-06 23:00:00,0.0573535906215408
2023-09-07 23:00:00,0.0565024423180691
2023-09-08 23:00:00,0.0570971793993376
2023-09-11 23:00:00,0.0570385580652521
2023-09-12 23:00:00,0.0577587302320745
2023-09-13 23:00:00,0.0579989212200653
2023-09-14 23:00:00,0.0584207697520622
2023-09-15 23:00:00,0.0585418398529428
2023-09-18 23:00:00,0.0586625524663203
2023-09-19 23:00:00,0.0583445889769568
2023-09-20 23:00:00,0.0585217979066752
2023-09-21 23:00:00,0.0583817171814474
2023-09-22 23:00:00,0.0581153764568798
2023-09-25 23:00:00,0.058135309933871
2023-09-26 23:00:00,0.0571346950435652
2023-09-27 23:00:00,0.0570369314130899
2023-09-28 23:00:00,0.0565342258203116
2023-09-29 23:00:00,0.0571309412608227
2023-10-02 23:00:00,0.0574588809882927
2023-10-03 23:00:00,0.0564195584041163
2023-10-04 23:00:00,0.0553544344437432
2023-10-05 23:00:00,0.0556627062651159
2023-10-06 23:00:00,0.0545112115934444
2023-10-09 23:00:00,0.0547948207935386
2023-10-10 23:00:00,0.054948828903084
2023-10-11 23:00:00,0.0557505275393668
2023-10-12 23:00:00,0.0561272742069917
2023-10-13 23:00:00,0.055789873022249
2023-10-16 23:00:00,0.0556623964331536
2023-10-17 23:00:00,0.0557718263042241
2023-10-18 23:00:00,0.0555518520987489
2023-10-19 23:00:00,0.0546258538703783
2023-10-20 23:00:00,0.0545564154252809
2023-10-23 23:00:00,0.0550962669524326
2023-10-24 23:00:00,0.0547820632568484
2023-10-25 23:00:00,0.0545654949636048
2023-10-26 23:00:00,0.0550830652624157
2023-10-27 23:00:00,0.055097481218646
2023-10-30 23:00:00,0.0552904684761393
2023-10-31 23:00:00,0.0553441715669318
2023-11-01 23:00:00,0.0554375966693091
2023-11-02 23:00:00,0.0562421788220075
2023-11-03 23:00:00,0.0570867490238165
2023-11-06 23:00:00,0.0574194548596955
2023-11-07 23:00:00,0.0569124430519866
2023-11-08 23:00:00,0.0570782771492825
2023-11-09 23:00:00,0.0570268482401514
2023-11-10 23:00:00,0.0562853894386095
2023-11-13 23:00:00,0.0566387720714214
2023-11-14 23:00:00,0.0567606149445023
2023-11-15 23:00:00,0.0576229385393737
2023-11-16 23:00:00,0.0578007953389438
2023-11-17 23:00:00,0.0580389789782818
2023-11-20 23:00:00,0.0580968067090192
2023-11-21 23:00:00,0.0585045077723238
2023-11-22 23:00:00,0.0580278649807637
2023-11-23 23:00:00,0.0582242816797588
2023-11-24 23:00:00,0.0582166211364175
2023-11-27 23:00:00,0.0585074343934197
2023-11-28 23:00:00,0.0582796092468759
2023-11-29 23:00:00,0.0583908361421758
2023-11-30 23:00:00,0.0579164387413483
2023-12-01 23:00:00,0.0575580314462549
2023-12-04 23:00:00,0.0580203906861027
2023-12-05 23:00:00,0.0571886570873759
2023-12-06 23:00:00,0.0576250304692348
2023-12-07 23:00:00,0.0577637514552855
2023-12-08 23:00:00,0.0572126402174538
2023-12-11 23:00:00,0.0575207851357087
2023-12-12 23:00:00,0.0576089796268724
2023-12-13 23:00:00,0.0576591536789423
2023-12-14 23:00:00,0.05803512227565
2023-12-15 23:00:00,0.058149846339031
2023-12-18 23:00:00,0.05797620714435
2023-12-19 23:00:00,0.0583124890481856
2023-12-20 23:00:00,0.058557849006244
2023-12-21 23:00:00,0.0584443117758567
2023-12-22 23:00:00,0.0586543461257484
2023-12-26 23:00:00,0.0589579361656529
2023-12-27 23:00:00,0.0589507242685983
2023-12-28 23:00:00,0.0591649284503729
2023-12-29 23:00:00,0.0589504288791076
2024-01-01 00:00:00,0.05888
2024-01-02 00:00:00,0.05869
2024-01-02 23:00:00,0.0587302347065734
2024-01-03 00:00:00,0.05874
2024-01-03 23:00:00,0.0587692370078113
2024-01-04 00:00:00,0.05875
2024-01-04 23:00:00,0.0587740036704365
2024-01-05 00:00:00,0.05919
2024-01-05 23:00:00,0.0592425835690694
2024-01-08 00:00:00,0.05934
2024-01-08 23:00:00,0.0592032310755391
2024-01-09 00:00:00,0.05892
2024-01-09 23:00:00,0.0593838686096276
2024-01-10 00:00:00,0.05887
2024-01-10 23:00:00,0.0588296373123444
2024-01-11 00:00:00,0.05909
2024-01-11 23:00:00,0.0589523228983791
2024-01-12 00:00:00,0.05925
2024-01-12 23:00:00,0.0592052815847596
2024-01-15 00:00:00,0.05921
2024-01-15 23:00:00,0.0593241730877668
2024-01-16 00:00:00,0.05804
2024-01-16 23:00:00,0.0590833746178413
2024-01-17 00:00:00,0.05813
2024-01-17 23:00:00,0.0577982897486063
2024-01-18 00:00:00,0.05824
2024-01-18 23:00:00,0.0582405076708572
2024-01-19 00:00:00,0.0585
2024-01-19 23:00:00,0.0582229765332293
2024-01-22 00:00:00,0.05817
2024-01-22 23:00:00,0.0584855517293007
2024-01-23 00:00:00,0.05776
2024-01-23 23:00:00,0.0582526364415095
2024-01-24 00:00:00,0.05803
2024-01-24 23:00:00,0.057873083171144
2024-01-25 00:00:00,0.05807
2024-01-25 23:00:00,0.0580412528204421
2024-01-26 00:00:00,0.05818
2024-01-26 23:00:00,0.0581342791392987
2024-01-29 00:00:00,0.05802
2024-01-29 23:00:00,0.0582686235989673
2024-01-30 00:00:00,0.05828
2024-01-30 23:00:00,0.0580419771186917
2024-01-31 00:00:00,0.05805
2024-01-31 23:00:00,0.0582288925359585
2024-02-01 00:00:00,0.05853
2024-02-01 23:00:00,0.0580448744924701
2024-02-02 00:00:00,0.05831
2024-02-02 23:00:00,0.058586649801523
2024-02-05 00:00:00,0.05835
2024-02-05 23:00:00,0.058368359212891
2024-02-06 00:00:00,0.05866
2024-02-06 23:00:00,0.058680194407484
2024-02-07 00:00:00,0.05859
2024-02-07 23:00:00,0.0586486357300978
2024-02-08 00:00:00,0.0583
2024-02-08 23:00:00,0.0586723445850266
2024-02-09 00:00:00,0.05841
2024-02-09 23:00:00,0.0583466655464106
2024-02-12 00:00:00,0.05857
2024-02-12 23:00:00,0.0585881600944909
2024-02-13 00:00:00,0.05813
2024-02-13 23:00:00,0.0585701960871594
2024-02-14 00:00:00,0.05847
2024-02-14 23:00:00,0.0582088440189248
2024-02-15 00:00:00,0.05865
2024-02-15 23:00:00,0.0585434677930429
2024-02-16 00:00:00,0.05851
2024-02-16 23:00:00,0.0586728781687021
2024-02-19 00:00:00,0.05859
2024-02-19 23:00:00,0.0586878568955297
2024-02-20 00:00:00,0.05854
2024-02-20 23:00:00,0.0586340208074549
2024-02-21 00:00:00,0.05866
2024-02-21 23:00:00,0.0586534860552803
2024-02-22 00:00:00,0.05843
2024-02-22 23:00:00,0.0586906296594857
2024-02-23 00:00:00,0.05841
2024-02-23 23:00:00,0.0584748473367923
2024-02-26 00:00:00,0.05841
2024-02-26 23:00:00,0.0584397008939228
2024-02-27 00:00:00,0.05858
2024-02-27 23:00:00,0.058531988463345
2024-02-28 00:00:00,0.05848
2024-02-28 23:00:00,0.058542885151446
2024-02-29 00:00:00,0.05862
2024-02-29 23:00:00,0.0585451300989881
2024-03-01 00:00:00,0.05875
2024-03-01 23:00:00,0.0586494268631383
2024-03-04 00:00:00,0.05896
2024-03-04 23:00:00,0.0587963966040377
2024-03-05 00:00:00,0.05899
2024-03-05 23:00:00,0.0589277101369509
2024-03-06 00:00:00,0.05917
2024-03-06 23:00:00,0.0590800759533456
2024-03-07 00:00:00,0.05923
2024-03-07 23:00:00,0.0592610678192549
2024-03-08 00:00:00,0.05946
2024-03-08 23:00:00,0.0592531144918304
2024-03-11 00:00:00,0.0595
2024-03-11 23:00:00,0.0595456783830728
2024-03-12 00:00:00,0.0595
2024-03-12 23:00:00,0.0595518839834017
2024-03-13 00:00:00,0.05994
2024-03-13 23:00:00,0.0595363724071537
2024-03-14 00:00:00,0.05986
2024-03-14 23:00:00,0.0599243395289108
2024-03-15 00:00:00,0.05976
2024-03-15 23:00:00,0.0598500098902141
2024-03-18 00:00:00,0.05937
2024-03-18 23:00:00,0.059829241362228
2024-03-19 00:00:00,0.05945
2024-03-19 23:00:00,0.0593451910959662
2024-03-20 00:00:00,0.05993
2024-03-20 23:00:00,0.0594189421645726
2024-03-21 00:00:00,0.05972
2024-03-21 23:00:00,0.0599696913180078
2024-03-22 00:00:00,0.05959
2024-03-22 23:00:00,0.0596043641123315
2024-03-25 00:00:00,0.05996
2024-03-25 23:00:00,0.0596872388683299
2024-03-26 00:00:00,0.06004
2024-03-26 23:00:00,0.0599900896371919
2024-03-27 00:00:00,0.06037
2024-03-27 23:00:00,0.0600174170544292
2024-03-28 00:00:00,0.0601
2024-03-28 23:00:00,0.0603949710315521
2024-03-29 00:00:00,0.06032
2024-03-29 23:00:00,0.0602597314946884
2024-04-01 00:00:00,0.06016
2024-04-02 00:00:00,0.06033
2024-04-03 00:00:00,0.06039
2024-04-04 00:00:00,0.06027
2024-04-05 00:00:00,0.06075
2024-04-08 00:00:00,0.06126
2024-04-09 00:00:00,0.061
2024-04-10 00:00:00,0.0608
2024-04-11 00:00:00,0.06081
2024-04-12 00:00:00,0.06008
2024-04-15 00:00:00,0.0598
2024-04-16 00:00:00,0.05852
2024-04-17 00:00:00,0.05893
2024-04-18 00:00:00,0.05855
2024-04-19 00:00:00,0.05841
2024-04-22 00:00:00,0.05834
2024-04-23 00:00:00,0.05889
2024-04-24 00:00:00,0.05852
2024-04-25 00:00:00,0.05807
2024-04-26 00:00:00,0.05825
2024-04-29 00:00:00,0.05878
2024-04-30 00:00:00,0.05831
2024-05-01 00:00:00,0.05882
2024-05-02 00:00:00,0.05879
2024-05-03 00:00:00,0.05886
2024-05-06 00:00:00,0.05917
2024-05-07 00:00:00,0.05913
2024-05-08 00:00:00,0.05915
2024-05-09 00:00:00,0.05952
2024-05-10 00:00:00,0.05952
2024-05-13 00:00:00,0.05949
2024-05-14 00:00:00,0.05927
2024-05-15 00:00:00,0.05991
2024-05-16 00:00:00,0.0599
2024-05-17 00:00:00,0.06006
2024-05-20 00:00:00,0.06037
2024-05-21 00:00:00,0.06007
2024-05-22 00:00:00,0.06001
2024-05-23 00:00:00,0.05979
2024-05-24 00:00:00,0.05988
2024-05-27 00:00:00,0.05985
2024-05-28 00:00:00,0.05947
2024-05-29 00:00:00,0.05882
2024-05-30 00:00:00,0.05873
2024-05-31 00:00:00,0.0586
2024-06-03 00:00:00,0.05643
2024-06-04 00:00:00,0.05598
2024-06-05 00:00:00,0.05697
2024-06-06 00:00:00,0.05555
2024-06-07 00:00:00,0.05435
2024-06-10 00:00:00,0.05471
2024-06-11 00:00:00,0.05376
2024-06-12 00:00:00,0.05328
2024-06-13 00:00:00,0.05431
2024-06-14 00:00:00,0.05411
2024-06-17 00:00:00,0.0539
2024-06-18 00:00:00,0.05427
2024-06-19 00:00:00,0.05424
2024-06-20 00:00:00,0.05435
2024-06-21 00:00:00,0.0551
2024-06-24 00:00:00,0.05552
2024-06-25 00:00:00,0.05524
2024-06-26 00:00:00,0.05448
2024-06-27 00:00:00,0.05418
2024-06-28 00:00:00,0.05451
2024-07-01 00:00:00,0.0544
2024-07-02 00:00:00,0.05473
2024-07-03 00:00:00,0.05494
2024-07-04 00:00:00,0.05522
2024-07-05 00:00:00,0.05517
2024-07-08 00:00:00,0.05549
2024-07-09 00:00:00,0.05578
2024-07-10 00:00:00,0.05604
2024-07-11 00:00:00,0.05618
2024-07-12 00:00:00,0.05667
2024-07-15 00:00:00,0.05632
2024-07-16 00:00:00,0.05653
2024-07-17 00:00:00,0.05638
2024-07-18 00:00:00,0.05565
2024-07-19 00:00:00,0.05528
2024-07-22 00:00:00,0.05573
2024-07-23 00:00:00,0.05509
2024-07-24 00:00:00,0.05441
2024-07-25 00:00:00,0.05418
2024-07-26 00:00:00,0.05413
2024-07-29 00:00:00,0.05365
2024-07-30 00:00:00,0.05326
2024-07-31 00:00:00,0.05365
2024-08-01 00:00:00,0.053
2024-08-02 00:00:00,0.0521
2024-08-05 00:00:00,0.05168
2024-08-06 00:00:00,0.051
2024-08-07 00:00:00,0.0518
2024-08-08 00:00:00,0.05294
2024-08-09 00:00:00,0.05306
2024-08-12 00:00:00,0.05236
2024-08-13 00:00:00,0.05254
2024-08-14 00:00:00,0.05317
2024-08-15 00:00:00,0.05362
2024-08-16 00:00:00,0.05361
2024-08-19 00:00:00,0.0535
2024-08-20 00:00:00,0.05265
2024-08-21 00:00:00,0.05184
2024-08-22 00:00:00,0.05115
2024-08-23 00:00:00,0.0523
2024-08-26 00:00:00,0.05153
2024-08-27 00:00:00,0.05056
2024-08-28 00:00:00,0.05089
2024-08-29 00:00:00,0.05034
2024-08-30 00:00:00,0.05066
2024-09-02 00:00:00,0.05041
2024-09-03 00:00:00,0.05049
2024-09-04 00:00:00,0.05012
2024-09-05 00:00:00,0.05028
2024-09-06 00:00:00,0.04999
2024-09-09 00:00:00,0.05027
2024-09-10 00:00:00,0.0497
2024-09-11 00:00:00,0.05043
2024-09-12 00:00:00,0.05113
2024-09-13 00:00:00,0.05194
2024-09-16 00:00:00,0.05199
2024-09-17 00:00:00,0.05229
2024-09-18 00:00:00,0.05182
2024-09-19 00:00:00,0.05174
2024-09-20 00:00:00,0.05142
2024-09-23 00:00:00,0.05147
2024-09-24 00:00:00,0.05169
2024-09-25 00:00:00,0.05087
2024-09-26 00:00:00,0.05089
2024-09-27 00:00:00,0.05072
2024-09-30 00:00:00,0.05066
2024-10-01 00:00:00,0.05095
2024-10-02 00:00:00,0.05147
2024-10-03 00:00:00,0.05159
2024-10-04 00:00:00,0.05182
2024-10-07 00:00:00,0.0518
2024-10-08 00:00:00,0.05163
2024-10-09 00:00:00,0.05127
2024-10-10 00:00:00,0.05136
2024-10-11 00:00:00,0.05182
2024-10-14 00:00:00,0.05156
2024-10-15 00:00:00,0.05063
2024-10-16 00:00:00,0.05023
2024-10-17 00:00:00,0.05036
2024-10-18 00:00:00,0.05022
2024-10-21 00:00:00,0.05
2024-10-22 00:00:00,0.05008
2024-10-23 00:00:00,0.05034
2024-10-24 00:00:00,0.05046
2024-10-25 00:00:00,0.05
2024-10-28 00:00:00,0.04985
2024-10-29 00:00:00,0.04976
2024-10-30 00:00:00,0.04959
2024-10-31 00:00:00,0.04987
2024-11-01 00:00:00,0.04926
2024-11-04 00:00:00,0.04969
2024-11-05 00:00:00,0.0497
2024-11-06 00:00:00,0.04974
2024-11-07 00:00:00,0.05044
2024-11-08 00:00:00,0.04955
2024-11-11 00:00:00,0.04911
2024-11-12 00:00:00,0.04851
2024-11-13 00:00:00,0.04869
2024-11-14 00:00:00,0.04898
2024-11-15 00:00:00,0.04909
2024-11-18 00:00:00,0.04946
2024-11-19 00:00:00,0.04974
2024-11-20 00:00:00,0.04926
2024-11-21 00:00:00,0.04892
2024-11-22 00:00:00,0.04889
2024-11-25 00:00:00,0.04916
2024-11-26 00:00:00,0.04834
2024-11-27 00:00:00,0.04852
2024-11-28 00:00:00,0.0489
2024-11-29 00:00:00,0.04905
2024-12-02 00:00:00,0.04897
2024-12-03 00:00:00,0.04919
2024-12-04 00:00:00,0.04923
2024-12-05 00:00:00,0.04948
2024-12-06 00:00:00,0.0495
2024-12-09 00:00:00,0.04939
2024-12-10 00:00:00,0.0495
2024-12-11 00:00:00,0.04958
2024-12-12 00:00:00,0.04942
2024-12-13 00:00:00,0.04967
2024-12-16 00:00:00,0.04963
2024-12-17 00:00:00,0.04953
2024-12-18 00:00:00,0.04907
2024-12-19 00:00:00,0.04919
2024-12-20 00:00:00,0.04976
2024-12-23 00:00:00,0.04956
2024-12-24 00:00:00,0.04955
2024-12-25 00:00:00,0.04955
2024-12-26 00:00:00,0.04941
2024-12-27 00:00:00,0.04917
2024-12-30 00:00:00,0.04838
2024-12-31 00:00:00,0.04801
2025-01-01 00:00:00,0.04797
2025-01-02 00:00:00,0.04851
2025-01-03 00:00:00,0.04845
2025-01-06 00:00:00,0.04918
2025-01-07 00:00:00,0.04916
2025-01-08 00:00:00,0.04899
2025-01-09 00:00:00,0.04872
2025-01-10 00:00:00,0.04823
2025-01-13 00:00:00,0.04836
2025-01-14 00:00:00,0.04873
2025-01-15 00:00:00,0.04885
2025-01-16 00:00:00,0.04791
2025-01-17 00:00:00,0.04807
2025-01-20 00:00:00,0.04872
2025-01-21 00:00:00,0.04844
2025-01-22 00:00:00,0.04872
2025-01-23 00:00:00,0.04899
2025-01-24 00:00:00,0.04929
2025-01-27 00:00:00,0.04836
2025-01-28 00:00:00,0.0486
2025-01-29 00:00:00,0.04868
2025-01-30 00:00:00,0.04816
2025-01-31 00:00:00,0.04834
2025-02-03 00:00:00,0.04913
2025-02-04 00:00:00,0.04873
2025-02-05 00:00:00,0.04852
2025-02-06 00:00:00,0.04882
2025-02-07 00:00:00,0.0486
2025-02-10 00:00:00,0.04848
2025-02-11 00:00:00,0.04855
2025-02-12 00:00:00,0.04867
2025-02-13 00:00:00,0.04897
2025-02-14 00:00:00,0.04922
2025-02-17 00:00:00,0.04925
2025-02-18 00:00:00,0.04926
2025-02-19 00:00:00,0.04883
2025-02-20 00:00:00,0.04917
2025-02-21 00:00:00,0.04885
2025-02-24 00:00:00,0.04882
2025-02-25 00:00:00,0.04883
2025-02-26 00:00:00,0.0489
2025-02-27 00:00:00,0.04878
2025-02-28 00:00:00,0.04864
2025-03-03 00:00:00,0.04831
2025-03-04 00:00:00,0.04843
2025-03-05 00:00:00,0.04897
2025-03-06 00:00:00,0.04925
2025-03-07 00:00:00,0.04935
2025-03-10 00:00:00,0.04911
2025-03-11 00:00:00,0.04933
2025-03-12 00:00:00,0.0495
2025-03-13 00:00:00,0.04978
2025-03-14 00:00:00,0.05014
2025-03-17 00:00:00,0.05007
2025-03-18 00:00:00,0.05018
2025-03-19 00:00:00,0.04977
2025-03-20 00:00:00,0.04958
2025-03-21 00:00:00,0.04937
2025-03-24 00:00:00,0.04989
2025-03-25 00:00:00,0.04984
2025-03-26 00:00:00,0.04967
2025-03-27 00:00:00,0.04922
2025-03-28 00:00:00,0.04898
2025-03-31 00:00:00,0.04882
2025-04-01 00:00:00,0.04912
2025-04-02 00:00:00,0.04946
2025-04-03 00:00:00,0.05012
2025-04-04 00:00:00,0.04888
2025-04-07 00:00:00,0.04825
2025-04-08 00:00:00,0.04796
2025-04-09 00:00:00,0.04927
2025-04-10 00:00:00,0.04883
2025-04-11 00:00:00,0.04913
2025-04-14 00:00:00,0.04974
2025-04-15 00:00:00,0.04972
2025-04-16 00:00:00,0.05015
2025-04-17 00:00:00,0.05067
2025-04-18 00:00:00,0.05061
2025-04-21 00:00:00,0.05063
2025-04-22 00:00:00,0.05098
2025-04-23 00:00:00,0.05092
2025-04-24 00:00:00,0.05105
2025-04-25 00:00:00,0.05126
2025-04-28 00:00:00,0.05104
2025-04-29 00:00:00,0.05114
2025-04-30 00:00:00,0.05098
2025-05-01 00:00:00,0.05099
2025-05-02 00:00:00,0.05107
2025-05-05 00:00:00,0.05078
2025-05-06 00:00:00,0.05084
2025-05-07 00:00:00,0.05105
2025-05-08 00:00:00,0.05119
2025-05-09 00:00:00,0.05139
2025-05-12 00:00:00,0.0509
2025-05-13 00:00:00,0.05149
2025-05-14 00:00:00,0.05157
2025-05-15 00:00:00,0.0513
2025-05-16 00:00:00,0.05136
2025-05-19 00:00:00,0.05177
2025-05-20 00:00:00,0.05187
2025-05-21 00:00:00,0.05163
2025-05-22 00:00:00,0.05177
2025-05-23 00:00:00,0.05198
2025-05-26 00:00:00,0.05195
2025-05-27 00:00:00,0.05189
2025-05-28 00:00:00,0.05154
2025-05-29 00:00:00,0.05175
2025-05-30 00:00:00,0.05147
2025-06-02 00:00:00,0.05203
2025-06-03 00:00:00,0.05197
2025-06-04 00:00:00,0.05209
2025-06-05 00:00:00,0.05219
2025-06-06 00:00:00,0.05231
2025-06-09 00:00:00,0.05251
2025-06-10 00:00:00,0.05245
2025-06-11 00:00:00,0.05288
2025-06-12 00:00:00,0.05296
2025-06-13 00:00:00,0.05274
2025-06-16 00:00:00,0.05284
2025-06-17 00:00:00,0.05259
2025-06-18 00:00:00,0.05261
2025-06-19 00:00:00,0.05253
2025-06-20 00:00:00,0.05215
2025-06-23 00:00:00,0.05229
2025-06-24 00:00:00,0.05263
2025-06-25 00:00:00,0.05283
2025-06-26 00:00:00,0.05293
2025-06-27 00:00:00,0.05312
2025-06-30 00:00:00,0.05334
2025-07-01 00:00:00,0.05338
2025-07-02 00:00:00,0.05315
2025-07-03 00:00:00,0.05363
2025-07-04 00:00:00,0.05368
2025-07-07 00:00:00,0.05357
2025-07-08 00:00:00,0.05372
2025-07-09 00:00:00,0.05366
2025-07-10 00:00:00,0.05368
2025-07-11 00:00:00,0.05365
2025-07-14 00:00:00,0.05335
2025-07-15 00:00:00,0.05313
2025-07-16 00:00:00,0.05343
2025-07-17 00:00:00,0.05326
2025-07-18 00:00:00,0.05336
2025-07-21 00:00:00,0.05356
2025-07-22 00:00:00,0.05363
2025-07-23 00:00:00,0.05393
2025-07-24 00:00:00,0.05392
2025-07-25 00:00:00,0.05393
2025-07-28 00:00:00,0.05331
2025-07-29 00:00:00,0.05331
2025-07-30 00:00:00,0.05295
2025-07-31 00:00:00,0.05297
2025-08-01 00:00:00,0.05303
2025-08-04 00:00:00,0.05291
2025-08-05 00:00:00,0.05336
2025-08-06 00:00:00,0.05374
2025-08-07 00:00:00,0.05373
2025-08-08 00:00:00,0.05382
2025-08-11 00:00:00,0.05358
2025-08-12 00:00:00,0.05376
2025-08-13 00:00:00,0.05367
2025-08-14 00:00:00,0.0532
2025-08-15 00:00:00,0.05335
2025-08-18 00:00:00,0.05323
2025-08-19 00:00:00,0.05314
2025-08-20 00:00:00,0.05328
2025-08-21 00:00:00,0.05332
2025-08-22 00:00:00,0.05375
2025-08-25 00:00:00,0.05355
2025-08-26 00:00:00,0.05358
2025-08-27 00:00:00,0.05358
2025-08-28 00:00:00,0.05361
2025-08-29 00:00:00,0.0536
2025-09-01 00:00:00,0.05362
2025-09-02 00:00:00,0.0534
2025-09-03 00:00:00,0.05346
2025-09-04 00:00:00,0.05337
2025-09-05 00:00:00,0.05343
2025-09-08 00:00:00,0.05359
2025-09-09 00:00:00,0.0537
2025-09-10 00:00:00,0.05377
2025-09-11 00:00:00,0.05417
2025-09-12 00:00:00,0.05427
2025-09-15 00:00:00,0.05445
2025-09-16 00:00:00,0.05468
2025-09-17 00:00:00,0.05459
2025-09-18 00:00:00,0.05447
2025-09-19 00:00:00,0.05433
2025-09-22 00:00:00,0.05448
2025-09-23 00:00:00,0.05447
2025-09-24 00:00:00,0.05424
2025-09-25 00:00:00,0.05413
2025-09-26 00:00:00,0.05444
2025-09-29 00:00:00,0.05445
2025-09-30 00:00:00,0.05461
2025-10-01 00:00:00,0.05442
2025-10-02 00:00:00,0.05426
2025-10-03 00:00:00,0.05435
2025-10-06 00:00:00,0.05453
2025-10-07 00:00:00,0.05435
2025-10-08 00:00:00,0.05454
2025-10-09 00:00:00,0.05437
2025-10-10 00:00:00,0.05378
2025-10-13 00:00:00,0.05414
2025-10-14 00:00:00,0.05401
2025-10-15 00:00:00,0.05418
2025-10-16 00:00:00,0.05423
2025-10-17 00:00:00,0.05444
2025-10-20 00:00:00,0.05439
2025-10-21 00:00:00,0.05424
2025-10-22 00:00:00,0.05427
2025-10-23 00:00:00,0.05435
2025-10-24 00:00:00,0.05419
2025-10-27 00:00:00,0.05433
2025-10-28 00:00:00,0.05423
2025-10-29 00:00:00,0.0541
2025-10-30 00:00:00,0.05394
2025-10-31 00:00:00,0.05387
2025-11-03 00:00:00,0.05407
2025-11-04 00:00:00,0.05349
2025-11-05 00:00:00,0.05377
2025-11-06 00:00:00,0.05382
2025-11-07 00:00:00,0.05417
2025-11-10 00:00:00,0.05441
2025-11-11 00:00:00,0.05459
2025-11-12 00:00:00,0.05467
2025-11-13 00:00:00,0.05461
2025-11-14 00:00:00,0.05464
2025-11-17 00:00:00,0.05428
2025-11-18 00:00:00,0.05451
2025-11-19 00:00:00,0.05453
2025-11-20 00:00:00,0.05439
2025-11-21 00:00:00,0.05414
2025-11-24 00:00:00,0.05403
2025-11-25 00:00:00,0.05437
2025-11-26 00:00:00,0.05449
2025-11-27 00:00:00,0.05449
2025-11-28 00:00:00,0.05465
2025-12-01 00:00:00,0.05463
2025-12-02 00:00:00,0.05467
2025-12-03 00:00:00,0.05468
2025-12-04 00:00:00,0.05483
2025-12-05 00:00:00,0.05502
2025-12-08 00:00:00,0.05476
2025-12-09 00:00:00,0.05497
2025-12-10 00:00:00,0.05504
2025-12-11 00:00:00,0.05539
2025-12-12 00:00:00,0.05551
2025-12-15 00:00:00,0.05559
2025-12-16 00:00:00,0.05567
2025-12-17 00:00:00,0.05553
2025-12-18 00:00:00,0.05554
2025-12-19 00:00:00,0.05546
2025-12-22 00:00:00,0.05561
2025-12-23 00:00:00,0.05586
2025-12-24 00:00:00,0.05572
2025-12-25 00:00:00,0.05577
2025-12-26 00:00:00,0.05583
2025-12-29 00:00:00,0.05563
2025-12-30 00:00:00,0.05557
2025-12-31 00:00:00,0.05553
2026-01-01 00:00:00,0.0556
2026-01-02 00:00:00,0.05585
2026-01-05 00:00:00,0.0558
2026-01-06 00:00:00,0.05557
2026-01-07 00:00:00,0.05562
2026-01-08 00:00:00,0.05565
2026-01-09 00:00:00,0.0556
2026-01-12 00:00:00,0.05576
2026-01-13 00:00:00,0.05607
2026-01-14 00:00:00,0.05621
2026-01-15 00:00:00,0.05664
2026-01-16 00:00:00,0.05672
2026-01-19 00:00:00,0.0569
2026-01-20 00:00:00,0.05681
2026-01-21 00:00:00,0.05719
2026-01-22 00:00:00,0.05722
2026-01-23 00:00:00,0.0576
2026-01-26 00:00:00,0.05764
2026-01-27 00:00:00,0.05838
2026-01-28 00:00:00,0.05811
2026-01-29 00:00:00,0.05806
2026-01-30 00:00:00,0.05726
2026-02-02 00:00:00,0.05748
2026-02-03 00:00:00,0.05803
2026-02-04 00:00:00,0.05767
2026-02-05 00:00:00,0.05712
2026-02-06 00:00:00,0.05793
2026-02-09 00:00:00,0.05815
2026-02-10 00:00:00,0.05816
2026-02-11 00:00:00,0.0582
2026-02-12 00:00:00,0.05805
2026-02-13 00:00:00,0.05826
2026-02-16 00:00:00,0.05825
2026-02-17 00:00:00,0.05838
2026-02-18 00:00:00,0.05811
2026-02-19 00:00:00,0.05796
2026-02-20 00:00:00,0.05834
2026-02-23 00:00:00,0.0579
2026-02-24 00:00:00,0.05823
2026-02-25 00:00:00,0.05826
2026-02-26 00:00:00,0.05811
2026-02-27 00:00:00,0.05804
2026-03-02 00:00:00,0.05776
2026-03-03 00:00:00,0.05651
2026-03-04 00:00:00,0.05689
2026-03-05 00:00:00,0.05645
2026-03-06 00:00:00,0.05617
2026-03-09 00:00:00,0.05678
2026-03-10 00:00:00,0.05683
2026-03-11 00:00:00,0.05657
2026-03-12 00:00:00,0.05599
2026-03-13 00:00:00,0.0557
2026-03-16 00:00:00,0.05654
2026-03-17 00:00:00,0.05663
2026-03-18 00:00:00,0.05599
2026-03-19 00:00:00,0.05638
2026-03-20 00:00:00,0.05583
2026-03-23 00:00:00,0.0562
2026-03-24 00:00:00,0.05635
2026-03-25 00:00:00,0.05628
2026-03-26 00:00:00,0.05571
2026-03-27 00:00:00,0.05517
2026-03-30 00:00:00,0.0552
2026-03-31 00:00:00,0.05574
2026-04-01 00:00:00,0.0561
2026-04-02 00:00:00,0.05597
2026-04-03 00:00:00,0.05593
2026-04-06 00:00:00,0.05629
2026-04-07 00:00:00,0.05647
2026-04-08 00:00:00,0.0573
2026-04-09 00:00:00,0.05759
2026-04-10 00:00:00,0.0578
2026-04-13 00:00:00,0.05777
2026-04-14 00:00:00,0.05792
2026-04-15 00:00:00,0.05796
2026-04-16 00:00:00,0.05793
2026-04-17 00:00:00,0.05778
2026-04-20 00:00:00,0.05783
2026-04-21 00:00:00,0.05773
2026-04-22 00:00:00,0.05769
2026-04-23 00:00:00,0.05739
2026-04-24 00:00:00,0.05752
2026-04-27 00:00:00,0.05754
2026-04-28 00:00:00,0.05752
2026-04-29 00:00:00,0.05703
2026-04-30 00:00:00,0.05725
2026-05-01 00:00:00,0.05728
2026-05-04 00:00:00,0.05711
2026-05-05 00:00:00,0.05755
2026-05-06 00:00:00,0.05795
2026-05-07 00:00:00,0.05777
2026-05-08 00:00:00,0.0582
2026-05-11 00:00:00,0.05818
2026-05-12 00:00:00,0.05806
2026-05-13 00:00:00,0.05822
2026-05-14 00:00:00,0.05807
2026-05-15 00:00:00,0.05767
2026-05-18 00:00:00,0.05785
2026-05-19 00:00:00,0.05744
2026-05-20 00:00:00,0.05775
2026-05-21 00:00:00,0.05779
2026-05-22 00:00:00,0.0577
